"申込日","決済日","銘柄コード","銘柄名","取引所区分名","上場区分","速報／確報","融資新規株数","融資返済株数","融資残高株数","貸株新規株数","貸株返済株数","貸株残高株数","差引残高株数","融資新規金額","融資返済金額","融資残高金額","貸株新規金額","貸株返済金額","貸株残高金額","差引残高金額","制度信用・買残高株数","制度信用・売残高株数","融資権利落額","貸株権利落額","合計・更新差金融資値上り","合計・更新差金融資値下り","合計・更新差金貸株値下り","合計・更新差金貸株値上り","総合回転日数","融資・新規回転日数","融資・返済回転日数","融資・残高回転日数","貸株・新規回転日数","貸株・返済回転日数","貸株・残高回転日数"
"2026/01/14","2026/01/16","1301","極洋","東証およびＰＴＳ",,"確報",200,100,3100,300,0,700,2400,986000,493000,15283000,1479000,0,3451000,11832000,,,0,0,120000,0,0,16000,12.8,12.9,35.5,18.9,4.2,5,4.5
"2026/01/14","2026/01/16","1305","ｉＦＴＰＸ年１","東証およびＰＴＳ",,"確報",0,0,10430,0,460,8880,1550,0,0,40291090,0,1776980,34303440,5987650,,,0,0,479780,0,0,429640,61.5,132.6,51.5,74.2,65,42.6,51.4
"2026/01/14","2026/01/16","1306","ＮＦＴＯＰＩＸ","東証およびＰＴＳ",,"確報",0,20100,17920,46680,2720,81980,-64060,0,76862400,68526080,178504320,10401280,313491520,-244965440,,,0,0,1862980,0,0,1862980,4.4,3.9,4.7,4.2,4.7,4.2,4.4
"2026/01/14","2026/01/16","1308","上場ＴＯＰＩＸ","東証およびＰＴＳ",,"確報",0,966,7355,550,2921,20366,-13011,0,3648582,27779835,2077350,11032617,76922382,-49142547,,,0,0,374445,0,0,1023165,5.3,4.4,4.1,4.2,6.2,6.1,6.1
"2026/01/14","2026/01/16","1309","ＮＦ中国株上証５０","東証およびＰＴＳ",,"確報",0,0,1,0,0,0,1,0,0,57490,0,0,0,57490,,,0,0,500,0,0,0,0,0,0,0,0,0,0
"2026/01/14","2026/01/16","130A","ＶＩＳ","東証およびＰＴＳ",,"確報",300,0,15200,0,0,0,15200,137400,0,6961600,0,0,0,6961600,,,0,0,0,59600,0,0,22.5,33.8,16.9,22.5,0,0,0
"2026/01/14","2026/01/16","1311","ＮＦＴＰＸ３０","東証およびＰＴＳ",,"確報",170,0,2170,400,0,558,1612,327760,0,4183760,771200,0,1075824,3107936,,,0,0,64000,0,0,5056,19.7,58.4,31.9,41.3,1.6,8.9,2.7
"2026/01/14","2026/01/16","1319","ＮＦ日経３００","東証およびＰＴＳ",,"確報",0,1000,0,0,0,0,0,0,667600,0,0,0,0,0,,,0,0,9100,0,0,0,8,0,4,8,0,0,0
"2026/01/14","2026/01/16","1320","ｉＦ２２５年１","東証およびＰＴＳ",,"確報",0,30,1556,569,708,15587,-14031,0,1687200,87509440,32000560,39817920,876612880,-789103440,,,0,0,1363960,0,0,13524360,13.1,12.7,12.7,12.7,14.6,11.9,13.1
"2026/01/14","2026/01/16","1321","ＮＦ日経２２５","東証およびＰＴＳ",,"確報",0,357,5559,9473,296,99191,-93632,0,20166930,314027910,535129770,16721040,5603299590,-5289271680,,,0,0,5028600,0,0,76511900,9.6,2.4,2.2,2.3,19,10.9,13.8
"2026/01/14","2026/01/16","1322","上場パンタ","東証およびＰＴＳ",,"確報",0,0,0,0,0,0,0,0,0,0,0,0,0,0,,,0,0,0,0,0,0,0,0,0,0,0,0,0
"2026/01/14","2026/01/16","1325","ＮＦブラジル株","東証およびＰＴＳ",,"確報",30,50,510,0,530,0,510,7953,13255,135201,0,140503,0,135201,,,0,0,0,1537,1537,0,3.5,6.7,23,10.4,1,1,1
"2026/01/14","2026/01/16","1326","ＳＰＤＲゴール","東証およびＰＴＳ",,"確報",48,0,377,0,13,0,377,3258720,0,25594530,0,882570,0,25594530,,,0,0,292810,0,0,11570,9.5,57.5,5.4,9.9,1,1,1
"2026/01/14","2026/01/16","1328","ＮＦ金価格","東証およびＰＴＳ",,"確報",1112,1293,10803,0,0,100,10703,19526720,22705080,189700680,0,0,1756000,187944680,,,0,0,2361560,0,0,21500,10.4,12,9,10.3,0,0,0
"2026/01/14","2026/01/16","1329","ｉＳ２２５","東証およびＰＴＳ",,"確報",3750,90,21480,2953,0,3023,18457,21243750,509850,121684200,16728745,0,17125295,104558905,,,0,0,1603800,0,0,6300,4.4,13.7,4.3,6.6,27.3,1.6,3.1
"2026/01/14","2026/01/16","1330","上場２２５","東証およびＰＴＳ",,"確報",0,0,1520,3671,11,14825,-13305,0,0,85849600,207338080,621280,837316000,-751466400,,,0,0,1276800,0,0,9378600,6.9,6.9,10.7,8.4,6.1,7.5,6.7
"2026/01/14","2026/01/16","1332","ニッスイ","東証およびＰＴＳ",,"確報",5700,0,19900,0,1600,5600,14300,6566400,0,22924800,0,1843200,6451200,16473600,,,0,0,149100,0,0,75600,6,5.2,7.3,6.1,4.5,8.8,5.9
"2026/01/14","2026/01/16","1333","マルハニチロ","東証およびＰＴＳ",,"確報",18300,0,25400,24700,0,25400,0,24522000,0,34036000,33098000,0,34036000,0,,,0,0,131350,0,0,12950,3,2.8,17.7,4.8,1.2,4,1.9
"2026/01/14","2026/01/16","133A","ＧＸ超短期米国債","東証およびＰＴＳ",,"確報",0,649,60,0,0,0,60,0,698973,64620,0,0,0,64620,,,0,0,1418,0,0,0,8.9,0,4.5,8.9,0,0,0
"2026/01/14","2026/01/16","1343","ＮＦＪ－ＲＥＩＴ","東証およびＰＴＳ",,"確報",0,1790,74920,1090,10,34440,40480,0,3962165,165835420,2412715,22135,76232940,89602480,,,0,0,306840,0,0,133440,94.3,59.6,148.1,85,70.6,535,124.7
"2026/01/14","2026/01/16","1345","上場Ｊリート","東証およびＰＴＳ",,"確報",0,0,1400,0,0,0,1400,0,0,2895900,0,0,0,2895900,,,0,0,6300,0,0,0,0.3,7.8,9.8,8.7,0,0,0
"2026/01/14","2026/01/16","1346","ＭＸＳ２２５","東証およびＰＴＳ",,"確報",192,0,192,10831,37,14546,-14354,10857600,0,10857600,612493050,2092350,822576300,-811718700,,,0,0,0,0,0,3376800,3.7,24.9,3.1,5.5,2.4,6.9,3.5
"2026/01/14","2026/01/16","1348","ＭＸＳトピクス","東証およびＰＴＳ",,"確報",11354,0,11758,27902,39,33937,-22179,43247386,0,44786222,106278718,148551,129266033,-84479811,,,0,0,17776,0,0,267256,2.9,2,3.5,2.5,2.2,5.8,3.1
"2026/01/14","2026/01/16","1349","アジア債券","東証およびＰＴＳ",,"確報",0,0,0,0,0,0,0,0,0,0,0,0,0,0,,,0,0,0,0,0,0,0,0,0,0,0,0,0
"2026/01/14","2026/01/16","1356","ＴＰダブルインバース","東証およびＰＴＳ",,"確報",223290,0,411630,0,29940,0,411630,33270210,0,61332870,0,4461060,0,61332870,,,0,0,0,696858,110778,0,6.3,4.7,23.4,7.8,2.4,1.4,1.8
"2026/01/14","2026/01/16","1357","ＮＦ日経ダブインバ","東証およびＰＴＳ",,"確報",208371,641,947467,24257,156769,90878,856589,1034770386,3183206,4705121122,120460262,778514854,451300148,4253820974,,,0,0,0,118357920,35742400,0,12.6,12.5,20.5,15.5,18.1,4.6,7.3
"2026/01/14","2026/01/16","1358","上場日経２倍","東証およびＰＴＳ",,"確報",0,0,203,791,135,4348,-4145,0,0,19256580,75034260,12806100,412451280,-393194700,,,0,0,539980,0,0,9820720,5.5,1.7,1.6,1.6,6.3,6.4,6.3
"2026/01/14","2026/01/16","135A","ＶＲＡＩＮ","東証およびＰＴＳ",,"確報",2400,1300,57200,1700,600,57200,0,8040000,4355000,191620000,5695000,2010000,191620000,0,,,0,0,0,0,0,0,11.7,6.2,6.6,6.4,49.5,102.7,66.8
"2026/01/14","2026/01/16","1360","ダブルインバース日経","東証およびＰＴＳ",,"確報",240520,105220,7197970,0,36770,10,7197960,29295336,12815796,876712746,0,4478586,1218,876711528,,,0,0,0,28956947,150798,0,15,17.8,13.8,15.5,1,1,1
"2026/01/14","2026/01/16","1364","ｉＳＪＰＸ日経４００","東証およびＰＴＳ",,"確報",0,0,12,0,0,12,0,0,0,40776,0,0,40776,0,,,0,0,480,0,0,480,61,61,61,61,61,61,61
"2026/01/14","2026/01/16","1365","ｉＦ２２５ダブル","東証およびＰＴＳ",,"確報",0,495,393,807,57,5430,-5037,0,38080350,30233490,62082510,4385010,417729900,-387496410,,,0,0,2104560,0,0,11091600,3.9,2.1,1.9,2,4.2,4.6,4.4
"2026/01/14","2026/01/16","1366","ｉＦ２２５Ｗベア","東証およびＰＴＳ",,"確報",12661,130291,626223,0,0,0,626223,1582625,16286375,78277875,0,0,0,78277875,,,0,0,0,2975412,0,0,14.7,38.2,9.1,14.7,0,0,0
"2026/01/14","2026/01/16","1367","ｉＦＴＰＸダブル","東証およびＰＴＳ",,"確報",83,73,640,51,0,681,-41,5213230,4585130,40198400,3203310,0,42773610,-2575210,,,0,0,976500,0,0,976500,3.5,2.2,2.1,2.2,40.6,19.7,26.5
"2026/01/14","2026/01/16","1368","ｉＦＴＰＸＷベア","東証およびＰＴＳ",,"確報",0,0,2009,0,44,78,1931,0,0,439971,0,9636,17082,422889,,,0,0,0,8036,488,0,29.6,35,36.1,35.6,5.1,5.6,5.3
"2026/01/14","2026/01/16","1369","Ｏｎｅ・日経２２５","東証およびＰＴＳ",,"確報",0,0,5,71,10,374,-369,0,0,272850,3874470,545700,20409180,-20136330,,,0,0,3900,0,0,244140,1.5,3.5,6.5,4.6,10.9,0.8,1.4
"2026/01/14","2026/01/16","1375","ユキグニファクトリー","東証およびＰＴＳ",,"確報",0,0,1000,0,0,0,1000,0,0,1061000,0,0,0,1061000,,,0,0,16000,0,0,0,11.1,8.3,16.7,11.1,0,0,0
"2026/01/14","2026/01/16","1376","カネコ種苗","東証およびＰＴＳ",,"確報",0,1300,900,0,0,0,900,0,1989000,1377000,0,0,0,1377000,,,0,0,8800,0,0,0,5.4,5.9,4.9,5.4,0,0,0
"2026/01/14","2026/01/16","1377","サカタのタネ","東証およびＰＴＳ",,"確報",12700,7000,20900,6900,1200,20900,0,50609500,27895000,83286500,27496500,4782000,83286500,0,,,0,0,0,4560000,4560000,0,8.3,5.4,7.7,6.4,8.9,17.4,11.8
"2026/01/14","2026/01/16","1379","ホクト","東証およびＰＴＳ",,"確報",0,0,1100,100,0,200,900,0,0,2234100,203100,0,406200,1827900,,,0,0,8800,0,0,800,5.2,3.7,0,7.3,1.5,3,2
"2026/01/14","2026/01/16","137A","Ｃｏｃｏｌｉｖｅ","東証およびＰＴＳ",,"確報",200,0,2400,0,0,0,2400,163400,0,1960800,0,0,0,1960800,,,0,0,0,121000,0,0,29.5,59,19.7,29.5,0,0,0
"2026/01/14","2026/01/16","1380","秋川牧園","東証およびＰＴＳ",,"確報",0,100,400,0,0,0,400,0,100600,402400,0,0,0,402400,,,0,0,0,500,0,0,20,0,10,20,0,0,0
"2026/01/14","2026/01/16","1381","アクシーズ","東証およびＰＴＳ",,"確報",0,0,1700,0,0,0,1700,0,0,7233500,0,0,0,7233500,,,0,0,0,68000,0,0,62,0,31,62,0,0,0
"2026/01/14","2026/01/16","1382","ホーブ","東証およびＰＴＳ",,"確報",0,100,2800,0,0,0,2800,0,179600,5028800,0,0,0,5028800,,,0,0,0,2900,0,0,141,141,141,141,0,0,0
"2026/01/14","2026/01/16","1383","ベルグアース","東証およびＰＴＳ",,"確報",100,200,2400,0,0,0,2400,321000,642000,7704000,0,0,0,7704000,,,0,0,0,0,0,0,41.7,41.7,41.7,41.7,0,0,0
"2026/01/14","2026/01/16","1384","ホクリヨウ","東証およびＰＴＳ",,"確報",100,0,17100,0,0,0,17100,307000,0,52497000,0,0,0,52497000,,,0,0,0,170000,0,0,97.1,437,54.6,97.1,0,0,0
"2026/01/14","2026/01/16","138A","光フードサービス","東証およびＰＴＳ",,"確報",0,0,100,0,0,0,100,0,0,283300,0,0,0,283300,,,0,0,4400,0,0,0,8,0,4,8,0,0,0
"2026/01/14","2026/01/16","1397","ＳＭＤＡＭ　２２５","東証およびＰＴＳ",,"確報",0,0,0,0,0,13,-13,0,0,0,0,0,714480,-714480,,,0,0,0,0,0,8840,63,0,0,0,31.5,0,63
"2026/01/14","2026/01/16","1398","ＳＭＤＡＭ　Ｊリート","東証およびＰＴＳ",,"確報",20,9790,20,10,0,60,-40,42010,20563895,42010,21005,0,126030,-84020,,,0,0,44055,0,0,225,1,1,1,1,3.3,1.4,2
"2026/01/14","2026/01/16","1399","上場高配当低ボラ","東証およびＰＴＳ",,"確報",0,0,0,0,0,0,0,0,0,0,0,0,0,0,,,0,0,0,0,0,0,0,0,0,0,0,0,0
"2026/01/14","2026/01/16","1401","エムビーエス","東証およびＰＴＳ",,"確報",0,400,2800,0,0,0,2800,0,570400,3992800,0,0,0,3992800,,,0,0,3200,0,0,0,20.7,31,15.5,20.7,0,0,0
"2026/01/14","2026/01/16","1407","ウエストＨＤ","東証およびＰＴＳ",,"確報",2200,5000,41700,600,0,2600,39100,3368200,7655000,63842700,918600,0,3980600,59862100,,,0,0,1379500,0,0,62000,12.3,12.7,11.4,12,17.7,53,26.5
"2026/01/14","2026/01/16","140A","ｉＦ米１０国債ベア","東証およびＰＴＳ",,"確報",0,0,1,0,0,0,1,0,0,1962,0,0,0,1962,,,0,0,5,0,0,0,0,0,0,0,0,0,0
"2026/01/14","2026/01/16","1414","ショーボンドＨＤ","東証およびＰＴＳ",,"確報",700,5000,69500,3600,0,50400,19100,985600,7040000,97856000,5068800,0,70963200,26892800,,,0,0,1291500,0,0,819000,17.3,55.9,27.3,36.7,5.6,33,9.5
"2026/01/14","2026/01/16","1417","ミライト・ワン","東証およびＰＴＳ",,"確報",200,100,11200,200,1000,6400,4800,754600,377300,42257600,754600,3773000,24147200,18110400,,,0,0,344100,0,0,223200,15.3,29.1,36.3,32.3,12.1,5.7,7.8
"2026/01/14","2026/01/16","1418","インターライフＨＤ","東証およびＰＴＳ",,"確報",3100,1300,29000,400,13000,71800,-42800,2160700,906100,20213000,278800,9061000,50044600,-29831600,,,0,0,0,843200,2616400,0,22.1,11.3,19.9,14.4,28.7,24.6,26.5
"2026/01/14","2026/01/16","1419","タマホーム","東証およびＰＴＳ",,"確報",0,2000,22000,81100,81800,377000,-355000,0,7220000,79420000,292771000,295298000,1360970000,-1281550000,,,0,0,2160000,0,0,33993000,9.4,6.4,22,9.9,8.3,10.8,9.4
"2026/01/14","2026/01/16","141A","トライアル","東証およびＰＴＳ",,"確報",88100,1600,277100,600,0,706200,-429100,248882500,4520000,782807500,1695000,0,1995015000,-1212207500,,,0,0,0,32973800,122068800,0,29.4,5.4,11.8,7.4,695.2,283.6,402.9
"2026/01/14","2026/01/16","1420","サンヨーホームズ","東証およびＰＴＳ",,"確報",900,0,7300,100,0,100,7200,644400,0,5226800,71600,0,71600,5155200,,,0,0,0,6400,0,0,34.5,27.2,81.5,40.8,1,2,1.3
"2026/01/14","2026/01/16","1429","日本アクア","東証およびＰＴＳ",,"確報",300,500,10400,0,200,10400,0,266100,443500,9224800,0,177400,9224800,0,,,0,0,42400,0,0,42400,19.7,16.2,23.6,19.2,12.2,59.4,20.2
"2026/01/14","2026/01/16","142A","ジンジブ","東証およびＰＴＳ",,"確報",0,100,3000,0,0,0,3000,0,68000,2040000,0,0,0,2040000,,,0,0,0,62000,0,0,40.3,0,20.1,40.3,0,0,0
"2026/01/14","2026/01/16","1430","ファーストコーポ","東証およびＰＴＳ",,"確報",300,0,3900,0,100,0,3900,307500,0,3997500,0,102500,0,3997500,,,0,0,14400,0,0,400,37.8,46.8,46.8,46.8,2,2,2
"2026/01/14","2026/01/16","1431","Ｌｉｂ　Ｗｏｒｋ","東証およびＰＴＳ",,"確報",2200,2700,86100,100,600,86100,0,1410200,1730700,55190100,64100,384600,55190100,0,,,0,0,86600,0,0,86600,42.4,29.5,40.1,34,44.9,73.1,55.6
"2026/01/14","2026/01/16","1433","ベステラ","東証およびＰＴＳ",,"確報",400,0,59900,500,1700,59900,0,515600,0,77211100,644500,2191300,77211100,0,,,0,0,535500,0,0,549900,26.1,27.4,19.1,22.5,40.6,25,30.9
"2026/01/14","2026/01/16","1434","ＪＥＳＣＯ　ＨＤ","東証およびＰＴＳ",,"確報",400,300,3500,0,0,100,3400,576400,432300,5043500,0,0,144100,4899400,,,0,0,0,64600,1900,0,18,14.3,22.4,17.4,0,0,0
"2026/01/14","2026/01/16","1435","ｒｏｂｏｔ　ｈｏｍｅ","東証およびＰＴＳ",,"確報",200,2100,58900,0,0,0,58900,34200,359100,10071900,0,0,0,10071900,,,0,0,121600,0,0,0,9.5,9.5,9.4,9.5,0,0,0
"2026/01/14","2026/01/16","1436","グリーンエナジー","東証およびＰＴＳ",,"確報",100,600,6200,0,0,0,6200,246800,1480800,15301600,0,0,0,15301600,,,0,0,522600,0,0,0,19.9,13,42.7,19.9,0,0,0
"2026/01/14","2026/01/16","1438","岐阜造園","東証およびＰＴＳ",,"確報",0,0,0,0,0,0,0,0,0,0,0,0,0,0,,,0,0,0,0,0,0,1,1,1,1,0,0,0
"2026/01/14","2026/01/16","143A","イシン","東証およびＰＴＳ",,"確報",0,100,1000,0,0,0,1000,0,86100,861000,0,0,0,861000,,,0,0,16500,0,0,0,22.4,56,14,22.4,0,0,0
"2026/01/14","2026/01/16","1443","技研ホールディングス","東証およびＰＴＳ",,"確報",400,700,11100,0,0,0,11100,110400,193200,3063600,0,0,0,3063600,,,0,0,68400,0,0,0,21.7,18.8,25.6,21.7,0,0,0
"2026/01/14","2026/01/16","1444","ニッソウ","東証およびＰＴＳ",,"確報",0,0,0,0,0,0,0,0,0,0,0,0,0,0,,,0,0,0,0,0,0,0,0,0,0,0,0,0
"2026/01/14","2026/01/16","1446","キャンディル","東証およびＰＴＳ",,"確報",0,0,4700,0,0,1900,2800,0,0,2664900,0,0,1077300,1587600,,,0,0,0,9400,3800,0,216.7,116.5,0,233,92,0,184
"2026/01/14","2026/01/16","1447","ＳＡＡＦＨＤ","東証およびＰＴＳ",,"確報",0,3600,39900,0,0,0,39900,0,1130400,12528600,0,0,0,12528600,,,0,0,391500,0,0,0,16,10.1,38.1,16,0,0,0
"2026/01/14","2026/01/16","1450","ＴＡＮＡＫＥＮ","東証およびＰＴＳ",,"確報",0,200,9400,0,0,0,9400,0,288800,13573600,0,0,0,13573600,,,0,0,105600,0,0,0,239.5,479,159.7,239.5,0,0,0
"2026/01/14","2026/01/16","1456","ｉＦ２２５ベア","東証およびＰＴＳ",,"確報",0,0,1102,0,0,575,527,0,0,1803974,0,0,941275,862699,,,0,0,0,27550,14375,0,6.5,7.4,4.1,5.3,0,6.5,13
"2026/01/14","2026/01/16","1457","ｉＦＴＰＸベア","東証およびＰＴＳ",,"確報",10,0,60,10,0,60,0,20610,0,123660,20610,0,123660,0,,,0,0,0,1350,1350,0,3.2,12.2,1.4,2.5,11.5,0,23
"2026/01/14","2026/01/16","1458","楽天２２５ダブルブル","東証およびＰＴＳ",,"確報",862,1262,5188,11306,2,16885,-11697,51280380,75076380,308634120,672593940,118980,1004488650,-695854530,,,0,0,9946640,0,0,9934180,3,5,4.6,4.8,2.1,2.2,2.2
"2026/01/14","2026/01/16","1459","楽天２２５ダブルベア","東証およびＰＴＳ",,"確報",172417,40000,2480716,8461,25758,56248,2424468,34655817,8040000,498623916,1700661,5177358,11305848,487318068,,,0,0,0,14089794,441270,0,17.3,32.3,13,18.6,1.6,5,2.4
"2026/01/14","2026/01/16","145A","Ｌ　ｉｓ　Ｂ","東証およびＰＴＳ",,"確報",100,0,4700,0,0,0,4700,107000,0,5029000,0,0,0,5029000,,,0,0,36800,0,0,0,113.5,75.7,227,113.5,0,0,0
"2026/01/14","2026/01/16","1466","ｉＦＪ４００Ｗベア","東証およびＰＴＳ",,"確報",0,0,8,0,0,1,7,0,0,2240,0,0,280,1960,,,0,0,0,72,9,0,2.4,2.5,2.4,2.4,2.5,2.3,2.4
"2026/01/14","2026/01/16","1469","４００ベア２倍","東証およびＰＴＳ",,"確報",22060,0,22080,0,290,60,22020,6088560,0,6094080,0,80040,16560,6077520,,,0,0,18,0,0,315,1.2,1,1.3,1.1,3.5,1.8,2.3
"2026/01/14","2026/01/16","146A","コロンビア・ワークス","東証およびＰＴＳ",,"確報",0,1000,14900,0,0,0,14900,0,3425000,51032500,0,0,0,51032500,,,0,0,0,159000,0,0,50.5,87,35.6,50.5,0,0,0
"2026/01/14","2026/01/16","1472","ＮＦＪ４００Ｄインバ","東証およびＰＴＳ",,"確報",2000,0,2025,0,0,0,2025,224000,0,226800,0,0,0,226800,,,0,0,0,25,0,0,2.1,1.1,0,2.1,0,0,0
"2026/01/14","2026/01/16","1473","Ｏｎｅ・トピックス","東証およびＰＴＳ",,"確報",200,0,1300,0,0,10,1290,740400,0,4812600,0,0,37020,4775580,,,0,0,39600,0,0,360,0.6,28.5,0,57,4,0,0
"2026/01/14","2026/01/16","1474","Ｏｎｅ・ＪＰＸ４００","東証およびＰＴＳ",,"確報",0,0,23,0,0,102,-79,0,0,763830,0,0,3387420,-2623590,,,0,0,8970,0,0,39780,1.7,3.5,3.5,3.5,2.1,1.1,1.4
"2026/01/14","2026/01/16","1475","ｉＳＴＯＰＩＸ","東証およびＰＴＳ",,"確報",16940,4380,99580,0,0,0,99580,6381298,1649946,37511786,0,0,0,37511786,,,0,0,417696,0,0,0,2.5,5.8,2.7,3.7,1,1,1
"2026/01/14","2026/01/16","1476","ｉＳＪリート","東証およびＰＴＳ",,"確報",0,235,770,1,0,1,769,0,497965,1631630,2119,0,2119,1629511,,,0,0,0,4020,0,0,8.4,6.2,15.7,8.9,1,0.1,0.1
"2026/01/14","2026/01/16","1477","ｉＳＭＳＣＩ最小分散","東証およびＰＴＳ",,"確報",0,0,0,0,0,0,0,0,0,0,0,0,0,0,,,0,0,0,0,0,0,0,0,0,0,0,0,0
"2026/01/14","2026/01/16","1478","ｉＳＭＳＣＩ高配当","東証およびＰＴＳ",,"確報",5,0,1605,0,0,200,1405,24495,0,7862895,0,0,979800,6883095,,,0,0,84800,0,0,10600,7.9,3.4,242,6.7,0,0,0
"2026/01/14","2026/01/16","1479","ｉＦＭＳＣＩ人材設備","東証およびＰＴＳ",,"確報",0,0,0,0,0,54,-54,0,0,0,0,0,2330640,-2330640,,,0,0,0,0,0,0,0,0,0,0,0,0,0
"2026/01/14","2026/01/16","147A","ソラコム","東証およびＰＴＳ",,"確報",2200,12000,75600,2400,2000,98200,-22600,2653200,14472000,91173600,2894400,2412000,118429200,-27255600,,,0,0,0,2903600,3325200,0,27.1,10.2,21.4,13.8,193.5,56.5,87.5
"2026/01/14","2026/01/16","1480","ＮＦ企業価値","東証およびＰＴＳ",,"確報",0,0,0,0,0,0,0,0,0,0,0,0,0,0,,,0,0,0,0,0,0,0,0,0,0,0,0,0
"2026/01/14","2026/01/16","1481","上場日本経済貢献","東証およびＰＴＳ",,"確報",0,0,0,0,0,0,0,0,0,0,0,0,0,0,,,0,0,0,0,0,0,0,0,0,0,0,0,0
"2026/01/14","2026/01/16","1482","ｉＳ米国債七十円へジ","東証およびＰＴＳ",,"確報",0,2,0,209,1,210,-210,0,3240,0,338580,1620,340200,-340200,,,0,0,4,0,0,4,1.6,1.2,1.1,1.1,1,5.3,1.7
"2026/01/14","2026/01/16","1483","ＩＳ設備人材","東証およびＰＴＳ",,"確報",0,0,0,0,0,0,0,0,0,0,0,0,0,0,,,0,0,0,0,0,0,0,0,0,0,0,0,0
"2026/01/14","2026/01/16","1484","Ｏｎｅ・設備人材投資","東証およびＰＴＳ",,"確報",0,0,0,0,0,0,0,0,0,0,0,0,0,0,,,0,0,0,0,0,0,0,0,0,0,0,0,0
"2026/01/14","2026/01/16","1485","ＭＸＳＪ積極投資","東証およびＰＴＳ",,"確報",0,0,0,0,0,0,0,0,0,0,0,0,0,0,,,0,0,0,0,0,0,0,0,0,0,0,0,0
"2026/01/14","2026/01/16","1486","上場米債ヘッジなし","東証およびＰＴＳ",,"確報",0,0,2,0,0,2,0,0,0,49380,0,0,49380,0,,,0,0,260,0,0,260,1.3,17,0.2,0.5,0,1.3,2.7
"2026/01/14","2026/01/16","1487","上場米債ヘッジあり","東証およびＰＴＳ",,"確報",5,0,6,6,1,6,0,62075,0,74490,74490,12415,74490,0,,,0,0,10,0,0,10,1.4,2,2,2,1,1,1
"2026/01/14","2026/01/16","1488","ｉＦＪリート","東証およびＰＴＳ",,"確報",10,0,1461,1,454,1,1460,21160,0,3091476,2116,960664,2116,3089360,,,0,0,5804,0,0,1816,7.3,8.7,38.4,14.2,1.1,1.1,1.1
"2026/01/14","2026/01/16","1489","ＮＦ日経高配当５０","東証およびＰＴＳ",,"確報",2265,240,16720,1,575,2015,14705,6949020,736320,51296960,3068,1764100,6182020,45114940,,,0,0,764140,0,0,134628,13.8,17.6,22.4,19.8,3.4,7.4,4.6
"2026/01/14","2026/01/16","148A","ハッチ・ワーク","東証およびＰＴＳ",,"確報",0,800,9700,0,0,0,9700,0,1672800,20282700,0,0,0,20282700,,,0,0,0,325500,0,0,61.6,131,40.3,61.6,0,0,0
"2026/01/14","2026/01/16","1490","上場ベータヘッジ","東証およびＰＴＳ",,"確報",0,0,0,0,0,0,0,0,0,0,0,0,0,0,,,0,0,0,0,0,0,0,0,0,0,0,0,0
"2026/01/14","2026/01/16","1491","中外鉱業","東証およびＰＴＳ",,"確報",5000,2400,52200,0,0,0,52200,5980000,2870400,62431200,0,0,0,62431200,,,0,0,6547200,0,0,0,34.9,24.8,59.2,34.9,0,0,0
"2026/01/14","2026/01/16","1493","Ｏｎｅ・中小型","東証およびＰＴＳ",,"確報",95,5,96,0,4,96,0,2176925,114575,2199840,0,91660,2199840,0,,,0,0,810,0,0,13500,1,1,0.4,0.6,2,1.1,1.4
"2026/01/14","2026/01/16","1494","Ｏｎｅ・高配当日本株","東証およびＰＴＳ",,"確報",0,0,9,0,0,9,0,0,0,374850,0,0,374850,0,,,0,0,3870,0,0,3870,7.7,5.4,10.8,7.2,18,5.4,8.3
"2026/01/14","2026/01/16","1495","上場アジアリート","東証およびＰＴＳ",,"確報",0,0,0,0,0,0,0,0,0,0,0,0,0,0,,,0,0,0,0,0,0,0,0,0,0,0,0,0
"2026/01/14","2026/01/16","1496","ｉＳ米＄ＩＧ社債ヘジ","東証およびＰＴＳ",,"確報",0,0,1,0,0,0,1,0,0,1729,0,0,0,1729,,,0,0,4,0,0,0,1,1,1,1,1,1,1
"2026/01/14","2026/01/16","1497","ｉＳ米＄ＨＹ社債ヘジ","東証およびＰＴＳ",,"確報",0,50,113,0,0,0,113,0,89700,202722,0,0,0,202722,,,0,0,0,0,0,0,4.1,15.3,9.6,11.8,1,1,1
"2026/01/14","2026/01/16","1498","Ｏｎｅ・ＥＳＧ","東証およびＰＴＳ",,"確報",0,0,0,0,0,0,0,0,0,0,0,0,0,0,,,0,0,0,0,0,0,0,0,0,0,0,0,0
"2026/01/14","2026/01/16","1499","ＭＸＳ高配当７０ＭＮ","東証およびＰＴＳ",,"確報",0,0,22,0,0,0,22,0,0,200860,0,0,0,200860,,,0,0,0,770,0,0,3.4,7.5,7.5,7.5,2,2,2
"2026/01/14","2026/01/16","149A","シンカ","東証およびＰＴＳ",,"確報",0,0,700,0,0,0,700,0,0,583800,0,0,0,583800,,,0,0,0,3500,0,0,36,36,36,36,0,0,0
"2026/01/14","2026/01/16","150A","ＪＳＨ","東証およびＰＴＳ",,"確報",0,0,800,0,0,0,800,0,0,322400,0,0,0,322400,,,0,0,0,4800,0,0,0,0,0,0,0,0,0
"2026/01/14","2026/01/16","1514","住石ホールディングス","東証およびＰＴＳ",,"確報",11700,4700,423300,700,100,553800,-130500,7183800,2885800,259906200,429800,61400,340033200,-80127000,,,0,0,0,1665200,2212800,0,42.3,16.1,25.4,19.7,237.2,917.1,376.9
"2026/01/14","2026/01/16","1515","日鉄鉱業","東証およびＰＴＳ",,"確報",11500,500,180300,100,200,31700,148600,33787000,1469000,529721400,293800,587600,93134600,436586800,,,0,0,1354400,0,0,254400,14.3,9.2,31.4,14.2,10.5,26.6,15
"2026/01/14","2026/01/16","1518","三井松島ＨＤ","東証およびＰＴＳ",,"確報",3500,0,44100,0,5000,10400,33700,5138000,0,64738800,0,7340000,15267200,49471600,,,0,0,0,162400,61600,0,16.3,14.5,19,16.4,43.4,9.9,16.1
"2026/01/14","2026/01/16","151A","ダイブ","東証およびＰＴＳ",,"確報",0,0,15000,0,0,0,15000,0,0,10725000,0,0,0,10725000,,,0,0,0,105000,0,0,138.7,381.5,84.8,138.7,0,0,0
"2026/01/14","2026/01/16","153A","カウリス","東証およびＰＴＳ",,"確報",300,15600,53900,1600,100,103700,-49800,369300,19203600,66350900,1969600,123100,127654700,-61303800,,,0,0,0,3806000,5621000,0,19,11.5,8.5,9.8,38.4,130.8,59.4
"2026/01/14","2026/01/16","1540","純金信託","東証およびＰＴＳ",,"確報",5030,6743,99005,0,0,30000,69005,113879200,152661520,2241473200,0,0,679200000,1562273200,,,0,0,42805150,0,0,12750000,10.2,8.7,7.6,8.1,0,0,0
"2026/01/14","2026/01/16","1541","純プラ信","東証およびＰＴＳ",,"確報",1344,2032,36256,0,59,0,36256,15792000,23876000,426008000,0,693250,0,426008000,,,0,0,18287280,0,0,29205,20.7,29.9,16.7,21.4,1.1,1.1,1.1
"2026/01/14","2026/01/16","1542","純銀信託","東証およびＰＴＳ",,"確報",5361,3536,27733,140,0,705,27028,230523000,152048000,1192519000,6020000,0,30315000,1162204000,,,0,0,79278480,0,0,1728900,12.5,20.8,9.3,12.9,2.1,17,3.7
"2026/01/14","2026/01/16","1543","純パラ信","東証およびＰＴＳ",,"確報",15,20,653,0,0,0,653,1311000,1748000,57072200,0,0,0,57072200,,,0,0,2678060,0,0,0,25.8,35.7,20.2,25.8,0,0,0
"2026/01/14","2026/01/16","1545","ナスダックヘッジ無","東証およびＰＴＳ",,"確報",58,2392,5650,78,95,11689,-6039,2394820,98765680,233288500,3220620,3922550,482638810,-249350310,,,0,0,0,558880,819420,0,15.3,11.4,5.1,7,60,37.5,46.1
"2026/01/14","2026/01/16","1546","ダウヘッジ無","東証およびＰＴＳ",,"確報",0,27,297,27,26,348,-51,0,2058210,22640310,2058210,1981980,26528040,-3887730,,,0,0,0,142560,152680,0,10.7,7.7,5.9,6.7,22.3,20.5,21.4
"2026/01/14","2026/01/16","1547","上場米国Ｓ＆Ｐ５００","東証およびＰＴＳ",,"確報",462,40,2395,480,58,2395,0,5583270,483400,28943575,5800800,700930,28943575,0,,,0,0,0,69055,69055,0,4.7,5.4,3.2,4,4.8,7.7,5.9
"2026/01/14","2026/01/16","1550","ＭＸＳ外株ＭＳＣＩ","東証およびＰＴＳ",,"確報",0,0,5,0,0,5,0,0,0,37270,0,0,37270,0,,,0,0,105,0,0,105,27,27,27,27,27,27,27
"2026/01/14","2026/01/16","1551","スタンダドＴＯＰ２０","東証およびＰＴＳ",,"確報",0,0,0,0,0,0,0,0,0,0,0,0,0,0,,,0,0,0,0,0,0,0,0,0,0,0,0,0
"2026/01/14","2026/01/16","1554","上場インデＭＳ世界","東証およびＰＴＳ",,"確報",0,90,1000,200,25,1265,-265,0,564930,6277000,1255400,156925,7940405,-1663405,,,0,0,28340,0,0,28340,10.4,10.8,4.7,6.5,31,19.1,23.7
"2026/01/14","2026/01/16","1555","上場インデＡリート","東証およびＰＴＳ",,"確報",1,0,62,0,90,120,-58,2550,0,158100,0,229500,306000,-147900,,,0,0,976,0,0,3360,5.7,13.5,3.1,5,7.3,5.3,6.1
"2026/01/14","2026/01/16","1557","ＳＰＤＲＳ＆Ｐ５００","東証およびＰＴＳ",,"確報",20,0,134,0,0,0,134,2206000,0,14780200,0,0,0,14780200,,,0,0,0,5700,0,0,23.2,20.1,27.4,23.2,0,0,0
"2026/01/14","2026/01/16","1559","ＮＦタイ株","東証およびＰＴＳ",,"確報",0,23,1,0,0,0,1,0,89447,3889,0,0,0,3889,,,0,0,0,72,0,0,1.2,1.2,1.2,1.2,0,0,0
"2026/01/14","2026/01/16","155A","情報戦略テクノロジー","東証およびＰＴＳ",,"確報",3500,2200,99500,400,300,99500,0,4627000,2908400,131539000,528800,396600,131539000,0,,,0,0,0,2749600,2783200,0,15.6,8.1,8.9,8.5,169.4,66,95
"2026/01/14","2026/01/16","1560","ＮＦマレーシア株","東証およびＰＴＳ",,"確報",0,1,15,0,0,0,15,0,6451,96765,0,0,0,96765,,,0,0,224,0,0,0,7.4,3.9,63,7.4,0,0,0
"2026/01/14","2026/01/16","1563","東証グロース・コア","東証およびＰＴＳ",,"確報",610,0,2610,0,114,234,2376,1331020,0,5695020,0,248748,510588,5184432,,,0,0,0,116000,20184,0,22.2,13.3,0,26.6,37.7,7.1,11.9
"2026/01/14","2026/01/16","1566","上場ＥＭ債","東証およびＰＴＳ",,"確報",0,4,19,0,4,19,0,0,219720,1043670,0,219720,1043670,0,,,0,0,1610,0,0,1610,1.9,2.2,1.2,1.6,41.8,1,2
"2026/01/14","2026/01/16","1568","ＴＰレバレッジダブル","東証およびＰＴＳ",,"確報",321880,58100,1043720,510,119090,1231610,-187890,262203448,47328260,850214312,415446,97010714,1003269506,-153055194,,,0,0,16378740,0,0,28353990,3.5,2.4,4.4,3.1,2.8,6.6,4
"2026/01/14","2026/01/16","1569","トピックスインバース","東証およびＰＴＳ",,"確報",30,20,6110,510,500,6110,0,25890,17260,5272930,440130,431500,5272930,0,,,0,0,0,62220,62220,0,10,5.6,6,5.8,28.8,43.3,34.6
"2026/01/14","2026/01/16","156A","マテリアルグループ","東証およびＰＴＳ",,"確報",0,600,12000,0,100,0,12000,0,484800,9696000,0,80800,0,9696000,,,0,0,0,50400,400,0,20.8,29.2,16.9,21.4,1,1,1
"2026/01/14","2026/01/16","1570","ＮＦ日経レバ","東証およびＰＴＳ",,"確報",27576,13891,455825,182965,521,707834,-252009,1381833360,696078010,22841390750,9168376150,26107310,35469561740,-12628170990,,,0,0,663210000,0,0,788085000,4.3,3.3,8,4.7,3.7,4.6,4.1
"2026/01/14","2026/01/16","1571","ＮＦ日経インバ","東証およびＰＴＳ",,"確報",8400,100,260064,0,507,0,260064,3234000,38500,100124640,0,195195,0,100124640,,,0,0,0,1510584,3042,0,12.3,27.1,8,12.3,4.1,2.8,3.3
"2026/01/14","2026/01/16","1572","Ｈ株レバレッジダブル","東証およびＰＴＳ",,"確報",0,0,0,0,0,0,0,0,0,0,0,0,0,0,,,0,0,0,0,0,0,3.5,7,2.3,3.5,0,0,0
"2026/01/14","2026/01/16","1573","Ｈ株インバース","東証およびＰＴＳ",,"確報",0,50,1000,0,20,1090,-90,0,387600,7752000,0,155040,8449680,-697680,,,0,0,19950,0,0,21090,44.2,106.6,20.5,34.4,190.3,35.7,60.1
"2026/01/14","2026/01/16","1577","ＮＦ日本高配当７０","東証およびＰＴＳ",,"確報",12,1,35,0,0,0,35,628320,52360,1832600,0,0,0,1832600,,,0,0,14880,0,0,0,6.5,15.6,4.1,6.5,0,0,0
"2026/01/14","2026/01/16","1578","上場インデ２２５ミニ","東証およびＰＴＳ",,"確報",173,0,2193,0,10,2952,-759,751339,0,9524199,0,43430,12820536,-3296337,,,0,0,157560,0,0,231036,15.6,4.3,588.3,8.5,69.3,22.5,34
"2026/01/14","2026/01/16","1579","日経レバレッジダブル","東証およびＰＴＳ",,"確報",3000,1862930,261370,350080,0,1247810,-986440,1618500,1005050735,141009115,188868160,0,673193495,-532184380,,,0,0,34577190,0,0,14632999,1.6,1.2,0.9,1,3.7,3.4,3.5
"2026/01/14","2026/01/16","157A","グリーンモンスター","東証およびＰＴＳ",,"確報",5600,0,27500,0,0,0,27500,5807200,0,28517500,0,0,0,28517500,,,0,0,3285000,0,0,0,20.1,10.5,228.8,20.1,0,0,0
"2026/01/14","2026/01/16","1580","２２５インバース","東証およびＰＴＳ",,"確報",12420,0,41540,1000,4720,22730,18810,12680820,0,42412340,1021000,4819120,23207330,19205010,,,0,0,0,422240,383525,0,6.4,5.9,4.1,4.8,19.8,24.2,21.8
"2026/01/14","2026/01/16","1585","ｉＦＥＸ－Ｆ","東証およびＰＴＳ",,"確報",0,0,0,0,0,0,0,0,0,0,0,0,0,0,,,0,0,0,0,0,0,1,0,0,0,1,1,1
"2026/01/14","2026/01/16","1586","上場ＥＸ－Ｆ","東証およびＰＴＳ",,"確報",0,0,0,0,0,0,0,0,0,0,0,0,0,0,,,0,0,0,0,0,0,0,0,0,0,0,0,0
"2026/01/14","2026/01/16","1591","ＮＦＪＰＸ４００","東証およびＰＴＳ",,"確報",0,50,186,0,0,420,-234,0,1648000,6130560,0,0,13843200,-7712640,,,0,0,94400,0,0,168000,45.1,17.6,18.5,18,0,73.3,146.7
"2026/01/14","2026/01/16","1592","上場ＪＰＸ日経４００","東証およびＰＴＳ",,"確報",30,0,390,30,0,390,0,90540,0,1177020,90540,0,1177020,0,,,0,0,13680,0,0,13680,1.4,1.4,1.7,1.5,2.5,0.9,1.3
"2026/01/14","2026/01/16","1593","ＭＸＳＪＰＸ４００","東証およびＰＴＳ",,"確報",0,0,22,3026,0,3051,-3029,0,0,749760,103126080,0,103978080,-103228320,,,0,0,8360,0,0,9500,2.1,8.9,4.4,5.9,1,394.1,2.1
"2026/01/14","2026/01/16","1595","ＮＺＡＭ東証ＲＥＩＴ","東証およびＰＴＳ",,"確報",2480,0,2480,10,122240,90,2390,5160880,0,5160880,20810,254381440,187290,4973590,,,0,0,0,0,2018280,0,1,2.2,5.4,3.2,1,1,1
"2026/01/14","2026/01/16","1596","ＮＺＡＭ　Ｅｘ―Ｆ","東証およびＰＴＳ",,"確報",10,0,20,0,150,0,20,27610,0,55220,0,414150,0,55220,,,0,0,0,245,3675,0,3.6,3,9,4.5,8.1,2.3,3.5
"2026/01/14","2026/01/16","1597","ＭＸＳ　Ｊリート投信","東証およびＰＴＳ",,"確報",0,0,620,0,13,0,620,0,0,1302000,0,27300,0,1302000,,,0,0,0,0,0,0,18.1,0,11.3,22.7,1.3,1.3,1.3
"2026/01/14","2026/01/16","1599","ｉＦＪＰＸ日経４００","東証およびＰＴＳ",,"確報",2,8,2,2,0,2,0,66820,267280,66820,66820,0,66820,0,,,0,0,3680,0,0,0,1.1,8,2.6,3.9,1,1,1
"2026/01/14","2026/01/16","159A","ＪＰＸプライム１５０","東証およびＰＴＳ",,"確報",0,0,0,0,0,0,0,0,0,0,0,0,0,0,,,0,0,0,0,0,0,0,0,0,0,0,0,0
"2026/01/14","2026/01/16","1605","ＩＮＰＥＸ","東証およびＰＴＳ",,"確報",20200,27300,179300,1500,3400,8100,171200,65973200,89161800,585593800,4899000,11104400,26454600,559139200,,,0,0,19572000,0,0,1050000,7,6.3,9.4,7.6,2.2,2.7,2.4
"2026/01/14","2026/01/16","160A","アズパートナーズ","東証およびＰＴＳ",,"確報",0,300,6600,0,0,0,6600,0,771300,16968600,0,0,0,16968600,,,0,0,0,255300,0,0,36.3,32.7,40.9,36.3,0,0,0
"2026/01/14","2026/01/16","1615","ＮＦ銀行業","東証およびＰＴＳ",,"確報",280,4150,133430,0,10390,76810,56620,166600,2469250,79390850,0,6182050,45701950,33688900,,,0,0,2032040,0,0,1290560,19.1,14.3,75.9,24.1,11,20.7,14.3
"2026/01/14","2026/01/16","1617","ＮＦ食品Ｔ１７","東証およびＰＴＳ",,"確報",10,0,18,0,0,20,-2,419000,0,754200,0,0,838000,-83800,,,0,0,720,0,0,1800,9.2,4.3,8.6,5.7,0,5.5,11
"2026/01/14","2026/01/16","1618","ＮＦエネ資源Ｔ１７","東証およびＰＴＳ",,"確報",0,0,52,0,0,19,33,0,0,1681160,0,0,614270,1066890,,,0,0,37960,0,0,13870,3.3,2.3,2.9,2.6,0,0,0
"2026/01/14","2026/01/16","1619","ＮＦ建設資材Ｔ１７","東証およびＰＴＳ",,"確報",0,1,13,0,1,13,0,0,46700,607100,0,46700,607100,0,,,0,0,5740,0,0,5740,44,33,33,33,66,66,66
"2026/01/14","2026/01/16","1620","ＮＦ素材化学Ｔ１７","東証およびＰＴＳ",,"確報",0,0,0,0,10,50,-50,0,0,0,0,331200,1656000,-1656000,,,0,0,0,0,0,26400,9.1,0,0,0,19.3,6,9.1
"2026/01/14","2026/01/16","1621","ＮＦ医薬品Ｔ１７","東証およびＰＴＳ",,"確報",1,0,73,0,0,36,37,31000,0,2263000,0,0,1116000,1147000,,,0,0,14400,0,0,7200,55.8,21.9,116.7,36.8,0,0,0
"2026/01/14","2026/01/16","1622","ＮＦ自動車Ｔ１７","東証およびＰＴＳ",,"確報",31,1,39,0,19,56,-17,1194430,38530,1502670,0,732070,2157680,-655010,,,0,0,1080,0,0,9000,2.6,2,4.1,2.7,8.7,1.5,2.5
"2026/01/14","2026/01/16","1623","ＮＦ鉄鋼非鉄Ｔ１７","東証およびＰＴＳ",,"確報",0,0,131,4,0,23,108,0,0,6267040,191360,0,1100320,5166720,,,0,0,87770,0,0,12730,22.5,756,18.4,36,5.4,5.1,5.2
"2026/01/14","2026/01/16","1624","ＮＦ機械Ｔ１７","東証およびＰＴＳ",,"確報",0,8,32,4,0,65,-33,0,668960,2675840,334480,0,5435300,-2759460,,,0,0,96800,0,0,147620,12.1,11.7,5.6,7.6,12,53,19.6
"2026/01/14","2026/01/16","1625","ＮＦ電機精密Ｔ１７","東証およびＰＴＳ",,"確報",14,0,55,16,2,55,0,737380,0,2896850,842720,105340,2896850,0,,,0,0,38130,0,0,38130,6.4,3.7,12.4,5.7,6.5,8.6,7.4
"2026/01/14","2026/01/16","1626","ＮＦ情通・他Ｔ１７","東証およびＰＴＳ",,"確報",2,0,3,0,0,0,3,84940,0,127410,0,0,0,127410,,,0,0,0,210,0,0,4.7,2.3,0,4.7,0,0,0
"2026/01/14","2026/01/16","1627","ＮＦ電力ガスＴ１７","東証およびＰＴＳ",,"確報",0,3,46,0,0,0,46,0,35130,538660,0,0,0,538660,,,0,0,2940,0,0,0,11.1,8.4,17.3,11.3,0,0,0
"2026/01/14","2026/01/16","1628","ＮＦ運輸物流Ｔ１７","東証およびＰＴＳ",,"確報",44,89,147,0,0,157,-10,940720,1902820,3142860,0,0,3356660,-213800,,,0,0,0,11520,9420,0,11.5,6.1,5.6,5.8,0,0,0
"2026/01/14","2026/01/16","1629","ＮＦ商社卸売Ｔ１７","東証およびＰＴＳ",,"確報",0,0,55,0,7,6,49,0,0,6839250,0,870450,746100,6093150,,,0,0,85250,0,0,20150,20.1,43.7,52.4,47.6,4.9,3.5,4.1
"2026/01/14","2026/01/16","162A","ＡＩセレクトＥＴＮ","東証およびＰＴＳ",,"確報",0,0,0,0,0,0,0,0,0,0,0,0,0,0,,,0,0,0,0,0,0,0,0,0,0,0,0,0
"2026/01/14","2026/01/16","1630","ＮＦ小売Ｔ１７","東証およびＰＴＳ",,"確報",0,13,1,8,0,22,-21,0,488410,37570,300560,0,826540,-788970,,,0,0,3640,0,0,3640,9.4,36,3.6,6.5,11.6,18.6,14.3
"2026/01/14","2026/01/16","1631","ＮＦ銀行Ｔ１７","東証およびＰＴＳ",,"確報",0,4,53,0,0,0,53,0,128480,1702360,0,0,0,1702360,,,0,0,53010,0,0,0,20.9,19.5,22.5,20.9,0,0,0
"2026/01/14","2026/01/16","1632","ＮＦ金融Ｔ１７","東証およびＰＴＳ",,"確報",5,0,17,5,0,17,0,181600,0,617440,181600,0,617440,0,,,0,0,3000,0,0,3000,5.9,5.2,62,9.5,7.8,3,4.3
"2026/01/14","2026/01/16","1633","ＮＦ不動産Ｔ１７","東証およびＰＴＳ",,"確報",2,0,4,2,0,4,0,112260,0,224520,112260,0,224520,0,,,0,0,460,0,0,460,2.4,1.5,2.1,1.8,8,3.2,4.6
"2026/01/14","2026/01/16","163A","半導体ＥＴＮ","東証およびＰＴＳ",,"確報",0,0,0,0,0,0,0,0,0,0,0,0,0,0,,,0,0,0,0,0,0,0,0,0,0,0,0,0
"2026/01/14","2026/01/16","1651","ｉＦ高配当４０","東証およびＰＴＳ",,"確報",10,101,1760,0,0,0,1760,28540,288254,5023040,0,0,0,5023040,,,0,0,85146,0,0,0,47.1,41.5,54.4,47.1,0,0,0
"2026/01/14","2026/01/16","1652","ｉＦ女性活躍ＷＩＮ","東証およびＰＴＳ",,"確報",0,100,0,0,0,0,0,0,425600,0,0,0,0,0,,,0,0,0,4400,0,0,1,1,1,1,0,0,0
"2026/01/14","2026/01/16","1653","ｉＦＥＳＧセレクト","東証およびＰＴＳ",,"確報",0,0,0,310,0,1310,-1310,0,0,0,1471260,0,6217260,-6217260,,,0,0,0,0,0,36000,3.2,0,0,0,2.6,4.3,3.2
"2026/01/14","2026/01/16","1654","ｉＦブロッサム","東証およびＰＴＳ",,"確報",0,0,0,0,0,0,0,0,0,0,0,0,0,0,,,0,0,0,0,0,0,0,0,0,0,0,0,0
"2026/01/14","2026/01/16","1655","ｉＳＳＰ５００米国株","東証およびＰＴＳ",,"確報",100,5120,69170,0,440,44110,25060,79930,4092416,55287581,0,351692,35257123,20030458,,,0,0,0,22257,13365,0,36.1,35.7,22.4,27.5,72.4,70.4,71.4
"2026/01/14","2026/01/16","1656","ｉＳ米国債七十","東証およびＰＴＳ",,"確報",3610,0,3610,3610,0,3610,0,1155922,0,1155922,1155922,0,1155922,0,,,0,0,0,0,0,0,1.8,1,8.2,1.8,1,8.1,1.8
"2026/01/14","2026/01/16","1657","ｉＳＭＳＣＩ先進国株","東証およびＰＴＳ",,"確報",0,0,8,0,0,0,8,0,0,53544,0,0,0,53544,,,0,0,0,96,0,0,0,0,0,0,0,0,0
"2026/01/14","2026/01/16","1658","ｉＳＭＳＣＩ新興国株","東証およびＰＴＳ",,"確報",20,0,40,0,0,0,40,77140,0,154280,0,0,0,154280,,,0,0,340,0,0,0,9.3,7,14,9.3,0,0,0
"2026/01/14","2026/01/16","1659","ｉＳ米国リート","東証およびＰＴＳ",,"確報",0,0,130,3,0,74,56,0,0,450060,10386,0,256188,193872,,,0,0,2860,0,0,1562,24.4,0,0,0,4.2,108.7,8.2
"2026/01/14","2026/01/16","1660","ＭＸＳ高利Ｊリート","東証およびＰＴＳ",,"確報",2,0,10,2,0,10,0,23910,0,119550,23910,0,119550,0,,,0,0,320,0,0,320,2.5,3.2,2,2.5,3.2,2,2.5
"2026/01/14","2026/01/16","1662","石油資源開発","東証およびＰＴＳ",,"確報",66400,3900,231700,0,12900,19300,212400,141100000,8287500,492362500,0,27412500,41012500,451350000,,,0,0,34686000,0,0,6601000,5.9,3.5,13.3,5.6,21,5.6,8.8
"2026/01/14","2026/01/16","1663","Ｋ＆Ｏエナジー","東証およびＰＴＳ",,"確報",4800,0,28400,4800,0,28400,0,19824000,0,117292000,19824000,0,117292000,0,,,0,0,3422000,0,0,3422000,6.2,3.8,3.9,3.9,17.5,20.3,18.8
"2026/01/14","2026/01/16","166A","タスキＨＤ","東証およびＰＴＳ",,"確報",25600,800,76000,0,0,100,75900,21785600,680800,64676000,0,0,85100,64590900,,,0,0,512000,0,0,1000,4.1,4.7,3.9,4.2,2,0,0
"2026/01/14","2026/01/16","1671","ＷＴＩ原油ＥＴＦ","東証およびＰＴＳ",,"確報",101,80,702,14070,7830,102883,-102181,322493,255440,2241486,44925510,25001190,328505419,-326263933,,,0,0,41541,0,0,5895223,2.9,1.4,1,1.2,2.2,12.1,3.8
"2026/01/14","2026/01/16","1672","金ＥＴＦ","東証およびＰＴＳ",,"確報",0,0,0,0,0,0,0,0,0,0,0,0,0,0,,,0,0,0,0,0,0,0,0,0,0,0,0,0
"2026/01/14","2026/01/16","1673","銀ＥＴＦ","東証およびＰＴＳ",,"確報",0,0,10,0,0,0,10,0,0,131500,0,0,0,131500,,,0,0,7900,0,0,0,0,0,0,0,0,0,0
"2026/01/14","2026/01/16","1674","プラチナＥＴＦ","東証およびＰＴＳ",,"確報",0,0,0,0,0,0,0,0,0,0,0,0,0,0,,,0,0,0,0,0,0,0,0,0,0,0,0,0
"2026/01/14","2026/01/16","1675","パラジＥＴＦ","東証およびＰＴＳ",,"確報",0,0,0,0,0,0,0,0,0,0,0,0,0,0,,,0,0,0,0,0,0,0,0,0,0,0,0,0
"2026/01/14","2026/01/16","1676","キンゾクＥＴＦ","東証およびＰＴＳ",,"確報",0,0,0,0,0,0,0,0,0,0,0,0,0,0,,,0,0,0,0,0,0,0,0,0,0,0,0,0
"2026/01/14","2026/01/16","1677","上場外債","東証およびＰＴＳ",,"確報",0,0,0,0,0,0,0,0,0,0,0,0,0,0,,,0,0,0,0,0,0,0,0,0,0,0,0,0
"2026/01/14","2026/01/16","1678","ＮＦインド株","東証およびＰＴＳ",,"確報",1180,3500,82800,0,0,0,82800,422912,1254400,29675520,0,0,0,29675520,,,0,0,127680,0,0,0,48.5,66.8,38.1,48.5,0,0,0
"2026/01/14","2026/01/16","1679","ＮＹダウ","東証およびＰＴＳ",,"確報",0,0,0,0,0,0,0,0,0,0,0,0,0,0,,,0,0,0,0,0,0,0,0,0,0,0,0,0
"2026/01/14","2026/01/16","167A","リョーサン菱洋","東証およびＰＴＳ",,"確報",1200,300,20500,900,0,20500,0,3828000,957000,65395000,2871000,0,65395000,0,,,0,0,686000,0,0,686000,12,7,7.7,7.3,27.7,41.5,33.2
"2026/01/14","2026/01/16","1680","上場ＭＳコク","東証およびＰＴＳ",,"確報",0,0,0,0,0,0,0,0,0,0,0,0,0,0,,,0,0,0,0,0,0,0,0,0,0,0,0,0
"2026/01/14","2026/01/16","1681","上場ＭＳエマ","東証およびＰＴＳ",,"確報",0,0,18,0,0,18,0,0,0,53496,0,0,53496,0,,,0,0,126,0,0,126,36,0,18,36,0,18,36
"2026/01/14","2026/01/16","1684","商品ＥＴＦ","東証およびＰＴＳ",,"確報",0,0,0,0,0,0,0,0,0,0,0,0,0,0,,,0,0,0,0,0,0,0,0,0,0,0,0,0
"2026/01/14","2026/01/16","1685","エナジーＥＴＦ","東証およびＰＴＳ",,"確報",0,0,0,0,0,0,0,0,0,0,0,0,0,0,,,0,0,0,0,0,0,0,0,0,0,0,0,0
"2026/01/14","2026/01/16","1686","メタルＥＴＦ","東証およびＰＴＳ",,"確報",0,0,0,0,0,0,0,0,0,0,0,0,0,0,,,0,0,0,0,0,0,0,0,0,0,0,0,0
"2026/01/14","2026/01/16","1687","アグリＥＴＦ","東証およびＰＴＳ",,"確報",0,0,0,0,0,0,0,0,0,0,0,0,0,0,,,0,0,0,0,0,0,0,0,0,0,0,0,0
"2026/01/14","2026/01/16","1688","穀物ＥＴＦ","東証およびＰＴＳ",,"確報",0,0,0,0,0,0,0,0,0,0,0,0,0,0,,,0,0,0,0,0,0,0,0,0,0,0,0,0
"2026/01/14","2026/01/16","1689","ガスＥＴＦ","東証およびＰＴＳ",,"確報",0,0,0,0,0,0,0,0,0,0,0,0,0,0,,,0,0,0,0,0,0,0,0,0,0,0,0,0
"2026/01/14","2026/01/16","168A","イタミアート","東証およびＰＴＳ",,"確報",2100,0,9200,0,0,0,9200,3507000,0,15364000,0,0,0,15364000,,,0,0,0,553800,0,0,6.9,3.8,41,6.9,0,0,0
"2026/01/14","2026/01/16","1690","原油ＥＴＦ","東証およびＰＴＳ",,"確報",0,0,0,0,0,0,0,0,0,0,0,0,0,0,,,0,0,0,0,0,0,0,0,0,0,0,0,0
"2026/01/14","2026/01/16","1691","ガソリンＥＴＦ","東証およびＰＴＳ",,"確報",0,0,0,0,0,0,0,0,0,0,0,0,0,0,,,0,0,0,0,0,0,0,0,0,0,0,0,0
"2026/01/14","2026/01/16","1692","アルミＥＴＦ","東証およびＰＴＳ",,"確報",0,0,0,0,0,0,0,0,0,0,0,0,0,0,,,0,0,0,0,0,0,0,0,0,0,0,0,0
"2026/01/14","2026/01/16","1693","銅ＥＴＦ","東証およびＰＴＳ",,"確報",0,0,3800,0,0,0,3800,0,0,32946000,0,0,0,32946000,,,0,0,1341400,0,0,0,0,0,0,0,0,0,0
"2026/01/14","2026/01/16","1694","ニッケルＥＴＦ","東証およびＰＴＳ",,"確報",0,0,0,0,0,0,0,0,0,0,0,0,0,0,,,0,0,0,0,0,0,1,1,1,1,0,0,0
"2026/01/14","2026/01/16","1695","小麦ＥＴＦ","東証およびＰＴＳ",,"確報",0,0,1100,0,0,0,1100,0,0,3005200,0,0,0,3005200,,,0,0,7700,0,0,0,0,0,0,0,0,0,0
"2026/01/14","2026/01/16","1696","コーンＥＴＦ","東証およびＰＴＳ",,"確報",0,0,0,0,0,0,0,0,0,0,0,0,0,0,,,0,0,0,0,0,0,0,0,0,0,0,0,0
"2026/01/14","2026/01/16","1697","大豆ＥＴＦ","東証およびＰＴＳ",,"確報",0,0,0,0,0,0,0,0,0,0,0,0,0,0,,,0,0,0,0,0,0,0,0,0,0,0,0,0
"2026/01/14","2026/01/16","1698","上場配当","東証およびＰＴＳ",,"確報",0,5,60,0,0,0,60,0,19800,237600,0,0,0,237600,,,0,0,2600,0,0,0,0.1,10.1,0.1,0.3,0,0,0
"2026/01/14","2026/01/16","1699","ＮＦ原油先物","東証およびＰＴＳ",,"確報",2890,8080,8960,21190,1510,55510,-46550,1187790,3320880,3682560,8709090,620610,22814610,-19132050,,,0,0,106125,0,0,268725,2.9,3,2.3,2.6,1.8,63.8,3.5
"2026/01/14","2026/01/16","170A","ＳＭＴ　日本好配当株","東証およびＰＴＳ",,"確報",0,0,0,0,0,0,0,0,0,0,0,0,0,0,,,0,0,0,0,0,0,0,0,0,0,0,0,0
"2026/01/14","2026/01/16","1711","ＳＤＳＨＤ","東証およびＰＴＳ",,"確報",600,4200,22500,0,0,0,22500,154200,1079400,5782500,0,0,0,5782500,,,0,0,0,0,0,0,19.4,16.3,24.1,19.4,0,0,0
"2026/01/14","2026/01/16","1716","第一カッター興業","東証およびＰＴＳ",,"確報",0,600,107300,0,0,3700,103600,0,844200,150971100,0,0,5205900,145765200,,,0,0,0,0,0,0,349.2,897.2,897.2,897.2,0,10.2,20.4
"2026/01/14","2026/01/16","1717","明豊ファシリワークス","東証およびＰＴＳ",,"確報",0,0,9900,0,0,0,9900,0,0,10771200,0,0,0,10771200,,,0,0,0,19800,0,0,103.4,517,57.4,103.4,0,0,0
"2026/01/14","2026/01/16","1718","美樹工業","東証およびＰＴＳ",,"確報",200,0,3000,0,0,0,3000,1754000,0,26310000,0,0,0,26310000,,,0,0,476000,0,0,0,40.9,23.8,143,40.9,0,0,0
"2026/01/14","2026/01/16","1719","安藤・間","東証およびＰＴＳ",,"確報",1800,500,19500,0,700,11600,7900,3650400,1014000,39546000,0,1419600,23524800,16021200,,,0,0,263900,0,0,178350,17.6,24.1,25.3,24.7,8.2,18.2,11.3
"2026/01/14","2026/01/16","1720","東急建設","東証およびＰＴＳ",,"確報",800,400,16100,400,0,16100,0,1088800,544400,21912100,544400,0,21912100,0,,,0,0,15700,0,0,15700,7.2,4.2,4.3,4.3,41,70.8,51.9
"2026/01/14","2026/01/16","1721","コムシスＨＤ","東証およびＰＴＳ",,"確報",100,2600,5000,100,900,5000,0,487300,12669800,24365000,487300,4385700,24365000,0,,,0,0,480000,0,0,371200,8.7,11.6,7.1,8.8,13,6.5,8.7
"2026/01/14","2026/01/16","1723","日本電技","東証およびＰＴＳ",,"確報",400,200,7300,0,0,0,7300,3660000,1830000,66795000,0,0,0,66795000,,,0,0,852000,0,0,0,22.2,20.2,24.6,22.2,0,0,0
"2026/01/14","2026/01/16","1724","シンクレイヤ","東証およびＰＴＳ",,"確報",300,0,1900,0,0,0,1900,216600,0,1371800,0,0,0,1371800,,,0,0,3200,0,0,0,55.3,27.7,0,55.3,0,0,0
"2026/01/14","2026/01/16","1726","ＢＲホールディングス","東証およびＰＴＳ",,"確報",0,0,14700,0,0,0,14700,0,0,5262600,0,0,0,5262600,,,0,0,0,0,0,0,30.3,19.6,66.1,30.3,0,0,0
"2026/01/14","2026/01/16","1736","オーテック","東証およびＰＴＳ",,"確報",0,0,4700,0,0,0,4700,0,0,12318700,0,0,0,12318700,,,0,0,98700,0,0,0,44.9,123.5,27.4,44.9,0,0,0
"2026/01/14","2026/01/16","173A","ハンモック","東証およびＰＴＳ",,"確報",0,100,1300,0,0,0,1300,0,154700,2011100,0,0,0,2011100,,,0,0,0,37800,0,0,18.9,66,11,18.9,0,0,0
"2026/01/14","2026/01/16","1758","太洋基礎工業","東証およびＰＴＳ",,"確報",0,0,600,0,0,0,600,0,0,1660800,0,0,0,1660800,,,0,0,0,18000,0,0,8,32,4.6,8,0,0,0
"2026/01/14","2026/01/16","175A","Ｗｉｌｌ　Ｓｍａｒｔ","東証およびＰＴＳ",,"確報",0,200,66200,0,0,0,66200,0,171600,56799600,0,0,0,56799600,,,0,0,0,265600,0,0,1106,0,553,1106,0,0,0
"2026/01/14","2026/01/16","1762","高松コンストラクシＧ","東証およびＰＴＳ",,"確報",0,600,21600,0,0,51400,-29800,0,2505000,90180000,0,0,214595000,-124415000,,,0,0,888000,0,0,2056000,208.7,67.1,97.6,79.6,2579,368.4,644.8
"2026/01/14","2026/01/16","1764","工藤建設","東証およびＰＴＳ",,"確報",100,0,200,0,0,0,200,294500,0,589000,0,0,0,589000,,,0,0,0,0,0,0,12,6,0,12,0,0,0
"2026/01/14","2026/01/16","1766","東建コーポレーション","東証およびＰＴＳ",,"確報",200,0,1600,100,500,5600,-4000,2974000,0,23792000,1487000,7435000,83272000,-59480000,,,0,0,14000,0,0,60000,16.1,2.8,13,4.6,29.2,20.9,24.3
"2026/01/14","2026/01/16","1768","ソネック","東証およびＰＴＳ",,"確報",0,100,4400,100,0,100,4300,0,140500,6182000,140500,0,140500,6041500,,,0,0,49500,0,0,0,33,228,28.5,50.7,1,1.5,1.2
"2026/01/14","2026/01/16","1770","藤田エンジニアリング","東証およびＰＴＳ",,"確報",0,100,300,0,0,0,300,0,185400,556200,0,0,0,556200,,,0,0,0,6800,0,0,16,16,16,16,0,0,0
"2026/01/14","2026/01/16","1773","ワイ・ティー・エル","東証およびＰＴＳ",,"確報",0,0,43000,0,0,0,43000,0,0,3655000,0,0,0,3655000,,,0,0,86000,0,0,0,49.3,24.6,0,49.3,0,0,0
"2026/01/14","2026/01/16","1776","三井住建道路","東証およびＰＴＳ",,"確報",400,0,8600,0,0,0,8600,650400,0,13983600,0,0,0,13983600,,,0,0,0,73800,0,0,41.4,27.6,82.8,41.4,0,0,0
"2026/01/14","2026/01/16","177A","コージンバイオ","東証およびＰＴＳ",,"確報",0,0,3100,0,0,0,3100,0,0,4395800,0,0,0,4395800,,,0,0,27900,0,0,0,304,152,0,304,0,0,0
"2026/01/14","2026/01/16","1780","ヤマウラ","東証およびＰＴＳ",,"確報",0,0,8200,0,300,6500,1700,0,0,12578800,0,460200,9971000,2607800,,,0,0,131200,0,0,108800,28,21.8,23.1,22.4,351,20.6,39
"2026/01/14","2026/01/16","1783","ｆａｎｔａｓｉｓｔａ","東証およびＰＴＳ",,"確報",0,0,0,0,0,0,0,0,0,0,0,0,0,0,,,0,0,0,0,0,0,4,0,2,4,0,0,0
"2026/01/14","2026/01/16","1786","オリエンタル白石","東証およびＰＴＳ",,"確報",8400,100,59500,29300,0,140700,-81200,3561600,42400,25228000,12423200,0,59656800,-34428800,,,0,0,204800,0,0,445600,15.8,7.1,43.6,12.2,10.7,58.7,18.1
"2026/01/14","2026/01/16","1787","ナカボーテック","東証およびＰＴＳ",,"確報",0,0,0,0,0,0,0,0,0,0,0,0,0,0,,,0,0,0,0,0,0,0,0,0,0,0,0,0
"2026/01/14","2026/01/16","1788","三東工業社","東証およびＰＴＳ",,"確報",0,0,300,0,0,0,300,0,0,1477500,0,0,0,1477500,,,0,0,0,0,0,0,0,0,0,0,0,0,0
"2026/01/14","2026/01/16","178A","ＧＸ革新優良企業","東証およびＰＴＳ",,"確報",0,300,1100,0,0,0,1100,0,470700,1725900,0,0,0,1725900,,,0,0,0,5600,0,0,36.5,131.2,21.2,36.5,0,0,0
"2026/01/14","2026/01/16","1793","大本組","東証およびＰＴＳ",,"確報",0,0,300,0,0,0,300,0,0,477300,0,0,0,477300,,,0,0,0,900,0,0,0,0,0,0,0,0,0
"2026/01/14","2026/01/16","1795","マサル","東証およびＰＴＳ",,"確報",0,0,0,0,0,0,0,0,0,0,0,0,0,0,,,0,0,0,0,0,0,2,0,1,2,0,0,0
"2026/01/14","2026/01/16","1798","守谷商会","東証およびＰＴＳ",,"確報",0,100,26100,0,0,0,26100,0,698000,182178000,0,0,0,182178000,,,0,0,3144000,0,0,0,290.7,186.9,654,290.7,0,0,0
"2026/01/14","2026/01/16","1799","第一建設工業","東証およびＰＴＳ",,"確報",0,600,8100,0,0,100,8000,0,2334000,31509000,0,0,389000,31120000,,,0,0,0,87000,1000,0,47.6,447,24.8,47.1,0,0,0
"2026/01/14","2026/01/16","179A","ＧＸ超長期米国債Ｈ","東証およびＰＴＳ",,"確報",0,0,3310,0,20,50,3260,0,0,870530,0,5260,13150,857380,,,0,0,3310,0,0,70,2.9,2.1,4.4,2.9,31,10.3,15.5
"2026/01/14","2026/01/16","1801","大成建設","東証およびＰＴＳ",,"確報",5200,400,30700,100,4800,15000,15700,89440000,6880000,528040000,1720000,82560000,258000000,270040000,,,0,0,2331000,0,0,1773000,10.1,10,16.5,12.4,9.5,6.4,7.6
"2026/01/14","2026/01/16","1802","大林組","東証およびＰＴＳ",,"確報",0,2000,34400,3500,1000,26200,8200,0,7174000,123392800,12554500,3587000,93979400,29413400,,,0,0,1274000,0,0,829500,9.6,19.9,21.3,20.6,4,6.6,5
"2026/01/14","2026/01/16","1803","清水建設","東証およびＰＴＳ",,"確報",7000,6000,37900,4400,3400,37900,0,20268500,17373000,109739450,12740200,9844700,109739450,0,,,0,0,2084850,0,0,2084850,9.2,7.5,8.6,8,8.8,14.9,11.1
"2026/01/14","2026/01/16","1807","佐藤渡辺","東証およびＰＴＳ",,"確報",0,0,1800,0,0,0,1800,0,0,3463200,0,0,0,3463200,,,0,0,23400,0,0,0,0,0,0,0,0,0,0
"2026/01/14","2026/01/16","1808","長谷工コーポ","東証およびＰＴＳ",,"確報",3400,2400,53500,100,4000,66000,-12500,11084000,7824000,174410000,326000,13040000,215160000,-40750000,,,0,0,735000,0,0,978600,19.5,9.7,11.6,10.6,95.3,53.6,68.6
"2026/01/14","2026/01/16","180A","ＧＸ超長期米国債","東証およびＰＴＳ",,"確報",0,0,50000,0,10,1600,48400,0,0,15100000,0,3020,483200,14616800,,,0,0,55000,0,0,1771,1779.7,0,9999.9,9999.9,73.2,47.4,57.5
"2026/01/14","2026/01/16","1810","松井建設","東証およびＰＴＳ",,"確報",0,100,11400,0,100,4500,6900,0,159100,18137400,0,159100,7159500,10977900,,,0,0,276000,0,0,110400,72.1,80,112,93.3,58.3,38.8,46.6
"2026/01/14","2026/01/16","1811","銭高組","東証およびＰＴＳ",,"確報",100,200,3500,0,100,3500,0,845000,1690000,29575000,0,845000,29575000,0,,,0,0,0,180000,180000,0,25.6,29.8,14.9,19.9,89.5,22.4,35.8
"2026/01/14","2026/01/16","1812","鹿島建設","東証およびＰＴＳ",,"確報",2800,3300,46900,7100,100,11300,35600,18272800,21535800,306069400,46334600,652600,73743800,232325600,,,0,0,11518200,0,0,1044900,9.8,10.2,19.8,13.5,1.6,2.8,2
"2026/01/14","2026/01/16","1813","不動テトラ","東証およびＰＴＳ",,"確報",13000,300,35900,13200,500,35900,0,38376000,885600,105976800,38966400,1476000,105976800,0,,,0,0,1600800,0,0,1600800,6.6,3.6,14,5.8,4.2,46.8,7.8
"2026/01/14","2026/01/16","1814","大末建設","東証およびＰＴＳ",,"確報",300,0,24100,100,700,14400,9700,1203000,0,96641000,401000,2807000,57744000,38897000,,,0,0,1309000,0,0,825000,80.7,57.9,193,89.1,61.5,82,70.3
"2026/01/14","2026/01/16","1815","鉄建建設","東証およびＰＴＳ",,"確報",1000,500,15000,3300,100,14600,400,5140000,2570000,77100000,16962000,514000,75044000,2056000,,,0,0,2175000,0,0,1710000,14.7,20.4,18.9,19.6,6,54.2,10.7
"2026/01/14","2026/01/16","181A","ＭＸ米債１－３ヘ無","東証およびＰＴＳ",,"確報",0,0,0,0,0,0,0,0,0,0,0,0,0,0,,,0,0,0,0,0,0,0,0,0,0,0,0,0
"2026/01/14","2026/01/16","1820","西松建設","東証およびＰＴＳ",,"確報",500,300,11500,300,100,11500,0,2980500,1788300,68551500,1788300,596100,68551500,0,,,0,0,1039600,0,0,1039600,11.7,7.5,36,12.4,6,77.1,11.1
"2026/01/14","2026/01/16","1822","大豊建設","東証およびＰＴＳ",,"確報",2600,0,35000,55300,0,87700,-52700,2121600,0,28560000,45124800,0,71563200,-43003200,,,0,0,648000,0,0,648000,5.6,4.3,4.2,4.3,4,60.2,7.5
"2026/01/14","2026/01/16","1826","佐田建設","東証およびＰＴＳ",,"確報",0,600,10500,0,0,0,10500,0,708600,12400500,0,0,0,12400500,,,0,0,22200,0,0,0,60.6,60.6,60.6,60.6,0,0,0
"2026/01/14","2026/01/16","1827","ナカノフドー建設","東証およびＰＴＳ",,"確報",700,0,48000,700,0,48000,0,824600,0,56544000,824600,0,56544000,0,,,0,0,993300,0,0,993300,76,57.5,63.8,60.5,94,111.9,102.2
"2026/01/14","2026/01/16","1828","田辺工業","東証およびＰＴＳ",,"確報",100,300,3100,0,0,0,3100,279600,838800,8667600,0,0,0,8667600,,,0,0,125400,0,0,0,27.1,176,14.7,27.1,0,0,0
"2026/01/14","2026/01/16","182A","ＭＸ米債２０超ヘ無","東証およびＰＴＳ",,"確報",0,0,0,0,0,0,0,0,0,0,0,0,0,0,,,0,0,0,0,0,0,0,0,0,0,0,0,0
"2026/01/14","2026/01/16","1833","奥村組","東証およびＰＴＳ",,"確報",0,2800,9000,0,0,3100,5900,0,18452000,59310000,0,0,20429000,38881000,,,0,0,708000,0,0,186000,3.2,4.3,2.5,3.1,58,1.7,3.3
"2026/01/14","2026/01/16","1835","東鉄工業","東証およびＰＴＳ",,"確報",0,800,1500,0,300,500,1000,0,3856000,7230000,0,1446000,2410000,4820000,,,0,0,34500,0,0,12000,10.4,34,7.3,12,7.6,7.6,7.6
"2026/01/14","2026/01/16","183A","ＭＸ米債２０超ヘ有","東証およびＰＴＳ",,"確報",0,0,0,0,0,0,0,0,0,0,0,0,0,0,,,0,0,0,0,0,0,0,0,0,0,0,0,0
"2026/01/14","2026/01/16","1840","土屋ホールディングス","東証およびＰＴＳ",,"確報",0,300,18300,0,0,0,18300,0,68400,4172400,0,0,0,4172400,,,0,0,55800,0,0,0,49.8,38.4,70.9,49.8,0,0,0
"2026/01/14","2026/01/16","1841","サンユー建設","東証およびＰＴＳ",,"確報",0,0,0,0,0,0,0,0,0,0,0,0,0,0,,,0,0,0,0,0,0,0,0,0,0,0,0,0
"2026/01/14","2026/01/16","1844","大盛工業","東証およびＰＴＳ",,"確報",35200,100,74400,0,0,0,74400,19958400,56700,42184800,0,0,0,42184800,,,0,0,2004300,0,0,0,10.7,6.4,32.8,10.7,0,0,0
"2026/01/14","2026/01/16","1847","イチケン","東証およびＰＴＳ",,"確報",100,0,8100,0,0,0,8100,495500,0,40135500,0,0,0,40135500,,,0,0,320000,0,0,0,118.3,414,69,118.3,0,0,0
"2026/01/14","2026/01/16","1848","富士ピー・エス","東証およびＰＴＳ",,"確報",0,0,8700,200,100,2100,6600,0,0,5220000,120000,60000,1260000,3960000,,,0,0,95700,0,0,22000,21,9.9,0,19.8,19.6,49,28
"2026/01/14","2026/01/16","184A","学びエイド","東証およびＰＴＳ",,"確報",0,0,3800,0,0,0,3800,0,0,1584600,0,0,0,1584600,,,0,0,0,30400,0,0,97.5,0,48.8,97.5,0,0,0
"2026/01/14","2026/01/16","1850","南海辰村建設","東証およびＰＴＳ",,"確報",3700,1900,63600,0,0,0,63600,2371700,1217900,40767600,0,0,0,40767600,,,0,0,1359600,0,0,0,43,34.5,57.1,43,0,0,0
"2026/01/14","2026/01/16","1852","浅沼組","東証およびＰＴＳ",,"確報",2700,0,30200,100,200,1400,28800,2986200,0,33401200,110600,221200,1548400,31852800,,,0,0,687500,0,0,37500,13.4,16.4,15.3,15.9,16.3,3,5.1
"2026/01/14","2026/01/16","1853","森組","東証およびＰＴＳ",,"確報",2000,300,10100,0,0,0,10100,684000,102600,3454200,0,0,0,3454200,,,0,0,50400,0,0,0,11.5,10.6,12.5,11.5,0,0,0
"2026/01/14","2026/01/16","1860","戸田建設","東証およびＰＴＳ",,"確報",400,3400,33600,0,800,37300,-3700,551200,4685200,46300800,0,1102400,51399400,-5098600,,,0,0,475800,0,0,495300,22.6,15.3,14.1,14.6,52.5,43.8,47.8
"2026/01/14","2026/01/16","1861","熊谷組","東証およびＰＴＳ",,"確報",2700,6200,86900,241100,0,724000,-637100,4557600,10465600,146687200,406976800,0,1222112000,-1075424800,,,0,0,2712000,0,0,14487000,5.2,12.8,20.4,15.7,2.2,182.7,4.4
"2026/01/14","2026/01/16","1866","北野建設","東証およびＰＴＳ",,"確報",0,100,370500,0,200,8300,362200,0,149300,553156500,0,298600,12391900,540764600,,,0,0,1853000,0,0,42500,644.1,9263,3087.7,4631.5,21.6,16.4,18.7
"2026/01/14","2026/01/16","1867","植木組","東証およびＰＴＳ",,"確報",0,100,25000,0,0,200,24800,0,292000,73000000,0,0,584000,72416000,,,0,0,502000,0,0,4000,114.1,177.3,137.9,155.1,14,2.8,4.7
"2026/01/14","2026/01/16","186A","アストロスケール","東証およびＰＴＳ",,"確報",106300,109000,880000,0,2700,880000,0,84402200,86546000,698720000,0,2143800,698720000,0,,,0,0,0,39721500,39721500,0,7.3,3.9,3.7,3.8,1231.9,77.5,145.9
"2026/01/14","2026/01/16","1870","矢作建設工業","東証およびＰＴＳ",,"確報",0,100,12100,400,100,8100,4000,0,245000,29645000,980000,245000,19845000,9800000,,,0,0,292800,0,0,187200,35.1,86.9,67.6,76,16.4,24.1,19.5
"2026/01/14","2026/01/16","1871","ピーエス","東証およびＰＴＳ",,"確報",2900,1400,15500,1700,200,15500,0,8932000,4312000,47740000,5236000,616000,47740000,0,,,0,0,140000,0,0,140000,10,8,9.2,8.5,11,13.4,12.1
"2026/01/14","2026/01/16","1873","日本ハウスＨＤ","東証およびＰＴＳ",,"確報",0,0,5100,0,0,0,5100,0,0,1657500,0,0,0,1657500,,,0,0,20400,0,0,0,253,126.5,0,253,0,0,0
"2026/01/14","2026/01/16","1878","大東建託","東証およびＰＴＳ",,"確報",300,1000,26400,400,100,600,25800,912300,3041000,80282400,1216400,304100,1824600,78457800,,,0,0,298100,0,0,3300,22.8,32.2,37.6,34.7,1.1,1.3,1.2
"2026/01/14","2026/01/16","1879","新日本建設","東証およびＰＴＳ",,"確報",0,1000,6500,0,1000,6500,0,0,2095000,13617500,0,2095000,13617500,0,,,0,0,112500,0,0,112500,15.3,19.6,9.2,12.5,45.8,12.5,19.6
"2026/01/14","2026/01/16","1882","東亜道路工業","東証およびＰＴＳ",,"確報",0,900,18900,100,800,6900,12000,0,1594800,33490800,177200,1417600,12226800,21264000,,,0,0,198000,0,0,76000,15.3,12,21.1,15.3,13.3,18.6,15.5
"2026/01/14","2026/01/16","1885","東亜建設工業","東証およびＰＴＳ",,"確報",8300,8400,61000,3300,200,18300,42700,29423500,29778000,216245000,11698500,709000,64873500,151371500,,,0,0,11303500,0,0,2812000,6.8,5.3,11,7.2,4.6,8,5.8
"2026/01/14","2026/01/16","1887","日本国土開発","東証およびＰＴＳ",,"確報",44000,29100,112100,15100,200,112100,0,27852000,18420300,70959300,9558300,126600,70959300,0,,,0,0,7387200,0,0,7387200,16.5,10.3,10.9,10.5,34,41.7,37.4
"2026/01/14","2026/01/16","1888","若築建設","東証およびＰＴＳ",,"確報",100,200,13300,2600,0,4200,9100,494000,988000,65702000,12844000,0,20748000,44954000,,,0,0,1273000,0,0,152000,15.2,282.7,12.3,23.6,3.8,4.1,4
"2026/01/14","2026/01/16","188A","ＧＸ印度トップ１０＋","東証およびＰＴＳ",,"確報",0,0,549,0,0,0,549,0,0,558333,0,0,0,558333,,,0,0,0,0,0,0,21.4,19.2,24.2,21.4,0,0,0
"2026/01/14","2026/01/16","1893","五洋建設","東証およびＰＴＳ",,"確報",18900,24300,186200,1000,100,6400,179800,33490800,43059600,329946400,1772000,177200,11340800,318605600,,,0,0,23375200,0,0,671000,16.2,16.3,15.4,15.8,28.4,284,51.6
"2026/01/14","2026/01/16","1897","金下建設","東証およびＰＴＳ",,"確報",0,100,0,0,0,0,0,0,308500,0,0,0,0,0,,,0,0,2500,0,0,0,3,3,3,3,0,0,0
"2026/01/14","2026/01/16","1898","世紀東急工業","東証およびＰＴＳ",,"確報",3000,0,25600,0,0,6000,19600,5043000,0,43033600,0,0,10086000,32947600,,,0,0,135600,0,0,36000,37,29,48.3,36.2,27.6,76,40.5
"2026/01/14","2026/01/16","1899","福田組","東証およびＰＴＳ",,"確報",700,1800,7200,0,200,3600,3600,5726000,14724000,58896000,0,1636000,29448000,29448000,,,0,0,249000,0,0,114000,8.5,9.8,7.7,8.7,288,4.3,8.4
"2026/01/14","2026/01/16","189A","Ｄ＆Ｍカンパニー","東証およびＰＴＳ",,"確報",0,200,2800,0,0,0,2800,0,191200,2676800,0,0,0,2676800,,,0,0,0,54000,0,0,55.6,46.3,69.5,55.6,0,0,0
"2026/01/14","2026/01/16","1904","大成温調","東証およびＰＴＳ",,"確報",0,0,4200,0,0,1500,2700,0,0,20013000,0,0,7147500,12865500,,,0,0,63000,0,0,22500,44,39.6,0,79.2,11,66,18.9
"2026/01/14","2026/01/16","1905","テノックス","東証およびＰＴＳ",,"確報",0,0,100,0,0,0,100,0,0,140200,0,0,0,140200,,,0,0,100,0,0,0,0,0,0,0,0,0,0
"2026/01/14","2026/01/16","1909","日本ドライケミカル","東証およびＰＴＳ",,"確報",100,200,5600,200,0,1200,4400,1036000,2072000,58016000,2072000,0,12432000,45584000,,,0,0,912000,0,0,160000,14.5,12.7,20,15.6,6.6,23,10.2
"2026/01/14","2026/01/16","190A","Ｃｈｏｒｄｉａ","東証およびＰＴＳ",,"確報",18300,10500,223600,0,0,0,223600,2086200,1197000,25490400,0,0,0,25490400,,,0,0,0,1079000,0,0,23.6,31.7,18.8,23.6,0,0,0
"2026/01/14","2026/01/16","1911","住友林業","東証およびＰＴＳ",,"確報",0,28700,86400,18300,2900,50400,36000,0,49335300,148521600,31457700,4985100,86637600,61884000,,,0,0,9092900,0,0,2765000,4.5,5.6,4.9,5.2,1.9,5.2,2.8
"2026/01/14","2026/01/16","1914","日本基礎技術","東証およびＰＴＳ",,"確報",0,0,13200,100,0,4500,8700,0,0,9055200,68600,0,3087000,5968200,,,0,0,0,0,0,0,112.1,0,331,662,117.5,19.6,33.6
"2026/01/14","2026/01/16","1921","巴コーポレーション","東証およびＰＴＳ",,"確報",0,0,200700,5400,0,72100,128600,0,0,422874900,11377800,0,151914700,270960200,,,0,0,7626600,0,0,2534600,143.1,2005,0,4010,23.3,76.5,35.7
"2026/01/14","2026/01/16","1925","大和ハウス工業","東証およびＰＴＳ",,"確報",100,6900,12100,1000,0,2500,9600,541200,37342800,65485200,5412000,0,13530000,51955200,,,0,0,1360800,0,0,108000,3.4,7.4,6.2,6.8,1.2,1.3,1.2
"2026/01/14","2026/01/16","1926","ライト工業","東証およびＰＴＳ",,"確報",1000,600,4100,500,100,4100,0,3550000,2130000,14555000,1775000,355000,14555000,0,,,0,0,185000,0,0,185000,15.6,12.5,9.1,10.5,27.1,38,31.7
"2026/01/14","2026/01/16","1928","積水ハウス","東証およびＰＴＳ",,"確報",5100,2500,39200,600,4700,1700,37500,18252900,8947500,140296800,2147400,16821300,6084300,134212500,,,0,0,0,512400,81200,0,7.8,21.8,7.1,10.7,1.4,0.9,1.1
"2026/01/14","2026/01/16","1929","日特建設","東証およびＰＴＳ",,"確報",500,0,12400,0,200,8900,3500,681000,0,16888800,0,272400,12121800,4767000,,,0,0,59500,0,0,45500,10.8,53.5,11.1,18.4,11.9,4.7,6.7
"2026/01/14","2026/01/16","192A","インテグループ","東証およびＰＴＳ",,"確報",0,200,2200,0,0,0,2200,0,401200,4413200,0,0,0,4413200,,,0,0,12000,0,0,0,78.7,0,39.3,78.7,0,0,0
"2026/01/14","2026/01/16","1930","北陸電気工事","東証およびＰＴＳ",,"確報",100,2100,7800,0,2000,7800,0,156100,3278100,12175800,0,3122000,12175800,0,,,0,0,264600,0,0,264600,3.8,2.7,2.2,2.4,38.9,7.6,12.7
"2026/01/14","2026/01/16","1934","ユアテック","東証およびＰＴＳ",,"確報",2500,400,8000,2300,0,8000,0,7352500,1176400,23528000,6764300,0,23528000,0,,,0,0,259600,0,0,250800,7,4.4,5,4.7,11.7,16.8,13.8
"2026/01/14","2026/01/16","1938","日本リーテック","東証およびＰＴＳ",,"確報",700,0,4800,0,0,0,4800,1659000,0,11376000,0,0,0,11376000,,,0,0,0,32800,0,0,19.3,11.3,67.7,19.3,0,0,0
"2026/01/14","2026/01/16","1939","四電工","東証およびＰＴＳ",,"確報",0,700,7300,100,1000,3100,4200,0,1152900,12023100,164700,1647000,5105700,6917400,,,0,0,176000,0,0,88000,5.7,8.8,4.2,5.7,6,5.7,5.9
"2026/01/14","2026/01/16","1941","中電工","東証およびＰＴＳ",,"確報",0,0,17600,0,1500,6200,11400,0,0,82192000,0,7005000,28954000,53238000,,,0,0,1144000,0,0,500500,69.7,0,296.3,592.7,26.1,19.2,22.1
"2026/01/14","2026/01/16","1942","関電工","東証およびＰＴＳ",,"確報",600,1700,58200,600,1100,8700,49500,3408000,9656000,330576000,3408000,6248000,49416000,281160000,,,0,0,3439400,0,0,533600,19.2,30.5,25.2,27.6,4.8,6.7,5.6
"2026/01/14","2026/01/16","1944","きんでん","東証およびＰＴＳ",,"確報",0,1200,9100,0,1400,5600,3500,0,8928000,67704000,0,10416000,41664000,26040000,,,0,0,41200,0,0,28000,7.1,5.3,7.8,6.3,10.1,7.9,8.9
"2026/01/14","2026/01/16","1945","東京エネシス","東証およびＰＴＳ",,"確報",0,700,24600,0,300,23600,1000,0,1398600,49150800,0,599400,47152800,1998000,,,0,0,1163800,0,0,1099400,5.9,3.9,3.4,3.6,319,18.2,34.5
"2026/01/14","2026/01/16","1946","トーエネック","東証およびＰＴＳ",,"確報",0,3400,12400,200,100,400,12000,0,7014200,25581200,412600,206300,825200,24756000,,,0,0,726800,0,0,13800,12.5,19.7,14.1,16.4,6.3,1.9,2.9
"2026/01/14","2026/01/16","1948","弘電社","東証およびＰＴＳ",,"確報",100,200,5400,0,0,0,5400,551000,1102000,29754000,0,0,0,29754000,,,0,0,0,715000,0,0,17,11.8,30.9,17,0,0,0
"2026/01/14","2026/01/16","1949","住友電設","東証およびＰＴＳ",,"確報",0,2600,4700,0,0,600,4100,0,25220000,45590000,0,0,5820000,39770000,,,0,0,0,0,0,0,6.2,38.8,3.2,5.9,6.6,33,11
"2026/01/14","2026/01/16","194A","ＷＯＬＶＥＳ","東証およびＰＴＳ",,"確報",100,100,10800,0,0,0,10800,183400,183400,19807200,0,0,0,19807200,,,0,0,0,550800,0,0,18.5,10.9,62.1,18.5,0,0,0
"2026/01/14","2026/01/16","1950","日本電設工業","東証およびＰＴＳ",,"確報",0,800,6800,0,0,0,6800,0,2860000,24310000,0,0,0,24310000,,,0,0,0,0,0,0,15.8,24.9,11.6,15.8,0,0,0
"2026/01/14","2026/01/16","1951","エクシオグループ","東証およびＰＴＳ",,"確報",400,0,5400,0,100,2500,2900,1098800,0,14833800,0,274700,6867500,7966300,,,0,0,85000,0,0,44200,16.4,15.2,21,17.6,17.1,12,14.1
"2026/01/14","2026/01/16","1952","新日本空調","東証およびＰＴＳ",,"確報",0,500,25500,0,500,1200,24300,0,1665000,84915000,0,1665000,3996000,80919000,,,0,0,910000,0,0,59500,42.5,67.4,91.5,77.6,9.2,4.8,6.3
"2026/01/14","2026/01/16","1959","クラフティア","東証およびＰＴＳ",,"確報",100,100,4900,0,0,1000,3900,828800,828800,40611200,0,0,8288000,32323200,,,0,0,176400,0,0,36000,32.2,24,30,26.7,0,0,0
"2026/01/14","2026/01/16","195A","ＭＵＳＣＡＴ　Ｇ","東証およびＰＴＳ",,"確報",0,0,600,0,0,0,600,0,0,513600,0,0,0,513600,,,0,0,0,6000,0,0,31,31,31,31,0,0,0
"2026/01/14","2026/01/16","1960","サンテック","東証およびＰＴＳ",,"確報",0,500,7200,0,0,0,7200,0,680500,9799200,0,0,0,9799200,,,0,0,0,107800,0,0,21.7,25.8,18.7,21.7,0,0,0
"2026/01/14","2026/01/16","1961","三機工業","東証およびＰＴＳ",,"確報",700,100,4400,0,0,600,3800,4368000,624000,27456000,0,0,3744000,23712000,,,0,0,0,38000,6000,0,4.8,4.6,6.5,5.4,3,2.8,2.9
"2026/01/14","2026/01/16","1963","日揮ホールディングス","東証およびＰＴＳ",,"確報",11600,600,44100,200,0,3000,41100,24824000,1284000,94374000,428000,0,6420000,87954000,,,0,0,1373650,0,0,116200,9.5,10.6,9.4,10,12.3,4.4,6.5
"2026/01/14","2026/01/16","1964","中外炉工業","東証およびＰＴＳ",,"確報",600,300,6300,300,0,6300,0,2745000,1372500,28822500,1372500,0,28822500,0,,,0,0,570000,0,0,570000,6.1,3.4,3.1,3.3,106,31.8,48.9
"2026/01/14","2026/01/16","1965","テクノ菱和","東証およびＰＴＳ",,"確報",400,900,7800,0,500,7800,0,3088000,6948000,60216000,0,3860000,60216000,0,,,0,0,166000,0,0,166000,6.5,4.1,4.3,4.2,15,18.7,16.6
"2026/01/14","2026/01/16","1966","高田工業所","東証およびＰＴＳ",,"確報",0,0,900,0,0,0,900,0,0,1654200,0,0,0,1654200,,,0,0,5400,0,0,0,88,44,0,88,0,0,0
"2026/01/14","2026/01/16","1967","ヤマト","東証およびＰＴＳ",,"確報",500,300,9800,1800,2100,10500,-700,1225000,735000,24010000,4410000,5145000,25725000,-1715000,,,0,0,1200000,0,0,1350000,10.6,8.1,17.6,11.1,7.4,16.1,10.2
"2026/01/14","2026/01/16","1968","太平電業","東証およびＰＴＳ",,"確報",200,1500,16100,700,0,32500,-16400,459600,3447000,36997800,1608600,0,74685000,-37687200,,,0,0,400200,0,0,731400,34,28.6,28.6,28.6,27.2,63,38
"2026/01/14","2026/01/16","1969","高砂熱学工業","東証およびＰＴＳ",,"確報",0,100,18400,100,100,14800,3600,0,482700,88816800,482700,482700,71439600,17377200,,,0,0,592000,0,0,473600,22.2,26.4,34.2,29.8,11.5,31.9,16.9
"2026/01/14","2026/01/16","196A","ＭＦＳ","東証およびＰＴＳ",,"確報",0,300,47000,0,0,0,47000,0,88800,13912000,0,0,0,13912000,,,0,0,0,47300,0,0,53.9,192.9,31.4,53.9,0,0,0
"2026/01/14","2026/01/16","1972","三晃金属工業","東証およびＰＴＳ",,"確報",0,0,10500,100,0,1400,9100,0,0,16096500,153300,0,2146200,13950300,,,0,0,147000,0,0,18200,31.6,112.6,21.7,36.3,17.3,13.8,15.3
"2026/01/14","2026/01/16","1975","朝日工業社","東証およびＰＴＳ",,"確報",0,0,15100,0,400,1700,13400,0,0,56851500,0,1506000,6400500,50451000,,,0,0,1208000,0,0,168000,49.4,128.5,64.3,85.7,18.6,7.8,10.9
"2026/01/14","2026/01/16","1976","明星工業","東証およびＰＴＳ",,"確報",0,0,3400,900,100,32300,-28900,0,0,6133600,1623600,180400,58269200,-52135600,,,0,0,78200,0,0,724500,36.3,15.5,9.1,11.5,49.9,49.9,49.9
"2026/01/14","2026/01/16","1979","大氣社","東証およびＰＴＳ",,"確報",400,200,5100,0,1100,500,4600,1410000,705000,17977500,0,3877500,1762500,16215000,,,0,0,147000,0,0,48000,12.2,22.7,22.7,22.7,7.3,3.1,4.4
"2026/01/14","2026/01/16","197A","タウンズ","東証およびＰＴＳ",,"確報",5000,6600,95200,0,1600,95200,0,2560000,3379200,48742400,0,819200,48742400,0,,,0,0,0,774400,774400,0,41.3,30.9,33.7,32.3,53.2,62.2,57.4
"2026/01/14","2026/01/16","1980","ダイダン","東証およびＰＴＳ",,"確報",1900,0,52300,3300,400,13100,39200,5297200,0,145812400,9200400,1115200,36522800,109289600,,,0,0,2419200,0,0,489600,25.3,29.2,37.5,32.8,9.4,15.7,11.8
"2026/01/14","2026/01/16","1981","協和日成","東証およびＰＴＳ",,"確報",0,200,200,0,0,0,200,0,324400,324400,0,0,0,324400,,,0,0,0,8400,0,0,2,1.5,3,2,0,0,0
"2026/01/14","2026/01/16","1982","日比谷総合設備","東証およびＰＴＳ",,"確報",200,0,4300,0,200,15300,-11000,1030000,0,22145000,0,1030000,78795000,-56650000,,,0,0,246000,0,0,930000,23.7,15.9,10.9,12.9,44.4,23.6,30.8
"2026/01/14","2026/01/16","198A","ＰｏｓｔＰｒｉｍｅ","東証およびＰＴＳ",,"確報",0,16100,79800,0,0,0,79800,0,2753100,13645800,0,0,0,13645800,,,0,0,95900,0,0,0,19.6,77.6,11.2,19.6,0,0,0
"2026/01/14","2026/01/16","1992","神田通信機","東証およびＰＴＳ",,"確報",0,0,0,0,0,0,0,0,0,0,0,0,0,0,,,0,0,0,0,0,0,0,0,0,0,0,0,0
"2026/01/14","2026/01/16","1994","高橋カーテンウォール","東証およびＰＴＳ",,"確報",0,0,300,0,0,0,300,0,0,162900,0,0,0,162900,,,0,0,0,600,0,0,24,12,0,24,0,0,0
"2026/01/14","2026/01/16","1997","暁飯島工業","東証およびＰＴＳ",,"確報",0,100,1500,0,0,0,1500,0,398000,5970000,0,0,0,5970000,,,0,0,0,208000,0,0,6,4.1,11,6,0,0,0
"2026/01/14","2026/01/16","2001","ニップン","東証およびＰＴＳ",,"確報",700,0,3900,500,0,5400,-1500,1743000,0,9711000,1245000,0,13446000,-3735000,,,0,0,64000,0,0,98000,13.5,9.6,10.7,10.1,11,58,18.6
"2026/01/14","2026/01/16","2002","日清製粉グループ本社","東証およびＰＴＳ",,"確報",1100,700,8200,0,1700,8200,0,2140600,1362200,15957200,0,3308200,15957200,0,,,0,0,148200,0,0,188100,6.6,6.3,5,5.6,8.9,6.8,7.7
"2026/01/14","2026/01/16","2003","日東富士製粉","東証およびＰＴＳ",,"確報",100,0,2100,0,0,3600,-1500,720000,0,15120000,0,0,25920000,-10800000,,,0,0,20000,0,0,36000,71.5,52,34.7,41.6,182,91,121.3
"2026/01/14","2026/01/16","2004","昭和産業","東証およびＰＴＳ",,"確報",200,15200,11800,100,20700,11800,0,622000,47272000,36698000,311000,64377000,36698000,0,,,0,0,268000,0,0,324000,8.1,4.9,6.1,5.4,101.3,6.5,12.3
"2026/01/14","2026/01/16","2009","鳥越製粉","東証およびＰＴＳ",,"確報",400,0,7300,0,0,0,7300,418000,0,7628500,0,0,0,7628500,,,0,0,0,48300,0,0,31.7,63.3,21.1,31.7,0,0,0
"2026/01/14","2026/01/16","200A","日経半導体株ＥＴＦ","東証およびＰＴＳ",,"確報",2776,20,17733,2822,150,13595,4138,7703400,55500,49209075,7831050,416250,37726125,11482950,,,0,0,1198160,0,0,873840,11.5,6,12.7,8.2,16.4,51.1,24.9
"2026/01/14","2026/01/16","2011","ＳＭＤＡＭ日本高配当","東証およびＰＴＳ",,"確報",0,0,0,0,0,0,0,0,0,0,0,0,0,0,,,0,0,0,0,0,0,0,0,0,0,0,0,0
"2026/01/14","2026/01/16","2012","ｉＳ米国債０３月","東証およびＰＴＳ",,"確報",0,0,1010,0,0,0,1010,0,0,239673,0,0,0,239673,,,0,0,909,0,0,0,337.3,504,0,1008,2,2,2
"2026/01/14","2026/01/16","2013","ｉＳ米国高配当株","東証およびＰＴＳ",,"確報",0,1050,2710,0,1050,2710,0,0,282975,730345,0,282975,730345,0,,,0,0,12032,0,0,12032,5.5,5.4,5.7,5.6,5.4,5.7,5.5
"2026/01/14","2026/01/16","2014","ｉＳ米国連続増配株","東証およびＰＴＳ",,"確報",0,0,790,0,0,0,790,0,0,228863,0,0,0,228863,,,0,0,79,0,0,0,5.4,2.7,0,5.4,0,0,0
"2026/01/14","2026/01/16","2015","ｉＦ米国債７１０Ｈ無","東証およびＰＴＳ",,"確報",0,0,0,0,0,0,0,0,0,0,0,0,0,0,,,0,0,0,0,0,0,0,0,0,0,0,0,0
"2026/01/14","2026/01/16","2016","ｉＦ米国債７１０Ｈ有","東証およびＰＴＳ",,"確報",0,0,0,0,0,0,0,0,0,0,0,0,0,0,,,0,0,0,0,0,0,0,0,0,0,0,0,0
"2026/01/14","2026/01/16","2017","ｉＦＪＰＸプラ１５０","東証およびＰＴＳ",,"確報",0,18,3,0,0,2,1,0,24750,4125,0,0,2750,1375,,,0,0,420,0,0,40,2,3,0.5,0.8,3,3,3
"2026/01/14","2026/01/16","2018","ＧＸＵＳリート２０","東証およびＰＴＳ",,"確報",0,0,0,0,0,0,0,0,0,0,0,0,0,0,,,0,0,0,0,0,0,0,0,0,0,0,0,0
"2026/01/14","2026/01/16","2019","ＧＸ優先証券隔月","東証およびＰＴＳ",,"確報",0,0,0,0,0,0,0,0,0,0,0,0,0,0,,,0,0,0,0,0,0,0,0,0,0,0,0,0
"2026/01/14","2026/01/16","201A","ｉＳＮＩＦＴＹ５０","東証およびＰＴＳ",,"確報",0,0,6370,0,0,0,6370,0,0,1296295,0,0,0,1296295,,,0,0,6370,0,0,0,5.5,11.5,9.2,10.2,1.8,1.4,1.6
"2026/01/14","2026/01/16","202A","豆蔵","東証およびＰＴＳ",,"確報",2000,77300,69700,0,0,0,69700,6870000,265525500,239419500,0,0,0,239419500,,,0,0,0,21750000,0,0,9.2,15,6.6,9.2,0,0,0
"2026/01/14","2026/01/16","2031","ハンセンダブルＥＴＮ","東証およびＰＴＳ",,"確報",0,0,0,0,0,0,0,0,0,0,0,0,0,0,,,0,0,0,0,0,0,0,0,0,0,0,0,0
"2026/01/14","2026/01/16","2032","ハンセン・ベアＥＴＮ","東証およびＰＴＳ",,"確報",0,0,0,0,0,0,0,0,0,0,0,0,0,0,,,0,0,0,0,0,0,0,0,0,0,0,0,0
"2026/01/14","2026/01/16","2033","ＫＯＳＰＩブルＥＴＮ","東証およびＰＴＳ",,"確報",0,0,33,0,0,0,33,0,0,1305150,0,0,0,1305150,,,0,0,990,0,0,0,10.6,5.3,0,10.6,0,0,0
"2026/01/14","2026/01/16","2034","ＫＯＳＰＩベアＥＴＮ","東証およびＰＴＳ",,"確報",0,0,191,0,0,0,191,0,0,719306,0,0,0,719306,,,0,0,0,3247,0,0,0,0,0,0,0,0,0
"2026/01/14","2026/01/16","2036","金先物ダブルブル","東証およびＰＴＳ",,"確報",0,11,342,0,0,0,342,0,2402400,74692800,0,0,0,74692800,,,0,0,4500750,0,0,0,150.8,157.6,144.5,150.8,0,0,0
"2026/01/14","2026/01/16","2037","金先物ベア","東証およびＰＴＳ",,"確報",0,0,0,0,0,0,0,0,0,0,0,0,0,0,,,0,0,0,0,0,0,0,0,0,0,0,0,0
"2026/01/14","2026/01/16","2038","ドバイ原油先物ブル","東証およびＰＴＳ",,"確報",2000,20,4700,0,0,0,4700,3068000,30680,7209800,0,0,0,7209800,,,0,0,116960,0,0,0,10.9,8.9,14,10.9,0,0,0
"2026/01/14","2026/01/16","2039","ドバイ原油先物ベア","東証およびＰＴＳ",,"確報",0,0,0,0,0,0,0,0,0,0,0,0,0,0,,,0,0,0,0,0,0,0,0,0,0,0,0,0
"2026/01/14","2026/01/16","2040","ＮＹダウブルＥＴＮ","東証およびＰＴＳ",,"確報",0,0,0,0,0,0,0,0,0,0,0,0,0,0,,,0,0,0,0,0,0,0,0,0,0,0,0,0
"2026/01/14","2026/01/16","2041","ＮＹダウベアＥＴＮ","東証およびＰＴＳ",,"確報",0,0,900,0,0,0,900,0,0,1875600,0,0,0,1875600,,,0,0,17100,0,0,0,0,0,0,0,0,0,0
"2026/01/14","2026/01/16","2042","グロース２５０ＥＴＮ","東証およびＰＴＳ",,"確報",0,0,0,0,0,0,0,0,0,0,0,0,0,0,,,0,0,0,0,0,0,0,0,0,0,0,0,0
"2026/01/14","2026/01/16","2043","アセアン５０ＥＴＮ","東証およびＰＴＳ",,"確報",0,0,0,0,0,0,0,0,0,0,0,0,0,0,,,0,0,0,0,0,0,0,0,0,0,0,0,0
"2026/01/14","2026/01/16","2044","米国配当貴族ＥＴＮ","東証およびＰＴＳ",,"確報",0,0,0,0,0,0,0,0,0,0,0,0,0,0,,,0,0,0,0,0,0,0,0,0,0,0,0,0
"2026/01/14","2026/01/16","2045","シンガポールリート","東証およびＰＴＳ",,"確報",0,0,0,0,0,0,0,0,0,0,0,0,0,0,,,0,0,0,0,0,0,0,0,0,0,0,0,0
"2026/01/14","2026/01/16","2046","インドブルＥＴＮ","東証およびＰＴＳ",,"確報",0,14,442,0,0,0,442,0,447720,14135160,0,0,0,14135160,,,0,0,22800,0,0,0,62.7,55.9,71.6,62.7,0,0,0
"2026/01/14","2026/01/16","2047","インドベアＥＴＮ","東証およびＰＴＳ",,"確報",0,0,0,0,0,0,0,0,0,0,0,0,0,0,,,0,0,0,0,0,0,0,0,0,0,0,0,0
"2026/01/14","2026/01/16","2048","高配株ヘッジＥＴＮ","東証およびＰＴＳ",,"確報",0,0,0,0,0,0,0,0,0,0,0,0,0,0,,,0,0,0,0,0,0,0,0,0,0,0,0,0
"2026/01/14","2026/01/16","2050","ニッチトップ中小型","東証およびＰＴＳ",,"確報",0,0,0,0,0,0,0,0,0,0,0,0,0,0,,,0,0,0,0,0,0,0,0,0,0,0,0,0
"2026/01/14","2026/01/16","2053","中部飼料","東証およびＰＴＳ",,"確報",0,100,6100,400,0,7700,-1600,0,177500,10827500,710000,0,13667500,-2840000,,,0,0,93000,0,0,109500,8.5,4.8,4.3,4.5,37,46.3,41.1
"2026/01/14","2026/01/16","2055","日和産業","東証およびＰＴＳ",,"確報",0,500,1400,0,100,1400,0,0,173500,485800,0,34700,485800,0,,,0,0,0,5700,4500,0,16.3,89,12.7,22.3,7.4,37,12.3
"2026/01/14","2026/01/16","205A","ロゴスＨＤ","東証およびＰＴＳ",,"確報",0,500,1500,0,0,0,1500,0,947000,2841000,0,0,0,2841000,,,0,0,40000,0,0,0,27.1,95,15.8,27.1,0,0,0
"2026/01/14","2026/01/16","2060","フィード・ワン","東証およびＰＴＳ",,"確報",800,0,10800,100,0,900,9900,868000,0,11718000,108500,0,976500,10741500,,,0,0,10000,0,0,800,52.8,42.2,168.7,67.5,24,12,16
"2026/01/14","2026/01/16","2065","日本株配当貴族ＥＴＮ","東証およびＰＴＳ",,"確報",0,0,0,0,0,0,0,0,0,0,0,0,0,0,,,0,0,0,0,0,0,0,0,0,0,0,0,0
"2026/01/14","2026/01/16","2066","東証リートＥＴＮ","東証およびＰＴＳ",,"確報",0,0,0,0,0,0,0,0,0,0,0,0,0,0,,,0,0,0,0,0,0,0,0,0,0,0,0,0
"2026/01/14","2026/01/16","2067","野村ＡＩ７０ＥＴＮ","東証およびＰＴＳ",,"確報",0,0,0,0,0,0,0,0,0,0,0,0,0,0,,,0,0,0,0,0,0,0,0,0,0,0,0,0
"2026/01/14","2026/01/16","2068","高ベータ３０ＥＴＮ","東証およびＰＴＳ",,"確報",0,0,0,0,0,0,0,0,0,0,0,0,0,0,,,0,0,0,0,0,0,0,0,0,0,0,0,0
"2026/01/14","2026/01/16","2069","低ベータ５０ＥＴＮ","東証およびＰＴＳ",,"確報",0,0,0,0,0,0,0,0,0,0,0,0,0,0,,,0,0,0,0,0,0,0,0,0,0,0,0,0
"2026/01/14","2026/01/16","206A","ＰＲＩＳＭＢｉｏ","東証およびＰＴＳ",,"確報",0,9800,71000,0,0,0,71000,0,1656200,11999000,0,0,0,11999000,,,0,0,0,242400,0,0,16.4,65.4,9.3,16.4,0,0,0
"2026/01/14","2026/01/16","2070","ＥＳＧ女性活躍ＥＴＮ","東証およびＰＴＳ",,"確報",0,0,0,0,0,0,0,0,0,0,0,0,0,0,,,0,0,0,0,0,0,0,0,0,0,0,0,0
"2026/01/14","2026/01/16","2071","ＥＳＧ総合ＥＴＮ","東証およびＰＴＳ",,"確報",0,0,0,0,0,0,0,0,0,0,0,0,0,0,,,0,0,0,0,0,0,0,0,0,0,0,0,0
"2026/01/14","2026/01/16","2072","トップシェアＥＴＮ","東証およびＰＴＳ",,"確報",0,0,0,0,0,0,0,0,0,0,0,0,0,0,,,0,0,0,0,0,0,0,0,0,0,0,0,0
"2026/01/14","2026/01/16","2073","ＥＳＧ低カーボン","東証およびＰＴＳ",,"確報",0,0,0,0,0,0,0,0,0,0,0,0,0,0,,,0,0,0,0,0,0,0,0,0,0,0,0,0
"2026/01/14","2026/01/16","2080","ＰＢＲ１倍割れ解消","東証およびＰＴＳ",,"確報",1375,375,18000,1000,0,18000,0,2366375,645375,30978000,1721000,0,30978000,0,,,0,0,442000,0,0,442000,17,8.5,12.3,10.1,27.5,0,55.1
"2026/01/14","2026/01/16","2081","政策保有解消","東証およびＰＴＳ",,"確報",0,0,0,0,0,0,0,0,0,0,0,0,0,0,,,0,0,0,0,0,0,0,0,0,0,0,0,0
"2026/01/14","2026/01/16","2082","投資家経営者一心同体","東証およびＰＴＳ",,"確報",0,0,0,0,0,0,0,0,0,0,0,0,0,0,,,0,0,0,0,0,0,0,0,0,0,0,0,0
"2026/01/14","2026/01/16","2083","日本成長株アクティブ","東証およびＰＴＳ",,"確報",0,0,200,0,0,60,140,0,0,596600,0,0,178980,417620,,,0,0,6600,0,0,1980,260,0,0,0,0,30,60
"2026/01/14","2026/01/16","2084","日本高配当アクティブ","東証およびＰＴＳ",,"確報",0,13,183,0,0,0,183,0,42341,596031,0,0,0,596031,,,0,0,12152,0,0,0,13.2,10.7,17.2,13.2,0,0,0
"2026/01/14","2026/01/16","2085","ＭＸ高配日株ア","東証およびＰＴＳ",,"確報",10,0,20,10,0,20,0,7330,0,14660,7330,0,14660,0,,,0,0,80,0,0,80,2,2,1.9,1.9,12.5,1.3,2.3
"2026/01/14","2026/01/16","2086","ＮＺＡＭ　ＳＰ５Ｈ","東証およびＰＴＳ",,"確報",0,0,10,0,0,0,10,0,0,28365,0,0,0,28365,,,0,0,0,260,0,0,0,0,0,0,0,0,0
"2026/01/14","2026/01/16","2087","ＮＺＡＭ　ＮＱ１Ｈ","東証およびＰＴＳ",,"確報",0,0,0,0,0,0,0,0,0,0,0,0,0,0,,,0,0,0,0,0,0,0,0,0,0,0,0,0
"2026/01/14","2026/01/16","2088","ＮＺＡＭ　ＤｏｗＨ","東証およびＰＴＳ",,"確報",0,0,0,0,0,0,0,0,0,0,0,0,0,0,,,0,0,0,0,0,0,0,0,0,0,0,0,0
"2026/01/14","2026/01/16","2089","ＮＺＡＭ　ＤＡＸＨ","東証およびＰＴＳ",,"確報",0,0,0,0,0,0,0,0,0,0,0,0,0,0,,,0,0,0,0,0,0,0,0,0,0,0,0,0
"2026/01/14","2026/01/16","208A","構造計画ＨＤ","東証およびＰＴＳ",,"確報",0,200,700,0,0,0,700,0,630000,2205000,0,0,0,2205000,,,0,0,0,18000,0,0,15.7,0,7.8,15.7,0,0,0
"2026/01/14","2026/01/16","2090","ＮＺＡＭ　米７１０Ｈ","東証およびＰＴＳ",,"確報",0,0,0,0,0,0,0,0,0,0,0,0,0,0,,,0,0,0,0,0,0,0,0,0,0,0,0,0
"2026/01/14","2026/01/16","2091","ＮＺＡＭ　独７１０Ｈ","東証およびＰＴＳ",,"確報",0,0,0,0,0,0,0,0,0,0,0,0,0,0,,,0,0,0,0,0,0,0,0,0,0,0,0,0
"2026/01/14","2026/01/16","2092","ＮＺＡＭ　仏７１０Ｈ","東証およびＰＴＳ",,"確報",0,0,0,0,0,0,0,0,0,0,0,0,0,0,,,0,0,0,0,0,0,0,0,0,0,0,0,0
"2026/01/14","2026/01/16","2093","上場Ｔｒ米債０２ラダ","東証およびＰＴＳ",,"確報",0,0,0,0,0,0,0,0,0,0,0,0,0,0,,,0,0,0,0,0,0,0,0,0,0,0,0,0
"2026/01/14","2026/01/16","2094","ＲＥＩＴインバース","東証およびＰＴＳ",,"確報",0,0,410,0,0,0,410,0,0,296430,0,0,0,296430,,,0,0,0,410,0,0,4102,0,0,0,0,1,2
"2026/01/14","2026/01/16","2095","ＧＸＵＳ配当貴族ヘ","東証およびＰＴＳ",,"確報",0,0,300,0,0,0,300,0,0,339300,0,0,0,339300,,,0,0,1800,0,0,0,21,0,10.5,21,0,0,0
"2026/01/14","2026/01/16","2096","ＧＸオフィスＪリート","東証およびＰＴＳ",,"確報",0,0,0,0,0,0,0,0,0,0,0,0,0,0,,,0,0,0,0,0,0,0,0,0,0,0,0,0
"2026/01/14","2026/01/16","2097","ＧＸ住宅Ｊリート","東証およびＰＴＳ",,"確報",0,0,0,0,0,0,0,0,0,0,0,0,0,0,,,0,0,0,0,0,0,0,0,0,0,0,0,0
"2026/01/14","2026/01/16","2098","ＧＸホテリテＪリート","東証およびＰＴＳ",,"確報",0,164,154,36,0,36,118,0,189256,177716,41544,0,41544,136172,,,0,0,1590,0,0,0,5,6.7,4.4,5.3,21.4,2.6,4.6
"2026/01/14","2026/01/16","2108","日本甜菜製糖","東証およびＰＴＳ",,"確報",134100,800,134600,900,0,30800,103800,559197000,3336000,561282000,3753000,0,128436000,432846000,,,0,0,208000,0,0,4784000,2.6,1.8,2.5,2.1,138.2,66.1,89.4
"2026/01/14","2026/01/16","2109","ＤＭ三井製糖","東証およびＰＴＳ",,"確報",100,0,600,100,0,600,0,339000,0,2034000,339000,0,2034000,0,,,0,0,5000,0,0,5000,11.8,11,6.6,8.3,32,16,21.3
"2026/01/14","2026/01/16","210A","ｉＦ日経高リート","東証およびＰＴＳ",,"確報",0,0,0,0,0,0,0,0,0,0,0,0,0,0,,,0,0,0,0,0,0,0,0,0,0,0,0,0
"2026/01/14","2026/01/16","2112","塩水港精糖","東証およびＰＴＳ",,"確報",0,100,31600,100,1400,4200,27400,0,53800,17000800,53800,753200,2259600,14741200,,,0,0,0,126800,22000,0,56.5,531,43.1,79.7,54,12.9,20.8
"2026/01/14","2026/01/16","2114","フジ日本","東証およびＰＴＳ",,"確報",0,500,4600,0,0,2400,2200,0,304000,2796800,0,0,1459200,1337600,,,0,0,5100,0,0,2400,16.1,9.6,34.1,14.9,29,14.5,19.3
"2026/01/14","2026/01/16","2117","ウェルネオシュガー","東証およびＰＴＳ",,"確報",0,300,2800,0,300,2800,0,0,857100,7999600,0,857100,7999600,0,,,0,0,0,34100,34100,0,24.8,26.8,14.6,18.9,80.5,23,35.8
"2026/01/14","2026/01/16","211A","カドス","東証およびＰＴＳ",,"確報",0,0,400,0,0,0,400,0,0,1796000,0,0,0,1796000,,,0,0,0,4000,0,0,36,18,0,36,0,0,0
"2026/01/14","2026/01/16","2120","ＬＩＦＵＬＬ","東証およびＰＴＳ",,"確報",1000,10700,148900,2100,2000,108200,40700,184000,1968800,27397600,386400,368000,19908800,7488800,,,0,0,0,317200,216200,0,11,8.7,26.5,13.1,6.3,14.2,8.7
"2026/01/14","2026/01/16","2121","ＭＩＸＩ","東証およびＰＴＳ",,"確報",0,900,14000,0,0,0,14000,0,2495700,38822000,0,0,0,38822000,,,0,0,44700,0,0,0,16.9,11.1,36.2,16.9,0,0,0
"2026/01/14","2026/01/16","2122","インタースペース","東証およびＰＴＳ",,"確報",0,200,1500,0,0,0,1500,0,246400,1848000,0,0,0,1848000,,,0,0,3400,0,0,0,38.5,38.5,38.5,38.5,0,0,0
"2026/01/14","2026/01/16","2124","ジェイエイシリクルト","東証およびＰＴＳ",,"確報",200,0,6800,0,200,800,6000,211200,0,7180800,0,211200,844800,6336000,,,0,0,0,66000,10000,0,2.4,72.4,2.5,4.9,18.7,0.3,0.5
"2026/01/14","2026/01/16","2127","日本Ｍ＆Ａ","東証およびＰＴＳ",,"確報",6100,6600,85200,0,500,85200,0,4485940,4853640,62656080,0,367700,62656080,0,,,0,0,0,1028400,1028400,0,11.2,5.8,6.7,6.2,36,341.9,65.1
"2026/01/14","2026/01/16","212A","フィットイージー","東証およびＰＴＳ",,"確報",2800,3000,49300,0,0,0,49300,7285600,7806000,128278600,0,0,0,128278600,,,0,0,0,2970000,0,0,36,36.5,35.4,36,0,0,0
"2026/01/14","2026/01/16","2130","メンバーズ","東証およびＰＴＳ",,"確報",1800,200,77300,2300,0,18200,59100,2440800,271200,104818800,3118800,0,24679200,80139600,,,0,0,302800,0,0,63600,44.7,113.6,82.2,95.4,7.8,32.2,12.6
"2026/01/14","2026/01/16","2134","キタハマキャピタル","東証およびＰＴＳ",,"確報",0,187300,1221800,0,0,0,1221800,0,5806300,37875800,0,0,0,37875800,,,0,0,0,2818200,0,0,26.8,42.2,19.6,26.8,0,0,0
"2026/01/14","2026/01/16","2136","ヒップ","東証およびＰＴＳ",,"確報",0,0,900,0,0,0,900,0,0,1444500,0,0,0,1444500,,,0,0,3600,0,0,0,25.5,25.5,25.5,25.5,0,0,0
"2026/01/14","2026/01/16","2138","クルーズ","東証およびＰＴＳ",,"確報",1500,200,29600,1300,0,29600,0,897000,119600,17700800,777400,0,17700800,0,,,0,0,0,113200,113200,0,5,3.4,3.1,3.3,12.4,9.4,10.7
"2026/01/14","2026/01/16","2139","中広","東証およびＰＴＳ",,"確報",0,4000,13200,100,4100,13200,0,0,1680000,5544000,42000,1722000,5544000,0,,,0,0,0,0,0,0,2.4,1.6,1.5,1.6,283.3,16,30.4
"2026/01/14","2026/01/16","213A","上場日経半導体","東証およびＰＴＳ",,"確報",880,1490,1560,2090,10,4250,-2690,225280,381440,399360,535040,2560,1088000,-688640,,,0,0,17360,0,0,17360,4.4,2.7,2.3,2.5,5.8,86.9,10.9
"2026/01/14","2026/01/16","2146","ＵＴグループ","東証およびＰＴＳ",,"確報",10100,348800,1290200,5700,35700,968500,321700,2171500,74992000,277393000,1225500,7675500,208227500,69165500,,,0,0,11402300,0,0,6989500,26,66.2,11.6,19.8,56.7,58.8,57.7
"2026/01/14","2026/01/16","2148","アイティメディア","東証およびＰＴＳ",,"確報",100,200,7800,0,0,0,7800,167800,335600,13088400,0,0,0,13088400,,,0,0,221200,0,0,0,27.8,43.1,20.5,27.8,0,0,0
"2026/01/14","2026/01/16","2152","幼児活動研究会","東証およびＰＴＳ",,"確報",0,0,700,0,0,0,700,0,0,989100,0,0,0,989100,,,0,0,0,21000,0,0,30,15,0,30,0,0,0
"2026/01/14","2026/01/16","2153","Ｅ・ＪＨＤ","東証およびＰＴＳ",,"確報",200,300,2000,0,0,0,2000,356400,534600,3564000,0,0,0,3564000,,,0,0,0,56700,0,0,11.4,16.4,8.7,11.4,0,0,0
"2026/01/14","2026/01/16","2154","オープンアップＧ","東証およびＰＴＳ",,"確報",300,0,4200,300,0,4200,0,564900,0,7908600,564900,0,7908600,0,,,0,0,0,97500,97500,0,6.2,3.9,8.4,5.4,4.9,15.5,7.4
"2026/01/14","2026/01/16","2156","セーラー広告","東証およびＰＴＳ",,"確報",0,3700,18800,0,0,0,18800,0,1232100,6260400,0,0,0,6260400,,,0,0,0,202500,0,0,12.4,16.3,10,12.4,0,0,0
"2026/01/14","2026/01/16","2157","コシダカＨＤ","東証およびＰＴＳ",,"確報",700,2000,33500,200,0,4200,29300,813400,2324000,38927000,232400,0,4880400,34046600,,,0,0,0,696000,80000,0,7.3,4.4,35.2,7.8,12.8,4.1,6.2
"2026/01/14","2026/01/16","2158","ＦＲＯＮＴＥＯ","東証およびＰＴＳ",,"確報",1900,2000,135100,0,0,0,135100,1675800,1764000,119158200,0,0,0,119158200,,,0,0,405600,0,0,0,90.4,98.9,83.3,90.4,0,0,0
"2026/01/14","2026/01/16","215A","タイミー","東証およびＰＴＳ",,"確報",18100,62900,2416000,500,971100,2881300,-465300,25303800,87934200,3377568000,699000,1357597800,4028057400,-650489400,,,0,0,0,61520000,96297500,0,45,153.9,70.4,96.6,3349.6,16.6,33.1
"2026/01/14","2026/01/16","2160","ジーエヌアイグループ","東証およびＰＴＳ",,"確報",30000,2400,615700,0,200,803600,-187900,73950000,5916000,1517700500,0,493000,1980874000,-463173500,,,0,0,0,44695600,61088800,0,43.6,26.6,15.6,19.7,1823.7,9999.9,3343.5
"2026/01/14","2026/01/16","2162","ｎｍｓ　ＨＤ","東証およびＰＴＳ",,"確報",0,0,11700,100,500,1000,10700,0,0,5627700,48100,240500,481000,5146700,,,0,0,23400,0,0,2800,37.2,117.8,65.4,84.1,6.9,5.2,5.9
"2026/01/14","2026/01/16","2163","アルトナー","東証およびＰＴＳ",,"確報",400,0,5100,0,0,0,5100,877200,0,11184300,0,0,0,11184300,,,0,0,0,61100,0,0,25.6,44.8,17.9,25.6,0,0,0
"2026/01/14","2026/01/16","2164","地域新聞社","東証およびＰＴＳ",,"確報",0,0,760200,0,0,0,760200,0,0,196891800,0,0,0,196891800,,,0,0,0,2280600,0,0,9999.9,0,7603.2,9999.9,0,0,0
"2026/01/14","2026/01/16","2168","パソナグループ","東証およびＰＴＳ",,"確報",500,3900,9200,2500,200,39900,-30700,1074000,8377200,19761600,5370000,429600,85705200,-65943600,,,0,0,970200,0,0,2895200,19.6,109,5.1,9.7,65.5,23.9,35
"2026/01/14","2026/01/16","2169","ＣＤＳ","東証およびＰＴＳ",,"確報",0,0,200,0,0,200,0,0,0,366000,0,0,366000,0,,,0,0,0,1000,1000,0,20,10,10,10,0,0,0
"2026/01/14","2026/01/16","2170","リンク＆モチベ","東証およびＰＴＳ",,"確報",3000,0,39500,9500,0,33600,5900,1590000,0,20935000,5035000,0,17808000,3127000,,,0,0,182500,0,0,120500,11.2,14,13.1,13.5,5.4,27,9
"2026/01/14","2026/01/16","2173","博展","東証およびＰＴＳ",,"確報",200,0,5100,100,0,3900,1200,184000,0,4692000,92000,0,3588000,1104000,,,0,0,0,4900,3800,0,10.9,21.2,11.1,14.6,16.5,5.5,8.2
"2026/01/14","2026/01/16","2175","エス・エム・エス","東証およびＰＴＳ",,"確報",200,2800,9600,700,0,9300,300,277000,3878000,13296000,969500,0,12880500,415500,,,0,0,122000,0,0,86000,21.5,21,11.7,15.1,29.6,148,49.3
"2026/01/14","2026/01/16","2179","成学社","東証およびＰＴＳ",,"確報",0,0,300,0,0,0,300,0,0,240300,0,0,0,240300,,,0,0,0,1200,0,0,34,0,17,34,0,0,0
"2026/01/14","2026/01/16","2180","サニーサイドアップ","東証およびＰＴＳ",,"確報",0,100,10500,0,0,0,10500,0,89800,9429000,0,0,0,9429000,,,0,0,0,53000,0,0,48.7,30.4,121.8,48.7,0,0,0
"2026/01/14","2026/01/16","2181","パーソルＨＤ","東証およびＰＴＳ",,"確報",900,0,148700,0,0,13600,135100,258390,0,42691770,0,0,3904560,38787210,,,0,0,0,251260,23120,0,23.9,106.7,163.5,129.1,341,1.2,2.4
"2026/01/14","2026/01/16","2183","リニカル","東証およびＰＴＳ",,"確報",2000,0,6600,0,0,0,6600,638000,0,2105400,0,0,0,2105400,,,0,0,46000,0,0,0,23.7,11.9,0,23.7,0,0,0
"2026/01/14","2026/01/16","2185","シイエム・シイ","東証およびＰＴＳ",,"確報",0,0,500,0,0,0,500,0,0,902000,0,0,0,902000,,,0,0,0,2000,0,0,26,26,26,26,0,0,0
"2026/01/14","2026/01/16","2186","ソーバル","東証およびＰＴＳ",,"確報",0,0,0,0,0,0,0,0,0,0,0,0,0,0,,,0,0,0,0,0,0,1,1,1,1,0,0,0
"2026/01/14","2026/01/16","218A","Ｌｉｂｅｒａｗａｒｅ","東証およびＰＴＳ",,"確報",2300,500,134000,0,0,0,134000,3298200,717000,192156000,0,0,0,192156000,,,0,0,0,4494800,0,0,20.7,14.7,34.9,20.7,0,0,0
"2026/01/14","2026/01/16","2193","クックパッド","東証およびＰＴＳ",,"確報",14900,22200,368400,0,7300,368400,0,2220100,3307800,54891600,0,1087700,54891600,0,,,0,0,0,375700,375700,0,49.3,41.1,24.7,30.8,6359,61.5,121.9
"2026/01/14","2026/01/16","2195","アミタＨＤ","東証およびＰＴＳ",,"確報",1700,0,5500,0,0,0,5500,559300,0,1809500,0,0,0,1809500,,,0,0,38000,0,0,0,7,4.9,12.1,7,0,0,0
"2026/01/14","2026/01/16","2196","エスクリ","東証およびＰＴＳ",,"確報",1800,900,145200,0,100,114500,30700,298800,149400,24103200,0,16600,19007000,5096200,,,0,0,0,144300,114600,0,137.4,140.6,62.1,86.2,574,637.8,604.2
"2026/01/14","2026/01/16","2198","アイ・ケイ・ケイＨＤ","東証およびＰＴＳ",,"確報",300,0,25900,300,0,25900,0,240600,0,20771800,240600,0,20771800,0,,,0,0,51200,0,0,51200,54.4,35.8,83.5,50.1,40.4,113.8,59.6
"2026/01/14","2026/01/16","219A","Ｈｅａｒｔｓｅｅｄ","東証およびＰＴＳ",,"確報",4500,13800,412000,1600,0,837900,-425900,8761500,26868600,802164000,3115200,0,1631391300,-829227300,,,0,0,5898200,0,0,11708200,112.2,102.9,27.4,43.3,633.2,908.5,746.3
"2026/01/14","2026/01/16","2201","森永製菓","東証およびＰＴＳ",,"確報",200,1000,4000,200,0,300,3700,550900,2754500,11018000,550900,0,826350,10191650,,,0,0,117600,0,0,2450,11.1,12.1,12.1,12.1,2,8,3.2
"2026/01/14","2026/01/16","2204","中村屋","東証およびＰＴＳ",,"確報",600,0,2500,600,0,2500,0,1887000,0,7862500,1887000,0,7862500,0,,,0,0,28500,0,0,28500,12.4,10.3,23.3,14.3,8.5,15.5,10.9
"2026/01/14","2026/01/16","2206","江崎グリコ","東証およびＰＴＳ",,"確報",800,0,800,1000,4400,50500,-49700,4387200,0,4387200,5484000,24129600,276942000,-272554800,,,0,0,0,0,0,1185800,4.2,1.8,2.3,2,4.5,4.2,4.3
"2026/01/14","2026/01/16","2207","ｍｅｉｔｏ","東証およびＰＴＳ",,"確報",0,164300,301000,1200,0,36000,265000,0,409928500,750995000,2994000,0,89820000,661175000,,,0,0,0,4187700,313200,0,4,3.9,3.5,3.7,88.2,55.1,67.8
"2026/01/14","2026/01/16","2208","ブルボン","東証およびＰＴＳ",,"確報",0,0,200,0,0,0,200,0,0,525400,0,0,0,525400,,,0,0,0,1400,0,0,0,0,0,0,0,0,0
"2026/01/14","2026/01/16","2209","井村屋グループ","東証およびＰＴＳ",,"確報",0,0,0,0,0,0,0,0,0,0,0,0,0,0,,,0,0,0,0,0,0,1,0,0.5,1,0,0,0
"2026/01/14","2026/01/16","220A","ファベル","東証およびＰＴＳ",,"確報",0,0,4200,0,0,0,4200,0,0,4221000,0,0,0,4221000,,,0,0,0,100800,0,0,207,207,207,207,0,0,0
"2026/01/14","2026/01/16","2211","不二家","東証およびＰＴＳ",,"確報",3600,500,28900,1900,0,57800,-28900,9270000,1287500,74417500,4892500,0,148835000,-74417500,,,0,0,928800,0,0,2012400,34.6,13.1,28.4,17.9,40.3,139.2,62.6
"2026/01/14","2026/01/16","2212","山崎製パン","東証およびＰＴＳ",,"確報",0,200,10200,0,600,2600,7600,0,668400,34088400,0,2005200,8689200,25399200,,,0,0,83200,0,0,25600,21.8,39.6,57.2,46.8,48.5,5,9
"2026/01/14","2026/01/16","2215","第一屋製パン","東証およびＰＴＳ",,"確報",100,0,33500,0,100,8200,25300,61100,0,20468500,0,61100,5010200,15458300,,,0,0,0,33400,8300,0,49.5,46.7,186.8,74.7,0,10.5,21.1
"2026/01/14","2026/01/16","2216","カンロ","東証およびＰＴＳ",,"確報",1100,0,48300,3600,6000,50400,-2100,1771000,0,77763000,5796000,9660000,81144000,-3381000,,,0,0,0,2124000,2376000,0,16.9,11.1,10.7,10.9,32.8,38.8,35.6
"2026/01/14","2026/01/16","2217","モロゾフ","東証およびＰＴＳ",,"確報",300,0,3400,1200,200,38800,-35400,473100,0,5361800,1892400,315400,61187600,-55825800,,,0,0,15500,0,0,189000,51.7,14.1,10.8,12.2,60.8,99.3,75.4
"2026/01/14","2026/01/16","221A","ＭＸＳ日経半導体株","東証およびＰＴＳ",,"確報",2430,0,2430,530,110,4800,-2370,1771470,0,1771470,386370,80190,3499200,-1727730,,,0,0,0,0,0,65700,5.7,2.6,3.4,2.9,18.5,15,16.6
"2026/01/14","2026/01/16","2220","亀田製菓","東証およびＰＴＳ",,"確報",200,0,44000,100,0,3900,40100,761000,0,167420000,380500,0,14839500,152580500,,,0,0,0,0,0,0,248.2,364.3,0,728.7,19.1,43,26.5
"2026/01/14","2026/01/16","2221","岩塚製菓","東証およびＰＴＳ",,"確報",0,0,400,0,0,0,400,0,0,1216000,0,0,0,1216000,,,0,0,4000,0,0,0,34,17,0,34,0,0,0
"2026/01/14","2026/01/16","2222","寿スピリッツ","東証およびＰＴＳ",,"確報",5900,1500,18600,600,3700,11100,7500,10487250,2666250,33061500,1066500,6576750,19730250,13331250,,,0,0,0,1114700,1114700,0,12.2,8.8,14.2,10.9,23.4,10.1,14.2
"2026/01/14","2026/01/16","2224","コモ","東証およびＰＴＳ",,"確報",0,300,1200,0,0,0,1200,0,1059000,4236000,0,0,0,4236000,,,0,0,0,15000,0,0,20.3,23.7,17.8,20.3,0,0,0
"2026/01/14","2026/01/16","2226","湖池屋","東証およびＰＴＳ",,"確報",0,0,1100,0,0,2300,-1200,0,0,5098500,0,0,10660500,-5562000,,,0,0,33000,0,0,69000,29.8,12.3,49,19.6,28.8,57.5,38.3
"2026/01/14","2026/01/16","2229","カルビー","東証およびＰＴＳ",,"確報",1000,600,6500,0,0,9600,-3100,3034000,1820400,19721000,0,0,29126400,-9405400,,,0,0,298900,0,0,470400,10.1,3.7,5.4,4.4,41.2,29.1,34.1
"2026/01/14","2026/01/16","2235","上場ダウヘッジなし","東証およびＰＴＳ",,"確報",0,0,0,0,0,0,0,0,0,0,0,0,0,0,,,0,0,0,0,0,0,0,0,0,0,0,0,0
"2026/01/14","2026/01/16","2236","ＧＸＵＳ配当貴族","東証およびＰＴＳ",,"確報",0,0,0,0,0,0,0,0,0,0,0,0,0,0,,,0,0,0,0,0,0,0.9,3,0.3,0.5,0,3,6
"2026/01/14","2026/01/16","2237","ｉＦＳＰ５００ダブル","東証およびＰＴＳ",,"確報",0,0,326,0,0,0,326,0,0,34702700,0,0,0,34702700,,,0,0,0,293400,0,0,8.6,4.4,133,8.6,0,0,0
"2026/01/14","2026/01/16","2238","ｉＦＳＰ５００ベア","東証およびＰＴＳ",,"確報",0,0,240,0,0,0,240,0,0,1376880,0,0,0,1376880,,,0,0,4080,0,0,0,0,0,0,0,0,0,0
"2026/01/14","2026/01/16","2239","上場Ｓ＆Ｐレバ２倍","東証およびＰＴＳ",,"確報",0,59,776,0,0,0,776,0,1365555,17960520,0,0,0,17960520,,,0,0,70975,0,0,0,21.8,0,10.9,21.8,0,0,0
"2026/01/14","2026/01/16","223A","ＧＸＡＩビッグデータ","東証およびＰＴＳ",,"確報",0,0,360,0,0,4,356,0,0,541080,0,0,6012,535068,,,0,0,0,720,8,0,6.6,7.2,6,6.5,0,0,0
"2026/01/14","2026/01/16","2240","上場Ｓ＆Ｐインバース","東証およびＰＴＳ",,"確報",0,0,9,0,0,0,9,0,0,52308,0,0,0,52308,,,0,0,144,0,0,0,3.5,0,1.7,3.5,0,0,0
"2026/01/14","2026/01/16","2241","ＭＸＳダウ","東証およびＰＴＳ",,"確報",0,0,800,0,0,0,800,0,0,693040,0,0,0,693040,,,0,0,0,5840,0,0,798,399,0,798,0,0,0
"2026/01/14","2026/01/16","2242","ＭＸＳダウヘ有","東証およびＰＴＳ",,"確報",0,0,0,0,0,0,0,0,0,0,0,0,0,0,,,0,0,0,0,0,0,0,0,0,0,0,0,0
"2026/01/14","2026/01/16","2243","ＧＸ半導体","東証およびＰＴＳ",,"確報",199,10,4357,0,100,756,3601,582672,29280,12757296,0,292800,2213568,10543728,,,0,0,141712,0,0,29104,15.2,45.4,20.6,28.3,3.4,3.7,3.6
"2026/01/14","2026/01/16","2244","ＧＸＵＳテック２０","東証およびＰＴＳ",,"確報",0,7165,12176,0,0,460,11716,0,23099960,39255424,0,0,1483040,37772384,,,0,0,0,232092,5520,0,12.7,25.3,8.3,12.5,55.4,25.7,35.1
"2026/01/14","2026/01/16","2245","独債７－１０ヘッジ有","東証およびＰＴＳ",,"確報",0,0,0,0,0,0,0,0,0,0,0,0,0,0,,,0,0,0,0,0,0,0,0,0,0,0,0,0
"2026/01/14","2026/01/16","2246","仏債７－１０ヘッジ有","東証およびＰＴＳ",,"確報",0,0,0,0,0,0,0,0,0,0,0,0,0,0,,,0,0,0,0,0,0,0,0,0,0,0,0,0
"2026/01/14","2026/01/16","2247","ｉＦＳＰ５００Ｈ無","東証およびＰＴＳ",,"確報",0,0,121,0,0,0,121,0,0,251680,0,0,0,251680,,,0,0,0,484,0,0,0,0,0,0,0,0,0
"2026/01/14","2026/01/16","2248","ｉＦＳＰ５００Ｈ有","東証およびＰＴＳ",,"確報",0,0,0,0,0,0,0,0,0,0,0,0,0,0,,,0,0,0,0,0,0,0,0,0,0,0,0,0
"2026/01/14","2026/01/16","2249","ｉＦＳＰ５００Ｗベア","東証およびＰＴＳ",,"確報",3,0,39,0,0,0,39,34425,0,447525,0,0,0,447525,,,0,0,2880,0,0,0,12.8,21,9.2,12.8,0,0,0
"2026/01/14","2026/01/16","224A","ＧＸウラニウム","東証およびＰＴＳ",,"確報",205,340,7452,0,0,0,7452,395240,655520,14367456,0,0,0,14367456,,,0,0,0,30348,0,0,27.2,35.5,22,27.2,0,0,0
"2026/01/14","2026/01/16","2250","ｉＳＭＳＣＩ日株気候","東証およびＰＴＳ",,"確報",0,0,100,40,0,50,50,0,0,33090,13236,0,16545,16545,,,0,0,390,0,0,39,8.3,0,0,0,2.4,1.2,1.6
"2026/01/14","2026/01/16","2251","ＪＧＢダブルインバ","東証およびＰＴＳ",,"確報",0,0,1080,0,0,0,1080,0,0,920376,0,0,0,920376,,,0,0,216,0,0,0,8.7,4.4,0,8.8,0,0,0
"2026/01/14","2026/01/16","2252","ＧＸＵＳ中小モート","東証およびＰＴＳ",,"確報",0,2000,2,7,0,7,-5,0,2752000,2752,9632,0,9632,-6880,,,0,0,2002,0,0,0,1,1,1,1,2,3.6,2.6
"2026/01/14","2026/01/16","2253","ＧＸＵＳスーパーＤ","東証およびＰＴＳ",,"確報",0,0,0,0,0,0,0,0,0,0,0,0,0,0,,,0,0,0,0,0,0,0,0,0,0,0,0,0
"2026/01/14","2026/01/16","2254","ＧＸ中国ＥＶバッテリ","東証およびＰＴＳ",,"確報",0,0,60,0,0,0,60,0,0,74700,0,0,0,74700,,,0,0,0,1380,0,0,0,0,0,0,0,0,0
"2026/01/14","2026/01/16","2255","ｉＳ米国債二十","東証およびＰＴＳ",,"確報",0,0,30,0,0,0,30,0,0,6381,0,0,0,6381,,,0,0,21,0,0,0,1.2,1.3,1.3,1.3,1,1,1
"2026/01/14","2026/01/16","2256","ｉＳ米国総合債券","東証およびＰＴＳ",,"確報",0,0,0,0,0,0,0,0,0,0,0,0,0,0,,,0,0,0,0,0,0,0,0,0,0,0,0,0
"2026/01/14","2026/01/16","2257","ｉＳ＄ＩＧ社債","東証およびＰＴＳ",,"確報",0,0,0,0,0,0,0,0,0,0,0,0,0,0,,,0,0,0,0,0,0,0,0,0,0,0,0,0
"2026/01/14","2026/01/16","2258","ｉＳ＄ＨＹ社債","東証およびＰＴＳ",,"確報",0,0,0,0,0,0,0,0,0,0,0,0,0,0,,,0,0,0,0,0,0,0,0,0,0,0,0,0
"2026/01/14","2026/01/16","2259","ｉＳフランス国債ヘジ","東証およびＰＴＳ",,"確報",0,0,10,0,10,0,10,0,0,1881,0,1881,0,1881,,,0,0,4,0,0,4,1,4,0,8,1,1,1
"2026/01/14","2026/01/16","2264","森永乳業","東証およびＰＴＳ",,"確報",100,200,2400,100,900,1100,1300,382100,764200,9170400,382100,3438900,4203100,4967300,,,0,0,0,35000,26600,0,6.4,13.8,4.9,7.2,21,3.3,5.7
"2026/01/14","2026/01/16","2266","六甲バター","東証およびＰＴＳ",,"確報",400,400,4100,900,700,36100,-32000,475600,475600,4874900,1070100,832300,42922900,-38048000,,,0,0,49200,0,0,430800,45.7,3.7,27.6,6.6,75.1,94.9,83.9
"2026/01/14","2026/01/16","2267","ヤクルト本社","東証およびＰＴＳ",,"確報",800,200,53300,800,0,9400,43900,2014000,503500,134182750,2014000,0,23664500,110518250,,,0,0,711450,0,0,116100,8.2,200.6,24,42.9,2.1,2.3,2.2
"2026/01/14","2026/01/16","2268","サーティワン","東証およびＰＴＳ",,"確報",0,1200,2100,0,0,0,2100,0,4812000,8421000,0,0,0,8421000,,,0,0,0,0,0,0,12.9,16.1,10.8,12.9,0,0,0
"2026/01/14","2026/01/16","2269","明治ホールディングス","東証およびＰＴＳ",,"確報",100,500,11100,1000,300,7700,3400,352400,1762000,39116400,3524000,1057200,27134800,11981600,,,0,0,0,149500,91000,0,12.9,37.3,13.3,19.6,7.4,10.8,8.7
"2026/01/14","2026/01/16","2270","雪印メグミルク","東証およびＰＴＳ",,"確報",1100,1200,10000,15300,0,29700,-19700,3674000,4008000,33400000,51102000,0,99198000,-65798000,,,0,0,0,50500,72000,0,10.1,9.4,14.4,11.3,4.8,424,9.5
"2026/01/14","2026/01/16","2281","プリマハム","東証およびＰＴＳ",,"確報",2100,700,34100,1400,0,34100,0,5884200,1961400,95548200,3922800,0,95548200,0,,,0,0,65400,0,0,65400,34,22.3,30.7,25.8,25.9,802,50.1
"2026/01/14","2026/01/16","2282","日本ハム","東証およびＰＴＳ",,"確報",1600,600,6000,2600,400,35300,-29300,11035200,4138200,41382000,17932200,2758800,243464100,-202082100,,,0,0,175000,0,0,1158500,14.2,4,5.4,4.6,17.1,44.1,24.7
"2026/01/14","2026/01/16","2286","林兼産業","東証およびＰＴＳ",,"確報",0,393700,9500,0,0,0,9500,0,288188400,6954000,0,0,0,6954000,,,0,0,0,0,0,0,2.1,2.1,2.1,2.1,0,0,0
"2026/01/14","2026/01/16","2288","丸大食品","東証およびＰＴＳ",,"確報",800,0,10400,0,200,14300,-3900,1780800,0,23150400,0,445200,31831800,-8681400,,,0,0,124800,0,0,188500,89.9,40.8,70,51.6,241,144.6,180.8
"2026/01/14","2026/01/16","228A","オプロ","東証およびＰＴＳ",,"確報",900,0,1900,0,0,0,1900,2065500,0,4360500,0,0,0,4360500,,,0,0,0,221000,0,0,6,3.2,51,6,0,0,0
"2026/01/14","2026/01/16","2291","福留ハム","東証およびＰＴＳ",,"確報",0,200,7700,700,200,26300,-18600,0,127400,4904900,445900,127400,16753100,-11848200,,,0,0,0,15800,51600,0,55.4,200.5,80.2,114.6,30,114.6,47.6
"2026/01/14","2026/01/16","2292","エス　フーズ","東証およびＰＴＳ",,"確報",3200,600,7800,12100,0,17300,-9500,8860800,1661400,21598200,33504900,0,47903700,-26305500,,,0,0,62400,0,0,62400,5.7,5.6,18,8.6,2.6,24.3,4.6
"2026/01/14","2026/01/16","2293","滝沢ハム","東証およびＰＴＳ",,"確報",0,0,0,0,0,0,0,0,0,0,0,0,0,0,,,0,0,0,0,0,0,0,0,0,0,0,0,0
"2026/01/14","2026/01/16","2294","柿安本店","東証およびＰＴＳ",,"確報",1300,100,30700,0,0,90500,-59800,3532100,271700,83411900,0,0,245888500,-162476600,,,0,0,826000,0,0,2534000,84,14.8,82.5,25.1,451.7,237.7,311.5
"2026/01/14","2026/01/16","2296","伊藤ハム米久ＨＤ","東証およびＰＴＳ",,"確報",0,1900,6300,2100,0,28000,-21700,0,11077000,36729000,12243000,0,163240000,-126511000,,,0,0,574000,0,0,1813000,21.8,10.7,10.1,10.4,17.9,619,34.9
"2026/01/14","2026/01/16","2300","きょくとう","東証およびＰＴＳ",,"確報",0,0,3500,0,0,0,3500,0,0,1848000,0,0,0,1848000,,,0,0,3500,0,0,0,0,0,0,0,0,0,0
"2026/01/14","2026/01/16","2301","学情","東証およびＰＴＳ",,"確報",0,300,40800,100,0,2100,38700,0,535800,72868800,178600,0,3750600,69118200,,,0,0,164400,0,0,8000,18.4,357.8,18.2,34.6,34.5,1.1,2.2
"2026/01/14","2026/01/16","2303","ドーン","東証およびＰＴＳ",,"確報",0,300,1900,0,0,0,1900,0,838800,5312400,0,0,0,5312400,,,0,0,94600,0,0,0,9.8,20.6,6.4,9.8,0,0,0
"2026/01/14","2026/01/16","2304","ＣＳＳＨＤ","東証およびＰＴＳ",,"確報",100,0,100,100,0,100,0,99200,0,99200,99200,0,99200,0,,,0,0,0,0,0,0,2.7,2,4,2.7,2,4,2.7
"2026/01/14","2026/01/16","2305","スタジオアリス","東証およびＰＴＳ",,"確報",200,300,5100,700,0,10900,-5800,404800,607200,10322400,1416800,0,22061600,-11739200,,,0,0,20800,0,0,40800,28.7,16.1,17.2,16.6,29.5,100.4,45.6
"2026/01/14","2026/01/16","2307","クロスキャット","東証およびＰＴＳ",,"確報",0,0,5400,0,0,0,5400,0,0,5810400,0,0,0,5810400,,,0,0,32400,0,0,0,51.1,0,25.5,51.1,0,0,0
"2026/01/14","2026/01/16","2311","エプコ","東証およびＰＴＳ",,"確報",0,0,3200,0,0,0,3200,0,0,2588800,0,0,0,2588800,,,0,0,6400,0,0,0,0,0,0,0,0,0,0
"2026/01/14","2026/01/16","2315","ＣＡＩＣＡ　Ｄ","東証およびＰＴＳ",,"確報",41700,33100,2467000,400,3500,2267400,199600,4336800,3442400,256568000,41600,364000,235809600,20758400,,,0,0,4916800,0,0,4541000,13.7,7.2,7.5,7.3,102.6,215.8,139
"2026/01/14","2026/01/16","2317","システナ","東証およびＰＴＳ",,"確報",0,6100,181600,0,0,1000,180600,0,3178100,94613600,0,0,521000,94092600,,,0,0,0,0,0,0,106.5,103.6,108.4,105.9,0,0,0
"2026/01/14","2026/01/16","2321","ソフトフロントＨＤ","東証およびＰＴＳ",,"確報",3400,2600,76400,0,0,0,76400,717400,548600,16120400,0,0,0,16120400,,,0,0,0,226800,0,0,22.5,44.6,15,22.5,0,0,0
"2026/01/14","2026/01/16","2323","ｆｏｎｆｕｎ","東証およびＰＴＳ",,"確報",800,0,160300,0,0,0,160300,965600,0,193482100,0,0,0,193482100,,,0,0,5423000,0,0,0,364.5,572.9,267.3,364.5,0,0,0
"2026/01/14","2026/01/16","2325","ＮＪＳ","東証およびＰＴＳ",,"確報",400,2500,22300,400,100,33100,-10800,2072000,12950000,115514000,2072000,518000,171458000,-55944000,,,0,0,976000,0,0,1312000,15.5,7.1,7.7,7.4,85.1,179.7,115.5
"2026/01/14","2026/01/16","2326","デジタルアーツ","東証およびＰＴＳ",,"確報",0,300,4400,400,0,1200,3200,0,1788000,26224000,2384000,0,7152000,19072000,,,0,0,0,799000,136000,0,22.8,24.9,37.3,29.9,9.8,12.3,10.9
"2026/01/14","2026/01/16","2327","日鉄ソリューションズ","東証およびＰＴＳ",,"確報",400,3500,7600,700,200,13700,-6100,1798800,15739500,34177200,3147900,899400,61608900,-27431700,,,0,0,567100,0,0,699600,8.7,4.3,4.4,4.4,31.8,35.3,33.5
"2026/01/14","2026/01/16","2329","東北新社","東証およびＰＴＳ",,"確報",0,0,2500,0,0,0,2500,0,0,1642500,0,0,0,1642500,,,0,0,2500,0,0,0,252,0,126,252,0,0,0
"2026/01/14","2026/01/16","2330","フォーサイド","東証およびＰＴＳ",,"確報",4200,400,199400,0,0,0,199400,722400,68800,34296800,0,0,0,34296800,,,0,0,0,195600,0,0,60.6,67.9,54.7,60.6,0,0,0
"2026/01/14","2026/01/16","2331","ＡＬＳＯＫ","東証およびＰＴＳ",,"確報",2100,0,54800,0,1000,6700,48100,2629200,0,68609600,0,1252000,8388400,60221200,,,0,0,52700,0,0,7700,27.7,106.8,381.3,166.8,4.9,5.1,5
"2026/01/14","2026/01/16","2332","クエスト","東証およびＰＴＳ",,"確報",0,200,100,0,0,0,100,0,329000,164500,0,0,0,164500,,,0,0,2700,0,0,0,7.5,0,5,10,0,0,0
"2026/01/14","2026/01/16","2334","イオレ","東証およびＰＴＳ",,"確報",30400,0,573700,0,0,0,573700,13497600,0,254722800,0,0,0,254722800,,,0,0,3803100,0,0,0,39.8,35.3,45.6,39.8,0,0,0
"2026/01/14","2026/01/16","2335","キューブシステム","東証およびＰＴＳ",,"確報",400,0,3900,400,0,3900,0,450400,0,4391400,450400,0,4391400,0,,,0,0,21000,0,0,21000,19.4,11.5,18.4,14.2,20.4,61.3,30.7
"2026/01/14","2026/01/16","2337","いちご","東証およびＰＴＳ",,"確報",14000,6100,44800,4900,18600,196800,-152000,6286000,2738900,20115200,2200100,8351400,88363200,-68248000,,,0,0,0,147600,842000,0,4.4,1.5,1.6,1.5,14.8,39.3,21.5
"2026/01/14","2026/01/16","2338","クオンタムＳ","東証およびＰＴＳ",,"確報",3000,0,4300,0,0,0,4300,1056000,0,1513600,0,0,0,1513600,,,0,0,15600,0,0,0,2.8,2.1,4.1,2.8,0,0,0
"2026/01/14","2026/01/16","233A","ｉＦインドＮ５０","東証およびＰＴＳ",,"確報",0,1160,1210,308,0,504,706,0,2468480,2574880,655424,0,1072512,1502368,,,0,0,2370,0,0,196,9.6,191.7,9.1,17.3,2.4,3.8,3
"2026/01/14","2026/01/16","2340","極楽湯ＨＤ","東証およびＰＴＳ",,"確報",0,700,1700,0,0,0,1700,0,340200,826200,0,0,0,826200,,,0,0,0,0,0,0,32.3,0,16.1,32.3,0,0,0
"2026/01/14","2026/01/16","2341","アルバイトタイムス","東証およびＰＴＳ",,"確報",500,100,15700,0,0,0,15700,90500,18100,2841700,0,0,0,2841700,,,0,0,0,0,0,0,31.9,21.8,59.8,31.9,0,0,0
"2026/01/14","2026/01/16","2342","トランスＧＧ","東証およびＰＴＳ",,"確報",200,800,64400,0,0,0,64400,58000,232000,18676000,0,0,0,18676000,,,0,0,0,65000,0,0,32,423.5,16.6,32,0,0,0
"2026/01/14","2026/01/16","2344","平安レイサービス","東証およびＰＴＳ",,"確報",0,100,600,0,0,0,600,0,94700,568200,0,0,0,568200,,,0,0,0,2100,0,0,31,31,31,31,0,0,0
"2026/01/14","2026/01/16","2345","クシム","東証およびＰＴＳ",,"確報",0,0,5300,0,0,0,5300,0,0,1128900,0,0,0,1128900,,,0,0,0,21200,0,0,11.8,0,5.9,11.8,0,0,0
"2026/01/14","2026/01/16","2349","エヌアイデイ","東証およびＰＴＳ",,"確報",0,0,500,0,0,0,500,0,0,1141000,0,0,0,1141000,,,0,0,4000,0,0,0,0,0,0,0,0,0,0
"2026/01/14","2026/01/16","234A","ＧＸＣＦキング日株","東証およびＰＴＳ",,"確報",0,0,0,0,0,0,0,0,0,0,0,0,0,0,,,0,0,0,0,0,0,0,0,0,0,0,0,0
"2026/01/14","2026/01/16","2351","ＡＳＪ","東証およびＰＴＳ",,"確報",100,100,7500,0,0,0,7500,30000,30000,2250000,0,0,0,2250000,,,0,0,0,7500,0,0,57.1,33.7,185.5,57.1,0,0,0
"2026/01/14","2026/01/16","2353","日本駐車場開発","東証およびＰＴＳ",,"確報",6500,5000,169300,3700,0,32600,136700,1748500,1345000,45541700,995300,0,8769400,36772300,,,0,0,0,0,0,0,3.7,3.5,6.9,4.7,2.4,2.2,2.3
"2026/01/14","2026/01/16","2354","ＹＥ　ＤＩＧＩＴＡＬ","東証およびＰＴＳ",,"確報",900,200,23100,0,0,0,23100,752400,167200,19311600,0,0,0,19311600,,,0,0,0,403200,0,0,11.7,8.8,17.4,11.7,0,0,0
"2026/01/14","2026/01/16","2359","コア","東証およびＰＴＳ",,"確報",0,200,1400,0,100,800,600,0,425600,2979200,0,212800,1702400,1276800,,,0,0,0,3200,1800,0,8,27.3,9.1,13.7,12.7,2.5,4.2
"2026/01/14","2026/01/16","235A","ＧＸ高配当３０日株","東証およびＰＴＳ",,"確報",10,0,190,0,0,0,190,13480,0,256120,0,0,0,256120,,,0,0,7560,0,0,0,3.5,7.7,2.3,3.5,0,0,0
"2026/01/14","2026/01/16","236A","ｉＳ日本国債七十","東証およびＰＴＳ",,"確報",0,10820,120,0,410,2080,-1960,0,4935002,54732,0,187001,948688,-893956,,,0,0,0,17504,3984,0,1.2,1,0.7,0.8,9.1,23.1,13.1
"2026/01/14","2026/01/16","2370","メディネット","東証およびＰＴＳ",,"確報",700,1000,183100,0,0,0,183100,21700,31000,5676100,0,0,0,5676100,,,0,0,0,183400,0,0,27.1,66.5,17,27.1,0,0,0
"2026/01/14","2026/01/16","2371","カカクコム","東証およびＰＴＳ",,"確報",500,500,9600,2100,0,2600,7000,1166000,1166000,22387200,4897200,0,6063200,16324000,,,0,0,14400,0,0,750,9.1,19.4,10.3,13.4,2,3,2.4
"2026/01/14","2026/01/16","2373","ケア２１","東証およびＰＴＳ",,"確報",400,0,900,0,0,0,900,175200,0,394200,0,0,0,394200,,,0,0,2000,0,0,0,9,5.4,27,9,0,0,0
"2026/01/14","2026/01/16","2374","セントケアＨＤ","東証およびＰＴＳ",,"確報",0,0,100,0,0,0,100,0,0,121000,0,0,0,121000,,,0,0,0,0,0,0,0,0,0,0,0,0,0
"2026/01/14","2026/01/16","2375","ギグワークス","東証およびＰＴＳ",,"確報",0,2500,20900,0,0,0,20900,0,572500,4786100,0,0,0,4786100,,,0,0,70200,0,0,0,16.2,22.2,12.8,16.2,0,0,0
"2026/01/14","2026/01/16","2376","サイネックス","東証およびＰＴＳ",,"確報",0,0,3100,0,0,0,3100,0,0,2306400,0,0,0,2306400,,,0,0,0,3100,0,0,149,74.5,0,149,0,0,0
"2026/01/14","2026/01/16","2378","ルネサンス","東証およびＰＴＳ",,"確報",1900,0,73000,1200,100,81400,-8400,2122300,0,81541000,1340400,111700,90923800,-9382800,,,0,0,568800,0,0,642400,50.6,44.6,77.8,56.7,26.8,159.7,45.9
"2026/01/14","2026/01/16","2379","ディップ","東証およびＰＴＳ",,"確報",3200,0,9500,2100,500,7400,2100,7024000,0,20852500,4609500,1097500,16243000,4609500,,,0,0,0,409500,377000,0,9.1,5.9,9.3,7.2,11.1,14.8,12.6
"2026/01/14","2026/01/16","237A","ｉＳ米国債二十五","東証およびＰＴＳ",,"確報",700,0,9340,0,0,0,9340,116060,0,1548572,0,0,0,1548572,,,0,0,5184,0,0,0,11.1,5.6,0,11.1,0,0,0
"2026/01/14","2026/01/16","2384","ＳＢＳＨＤ","東証およびＰＴＳ",,"確報",0,200,1600,0,0,100,1500,0,773000,6184000,0,0,386500,5797500,,,0,0,0,54000,3000,0,10.9,17.8,17.8,17.8,1.3,1,1.1
"2026/01/14","2026/01/16","2385","総医研ＨＤ","東証およびＰＴＳ",,"確報",3200,4000,46400,0,0,0,46400,774400,968000,11228800,0,0,0,11228800,,,0,0,47200,0,0,0,23.1,23.3,22.9,23.1,0,0,0
"2026/01/14","2026/01/16","2388","ウェッジＨＤ","東証およびＰＴＳ",,"確報",0,200,50800,0,0,0,50800,0,13000,3302000,0,0,0,3302000,,,0,0,0,0,0,0,15,124.9,8,15,0,0,0
"2026/01/14","2026/01/16","2389","デジタルＨＤ","東証およびＰＴＳ",,"確報",100,100,1600,0,0,36100,-34500,201400,201400,3222400,0,0,72705400,-69483000,,,0,0,0,1600,36100,0,269.9,21,16.8,18.7,0,361,722
"2026/01/14","2026/01/16","238A","ｉＳ米国債二十五ヘジ","東証およびＰＴＳ",,"確報",0,30,30760,0,0,0,30760,0,4182,4287944,0,0,0,4287944,,,0,0,9237,0,0,0,6.8,4.7,12.2,6.8,0,0,0
"2026/01/14","2026/01/16","2391","プラネット","東証およびＰＴＳ",,"確報",0,0,2400,0,0,0,2400,0,0,3100800,0,0,0,3100800,,,0,0,21600,0,0,0,34,29.8,39.7,34,0,0,0
"2026/01/14","2026/01/16","2393","日本ケアサプライ","東証およびＰＴＳ",,"確報",0,0,1300,0,0,0,1300,0,0,3094000,0,0,0,3094000,,,0,0,5200,0,0,0,32,16,0,32,0,0,0
"2026/01/14","2026/01/16","2395","新日本科学","東証およびＰＴＳ",,"確報",200,600,142900,100,0,52400,90500,324800,974400,232069600,162400,0,85097600,146972000,,,0,0,1289700,0,0,470700,159.5,85.5,284,131.5,875.7,238.8,375.3
"2026/01/14","2026/01/16","2404","鉄人化ＨＤ","東証およびＰＴＳ",,"確報",1000,900,6600,400,0,6900,-300,499000,449100,3293400,199600,0,3443100,-149700,,,0,0,0,0,0,0,22.2,12.9,13.4,13.1,47.4,110.7,66.4
"2026/01/14","2026/01/16","2408","ＫＧ情報","東証およびＰＴＳ",,"確報",0,0,1300,0,0,0,1300,0,0,890500,0,0,0,890500,,,0,0,1300,0,0,0,59,29.5,0,59,0,0,0
"2026/01/14","2026/01/16","2410","キャリアＤセンタ","東証およびＰＴＳ",,"確報",700,0,9300,0,0,0,9300,1781500,0,23668500,0,0,0,23668500,,,0,0,223600,0,0,0,39.5,34.8,56.6,43.1,1,1,1
"2026/01/14","2026/01/16","2411","ゲンダイエージェンシ","東証およびＰＴＳ",,"確報",1400,700,7300,0,0,0,7300,679000,339500,3540500,0,0,0,3540500,,,0,0,33000,0,0,0,22.7,15.1,45.4,22.7,0,0,0
"2026/01/14","2026/01/16","2413","エムスリー","東証およびＰＴＳ",,"確報",1500,7300,198800,800,0,800,198000,3147000,15315400,417082400,1678400,0,1678400,415404000,,,0,0,0,8797800,0,0,47.5,53.6,44.5,48.6,1,9,1.8
"2026/01/14","2026/01/16","2415","ヒューマンＨＤ","東証およびＰＴＳ",,"確報",0,0,2200,0,0,0,2200,0,0,4202000,0,0,0,4202000,,,0,0,0,33000,0,0,110,0,55,110,0,0,0
"2026/01/14","2026/01/16","2418","ツカダグローバルＨＤ","東証およびＰＴＳ",,"確報",5200,300,37100,0,0,6200,30900,3062800,176700,21851900,0,0,3651800,18200100,,,0,0,0,161000,31000,0,22,19.4,19.6,19.5,102,61.2,76.5
"2026/01/14","2026/01/16","241A","ＲＯＸＸ","東証およびＰＴＳ",,"確報",13500,15600,103600,0,2100,103600,0,8775000,10140000,67340000,0,1365000,67340000,0,,,0,0,951300,0,0,951300,6.7,5.3,4.2,4.7,15.7,9.1,11.5
"2026/01/14","2026/01/16","2424","ブラス","東証およびＰＴＳ",,"確報",0,0,700,0,0,0,700,0,0,464800,0,0,0,464800,,,0,0,0,0,0,0,21.5,0,10.8,21.5,0,0,0
"2026/01/14","2026/01/16","2425","ケアサービス","東証およびＰＴＳ",,"確報",0,0,2200,0,0,0,2200,0,0,1768800,0,0,0,1768800,,,0,0,0,2200,0,0,0,0,0,0,0,0,0
"2026/01/14","2026/01/16","2428","ウェルネット","東証およびＰＴＳ",,"確報",800,0,15200,100,200,6200,9000,527200,0,10016800,65900,131800,4085800,5931000,,,0,0,0,28800,12600,0,16.8,24.7,691,47.7,5.3,9.4,6.7
"2026/01/14","2026/01/16","2429","ワールドＨＤ","東証およびＰＴＳ",,"確報",0,1400,17900,14400,0,15300,2600,0,3917200,50084200,40291200,0,42809400,7274800,,,0,0,965000,0,0,45000,11.5,82.9,24.3,37.5,1.3,63,2.5
"2026/01/14","2026/01/16","2432","ディー・エヌ・エー","東証およびＰＴＳ",,"確報",600,2500,154500,1800,800,7400,147100,1530000,6375000,393975000,4590000,2040000,18870000,375105000,,,0,0,0,2189600,89600,0,15.8,156.6,9.7,18.2,4.9,5,4.9
"2026/01/14","2026/01/16","2433","博報堂ＤＹＨＤ","東証およびＰＴＳ",,"確報",700,2700,17200,100,3300,19300,-2100,844200,3256200,20743200,120600,3979800,23275800,-2532600,,,0,0,0,278400,326250,0,12.1,5.6,19.2,8.7,11.6,27.9,16.4
"2026/01/14","2026/01/16","2435","シダー","東証およびＰＴＳ",,"確報",0,100,1700,0,0,0,1700,0,21300,362100,0,0,0,362100,,,0,0,0,0,0,0,92,0,46,92,0,0,0
"2026/01/14","2026/01/16","2436","共同ピーアール","東証およびＰＴＳ",,"確報",200,0,3000,0,0,0,3000,206000,0,3090000,0,0,0,3090000,,,0,0,0,14000,0,0,10.2,5.1,0,10.2,0,0,0
"2026/01/14","2026/01/16","2437","シンワワイズ","東証およびＰＴＳ",,"確報",300,200,31300,0,0,0,31300,118200,78800,12332200,0,0,0,12332200,,,0,0,124800,0,0,0,48.5,69.5,37.2,48.5,0,0,0
"2026/01/14","2026/01/16","2438","アスカネット","東証およびＰＴＳ",,"確報",5000,4900,98700,100,0,98700,0,1865000,1827700,36815100,37300,0,36815100,0,,,0,0,493000,0,0,493000,8.3,4.3,4.6,4.5,39.3,104.3,57.1
"2026/01/14","2026/01/16","2440","ぐるなび","東証およびＰＴＳ",,"確報",14100,231200,140500,600,0,358200,-217700,2382900,39072800,23744500,101400,0,60535800,-36791300,,,0,0,0,0,0,0,6.3,2.6,2.5,2.6,312.1,209.3,250.6
"2026/01/14","2026/01/16","2445","タカミヤ","東証およびＰＴＳ",,"確報",0,1000,25500,0,0,6800,18700,0,455000,11602500,0,0,3094000,8508500,,,0,0,238500,0,0,61200,53.5,43.4,46.3,44.8,341,170.5,227.3
"2026/01/14","2026/01/16","2449","プラップジャパン","東証およびＰＴＳ",,"確報",0,0,1200,0,0,0,1200,0,0,1440000,0,0,0,1440000,,,0,0,0,7200,0,0,42.7,64,32,42.7,0,0,0
"2026/01/14","2026/01/16","244A","グロースエクスパ","東証およびＰＴＳ",,"確報",500,0,3500,0,0,0,3500,865000,0,6055000,0,0,0,6055000,,,0,0,0,138000,0,0,18.5,13.5,29.6,18.5,0,0,0
"2026/01/14","2026/01/16","2454","オールアバウト","東証およびＰＴＳ",,"確報",0,100,2900,0,0,0,2900,0,39800,1154200,0,0,0,1154200,,,0,0,0,0,0,0,146,146,146,146,0,0,0
"2026/01/14","2026/01/16","2459","アウンコンサル","東証およびＰＴＳ",,"確報",0,11000,9900,0,0,0,9900,0,2585000,2326500,0,0,0,2326500,,,0,0,0,146300,0,0,4.4,6.5,3.4,4.4,0,0,0
"2026/01/14","2026/01/16","245A","ＩＮＧＳ","東証およびＰＴＳ",,"確報",0,0,100,0,0,0,100,0,0,310000,0,0,0,310000,,,0,0,2500,0,0,0,0,0,0,0,0,0,0
"2026/01/14","2026/01/16","2461","ファンコミュニ","東証およびＰＴＳ",,"確報",0,2200,35900,1800,0,42200,-6300,0,1124200,18344900,919800,0,21564200,-3219300,,,0,0,38100,0,0,40400,45.6,89.8,43.8,58.9,28,56.8,37.5
"2026/01/14","2026/01/16","2462","ライク","東証およびＰＴＳ",,"確報",800,600,3400,200,0,3400,0,1236000,927000,5253000,309000,0,5253000,0,,,0,0,48000,0,0,48000,9.5,5,6.4,5.6,17.1,154,30.8
"2026/01/14","2026/01/16","2464","Ａｏｂａ‐ＢＢＴ","東証およびＰＴＳ",,"確報",100,0,2200,0,0,0,2200,33800,0,743600,0,0,0,743600,,,0,0,0,2100,0,0,212,106,0,212,0,0,0
"2026/01/14","2026/01/16","2469","ヒビノ","東証およびＰＴＳ",,"確報",0,0,3500,0,0,0,3500,0,0,10535000,0,0,0,10535000,,,0,0,98000,0,0,0,0,0,0,0,0,0,0
"2026/01/14","2026/01/16","246A","アスア","東証およびＰＴＳ",,"確報",0,400,3600,0,0,0,3600,0,245600,2210400,0,0,0,2210400,,,0,0,0,8000,0,0,24.9,18.7,37.4,24.9,0,0,0
"2026/01/14","2026/01/16","2471","エスプール","東証およびＰＴＳ",,"確報",0,0,154700,0,0,7700,147000,0,0,42851900,0,0,2132900,40719000,,,0,0,0,0,0,0,44.3,31.2,191,53.6,3.9,136,7.6
"2026/01/14","2026/01/16","2475","ＷＤＢＨＤ","東証およびＰＴＳ",,"確報",0,100,2200,0,100,2200,0,0,166600,3665200,0,166600,3665200,0,,,0,0,23000,0,0,23000,45.6,57,38,45.6,57,38,45.6
"2026/01/14","2026/01/16","2477","手間いらず","東証およびＰＴＳ",,"確報",100,0,3100,100,0,3100,0,314000,0,9734000,314000,0,9734000,0,,,0,0,0,0,0,0,76,50.7,50.7,50.7,152,152,152
"2026/01/14","2026/01/16","2479","ジェイテック","東証およびＰＴＳ",,"確報",0,500,7000,0,0,0,7000,0,125500,1757000,0,0,0,1757000,,,0,0,0,7500,0,0,15.6,207,8.1,15.6,0,0,0
"2026/01/14","2026/01/16","247A","Ａｉ　ロボティクス","東証およびＰＴＳ",,"確報",16000,0,789100,0,0,0,789100,22128000,0,1091325300,0,0,0,1091325300,,,0,0,0,76536900,0,0,66.4,40.2,191,66.4,0,0,0
"2026/01/14","2026/01/16","2480","システムロケーション","東証およびＰＴＳ",,"確報",0,100,1100,0,0,0,1100,0,169100,1860100,0,0,0,1860100,,,0,0,0,1200,0,0,38,57,28.5,38,0,0,0
"2026/01/14","2026/01/16","2481","タウンニュース社","東証およびＰＴＳ",,"確報",0,0,100,0,0,0,100,0,0,69200,0,0,0,69200,,,0,0,0,0,0,0,4,2,0,4,0,0,0
"2026/01/14","2026/01/16","2483","翻訳センター","東証およびＰＴＳ",,"確報",300,0,1200,0,0,0,1200,586200,0,2344800,0,0,0,2344800,,,0,0,12600,0,0,0,10.8,6.1,43,10.8,0,0,0
"2026/01/14","2026/01/16","2484","出前館","東証およびＰＴＳ",,"確報",41100,0,551100,113000,100,622900,-71800,5795100,0,77705100,15933000,14100,87828900,-10123800,,,0,0,0,1020000,1020000,0,15.1,8.9,9.7,9.3,23.2,126.2,39.2
"2026/01/14","2026/01/16","2485","ティア","東証およびＰＴＳ",,"確報",0,100,12400,0,0,200,12200,0,51500,6386000,0,0,103000,6283000,,,0,0,12500,0,0,200,32,60.2,22.8,33.1,5,0,10
"2026/01/14","2026/01/16","2488","ＪＴＰ","東証およびＰＴＳ",,"確報",200,0,12000,0,0,0,12000,280000,0,16800000,0,0,0,16800000,,,0,0,0,23600,0,0,62.9,37.7,188.7,62.9,0,0,0
"2026/01/14","2026/01/16","2489","アドウェイズ","東証およびＰＴＳ",,"確報",23300,4000,190100,19300,0,190100,0,6127900,1052000,49996300,5075900,0,49996300,0,,,0,0,0,683200,683200,0,19.3,19,16.2,17.5,24,19.6,21.6
"2026/01/14","2026/01/16","248A","キッズスター","東証およびＰＴＳ",,"確報",0,0,5200,0,0,0,5200,0,0,9287200,0,0,0,9287200,,,0,0,0,72800,0,0,38.5,25,83.3,38.5,0,0,0
"2026/01/14","2026/01/16","2491","バリューコマース","東証およびＰＴＳ",,"確報",131900,600,280700,8300,0,337100,-56400,88373000,402000,188069000,5561000,0,225857000,-37788000,,,0,0,0,448200,986400,0,8.3,2.9,4.5,3.5,71.4,857.2,131.9
"2026/01/14","2026/01/16","2492","インフォマート","東証およびＰＴＳ",,"確報",9700,19200,178500,9200,18700,178500,0,4103100,8121600,75505500,3891600,7910100,75505500,0,,,0,0,564000,0,0,564000,15.9,13.3,17.3,15,14.7,19.7,16.8
"2026/01/14","2026/01/16","2493","イーサポートリンク","東証およびＰＴＳ",,"確報",0,100,700,0,0,0,700,0,97600,683200,0,0,0,683200,,,0,0,0,3200,0,0,24,18,36,24,0,0,0
"2026/01/14","2026/01/16","2497","ユナイテッド","東証およびＰＴＳ",,"確報",5000,4100,118100,300,0,233400,-115300,2640000,2164800,62356800,158400,0,123235200,-60878400,,,0,0,586000,0,0,1165500,100.5,40.6,32.4,36,1059.3,1165.2,1109.7
"2026/01/14","2026/01/16","2498","オリコンＨＤ","東証およびＰＴＳ",,"確報",0,0,4700,0,0,0,4700,0,0,15439500,0,0,0,15439500,,,0,0,0,23500,0,0,48.9,36.7,73.3,48.9,0,0,0
"2026/01/14","2026/01/16","2499","日本和装ＨＤ","東証およびＰＴＳ",,"確報",0,0,200,0,0,0,200,0,0,73400,0,0,0,73400,,,0,0,200,0,0,0,6.4,0,3.2,6.4,0,0,0
"2026/01/14","2026/01/16","2501","サッポロＨＤ","東証およびＰＴＳ",,"確報",0,17700,19000,56000,14100,276400,-257400,0,26523450,28471500,83916000,21128850,414185400,-385713900,,,0,0,0,165150,1055250,0,4.1,2,2.3,2.2,6.1,3.7,4.6
"2026/01/14","2026/01/16","2502","アサヒグループＨＤ","東証およびＰＴＳ",,"確報",400,3500,272500,0,0,1400,271100,664000,5810000,452350000,0,0,2324000,450026000,,,0,0,2204800,0,0,11200,44.6,62.9,44.1,51.9,3.2,2.7,2.9
"2026/01/14","2026/01/16","2503","キリンＨＤ","東証およびＰＴＳ",,"確報",400,2000,23200,0,7100,16200,7000,952800,4764000,55262400,0,16912200,38588400,16674000,,,0,0,322400,0,0,302900,11.8,19.9,12.2,15.2,16.4,6.5,9.3
"2026/01/14","2026/01/16","250A","シマダヤ","東証およびＰＴＳ",,"確報",0,100,4000,0,0,0,4000,0,177000,7080000,0,0,0,7080000,,,0,0,0,82000,0,0,408,0,204,408,0,0,0
"2026/01/14","2026/01/16","2510","ＮＦ国内債券","東証およびＰＴＳ",,"確報",0,0,0,4320,10,4650,-4650,0,0,0,3607632,8351,3883215,-3883215,,,0,0,0,0,0,544,2.1,1,1,1,1.3,7.6,2.2
"2026/01/14","2026/01/16","2511","ＮＦ外債ヘッジ無","東証およびＰＴＳ",,"確報",0,10,10,0,10,10,0,0,12010,12010,0,12010,12010,0,,,0,0,80,0,0,80,4.7,7,3.5,4.7,7,3.5,4.7
"2026/01/14","2026/01/16","2512","ＮＦ外債ヘッジ有","東証およびＰＴＳ",,"確報",0,0,10,0,0,10,0,0,0,7539,0,0,7539,0,,,0,0,29,0,0,29,0,0,0,0,0,0,0
"2026/01/14","2026/01/16","2513","ＮＦ外株ヘッジ無","東証およびＰＴＳ",,"確報",0,0,0,0,0,244,-244,0,0,0,0,0,803736,-803736,,,0,0,0,0,488,0,28,0,0,0,42,21,28
"2026/01/14","2026/01/16","2514","ＮＦ外株ヘッジ有","東証およびＰＴＳ",,"確報",0,0,7,0,0,8,-1,0,0,13265,0,0,15160,-1895,,,0,0,0,28,32,0,75,0,0,0,40,40,40
"2026/01/14","2026/01/16","2515","ＮＦ外ＲＥＩＴヘ無","東証およびＰＴＳ",,"確報",0,0,10,0,0,10,0,0,0,15240,0,0,15240,0,,,0,0,80,0,0,80,0,0,0,0,0,0,0
"2026/01/14","2026/01/16","2516","東証グロース２５０","東証およびＰＴＳ",,"確報",365410,0,568340,25870,38960,452210,116130,203167960,0,315997040,14383720,21661760,251428760,64568280,,,0,0,0,1014650,2326500,0,4.2,2.3,2.2,2.2,10.5,16.5,12.8
"2026/01/14","2026/01/16","2517","ＭＸＳＪリートコア","東証およびＰＴＳ",,"確報",0,0,10,0,0,10,0,0,0,12465,0,0,12465,0,,,0,0,110,0,0,110,2.7,4,4,4,2,2,2
"2026/01/14","2026/01/16","2518","ＮＦ日本株女性活躍","東証およびＰＴＳ",,"確報",0,0,1,0,0,0,1,0,0,2075,0,0,0,2075,,,0,0,20,0,0,0,1.4,1.8,2.3,2,1,1,1
"2026/01/14","2026/01/16","2519","ＮＦ新興国債券ヘ無","東証およびＰＴＳ",,"確報",0,0,50,0,0,0,50,0,0,60050,0,0,0,60050,,,0,0,200,0,0,0,18.7,0,9.3,18.7,0,0,0
"2026/01/14","2026/01/16","2520","ＮＦ新興国株式ヘ無","東証およびＰＴＳ",,"確報",0,0,60,0,0,0,60,0,0,123060,0,0,0,123060,,,0,0,0,180,0,0,16.8,0,0,0,6.3,2.9,4
"2026/01/14","2026/01/16","2521","上場米国ヘッジあり","東証およびＰＴＳ",,"確報",812,235,1924,0,3353,1,1923,1638616,474230,3882632,0,6766354,2018,3880614,,,0,0,0,4041,10062,0,3.5,2.6,3.4,2.9,4.6,3.7,4.1
"2026/01/14","2026/01/16","2522","ｉＳロボット","東証およびＰＴＳ",,"確報",0,2,167,0,1,0,167,0,14358,1198893,0,7179,0,1198893,,,0,0,13520,0,0,80,8.4,174.8,4.3,8.5,4,4,4
"2026/01/14","2026/01/16","2523","ＭＸＳトピ除く金融","東証およびＰＴＳ",,"確報",0,0,0,0,0,0,0,0,0,0,0,0,0,0,,,0,0,0,0,0,0,0,0,0,0,0,0,0
"2026/01/14","2026/01/16","2524","ＮＺＡＭ　ＴＰＸ","東証およびＰＴＳ",,"確報",0,0,0,0,0,0,0,0,0,0,0,0,0,0,,,0,0,0,0,0,0,0,0,0,0,0,0,0
"2026/01/14","2026/01/16","2525","ＮＺＡＭ　２２５","東証およびＰＴＳ",,"確報",0,14,0,0,0,23,-23,0,768460,0,0,0,1262470,-1262470,,,0,0,9800,0,0,16100,22.9,0,4,8,0,116,232
"2026/01/14","2026/01/16","2526","ＮＺＡＭ　４００","東証およびＰＴＳ",,"確報",0,0,0,0,0,0,0,0,0,0,0,0,0,0,,,0,0,0,0,0,0,0,0,0,0,0,0,0
"2026/01/14","2026/01/16","2527","ＮＺＡＭＪリートコア","東証およびＰＴＳ",,"確報",0,0,0,0,18300,0,0,0,0,0,0,22627950,0,0,,,0,0,0,0,420900,0,1,0,0,0,1,1,1
"2026/01/14","2026/01/16","2528","ｉＦＪリートコア","東証およびＰＴＳ",,"確報",0,0,1,0,0,1,0,0,0,1237,0,0,1237,0,,,0,0,2,0,0,2,0,0,0,0,0,0,0
"2026/01/14","2026/01/16","2529","ＮＦ株主還元７０","東証およびＰＴＳ",,"確報",0,0,1320,0,0,0,1320,0,0,2805000,0,0,0,2805000,,,0,0,15840,0,0,0,0,0,0,0,0,0,0
"2026/01/14","2026/01/16","2530","ＭＸＳ中国Ａ株１８０","東証およびＰＴＳ",,"確報",0,0,0,0,0,0,0,0,0,0,0,0,0,0,,,0,0,0,0,0,0,0,0,0,0,0,0,0
"2026/01/14","2026/01/16","2531","宝ホールディングス","東証およびＰＴＳ",,"確報",2400,4400,59600,800,1200,126200,-66600,3978000,7293000,98787000,1326000,1989000,209176500,-110389500,,,0,0,0,677600,1392600,0,39.7,21,27.2,23.7,53,70.1,60.4
"2026/01/14","2026/01/16","2533","オエノンＨＤ","東証およびＰＴＳ",,"確報",0,1200,26800,0,1800,26800,0,0,609600,13614400,0,914400,13614400,0,,,0,0,196000,0,0,200200,37.5,19.5,41.5,26.6,87.8,46.8,61.1
"2026/01/14","2026/01/16","253A","ＥＴＳグループ","東証およびＰＴＳ",,"確報",0,900,30800,0,400,8100,22700,0,1037700,35512400,0,461200,9339300,26173100,,,0,0,348700,0,0,93500,17.2,48.3,10.8,17.6,71.2,8.9,15.8
"2026/01/14","2026/01/16","2540","養命酒製造","東証およびＰＴＳ",,"確報",500,0,12500,0,0,1600,10900,2227500,0,55687500,0,0,7128000,48559500,,,0,0,0,240000,32000,0,13.6,24.1,19.1,21.3,0,1.8,3.5
"2026/01/14","2026/01/16","254A","ＡＩフュージョンＣＧ","東証およびＰＴＳ",,"確報",0,100,12200,0,0,0,12200,0,92500,11285000,0,0,0,11285000,,,0,0,12300,0,0,0,54.3,624,28.4,54.3,0,0,0
"2026/01/14","2026/01/16","2552","上場ＪリートＭ","東証およびＰＴＳ",,"確報",0,0,0,0,0,0,0,0,0,0,0,0,0,0,,,0,0,0,0,0,0,0,0,0,0,0,0,0
"2026/01/14","2026/01/16","2553","Ｏｎｅ・ＣＳＩ５００","東証およびＰＴＳ",,"確報",0,0,1660,0,0,0,1660,0,0,4174070,0,0,0,4174070,,,0,0,0,29050,0,0,4.8,3.7,7,4.8,0,0,0
"2026/01/14","2026/01/16","2554","ＮＦ米社債ヘ有","東証およびＰＴＳ",,"確報",0,0,10,0,0,0,10,0,0,7786,0,0,0,7786,,,0,0,8,0,0,0,10,0,0,0,0,0,0
"2026/01/14","2026/01/16","2555","東証ＲＥＩＴ－ＥＴＦ","東証およびＰＴＳ",,"確報",0,0,0,0,0,0,0,0,0,0,0,0,0,0,,,0,0,0,0,0,0,1,1,1,1,1,1,1
"2026/01/14","2026/01/16","2556","Ｏｎｅ・Ｊリート","東証およびＰＴＳ",,"確報",90,0,350,20,20,60,290,188460,0,732900,41880,41880,125640,607260,,,0,0,2860,0,0,660,0.1,2.4,4.7,3.2,1.7,0,0
"2026/01/14","2026/01/16","2557","ＳＭＤＡＭトピックス","東証およびＰＴＳ",,"確報",0,0,0,10,0,10,-10,0,0,0,36680,0,36680,-36680,,,0,0,0,0,0,0,0.3,0,0,0,3,0.2,0.3
"2026/01/14","2026/01/16","2558","ＭＸＳ米株ＳＰ５００","東証およびＰＴＳ",,"確報",160,2,2628,380,222,2628,0,5088000,63600,83570400,12084000,7059600,83570400,0,,,0,0,0,24700,24700,0,7.5,5.4,5.1,5.3,15,12.6,13.7
"2026/01/14","2026/01/16","2559","ＭＸＳ全世界株式","東証およびＰＴＳ",,"確報",66,99,175,0,60,148,27,1791570,2687355,4750375,0,1628700,4017460,732915,,,0,0,14560,0,0,14560,8.1,11.3,4.3,6.3,0,5.9,11.7
"2026/01/14","2026/01/16","255A","ジーエルテクノＨＤ","東証およびＰＴＳ",,"確報",0,0,6400,100,100,200,6200,0,0,20768000,324500,324500,649000,20119000,,,0,0,512000,0,0,16000,81.5,159,159,159,4,4,4
"2026/01/14","2026/01/16","2560","ＭＸＳカーボン日本株","東証およびＰＴＳ",,"確報",0,100,2,0,0,0,2,0,4835000,96700,0,0,0,96700,,,0,0,0,14280,0,0,1.1,1.1,1.1,1.1,0,0,0
"2026/01/14","2026/01/16","2561","ｉＳ日本国債","東証およびＰＴＳ",,"確報",24,0,788,55,0,2519,-1731,50040,0,1642980,114675,0,5252115,-3609135,,,0,0,3820,0,0,12320,6.9,16.5,3.1,5.3,8.4,10.1,9.2
"2026/01/14","2026/01/16","2562","上場ダウヘッジあり","東証およびＰＴＳ",,"確報",313,14,1108,0,103,2146,-1038,1089866,48748,3858056,0,358646,7472372,-3614316,,,0,0,0,26697,74217,0,4.7,4.1,7.1,5.2,15.9,2.6,4.4
"2026/01/14","2026/01/16","2563","ｉＳＳＰ５百米株ヘジ","東証およびＰＴＳ",,"確報",1000,1000,288310,23340,1900,467460,-179150,376000,376000,108404560,8775840,714400,175764960,-67360400,,,0,0,0,288310,446020,0,58.3,197.9,180.1,188.6,39.4,42.5,40.9
"2026/01/14","2026/01/16","2564","ＧＸスーパーディビ","東証およびＰＴＳ",,"確報",0,0,0,0,0,0,0,0,0,0,0,0,0,0,,,0,0,0,0,0,0,2,0,1,2,0,0,0
"2026/01/14","2026/01/16","2565","ＧＸロジＪリート","東証およびＰＴＳ",,"確報",0,0,2,0,0,0,2,0,0,2020,0,0,0,2020,,,0,0,0,10,0,0,1,1,1,1,2.1,1.8,1.9
"2026/01/14","2026/01/16","2566","上場ＥＳＧリート","東証およびＰＴＳ",,"確報",0,0,1,0,0,0,1,0,0,1152,0,0,0,1152,,,0,0,6,0,0,0,0.2,1,0.5,0.7,0,0,0
"2026/01/14","2026/01/16","2567","ＮＺＡＭ　カーボン","東証およびＰＴＳ",,"確報",40,60,90,0,620,270,-180,19264,28896,43344,0,298592,130032,-86688,,,0,0,0,2057,16643,0,3.2,2.3,4.1,3,3.3,3.1,3.2
"2026/01/14","2026/01/16","2568","上場ＮＳＱ１００ヘ無","東証およびＰＴＳ",,"確報",12,14743,130,155,760,1522,-1392,84120,103348430,911300,1086550,5327600,10669220,-9757920,,,0,0,0,104027,14889,0,1.4,1.2,1,1.1,3.3,6.7,4.4
"2026/01/14","2026/01/16","2569","上場ＮＳＱ１００ヘ有","東証およびＰＴＳ",,"確報",0,0,250,0,0,200,50,0,0,953750,0,0,763000,190750,,,0,0,0,2500,2000,0,6.7,0,2.9,5.9,0,0,0
"2026/01/14","2026/01/16","256A","飛島ホールディングス","東証およびＰＴＳ",,"確報",3100,4200,21800,100,100,21800,0,7762400,10516800,54587200,250400,250400,54587200,0,,,0,0,251900,0,0,239800,18.7,11.6,9.6,10.5,110.8,79.1,92.3
"2026/01/14","2026/01/16","2573","北海道コカ・コーラ","東証およびＰＴＳ",,"確報",0,100,500,0,0,0,500,0,395000,1975000,0,0,0,1975000,,,0,0,9000,0,0,0,12,30,7.5,12,0,0,0
"2026/01/14","2026/01/16","2579","コカ・コーラＢＪＨ","東証およびＰＴＳ",,"確報",100,500,19200,2700,100,44400,-25200,333600,1668000,64051200,9007200,333600,148118400,-84067200,,,0,0,352800,0,0,752400,13.3,8.2,15.6,10.8,16.9,12.9,14.6
"2026/01/14","2026/01/16","257A","ＳＭＴ　日本株厳選投","東証およびＰＴＳ",,"確報",0,0,2,0,0,0,2,0,0,5882,0,0,0,5882,,,0,0,86,0,0,0,0,0,0,0,0,0,0
"2026/01/14","2026/01/16","2585","ライフドリンクＣ","東証およびＰＴＳ",,"確報",100,700,44900,0,100,600,44300,168600,1180200,75701400,0,168600,1011600,74689800,,,0,0,0,1683500,25900,0,76.6,53.4,182.4,82.6,16,10.7,12.8
"2026/01/14","2026/01/16","2586","フルッタフルッタ","東証およびＰＴＳ",,"確報",36800,518500,1104100,0,0,0,1104100,5372800,75701000,161198600,0,0,0,161198600,,,0,0,9514800,0,0,0,12,19.4,8.6,12,0,0,0
"2026/01/14","2026/01/16","2587","サントリー食品インタ","東証およびＰＴＳ",,"確報",1000,700,2300,600,100,2300,0,4889000,3422300,11244700,2933400,488900,11244700,0,,,0,0,102000,0,0,91800,2,1.5,1.5,1.5,5.9,8.2,6.9
"2026/01/14","2026/01/16","2588","ＰウォーターＨＤ","東証およびＰＴＳ",,"確報",0,300,2200,0,0,0,2200,0,1008000,7392000,0,0,0,7392000,,,0,0,0,12500,0,0,81.3,0,40.7,81.3,0,0,0
"2026/01/14","2026/01/16","258A","ＳＭＴ　内リート厳選","東証およびＰＴＳ",,"確報",0,0,1,0,0,0,1,0,0,2325,0,0,0,2325,,,0,0,4,0,0,0,1.5,1.6,1.3,1.5,0,0,0
"2026/01/14","2026/01/16","2590","ＤｙＤｏ","東証およびＰＴＳ",,"確報",0,200,4200,37900,30300,133700,-129500,0,511400,10739400,96910300,77477100,341870900,-331131500,,,0,0,39600,0,0,1134900,8.8,17.3,3.8,6.2,6.7,14.1,9.1
"2026/01/14","2026/01/16","2593","伊藤園","東証およびＰＴＳ",,"確報",500,0,22900,2900,0,22700,200,1530500,0,70096900,8876900,0,69484700,612200,,,0,0,358400,0,0,316800,33.9,46.6,101.6,63.9,15.3,37.9,21.8
"2026/01/14","2026/01/16","25935","伊藤園第１種優先株式","東証およびＰＴＳ",,"確報",0,1200,9000,0,0,0,9000,0,2199600,16497000,0,0,0,16497000,,,0,0,0,10200,0,0,24.2,71.1,14.6,24.2,0,0,0
"2026/01/14","2026/01/16","2594","キーコーヒー","東証およびＰＴＳ",,"確報",0,1000,7400,1300,100,52600,-45200,0,2003000,14822200,2603900,200300,105357800,-90535600,,,0,0,8400,0,0,51400,64.5,62.6,13.3,21.9,61.7,230.1,97.3
"2026/01/14","2026/01/16","2597","ユニカフェ","東証およびＰＴＳ",,"確報",100,0,600,0,0,0,600,103000,0,618000,0,0,0,618000,,,0,0,3500,0,0,0,6.3,4.4,11,6.3,0,0,0
"2026/01/14","2026/01/16","2602","日清オイリオグループ","東証およびＰＴＳ",,"確報",0,0,400,1000,0,17700,-17300,0,0,2168000,5420000,0,95934000,-93766000,,,0,0,8000,0,0,334000,43.9,7.8,5.2,6.2,47,70.5,56.4
"2026/01/14","2026/01/16","2607","不二製油","東証およびＰＴＳ",,"確報",400,400,12100,400,0,9700,2400,1526400,1526400,46173600,1526400,0,37015200,9158400,,,0,0,0,12100,9300,0,29.7,32.8,28.1,30.3,36.8,23.9,29
"2026/01/14","2026/01/16","2612","かどや製油","東証およびＰＴＳ",,"確報",0,0,500,0,0,0,500,0,0,2002500,0,0,0,2002500,,,0,0,0,0,0,0,44,22,0,44,0,0,0
"2026/01/14","2026/01/16","2613","Ｊ－オイルミルズ","東証およびＰＴＳ",,"確報",200,600,4600,1200,0,31700,-27100,410800,1232400,9448400,2464800,0,65111800,-55663400,,,0,0,90000,0,0,549000,43.7,34.9,5.7,9.8,76.4,138.8,98.5
"2026/01/14","2026/01/16","261A","日水コン","東証およびＰＴＳ",,"確報",3300,3000,32900,0,0,0,32900,8322600,7566000,82973800,0,0,0,82973800,,,0,0,1336600,0,0,0,29.9,29.4,30.4,29.9,0,0,0
"2026/01/14","2026/01/16","2620","ｉＳ米国債一三","東証およびＰＴＳ",,"確報",0,0,310,0,10,30,280,0,0,114886,0,3706,11118,103768,,,0,0,279,0,0,36,1.9,1.5,1.5,1.5,3.2,1.9,2.4
"2026/01/14","2026/01/16","2621","ｉＳ米国債二十へジ","東証およびＰＴＳ",,"確報",0,2150,80120,0,0,0,80120,0,2315550,86289240,0,0,0,86289240,,,0,0,164540,0,0,0,53.5,31.9,173.5,53.9,1,1,1
"2026/01/14","2026/01/16","2622","ｉＳ新興国債券へジ","東証およびＰＴＳ",,"確報",0,0,17,0,0,0,17,0,0,29801,0,0,0,29801,,,0,0,0,34,0,0,6,3,0,6,0,0,0
"2026/01/14","2026/01/16","2623","ｉＳユロＩＧ社債ヘジ","東証およびＰＴＳ",,"確報",0,0,0,0,0,0,0,0,0,0,0,0,0,0,,,0,0,0,0,0,0,0,0,0,0,0,0,0
"2026/01/14","2026/01/16","2624","ｉＦ２２５年４","東証およびＰＴＳ",,"確報",0,99,200,1,0,1,199,0,541233,1093400,5467,0,5467,1087933,,,0,0,23023,0,0,0,3.8,18,7.2,10.3,1,1,1
"2026/01/14","2026/01/16","2625","ｉＦＴＰＸ年４","東証およびＰＴＳ",,"確報",5,700,6,0,0,6,0,18205,2548700,21846,0,0,21846,0,,,0,0,32246,0,0,276,5.8,12.7,3.7,5.8,0,10.3,20.7
"2026/01/14","2026/01/16","2626","ＧＸデジタル日株","東証およびＰＴＳ",,"確報",0,0,50,0,0,0,50,0,0,152550,0,0,0,152550,,,0,0,0,2450,0,0,0,0,0,0,0,0,0
"2026/01/14","2026/01/16","2627","ＧＸｅコマース日株","東証およびＰＴＳ",,"確報",0,0,0,0,0,0,0,0,0,0,0,0,0,0,,,0,0,0,0,0,0,0,0,0,0,0,0,0
"2026/01/14","2026/01/16","2628","ｉＦ中国科創板５０","東証およびＰＴＳ",,"確報",0,20,4060,0,0,0,4060,0,66400,13479200,0,0,0,13479200,,,0,0,326400,0,0,0,4.9,2.5,461,4.9,0,0,0
"2026/01/14","2026/01/16","2629","ｉＦ中国ＧＢＡ１００","東証およびＰＴＳ",,"確報",10,0,7062,0,0,0,7062,39440,0,27852528,0,0,0,27852528,,,0,0,0,141040,0,0,73.7,208.9,44.8,73.7,0,0,0
"2026/01/14","2026/01/16","262A","インターメスティック","東証およびＰＴＳ",,"確報",100,0,19600,0,0,0,19600,187100,0,36671600,0,0,0,36671600,,,0,0,253500,0,0,0,78.2,75.2,81.5,78.2,0,0,0
"2026/01/14","2026/01/16","2630","ＭＸＳ米株ＳＰ５ヘ有","東証およびＰＴＳ",,"確報",0,0,74,0,0,0,74,0,0,1098160,0,0,0,1098160,,,0,0,0,2590,0,0,24,39.6,17.2,24,0,0,0
"2026/01/14","2026/01/16","2631","ＭＸＳナス１００","東証およびＰＴＳ",,"確報",0,3,2351,0,3,2351,0,0,87780,68790260,0,87780,68790260,0,,,0,0,0,94160,94160,0,4.9,2.6,2.5,2.6,379.9,107.1,167
"2026/01/14","2026/01/16","2632","ＭＸＳナス１００ヘ有","東証およびＰＴＳ",,"確報",20,213,970,0,0,610,360,320000,3408000,15520000,0,0,9760000,5760000,,,0,0,40705,0,0,21350,29.2,21.7,16.5,18.8,0,0,0
"2026/01/14","2026/01/16","2633","Ｓ＆Ｐ５００ヘッジ無","東証およびＰＴＳ",,"確報",4000,0,39280,420,0,19690,19590,2045200,0,20083864,214746,0,10067497,10016367,,,0,0,0,28224,15416,0,80.2,29.3,0,58.5,162.1,540.4,249.4
"2026/01/14","2026/01/16","2634","Ｓ＆Ｐ５００ヘッジ有","東証およびＰＴＳ",,"確報",0,150,690,0,150,690,0,0,438000,2014800,0,438000,2014800,0,,,0,0,0,20160,20160,0,4.5,4.4,4.4,4.4,4.6,4.6,4.6
"2026/01/14","2026/01/16","2636","ＧＸガバナンス日株","東証およびＰＴＳ",,"確報",21,0,25,0,0,21,4,91581,0,109025,0,0,91581,17444,,,0,0,224,0,0,1176,11.9,1.6,0,3.2,0,0,0
"2026/01/14","2026/01/16","2637","ＧＸクリーン日株","東証およびＰＴＳ",,"確報",0,19,1,0,0,1,0,0,39995,2105,0,0,2105,0,,,0,0,780,0,0,39,1.5,1.2,1.2,1.2,0,0,0
"2026/01/14","2026/01/16","2638","ＧＸロボ＆ＡＩ日株","東証およびＰＴＳ",,"確報",30,2600,6185,0,0,0,6185,76770,6653400,15827415,0,0,0,15827415,,,0,0,464015,0,0,0,6,4.3,9.8,6,0,1,2
"2026/01/14","2026/01/16","2639","ＧＸバイオ＆メド日株","東証およびＰＴＳ",,"確報",0,0,2,0,0,0,2,0,0,3526,0,0,0,3526,,,0,0,30,0,0,0,7.5,4.5,0,9,0,3,6
"2026/01/14","2026/01/16","2640","ＧＸゲームアニメ日株","東証およびＰＴＳ",,"確報",0,400,720,0,0,0,720,0,1749200,3148560,0,0,0,3148560,,,0,0,57120,0,0,0,9.4,24.5,6.1,9.8,1,1,1
"2026/01/14","2026/01/16","2641","ＧＸＧリーダーズ日株","東証およびＰＴＳ",,"確報",0,0,0,0,19,0,0,0,0,0,0,80085,0,0,,,0,0,0,0,0,1216,1.8,3,3,3,1,1,1
"2026/01/14","2026/01/16","2642","ＳＭＴ低炭素日本株","東証およびＰＴＳ",,"確報",0,0,0,0,0,0,0,0,0,0,0,0,0,0,,,0,0,0,0,0,0,0,0,0,0,0,0,0
"2026/01/14","2026/01/16","2643","日本株セレクトＥＴＦ","東証およびＰＴＳ",,"確報",0,0,0,0,0,0,0,0,0,0,0,0,0,0,,,0,0,0,0,0,0,0,0,0,0,0,0,0
"2026/01/14","2026/01/16","2644","ＧＸ半導体日株","東証およびＰＴＳ",,"確報",12226,29,47990,12376,179,47990,0,36616870,86855,143730050,37066120,536105,143730050,0,,,0,0,4402539,0,0,4402539,8.1,5,6.5,5.7,10.8,20.8,14.2
"2026/01/14","2026/01/16","2645","ＧＸレジ＆エンタ日株","東証およびＰＴＳ",,"確報",0,0,0,0,0,0,0,0,0,0,0,0,0,0,,,0,0,0,0,0,0,0,0,0,0,0,0,0
"2026/01/14","2026/01/16","2646","ＧＸメタルビジ日株","東証およびＰＴＳ",,"確報",0,80,20,0,0,0,20,0,255040,63760,0,0,0,63760,,,0,0,9900,0,0,0,8.6,43,4.8,8.6,0,0,0
"2026/01/14","2026/01/16","2647","米債７－１０ヘッジ無","東証およびＰＴＳ",,"確報",0,0,0,0,0,0,0,0,0,0,0,0,0,0,,,0,0,0,0,0,0,0,0,0,0,0,0,0
"2026/01/14","2026/01/16","2648","米債７－１０ヘッジ有","東証およびＰＴＳ",,"確報",0,0,3,0,0,3,0,0,0,10566,0,0,10566,0,,,0,0,15,0,0,15,0,0,0,0,0,0,0
"2026/01/14","2026/01/16","2649","ｉＳＧＮＭＡ債ヘジ","東証およびＰＴＳ",,"確報",0,0,0,0,0,0,0,0,0,0,0,0,0,0,,,0,0,0,0,0,0,0,0,0,0,0,0,0
"2026/01/14","2026/01/16","264A","Ｓｃｈｏｏ","東証およびＰＴＳ",,"確報",500,549000,77200,0,0,0,77200,306000,335988000,47246400,0,0,0,47246400,,,0,0,5631300,0,0,0,1.7,1.7,1.7,1.7,0,0,0
"2026/01/14","2026/01/16","2652","まんだらけ","東証およびＰＴＳ",,"確報",800,1500,19300,0,700,19300,0,280000,525000,6755000,0,245000,6755000,0,,,0,0,40000,0,0,40000,37.7,25,23.2,24.1,99.9,76.8,86.9
"2026/01/14","2026/01/16","2653","イオン九州","東証およびＰＴＳ",,"確報",0,100,2000,0,0,0,2000,0,290900,5818000,0,0,0,5818000,,,0,0,0,14700,0,0,17.1,23.5,13.4,17.1,0,0,0
"2026/01/14","2026/01/16","2654","アスモ","東証およびＰＴＳ",,"確報",0,0,2900,0,0,0,2900,0,0,1136800,0,0,0,1136800,,,0,0,0,2900,0,0,25.4,12.7,0,25.4,0,0,0
"2026/01/14","2026/01/16","2656","ベクターＨＤ","東証およびＰＴＳ",,"確報",0,300,39700,0,0,0,39700,0,40200,5319800,0,0,0,5319800,,,0,0,120000,0,0,0,221.8,499,142.6,221.8,0,0,0
"2026/01/14","2026/01/16","2659","サンエー","東証およびＰＴＳ",,"確報",1000,500,31700,0,0,1000,30700,3020000,1510000,95734000,0,0,3020000,92714000,,,0,0,312000,0,0,10000,12.7,49,24.1,32.3,1.5,1.5,1.5
"2026/01/14","2026/01/16","265A","Ｈｍｃｏｍｍ","東証およびＰＴＳ",,"確報",100,300,17900,0,0,0,17900,100000,300000,17900000,0,0,0,17900000,,,0,0,0,90500,0,0,84.4,132.6,61.9,84.4,0,0,0
"2026/01/14","2026/01/16","2664","カワチ薬品","東証およびＰＴＳ",,"確報",600,200,2400,9300,500,34700,-32300,1815000,605000,7260000,28132500,1512500,104967500,-97707500,,,0,0,10000,0,0,129500,16.5,6.7,12.6,8.8,11.8,34.6,17.6
"2026/01/14","2026/01/16","2666","オートウェーブ","東証およびＰＴＳ",,"確報",0,0,5100,0,0,0,5100,0,0,851700,0,0,0,851700,,,0,0,5100,0,0,0,127.5,63.8,0,127.5,0,0,0
"2026/01/14","2026/01/16","2667","イメージ　ワン","東証およびＰＴＳ",,"確報",4500,34500,210700,23000,8200,392500,-181800,1093500,8383500,51200100,5589000,1992600,95377500,-44177400,,,0,0,1444200,0,0,2266200,6.5,3.7,3.2,3.4,8.7,70.4,15.5
"2026/01/14","2026/01/16","2668","タビオ","東証およびＰＴＳ",,"確報",0,0,200,0,0,0,200,0,0,262200,0,0,0,262200,,,0,0,1000,0,0,0,0,0,0,0,0,0,0
"2026/01/14","2026/01/16","2669","カネ美食品","東証およびＰＴＳ",,"確報",1400,100,2800,1700,400,2800,0,4872000,348000,9744000,5916000,1392000,9744000,0,,,0,0,0,45000,45000,0,5.6,4.3,27.3,7.5,3,8.3,4.4
"2026/01/14","2026/01/16","2670","エービーシー・マート","東証およびＰＴＳ",,"確報",2000,7100,31800,0,900,1400,30400,5020000,17821000,79818000,0,2259000,3514000,76304000,,,0,0,0,92250,5750,0,6.9,5.9,11,7.7,2.1,2.5,2.2
"2026/01/14","2026/01/16","2673","夢みつけ隊","東証およびＰＴＳ",,"確報",3000,9000,123200,0,0,0,123200,666000,1998000,27350400,0,0,0,27350400,,,0,0,516800,0,0,0,18.1,14.6,23.9,18.1,0,0,0
"2026/01/14","2026/01/16","2674","ハードオフ","東証およびＰＴＳ",,"確報",0,20300,6100,1000,0,2100,4000,0,42102200,12651400,2074000,0,4355400,8296000,,,0,0,950400,0,0,39600,8.6,69.1,4.5,8.5,6.9,34.5,11.5
"2026/01/14","2026/01/16","2676","高千穂交易","東証およびＰＴＳ",,"確報",500,1000,12900,100,100,93200,-80300,1030500,2061000,26586900,206100,206100,192085200,-165498300,,,0,0,214400,0,0,1491200,60.9,9.6,10.5,10.1,233.1,202.7,216.8
"2026/01/14","2026/01/16","2678","アスクル","東証およびＰＴＳ",,"確報",2900,700,26900,1000,500,23900,3000,4091900,987700,37955900,1411000,705500,33722900,4233000,,,0,0,0,123500,117000,0,20.2,14.6,20.2,16.9,27,23.8,25.3
"2026/01/14","2026/01/16","2681","ゲオホールディングス","東証およびＰＴＳ",,"確報",200,200,13700,0,500,4000,9700,376000,376000,25756000,0,940000,7520000,18236000,,,0,0,0,191800,63000,0,14.4,9,27.5,13.6,41.5,10.4,16.6
"2026/01/14","2026/01/16","2683","魚喜","東証およびＰＴＳ",,"確報",0,0,0,0,0,0,0,0,0,0,0,0,0,0,,,0,0,0,0,0,0,0,0,0,0,0,0,0
"2026/01/14","2026/01/16","2685","アンドエスティＨＤ","東証およびＰＴＳ",,"確報",300,200,2300,100,0,2300,0,871800,581200,6683800,290600,0,6683800,0,,,0,0,110000,0,0,110000,6.2,6.1,5,5.5,8.5,6.4,7.3
"2026/01/14","2026/01/16","2686","ジーフット","東証およびＰＴＳ",,"確報",0,200,300,0,0,0,300,0,58800,88200,0,0,0,88200,,,0,0,0,0,0,0,10,10,10,10,0,0,0
"2026/01/14","2026/01/16","2687","ＣＶＳベイエリア","東証およびＰＴＳ",,"確報",0,0,5800,100,0,2200,3600,0,0,2981200,51400,0,1130800,1850400,,,0,0,0,5800,2100,0,47.4,0,74.5,149,10.5,35,16.2
"2026/01/14","2026/01/16","2689","オルバヘルスケアＨＤ","東証およびＰＴＳ",,"確報",0,0,400,0,200,200,200,0,0,830800,0,415400,415400,415400,,,0,0,0,6800,6800,0,8.7,21,10.5,14,6,6,6
"2026/01/14","2026/01/16","268A","リガク","東証およびＰＴＳ",,"確報",0,3400,38000,0,0,0,38000,0,4253400,47538000,0,0,0,47538000,,,0,0,828000,0,0,0,12.6,9.7,18.2,12.6,0,0,0
"2026/01/14","2026/01/16","2692","伊藤忠食品","東証およびＰＴＳ",,"確報",1600,0,9000,0,0,10200,-1200,18128000,0,101970000,0,0,115566000,-13596000,,,0,0,0,592000,816000,0,12.5,6.1,5.8,5.9,127.3,101.8,113.1
"2026/01/14","2026/01/16","2693","ＹＫＴ","東証およびＰＴＳ",,"確報",0,0,8700,0,0,0,8700,0,0,2009700,0,0,0,2009700,,,0,0,0,8700,0,0,86.8,43.4,0,86.8,0,0,0
"2026/01/14","2026/01/16","2694","焼肉坂井ＨＤ","東証およびＰＴＳ",,"確報",0,11900,20300,0,5000,300,20000,0,844900,1441300,0,355000,21300,1420000,,,0,0,0,32200,5300,0,3.5,6.4,6.2,6.3,2.1,1.4,1.7
"2026/01/14","2026/01/16","2695","くら寿司","東証およびＰＴＳ",,"確報",300,500,21900,0,2000,14000,7900,996000,1660000,72708000,0,6640000,46480000,26228000,,,0,0,0,884000,640000,0,28.6,43.4,40.3,41.8,92.1,11.2,20
"2026/01/14","2026/01/16","2698","キャンドゥ","東証およびＰＴＳ",,"確報",0,400,3600,0,0,500,3100,0,1358000,12222000,0,0,1697500,10524500,,,0,0,60000,0,0,7500,13.4,21.6,8.6,12.3,0,26,52
"2026/01/14","2026/01/16","269A","Ｓａｐｅｅｔ","東証およびＰＴＳ",,"確報",0,0,2200,0,0,0,2200,0,0,4690400,0,0,0,4690400,,,0,0,0,103400,0,0,40.8,25.5,102,40.8,0,0,0
"2026/01/14","2026/01/16","2700","木徳神糧","東証およびＰＴＳ",,"確報",0,200,8200,0,0,0,8200,0,514400,21090400,0,0,0,21090400,,,0,0,42000,0,0,0,32.7,17.9,188,32.7,0,0,0
"2026/01/14","2026/01/16","2702","日本マクドナルドＨＤ","東証およびＰＴＳ",,"確報",0,5600,4400,20300,3800,33900,-29500,0,36456000,28644000,132153000,24738000,220689000,-192045000,,,0,0,1200000,0,0,2088000,5.7,8.1,3.3,4.6,5.3,7.6,6.2
"2026/01/14","2026/01/16","2705","大戸屋ＨＤ","東証およびＰＴＳ",,"確報",200,100,5300,100,0,5300,0,1244000,622000,32966000,622000,0,32966000,0,,,0,0,260000,0,0,260000,20.5,10.7,26.2,15.2,16.9,236,31.5
"2026/01/14","2026/01/16","2708","久世","東証およびＰＴＳ",,"確報",0,0,2800,0,0,0,2800,0,0,6078800,0,0,0,6078800,,,0,0,0,53200,0,0,24.3,24.3,24.3,24.3,0,0,0
"2026/01/14","2026/01/16","2722","ＩＫホールディングス","東証およびＰＴＳ",,"確報",0,6400,2500,0,0,0,2500,0,2444800,955000,0,0,0,955000,,,0,0,0,44500,0,0,7.2,18.7,4.5,7.2,3,3,3
"2026/01/14","2026/01/16","2726","パルグループＨＤ","東証およびＰＴＳ",,"確報",32000,2400,90900,100,500,100,90800,56032000,4202400,159165900,175100,875500,175100,158990800,,,0,0,0,10727500,87500,0,12.5,8.2,28.2,12.7,40,3.1,5.7
"2026/01/14","2026/01/16","2730","エディオン","東証およびＰＴＳ",,"確報",5700,100,30200,5600,0,30200,0,12186600,213800,64567600,11972800,0,64567600,0,,,0,0,516600,0,0,516600,12.4,11,15.2,12.8,7.7,27.8,12.1
"2026/01/14","2026/01/16","2733","あらた","東証およびＰＴＳ",,"確報",200,0,1800,0,0,100,1700,624000,0,5616000,0,0,312000,5304000,,,0,0,64000,0,0,4000,13.1,41,11.7,18.2,1.5,1.5,1.5
"2026/01/14","2026/01/16","2734","サーラコーポ","東証およびＰＴＳ",,"確報",7500,1600,22800,8500,2600,22800,0,8145000,1737600,24760800,9231000,2823600,24760800,0,,,0,0,912600,0,0,912600,3.5,2,3.7,2.6,5.7,4.5,5
"2026/01/14","2026/01/16","2735","ワッツ","東証およびＰＴＳ",,"確報",0,7000,4100,0,400,0,4100,0,4648000,2722400,0,265600,0,2722400,,,0,0,0,22200,800,0,8.9,37.4,5.7,10,1.1,1.1,1.1
"2026/01/14","2026/01/16","2736","フェスタリアＨＤ","東証およびＰＴＳ",,"確報",0,0,0,0,0,0,0,0,0,0,0,0,0,0,,,0,0,0,0,0,0,4.7,0,2.3,4.7,0,0,0
"2026/01/14","2026/01/16","2737","トーメンデバイス","東証およびＰＴＳ",,"確報",600,300,10500,0,0,0,10500,8100000,4050000,141750000,0,0,0,141750000,,,0,0,4488000,0,0,0,11.7,9.3,15.6,11.7,0,0,0
"2026/01/14","2026/01/16","273A","ＳＢＩサウジ上場投信","東証およびＰＴＳ",,"確報",0,0,30,0,0,0,30,0,0,300300,0,0,0,300300,,,0,0,9000,0,0,0,8,4,0,8,0,0,0
"2026/01/14","2026/01/16","2742","ハローズ","東証およびＰＴＳ",,"確報",0,0,300,0,0,0,300,0,0,1360500,0,0,0,1360500,,,0,0,0,1500,0,0,9.5,0,0,0,4,1.3,2
"2026/01/14","2026/01/16","2747","北雄ラッキー","東証およびＰＴＳ",,"確報",0,100,600,0,0,0,600,0,326000,1956000,0,0,0,1956000,,,0,0,0,0,0,0,15,10,30,15,0,0,0
"2026/01/14","2026/01/16","2749","ＪＰホールディングス","東証およびＰＴＳ",,"確報",200,2000,14500,0,200,66100,-51600,143400,1434000,10396500,0,143400,47393700,-36997200,,,0,0,0,16300,66300,0,41.5,8.1,7.7,7.9,663.4,331.7,442.3
"2026/01/14","2026/01/16","274A","ガーデン","東証およびＰＴＳ",,"確報",0,400,3700,0,0,0,3700,0,901600,8339800,0,0,0,8339800,,,0,0,0,12300,0,0,67.7,203,40.6,67.7,0,0,0
"2026/01/14","2026/01/16","2750","石光商事","東証およびＰＴＳ",,"確報",0,100,2600,0,0,500,2100,0,126600,3291600,0,0,633000,2658600,,,0,0,37800,0,0,7000,44.6,33,132,52.8,24,24,24
"2026/01/14","2026/01/16","2751","テンポスＨＤ","東証およびＰＴＳ",,"確報",500,0,7700,500,0,7700,0,1842500,0,28374500,1842500,0,28374500,0,,,0,0,108000,0,0,108000,33.6,19.6,88.3,32.1,20.8,117.7,35.3
"2026/01/14","2026/01/16","2752","フジオフードＧ本社","東証およびＰＴＳ",,"確報",12200,100,86400,10300,500,319400,-233000,13224800,108400,93657600,11165200,542000,346229600,-252572000,,,0,0,0,445800,1857600,0,26.8,3.2,341.4,6.3,53.2,78,63.3
"2026/01/14","2026/01/16","2753","あみやき亭","東証およびＰＴＳ",,"確報",0,0,5200,0,0,0,5200,0,0,7212400,0,0,0,7212400,,,0,0,36400,0,0,0,33,26.4,44,33,0,0,0
"2026/01/14","2026/01/16","2760","東京エレクトロンデバ","東証およびＰＴＳ",,"確報",0,2300,12600,100,1900,6300,6300,0,7935000,43470000,345000,6555000,21735000,21735000,,,0,0,149000,0,0,81000,15,24.1,15.7,19,13.3,8.8,10.6
"2026/01/14","2026/01/16","2762","ＳＡＮＫＯ　ＭＦ","東証およびＰＴＳ",,"確報",1000,200,12500,0,0,0,12500,98000,19600,1225000,0,0,0,1225000,,,0,0,0,0,0,0,12.6,10.4,16.1,12.6,0,0,0
"2026/01/14","2026/01/16","2763","エフティグループ","東証およびＰＴＳ",,"確報",0,0,1200,0,0,0,1200,0,0,1539600,0,0,0,1539600,,,0,0,4800,0,0,0,43.3,0,0,0,0,1.7,3.3
"2026/01/14","2026/01/16","2764","ひらまつ","東証およびＰＴＳ",,"確報",0,3400,22100,0,0,0,22100,0,431800,2806700,0,0,0,2806700,,,0,0,25500,0,0,0,31.4,117.1,18.1,31.4,0,0,0
"2026/01/14","2026/01/16","2767","円谷フィールズＨＤ","東証およびＰＴＳ",,"確報",900,100,67300,0,0,0,67300,1607400,178600,120197800,0,0,0,120197800,,,0,0,0,199500,0,0,57.8,38,120.9,57.8,0,0,0
"2026/01/14","2026/01/16","2768","双日","東証およびＰＴＳ",,"確報",34500,4000,123900,1100,3800,9600,114300,199168500,23092000,715274700,6350300,21937400,55420800,659853900,,,0,0,13823200,0,0,1820400,5.7,5.3,50.1,9.6,1.8,2.3,2
"2026/01/14","2026/01/16","2769","ヴィレッジヴァンガド","東証およびＰＴＳ",,"確報",0,500,100,0,0,0,100,0,489500,97900,0,0,0,97900,,,0,0,600,0,0,0,6.7,30,3.8,6.7,0,0,0
"2026/01/14","2026/01/16","276A","ククレブ","東証およびＰＴＳ",,"確報",0,4300,17200,0,0,0,17200,0,13545000,54180000,0,0,0,54180000,,,0,0,2150000,0,0,0,17.8,17.1,18.4,17.8,0,0,0
"2026/01/14","2026/01/16","2776","新都ホールディングス","東証およびＰＴＳ",,"確報",1400,0,27600,0,0,0,27600,179200,0,3532800,0,0,0,3532800,,,0,0,0,78600,0,0,54,37.8,94.6,54,0,0,0
"2026/01/14","2026/01/16","2778","パレモ・ＨＤ","東証およびＰＴＳ",,"確報",1800,0,10400,0,0,0,10400,228600,0,1320800,0,0,0,1320800,,,0,0,0,8600,0,0,7.2,20.1,4.4,7.2,0,0,0
"2026/01/14","2026/01/16","277A","グロービング","東証およびＰＴＳ",,"確報",11900,2800,52900,0,0,0,52900,32487000,7644000,144417000,0,0,0,144417000,,,0,0,0,3985800,0,0,19.8,13.2,40.2,19.8,0,0,0
"2026/01/14","2026/01/16","2780","コメ兵ＨＤ","東証およびＰＴＳ",,"確報",0,3200,15100,0,0,0,15100,0,10192000,48093500,0,0,0,48093500,,,0,0,183000,0,0,0,15,16.5,13.8,15,0,0,0
"2026/01/14","2026/01/16","2782","セリア","東証およびＰＴＳ",,"確報",1400,2000,5100,0,1600,9000,-3900,5159000,7370000,18793500,0,5896000,33165000,-14371500,,,0,0,0,313500,583000,0,4.4,4.3,2.3,3,6.9,7.1,7
"2026/01/14","2026/01/16","2784","アルフレッサＨＤ","東証およびＰＴＳ",,"確報",1400,0,6800,0,1700,11600,-4800,3568600,0,17333200,0,4333300,29568400,-12235200,,,0,0,0,91800,226100,0,9.4,4.7,5.7,5.2,17.2,16.3,16.7
"2026/01/14","2026/01/16","2788","アップルインタナショ","東証およびＰＴＳ",,"確報",200,0,14700,0,0,0,14700,68600,0,5042100,0,0,0,5042100,,,0,0,0,0,0,0,81.3,183,52.3,81.3,0,0,0
"2026/01/14","2026/01/16","2789","カルラ","東証およびＰＴＳ",,"確報",0,0,1100,0,0,0,1100,0,0,540100,0,0,0,540100,,,0,0,1100,0,0,0,0,0,0,0,0,0,0
"2026/01/14","2026/01/16","278A","テラドローン","東証およびＰＴＳ",,"確報",1700,2900,40900,0,0,0,40900,4719200,8050400,113538400,0,0,0,113538400,,,0,0,0,3578500,0,0,9.7,11.4,8.4,9.7,0,0,0
"2026/01/14","2026/01/16","2790","ナフコ","東証およびＰＴＳ",,"確報",0,0,3300,0,0,0,3300,0,0,7309500,0,0,0,7309500,,,0,0,125400,0,0,0,41.1,20.6,0,41.1,0,0,0
"2026/01/14","2026/01/16","2791","大黒天物産","東証およびＰＴＳ",,"確報",2700,2900,19600,0,200,19600,0,14985000,16095000,108780000,0,1110000,108780000,0,,,0,0,0,1782000,1782000,0,14.9,8.4,8.2,8.3,87.5,68.7,77
"2026/01/14","2026/01/16","2792","ハニーズＨＬＤ","東証およびＰＴＳ",,"確報",10000,8000,21100,5500,0,24600,-3500,14920000,11936000,31481200,8206000,0,36703200,-5222000,,,0,0,210100,0,0,210100,6.2,3.3,5.2,4,7.9,20.4,11.4
"2026/01/14","2026/01/16","2795","日本プリメックス","東証およびＰＴＳ",,"確報",0,0,0,0,0,0,0,0,0,0,0,0,0,0,,,0,0,0,0,0,0,0,0,0,0,0,0,0
"2026/01/14","2026/01/16","2796","ファーマライズＨＤ","東証およびＰＴＳ",,"確報",0,100,1600,100,0,200,1400,0,51900,830400,51900,0,103800,726600,,,0,0,0,0,0,0,34.4,40,40,40,6,0,12
"2026/01/14","2026/01/16","2798","ワイズテーブル","東証およびＰＴＳ",,"確報",0,0,1600,0,0,0,1600,0,0,4792000,0,0,0,4792000,,,0,0,1600,0,0,0,52.7,79,39.5,52.7,0,0,0
"2026/01/14","2026/01/16","2801","キッコーマン","東証およびＰＴＳ",,"確報",900,300,27400,500,0,16700,10700,1260450,420150,38373700,700250,0,23388350,14985350,,,0,0,53600,0,0,32400,47,44,59.3,50.5,23.5,200,42.1
"2026/01/14","2026/01/16","2802","味の素","東証およびＰＴＳ",,"確報",21600,1500,523000,0,300,8400,514600,73677600,5116500,1783953000,0,1023300,28652400,1755300600,,,0,0,34197200,0,0,591600,49.9,37.4,72.7,49.4,107,142.7,122.3
"2026/01/14","2026/01/16","2804","ブルドックソース","東証およびＰＴＳ",,"確報",1800,100,14400,600,0,16000,-1600,3439800,191100,27518400,1146600,0,30576000,-3057600,,,0,0,50800,0,0,61600,14.5,13.9,35.9,20,126.9,6.5,12.4
"2026/01/14","2026/01/16","2805","ヱスビー食品","東証およびＰＴＳ",,"確報",0,100,43600,0,0,0,43600,0,400000,174400000,0,0,0,174400000,,,0,0,0,1529500,0,0,728,546,1092,728,0,0,0
"2026/01/14","2026/01/16","2806","ユタカフーズ","東証およびＰＴＳ",,"確報",0,0,200,0,0,0,200,0,0,442000,0,0,0,442000,,,0,0,0,1600,0,0,18,9,0,18,0,0,0
"2026/01/14","2026/01/16","2809","キユーピー","東証およびＰＴＳ",,"確報",1600,300,7500,1100,9300,15200,-7700,6628800,1242900,31072500,4557300,38529900,62973600,-31901100,,,0,0,0,254200,959400,0,8.1,3.1,23.2,5.5,26.5,5.2,8.7
"2026/01/14","2026/01/16","280A","ＴＭＨ","東証およびＰＴＳ",,"確報",700,0,14600,0,0,0,14600,918400,0,19155200,0,0,0,19155200,,,0,0,0,125100,0,0,6.4,7.8,5.4,6.4,0,0,0
"2026/01/14","2026/01/16","2810","ハウス食品Ｇ本社","東証およびＰＴＳ",,"確報",100,0,8800,3200,0,74100,-65300,291450,0,25647600,9326400,0,215964450,-190316850,,,0,0,126150,0,0,1028050,31.4,6,14.8,8.5,30.6,87.3,45.3
"2026/01/14","2026/01/16","2811","カゴメ","東証およびＰＴＳ",,"確報",4100,600,46500,3500,0,46500,0,11143800,1630800,126387000,9513000,0,126387000,0,,,0,0,430000,0,0,430000,15.2,7.7,11.5,9.2,22.5,529.3,43.2
"2026/01/14","2026/01/16","2813","和弘食品","東証およびＰＴＳ",,"確報",0,0,3400,0,0,0,3400,0,0,10744000,0,0,0,10744000,,,0,0,0,68000,0,0,117.3,0,58.7,117.3,0,0,0
"2026/01/14","2026/01/16","2814","佐藤食品工業","東証およびＰＴＳ",,"確報",0,0,500,0,0,0,500,0,0,1555000,0,0,0,1555000,,,0,0,0,2500,0,0,2.5,2,3.3,2.5,0,0,0
"2026/01/14","2026/01/16","2815","アリアケジャパン","東証およびＰＴＳ",,"確報",200,100,700,0,0,200,500,1068000,534000,3738000,0,0,1068000,2670000,,,0,0,0,18000,6000,0,8,20.5,8.2,11.7,5,3.8,4.3
"2026/01/14","2026/01/16","2816","ダイショー","東証およびＰＴＳ",,"確報",100,0,1100,100,0,1100,0,140500,0,1545500,140500,0,1545500,0,,,0,0,0,0,0,0,26,26,26,26,26,26,26
"2026/01/14","2026/01/16","2818","ピエトロ","東証およびＰＴＳ",,"確報",100,0,2300,100,0,2300,0,175500,0,4036500,175500,0,4036500,0,,,0,0,0,6600,6600,0,52,26,0,52,26,0,52
"2026/01/14","2026/01/16","2819","エバラ食品工業","東証およびＰＴＳ",,"確報",0,500,2200,0,0,3400,-1200,0,1279000,5627600,0,0,8697200,-3069600,,,0,0,56700,0,0,71400,30.7,22.2,14.8,17.7,174,43.5,69.6
"2026/01/14","2026/01/16","281A","インフォメティス","東証およびＰＴＳ",,"確報",0,300,8200,0,0,0,8200,0,111300,3042200,0,0,0,3042200,,,0,0,0,59500,0,0,57.3,44.6,80.2,57.3,0,0,0
"2026/01/14","2026/01/16","2820","やまみ","東証およびＰＴＳ",,"確報",0,0,19000,0,0,0,19000,0,0,90060000,0,0,0,90060000,,,0,0,0,1045000,0,0,951,951,951,951,0,0,0
"2026/01/14","2026/01/16","282A","ＧＸ半導体１０日株","東証およびＰＴＳ",,"確報",50,282,4839,440,0,1082,3757,83250,469530,8056935,732600,0,1801530,6255405,,,0,0,339757,0,0,43014,7.9,8.6,12.2,10.1,6.4,2.4,3.5
"2026/01/14","2026/01/16","2831","はごろもフーズ","東証およびＰＴＳ",,"確報",0,0,1100,0,0,0,1100,0,0,3674000,0,0,0,3674000,,,0,0,16500,0,0,0,0,0,0,0,0,0,0
"2026/01/14","2026/01/16","2836","ＧＸフィンテック日株","東証およびＰＴＳ",,"確報",0,0,10,0,0,0,10,0,0,32290,0,0,0,32290,,,0,0,0,190,0,0,10,5,0,10,0,0,0
"2026/01/14","2026/01/16","2837","ＧＸ中小リーダー日株","東証およびＰＴＳ",,"確報",0,0,1077,0,0,0,1077,0,0,3269772,0,0,0,3269772,,,0,0,0,19386,0,0,55.5,0,27.7,55.5,0,0,0
"2026/01/14","2026/01/16","2838","ＭＸ米債７－１０ヘ無","東証およびＰＴＳ",,"確報",0,0,0,0,0,0,0,0,0,0,0,0,0,0,,,0,0,0,0,0,0,0,0,0,0,0,0,0
"2026/01/14","2026/01/16","2839","ＭＸ米債７－１０ヘ有","東証およびＰＴＳ",,"確報",0,0,0,0,0,0,0,0,0,0,0,0,0,0,,,0,0,0,0,0,0,0,0,0,0,0,0,0
"2026/01/14","2026/01/16","283A","ＧＸＵＳテック配貴族","東証およびＰＴＳ",,"確報",0,0,0,0,0,0,0,0,0,0,0,0,0,0,,,0,0,0,0,0,0,0,0,0,0,0,0,0
"2026/01/14","2026/01/16","2840","ｉＦナス１００Ｈ無","東証およびＰＴＳ",,"確報",200,160,7434,0,0,6019,1415,471400,377120,17521938,0,0,14186783,3335155,,,0,0,0,29576,24076,0,12.3,38.4,6.9,11.7,554.4,6.6,12.9
"2026/01/14","2026/01/16","2841","ｉＦナス１００Ｈ有","東証およびＰＴＳ",,"確報",0,4500,2100,0,0,0,2100,0,6790500,3168900,0,0,0,3168900,,,0,0,0,6600,0,0,3.5,5.4,2.6,3.5,0,0,0
"2026/01/14","2026/01/16","2842","ｉＦナス１００ベア","東証およびＰＴＳ",,"確報",0,0,403,0,1,84,319,0,0,5654090,0,14030,1178520,4475570,,,0,0,12090,0,0,2550,73.5,65.7,156.8,92.6,20.2,212,36.9
"2026/01/14","2026/01/16","2843","上場豪債ヘッジあり","東証およびＰＴＳ",,"確報",0,0,0,0,0,0,0,0,0,0,0,0,0,0,,,0,0,0,0,0,0,0,0,0,0,0,0,0
"2026/01/14","2026/01/16","2844","上場豪債ヘッジなし","東証およびＰＴＳ",,"確報",0,0,0,0,0,0,0,0,0,0,0,0,0,0,,,0,0,0,0,0,0,0,0,0,0,0,0,0
"2026/01/14","2026/01/16","2845","ナスダックヘッジ有","東証およびＰＴＳ",,"確報",800,0,12020,0,0,920,11100,2524800,0,37935120,0,0,2903520,35031600,,,0,0,0,78540,6440,0,27.7,75.1,15.6,25.8,921,921,921
"2026/01/14","2026/01/16","2846","ダウヘッジ有","東証およびＰＴＳ",,"確報",10,10,150,0,0,150,0,24150,24150,362250,0,0,362250,0,,,0,0,0,3900,3900,0,6,3.3,13.5,5.3,0,3.4,6.8
"2026/01/14","2026/01/16","2847","ＧＸ成長インフラ日株","東証およびＰＴＳ",,"確報",0,0,0,0,0,0,0,0,0,0,0,0,0,0,,,0,0,0,0,0,0,0,0,0,0,0,0,0
"2026/01/14","2026/01/16","2848","ＧＸ気候変動日株","東証およびＰＴＳ",,"確報",0,0,0,0,0,0,0,0,0,0,0,0,0,0,,,0,0,0,0,0,0,0,0,0,0,0,0,0
"2026/01/14","2026/01/16","2849","ＧＸ高配当ＥＳＧ日株","東証およびＰＴＳ",,"確報",0,0,0,0,0,0,0,0,0,0,0,0,0,0,,,0,0,0,0,0,0,0,0,0,0,0,0,0
"2026/01/14","2026/01/16","2851","ｉＳＭＳＣＩＪＳＲＩ","東証およびＰＴＳ",,"確報",0,0,20,40,0,50,-30,0,0,7148,14296,0,17870,-10722,,,0,0,96,0,0,48,3.1,10,0,20,1.2,1.8,1.4
"2026/01/14","2026/01/16","2852","ｉＳグリーンＪリート","東証およびＰＴＳ",,"確報",10,0,10,10,0,10,0,2003,0,2003,2003,0,2003,0,,,0,0,0,0,0,0,2,1.5,3,2,1.5,3,2
"2026/01/14","2026/01/16","2853","ｉＳ気候外国債券ヘジ","東証およびＰＴＳ",,"確報",0,0,0,0,0,0,0,0,0,0,0,0,0,0,,,0,0,0,0,0,0,0,0,0,0,0,0,0
"2026/01/14","2026/01/16","2854","ＧＸテック２０日株","東証およびＰＴＳ",,"確報",681,0,2131,0,0,0,2131,1462107,0,4575257,0,0,0,4575257,,,0,0,43500,0,0,0,6.5,7,6,6.5,0,0,0
"2026/01/14","2026/01/16","2855","ＧＸグリＪリート","東証およびＰＴＳ",,"確報",0,0,0,0,0,0,0,0,0,0,0,0,0,0,,,0,0,0,0,0,0,0,0,0,0,0,0,0
"2026/01/14","2026/01/16","2856","ｉＳ米国債三七ヘジ","東証およびＰＴＳ",,"確報",110,0,110,110,0,110,0,74140,0,74140,74140,0,74140,0,,,0,0,0,0,0,0,1,1,1,1,1.2,13,2.2
"2026/01/14","2026/01/16","2857","ｉＳドイツ国債ヘジ","東証およびＰＴＳ",,"確報",0,100,0,0,0,0,0,0,64070,0,0,0,0,0,,,0,0,0,20,0,0,1,1,1,1,1,1,1
"2026/01/14","2026/01/16","2858","ＧＸ日経カバコ","東証およびＰＴＳ",,"確報",0,0,0,0,0,0,0,0,0,0,0,0,0,0,,,0,0,0,0,0,0,0,0,0,0,0,0,0
"2026/01/14","2026/01/16","2859","ＳＴＯＸＸヘッジ有","東証およびＰＴＳ",,"確報",0,0,2000,0,0,0,2000,0,0,6084000,0,0,0,6084000,,,0,0,0,6000,0,0,0,0,0,0,0,0,0
"2026/01/14","2026/01/16","285A","キオクシアＨＤ","東証およびＰＴＳ",,"確報",185000,0,572300,3700,27000,32000,540300,2456800000,0,7600144000,49136000,358560000,424960000,7175184000,,,0,0,0,156856500,22396500,0,5.2,5.3,5.5,5.4,2.8,3.7,3.2
"2026/01/14","2026/01/16","2860","ＤＡＸヘッジ有","東証およびＰＴＳ",,"確報",0,0,1600,0,8,0,1600,0,0,5272000,0,26360,0,5272000,,,0,0,0,8000,40,0,1003,0,0,0,3,3,3
"2026/01/14","2026/01/16","2861","上場フランス国債Ｈ無","東証およびＰＴＳ",,"確報",0,0,0,0,0,0,0,0,0,0,0,0,0,0,,,0,0,0,0,0,0,0,0,0,0,0,0,0
"2026/01/14","2026/01/16","2862","上場フランス国債Ｈ有","東証およびＰＴＳ",,"確報",0,0,0,0,0,0,0,0,0,0,0,0,0,0,,,0,0,0,0,0,0,0,0,0,0,0,0,0
"2026/01/14","2026/01/16","2864","ＧＸロジリート","東証およびＰＴＳ",,"確報",0,0,164,0,0,0,164,0,0,218940,0,0,0,218940,,,0,0,328,0,0,0,4.5,2.6,14.7,4.5,0,0,0
"2026/01/14","2026/01/16","2865","ＧＸＮＤＸカバコ","東証およびＰＴＳ",,"確報",0,730,13615,399,0,3500,10115,0,910310,16977905,497553,0,4364500,12613405,,,0,0,71725,0,0,15505,19.3,37.4,30.9,33.9,6.5,7.8,7.1
"2026/01/14","2026/01/16","2866","ＧＸ優先証券","東証およびＰＴＳ",,"確報",201,51400,243,1,0,2961,-2718,209040,53456000,252720,1040,0,3079440,-2826720,,,0,0,514420,0,0,29600,1.1,1,1,1,4,78.9,7.6
"2026/01/14","2026/01/16","2867","ＧＸ自動ＥＶ","東証およびＰＴＳ",,"確報",0,0,0,0,0,0,0,0,0,0,0,0,0,0,,,0,0,0,0,0,0,0,0,0,0,0,0,0
"2026/01/14","2026/01/16","2868","ＧＸＳＰＸカバコ","東証およびＰＴＳ",,"確報",2020,538,6830,0,0,0,6830,2272500,605250,7683750,0,0,0,7683750,,,0,0,21392,0,0,0,14,10,23.7,14,0,0,0
"2026/01/14","2026/01/16","2869","ｉＦナス１００ダブル","東証およびＰＴＳ",,"確報",150,0,1159,0,0,0,1159,9117000,0,70444020,0,0,0,70444020,,,0,0,0,110990,0,0,14.1,15.4,13.1,14.1,0,0,0
"2026/01/14","2026/01/16","286A","ユカリア","東証およびＰＴＳ",,"確報",0,300,744300,1100,0,134000,610300,0,270900,672102900,993300,0,121002000,551100900,,,0,0,3723000,0,0,664500,1155.9,2067.4,5316.3,2977.1,353.3,209.8,263.2
"2026/01/14","2026/01/16","2870","ｉＦナス１００Ｗベア","東証およびＰＴＳ",,"確報",4,8,2289,0,276,1544,745,41840,83680,23942940,0,2886960,16150240,7792700,,,0,0,114650,0,0,91000,45.3,65.3,35.9,46.3,317.9,23.7,44.1
"2026/01/14","2026/01/16","2871","ニチレイ","東証およびＰＴＳ",,"確報",1600,0,14200,144300,17600,414100,-399900,2903200,0,25765900,261832350,31935200,751384450,-725618550,,,0,0,0,94500,2155500,0,3.6,2.2,2.6,2.4,2,24.1,3.7
"2026/01/14","2026/01/16","2872","セイヒョー","東証およびＰＴＳ",,"確報",0,0,900,0,0,0,900,0,0,1805400,0,0,0,1805400,,,0,0,1800,0,0,0,15.3,0,7.6,15.3,0,0,0
"2026/01/14","2026/01/16","2874","横浜冷凍","東証およびＰＴＳ",,"確報",200,700,25800,3200,0,90100,-64300,244200,854700,31501800,3907200,0,110012100,-78510300,,,0,0,131500,0,0,434500,31.6,20.9,12.8,15.9,71.1,37.3,49
"2026/01/14","2026/01/16","2875","東洋水産","東証およびＰＴＳ",,"確報",800,200,5600,3000,1300,17600,-12000,8672000,2168000,60704000,32520000,14092000,190784000,-130080000,,,0,0,0,200000,636000,0,13.7,18.5,21.4,19.9,14.8,10.6,12.4
"2026/01/14","2026/01/16","2876","デルソーレ","東証およびＰＴＳ",,"確報",0,0,600,0,0,0,600,0,0,268800,0,0,0,268800,,,0,0,0,600,0,0,0,0,0,0,0,0,0
"2026/01/14","2026/01/16","2877","日東ベスト","東証およびＰＴＳ",,"確報",0,0,400,0,0,0,400,0,0,297200,0,0,0,297200,,,0,0,0,400,0,0,21,21,21,21,0,0,0
"2026/01/14","2026/01/16","287A","黒田グループ","東証およびＰＴＳ",,"確報",200,3300,76800,0,0,0,76800,189600,3128400,72806400,0,0,0,72806400,,,0,0,0,559300,0,0,34.6,43.7,28.6,34.6,0,0,0
"2026/01/14","2026/01/16","2882","イートアンドＨＤ","東証およびＰＴＳ",,"確報",0,1600,16900,6200,100,36000,-19100,0,3257600,34408400,12623200,203600,73296000,-38887600,,,0,0,0,148000,239200,0,30.6,986,16.2,31.8,17.9,90.4,29.8
"2026/01/14","2026/01/16","2883","大冷","東証およびＰＴＳ",,"確報",100,0,200,0,0,0,200,200000,0,400000,0,0,0,400000,,,0,0,1000,0,0,0,12,6,0,12,0,0,0
"2026/01/14","2026/01/16","2884","ヨシムラフードＨＤ","東証およびＰＴＳ",,"確報",100,4400,91100,100,8700,94400,-3300,72100,3172400,65683100,72100,6272700,68062400,-2379300,,,0,0,0,190800,206000,0,57.8,106.8,35.1,52.8,123.7,42.6,63.4
"2026/01/14","2026/01/16","288A","ラクサス","東証およびＰＴＳ",,"確報",0,1000,51900,0,0,0,51900,0,130000,6747000,0,0,0,6747000,,,0,0,0,0,0,0,66.4,538.2,35.4,66.4,0,0,0
"2026/01/14","2026/01/16","2892","日本食品化工","東証およびＰＴＳ",,"確報",0,200,2000,0,0,0,2000,0,822000,8220000,0,0,0,8220000,,,0,0,132000,0,0,0,16,12,24,16,0,0,0
"2026/01/14","2026/01/16","2894","石井食品","東証およびＰＴＳ",,"確報",0,0,3200,0,0,0,3200,0,0,1068800,0,0,0,1068800,,,0,0,0,0,0,0,160,80,0,160,0,0,0
"2026/01/14","2026/01/16","2897","日清食品ＨＤ","東証およびＰＴＳ",,"確報",100,1300,38000,2100,0,11900,26100,292500,3802500,111150000,6142500,0,34807500,76342500,,,0,0,137200,0,0,34300,19.8,74.4,22.4,34.4,6.4,8.4,7.3
"2026/01/14","2026/01/16","2901","ウェルディッシュ","東証およびＰＴＳ",,"確報",300,200,25400,0,0,0,25400,133500,89000,11303000,0,0,0,11303000,,,0,0,0,430100,0,0,77.9,321.5,44.3,77.9,0,0,0
"2026/01/14","2026/01/16","2903","シノブフーズ","東証およびＰＴＳ",,"確報",0,0,300,0,0,0,300,0,0,547800,0,0,0,547800,,,0,0,15000,0,0,0,6,6,6,6,0,0,0
"2026/01/14","2026/01/16","2904","一正蒲鉾","東証およびＰＴＳ",,"確報",200,0,2600,200,0,3000,-400,149200,0,1939600,149200,0,2238000,-298400,,,0,0,0,0,0,0,8.8,11.3,0,22.6,49.5,3.5,6.5
"2026/01/14","2026/01/16","2907","あじかん","東証およびＰＴＳ",,"確報",0,1000,400,100,0,100,300,0,1333000,533200,133300,0,133300,399900,,,0,0,1400,0,0,0,3.9,5.2,4.7,5,1.3,1.3,1.3
"2026/01/14","2026/01/16","2908","フジッコ","東証およびＰＴＳ",,"確報",900,1200,10800,900,0,46800,-36000,1436400,1915200,17236800,1436400,0,74692800,-57456000,,,0,0,0,55500,229500,0,78.3,30.9,23.2,26.5,83.7,753.7,150.7
"2026/01/14","2026/01/16","290A","Ｓｙｎｓ","東証およびＰＴＳ",,"確報",1100,7700,459300,0,0,0,459300,1123100,7861700,468945300,0,0,0,468945300,,,0,0,0,25624500,0,0,40.6,27.5,77.6,40.6,0,0,0
"2026/01/14","2026/01/16","2910","ロック・フィールド","東証およびＰＴＳ",,"確報",0,1200,71100,600,0,210600,-139500,0,1638000,97051500,819000,0,287469000,-190417500,,,0,0,1084500,0,0,3150000,239.1,137.5,91.7,110,376.1,421.2,397.4
"2026/01/14","2026/01/16","2911","旭松食品","東証およびＰＴＳ",,"確報",0,0,600,0,0,0,600,0,0,1365000,0,0,0,1365000,,,0,0,0,1200,0,0,0,0,0,0,0,0,0
"2026/01/14","2026/01/16","2914","日本たばこ産業","東証およびＰＴＳ",,"確報",0,6900,84600,4400,2400,7000,77600,0,40192500,492795000,25630000,13980000,40775000,452020000,,,0,0,2928000,0,0,160000,10,28.9,9.1,13.8,2.1,2.1,2.1
"2026/01/14","2026/01/16","2915","ケンコーマヨネーズ","東証およびＰＴＳ",,"確報",0,100,2500,3400,100,16000,-13500,0,198100,4952500,6735400,198100,31696000,-26743500,,,0,0,52000,0,0,254000,18.7,15.3,40.7,22.2,12.4,34.2,18.2
"2026/01/14","2026/01/16","2916","仙波糖化工業","東証およびＰＴＳ",,"確報",0,0,0,0,0,0,0,0,0,0,0,0,0,0,,,0,0,0,0,0,0,0,0,0,0,0,0,0
"2026/01/14","2026/01/16","2917","大森屋","東証およびＰＴＳ",,"確報",0,0,0,0,0,0,0,0,0,0,0,0,0,0,,,0,0,0,0,0,0,0,0,0,0,0,0,0
"2026/01/14","2026/01/16","2918","わらべや日洋ＨＤ","東証およびＰＴＳ",,"確報",0,10100,71300,0,300,200,71100,0,32168500,227090500,0,955500,637000,226453500,,,0,0,0,2849000,17500,0,7.7,6.8,9,7.8,2.5,1.8,2.1
"2026/01/14","2026/01/16","291A","リスキル","東証およびＰＴＳ",,"確報",0,0,600,0,0,0,600,0,0,2034000,0,0,0,2034000,,,0,0,0,3000,0,0,0,0,0,0,0,0,0
"2026/01/14","2026/01/16","2922","なとり","東証およびＰＴＳ",,"確報",600,200,6400,200,0,19500,-13100,1150800,383600,12275200,383600,0,37401000,-25125800,,,0,0,0,12000,38600,0,56.7,19,16.8,17.8,137.6,192.6,160.5
"2026/01/14","2026/01/16","2923","サトウ食品","東証およびＰＴＳ",,"確報",0,500,400,0,0,0,400,0,3705000,2964000,0,0,0,2964000,,,0,0,54000,0,0,0,6.4,12,4.4,6.4,0,0,0
"2026/01/14","2026/01/16","2924","イフジ産業","東証およびＰＴＳ",,"確報",100,0,3000,100,0,500,2500,209500,0,6285000,209500,0,1047500,5237500,,,0,0,0,14500,2000,0,19.1,34.8,15.4,21.4,11.5,11.5,11.5
"2026/01/14","2026/01/16","2926","篠崎屋","東証およびＰＴＳ",,"確報",100,2900,82900,0,0,7000,75900,9600,278400,7958400,0,0,672000,7286400,,,0,0,0,0,0,0,29.1,56.9,46.3,51,5.8,5.3,5.5
"2026/01/14","2026/01/16","2927","ＡＦＣＨＤアムスライ","東証およびＰＴＳ",,"確報",0,1400,6400,0,0,0,6400,0,1250200,5715200,0,0,0,5715200,,,0,0,15600,0,0,0,13.4,71.3,7.4,13.4,0,0,0
"2026/01/14","2026/01/16","2929","ファーマフーズ","東証およびＰＴＳ",,"確報",1100,7500,115700,12100,800,170600,-54900,756800,5160000,79601600,8324800,550400,117372800,-37771200,,,0,0,0,0,0,0,33.5,29,19.6,23.4,35.1,77.5,48.3
"2026/01/14","2026/01/16","2930","北の達人コーポ","東証およびＰＴＳ",,"確報",4200,0,685200,1500,0,874800,-189600,604800,0,98668800,216000,0,125971200,-27302400,,,0,0,0,681000,873300,0,166.8,82.7,97.7,89.6,2730.5,289.3,523.2
"2026/01/14","2026/01/16","2931","ユーグレナ","東証およびＰＴＳ",,"確報",3900,1100,188500,3400,600,188500,0,1560000,440000,75400000,1360000,240000,75400000,0,,,0,0,0,0,0,0,6.9,3.8,4.1,4,35.1,240.6,61.2
"2026/01/14","2026/01/16","2932","ＳＴＩフードＨＤ","東証およびＰＴＳ",,"確報",0,0,1600,0,0,0,1600,0,0,2043200,0,0,0,2043200,,,0,0,14400,0,0,0,81,81,81,81,0,0,0
"2026/01/14","2026/01/16","2933","紀文食品","東証およびＰＴＳ",,"確報",0,0,6000,0,300,2700,3300,0,0,6498000,0,324900,2924100,3573900,,,0,0,0,0,0,0,6.6,169.5,4.9,9.5,216.7,2.5,5
"2026/01/14","2026/01/16","2934","ジェイフロンティア","東証およびＰＴＳ",,"確報",0,100,1400,0,0,0,1400,0,130000,1820000,0,0,0,1820000,,,0,0,0,39000,0,0,20.5,82,11.7,20.5,0,0,0
"2026/01/14","2026/01/16","2935","ピックルスＨＤ","東証およびＰＴＳ",,"確報",0,200,6800,0,0,0,6800,0,261600,8894400,0,0,0,8894400,,,0,0,91000,0,0,0,31,0,15.5,31,0,0,0
"2026/01/14","2026/01/16","2936","ベースフード","東証およびＰＴＳ",,"確報",300,100,13000,11000,0,222900,-209900,104400,34800,4524000,3828000,0,77569200,-73045200,,,0,0,102400,0,0,1695200,45.5,33.1,62.8,43.3,35.6,63.6,45.6
"2026/01/14","2026/01/16","2937","サンクゼール","東証およびＰＴＳ",,"確報",300,0,3700,0,1100,11900,-8200,511500,0,6308500,0,1875500,20289500,-13981000,,,0,0,0,51000,195000,0,32.5,35.6,35.6,35.6,167,17.6,31.8
"2026/01/14","2026/01/16","2938","オカムラ食品工業","東証およびＰＴＳ",,"確報",300,300,21900,1300,100,105900,-84000,318000,318000,23214000,1378000,106000,112254000,-89040000,,,0,0,0,21900,104700,0,8.5,3,3,3,226.9,652.4,336.7
"2026/01/14","2026/01/16","294A","気候変動ＥＴＦ","東証およびＰＴＳ",,"確報",0,0,0,0,0,0,0,0,0,0,0,0,0,0,,,0,0,0,0,0,0,0,0,0,0,0,0,0
"2026/01/14","2026/01/16","295A","Ｏｎｅ・サウジ","東証およびＰＴＳ",,"確報",0,0,0,0,0,0,0,0,0,0,0,0,0,0,,,0,0,0,0,0,0,0,0,0,0,0,0,0
"2026/01/14","2026/01/16","2961","日本調理機","東証およびＰＴＳ",,"確報",0,0,200,0,0,0,200,0,0,990000,0,0,0,990000,,,0,0,14000,0,0,0,0,0,0,0,0,0,0
"2026/01/14","2026/01/16","2962","テクニスコ","東証およびＰＴＳ",,"確報",0,1700,12700,0,0,0,12700,0,850000,6350000,0,0,0,6350000,,,0,0,432000,0,0,0,9.4,9,10,9.4,0,0,0
"2026/01/14","2026/01/16","296A","令和ＡＨ","東証およびＰＴＳ",,"確報",0,200,14800,0,0,0,14800,0,140000,10360000,0,0,0,10360000,,,0,0,0,30000,0,0,124,186,93,124,0,0,0
"2026/01/14","2026/01/16","2970","ＧＬＣ　ＧＲＯＵＰ","東証およびＰＴＳ",,"確報",0,300,2500,0,0,0,2500,0,248100,2067500,0,0,0,2067500,,,0,0,0,11200,0,0,22.3,19.1,26.8,22.3,0,0,0
"2026/01/14","2026/01/16","2971","Ｒ－エスコンジャパン","東証およびＰＴＳ",,"確報",1,0,79,0,0,1,78,132400,0,10459600,0,0,132400,10327200,,,0,0,0,23400,300,0,16.4,34.4,189,58.2,0,0.9,1.8
"2026/01/14","2026/01/16","2972","Ｒ－サンケイＲＥ","東証およびＰＴＳ",,"確報",16,0,86,0,0,0,86,2000000,0,10750000,0,0,0,10750000,,,0,0,0,7000,0,0,5,2.8,22.3,5,0,0,0
"2026/01/14","2026/01/16","2975","スター・マイカＨＤ","東証およびＰＴＳ",,"確報",2800,19900,20100,700,31300,6600,13500,4342800,30864900,31175100,1085700,48546300,10236600,20938500,,,0,0,4352400,0,0,4352400,5.1,5.6,4.7,5.1,7.5,3.9,5.1
"2026/01/14","2026/01/16","2978","ツクルバ","東証およびＰＴＳ",,"確報",300,0,2500,0,0,0,2500,135900,0,1132500,0,0,0,1132500,,,0,0,0,35200,0,0,75.3,37.7,0,75.3,0,0,0
"2026/01/14","2026/01/16","2979","Ｒ－ＳＯＳｉＬＡ物流","東証およびＰＴＳ",,"確報",6,0,71,1,0,13,58,811200,0,9599200,135200,0,1757600,7841600,,,0,0,156000,0,0,28800,8.5,37.3,6.4,10.9,3.3,2.7,2.9
"2026/01/14","2026/01/16","297A","アルピコＨＤ","東証およびＰＴＳ",,"確報",1300,0,35900,0,0,0,35900,304200,0,8400600,0,0,0,8400600,,,0,0,0,0,0,0,31.6,36.5,27.9,31.6,0,0,0
"2026/01/14","2026/01/16","2980","ＳＲＥＨＤ","東証およびＰＴＳ",,"確報",0,700,178400,0,200,10600,167800,0,2313500,589612000,0,661000,35033000,554579000,,,0,0,895500,0,0,54000,67.7,39.5,310.4,70.1,109.2,27.3,43.7
"2026/01/14","2026/01/16","2981","ランディックス","東証およびＰＴＳ",,"確報",300,100,4600,0,0,0,4600,738000,246000,11316000,0,0,0,11316000,,,0,0,0,8800,0,0,41.1,45.2,37.7,41.1,0,0,0
"2026/01/14","2026/01/16","2982","ＡＤワークスグループ","東証およびＰＴＳ",,"確報",205600,194000,463700,12100,500,463700,0,91903200,86718000,207273900,5408700,223500,207273900,0,,,0,0,2260500,0,0,2260500,9.5,4.8,5.1,5,60.1,460,106.3
"2026/01/14","2026/01/16","2983","アールプランナー","東証およびＰＴＳ",,"確報",400,200,4200,0,0,0,4200,1216000,608000,12768000,0,0,0,12768000,,,0,0,80000,0,0,0,26.3,21.9,32.8,26.3,0,0,0
"2026/01/14","2026/01/16","2984","ヤマイチエステート","東証およびＰＴＳ",,"確報",0,0,4400,0,0,200,4200,0,0,3366000,0,0,153000,3213000,,,0,0,35200,0,0,1600,0,0,0,0,0,0,0
"2026/01/14","2026/01/16","2986","ＬＡホールディングス","東証およびＰＴＳ",,"確報",0,2400,23400,0,0,100,23300,0,21864000,213174000,0,0,911000,212263000,,,0,0,0,5676000,22000,0,27.3,25.4,30.6,27.8,8,8,8
"2026/01/14","2026/01/16","2989","Ｒ－東海道リート","東証およびＰＴＳ",,"確報",22,10,151,0,0,0,151,2587200,1176000,17757600,0,0,0,17757600,,,0,0,0,125100,0,0,9.7,14,7.4,9.7,0,0,0
"2026/01/14","2026/01/16","298A","ＧＶＡ　ＴＥＣＨ","東証およびＰＴＳ",,"確報",0,0,3300,0,0,0,3300,0,0,1541100,0,0,0,1541100,,,0,0,0,13200,0,0,83,166,55.3,83,0,0,0
"2026/01/14","2026/01/16","2991","ランドネット","東証およびＰＴＳ",,"確報",0,0,13200,0,0,0,13200,0,0,8896800,0,0,0,8896800,,,0,0,0,92400,0,0,1314,657,0,1314,0,0,0
"2026/01/14","2026/01/16","2993","長栄","東証およびＰＴＳ",,"確報",200,0,1100,0,0,0,1100,479600,0,2637800,0,0,0,2637800,,,0,0,91800,0,0,0,24,16,48,24,0,0,0
"2026/01/14","2026/01/16","2997","ストレージ王","東証およびＰＴＳ",,"確報",0,0,400,0,0,0,400,0,0,464800,0,0,0,464800,,,0,0,2400,0,0,0,21,21,21,21,0,0,0
"2026/01/14","2026/01/16","2998","クリアル","東証およびＰＴＳ",,"確報",700,14700,433100,0,0,0,433100,645400,13553400,399318200,0,0,0,399318200,,,0,0,7600700,0,0,0,96.2,120.7,80,96.2,0,0,0
"2026/01/14","2026/01/16","2999","ホームポジション","東証およびＰＴＳ",,"確報",0,0,2500,0,0,0,2500,0,0,1190000,0,0,0,1190000,,,0,0,0,10000,0,0,126,126,126,126,0,0,0
"2026/01/14","2026/01/16","299A","クラシル","東証およびＰＴＳ",,"確報",0,900,16300,0,0,0,16300,0,1023300,18533100,0,0,0,18533100,,,0,0,0,481600,0,0,36.8,229.8,20,36.8,0,0,0
"2026/01/14","2026/01/16","3001","片倉工業","東証およびＰＴＳ",,"確報",300,300,6000,600,100,23900,-17900,888600,888600,17772000,1777200,296200,70791800,-53019800,,,0,0,366000,0,0,1427400,21.4,34.4,4.3,7.7,35,96.3,51.3
"2026/01/14","2026/01/16","3002","グンゼ","東証およびＰＴＳ",,"確報",100,1900,19500,600,2400,19500,0,460500,8749500,89797500,2763000,11052000,89797500,0,,,0,0,2023500,0,0,2023500,17.5,13.9,23.7,17.5,13.9,23.7,17.5
"2026/01/14","2026/01/16","3003","ヒューリック","東証およびＰＴＳ",,"確報",1900,58700,45400,1300,10400,148200,-102800,3446600,106481800,82355600,2358200,18865600,268834800,-186479200,,,0,0,1481900,0,0,2280850,6.9,2.9,2.9,2.9,88.2,35.6,50.7
"2026/01/14","2026/01/16","3004","神栄","東証およびＰＴＳ",,"確報",0,200,5100,0,0,0,5100,0,494800,12617400,0,0,0,12617400,,,0,0,0,84800,0,0,76,88,88,88,0,2,4
"2026/01/14","2026/01/16","300A","ＭＩＣ","東証およびＰＴＳ",,"確報",0,200,2300,0,0,0,2300,0,627000,7210500,0,0,0,7210500,,,0,0,0,87500,0,0,4.7,4.9,4.5,4.7,0,0,0
"2026/01/14","2026/01/16","3010","ポラリスＨＤ","東証およびＰＴＳ",,"確報",0,200,26100,0,0,0,26100,0,38800,5063400,0,0,0,5063400,,,0,0,0,52600,0,0,26.2,69,16.1,26.2,0,0,0
"2026/01/14","2026/01/16","3011","バナーズ","東証およびＰＴＳ",,"確報",0,0,0,0,0,0,0,0,0,0,0,0,0,0,,,0,0,0,0,0,0,0,0,0,0,0,0,0
"2026/01/14","2026/01/16","3020","アプライド","東証およびＰＴＳ",,"確報",0,0,6000,0,0,0,6000,0,0,25950000,0,0,0,25950000,,,0,0,0,30000,0,0,74.3,59.4,99,74.3,0,0,0
"2026/01/14","2026/01/16","3021","パシフィックネット","東証およびＰＴＳ",,"確報",200,800,8400,0,0,0,8400,372600,1490400,15649200,0,0,0,15649200,,,0,0,0,378000,0,0,24.2,15.8,51.5,24.2,0,0,0
"2026/01/14","2026/01/16","3023","ラサ商事","東証およびＰＴＳ",,"確報",7300,700,10000,0,0,2400,7600,14899300,1428700,20410000,0,0,4898400,15511600,,,0,0,520200,0,0,367200,7.6,3.1,17.7,5.2,120,120,120
"2026/01/14","2026/01/16","3024","クリエイト","東証およびＰＴＳ",,"確報",0,100,2000,0,0,0,2000,0,124500,2490000,0,0,0,2490000,,,0,0,44100,0,0,0,14.4,17.4,12.2,14.4,0,0,0
"2026/01/14","2026/01/16","3028","アルペン","東証およびＰＴＳ",,"確報",1000,0,14000,1700,700,14000,0,2238000,0,31332000,3804600,1566600,31332000,0,,,0,0,39000,0,0,39000,8.7,5.4,9.6,6.9,11.1,11.9,11.4
"2026/01/14","2026/01/16","302A","ビースタイルＨＤ","東証およびＰＴＳ",,"確報",0,0,1400,0,0,0,1400,0,0,1671600,0,0,0,1671600,,,0,0,0,36400,0,0,45.3,34,68,45.3,0,0,0
"2026/01/14","2026/01/16","3030","ハブ","東証およびＰＴＳ",,"確報",0,700,7500,0,0,0,7500,0,700000,7500000,0,0,0,7500000,,,0,0,0,16400,0,0,13.1,12.1,14.3,13.1,0,0,0
"2026/01/14","2026/01/16","3031","ラクーンＨＤ","東証およびＰＴＳ",,"確報",5400,40800,106800,1000,0,181000,-74200,3483000,26316000,68886000,645000,0,116745000,-47859000,,,0,0,0,568800,720000,0,14.5,6.1,6.2,6.1,841.4,53.8,101.1
"2026/01/14","2026/01/16","3034","クオールＨＤ","東証およびＰＴＳ",,"確報",0,200,339200,0,11100,54000,285200,0,416600,706553600,0,23121300,112482000,594071600,,,0,0,9842600,0,0,1887900,78.3,1209.6,4233.5,1881.6,13.7,11.4,12.5
"2026/01/14","2026/01/16","3035","ケイティケイ","東証およびＰＴＳ",,"確報",100,0,9600,0,0,100,9500,65700,0,6307200,0,0,65700,6241500,,,0,0,19000,0,0,200,107.1,159,95.4,119.3,0,5,10
"2026/01/14","2026/01/16","3036","アルコニックス","東証およびＰＴＳ",,"確報",100,3100,18100,0,1100,16000,2100,285000,8835000,51585000,0,3135000,45600000,5985000,,,0,0,0,379800,307800,0,13,8.4,11,9.5,21.7,25.2,23.3
"2026/01/14","2026/01/16","3038","神戸物産","東証およびＰＴＳ",,"確報",7700,5600,95800,0,600,11600,84200,28151200,20473600,350244800,0,2193600,42409600,307835200,,,0,0,0,2342500,305000,0,17.3,10.7,46.5,17.4,48.7,10.3,17
"2026/01/14","2026/01/16","303A","ｖｉｓｕｍｏ","東証およびＰＴＳ",,"確報",0,300,3100,0,0,0,3100,0,276600,2858200,0,0,0,2858200,,,0,0,0,27200,0,0,7.6,4.5,23.3,7.6,0,0,0
"2026/01/14","2026/01/16","3040","ソリトンシステムズ","東証およびＰＴＳ",,"確報",200,1100,10300,0,0,0,10300,415000,2282500,21372500,0,0,0,21372500,,,0,0,0,481600,0,0,15.2,35.5,9.7,15.2,0,0,0
"2026/01/14","2026/01/16","3041","ビューティカダンＨＤ","東証およびＰＴＳ",,"確報",100,100,3800,0,0,3800,0,46100,46100,1751800,0,0,1751800,0,,,0,0,0,0,0,0,126.7,95,95,95,190,190,190
"2026/01/14","2026/01/16","3042","セキュアヴェイル","東証およびＰＴＳ",,"確報",5000,300,35800,4700,0,35800,0,1870000,112200,13389200,1757800,0,13389200,0,,,0,0,715300,0,0,715300,21.3,14.2,17,15.5,28.4,42.6,34
"2026/01/14","2026/01/16","3045","カワサキ","東証およびＰＴＳ",,"確報",0,100,100,0,0,0,100,0,151400,151400,0,0,0,151400,,,0,0,2800,0,0,0,3.6,3,4.5,3.6,0,0,0
"2026/01/14","2026/01/16","3046","ＪＩＮＳＨＤ","東証およびＰＴＳ",,"確報",0,9100,33300,100,0,500,32800,0,46228000,169164000,508000,0,2540000,166624000,,,0,0,2120000,0,0,20000,16.8,21.1,14.8,17.4,2.2,3.3,2.6
"2026/01/14","2026/01/16","3048","ビックカメラ","東証およびＰＴＳ",,"確報",600,12300,15600,2200,10000,42000,-26400,1062900,21789450,27635400,3897300,17715000,74403000,-46767600,,,0,0,1583400,0,0,2888400,11.2,13,5,7.2,20.3,13.6,16.3
"2026/01/14","2026/01/16","304A","フォルシア","東証およびＰＴＳ",,"確報",0,0,1000,0,0,0,1000,0,0,2006000,0,0,0,2006000,,,0,0,0,64000,0,0,34.7,52,26,34.7,0,0,0
"2026/01/14","2026/01/16","3050","ＤＣＭＨＤ","東証およびＰＴＳ",,"確報",900,2500,15600,3200,100,24800,-9200,1471500,4087500,25506000,5232000,163500,40548000,-15042000,,,0,0,103200,0,0,130200,7.7,10,4.7,6.4,9.6,9.2,9.4
"2026/01/14","2026/01/16","3053","ペッパーフドサビス","東証およびＰＴＳ",,"確報",26800,4900,270200,21900,0,270200,0,4609600,842800,46474400,3766800,0,46474400,0,,,0,0,0,496600,496600,0,39.8,23.2,42.6,30,37.3,139,58.9
"2026/01/14","2026/01/16","3054","ハイパー","東証およびＰＴＳ",,"確報",0,0,3800,0,0,0,3800,0,0,1094400,0,0,0,1094400,,,0,0,3800,0,0,0,29.7,14.8,0,29.7,0,0,0
"2026/01/14","2026/01/16","3058","三洋堂ＨＤ","東証およびＰＴＳ",,"確報",0,0,0,0,200,2200,-2200,0,0,0,0,135400,1489400,-1489400,,,0,0,0,0,7200,0,37.7,0,0,0,37.7,37.7,37.7
"2026/01/14","2026/01/16","3059","ヒラキ","東証およびＰＴＳ",,"確報",0,100,800,0,100,800,0,0,83500,668000,0,83500,668000,0,,,0,0,0,2700,2700,0,16.8,14,14,14,21,21,21
"2026/01/14","2026/01/16","3063","ジェイグループＨＤ","東証およびＰＴＳ",,"確報",200,0,7600,200,0,7600,0,164800,0,6262400,164800,0,6262400,0,,,0,0,37000,0,0,37000,74.2,46.4,74.2,57.1,74.2,185.5,106
"2026/01/14","2026/01/16","3064","ＭｏｎｏｔａＲＯ","東証およびＰＴＳ",,"確報",5600,200,134200,1500,1800,15800,118400,12448800,444600,298326600,3334500,4001400,35123400,263203200,,,0,0,0,13781600,1722700,0,36.5,25.7,326.6,47.7,17.8,10.8,13.4
"2026/01/14","2026/01/16","3065","ライフフーズ","東証およびＰＴＳ",,"確報",0,0,300,0,0,0,300,0,0,491400,0,0,0,491400,,,0,0,0,600,0,0,0,0,0,0,0,0,0
"2026/01/14","2026/01/16","3067","東京一番フーズ","東証およびＰＴＳ",,"確報",0,0,5800,1100,0,10200,-4400,0,0,2604200,493900,0,4579800,-1975600,,,0,0,0,11600,18200,0,2.4,1.5,1.5,1.5,24.2,92,38.3
"2026/01/14","2026/01/16","3068","ＷＤＩ","東証およびＰＴＳ",,"確報",0,100,2800,0,0,0,2800,0,327000,9156000,0,0,0,9156000,,,0,0,0,14500,0,0,143,143,143,143,0,0,0
"2026/01/14","2026/01/16","3069","ＪＦＬＡＨＤ","東証およびＰＴＳ",,"確報",2800,1900,28200,900,0,28200,0,445200,302100,4483800,143100,0,4483800,0,,,0,0,81900,0,0,81900,15.8,8.6,8,8.3,91.5,1373,171.6
"2026/01/14","2026/01/16","3070","ジェリービーンズ","東証およびＰＴＳ",,"確報",300,21100,389800,0,0,0,389800,26700,1877900,34692200,0,0,0,34692200,,,0,0,2053000,0,0,0,68.3,69.4,67.3,68.3,0,0,0
"2026/01/14","2026/01/16","3071","ストリーム","東証およびＰＴＳ",,"確報",0,0,2100,0,0,0,2100,0,0,237300,0,0,0,237300,,,0,0,0,0,0,0,0,0,0,0,0,0,0
"2026/01/14","2026/01/16","3075","銚子丸","東証およびＰＴＳ",,"確報",100,500,800,0,0,0,800,164600,823000,1316800,0,0,0,1316800,,,0,0,48000,0,0,0,5.6,4.3,7.8,5.6,0,0,0
"2026/01/14","2026/01/16","3076","あいホールディングス","東証およびＰＴＳ",,"確報",200,100,7200,200,100,7200,0,566400,283200,20390400,566400,283200,20390400,0,,,0,0,0,63900,63900,0,27.3,52.6,16,24.5,92,18.4,30.7
"2026/01/14","2026/01/16","3077","ホリイフードサービス","東証およびＰＴＳ",,"確報",1300,0,15500,0,0,0,15500,672100,0,8013500,0,0,0,8013500,,,0,0,113600,0,0,0,66.5,48.7,104.4,66.5,0,0,0
"2026/01/14","2026/01/16","3079","ディーブイエックス","東証およびＰＴＳ",,"確報",0,0,500,0,100,18200,-17700,0,0,603000,0,120600,21949200,-21346200,,,0,0,0,0,0,0,2.5,1,1,1,467.5,22.8,43.5
"2026/01/14","2026/01/16","3080","ジェーソン","東証およびＰＴＳ",,"確報",0,0,1800,0,0,0,1800,0,0,1436400,0,0,0,1436400,,,0,0,5400,0,0,0,0,0,0,0,0,0,0
"2026/01/14","2026/01/16","3082","きちりＨＤ","東証およびＰＴＳ",,"確報",0,2900,300,1400,2800,18500,-18200,0,2679600,277200,1293600,2587200,17094000,-16816800,,,0,0,12800,0,0,79600,8,7.2,3.5,4.7,23.6,5.1,8.4
"2026/01/14","2026/01/16","3083","スターシーズ","東証およびＰＴＳ",,"確報",0,1500,22900,0,0,0,22900,0,1273500,19442100,0,0,0,19442100,,,0,0,97600,0,0,0,32.8,22.4,61.1,32.8,0,0,0
"2026/01/14","2026/01/16","3086","Ｊ．フロントリテイリ","東証およびＰＴＳ",,"確報",0,0,3300,700,1300,52100,-48800,0,0,7585050,1608950,2988050,119751850,-112166800,,,0,0,16500,0,0,263500,11.3,16.1,1.6,2.9,12.1,46.5,19.2
"2026/01/14","2026/01/16","3087","ドトール・日レスＨＤ","東証およびＰＴＳ",,"確報",300,2000,12100,200,6700,13600,-1500,781800,5212000,31532600,521200,17460200,35441600,-3909000,,,0,0,0,414000,603000,0,12.6,17.6,16.7,17.2,25,6.7,10.6
"2026/01/14","2026/01/16","3088","マツキヨココカラ","東証およびＰＴＳ",,"確報",600,4900,98100,800,300,1200,96900,1552500,12678750,253833750,2070000,776250,3105000,250728750,,,0,0,0,3276800,22400,0,50.6,53.2,64.9,58.5,4.3,4,4.1
"2026/01/14","2026/01/16","3089","テクノアルファ","東証およびＰＴＳ",,"確報",1400,200,11800,2100,0,5000,6800,1940400,277200,16354800,2910600,0,6930000,9424800,,,0,0,0,318000,87000,0,12.7,15.2,23.7,18.5,2.6,0,5.1
"2026/01/14","2026/01/16","3091","ブロンコビリー","東証およびＰＴＳ",,"確報",0,0,2300,0,0,0,2300,0,0,8878000,0,0,0,8878000,,,0,0,80500,0,0,0,44.4,55.5,37,44.4,0,0,0
"2026/01/14","2026/01/16","3092","ＺＯＺＯ","東証およびＰＴＳ",,"確報",58900,2100,90500,900,6200,93000,-2500,75568700,2694300,116111500,1154700,7954600,119319000,-3207500,,,0,0,0,421250,1228750,0,5.7,1.8,3.9,2.5,20.9,21,20.9
"2026/01/14","2026/01/16","3093","トレジャーファクトリ","東証およびＰＴＳ",,"確報",0,15400,43900,100,800,32200,11700,0,27596800,78668800,179200,1433600,57702400,20966400,,,0,0,2490600,0,0,1381800,18.1,13.5,15.2,14.3,28.9,29.4,29.1
"2026/01/14","2026/01/16","3096","オーシャンシステム","東証およびＰＴＳ",,"確報",0,0,1500,0,0,0,1500,0,0,2277000,0,0,0,2277000,,,0,0,0,13500,0,0,0,0,0,0,0,0,0
"2026/01/14","2026/01/16","3097","物語コーポレーション","東証およびＰＴＳ",,"確報",0,300,1900,0,300,1900,0,0,1290000,8170000,0,1290000,8170000,0,,,0,0,11000,0,0,11000,3.5,4.5,2.5,3.2,5.9,2.8,3.8
"2026/01/14","2026/01/16","3099","三越伊勢丹ホールディ","東証およびＰＴＳ",,"確報",200,2000,50200,1400,13700,4700,45500,512300,5123000,128587300,3586100,35092550,12039050,116548250,,,0,0,858000,0,0,280500,7.8,111.2,10.9,19.8,2.6,1.3,1.8
"2026/01/14","2026/01/16","3101","東洋紡","東証およびＰＴＳ",,"確報",7400,0,25200,7400,0,25200,0,9827200,0,33465600,9827200,0,33465600,0,,,0,0,623000,0,0,623000,4.9,3.2,3.3,3.2,13.2,8.8,10.5
"2026/01/14","2026/01/16","3103","ユニチカ","東証およびＰＴＳ",,"確報",231800,48500,501300,187500,4200,501300,0,87852200,18381500,189992700,71062500,1591800,189992700,0,,,0,0,11766000,0,0,11766000,8.1,4.9,8.5,6.2,7.8,23.7,11.7
"2026/01/14","2026/01/16","3104","富士紡ＨＤ","東証およびＰＴＳ",,"確報",500,0,12800,0,0,14700,-1900,4370000,0,111872000,0,0,128478000,-16606000,,,0,0,1476000,0,0,1764000,33.3,36.7,18.9,24.9,45.1,51.6,48.1
"2026/01/14","2026/01/16","3105","日清紡ＨＤ","東証およびＰＴＳ",,"確報",4000,400,17600,600,200,7200,10400,5572000,557200,24516800,835800,278600,10029600,14487200,,,0,0,357000,0,0,173400,11.2,7.9,14.6,10.3,13.9,14.5,14.2
"2026/01/14","2026/01/16","3106","倉敷紡績","東証およびＰＴＳ",,"確報",900,0,4300,200,900,16600,-12300,8190000,0,39130000,1820000,8190000,151060000,-111930000,,,0,0,68000,0,0,346000,9.3,1.7,3.6,2.4,22.4,16.2,18.8
"2026/01/14","2026/01/16","3107","ダイワボウＨＤ","東証およびＰＴＳ",,"確報",0,400,5500,0,0,1000,4500,0,1258000,17297500,0,0,3145000,14152500,,,0,0,194700,0,0,33000,41.6,28.3,47.2,35.4,0,0,0
"2026/01/14","2026/01/16","3109","シキボウ","東証およびＰＴＳ",,"確報",900,200,12700,100,0,6500,6200,985500,219000,13906500,109500,0,7117500,6789000,,,0,0,168000,0,0,89600,10.8,13.3,13.6,13.5,31.3,4.4,7.7
"2026/01/14","2026/01/16","3110","日東紡績","東証およびＰＴＳ",,"確報",300,12600,72900,1800,2200,5000,67900,3918000,164556000,952074000,23508000,28732000,65300000,886774000,,,0,0,39192000,0,0,2484000,9,8,14.3,10.3,2.5,3.7,3
"2026/01/14","2026/01/16","3111","オーミケンシ","東証およびＰＴＳ",,"確報",0,0,12800,0,0,0,12800,0,0,3174400,0,0,0,3174400,,,0,0,0,12800,0,0,90.4,678,48.4,90.4,0,0,0
"2026/01/14","2026/01/16","3113","ＵＮＩＶＡ・Ｏａｋ","東証およびＰＴＳ",,"確報",0,7300,50100,0,0,0,50100,0,540200,3707400,0,0,0,3707400,,,0,0,57400,0,0,0,16.4,12.4,24.4,16.4,0,0,0
"2026/01/14","2026/01/16","3116","トヨタ紡織","東証およびＰＴＳ",,"確報",1700,300,6400,100,100,9000,-2600,4418300,779700,16633600,259900,259900,23391000,-6757400,,,0,0,47500,0,0,85500,14.3,7.1,8.5,7.7,79.3,25.1,38.1
"2026/01/14","2026/01/16","3121","マーチャントバンカズ","東証およびＰＴＳ",,"確報",325400,6600,336000,0,3100,139600,196400,68984800,1399200,71232000,0,657200,29595200,41636800,,,0,0,34400,0,0,285400,2.2,1.1,1.6,1.3,804.7,48,90.5
"2026/01/14","2026/01/16","3123","サイボー","東証およびＰＴＳ",,"確報",0,1000,15500,0,0,0,15500,0,619000,9594500,0,0,0,9594500,,,0,0,82500,0,0,0,69.2,72.4,66.3,69.2,0,0,0
"2026/01/14","2026/01/16","3131","シンデンハイテク","東証およびＰＴＳ",,"確報",0,200,8000,0,0,0,8000,0,585800,23432000,0,0,0,23432000,,,0,0,32800,0,0,0,51.5,37.5,82.4,51.5,0,0,0
"2026/01/14","2026/01/16","3132","マクニカＨＤ","東証およびＰＴＳ",,"確報",0,2000,20100,0,5100,11100,9000,0,5086000,51114300,0,12969300,28227300,22887000,,,0,0,232050,0,0,170100,12.3,20.3,12.8,15.7,11.7,7.6,9.2
"2026/01/14","2026/01/16","3133","海帆","東証およびＰＴＳ",,"確報",2900,1200,49300,0,0,0,49300,1276000,528000,21692000,0,0,0,21692000,,,0,0,0,952000,0,0,28.7,29.2,28.2,28.7,0,0,0
"2026/01/14","2026/01/16","3134","Ｈａｍｅｅ","東証およびＰＴＳ",,"確報",700,700,52300,500,0,71100,-18800,332500,332500,24842500,237500,0,33772500,-8930000,,,0,0,0,0,0,0,43.9,18.6,35,24.3,364.7,54.4,94.7
"2026/01/14","2026/01/16","3135","マーケットエンター","東証およびＰＴＳ",,"確報",500,200,3400,0,0,0,3400,702500,281000,4777000,0,0,0,4777000,,,0,0,18600,0,0,0,8.8,6.3,14.6,8.8,0,0,0
"2026/01/14","2026/01/16","3137","ファンデリー","東証およびＰＴＳ",,"確報",11000,0,37500,0,0,200,37300,2552000,0,8700000,0,0,46400,8653600,,,0,0,0,212000,1600,0,19.1,10.8,155.6,20.1,0,1.9,3.8
"2026/01/14","2026/01/16","3138","富士山マガジン","東証およびＰＴＳ",,"確報",100,100,300,0,0,0,300,86000,86000,258000,0,0,0,258000,,,0,0,0,2100,0,0,3.4,4,3,3.4,0,0,0
"2026/01/14","2026/01/16","3139","ラクト・ジャパン","東証およびＰＴＳ",,"確報",1000,100,6900,0,600,4000,2900,3470000,347000,23943000,0,2082000,13880000,10063000,,,0,0,0,120000,92000,0,3.9,5.8,2.2,3.2,64.8,2.7,5.2
"2026/01/14","2026/01/16","313A","ｉＳＳＰ５００Ｔ２０","東証およびＰＴＳ",,"確報",0,0,3930,0,0,10,3920,0,0,958920,0,0,2440,956480,,,0,0,0,786,2,0,8.1,0,4.1,8.1,3,0,6
"2026/01/14","2026/01/16","3140","ＢＲＵＮＯ","東証およびＰＴＳ",,"確報",1400,100,11200,1000,0,26300,-15100,1409800,100700,11278400,1007000,0,26484100,-15205700,,,0,0,9900,0,0,25300,23.8,5.6,118.5,10.8,25.8,140.4,43.6
"2026/01/14","2026/01/16","3143","オーウイル","東証およびＰＴＳ",,"確報",0,0,1900,0,0,0,1900,0,0,1349000,0,0,0,1349000,,,0,0,0,15200,0,0,19.1,9.6,0,19.1,0,0,0
"2026/01/14","2026/01/16","3148","クリエイトＳＤＨＤ","東証およびＰＴＳ",,"確報",1900,100,6200,1800,0,6200,0,6317500,332500,20615000,5985000,0,20615000,0,,,0,0,0,132000,132000,0,5,3.5,7.6,4.8,3.7,9,5.3
"2026/01/14","2026/01/16","314A","ｉＳゴールド","東証およびＰＴＳ",,"確報",69150,0,577890,0,0,0,577890,24181755,0,202088133,0,0,0,202088133,,,0,0,2136708,0,0,0,29.7,22.6,43.6,29.7,0,0,0
"2026/01/14","2026/01/16","3150","グリムス","東証およびＰＴＳ",,"確報",0,400,1700,0,400,1700,0,0,1006800,4278900,0,1006800,4278900,0,,,0,0,31500,0,0,31500,14.6,139,7.3,13.9,0,7.7,15.4
"2026/01/14","2026/01/16","3151","バイタルＫＳＫＨＤ","東証およびＰＴＳ",,"確報",500,0,4100,500,0,4100,0,734500,0,6022900,734500,0,6022900,0,,,0,0,79200,0,0,79200,9.8,11.8,9.5,10.5,10.1,8.2,9.1
"2026/01/14","2026/01/16","3153","八洲電機","東証およびＰＴＳ",,"確報",0,1900,12200,0,0,0,12200,0,5956500,38247000,0,0,0,38247000,,,0,0,1269000,0,0,0,40.5,60.7,30.4,40.5,0,0,0
"2026/01/14","2026/01/16","3154","メディアスＨＤ","東証およびＰＴＳ",,"確報",0,100,3200,0,0,3200,0,0,82900,2652800,0,0,2652800,0,,,0,0,75900,0,0,73600,15,10.4,8.7,9.5,55,27.5,36.7
"2026/01/14","2026/01/16","3156","レスター","東証およびＰＴＳ",,"確報",200,0,2700,100,0,1500,1200,572400,0,7727400,286200,0,4293000,3434400,,,0,0,67500,0,0,37800,7.7,6.3,6.5,6.4,8.8,35,14
"2026/01/14","2026/01/16","3157","ジオリーブグループ","東証およびＰＴＳ",,"確報",0,100,2700,0,0,0,2700,0,158100,4268700,0,0,0,4268700,,,0,0,70000,0,0,0,18.6,14.4,26,18.6,0,0,0
"2026/01/14","2026/01/16","3159","丸善ＣＨＩＨＤ","東証およびＰＴＳ",,"確報",0,900,9600,100,0,8700,900,0,306900,3273600,34100,0,2966700,306900,,,0,0,0,21000,17200,0,25.1,19.7,15.5,17.4,239,26.6,47.8
"2026/01/14","2026/01/16","315A","ＧＸ銀行高配当日株","東証およびＰＴＳ",,"確報",11,0,10622,0,0,0,10622,17083,0,16495966,0,0,0,16495966,,,0,0,626049,0,0,0,12.2,6.5,178.8,12.6,0,0,0
"2026/01/14","2026/01/16","3160","大光","東証およびＰＴＳ",,"確報",2300,0,17700,0,0,37700,-20000,1304100,0,10035900,0,0,21375900,-11340000,,,0,0,0,15400,37700,0,25.4,10.7,7.6,8.9,276.7,46.1,79.1
"2026/01/14","2026/01/16","3161","アゼアス","東証およびＰＴＳ",,"確報",0,0,3000,0,0,0,3000,0,0,1944000,0,0,0,1944000,,,0,0,0,6000,0,0,304,0,152,304,0,0,0
"2026/01/14","2026/01/16","3166","ＯＣＨＩＨＤ","東証およびＰＴＳ",,"確報",100,0,1300,0,0,300,1000,148500,0,1930500,0,0,445500,1485000,,,0,0,0,0,0,0,51.3,61,0,122,16,16,16
"2026/01/14","2026/01/16","3167","ＴＯＫＡＩ　ＨＤ","東証およびＰＴＳ",,"確報",13400,500,16700,17700,0,19000,-2300,15155400,565500,18887700,20018700,0,21489000,-2601300,,,0,0,178600,0,0,61100,3.3,2.5,26.3,4.6,1.2,28.6,2.4
"2026/01/14","2026/01/16","3168","ＭＥＲＦ","東証およびＰＴＳ",,"確報",13600,2100,46000,11200,100,45300,700,10567200,1631700,35742000,8702400,77700,35198100,543900,,,0,0,1276500,0,0,1265400,5.8,2.9,13.4,4.8,3.7,171.4,7.3
"2026/01/14","2026/01/16","3169","ミサワ","東証およびＰＴＳ",,"確報",0,0,1300,0,0,0,1300,0,0,902200,0,0,0,902200,,,0,0,0,1300,0,0,0,0,0,0,0,0,0
"2026/01/14","2026/01/16","316A","ｉＦＦＡＮＧ＋","東証およびＰＴＳ",,"確報",8268,2470,183000,2093,0,10181,172819,19190028,5732870,424743000,4857853,0,23630101,401112899,,,0,0,354404,0,0,16176,49.8,77.3,45,56.9,8.3,37.2,13.5
"2026/01/14","2026/01/16","3172","ティーライフ","東証およびＰＴＳ",,"確報",0,100,5500,200,0,7400,-1900,0,118100,6495500,236200,0,8739400,-2243900,,,0,0,5600,0,0,7200,12.9,7.2,7.6,7.4,15.7,345,30
"2026/01/14","2026/01/16","3173","Ｃｏｍｉｎｉｘ","東証およびＰＴＳ",,"確報",0,0,400,0,0,0,400,0,0,362400,0,0,0,362400,,,0,0,1200,0,0,0,0,0,0,0,0,0,0
"2026/01/14","2026/01/16","3174","ハピネスアンドディ","東証およびＰＴＳ",,"確報",200,0,1000,0,0,0,1000,126400,0,632000,0,0,0,632000,,,0,0,0,8000,0,0,7.8,4.4,31,7.8,0,0,0
"2026/01/14","2026/01/16","3176","三洋貿易","東証およびＰＴＳ",,"確報",700,900,6500,400,300,6500,0,1083600,1393200,10062000,619200,464400,10062000,0,,,0,0,20100,0,0,19200,12.8,25.7,8.2,12.4,29.4,8.5,13.2
"2026/01/14","2026/01/16","3177","ありがとうサービス","東証およびＰＴＳ",,"確報",300,0,700,0,0,0,700,1111500,0,2593500,0,0,0,2593500,,,0,0,48000,0,0,0,7.2,7.2,7.2,7.2,0,0,0
"2026/01/14","2026/01/16","3178","チムニー","東証およびＰＴＳ",,"確報",0,900,5900,1100,1000,24600,-18700,0,1168200,7658200,1427800,1298000,31930800,-24272600,,,0,0,183600,0,0,661500,25.7,37.5,10.4,16.3,27.4,36.5,31.3
"2026/01/14","2026/01/16","3179","シュッピン","東証およびＰＴＳ",,"確報",4500,1200,55600,3300,0,55600,0,5323500,1419600,65774800,3903900,0,65774800,0,,,0,0,1516700,0,0,1516700,32.9,22.8,38.8,28.7,28.5,59,38.5
"2026/01/14","2026/01/16","3180","ビューティガレージ","東証およびＰＴＳ",,"確報",1700,900,49200,1500,100,49800,-600,2672400,1414800,77342400,2358000,157200,78285600,-943200,,,0,0,1645600,0,0,1645600,39.3,33.9,25.7,29.2,75,49.5,59.6
"2026/01/14","2026/01/16","3181","買取王国","東証およびＰＴＳ",,"確報",600,500,4100,0,0,0,4100,522600,435500,3571100,0,0,0,3571100,,,0,0,0,220000,0,0,22.1,15.7,37.6,22.1,0,0,0
"2026/01/14","2026/01/16","3182","オイラ大地","東証およびＰＴＳ",,"確報",2400,0,78400,2500,100,78400,0,3583200,0,117051200,3732500,149300,117051200,0,,,0,0,0,380000,380000,0,24.2,29.4,39,33.5,62.7,11.2,19.1
"2026/01/14","2026/01/16","3183","ウイン・パートナーズ","東証およびＰＴＳ",,"確報",0,0,3500,0,0,3500,0,0,0,4840500,0,0,4840500,0,,,0,0,52500,0,0,52500,11.1,46.1,5.8,10.3,161.5,6.3,12.2
"2026/01/14","2026/01/16","3184","ＩＣＤＡ　ＨＤ","東証およびＰＴＳ",,"確報",0,0,0,0,0,0,0,0,0,0,0,0,0,0,,,0,0,0,0,0,0,0,0,0,0,0,0,0
"2026/01/14","2026/01/16","3185","夢展望","東証およびＰＴＳ",,"確報",0,400,25800,0,0,0,25800,0,86400,5572800,0,0,0,5572800,,,0,0,0,157200,0,0,77.7,113.3,59.1,77.7,0,0,0
"2026/01/14","2026/01/16","3186","ネクステージ","東証およびＰＴＳ",,"確報",700,7800,5500,18300,400,155900,-150400,2499000,27846000,19635000,65331000,1428000,556563000,-536928000,,,0,0,1323000,0,0,14490000,7.8,2.6,1,1.4,18.3,10,12.9
"2026/01/14","2026/01/16","3187","ミラタップ","東証およびＰＴＳ",,"確報",100,200,8400,300,400,8400,0,27500,55000,2310000,82500,110000,2310000,0,,,0,0,17000,0,0,17000,14.6,11.9,16,13.6,13.4,18.9,15.7
"2026/01/14","2026/01/16","3189","ＡＮＡＰ","東証およびＰＴＳ",,"確報",2200,3100,26400,0,0,0,26400,602800,849400,7233600,0,0,0,7233600,,,0,0,191100,0,0,0,14.9,18.5,12.5,14.9,0,0,0
"2026/01/14","2026/01/16","318A","ＶＩＸ先物ＥＴＦ","東証およびＰＴＳ",,"確報",1620,3360,250530,0,0,0,250530,880632,1826496,136188108,0,0,0,136188108,,,0,0,4490406,0,0,0,22.4,46.7,14.7,22.4,0,0,0
"2026/01/14","2026/01/16","3190","ホットマン","東証およびＰＴＳ",,"確報",0,200,0,0,0,0,0,0,114600,0,0,0,0,0,,,0,0,400,0,0,0,0.8,1,0.7,0.8,0,0,0
"2026/01/14","2026/01/16","3191","ジョイフル本田","東証およびＰＴＳ",,"確報",0,200,2200,7100,0,24900,-22700,0,425000,4675000,15087500,0,52912500,-48237500,,,0,0,0,12000,89000,0,6.5,2.5,2.1,2.2,6.9,15,9.4
"2026/01/14","2026/01/16","3192","白鳩","東証およびＰＴＳ",,"確報",0,100,700,0,0,0,700,0,29900,209300,0,0,0,209300,,,0,0,0,3200,0,0,4.2,8.8,2.8,4.2,0,0,0
"2026/01/14","2026/01/16","3193","エターナルホスピＧ","東証およびＰＴＳ",,"確報",1500,7700,5900,1300,0,12200,-6300,5167500,26526500,20325500,4478500,0,42029000,-21703500,,,0,0,605000,0,0,545000,9.5,24.5,4.2,7.1,12,18.9,14.7
"2026/01/14","2026/01/16","3195","ジェネレーションパス","東証およびＰＴＳ",,"確報",5000,400,73800,6400,100,81200,-7400,2815000,225200,41549400,3603200,56300,45715600,-4166200,,,0,0,276800,0,0,299600,18.2,11.2,22.3,14.9,13.3,89,23.1
"2026/01/14","2026/01/16","3196","ホットランドＨＤ","東証およびＰＴＳ",,"確報",2100,100,25100,2800,200,101000,-75900,4145400,197400,49547400,5527200,394800,199374000,-149826600,,,0,0,254100,0,0,1082400,26.5,3.2,12.8,5.1,67.6,79.6,73.1
"2026/01/14","2026/01/16","3197","すかいらーくＨＤ","東証およびＰＴＳ",,"確報",900,14100,25500,13100,2000,140000,-114500,3042000,47658000,86190000,44278000,6760000,473200000,-387010000,,,0,0,928800,0,0,3093600,7.2,6.4,2.9,4,9.3,8.8,9
"2026/01/14","2026/01/16","3198","ＳＦＰ","東証およびＰＴＳ",,"確報",0,600,1400,0,0,0,1400,0,1332000,3108000,0,0,0,3108000,,,0,0,14000,0,0,0,7.3,16.3,4.7,7.3,0,0,0
"2026/01/14","2026/01/16","3199","綿半ホールディングス","東証およびＰＴＳ",,"確報",0,100,4100,0,0,4400,-300,0,147800,6059800,0,0,6503200,-443400,,,0,0,0,0,0,0,32.8,24.3,16.8,19.9,112,74.7,89.6
"2026/01/14","2026/01/16","319A","技術承継機構","東証およびＰＴＳ",,"確報",0,200,4000,0,0,0,4000,0,2326000,46520000,0,0,0,46520000,,,0,0,0,1260000,0,0,39.8,109.5,24.3,39.8,0,0,0
"2026/01/14","2026/01/16","3201","日本毛織","東証およびＰＴＳ",,"確報",200,1000,5700,0,1400,103500,-97800,373000,1865000,10630500,0,2611000,193027500,-182397000,,,0,0,169000,0,0,2727400,117.6,28.2,14.1,18.8,158.1,186.3,171
"2026/01/14","2026/01/16","3202","ダイトウボウ","東証およびＰＴＳ",,"確報",0,6200,9700,0,0,0,9700,0,744000,1164000,0,0,0,1164000,,,0,0,0,0,0,0,4.8,3.9,6.4,4.8,0,0,0
"2026/01/14","2026/01/16","3204","トーア紡コーポ","東証およびＰＴＳ",,"確報",0,0,13400,0,400,3200,10200,0,0,6418600,0,191600,1532800,4885800,,,0,0,40200,0,0,10800,88.6,93.6,0,187.1,0,15.6,31.2
"2026/01/14","2026/01/16","3205","ダイドーリミテッド","東証およびＰＴＳ",,"確報",1200,0,137400,1500,300,137400,0,1554000,0,177933000,1942500,388500,177933000,0,,,0,0,2043000,0,0,2043000,16.4,8.9,20.3,12.4,13.7,97.7,24.1
"2026/01/14","2026/01/16","3221","ヨシックスＨＤ","東証およびＰＴＳ",,"確報",0,400,4100,1200,0,32500,-28400,0,1246000,12771500,3738000,0,101237500,-88466000,,,0,0,135000,0,0,939000,26.6,117.5,9.4,17.4,64.5,18.7,28.9
"2026/01/14","2026/01/16","3222","Ｕ．Ｓ．Ｍ．Ｈ","東証およびＰＴＳ",,"確報",500,1400,6600,0,1800,5700,900,456000,1276800,6019200,0,1641600,5198400,820800,,,0,0,0,7500,7500,0,9.9,6.8,8,7.4,15.9,15.2,15.5
"2026/01/14","2026/01/16","3223","エスエルディー","東証およびＰＴＳ",,"確報",0,300,1000,0,0,0,1000,0,331200,1104000,0,0,0,1104000,,,0,0,0,33800,0,0,16.3,65,9.3,16.3,0,0,0
"2026/01/14","2026/01/16","3224","ゼネラル・オイスター","東証およびＰＴＳ",,"確報",100,0,1500,0,0,0,1500,83800,0,1257000,0,0,0,1257000,,,0,0,0,0,0,0,31.2,78,19.5,31.2,0,0,0
"2026/01/14","2026/01/16","3226","Ｒ－三井不アコモ","東証およびＰＴＳ",,"確報",0,0,1,127,78,291,-290,0,0,138600,17602200,10810800,40332600,-40194000,,,0,0,100,0,0,24200,5,0,0,0,3.6,8.1,5
"2026/01/14","2026/01/16","3231","野村不動産ＨＤ","東証およびＰＴＳ",,"確報",4900,500,46300,0,2300,46300,0,5022500,512500,47457500,0,2357500,47457500,0,,,0,0,209500,0,0,243000,5.1,3.3,3.5,3.4,11.2,14.1,12.5
"2026/01/14","2026/01/16","3232","三重交通グループＨＤ","東証およびＰＴＳ",,"確報",0,100,26800,0,0,18000,8800,0,55400,14847200,0,0,9972000,4875200,,,0,0,107600,0,0,72000,144.6,122.2,134.4,128,128.3,299.3,179.6
"2026/01/14","2026/01/16","3234","Ｒ－森ヒルズ","東証およびＰＴＳ",,"確報",0,17,47,0,1,536,-489,0,2546600,7040600,0,149800,80292800,-73252200,,,0,0,0,38400,322200,0,35.9,7.3,3.2,4.4,453,129.4,201.3
"2026/01/14","2026/01/16","3236","プロパスト","東証およびＰＴＳ",,"確報",8000,3800,57000,0,0,0,57000,2856000,1356600,20349000,0,0,0,20349000,,,0,0,2481600,0,0,0,37.1,29.6,49.6,37.1,0,0,0
"2026/01/14","2026/01/16","3237","イントランス","東証およびＰＴＳ",,"確報",1000,10500,132100,0,0,0,132100,68000,714000,8982800,0,0,0,8982800,,,0,0,0,0,0,0,44.2,38.5,51.8,44.2,0,0,0
"2026/01/14","2026/01/16","3238","セントラル総合開発","東証およびＰＴＳ",,"確報",0,200,3000,0,0,0,3000,0,84600,1269000,0,0,0,1269000,,,0,0,16000,0,0,0,61.6,77,51.3,61.6,0,0,0
"2026/01/14","2026/01/16","323A","フライヤー","東証およびＰＴＳ",,"確報",0,0,2900,0,0,0,2900,0,0,1351400,0,0,0,1351400,,,0,0,0,43500,0,0,30.8,25.7,38.5,30.8,0,0,0
"2026/01/14","2026/01/16","3241","ウィル","東証およびＰＴＳ",,"確報",0,1400,7100,0,100,400,6700,0,770000,3905000,0,55000,220000,3685000,,,0,0,0,8500,500,0,12,8.8,21.6,12.5,10,7.5,8.6
"2026/01/14","2026/01/16","3242","アーバネット","東証およびＰＴＳ",,"確報",0,300,14600,0,100,13600,1000,0,174300,8482600,0,58100,7901600,581000,,,0,0,0,74500,68500,0,13.6,16.8,7.6,10.5,95.6,11.1,19.9
"2026/01/14","2026/01/16","3245","ディア・ライフ","東証およびＰＴＳ",,"確報",0,2200,61800,0,0,3200,58600,0,2556400,71811600,0,0,3718400,68093200,,,0,0,256000,0,0,12800,7.1,8.7,13.3,10.5,175.2,1.8,3.6
"2026/01/14","2026/01/16","3246","コーセーアールイー","東証およびＰＴＳ",,"確報",0,1100,8500,0,0,0,8500,0,836000,6460000,0,0,0,6460000,,,0,0,0,28800,0,0,11.8,10.4,13.5,11.8,0,0,0
"2026/01/14","2026/01/16","3248","アールエイジ","東証およびＰＴＳ",,"確報",0,0,3800,0,0,0,3800,0,0,3241400,0,0,0,3241400,,,0,0,19000,0,0,0,384,0,192,384,0,0,0
"2026/01/14","2026/01/16","3249","Ｒ－産業ファ","東証およびＰＴＳ",,"確報",2,4,247,0,2,247,0,315000,630000,38902500,0,315000,38902500,0,,,0,0,24900,0,0,24900,10.2,8.1,6.6,7.3,18.1,15.6,16.8
"2026/01/14","2026/01/16","324A","ブッキングリゾート","東証およびＰＴＳ",,"確報",100,0,9800,0,0,0,9800,101000,0,9898000,0,0,0,9898000,,,0,0,0,77600,0,0,101.4,253.5,63.4,101.4,0,0,0
"2026/01/14","2026/01/16","3252","地主","東証およびＰＴＳ",,"確報",200,1100,65400,700,3700,40100,25300,649000,3569500,212223000,2271500,12006500,130124500,82098500,,,0,0,0,3978000,2586000,0,32.8,324.9,25,46.4,13.8,43.7,21
"2026/01/14","2026/01/16","325A","ＴＥＮＴＩＡＬ","東証およびＰＴＳ",,"確報",42700,8300,457100,0,2100,430000,27100,181261500,35233500,1940389500,0,8914500,1825350000,115039500,,,0,0,0,270528000,276544000,0,47.7,21.3,28,24.2,9999.9,938.6,1799
"2026/01/14","2026/01/16","3261","グランディーズ","東証およびＰＴＳ",,"確報",100,900,5500,0,0,0,5500,57000,513000,3135000,0,0,0,3135000,,,0,0,0,63000,0,0,12.8,10.6,16.2,12.8,0,0,0
"2026/01/14","2026/01/16","3266","ファンドクリエＧ","東証およびＰＴＳ",,"確報",9700,0,176700,0,0,0,176700,853600,0,15549600,0,0,0,15549600,,,0,0,0,167000,0,0,127,65,2795,127,0,0,0
"2026/01/14","2026/01/16","3267","フィル・カンパニー","東証およびＰＴＳ",,"確報",1900,0,13100,0,0,0,13100,1981700,0,13663300,0,0,0,13663300,,,0,0,0,100800,0,0,28.5,20.1,48.7,28.5,0,0,0
"2026/01/14","2026/01/16","3269","Ｒ－ＡＤＲ","東証およびＰＴＳ",,"確報",10,36,76,0,26,76,0,1741000,6267600,13231600,0,4526600,13231600,0,,,0,0,0,20400,20400,0,7.1,15.5,7.3,9.9,9.6,4,5.6
"2026/01/14","2026/01/16","3271","ＴＨＥグローバル社","東証およびＰＴＳ",,"確報",4000,438000,2158500,0,0,9400,2149100,3776000,413472000,2037624000,0,0,8873600,2028750400,,,0,0,0,0,0,0,56,2785.1,28.3,56.1,156.7,23.5,40.9
"2026/01/14","2026/01/16","3276","ＪＰＭＣ","東証およびＰＴＳ",,"確報",0,1000,11000,0,0,3000,8000,0,1294000,14234000,0,0,3882000,10352000,,,0,0,72000,0,0,18000,61.7,84.1,53.5,65.4,30.2,151,50.3
"2026/01/14","2026/01/16","3277","サンセイランディック","東証およびＰＴＳ",,"確報",100,200,3500,0,200,2500,1000,142500,285000,4987500,0,285000,3562500,1425000,,,0,0,0,14400,10800,0,17.3,19.4,25,21.9,9.1,25.4,13.4
"2026/01/14","2026/01/16","3279","アクティビア・プロパ","東証およびＰＴＳ",,"確報",0,213,0,5,1,197,-197,0,31311000,0,735000,147000,28959000,-28959000,,,0,0,340800,0,0,308800,2.7,1.4,1.2,1.3,9,12.4,10.4
"2026/01/14","2026/01/16","3280","エストラスト","東証およびＰＴＳ",,"確報",100,0,4000,0,0,0,4000,114200,0,4568000,0,0,0,4568000,,,0,0,11700,0,0,0,6.8,7.6,6.6,7,1,1,1
"2026/01/14","2026/01/16","3281","ＧＬＰ投法人投資証券","東証およびＰＴＳ",,"確報",18,1,257,33,14,76,181,2705400,150300,38627100,4959900,2104200,11422800,27204300,,,0,0,0,360000,85500,0,16.2,19,41.4,26,6,6.9,6.4
"2026/01/14","2026/01/16","3282","コンフォリアレジデン","東証およびＰＴＳ",,"確報",3,0,62,4,1,62,0,1024500,0,21173000,1366000,341500,21173000,0,,,0,0,59000,0,0,59000,6,5.7,6.7,6.2,5.5,6.3,5.9
"2026/01/14","2026/01/16","3283","日本プロロジスリート","東証およびＰＴＳ",,"確報",98,137,362,53,42,362,0,9437400,13193100,34860600,5103900,4044600,34860600,0,,,0,0,0,200500,175500,0,4.1,2.3,4.9,3.1,3.7,7.4,4.9
"2026/01/14","2026/01/16","3284","フージャースＨＤ","東証およびＰＴＳ",,"確報",0,1100,72000,0,0,2800,69200,0,1475100,96552000,0,0,3754800,92797200,,,0,0,219300,0,0,8400,41,183.9,22.2,39.5,0,0,0
"2026/01/14","2026/01/16","3286","トラストホールディン","東証およびＰＴＳ",,"確報",0,0,400,0,0,0,400,0,0,396800,0,0,0,396800,,,0,0,5600,0,0,0,8,10,6.7,8,0,0,0
"2026/01/14","2026/01/16","3287","星野リゾート・リート","東証およびＰＴＳ",,"確報",1,1,90,0,0,24,66,261000,261000,23490000,0,0,6264000,17226000,,,0,0,81000,0,0,21600,40.7,40.1,110.3,58.8,27,13.5,18
"2026/01/14","2026/01/16","3288","オープンハウスＧ","東証およびＰＴＳ",,"確報",0,0,300,400,3600,40600,-40300,0,0,2847600,3796800,34171200,385375200,-382527600,,,0,0,0,7500,1095000,0,13.3,0,2.1,4.2,14.2,13.9,14.1
"2026/01/14","2026/01/16","3289","東急不動産ＨＤ","東証およびＰＴＳ",,"確報",200,3100,57600,300,3200,57600,0,297700,4614350,85737600,446550,4763200,85737600,0,,,0,0,90750,0,0,90750,11.3,8.2,8.6,8.4,18.9,16.1,17.4
"2026/01/14","2026/01/16","328A","ＧＸ価格パワー日株","東証およびＰＴＳ",,"確報",0,0,0,0,0,0,0,0,0,0,0,0,0,0,,,0,0,0,0,0,0,0,0,0,0,0,0,0
"2026/01/14","2026/01/16","3290","Ｒ－Ｏｎｅリート","東証およびＰＴＳ",,"確報",1,0,450,0,0,7,443,91900,0,41355000,0,0,643300,40711700,,,0,0,44900,0,0,700,240.8,748.3,0,1496.7,5.4,5.4,5.4
"2026/01/14","2026/01/16","3291","飯田グループＨＤ","東証およびＰＴＳ",,"確報",600,500,10700,32200,100,42700,-32000,1562100,1301750,27857450,83832700,260350,111169450,-83312000,,,0,0,227900,0,0,227900,3.7,5.2,4.4,4.8,2.2,6.4,3.3
"2026/01/14","2026/01/16","3292","イオンリート投資法人","東証およびＰＴＳ",,"確報",0,1,99,0,8,35,64,0,139300,13790700,0,1114400,4875500,8915200,,,0,0,0,30000,12900,0,17.7,24.9,18.4,21.2,14.1,11.9,12.9
"2026/01/14","2026/01/16","3293","アズマハウス","東証およびＰＴＳ",,"確報",0,0,400,0,0,0,400,0,0,314800,0,0,0,314800,,,0,0,0,1200,0,0,1.8,3.7,1.2,1.8,0,0,0
"2026/01/14","2026/01/16","3294","イーグランド","東証およびＰＴＳ",,"確報",800,100,3000,0,100,2200,800,1703200,212900,6387000,0,212900,4683800,1703200,,,0,0,181700,0,0,181700,27.2,13.4,22.3,16.8,111,111,111
"2026/01/14","2026/01/16","3295","ヒューリックリート","東証およびＰＴＳ",,"確報",0,0,51,0,7,25,26,0,0,9113700,0,1250900,4467500,4646200,,,0,0,0,0,0,0,4,10.1,3,4.6,16.1,1.9,3.4
"2026/01/14","2026/01/16","3296","Ｒ－日本リート","東証およびＰＴＳ",,"確報",31,0,435,0,1,9,426,3056600,0,42891000,0,98600,887400,42003600,,,0,0,40400,0,0,1000,28.3,16.6,657,32.3,7.4,5.2,6.1
"2026/01/14","2026/01/16","3297","東武住販","東証およびＰＴＳ",,"確報",400,0,3600,0,0,0,3600,496800,0,4471200,0,0,0,4471200,,,0,0,80000,0,0,0,46.9,27.3,164,46.9,0,0,0
"2026/01/14","2026/01/16","3299","ムゲンエステート","東証およびＰＴＳ",,"確報",1300,1200,68400,300,100,52500,15900,2488200,2296800,130917600,574200,191400,100485000,30432600,,,0,0,0,2868600,2196600,0,35.6,16.7,28.3,21,238,436.3,308
"2026/01/14","2026/01/16","3300","アンビションＤＸ","東証およびＰＴＳ",,"確報",200,0,41100,0,0,0,41100,464400,0,95434200,0,0,0,95434200,,,0,0,409000,0,0,0,1364.7,682.3,0,1364.7,0,0,0
"2026/01/14","2026/01/16","3302","帝国繊維","東証およびＰＴＳ",,"確報",300,800,8800,200,300,19200,-10400,955500,2548000,28028000,637000,955500,61152000,-33124000,,,0,0,139500,0,0,289500,25,8.9,27.3,13.4,54.3,30.5,39.1
"2026/01/14","2026/01/16","3306","日本製麻","東証およびＰＴＳ",,"確報",0,0,487700,0,0,0,487700,0,0,335049900,0,0,0,335049900,,,0,0,1463100,0,0,0,0,0,0,0,0,0,0
"2026/01/14","2026/01/16","3309","積水ハウスリート","東証およびＰＴＳ",,"確報",0,0,168,9,3,69,99,0,0,15237600,816300,272100,6258300,8979300,,,0,0,50400,0,0,18900,17.1,33.8,18,23.4,28.5,6.2,10.2
"2026/01/14","2026/01/16","330A","ＴａｌｅｎｔＸ","東証およびＰＴＳ",,"確報",400,0,22800,0,0,0,22800,354000,0,20178000,0,0,0,20178000,,,0,0,0,268800,0,0,40.1,70.8,28,40.1,0,0,0
"2026/01/14","2026/01/16","3315","日本コークス工業","東証およびＰＴＳ",,"確報",89800,2900,121200,1700,18000,351900,-230700,10506600,339300,14180400,198900,2106000,41172300,-26991900,,,0,0,0,0,0,0,8.7,2.7,4.3,3.3,12.2,35.7,18.2
"2026/01/14","2026/01/16","3317","フライングガーデン","東証およびＰＴＳ",,"確報",0,0,400,0,0,0,400,0,0,641600,0,0,0,641600,,,0,0,0,2400,0,0,0,0,0,0,0,0,0
"2026/01/14","2026/01/16","331A","メディックス","東証およびＰＴＳ",,"確報",0,0,4900,0,0,0,4900,0,0,2582300,0,0,0,2582300,,,0,0,4900,0,0,0,167.3,0,83.7,167.3,0,0,0
"2026/01/14","2026/01/16","3320","クロスプラス","東証およびＰＴＳ",,"確報",400,200,29500,800,0,4600,24900,570000,285000,42037500,1140000,0,6555000,35482500,,,0,0,0,87900,11400,0,28.2,123.8,22.3,37.9,3.7,140,7.2
"2026/01/14","2026/01/16","3321","ミタチ産業","東証およびＰＴＳ",,"確報",100,1700,16600,0,100,0,16600,218400,3712800,36254400,0,218400,0,36254400,,,0,0,0,109200,600,0,25.3,28.6,26,27.3,14,2.8,4.7
"2026/01/14","2026/01/16","3323","レカム","東証およびＰＴＳ",,"確報",0,35600,321800,0,0,0,321800,0,3204000,28962000,0,0,0,28962000,,,0,0,0,0,0,0,26.1,31.7,22.2,26.1,0,0,0
"2026/01/14","2026/01/16","3326","ランシステム","東証およびＰＴＳ",,"確報",0,300,800,0,0,0,800,0,242400,646400,0,0,0,646400,,,0,0,0,13200,0,0,3.1,3.7,2.7,3.1,0,0,0
"2026/01/14","2026/01/16","3329","東和フードサービス","東証およびＰＴＳ",,"確報",0,0,4800,0,0,4800,0,0,0,10161600,0,0,10161600,0,,,0,0,0,9600,9600,0,70,245,49,81.7,122.5,40.8,61.3
"2026/01/14","2026/01/16","332A","ミーク","東証およびＰＴＳ",,"確報",900,100,41200,0,0,0,41200,1104300,122700,50552400,0,0,0,50552400,,,0,0,0,444400,0,0,9.5,9,10.1,9.5,0,0,0
"2026/01/14","2026/01/16","3333","あさひ","東証およびＰＴＳ",,"確報",0,600,7500,4200,0,24700,-17200,0,790800,9885000,5535600,0,32554600,-22669600,,,0,0,64800,0,0,164000,14.9,53.1,6.8,12.1,13.2,22.9,16.8
"2026/01/14","2026/01/16","3349","コスモス薬品","東証およびＰＴＳ",,"確報",2900,17600,37600,1100,0,1400,36200,20662500,125400000,267900000,7837500,0,9975000,257925000,,,0,0,0,11872100,68100,0,3.8,2.7,6.5,3.8,6.6,3.8,4.8
"2026/01/14","2026/01/16","334A","ＶＰＪ","東証およびＰＴＳ",,"確報",300,100,7600,0,0,0,7600,602700,200900,15268400,0,0,0,15268400,,,0,0,59200,0,0,0,30.3,16.7,166.5,30.3,0,0,0
"2026/01/14","2026/01/16","3350","メタプラネット","東証およびＰＴＳ",,"確報",53400,676700,3971700,0,0,0,3971700,32307000,409403500,2402878500,0,0,0,2402878500,,,0,0,353815000,0,0,0,19.9,24.2,16.8,19.9,0,0,0
"2026/01/14","2026/01/16","3352","バッファロー","東証およびＰＴＳ",,"確報",0,0,500,0,0,0,500,0,0,817500,0,0,0,817500,,,0,0,3000,0,0,0,23,11.5,0,23,0,0,0
"2026/01/14","2026/01/16","3353","メディ一光Ｇ","東証およびＰＴＳ",,"確報",0,0,1100,0,0,0,1100,0,0,3327500,0,0,0,3327500,,,0,0,0,71500,0,0,34,25.5,51,34,0,0,0
"2026/01/14","2026/01/16","3355","クリヤマＨＤ","東証およびＰＴＳ",,"確報",200,0,9600,0,0,0,9600,351800,0,16886400,0,0,0,16886400,,,0,0,263200,0,0,0,95.6,95.6,95.6,95.6,0,0,0
"2026/01/14","2026/01/16","3358","Ｔｒａｉｌｈｅａｄ","東証およびＰＴＳ",,"確報",5800,0,292100,0,0,0,292100,556800,0,28041600,0,0,0,28041600,,,0,0,572600,0,0,0,323.4,197.1,899.4,323.4,0,0,0
"2026/01/14","2026/01/16","3359","ｃｏｔｔａ","東証およびＰＴＳ",,"確報",400,0,31100,0,100,4800,26300,202000,0,15705500,0,50500,2424000,13281500,,,0,0,61400,0,0,9800,29.5,142.6,20.4,35.6,14.9,12.7,13.7
"2026/01/14","2026/01/16","335A","ミライロ","東証およびＰＴＳ",,"確報",400,0,2000,0,0,0,2000,176400,0,882000,0,0,0,882000,,,0,0,25600,0,0,0,9.7,20.4,6.4,9.7,0,0,0
"2026/01/14","2026/01/16","3360","シップヘルスケアＨＤ","東証およびＰＴＳ",,"確報",900,200,2600,100,0,5200,-2600,2427300,539400,7012200,269700,0,14024400,-7012200,,,0,0,24700,0,0,66300,16.7,9.4,7.2,8.1,42.3,28.2,33.9
"2026/01/14","2026/01/16","3361","トーエル","東証およびＰＴＳ",,"確報",0,700,300,0,0,0,300,0,602700,258300,0,0,0,258300,,,0,0,0,1000,0,0,4.1,4.1,4.1,4.1,0,0,0
"2026/01/14","2026/01/16","336A","ダイナミクマップ","東証およびＰＴＳ",,"確報",1700,1500,84000,0,0,0,84000,975800,861000,48216000,0,0,0,48216000,,,0,0,0,2765400,0,0,22.9,44.8,15.3,22.9,0,0,0
"2026/01/14","2026/01/16","3370","フジタコーポ","東証およびＰＴＳ",,"確報",0,0,7200,0,0,0,7200,0,0,2455200,0,0,0,2455200,,,0,0,43200,0,0,0,106,371,61.8,106,0,0,0
"2026/01/14","2026/01/16","3371","ソフトクリエイトＨＤ","東証およびＰＴＳ",,"確報",0,0,2300,100,0,3700,-1400,0,0,5108300,222100,0,8217700,-3109400,,,0,0,18400,0,0,28800,43.8,20.4,102,34,45.8,61,52.3
"2026/01/14","2026/01/16","3372","関門海","東証およびＰＴＳ",,"確報",0,0,7500,0,0,0,7500,0,0,1680000,0,0,0,1680000,,,0,0,7500,0,0,0,250,375,187.5,250,0,0,0
"2026/01/14","2026/01/16","3374","内外テック","東証およびＰＴＳ",,"確報",0,0,600,0,0,600,0,0,0,1430400,0,0,1430400,0,,,0,0,24600,0,0,24600,15.5,10.3,10.3,10.3,31,31,31
"2026/01/14","2026/01/16","3375","ＺＯＡ","東証およびＰＴＳ",,"確報",0,100,200,0,0,0,200,0,188500,377000,0,0,0,377000,,,0,0,3600,0,0,0,5.2,6.5,4.3,5.2,0,0,0
"2026/01/14","2026/01/16","3377","バイク王＆カンパニー","東証およびＰＴＳ",,"確報",500,400,6100,0,0,0,6100,205000,164000,2501000,0,0,0,2501000,,,0,0,0,72000,0,0,8.6,7.5,10,8.6,0,0,0
"2026/01/14","2026/01/16","3382","セブン＆アイＨＤ","東証およびＰＴＳ",,"確報",3100,17000,195600,1300,1200,1400,194200,6973450,38241500,440002200,2924350,2699400,3149300,436852900,,,0,0,10789250,0,0,66950,23.1,22,35.5,27.1,1.8,0.5,0.7
"2026/01/14","2026/01/16","3386","コスモ・バイオ","東証およびＰＴＳ",,"確報",0,0,3200,0,1100,1100,2100,0,0,4217600,0,1449800,1449800,2767800,,,0,0,0,70400,48400,0,13.9,14.6,29.2,19.5,22.4,6.6,10.2
"2026/01/14","2026/01/16","3387","クリエイトレストラン","東証およびＰＴＳ",,"確報",1900,15000,167800,9300,0,217600,-49800,1493400,11790000,131890800,7309800,0,171033600,-39142800,,,0,0,0,361800,416600,0,20.7,14.4,9.3,11.3,51.3,194.5,81.2
"2026/01/14","2026/01/16","3388","明治電機工業","東証およびＰＴＳ",,"確報",0,0,1700,0,0,1700,0,0,0,4136100,0,0,4136100,0,,,0,0,22100,0,0,22100,28.7,17.2,14.3,15.6,0,86,172
"2026/01/14","2026/01/16","338A","ＺｅｎｍｕＴｅｃｈ","東証およびＰＴＳ",,"確報",0,1700,26500,0,0,0,26500,0,9860000,153700000,0,0,0,153700000,,,0,0,0,6204000,0,0,20.4,23.4,18.1,20.4,0,0,0
"2026/01/14","2026/01/16","3391","ツルハＨＤ","東証およびＰＴＳ",,"確報",1800,3800,28600,0,0,0,28600,4560300,9627300,72458100,0,0,0,72458100,,,0,0,459000,0,0,0,5.1,3.3,11.2,5.1,0,0,0
"2026/01/14","2026/01/16","3392","デリカフーズＨＤ","東証およびＰＴＳ",,"確報",0,0,32000,0,0,0,32000,0,0,27200000,0,0,0,27200000,,,0,0,0,64000,0,0,405.5,0,202.8,405.5,0,0,0
"2026/01/14","2026/01/16","3393","スターティアＨＤ","東証およびＰＴＳ",,"確報",300,0,1900,200,100,900,1000,895200,0,5669600,596800,298400,2685600,2984000,,,0,0,22400,0,0,11200,10.9,5.8,70,10.8,7.8,19.5,11.1
"2026/01/14","2026/01/16","3395","サンマルクＨＤ","東証およびＰＴＳ",,"確報",200,100,1500,100,0,1500,0,551600,275800,4137000,275800,0,4137000,0,,,0,0,0,14000,14000,0,7.1,4.1,9.7,5.8,5.6,28,9.3
"2026/01/14","2026/01/16","3396","フェリシモ","東証およびＰＴＳ",,"確報",0,100,300,0,0,0,300,0,85600,256800,0,0,0,256800,,,0,0,0,800,0,0,2.9,2.9,2.9,2.9,0,0,0
"2026/01/14","2026/01/16","3397","トリドールＨＤ","東証およびＰＴＳ",,"確報",500,0,7900,0,100,5700,2200,2143000,0,33859400,0,428600,24430200,9429200,,,0,0,44400,0,0,34800,2.2,2.6,2.4,2.5,2,2,2
"2026/01/14","2026/01/16","3399","丸千代山岡家","東証およびＰＴＳ",,"確報",1600,1500,53700,100,0,53700,0,4928000,4620000,165396000,308000,0,165396000,0,,,0,0,804000,0,0,804000,45.4,24.1,23.7,23.9,535.6,382.6,446.3
"2026/01/14","2026/01/16","339A","プログレス","東証およびＰＴＳ",,"確報",900,0,7200,0,0,0,7200,1091700,0,8733600,0,0,0,8733600,,,0,0,0,56700,0,0,11.3,13.5,9.7,11.3,0,0,0
"2026/01/14","2026/01/16","3401","帝人","東証およびＰＴＳ",,"確報",3000,1900,33200,1900,800,33200,0,4237500,2683750,46895000,2683750,1130000,46895000,0,,,0,0,1235850,0,0,1235850,27.9,17.6,19.9,18.7,46.7,68.1,55.4
"2026/01/14","2026/01/16","3402","東レ","東証およびＰＴＳ",,"確報",15600,10100,77000,3100,1600,27400,49600,17721600,11473600,87472000,3521600,1817600,31126400,56345600,,,0,0,786500,0,0,284900,7.9,6.9,7.9,7.4,9.2,10.1,9.7
"2026/01/14","2026/01/16","3405","クラレ","東証およびＰＴＳ",,"確報",1600,0,51600,2000,0,5800,45800,2669600,0,86094600,3337000,0,9677300,76417300,,,0,0,1025000,0,0,77900,4.2,6.7,7.7,7.2,3.1,0.4,0.6
"2026/01/14","2026/01/16","3407","旭化成","東証およびＰＴＳ",,"確報",7300,1300,43100,13300,0,39000,4100,10898900,1940900,64348300,19856900,0,58227000,6121300,,,0,0,1168650,0,0,809550,4.2,4.8,3.1,3.8,9.4,3.4,5
"2026/01/14","2026/01/16","3409","北紡","東証およびＰＴＳ",,"確報",25000,0,952700,0,0,0,952700,3000000,0,114324000,0,0,0,114324000,,,0,0,0,927700,0,0,373.1,186.5,0,373.1,0,0,0
"2026/01/14","2026/01/16","340A","ジグザグ","東証およびＰＴＳ",,"確報",0,4200,29200,0,0,0,29200,0,1625400,11300400,0,0,0,11300400,,,0,0,0,1870400,0,0,19.8,32.9,14.2,19.8,0,0,0
"2026/01/14","2026/01/16","3415","ＴＯＫＹＯ　ＢＡＳＥ","東証およびＰＴＳ",,"確報",0,2700,111900,0,900,18700,93200,0,1236600,51250200,0,412200,8564600,42685600,,,0,0,0,114600,19600,0,23.5,27.7,18.3,22,75.5,24,36.4
"2026/01/14","2026/01/16","3416","ピクスタ","東証およびＰＴＳ",,"確報",0,0,1900,0,0,0,1900,0,0,1805000,0,0,0,1805000,,,0,0,28500,0,0,0,51.5,0,25.8,51.5,0,0,0
"2026/01/14","2026/01/16","3417","大木ヘルスケア","東証およびＰＴＳ",,"確報",6200,0,333200,0,0,0,333200,8810200,0,473477200,0,0,0,473477200,,,0,0,981000,0,0,0,154.5,78.4,5381,154.5,0,0,0
"2026/01/14","2026/01/16","3418","バルニバービ","東証およびＰＴＳ",,"確報",0,2100,28700,0,0,0,28700,0,2198700,30048900,0,0,0,30048900,,,0,0,30800,0,0,0,54.7,1585,27.8,54.7,0,0,0
"2026/01/14","2026/01/16","341A","トヨコー","東証およびＰＴＳ",,"確報",400,100,36200,0,0,0,36200,855200,213800,77395600,0,0,0,77395600,,,0,0,0,2692500,0,0,79.6,81.4,77.8,79.6,0,0,0
"2026/01/14","2026/01/16","3420","ケー・エフ・シー","東証およびＰＴＳ",,"確報",0,0,200,0,0,0,200,0,0,312800,0,0,0,312800,,,0,0,3800,0,0,0,0,0,0,0,0,0,0
"2026/01/14","2026/01/16","3421","稲葉製作所","東証およびＰＴＳ",,"確報",0,0,2300,0,0,0,2300,0,0,3749000,0,0,0,3749000,,,0,0,39100,0,0,0,13.5,13.5,13.5,13.5,0,0,0
"2026/01/14","2026/01/16","3422","Ｊ－ＭＡＸ","東証およびＰＴＳ",,"確報",300,0,10500,0,100,0,10500,137700,0,4819500,0,45900,0,4819500,,,0,0,0,20400,200,0,47.4,37.5,122,57.4,10,3.3,5
"2026/01/14","2026/01/16","3423","エスイー","東証およびＰＴＳ",,"確報",0,0,21500,0,0,1600,19900,0,0,5912500,0,0,440000,5472500,,,0,0,64500,0,0,4800,55.1,32.1,994,62.1,27,20.3,23.1
"2026/01/14","2026/01/16","3426","アトムリビンテック","東証およびＰＴＳ",,"確報",0,0,0,0,0,0,0,0,0,0,0,0,0,0,,,0,0,0,0,0,0,0,0,0,0,0,0,0
"2026/01/14","2026/01/16","3431","宮地エンジニアリング","東証およびＰＴＳ",,"確報",2200,0,17300,2200,0,17300,0,4309800,0,33890700,4309800,0,33890700,0,,,0,0,332200,0,0,332200,13.6,8.3,9,8.6,27.1,37.4,31.4
"2026/01/14","2026/01/16","3433","トーカロ","東証およびＰＴＳ",,"確報",0,800,19300,0,3100,10400,8900,0,1916000,46223500,0,7424500,24908000,21315500,,,0,0,0,221100,148500,0,22.6,67.1,45.7,54.4,21.3,7.7,11.4
"2026/01/14","2026/01/16","3434","アルファＣｏ","東証およびＰＴＳ",,"確報",0,0,900,0,0,0,900,0,0,1116900,0,0,0,1116900,,,0,0,0,1800,0,0,46,46,46,46,0,0,0
"2026/01/14","2026/01/16","3435","サンコーテクノ","東証およびＰＴＳ",,"確報",0,0,800,0,0,0,800,0,0,1097600,0,0,0,1097600,,,0,0,7200,0,0,0,39,19.5,0,39,0,0,0
"2026/01/14","2026/01/16","3436","ＳＵＭＣＯ","東証およびＰＴＳ",,"確報",1300,18500,179700,17800,2400,76600,103100,2111200,30044000,291832800,28907200,3897600,124398400,167434400,,,0,0,13487650,0,0,4192200,13.3,9.7,20.9,13.2,11.5,16.6,13.6
"2026/01/14","2026/01/16","3437","特殊電極","東証およびＰＴＳ",,"確報",0,0,600,0,0,0,600,0,0,2001000,0,0,0,2001000,,,0,0,0,15000,0,0,14.5,29,9.7,14.5,0,0,0
"2026/01/14","2026/01/16","3439","三ツ知","東証およびＰＴＳ",,"確報",0,0,3000,0,0,0,3000,0,0,1896000,0,0,0,1896000,,,0,0,15000,0,0,0,100.7,75.5,151,100.7,0,0,0
"2026/01/14","2026/01/16","343A","ＩＡＣＥトラベル","東証およびＰＴＳ",,"確報",0,100,4000,0,0,0,4000,0,143400,5736000,0,0,0,5736000,,,0,0,0,36900,0,0,40.4,40.4,40.4,40.4,0,0,0
"2026/01/14","2026/01/16","3440","日創グループ","東証およびＰＴＳ",,"確報",100,0,3000,0,0,0,3000,97700,0,2931000,0,0,0,2931000,,,0,0,14500,0,0,0,76,152,50.7,76,0,0,0
"2026/01/14","2026/01/16","3441","山王","東証およびＰＴＳ",,"確報",0,0,9200,0,0,0,9200,0,0,10442000,0,0,0,10442000,,,0,0,119600,0,0,0,102.7,77,154,102.7,0,0,0
"2026/01/14","2026/01/16","3443","川田テクノロジーズ","東証およびＰＴＳ",,"確報",300,1100,18500,100,0,12300,6200,1471500,5395500,90742500,490500,0,60331500,30411000,,,0,0,2798500,0,0,1769000,22.2,9.6,38,15.3,40.7,101.7,58.1
"2026/01/14","2026/01/16","3444","菊池製作所","東証およびＰＴＳ",,"確報",5500,13800,41000,200,10200,39300,1700,5687000,14269200,42394000,206800,10546800,40636200,1757800,,,0,0,0,1824100,1824100,0,4.5,4.2,3.1,3.6,9.8,4.5,6.2
"2026/01/14","2026/01/16","3445","ＲＳＴＥＣＨ","東証およびＰＴＳ",,"確報",100,0,4500,200,900,1200,3300,385000,0,17325000,770000,3465000,4620000,12705000,,,0,0,176000,0,0,76000,6,239,10.9,20.8,2.3,1.5,1.8
"2026/01/14","2026/01/16","3446","ＪＴＥＣＣＯＲＰ","東証およびＰＴＳ",,"確報",5400,2800,47800,2600,0,47800,0,6971400,3614800,61709800,3356600,0,61709800,0,,,0,0,0,2034000,2034000,0,33.4,21.9,20.6,21.2,87.7,69.7,77.7
"2026/01/14","2026/01/16","3447","信和","東証およびＰＴＳ",,"確報",300,0,8200,0,0,0,8200,290400,0,7937600,0,0,0,7937600,,,0,0,47400,0,0,0,34.4,37.5,31.8,34.4,0,0,0
"2026/01/14","2026/01/16","3449","テクノフレックス","東証およびＰＴＳ",,"確報",500,100,7800,0,300,3000,4800,1169000,233800,18236400,0,701400,7014000,11222400,,,0,0,281200,0,0,125400,12.8,15.9,15.9,15.9,8.6,8.6,8.6
"2026/01/14","2026/01/16","3451","Ｒ－トーセイ・リート","東証およびＰＴＳ",,"確報",0,0,53,0,0,0,53,0,0,7812200,0,0,0,7812200,,,0,0,0,21200,0,0,0,0,0,0,0,0,0
"2026/01/14","2026/01/16","3452","ビーロット","東証およびＰＴＳ",,"確報",2300,900,78800,0,0,2100,76700,3427000,1341000,117412000,0,0,3129000,114283000,,,0,0,0,1161000,31500,0,80.9,62.6,112.3,80.4,107,107,107
"2026/01/14","2026/01/16","3454","ファーストブラザーズ","東証およびＰＴＳ",,"確報",500,900,2900,0,400,2900,0,604000,1087200,3503200,0,483200,3503200,0,,,0,0,0,29700,29700,0,2.3,2,1.7,1.9,9.1,2.6,4.1
"2026/01/14","2026/01/16","3455","ＨＣＭ","東証およびＰＴＳ",,"確報",6,4,259,12,0,13,246,738600,492400,31882900,1477200,0,1600300,30282600,,,0,0,0,51400,200,0,21.3,40.7,16.4,23.4,1.4,0,2.8
"2026/01/14","2026/01/16","3457","Ａｎｄ　Ｄｏ　ＨＬＤ","東証およびＰＴＳ",,"確報",0,100,33700,2000,0,16500,17200,0,109300,36834100,2186000,0,18034500,18799600,,,0,0,608400,0,0,261000,65,130,169,147,37.1,24.3,29.4
"2026/01/14","2026/01/16","3459","サムティレジ","東証およびＰＴＳ",,"確報",0,0,104,2,1,11,93,0,0,12500800,240400,120200,1322200,11178600,,,0,0,41600,0,0,4000,14.6,24.3,12.7,16.7,3.7,11,5.5
"2026/01/14","2026/01/16","345A","高配当成長ＥＴＮ","東証およびＰＴＳ",,"確報",0,0,0,0,0,0,0,0,0,0,0,0,0,0,,,0,0,0,0,0,0,0,0,0,0,0,0,0
"2026/01/14","2026/01/16","3461","パルマ","東証およびＰＴＳ",,"確報",0,0,1000,0,0,0,1000,0,0,542000,0,0,0,542000,,,0,0,4000,0,0,0,0,0,0,0,0,0,0
"2026/01/14","2026/01/16","3462","野村不動産マスターＦ","東証およびＰＴＳ",,"確報",51,24,68,0,36,35,33,8868900,4173600,11825200,0,6260400,6086500,5738700,,,0,0,0,32800,56800,0,3.9,3.2,5,3.9,5,3.3,3.9
"2026/01/14","2026/01/16","3463","いちごホテルリート","東証およびＰＴＳ",,"確報",7,20,194,0,0,0,194,907900,2594000,25161800,0,0,0,25161800,,,0,0,0,62100,0,0,9.8,10.7,9,9.8,0,0,0
"2026/01/14","2026/01/16","3465","ケイアイスター不動産","東証およびＰＴＳ",,"確報",0,1700,6900,400,3000,6000,900,0,11101000,45057000,2612000,19590000,39180000,5877000,,,0,0,0,1892000,1892000,0,11.5,14.3,14.8,14.5,8.8,10.1,9.4
"2026/01/14","2026/01/16","3466","ラサールロジ投資法人","東証およびＰＴＳ",,"確報",0,3,55,14,1,48,7,0,483300,8860500,2255400,161100,7732800,1127700,,,0,0,0,5800,3500,0,11.9,74.5,15.7,25.9,5.9,7.9,6.8
"2026/01/14","2026/01/16","3467","アグレ都市デザイン","東証およびＰＴＳ",,"確報",0,0,3200,0,0,0,3200,0,0,8121600,0,0,0,8121600,,,0,0,0,3200,0,0,320,0,160,320,0,0,0
"2026/01/14","2026/01/16","3468","スターアジア投資法人","東証およびＰＴＳ",,"確報",8,9,446,0,2,13,433,503200,566100,28053400,0,125800,817700,27235700,,,0,0,44700,0,0,1500,11.1,16.7,12.1,14,3.1,1.5,2.1
"2026/01/14","2026/01/16","3469","デュアルタップ","東証およびＰＴＳ",,"確報",0,0,800,0,0,0,800,0,0,768800,0,0,0,768800,,,0,0,800,0,0,0,11.6,0,5.8,11.6,0,0,0
"2026/01/14","2026/01/16","346A","Ｓ＆Ｐ５００半導体","東証およびＰＴＳ",,"確報",0,240,892,0,0,0,892,0,868800,3229040,0,0,0,3229040,,,0,0,50940,0,0,0,5.6,6.3,5,5.6,0,0,0
"2026/01/14","2026/01/16","3470","マリモ地方創生リート","東証およびＰＴＳ",,"確報",0,49,260,0,0,0,260,0,5404700,28678000,0,0,0,28678000,,,0,0,30900,0,0,0,14.4,12.7,16.7,14.4,0,0,0
"2026/01/14","2026/01/16","3471","三井不ロジパーク","東証およびＰＴＳ",,"確報",3,0,166,70,3,137,29,372900,0,20633800,8701000,372900,17029100,3604700,,,0,0,0,179300,77000,0,5.3,17.1,9.5,12.2,7.8,2,3.2
"2026/01/14","2026/01/16","3472","Ｒ－日本ホテル＆レジ","東証およびＰＴＳ",,"確報",1,0,365,0,0,0,365,77600,0,28324000,0,0,0,28324000,,,0,0,0,0,0,0,4.1,84.4,2.1,4.1,0,0,0
"2026/01/14","2026/01/16","3474","Ｇ－ＦＡＣＴＯＲＹ","東証およびＰＴＳ",,"確報",200,0,1000,0,0,0,1000,116200,0,581000,0,0,0,581000,,,0,0,0,9600,0,0,12.9,7.5,45,12.9,0,0,0
"2026/01/14","2026/01/16","3475","グッドコムアセット","東証およびＰＴＳ",,"確報",100,7000,162500,0,800,337000,-174500,131300,9191000,213362500,0,1050400,442481000,-229118500,,,0,0,847000,0,0,1689000,93.6,36.5,32.5,34.4,1058.3,546.2,720.5
"2026/01/14","2026/01/16","3476","投資法人みらい","東証およびＰＴＳ",,"確報",3,3,91,3,1,26,65,153300,153300,4650100,153300,51100,1328600,3321500,,,0,0,0,9100,2400,0,34.8,75.3,150.7,100.4,5.9,12.6,8
"2026/01/14","2026/01/16","3477","フォーライフ","東証およびＰＴＳ",,"確報",0,0,800,0,0,0,800,0,0,720800,0,0,0,720800,,,0,0,3200,0,0,0,38,19,0,38,0,0,0
"2026/01/14","2026/01/16","3479","ティーケーピー","東証およびＰＴＳ",,"確報",2100,500,255700,600,100,287900,-32200,4137000,985000,503729000,1182000,197000,567163000,-63434000,,,0,0,5590200,0,0,6322800,200.3,104.3,123.3,113,901,497.1,640.7
"2026/01/14","2026/01/16","3480","ジェイ・エス・ビー","東証およびＰＴＳ",,"確報",600,1700,3500,100,2500,5700,-2200,2007000,5686500,11707500,334500,8362500,19066500,-7359000,,,0,0,0,253000,445500,0,15,11.6,9.4,10.4,139.3,10.2,19
"2026/01/14","2026/01/16","3481","Ｒ－三菱地所物流","東証およびＰＴＳ",,"確報",0,0,127,0,1,4,123,0,0,17195800,0,135400,541600,16654200,,,0,0,0,127000,5000,0,23.3,26.4,26.4,26.4,14,4,6.2
"2026/01/14","2026/01/16","3482","ロードスター","東証およびＰＴＳ",,"確報",100,0,56400,0,400,4800,51600,306000,0,172584000,0,1224000,14688000,157896000,,,0,0,563000,0,0,52000,95.4,566.4,118,195.3,10.1,17.1,12.7
"2026/01/14","2026/01/16","3484","イノベーションＨＤ","東証およびＰＴＳ",,"確報",0,2400,1200,0,2600,1000,200,0,3004800,1502400,0,3255200,1252000,250400,,,0,0,10800,0,0,10800,3.1,3.2,3.2,3.2,3,2.9,2.9
"2026/01/14","2026/01/16","3486","グローバルリンクＭ","東証およびＰＴＳ",,"確報",0,200,42100,0,0,0,42100,0,421600,88746800,0,0,0,88746800,,,0,0,0,380700,0,0,42.4,46.7,41.9,44.2,1,1,1
"2026/01/14","2026/01/16","3487","Ｒ－ＣＲＥロジ","東証およびＰＴＳ",,"確報",0,0,61,0,0,6,55,0,0,10540800,0,0,1036800,9504000,,,0,0,0,18300,1800,0,55.8,50.8,152.5,76.3,10,30,15
"2026/01/14","2026/01/16","3488","Ｒ－セントラル","東証およびＰＴＳ",,"確報",0,6,165,0,0,0,165,0,715200,19668000,0,0,0,19668000,,,0,0,17100,0,0,0,16.5,86.7,9.1,16.5,0,0,0
"2026/01/14","2026/01/16","3489","フェイスネットワーク","東証およびＰＴＳ",,"確報",100,900,66900,0,0,0,66900,84400,759600,56463600,0,0,0,56463600,,,0,0,406200,0,0,0,89.8,864,48,90.9,0,0,0
"2026/01/14","2026/01/16","348A","ＭＸＳ読売３３３日株","東証およびＰＴＳ",,"確報",0,25000,30,350,0,2430,-2400,0,6590000,7908,92260,0,640548,-632640,,,0,0,92611,0,0,7696,1,1,0.7,0.8,29.2,24.7,26.7
"2026/01/14","2026/01/16","3490","アズ企画設計","東証およびＰＴＳ",,"確報",100,0,1500,0,0,0,1500,299200,0,4488000,0,0,0,4488000,,,0,0,0,81200,0,0,21.4,37.5,15,21.4,0,0,0
"2026/01/14","2026/01/16","3491","ＧＡ　ＴＥＣＨ","東証およびＰＴＳ",,"確報",300,4900,58900,0,0,0,58900,497400,8124200,97656200,0,0,0,97656200,,,0,0,2984500,0,0,0,40.6,32.5,54.3,40.6,0,0,0
"2026/01/14","2026/01/16","3492","Ｒ－ＭＩＲＡＲＴＨ","東証およびＰＴＳ",,"確報",0,19,537,0,1,5,532,0,1805000,51015000,0,95000,475000,50540000,,,0,0,0,166800,1800,0,8.8,19.2,5.7,8.8,30,15,20
"2026/01/14","2026/01/16","3494","マリオン","東証およびＰＴＳ",,"確報",100,0,35600,0,0,0,35600,37100,0,13207600,0,0,0,13207600,,,0,0,0,106500,0,0,167.4,97.7,586,167.4,0,0,0
"2026/01/14","2026/01/16","3495","香陵住販","東証およびＰＴＳ",,"確報",100,0,1300,0,0,0,1300,249500,0,3243500,0,0,0,3243500,,,0,0,25200,0,0,0,122,61,0,122,0,0,0
"2026/01/14","2026/01/16","3496","アズーム","東証およびＰＴＳ",,"確報",0,1800,8200,0,0,0,8200,0,9198000,41902000,0,0,0,41902000,,,0,0,100000,0,0,0,22.3,26.2,19.4,22.3,0,0,0
"2026/01/14","2026/01/16","3498","霞ヶ関キャピタル","東証およびＰＴＳ",,"確報",100,23500,156400,200,100,72500,83900,756000,177660000,1182384000,1512000,756000,548100000,634284000,,,0,0,37758000,0,0,15204000,12.4,17.8,15.7,16.7,904.8,4,8
"2026/01/14","2026/01/16","349A","ＳＭＤＡＭ日本グロ株","東証およびＰＴＳ",,"確報",0,10,0,10,10,20,-20,0,6980,0,6980,6980,13960,-13960,,,0,0,154,0,0,308,2.6,1,1,1,2.7,4,3.2
"2026/01/14","2026/01/16","3501","ＳＵＭＩＮＯＥ","東証およびＰＴＳ",,"確報",600,900,11800,0,600,800,11000,778800,1168200,15316400,0,778800,1038400,14278000,,,0,0,169400,0,0,19600,16.6,11.1,59.1,18.7,11.8,6.6,8.4
"2026/01/14","2026/01/16","350A","デジタルグリッド","東証およびＰＴＳ",,"確報",1400,0,129700,0,0,0,129700,1101800,0,102073900,0,0,0,102073900,,,0,0,0,2052800,0,0,111.5,103.4,121,111.5,0,0,0
"2026/01/14","2026/01/16","3512","日本フエルト","東証およびＰＴＳ",,"確報",600,0,683800,0,0,0,683800,581400,0,662602200,0,0,0,662602200,,,0,0,41675200,0,0,0,5256.6,3796.4,8542,5256.6,0,0,0
"2026/01/14","2026/01/16","3513","イチカワ","東証およびＰＴＳ",,"確報",300,0,27500,0,0,0,27500,1002000,0,91850000,0,0,0,91850000,,,0,0,1088000,0,0,0,680,340,0,680,0,0,0
"2026/01/14","2026/01/16","3521","テルマー湯ＨＤ","東証およびＰＴＳ",,"確報",1100,0,231600,0,0,66500,165100,201300,0,42382800,0,0,12169500,30213300,,,0,0,691500,0,0,199500,35.3,145.2,185,162.7,3.7,290.6,7.3
"2026/01/14","2026/01/16","3524","日東製網","東証およびＰＴＳ",,"確報",0,900,4100,0,0,0,4100,0,1437300,6547700,0,0,0,6547700,,,0,0,15000,0,0,0,19.1,17.1,21.7,19.1,0,0,0
"2026/01/14","2026/01/16","3526","芦森工業","東証およびＰＴＳ",,"確報",0,0,4500,0,0,600,3900,0,0,18495000,0,0,2466000,16029000,,,0,0,0,22500,3000,0,35.4,18.2,100,30.8,0,0,0
"2026/01/14","2026/01/16","3529","アツギ","東証およびＰＴＳ",,"確報",800,20300,39800,0,300,59000,-19200,999200,25354700,49710200,0,374700,73691000,-23980800,,,0,0,0,177900,177900,0,7.3,4.3,3.2,3.7,0,54.8,109.6
"2026/01/14","2026/01/16","352A","ＬＯＩＶＥ","東証およびＰＴＳ",,"確報",500,600,3100,0,0,0,3100,511000,613200,3168200,0,0,0,3168200,,,0,0,73600,0,0,0,9,9.2,8.7,9,0,0,0
"2026/01/14","2026/01/16","3536","アクサスＨＤ","東証およびＰＴＳ",,"確報",1200,0,11200,0,0,0,11200,154800,0,1444800,0,0,0,1444800,,,0,0,10000,0,0,0,55.6,27.8,0,55.6,0,0,0
"2026/01/14","2026/01/16","3537","昭栄薬品","東証およびＰＴＳ",,"確報",0,0,800,0,0,0,800,0,0,1244800,0,0,0,1244800,,,0,0,800,0,0,0,0,0,0,0,0,0,0
"2026/01/14","2026/01/16","3538","ウイルプラスＨＤ","東証およびＰＴＳ",,"確報",100,0,3600,0,0,1000,2600,106000,0,3816000,0,0,1060000,2756000,,,0,0,28000,0,0,8000,18.3,15.1,0,30.2,4.1,41,7.5
"2026/01/14","2026/01/16","3539","ＪＭホールディングス","東証およびＰＴＳ",,"確報",0,500,58600,100,300,1700,56900,0,825500,96748600,165100,495300,2806700,93941900,,,0,0,0,1713900,55100,0,88,593.2,74.2,131.8,28.3,5.4,9
"2026/01/14","2026/01/16","3541","農業総合研究所","東証およびＰＴＳ",,"確報",46600,11900,556900,3800,0,82800,474100,35649000,9103500,426028500,2907000,0,63342000,362686500,,,0,0,0,0,0,0,7.2,4,12.3,6.1,67.3,112.2,84.1
"2026/01/14","2026/01/16","3542","ベガコーポレーション","東証およびＰＴＳ",,"確報",700,100,30800,100,2000,37100,-6300,1038800,148400,45707200,148400,2968000,55056400,-9349200,,,0,0,0,211400,273000,0,59.8,55.3,46.7,50.6,121.6,48.7,69.5
"2026/01/14","2026/01/16","3543","コメダＨＤ","東証およびＰＴＳ",,"確報",600,200,27800,0,0,0,27800,1791000,597000,82983000,0,0,0,82983000,,,0,0,0,411000,0,0,89.6,58.1,334,99,0,2.7,5.3
"2026/01/14","2026/01/16","3544","サツドラＨＤ","東証およびＰＴＳ",,"確報",400,100,7900,0,0,200,7700,331600,82900,6549100,0,0,165800,6383300,,,0,0,0,15200,400,0,15.2,8.4,88.3,15.3,11,11,11
"2026/01/14","2026/01/16","3546","アレンザＨＤ","東証およびＰＴＳ",,"確報",1800,200,7300,2600,100,7300,0,2170800,241200,8803800,3135600,120600,8803800,0,,,0,0,0,148200,124800,0,7,8.2,4.8,6,8.9,13.8,10.8
"2026/01/14","2026/01/16","3547","串カツ田中","東証およびＰＴＳ",,"確報",2900,1100,53200,1600,100,77100,-23900,5863800,2224200,107570400,3235200,202200,155896200,-48325800,,,0,0,0,771000,1134000,0,38.7,14.6,28.5,19.3,73.1,266.2,114.7
"2026/01/14","2026/01/16","3548","バロック","東証およびＰＴＳ",,"確報",27000,400,45000,150300,800,167900,-122900,21195000,314000,35325000,117985500,628000,131801500,-96476500,,,0,0,0,0,0,0,3.9,4.1,43.9,7.5,1.6,96.6,3.1
"2026/01/14","2026/01/16","3549","クスリのアオキＨＤ","東証およびＰＴＳ",,"確報",100,5200,1700,16700,5800,82600,-80900,472000,24544000,8024000,78824000,27376000,389872000,-381848000,,,0,0,1727200,0,0,18211800,11.1,5.3,3.3,4.1,11.3,14.8,12.8
"2026/01/14","2026/01/16","354A","ｉＦ高配当５０","東証およびＰＴＳ",,"確報",0,10,704,0,0,0,704,0,28970,2039488,0,0,0,2039488,,,0,0,24276,0,0,0,353,353,353,353,0,0,0
"2026/01/14","2026/01/16","3550","スタジオアタオ","東証およびＰＴＳ",,"確報",200,0,2600,0,0,0,2600,42200,0,548600,0,0,0,548600,,,0,0,2400,0,0,0,38.3,67,26.8,38.3,0,0,0
"2026/01/14","2026/01/16","3551","ダイニック","東証およびＰＴＳ",,"確報",0,0,1000,0,0,0,1000,0,0,1130000,0,0,0,1130000,,,0,0,0,1000,0,0,51,51,51,51,0,0,0
"2026/01/14","2026/01/16","3553","共和レザー","東証およびＰＴＳ",,"確報",400,800,16500,0,4400,25500,-9000,436400,872800,18001500,0,4800400,27820500,-9819000,,,0,0,118300,0,0,209300,17.3,13.8,14.3,14,38.4,13.6,20.1
"2026/01/14","2026/01/16","3556","リネットジャパングル","東証およびＰＴＳ",,"確報",0,2900,32200,0,0,0,32200,0,3413300,37899400,0,0,0,37899400,,,0,0,1684800,0,0,0,32.1,25.5,43,32.1,0,0,0
"2026/01/14","2026/01/16","3557","Ｕ＆Ｃ","東証およびＰＴＳ",,"確報",0,0,300,0,0,0,300,0,0,299700,0,0,0,299700,,,0,0,900,0,0,0,30,0,15,30,0,0,0
"2026/01/14","2026/01/16","3558","ジェイドグループ","東証およびＰＴＳ",,"確報",2000,3700,101600,0,0,0,101600,2900000,5365000,147320000,0,0,0,147320000,,,0,0,0,1549500,0,0,75.7,55.9,117,75.7,0,0,0
"2026/01/14","2026/01/16","3559","ピーバンドットコム","東証およびＰＴＳ",,"確報",12600,4200,26100,9700,1300,26100,0,6514200,2171400,13493700,5014900,672100,13493700,0,,,0,0,0,690300,690300,0,3.4,2,5.1,2.9,2.6,11.4,4.2
"2026/01/14","2026/01/16","3560","ほぼ日","東証およびＰＴＳ",,"確報",0,0,100,0,0,0,100,0,0,360500,0,0,0,360500,,,0,0,0,1500,0,0,6,3,0,6,0,0,0
"2026/01/14","2026/01/16","3561","力の源ＨＤ","東証およびＰＴＳ",,"確報",100,1800,69000,1600,0,253100,-184100,141500,2547000,97635000,2264000,0,358136500,-260501500,,,0,0,0,636300,2263500,0,151.6,54.7,46.1,50,359.7,349.8,354.7
"2026/01/14","2026/01/16","3562","Ｎｏ．１","東証およびＰＴＳ",,"確報",700,0,6000,0,0,0,6000,1400700,0,12006000,0,0,0,12006000,,,0,0,0,2650000,0,0,33.6,20.7,89.7,33.6,0,0,0
"2026/01/14","2026/01/16","3563","Ｆ＆ＬＣ","東証およびＰＴＳ",,"確報",300,29500,6100,25400,0,47700,-41600,2583900,254083500,52539300,218770200,0,410840100,-358300800,,,0,0,6389300,0,0,4036300,3.5,6,2.5,3.6,3.4,3.5,3.4
"2026/01/14","2026/01/16","3565","アセンテック","東証およびＰＴＳ",,"確報",200,400,59500,600,0,7800,51700,325000,650000,96687500,975000,0,12675000,84012500,,,0,0,2208900,0,0,266400,71.7,197.6,47.8,77,46,46,46
"2026/01/14","2026/01/16","3566","ユニフォームネクスト","東証およびＰＴＳ",,"確報",0,100,4000,0,0,0,4000,0,66000,2640000,0,0,0,2640000,,,0,0,0,0,0,0,201,201,201,201,0,0,0
"2026/01/14","2026/01/16","3569","セーレン","東証およびＰＴＳ",,"確報",500,0,19800,0,0,200,19600,1537500,0,60885000,0,0,615000,60270000,,,0,0,0,96500,1000,0,13.6,8.2,46.9,14,4.5,3,3.6
"2026/01/14","2026/01/16","356A","ＧＸＳＰＣＦ１００","東証およびＰＴＳ",,"確報",0,0,382,0,0,0,382,0,0,543968,0,0,0,543968,,,0,0,0,2674,0,0,89.6,0,44.8,89.6,0,0,0
"2026/01/14","2026/01/16","3571","ソトー","東証およびＰＴＳ",,"確報",0,600,4700,0,400,1500,3200,0,482400,3778800,0,321600,1206000,2572800,,,0,0,26500,0,0,9500,24.8,43.2,16.2,23.5,0,14.3,28.6
"2026/01/14","2026/01/16","3577","東海染工","東証およびＰＴＳ",,"確報",100,0,400,0,0,0,400,96400,0,385600,0,0,0,385600,,,0,0,6300,0,0,0,8.7,4.3,0,8.7,0,0,0
"2026/01/14","2026/01/16","3580","小松マテーレ","東証およびＰＴＳ",,"確報",0,0,67500,200,1000,27200,40300,0,0,59400000,176000,880000,23936000,35464000,,,0,0,0,67500,28000,0,47.4,230.8,62.9,98.9,21.4,19.9,20.6
"2026/01/14","2026/01/16","3583","オーベクス","東証およびＰＴＳ",,"確報",0,0,1600,0,0,0,1600,0,0,2136000,0,0,0,2136000,,,0,0,22400,0,0,0,75,37.5,0,75,0,0,0
"2026/01/14","2026/01/16","3591","ワコールＨＤ","東証およびＰＴＳ",,"確報",0,1400,16600,6900,900,85500,-68900,0,6353200,75330800,31312200,4084200,387999000,-312668200,,,0,0,414000,0,0,1828500,33.2,18.9,15.6,17.1,45.8,38.1,41.6
"2026/01/14","2026/01/16","3593","ホギメディカル","東証およびＰＴＳ",,"確報",4900,0,8700,0,0,1200,7500,32732000,0,58116000,0,0,8016000,50100000,,,0,0,0,38000,12000,0,4,6,2.5,3.5,0,0,0
"2026/01/14","2026/01/16","3597","自重堂","東証およびＰＴＳ",,"確報",200,0,500,0,0,0,500,1970000,0,4925000,0,0,0,4925000,,,0,0,15000,0,0,0,11.3,5.7,0,11.3,0,0,0
"2026/01/14","2026/01/16","3598","山喜","東証およびＰＴＳ",,"確報",0,0,1300,0,0,0,1300,0,0,222300,0,0,0,222300,,,0,0,0,0,0,0,21.3,10.7,0,21.3,0,0,0
"2026/01/14","2026/01/16","3600","フジックス","東証およびＰＴＳ",,"確報",0,100,100,0,0,0,100,0,169700,169700,0,0,0,169700,,,0,0,0,12200,0,0,4,4,4,4,0,0,0
"2026/01/14","2026/01/16","3607","クラウディアＨＤ","東証およびＰＴＳ",,"確報",600,0,6300,0,0,0,6300,214800,0,2255400,0,0,0,2255400,,,0,0,0,34200,0,0,12,6.4,105,12,0,0,0
"2026/01/14","2026/01/16","3608","ＴＳＩＨＤ","東証およびＰＴＳ",,"確報",3600,1100,73500,2800,300,73500,0,3895200,1190200,79527000,3029600,324600,79527000,0,,,0,0,0,0,0,0,25,13.2,108.9,23.5,13.6,816.8,26.7
"2026/01/14","2026/01/16","360A","リートコア","東証およびＰＴＳ",,"確報",0,0,0,0,0,0,0,0,0,0,0,0,0,0,,,0,0,0,0,0,0,0,0,0,0,0,0,0
"2026/01/14","2026/01/16","3611","マツオカ","東証およびＰＴＳ",,"確報",300,2000,62400,300,0,1000,61400,761400,5076000,158371200,761400,0,2538000,155833200,,,0,0,0,2307600,25200,0,139.3,288.7,132.3,181.5,2.7,27,4.9
"2026/01/14","2026/01/16","3612","ワールド","東証およびＰＴＳ",,"確報",600,4400,17200,0,3800,17200,0,1839000,13486000,52718000,0,11647000,52718000,0,,,0,0,0,525000,525000,0,6.5,5.6,7.1,6.3,6.1,7.8,6.8
"2026/01/14","2026/01/16","3622","ネットイヤーグループ","東証およびＰＴＳ",,"確報",1700,0,16800,0,0,0,16800,994500,0,9828000,0,0,0,9828000,,,0,0,120800,0,0,0,90.8,45.4,0,90.8,0,0,0
"2026/01/14","2026/01/16","3623","ビリングシステム","東証およびＰＴＳ",,"確報",700,0,5300,0,0,0,5300,699300,0,5294700,0,0,0,5294700,,,0,0,0,32200,0,0,47.4,33.9,79,47.4,0,0,0
"2026/01/14","2026/01/16","3624","アクセルマーク","東証およびＰＴＳ",,"確報",0,7300,165400,0,0,0,165400,0,598600,13562800,0,0,0,13562800,,,0,0,0,345400,0,0,44,41.2,47.2,44,0,0,0
"2026/01/14","2026/01/16","3625","テックファームＨＤ","東証およびＰＴＳ",,"確報",0,500,8500,0,0,0,8500,0,337500,5737500,0,0,0,5737500,,,0,0,0,18000,0,0,178,0,89,178,0,0,0
"2026/01/14","2026/01/16","3626","ＴＩＳ","東証およびＰＴＳ",,"確報",100,200,600,700,3500,6800,-6200,517600,1035200,3105600,3623200,18116000,35196800,-32091200,,,0,0,9800,0,0,134400,6.2,3,3,3,16,4.4,6.8
"2026/01/14","2026/01/16","3627","テクミラ","東証およびＰＴＳ",,"確報",0,0,6100,500,0,2400,3700,0,0,1579900,129500,0,621600,958300,,,0,0,0,30500,9500,0,27.9,100.3,50.2,66.9,4.2,0,8.3
"2026/01/14","2026/01/16","3628","データホライゾン","東証およびＰＴＳ",,"確報",0,0,5500,0,0,0,5500,0,0,2882000,0,0,0,2882000,,,0,0,71500,0,0,0,135,90,270,135,0,0,0
"2026/01/14","2026/01/16","3632","グリーＨＤ","東証およびＰＴＳ",,"確報",300,400,92700,4900,0,6700,86000,124500,166000,38470500,2033500,0,2780500,35690000,,,0,0,278400,0,0,5400,72.2,113.2,232.1,152.2,1.3,29,2.5
"2026/01/14","2026/01/16","3633","ＧＭＯペパボ","東証およびＰＴＳ",,"確報",0,0,3600,0,0,0,3600,0,0,7851600,0,0,0,7851600,,,0,0,0,100800,0,0,38.6,0,19.3,38.6,0,0,0
"2026/01/14","2026/01/16","3634","ソケッツ","東証およびＰＴＳ",,"確報",0,0,700,0,0,0,700,0,0,460600,0,0,0,460600,,,0,0,0,5600,0,0,18,36,12,18,0,0,0
"2026/01/14","2026/01/16","3635","コーエーテクモＨＤ","東証およびＰＴＳ",,"確報",0,2800,62700,400,0,3300,59400,0,5341000,119600250,763000,0,6294750,113305500,,,0,0,1932250,0,0,85550,33.4,40.6,47.1,43.6,3.4,5.9,4.3
"2026/01/14","2026/01/16","3636","三菱総合研究所","東証およびＰＴＳ",,"確報",1700,0,3100,0,100,3100,0,8449000,0,15407000,0,497000,15407000,0,,,0,0,0,42000,96000,0,13.3,6.8,6.5,6.6,78,52,62.4
"2026/01/14","2026/01/16","3639","ボルテージ","東証およびＰＴＳ",,"確報",0,900,112100,0,900,112100,0,0,240300,29930700,0,240300,29930700,0,,,0,0,339000,0,0,339000,341,216.3,267.8,239.3,938.2,433,592.5
"2026/01/14","2026/01/16","363A","ｉＦ英国ＦＴ１００","東証およびＰＴＳ",,"確報",0,0,0,0,0,0,0,0,0,0,0,0,0,0,,,0,0,0,0,0,0,0,0,0,0,0,0,0
"2026/01/14","2026/01/16","3640","電算","東証およびＰＴＳ",,"確報",0,100,1600,0,200,100,1500,0,299800,4796800,0,599600,299800,4497000,,,0,0,0,37400,6600,0,21.1,85,42.5,56.7,3.3,3.3,3.3
"2026/01/14","2026/01/16","3641","パピレス","東証およびＰＴＳ",,"確報",0,0,2000,0,0,0,2000,0,0,2112000,0,0,0,2112000,,,0,0,0,26000,0,0,194,97,0,194,0,0,0
"2026/01/14","2026/01/16","3645","メディカルネット","東証およびＰＴＳ",,"確報",2300,500,6400,0,0,0,6400,708400,154000,1971200,0,0,0,1971200,,,0,0,32200,0,0,0,10.5,7,21.1,10.5,0,0,0
"2026/01/14","2026/01/16","3646","駅探","東証およびＰＴＳ",,"確報",0,0,4100,0,0,0,4100,0,0,1312000,0,0,0,1312000,,,0,0,0,0,0,0,408,204,0,408,0,0,0
"2026/01/14","2026/01/16","3647","ジースリーＨＤ","東証およびＰＴＳ",,"確報",0,200,48200,0,0,0,48200,0,23400,5639400,0,0,0,5639400,,,0,0,0,48400,0,0,964.8,804,1206,964.8,0,0,0
"2026/01/14","2026/01/16","3648","ＡＧＳ","東証およびＰＴＳ",,"確報",0,200,12800,0,0,0,12800,0,266800,17075200,0,0,0,17075200,,,0,0,0,143000,0,0,73.8,52.2,208.7,83.5,1,1,1
"2026/01/14","2026/01/16","3649","ファインデックス","東証およびＰＴＳ",,"確報",1400,400,13400,1000,0,13400,0,1337000,382000,12797000,955000,0,12797000,0,,,0,0,0,24800,24800,0,9.5,8.6,7.9,8.2,11.9,10.6,11.2
"2026/01/14","2026/01/16","364A","Ｓ＆Ｐ５００配当貴族","東証およびＰＴＳ",,"確報",200,0,1195,0,0,0,1195,475000,0,2838125,0,0,0,2838125,,,0,0,13930,0,0,0,3.7,1.8,0,3.7,0,0,0
"2026/01/14","2026/01/16","3652","ディジタルメデプロ","東証およびＰＴＳ",,"確報",200,0,17300,0,0,0,17300,477600,0,41312400,0,0,0,41312400,,,0,0,0,393300,0,0,107,61.1,428,107,0,0,0
"2026/01/14","2026/01/16","3653","モルフォ","東証およびＰＴＳ",,"確報",900,100,46600,800,0,46600,0,754200,83800,39050800,670400,0,39050800,0,,,0,0,0,91600,91600,0,15.9,8.4,8.4,8.4,163.4,163.4,163.4
"2026/01/14","2026/01/16","3655","ブレインパッド","東証およびＰＴＳ",,"確報",0,0,3400,0,0,600,2800,0,0,9142600,0,0,1613400,7529200,,,0,0,3400,0,0,600,15.6,6.7,134,12.8,0,0,0
"2026/01/14","2026/01/16","3656","ＫＬａｂ","東証およびＰＴＳ",,"確報",87100,669200,3649500,10000,1541800,2699800,949700,31617300,242919600,1324768500,3630000,559673400,980027400,344741100,,,0,0,12694800,0,0,12694800,18.8,23.7,13.7,17.3,112,11.3,20.6
"2026/01/14","2026/01/16","3657","ポールＨＤ","東証およびＰＴＳ",,"確報",1000,2000,110900,0,1000,110900,0,335000,670000,37151500,0,335000,37151500,0,,,0,0,0,223800,223800,0,49.7,59.2,36.1,44.9,79.5,42.8,55.6
"2026/01/14","2026/01/16","3659","ネクソン","東証およびＰＴＳ",,"確報",800,0,9400,400,12500,26900,-17500,3341600,0,39263800,1670800,52212500,112361300,-73097500,,,0,0,335400,0,0,1521000,8.3,3.5,63.6,6.6,15.2,6.1,8.7
"2026/01/14","2026/01/16","365A","伊澤タオル","東証およびＰＴＳ",,"確報",1100,0,10100,0,0,0,10100,756800,0,6948800,0,0,0,6948800,,,0,0,0,27000,0,0,6.7,25.8,3.8,6.7,0,0,0
"2026/01/14","2026/01/16","3660","アイスタイル","東証およびＰＴＳ",,"確報",0,42400,570300,22100,0,108400,461900,0,19843200,266900400,10342800,0,50731200,216169200,,,0,0,1225400,0,0,172600,20,17.9,40.4,24.8,15.2,7.7,10.2
"2026/01/14","2026/01/16","3661","エムアップＨＤ","東証およびＰＴＳ",,"確報",18500,600,120200,500,19100,22400,97800,15743500,510600,102290200,425500,16254100,19062400,83227800,,,0,0,0,3785100,1517000,0,19.8,12.1,84.2,21.1,382.8,8.7,17
"2026/01/14","2026/01/16","3662","エイチームＨＤ","東証およびＰＴＳ",,"確報",500,6300,23600,4300,1100,105500,-81900,633500,7982100,29901200,5448100,1393700,133668500,-103767300,,,0,0,0,176400,613800,0,13.5,37.5,6.1,10.5,8,145.6,15.2
"2026/01/14","2026/01/16","3663","セルシス","東証およびＰＴＳ",,"確報",3000,0,62900,3200,200,62900,0,4713000,0,98815900,5027200,314200,98815900,0,,,0,0,0,3534100,3534100,0,69.9,42.4,141.4,65.3,46.4,197.9,75.2
"2026/01/14","2026/01/16","3664","モブキャストＨＤ","東証およびＰＴＳ",,"確報",0,13600,853600,100,0,19700,833900,0,544000,34144000,4000,0,788000,33356000,,,0,0,0,0,0,0,32.8,101.5,19.4,32.6,45.5,50.1,47.7
"2026/01/14","2026/01/16","3665","エニグモ","東証およびＰＴＳ",,"確報",53500,61900,223700,124600,0,570700,-347000,25787000,29835800,107823400,60057200,0,275077400,-167254000,,,0,0,928400,0,0,1784400,11.6,10.9,5.4,7.2,11.1,265.6,21.3
"2026/01/14","2026/01/16","3667","ｅｎｉｓｈ","東証およびＰＴＳ",,"確報",0,13100,262800,0,3100,19100,243700,0,838400,16819200,0,198400,1222400,15596800,,,0,0,275900,0,0,22200,6,6.9,14.4,9.3,2.2,2.2,2.2
"2026/01/14","2026/01/16","3668","コロプラ","東証およびＰＴＳ",,"確報",2000,1000,42500,24100,0,65600,-23100,912000,456000,19380000,10989600,0,29913600,-10533600,,,0,0,166000,0,0,166000,3,1.9,2,1.9,6.7,51.2,11.9
"2026/01/14","2026/01/16","366A","ウェルネスＣ","東証およびＰＴＳ",,"確報",0,1500,12300,0,0,0,12300,0,3378000,27699600,0,0,0,27699600,,,0,0,0,828000,0,0,40.4,43.1,38,40.4,0,0,0
"2026/01/14","2026/01/16","3670","協立情報通信","東証およびＰＴＳ",,"確報",100,0,6800,0,0,0,6800,216000,0,14688000,0,0,0,14688000,,,0,0,201000,0,0,0,85.8,114.3,68.6,85.8,0,0,0
"2026/01/14","2026/01/16","3671","ソフトマックス","東証およびＰＴＳ",,"確報",1100,0,9600,0,0,0,9600,399300,0,3484800,0,0,0,3484800,,,0,0,0,42500,0,0,20.3,40.5,13.5,20.3,0,0,0
"2026/01/14","2026/01/16","3672","オルトプラス","東証およびＰＴＳ",,"確報",39200,0,103700,0,0,0,103700,2077600,0,5496100,0,0,0,5496100,,,0,0,0,64500,0,0,13.2,8.6,27.5,13.2,0,0,0
"2026/01/14","2026/01/16","3673","ブロードリーフ","東証およびＰＴＳ",,"確報",200,0,18200,2200,2300,153500,-135300,147600,0,13431600,1623600,1697400,113283000,-99851400,,,0,0,0,90000,768000,0,64.2,181.8,151.5,165.3,83.5,46.7,59.9
"2026/01/14","2026/01/16","3674","オークファン","東証およびＰＴＳ",,"確報",0,0,15200,0,100,7500,7700,0,0,5076800,0,33400,2505000,2571800,,,0,0,45600,0,0,22800,284.3,757,0,1514,76,190,108.6
"2026/01/14","2026/01/16","3675","クロス・マーケティン","東証およびＰＴＳ",,"確報",0,0,562400,0,0,0,562400,0,0,367247200,0,0,0,367247200,,,0,0,1124800,0,0,0,4686.7,2343.3,0,4686.7,0,0,0
"2026/01/14","2026/01/16","3676","デジハＨＤ","東証およびＰＴＳ",,"確報",0,2400,67200,0,0,0,67200,0,2258400,63235200,0,0,0,63235200,,,0,0,0,417600,0,0,29,458.9,15,29,0,0,0
"2026/01/14","2026/01/16","3678","メディアドゥ","東証およびＰＴＳ",,"確報",100,0,9600,100,1400,6000,3600,181100,0,17385600,181100,2535400,10866000,6519600,,,0,0,0,9500,7300,0,19.8,35.8,21.8,27.1,14.3,13.8,14
"2026/01/14","2026/01/16","3679","じげん","東証およびＰＴＳ",,"確報",1500,4800,25600,1300,4600,25600,0,723000,2313600,12339200,626600,2217200,12339200,0,,,0,0,0,86700,86700,0,13.2,18.9,10.1,13.1,19.1,10.1,13.2
"2026/01/14","2026/01/16","367A","プリモＧＨＤ","東証およびＰＴＳ",,"確報",0,1500,22600,0,0,0,22600,0,3057000,46058800,0,0,0,46058800,,,0,0,0,530200,0,0,18.4,23.5,15.1,18.4,0,0,0
"2026/01/14","2026/01/16","3680","ホットリンク","東証およびＰＴＳ",,"確報",2400,2200,124900,1200,0,145300,-20400,657600,602800,34222600,328800,0,39812200,-5589600,,,0,0,623500,0,0,720500,19.4,13.9,8.6,10.6,273.5,54.7,91.2
"2026/01/14","2026/01/16","3682","エンカレッジ・テクノ","東証およびＰＴＳ",,"確報",200,0,1100,0,0,0,1100,136400,0,750200,0,0,0,750200,,,0,0,0,18000,0,0,47,23.5,0,47,0,0,0
"2026/01/14","2026/01/16","3683","サイバーリンクス","東証およびＰＴＳ",,"確報",0,100,66200,200,0,2000,64200,0,133100,88112200,266200,0,2662000,85450200,,,0,0,0,198900,5400,0,380,0,332,664,25,25,25
"2026/01/14","2026/01/16","3686","ディー・エル・イー","東証およびＰＴＳ",,"確報",29400,1200,265800,500,10300,531800,-266000,3763200,153600,34022400,64000,1318400,68070400,-34048000,,,0,0,475200,0,0,1083200,21.1,7.7,8.6,8.1,80.6,187.4,112.7
"2026/01/14","2026/01/16","3687","フィックスターズ","東証およびＰＴＳ",,"確報",3200,0,83000,2700,2000,57800,25200,5123200,0,132883000,4322700,3202000,92537800,40345200,,,0,0,0,2074800,1484600,0,28,19.9,31.8,24.5,41.8,30.8,35.5
"2026/01/14","2026/01/16","368A","北里コーポレーション","東証およびＰＴＳ",,"確報",0,600,60700,0,0,0,60700,0,960600,97180700,0,0,0,97180700,,,0,0,0,1226000,0,0,42,69.5,30.1,42,0,0,0
"2026/01/14","2026/01/16","3690","イルグルム","東証およびＰＴＳ",,"確報",0,0,2400,200,0,1900,500,0,0,1420800,118400,0,1124800,296000,,,0,0,0,2400,1700,0,32.3,18.3,0,36.7,16.8,84,28
"2026/01/14","2026/01/16","3691","デジタルプラス","東証およびＰＴＳ",,"確報",500,0,12300,0,0,0,12300,797500,0,19618500,0,0,0,19618500,,,0,0,177000,0,0,0,34.2,45.2,27.5,34.2,0,0,0
"2026/01/14","2026/01/16","3692","ＦＦＲＩセキュ","東証およびＰＴＳ",,"確報",61800,27400,379000,700,200,379000,0,577830000,256190000,3543650000,6545000,1870000,3543650000,0,,,0,0,0,82704000,90840000,0,28.2,10.3,19.4,13.4,592.4,631.9,611.5
"2026/01/14","2026/01/16","3694","オプティム","東証およびＰＴＳ",,"確報",3300,1000,56400,2300,0,56400,0,1735800,526000,29666400,1209800,0,29666400,0,,,0,0,541000,0,0,541000,6.2,3.2,3.3,3.2,54.5,181.6,83.8
"2026/01/14","2026/01/16","3695","ＧＭＯ－ＰＰ","東証およびＰＴＳ",,"確報",0,100,600,0,0,0,600,0,204600,1227600,0,0,0,1227600,,,0,0,0,9100,0,0,16.5,16.5,16.5,16.5,0,0,0
"2026/01/14","2026/01/16","3696","セレス","東証およびＰＴＳ",,"確報",600,600,152900,0,0,152900,0,1172400,1172400,298766600,0,0,298766600,0,,,0,0,2140600,0,0,2140600,167.5,84.7,93,88.6,847,7623,1524.6
"2026/01/14","2026/01/16","3697","ＳＨＩＦＴ","東証およびＰＴＳ",,"確報",16800,500,536600,0,0,4100,532500,16005360,476350,511218820,0,0,3906070,507312750,,,0,0,0,14360280,113160,0,41.4,31.3,61.8,41.6,81.3,18.8,30.5
"2026/01/14","2026/01/16","3698","ＣＲＩ・ミドルウェア","東証およびＰＴＳ",,"確報",2200,0,9200,0,0,0,9200,2395800,0,10018800,0,0,0,10018800,,,0,0,0,42000,0,0,15.1,7.9,166,15.1,0,0,0
"2026/01/14","2026/01/16","369A","エータイ","東証およびＰＴＳ",,"確報",1700,0,12000,0,0,0,12000,5236000,0,36960000,0,0,0,36960000,,,0,0,0,5356000,0,0,15.3,11.1,24.4,15.3,0,0,0
"2026/01/14","2026/01/16","3708","特種東海製紙","東証およびＰＴＳ",,"確報",0,100,3900,0,0,4800,-900,0,167200,6520800,0,0,8025600,-1504800,,,0,0,0,24000,28800,0,10.9,4.8,13.3,7.1,11.5,54.8,19
"2026/01/14","2026/01/16","3710","ジョルダン","東証およびＰＴＳ",,"確報",100,100,1100,0,0,1100,0,58600,58600,644600,0,0,644600,0,,,0,0,2200,0,0,2200,55,27.5,27.5,27.5,0,0,0
"2026/01/14","2026/01/16","3712","情報企画","東証およびＰＴＳ",,"確報",0,0,0,400,100,1200,-1200,0,0,0,2540000,635000,7620000,-7620000,,,0,0,0,0,0,36000,6.9,0,0,0,6.5,7.4,6.9
"2026/01/14","2026/01/16","3719","ＡＩストーム","東証およびＰＴＳ",,"確報",0,14600,183500,0,0,0,183500,0,3869000,48627500,0,0,0,48627500,,,0,0,1584800,0,0,0,21,18.8,23.8,21,0,0,0
"2026/01/14","2026/01/16","3723","日本ファルコム","東証およびＰＴＳ",,"確報",0,0,1400,0,0,0,1400,0,0,2310000,0,0,0,2310000,,,0,0,0,14000,0,0,0,0,0,0,0,0,0
"2026/01/14","2026/01/16","3726","フォーシーズＨＤ","東証およびＰＴＳ",,"確報",500,1200,113300,0,0,0,113300,239500,574800,54270700,0,0,0,54270700,,,0,0,0,1368000,0,0,239.7,181.7,352,239.7,0,0,0
"2026/01/14","2026/01/16","3727","アプリックス","東証およびＰＴＳ",,"確報",0,700,55200,0,0,0,55200,0,116900,9218400,0,0,0,9218400,,,0,0,111800,0,0,0,506.4,928.3,348.1,506.4,0,0,0
"2026/01/14","2026/01/16","372A","レント","東証およびＰＴＳ",,"確報",1100,0,4700,0,0,0,4700,6501000,0,27777000,0,0,0,27777000,,,0,0,0,216000,0,0,27.4,14.8,192,27.4,0,0,0
"2026/01/14","2026/01/16","3733","ソフトウェアサビス","東証およびＰＴＳ",,"確報",100,100,1600,0,0,7000,-5400,1360000,1360000,21760000,0,0,95200000,-73440000,,,0,0,80000,0,0,350000,109,25,75,37.5,0,90.3,180.5
"2026/01/14","2026/01/16","373A","リップス","東証およびＰＴＳ",,"確報",0,600,10400,0,0,0,10400,0,1104000,19136000,0,0,0,19136000,,,0,0,66000,0,0,0,67.5,108,49.1,67.5,0,0,0
"2026/01/14","2026/01/16","3741","セック","東証およびＰＴＳ",,"確報",10800,4900,66800,5900,0,66800,0,37368000,16954000,231128000,20414000,0,231128000,0,,,0,0,609000,0,0,609000,23,11.8,21.5,15.3,24.7,427.7,46.8
"2026/01/14","2026/01/16","3744","サイオス","東証およびＰＴＳ",,"確報",300,200,10600,100,0,10600,0,150000,100000,5300000,50000,0,5300000,0,,,0,0,0,21000,21000,0,68.8,39.7,129,60.7,46.9,258,79.4
"2026/01/14","2026/01/16","3747","インタートレード","東証およびＰＴＳ",,"確報",2000,1200,92600,900,0,66800,25800,1366000,819600,63245800,614700,0,45624400,17621400,,,0,0,0,1285200,922600,0,29.1,32.7,12.5,18,172.9,3285,328.5
"2026/01/14","2026/01/16","3750","ＡＤＲ１２０Ｓ","東証およびＰＴＳ",,"確報",0,0,100,0,0,0,100,0,0,86200,0,0,0,86200,,,0,0,0,0,0,0,0,0,0,0,0,0,0
"2026/01/14","2026/01/16","3753","フライト","東証およびＰＴＳ",,"確報",12600,0,63300,0,0,0,63300,2079000,0,10444500,0,0,0,10444500,,,0,0,202800,0,0,0,22.7,14.9,47.5,22.7,0,0,0
"2026/01/14","2026/01/16","3758","アエリア","東証およびＰＴＳ",,"確報",100,200,12500,0,200,10000,2500,29400,58800,3675000,0,58800,2940000,735000,,,0,0,0,0,0,0,118.4,61.9,309.5,103.2,101.2,253,144.6
"2026/01/14","2026/01/16","3760","ケイブ","東証およびＰＴＳ",,"確報",0,1100,8300,0,0,0,8300,0,767800,5793400,0,0,0,5793400,,,0,0,0,291400,0,0,22,485,11.3,22,0,0,0
"2026/01/14","2026/01/16","3762","テクマトリックス","東証およびＰＴＳ",,"確報",5700,0,15300,0,1700,17700,-2400,13070100,0,35082900,0,3898100,40586100,-5503200,,,0,0,0,710400,1435600,0,8.8,4.3,10.4,6,9,16.4,11.6
"2026/01/14","2026/01/16","3763","プロシップ","東証およびＰＴＳ",,"確報",0,400,3300,0,0,0,3300,0,689200,5685900,0,0,0,5685900,,,0,0,44400,0,0,0,30.2,65.3,19.6,30.2,0,0,0
"2026/01/14","2026/01/16","3765","ガンホー・オンライン","東証およびＰＴＳ",,"確報",2900,400,54900,3400,1200,54900,0,7609600,1049600,144057600,8921600,3148800,144057600,0,,,0,0,838400,0,0,843200,11.5,5.4,8,6.4,40.8,61.7,49.2
"2026/01/14","2026/01/16","3766","システムズ・デザイン","東証およびＰＴＳ",,"確報",0,0,300,0,0,0,300,0,0,393000,0,0,0,393000,,,0,0,0,0,0,0,0,0,0,0,0,0,0
"2026/01/14","2026/01/16","3768","リスクモンスター","東証およびＰＴＳ",,"確報",0,0,400,0,0,400,0,0,0,212400,0,0,212400,0,,,0,0,1200,0,0,1200,0,0,0,0,0,0,0
"2026/01/14","2026/01/16","3769","ＧＭＯペイメント","東証およびＰＴＳ",,"確報",7300,700,9900,100,900,10800,-900,71664100,6871900,97188300,981700,8835300,106023600,-8835300,,,0,0,0,561000,1972000,0,4.4,2.5,3.7,3,4.8,10.5,6.5
"2026/01/14","2026/01/16","376A","米債７－１０ヘ有７５","東証およびＰＴＳ",,"確報",0,0,0,0,0,0,0,0,0,0,0,0,0,0,,,0,0,0,0,0,0,0,0,0,0,0,0,0
"2026/01/14","2026/01/16","3771","システムリサーチ","東証およびＰＴＳ",,"確報",200,0,28100,0,100,2700,25400,405000,0,56902500,0,202500,5467500,51435000,,,0,0,279000,0,0,28000,30.3,470,176.3,256.4,471,4.2,8.3
"2026/01/14","2026/01/16","3772","ウェルスマネジメント","東証およびＰＴＳ",,"確報",0,1500,900,0,0,0,900,0,1579500,947700,0,0,0,947700,,,0,0,0,0,0,0,4.9,7.4,3.7,4.9,0,0,0
"2026/01/14","2026/01/16","3773","アドバンストメディア","東証およびＰＴＳ",,"確報",900,0,119800,1300,0,53300,66500,945000,0,125790000,1365000,0,55965000,69825000,,,0,0,0,713400,312000,0,271.6,297.4,991.2,457.5,81.5,521.4,140.9
"2026/01/14","2026/01/16","3774","インターネットイニシ","東証およびＰＴＳ",,"確報",100,500,11400,0,0,0,11400,266550,1332750,30386700,0,0,0,30386700,,,0,0,0,466100,0,0,6.3,19.4,12.1,14.9,1.1,1,1
"2026/01/14","2026/01/16","3776","ブロードバンドタワー","東証およびＰＴＳ",,"確報",3100,14500,104900,0,0,0,104900,567300,2653500,19196700,0,0,0,19196700,,,0,0,0,116300,0,0,27.2,24.3,31.1,27.2,0,0,0
"2026/01/14","2026/01/16","3777","環境フレンドリー","東証およびＰＴＳ",,"確報",161500,11900,863600,0,0,0,863600,9528500,702100,50952400,0,0,0,50952400,,,0,0,0,714000,0,0,13.5,13.7,13.3,13.5,0,0,0
"2026/01/14","2026/01/16","3778","さくらインターネット","東証およびＰＴＳ",,"確報",19400,3900,419100,2600,41000,1237800,-818700,53602200,10775700,1157973300,7183800,113283000,3420041400,-2262068100,,,0,0,0,3632400,11485800,0,50.3,28.5,14.4,19.2,264.3,76.8,119
"2026/01/14","2026/01/16","3779","Ｊ・エスコムＨＤ","東証およびＰＴＳ",,"確報",0,0,53300,0,0,0,53300,0,0,9220900,0,0,0,9220900,,,0,0,0,159900,0,0,44.5,66.7,33.4,44.5,0,0,0
"2026/01/14","2026/01/16","3787","テクノマセマティカル","東証およびＰＴＳ",,"確報",200,0,2000,0,0,0,2000,123800,0,1238000,0,0,0,1238000,,,0,0,0,19800,0,0,35.2,17.6,0,35.2,0,0,0
"2026/01/14","2026/01/16","3788","ＧＭＯＧＳＨＤ","東証およびＰＴＳ",,"確報",700,500,10100,200,0,10100,0,1638000,1170000,23634000,468000,0,23634000,0,,,0,0,0,89100,89100,0,39.2,28.8,27.2,28,70,61.3,65.3
"2026/01/14","2026/01/16","378A","ヒット","東証およびＰＴＳ",,"確報",0,0,5100,0,0,0,5100,0,0,9980700,0,0,0,9980700,,,0,0,71400,0,0,0,27.1,128.5,15.1,27.1,0,0,0
"2026/01/14","2026/01/16","3791","ＩＧポート","東証およびＰＴＳ",,"確報",1000,14000,73200,0,13000,73200,0,1365000,19110000,99918000,0,17745000,99918000,0,,,0,0,0,1551600,1551600,0,39.2,72.3,20.5,31.9,466.1,26.9,50.8
"2026/01/14","2026/01/16","3793","ドリコム","東証およびＰＴＳ",,"確報",15700,300,745800,2000,0,282000,463800,6484100,123900,308015400,826000,0,116466000,191549400,,,0,0,0,0,0,0,192.3,208.3,4073.8,396.4,391.7,45.9,82.2
"2026/01/14","2026/01/16","3796","いい生活","東証およびＰＴＳ",,"確報",200,100,3300,100,0,3300,0,102400,51200,1689600,51200,0,1689600,0,,,0,0,16000,0,0,16000,79.5,39.8,159,63.6,53,0,106
"2026/01/14","2026/01/16","3798","ＵＬＳグループ","東証およびＰＴＳ",,"確報",100,1300,10600,0,0,0,10600,66300,861900,7027800,0,0,0,7027800,,,0,0,0,247800,0,0,23.8,41.2,16.7,23.8,0,0,0
"2026/01/14","2026/01/16","3799","キーウェアソリュショ","東証およびＰＴＳ",,"確報",0,0,100,800,1000,12100,-12000,0,0,128600,1028800,1286000,15560600,-15432000,,,0,0,1200,0,0,147600,25.6,0,0,0,19.7,35.7,25.4
"2026/01/14","2026/01/16","379A","ＧＸＳＰＸプロテクト","東証およびＰＴＳ",,"確報",0,0,0,0,0,0,0,0,0,0,0,0,0,0,,,0,0,0,0,0,0,0,0,0,0,0,0,0
"2026/01/14","2026/01/16","3800","ユニリタ","東証およびＰＴＳ",,"確報",0,0,0,0,0,0,0,0,0,0,0,0,0,0,,,0,0,0,0,0,0,0,0,0,0,0,0,0
"2026/01/14","2026/01/16","3802","エコミック","東証およびＰＴＳ",,"確報",0,0,100,0,0,0,100,0,0,48000,0,0,0,48000,,,0,0,0,500,0,0,6,6,6,6,0,0,0
"2026/01/14","2026/01/16","3803","イメージ情報開発","東証およびＰＴＳ",,"確報",0,400,4700,0,0,0,4700,0,211200,2481600,0,0,0,2481600,,,0,0,0,35700,0,0,34.1,64,23.3,34.1,0,0,0
"2026/01/14","2026/01/16","3804","システム　ディ","東証およびＰＴＳ",,"確報",0,0,100,0,0,0,100,0,0,172000,0,0,0,172000,,,0,0,0,500,0,0,4,2,0,4,0,0,0
"2026/01/14","2026/01/16","3807","フィスコ","東証およびＰＴＳ",,"確報",4400,26600,294500,5100,0,428400,-133900,550000,3325000,36812500,637500,0,53550000,-16737500,,,0,0,0,0,0,0,58.5,46,22.4,30.1,142.9,276.4,188.4
"2026/01/14","2026/01/16","380A","ＧＸチャイナテック","東証およびＰＴＳ",,"確報",0,189,111,50,300,50,61,0,236817,139083,62650,375900,62650,76433,,,0,0,4500,0,0,4500,1.7,2.1,2.1,2.1,1.2,1.4,1.3
"2026/01/14","2026/01/16","3810","サイバーステップＨＤ","東証およびＰＴＳ",,"確報",1000,0,315000,0,0,0,315000,301000,0,94815000,0,0,0,94815000,,,0,0,0,4396000,0,0,88.8,44.4,0,88.8,0,0,0
"2026/01/14","2026/01/16","3815","メディア工房","東証およびＰＴＳ",,"確報",0,0,400,0,0,0,400,0,0,207200,0,0,0,207200,,,0,0,1200,0,0,0,15,7.5,0,15,0,0,0
"2026/01/14","2026/01/16","3816","大和コンピューター","東証およびＰＴＳ",,"確報",0,0,1500,0,0,0,1500,0,0,1684500,0,0,0,1684500,,,0,0,9000,0,0,0,0,0,0,0,0,0,0
"2026/01/14","2026/01/16","3817","ＳＲＡＨＤ","東証およびＰＴＳ",,"確報",0,200,800,0,0,100,700,0,1118000,4472000,0,0,559000,3913000,,,0,0,170000,0,0,17000,14.3,15,11.3,12.9,0,0,0
"2026/01/14","2026/01/16","381A","ｉＦ米国債３５Ｈ無","東証およびＰＴＳ",,"確報",0,0,0,0,0,0,0,0,0,0,0,0,0,0,,,0,0,0,0,0,0,0,0,0,0,0,0,0
"2026/01/14","2026/01/16","3823","ＷＨＹ　ＨＯＷ　ＤＯ","東証およびＰＴＳ",,"確報",0,6400,482100,0,0,0,482100,0,345600,26033400,0,0,0,26033400,,,0,0,0,977000,0,0,60.1,39.1,130.1,60.1,0,0,0
"2026/01/14","2026/01/16","3825","リミックスポイント","東証およびＰＴＳ",,"確報",41100,1500,765500,0,0,0,765500,12124500,442500,225822500,0,0,0,225822500,,,0,0,10162600,0,0,0,45.5,27.6,128.5,45.5,0,0,0
"2026/01/14","2026/01/16","3826","システムインテグレタ","東証およびＰＴＳ",,"確報",300,0,3100,300,0,3100,0,144900,0,1497300,144900,0,1497300,0,,,0,0,16800,0,0,16800,70.5,35.3,0,70.5,35.3,0,70.5
"2026/01/14","2026/01/16","382A","ｉＦ米国債３５Ｈ有","東証およびＰＴＳ",,"確報",0,0,0,0,0,0,0,0,0,0,0,0,0,0,,,0,0,0,0,0,0,0,0,0,0,0,0,0
"2026/01/14","2026/01/16","3834","朝日ネット","東証およびＰＴＳ",,"確報",100,100,7600,0,0,2200,5400,70200,70200,5335200,0,0,1544400,3790800,,,0,0,0,7600,2200,0,38.2,37.8,54,44.5,0,13.2,26.4
"2026/01/14","2026/01/16","3835","ｅＢＡＳＥ","東証およびＰＴＳ",,"確報",0,1000,34200,0,300,122700,-88500,0,461000,15766200,0,138300,56564700,-40798500,,,0,0,140800,0,0,492000,14.8,4.5,4.3,4.4,332.9,60.2,102
"2026/01/14","2026/01/16","3836","アバントグループ","東証およびＰＴＳ",,"確報",2800,0,14800,2800,0,14800,0,5230400,0,27646400,5230400,0,27646400,0,,,0,0,324000,0,0,324000,12.8,7.8,14.9,10.3,11.2,35.1,17
"2026/01/14","2026/01/16","3837","アドソル日進","東証およびＰＴＳ",,"確報",0,400,26200,1800,0,6300,19900,0,668400,43780200,3007800,0,10527300,33252900,,,0,0,159600,0,0,27000,15.5,12.5,182.4,23.4,12.3,4.6,6.7
"2026/01/14","2026/01/16","3839","ＯＤＫソリューション","東証およびＰＴＳ",,"確報",0,200,1200,0,200,1200,0,0,125000,750000,0,125000,750000,0,,,0,0,0,11200,11200,0,17.5,0,14,28,23.3,8.8,12.7
"2026/01/14","2026/01/16","383A","ＭＸＳＳＰ５００均等","東証およびＰＴＳ",,"確報",0,0,5,0,0,0,5,0,0,12035,0,0,0,12035,,,0,0,40,0,0,0,0,0,0,0,0,0,0
"2026/01/14","2026/01/16","3840","パス","東証およびＰＴＳ",,"確報",0,0,30600,0,0,0,30600,0,0,1774800,0,0,0,1774800,,,0,0,0,0,0,0,307.4,307.4,307.4,307.4,0,0,0
"2026/01/14","2026/01/16","3841","ジーダット","東証およびＰＴＳ",,"確報",100,0,3600,0,0,0,3600,129200,0,4651200,0,0,0,4651200,,,0,0,0,98000,0,0,176,88,0,176,0,0,0
"2026/01/14","2026/01/16","3842","ネクストジェン","東証およびＰＴＳ",,"確報",0,100,2400,0,0,0,2400,0,103500,2484000,0,0,0,2484000,,,0,0,0,0,0,0,248,0,124,248,0,0,0
"2026/01/14","2026/01/16","3843","フリービット","東証およびＰＴＳ",,"確報",0,200,1800,100,200,1200,600,0,342800,3085200,171400,342800,2056800,1028400,,,0,0,36000,0,0,23400,10.4,25.8,14.7,18.7,4.4,7.6,5.6
"2026/01/14","2026/01/16","3844","コムチュア","東証およびＰＴＳ",,"確報",200,200,5200,0,1100,3700,1500,343000,343000,8918000,0,1886500,6345500,2572500,,,0,0,0,72800,67200,0,10.1,46.3,7.3,12.6,46.6,4.5,8.2
"2026/01/14","2026/01/16","3845","アイフリークモバイル","東証およびＰＴＳ",,"確報",200,100,22600,0,0,0,22600,48200,24100,5446600,0,0,0,5446600,,,0,0,0,157500,0,0,14.4,8.5,47.2,14.4,0,0,0
"2026/01/14","2026/01/16","3848","データ・アプリケショ","東証およびＰＴＳ",,"確報",0,100,1000,0,0,200,800,0,92600,926000,0,0,185200,740800,,,0,0,0,0,0,0,38.7,51,51,51,7,0,14
"2026/01/14","2026/01/16","3850","ＮＴＴＤイントラマト","東証およびＰＴＳ",,"確報",300,0,6100,0,0,0,6100,1147500,0,23332500,0,0,0,23332500,,,0,0,638000,0,0,0,55.8,27.9,0,55.8,0,0,0
"2026/01/14","2026/01/16","3851","日本一ソフトウェア","東証およびＰＴＳ",,"確報",100,0,3000,100,0,3000,0,81100,0,2433000,81100,0,2433000,0,,,0,0,0,0,0,0,37,21.1,29.6,24.7,49.3,148,74
"2026/01/14","2026/01/16","3853","アステリア","東証およびＰＴＳ",,"確報",3400,4300,204100,0,900,204100,0,3298000,4171000,197977000,0,873000,197977000,0,,,0,0,0,615000,615000,0,13.8,7.2,8.3,7.7,42.6,214.7,71.1
"2026/01/14","2026/01/16","3854","アイル","東証およびＰＴＳ",,"確報",0,100,7000,0,0,0,7000,0,253100,17717000,0,0,0,17717000,,,0,0,0,163300,0,0,70.2,70.2,70.2,70.2,0,0,0
"2026/01/14","2026/01/16","3856","Ａｂａｌａｎｃｅ","東証およびＰＴＳ",,"確報",8700,1700,59200,0,0,0,59200,4663200,911200,31731200,0,0,0,31731200,,,0,0,4176000,0,0,0,19.1,10.9,79.6,19.1,0,0,0
"2026/01/14","2026/01/16","3858","ユビキタスＡＩ","東証およびＰＴＳ",,"確報",0,200,12100,0,0,0,12100,0,77600,4694800,0,0,0,4694800,,,0,0,0,12300,0,0,33.6,63.9,22.8,33.6,0,0,0
"2026/01/14","2026/01/16","3861","王子ホールディングス","東証およびＰＴＳ",,"確報",2000,6100,66700,1900,0,20400,46300,1828200,5576010,60970470,1736790,0,18647640,42322830,,,0,0,474360,0,0,123950,20.6,38.6,18.2,24.8,14.2,11.8,12.9
"2026/01/14","2026/01/16","3863","日本製紙","東証およびＰＴＳ",,"確報",700,0,12400,0,1800,2100,10300,831600,0,14731200,0,2138400,2494800,12236400,,,0,0,0,46800,15600,0,14,24,31.5,27.2,13.8,3.3,5.4
"2026/01/14","2026/01/16","3864","三菱製紙","東証およびＰＴＳ",,"確報",100,0,761900,6600,0,21200,740700,68400,0,521139600,4514400,0,14500800,506638800,,,0,0,1523600,0,0,29200,133.2,606.1,454.5,519.5,3.1,5.1,3.8
"2026/01/14","2026/01/16","3865","北越コーポレーション","東証およびＰＴＳ",,"確報",800,1000,28100,3500,100,110500,-82400,776800,971000,27285100,3398500,97100,107295500,-80010400,,,0,0,0,226400,856800,0,18.9,8.2,5,6.2,53.6,176.9,82.3
"2026/01/14","2026/01/16","386A","みのや","東証およびＰＴＳ",,"確報",700,0,3100,0,0,0,3100,1100400,0,4873200,0,0,0,4873200,,,0,0,0,24000,0,0,31.8,15.9,0,31.8,0,0,0
"2026/01/14","2026/01/16","3877","中越パルプ工業","東証およびＰＴＳ",,"確報",0,0,5600,100,500,3700,1900,0,0,11412800,203800,1019000,7540600,3872200,,,0,0,78400,0,0,57400,34.8,69.8,93,79.7,112.5,11.3,20.5
"2026/01/14","2026/01/16","3878","巴川コーポレーション","東証およびＰＴＳ",,"確報",200,0,11800,0,0,0,11800,160000,0,9440000,0,0,0,9440000,,,0,0,0,34800,0,0,73.6,98.2,58.9,73.6,0,0,0
"2026/01/14","2026/01/16","387A","フラー","東証およびＰＴＳ",,"確報",0,100,7400,0,0,0,7400,0,166100,12291400,0,0,0,12291400,,,0,0,0,525000,0,0,27.2,26.2,28.2,27.2,0,0,0
"2026/01/14","2026/01/16","3880","大王製紙","東証およびＰＴＳ",,"確報",2100,400,39800,0,1100,15500,24300,2076900,395600,39362200,0,1087900,15329500,24032700,,,0,0,0,266700,116200,0,52.4,39,89.1,54.2,43,55.3,48.4
"2026/01/14","2026/01/16","3891","ニッポン高度紙工業","東証およびＰＴＳ",,"確報",700,900,10700,1500,0,10700,0,2569000,3303000,39269000,5505000,0,39269000,0,,,0,0,1635000,0,0,1380000,5.8,3.8,3.9,3.9,13,14.6,13.7
"2026/01/14","2026/01/16","3892","岡山製紙","東証およびＰＴＳ",,"確報",1500,0,6300,1700,200,6300,0,2566500,0,10779300,2908700,342200,10779300,0,,,0,0,0,96000,96000,0,7,4.2,45.5,7.7,3.4,57.7,6.4
"2026/01/14","2026/01/16","3895","ハビックス","東証およびＰＴＳ",,"確報",0,0,7200,0,0,0,7200,0,0,3038400,0,0,0,3038400,,,0,0,0,0,0,0,364,0,182,364,0,0,0
"2026/01/14","2026/01/16","3896","阿波製紙","東証およびＰＴＳ",,"確報",5300,2300,6100,0,0,0,6100,2220700,963700,2555900,0,0,0,2555900,,,0,0,248000,0,0,0,4.7,3.5,7.4,4.7,0,0,0
"2026/01/14","2026/01/16","3900","クラウドワークス","東証およびＰＴＳ",,"確報",100,400,394800,2500,600,375700,19100,78500,314000,309918000,1962500,471000,294924500,14993500,,,0,0,1185300,0,0,1121400,449.1,1038.5,1644.3,1273,230.4,316.3,266.6
"2026/01/14","2026/01/16","3901","マークラインズ","東証およびＰＴＳ",,"確報",0,0,18600,600,0,9000,9600,0,0,28792800,928800,0,13932000,14860800,,,0,0,0,148800,67200,0,89.8,133,232.8,169.3,32,69.3,43.8
"2026/01/14","2026/01/16","3902","ＭＤＶ","東証およびＰＴＳ",,"確報",3400,3600,28600,0,0,15600,13000,5739200,6076800,48276800,0,0,26332800,21944000,,,0,0,0,28800,15600,0,7,21.3,2.8,4.9,0,0,0
"2026/01/14","2026/01/16","3903","ｇｕｍｉ","東証およびＰＴＳ",,"確報",6300,75800,2093100,4700,1500,1774000,319100,2482200,29865200,824681400,1851800,591000,698956000,125725400,,,0,0,34601600,0,0,28332800,80.9,36.8,63.9,46.7,762.3,850.3,803.9
"2026/01/14","2026/01/16","3904","カヤック","東証およびＰＴＳ",,"確報",4300,0,31600,0,0,0,31600,2283300,0,16779600,0,0,0,16779600,,,0,0,354900,0,0,0,37.2,21.4,141.3,37.2,0,0,0
"2026/01/14","2026/01/16","3905","データセクション","東証およびＰＴＳ",,"確報",5100,53400,1090500,400,0,1214300,-123800,11347500,118815000,2426362500,890000,0,2701817500,-275455000,,,0,0,33025200,0,0,35203100,58.3,25.4,36.8,30.1,8746.4,210.4,410.9
"2026/01/14","2026/01/16","3907","シリコンスタジオ","東証およびＰＴＳ",,"確報",0,400,2200,0,0,0,2200,0,321200,1766600,0,0,0,1766600,,,0,0,0,2600,0,0,40,60,30,40,0,0,0
"2026/01/14","2026/01/16","3908","コラボス","東証およびＰＴＳ",,"確報",0,100,10800,0,0,0,10800,0,29200,3153600,0,0,0,3153600,,,0,0,0,21800,0,0,12.6,6.4,468,12.6,0,0,0
"2026/01/14","2026/01/16","3909","ショーケース","東証およびＰＴＳ",,"確報",0,0,5000,0,0,0,5000,0,0,1395000,0,0,0,1395000,,,0,0,10000,0,0,0,83.7,50.2,251,83.7,0,0,0
"2026/01/14","2026/01/16","3910","エムケイシステム","東証およびＰＴＳ",,"確報",0,400,300,0,0,0,300,0,125600,94200,0,0,0,94200,,,0,0,7000,0,0,0,4.7,5.5,4.1,4.7,0,0,0
"2026/01/14","2026/01/16","3911","Ａｉｍｉｎｇ","東証およびＰＴＳ",,"確報",29800,12700,122100,0,0,0,122100,7152000,3048000,29304000,0,0,0,29304000,,,0,0,1365000,0,0,0,19.8,14.8,30,19.8,0,0,0
"2026/01/14","2026/01/16","3912","モバイルファクトリー","東証およびＰＴＳ",,"確報",0,400,1000,100,0,300,700,0,430000,1075000,107500,0,322500,752500,,,0,0,0,7000,1000,0,8.7,8.3,11.6,9.7,2.3,0,4.7
"2026/01/14","2026/01/16","3913","ＧｒｅｅｎＢｅｅ","東証およびＰＴＳ",,"確報",500,100,16000,0,0,0,16000,738500,147700,23632000,0,0,0,23632000,,,0,0,0,592800,0,0,33.2,34,32.5,33.2,0,0,0
"2026/01/14","2026/01/16","3914","ＪＩＧ－ＳＡＷ","東証およびＰＴＳ",,"確報",0,100,9100,0,0,0,9100,0,276900,25197900,0,0,0,25197900,,,0,0,174800,0,0,0,51.6,77.3,38.7,51.6,0,0,0
"2026/01/14","2026/01/16","3915","テラスカイ","東証およびＰＴＳ",,"確報",5300,900,38700,4400,0,38700,0,11755400,1996200,85836600,9759200,0,85836600,0,,,0,0,857500,0,0,857500,22,14.6,20.9,17.2,23.3,44.3,30.5
"2026/01/14","2026/01/16","3916","ＤＩＴ","東証およびＰＴＳ",,"確報",12600,300,28300,3500,100,32400,-4100,16682400,397200,37469200,4634000,132400,42897600,-5428400,,,0,0,0,96000,174000,0,8.4,4.5,4.3,4.4,22.1,29.9,25.4
"2026/01/14","2026/01/16","3917","アイリッジ","東証およびＰＴＳ",,"確報",300,1400,8600,0,0,6800,1800,151500,707000,4343000,0,0,3434000,909000,,,0,0,0,48500,34000,0,31.5,29.1,17.2,21.6,53.7,322,92
"2026/01/14","2026/01/16","3918","ＰＣＩＨＤ","東証およびＰＴＳ",,"確報",0,0,9100,0,0,0,9100,0,0,11729900,0,0,0,11729900,,,0,0,0,100100,0,0,38.2,29.3,54.9,38.2,0,0,0
"2026/01/14","2026/01/16","3920","アイビーシー","東証およびＰＴＳ",,"確報",0,0,5300,0,0,900,4400,0,0,5321200,0,0,903600,4417600,,,0,0,0,0,0,0,43.3,0,267,534,0,4.1,8.3
"2026/01/14","2026/01/16","3921","ネオジャパン","東証およびＰＴＳ",,"確報",0,300,55000,0,0,900,54100,0,543600,99660000,0,0,1630800,98029200,,,0,0,0,2101400,34200,0,112,688.5,918,786.9,47,1.1,2.2
"2026/01/14","2026/01/16","3922","ＰＲ　ＴＩＭＥＳ","東証およびＰＴＳ",,"確報",1200,600,16300,0,1100,5300,11000,3372000,1686000,45803000,0,3091000,14893000,30910000,,,0,0,0,1334500,544000,0,8.9,10.1,14.9,12.1,7.5,4.3,5.5
"2026/01/14","2026/01/16","3923","ラクス","東証およびＰＴＳ",,"確報",2200,400,65900,3500,5300,40500,25400,2252800,409600,67481600,3584000,5427200,41472000,26009600,,,0,0,0,1858900,1226700,0,13,16.7,22.3,19.1,12.9,7.1,9.2
"2026/01/14","2026/01/16","3924","ランドコンピュータ","東証およびＰＴＳ",,"確報",0,0,1900,0,700,6600,-4700,0,0,1820200,0,670600,6322800,-4502600,,,0,0,0,7600,29200,0,9.2,13.3,12,12.6,4.7,31.8,8.2
"2026/01/14","2026/01/16","3925","ダブルスタンダード","東証およびＰＴＳ",,"確報",200,500,109600,0,0,0,109600,347600,869000,190484800,0,0,0,190484800,,,0,0,1648500,0,0,0,521.2,364.9,912.2,521.2,0,0,0
"2026/01/14","2026/01/16","3926","オープンドア","東証およびＰＴＳ",,"確報",200,600,20600,0,0,0,20600,64200,192600,6612600,0,0,0,6612600,,,0,0,0,105000,0,0,149.6,209.4,116.3,149.6,0,0,0
"2026/01/14","2026/01/16","3927","フーバーブレイン","東証およびＰＴＳ",,"確報",0,1200,85100,0,0,0,85100,0,1017600,72164800,0,0,0,72164800,,,0,0,0,431500,0,0,75.3,69.7,81.8,75.3,0,0,0
"2026/01/14","2026/01/16","3928","マイネット","東証およびＰＴＳ",,"確報",0,200,34100,0,0,200,33900,0,60000,10230000,0,0,60000,10170000,,,0,0,0,68600,400,0,48.2,123.2,30.8,49.3,0,5,10
"2026/01/14","2026/01/16","3929","ソーシャルワイヤー","東証およびＰＴＳ",,"確報",0,500,2000,0,0,0,2000,0,138500,554000,0,0,0,554000,,,0,0,0,0,0,0,33.1,58,23.2,33.1,0,0,0
"2026/01/14","2026/01/16","392A","ｉＳＱトップ","東証およびＰＴＳ",,"確報",0,0,2080,0,0,0,2080,0,0,500864,0,0,0,500864,,,0,0,0,416,0,0,124.5,132.3,117.6,124.5,0,0,0
"2026/01/14","2026/01/16","3930","はてな","東証およびＰＴＳ",,"確報",0,200,800,0,0,0,800,0,186400,745600,0,0,0,745600,,,0,0,0,0,0,0,13.7,0,6.9,13.7,0,0,0
"2026/01/14","2026/01/16","3931","バリューゴルフ","東証およびＰＴＳ",,"確報",0,0,0,0,0,0,0,0,0,0,0,0,0,0,,,0,0,0,0,0,0,1,1,1,1,0,0,0
"2026/01/14","2026/01/16","3932","アカツキ","東証およびＰＴＳ",,"確報",0,0,22900,0,0,22900,0,0,0,60868200,0,0,60868200,0,,,0,0,0,68700,68700,0,76.5,41,42.5,41.7,382.3,573.5,458.8
"2026/01/14","2026/01/16","3933","チエル","東証およびＰＴＳ",,"確報",700,0,3900,0,0,300,3600,471100,0,2624700,0,0,201900,2422800,,,0,0,0,12800,1200,0,13.6,25,9.1,13.3,18,18,18
"2026/01/14","2026/01/16","3934","ベネフィットジャパン","東証およびＰＴＳ",,"確報",0,0,1600,0,0,0,1600,0,0,2988800,0,0,0,2988800,,,0,0,38400,0,0,0,162,0,81,162,0,0,0
"2026/01/14","2026/01/16","3935","エディア","東証およびＰＴＳ",,"確報",3900,1000,18100,0,0,0,18100,3182400,816000,14769600,0,0,0,14769600,,,0,0,0,1474400,0,0,18.3,10.5,74.2,18.3,0,0,0
"2026/01/14","2026/01/16","3936","グローバルウェイ","東証およびＰＴＳ",,"確報",12400,1900,75800,0,0,0,75800,1748400,267900,10687800,0,0,0,10687800,,,0,0,0,195900,0,0,12.3,9.9,16.3,12.3,0,0,0
"2026/01/14","2026/01/16","3937","Ｕｂｉｃｏｍ","東証およびＰＴＳ",,"確報",500,0,11700,0,0,600,11100,527500,0,12343500,0,0,633000,11710500,,,0,0,0,190400,10200,0,24.3,65.2,15.2,24.6,9.3,0,18.7
"2026/01/14","2026/01/16","3939","カナミックＮ","東証およびＰＴＳ",,"確報",7900,0,20900,14200,0,20900,0,4179100,0,11056100,7511800,0,11056100,0,,,0,0,442000,0,0,227800,5.2,9.8,4.5,6.1,6.3,3.4,4.4
"2026/01/14","2026/01/16","3940","ノムラシステム","東証およびＰＴＳ",,"確報",0,400,9400,0,0,1200,8200,0,53600,1259600,0,0,160800,1098800,,,0,0,0,0,0,0,15.6,7.8,92.4,14.4,67,22.3,33.5
"2026/01/14","2026/01/16","3941","レンゴー","東証およびＰＴＳ",,"確報",500,200,21700,800,200,13700,8000,618000,247200,26821200,988800,247200,16933200,9888000,,,0,0,32100,0,0,19650,7.9,5.8,6.2,6,36.2,8.8,14.2
"2026/01/14","2026/01/16","3943","大石産業","東証およびＰＴＳ",,"確報",0,0,3700,0,0,0,3700,0,0,5276200,0,0,0,5276200,,,0,0,0,7400,0,0,0,0,0,0,0,0,0
"2026/01/14","2026/01/16","3944","古林紙工","東証およびＰＴＳ",,"確報",0,0,0,0,0,0,0,0,0,0,0,0,0,0,,,0,0,0,0,0,0,6,0,3,6,0,0,0
"2026/01/14","2026/01/16","3945","スーパーバッグ","東証およびＰＴＳ",,"確報",0,300,400,0,0,0,400,0,840000,1120000,0,0,0,1120000,,,0,0,0,0,0,0,6.2,7.8,5.2,6.2,0,0,0
"2026/01/14","2026/01/16","3946","トーモク","東証およびＰＴＳ",,"確報",400,400,1800,0,0,1800,0,1450000,1450000,6525000,0,0,6525000,0,,,0,0,0,0,0,0,14.6,9.5,8.6,9,47.5,31.7,38
"2026/01/14","2026/01/16","3947","ダイナパック","東証およびＰＴＳ",,"確報",0,0,31100,0,0,0,31100,0,0,73489300,0,0,0,73489300,,,0,0,93300,0,0,0,3108,1554,0,3108,0,0,0
"2026/01/14","2026/01/16","3948","光ビジネスフォーム","東証およびＰＴＳ",,"確報",0,1000,0,0,0,0,0,0,1274000,0,0,0,0,0,,,0,0,4000,0,0,0,8,0,4,8,0,0,0
"2026/01/14","2026/01/16","394A","業界改革厳選テレビ","東証およびＰＴＳ",,"確報",0,0,0,0,0,0,0,0,0,0,0,0,0,0,,,0,0,0,0,0,0,0,0,0,0,0,0,0
"2026/01/14","2026/01/16","3950","ザ・パック","東証およびＰＴＳ",,"確報",100,0,600,600,700,22400,-21800,130000,0,780000,780000,910000,29120000,-28340000,,,0,0,0,3000,135000,0,25,13.5,13.5,13.5,19.7,36.2,25.6
"2026/01/14","2026/01/16","3951","朝日印刷","東証およびＰＴＳ",,"確報",0,3000,3000,0,0,100,2900,0,2778000,2778000,0,0,92600,2685400,,,0,0,126000,0,0,2100,17.6,0,9,18,3,0,6
"2026/01/14","2026/01/16","3953","大村紙業","東証およびＰＴＳ",,"確報",0,0,2100,0,0,0,2100,0,0,1738800,0,0,0,1738800,,,0,0,16800,0,0,0,24.8,24.8,24.8,24.8,0,0,0
"2026/01/14","2026/01/16","3954","昭和パックス","東証およびＰＴＳ",,"確報",0,0,203000,0,0,0,203000,0,0,658735000,0,0,0,658735000,,,0,0,0,9135000,0,0,0,0,0,0,0,0,0
"2026/01/14","2026/01/16","3955","イムラ","東証およびＰＴＳ",,"確報",1400,1300,4500,3000,4100,3300,1200,1509200,1401400,4851000,3234000,4419800,3557400,1293600,,,0,0,0,66000,66000,0,3.1,4.6,10.8,6.5,1.2,2.1,1.6
"2026/01/14","2026/01/16","3958","笹徳印刷","東証およびＰＴＳ",,"確報",0,0,13000,0,0,0,13000,0,0,7215000,0,0,0,7215000,,,0,0,65000,0,0,0,1306,0,653,1306,0,0,0
"2026/01/14","2026/01/16","395A","業界改革厳選地銀","東証およびＰＴＳ",,"確報",300,0,2460,0,0,0,2460,224370,0,1839834,0,0,0,1839834,,,0,0,16848,0,0,0,7.4,3.9,80.5,7.4,0,0,0
"2026/01/14","2026/01/16","3961","シルバーエッグ","東証およびＰＴＳ",,"確報",0,0,0,0,0,0,0,0,0,0,0,0,0,0,,,0,0,0,0,0,0,0,0,0,0,0,0,0
"2026/01/14","2026/01/16","3962","チェンジＨＤ","東証およびＰＴＳ",,"確報",20200,600,474400,0,31000,30000,444400,20927200,621600,491478400,0,32116000,31080000,460398400,,,0,0,0,9096000,1220000,0,32.1,56.7,26.6,36.3,135,8.3,15.7
"2026/01/14","2026/01/16","3963","シンクロ・フード","東証およびＰＴＳ",,"確報",8200,9400,44400,3700,11200,150500,-106100,5535000,6345000,29970000,2497500,7560000,101587500,-71617500,,,0,0,0,1459200,5056000,0,26.3,9.8,8.7,9.2,167.8,36,59.2
"2026/01/14","2026/01/16","3964","オークネット","東証およびＰＴＳ",,"確報",0,200,8000,0,200,8000,0,0,442400,17696000,0,442400,17696000,0,,,0,0,0,172200,172200,0,27.5,26.7,15.3,19.4,142.3,28.5,47.4
"2026/01/14","2026/01/16","3965","ＣＡＰ","東証およびＰＴＳ",,"確報",0,800,5600,0,0,0,5600,0,671200,4698400,0,0,0,4698400,,,0,0,25600,0,0,0,62.4,156,39,62.4,0,0,0
"2026/01/14","2026/01/16","3967","エルテス","東証およびＰＴＳ",,"確報",0,0,8600,0,0,0,8600,0,0,5753400,0,0,0,5753400,,,0,0,0,17200,0,0,73.6,40.5,405,73.6,0,0,0
"2026/01/14","2026/01/16","3968","セグエグループ","東証およびＰＴＳ",,"確報",2900,900,33400,2000,0,33400,0,1780600,552600,20507600,1228000,0,20507600,0,,,0,0,0,408200,408200,0,19.5,9.8,11.1,10.4,79.5,0,159
"2026/01/14","2026/01/16","3969","エイトレッド","東証およびＰＴＳ",,"確報",0,0,800,0,0,0,800,0,0,1201600,0,0,0,1201600,,,0,0,2400,0,0,0,86,0,43,86,0,0,0
"2026/01/14","2026/01/16","396A","業界改革厳選ＲＥＩＴ","東証およびＰＴＳ",,"確報",0,0,200,0,0,0,200,0,0,111000,0,0,0,111000,,,0,0,0,220,0,0,0,0,0,0,0,0,0
"2026/01/14","2026/01/16","3970","イノベーション","東証およびＰＴＳ",,"確報",0,0,700,0,0,0,700,0,0,672000,0,0,0,672000,,,0,0,3500,0,0,0,36,36,36,36,0,0,0
"2026/01/14","2026/01/16","3974","ＳＣＡＴ","東証およびＰＴＳ",,"確報",0,100,1200,0,0,0,1200,0,57700,692400,0,0,0,692400,,,0,0,1300,0,0,0,61,61,61,61,0,0,0
"2026/01/14","2026/01/16","3979","うるる","東証およびＰＴＳ",,"確報",0,0,2100,0,0,0,2100,0,0,865200,0,0,0,865200,,,0,0,0,10500,0,0,36,18,0,36,0,0,0
"2026/01/14","2026/01/16","3981","ビーグリー","東証およびＰＴＳ",,"確報",0,100,29400,0,0,0,29400,0,125200,36808800,0,0,0,36808800,,,0,0,0,206500,0,0,153.6,121.6,208.4,153.6,0,0,0
"2026/01/14","2026/01/16","3983","オロ","東証およびＰＴＳ",,"確報",500,0,12200,2600,0,30100,-17900,1124500,0,27437800,5847400,0,67694900,-40257100,,,0,0,81900,0,0,192500,17.8,10,25,14.3,11.8,70,20.2
"2026/01/14","2026/01/16","3984","ユーザーローカル","東証およびＰＴＳ",,"確報",1900,100,22900,1800,0,22900,0,3805700,200300,45868700,3605400,0,45868700,0,,,0,0,400900,0,0,400900,11.1,22.6,6.7,10.3,31.9,7.3,11.9
"2026/01/14","2026/01/16","3985","テモナ","東証およびＰＴＳ",,"確報",0,500,6500,0,0,0,6500,0,110000,1430000,0,0,0,1430000,,,0,0,0,35000,0,0,33.3,25.6,47.6,33.3,0,0,0
"2026/01/14","2026/01/16","3986","ビーブレイク","東証およびＰＴＳ",,"確報",0,0,1600,0,0,0,1600,0,0,734400,0,0,0,734400,,,0,0,17600,0,0,0,41.5,41.5,41.5,41.5,0,0,0
"2026/01/14","2026/01/16","3987","エコモット","東証およびＰＴＳ",,"確報",300,400,1000,0,0,0,1000,152100,202800,507000,0,0,0,507000,,,0,0,0,4400,0,0,11.6,10.4,13,11.6,0,0,0
"2026/01/14","2026/01/16","3988","ＳＹＳＨＤ","東証およびＰＴＳ",,"確報",0,200,400,0,0,0,400,0,118000,236000,0,0,0,236000,,,0,0,7200,0,0,0,5.3,4,8,5.3,0,0,0
"2026/01/14","2026/01/16","3989","シェアリングＴ","東証およびＰＴＳ",,"確報",0,700,10500,0,0,0,10500,0,837900,12568500,0,0,0,12568500,,,0,0,78400,0,0,0,39.1,42.2,36.5,39.1,0,0,0
"2026/01/14","2026/01/16","3991","ウォンテッドリー","東証およびＰＴＳ",,"確報",0,0,400,0,0,0,400,0,0,481600,0,0,0,481600,,,0,0,4000,0,0,0,12.5,25,8.3,12.5,0,0,0
"2026/01/14","2026/01/16","3992","ニーズウェル","東証およびＰＴＳ",,"確報",18800,0,91100,600,4300,150300,-59200,10753600,0,52109200,343200,2459600,85971600,-33862400,,,0,0,0,506100,1078000,0,22.4,9.7,8.2,8.9,102.2,135.1,116.4
"2026/01/14","2026/01/16","3993","ＰＫＳＨＡ","東証およびＰＴＳ",,"確報",300,2900,665900,1000,0,147800,518100,1062000,10266000,2357286000,3540000,0,523212000,1834074000,,,0,0,0,0,0,0,393.4,470.9,423.2,445.8,169.3,520.1,255.5
"2026/01/14","2026/01/16","3994","マネーフォワード","東証およびＰＴＳ",,"確報",100,8700,50500,100,8700,50500,0,457500,39802500,231037500,457500,39802500,231037500,0,,,0,0,0,4432500,4432500,0,17.3,13.7,23.4,17.3,13.7,23.4,17.3
"2026/01/14","2026/01/16","3996","サインポスト","東証およびＰＴＳ",,"確報",11300,1200,67100,100,3200,53900,13200,3265700,346800,19391900,28900,924800,15577100,3814800,,,0,0,0,228000,228000,0,59.7,23.3,128.7,39.5,353.5,78.6,128.5
"2026/01/14","2026/01/16","3997","トレードワークス","東証およびＰＴＳ",,"確報",38300,800,897300,1500,8700,422500,474800,17311600,361600,405579600,678000,3932400,190970000,214609600,,,0,0,0,859800,429700,0,7.2,4,7.2,5.1,193.9,9.3,17.7
"2026/01/14","2026/01/16","3998","すららネット","東証およびＰＴＳ",,"確報",1100,1000,22700,100,0,22700,0,355300,323000,7332100,32300,0,7332100,0,,,0,0,0,67800,67800,0,44.7,26.5,22.8,24.5,1141,142.6,253.6
"2026/01/14","2026/01/16","399A","上場日経高配当５０","東証およびＰＴＳ",,"確報",0,2,2501,0,0,0,2501,0,4070,5089535,0,0,0,5089535,,,0,0,87605,0,0,0,8341.3,9999.9,6256,8341.3,0,0,0
"2026/01/14","2026/01/16","4004","レゾナックＨＤ","東証およびＰＴＳ",,"確報",5600,2000,54100,1000,8200,131300,-77200,38169600,13632000,368745600,6816000,55891200,894940800,-526195200,,,0,0,808000,0,0,2216000,7.7,3.8,3.9,3.9,63.5,7.7,13.8
"2026/01/14","2026/01/16","4005","住友化学","東証およびＰＴＳ",,"確報",0,39600,235400,56100,0,57600,177800,0,19198080,114121920,27197280,0,27924480,86197440,,,0,0,5335000,0,0,29100,12.3,44,12.4,19.4,1.4,4.6,2.1
"2026/01/14","2026/01/16","4008","住友精化","東証およびＰＴＳ",,"確報",100,0,2600,0,0,1000,1600,537000,0,13962000,0,0,5370000,8592000,,,0,0,75000,0,0,30000,9.6,31,62,41.3,6.7,2.8,3.9
"2026/01/14","2026/01/16","4011","ヘッドウォータース","東証およびＰＴＳ",,"確報",0,500,7200,0,0,0,7200,0,1537500,22140000,0,0,0,22140000,,,0,0,77000,0,0,0,17.4,32.1,11.9,17.4,0,0,0
"2026/01/14","2026/01/16","4012","アクシス","東証およびＰＴＳ",,"確報",0,1000,1400,0,0,0,1400,0,1510000,2114000,0,0,0,2114000,,,0,0,0,38400,0,0,6,5.8,8.1,6.8,0,2.1,4.2
"2026/01/14","2026/01/16","4013","勤次郎","東証およびＰＴＳ",,"確報",1000,200,78100,300,1000,39500,38600,1292000,258400,100905200,387600,1292000,51034000,49871200,,,0,0,0,1314100,683400,0,43.3,141,18.4,32.5,153.9,133.4,142.9
"2026/01/14","2026/01/16","4014","カラダノート","東証およびＰＴＳ",,"確報",0,0,5800,0,0,0,5800,0,0,2621600,0,0,0,2621600,,,0,0,0,11600,0,0,44.3,77.5,31,44.3,0,0,0
"2026/01/14","2026/01/16","4015","ペイクラウドＨＤ","東証およびＰＴＳ",,"確報",0,200,7700,0,0,0,7700,0,102200,3934700,0,0,0,3934700,,,0,0,0,110600,0,0,36.9,106,22.3,36.9,0,0,0
"2026/01/14","2026/01/16","4016","ＭＩＴＨＤ","東証およびＰＴＳ",,"確報",0,100,4200,0,0,0,4200,0,98900,4153800,0,0,0,4153800,,,0,0,55900,0,0,0,69.3,41.6,208,69.3,0,0,0
"2026/01/14","2026/01/16","4017","クリーマ","東証およびＰＴＳ",,"確報",0,700,3600,0,0,0,3600,0,182700,939600,0,0,0,939600,,,0,0,4300,0,0,0,22.6,37.7,16.1,22.6,0,0,0
"2026/01/14","2026/01/16","4019","スタメン","東証およびＰＴＳ",,"確報",2100,3000,84900,0,900,84900,0,1556100,2223000,62910900,0,666900,62910900,0,,,0,0,0,772200,772200,0,44.7,25.9,25.1,25.5,227.6,149.1,180.2
"2026/01/14","2026/01/16","401A","Ｒ－霞ヶ関ホテル","東証およびＰＴＳ",,"確報",1,0,57,0,0,0,57,108000,0,6156000,0,0,0,6156000,,,0,0,0,0,0,0,283,283,283,283,0,0,0
"2026/01/14","2026/01/16","4020","ビートレンド","東証およびＰＴＳ",,"確報",100,0,1600,0,0,0,1600,76200,0,1219200,0,0,0,1219200,,,0,0,0,13500,0,0,48,24,0,48,0,0,0
"2026/01/14","2026/01/16","4021","日産化学","東証およびＰＴＳ",,"確報",500,100,5400,0,0,0,5400,2766000,553200,29872800,0,0,0,29872800,,,0,0,435000,0,0,0,11.4,13.2,13.9,13.5,0,0.6,1.3
"2026/01/14","2026/01/16","4022","ラサ工業","東証およびＰＴＳ",,"確報",200,1000,17100,2600,200,7200,9900,1436000,7180000,122778000,18668000,1436000,51696000,71082000,,,0,0,7876000,0,0,2112000,16.3,37.6,26.2,30.9,3,55.3,5.7
"2026/01/14","2026/01/16","4023","クレハ","東証およびＰＴＳ",,"確報",300,0,13500,700,0,1800,11700,1315500,0,59197500,3069500,0,7893000,51304500,,,0,0,594000,0,0,49500,18.1,18.8,53.3,27.8,2.3,5.4,3.3
"2026/01/14","2026/01/16","4025","多木化学","東証およびＰＴＳ",,"確報",1500,500,11400,1000,0,11400,0,6120000,2040000,46512000,4080000,0,46512000,0,,,0,0,1092000,0,0,1092000,18.5,9.4,20,12.8,17.2,500,33.3
"2026/01/14","2026/01/16","4026","神島化学工業","東証およびＰＴＳ",,"確報",700,1000,15000,3200,0,5200,9800,1179500,1685000,25275000,5392000,0,8762000,16513000,,,0,0,688500,0,0,90000,7.2,21.8,8.7,12.5,11.8,2.5,4.1
"2026/01/14","2026/01/16","4027","テイカ","東証およびＰＴＳ",,"確報",700,0,44800,500,0,16300,28500,862400,0,55193600,616000,0,20081600,35112000,,,0,0,573300,0,0,205400,85.8,92.1,105.3,98.3,41.7,132,63.4
"2026/01/14","2026/01/16","4028","石原産業","東証およびＰＴＳ",,"確報",4900,0,21200,10900,400,10900,10300,13945400,0,60335200,31021400,1138400,31021400,29313800,,,0,0,880200,0,0,21600,9.4,10.4,101.6,18.9,1.1,31.3,2.2
"2026/01/14","2026/01/16","402A","アクセルスペース","東証およびＰＴＳ",,"確報",1000,14100,437600,0,0,0,437600,529000,7458900,231490400,0,0,0,231490400,,,0,0,0,0,0,0,45.2,97.8,29.4,45.2,0,0,0
"2026/01/14","2026/01/16","4031","片倉コープアグリ","東証およびＰＴＳ",,"確報",0,0,5900,800,0,4200,1700,0,0,5959000,808000,0,4242000,1717000,,,0,0,11800,0,0,6800,15.5,24.4,15.1,18.6,6.2,74.5,11.5
"2026/01/14","2026/01/16","4040","南海化学","東証およびＰＴＳ",,"確報",0,0,2700,0,0,0,2700,0,0,8815500,0,0,0,8815500,,,0,0,27000,0,0,0,45.3,27.2,136,45.3,0,0,0
"2026/01/14","2026/01/16","4041","日本曹達","東証およびＰＴＳ",,"確報",0,100,3000,0,600,1900,1100,0,366000,10980000,0,2196000,6954000,4026000,,,0,0,0,62000,50000,0,10.1,15.2,16.7,15.9,9.4,5.8,7.1
"2026/01/14","2026/01/16","4042","東ソー","東証およびＰＴＳ",,"確報",8700,6400,15400,3400,1000,15400,0,21867450,16086400,38707900,8545900,2513500,38707900,0,,,0,0,589500,0,0,585000,6.9,4.5,5.3,4.9,10.2,15.9,12.4
"2026/01/14","2026/01/16","4043","トクヤマ","東証およびＰＴＳ",,"確報",2300,1000,11000,800,0,4400,6600,10021100,4357000,47927000,3485600,0,19170800,28756200,,,0,0,989400,0,0,367200,15.3,17.5,12.9,14.9,12.6,25.3,16.9
"2026/01/14","2026/01/16","4044","セントラル硝子","東証およびＰＴＳ",,"確報",300,400,2600,0,100,2600,0,1074000,1432000,9308000,0,358000,9308000,0,,,0,0,135000,0,0,135000,38,22.2,22.2,22.2,133,133,133
"2026/01/14","2026/01/16","4045","東亞合成","東証およびＰＴＳ",,"確報",1900,800,28500,3200,300,39300,-10800,3306950,1392400,49604250,5569600,522150,68401650,-18797400,,,0,0,506900,0,0,673400,11.8,7.4,10.6,8.7,9.5,64.8,16.5
"2026/01/14","2026/01/16","4046","大阪ソーダ","東証およびＰＴＳ",,"確報",400,100,22800,0,2000,35500,-12700,896000,224000,51072000,0,4480000,79520000,-28448000,,,0,0,0,157500,262500,0,13.1,8.5,5.2,6.4,236.3,39.4,67.5
"2026/01/14","2026/01/16","4047","関東電化工業","東証およびＰＴＳ",,"確報",4900,100,55300,5100,0,106100,-50800,5929000,121000,66913000,6171000,0,128381000,-61468000,,,0,0,151500,0,0,303000,20.4,7.2,19.3,10.5,33.6,52.7,41
"2026/01/14","2026/01/16","404A","ＧＸ中国テック１０","東証およびＰＴＳ",,"確報",0,0,2330,0,0,0,2330,0,0,2814640,0,0,0,2814640,,,0,0,23300,0,0,0,110.5,55.3,0,110.5,0,0,0
"2026/01/14","2026/01/16","4051","ＧＭＯ－ＦＧ","東証およびＰＴＳ",,"確報",200,900,12500,0,0,0,12500,1006000,4527000,62875000,0,0,0,62875000,,,0,0,0,1056000,0,0,54.3,108.7,36.2,54.3,0,0,0
"2026/01/14","2026/01/16","4052","フィーチャ","東証およびＰＴＳ",,"確報",0,0,800,0,0,0,800,0,0,238400,0,0,0,238400,,,0,0,0,2400,0,0,82,0,41,82,0,0,0
"2026/01/14","2026/01/16","4053","サンアスタリスク","東証およびＰＴＳ",,"確報",7300,1100,105600,6200,0,105600,0,3401800,512600,49209600,2889200,0,49209600,0,,,0,0,0,0,0,0,12.5,7,7.8,7.4,32.7,59,42.1
"2026/01/14","2026/01/16","4054","日本情報クリエイト","東証およびＰＴＳ",,"確報",2000,200,40300,100,0,100,40200,1376000,137600,27726400,68800,0,68800,27657600,,,0,0,577500,0,0,0,67.5,37,944.5,71.3,1,2,1.3
"2026/01/14","2026/01/16","4055","ティアンドエスＧ","東証およびＰＴＳ",,"確報",4600,4000,35800,2600,2000,35800,0,8436400,7336000,65657200,4768400,3668000,65657200,0,,,0,0,3766400,0,0,3766400,6.7,4,4.1,4,23,30.6,26.3
"2026/01/14","2026/01/16","4056","ニューラルグループ","東証およびＰＴＳ",,"確報",600,0,11900,0,0,0,11900,246000,0,4879000,0,0,0,4879000,,,0,0,33900,0,0,0,55.4,48.5,64.7,55.4,0,0,0
"2026/01/14","2026/01/16","4057","インターファクトリー","東証およびＰＴＳ",,"確報",0,100,500,0,0,0,500,0,41300,206500,0,0,0,206500,,,0,0,0,16800,0,0,58,0,29,58,0,0,0
"2026/01/14","2026/01/16","4058","トヨクモ","東証およびＰＴＳ",,"確報",2700,1800,15000,900,0,15000,0,7362900,4908600,40905000,2454300,0,40905000,0,,,0,0,0,606300,606300,0,6.2,3.3,3.5,3.4,37.5,713,71.3
"2026/01/14","2026/01/16","4059","まぐまぐ","東証およびＰＴＳ",,"確報",100,1000,700,0,0,0,700,51700,517000,361900,0,0,0,361900,,,0,0,0,24000,0,0,4,4,4,4,0,0,0
"2026/01/14","2026/01/16","4060","ｒａｋｕｍｏ","東証およびＰＴＳ",,"確報",500,0,10900,200,0,1000,9900,504500,0,10998100,201800,0,1009000,9989100,,,0,0,41600,0,0,3200,80.7,51.7,0,103.4,24,24,24
"2026/01/14","2026/01/16","4061","デンカ","東証およびＰＴＳ",,"確報",1100,600,9200,100,0,100,9100,3329700,1816200,27848400,302700,0,302700,27545700,,,0,0,578550,0,0,0,10.9,14.7,9.9,11.8,1.3,0.8,1
"2026/01/14","2026/01/16","4062","イビデン","東証およびＰＴＳ",,"確報",1800,19000,117700,23500,3100,105900,11800,13384800,141284000,875217200,174746000,23051600,787472400,87744800,,,0,0,22393400,0,0,14193000,4.6,9.1,7.1,8,1.7,3.5,2.3
"2026/01/14","2026/01/16","4063","信越化学工業","東証およびＰＴＳ",,"確報",19000,6700,133600,4400,5800,32400,101200,105488000,37198400,741747200,24428800,32201600,179884800,561862400,,,0,0,13100400,0,0,3650400,5.8,4.6,19,7.4,2.2,2.6,2.4
"2026/01/14","2026/01/16","4064","日本カーバイド工業","東証およびＰＴＳ",,"確報",300,100,11200,100,0,5700,5500,781800,260600,29187200,260600,0,14854200,14333000,,,0,0,352000,0,0,179200,79.7,61.7,55.5,58.4,282,282,282
"2026/01/14","2026/01/16","4068","ベイシス","東証およびＰＴＳ",,"確報",0,200,100,0,0,0,100,0,348600,174300,0,0,0,174300,,,0,0,0,6000,0,0,1.7,2,1.5,1.7,0,0,0
"2026/01/14","2026/01/16","4069","ＢｌｕｅＭｅｍｅ","東証およびＰＴＳ",,"確報",0,0,1000,0,0,0,1000,0,0,1456000,0,0,0,1456000,,,0,0,10000,0,0,0,25,25,25,25,0,0,0
"2026/01/14","2026/01/16","4071","プラスアルファ","東証およびＰＴＳ",,"確報",2700,700,11700,600,0,5800,5900,6374700,1652700,27623700,1416600,0,13693800,13929900,,,0,0,0,194000,104000,0,5.5,3.2,4.6,3.8,34,16.1,21.9
"2026/01/14","2026/01/16","4072","電算システムＨＤ","東証およびＰＴＳ",,"確報",2000,100,28700,0,100,4400,24300,7050000,352500,101167500,0,352500,15510000,85657500,,,0,0,0,402000,67500,0,25.1,33.9,17.4,23,225,37.5,64.3
"2026/01/14","2026/01/16","4073","ジィ・シィ企画","東証およびＰＴＳ",,"確報",0,0,3500,0,0,0,3500,0,0,2093000,0,0,0,2093000,,,0,0,0,0,0,0,118.7,178,89,118.7,0,0,0
"2026/01/14","2026/01/16","4074","ラキール","東証およびＰＴＳ",,"確報",1500,700,45400,3000,0,75200,-29800,1080000,504000,32688000,2160000,0,54144000,-21456000,,,0,0,0,223000,361000,0,16.3,12.8,72,21.7,7,2994,13.9
"2026/01/14","2026/01/16","4075","ブレインズ","東証およびＰＴＳ",,"確報",0,100,1800,0,0,0,1800,0,81400,1465200,0,0,0,1465200,,,0,0,0,22800,0,0,9.5,6.5,17.8,9.5,0,0,0
"2026/01/14","2026/01/16","4076","シイエヌエス","東証およびＰＴＳ",,"確報",0,700,1500,0,0,0,1500,0,1234100,2644500,0,0,0,2644500,,,0,0,0,37400,0,0,4.8,6.5,3.8,4.8,0,0,0
"2026/01/14","2026/01/16","4078","堺化学工業","東証およびＰＴＳ",,"確報",0,0,8500,0,0,2500,6000,0,0,28602500,0,0,8412500,20190000,,,0,0,510000,0,0,150000,56,44.9,134.7,67.3,32,42.7,36.6
"2026/01/14","2026/01/16","407A","ＵＮＩＣＯＮ　ＨＤ","東証およびＰＴＳ",,"確報",600,200,2800,0,0,0,2800,712200,237400,3323600,0,0,0,3323600,,,0,0,0,12000,0,0,5.1,10.1,3.4,5.1,0,0,0
"2026/01/14","2026/01/16","4080","田中化学研究所","東証およびＰＴＳ",,"確報",200,300,9100,0,0,0,9100,84800,127200,3858400,0,0,0,3858400,,,0,0,18400,0,0,0,65.6,65.6,65.6,65.6,0,0,0
"2026/01/14","2026/01/16","4082","第一稀元素化学工業","東証およびＰＴＳ",,"確報",40900,138000,230000,500,97600,230000,0,107567000,362940000,604900000,1315000,256688000,604900000,0,,,0,0,163550000,0,0,163550000,4,2.2,2.6,2.4,7,11.7,8.8
"2026/01/14","2026/01/16","4088","エア・ウォーター","東証およびＰＴＳ",,"確報",6700,300,22600,0,400,5200,17400,15825400,708600,53381200,0,944800,12282400,41098800,,,0,0,502200,0,0,173600,16.5,12.3,19.3,15,17,51,25.5
"2026/01/14","2026/01/16","408A","ｉＳベストＡＩ","東証およびＰＴＳ",,"確報",90,0,5810,0,0,0,5810,20853,0,1346177,0,0,0,1346177,,,0,0,15444,0,0,0,96,110.7,84.7,96,0,0,0
"2026/01/14","2026/01/16","4091","日本酸素ＨＤ","東証およびＰＴＳ",,"確報",800,700,4800,100,0,4800,0,3983200,3485300,23899200,497900,0,23899200,0,,,0,0,126900,0,0,126900,2.1,2,2,2,37.6,1.5,2.8
"2026/01/14","2026/01/16","4092","日本化学工業","東証およびＰＴＳ",,"確報",2100,200,11300,3300,1400,11300,0,6846000,652000,36838000,10758000,4564000,36838000,0,,,0,0,1034000,0,0,1034000,3.8,2.4,3,2.7,5.1,10.1,6.8
"2026/01/14","2026/01/16","4093","東邦アセチレン","東証およびＰＴＳ",,"確報",0,300,9200,0,0,0,9200,0,110400,3385600,0,0,0,3385600,,,0,0,0,0,0,0,30.3,37.3,25.5,30.3,0,0,0
"2026/01/14","2026/01/16","4094","日本化学産業","東証およびＰＴＳ",,"確報",0,400,2200,0,0,0,2200,0,1022000,5621000,0,0,0,5621000,,,0,0,104000,0,0,0,9.6,10.4,8.9,9.6,0,0,0
"2026/01/14","2026/01/16","4095","日本パーカライジング","東証およびＰＴＳ",,"確報",1300,3300,10700,3400,0,16100,-5400,1924000,4884000,15836000,5032000,0,23828000,-7992000,,,0,0,406400,0,0,406400,9.9,5.6,6.5,6,15.4,29.4,20.2
"2026/01/14","2026/01/16","4097","高圧ガス工業","東証およびＰＴＳ",,"確報",1200,800,7600,0,3000,25400,-17800,1377600,918400,8724800,0,3444000,29159200,-20434400,,,0,0,86400,0,0,340800,6.3,3.1,3.9,3.4,9.3,8.3,8.8
"2026/01/14","2026/01/16","4098","チタン工業","東証およびＰＴＳ",,"確報",100,0,12700,0,0,0,12700,85200,0,10820400,0,0,0,10820400,,,0,0,75600,0,0,0,114.2,157,89.7,114.2,0,0,0
"2026/01/14","2026/01/16","4099","四国化成ＨＤ","東証およびＰＴＳ",,"確報",2700,0,8000,0,300,29600,-21600,7524900,0,22296000,0,836100,82495200,-60199200,,,0,0,132500,0,0,747500,16.3,3.4,5.8,4.3,52.8,29,37.4
"2026/01/14","2026/01/16","409A","オリオンビール","東証およびＰＴＳ",,"確報",400,400,67500,0,0,0,67500,530400,530400,89505000,0,0,0,89505000,,,0,0,0,540000,0,0,36.2,99,22.1,36.2,0,0,0
"2026/01/14","2026/01/16","4100","戸田工業","東証およびＰＴＳ",,"確報",17000,4300,32800,0,2200,32800,0,24973000,6316700,48183200,0,3231800,48183200,0,,,0,0,3698400,0,0,6440000,8.9,4.2,4.3,4.2,40.4,53.4,46
"2026/01/14","2026/01/16","4102","丸尾カルシウム","東証およびＰＴＳ",,"確報",0,0,400,0,0,0,400,0,0,572800,0,0,0,572800,,,0,0,0,400,0,0,0,0,0,0,0,0,0
"2026/01/14","2026/01/16","4107","伊勢化学工業","東証およびＰＴＳ",,"確報",16400,4300,119800,0,0,0,119800,85280000,22360000,622960000,0,0,0,622960000,,,0,0,40387500,0,0,0,19.2,18,20.6,19.2,0,0,0
"2026/01/14","2026/01/16","4109","ステラ　ケミファ","東証およびＰＴＳ",,"確報",5100,900,17000,1200,0,20500,-3500,23791500,4198500,79305000,5598000,0,95632500,-16327500,,,0,0,960000,0,0,1447500,12.9,4.6,9.8,6.3,22.6,88.4,36
"2026/01/14","2026/01/16","410A","ＧＭＯコマース","東証およびＰＴＳ",,"確報",0,100,9800,0,0,0,9800,0,132000,12936000,0,0,0,12936000,,,0,0,0,99000,0,0,119.3,68.1,477,119.3,0,0,0
"2026/01/14","2026/01/16","4112","保土谷化学工業","東証およびＰＴＳ",,"確報",100,0,760300,0,0,65700,694600,237300,0,1804191900,0,0,155906100,1648285800,,,0,0,44851800,0,0,3876300,1921.6,7604,2112.2,3306.1,299.5,366.1,329.5
"2026/01/14","2026/01/16","4113","田岡化学工業","東証およびＰＴＳ",,"確報",700,1700,20400,0,0,0,20400,988400,2400400,28804800,0,0,0,28804800,,,0,0,1198400,0,0,0,31.8,25.3,42.9,31.8,0,0,0
"2026/01/14","2026/01/16","4114","日本触媒","東証およびＰＴＳ",,"確報",1900,0,30000,0,0,13000,17000,4123000,0,65100000,0,0,28210000,36890000,,,0,0,1011600,0,0,468000,34.2,24.2,67,35.6,19.8,76.6,31.4
"2026/01/14","2026/01/16","4116","大日精化工業","東証およびＰＴＳ",,"確報",200,0,5500,0,0,4000,1500,883000,0,24282500,0,0,17660000,6622500,,,0,0,238500,0,0,180000,15.3,8.8,14.1,10.8,19,190,34.5
"2026/01/14","2026/01/16","4118","カネカ","東証およびＰＴＳ",,"確報",0,100,22300,11700,0,12500,9800,0,463400,103338200,54217800,0,57925000,45413200,,,0,0,1657600,0,0,59200,11.9,30.5,29.7,30.1,1.5,8,2.5
"2026/01/14","2026/01/16","4119","日本ピグメントＨＤ","東証およびＰＴＳ",,"確報",0,0,1400,0,0,0,1400,0,0,5390000,0,0,0,5390000,,,0,0,0,84000,0,0,71,71,71,71,0,0,0
"2026/01/14","2026/01/16","4120","スガイ化学工業","東証およびＰＴＳ",,"確報",0,100,300,0,0,0,300,0,229400,688200,0,0,0,688200,,,0,0,0,2400,0,0,10.8,27,6.8,10.8,0,0,0
"2026/01/14","2026/01/16","4124","大阪油化工業","東証およびＰＴＳ",,"確報",0,0,200,0,0,0,200,0,0,495400,0,0,0,495400,,,0,0,1200,0,0,0,0,0,0,0,0,0,0
"2026/01/14","2026/01/16","4125","三和油化工業","東証およびＰＴＳ",,"確報",800,700,7900,0,0,0,7900,2141600,1873900,21148300,0,0,0,21148300,,,0,0,0,163800,0,0,20.6,15.5,30.9,20.6,0,0,0
"2026/01/14","2026/01/16","412A","台湾テック５０","東証およびＰＴＳ",,"確報",0,100,400,0,0,0,400,0,260900,1043600,0,0,0,1043600,,,0,0,12000,0,0,0,7.2,0,3.6,7.2,0,0,0
"2026/01/14","2026/01/16","413A","ｉＦ台湾テック","東証およびＰＴＳ",,"確報",0,0,0,0,0,0,0,0,0,0,0,0,0,0,,,0,0,0,0,0,0,0,0,0,0,0,0,0
"2026/01/14","2026/01/16","414A","オーバーラップ","東証およびＰＴＳ",,"確報",700,1700,46000,0,0,0,46000,826000,2006000,54280000,0,0,0,54280000,,,0,0,0,1645000,0,0,31.9,20.5,71.7,31.9,0,0,0
"2026/01/14","2026/01/16","4151","協和キリン","東証およびＰＴＳ",,"確報",100,200,10000,800,1100,6000,4000,257250,514500,25725000,2058000,2829750,15435000,10290000,,,0,0,141400,0,0,88200,8.5,7.4,7.5,7.5,23.3,7,10.7
"2026/01/14","2026/01/16","415A","ＧＭＯＴＥ－ＨＤ","東証およびＰＴＳ",,"確報",200,100,700,0,0,0,700,940000,470000,3290000,0,0,0,3290000,,,0,0,0,15000,0,0,8.3,5,25,8.3,0,0,0
"2026/01/14","2026/01/16","4165","プレイド","東証およびＰＴＳ",,"確報",900,0,89500,5100,0,86000,3500,754200,0,75001000,4273800,0,72068000,2933000,,,0,0,0,1329000,1213500,0,83.1,102.1,104.6,103.3,51.2,103.7,68.6
"2026/01/14","2026/01/16","4166","かっこ","東証およびＰＴＳ",,"確報",300,1700,14400,0,0,0,14400,235500,1334500,11304000,0,0,0,11304000,,,0,0,0,553000,0,0,26.4,39.6,19.8,26.4,0,0,0
"2026/01/14","2026/01/16","4167","ココペリ","東証およびＰＴＳ",,"確報",100,800,34000,100,800,34000,0,29800,238400,10132000,29800,238400,10132000,0,,,0,0,0,451100,451100,0,122,106.8,106.8,106.8,142.3,142.3,142.3
"2026/01/14","2026/01/16","4168","ヤプリ","東証およびＰＴＳ",,"確報",200,1900,72200,1800,100,11200,61000,164200,1559900,59276200,1477800,82100,9195200,50081000,,,0,0,0,960700,123500,0,34.9,61.3,46,52.5,10,10.4,10.2
"2026/01/14","2026/01/16","4169","ＥＮＥＣＨＡＮＧＥ","東証およびＰＴＳ",,"確報",600,600,36800,0,0,0,36800,169200,169200,10377600,0,0,0,10377600,,,0,0,0,147200,0,0,31.9,127.4,18.2,31.9,0,0,0
"2026/01/14","2026/01/16","416A","富士ユナイトＨＤ","東証およびＰＴＳ",,"確報",0,200,8700,0,200,8700,0,0,255200,11101200,0,255200,11101200,0,,,0,0,8900,0,0,8900,30.3,40.3,17.3,24.2,121,24.2,40.3
"2026/01/14","2026/01/16","4170","ＫａｉｚｅｎＰＦ","東証およびＰＴＳ",,"確報",1700,2700,40400,0,1000,40400,0,312800,496800,7433600,0,184000,7433600,0,,,0,0,82800,0,0,82800,40.6,28.4,20.5,23.8,2072,71.4,138.1
"2026/01/14","2026/01/16","4171","グローバルＩ","東証およびＰＴＳ",,"確報",500,0,900,0,0,0,900,706000,0,1270800,0,0,0,1270800,,,0,0,1600,0,0,0,7.1,3.6,0,7.1,0,0,0
"2026/01/14","2026/01/16","4172","Ｈｉクラテス","東証およびＰＴＳ",,"確報",0,0,0,0,0,0,0,0,0,0,0,0,0,0,,,0,0,0,0,0,0,0,0,0,0,0,0,0
"2026/01/14","2026/01/16","4174","アピリッツ","東証およびＰＴＳ",,"確報",100,0,2300,0,0,0,2300,68000,0,1564000,0,0,0,1564000,,,0,0,0,0,0,0,113,113,113,113,0,0,0
"2026/01/14","2026/01/16","4175","ｃｏｌｙ","東証およびＰＴＳ",,"確報",0,100,8000,0,0,0,8000,0,189900,15192000,0,0,0,15192000,,,0,0,0,0,0,0,161.6,134.7,202,161.6,0,0,0
"2026/01/14","2026/01/16","4176","ココナラ","東証およびＰＴＳ",,"確報",2500,13100,131400,0,10600,131400,0,932500,4886300,49012200,0,3953800,49012200,0,,,0,0,2698000,0,0,2698000,8.8,5,4.5,4.7,240.5,37.5,64.9
"2026/01/14","2026/01/16","4177","ｉ‐ｐｌｕｇ","東証およびＰＴＳ",,"確報",0,0,300,0,0,0,300,0,0,464400,0,0,0,464400,,,0,0,0,900,0,0,9.2,0,4.6,9.2,0,0,0
"2026/01/14","2026/01/16","4178","Ｓイノベーション","東証およびＰＴＳ",,"確報",0,0,2200,0,0,0,2200,0,0,1370600,0,0,0,1370600,,,0,0,19800,0,0,0,74.7,112,56,74.7,0,0,0
"2026/01/14","2026/01/16","4179","ジーネクスト","東証およびＰＴＳ",,"確報",0,1800,5100,0,0,0,5100,0,626400,1774800,0,0,0,1774800,,,0,0,0,20700,0,0,32,0,16,32,0,0,0
"2026/01/14","2026/01/16","417A","ブルーゾーンＨＤ","東証およびＰＴＳ",,"確報",100,100,7200,1200,0,5400,1800,868300,868300,62517600,10419600,0,46888200,15629400,,,0,0,633600,0,0,369600,21.9,181,90.5,120.7,9.1,9.9,9.5
"2026/01/14","2026/01/16","4180","Ａｐｐｉｅｒ","東証およびＰＴＳ",,"確報",0,5000,293400,0,0,0,293400,0,5495000,322446600,0,0,0,322446600,,,0,0,0,1790400,0,0,120.2,275.9,76.8,120.2,0,0,0
"2026/01/14","2026/01/16","4182","三菱瓦斯化学","東証およびＰＴＳ",,"確報",14400,2200,26400,17900,0,26400,0,43732800,6681400,80176800,54362300,0,80176800,0,,,0,0,1136000,0,0,680000,5.6,4.7,7.7,5.8,3.1,17.7,5.3
"2026/01/14","2026/01/16","4183","三井化学","東証およびＰＴＳ",,"確報",2500,3800,16900,6200,100,8000,8900,5207500,7915400,35202700,12914600,208300,16664000,18538700,,,0,0,536900,0,0,56050,7.5,17.6,11.1,13.6,2.5,1.7,2.1
"2026/01/14","2026/01/16","4186","東京応化工業","東証およびＰＴＳ",,"確報",500,800,20200,200,400,3400,16800,3195000,5112000,129078000,1278000,2556000,21726000,107352000,,,0,0,1025000,0,0,180000,24.6,33.9,24.1,28.2,15.3,12,13.4
"2026/01/14","2026/01/16","4187","大阪有機化学工業","東証およびＰＴＳ",,"確報",7800,900,34300,7100,200,34300,0,31395000,3622500,138057500,28577500,805000,138057500,0,,,0,0,3014000,0,0,3014000,4.9,3.9,5.4,4.5,4.3,7.5,5.5
"2026/01/14","2026/01/16","4188","三菱ケミカルグループ","東証およびＰＴＳ",,"確報",2900,500,30900,2700,200,18000,12900,2863460,493700,30510660,2665980,197480,17773200,12737460,,,0,0,498750,0,0,271250,5.3,7.8,6.2,6.9,5.3,3,3.8
"2026/01/14","2026/01/16","4189","ＫＨネオケム","東証およびＰＴＳ",,"確報",0,600,14000,200,0,5000,9000,0,1497600,34944000,499200,0,12480000,22464000,,,0,0,292000,0,0,96000,59.3,186.5,35.5,59.7,29,0,58
"2026/01/14","2026/01/16","4192","スパイダープラス","東証およびＰＴＳ",,"確報",400,1700,204600,2900,0,237800,-33200,121600,516800,62198400,881600,0,72291200,-10092800,,,0,0,0,205900,234900,0,26.4,16.9,13.8,15.2,245.3,48.1,80.4
"2026/01/14","2026/01/16","4193","ファブリカＨＤ","東証およびＰＴＳ",,"確報",0,0,800,0,0,0,800,0,0,1639200,0,0,0,1639200,,,0,0,0,6400,0,0,16.8,14,21,16.8,0,0,0
"2026/01/14","2026/01/16","4194","ビジョナル","東証およびＰＴＳ",,"確報",500,1800,4200,100,1400,4200,0,4975000,17910000,41790000,995000,13930000,41790000,0,,,0,0,0,1155000,1155000,0,2.8,2,1.9,1.9,12.7,8.2,10
"2026/01/14","2026/01/16","4196","ネオマーケティング","東証およびＰＴＳ",,"確報",0,100,300,0,0,0,300,0,121200,363600,0,0,0,363600,,,0,0,0,1600,0,0,9,18,6,9,0,0,0
"2026/01/14","2026/01/16","4197","アスマーク","東証およびＰＴＳ",,"確報",0,0,1200,0,0,0,1200,0,0,2809200,0,0,0,2809200,,,0,0,1200,0,0,0,0,0,0,0,0,0,0
"2026/01/14","2026/01/16","4198","テンダ","東証およびＰＴＳ",,"確報",300,200,12200,0,0,0,12200,165900,110600,6746600,0,0,0,6746600,,,0,0,0,387200,0,0,201,150.8,301.5,201,0,0,0
"2026/01/14","2026/01/16","4199","ワンダープラネット","東証およびＰＴＳ",,"確報",700,100,15900,0,0,0,15900,1001000,143000,22737000,0,0,0,22737000,,,0,0,1208700,0,0,0,14.7,14.9,14.6,14.7,0,0,0
"2026/01/14","2026/01/16","4202","ダイセル","東証およびＰＴＳ",,"確報",400,100,10600,600,0,10600,0,586400,146600,15539600,879600,0,15539600,0,,,0,0,169950,0,0,165000,4.6,7.2,2.5,3.8,23.2,3.3,5.8
"2026/01/14","2026/01/16","4203","住友ベークライト","東証およびＰＴＳ",,"確報",0,200,1000,0,1000,5700,-4700,0,1062800,5314000,0,5314000,30289800,-24975800,,,0,0,38400,0,0,214400,6.8,2.4,2.5,2.5,48.4,10.9,17.8
"2026/01/14","2026/01/16","4204","積水化学工業","東証およびＰＴＳ",,"確報",1500,1400,154700,0,0,0,154700,4215000,3934000,434707000,0,0,0,434707000,,,0,0,4947200,0,0,0,27.2,41.5,23.9,30.4,1,1,1
"2026/01/14","2026/01/16","4205","日本ゼオン","東証およびＰＴＳ",,"確報",1300,0,12600,1500,0,8000,4600,2488850,0,24122700,2871750,0,15316000,8806700,,,0,0,344650,0,0,198250,3.4,3.5,2.8,3.1,10.8,2.6,4.2
"2026/01/14","2026/01/16","4206","アイカ工業","東証およびＰＴＳ",,"確報",400,200,18400,0,0,0,18400,1436000,718000,66056000,0,0,0,66056000,,,0,0,746200,0,0,0,152.8,152.8,152.8,152.8,0,0,0
"2026/01/14","2026/01/16","4208","ＵＢＥ","東証およびＰＴＳ",,"確報",2200,200,26700,2100,400,3900,22800,5915800,537800,71796300,5646900,1075600,10487100,61309200,,,0,0,802750,0,0,71500,9.5,14.8,26.6,19,1.9,2.7,2.2
"2026/01/14","2026/01/16","4212","積水樹脂","東証およびＰＴＳ",,"確報",0,600,5400,400,2300,5900,-500,0,1291200,11620800,860800,4949600,12696800,-1076000,,,0,0,60000,0,0,78000,6.4,4.2,4,4.1,46.7,7.1,12.4
"2026/01/14","2026/01/16","4216","旭有機材","東証およびＰＴＳ",,"確報",0,300,2200,900,500,41200,-39000,0,1620000,11880000,4860000,2700000,222480000,-210600000,,,0,0,200000,0,0,3264000,26.6,13.5,9.6,11.3,47.3,21,29.1
"2026/01/14","2026/01/16","4218","ニチバン","東証およびＰＴＳ",,"確報",100,200,900,0,200,21400,-20500,197900,395800,1781100,0,395800,42350600,-40569500,,,0,0,6000,0,0,129600,93.1,23,23,23,133.9,89.3,107.1
"2026/01/14","2026/01/16","421A","ムービン","東証およびＰＴＳ",,"確報",0,1600,6200,0,0,0,6200,0,4384000,16988000,0,0,0,16988000,,,0,0,0,413400,0,0,30,45,22.5,30,0,0,0
"2026/01/14","2026/01/16","4220","リケンテクノス","東証およびＰＴＳ",,"確報",200,0,10400,0,0,0,10400,318200,0,16546400,0,0,0,16546400,,,0,0,214200,0,0,0,22,27,18.6,22,0,0,0
"2026/01/14","2026/01/16","4221","大倉工業","東証およびＰＴＳ",,"確報",0,200,6400,0,200,5100,1300,0,965000,30880000,0,965000,24607500,6272500,,,0,0,33000,0,0,26500,22.1,27.8,27.8,27.8,14.4,20.9,17
"2026/01/14","2026/01/16","4222","児玉化学工業","東証およびＰＴＳ",,"確報",4300,1700,77200,0,0,0,77200,3513100,1388900,63072400,0,0,0,63072400,,,0,0,2312600,0,0,0,26.5,19.7,40.3,26.5,0,0,0
"2026/01/14","2026/01/16","4224","ロンシール工業","東証およびＰＴＳ",,"確報",100,200,3300,0,0,0,3300,198800,397600,6560400,0,0,0,6560400,,,0,0,102000,0,0,0,10,7.2,16.5,10,0,0,0
"2026/01/14","2026/01/16","4228","積水化成品工業","東証およびＰＴＳ",,"確報",100,0,14500,0,100,3500,11000,41700,0,6046500,0,41700,1459500,4587000,,,0,0,28800,0,0,7200,27.9,151.8,34.5,56.2,0,5,10.1
"2026/01/14","2026/01/16","4229","群栄化学工業","東証およびＰＴＳ",,"確報",200,0,201800,0,100,9100,192700,796000,0,803164000,0,398000,36218000,766946000,,,0,0,0,0,0,0,640.8,2021,1010.5,1347.3,156,31.2,52
"2026/01/14","2026/01/16","4231","タイガースポリマー","東証およびＰＴＳ",,"確報",0,100,4300,0,100,1000,3300,0,101900,4381700,0,101900,1019000,3362700,,,0,0,39600,0,0,9900,53.6,70.7,212,106,28,14,18.7
"2026/01/14","2026/01/16","4234","サンエー化研","東証およびＰＴＳ",,"確報",100,100,12600,0,0,0,12600,83000,83000,10458000,0,0,0,10458000,,,0,0,163800,0,0,0,42.6,53.3,35.5,42.6,0,0,0
"2026/01/14","2026/01/16","4235","ＵＦＨＤ","東証およびＰＴＳ",,"確報",0,100,5100,0,0,0,5100,0,72600,3702600,0,0,0,3702600,,,0,0,57200,0,0,0,133,0,66.5,133,0,0,0
"2026/01/14","2026/01/16","4237","フジプレアム","東証およびＰＴＳ",,"確報",9500,7700,95300,1800,0,95300,0,3116000,2525600,31258400,590400,0,31258400,0,,,0,0,374000,0,0,374000,29.6,16.6,19.6,18,60.4,141,84.6
"2026/01/14","2026/01/16","4238","ミライアル","東証およびＰＴＳ",,"確報",200,0,16500,0,0,0,16500,276600,0,22819500,0,0,0,22819500,,,0,0,407500,0,0,0,107.9,53.9,0,107.9,0,0,0
"2026/01/14","2026/01/16","423A","ライオン事務器","東証およびＰＴＳ",,"確報",200,100,8800,0,0,0,8800,72600,36300,3194400,0,0,0,3194400,,,0,0,0,52200,0,0,19.6,32.1,14.1,19.6,0,0,0
"2026/01/14","2026/01/16","4240","クラスターＴ","東証およびＰＴＳ",,"確報",100,0,22300,0,0,0,22300,34300,0,7648900,0,0,0,7648900,,,0,0,88800,0,0,0,90.6,589,49.1,90.6,0,0,0
"2026/01/14","2026/01/16","4241","アテクト","東証およびＰＴＳ",,"確報",4400,0,40400,0,0,0,40400,2252800,0,20684800,0,0,0,20684800,,,0,0,0,252000,0,0,30,32.4,28,30,0,0,0
"2026/01/14","2026/01/16","4242","タカギセイコー","東証およびＰＴＳ",,"確報",400,0,9500,0,0,300,9200,680400,0,16159500,0,0,510300,15649200,,,0,0,27300,0,0,900,118.5,91.8,153,114.8,0,0,0
"2026/01/14","2026/01/16","4243","ニックス","東証およびＰＴＳ",,"確報",0,0,500,0,0,0,500,0,0,414500,0,0,0,414500,,,0,0,2000,0,0,0,0,0,0,0,0,0,0
"2026/01/14","2026/01/16","4245","ダイキアクシス","東証およびＰＴＳ",,"確報",200,0,6200,300,100,6200,0,136000,0,4216000,204000,68000,4216000,0,,,0,0,18000,0,0,18000,36.2,163,27.2,46.6,54.3,20.4,29.6
"2026/01/14","2026/01/16","4246","ダイキョーニシカワ","東証およびＰＴＳ",,"確報",1000,300,12100,111200,9000,874600,-862500,844000,253200,10212400,93852800,7596000,738162400,-727950000,,,0,0,193800,0,0,13130800,5.8,7.6,3.5,4.8,3,118.4,5.8
"2026/01/14","2026/01/16","4247","ポバール興業","東証およびＰＴＳ",,"確報",0,0,400,0,0,0,400,0,0,538000,0,0,0,538000,,,0,0,0,0,0,0,0,0,0,0,0,0,0
"2026/01/14","2026/01/16","4248","竹本容器","東証およびＰＴＳ",,"確報",0,0,3900,0,0,800,3100,0,0,3326700,0,0,682400,2644300,,,0,0,0,7800,1600,0,96.4,0,50.3,100.5,40,0,80
"2026/01/14","2026/01/16","4249","森六","東証およびＰＴＳ",,"確報",700,700,2400,0,0,2400,0,1764000,1764000,6048000,0,0,6048000,0,,,0,0,19200,0,0,19200,10.2,13.6,5.3,7.6,122,8.1,15.3
"2026/01/14","2026/01/16","424A","ＧＸゴールドＨ","東証およびＰＴＳ",,"確報",0,1000,0,0,0,0,0,0,364900,0,0,0,0,0,,,0,0,3700,0,0,0,7.2,0,3.6,7.2,0,0,0
"2026/01/14","2026/01/16","4251","恵和","東証およびＰＴＳ",,"確報",100,100,8800,0,0,2700,6100,134000,134000,11792000,0,0,3618000,8174000,,,0,0,299200,0,0,91800,15.3,29.6,69,41.4,32.5,2.8,5.1
"2026/01/14","2026/01/16","4255","ＴＨＥＣＯＯ","東証およびＰＴＳ",,"確報",0,0,1400,0,0,0,1400,0,0,3057600,0,0,0,3057600,,,0,0,0,23800,0,0,17.1,10,60,17.1,0,0,0
"2026/01/14","2026/01/16","4256","サインド","東証およびＰＴＳ",,"確報",100,100,1900,0,0,0,1900,148000,148000,2812000,0,0,0,2812000,,,0,0,0,13300,0,0,29,21.8,43.5,29,0,0,0
"2026/01/14","2026/01/16","4258","網屋","東証およびＰＴＳ",,"確報",1100,2200,24200,100,1200,24200,0,3454000,6908000,75988000,314000,3768000,75988000,0,,,0,0,0,4680500,4680500,0,34.1,24,29.2,26.4,40.9,58.4,48.1
"2026/01/14","2026/01/16","4259","エクサウィザーズ","東証およびＰＴＳ",,"確報",9700,1000,121900,0,0,0,121900,5781200,596000,72652400,0,0,0,72652400,,,0,0,0,2603600,0,0,37.8,26.7,64.6,37.8,0,0,0
"2026/01/14","2026/01/16","425A","ＧＸゴールド","東証およびＰＴＳ",,"確報",1260,1000,11090,0,0,0,11090,498330,395500,4386095,0,0,0,4386095,,,0,0,54150,0,0,0,20.7,13.2,48.6,20.7,0,0,0
"2026/01/14","2026/01/16","4260","ハイブリッドテク","東証およびＰＴＳ",,"確報",0,2500,1100,0,0,0,1100,0,710000,312400,0,0,0,312400,,,0,0,0,21600,0,0,5.7,6.4,5.2,5.7,0,0,0
"2026/01/14","2026/01/16","4261","アジアクエスト","東証およびＰＴＳ",,"確報",0,0,3800,0,0,0,3800,0,0,16283000,0,0,0,16283000,,,0,0,76000,0,0,0,188,94,0,188,0,0,0
"2026/01/14","2026/01/16","4262","ニフティライフ","東証およびＰＴＳ",,"確報",0,100,1600,0,0,100,1500,0,140300,2244800,0,0,140300,2104500,,,0,0,0,6800,400,0,20.5,26.3,39.5,31.6,1.5,3,2
"2026/01/14","2026/01/16","4263","サスメド","東証およびＰＴＳ",,"確報",2000,0,94600,2000,0,94600,0,1854000,0,87694200,1854000,0,87694200,0,,,0,0,0,2129800,2129800,0,5.7,3.2,3.2,3.2,51.5,66.3,58
"2026/01/14","2026/01/16","4264","セキュア","東証およびＰＴＳ",,"確報",0,0,6300,0,0,0,6300,0,0,9324000,0,0,0,9324000,,,0,0,189000,0,0,0,32,24.6,45.7,32,0,0,0
"2026/01/14","2026/01/16","4265","ＩＧＳ","東証およびＰＴＳ",,"確報",0,1500,12000,0,0,0,12000,0,463500,3708000,0,0,0,3708000,,,0,0,0,13500,0,0,36.8,40.3,33.9,36.8,0,0,0
"2026/01/14","2026/01/16","426A","ＳＰ５００ＥＷＨ無","東証およびＰＴＳ",,"確報",0,0,0,0,0,0,0,0,0,0,0,0,0,0,,,0,0,0,0,0,0,0,0,0,0,0,0,0
"2026/01/14","2026/01/16","4270","ＢｅｅＸ","東証およびＰＴＳ",,"確報",100,0,900,0,0,0,900,250000,0,2250000,0,0,0,2250000,,,0,0,9600,0,0,0,16.8,21,14,16.8,0,0,0
"2026/01/14","2026/01/16","4272","日本化薬","東証およびＰＴＳ",,"確報",1000,0,5600,200,0,200,5400,1752000,0,9811200,350400,0,350400,9460800,,,0,0,110400,0,0,0,7.7,5.4,0,10.8,4.3,2.4,3.1
"2026/01/14","2026/01/16","4274","細谷火工","東証およびＰＴＳ",,"確報",0,200,6000,0,0,0,6000,0,214600,6438000,0,0,0,6438000,,,0,0,62000,0,0,0,8.3,8.5,8.1,8.3,0,0,0
"2026/01/14","2026/01/16","4275","カーリット","東証およびＰＴＳ",,"確報",5600,0,75300,6900,1300,75300,0,12185600,0,163852800,15014400,2828800,163852800,0,,,0,0,6691200,0,0,6691200,40.2,23.9,58.6,34,30.6,125.6,49.2
"2026/01/14","2026/01/16","4284","ソルクシーズ","東証およびＰＴＳ",,"確報",0,5500,22200,0,0,0,22200,0,2849000,11499600,0,0,0,11499600,,,0,0,83100,0,0,0,11.5,9.8,13.9,11.5,0,0,0
"2026/01/14","2026/01/16","4286","ＣＬホールディングス","東証およびＰＴＳ",,"確報",300,0,3300,500,200,3300,0,320400,0,3524400,534000,213600,3524400,0,,,0,0,0,12000,12000,0,26.5,31.8,53,39.8,17.7,22.7,19.9
"2026/01/14","2026/01/16","4287","ジャストプランニング","東証およびＰＴＳ",,"確報",0,0,4500,0,0,0,4500,0,0,2254500,0,0,0,2254500,,,0,0,0,0,0,0,148,74,0,148,0,0,0
"2026/01/14","2026/01/16","4288","アズジェント","東証およびＰＴＳ",,"確報",400,200,25800,5300,300,19400,6400,297600,148800,19195200,3943200,223200,14433600,4761600,,,0,0,1177600,0,0,662400,3.2,2.5,2.6,2.5,9.1,6.7,7.7
"2026/01/14","2026/01/16","428A","サイプレスＨＤ","東証およびＰＴＳ",,"確報",400,600,3200,0,0,0,3200,326400,489600,2611200,0,0,0,2611200,,,0,0,0,78200,0,0,9.5,12.1,7.9,9.5,0,0,0
"2026/01/14","2026/01/16","4290","プレステージＩＮ","東証およびＰＴＳ",,"確報",0,200,80100,100,0,4300,75800,0,150200,60155100,75100,0,3229300,56925800,,,0,0,0,80300,4200,0,38.8,287.2,22.6,41.8,14.9,16,15.4
"2026/01/14","2026/01/16","4293","セプテーニＨＤ","東証およびＰＴＳ",,"確報",16900,30800,136000,3400,19000,31100,104900,7757100,14137200,62424000,1560600,8721000,14274900,48149100,,,0,0,0,7045300,2194900,0,13.8,26.9,20.2,23.1,12.9,4.2,6.3
"2026/01/14","2026/01/16","4299","ハイマックス","東証およびＰＴＳ",,"確報",0,0,2800,0,0,0,2800,0,0,3749200,0,0,0,3749200,,,0,0,70000,0,0,0,0,0,0,0,0,0,0
"2026/01/14","2026/01/16","429A","テクセンド","東証およびＰＴＳ",,"確報",6000,1800,136100,0,0,0,136100,18180000,5454000,412383000,0,0,0,412383000,,,0,0,0,11211500,0,0,56.1,37,116.1,56.1,0,0,0
"2026/01/14","2026/01/16","4301","アミューズ","東証およびＰＴＳ",,"確報",0,9300,16600,2500,0,30900,-14300,0,19278900,34411800,5182500,0,64055700,-29643900,,,0,0,1191400,0,0,1306400,18.1,14.8,7.7,10.1,28.2,172.5,48.4
"2026/01/14","2026/01/16","4307","野村総合研究所","東証およびＰＴＳ",,"確報",8100,1400,13400,1400,1800,1800,11600,49725900,8594600,82262600,8594600,11050200,11050200,71212400,,,0,0,0,455600,149600,0,4.5,3.9,12.9,6,1.9,1.8,1.9
"2026/01/14","2026/01/16","4308","Ｊストリーム","東証およびＰＴＳ",,"確報",0,600,3000,0,0,0,3000,0,225600,1128000,0,0,0,1128000,,,0,0,0,14400,0,0,50,0,25,50,0,0,0
"2026/01/14","2026/01/16","4310","ドリームインキュベタ","東証およびＰＴＳ",,"確報",0,300,13800,300,100,102300,-88500,0,770400,35438400,770400,256800,262706400,-227268000,,,0,0,0,169200,1225200,0,129.2,23.5,17.6,20.1,730.1,393.2,511.1
"2026/01/14","2026/01/16","4316","ビーマップ","東証およびＰＴＳ",,"確報",0,600,36000,0,0,0,36000,0,587400,35244000,0,0,0,35244000,,,0,0,0,1683600,0,0,50.1,42.4,61.4,50.1,0,0,0
"2026/01/14","2026/01/16","4317","レイ","東証およびＰＴＳ",,"確報",700,2200,18400,0,0,0,18400,490000,1540000,12880000,0,0,0,12880000,,,0,0,815900,0,0,0,32.3,35.9,29.3,32.3,0,0,0
"2026/01/14","2026/01/16","4318","クイック","東証およびＰＴＳ",,"確報",2800,0,41500,2900,100,41500,0,2620800,0,38844000,2714400,93600,38844000,0,,,0,0,116100,0,0,116100,20.6,23.2,17.7,20.1,24.8,18.6,21.2
"2026/01/14","2026/01/16","431A","ユーソナー","東証およびＰＴＳ",,"確報",0,1400,29700,0,0,0,29700,0,3297000,69943500,0,0,0,69943500,,,0,0,0,964100,0,0,30.1,59.7,20.2,30.1,0,0,0
"2026/01/14","2026/01/16","4320","ＣＥホールディングス","東証およびＰＴＳ",,"確報",0,600,75100,0,0,0,75100,0,640800,80206800,0,0,0,80206800,,,0,0,832700,0,0,0,944.3,3777,539.6,944.3,0,0,0
"2026/01/14","2026/01/16","4323","日本システム技術","東証およびＰＴＳ",,"確報",400,1000,14600,2500,0,34300,-19700,963200,2408000,35156800,6020000,0,82594400,-47437600,,,0,0,0,258400,540600,0,28.8,10.1,25.4,14.4,46,47.3,46.7
"2026/01/14","2026/01/16","4324","電通グループ","東証およびＰＴＳ",,"確報",79200,600,84900,32400,49000,51300,33600,248846400,1885200,266755800,101800800,153958000,161184600,105571200,,,0,0,0,2520000,27160000,0,3.9,1.4,31,2.6,5.2,4.5,4.8
"2026/01/14","2026/01/16","4326","インテージＨＤ","東証およびＰＴＳ",,"確報",7200,2900,14400,3000,0,31800,-17400,12492000,5031500,24984000,5205000,0,55173000,-30189000,,,0,0,0,242400,691200,0,11.5,2.6,8.6,3.9,37.4,17.2,23.5
"2026/01/14","2026/01/16","4331","Ｔ＆Ｇニーズ","東証およびＰＴＳ",,"確報",0,200,11400,0,0,0,11400,0,161400,9199800,0,0,0,9199800,,,0,0,69600,0,0,0,73.4,97.8,58.7,73.4,0,0,0
"2026/01/14","2026/01/16","4333","東邦システムサイエン","東証およびＰＴＳ",,"確報",0,0,400,0,0,0,400,0,0,474800,0,0,0,474800,,,0,0,2800,0,0,0,24,0,12,24,0,0,0
"2026/01/14","2026/01/16","4334","ユークス","東証およびＰＴＳ",,"確報",0,100,2700,0,0,0,2700,0,41300,1115100,0,0,0,1115100,,,0,0,0,14000,0,0,46.3,69.5,34.8,46.3,0,0,0
"2026/01/14","2026/01/16","4335","ＩＰＳＨＤ","東証およびＰＴＳ",,"確報",0,100,2100,0,0,0,2100,0,121100,2543100,0,0,0,2543100,,,0,0,6600,0,0,0,109,109,109,109,0,0,0
"2026/01/14","2026/01/16","4337","ぴあ","東証およびＰＴＳ",,"確報",0,100,7100,500,100,6500,600,0,269700,19148700,1348500,269700,17530500,1618200,,,0,0,122400,0,0,103700,95.1,119.7,359,179.5,51.2,76.8,61.4
"2026/01/14","2026/01/16","4341","西菱電機","東証およびＰＴＳ",,"確報",0,0,400,0,0,0,400,0,0,325600,0,0,0,325600,,,0,0,2400,0,0,0,14,0,7,14,0,0,0
"2026/01/14","2026/01/16","4343","イオンファンタジー","東証およびＰＴＳ",,"確報",1100,1900,22600,2200,0,25900,-3300,3311000,5719000,68026000,6622000,0,77959000,-9933000,,,0,0,725400,0,0,734700,26.5,31.8,18.2,23.2,57.1,20.8,30.5
"2026/01/14","2026/01/16","4344","ソースネクスト","東証およびＰＴＳ",,"確報",3100,700,689400,3400,1000,689400,0,449500,101500,99963000,493000,145000,99963000,0,,,0,0,687000,0,0,687000,11.3,5.8,5.9,5.8,148.2,382,213.5
"2026/01/14","2026/01/16","4345","シーティーエス","東証およびＰＴＳ",,"確報",100,700,3700,1400,0,24100,-20400,107500,752500,3977500,1505000,0,25907500,-21930000,,,0,0,43000,0,0,227000,14.4,5.2,2.3,3.2,22.6,40,28.9
"2026/01/14","2026/01/16","4346","ＮＥＸＹＺ．Ｇ","東証およびＰＴＳ",,"確報",100,0,11000,200,0,1900,9100,81200,0,8932000,162400,0,1542800,7389200,,,0,0,32700,0,0,5100,93.3,561,112.2,187,18.4,30.7,23
"2026/01/14","2026/01/16","4347","ブロードメディア","東証およびＰＴＳ",,"確報",0,500,135800,0,0,900,134900,0,1008500,273908600,0,0,1815300,272093300,,,0,0,0,1635600,10800,0,134.6,72,935.6,133.7,0,0,0
"2026/01/14","2026/01/16","4350","メディカルシステム","東証およびＰＴＳ",,"確報",0,0,16500,0,0,0,16500,0,0,8662500,0,0,0,8662500,,,0,0,247500,0,0,0,0,0,0,0,0,0,0
"2026/01/14","2026/01/16","4351","山田債権","東証およびＰＴＳ",,"確報",100,0,200,0,0,0,200,84600,0,169200,0,0,0,169200,,,0,0,100,0,0,0,12,6,0,12,0,0,0
"2026/01/14","2026/01/16","4356","応用技術","東証およびＰＴＳ",,"確報",400,0,1300,0,0,0,1300,742400,0,2412800,0,0,0,2412800,,,0,0,0,24300,0,0,15.7,7.8,0,15.7,0,0,0
"2026/01/14","2026/01/16","435A","ｉＦ日本配当ローテ","東証およびＰＴＳ",,"確報",5010,0,17876,0,0,0,17876,11598150,0,41382940,0,0,0,41382940,,,0,0,450310,0,0,0,6.8,7.7,6.1,6.8,0,0,0
"2026/01/14","2026/01/16","4360","マナック・ケミカルＰ","東証およびＰＴＳ",,"確報",0,100,4100,0,0,0,4100,0,72800,2984800,0,0,0,2984800,,,0,0,88200,0,0,0,16.3,9.8,48.8,16.3,0,0,0
"2026/01/14","2026/01/16","4361","川口化学工業","東証およびＰＴＳ",,"確報",100,100,4600,0,0,0,4600,148000,148000,6808000,0,0,0,6808000,,,0,0,82800,0,0,0,152.7,114.5,229,152.7,0,0,0
"2026/01/14","2026/01/16","4362","日本精化","東証およびＰＴＳ",,"確報",0,100,5400,0,100,5400,0,0,292000,15768000,0,292000,15768000,0,,,0,0,225500,0,0,225500,24.6,20.8,19.4,20.1,33.9,30.1,31.9
"2026/01/14","2026/01/16","4365","松本油脂製薬","東証およびＰＴＳ",,"確報",0,0,100,0,0,0,100,0,0,2030000,0,0,0,2030000,,,0,0,49000,0,0,0,2,2,2,2,0,0,0
"2026/01/14","2026/01/16","4366","ダイトーケミックス","東証およびＰＴＳ",,"確報",300,100,25500,0,0,0,25500,105900,35300,9001500,0,0,0,9001500,,,0,0,126500,0,0,0,16.8,17.2,16.4,16.8,0,0,0
"2026/01/14","2026/01/16","4367","広栄化学","東証およびＰＴＳ",,"確報",200,0,2300,200,0,2300,0,448200,0,5154300,448200,0,5154300,0,,,0,0,54600,0,0,54600,10.6,77,5.9,11,51.3,5.7,10.3
"2026/01/14","2026/01/16","4368","扶桑化学工業","東証およびＰＴＳ",,"確報",1000,0,4700,0,0,2600,2100,6730000,0,31631000,0,0,17498000,14133000,,,0,0,259000,0,0,182000,17.9,17.6,17.6,17.6,27.6,13.8,18.4
"2026/01/14","2026/01/16","4369","トリケミカル研究所","東証およびＰＴＳ",,"確報",2700,5000,43200,600,3400,800,42400,8343000,15450000,133488000,1854000,10506000,2472000,131016000,,,0,0,0,5915000,468000,0,15.9,32.5,15.4,20.9,1.4,1.8,1.6
"2026/01/14","2026/01/16","436A","サイバーＳＯＬ","東証およびＰＴＳ",,"確報",0,400,17100,0,0,0,17100,0,524400,22418100,0,0,0,22418100,,,0,0,0,752500,0,0,72.6,908,37.8,72.6,0,0,0
"2026/01/14","2026/01/16","4370","モビルス","東証およびＰＴＳ",,"確報",100,0,4300,0,0,0,4300,38700,0,1664100,0,0,0,1664100,,,0,0,0,8400,0,0,80.8,40.4,0,80.8,0,0,0
"2026/01/14","2026/01/16","4371","ＣＣＴ","東証およびＰＴＳ",,"確報",0,2800,104500,2600,0,30200,74300,0,3824800,142747000,3551600,0,41253200,101493800,,,0,0,965700,0,0,248400,52.8,222.9,34.2,59.3,19.6,270,36.5
"2026/01/14","2026/01/16","4372","ユミルリンク","東証およびＰＴＳ",,"確報",0,0,7100,0,0,0,7100,0,0,10124600,0,0,0,10124600,,,0,0,35500,0,0,0,704,352,0,704,0,0,0
"2026/01/14","2026/01/16","4373","シンプレクスＨＤ","東証およびＰＴＳ",,"確報",1000,0,40500,1200,200,10600,29900,1018000,0,41229000,1221600,203600,10790800,30438200,,,0,0,0,513500,124800,0,22.3,28,30,29,10.3,12.7,11.4
"2026/01/14","2026/01/16","4374","ロボペイ","東証およびＰＴＳ",,"確報",0,100,2400,0,0,0,2400,0,268800,6451200,0,0,0,6451200,,,0,0,0,87500,0,0,63.5,127,42.3,63.5,0,0,0
"2026/01/14","2026/01/16","4375","セーフィー","東証およびＰＴＳ",,"確報",2700,0,99500,2800,100,99500,0,2416500,0,89052500,2506000,89500,89052500,0,,,0,0,193600,0,0,193600,15,8.2,8,8.1,119.8,94.5,105.6
"2026/01/14","2026/01/16","4376","くふうカンパニー","東証およびＰＴＳ",,"確報",0,600,7700,0,0,0,7700,0,98400,1262800,0,0,0,1262800,,,0,0,0,16600,0,0,21,19.5,22.7,21,0,0,0
"2026/01/14","2026/01/16","4377","ワンキャリア","東証およびＰＴＳ",,"確報",100,700,5100,0,0,0,5100,258000,1806000,13158000,0,0,0,13158000,,,0,0,17100,0,0,0,19,23.4,16.1,19,0,0,0
"2026/01/14","2026/01/16","4378","ＣＩＮＣ","東証およびＰＴＳ",,"確報",0,200,400,0,0,0,400,0,101000,202000,0,0,0,202000,,,0,0,1800,0,0,0,13,13,13,13,0,0,0
"2026/01/14","2026/01/16","4379","Ｐｈｏｔｏｓｙｎｔｈ","東証およびＰＴＳ",,"確報",0,0,5900,0,0,0,5900,0,0,2596000,0,0,0,2596000,,,0,0,0,0,0,0,116,72.5,290,116,0,0,0
"2026/01/14","2026/01/16","4380","Ｍマート","東証およびＰＴＳ",,"確報",0,0,1100,0,0,0,1100,0,0,1428900,0,0,0,1428900,,,0,0,0,15400,0,0,56,56,56,56,0,0,0
"2026/01/14","2026/01/16","4381","ビープラッツ","東証およびＰＴＳ",,"確報",0,0,1200,0,0,0,1200,0,0,644400,0,0,0,644400,,,0,0,7200,0,0,0,42,63,31.5,42,0,0,0
"2026/01/14","2026/01/16","4382","ＨＥＲＯＺ","東証およびＰＴＳ",,"確報",100,1200,117400,0,600,146500,-29100,86100,1033200,101081400,0,516600,126136500,-25055100,,,0,0,0,118500,147100,0,142.3,108.5,80.6,92.5,740.4,151.1,251
"2026/01/14","2026/01/16","4384","ラクスル","東証およびＰＴＳ",,"確報",1100,600,6900,500,0,6900,0,2052600,1119600,12875400,933000,0,12875400,0,,,0,0,0,115200,115200,0,11.4,5.7,6.3,6,65,0,130
"2026/01/14","2026/01/16","4385","メルカリ","東証およびＰＴＳ",,"確報",2000,900,787800,5000,13400,787600,200,6412000,2885400,2525686800,16030000,42960400,2525045600,641200,,,0,0,0,26747800,27064000,0,13.8,2034.1,4.9,9.7,36.7,31,33.6
"2026/01/14","2026/01/16","4386","ＳＩＧグループ","東証およびＰＴＳ",,"確報",0,0,4600,0,0,100,4500,0,0,4383800,0,0,95300,4288500,,,0,0,27600,0,0,600,55.3,0,27.1,54.2,0,0,0
"2026/01/14","2026/01/16","4387","ＺＵＵ","東証およびＰＴＳ",,"確報",0,0,5700,0,0,0,5700,0,0,3813300,0,0,0,3813300,,,0,0,62700,0,0,0,0,0,0,0,0,0,0
"2026/01/14","2026/01/16","4388","エーアイ","東証およびＰＴＳ",,"確報",100,500,10300,400,0,10300,0,44300,221500,4562900,177200,0,4562900,0,,,0,0,42800,0,0,39600,56.3,109.6,39.1,57.7,37.9,98.6,54.8
"2026/01/14","2026/01/16","4389","プロパティＤＢＫ","東証およびＰＴＳ",,"確報",0,0,1600,0,0,0,1600,0,0,1464000,0,0,0,1464000,,,0,0,0,4800,0,0,16.2,9.1,73,16.2,0,0,0
"2026/01/14","2026/01/16","438A","インフキュリオン","東証およびＰＴＳ",,"確報",1700,200,25100,0,0,0,25100,2356200,277200,34788600,0,0,0,34788600,,,0,0,0,2265600,0,0,32.7,24.5,49.1,32.7,0,0,0
"2026/01/14","2026/01/16","4390","ｉｐｓ","東証およびＰＴＳ",,"確報",1400,700,18700,700,0,18700,0,4298000,2149000,57409000,2149000,0,57409000,0,,,0,0,0,630000,630000,0,44.3,32.1,27.4,29.6,116.4,71.6,88.7
"2026/01/14","2026/01/16","4391","ロジザード","東証およびＰＴＳ",,"確報",0,0,1200,0,0,0,1200,0,0,1359600,0,0,0,1359600,,,0,0,20400,0,0,0,24,72,14.4,24,0,0,0
"2026/01/14","2026/01/16","4392","ＦＩＧ","東証およびＰＴＳ",,"確報",2400,300,46700,900,0,21800,24900,722400,90300,14056700,270900,0,6561800,7494900,,,0,0,133800,0,0,62700,6.9,4.7,16.2,7.3,12.3,4.1,6.1
"2026/01/14","2026/01/16","4393","バンクオブイノベ","東証およびＰＴＳ",,"確報",1000,1000,42700,0,0,42700,0,6400000,6400000,273280000,0,0,273280000,0,,,0,0,854000,0,0,854000,39.2,19.8,19.8,19.8,2137,2137,2137
"2026/01/14","2026/01/16","4394","エクスモーション","東証およびＰＴＳ",,"確報",0,0,700,0,0,0,700,0,0,549500,0,0,0,549500,,,0,0,0,0,0,0,15.7,47,9.4,15.7,0,0,0
"2026/01/14","2026/01/16","4395","アクリート","東証およびＰＴＳ",,"確報",1900,4800,34000,0,0,0,34000,2078600,5251200,37196000,0,0,0,37196000,,,0,0,0,2546100,0,0,16.4,14.1,19.5,16.4,0,0,0
"2026/01/14","2026/01/16","4396","システムサポートＨＤ","東証およびＰＴＳ",,"確報",3600,0,17200,3600,0,17200,0,5497200,0,26264400,5497200,0,26264400,0,,,0,0,0,0,0,0,11.1,10.4,10.5,10.5,11.6,11.8,11.7
"2026/01/14","2026/01/16","4397","チームスピリット","東証およびＰＴＳ",,"確報",0,900,12500,0,0,0,12500,0,468000,6500000,0,0,0,6500000,,,0,0,107200,0,0,0,39.8,48.3,33.8,39.8,0,0,0
"2026/01/14","2026/01/16","4398","ＢＢＳｅｃ","東証およびＰＴＳ",,"確報",0,0,3000,0,0,0,3000,0,0,4440000,0,0,0,4440000,,,0,0,0,30000,0,0,20.1,20.1,20.1,20.1,0,0,0
"2026/01/14","2026/01/16","4401","ＡＤＥＫＡ","東証およびＰＴＳ",,"確報",0,200,7600,100,0,7500,100,0,862200,32763600,431100,0,32332500,431100,,,0,0,631800,0,0,599400,8.2,5.4,5.9,5.6,14.4,24,18
"2026/01/14","2026/01/16","4403","日油","東証およびＰＴＳ",,"確報",1000,1000,10300,0,0,10300,0,3042000,3042000,31332600,0,0,31332600,0,,,0,0,0,226600,226600,0,4.6,2.9,2.7,2.8,36.3,16.4,22.6
"2026/01/14","2026/01/16","4404","ミヨシ油脂","東証およびＰＴＳ",,"確報",900,0,486600,200,1700,55600,431000,2223000,0,1201902000,494000,4199000,137332000,1064570000,,,0,0,10199700,0,0,1199100,224.2,166.2,1088,288.4,61,101.7,76.3
"2026/01/14","2026/01/16","4406","新日本理化","東証およびＰＴＳ",,"確報",5600,8400,48500,0,2800,48500,0,1349600,2024400,11688500,0,674800,11688500,0,,,0,0,307800,0,0,307800,30.4,20,24.3,21.9,40.6,63.5,49.5
"2026/01/14","2026/01/16","4409","東邦化学工業","東証およびＰＴＳ",,"確報",0,0,300,0,0,0,300,0,0,220500,0,0,0,220500,,,0,0,0,600,0,0,0,0,0,0,0,0,0
"2026/01/14","2026/01/16","4410","ハリマ化成グループ","東証およびＰＴＳ",,"確報",300,0,4600,300,0,4600,0,280200,0,4296400,280200,0,4296400,0,,,0,0,0,8600,8600,0,22.7,28.4,25.2,26.7,20.6,18.9,19.7
"2026/01/14","2026/01/16","4412","サイエンスアーツ","東証およびＰＴＳ",,"確報",0,1500,5200,0,0,0,5200,0,3424500,11871600,0,0,0,11871600,,,0,0,0,26800,0,0,6.7,8.1,5.7,6.7,0,0,0
"2026/01/14","2026/01/16","4413","ボードルア","東証およびＰＴＳ",,"確報",800,1300,18700,0,0,0,18700,1828000,2970500,42729500,0,0,0,42729500,,,0,0,0,691200,0,0,20.8,14,40.7,20.8,0,0,0
"2026/01/14","2026/01/16","4414","フレクト","東証およびＰＴＳ",,"確報",0,100,4400,0,0,0,4400,0,177100,7792400,0,0,0,7792400,,,0,0,0,153000,0,0,63.7,223,37.2,63.7,0,0,0
"2026/01/14","2026/01/16","4415","ブロードエンター","東証およびＰＴＳ",,"確報",0,0,1800,0,0,0,1800,0,0,1819800,0,0,0,1819800,,,0,0,0,27000,0,0,34,21.3,85,34,0,0,0
"2026/01/14","2026/01/16","4416","ＴｒｕｅＤａｔａ","東証およびＰＴＳ",,"確報",0,0,4700,0,0,0,4700,0,0,3332300,0,0,0,3332300,,,0,0,0,9400,0,0,66,38.5,231,66,0,0,0
"2026/01/14","2026/01/16","4417","グローバルセキュ","東証およびＰＴＳ",,"確報",0,1000,28300,0,0,0,28300,0,3460000,97918000,0,0,0,97918000,,,0,0,0,1172000,0,0,50,41.2,63.7,50,0,0,0
"2026/01/14","2026/01/16","4418","ＪＤＳＣ","東証およびＰＴＳ",,"確報",9200,3200,243800,4000,0,46600,197200,10285600,3577600,272568400,4472000,0,52098800,220469600,,,0,0,0,4993800,894600,0,72.3,72.4,76,74.2,32.6,1059,63.2
"2026/01/14","2026/01/16","4419","Ｆｉｎａｔｅｘｔ","東証およびＰＴＳ",,"確報",200,200,349900,0,0,0,349900,188200,188200,329255900,0,0,0,329255900,,,0,0,0,4548700,0,0,105.2,301.2,63.7,105.2,0,0,0
"2026/01/14","2026/01/16","441A","ＮＥ","東証およびＰＴＳ",,"確報",0,0,4100,0,0,0,4100,0,0,2747000,0,0,0,2747000,,,0,0,12300,0,0,0,15.1,37.8,9.5,15.1,0,0,0
"2026/01/14","2026/01/16","4420","イーソル","東証およびＰＴＳ",,"確報",0,3100,31900,0,3100,31900,0,0,1643000,16907000,0,1643000,16907000,0,,,0,0,175000,0,0,175000,28.7,33.3,21.4,26,43.9,25.3,32.1
"2026/01/14","2026/01/16","4421","ディ・アイ・システム","東証およびＰＴＳ",,"確報",0,0,1000,0,0,0,1000,0,0,974000,0,0,0,974000,,,0,0,0,1000,0,0,8.5,0,4.3,8.5,0,0,0
"2026/01/14","2026/01/16","4422","ＶＡＬＵＥＮＥＸ","東証およびＰＴＳ",,"確報",900,1100,3500,0,0,0,3500,1080000,1320000,4200000,0,0,0,4200000,,,0,0,0,584600,0,0,4.6,7.4,3.4,4.6,0,0,0
"2026/01/14","2026/01/16","4424","Ａｍａｚｉａ","東証およびＰＴＳ",,"確報",1600,900,85000,5500,0,117900,-32900,483200,271800,25670000,1661000,0,35605800,-9935800,,,0,0,0,0,0,0,12.4,7.7,30.1,12.2,6.4,292.7,12.6
"2026/01/14","2026/01/16","4425","Ｋｕｄａｎ","東証およびＰＴＳ",,"確報",5800,10400,67200,5100,0,173000,-105800,8154800,14622400,94483200,7170600,0,243238000,-148754800,,,0,0,1292400,0,0,3022200,24.4,27.1,5.8,9.6,67,145.6,91.8
"2026/01/14","2026/01/16","4427","ＥｄｕＬａｂ","東証およびＰＴＳ",,"確報",0,0,12500,0,0,0,12500,0,0,3187500,0,0,0,3187500,,,0,0,12500,0,0,0,68.1,0,34.1,68.1,0,0,0
"2026/01/14","2026/01/16","4428","シノプス","東証およびＰＴＳ",,"確報",0,100,8500,0,0,200,8300,0,78500,6672500,0,0,157000,6515500,,,0,0,34400,0,0,800,69.7,0,49,98,4,12,6
"2026/01/14","2026/01/16","4429","リックソフト","東証およびＰＴＳ",,"確報",300,300,2000,0,0,2000,0,292200,292200,1948000,0,0,1948000,0,,,0,0,0,72000,72000,0,28.6,14.3,20,16.7,50,0,100
"2026/01/14","2026/01/16","442A","クラシコ","東証およびＰＴＳ",,"確報",0,100,4400,0,0,0,4400,0,205000,9020000,0,0,0,9020000,,,0,0,0,261000,0,0,39.8,27.4,73,39.8,0,0,0
"2026/01/14","2026/01/16","4430","東海ソフト","東証およびＰＴＳ",,"確報",1300,0,11700,0,0,0,11700,2522000,0,22698000,0,0,0,22698000,,,0,0,156000,0,0,0,8.4,9.2,7.7,8.4,0,0,0
"2026/01/14","2026/01/16","4431","スマレジ","東証およびＰＴＳ",,"確報",1000,0,32600,1300,11300,91000,-58400,3035000,0,98941000,3945500,34295500,276185000,-177244000,,,0,0,0,1264000,4040000,0,20.1,14.4,24.2,18.1,24.7,18.3,21
"2026/01/14","2026/01/16","4432","ウイングアーク１ｓｔ","東証およびＰＴＳ",,"確報",1300,0,18500,300,600,4400,14100,4576000,0,65120000,1056000,2112000,15488000,49632000,,,0,0,0,2494000,681500,0,12.4,7.9,109.1,14.7,62.5,4.3,8.1
"2026/01/14","2026/01/16","4433","ヒトコムＨＤ","東証およびＰＴＳ",,"確報",600,0,2200,0,0,0,2200,632400,0,2318800,0,0,0,2318800,,,0,0,6400,0,0,0,17.8,12.7,29.7,17.8,0,0,0
"2026/01/14","2026/01/16","4434","サーバーワークス","東証およびＰＴＳ",,"確報",500,800,26000,0,300,26000,0,974500,1559200,50674000,0,584700,50674000,0,,,0,0,105200,0,0,105200,77.4,57.2,59.8,58.5,109.7,119.6,114.4
"2026/01/14","2026/01/16","4436","ミンカブ","東証およびＰＴＳ",,"確報",0,6000,89400,5600,60000,119700,-30300,0,2802000,41749800,2615200,28020000,55899900,-14150100,,,0,0,0,286200,522300,0,30,64.8,38.2,48,131.6,13.6,24.6
"2026/01/14","2026/01/16","4437","ＧＤＨ","東証およびＰＴＳ",,"確報",0,0,3500,0,0,0,3500,0,0,2331000,0,0,0,2331000,,,0,0,0,14000,0,0,58.3,35,175,58.3,0,0,0
"2026/01/14","2026/01/16","4438","Ｗｅｌｂｙ","東証およびＰＴＳ",,"確報",0,0,11700,0,0,0,11700,0,0,3463200,0,0,0,3463200,,,0,0,0,0,0,0,71.3,38,570,71.3,0,0,0
"2026/01/14","2026/01/16","4439","東名","東証およびＰＴＳ",,"確報",100,800,3800,100,1600,3800,0,108200,865600,4111600,108200,1731200,4111600,0,,,0,0,0,18000,21200,0,12.9,17.5,12.7,14.7,13.1,10.3,11.5
"2026/01/14","2026/01/16","443A","ｉＦＪリート２","東証およびＰＴＳ",,"確報",0,0,0,0,0,0,0,0,0,0,0,0,0,0,,,0,0,0,0,0,0,0,0,0,0,0,0,0
"2026/01/14","2026/01/16","4440","ヴィッツ","東証およびＰＴＳ",,"確報",4300,100,26000,0,0,0,26000,6518800,151600,39416000,0,0,0,39416000,,,0,0,0,1024600,0,0,6.2,3.6,22.5,6.2,0,2.3,4.7
"2026/01/14","2026/01/16","4441","トビラシステムズ","東証およびＰＴＳ",,"確報",0,0,1900,0,0,0,1900,0,0,2418700,0,0,0,2418700,,,0,0,0,70300,0,0,39.6,99,24.8,39.6,0,0,0
"2026/01/14","2026/01/16","4442","バルテスＨＤ","東証およびＰＴＳ",,"確報",2000,2000,10300,100,100,10300,0,868000,868000,4470200,43400,43400,4470200,0,,,0,0,0,30900,30900,0,37.8,22.2,22.2,22.2,127.5,127.5,127.5
"2026/01/14","2026/01/16","4443","Ｓａｎｓａｎ","東証およびＰＴＳ",,"確報",34900,22500,48100,0,19500,41900,6200,58736700,37867500,80952300,0,32818500,70517700,10434600,,,0,0,0,3712800,6385600,0,4.7,2.2,3.2,2.6,21.5,5.1,8.2
"2026/01/14","2026/01/16","4444","インフォネット","東証およびＰＴＳ",,"確報",0,0,200,0,0,0,200,0,0,185000,0,0,0,185000,,,0,0,3000,0,0,0,11,11,11,11,0,0,0
"2026/01/14","2026/01/16","4445","リビンＴ","東証およびＰＴＳ",,"確報",0,0,200,0,0,0,200,0,0,708000,0,0,0,708000,,,0,0,0,3000,0,0,11,11,11,11,0,0,0
"2026/01/14","2026/01/16","4446","Ｌｉｎｋ－Ｕグループ","東証およびＰＴＳ",,"確報",7900,7300,137500,500,1800,114800,22700,9037600,8351200,157300000,572000,2059200,131331200,25968800,,,0,0,0,11773400,9984600,0,44.7,29.6,32.8,31.1,66.9,151.4,92.8
"2026/01/14","2026/01/16","4447","ピー・ビーシステムズ","東証およびＰＴＳ",,"確報",100,0,3400,0,0,0,3400,49900,0,1696600,0,0,0,1696600,,,0,0,0,6600,0,0,56,166,0,332,1,0.7,0.8
"2026/01/14","2026/01/16","4448","ｋｕｂｅｌｌ","東証およびＰＴＳ",,"確報",6400,3100,107500,3500,200,107500,0,2675200,1295800,44935000,1463000,83600,44935000,0,,,0,0,833600,0,0,833600,10.3,5.6,5.4,5.5,113.1,57.8,76.5
"2026/01/14","2026/01/16","4449","ギフティ","東証およびＰＴＳ",,"確報",2100,4900,100700,0,0,3100,97600,2709000,6321000,129903000,0,0,3999000,125904000,,,0,0,0,1656000,49600,0,71.5,58.3,87,69.8,0,158,316
"2026/01/14","2026/01/16","4450","ＰＳＯＬ","東証およびＰＴＳ",,"確報",100,0,500,0,0,0,500,220000,0,1100000,0,0,0,1100000,,,0,0,0,0,0,0,15,30,10,15,0,0,0
"2026/01/14","2026/01/16","4452","花王","東証およびＰＴＳ",,"確報",0,2300,23300,0,0,3600,19700,0,14372700,145601700,0,0,22496400,123105300,,,0,0,0,153600,21600,0,29.6,91.1,19.8,32.5,14.3,23.3,17.7
"2026/01/14","2026/01/16","4461","第一工業製薬","東証およびＰＴＳ",,"確報",3500,1000,17800,2500,0,17800,0,31710000,9060000,161268000,22650000,0,161268000,0,,,0,0,4743000,0,0,4743000,2.3,1.5,1.5,1.5,12.4,15.2,13.7
"2026/01/14","2026/01/16","4462","石原ケミカル","東証およびＰＴＳ",,"確報",1300,1800,4400,100,0,5000,-600,3052400,4226400,10331200,234800,0,11740000,-1408800,,,0,0,127400,0,0,127400,5.7,3,2.8,2.9,62.3,49.8,55.3
"2026/01/14","2026/01/16","4463","日華化学","東証およびＰＴＳ",,"確報",0,600,1800,0,0,0,1800,0,935400,2806200,0,0,0,2806200,,,0,0,43200,0,0,0,19,38,12.7,19,0,0,0
"2026/01/14","2026/01/16","4464","ソフト９９","東証およびＰＴＳ",,"確報",0,0,29900,0,0,0,29900,0,0,119301000,0,0,0,119301000,,,0,0,0,598000,0,0,0,0,0,0,0,0,0
"2026/01/14","2026/01/16","4465","ニイタカ","東証およびＰＴＳ",,"確報",900,200,7600,700,0,7600,0,2262600,502800,19106400,1759800,0,19106400,0,,,0,0,310500,0,0,310500,32.9,30.2,30.2,30.2,36.2,36.2,36.2
"2026/01/14","2026/01/16","446A","ノースサンド","東証およびＰＴＳ",,"確報",800,3400,32900,0,0,0,32900,1329600,5650800,54679800,0,0,0,54679800,,,0,0,0,5112000,0,0,28.2,39,22,28.2,0,0,0
"2026/01/14","2026/01/16","4471","三洋化成工業","東証およびＰＴＳ",,"確報",3100,900,10800,100,3000,11200,-400,16275000,4725000,56700000,525000,15750000,58800000,-2100000,,,0,0,0,688000,1128000,0,9.1,8.7,5.3,6.6,23.6,9.8,13.8
"2026/01/14","2026/01/16","4475","ＨＥＮＮＧＥ","東証およびＰＴＳ",,"確報",0,6700,116100,2400,100,34700,81400,0,8643000,149769000,3096000,129000,44763000,105006000,,,0,0,0,4052400,1069200,0,31.9,68.8,19.7,30.7,32.3,45.7,37.8
"2026/01/14","2026/01/16","4476","ＡＩ　ＣＲＯＳＳ","東証およびＰＴＳ",,"確報",0,700,2200,0,0,0,2200,0,1137500,3575000,0,0,0,3575000,,,0,0,0,92800,0,0,10.3,8.6,12.9,10.3,0,0,0
"2026/01/14","2026/01/16","4477","ＢＡＳＥ","東証およびＰＴＳ",,"確報",1800,100,459300,4700,0,52200,407100,586800,32600,149731800,1532200,0,17017200,132714600,,,0,0,0,915200,95000,0,113.7,131.4,836.9,227.1,13.2,33.7,19
"2026/01/14","2026/01/16","4478","フリー","東証およびＰＴＳ",,"確報",600,0,30700,2200,100,10800,19900,1833000,0,93788500,6721000,305500,32994000,60794500,,,0,0,0,903000,261000,0,33,85.1,31.9,46.4,21.4,15.7,18.1
"2026/01/14","2026/01/16","4479","マクアケ","東証およびＰＴＳ",,"確報",0,1100,21000,0,0,0,21000,0,929500,17745000,0,0,0,17745000,,,0,0,198900,0,0,0,58.1,47.5,74.6,58.1,0,0,0
"2026/01/14","2026/01/16","447A","ＳＳゴールドヘッジ無","東証およびＰＴＳ",,"確報",0,20,30,0,0,0,30,0,5890,8835,0,0,0,8835,,,0,0,185,0,0,0,2.3,7.3,1.4,2.3,0,0,0
"2026/01/14","2026/01/16","4480","メドレー","東証およびＰＴＳ",,"確報",0,8800,45900,1400,0,618800,-572900,0,22167200,115622100,3526600,0,1558757200,-1443135100,,,0,0,3446100,0,0,38896200,131,25.7,9.7,14.1,772.4,996.6,870.3
"2026/01/14","2026/01/16","4481","ベース","東証およびＰＴＳ",,"確報",0,800,14600,100,0,1800,12800,0,2668000,48691000,333500,0,6003000,42688000,,,0,0,539000,0,0,59500,27.1,820,12.8,25.2,89,89,89
"2026/01/14","2026/01/16","4482","ウィルズ","東証およびＰＴＳ",,"確報",0,0,4700,0,0,2900,1800,0,0,3478000,0,0,2146000,1332000,,,0,0,0,56400,34800,0,24.4,0,117.5,235,3.6,82,6.8
"2026/01/14","2026/01/16","4483","ＪＭＤＣ","東証およびＰＴＳ",,"確報",700,900,37200,0,200,37200,0,2663500,3424500,141546000,0,761000,141546000,0,,,0,0,0,748000,748000,0,7.2,3.7,3.7,3.7,267.3,170.1,207.9
"2026/01/14","2026/01/16","4484","ランサーズ","東証およびＰＴＳ",,"確報",0,1000,1300,0,0,0,1300,0,312000,405600,0,0,0,405600,,,0,0,0,6900,0,0,6,6.9,5.3,6,0,0,0
"2026/01/14","2026/01/16","4486","ユナイトアンドグロウ","東証およびＰＴＳ",,"確報",0,0,5600,0,100,0,5600,0,0,3964800,0,70800,0,3964800,,,0,0,0,11200,200,0,138.5,138,0,276,1,1,1
"2026/01/14","2026/01/16","4487","スペースマーケット","東証およびＰＴＳ",,"確報",0,0,2300,0,0,0,2300,0,0,710700,0,0,0,710700,,,0,0,0,0,0,0,18.8,20.3,17.4,18.8,0,0,0
"2026/01/14","2026/01/16","4488","ＡＩ　ｉｎｓｉｄｅ","東証およびＰＴＳ",,"確報",0,400,6800,0,0,0,6800,0,1104400,18774800,0,0,0,18774800,,,0,0,0,172800,0,0,102,178.5,71.4,102,0,0,0
"2026/01/14","2026/01/16","448A","ＳＳゴールドヘッジ有","東証およびＰＴＳ",,"確報",0,0,0,0,0,0,0,0,0,0,0,0,0,0,,,0,0,0,0,0,0,0,0,0,0,0,0,0
"2026/01/14","2026/01/16","4490","ビザスク","東証およびＰＴＳ",,"確報",0,600,6100,0,0,0,6100,0,309600,3147600,0,0,0,3147600,,,0,0,140700,0,0,0,35.4,37.3,33.6,35.4,0,0,0
"2026/01/14","2026/01/16","4491","Ｃマネージメント","東証およびＰＴＳ",,"確報",0,0,100,0,0,0,100,0,0,298000,0,0,0,298000,,,0,0,0,15500,0,0,2.5,5,1.7,2.5,0,0,0
"2026/01/14","2026/01/16","4492","ゼネテック","東証およびＰＴＳ",,"確報",0,0,6300,0,0,0,6300,0,0,3030300,0,0,0,3030300,,,0,0,0,12600,0,0,315,0,157.5,315,0,0,0
"2026/01/14","2026/01/16","4493","サイバーセキュリ","東証およびＰＴＳ",,"確報",0,1000,50400,0,0,0,50400,0,1880000,94752000,0,0,0,94752000,,,0,0,0,1028000,0,0,43.5,31.1,72.5,43.5,0,0,0
"2026/01/14","2026/01/16","4494","バリオセキュア","東証およびＰＴＳ",,"確報",0,0,2500,0,0,0,2500,0,0,1950000,0,0,0,1950000,,,0,0,0,10000,0,0,246,123,0,246,0,0,0
"2026/01/14","2026/01/16","4495","アイキューブド","東証およびＰＴＳ",,"確報",0,0,1900,0,0,0,1900,0,0,5418800,0,0,0,5418800,,,0,0,0,5700,0,0,62,46.5,93,62,0,0,0
"2026/01/14","2026/01/16","4496","コマースワン","東証およびＰＴＳ",,"確報",0,0,400,0,0,0,400,0,0,317200,0,0,0,317200,,,0,0,0,0,0,0,22,22,22,22,0,0,0
"2026/01/14","2026/01/16","4498","サイバートラスト","東証およびＰＴＳ",,"確報",100,300,13300,300,0,11600,1700,133100,399300,17702300,399300,0,15439600,2262700,,,0,0,0,135000,113000,0,6.5,4.4,4,4.2,155,15.1,27.6
"2026/01/14","2026/01/16","4499","Ｓｐｅｅｅ","東証およびＰＴＳ",,"確報",200,1500,182900,100,600,278900,-96000,533400,4000500,487794300,266700,1600200,743826300,-256032000,,,0,0,17499000,0,0,26543000,82.1,41.2,30.3,34.9,1163.9,931.1,1034.6
"2026/01/14","2026/01/16","449A","ＳＳＳＰヘッジ無","東証およびＰＴＳ",,"確報",0,0,0,0,0,0,0,0,0,0,0,0,0,0,,,0,0,0,0,0,0,0,0,0,0,0,0,0
"2026/01/14","2026/01/16","4502","武田薬品工業","東証およびＰＴＳ",,"確報",400,32000,3400,69100,2800,92600,-89200,2060000,164800000,17510000,355865000,14420000,476890000,-459380000,,,0,0,4550000,0,0,3419000,2.9,2.3,1.7,1.9,3.5,3,3.2
"2026/01/14","2026/01/16","4503","アステラス製薬","東証およびＰＴＳ",,"確報",11600,800,56400,13500,300,56400,0,26854000,1852000,130566000,31252500,694500,130566000,0,,,0,0,2599200,0,0,2462400,4.6,7.2,7.4,7.3,2.9,3.7,3.2
"2026/01/14","2026/01/16","4506","住友ファーマ","東証およびＰＴＳ",,"確報",0,73100,248200,0,900,6700,241500,0,210454900,714567800,0,2591100,19289300,695278500,,,0,0,17189550,0,0,406600,8.4,9.1,8.8,8.9,2.5,4,3.1
"2026/01/14","2026/01/16","4507","塩野義製薬","東証およびＰＴＳ",,"確報",7000,700,79700,4200,200,115200,-35500,20594000,2059400,234477400,12356400,588400,338918400,-104441000,,,0,0,3413100,0,0,5170800,19.4,16.2,12.4,14,18.1,46.3,26
"2026/01/14","2026/01/16","450A","ＳＳＳＰヘッジ有","東証およびＰＴＳ",,"確報",0,0,0,0,0,0,0,0,0,0,0,0,0,0,,,0,0,0,0,0,0,0,0,0,0,0,0,0
"2026/01/14","2026/01/16","4512","わかもと製薬","東証およびＰＴＳ",,"確報",0,3800,34200,0,200,22900,11300,0,1174200,10567800,0,61800,7076100,3491700,,,0,0,152000,0,0,92400,35.5,202.9,15.7,29.2,405.3,29.7,55.3
"2026/01/14","2026/01/16","4516","日本新薬","東証およびＰＴＳ",,"確報",0,500,8400,200,1100,9400,-1000,0,2821500,47401200,1128600,6207300,53044200,-5643000,,,0,0,0,364900,422300,0,4.7,10.2,5.7,7.3,7.5,2.5,3.8
"2026/01/14","2026/01/16","4519","中外製薬","東証およびＰＴＳ",,"確報",0,2900,29700,0,0,500,29200,0,24731200,253281600,0,0,4264000,249017600,,,0,0,2966600,0,0,45500,19.8,49.3,12.6,20.1,5,0,10
"2026/01/14","2026/01/16","451A","ＳＳＳＰ高配当","東証およびＰＴＳ",,"確報",0,0,10,0,0,0,10,0,0,2705,0,0,0,2705,,,0,0,5,0,0,0,2.3,2.2,2.4,2.3,0,0,0
"2026/01/14","2026/01/16","4521","科研製薬","東証およびＰＴＳ",,"確報",2000,2700,18500,0,200,7400,11100,8240000,11124000,76220000,0,824000,30488000,45732000,,,0,0,768000,0,0,304000,18.7,25.9,11.9,16.3,42.6,23.9,30.6
"2026/01/14","2026/01/16","4523","エーザイ","東証およびＰＴＳ",,"確報",100,4400,27700,0,0,0,27700,468100,20596400,129663700,0,0,0,129663700,,,0,0,0,1184000,0,0,17.3,21.3,19.9,20.6,1,1,1
"2026/01/14","2026/01/16","4524","森下仁丹","東証およびＰＴＳ",,"確報",0,0,200,0,0,0,200,0,0,446000,0,0,0,446000,,,0,0,1400,0,0,0,6.6,11.5,4.6,6.6,0,0,0
"2026/01/14","2026/01/16","4526","理研ビタミン","東証およびＰＴＳ",,"確報",0,0,1200,300,100,400,800,0,0,3654000,913500,304500,1218000,2436000,,,0,0,42000,0,0,7000,7.8,8.3,13.2,10.2,4,4,4
"2026/01/14","2026/01/16","4527","ロート製薬","東証およびＰＴＳ",,"確報",300,800,10100,0,200,5500,4600,776400,2070400,26138800,0,517600,14234000,11904800,,,0,0,0,10600,5700,0,5.6,3.9,4.3,4.1,306,8.7,17
"2026/01/14","2026/01/16","4528","小野薬品工業","東証およびＰＴＳ",,"確報",400,5400,15600,400,1400,11200,4400,913800,12336300,35638200,913800,3198300,25586400,10051800,,,0,0,473800,0,0,280600,6.6,8,6.8,7.4,3.8,10.6,5.6
"2026/01/14","2026/01/16","452A","ｉＳＳＰカバコ","東証およびＰＴＳ",,"確報",0,0,510,0,0,0,510,0,0,422688,0,0,0,422688,,,0,0,1377,0,0,0,25.5,12.8,0,25.5,0,0,0
"2026/01/14","2026/01/16","4530","久光製薬","東証およびＰＴＳ",,"確報",100,300,4000,200,400,4000,0,645400,1936200,25816000,1290800,2581600,25816000,0,,,0,0,357000,0,0,357000,1.4,1.4,1.2,1.3,6.4,1.5,2.4
"2026/01/14","2026/01/16","4531","有機合成薬品工業","東証およびＰＴＳ",,"確報",20000,900,36100,200,0,4700,31400,7160000,322200,12923800,71600,0,1682600,11241200,,,0,0,119000,0,0,31500,7.1,4.6,15.2,7,3.9,0,7.7
"2026/01/14","2026/01/16","4534","持田製薬","東証およびＰＴＳ",,"確報",0,200,6000,200,0,3800,2200,0,733000,21990000,733000,0,13927000,8063000,,,0,0,217000,0,0,126000,9.2,27.5,9.2,13.7,25.7,3.3,5.9
"2026/01/14","2026/01/16","4536","参天製薬","東証およびＰＴＳ",,"確報",700,200,8000,1100,600,8000,0,1217650,347900,13916000,1913450,1043700,13916000,0,,,0,0,180000,0,0,180000,11.6,9.7,10.8,10.2,12.6,14.5,13.5
"2026/01/14","2026/01/16","4538","扶桑薬品工業","東証およびＰＴＳ",,"確報",0,200,2400,0,100,2200,200,0,477000,5724000,0,238500,5247000,477000,,,0,0,52000,0,0,46000,23.7,15.6,17.9,16.7,56,37.3,44.8
"2026/01/14","2026/01/16","4539","日本ケミファ","東証およびＰＴＳ",,"確報",0,0,1600,0,0,0,1600,0,0,2617600,0,0,0,2617600,,,0,0,0,6400,0,0,81,81,81,81,0,0,0
"2026/01/14","2026/01/16","453A","ｉＳ米債カバコ","東証およびＰＴＳ",,"確報",0,0,10,0,0,0,10,0,0,8190,0,0,0,8190,,,0,0,55,0,0,0,0,0,0,0,0,0,0
"2026/01/14","2026/01/16","4540","ツムラ","東証およびＰＴＳ",,"確報",0,0,8100,300,0,2800,5300,0,0,33858000,1254000,0,11704000,22154000,,,0,0,0,129600,40000,0,11.1,60.9,30.4,40.6,3.6,4.1,3.8
"2026/01/14","2026/01/16","4543","テルモ","東証およびＰＴＳ",,"確報",200,3600,63300,0,0,500,62800,455600,8200800,144197400,0,0,1139000,143058400,,,0,0,533600,0,0,4000,16,16.9,30.2,21.7,0,0.3,0.6
"2026/01/14","2026/01/16","4544","ＨＵグループＨＤ","東証およびＰＴＳ",,"確報",1900,100,9700,0,0,20300,-10600,6615800,348200,33775400,0,0,70684600,-36909200,,,0,0,0,94800,243600,0,13.3,8.2,44.9,13.8,6.8,170.8,13
"2026/01/14","2026/01/16","4547","キッセイ薬品工業","東証およびＰＴＳ",,"確報",700,100,2200,100,900,7700,-5500,3307500,472500,10395000,472500,4252500,36382500,-25987500,,,0,0,0,64000,340000,0,9.7,5.4,10.1,7,6.4,34,10.8
"2026/01/14","2026/01/16","4548","生化学工業","東証およびＰＴＳ",,"確報",0,100,79300,2400,0,65100,14200,0,72200,57254600,1732800,0,47002200,10252400,,,0,0,317600,0,0,250800,50.2,135.2,435.8,206.4,49.3,17.7,26.1
"2026/01/14","2026/01/16","4549","栄研化学","東証およびＰＴＳ",,"確報",700,300,36600,400,0,36600,0,1715000,735000,89670000,980000,0,89670000,0,,,0,0,0,543000,543000,0,14.8,8.3,10.1,9.1,47.8,33.4,39.3
"2026/01/14","2026/01/16","4552","ＪＣＲファーマ","東証およびＰＴＳ",,"確報",11200,9000,79400,2200,0,79400,0,7873600,6327000,55818200,1546600,0,55818200,0,,,0,0,540400,0,0,540400,22.2,13.6,13.5,13.6,62.9,59.2,61
"2026/01/14","2026/01/16","4553","東和薬品","東証およびＰＴＳ",,"確報",100,700,5300,0,600,5300,0,362000,2534000,19186000,0,2172000,19186000,0,,,0,0,0,206500,206500,0,10.4,33.4,6,10.1,41.8,6.2,10.8
"2026/01/14","2026/01/16","4554","富士製薬工業","東証およびＰＴＳ",,"確報",3500,1700,27600,1800,0,27600,0,6664000,3236800,52550400,3427200,0,52550400,0,,,0,0,0,25800,25800,0,23.7,26.1,15.5,19.4,50.3,21.7,30.3
"2026/01/14","2026/01/16","4556","カイノス","東証およびＰＴＳ",,"確報",0,200,800,0,0,0,800,0,268400,1073600,0,0,0,1073600,,,0,0,0,12000,0,0,5,7.3,3.8,5,0,0,0
"2026/01/14","2026/01/16","4558","中京医薬品","東証およびＰＴＳ",,"確報",700,0,26000,0,0,0,26000,141400,0,5252000,0,0,0,5252000,,,0,0,0,0,0,0,53,74.8,41,53,0,0,0
"2026/01/14","2026/01/16","4559","ゼリア新薬工業","東証およびＰＴＳ",,"確報",0,0,700,0,0,0,700,0,0,1461600,0,0,0,1461600,,,0,0,0,3500,0,0,2.6,12.7,3.2,5.1,3.7,0.6,1
"2026/01/14","2026/01/16","4563","アンジェス","東証およびＰＴＳ",,"確報",93500,0,7738700,0,0,0,7738700,5797000,0,479799400,0,0,0,479799400,,,0,0,0,0,0,0,131.2,72.4,696.4,131.2,0,0,0
"2026/01/14","2026/01/16","4564","オンコセラピサイエン","東証およびＰＴＳ",,"確報",144800,42900,3491100,100,1400,100,3491000,3185600,943800,76804200,2200,30800,2200,76802000,,,0,0,0,3389200,1400,0,33.9,65,50.2,56.7,1.1,1,1.1
"2026/01/14","2026/01/16","4565","ネクセラファーマ","東証およびＰＴＳ",,"確報",15700,0,162800,0,3900,24700,138100,12528600,0,129914400,0,3112200,19710600,110203800,,,0,0,0,8237600,1601600,0,33.3,36.8,167.7,60.4,7.4,15.3,10
"2026/01/14","2026/01/16","4568","第一三共","東証およびＰＴＳ",,"確報",72200,300,266000,0,0,800,265200,244758000,1017000,901740000,0,0,2712000,899028000,,,0,0,0,29115000,120000,0,13.6,14,18.5,15.9,1.5,1.5,1.5
"2026/01/14","2026/01/16","4569","杏林製薬","東証およびＰＴＳ",,"確報",1000,0,16000,1000,0,16000,0,1630000,0,26080000,1630000,0,26080000,0,,,0,0,135000,0,0,135000,17.5,17.3,15.2,16.2,10.9,83.1,19.3
"2026/01/14","2026/01/16","456A","ＨＵＭＡＮ　ＭＡＤＥ","東証およびＰＴＳ",,"確報",800,600,14400,0,0,0,14400,3480000,2610000,62640000,0,0,0,62640000,,,0,0,0,2059000,0,0,17.5,29.2,12.5,17.5,0,0,0
"2026/01/14","2026/01/16","4570","免疫生物研究所","東証およびＰＴＳ",,"確報",3300,4000,90800,0,0,0,90800,5610000,6800000,154360000,0,0,0,154360000,,,0,0,0,2287500,0,0,28,36.8,22.6,28,0,0,0
"2026/01/14","2026/01/16","4571","ＮＡＮＯ","東証およびＰＴＳ",,"確報",0,10000,143900,0,0,0,143900,0,1430000,20577700,0,0,0,20577700,,,0,0,0,153900,0,0,21.8,23.9,20,21.8,0,0,0
"2026/01/14","2026/01/16","4572","カルナバイオサイエ","東証およびＰＴＳ",,"確報",600,6300,60200,0,0,0,60200,229200,2406600,22996400,0,0,0,22996400,,,0,0,0,2372400,0,0,9,5.6,21.9,9,0,0,0
"2026/01/14","2026/01/16","4574","大幸薬品","東証およびＰＴＳ",,"確報",400,142700,33700,17800,0,300600,-266900,120800,43095400,10177400,5375600,0,90781200,-80603800,,,0,0,704000,0,0,1131200,11,5.7,3.4,4.2,53.8,29.9,38.4
"2026/01/14","2026/01/16","4575","キャンバス","東証およびＰＴＳ",,"確報",900,300,129900,0,0,0,129900,778500,259500,112363500,0,0,0,112363500,,,0,0,3103200,0,0,0,159.5,111.4,280.8,159.5,0,0,0
"2026/01/14","2026/01/16","4576","デウエスタンセラピテ","東証およびＰＴＳ",,"確報",2500,2200,386000,0,0,0,386000,252500,222200,38986000,0,0,0,38986000,,,0,0,0,771400,0,0,64.1,71.1,58.4,64.1,0,0,0
"2026/01/14","2026/01/16","4577","ダイト","東証およびＰＴＳ",,"確報",800,2300,7000,1700,200,10000,-3000,1080000,3105000,9450000,2295000,270000,13500000,-4050000,,,0,0,0,119000,119000,0,12.6,10,12.5,11.1,18.6,11.4,14.1
"2026/01/14","2026/01/16","4578","大塚ホールディングス","東証およびＰＴＳ",,"確報",600,300,8600,100,400,3300,5300,5494800,2747400,78758800,915800,3663200,30221400,48537400,,,0,0,0,307100,133200,0,6.1,16.9,4.9,7.6,3.3,5.2,4
"2026/01/14","2026/01/16","4579","ラクオリア創薬","東証およびＰＴＳ",,"確報",7500,7400,90100,0,0,0,90100,7627500,7525800,91631700,0,0,0,91631700,,,0,0,0,10530000,0,0,22.8,16.7,35.7,22.8,0,0,0
"2026/01/14","2026/01/16","4582","シンバイオ製薬","東証およびＰＴＳ",,"確報",28200,0,221600,0,0,0,221600,2509800,0,19722400,0,0,0,19722400,,,0,0,0,193400,0,0,27.8,36,22.6,27.8,0,0,0
"2026/01/14","2026/01/16","4583","カイオムバイオサイエ","東証およびＰＴＳ",,"確報",1900,10100,269900,0,0,0,269900,212800,1131200,30228800,0,0,0,30228800,,,0,0,0,834300,0,0,23.8,21.7,26.3,23.8,0,0,0
"2026/01/14","2026/01/16","4584","キッズウェル・バイオ","東証およびＰＴＳ",,"確報",2900,14700,196300,0,0,0,196300,690200,3498600,46719400,0,0,0,46719400,,,0,0,416200,0,0,0,25.5,29.6,22.4,25.5,0,0,0
"2026/01/14","2026/01/16","4586","メドレックス","東証およびＰＴＳ",,"確報",6000,2000,294600,0,0,0,294600,690000,230000,33879000,0,0,0,33879000,,,0,0,0,290600,0,0,82.8,53.3,185.4,82.8,0,0,0
"2026/01/14","2026/01/16","4587","ペプチドリーム","東証およびＰＴＳ",,"確報",0,4900,82400,0,0,3700,78700,0,8469650,142428400,0,0,6395450,136032950,,,0,0,0,2138850,90650,0,26.9,75.2,29,41.8,4,4,4
"2026/01/14","2026/01/16","4588","オンコリスバイオ","東証およびＰＴＳ",,"確報",1200,7100,183600,0,0,0,183600,1998000,11821500,305694000,0,0,0,305694000,,,0,0,19708000,0,0,0,23.9,55.1,15.3,23.9,0,0,0
"2026/01/14","2026/01/16","4591","リボミック","東証およびＰＴＳ",,"確報",0,10000,583700,0,0,0,583700,0,830000,48447100,0,0,0,48447100,,,0,0,0,593700,0,0,28.3,30.3,26.6,28.3,0,0,0
"2026/01/14","2026/01/16","4592","サンバイオ","東証およびＰＴＳ",,"確報",1500,14700,278500,0,0,0,278500,2611500,25592700,484868500,0,0,0,484868500,,,0,0,17210300,0,0,0,59.6,58.2,61,59.6,0,0,0
"2026/01/14","2026/01/16","4593","ヘリオス","東証およびＰＴＳ",,"確報",17000,21800,1311400,800,5600,1311400,0,5253000,6736200,405222600,247200,1730400,405222600,0,,,0,0,15794400,0,0,15794400,28.6,14.6,16.5,15.5,106.9,711,185.9
"2026/01/14","2026/01/16","4594","ブライトパス・バイオ","東証およびＰＴＳ",,"確報",0,5600,737200,0,0,0,737200,0,296800,39071600,0,0,0,39071600,,,0,0,0,0,0,0,103,191.3,70.4,103,0,0,0
"2026/01/14","2026/01/16","4595","ミズホメディー","東証およびＰＴＳ",,"確報",400,0,4800,0,0,0,4800,719200,0,8630400,0,0,0,8630400,,,0,0,35200,0,0,0,14.8,31.4,9.7,14.8,0,0,0
"2026/01/14","2026/01/16","4596","窪田製薬ＨＤ","東証およびＰＴＳ",,"確報",20100,2300,432100,0,0,0,432100,884400,101200,19012400,0,0,0,19012400,,,0,0,0,414300,0,0,74.5,51.7,133.6,74.5,0,0,0
"2026/01/14","2026/01/16","4597","ソレイジア・ファーマ","東証およびＰＴＳ",,"確報",148500,33300,1851500,1400,0,1006400,845100,4306500,965700,53693500,40600,0,29185600,24507900,,,0,0,0,0,0,0,50.5,22.9,53.2,32,3351,9999.9,6283.1
"2026/01/14","2026/01/16","4598","ＤＥＬＴＡ－Ｐ","東証およびＰＴＳ",,"確報",64900,400,140900,0,0,0,140900,17328300,106800,37620300,0,0,0,37620300,,,0,0,0,7945600,0,0,11.6,6.8,37.8,11.6,0,0,0
"2026/01/14","2026/01/16","4599","ステムリム","東証およびＰＴＳ",,"確報",0,0,18500,0,0,0,18500,0,0,5050500,0,0,0,5050500,,,0,0,0,55500,0,0,59.7,71.2,51.4,59.7,0,0,0
"2026/01/14","2026/01/16","459A","野村高利回りＪリート","東証およびＰＴＳ",,"確報",0,0,10,0,0,0,10,0,0,116950,0,0,0,116950,,,0,0,50,0,0,0,0,0,0,0,0,0,0
"2026/01/14","2026/01/16","460A","ＢＲＡＮＵ","東証およびＰＴＳ",,"確報",800,0,25500,0,0,0,25500,787200,0,25092000,0,0,0,25092000,,,0,0,0,1259700,0,0,49,70.7,37.4,49,0,0,0
"2026/01/14","2026/01/16","4611","大日本塗料","東証およびＰＴＳ",,"確報",0,0,7800,0,0,7800,0,0,0,10764000,0,0,10764000,0,,,0,0,109200,0,0,109200,2.9,2.3,1.3,1.7,418,12.7,24.6
"2026/01/14","2026/01/16","4612","日本ペイントＨＤ","東証およびＰＴＳ",,"確報",0,700,156500,500,9000,36700,119800,0,733600,164012000,524000,9432000,38461600,125550400,,,0,0,0,2436600,700600,0,58.9,253.3,133.1,174.5,22.2,15.4,18.2
"2026/01/14","2026/01/16","4613","関西ペイント","東証およびＰＴＳ",,"確報",100,100,5300,0,1000,100,5200,251950,251950,13353350,0,2519500,251950,13101400,,,0,0,47700,0,0,9900,15.2,93,21.5,34.9,1.8,1.4,1.6
"2026/01/14","2026/01/16","4615","神東塗料","東証およびＰＴＳ",,"確報",600,0,51200,0,0,0,51200,75000,0,6400000,0,0,0,6400000,,,0,0,0,50600,0,0,316.1,229.9,505.8,316.1,0,0,0
"2026/01/14","2026/01/16","4616","川上塗料","東証およびＰＴＳ",,"確報",0,100,400,0,0,0,400,0,203500,814000,0,0,0,814000,,,0,0,27000,0,0,0,16.7,25,12.5,16.7,0,0,0
"2026/01/14","2026/01/16","4617","中国塗料","東証およびＰＴＳ",,"確報",6400,1100,38700,0,500,3200,35500,30048000,5164500,181696500,0,2347500,15024000,166672500,,,0,0,4509000,0,0,499500,16.6,16,18.6,17.2,17.2,9.5,12.2
"2026/01/14","2026/01/16","4619","日本特殊塗料","東証およびＰＴＳ",,"確報",0,900,7600,0,0,1000,6600,0,2179800,18407200,0,0,2422000,15985200,,,0,0,178500,0,0,21000,24.4,56.6,20.6,30.2,3.5,0,7
"2026/01/14","2026/01/16","461A","ＭＸ日株高配ＳＭＡＲ","東証およびＰＴＳ",,"確報",45,0,75,0,0,0,75,104085,0,173475,0,0,0,173475,,,0,0,1410,0,0,0,3.6,2.6,5.7,3.6,0,0,0
"2026/01/14","2026/01/16","4620","藤倉化成","東証およびＰＴＳ",,"確報",1800,0,19400,300,0,12600,6800,1150200,0,12396600,191700,0,8051400,4345200,,,0,0,105600,0,0,73800,10.8,33,7.9,12.7,133.5,4.7,9.1
"2026/01/14","2026/01/16","4623","アサヒペン","東証およびＰＴＳ",,"確報",0,100,200,0,0,0,200,0,173500,347000,0,0,0,347000,,,0,0,1500,0,0,0,28,0,14,28,0,0,0
"2026/01/14","2026/01/16","4624","イサム塗料","東証およびＰＴＳ",,"確報",100,0,300,0,0,0,300,381000,0,1143000,0,0,0,1143000,,,0,0,0,4000,0,0,6.5,6.5,6.5,6.5,0,0,0
"2026/01/14","2026/01/16","4625","アトミクス","東証およびＰＴＳ",,"確報",0,0,8300,0,0,0,8300,0,0,6324600,0,0,0,6324600,,,0,0,0,58100,0,0,121.1,212,84.8,121.1,0,0,0
"2026/01/14","2026/01/16","4626","太陽ホールディングス","東証およびＰＴＳ",,"確報",5100,1200,25300,7100,3200,25300,0,24622800,5793600,122148400,34278800,15449600,122148400,0,,,0,0,599200,0,0,599200,8.8,8.2,11.4,9.5,5.3,18.1,8.1
"2026/01/14","2026/01/16","4627","ナトコ","東証およびＰＴＳ",,"確報",200,0,200,0,0,0,200,318200,0,318200,0,0,0,318200,,,0,0,0,0,0,0,2,1,0,2,0,0,0
"2026/01/14","2026/01/16","4628","エスケー化研","東証およびＰＴＳ",,"確報",0,100,200,0,0,0,200,0,1105000,2210000,0,0,0,2210000,,,0,0,0,0,0,0,11,11,11,11,0,0,0
"2026/01/14","2026/01/16","4629","大伸化学","東証およびＰＴＳ",,"確報",0,0,1800,0,0,0,1800,0,0,3063600,0,0,0,3063600,,,0,0,0,19800,0,0,92,92,92,92,0,0,0
"2026/01/14","2026/01/16","462A","ＦＵＮＤＩＮＮＯ","東証およびＰＴＳ",,"確報",0,3100,57400,0,0,0,57400,0,3131000,57974000,0,0,0,57974000,,,0,0,0,1452000,0,0,20,15.1,29.5,20,0,0,0
"2026/01/14","2026/01/16","4631","ＤＩＣ","東証およびＰＴＳ",,"確報",0,600,12300,0,0,100,12200,0,2241600,45952800,0,0,373600,45579200,,,0,0,774000,0,0,6000,5.7,34.6,9.3,14.7,2,0,0.1
"2026/01/14","2026/01/16","4633","サカタインクス","東証およびＰＴＳ",,"確報",0,1800,13200,0,0,0,13200,0,4343400,31851600,0,0,0,31851600,,,0,0,60000,0,0,0,5.6,3.9,11.7,5.8,3,0.9,1.4
"2026/01/14","2026/01/16","4634","ａｒｔｉｅｎｃｅ","東証およびＰＴＳ",,"確報",100,0,1400,200,0,3800,-2400,355500,0,4977000,711000,0,13509000,-8532000,,,0,0,13000,0,0,36000,3,1.9,1.8,1.8,37,2.9,5.4
"2026/01/14","2026/01/16","4635","東京インキ","東証およびＰＴＳ",,"確報",0,100,7700,0,0,0,7700,0,151500,11665500,0,0,0,11665500,,,0,0,0,93600,0,0,29.2,21.1,47.4,29.2,0,0,0
"2026/01/14","2026/01/16","463A","インテリックスＨＤ","東証およびＰＴＳ",,"確報",1400,0,6200,0,0,0,6200,1348200,0,5970600,0,0,0,5970600,,,0,0,0,235200,0,0,7.8,6.1,11.1,7.8,0,0,0
"2026/01/14","2026/01/16","4641","アルプス技研","東証およびＰＴＳ",,"確報",200,300,17400,0,0,2100,15300,542400,813600,47188800,0,0,5695200,41493600,,,0,0,0,122500,14700,0,46.6,23,218.3,41.6,0,0,0
"2026/01/14","2026/01/16","4642","オリジナル設計","東証およびＰＴＳ",,"確報",100,0,2800,0,0,0,2800,153200,0,4289600,0,0,0,4289600,,,0,0,24300,0,0,0,27,45,19.3,27,0,0,0
"2026/01/14","2026/01/16","4644","イマジニア","東証およびＰＴＳ",,"確報",100,300,1300,0,0,1300,0,108900,326700,1415700,0,0,1415700,0,,,0,0,9000,0,0,7800,30.7,73,9.1,16.2,0,0,0
"2026/01/14","2026/01/16","4645","市進ホールディングス","東証およびＰＴＳ",,"確報",0,0,1300,0,0,0,1300,0,0,595400,0,0,0,595400,,,0,0,0,1300,0,0,44.7,0,22.3,44.7,0,0,0
"2026/01/14","2026/01/16","464A","ＱＰＳＨＤ","東証およびＰＴＳ",,"確報",11800,11800,740100,0,0,740100,0,19717800,19717800,1236707100,0,0,1236707100,0,,,0,0,0,33304500,33304500,0,14,7,7,7,0,0,0
"2026/01/14","2026/01/16","4650","ＳＤエンター","東証およびＰＴＳ",,"確報",0,0,3300,0,0,0,3300,0,0,999900,0,0,0,999900,,,0,0,0,3300,0,0,0,0,0,0,0,0,0
"2026/01/14","2026/01/16","4651","サニックスＨＤ","東証およびＰＴＳ",,"確報",0,1300,68400,0,100,6300,62100,0,288600,15184800,0,22200,1398600,13786200,,,0,0,0,69700,6400,0,46.3,63.8,41.5,50.3,18.6,35.1,24.3
"2026/01/14","2026/01/16","4657","環境管理センター","東証およびＰＴＳ",,"確報",0,1500,2300,0,0,0,2300,0,660000,1012000,0,0,0,1012000,,,0,0,7600,0,0,0,4.8,9.7,3.2,4.8,0,0,0
"2026/01/14","2026/01/16","4658","日本空調サービス","東証およびＰＴＳ",,"確報",400,1200,62400,5200,0,18300,44100,547600,1642800,85425600,7118800,0,25052700,60372900,,,0,0,568800,0,0,117900,26.4,29.7,38.8,33.6,8.4,26.6,12.8
"2026/01/14","2026/01/16","4659","エイジス","東証およびＰＴＳ",,"確報",0,200,800,0,0,0,800,0,584800,2339200,0,0,0,2339200,,,0,0,0,0,0,0,22.5,22.5,22.5,22.5,0,0,0
"2026/01/14","2026/01/16","465A","ＧＸ日経株主還元","東証およびＰＴＳ",,"確報",30,0,1230,0,0,0,1230,34200,0,1402200,0,0,0,1402200,,,0,0,0,0,0,0,47.2,23.6,0,47.2,0,0,0
"2026/01/14","2026/01/16","4661","オリエンタルランド","東証およびＰＴＳ",,"確報",30600,1900,331900,200,0,27000,304900,88541100,5497650,960352650,578700,0,78124500,882228150,,,0,0,303200,0,0,26800,15.1,15.7,14.3,15,12.5,25.2,16.7
"2026/01/14","2026/01/16","4662","フォーカスシステムズ","東証およびＰＴＳ",,"確報",300,78100,24400,0,0,0,24400,556200,144797400,45237600,0,0,0,45237600,,,0,0,0,204400,0,0,9.3,132.1,4.8,9.3,0,0,0
"2026/01/14","2026/01/16","4664","アール・エス・シー","東証およびＰＴＳ",,"確報",300,2200,11200,0,0,0,11200,318600,2336400,11894400,0,0,0,11894400,,,0,0,0,379900,0,0,9.7,6.8,17.1,9.7,0,0,0
"2026/01/14","2026/01/16","4665","ダスキン","東証およびＰＴＳ",,"確報",500,100,3400,1900,0,23300,-19900,2170000,434000,14756000,8246000,0,101122000,-86366000,,,0,0,81000,0,0,577800,18.1,8.7,8.2,8.4,19.8,25.8,22.4
"2026/01/14","2026/01/16","4666","パーク二四","東証およびＰＴＳ",,"確報",0,4300,23500,1900,0,13100,10400,0,9541700,52146500,4216100,0,29068900,23077600,,,0,0,125100,0,0,50400,8.7,20.1,17.2,18.5,2.9,5.9,3.9
"2026/01/14","2026/01/16","4667","アイサンテクノロジー","東証およびＰＴＳ",,"確報",0,700,10400,0,0,0,10400,0,1485400,22068800,0,0,0,22068800,,,0,0,0,455100,0,0,68.3,136.5,45.5,68.3,0,0,0
"2026/01/14","2026/01/16","4668","明光ネットワクジャパ","東証およびＰＴＳ",,"確報",1700,2900,5800,0,400,6600,-800,1225700,2090900,4181800,0,288400,4758600,-576800,,,0,0,0,35000,35000,0,5.9,5.1,3,3.8,317.3,3.3,6.5
"2026/01/14","2026/01/16","466A","ＧＸ防衛テック","東証およびＰＴＳ",,"確報",2944,4500,25830,0,0,0,25830,3803648,5814000,33372360,0,0,0,33372360,,,0,0,0,575106,0,0,7.3,4.5,19.4,7.3,0,0,0
"2026/01/14","2026/01/16","4671","ファルコＨＤ","東証およびＰＴＳ",,"確報",0,100,2000,0,0,2400,-400,0,274700,5494000,0,0,6592800,-1098800,,,0,0,42000,0,0,48000,20.6,13.3,11.8,12.5,40.3,60.5,48.4
"2026/01/14","2026/01/16","4673","川崎地質","東証およびＰＴＳ",,"確報",1200,200,5500,0,0,0,5500,5118000,853000,23457500,0,0,0,23457500,,,0,0,0,2992500,0,0,18,10.3,72,18,0,0,0
"2026/01/14","2026/01/16","4674","クレスコ","東証およびＰＴＳ",,"確報",100,0,6100,100,800,1600,4500,178400,0,10882400,178400,1427200,2854400,8028000,,,0,0,0,66000,25300,0,22.6,151,151,151,13.1,4.4,6.6
"2026/01/14","2026/01/16","4676","フジ・メディア・ＨＤ","東証およびＰＴＳ",,"確報",0,1100,25300,0,0,0,25300,0,4353800,100137400,0,0,0,100137400,,,0,0,1135200,0,0,0,6.8,77.1,4.8,9.1,0,0.8,1.6
"2026/01/14","2026/01/16","4678","秀英予備校","東証およびＰＴＳ",,"確報",1000,0,3400,500,0,11600,-8200,308000,0,1047200,154000,0,3572800,-2525600,,,0,0,0,4800,22200,0,7,6,16.4,8.7,3.7,32.9,6.6
"2026/01/14","2026/01/16","4679","田谷","東証およびＰＴＳ",,"確報",0,0,2400,0,0,0,2400,0,0,612000,0,0,0,612000,,,0,0,0,2400,0,0,51.6,129,32.3,51.6,0,0,0
"2026/01/14","2026/01/16","467A","ＧＸＵＳ社債Ｈ","東証およびＰＴＳ",,"確報",0,0,0,0,0,0,0,0,0,0,0,0,0,0,,,0,0,0,0,0,0,0,0,0,0,0,0,0
"2026/01/14","2026/01/16","4680","ラウンドワン","東証およびＰＴＳ",,"確報",1000,2400,216600,0,0,100,216500,1156500,2775600,250497900,0,0,115650,250382250,,,0,0,0,4033000,1850,0,31,44.5,52.2,48,1,1,1
"2026/01/14","2026/01/16","4681","リゾートトラスト","東証およびＰＴＳ",,"確報",0,36800,7500,3900,400,49300,-41800,0,72496000,14775000,7683000,788000,97121000,-82346000,,,0,0,753100,0,0,778600,8.2,7.6,3.4,4.7,22.3,12.4,15.9
"2026/01/14","2026/01/16","4684","オービック","東証およびＰＴＳ",,"確報",800,0,26600,0,0,0,26600,3874400,0,128823800,0,0,0,128823800,,,0,0,0,1960800,0,0,37.4,32.3,44.2,37.4,0,0,0
"2026/01/14","2026/01/16","4685","菱友システムズ","東証およびＰＴＳ",,"確報",0,700,15200,0,0,0,15200,0,2712500,58900000,0,0,0,58900000,,,0,0,1749000,0,0,0,26.4,24.8,28.3,26.4,0,0,0
"2026/01/14","2026/01/16","4686","ジャストシステム","東証およびＰＴＳ",,"確報",1900,300,15700,2600,1000,15700,0,10013000,1581000,82739000,13702000,5270000,82739000,0,,,0,0,2115000,0,0,2115000,21.1,22.5,33.7,26.9,13.4,24,17.2
"2026/01/14","2026/01/16","4687","ＴＤＣソフト","東証およびＰＴＳ",,"確報",400,300,13700,2000,0,25900,-12200,540400,405300,18508700,2702000,0,34990900,-16482200,,,0,0,122400,0,0,215100,31.4,23.6,73.4,35.7,37.5,24.3,29.5
"2026/01/14","2026/01/16","4689","ＬＩＮＥヤフー","東証およびＰＴＳ",,"確報",5100,43000,848800,0,3100,1000,847800,2121600,17888000,353100800,0,1289600,416000,352684800,,,0,0,0,443350,2050,0,49.7,68.6,45.2,54.5,1.7,1.4,1.5
"2026/01/14","2026/01/16","468A","ＧＸＵＳ社債","東証およびＰＴＳ",,"確報",0,0,0,0,0,0,0,0,0,0,0,0,0,0,,,0,0,0,0,0,0,0,0,0,0,0,0,0
"2026/01/14","2026/01/16","4690","日本パレットプール","東証およびＰＴＳ",,"確報",0,0,1800,0,0,0,1800,0,0,3105000,0,0,0,3105000,,,0,0,18000,0,0,0,0,0,0,0,0,0,0
"2026/01/14","2026/01/16","4691","ワシントンホテル","東証およびＰＴＳ",,"確報",200,300,8300,0,0,0,8300,274200,411300,11379300,0,0,0,11379300,,,0,0,0,243600,0,0,64.6,84,52.5,64.6,0,0,0
"2026/01/14","2026/01/16","4694","ビー・エム・エル","東証およびＰＴＳ",,"確報",0,300,2700,2700,0,27700,-25000,0,1162500,10462500,10462500,0,107337500,-96875000,,,0,0,180000,0,0,1500000,34.7,48,20.6,28.8,26.3,54.9,35.6
"2026/01/14","2026/01/16","469A","フィットクルー","東証およびＰＴＳ",,"確報",0,100,8000,0,0,0,8000,0,291300,23304000,0,0,0,23304000,,,0,0,64800,0,0,0,17.5,14.4,22.4,17.5,0,0,0
"2026/01/14","2026/01/16","4704","トレンドマイクロ","東証およびＰＴＳ",,"確報",500,600,44400,0,800,0,44400,3299500,3959400,292995600,0,5279200,0,292995600,,,0,0,1780000,0,0,32000,29.6,78.2,20.7,32.7,1,1,1
"2026/01/14","2026/01/16","4705","クリップコーポ","東証およびＰＴＳ",,"確報",0,0,0,0,0,0,0,0,0,0,0,0,0,0,,,0,0,0,0,0,0,0,0,0,0,0,0,0
"2026/01/14","2026/01/16","4707","キタック","東証およびＰＴＳ",,"確報",0,0,600,0,0,0,600,0,0,202200,0,0,0,202200,,,0,0,0,1800,0,0,2,2,1.9,2,0,0,0
"2026/01/14","2026/01/16","4709","ＩＤホールディングス","東証およびＰＴＳ",,"確報",100,0,4400,0,0,2500,1900,216600,0,9530400,0,0,5415000,4115400,,,0,0,0,120400,70000,0,340,216,0,432,124,0,248
"2026/01/14","2026/01/16","4712","ＫｅｙＨｏｌｄｅｒ","東証およびＰＴＳ",,"確報",0,300,6200,0,0,0,6200,0,215100,4445400,0,0,0,4445400,,,0,0,19500,0,0,0,160,320,106.7,160,0,0,0
"2026/01/14","2026/01/16","4714","リソー教育グループ","東証およびＰＴＳ",,"確報",3100,0,137000,26800,0,96400,40600,651000,0,28770000,5628000,0,20244000,8526000,,,0,0,267800,0,0,139200,12.8,17.2,17.4,17.3,14.8,7.2,9.7
"2026/01/14","2026/01/16","4716","日本オラクル","東証およびＰＴＳ",,"確報",100,1100,5400,0,0,100,5300,1251500,13766500,67581000,0,0,1251500,66329500,,,0,0,0,416000,6500,0,12.1,9.8,15.2,11.9,0,0,0
"2026/01/14","2026/01/16","4718","早稲田アカデミー","東証およびＰＴＳ",,"確報",400,0,11700,500,100,11700,0,913200,0,26711100,1141500,228300,26711100,0,,,0,0,158200,0,0,158200,46.4,41.4,52.7,46.4,41.4,52.7,46.4
"2026/01/14","2026/01/16","4719","アルファシステムズ","東証およびＰＴＳ",,"確報",0,0,700,0,0,900,-200,0,0,2849000,0,0,3663000,-814000,,,0,0,14000,0,0,18000,6.5,25.5,3.4,6,20,4.3,7.1
"2026/01/14","2026/01/16","471A","ＮＳ　グループ","東証およびＰＴＳ",,"確報",0,400,22400,0,0,0,22400,0,525200,29411200,0,0,0,29411200,,,0,0,0,45600,0,0,87,80.8,94.3,87,0,0,0
"2026/01/14","2026/01/16","4720","城南進学研究社","東証およびＰＴＳ",,"確報",0,400,5300,0,0,0,5300,0,113600,1505200,0,0,0,1505200,,,0,0,0,5700,0,0,15.1,16.4,14,15.1,0,0,0
"2026/01/14","2026/01/16","4722","フューチャー","東証およびＰＴＳ",,"確報",0,200,6100,100,0,2800,3300,0,404400,12334200,202200,0,5661600,6672600,,,0,0,0,31500,13500,0,55.8,105,78.8,90,26.2,32.8,29.1
"2026/01/14","2026/01/16","4725","ＣＡＣＨＤ","東証およびＰＴＳ",,"確報",200,500,17600,1500,0,28000,-10400,414800,1037000,36502400,3111000,0,58072000,-21569600,,,0,0,179000,0,0,265000,43.8,25.9,62.8,36.6,26.3,643.5,50.5
"2026/01/14","2026/01/16","4728","トーセ","東証およびＰＴＳ",,"確報",0,100,1100,0,0,0,1100,0,66000,726000,0,0,0,726000,,,0,0,9600,0,0,0,16.2,73,9.1,16.2,0,0,0
"2026/01/14","2026/01/16","472A","ミラティブ","東証およびＰＴＳ",,"確報",0,900,16000,0,0,0,16000,0,630900,11216000,0,0,0,11216000,,,0,0,0,0,0,0,49.1,54,45,49.1,0,0,0
"2026/01/14","2026/01/16","4732","ユー・エス・エス","東証およびＰＴＳ",,"確報",200,0,8300,0,500,1800,6500,350500,0,14545750,0,876250,3154500,11391250,,,0,0,36450,0,0,10350,18.1,19,126.3,33,15.9,4.6,7.2
"2026/01/14","2026/01/16","4733","オービックＢＣ","東証およびＰＴＳ",,"確報",0,100,700,0,0,0,700,0,838000,5866000,0,0,0,5866000,,,0,0,0,6400,0,0,6.2,5.7,6.7,6.2,0,0,0
"2026/01/14","2026/01/16","4735","京進","東証およびＰＴＳ",,"確報",0,200,2700,0,0,0,2700,0,61200,826200,0,0,0,826200,,,0,0,11600,0,0,0,11.9,0,6,11.9,0,0,0
"2026/01/14","2026/01/16","4736","日本ラッド","東証およびＰＴＳ",,"確報",1400,0,11800,0,0,0,11800,905800,0,7634600,0,0,0,7634600,,,0,0,20800,0,0,0,52.3,26.2,0,52.3,0,0,0
"2026/01/14","2026/01/16","473A","ＮＡＭ日経２２５イン","東証およびＰＴＳ",,"確報",0,0,0,0,0,0,0,0,0,0,0,0,0,0,,,0,0,0,0,0,0,0,0,0,0,0,0,0
"2026/01/14","2026/01/16","4743","アイティフォー","東証およびＰＴＳ",,"確報",200,400,2400,0,0,2100,300,345600,691200,4147200,0,0,3628800,518400,,,0,0,28600,0,0,23100,21.9,17.6,10.3,12.9,107,107,107
"2026/01/14","2026/01/16","4746","東計電算","東証およびＰＴＳ",,"確報",1100,100,3500,1000,0,3500,0,4851000,441000,15435000,4410000,0,15435000,0,,,0,0,37500,0,0,37500,3.9,6.5,2.4,3.5,10.2,2.8,4.4
"2026/01/14","2026/01/16","4750","ダイサン","東証およびＰＴＳ",,"確報",600,0,3400,0,0,600,2800,357600,0,2026400,0,0,357600,1668800,,,0,0,0,2800,600,0,19.6,32.5,11.5,17,0,0,0
"2026/01/14","2026/01/16","4751","サイバーエージェント","東証およびＰＴＳ",,"確報",0,7900,159700,0,0,3000,156700,0,11225900,226933700,0,0,4263000,222670700,,,0,0,3687200,0,0,66000,22.6,47.5,14.5,22.2,0,0,0
"2026/01/14","2026/01/16","4752","昭和システム","東証およびＰＴＳ",,"確報",0,0,0,0,0,0,0,0,0,0,0,0,0,0,,,0,0,0,0,0,0,0,0,0,0,0,0,0
"2026/01/14","2026/01/16","4754","トスネット","東証およびＰＴＳ",,"確報",0,0,0,0,0,0,0,0,0,0,0,0,0,0,,,0,0,0,0,0,0,0,0,0,0,0,0,0
"2026/01/14","2026/01/16","4755","楽天グループ","東証およびＰＴＳ",,"確報",3000,34200,662200,2300,85200,604400,57800,3015000,34371000,665511000,2311500,85626000,607422000,58089000,,,0,0,0,3467000,3436500,0,6.1,4.8,4.2,4.5,10.5,10.6,10.5
"2026/01/14","2026/01/16","475A","ギミック","東証およびＰＴＳ",,"確報",1100,200,7200,0,0,0,7200,1287000,234000,8424000,0,0,0,8424000,,,0,0,37800,0,0,0,9.4,5.2,49.8,9.4,0,0,0
"2026/01/14","2026/01/16","4760","アルファ","東証およびＰＴＳ",,"確報",0,100,1600,0,0,0,1600,0,158300,2532800,0,0,0,2532800,,,0,0,0,20400,0,0,14.7,9.4,33,14.7,0,0,0
"2026/01/14","2026/01/16","4761","さくらケーシーエス","東証およびＰＴＳ",,"確報",200,400,4100,0,0,0,4100,267600,535200,5485800,0,0,0,5485800,,,0,0,17200,0,0,0,26.8,33.5,22.3,26.8,0,0,0
"2026/01/14","2026/01/16","4762","エックスネット","東証およびＰＴＳ",,"確報",0,0,300,0,0,0,300,0,0,448500,0,0,0,448500,,,0,0,0,3900,0,0,30,0,15,30,0,0,0
"2026/01/14","2026/01/16","4763","クリーク＆リバー社","東証およびＰＴＳ",,"確報",700,4400,10600,0,100,1800,8800,1080800,6793600,16366400,0,154400,2779200,13587200,,,0,0,300300,0,0,39900,3.7,2.9,4,3.4,12.4,4.3,6.3
"2026/01/14","2026/01/16","4765","ＳＢＩＧアセットＭ","東証およびＰＴＳ",,"確報",600,1600,139300,100,0,9600,129700,383400,1022400,89012700,63900,0,6134400,82878300,,,0,0,1262700,0,0,85500,49.8,40.8,65,50.1,72,33.6,45.8
"2026/01/14","2026/01/16","4766","ピーエイ","東証およびＰＴＳ",,"確報",100,1000,3400,0,0,0,3400,26900,269000,914600,0,0,0,914600,,,0,0,0,4300,0,0,10.8,8.6,14.5,10.8,0,0,0
"2026/01/14","2026/01/16","4767","テーオーダブリュー","東証およびＰＴＳ",,"確報",0,1300,128700,0,0,0,128700,0,508300,50321700,0,0,0,50321700,,,0,0,0,390000,0,0,36.2,18.9,424.7,36.2,0,0,0
"2026/01/14","2026/01/16","4768","大塚商会","東証およびＰＴＳ",,"確報",32500,0,44100,0,41100,68200,-24100,103610000,0,140590800,0,131026800,217421600,-76830800,,,0,0,0,684400,6448700,0,7.1,2.3,5.5,3.2,12.7,7.6,9.5
"2026/01/14","2026/01/16","4769","ＩＣ","東証およびＰＴＳ",,"確報",0,0,0,0,0,0,0,0,0,0,0,0,0,0,,,0,0,0,0,0,0,1,1,1,1,0,0,0
"2026/01/14","2026/01/16","476A","辻・本郷ＩＴコンサル","東証およびＰＴＳ",,"確報",100,0,5200,0,0,0,5200,237000,0,12324000,0,0,0,12324000,,,0,0,0,306000,0,0,37.9,66.3,26.5,37.9,0,0,0
"2026/01/14","2026/01/16","4771","エフアンドエム","東証およびＰＴＳ",,"確報",500,200,11900,300,0,11900,0,1195000,478000,28441000,717000,0,28441000,0,,,0,0,0,290000,290000,0,50.4,48.3,41.4,44.6,64.4,52.7,58
"2026/01/14","2026/01/16","4772","ＳＭ　ＥＮＴＥＲ","東証およびＰＴＳ",,"確報",0,200,42500,0,0,0,42500,0,21000,4462500,0,0,0,4462500,,,0,0,0,0,0,0,212,265,176.7,212,0,0,0
"2026/01/14","2026/01/16","4776","サイボウズ","東証およびＰＴＳ",,"確報",800,3800,84700,300,0,3300,81400,2144000,10184000,226996000,804000,0,8844000,218152000,,,0,0,0,2894100,99000,0,29.2,48.5,20.1,28.4,51,0,102
"2026/01/14","2026/01/16","4777","ガーラ","東証およびＰＴＳ",,"確報",0,1100,17400,0,0,0,17400,0,226600,3584400,0,0,0,3584400,,,0,0,0,55500,0,0,31.1,22.7,49.4,31.1,0,0,0
"2026/01/14","2026/01/16","477A","スタートライン","東証およびＰＴＳ",,"確報",300,200,294400,0,0,0,294400,227400,151600,223155200,0,0,0,223155200,,,0,0,4414500,0,0,0,71.1,1202.4,36.6,71.1,0,0,0
"2026/01/14","2026/01/16","4783","ＮＣＤ","東証およびＰＴＳ",,"確報",0,400,20400,100,500,100,20300,0,1294000,65994000,323500,1617500,323500,65670500,,,0,0,208000,0,0,5000,47.9,72.6,63.6,67.8,1.9,2.2,2
"2026/01/14","2026/01/16","4784","ＧＭＯインターネット","東証およびＰＴＳ",,"確報",7800,4000,470300,0,0,0,470300,6809400,3492000,410571900,0,0,0,410571900,,,0,0,0,14461500,0,0,54.1,48.4,61.4,54.1,0,0,0
"2026/01/14","2026/01/16","478A","フツパー","東証およびＰＴＳ",,"確報",10600,400,66300,0,0,0,66300,11850800,447200,74123400,0,0,0,74123400,,,0,0,448800,0,0,0,36.8,23.5,84.1,36.8,0,0,0
"2026/01/14","2026/01/16","4792","山田コンサルティング","東証およびＰＴＳ",,"確報",0,0,4900,100,100,3600,1300,0,0,9001300,183700,183700,6613200,2388100,,,0,0,0,4900,3600,0,94.4,0,0,0,36,45,40
"2026/01/14","2026/01/16","479A","ＰＲＯＮＩ","東証およびＰＴＳ",,"確報",0,2700,10500,0,0,0,10500,0,5146200,20013000,0,0,0,20013000,,,0,0,0,1623600,0,0,17.6,76.2,9.9,17.6,0,0,0
"2026/01/14","2026/01/16","4800","オリコン","東証およびＰＴＳ",,"確報",0,0,22900,0,0,200,22700,0,0,20220700,0,0,176600,20044100,,,0,0,160300,0,0,1400,178.8,382,229.2,286.5,5.3,8,6.4
"2026/01/14","2026/01/16","4801","セントラルスポーツ","東証およびＰＴＳ",,"確報",0,0,1500,0,0,0,1500,0,0,3808500,0,0,0,3808500,,,0,0,55500,0,0,0,52.7,0,26.3,52.7,0,0,0
"2026/01/14","2026/01/16","4809","パラカ","東証およびＰＴＳ",,"確報",0,0,5700,0,0,0,5700,0,0,11571000,0,0,0,11571000,,,0,0,0,102600,0,0,47,141,28.2,47,0,0,0
"2026/01/14","2026/01/16","480A","リブコンサル","東証およびＰＴＳ",,"確報",2000,300,63800,0,0,0,63800,2360000,354000,75284000,0,0,0,75284000,,,0,0,0,2918700,0,0,7.9,48.4,4.3,7.9,0,0,0
"2026/01/14","2026/01/16","4811","ドリーム・アーツ","東証およびＰＴＳ",,"確報",0,0,300,0,0,0,300,0,0,364800,0,0,0,364800,,,0,0,0,3300,0,0,17,17,17,17,0,0,0
"2026/01/14","2026/01/16","4812","電通総研","東証およびＰＴＳ",,"確報",2500,3100,8900,100,6700,6500,2400,6287500,7796500,22383500,251500,16850500,16347500,6036000,,,0,0,0,1862000,2567600,0,3.8,2.5,2.3,2.4,15.8,6.7,9.4
"2026/01/14","2026/01/16","4813","ＡＣＣＥＳＳ","東証およびＰＴＳ",,"確報",2200,2800,249500,0,600,249500,0,1315600,1674400,149201000,0,358800,149201000,0,,,0,0,0,2751100,2751100,0,85.4,73,47.2,57.3,448.5,102.9,167.4
"2026/01/14","2026/01/16","4814","ネクストウェア","東証およびＰＴＳ",,"確報",3100,10500,104300,0,0,0,104300,700600,2373000,23571800,0,0,0,23571800,,,0,0,223400,0,0,0,5.2,3.7,8.4,5.2,0,0,0
"2026/01/14","2026/01/16","4816","東映アニメーション","東証およびＰＴＳ",,"確報",700,0,32700,0,100,300,32400,1918700,0,89630700,0,274100,822300,88808400,,,0,0,0,1280000,16000,0,69.7,68.4,224.7,104.9,9.7,2.2,3.6
"2026/01/14","2026/01/16","4819","デジタルガレージ","東証およびＰＴＳ",,"確報",1100,400,10800,1000,300,10800,0,2863300,1041200,28112400,2603000,780900,28112400,0,,,0,0,0,484800,484800,0,11.4,7.5,6.7,7.1,38.4,23.4,29.1
"2026/01/14","2026/01/16","4820","イーエムシステムズ","東証およびＰＴＳ",,"確報",5200,100,35800,5100,0,35800,0,4113200,79100,28317800,4034100,0,28317800,0,,,0,0,30700,0,0,30700,12.2,6.6,10.2,8,15.2,73.7,25.2
"2026/01/14","2026/01/16","4825","ウェザーニューズ","東証およびＰＴＳ",,"確報",1000,21600,31900,600,0,22200,9700,4020000,86832000,128238000,2412000,0,89244000,38994000,,,0,0,4725000,0,0,1944000,15.5,46.7,7.6,13.1,23.6,34.2,28
"2026/01/14","2026/01/16","4826","シー・アイ・ジェイ","東証およびＰＴＳ",,"確報",2200,22000,121700,3200,0,64800,56900,1221000,12210000,67543500,1776000,0,35964000,31579500,,,0,0,0,424500,184800,0,13.4,16.4,10.1,12.5,19.6,12.7,15.4
"2026/01/14","2026/01/16","4828","ビーエンジ","東証およびＰＴＳ",,"確報",500,2400,29400,2200,100,45000,-15600,816500,3919200,48010200,3592600,163300,73485000,-25474800,,,0,0,0,626000,858000,0,2.1,1.3,1.3,1.3,45.4,24.9,32.2
"2026/01/14","2026/01/16","4829","日本エンタープライズ","東証およびＰＴＳ",,"確報",0,1300,31500,0,2800,1800,29700,0,146900,3559500,0,316400,203400,3356100,,,0,0,0,0,0,0,9,11.9,12.3,12.1,3.1,2.8,3
"2026/01/14","2026/01/16","4832","ＪＦＥシステムズ","東証およびＰＴＳ",,"確報",0,0,1200,0,0,0,1200,0,0,2899200,0,0,0,2899200,,,0,0,0,13200,0,0,11,11,11,11,0,0,0
"2026/01/14","2026/01/16","4833","Ｄｅｆコンサル","東証およびＰＴＳ",,"確報",4500,106100,1616200,0,0,0,1616200,549000,12944200,197176400,0,0,0,197176400,,,0,0,39509400,0,0,0,12.8,10.9,15.4,12.8,0,0,0
"2026/01/14","2026/01/16","4838","ＳＳＳＫ　ＨＤ","東証およびＰＴＳ",,"確報",0,1000,9300,0,0,0,9300,0,753000,7002900,0,0,0,7002900,,,0,0,0,103000,0,0,40.2,62.9,29.6,40.2,0,0,0
"2026/01/14","2026/01/16","4839","ワウワウ","東証およびＰＴＳ",,"確報",300,200,73500,100,0,73500,0,440100,293400,107824500,146700,0,107824500,0,,,0,0,0,1688200,1688200,0,5.4,2.8,2.8,2.8,115,147.2,129.1
"2026/01/14","2026/01/16","483A","テラテクノロジー","東証およびＰＴＳ",,"確報",100,300,8300,0,0,0,8300,245300,735900,20359900,0,0,0,20359900,,,0,0,0,8500,0,0,41.1,108,25.4,41.1,0,0,0
"2026/01/14","2026/01/16","4840","トライアイズ","東証およびＰＴＳ",,"確報",0,0,200,0,0,0,200,0,0,100400,0,0,0,100400,,,0,0,200,0,0,0,12,12,12,12,0,0,0
"2026/01/14","2026/01/16","4845","スカラ","東証およびＰＴＳ",,"確報",0,1000,6300,200,0,5000,1300,0,385000,2425500,77000,0,1925000,500500,,,0,0,7300,0,0,4800,50.4,118.7,32.4,50.9,62.3,41.5,49.8
"2026/01/14","2026/01/16","4847","インテリジェントウェ","東証およびＰＴＳ",,"確報",100,0,23700,0,0,0,23700,97600,0,23131200,0,0,0,23131200,,,0,0,0,0,0,0,30.8,20.1,65.8,30.8,0,0,0
"2026/01/14","2026/01/16","4848","フルキャストＨＤ","東証およびＰＴＳ",,"確報",100,900,10200,0,0,11300,-1100,171000,1539000,17442000,0,0,19323000,-1881000,,,0,0,176000,0,0,180800,20,6.4,14.6,8.9,139.8,186.3,159.7
"2026/01/14","2026/01/16","4849","エン","東証およびＰＴＳ",,"確報",100,1600,22300,900,0,117100,-94800,153400,2454400,34208200,1380600,0,179631400,-145423200,,,0,0,47600,0,0,232400,106.8,28.3,29.1,28.7,394.4,155.7,223.2
"2026/01/14","2026/01/16","485A","パワーエックス","東証およびＰＴＳ",,"確報",8600,1600,179300,0,0,0,179300,19117800,3556800,398583900,0,0,0,398583900,,,0,0,0,14990100,0,0,27.8,23.8,33.5,27.8,0,0,0
"2026/01/14","2026/01/16","486A","ＳＴＯＸＸヘッジ無","東証およびＰＴＳ",,"確報",0,0,5,0,0,0,5,0,0,10840,0,0,0,10840,,,0,0,225,0,0,0,9.6,12,8,9.6,0,0,0
"2026/01/14","2026/01/16","4875","メディシノバ・インク","東証およびＰＴＳ",,"確報",0,0,2600,0,0,0,2600,0,0,616200,0,0,0,616200,,,0,0,0,2600,0,0,0,0,0,0,0,0,0
"2026/01/14","2026/01/16","487A","ＤＡＸヘッジ無","東証およびＰＴＳ",,"確報",0,0,0,0,0,0,0,0,0,0,0,0,0,0,,,0,0,0,0,0,0,1,1,1,1,0,0,0
"2026/01/14","2026/01/16","4880","セルソース","東証およびＰＴＳ",,"確報",100,7200,122600,4100,200,168600,-46000,42100,3031200,51614600,1726100,84200,70980600,-19366000,,,0,0,259400,0,0,329400,12.3,6.9,8,7.4,15.5,160.6,28.2
"2026/01/14","2026/01/16","4881","ファンペップ","東証およびＰＴＳ",,"確報",0,3800,85100,0,0,0,85100,0,315400,7063300,0,0,0,7063300,,,0,0,0,0,0,0,133.8,1103.5,71.2,133.8,0,0,0
"2026/01/14","2026/01/16","4882","ペルセウス","東証およびＰＴＳ",,"確報",3900,400,39300,0,0,0,39300,967200,99200,9746400,0,0,0,9746400,,,0,0,429600,0,0,0,11.4,20.3,7.9,11.4,0,0,0
"2026/01/14","2026/01/16","4883","モダリス","東証およびＰＴＳ",,"確報",19300,0,394500,0,0,0,394500,1215900,0,24853500,0,0,0,24853500,,,0,0,0,0,0,0,30.6,48.9,22.2,30.6,0,0,0
"2026/01/14","2026/01/16","4884","クリングルファーマ","東証およびＰＴＳ",,"確報",0,1300,25300,0,0,0,25300,0,523900,10195900,0,0,0,10195900,,,0,0,159600,0,0,0,15.4,21.9,11.9,15.4,0,0,0
"2026/01/14","2026/01/16","4885","室町ケミカル","東証およびＰＴＳ",,"確報",0,1100,14200,1100,1400,2700,11500,0,946000,12212000,946000,1204000,2322000,9890000,,,0,0,290700,0,0,57000,30,67.1,61.5,64.2,7,8.3,7.6
"2026/01/14","2026/01/16","4886","あすか製薬ＨＤ","東証およびＰＴＳ",,"確報",400,100,17400,300,0,17400,0,853200,213300,37114200,639900,0,37114200,0,,,0,0,119700,0,0,119700,20.7,20.2,16.8,18.4,26.9,21.3,23.8
"2026/01/14","2026/01/16","4887","サワイグループＨＤ","東証およびＰＴＳ",,"確報",1000,300,8000,200,11300,68300,-60300,2392000,717600,19136000,478400,27029600,163373600,-144237600,,,0,0,0,58400,635200,0,31.4,13.2,10.4,11.6,144.7,22.3,38.7
"2026/01/14","2026/01/16","4888","ステラファーマ","東証およびＰＴＳ",,"確報",4800,4600,98300,0,0,0,98300,1099200,1053400,22510700,0,0,0,22510700,,,0,0,0,882900,0,0,20.7,52.6,12.9,20.7,0,0,0
"2026/01/14","2026/01/16","4889","レナサイエンス","東証およびＰＴＳ",,"確報",300,700,75000,0,0,0,75000,446400,1041600,111600000,0,0,0,111600000,,,0,0,904800,0,0,0,102.9,118.9,90.6,102.9,0,0,0
"2026/01/14","2026/01/16","488A","ｉＳ円高フォーカス","東証およびＰＴＳ",,"確報",30,0,200,0,0,0,200,23451,0,156340,0,0,0,156340,,,0,0,0,340,0,0,7,3.5,0,7,0,0,0
"2026/01/14","2026/01/16","4890","坪田ラボ","東証およびＰＴＳ",,"確報",1200,0,22900,0,0,0,22900,405600,0,7740200,0,0,0,7740200,,,0,0,65100,0,0,0,22.5,32.1,17.3,22.5,0,0,0
"2026/01/14","2026/01/16","4891","ティムス","東証およびＰＴＳ",,"確報",1700,10400,90000,0,0,0,90000,248200,1518400,13140000,0,0,0,13140000,,,0,0,98700,0,0,0,31.7,48.9,23.5,31.7,0,0,0
"2026/01/14","2026/01/16","4892","サイフューズ","東証およびＰＴＳ",,"確報",0,1500,23300,0,0,0,23300,0,951000,14772200,0,0,0,14772200,,,0,0,471200,0,0,0,31.1,60.8,20.9,31.1,0,0,0
"2026/01/14","2026/01/16","4893","ノイルイミューン","東証およびＰＴＳ",,"確報",10000,1500,193800,4000,0,202800,-9000,1450000,217500,28101000,580000,0,29406000,-1305000,,,0,0,555900,0,0,596400,59.2,47.4,34.3,39.8,126.6,99.1,111.2
"2026/01/14","2026/01/16","4894","クオリプス","東証およびＰＴＳ",,"確報",1600,3300,42500,0,0,0,42500,12960000,26730000,344250000,0,0,0,344250000,,,0,0,19448000,0,0,0,20.3,18.5,22.5,20.3,0,0,0
"2026/01/14","2026/01/16","4896","ケイファーマ","東証およびＰＴＳ",,"確報",100,1100,13200,0,0,0,13200,69300,762300,9147600,0,0,0,9147600,,,0,0,0,198800,0,0,21.4,19.9,23.2,21.4,0,0,0
"2026/01/14","2026/01/16","489A","物流フォーカス","東証およびＰＴＳ",,"確報",0,0,0,0,0,0,0,0,0,0,0,0,0,0,,,0,0,0,0,0,0,0,0,0,0,0,0,0
"2026/01/14","2026/01/16","4901","富士フイルムＨＤ","東証およびＰＴＳ",,"確報",6900,3000,203000,4300,0,4300,198700,23729100,10317000,698117000,14787700,0,14787700,683329300,,,0,0,20507300,0,0,0,52.8,58.3,60.4,59.3,1,0,2
"2026/01/14","2026/01/16","4902","コニカミノルタ","東証およびＰＴＳ",,"確報",0,10300,65500,5500,0,19700,45800,0,7448960,47369600,3977600,0,14247040,33122560,,,0,0,2183040,0,0,408960,13.4,15,15.8,15.4,22.6,6.3,9.8
"2026/01/14","2026/01/16","4911","資生堂","東証およびＰＴＳ",,"確報",1100,7800,43500,78900,0,178600,-135100,2875950,20393100,113730750,206284050,0,466949700,-353218950,,,0,0,7354300,0,0,14606050,2.3,1.7,1.9,1.8,1.8,13.4,3.2
"2026/01/14","2026/01/16","4912","ライオン","東証およびＰＴＳ",,"確報",3300,700,14600,2800,200,14600,0,5471400,1160600,24206800,4642400,331600,24206800,0,,,0,0,30000,0,0,30000,11.1,9.8,10.8,10.3,13.4,11.1,12.1
"2026/01/14","2026/01/16","4914","高砂香料工業","東証およびＰＴＳ",,"確報",8900,1100,62400,26500,0,62400,0,13430100,1659900,94161600,39988500,0,94161600,0,,,0,0,873600,0,0,574400,22.1,28,164.7,47.9,7.2,56.3,12.7
"2026/01/14","2026/01/16","4917","マンダム","東証およびＰＴＳ",,"確報",1900,900,15500,0,0,15500,0,5833000,2763000,47585000,0,0,47585000,0,,,0,0,3799000,0,0,4061000,6,3.3,3.3,3.3,0,0,0
"2026/01/14","2026/01/16","4918","アイビー化粧品","東証およびＰＴＳ",,"確報",0,1900,2900,0,0,0,2900,0,708700,1081700,0,0,0,1081700,,,0,0,4800,0,0,0,10,22.1,6.5,10,0,0,0
"2026/01/14","2026/01/16","4919","ミルボン","東証およびＰＴＳ",,"確報",0,1300,10800,2400,0,30900,-20100,0,3134300,26038800,5786400,0,74499900,-48461100,,,0,0,72600,0,0,171000,11.6,4.9,6,5.4,18.6,46.4,26.5
"2026/01/14","2026/01/16","4920","日本色材工業研究所","東証およびＰＴＳ",,"確報",0,0,400,0,0,0,400,0,0,488000,0,0,0,488000,,,0,0,8000,0,0,0,0,0,0,0,0,0,0
"2026/01/14","2026/01/16","4922","コーセーＨＤ","東証およびＰＴＳ",,"確報",1200,1400,11400,0,200,11400,0,6249600,7291200,59371200,0,1041600,59371200,0,,,0,0,0,69600,69600,0,4.9,2.8,2.7,2.8,35.4,18.8,24.5
"2026/01/14","2026/01/16","4923","コタ","東証およびＰＴＳ",,"確報",0,500,17800,1000,0,62600,-44800,0,585500,20843800,1171000,0,73304600,-52460800,,,0,0,219600,0,0,739200,66.2,65.3,70.3,67.7,48.5,101.8,65.7
"2026/01/14","2026/01/16","4925","ハーバー研究所","東証およびＰＴＳ",,"確報",0,0,1700,0,0,0,1700,0,0,2924000,0,0,0,2924000,,,0,0,0,1700,0,0,170,0,85,170,0,0,0
"2026/01/14","2026/01/16","4926","シーボン","東証およびＰＴＳ",,"確報",0,0,0,0,0,0,0,0,0,0,0,0,0,0,,,0,0,0,0,0,0,1.3,2,1,1.3,0,0,0
"2026/01/14","2026/01/16","4927","ポーラオルビスＨＤ","東証およびＰＴＳ",,"確報",100,3900,10300,2600,0,30200,-19900,134100,5229900,13812300,3486600,0,40498200,-26685900,,,0,0,253800,0,0,496800,3.9,3.3,3.4,3.3,2.9,8.4,4.3
"2026/01/14","2026/01/16","4928","ノエビアＨＤ","東証およびＰＴＳ",,"確報",500,0,4700,500,0,4700,0,2330000,0,21902000,2330000,0,21902000,0,,,0,0,126000,0,0,126000,4.8,2.7,3.2,2.9,10.8,27.9,15.6
"2026/01/14","2026/01/16","4929","アジュバンＨＤ","東証およびＰＴＳ",,"確報",0,0,5100,0,0,5100,0,0,0,3942300,0,0,3942300,0,,,0,0,5100,0,0,5100,62.3,31.1,83,45.3,49.8,0,99.6
"2026/01/14","2026/01/16","4931","新日本製薬","東証およびＰＴＳ",,"確報",2900,7700,5800,100,0,5800,0,5924700,15731100,11849400,204300,0,11849400,0,,,0,0,63600,0,0,34200,6.7,19.3,3.7,6.2,697,3.5,6.9
"2026/01/14","2026/01/16","4932","アルマード","東証およびＰＴＳ",,"確報",0,0,6300,0,0,0,6300,0,0,7207200,0,0,0,7207200,,,0,0,0,12600,0,0,320,0,160,320,0,0,0
"2026/01/14","2026/01/16","4933","Ｉ－ｎｅ","東証およびＰＴＳ",,"確報",2600,4200,47500,100,1700,47500,0,3497000,5649000,63887500,134500,2286500,63887500,0,,,0,0,0,883800,883800,0,7.1,4.9,4.6,4.7,16,13.1,14.4
"2026/01/14","2026/01/16","4934","Ｐアンチエイジ","東証およびＰＴＳ",,"確報",100,100,8700,0,0,8700,0,69800,69800,6072600,0,0,6072600,0,,,0,0,0,60900,60900,0,43.3,22.8,27.1,24.7,108.3,433,173.2
"2026/01/14","2026/01/16","4935","リベルタ","東証およびＰＴＳ",,"確報",0,5000,104200,0,0,0,104200,0,1575000,32823000,0,0,0,32823000,,,0,0,327600,0,0,0,55.6,73.3,44.8,55.6,0,0,0
"2026/01/14","2026/01/16","4936","アクシージア","東証およびＰＴＳ",,"確報",0,1000,20700,0,1000,20700,0,0,405000,8383500,0,405000,8383500,0,,,0,0,108500,0,0,108500,42.2,279.8,25.4,46.6,124.3,22.8,38.6
"2026/01/14","2026/01/16","4937","Ｗａｑｏｏ","東証およびＰＴＳ",,"確報",200,0,500,0,0,0,500,273200,0,683000,0,0,0,683000,,,0,0,0,6000,0,0,10,6.7,20,10,0,0,0
"2026/01/14","2026/01/16","4951","エステー","東証およびＰＴＳ",,"確報",100,100,3900,500,0,13500,-9600,155300,155300,6056700,776500,0,20965500,-14908800,,,0,0,97500,0,0,325000,32.7,21.7,17.7,19.5,34.5,50.4,40.9
"2026/01/14","2026/01/16","4956","コニシ","東証およびＰＴＳ",,"確報",400,900,7000,1200,0,26700,-19700,548800,1234800,9604000,1646400,0,36632400,-27028400,,,0,0,157500,0,0,535500,32.4,12.4,28.1,17.2,67.9,28.9,40.5
"2026/01/14","2026/01/16","4957","ヤスハラケミカル","東証およびＰＴＳ",,"確報",0,0,200,0,0,500,-300,0,0,273400,0,0,683500,-410100,,,0,0,0,0,0,0,74,0,12,24,0,0,0
"2026/01/14","2026/01/16","4958","長谷川香料","東証およびＰＴＳ",,"確報",200,2100,15700,1800,100,28600,-12900,581600,6106800,45655600,5234400,290800,83168800,-37513200,,,0,0,616000,0,0,941500,26.3,17.4,12.7,14.7,46.5,63.4,53.6
"2026/01/14","2026/01/16","4960","ケミプロ化成","東証およびＰＴＳ",,"確報",12700,800,45100,0,0,0,45100,5054600,318400,17949800,0,0,0,17949800,,,0,0,1361200,0,0,0,17.4,9.2,160.8,17.4,0,0,0
"2026/01/14","2026/01/16","4966","上村工業","東証およびＰＴＳ",,"確報",300,100,400,0,0,0,400,4701000,1567000,6268000,0,0,0,6268000,,,0,0,76000,0,0,0,2.2,2,2.5,2.2,0,0,0
"2026/01/14","2026/01/16","4967","小林製薬","東証およびＰＴＳ",,"確報",10000,3200,35400,500,100,36400,-1000,54000000,17280000,191160000,2700000,540000,196560000,-5400000,,,0,0,0,943800,1188000,0,11.7,5.4,7.1,6.2,61.4,45,51.9
"2026/01/14","2026/01/16","4968","荒川化学工業","東証およびＰＴＳ",,"確報",0,400,8200,100,100,7000,1200,0,511200,10479600,127800,127800,8946000,1533600,,,0,0,86000,0,0,70000,17.9,38.2,11.7,17.9,128.3,9.6,17.9
"2026/01/14","2026/01/16","4970","東洋合成工業","東証およびＰＴＳ",,"確報",100,300,6100,0,0,0,6100,725000,2175000,44225000,0,0,0,44225000,,,0,0,0,189000,0,0,14,14.4,13.7,14,0,0,0
"2026/01/14","2026/01/16","4971","メック","東証およびＰＴＳ",,"確報",300,2200,13500,1300,0,12500,1000,1566000,11484000,70470000,6786000,0,65250000,5220000,,,0,0,1540000,0,0,1120000,13.2,30.8,14.8,20,6,18.5,9
"2026/01/14","2026/01/16","4972","綜研化学","東証およびＰＴＳ",,"確報",0,300,5200,0,0,0,5200,0,810600,14050400,0,0,0,14050400,,,0,0,0,88000,0,0,26.6,29.3,24.4,26.6,0,0,0
"2026/01/14","2026/01/16","4973","日本高純度化学","東証およびＰＴＳ",,"確報",600,0,9200,0,0,0,9200,2385000,0,36570000,0,0,0,36570000,,,0,0,1161000,0,0,0,10.5,5.4,158,10.5,0,0,0
"2026/01/14","2026/01/16","4974","タカラバイオ","東証およびＰＴＳ",,"確報",300,2200,109200,3000,0,117800,-8600,245100,1797400,89216400,2451000,0,96242600,-7026200,,,0,0,111100,0,0,114800,15.8,8.3,8.5,8.4,114.8,122.1,118.3
"2026/01/14","2026/01/16","4975","ＪＣＵ","東証およびＰＴＳ",,"確報",1500,200,6400,1300,0,28900,-22500,8055000,1074000,34368000,6981000,0,155193000,-120825000,,,0,0,867000,0,0,4692000,17.2,4,4.9,4.4,34.5,45.6,39.3
"2026/01/14","2026/01/16","4976","東洋ドライルーブ","東証およびＰＴＳ",,"確報",0,0,100,0,0,0,100,0,0,146900,0,0,0,146900,,,0,0,200,0,0,0,4,6,3,4,0,0,0
"2026/01/14","2026/01/16","4977","新田ゼラチン","東証およびＰＴＳ",,"確報",200,0,9300,300,0,2800,6500,252000,0,11718000,378000,0,3528000,8190000,,,0,0,127400,0,0,35000,20.3,42.2,17.4,24.7,11.3,13.5,12.3
"2026/01/14","2026/01/16","4978","リプロセル","東証およびＰＴＳ",,"確報",0,4700,151400,0,0,0,151400,0,733200,23618400,0,0,0,23618400,,,0,0,0,468300,0,0,51.3,44,61.5,51.3,0,0,0
"2026/01/14","2026/01/16","4979","ＯＡＴアグリオ","東証およびＰＴＳ",,"確報",0,100,800,0,0,0,800,0,218400,1747200,0,0,0,1747200,,,0,0,0,0,0,0,21.5,43,14.3,21.5,0,0,0
"2026/01/14","2026/01/16","4980","デクセリアルズ","東証およびＰＴＳ",,"確報",12600,19400,87500,0,500,0,87500,36023400,55464600,250162500,0,1429500,0,250162500,,,0,0,13202000,0,0,70000,11.6,9.8,16.9,12.4,0,0.6,1.2
"2026/01/14","2026/01/16","4985","アース製薬","東証およびＰＴＳ",,"確報",100,0,2200,100,0,1800,400,502000,0,11044000,502000,0,9036000,2008000,,,0,0,42000,0,0,34000,20.7,108,21.6,36,8.7,26,13
"2026/01/14","2026/01/16","4990","昭和化学工業","東証およびＰＴＳ",,"確報",0,0,1000,0,0,0,1000,0,0,523000,0,0,0,523000,,,0,0,9000,0,0,0,0,0,0,0,0,0,0
"2026/01/14","2026/01/16","4992","北興化学工業","東証およびＰＴＳ",,"確報",800,2700,3700,1700,4200,3100,600,1388800,4687200,6423200,2951200,7291200,5381600,1041600,,,0,0,890400,0,0,890400,2.8,2.1,1.7,1.9,20.3,4.7,7.7
"2026/01/14","2026/01/16","4994","大成ラミックグループ","東証およびＰＴＳ",,"確報",100,100,2400,0,0,3600,-1200,275000,275000,6600000,0,0,9900000,-3300000,,,0,0,72000,0,0,108000,42.4,17.4,30.5,22.2,87.5,175,116.7
"2026/01/14","2026/01/16","4996","クミアイ化学工業","東証およびＰＴＳ",,"確報",0,4200,119400,0,2100,38400,81000,0,2902200,82505400,0,1451100,26534400,55971000,,,0,0,494400,0,0,162000,23,31,52.1,38.8,19.5,7.9,11.2
"2026/01/14","2026/01/16","4997","日本農薬","東証およびＰＴＳ",,"確報",100,0,30500,500,1800,7200,23300,102300,0,31201500,511500,1841400,7365600,23835900,,,0,0,243200,0,0,68000,33.5,58.3,47.4,52.3,16.5,13.4,14.8
"2026/01/14","2026/01/16","4998","フマキラー","東証およびＰＴＳ",,"確報",0,0,9700,0,0,1100,8600,0,0,11339300,0,0,1285900,10053400,,,0,0,38800,0,0,4400,122.7,244,244,244,0,12.8,25.6
"2026/01/14","2026/01/16","5010","日本精蝋","東証およびＰＴＳ",,"確報",2800,0,23900,0,0,0,23900,551600,0,4708300,0,0,0,4708300,,,0,0,0,42200,0,0,37,31.7,44.4,37,0,0,0
"2026/01/14","2026/01/16","5011","ニチレキグループ","東証およびＰＴＳ",,"確報",300,800,16800,0,500,16800,0,756600,2017600,42369600,0,1261000,42369600,0,,,0,0,380600,0,0,380600,78.6,66.5,45.5,54.1,288.3,96.1,144.2
"2026/01/14","2026/01/16","5013","ユシロ","東証およびＰＴＳ",,"確報",0,0,800,100,100,2500,-1700,0,0,2420000,302500,302500,7562500,-5142500,,,0,0,39200,0,0,122500,19.6,13.3,8,10,31.8,25.4,28.2
"2026/01/14","2026/01/16","5015","ビーピーカストロール","東証およびＰＴＳ",,"確報",0,0,600,0,0,0,600,0,0,556200,0,0,0,556200,,,0,0,5400,0,0,0,20,0,10,20,0,0,0
"2026/01/14","2026/01/16","5016","ＪＸ金属","東証およびＰＴＳ",,"確報",55800,54200,971600,8200,0,13800,957800,135956700,132058300,2367303400,19979300,0,33623700,2333679700,,,0,0,165385000,0,0,954800,21.3,24.3,19.7,21.7,4.2,13.7,6.4
"2026/01/14","2026/01/16","5017","富士石油","東証およびＰＴＳ",,"確報",0,3600,2300,0,100,0,2300,0,1717200,1097100,0,47700,0,1097100,,,0,0,0,0,0,0,9.3,0,4.7,9.4,0,3.5,7
"2026/01/14","2026/01/16","5018","ＭＯＲＥＳＣＯ","東証およびＰＴＳ",,"確報",1100,100,4700,400,0,600,4100,1928300,175300,8239100,701200,0,1051800,7187300,,,0,0,832500,0,0,45000,8.2,8.2,10.2,9.1,3.8,5.8,4.6
"2026/01/14","2026/01/16","5019","出光興産","東証およびＰＴＳ",,"確報",1700,200,23500,1000,300,2000,21500,2168350,255100,29974250,1275500,382650,2551000,27423250,,,0,0,759000,0,0,44850,5.1,11.5,11.4,11.4,2.2,0.3,0.6
"2026/01/14","2026/01/16","5020","ＥＮＥＯＳ","東証およびＰＴＳ",,"確報",6900,6900,182500,27800,4900,81200,101300,8531850,8531850,225661250,34374700,6058850,100403800,125257450,,,0,0,4380000,0,0,1399200,6.6,8.4,13.9,10.5,3.5,2.3,2.8
"2026/01/14","2026/01/16","5021","コスモエネルギーＨＤ","東証およびＰＴＳ",,"確報",300,500,9500,1100,0,1400,8100,1359000,2265000,43035000,4983000,0,6342000,36693000,,,0,0,1144600,0,0,35400,12.6,21.8,16.6,18.8,1.4,3.3,2
"2026/01/14","2026/01/16","5025","マーキュリー","東証およびＰＴＳ",,"確報",800,0,900,0,0,0,900,608800,0,684900,0,0,0,684900,,,0,0,3500,0,0,0,2.8,1.6,14,2.8,0,0,0
"2026/01/14","2026/01/16","5026","トリプルアイズ","東証およびＰＴＳ",,"確報",0,500,8100,0,0,0,8100,0,369500,5985900,0,0,0,5985900,,,0,0,25800,0,0,0,14.8,34.6,9.4,14.8,0,0,0
"2026/01/14","2026/01/16","5027","ＡｎｙＭｉｎｄ","東証およびＰＴＳ",,"確報",200,300,29200,0,0,0,29200,119000,178500,17374000,0,0,0,17374000,,,0,0,0,58600,0,0,110.8,65.5,360,110.8,0,0,0
"2026/01/14","2026/01/16","5028","セカンドサイト","東証およびＰＴＳ",,"確報",100,100,11100,0,0,0,11100,41200,41200,4573200,0,0,0,4573200,,,0,0,0,55500,0,0,30.7,15.8,491,30.7,0,0,0
"2026/01/14","2026/01/16","5029","サークレイス","東証およびＰＴＳ",,"確報",0,300,1500,0,0,0,1500,0,326100,1630500,0,0,0,1630500,,,0,0,0,19800,0,0,8.5,63.5,4.5,8.5,0,0,0
"2026/01/14","2026/01/16","5031","モイ","東証およびＰＴＳ",,"確報",0,300,4100,0,0,0,4100,0,108300,1480100,0,0,0,1480100,,,0,0,0,4400,0,0,21.8,31.1,16.8,21.8,0,0,0
"2026/01/14","2026/01/16","5032","ＡＮＹＣＯＬＯＲ","東証およびＰＴＳ",,"確報",500,10100,380600,100,800,2800,377800,2192500,44288500,1668931000,438500,3508000,12278000,1656653000,,,0,0,0,42922000,385000,0,47.4,34.8,119.2,53.9,2.6,2.9,2.7
"2026/01/14","2026/01/16","5033","ヌーラボ","東証およびＰＴＳ",,"確報",0,0,15800,0,100,7500,8300,0,0,11913200,0,75400,5655000,6258200,,,0,0,0,79000,38000,0,180.9,792,99,176,384,128,192
"2026/01/14","2026/01/16","5034","ｕｎｅｒｒｙ","東証およびＰＴＳ",,"確報",0,0,13800,0,0,0,13800,0,0,37632600,0,0,0,37632600,,,0,0,0,510600,0,0,42.2,36.6,49.7,42.2,0,0,0
"2026/01/14","2026/01/16","5035","ＨＯＵＳＥＩ","東証およびＰＴＳ",,"確報",0,0,300,0,0,0,300,0,0,131700,0,0,0,131700,,,0,0,1800,0,0,0,7.8,0,3.9,7.8,0,0,0
"2026/01/14","2026/01/16","5036","日本ビジネスシステム","東証およびＰＴＳ",,"確報",0,1500,10700,600,0,6500,4200,0,2661000,18981800,1064400,0,11531000,7450800,,,0,0,36600,0,0,17700,20.5,21.1,22.8,21.9,10.4,70.5,18.2
"2026/01/14","2026/01/16","5038","ｅＷｅＬＬ","東証およびＰＴＳ",,"確報",0,1000,4400,0,0,0,4400,0,2858000,12575200,0,0,0,12575200,,,0,0,0,162000,0,0,26.1,41.3,19.1,26.1,0,0,0
"2026/01/14","2026/01/16","5071","ヴィス","東証およびＰＴＳ",,"確報",0,0,300,100,0,200,100,0,0,453900,151300,0,302600,151300,,,0,0,4200,0,0,1400,5.4,26,6.5,10.4,1.8,3,2.3
"2026/01/14","2026/01/16","5074","テスホールディングス","東証およびＰＴＳ",,"確報",1100,5000,207700,0,2300,37100,170600,419100,1905000,79133700,0,876300,14135100,64998600,,,0,0,0,1904400,354600,0,41.2,133.1,28.7,47.3,20.1,28.6,23.6
"2026/01/14","2026/01/16","5076","インフロニアＨＤ","東証およびＰＴＳ",,"確報",0,5200,63500,1500,0,3600,59900,0,11739000,143351250,3386250,0,8127000,135224250,,,0,0,0,583950,17850,0,18,22,24.2,23.1,3.8,2.4,2.9
"2026/01/14","2026/01/16","50765","インフロニア－優","東証およびＰＴＳ",,"確報",0,0,0,0,0,0,0,0,0,0,0,0,0,0,,,0,0,0,0,0,0,0,0,0,0,0,0,0
"2026/01/14","2026/01/16","5078","セレコーポレーション","東証およびＰＴＳ",,"確報",0,0,300,0,0,0,300,0,0,1456500,0,0,0,1456500,,,0,0,0,43500,0,0,0,0,0,0,0,0,0
"2026/01/14","2026/01/16","5079","ノバック","東証およびＰＴＳ",,"確報",200,0,5200,0,0,0,5200,574400,0,14934400,0,0,0,14934400,,,0,0,55000,0,0,0,55.6,27.8,0,55.6,0,0,0
"2026/01/14","2026/01/16","5101","横浜ゴム","東証およびＰＴＳ",,"確報",1200,1900,10600,100,200,3900,6700,7831200,12399400,69175600,652600,1305200,25451400,43724200,,,0,0,1469000,0,0,520000,9.9,9.3,8.4,8.8,20.2,12.6,15.5
"2026/01/14","2026/01/16","5103","昭和ホールディングス","東証およびＰＴＳ",,"確報",0,0,10000,0,0,0,10000,0,0,450000,0,0,0,450000,,,0,0,0,0,0,0,0,0,0,0,0,0,0
"2026/01/14","2026/01/16","5105","ＴＯＹＯ　ＴＩＲＥ","東証およびＰＴＳ",,"確報",500,1700,4500,1800,600,4000,500,2258500,7678900,20326500,8130600,2710200,18068000,2258500,,,0,0,558600,0,0,274400,6.6,25.4,4.4,7.5,4,7.7,5.3
"2026/01/14","2026/01/16","5108","ブリヂストン","東証およびＰＴＳ",,"確報",2200,2600,28500,1200,1300,8000,20500,7686800,9084400,99579000,4192800,4542200,27952000,71627000,,,0,0,404600,0,0,113400,7,10.7,8.6,9.6,8.3,2.1,3.4
"2026/01/14","2026/01/16","5110","住友ゴム工業","東証およびＰＴＳ",,"確報",500,5800,63200,0,600,6400,56800,1313750,15239500,166058000,0,1576500,16816000,149242000,,,0,0,1404250,0,0,143500,22.5,37.1,20.6,26.5,6.2,13.2,8.4
"2026/01/14","2026/01/16","5121","藤倉コンポジット","東証およびＰＴＳ",,"確報",0,3700,50100,700,0,15000,35100,0,7918000,107214000,1498000,0,32100000,75114000,,,0,0,1721600,0,0,457600,29.9,68.3,24.9,36.5,12.1,28.5,17
"2026/01/14","2026/01/16","5122","オカモト","東証およびＰＴＳ",,"確報",0,0,0,2200,0,12500,-12500,0,0,0,12452000,0,70750000,-70750000,,,0,0,0,0,0,1854000,22,0,3,6,12.8,100,22.7
"2026/01/14","2026/01/16","5125","ファインズ","東証およびＰＴＳ",,"確報",0,200,6900,0,0,0,6900,0,165400,5706300,0,0,0,5706300,,,0,0,0,99400,0,0,9,10.8,7.8,9,0,0,0
"2026/01/14","2026/01/16","5126","ポーターズ","東証およびＰＴＳ",,"確報",0,0,300,0,0,0,300,0,0,517200,0,0,0,517200,,,0,0,5100,0,0,0,0,0,0,0,0,0,0
"2026/01/14","2026/01/16","5129","ＦＩＸＥＲ","東証およびＰＴＳ",,"確報",1100,5400,73600,5800,0,299000,-225400,411400,2019600,27526400,2169200,0,111826000,-84299600,,,0,0,311600,0,0,1172800,42.8,9.8,15.9,12.1,64.9,450.2,113.4
"2026/01/14","2026/01/16","5131","リンカーズ","東証およびＰＴＳ",,"確報",29600,40800,506500,20000,0,716200,-209700,4972800,6854400,85092000,3360000,0,120321600,-35229600,,,0,0,0,517700,696200,0,40.1,16.9,25.6,20.4,66.5,1446.4,127.2
"2026/01/14","2026/01/16","5132","ｐｌｕｓｚｅｒｏ","東証およびＰＴＳ",,"確報",1400,400,27200,1900,0,133700,-106500,3871000,1106000,75208000,5253500,0,369680500,-294472500,,,0,0,0,1834000,9226000,0,25.6,5.1,6.3,5.6,172.9,1642.8,312.9
"2026/01/14","2026/01/16","5133","テリロジーＨＤ","東証およびＰＴＳ",,"確報",0,800,13000,0,0,0,13000,0,263200,4277000,0,0,0,4277000,,,0,0,0,55200,0,0,21.7,17.1,29.9,21.7,0,0,0
"2026/01/14","2026/01/16","5134","ＰＯＰＥＲ","東証およびＰＴＳ",,"確報",800,0,3400,0,0,0,3400,463200,0,1968600,0,0,0,1968600,,,0,0,26000,0,0,0,18.7,12.7,35,18.7,0,0,0
"2026/01/14","2026/01/16","5136","ｔｒｉｐｌａ","東証およびＰＴＳ",,"確報",0,2000,7200,0,0,0,7200,0,3846000,13845600,0,0,0,13845600,,,0,0,202400,0,0,0,16.6,20,14.2,16.6,0,0,0
"2026/01/14","2026/01/16","5137","スマートドライブ","東証およびＰＴＳ",,"確報",0,7300,62200,5400,0,61400,800,0,2788600,23760400,2062800,0,23454800,305600,,,0,0,695000,0,0,560000,6.6,4.3,4,4.1,56.2,22.6,32.3
"2026/01/14","2026/01/16","5138","Ｒｅｂａｓｅ","東証およびＰＴＳ",,"確報",0,0,300,0,0,0,300,0,0,264300,0,0,0,264300,,,0,0,0,5700,0,0,5,3.3,10,5,0,0,0
"2026/01/14","2026/01/16","5139","オープンワーク","東証およびＰＴＳ",,"確報",300,0,7900,0,0,0,7900,328800,0,8658400,0,0,0,8658400,,,0,0,30400,0,0,0,19,19,19,19,0,0,0
"2026/01/14","2026/01/16","5142","アキレス","東証およびＰＴＳ",,"確報",1300,700,8300,0,1000,5600,2700,1921400,1034600,12267400,0,1478000,8276800,3990600,,,0,0,0,23100,19800,0,11.9,13.3,11.7,12.5,23.1,7.5,11.4
"2026/01/14","2026/01/16","5161","西川ゴム工業","東証およびＰＴＳ",,"確報",700,100,16300,0,0,0,16300,2509500,358500,58435500,0,0,0,58435500,,,0,0,1491500,0,0,0,30.7,16.4,235,30.7,0,0,0
"2026/01/14","2026/01/16","5162","朝日ラバー","東証およびＰＴＳ",,"確報",100,0,1400,100,0,600,800,66600,0,932400,66600,0,399600,532800,,,0,0,0,5200,2000,0,27.7,68,34,45.3,14.5,14.5,14.5
"2026/01/14","2026/01/16","5184","ニチリン","東証およびＰＴＳ",,"確報",0,600,1000,0,100,300,700,0,2244000,3740000,0,374000,1122000,2618000,,,0,0,40000,0,0,10000,7.8,20.3,7.4,10.8,2.4,3,2.7
"2026/01/14","2026/01/16","5185","フコク","東証およびＰＴＳ",,"確報",100,1000,10300,0,200,5000,5300,200600,2006000,20661800,0,401200,10030000,10631800,,,0,0,212800,0,0,98800,25.8,22.9,19.8,21.3,64.5,43,51.6
"2026/01/14","2026/01/16","5186","ニッタ","東証およびＰＴＳ",,"確報",500,100,2300,400,0,2300,0,2140000,428000,9844000,1712000,0,9844000,0,,,0,0,66500,0,0,66500,9.9,12.1,7.3,9.1,15.6,8.4,10.9
"2026/01/14","2026/01/16","5187","クリエートメディック","東証およびＰＴＳ",,"確報",200,0,1400,0,0,0,1400,208000,0,1456000,0,0,0,1456000,,,0,0,1200,0,0,0,11.8,9.3,16.3,11.8,0,0,0
"2026/01/14","2026/01/16","5189","櫻護謨","東証およびＰＴＳ",,"確報",100,0,400,0,0,0,400,244200,0,976800,0,0,0,976800,,,0,0,14400,0,0,0,3.5,1.8,0,3.5,0,0,0
"2026/01/14","2026/01/16","5191","住友理工","東証およびＰＴＳ",,"確報",0,300,400,0,100,600,-200,0,777000,1036000,0,259000,1554000,-518000,,,0,0,0,0,0,0,33,0,10.7,21.3,0,34,68
"2026/01/14","2026/01/16","5192","三ツ星ベルト","東証およびＰＴＳ",,"確報",300,100,5500,200,0,5500,0,1210500,403500,22192500,807000,0,22192500,0,,,0,0,132500,0,0,132500,47.6,26.2,65.5,37.4,37.4,262,65.5
"2026/01/14","2026/01/16","5194","相模ゴム工業","東証およびＰＴＳ",,"確報",300,0,13200,0,0,0,13200,216300,0,9517200,0,0,0,9517200,,,0,0,0,51600,0,0,42.2,22.7,295.5,42.2,0,0,0
"2026/01/14","2026/01/16","5195","バンドー化学","東証およびＰＴＳ",,"確報",0,200,1200,100,100,1000,200,0,422800,2536800,211400,211400,2114000,422800,,,0,0,23800,0,0,17000,6.4,6,30,10,2.5,7.5,3.8
"2026/01/14","2026/01/16","5199","不二ラテックス","東証およびＰＴＳ",,"確報",0,0,0,0,0,0,0,0,0,0,0,0,0,0,,,0,0,0,0,0,0,0,0,0,0,0,0,0
"2026/01/14","2026/01/16","5201","ＡＧＣ","東証およびＰＴＳ",,"確報",1100,1000,21100,1900,600,2000,19100,5953200,5412000,114193200,10282800,3247200,10824000,103369200,,,0,0,1407000,0,0,46900,12.7,23.9,40.1,29.9,1.9,0.9,1.3
"2026/01/14","2026/01/16","5202","日本板硝子","東証およびＰＴＳ",,"確報",26000,2200,504000,2900,49100,111300,392700,15470000,1309000,299880000,1725500,29214500,66223500,233656500,,,0,0,0,21128800,6930000,0,17.5,16,46.8,23.9,16.2,7.3,10.1
"2026/01/14","2026/01/16","5204","石塚硝子","東証およびＰＴＳ",,"確報",100,400,1100,0,100,400,700,338500,1354000,3723500,0,338500,1354000,2369500,,,0,0,7000,0,0,2500,11,13.4,7.4,9.6,21,21,21
"2026/01/14","2026/01/16","5208","有沢製作所","東証およびＰＴＳ",,"確報",1800,0,21600,1800,0,21600,0,3178800,0,38145600,3178800,0,38145600,0,,,0,0,257400,0,0,257400,22.8,15.4,37.1,21.8,16.4,43.6,23.9
"2026/01/14","2026/01/16","5210","日本山村硝子","東証およびＰＴＳ",,"確報",100,0,6700,0,800,700,6000,316000,0,21172000,0,2528000,2212000,18960000,,,0,0,33000,0,0,7500,43.4,65.8,109.7,82.3,31,7.8,12.4
"2026/01/14","2026/01/16","5214","日本電気硝子","東証およびＰＴＳ",,"確報",4200,2200,26000,2000,0,26000,0,27501600,14405600,170248000,13096000,0,170248000,0,,,0,0,7152000,0,0,7152000,6.5,3.4,3.7,3.6,27.8,64.3,38.8
"2026/01/14","2026/01/16","5216","倉元製作所","東証およびＰＴＳ",,"確報",2200,0,31600,0,0,0,31600,310200,0,4455600,0,0,0,4455600,,,0,0,0,176400,0,0,14.4,30.7,9.4,14.4,0,0,0
"2026/01/14","2026/01/16","5218","オハラ","東証およびＰＴＳ",,"確報",0,3000,43900,200,600,63600,-19700,0,3201000,46841300,213400,640200,67861200,-21019900,,,0,0,1125600,0,0,1536000,8.5,4,4,4,151.1,83.5,107.6
"2026/01/14","2026/01/16","5232","住友大阪セメント","東証およびＰＴＳ",,"確報",200,1000,4900,600,0,2300,2600,794400,3972000,19462800,2383200,0,9135600,10327200,,,0,0,17100,0,0,5100,12,29.2,13.8,18.8,2.5,18.3,4.4
"2026/01/14","2026/01/16","5233","太平洋セメント","東証およびＰＴＳ",,"確報",900,5400,25500,2200,200,2500,23000,3735000,22410000,105825000,9130000,830000,10375000,95450000,,,0,0,0,60000,1000,0,24.6,74.2,20,31.6,1.1,15,2.1
"2026/01/14","2026/01/16","5237","ノザワ","東証およびＰＴＳ",,"確報",0,0,424900,0,0,1200,423700,0,0,447419700,0,0,1263600,446156100,,,0,0,1699600,0,0,4800,537.5,353.5,3029.6,633,2,0,4
"2026/01/14","2026/01/16","5240","ｍｏｎｏＡＩ","東証およびＰＴＳ",,"確報",53500,0,417000,57400,0,295800,121200,15194000,0,118428000,16301600,0,84007200,34420800,,,0,0,0,1817500,1192000,0,14.8,10.4,2864.5,20.7,6.4,29.9,10.6
"2026/01/14","2026/01/16","5242","アイズ","東証およびＰＴＳ",,"確報",0,100,800,0,0,0,800,0,106700,853600,0,0,0,853600,,,0,0,0,3600,0,0,18.8,47,11.8,18.8,0,0,0
"2026/01/14","2026/01/16","5243","ｎｏｔｅ","東証およびＰＴＳ",,"確報",12000,37900,85000,0,0,0,85000,27300000,86222500,193375000,0,0,0,193375000,,,0,0,44360000,0,0,0,8,6.7,9.9,8,0,0,0
"2026/01/14","2026/01/16","5244","ｊｉｇ．ｊｐ","東証およびＰＴＳ",,"確報",3400,600,131200,0,0,0,131200,748000,132000,28864000,0,0,0,28864000,,,0,0,0,642000,0,0,26.6,53.4,17.9,26.8,0,2,4
"2026/01/14","2026/01/16","5246","ＥＬＥＭＥＮＴＳ","東証およびＰＴＳ",,"確報",500,3200,156900,0,0,0,156900,328500,2102400,103083300,0,0,0,103083300,,,0,0,0,2713200,0,0,36.1,34.5,37.8,36.1,0,0,0
"2026/01/14","2026/01/16","5247","ＢＴＭ","東証およびＰＴＳ",,"確報",0,0,10500,0,0,0,10500,0,0,7833000,0,0,0,7833000,,,0,0,0,115500,0,0,82.5,536,44.7,82.5,0,0,0
"2026/01/14","2026/01/16","5248","テクノロジーズ","東証およびＰＴＳ",,"確報",0,900,13200,0,0,0,13200,0,488700,7167600,0,0,0,7167600,,,0,0,197400,0,0,0,18.3,26.8,14,18.3,0,0,0
"2026/01/14","2026/01/16","5250","プライムストラテジー","東証およびＰＴＳ",,"確報",0,0,700,0,0,0,700,0,0,870800,0,0,0,870800,,,0,0,9800,0,0,0,18,0,9,18,0,0,0
"2026/01/14","2026/01/16","5252","日本ナレッジ","東証およびＰＴＳ",,"確報",0,0,17100,0,0,0,17100,0,0,9952200,0,0,0,9952200,,,0,0,0,239400,0,0,856,856,856,856,0,0,0
"2026/01/14","2026/01/16","5253","カバー","東証およびＰＴＳ",,"確報",32300,11200,319900,100,2900,1177500,-857600,59432000,20608000,588616000,184000,5336000,2166600000,-1577984000,,,0,0,2988000,0,0,11803000,26.2,8.1,6.6,7.2,159.3,496.7,241.2
"2026/01/14","2026/01/16","5254","Ａｒｅｎｔ","東証およびＰＴＳ",,"確報",100,900,14300,0,0,0,14300,359000,3231000,51337000,0,0,0,51337000,,,0,0,1963000,0,0,0,35.4,46.5,28.6,35.4,0,0,0
"2026/01/14","2026/01/16","5256","Ｆｕｓｉｃ","東証およびＰＴＳ",,"確報",100,0,2000,0,0,0,2000,243100,0,4862000,0,0,0,4862000,,,0,0,0,203300,0,0,15.5,16.8,14.4,15.5,0,0,0
"2026/01/14","2026/01/16","5257","ノバシステム","東証およびＰＴＳ",,"確報",0,0,0,0,0,0,0,0,0,0,0,0,0,0,,,0,0,0,0,0,0,0,0,0,0,0,0,0
"2026/01/14","2026/01/16","5258","ＴＭＮ","東証およびＰＴＳ",,"確報",0,1500,762100,2500,0,159200,602900,0,715500,363521700,1192500,0,75938400,287583300,,,0,0,1527200,0,0,313400,325.6,1270,865.9,1029.7,97.6,61,75.1
"2026/01/14","2026/01/16","5259","ＢＢＤイニシアティブ","東証およびＰＴＳ",,"確報",0,0,2500,0,0,0,2500,0,0,3712500,0,0,0,3712500,,,0,0,0,140000,0,0,0,0,0,0,0,0,0
"2026/01/14","2026/01/16","5261","リソルＨＤ","東証およびＰＴＳ",,"確報",200,100,3400,0,0,0,3400,1528000,764000,25976000,0,0,0,25976000,,,0,0,0,198000,0,0,12.6,12.6,12.6,12.6,0,0,0
"2026/01/14","2026/01/16","5262","日本ヒューム","東証およびＰＴＳ",,"確報",23200,18100,567800,2000,0,713100,-145300,35588800,27765400,871005200,3068000,0,1093895400,-222890200,,,0,0,47829500,0,0,60443500,30,13.8,13.8,13.8,310.6,9999.9,615.9
"2026/01/14","2026/01/16","5268","旭コンクリート工業","東証およびＰＴＳ",,"確報",500,800,60400,0,0,0,60400,522000,835200,63057600,0,0,0,63057600,,,0,0,0,0,0,0,47.1,139.3,28.4,47.1,0,0,0
"2026/01/14","2026/01/16","5269","日本コンクリート工業","東証およびＰＴＳ",,"確報",15300,0,139400,14200,0,146100,-6700,5263200,0,47953600,4884800,0,50258400,-2304800,,,0,0,372300,0,0,395700,17.4,9.1,11.6,10.2,35.6,74.7,48.2
"2026/01/14","2026/01/16","5271","トーヨーアサノ","東証およびＰＴＳ",,"確報",0,100,0,0,0,0,0,0,237500,0,0,0,0,0,,,0,0,0,4300,0,0,0.7,1,0.5,0.7,0,0,0
"2026/01/14","2026/01/16","5273","三谷セキサン","東証およびＰＴＳ",,"確報",0,100,200,0,0,200,0,0,802000,1604000,0,0,1604000,0,,,0,0,0,21000,14000,0,1.8,1.7,1.5,1.6,0,1.4,2.8
"2026/01/14","2026/01/16","5279","日本興業","東証およびＰＴＳ",,"確報",0,0,1400,0,0,0,1400,0,0,1995000,0,0,0,1995000,,,0,0,21000,0,0,0,64,32,0,64,0,0,0
"2026/01/14","2026/01/16","5280","ヨシコン","東証およびＰＴＳ",,"確報",0,100,4100,0,0,0,4100,0,310500,12730500,0,0,0,12730500,,,0,0,0,189000,0,0,30.2,18.1,90.5,30.2,0,0,0
"2026/01/14","2026/01/16","5282","ジオスター","東証およびＰＴＳ",,"確報",2400,0,22600,0,0,0,22600,1039200,0,9785800,0,0,0,9785800,,,0,0,0,0,0,0,12.6,20.7,9,12.6,0,0,0
"2026/01/14","2026/01/16","5283","高見澤","東証およびＰＴＳ",,"確報",0,0,400,0,0,0,400,0,0,1358000,0,0,0,1358000,,,0,0,0,6000,0,0,14.7,22,11,14.7,0,0,0
"2026/01/14","2026/01/16","5284","ヤマウＨＤ","東証およびＰＴＳ",,"確報",0,0,500,0,0,0,500,0,0,1263500,0,0,0,1263500,,,0,0,0,4000,0,0,56,0,28,56,0,0,0
"2026/01/14","2026/01/16","5285","ヤマックス","東証およびＰＴＳ",,"確報",100,100,9500,1100,100,2500,7000,206000,206000,19570000,2266000,206000,5150000,14420000,,,0,0,304000,0,0,48000,20.2,19.1,152.7,33.9,2.9,33.5,5.4
"2026/01/14","2026/01/16","5287","イトーヨーギョー","東証およびＰＴＳ",,"確報",2100,0,16800,0,0,0,16800,2381400,0,19051200,0,0,0,19051200,,,0,0,852600,0,0,0,33.8,23.3,62,33.8,0,0,0
"2026/01/14","2026/01/16","5288","アジアパイルＨＤ","東証およびＰＴＳ",,"確報",0,600,15400,0,0,0,15400,0,907200,23284800,0,0,0,23284800,,,0,0,464000,0,0,0,15.6,17.8,13.9,15.6,0,0,0
"2026/01/14","2026/01/16","5290","ベルテクス","東証およびＰＴＳ",,"確報",700,0,27400,700,0,27400,0,939400,0,36770800,939400,0,36770800,0,,,0,0,0,427200,427200,0,12.1,7.1,7,7,46.7,42.5,44.5
"2026/01/14","2026/01/16","5301","東海カーボン","東証およびＰＴＳ",,"確報",300,8700,65700,0,0,600,65100,312450,9061050,68426550,0,0,624900,67801650,,,0,0,2371200,0,0,19200,11.2,28.3,7,11.2,4.5,0,9
"2026/01/14","2026/01/16","5302","日本カーボン","東証およびＰＴＳ",,"確報",500,100,2100,0,100,1000,1100,2275000,455000,9555000,0,455000,4550000,5005000,,,0,0,68000,0,0,44000,7,6.9,6.1,6.5,6.4,11.6,8.3
"2026/01/14","2026/01/16","5304","ＳＥＣカーボン","東証およびＰＴＳ",,"確報",300,700,1900,0,400,1900,0,822000,1918000,5206000,0,1096000,5206000,0,,,0,0,0,34500,34500,0,3.8,3.5,2.7,3,3.7,11.1,5.6
"2026/01/14","2026/01/16","5310","東洋炭素","東証およびＰＴＳ",,"確報",1200,1500,12800,500,0,3100,9700,6768000,8460000,72192000,2820000,0,17484000,54708000,,,0,0,2882000,0,0,572000,7.9,10.2,8.2,9.1,5.7,5.6,5.7
"2026/01/14","2026/01/16","5331","ノリタケ","東証およびＰＴＳ",,"確報",400,400,2000,100,200,5400,-3400,2436000,2436000,12180000,609000,1218000,32886000,-20706000,,,0,0,20000,0,0,55000,5.3,2.5,2.3,2.4,23.1,18.1,20.3
"2026/01/14","2026/01/16","5332","ＴＯＴＯ","東証およびＰＴＳ",,"確報",2000,1700,12400,15100,400,19300,-6900,9258000,7869300,57399600,69897900,1851600,89339700,-31940100,,,0,0,1125300,0,0,427800,5.7,10.7,8.3,9.3,2.1,7.8,3.3
"2026/01/14","2026/01/16","5333","日本碍子","東証およびＰＴＳ",,"確報",100,400,22700,800,0,8900,13800,375500,1502000,85238500,3004000,0,33419500,51819000,,,0,0,2622000,0,0,923400,11.8,9.8,50.9,16.4,6.3,9.1,7.4
"2026/01/14","2026/01/16","5334","日本特殊陶業","東証およびＰＴＳ",,"確報",0,2600,27200,100,0,1300,25900,0,18044000,188768000,694000,0,9022000,179746000,,,0,0,2860800,0,0,115200,8.4,6.3,20,9.6,26.6,2.3,4.2
"2026/01/14","2026/01/16","5337","ダントーＨＤ","東証およびＰＴＳ",,"確報",0,0,1900,0,0,0,1900,0,0,1008900,0,0,0,1008900,,,0,0,1900,0,0,0,27.8,0,13.9,27.8,0,0,0
"2026/01/14","2026/01/16","5341","ＡＳＡＨＩ　ＥＩＴＯ","東証およびＰＴＳ",,"確報",0,100,6800,0,0,0,6800,0,23800,1618400,0,0,0,1618400,,,0,0,0,20700,0,0,15.4,8.4,94.7,15.4,0,0,0
"2026/01/14","2026/01/16","5344","ＭＡＲＵＷＡ","東証およびＰＴＳ",,"確報",100,1000,1600,600,0,3100,-1500,4690000,46900000,75040000,28140000,0,145390000,-70350000,,,0,0,2750000,0,0,2750000,3.4,9.1,3.7,5.2,2,2.9,2.4
"2026/01/14","2026/01/16","5351","品川リフラ","東証およびＰＴＳ",,"確報",8300,100,12500,8300,100,12500,0,18210200,219400,27425000,18210200,219400,27425000,0,,,0,0,86000,0,0,86000,2.4,1.5,2.2,1.8,2.8,37.7,5.1
"2026/01/14","2026/01/16","5352","黒崎播磨","東証およびＰＴＳ",,"確報",300,0,1300,0,0,300,1000,1251000,0,5421000,0,0,1251000,4170000,,,0,0,0,0,0,0,7.3,5,8.3,6.3,0,5.8,11.5
"2026/01/14","2026/01/16","5355","日本坩堝","東証およびＰＴＳ",,"確報",100,0,900,0,0,0,900,62700,0,564300,0,0,0,564300,,,0,0,4800,0,0,0,82,41,0,82,0,0,0
"2026/01/14","2026/01/16","5356","美濃窯業","東証およびＰＴＳ",,"確報",100,0,6700,0,0,100,6600,120700,0,8086900,0,0,120700,7966200,,,0,0,19800,0,0,300,112.3,165.5,110.3,132.4,0,6,12
"2026/01/14","2026/01/16","5357","ヨータイ","東証およびＰＴＳ",,"確報",1100,200,6000,0,600,6600,-600,2068000,376000,11280000,0,1128000,12408000,-1128000,,,0,0,0,5100,7200,0,14.8,13.8,23.9,17.5,13.1,13.6,13.3
"2026/01/14","2026/01/16","5363","東京窯業","東証およびＰＴＳ",,"確報",200,200,5700,0,4800,900,4800,125800,125800,3585300,0,3019200,566100,3019200,,,0,0,0,5700,5700,0,6.6,16.1,22.2,18.6,3,2.8,2.9
"2026/01/14","2026/01/16","5367","ニッカトー","東証およびＰＴＳ",,"確報",0,0,2600,300,0,400,2200,0,0,1619800,186900,0,249200,1370600,,,0,0,0,7800,300,0,30.9,134,67,89.3,1.3,2.5,1.7
"2026/01/14","2026/01/16","5368","日本インシュレ","東証およびＰＴＳ",,"確報",0,0,5200,0,0,0,5200,0,0,5974800,0,0,0,5974800,,,0,0,67600,0,0,0,50,62.5,41.7,50,0,0,0
"2026/01/14","2026/01/16","5380","新東","東証およびＰＴＳ",,"確報",0,0,2500,0,0,0,2500,0,0,4050000,0,0,0,4050000,,,0,0,0,2500,0,0,123,61.5,0,123,0,0,0
"2026/01/14","2026/01/16","5381","マイポックス","東証およびＰＴＳ",,"確報",1800,2300,97200,200,700,97200,0,860400,1099400,46461600,95600,334600,46461600,0,,,0,0,1367800,0,0,1367800,12,7.7,6.2,6.9,278.9,28.2,51.2
"2026/01/14","2026/01/16","5384","フジミイン","東証およびＰＴＳ",,"確報",200,900,16100,1000,0,4400,11700,508200,2286900,40910100,2541000,0,11180400,29729700,,,0,0,1142400,0,0,231200,35.9,62.6,67.8,65.1,5.3,0,10.6
"2026/01/14","2026/01/16","5386","鶴弥","東証およびＰＴＳ",,"確報",0,0,0,0,0,0,0,0,0,0,0,0,0,0,,,0,0,0,0,0,0,3.8,17.5,2.1,3.8,0,0,0
"2026/01/14","2026/01/16","5388","クニミネ工業","東証およびＰＴＳ",,"確報",100,0,600,0,0,400,200,135000,0,810000,0,0,540000,270000,,,0,0,20500,0,0,16400,7.8,5,0,10,2.8,0,5.5
"2026/01/14","2026/01/16","5391","Ａ＆Ａマテリアル","東証およびＰＴＳ",,"確報",0,0,5500,0,0,700,4800,0,0,7727500,0,0,983500,6744000,,,0,0,0,49500,6300,0,46.4,0,25.3,50.7,0,14.7,29.3
"2026/01/14","2026/01/16","5393","ニチアス","東証およびＰＴＳ",,"確報",0,1200,7600,400,2600,4100,3500,0,8871600,56186800,2957200,19221800,30311300,25875500,,,0,0,79200,0,0,56700,6.9,8.1,9.5,8.7,6.9,4.2,5.2
"2026/01/14","2026/01/16","5401","日本製鉄","東証およびＰＴＳ",,"確報",53200,116900,2941100,0,36400,95700,2845400,35106680,77142310,1940831890,0,24020360,63152430,1877679460,,,0,0,1201920,0,0,52840,5.4,4.6,7,5.6,1.9,3.5,2.4
"2026/01/14","2026/01/16","5406","神戸製鋼所","東証およびＰＴＳ",,"確報",14000,900,85600,3600,4100,19800,65800,31549000,2028150,192899600,8112600,9239350,44619300,148280300,,,0,0,3226250,0,0,903350,7.7,14.4,20.8,17,9.1,2.2,3.6
"2026/01/14","2026/01/16","5408","中山製鋼所","東証およびＰＴＳ",,"確報",0,3000,116500,0,3000,116500,0,0,1971000,76540500,0,1971000,76540500,0,,,0,0,239000,0,0,239000,13.7,7.7,6.9,7.3,2043.3,61.9,120.2
"2026/01/14","2026/01/16","5410","合同製鐵","東証およびＰＴＳ",,"確報",800,600,4800,100,0,100,4700,3368000,2526000,20208000,421000,0,421000,19787000,,,0,0,345000,0,0,0,8,6.6,10.6,8.1,1,0,2
"2026/01/14","2026/01/16","5411","ＪＦＥ","東証およびＰＴＳ",,"確報",12300,45600,47500,406100,0,430500,-383000,26143650,96922800,100961250,863165550,0,915027750,-814066500,,,0,0,2626000,0,0,793000,2.1,3.1,2.5,2.8,1.2,3,1.8
"2026/01/14","2026/01/16","5423","東京製鐵","東証およびＰＴＳ",,"確報",100,10600,5700,1800,100,88900,-83200,159600,16917600,9097200,2872800,159600,141884400,-132787200,,,0,0,291600,0,0,1569600,11.3,4.2,3.5,3.8,12.8,135.1,23.5
"2026/01/14","2026/01/16","5440","共英製鋼","東証およびＰＴＳ",,"確報",200,0,7000,1700,400,8300,-1300,529800,0,18543000,4503300,1059600,21986700,-3443700,,,0,0,401200,0,0,413000,4.7,3,3.7,3.3,7.8,8.2,8
"2026/01/14","2026/01/16","5444","大和工業","東証およびＰＴＳ",,"確報",200,100,5000,200,100,5000,0,2306000,1153000,57650000,2306000,1153000,57650000,0,,,0,0,490000,0,0,490000,11.7,8.8,6.4,7.4,70,17.5,28
"2026/01/14","2026/01/16","5445","東京鐵鋼","東証およびＰＴＳ",,"確報",300,400,6900,0,0,0,6900,1947000,2596000,44781000,0,0,0,44781000,,,0,0,560000,0,0,0,29.7,25.2,36.3,29.7,0,0,0
"2026/01/14","2026/01/16","5446","北越メタル","東証およびＰＴＳ",,"確報",100,0,1400,0,0,0,1400,125200,0,1752800,0,0,0,1752800,,,0,0,6500,0,0,0,44,66,33,44,0,0,0
"2026/01/14","2026/01/16","5449","大阪製鐵","東証およびＰＴＳ",,"確報",0,200,937200,500,0,60700,876500,0,613000,2872518000,1532500,0,186045500,2686472500,,,0,0,0,32809000,2107000,0,17.8,8.4,4652.9,16.7,384.4,87.9,143
"2026/01/14","2026/01/16","5451","ヨドコウ","東証およびＰＴＳ",,"確報",200,3500,19100,400,100,36900,-17800,288400,5047000,27542200,576800,144200,53209800,-25667600,,,0,0,425600,0,0,695400,40,24.9,13.2,17.2,183.6,306,229.5
"2026/01/14","2026/01/16","5458","高砂鐵工","東証およびＰＴＳ",,"確報",400,100,1800,0,0,0,1800,456000,114000,2052000,0,0,0,2052000,,,0,0,31500,0,0,0,15,15,15,15,0,0,0
"2026/01/14","2026/01/16","5461","中部鋼鈑","東証およびＰＴＳ",,"確報",1000,200,11700,0,500,24500,-12800,2332000,466400,27284400,0,1166000,57134000,-29849600,,,0,0,294300,0,0,675000,15,8.6,7.4,7.9,97.5,18.1,30.5
"2026/01/14","2026/01/16","5463","丸一鋼管","東証およびＰＴＳ",,"確報",1000,0,20900,400,1800,30300,-9400,1535500,0,32091950,614200,2763900,46525650,-14433700,,,0,0,169150,0,0,269450,20.2,16.1,11.2,13.2,145.7,18.2,32.4
"2026/01/14","2026/01/16","5464","モリ工業","東証およびＰＴＳ",,"確報",2100,10800,5900,100,0,11300,-5400,2217600,11404800,6230400,105600,0,11932800,-5702400,,,0,0,189800,0,0,145600,3.1,1.6,1.2,1.4,194.3,30.7,53
"2026/01/14","2026/01/16","5471","大同特殊鋼","東証およびＰＴＳ",,"確報",12000,20900,137600,1100,0,24400,113200,25092000,43701900,287721600,2300100,0,51020400,236701200,,,0,0,16261500,0,0,2586300,5.6,3.2,10.3,4.9,9.9,14.9,11.9
"2026/01/14","2026/01/16","5476","日本高周波鋼業","東証およびＰＴＳ",,"確報",0,0,19900,0,0,0,19900,0,0,11581800,0,0,0,11581800,,,0,0,218900,0,0,0,0,0,0,0,0,0,0
"2026/01/14","2026/01/16","5480","日本冶金工業","東証およびＰＴＳ",,"確報",500,400,31100,100,0,31100,0,2500000,2000000,155500000,500000,0,155500000,0,,,0,0,2170000,0,0,2170000,14.6,9.4,9.7,9.5,30.2,32.7,31.4
"2026/01/14","2026/01/16","5482","愛知製鋼","東証およびＰＴＳ",,"確報",0,700,24500,300,2600,2300,22200,0,2285500,79992500,979500,8489000,7509500,72483000,,,0,0,756000,0,0,138000,7.7,7.8,15.1,10.2,5.1,2.1,3
"2026/01/14","2026/01/16","5484","東北特殊鋼","東証およびＰＴＳ",,"確報",0,0,0,0,0,0,0,0,0,0,0,0,0,0,,,0,0,0,0,0,0,0,0,0,0,0,0,0
"2026/01/14","2026/01/16","5491","日本金属","東証およびＰＴＳ",,"確報",1600,1000,46200,1200,200,9600,36600,1606400,1004000,46384800,1204800,200800,9638400,36746400,,,0,0,2143200,0,0,404200,17.1,55.6,10,16.9,20.3,15.9,17.8
"2026/01/14","2026/01/16","5527","ｐｒｏｐｅｔｅｃ","東証およびＰＴＳ",,"確報",4900,0,43800,0,0,0,43800,3817100,0,34120200,0,0,0,34120200,,,0,0,0,155600,0,0,16.4,8.3,582,16.4,0,0,0
"2026/01/14","2026/01/16","5532","リアルゲイト","東証およびＰＴＳ",,"確報",0,1000,10700,0,0,0,10700,0,2400000,25680000,0,0,0,25680000,,,0,0,0,351000,0,0,23,25,21.3,23,0,0,0
"2026/01/14","2026/01/16","5533","エリッツＨＤ","東証およびＰＴＳ",,"確報",0,0,300,0,0,0,300,0,0,566400,0,0,0,566400,,,0,0,0,5700,0,0,0,0,0,0,0,0,0
"2026/01/14","2026/01/16","5535","ミガロＨＤ","東証およびＰＴＳ",,"確報",100,1100,115700,0,0,0,115700,41600,457600,48131200,0,0,0,48131200,,,0,0,0,116700,0,0,33.7,38.9,29.8,33.7,0,0,0
"2026/01/14","2026/01/16","5537","ＡｌｂａＬｉｎｋ","東証およびＰＴＳ",,"確報",100,7900,29200,0,0,0,29200,220000,17380000,64240000,0,0,0,64240000,,,0,0,0,6290000,0,0,15.2,14.6,15.9,15.2,0,0,0
"2026/01/14","2026/01/16","5541","大平洋金属","東証およびＰＴＳ",,"確報",5400,11500,54600,3400,700,54600,0,16016400,34109000,161943600,10084400,2076200,161943600,0,,,0,0,3642000,0,0,3114000,5.7,3.4,3.3,3.3,73.6,47.8,58
"2026/01/14","2026/01/16","5542","新報国マテリアル","東証およびＰＴＳ",,"確報",0,100,1000,0,0,0,1000,0,74700,747000,0,0,0,747000,,,0,0,8800,0,0,0,6.4,3.5,35,6.4,0,0,0
"2026/01/14","2026/01/16","5563","新日本電工","東証およびＰＴＳ",,"確報",22400,3200,144600,59300,1400,390300,-245700,8736000,1248000,56394000,23127000,546000,152217000,-95823000,,,0,0,0,0,0,0,7.5,2.5,3.6,2.9,24.6,164.2,42.8
"2026/01/14","2026/01/16","5570","ジェノバ","東証およびＰＴＳ",,"確報",100,0,6300,0,0,0,6300,70400,0,4435200,0,0,0,4435200,,,0,0,0,43400,0,0,28.9,14.5,0,28.9,0,0,0
"2026/01/14","2026/01/16","5571","エキサイトＨＤ","東証およびＰＴＳ",,"確報",0,0,1800,0,0,0,1800,0,0,2206800,0,0,0,2206800,,,0,0,0,0,0,0,0,0,0,0,0,0,0
"2026/01/14","2026/01/16","5572","Ｒｉｄｇｅ－ｉ","東証およびＰＴＳ",,"確報",2400,0,11400,0,0,0,11400,5241600,0,24897600,0,0,0,24897600,,,0,0,0,405000,0,0,26.1,16.1,69,26.1,0,0,0
"2026/01/14","2026/01/16","5574","ＡＢＥＪＡ","東証およびＰＴＳ",,"確報",300,2600,38100,0,0,0,38100,825900,7157800,104889300,0,0,0,104889300,,,0,0,0,1898800,0,0,31.5,33.1,30.1,31.5,0,0,0
"2026/01/14","2026/01/16","5575","Ｇｌｏｂｅｅ","東証およびＰＴＳ",,"確報",0,0,4000,0,0,0,4000,0,0,2600000,0,0,0,2600000,,,0,0,20000,0,0,0,58.3,51,68,58.3,0,0,0
"2026/01/14","2026/01/16","5576","オービーシステム","東証およびＰＴＳ",,"確報",0,0,500,0,0,0,500,0,0,1495000,0,0,0,1495000,,,0,0,12000,0,0,0,56,0,28,56,0,0,0
"2026/01/14","2026/01/16","5578","ＡＲアドバンスト","東証およびＰＴＳ",,"確報",2200,400,14300,0,0,0,14300,2750000,500000,17875000,0,0,0,17875000,,,0,0,0,875000,0,0,21.5,13.1,60.2,21.5,0,0,0
"2026/01/14","2026/01/16","5580","プロディライト","東証およびＰＴＳ",,"確報",0,0,600,0,0,0,600,0,0,1015200,0,0,0,1015200,,,0,0,0,0,0,0,21.3,32,16,21.3,0,0,0
"2026/01/14","2026/01/16","5582","グリッド","東証およびＰＴＳ",,"確報",100,400,5700,0,0,0,5700,266200,1064800,15173400,0,0,0,15173400,,,0,0,54000,0,0,0,22.2,25.3,19.9,22.2,0,0,0
"2026/01/14","2026/01/16","5586","Ｌａｂｏｒｏ．ＡＩ","東証およびＰＴＳ",,"確報",400,0,27300,0,0,0,27300,364800,0,24897600,0,0,0,24897600,,,0,0,0,134500,0,0,39.7,27.9,68.9,39.7,0,0,0
"2026/01/14","2026/01/16","5587","インバウンドＰＦ","東証およびＰＴＳ",,"確報",0,0,3500,0,0,0,3500,0,0,3048500,0,0,0,3048500,,,0,0,0,7000,0,0,59,177,35.4,59,0,0,0
"2026/01/14","2026/01/16","5588","ファーストＡ","東証およびＰＴＳ",,"確報",100,800,4200,0,0,0,4200,104900,839200,4405800,0,0,0,4405800,,,0,0,0,49000,0,0,12,29.2,7.5,12,0,0,0
"2026/01/14","2026/01/16","5589","オートサーバー","東証およびＰＴＳ",,"確報",0,0,2100,0,0,500,1600,0,0,5317200,0,0,1266000,4051200,,,0,0,2100,0,0,500,266,0,0,0,0,28,56
"2026/01/14","2026/01/16","5590","ネットスターズ","東証およびＰＴＳ",,"確報",2700,600,138100,1300,0,65000,73100,2637900,586200,134923700,1270100,0,63505000,71418700,,,0,0,0,4760000,2229500,0,77.5,37.3,280.6,65.9,153.7,97.8,119.6
"2026/01/14","2026/01/16","5591","ＡＶＩＬＥＮ","東証およびＰＴＳ",,"確報",500,0,7100,0,0,0,7100,650000,0,9230000,0,0,0,9230000,,,0,0,0,151800,0,0,34.1,29.5,40.5,34.1,0,0,0
"2026/01/14","2026/01/16","5592","くすりの窓口","東証およびＰＴＳ",,"確報",100,3400,17300,0,0,0,17300,281800,9581200,48751400,0,0,0,48751400,,,0,0,0,721000,0,0,18.2,22.5,15.3,18.2,0,0,0
"2026/01/14","2026/01/16","5596","アウトルック","東証およびＰＴＳ",,"確報",0,0,200,0,0,0,200,0,0,359400,0,0,0,359400,,,0,0,0,0,0,0,0,0,0,0,0,0,0
"2026/01/14","2026/01/16","5597","ブルーイノベーション","東証およびＰＴＳ",,"確報",3900,100,22300,0,0,0,22300,6290700,161300,35969900,0,0,0,35969900,,,0,0,1073000,0,0,0,6.9,5.1,10.7,6.9,0,0,0
"2026/01/14","2026/01/16","5599","Ｓ＆Ｊ","東証およびＰＴＳ",,"確報",0,100,4900,0,0,0,4900,0,211500,10363500,0,0,0,10363500,,,0,0,0,30000,0,0,24,21.8,26.7,24,0,0,0
"2026/01/14","2026/01/16","5602","栗本鐵工所","東証およびＰＴＳ",,"確報",4000,500,39700,7400,0,26600,13100,7620000,952500,75628500,14097000,0,50673000,24955500,,,0,0,3004600,0,0,1593600,15.5,32.7,15.1,20.7,6,31.3,10
"2026/01/14","2026/01/16","5603","虹技","東証およびＰＴＳ",,"確報",0,100,3500,0,0,0,3500,0,138700,4854500,0,0,0,4854500,,,0,0,169200,0,0,0,116.7,87.5,175,116.7,0,0,0
"2026/01/14","2026/01/16","5609","日本鋳造","東証およびＰＴＳ",,"確報",0,0,4500,0,0,0,4500,0,0,3834000,0,0,0,3834000,,,0,0,0,13500,0,0,57.3,38.2,114.5,57.3,0,0,0
"2026/01/14","2026/01/16","5612","日本鋳鉄管","東証およびＰＴＳ",,"確報",0,1800,15400,0,0,0,15400,0,3567600,30522800,0,0,0,30522800,,,0,0,1616800,0,0,0,8,5.2,17.3,8,0,0,0
"2026/01/14","2026/01/16","5616","雨風太陽","東証およびＰＴＳ",,"確報",0,100,6800,0,0,0,6800,0,89300,6072400,0,0,0,6072400,,,0,0,0,69000,0,0,77.8,175,50,77.8,0,0,0
"2026/01/14","2026/01/16","5618","ナイル","東証およびＰＴＳ",,"確報",0,100,6200,0,0,0,6200,0,31400,1946800,0,0,0,1946800,,,0,0,31500,0,0,0,158,316,105.3,158,0,0,0
"2026/01/14","2026/01/16","5619","マーソ","東証およびＰＴＳ",,"確報",0,0,0,0,0,0,0,0,0,0,0,0,0,0,,,0,0,0,0,0,0,0,0,0,0,0,0,0
"2026/01/14","2026/01/16","5621","ヒューマンＴ","東証およびＰＴＳ",,"確報",0,0,3100,0,0,0,3100,0,0,5828000,0,0,0,5828000,,,0,0,0,21700,0,0,79,158,52.7,79,0,0,0
"2026/01/14","2026/01/16","5631","日本製鋼所","東証およびＰＴＳ",,"確報",4100,7600,96900,5100,100,68800,28100,38392400,71166400,907371600,47756400,936400,644243200,263128400,,,0,0,46786400,0,0,29730800,30.7,30.9,16.8,21.8,44.8,1611.5,87.1
"2026/01/14","2026/01/16","5632","三菱製鋼","東証およびＰＴＳ",,"確報",0,800,21000,100,400,11300,9700,0,1586400,41643000,198300,793200,22407900,19235100,,,0,0,283400,0,0,150800,36.2,278,48.3,82.4,110.3,10.2,18.6
"2026/01/14","2026/01/16","5644","メタルアート","東証およびＰＴＳ",,"確報",0,200,2100,0,0,0,2100,0,1080000,11340000,0,0,0,11340000,,,0,0,207000,0,0,0,16.7,10.2,46,16.7,0,0,0
"2026/01/14","2026/01/16","5658","日亜鋼業","東証およびＰＴＳ",,"確報",0,0,6100,100,100,6100,0,0,0,2379000,39000,39000,2379000,0,,,0,0,79300,0,0,79300,41.6,26.5,48.5,34.2,36.4,97,52.9
"2026/01/14","2026/01/16","5659","日本精線","東証およびＰＴＳ",,"確報",0,400,9600,0,400,9600,0,0,494400,11865600,0,494400,11865600,0,,,0,0,90000,0,0,90000,9.5,7.4,5.2,6.1,21,21.9,21.4
"2026/01/14","2026/01/16","5660","神鋼鋼線工業","東証およびＰＴＳ",,"確報",0,0,7200,0,0,0,7200,0,0,10260000,0,0,0,10260000,,,0,0,0,14400,0,0,62.5,31.3,0,62.5,0,0,0
"2026/01/14","2026/01/16","5695","パウダーテック","東証およびＰＴＳ",,"確報",0,500,400,0,0,0,400,0,1192500,954000,0,0,0,954000,,,0,0,0,0,0,0,4.7,4,5.6,4.7,0,0,0
"2026/01/14","2026/01/16","5697","サンユウ","東証およびＰＴＳ",,"確報",500,12500,2800,0,0,0,2800,399500,9987500,2237200,0,0,0,2237200,,,0,0,799200,0,0,0,8.8,56.3,4.8,8.8,0,0,0
"2026/01/14","2026/01/16","5698","エンビプロＨＤ","東証およびＰＴＳ",,"確報",12600,7400,46500,0,0,0,46500,11655000,6845000,43012500,0,0,0,43012500,,,0,0,6195000,0,0,0,4,4.5,3.6,4,0,0,0
"2026/01/14","2026/01/16","5699","イボキン","東証およびＰＴＳ",,"確報",0,500,8600,0,0,0,8600,0,841000,14465200,0,0,0,14465200,,,0,0,1019200,0,0,0,43.2,34.9,56.8,43.2,0,0,0
"2026/01/14","2026/01/16","5702","大紀アルミニウム工業","東証およびＰＴＳ",,"確報",3000,2600,53200,0,1300,51500,1700,3969000,3439800,70383600,0,1719900,68134500,2249100,,,0,0,1372800,0,0,1372800,22.3,14.6,36.7,20.9,12.8,180.4,23.9
"2026/01/14","2026/01/16","5703","日本軽金属ＨＤ","東証およびＰＴＳ",,"確報",1700,2100,25600,1200,1600,25600,0,4673300,5772900,70374400,3298800,4398400,70374400,0,,,0,0,1300000,0,0,1300000,4.3,2.5,2.5,2.5,25.6,28.5,26.9
"2026/01/14","2026/01/16","5704","ＪＭＣ","東証およびＰＴＳ",,"確報",3000,0,7300,0,0,0,7300,1155000,0,2810500,0,0,0,2810500,,,0,0,0,4300,0,0,15.3,8.2,122.5,15.3,0,0,0
"2026/01/14","2026/01/16","5706","三井金属","東証およびＰＴＳ",,"確報",12200,11800,37800,55800,0,211100,-173300,261629000,253051000,810621000,1196631000,0,4527039500,-3716418500,,,0,0,43010000,0,0,178595000,6.3,4.1,2.5,3.1,10,10.4,10.2
"2026/01/14","2026/01/16","5707","東邦亜鉛","東証およびＰＴＳ",,"確報",48900,13000,196300,54200,15400,213200,-16900,81125100,21567000,325661700,89917800,25548600,353698800,-28037100,,,0,0,48120000,0,0,52320000,6.3,3.6,4.2,3.9,11.1,29,16.1
"2026/01/14","2026/01/16","5711","三菱マテリアル","東証およびＰＴＳ",,"確報",13800,6200,93100,2600,8900,79200,13900,60540600,27199400,408429700,11406200,39044300,347450400,60979300,,,0,0,15561000,0,0,15561000,6.6,4.6,4.8,4.7,20.6,13.9,16.6
"2026/01/14","2026/01/16","5713","住友金属鉱山","東証およびＰＴＳ",,"確報",20700,23800,233500,1100,23600,8000,225500,162412200,186734800,1832041000,8630600,185165600,62768000,1769273000,,,0,0,79497600,0,0,10248000,10.7,11.4,16,13.4,6.7,2.4,3.5
"2026/01/14","2026/01/16","5714","ＤＯＷＡＨＤ","東証およびＰＴＳ",,"確報",800,1500,26100,100,1200,2600,23500,7059200,13236000,230306400,882400,10588800,22942400,207364000,,,0,0,3966400,0,0,547600,10.3,8.6,14.6,10.8,29.6,4.7,8.1
"2026/01/14","2026/01/16","5715","古河機械金属","東証およびＰＴＳ",,"確報",14000,7600,105300,200,7100,8200,97100,69090000,37506000,519655500,987000,35038500,40467000,479188500,,,0,0,2967000,0,0,453000,10.1,7.6,18.8,10.8,11.8,5.6,7.6
"2026/01/14","2026/01/16","5721","エス・サイエンス","東証およびＰＴＳ",,"確報",944100,220300,6503000,0,0,0,6503000,174658500,40755500,1203055000,0,0,0,1203055000,,,7975296,0,0,153842304,0,0,14.4,13.3,15.8,14.4,0,0,0
"2026/01/14","2026/01/16","5724","アサカ理研","東証およびＰＴＳ",,"確報",7800,6300,51700,0,0,0,51700,31941000,25798500,211711500,0,0,0,211711500,,,0,0,0,8283000,0,0,9.3,7.9,11.3,9.3,0,0,0
"2026/01/14","2026/01/16","5726","大阪チタニウムテクノ","東証およびＰＴＳ",,"確報",21100,107100,618600,2400,3400,1316900,-698300,52750000,267750000,1546500000,6000000,8500000,3292250000,-1745750000,,,0,0,116259000,0,0,217453500,22.8,8.1,9,8.5,244.5,530.3,334.7
"2026/01/14","2026/01/16","5727","東邦チタニウム","東証およびＰＴＳ",,"確報",14600,3300,121700,11300,0,121700,0,24017000,5428500,200196500,18588500,0,200196500,0,,,0,0,8611200,0,0,8611200,18.5,12.1,12,12,29.4,65.7,40.6
"2026/01/14","2026/01/16","5729","日本精鉱","東証およびＰＴＳ",,"確報",200,500,4800,0,0,0,4800,2356000,5890000,56544000,0,0,0,56544000,,,0,0,0,2448000,0,0,10,7.2,16.4,10,0,0,0
"2026/01/14","2026/01/16","5741","ＵＡＣＪ","東証およびＰＴＳ",,"確報",1000,300,42600,1600,0,7700,34900,2257000,677100,96148200,3611200,0,17378900,78769300,,,0,0,1508400,0,0,219600,18.1,26.2,25.5,25.9,10.5,5.9,7.5
"2026/01/14","2026/01/16","5742","エヌアイシ・オート","東証およびＰＴＳ",,"確報",0,0,4200,0,0,100,4100,0,0,3301200,0,0,78600,3222600,,,0,0,0,8400,200,0,432,0,0,0,0,6,12
"2026/01/14","2026/01/16","5753","日本伸銅","東証およびＰＴＳ",,"確報",0,600,9100,0,0,0,9100,0,1481400,22467900,0,0,0,22467900,,,0,0,194000,0,0,0,53.4,53.4,53.4,53.4,0,0,0
"2026/01/14","2026/01/16","5757","ＣＫサンエツ","東証およびＰＴＳ",,"確報",0,300,1900,0,0,0,1900,0,1288500,8160500,0,0,0,8160500,,,0,0,143000,0,0,0,13.4,12.4,14.5,13.4,0,0,0
"2026/01/14","2026/01/16","5801","古河電気工業","東証およびＰＴＳ",,"確報",400,28100,150400,2000,100,2600,147800,3986000,280016500,1498736000,19930000,996500,25909000,1472827000,,,0,0,178100,0,0,700,12.1,9.3,22.7,13.2,10.4,2.1,3.4
"2026/01/14","2026/01/16","5802","住友電気工業","東証およびＰＴＳ",,"確報",2700,22600,166600,6600,0,6600,160000,17493300,146425400,1079401400,42761400,0,42761400,1036640000,,,0,0,0,0,0,0,6.8,9.3,6.3,7.5,1,1.5,1.2
"2026/01/14","2026/01/16","5803","フジクラ","東証およびＰＴＳ",,"確報",1600,6500,399900,1300,2600,74900,325000,27672000,112417500,6916270500,22483500,44967000,1295395500,5620875000,,,0,0,52624000,0,0,9906000,19.8,11,57.2,18.5,46.7,20.5,28.5
"2026/01/14","2026/01/16","5805","ＳＷＣＣ","東証およびＰＴＳ",,"確報",1500,2700,25500,0,0,62600,-37100,16710000,30078000,284070000,0,0,697364000,-413294000,,,0,0,0,267000,626000,0,21.4,5.9,11.6,7.8,43.8,68,53.3
"2026/01/14","2026/01/16","5816","オーナンバ","東証およびＰＴＳ",,"確報",0,100,5800,0,100,5800,0,0,148900,8636200,0,148900,8636200,0,,,0,0,29500,0,0,29500,3.8,2.4,2.2,2.3,366,12.6,24.4
"2026/01/14","2026/01/16","5817","ＪＭＡＣＳ","東証およびＰＴＳ",,"確報",7000,2600,27100,0,0,0,27100,7798000,2896400,30189400,0,0,0,30189400,,,0,0,2043000,0,0,0,13.8,12.8,15,13.8,0,0,0
"2026/01/14","2026/01/16","5819","カナレ電気","東証およびＰＴＳ",,"確報",300,100,1900,0,0,0,1900,558300,186100,3535900,0,0,0,3535900,,,0,0,0,11900,0,0,29.7,29.7,29.7,29.7,0,0,0
"2026/01/14","2026/01/16","5820","三ッ星","東証およびＰＴＳ",,"確報",0,0,145400,0,0,0,145400,0,0,98145000,0,0,0,98145000,,,0,0,0,727000,0,0,484.3,484.3,484.3,484.3,0,0,0
"2026/01/14","2026/01/16","5821","平河ヒューテック","東証およびＰＴＳ",,"確報",800,100,153700,0,0,0,153700,2320000,290000,445730000,0,0,0,445730000,,,0,0,8874000,0,0,0,381.3,224.3,1270.8,381.3,0,0,0
"2026/01/14","2026/01/16","5830","いよぎんＨＤ","東証およびＰＴＳ",,"確報",0,4800,46800,1200,900,16200,30600,0,13329600,129963600,3332400,2499300,44987400,84976200,,,0,0,696600,0,0,214650,31.2,50.1,20.9,29.5,65.7,26.7,38
"2026/01/14","2026/01/16","5831","しずおかＦＧ","東証およびＰＴＳ",,"確報",0,5600,26000,8100,0,12700,13300,0,14758800,68523000,21347550,0,33470850,35052150,,,0,0,1011200,0,0,147200,8.3,44.5,15.9,23.4,2.2,2.3,2.2
"2026/01/14","2026/01/16","5832","ちゅうぎんＦＧ","東証およびＰＴＳ",,"確報",0,1200,5000,100,200,1500,3500,0,3184200,13267500,265350,530700,3980250,9287250,,,0,0,0,55800,14400,0,10.3,17.5,10.4,13,4.6,6.5,5.4
"2026/01/14","2026/01/16","5834","ＳＢＩリーシング","東証およびＰＴＳ",,"確報",0,600,46800,0,0,500,46300,0,3540000,276120000,0,0,2950000,273170000,,,0,0,0,2844000,30000,0,72.2,140.8,48.8,72.5,25,0,50
"2026/01/14","2026/01/16","5838","楽天銀行","東証およびＰＴＳ",,"確報",500,4200,513400,0,200,800,512600,3424000,28761600,3515763200,0,1369600,5478400,3510284800,,,0,0,0,22752400,44000,0,40.2,23.5,147.1,40.5,2.9,14.5,4.8
"2026/01/14","2026/01/16","5842","インテグラル","東証およびＰＴＳ",,"確報",2500,200,15700,0,0,0,15700,9212500,737000,57854500,0,0,0,57854500,,,0,0,2010000,0,0,0,34.8,21.8,87,34.8,0,0,0
"2026/01/14","2026/01/16","5843","ニッポンインシュア","東証およびＰＴＳ",,"確報",300,0,4800,0,0,0,4800,767700,0,12283200,0,0,0,12283200,,,0,0,0,13500,0,0,36.7,31.4,44,36.7,0,0,0
"2026/01/14","2026/01/16","5844","京都ＦＧ","東証およびＰＴＳ",,"確報",4700,5900,23200,0,1200,23200,0,16769600,21051200,82777600,0,4281600,82777600,0,,,0,0,48800,0,0,48800,5.3,3,2.8,2.9,80.9,22.1,34.7
"2026/01/14","2026/01/16","5845","全保連","東証およびＰＴＳ",,"確報",0,1600,12000,0,0,1600,10400,0,1614400,12108000,0,0,1614400,10493600,,,0,0,0,122400,14400,0,19.4,29.8,12.1,17.3,0,0,0
"2026/01/14","2026/01/16","5851","リョービ","東証およびＰＴＳ",,"確報",0,200,6100,300,100,2200,3900,0,572000,17446000,858000,286000,6292000,11154000,,,0,0,289800,0,0,92000,14.5,121.3,15.2,27,5.8,6.4,6.1
"2026/01/14","2026/01/16","5852","アーレスティ","東証およびＰＴＳ",,"確報",100,1000,25100,0,600,2700,22400,85900,859000,21560900,0,515400,2319300,19241600,,,0,0,182000,0,0,23100,14.7,16.4,22.7,19,3.8,7.8,5.1
"2026/01/14","2026/01/16","5856","エルアイイーエイチ","東証およびＰＴＳ",,"確報",0,6000,10000,0,0,0,10000,0,180000,300000,0,0,0,300000,,,0,0,0,0,0,0,4.1,0,2.1,4.1,0,0,0
"2026/01/14","2026/01/16","5857","ＡＲＥＨＤ","東証およびＰＴＳ",,"確報",2500,1100,61700,400,0,3800,57900,8862500,3899500,218726500,1418000,0,13471000,205255500,,,0,0,3618000,0,0,204000,20.4,12.7,53.3,20.5,14.5,26.5,18.7
"2026/01/14","2026/01/16","5858","ＳＴＧ","東証およびＰＴＳ",,"確報",0,0,1700,0,0,0,1700,0,0,2883200,0,0,0,2883200,,,0,0,0,10200,0,0,12.8,27.7,8.3,12.8,0,0,0
"2026/01/14","2026/01/16","5867","エスネットワークス","東証およびＰＴＳ",,"確報",0,0,200,0,0,0,200,0,0,257600,0,0,0,257600,,,0,0,1000,0,0,0,0,0,0,0,0,0,0
"2026/01/14","2026/01/16","5868","ロココ","東証およびＰＴＳ",,"確報",100,0,3700,0,0,0,3700,109600,0,4055200,0,0,0,4055200,,,0,0,25200,0,0,0,16.2,16.2,16.2,16.2,0,0,0
"2026/01/14","2026/01/16","5869","早稲田学習研究会","東証およびＰＴＳ",,"確報",0,0,900,100,0,100,800,0,0,1125000,125000,0,125000,1000000,,,0,0,0,900,0,0,25,0,48,96,1,2,1.3
"2026/01/14","2026/01/16","5870","ナルネット","東証およびＰＴＳ",,"確報",0,200,14200,0,0,0,14200,0,227400,16145400,0,0,0,16145400,,,0,0,0,187200,0,0,114.6,0,57.3,114.6,0,0,0
"2026/01/14","2026/01/16","5871","ＳＯＬＩＺＥ　ＨＤ","東証およびＰＴＳ",,"確報",200,0,3000,0,0,400,2600,283200,0,4248000,0,0,566400,3681600,,,0,0,0,28000,4000,0,46,27.8,139,46.3,0,22,44
"2026/01/14","2026/01/16","5884","クラダシ","東証およびＰＴＳ",,"確報",0,0,4100,0,0,0,4100,0,0,1722000,0,0,0,1722000,,,0,0,0,4100,0,0,79.2,49.5,198,79.2,0,0,0
"2026/01/14","2026/01/16","5885","ジーデップアドバンス","東証およびＰＴＳ",,"確報",0,1700,6900,0,0,0,6900,0,4945300,20072100,0,0,0,20072100,,,0,0,0,782600,0,0,15.4,15.1,15.7,15.4,0,0,0
"2026/01/14","2026/01/16","5888","ダイワサイクル","東証およびＰＴＳ",,"確報",0,0,1800,0,0,0,1800,0,0,6471000,0,0,0,6471000,,,0,0,126000,0,0,0,17.3,9.9,69,17.3,0,0,0
"2026/01/14","2026/01/16","5889","ＪＥＨ","東証およびＰＴＳ",,"確報",700,100,52900,0,0,0,52900,1414000,202000,106858000,0,0,0,106858000,,,0,0,0,1778200,0,0,32.9,62.4,22.3,32.9,0,0,0
"2026/01/14","2026/01/16","5891","魁力屋","東証およびＰＴＳ",,"確報",0,0,1900,0,0,0,1900,0,0,3087500,0,0,0,3087500,,,0,0,9500,0,0,0,18.7,25.8,14.7,18.7,0,0,0
"2026/01/14","2026/01/16","5892","ｙｕｔｏｒｉ","東証およびＰＴＳ",,"確報",1200,700,24700,0,0,0,24700,3289200,1918700,67702700,0,0,0,67702700,,,0,0,0,2637800,0,0,26.6,16.5,68.1,26.6,0,0,0
"2026/01/14","2026/01/16","5900","ダイケン","東証およびＰＴＳ",,"確報",0,100,100,0,0,0,100,0,86000,86000,0,0,0,86000,,,0,0,1400,0,0,0,6,4.5,9,6,0,0,0
"2026/01/14","2026/01/16","5901","東洋製罐グループＨＤ","東証およびＰＴＳ",,"確報",0,1900,16300,900,2800,16300,0,0,7446100,63879700,3527100,10973200,63879700,0,,,0,0,382200,0,0,382200,15.1,32.5,13.3,18.9,17.5,9.9,12.6
"2026/01/14","2026/01/16","5902","ホッカンＨＤ","東証およびＰＴＳ",,"確報",100,100,1100,100,100,1100,0,242400,242400,2666400,242400,242400,2666400,0,,,0,0,17600,0,0,17600,7.8,15.5,5.2,7.8,15.5,5.2,7.8
"2026/01/14","2026/01/16","5903","シンポ","東証およびＰＴＳ",,"確報",0,0,100,0,0,0,100,0,0,120200,0,0,0,120200,,,0,0,0,400,0,0,0,0,0,0,0,0,0
"2026/01/14","2026/01/16","5905","日本製罐","東証およびＰＴＳ",,"確報",0,0,4000,0,0,0,4000,0,0,5040000,0,0,0,5040000,,,0,0,28000,0,0,0,66.3,66.3,66.3,66.3,0,0,0
"2026/01/14","2026/01/16","5906","エムケー精工","東証およびＰＴＳ",,"確報",0,0,9800,0,0,0,9800,0,0,6379800,0,0,0,6379800,,,0,0,0,19600,0,0,978,489,0,978,0,0,0
"2026/01/14","2026/01/16","5909","コロナ","東証およびＰＴＳ",,"確報",0,800,0,0,0,0,0,0,777600,0,0,0,0,0,,,0,0,7200,0,0,0,8,0,4,8,0,0,0
"2026/01/14","2026/01/16","5911","横河ブリッジＨＤ","東証およびＰＴＳ",,"確報",0,400,10400,1100,500,13300,-2900,0,1264000,32864000,3476000,1580000,42028000,-9164000,,,0,0,270000,0,0,317500,18,19.9,12.8,15.6,28.2,16,20.5
"2026/01/14","2026/01/16","5915","駒井ハルテック","東証およびＰＴＳ",,"確報",0,300,3100,0,300,3100,0,0,609000,6293000,0,609000,6293000,0,,,0,0,34000,0,0,34000,24.5,22.7,26.5,24.5,22.7,26.5,24.5
"2026/01/14","2026/01/16","5918","瀧上工業","東証およびＰＴＳ",,"確報",0,0,100,0,0,0,100,0,0,735000,0,0,0,735000,,,0,0,0,0,0,0,10,0,5,10,0,0,0
"2026/01/14","2026/01/16","5921","川岸工業","東証およびＰＴＳ",,"確報",0,0,1000,0,0,0,1000,0,0,4375000,0,0,0,4375000,,,0,0,20000,0,0,0,23,15.3,46,23,0,0,0
"2026/01/14","2026/01/16","5922","那須電機鉄工","東証およびＰＴＳ",,"確報",0,0,100,0,0,0,100,0,0,1775000,0,0,0,1775000,,,0,0,0,4000,0,0,10,5,0,10,0,0,0
"2026/01/14","2026/01/16","5923","高田機工","東証およびＰＴＳ",,"確報",0,0,1900,0,0,0,1900,0,0,2270500,0,0,0,2270500,,,0,0,3800,0,0,0,36.8,30.7,46,36.8,0,0,0
"2026/01/14","2026/01/16","5928","アルメタックス","東証およびＰＴＳ",,"確報",600,0,10000,200,0,4300,5700,167400,0,2790000,55800,0,1199700,1590300,,,0,0,28200,0,0,12300,46.5,26.4,74.8,39,50.5,202,80.8
"2026/01/14","2026/01/16","5929","三和ホールディングス","東証およびＰＴＳ",,"確報",0,600,2300,1200,200,2100,200,0,2560200,9814100,5120400,853400,8960700,853400,,,0,0,159500,0,0,60500,4.6,15.2,5.4,8,2.8,2,2.4
"2026/01/14","2026/01/16","5930","文化シヤッター","東証およびＰＴＳ",,"確報",200,0,11700,0,0,0,11700,425800,0,24909300,0,0,0,24909300,,,0,0,287500,0,0,0,33.9,34.9,32.9,33.9,0,0,0
"2026/01/14","2026/01/16","5932","三協立山","東証およびＰＴＳ",,"確報",0,700,20600,0,700,20600,0,0,457800,13472400,0,457800,13472400,0,,,0,0,149100,0,0,149100,11.4,25.4,9,13.3,15.6,7.4,10
"2026/01/14","2026/01/16","5933","アルインコ","東証およびＰＴＳ",,"確報",0,100,12600,0,100,1000,11600,0,115100,14502600,0,115100,1151000,13351600,,,0,0,101600,0,0,8800,49.9,34.4,88.4,49.5,54,54,54
"2026/01/14","2026/01/16","5936","東洋シヤッター","東証およびＰＴＳ",,"確報",0,100,2000,0,100,100,1900,0,95600,1912000,0,95600,95600,1816400,,,0,0,0,0,0,0,13,24.3,10.8,14.9,7,3.5,4.7
"2026/01/14","2026/01/16","5938","ＬＩＸＩＬ","東証およびＰＴＳ",,"確報",0,700,20400,1400,0,5400,15000,0,1351350,39382200,2702700,0,10424700,28957500,,,0,0,189900,0,0,36000,9.4,12,21.7,15.5,5.3,3.9,4.5
"2026/01/14","2026/01/16","5939","大谷工業","東証およびＰＴＳ",,"確報",0,0,2700,0,0,0,2700,0,0,16902000,0,0,0,16902000,,,0,0,0,432000,0,0,44.7,26.8,134,44.7,0,0,0
"2026/01/14","2026/01/16","5940","不二サッシ","東証およびＰＴＳ",,"確報",1000,0,14200,0,0,0,14200,945000,0,13419000,0,0,0,13419000,,,0,0,184800,0,0,0,25,32.8,20.2,25,0,0,0
"2026/01/14","2026/01/16","5941","中西製作所","東証およびＰＴＳ",,"確報",0,100,300,0,0,0,300,0,268000,804000,0,0,0,804000,,,0,0,10400,0,0,0,7.5,7.5,7.5,7.5,0,0,0
"2026/01/14","2026/01/16","5942","日本フイルコン","東証およびＰＴＳ",,"確報",200,0,900,0,0,0,900,112200,0,504900,0,0,0,504900,,,0,0,0,2100,0,0,8.8,14.3,6.3,8.8,0,0,0
"2026/01/14","2026/01/16","5943","ノーリツ","東証およびＰＴＳ",,"確報",0,1900,6100,3900,0,44700,-38600,0,3885500,12474500,7975500,0,91411500,-78937000,,,0,0,224000,0,0,1142400,28.6,15.4,7.5,10.1,44.4,39.7,41.9
"2026/01/14","2026/01/16","5945","天龍製鋸","東証およびＰＴＳ",,"確報",0,0,0,0,0,0,0,0,0,0,0,0,0,0,,,0,0,0,0,0,0,0,0,0,0,0,0,0
"2026/01/14","2026/01/16","5946","長府製作所","東証およびＰＴＳ",,"確報",2900,0,866900,1000,0,51300,815600,5814500,0,1738134500,2005000,0,102856500,1635278000,,,0,0,0,34560000,2012000,0,1101.9,847.2,9999.9,1661.8,93.4,630.3,162.6
"2026/01/14","2026/01/16","5947","リンナイ","東証およびＰＴＳ",,"確報",400,200,1800,300,800,8500,-6700,1648400,824200,7417800,1236300,3296800,35028500,-27610700,,,0,0,99200,0,0,558000,6.1,3.3,3.8,3.5,28.6,4.2,7.3
"2026/01/14","2026/01/16","5949","ユニプレス","東証およびＰＴＳ",,"確報",200,500,23200,0,300,23200,0,274800,687000,31876800,0,412200,31876800,0,,,0,0,23500,0,0,23500,19.6,14.9,29.8,19.9,12.1,49.3,19.4
"2026/01/14","2026/01/16","5950","日本パワー","東証およびＰＴＳ",,"確報",100,0,3700,0,0,0,3700,19300,0,714100,0,0,0,714100,,,0,0,10800,0,0,0,68.4,34.2,0,68.4,0,0,0
"2026/01/14","2026/01/16","5951","ダイニチ工業","東証およびＰＴＳ",,"確報",0,0,3200,0,0,2700,500,0,0,3094400,0,0,2610900,483500,,,0,0,0,3200,2700,0,100.3,0,160,320,0,28.2,56.4
"2026/01/14","2026/01/16","5952","アマテイ","東証およびＰＴＳ",,"確報",10100,200,39200,0,0,0,39200,2110900,41800,8192800,0,0,0,8192800,,,0,0,439500,0,0,0,16.7,9.7,61.9,16.7,0,0,0
"2026/01/14","2026/01/16","5955","ワイズＨＤ","東証およびＰＴＳ",,"確報",62100,24200,378300,10000,0,10100,368200,5713200,2226400,34803600,920000,0,929200,33874400,,,0,0,680800,0,0,200,5.2,3.9,10.3,5.6,1.7,1.9,1.8
"2026/01/14","2026/01/16","5956","トーソー","東証およびＰＴＳ",,"確報",100,300,2500,100,300,2500,0,61500,184500,1537500,61500,184500,1537500,0,,,0,0,2700,0,0,2700,9.8,9.5,12.3,10.7,8.2,10.3,9.1
"2026/01/14","2026/01/16","5957","日東精工","東証およびＰＴＳ",,"確報",500,2000,3800,100,3300,50400,-46600,374000,1496000,2842400,74800,2468400,37699200,-34856800,,,0,0,42400,0,0,428800,18.3,5.8,4.6,5.1,48.8,17.2,25.5
"2026/01/14","2026/01/16","5958","三洋工業","東証およびＰＴＳ",,"確報",0,0,100,0,0,100,0,0,0,456000,0,0,456000,0,,,0,0,0,7500,7500,0,6,6,6,6,6,6,6
"2026/01/14","2026/01/16","5959","岡部","東証およびＰＴＳ",,"確報",0,1600,19200,1200,100,38600,-19400,0,1574400,18892800,1180800,98400,37982400,-19089600,,,0,0,249600,0,0,450000,10.3,7.3,7.1,7.2,82.5,8,14.5
"2026/01/14","2026/01/16","5962","浅香工業","東証およびＰＴＳ",,"確報",0,0,600,0,0,0,600,0,0,1053000,0,0,0,1053000,,,0,0,0,0,0,0,22,16.5,33,22,0,0,0
"2026/01/14","2026/01/16","5965","フジマック","東証およびＰＴＳ",,"確報",100,0,3000,0,0,0,3000,109600,0,3288000,0,0,0,3288000,,,0,0,26100,0,0,0,292,146,0,292,0,0,0
"2026/01/14","2026/01/16","5966","京都機械工具","東証およびＰＴＳ",,"確報",0,0,500,0,0,0,500,0,0,1248000,0,0,0,1248000,,,0,0,0,0,0,0,50,0,25,50,0,0,0
"2026/01/14","2026/01/16","5967","ＴＯＮＥ","東証およびＰＴＳ",,"確報",900,0,5000,0,0,0,5000,480600,0,2670000,0,0,0,2670000,,,0,0,176300,0,0,0,39.1,21.5,215,39.1,0,0,0
"2026/01/14","2026/01/16","5969","ロブテックス","東証およびＰＴＳ",,"確報",0,0,700,0,0,0,700,0,0,865900,0,0,0,865900,,,0,0,24500,0,0,0,0,0,0,0,0,0,0
"2026/01/14","2026/01/16","5970","ジーテクト","東証およびＰＴＳ",,"確報",100,26700,19800,30000,8600,43100,-23300,207400,55375800,41065200,62220000,17836400,89389400,-48324200,,,0,0,1206400,0,0,564200,4.3,7.2,4.7,5.7,8.8,2.5,3.9
"2026/01/14","2026/01/16","5971","共和工業所","東証およびＰＴＳ",,"確報",0,0,500,0,0,0,500,0,0,3680000,0,0,0,3680000,,,0,0,0,10000,0,0,0,0,0,0,0,0,0
"2026/01/14","2026/01/16","5973","トーアミ","東証およびＰＴＳ",,"確報",0,0,0,0,0,0,0,0,0,0,0,0,0,0,,,0,0,0,0,0,0,4,0,2,4,0,0,0
"2026/01/14","2026/01/16","5974","中国工業","東証およびＰＴＳ",,"確報",0,0,2500,0,0,0,2500,0,0,2122500,0,0,0,2122500,,,0,0,0,62500,0,0,3.1,2.3,4.8,3.1,0,0,0
"2026/01/14","2026/01/16","5975","東プレ","東証およびＰＴＳ",,"確報",0,0,1300,0,0,800,500,0,0,3244800,0,0,1996800,1248000,,,0,0,44200,0,0,27200,26.8,21.3,32,25.6,0,14.3,28.7
"2026/01/14","2026/01/16","5976","高周波熱錬","東証およびＰＴＳ",,"確報",600,100,20800,0,2000,29600,-8800,801000,133500,27768000,0,2670000,39516000,-11748000,,,0,0,345100,0,0,537200,26.9,20.4,16.9,18.5,26.5,73,38.9
"2026/01/14","2026/01/16","5981","東京製綱","東証およびＰＴＳ",,"確報",0,600,8000,0,700,3700,4300,0,1030200,13736000,0,1201900,6352900,7383100,,,0,0,146200,0,0,74800,3.9,19.2,4,6.7,6.7,1.1,1.9
"2026/01/14","2026/01/16","5982","マルゼン","東証およびＰＴＳ",,"確報",0,200,100,0,0,0,100,0,746000,373000,0,0,0,373000,,,0,0,18000,0,0,0,3.5,3.5,3.5,3.5,0,0,0
"2026/01/14","2026/01/16","5983","イワブチ","東証およびＰＴＳ",,"確報",0,100,700,0,0,0,700,0,1241000,8687000,0,0,0,8687000,,,0,0,0,240000,0,0,78,0,39,78,0,0,0
"2026/01/14","2026/01/16","5984","兼房","東証およびＰＴＳ",,"確報",0,100,500,0,0,0,500,0,75600,378000,0,0,0,378000,,,0,0,4800,0,0,0,13.4,0,6.7,13.4,0,0,0
"2026/01/14","2026/01/16","5985","サンコール","東証およびＰＴＳ",,"確報",3400,300,264100,0,500,0,264100,3478200,306900,270174300,0,511500,0,270174300,,,0,0,5220000,0,0,10000,33,31.6,35.5,33.4,7.7,2.6,3.8
"2026/01/14","2026/01/16","5986","モリテック　スチール","東証およびＰＴＳ",,"確報",19200,1100,54400,0,0,0,54400,3840000,220000,10880000,0,0,0,10880000,,,0,0,0,0,0,0,7.4,4.2,30.6,7.4,0,0,0
"2026/01/14","2026/01/16","5987","オーネックス","東証およびＰＴＳ",,"確報",0,0,600,0,0,0,600,0,0,1027800,0,0,0,1027800,,,0,0,0,0,0,0,28,14,0,28,0,0,0
"2026/01/14","2026/01/16","5988","パイオラックス","東証およびＰＴＳ",,"確報",1200,700,23100,500,0,56300,-33200,2156400,1257900,41510700,898500,0,101171100,-59660400,,,0,0,180800,0,0,446400,72.5,30.7,51.6,38.5,104.3,122.5,112.7
"2026/01/14","2026/01/16","5989","エイチワン","東証およびＰＴＳ",,"確報",0,2000,32400,0,0,0,32400,0,3046000,49345200,0,0,0,49345200,,,0,0,1032000,0,0,0,40.7,51.2,33.8,40.7,0,0,0
"2026/01/14","2026/01/16","5990","スーパーツール","東証およびＰＴＳ",,"確報",0,0,200,0,0,0,200,0,0,392000,0,0,0,392000,,,0,0,1200,0,0,0,0,0,0,0,0,0,0
"2026/01/14","2026/01/16","5991","日本発条","東証およびＰＴＳ",,"確報",200,1900,16400,0,1700,16400,0,527200,5008400,43230400,0,4481200,43230400,0,,,0,0,0,135750,135750,0,15.2,15.4,10.9,12.8,24.7,14.9,18.6
"2026/01/14","2026/01/16","5992","中央発條","東証およびＰＴＳ",,"確報",0,0,921000,700,1000,52700,868300,0,0,3177450000,2415000,3450000,181815000,2995635000,,,0,0,0,23025000,1325000,0,985.6,9999.9,1002.3,1881.8,243.7,68.7,107.2
"2026/01/14","2026/01/16","5994","ファインシンター","東証およびＰＴＳ",,"確報",0,600,8200,0,0,0,8200,0,1126800,15399600,0,0,0,15399600,,,0,0,79200,0,0,0,9.2,16.9,6.3,9.2,0,0,0
"2026/01/14","2026/01/16","5997","協立エアテック","東証およびＰＴＳ",,"確報",0,0,200,0,0,0,200,0,0,143000,0,0,0,143000,,,0,0,400,0,0,0,0,0,0,0,0,0,0
"2026/01/14","2026/01/16","5998","アドバネクス","東証およびＰＴＳ",,"確報",100,0,5500,0,0,0,5500,181600,0,9988000,0,0,0,9988000,,,0,0,0,129600,0,0,78.9,138,55.2,78.9,0,0,0
"2026/01/14","2026/01/16","6005","三浦工業","東証およびＰＴＳ",,"確報",2800,1600,11900,1400,200,11900,0,9046800,5169600,38448900,4523400,646200,38448900,0,,,0,0,481500,0,0,481500,3.7,3.6,2,2.5,35.7,3.8,6.8
"2026/01/14","2026/01/16","6013","タクマ","東証およびＰＴＳ",,"確報",600,0,4900,500,300,1900,3000,1517400,0,12392100,1264500,758700,4805100,7587000,,,0,0,68800,0,0,27200,9.5,20.6,22.7,21.6,8.5,3,4.4
"2026/01/14","2026/01/16","6016","ジャパンエンジン","東証およびＰＴＳ",,"確報",1300,2300,15600,0,0,0,15600,19396000,34316000,232752000,0,0,0,232752000,,,0,0,8964000,0,0,0,14.4,29.7,9.5,14.4,0,0,0
"2026/01/14","2026/01/16","6018","阪神内燃機工業","東証およびＰＴＳ",,"確報",0,0,700,0,0,0,700,0,0,2996000,0,0,0,2996000,,,0,0,10500,0,0,0,6.3,0,3.1,6.3,0,0,0
"2026/01/14","2026/01/16","6022","赤阪鐵工所","東証およびＰＴＳ",,"確報",0,0,1500,0,0,0,1500,0,0,7357500,0,0,0,7357500,,,0,0,37500,0,0,0,51.3,77,38.5,51.3,0,0,0
"2026/01/14","2026/01/16","6023","ダイハツインフィ","東証およびＰＴＳ",,"確報",200,400,46900,0,400,5300,41600,567000,1134000,132961500,0,1134000,15025500,117936000,,,0,0,706500,0,0,85500,35.5,54.8,29.4,38.3,15.9,33.9,21.7
"2026/01/14","2026/01/16","6027","弁護士ドットコム","東証およびＰＴＳ",,"確報",700,300,36200,1700,200,14600,21600,2296000,984000,118736000,5576000,656000,47888000,70848000,,,0,0,1253000,0,0,458500,37.8,169.7,28.3,48.5,20.7,26.5,23.3
"2026/01/14","2026/01/16","6029","アトラグループ","東証およびＰＴＳ",,"確報",1000,3200,57400,0,0,0,57400,173000,553600,9930200,0,0,0,9930200,,,0,0,0,119200,0,0,38.9,37.8,39.9,38.9,0,0,0
"2026/01/14","2026/01/16","6030","アドベンチャー","東証およびＰＴＳ",,"確報",0,200,11200,0,0,0,11200,0,351000,19656000,0,0,0,19656000,,,0,0,307800,0,0,0,62,69.8,55.8,62,0,0,0
"2026/01/14","2026/01/16","6031","ＺＥＴＡ","東証およびＰＴＳ",,"確報",0,1000,40400,1200,100,9400,31000,0,296000,11958400,355200,29600,2782400,9176000,,,0,0,0,165600,33200,0,11.3,35.3,6.3,10.7,11.9,71.5,20.4
"2026/01/14","2026/01/16","6033","エクストリーム","東証およびＰＴＳ",,"確報",0,0,5700,0,0,0,5700,0,0,8082600,0,0,0,8082600,,,0,0,0,11400,0,0,20.1,14.2,34.4,20.1,0,0,0
"2026/01/14","2026/01/16","6034","ＭＲＴ","東証およびＰＴＳ",,"確報",700,800,3800,0,100,3800,0,450800,515200,2447200,0,64400,2447200,0,,,0,0,0,11700,11700,0,27.7,21.6,14.9,17.6,194,38.8,64.7
"2026/01/14","2026/01/16","6035","ＩＲジャパンＨＤ","東証およびＰＴＳ",,"確報",2500,40200,30900,900,0,91200,-60300,2005000,32240400,24781800,721800,0,73142400,-48360600,,,0,0,137200,0,0,180600,8.5,3.2,3.2,3.2,189.6,413.6,260
"2026/01/14","2026/01/16","6036","ＫｅｅＰｅｒ技研","東証およびＰＴＳ",,"確報",800,400,52000,0,1300,19800,32200,2620000,1310000,170300000,0,4257500,64845000,105455000,,,0,0,0,3096000,1266000,0,44,77.2,84.9,80.9,62.6,12.7,21.1
"2026/01/14","2026/01/16","6037","楽待","東証およびＰＴＳ",,"確報",700,0,23300,1600,100,10400,12900,735700,0,24488300,1681600,105100,10930400,13557900,,,0,0,0,474600,186900,0,26.9,34.6,214.8,59.7,26.5,8.4,12.7
"2026/01/14","2026/01/16","6038","イード","東証およびＰＴＳ",,"確報",0,0,1400,100,0,100,1300,0,0,1334200,95300,0,95300,1238900,,,0,0,0,2800,0,0,46.7,69,0,138,1,1,1
"2026/01/14","2026/01/16","6039","日本動物高度医療","東証およびＰＴＳ",,"確報",1000,100,23300,0,0,0,23300,1244000,124400,28985200,0,0,0,28985200,,,0,0,313600,0,0,0,34.2,24.7,55.6,34.2,0,0,0
"2026/01/14","2026/01/16","6040","日本スキー場開発","東証およびＰＴＳ",,"確報",100,500,31200,0,0,0,31200,49200,246000,15350400,0,0,0,15350400,,,0,0,0,126400,0,0,39.6,52.4,31.9,39.6,0,0,0
"2026/01/14","2026/01/16","6042","ニッキ","東証およびＰＴＳ",,"確報",200,0,600,0,0,0,600,760000,0,2280000,0,0,0,2280000,,,0,0,0,16000,0,0,9.2,7.7,11.5,9.2,0,0,0
"2026/01/14","2026/01/16","6044","三機サービス","東証およびＰＴＳ",,"確報",0,700,2300,0,0,0,2300,0,1496600,4917400,0,0,0,4917400,,,0,0,90000,0,0,0,20.3,26.4,16.5,20.3,0,0,0
"2026/01/14","2026/01/16","6045","レントラックス","東証およびＰＴＳ",,"確報",0,0,3700,0,0,3600,100,0,0,6145700,0,0,5979600,166100,,,0,0,0,118400,115200,0,182.5,0,0,0,90,90,90
"2026/01/14","2026/01/16","6046","リンクバル","東証およびＰＴＳ",,"確報",5900,100,418000,7200,1400,418000,0,837800,14200,59356000,1022400,198800,59356000,0,,,0,0,412200,0,0,412200,21.9,14.2,12,13,120.9,47.6,68.3
"2026/01/14","2026/01/16","6047","Ｇｕｎｏｓｙ","東証およびＰＴＳ",,"確報",100,5500,173000,25500,0,138400,34600,54000,2970000,93420000,13770000,0,74736000,18684000,,,0,0,0,1070400,677400,0,47.2,74.8,55.6,63.8,18.2,265.1,34.1
"2026/01/14","2026/01/16","6049","イトクロ","東証およびＰＴＳ",,"確報",0,300,1400,0,0,0,1400,0,79200,369600,0,0,0,369600,,,0,0,0,5100,0,0,24.3,24.3,24.3,24.3,0,0,0
"2026/01/14","2026/01/16","6050","イー・ガーディアン","東証およびＰＴＳ",,"確報",0,700,33000,1800,0,68700,-35700,0,1171100,55209000,3011400,0,114935100,-59726100,,,0,0,134800,0,0,267600,69.9,28.6,40.7,33.6,83.6,418.1,139.4
"2026/01/14","2026/01/16","6054","リブセンス","東証およびＰＴＳ",,"確報",300,0,9800,100,100,7000,2800,35700,0,1166200,11900,11900,833000,333200,,,0,0,0,19000,14000,0,2.2,29.1,1.2,2.4,189.5,1,1.9
"2026/01/14","2026/01/16","6055","ジャパンマテリアル","東証およびＰＴＳ",,"確報",0,5200,49400,1000,0,17600,31800,0,8023600,76224200,1543000,0,27156800,49067400,,,0,0,109200,0,0,33200,5.9,8.2,4.8,6.1,139.9,2.8,5.5
"2026/01/14","2026/01/16","6058","ベクトル","東証およびＰＴＳ",,"確報",800,8000,61400,600,0,3400,58000,1024000,10240000,78592000,768000,0,4352000,74240000,,,0,0,1509200,0,0,61600,38.4,47.2,33.7,39.4,14.8,74,24.7
"2026/01/14","2026/01/16","6059","ウチヤマＨＤ","東証およびＰＴＳ",,"確報",0,0,5400,100,0,2700,2700,0,0,2100600,38900,0,1050300,1050300,,,0,0,5400,0,0,2600,25.7,0,135,270,14,7.7,9.9
"2026/01/14","2026/01/16","6060","こころネット","東証およびＰＴＳ",,"確報",0,0,100,0,0,0,100,0,0,136100,0,0,0,136100,,,0,0,0,700,0,0,0.9,0,0.5,0.9,0,0,0
"2026/01/14","2026/01/16","6061","ユニバーサル園芸社","東証およびＰＴＳ",,"確報",0,200,1000,0,0,0,1000,0,641000,3205000,0,0,0,3205000,,,0,0,66000,0,0,0,16,12,24,16,0,0,0
"2026/01/14","2026/01/16","6062","チャームケアコーポ","東証およびＰＴＳ",,"確報",700,0,29700,700,0,29700,0,924700,0,39233700,924700,0,39233700,0,,,0,0,29000,0,0,29000,24.4,39,15.3,22,60.1,17.8,27.5
"2026/01/14","2026/01/16","6063","日本エマージェンシー","東証およびＰＴＳ",,"確報",0,100,300,0,0,0,300,0,90300,270900,0,0,0,270900,,,0,0,0,6800,0,0,10.7,16,8,10.7,0,0,0
"2026/01/14","2026/01/16","6069","トレンダーズ","東証およびＰＴＳ",,"確報",700,200,12600,100,0,1600,11000,719600,205600,12952800,102800,0,1644800,11308000,,,0,0,0,36300,4500,0,20.9,56.8,18.4,27.8,27.2,5.7,9.4
"2026/01/14","2026/01/16","6070","キャリアリンク","東証およびＰＴＳ",,"確報",0,200,5200,100,0,1300,3900,0,532800,13852800,266400,0,3463200,10389600,,,0,0,21600,0,0,4800,107.7,0,89.3,178.7,18.3,0,36.7
"2026/01/14","2026/01/16","6071","ＩＢＪ","東証およびＰＴＳ",,"確報",3200,100,64000,3100,0,64000,0,2476800,77400,49536000,2399400,0,49536000,0,,,0,0,0,791700,791700,0,28.8,25.3,16.7,20.1,105.2,33.6,50.9
"2026/01/14","2026/01/16","6072","地盤ネットＨＤ","東証およびＰＴＳ",,"確報",23700,2000,299600,5100,4000,483000,-183400,4740000,400000,59920000,1020000,800000,96600000,-36680000,,,0,0,277900,0,0,481900,29.7,9.6,31.4,14.7,48.4,97.3,64.7
"2026/01/14","2026/01/16","6073","アサンテ","東証およびＰＴＳ",,"確報",500,100,6000,400,0,14100,-8100,811000,162200,9732000,648800,0,22870200,-13138200,,,0,0,44800,0,0,109600,11.8,35,15,21,118.8,5.6,10.7
"2026/01/14","2026/01/16","6074","ジェイエスエス","東証およびＰＴＳ",,"確報",0,100,600,0,0,0,600,0,54400,326400,0,0,0,326400,,,0,0,2100,0,0,0,24,36,18,24,0,0,0
"2026/01/14","2026/01/16","6078","バリューＨＲ","東証およびＰＴＳ",,"確報",900,11400,1800,600,3000,155100,-153300,1303200,16507200,2606400,868800,4344000,224584800,-221978400,,,0,0,221400,0,0,2835000,29.5,4.7,3.6,4.1,108.9,27.6,44
"2026/01/14","2026/01/16","6080","Ｍ＆Ａキャピタル","東証およびＰＴＳ",,"確報",100,1600,15700,200,3000,14400,1300,342500,5480000,53772500,685000,10275000,49320000,4452500,,,0,0,0,1548000,1548000,0,5.5,3.5,3.4,3.5,33.7,16.5,22.2
"2026/01/14","2026/01/16","6081","アライドアーキテクツ","東証およびＰＴＳ",,"確報",6200,2700,289700,3500,0,289700,0,1277200,556200,59678200,721000,0,59678200,0,,,0,0,0,572400,572400,0,21.4,10.7,153.2,20,11.5,0,23
"2026/01/14","2026/01/16","6082","ライドオンＥＸＨＤ","東証およびＰＴＳ",,"確報",0,0,3000,0,0,0,3000,0,0,3072000,0,0,0,3072000,,,0,0,0,0,0,0,300,0,150,300,0,0,0
"2026/01/14","2026/01/16","6083","ＥＲＩ　ＨＤ","東証およびＰＴＳ",,"確報",200,700,7300,0,500,7300,0,947000,3314500,34565500,0,2367500,34565500,0,,,0,0,0,1170000,1170000,0,11.8,6.6,6.6,6.6,55.3,55.3,55.3
"2026/01/14","2026/01/16","6085","アーキテクツＳＪ","東証およびＰＴＳ",,"確報",500,500,5400,0,0,0,5400,190000,190000,2052000,0,0,0,2052000,,,0,0,0,432000,0,0,8.9,5.6,20.8,8.9,0,0,0
"2026/01/14","2026/01/16","6086","シンメンテＨＤ","東証およびＰＴＳ",,"確報",0,700,12200,0,0,0,12200,0,826000,14396000,0,0,0,14396000,,,0,0,0,167700,0,0,42.7,136.6,25.3,42.7,0,0,0
"2026/01/14","2026/01/16","6087","アビスト","東証およびＰＴＳ",,"確報",0,0,1100,0,0,0,1100,0,0,3734500,0,0,0,3734500,,,0,0,5500,0,0,0,0,0,0,0,0,0,0
"2026/01/14","2026/01/16","6088","シグマクシスＨＤ","東証およびＰＴＳ",,"確報",1100,0,55200,1100,0,17400,37800,974600,0,48907200,974600,0,15416400,33490800,,,0,0,486900,0,0,146700,50.6,25.9,370.1,48.4,39.1,117.4,58.7
"2026/01/14","2026/01/16","6089","ウィルグループ","東証およびＰＴＳ",,"確報",0,0,3800,0,0,3800,0,0,0,4601800,0,0,4601800,0,,,0,0,34200,0,0,34200,25.3,12.7,12.7,12.7,0,0,0
"2026/01/14","2026/01/16","6090","ヒューマンＭＴ","東証およびＰＴＳ",,"確報",0,200,4700,0,0,0,4700,0,135000,3172500,0,0,0,3172500,,,0,0,0,98000,0,0,32.7,122.5,18.8,32.7,0,0,0
"2026/01/14","2026/01/16","6091","ウエスコＨＤ","東証およびＰＴＳ",,"確報",1200,0,1600,0,100,0,1600,1036800,0,1382400,0,86400,0,1382400,,,0,0,400,0,0,100,4.2,2.4,34,4.5,2,2,2
"2026/01/14","2026/01/16","6092","エンバイオＨＤ","東証およびＰＴＳ",,"確報",0,200,8700,0,0,0,8700,0,125200,5446200,0,0,0,5446200,,,0,0,0,80100,0,0,78.5,72,86.4,78.5,0,0,0
"2026/01/14","2026/01/16","6093","エスクローＡＪ","東証およびＰＴＳ",,"確報",800,10000,115800,0,9200,115800,0,134400,1680000,19454400,0,1545600,19454400,0,,,0,0,0,1000000,1000000,0,23,43.4,17.4,24.9,33.9,15.7,21.4
"2026/01/14","2026/01/16","6094","フリークアウト・ホー","東証およびＰＴＳ",,"確報",0,100,2400,0,0,0,2400,0,53700,1288800,0,0,0,1288800,,,0,0,0,30000,0,0,9.3,148,4.8,9.3,0,0,0
"2026/01/14","2026/01/16","6096","レアジョブ","東証およびＰＴＳ",,"確報",0,100,4800,200,0,3500,1300,0,31700,1521600,63400,0,1109500,412100,,,0,0,0,29400,19800,0,274,0,244,488,83.5,0,167
"2026/01/14","2026/01/16","6098","リクルートＨＤ","東証およびＰＴＳ",,"確報",4600,6500,38900,600,2500,38900,0,41846200,59130500,353873300,5458200,22742500,353873300,0,,,0,0,0,3141600,3141600,0,4,4.5,5.7,5,3.3,4.2,3.7
"2026/01/14","2026/01/16","6099","エラン","東証およびＰＴＳ",,"確報",3500,300,25800,3200,0,25800,0,2439500,209100,17982600,2230400,0,17982600,0,,,0,0,0,67800,67800,0,12.9,20.6,8.4,12,27.2,9.3,13.9
"2026/01/14","2026/01/16","6101","ツガミ","東証およびＰＴＳ",,"確報",200,200,8200,400,0,900,7300,627000,627000,25707000,1254000,0,2821500,22885500,,,0,0,697000,0,0,42500,12.6,9.6,19.2,12.8,5.2,0,10.4
"2026/01/14","2026/01/16","6103","オークマ","東証およびＰＴＳ",,"確報",3800,1600,16500,2300,100,16500,0,14896000,6272000,64680000,9016000,392000,64680000,0,,,0,0,1001000,0,0,1001000,3.4,2,2.3,2.2,7.4,15.6,10
"2026/01/14","2026/01/16","6104","芝浦機械","東証およびＰＴＳ",,"確報",700,0,9500,0,700,10000,-500,3080000,0,41800000,0,3080000,44000000,-2200000,,,0,0,0,88000,107000,0,17.3,10.4,22.2,14.1,47.5,13.9,21.5
"2026/01/14","2026/01/16","6113","アマダ","東証およびＰＴＳ",,"確報",4300,4600,13000,3200,0,16500,-3500,8544100,9140200,25831000,6358400,0,32785500,-6954500,,,0,0,744800,0,0,744800,7.3,5,4.2,4.6,12.4,15.3,13.7
"2026/01/14","2026/01/16","6118","アイダエンジニア","東証およびＰＴＳ",,"確報",200,15500,36800,1800,0,59000,-22200,247600,19189000,45558400,2228400,0,73042000,-27483600,,,0,0,833600,0,0,915200,9.7,7,4.1,5.1,69.8,15.9,25.9
"2026/01/14","2026/01/16","6125","岡本工作機械製作所","東証およびＰＴＳ",,"確報",100,600,128100,0,0,0,128100,473500,2841000,606553500,0,0,0,606553500,,,0,0,0,1286000,0,0,1284.8,2141.3,917.7,1284.8,0,0,0
"2026/01/14","2026/01/16","6134","ＦＵＪＩ","東証およびＰＴＳ",,"確報",100,1000,9800,0,900,9800,0,390000,3900000,38220000,0,3510000,38220000,0,,,0,0,588500,0,0,588500,6.9,7.9,8.9,8.4,4.8,7.2,5.8
"2026/01/14","2026/01/16","6135","牧野フライス製作所","東証およびＰＴＳ",,"確報",500,200,73400,0,0,0,73400,5400000,2160000,792720000,0,0,0,792720000,,,0,0,3655000,0,0,0,71.9,45.4,172.9,71.9,0,0,0
"2026/01/14","2026/01/16","6136","オーエスジー","東証およびＰＴＳ",,"確報",1400,400,6600,1000,0,6600,0,3578400,1022400,16869600,2556000,0,16869600,0,,,0,0,240800,0,0,240800,7.2,10.6,7.6,8.9,6.9,5.5,6.1
"2026/01/14","2026/01/16","6137","小池酸素工業","東証およびＰＴＳ",,"確報",1300,0,5800,1300,0,5800,0,2489500,0,11107000,2489500,0,11107000,0,,,0,0,355500,0,0,355500,8.4,4.3,17.3,6.9,5.6,190,10.9
"2026/01/14","2026/01/16","6138","ダイジヱット工業","東証およびＰＴＳ",,"確報",0,100,1500,0,0,0,1500,0,103800,1557000,0,0,0,1557000,,,0,0,0,4800,0,0,16.2,27,11.6,16.2,0,0,0
"2026/01/14","2026/01/16","6140","旭ダイヤモンド工業","東証およびＰＴＳ",,"確報",2600,3000,51600,12600,300,44700,6900,2334800,2694000,46336800,11314800,269400,40140600,6196200,,,0,0,1664000,0,0,1036800,20.5,41.1,30.9,35.3,9.4,18.5,12.5
"2026/01/14","2026/01/16","6141","ＤＭＧ森精機","東証およびＰＴＳ",,"確報",8200,900,75200,600,0,43200,32000,23124000,2538000,212064000,1692000,0,121824000,90240000,,,0,0,0,2274650,1427100,0,36.6,30.3,31.1,30.7,72.9,42,53.3
"2026/01/14","2026/01/16","6143","ソディック","東証およびＰＴＳ",,"確報",11600,2200,33500,0,3200,18600,14900,12133600,2301200,35041000,0,3347200,19455600,15585400,,,0,0,313300,0,0,283400,8,4.2,7.8,5.5,20.3,17,18.5
"2026/01/14","2026/01/16","6144","西部電機","東証およびＰＴＳ",,"確報",200,100,7100,0,0,0,7100,587800,293900,20866900,0,0,0,20866900,,,0,0,0,252000,0,0,48,33.6,84,48,0,0,0
"2026/01/14","2026/01/16","6145","ＮＩＴＴＯＫＵ","東証およびＰＴＳ",,"確報",1800,0,12600,0,0,0,12600,4485600,0,31399200,0,0,0,31399200,,,0,0,0,399600,0,0,26.5,16,75.6,26.5,0,0,0
"2026/01/14","2026/01/16","6146","ディスコ","東証およびＰＴＳ",,"確報",1400,2900,14700,60100,4700,286000,-271300,84000000,174000000,882000000,3606000000,282000000,17160000000,-16278000000,,,0,0,41634000,0,0,592642000,6.2,4.4,4.4,4.4,4.7,10.3,6.4
"2026/01/14","2026/01/16","6147","ヤマザキ","東証およびＰＴＳ",,"確報",0,0,500,0,0,0,500,0,0,163000,0,0,0,163000,,,0,0,1000,0,0,0,0,0,0,0,0,0,0
"2026/01/14","2026/01/16","6149","小田原エンジニア","東証およびＰＴＳ",,"確報",200,100,14800,0,0,0,14800,438400,219200,32441600,0,0,0,32441600,,,0,0,29400,0,0,0,132.5,121.5,145.8,132.5,0,0,0
"2026/01/14","2026/01/16","6150","タケダ機械","東証およびＰＴＳ",,"確報",100,0,900,0,0,0,900,323000,0,2907000,0,0,0,2907000,,,0,0,4000,0,0,0,11.4,20,8,11.4,0,0,0
"2026/01/14","2026/01/16","6151","日東工器","東証およびＰＴＳ",,"確報",0,2800,24900,200,0,33800,-8900,0,5367600,47733300,383400,0,64794600,-17061300,,,0,0,1883600,0,0,2284800,41.9,51.8,15.8,24.3,572,53.6,98.1
"2026/01/14","2026/01/16","6155","高松機械工業","東証およびＰＴＳ",,"確報",0,100,1500,0,0,0,1500,0,49600,744000,0,0,0,744000,,,0,0,1600,0,0,0,158,0,79,158,0,0,0
"2026/01/14","2026/01/16","6156","エーワン精密","東証およびＰＴＳ",,"確報",200,0,1400,0,0,0,1400,380600,0,2664200,0,0,0,2664200,,,0,0,51600,0,0,0,3.8,2.9,5.7,3.8,0,0,0
"2026/01/14","2026/01/16","6157","日進工具","東証およびＰＴＳ",,"確報",100,300,35400,0,800,52900,-17500,89400,268200,31647600,0,715200,47292600,-15645000,,,0,0,569600,0,0,859200,60.3,29,32.7,30.8,899,93,168.6
"2026/01/14","2026/01/16","6158","和井田製作所","東証およびＰＴＳ",,"確報",0,0,3100,0,0,500,2600,0,0,2755900,0,0,444500,2311400,,,0,0,3100,0,0,500,53.1,77,154,102.7,0,8,16
"2026/01/14","2026/01/16","6159","ミクロン精密","東証およびＰＴＳ",,"確報",0,0,0,0,0,0,0,0,0,0,0,0,0,0,,,0,0,0,0,0,0,2,0,1,2,0,0,0
"2026/01/14","2026/01/16","6161","エスティック","東証およびＰＴＳ",,"確報",100,2900,6800,0,0,0,6800,99500,2885500,6766000,0,0,0,6766000,,,0,0,0,182400,0,0,28.3,226.5,15.1,28.3,0,0,0
"2026/01/14","2026/01/16","6165","パンチ工業","東証およびＰＴＳ",,"確報",0,300,337200,0,0,600,336600,0,149400,167925600,0,0,298800,167626800,,,0,0,337500,0,0,600,241.3,5673,261.8,500.6,19,1.7,3.1
"2026/01/14","2026/01/16","6166","中村超硬","東証およびＰＴＳ",,"確報",100,300,12200,0,0,0,12200,28800,86400,3513600,0,0,0,3513600,,,0,0,173600,0,0,0,21.9,61,13.3,21.9,0,0,0
"2026/01/14","2026/01/16","6167","冨士ダイス","東証およびＰＴＳ",,"確報",16400,16500,26700,0,100,26700,0,18204000,18315000,29637000,0,111000,29637000,0,,,0,0,4020000,0,0,4020000,10.4,5.4,5.7,5.5,57.9,147.9,83.2
"2026/01/14","2026/01/16","6171","土木管理総合試験所","東証およびＰＴＳ",,"確報",700,600,51800,100,0,51800,0,306600,262800,22688400,43800,0,22688400,0,,,0,0,258500,0,0,258500,9.1,38.4,5.2,9.2,288.4,4.6,9
"2026/01/14","2026/01/16","6176","ブランジスタ","東証およびＰＴＳ",,"確報",1700,0,52900,0,0,0,52900,1186600,0,36924200,0,0,0,36924200,,,0,0,0,0,0,0,35,69.5,23.4,35,0,0,0
"2026/01/14","2026/01/16","6177","ＡｐｐＢａｎｋ","東証およびＰＴＳ",,"確報",0,10600,261400,0,0,0,261400,0,1346200,33197800,0,0,0,33197800,,,0,0,0,272000,0,0,37.9,24.6,82.6,37.9,0,0,0
"2026/01/14","2026/01/16","6178","日本郵政","東証およびＰＴＳ",,"確報",12900,22200,74800,9900,1400,92600,-17800,23619900,40648200,136958800,18126900,2563400,169550600,-32591800,,,0,0,1387650,0,0,1387650,6.6,4.4,4.6,4.5,25.7,6,9.7
"2026/01/14","2026/01/16","6180","ＧＭＯメディア","東証およびＰＴＳ",,"確報",0,0,1700,0,0,0,1700,0,0,9180000,0,0,0,9180000,,,0,0,0,153000,0,0,172,0,86,172,0,0,0
"2026/01/14","2026/01/16","6182","メタリアル","東証およびＰＴＳ",,"確報",2200,5400,69000,400,2800,231300,-162300,1049400,2575800,32913000,190800,1335600,110330100,-77417100,,,0,0,0,72200,233700,0,60.1,34.1,17.2,22.9,118.3,154.5,134
"2026/01/14","2026/01/16","6183","ベル２４ＨＤ","東証およびＰＴＳ",,"確報",600,3000,10900,0,2400,10900,0,882000,4410000,16023000,0,3528000,16023000,0,,,0,0,0,226100,226100,0,10.3,8.7,8.3,8.5,13.5,12.6,13
"2026/01/14","2026/01/16","6184","鎌倉新書","東証およびＰＴＳ",,"確報",13600,0,54500,14000,400,54500,0,8486400,0,34008000,8736000,249600,34008000,0,,,0,0,0,490800,490800,0,10.2,5.2,46.5,9.3,5.7,372,11.3
"2026/01/14","2026/01/16","6185","ＳＭＮ","東証およびＰＴＳ",,"確報",0,300,51000,100,0,4600,46400,0,141900,24123000,47300,0,2175800,21947200,,,0,0,102600,0,0,9000,138.4,521.2,118.5,193,25.8,46.4,33.1
"2026/01/14","2026/01/16","6186","一蔵","東証およびＰＴＳ",,"確報",0,0,2300,0,0,0,2300,0,0,864800,0,0,0,864800,,,0,0,0,11500,0,0,28.3,14.1,0,28.3,0,0,0
"2026/01/14","2026/01/16","6189","グローバルキッズＣ","東証およびＰＴＳ",,"確報",0,1100,16100,0,0,100,16000,0,863500,12638500,0,0,78500,12560000,,,0,0,0,34400,200,0,43.5,0,21.6,43.3,0,0,0
"2026/01/14","2026/01/16","6190","フェニックスバイオ","東証およびＰＴＳ",,"確報",0,0,6200,0,0,0,6200,0,0,3007000,0,0,0,3007000,,,0,0,0,31000,0,0,10.6,11,10.2,10.6,0,0,0
"2026/01/14","2026/01/16","6191","エアトリ","東証およびＰＴＳ",,"確報",1300,2700,394000,600,1000,213400,180600,986700,2049300,299046000,455400,759000,161970600,137075400,,,0,0,0,7908000,4276000,0,288,402.4,294.3,340,333.3,169.3,224.5
"2026/01/14","2026/01/16","6193","バーチャレクス","東証およびＰＴＳ",,"確報",0,0,2900,0,0,0,2900,0,0,2975400,0,0,0,2975400,,,0,0,0,0,0,0,290,145,0,290,0,0,0
"2026/01/14","2026/01/16","6194","アトラエ","東証およびＰＴＳ",,"確報",3200,1100,81300,2500,400,81300,0,2243200,771100,56991300,1752500,280400,56991300,0,,,0,0,79200,0,0,79200,11.8,6.1,281,11.9,6,168.6,11.6
"2026/01/14","2026/01/16","6195","ホープ","東証およびＰＴＳ",,"確報",0,0,42800,0,0,0,42800,0,0,9501600,0,0,0,9501600,,,0,0,0,128400,0,0,429.8,2149,238.8,429.8,0,0,0
"2026/01/14","2026/01/16","6196","ストライク","東証およびＰＴＳ",,"確報",1000,300,36500,200,0,7000,29500,4255000,1276500,155307500,851000,0,29785000,125522500,,,0,0,0,1074000,204000,0,68.3,111.6,94,102.1,22.8,30.3,26
"2026/01/14","2026/01/16","6197","ソラスト","東証およびＰＴＳ",,"確報",900,6500,133400,400,6000,133400,0,774000,5590000,114724000,344000,5160000,114724000,0,,,0,0,0,834000,834000,0,26.1,63.2,16.3,25.9,65.6,16.4,26.3
"2026/01/14","2026/01/16","6198","キャリア","東証およびＰＴＳ",,"確報",0,0,13600,0,0,0,13600,0,0,3536000,0,0,0,3536000,,,0,0,13600,0,0,0,683,0,341.5,683,0,0,0
"2026/01/14","2026/01/16","6199","セラク","東証およびＰＴＳ",,"確報",1000,2300,1000,4200,100,6400,-5400,1668000,3836400,1668000,7005600,166800,10675200,-9007200,,,0,0,0,55200,55200,0,4.2,4.1,2.2,2.9,3.7,20,6.3
"2026/01/14","2026/01/16","6200","インソース","東証およびＰＴＳ",,"確報",100,300,129500,0,0,13500,116000,85500,256500,110722500,0,0,11542500,99180000,,,0,0,0,1426700,148500,0,247,431.8,215.9,287.9,343.5,62.5,105.7
"2026/01/14","2026/01/16","6201","豊田自動織機","東証およびＰＴＳ",,"確報",900,0,2300,0,0,0,2300,16222500,0,41457500,0,0,0,41457500,,,0,0,0,245000,0,0,8.9,4.8,67,8.9,0,0,0
"2026/01/14","2026/01/16","6203","豊和工業","東証およびＰＴＳ",,"確報",4200,2500,59600,1700,0,59600,0,5838000,3475000,82844000,2363000,0,82844000,0,,,0,0,0,347400,347400,0,22.4,12.7,21.5,16,23.5,94.6,37.6
"2026/01/14","2026/01/16","6208","石川製作所","東証およびＰＴＳ",,"確報",4100,4000,43100,100,0,43100,0,6724000,6560000,70684000,164000,0,70684000,0,,,0,0,172000,0,0,172000,31,16.5,19.3,17.8,78.7,265.5,121.4
"2026/01/14","2026/01/16","6209","リケンＮＰＲ","東証およびＰＴＳ",,"確報",0,400,10700,100,0,2500,8200,0,1462000,39108500,365500,0,9137500,29971000,,,0,0,111000,0,0,24000,32.9,108.6,60.3,77.6,165,5.9,11.4
"2026/01/14","2026/01/16","6210","ＴＯＹＯイノベックス","東証およびＰＴＳ",,"確報",1400,100,13600,0,200,11500,2100,945000,67500,9180000,0,135000,7762500,1417500,,,0,0,0,0,0,0,25.2,22.8,27.6,25,37.3,19.2,25.4
"2026/01/14","2026/01/16","6217","津田駒工業","東証およびＰＴＳ",,"確報",4100,0,27500,0,12700,12700,14800,2271400,0,15235000,0,7035800,7035800,8199200,,,0,0,23400,0,0,25400,4.2,3.4,6,4.3,4,4.2,4.1
"2026/01/14","2026/01/16","6218","エンシュウ","東証およびＰＴＳ",,"確報",3000,800,5200,100,0,3100,2100,1620000,432000,2808000,54000,0,1674000,1134000,,,0,0,0,3000,3000,0,11.9,4.8,13.4,7.1,38.3,76.5,51
"2026/01/14","2026/01/16","6222","島精機製作所","東証およびＰＴＳ",,"確報",500,3300,29400,100,2900,29400,0,520500,3435300,30605400,104100,3018900,30605400,0,,,0,0,0,32200,32200,0,20.9,25.7,11.4,15.7,130.2,17.6,31.1
"2026/01/14","2026/01/16","6223","西部技研","東証およびＰＴＳ",,"確報",100,300,7000,100,0,100,6900,170800,512400,11956000,170800,0,170800,11785200,,,0,0,86400,0,0,0,29.2,28.9,43.4,34.7,1.5,1.5,1.5
"2026/01/14","2026/01/16","6224","ＪＲＣ","東証およびＰＴＳ",,"確報",1300,0,15100,0,0,0,15100,1820000,0,21140000,0,0,0,21140000,,,0,0,0,13800,0,0,38.7,19.4,0,38.7,0,0,0
"2026/01/14","2026/01/16","6226","守谷輸送機工業","東証およびＰＴＳ",,"確報",400,100,11000,400,0,8400,2600,2020000,505000,55550000,2020000,0,42420000,13130000,,,0,0,535000,0,0,400000,34.6,30.8,29.3,30,44.4,44.4,44.4
"2026/01/14","2026/01/16","6227","ＡＩメカテック","東証およびＰＴＳ",,"確報",0,600,28800,100,0,10700,18100,0,3816000,183168000,636000,0,68052000,115116000,,,0,0,4704000,0,0,1696000,28.6,83.1,14.5,24.7,36.6,128.3,57
"2026/01/14","2026/01/16","6228","ジェイ・イー・ティ","東証およびＰＴＳ",,"確報",1900,600,19300,0,0,0,19300,1362300,430200,13838100,0,0,0,13838100,,,0,0,0,306000,0,0,17.4,10.7,47.4,17.4,0,0,0
"2026/01/14","2026/01/16","6229","オーケーエム","東証およびＰＴＳ",,"確報",600,0,5700,0,0,0,5700,1138200,0,10812900,0,0,0,10812900,,,0,0,127500,0,0,0,16.3,9.9,47.4,16.3,0,0,0
"2026/01/14","2026/01/16","6230","ＳＡＮＥＩ","東証およびＰＴＳ",,"確報",0,0,2400,0,0,0,2400,0,0,5440800,0,0,0,5440800,,,0,0,14400,0,0,0,246,0,123,246,0,0,0
"2026/01/14","2026/01/16","6231","木村工機","東証およびＰＴＳ",,"確報",100,100,500,0,0,0,500,1245000,1245000,6225000,0,0,0,6225000,,,0,0,0,230000,0,0,4.3,2.6,13,4.3,0,0,0
"2026/01/14","2026/01/16","6232","ＡＣＳＬ","東証およびＰＴＳ",,"確報",45900,3900,604300,9200,900,960300,-356000,51591600,4383600,679233200,10340800,1011600,1079377200,-400144000,,,0,0,0,19118200,32368000,0,22.1,8.1,10.3,9.1,182.4,114.6,140.8
"2026/01/14","2026/01/16","6233","ＫＬＡＳＳ","東証およびＰＴＳ",,"確報",0,0,3500,0,0,0,3500,0,0,1428000,0,0,0,1428000,,,0,0,0,0,0,0,32.8,18.2,164,32.8,0,0,0
"2026/01/14","2026/01/16","6235","オプトラン","東証およびＰＴＳ",,"確報",0,3600,25300,0,1200,56800,-31500,0,7192800,50549400,0,2397600,113486400,-62937000,,,0,0,0,57800,116000,0,43.8,21.1,16.5,18.5,290.3,88,135
"2026/01/14","2026/01/16","6237","イワキポンプ","東証およびＰＴＳ",,"確報",100,0,3300,100,0,3300,0,262700,0,8669100,262700,0,8669100,0,,,0,0,118400,0,0,118400,24.3,42.5,14.2,21.3,85,17,28.3
"2026/01/14","2026/01/16","6238","フリュー","東証およびＰＴＳ",,"確報",0,1900,69100,300,0,3400,65700,0,2025400,73660600,319800,0,3624400,70036200,,,0,0,0,0,0,0,103.3,175,102.9,129.6,15.3,28,19.8
"2026/01/14","2026/01/16","6239","ナガオカ","東証およびＰＴＳ",,"確報",0,200,35800,0,0,0,35800,0,296600,53091400,0,0,0,53091400,,,0,0,324000,0,0,0,360,300,450,360,0,0,0
"2026/01/14","2026/01/16","6240","ヤマシンフィルタ","東証およびＰＴＳ",,"確報",100,5500,121900,0,5400,121900,0,60700,3338500,73993300,0,3277800,73993300,0,,,0,0,763800,0,0,763800,9.4,5.8,4.9,5.3,268,25.5,46.5
"2026/01/14","2026/01/16","6245","ヒラノテクシード","東証およびＰＴＳ",,"確報",0,0,24500,0,0,8100,16400,0,0,42507500,0,0,14053500,28454000,,,0,0,98000,0,0,32400,76.8,306,612,408,10.9,116.7,20
"2026/01/14","2026/01/16","6246","テクノスマート","東証およびＰＴＳ",,"確報",200,100,5200,0,0,1800,3400,405800,202900,10550800,0,0,3652200,6898600,,,0,0,35700,0,0,12600,40.6,85,21.3,34,0,45,90
"2026/01/14","2026/01/16","6247","日阪製作所","東証およびＰＴＳ",,"確報",4100,9100,14100,0,800,18300,-4200,6461600,14341600,22221600,0,1260800,28840800,-6619200,,,0,0,0,76400,76400,0,8.6,4.7,4.1,4.4,963,22.9,44.8
"2026/01/14","2026/01/16","6248","横田製作所","東証およびＰＴＳ",,"確報",0,100,3800,0,0,0,3800,0,170100,6463800,0,0,0,6463800,,,0,0,42900,0,0,0,96,96,96,96,0,0,0
"2026/01/14","2026/01/16","6249","ゲームカードＨＤ","東証およびＰＴＳ",,"確報",0,100,3900,0,0,0,3900,0,303500,11836500,0,0,0,11836500,,,0,0,0,100000,0,0,14.9,8.3,74.5,14.9,0,0,0
"2026/01/14","2026/01/16","6250","やまびこ","東証およびＰＴＳ",,"確報",100,100,2800,0,0,300,2500,316500,316500,8862000,0,0,949500,7912500,,,0,0,14000,0,0,1500,18.9,14.7,33,20.3,5,0,10
"2026/01/14","2026/01/16","6254","野村マイクロ・Ｓ","東証およびＰＴＳ",,"確報",29500,29500,353300,0,0,353300,0,94990000,94990000,1137626000,0,0,1137626000,0,,,0,0,45929000,0,0,45929000,51.6,25.8,26,25.9,3532,0,7064
"2026/01/14","2026/01/16","6255","エヌ・ピー・シー","東証およびＰＴＳ",,"確報",2600,32600,67900,1800,4200,244000,-176100,1869400,23439400,48820100,1294200,3019800,175436000,-126615900,,,0,0,3818100,0,0,9609600,26.3,11.7,7.5,9.2,126.7,146.3,135.8
"2026/01/14","2026/01/16","6257","藤商事","東証およびＰＴＳ",,"確報",0,100,5500,0,100,3800,1700,0,109200,6006000,0,109200,4149600,1856400,,,0,0,11200,0,0,7800,3.8,2.5,2.8,2.6,40,11.8,18.2
"2026/01/14","2026/01/16","6258","平田機工","東証およびＰＴＳ",,"確報",1800,100,26300,900,0,4300,22000,4678200,259900,68353700,2339100,0,11175700,57178000,,,0,0,836400,0,0,115600,16.3,18.2,17.4,17.8,11.3,10.2,10.7
"2026/01/14","2026/01/16","6262","ＰＥＧＡＳＵＳ","東証およびＰＴＳ",,"確報",0,0,1531600,1200,700,68600,1463000,0,0,1162484400,910800,531300,52067400,1110417000,,,0,0,4594800,0,0,204300,1194.4,4252.8,0,8505.6,105.2,41.8,59.9
"2026/01/14","2026/01/16","6264","マルマエ","東証およびＰＴＳ",,"確報",2800,1600,53900,14400,700,66400,-12500,6456800,3689600,124293400,33206400,1614200,153118400,-28825000,,,0,0,1159400,0,0,1159400,12.9,16,25.5,19.6,8.4,11.8,9.9
"2026/01/14","2026/01/16","6265","コンバム","東証およびＰＴＳ",,"確報",100,0,200,0,0,0,200,246000,0,492000,0,0,0,492000,,,0,0,5100,0,0,0,4.7,3.5,7,4.7,0,0,0
"2026/01/14","2026/01/16","6266","タツモ","東証およびＰＴＳ",,"確報",5000,500,48300,4500,0,48300,0,11650000,1165000,112539000,10485000,0,112539000,0,,,0,0,3022200,0,0,3022200,15.1,7.7,15.3,10.2,14.8,352.5,28.4
"2026/01/14","2026/01/16","6267","ゼネラルパッカー","東証およびＰＴＳ",,"確報",0,0,200,0,0,0,200,0,0,808000,0,0,0,808000,,,0,0,0,2000,0,0,8.5,0,4.3,8.5,0,0,0
"2026/01/14","2026/01/16","6268","ナブテスコ","東証およびＰＴＳ",,"確報",2100,100,38000,2100,200,5800,32200,8704500,414500,157510000,8704500,829000,24041000,133469000,,,0,0,4284000,0,0,464100,17.8,23.2,22.4,22.8,6.1,7.5,6.7
"2026/01/14","2026/01/16","6269","三井海洋開発","東証およびＰＴＳ",,"確報",600,39000,176200,0,200,100,176100,9480000,616200000,2783960000,0,3160000,1580000,2782380000,,,0,0,225330000,0,0,315000,12.9,13.1,12.9,13,3.2,3.2,3.2
"2026/01/14","2026/01/16","6272","レオン自動機","東証およびＰＴＳ",,"確報",0,0,8700,300,0,4000,4700,0,0,13215300,455700,0,6076000,7139300,,,0,0,234900,0,0,99900,108,0,75.2,150.3,65.7,65.7,65.7
"2026/01/14","2026/01/16","6273","エスエムシー","東証およびＰＴＳ",,"確報",1300,0,1500,3800,2200,10900,-9400,83278000,0,96090000,243428000,140932000,698254000,-602164000,,,0,0,490000,0,0,22785000,2.9,3.7,2.9,3.3,1.7,7.7,2.8
"2026/01/14","2026/01/16","6276","シリウスビジョン","東証およびＰＴＳ",,"確報",0,200,19400,0,0,0,19400,0,67800,6576600,0,0,0,6576600,,,0,0,137200,0,0,0,20.4,70.8,11.9,20.4,0,0,0
"2026/01/14","2026/01/16","6277","ホソカワミクロン","東証およびＰＴＳ",,"確報",0,0,138100,100,200,16300,121800,0,0,825838000,598000,1196000,97474000,728364000,,,0,0,4143000,0,0,492000,429.7,0,1381,2762,63.8,46.1,53.5
"2026/01/14","2026/01/16","6278","ユニオンツール","東証およびＰＴＳ",,"確報",1500,7000,8500,1500,200,15800,-7300,14430000,67340000,81770000,14430000,1924000,151996000,-70226000,,,0,0,7980000,0,0,8265000,4.3,2.5,2.1,2.3,28.1,52.1,36.5
"2026/01/14","2026/01/16","6279","瑞光","東証およびＰＴＳ",,"確報",4300,4400,40900,200,300,40900,0,4278500,4378000,40695500,199000,298500,40695500,0,,,0,0,0,41000,41000,0,53.9,30.2,37.4,33.4,96.2,252.6,139.4
"2026/01/14","2026/01/16","6282","オイレス工業","東証およびＰＴＳ",,"確報",900,0,9800,0,200,18500,-8700,2231100,0,24294200,0,495800,45861500,-21567300,,,0,0,222500,0,0,467500,34.7,22.8,35,27.6,75.7,26.6,39.4
"2026/01/14","2026/01/16","6284","日精エーエスビー機械","東証およびＰＴＳ",,"確報",200,0,8700,300,300,1300,7400,1304000,0,56724000,1956000,1956000,8476000,48248000,,,0,0,340000,0,0,52000,38.6,107,214,142.7,6.1,5.5,5.8
"2026/01/14","2026/01/16","6286","靜甲","東証およびＰＴＳ",,"確報",0,0,1700,0,0,0,1700,0,0,2364700,0,0,0,2364700,,,0,0,0,3400,0,0,11.5,12.5,10.7,11.5,0,0,0
"2026/01/14","2026/01/16","6287","サトー","東証およびＰＴＳ",,"確報",300,200,5300,0,1000,4100,1200,723600,482400,12783600,0,2412000,9889200,2894400,,,0,0,20800,0,0,20400,15.2,13.5,14.2,13.8,18.5,15.9,17.1
"2026/01/14","2026/01/16","6289","技研製作所","東証およびＰＴＳ",,"確報",1000,900,42400,600,200,42700,-300,2164000,1947600,91753600,1298400,432800,92402800,-649200,,,0,0,1353600,0,0,1353600,17.8,8.3,10.3,9.2,214.9,126.4,159.2
"2026/01/14","2026/01/16","6291","日本エアーテック","東証およびＰＴＳ",,"確報",0,200,30100,0,0,0,30100,0,244200,36752100,0,0,0,36752100,,,0,0,212100,0,0,0,39.2,27.8,66.5,39.2,0,0,0
"2026/01/14","2026/01/16","6292","カワタ","東証およびＰＴＳ",,"確報",0,0,1200,0,0,0,1200,0,0,958800,0,0,0,958800,,,0,0,6000,0,0,0,24.4,0,12.2,24.4,0,0,0
"2026/01/14","2026/01/16","6293","日精樹脂工業","東証およびＰＴＳ",,"確報",0,600,16600,100,1800,24100,-7500,0,538800,14906800,89800,1616400,21641800,-6735000,,,0,0,51600,0,0,77400,6,3.6,2.7,3.1,79.2,16.2,26.9
"2026/01/14","2026/01/16","6294","オカダアイヨン","東証およびＰＴＳ",,"確報",1000,100,8500,100,0,300,8200,2391000,239100,20323500,239100,0,717300,19606200,,,0,0,0,106400,2800,0,23.2,20.1,47.6,28.2,3.5,4.7,4
"2026/01/14","2026/01/16","6298","ワイエイシイＨＤ","東証およびＰＴＳ",,"確報",900,200,12400,900,0,12400,0,983700,218600,13553200,983700,0,13553200,0,,,0,0,152100,0,0,149500,4.8,3.3,3.2,3.2,24,15.5,18.9
"2026/01/14","2026/01/16","6301","小松製作所","東証およびＰＴＳ",,"確報",4200,14300,53400,2100,500,5500,47900,22675800,77205700,288306600,11337900,2699500,29694500,258612100,,,0,0,7493000,0,0,460200,13.5,21.6,10.8,14.4,3.3,22.9,5.7
"2026/01/14","2026/01/16","6302","住友重機械工業","東証およびＰＴＳ",,"確報",5900,800,67900,16000,0,20600,47300,27588400,3740800,317500400,74816000,0,96325600,221174800,,,0,0,10550400,0,0,772800,11.8,15,14.7,14.8,2.4,18.3,4.3
"2026/01/14","2026/01/16","6305","日立建機","東証およびＰＴＳ",,"確報",4000,5300,9600,4600,300,9600,0,21156000,28031700,50774400,24329400,1586700,50774400,0,,,0,0,1417000,0,0,689000,5,5.6,6.2,5.9,3.1,4.7,3.7
"2026/01/14","2026/01/16","6306","日工","東証およびＰＴＳ",,"確報",0,100,10600,0,0,6800,3800,0,82300,8723800,0,0,5596400,3127400,,,0,0,85600,0,0,54400,56.8,33.7,101,50.5,0,34.7,69.4
"2026/01/14","2026/01/16","6307","サンセイ","東証およびＰＴＳ",,"確報",0,0,6900,0,0,0,6900,0,0,4215900,0,0,0,4215900,,,0,0,0,34500,0,0,229.3,172,344,229.3,0,0,0
"2026/01/14","2026/01/16","6309","巴工業","東証およびＰＴＳ",,"確報",300,0,6600,0,0,0,6600,574200,0,12632400,0,0,0,12632400,,,0,0,189000,0,0,0,12,10.8,13.5,12,0,0,0
"2026/01/14","2026/01/16","6310","井関農機","東証およびＰＴＳ",,"確報",0,3800,57900,41500,0,47400,10500,0,7071800,107751900,77231500,0,88211400,19540500,,,0,0,2653100,0,0,253700,12.2,65.1,37,47.2,1.8,13.3,3.1
"2026/01/14","2026/01/16","6312","フロイント産業","東証およびＰＴＳ",,"確報",0,0,0,0,0,0,0,0,0,0,0,0,0,0,,,0,0,0,0,0,0,6,0,3,6,0,0,0
"2026/01/14","2026/01/16","6315","ＴＯＷＡ","東証およびＰＴＳ",,"確報",13700,46200,227300,8100,200,159100,68200,38962800,131392800,646441200,23036400,568800,452480400,193960800,,,0,0,68847000,0,0,40068000,19.2,17,10.7,13.1,56.5,139.8,80.5
"2026/01/14","2026/01/16","6316","丸山製作所","東証およびＰＴＳ",,"確報",0,0,700,0,0,0,700,0,0,1630300,0,0,0,1630300,,,0,0,23800,0,0,0,19,38,12.7,19,0,0,0
"2026/01/14","2026/01/16","6317","北川鉄工所","東証およびＰＴＳ",,"確報",200,800,1700,100,200,600,1100,361600,1446400,3073600,180800,361600,1084800,1988800,,,0,0,39100,0,0,11900,8.2,27.5,9.2,13.8,4.7,2.8,3.5
"2026/01/14","2026/01/16","6322","タクミナ","東証およびＰＴＳ",,"確報",0,100,400,0,0,0,400,0,161600,646400,0,0,0,646400,,,0,0,500,0,0,0,14,21,10.5,14,0,0,0
"2026/01/14","2026/01/16","6323","ローツェ","東証およびＰＴＳ",,"確報",100600,34300,189900,100,117300,6400,183500,278410500,94925250,525548250,276750,324627750,17712000,507836250,,,0,0,0,13287000,13287000,0,2.5,2.1,8.6,3.4,1.6,1.5,1.5
"2026/01/14","2026/01/16","6324","ハーモニックドライブ","東証およびＰＴＳ",,"確報",155600,35100,346400,7900,25000,429800,-83400,596726000,134608500,1328444000,30296500,95875000,1648283000,-319839000,,,0,0,33885000,0,0,67035000,10.7,5,6.2,5.6,135.8,22.7,38.9
"2026/01/14","2026/01/16","6325","タカキタ","東証およびＰＴＳ",,"確報",0,0,15200,0,100,11700,3500,0,0,6140800,0,40400,4726800,1414000,,,0,0,15200,0,0,11800,115.5,46.3,246.7,77.9,294,294,294
"2026/01/14","2026/01/16","6326","クボタ","東証およびＰＴＳ",,"確報",2200,3600,55300,4300,5700,55300,0,5238200,8571600,131669300,10238300,13571700,131669300,0,,,0,0,793800,0,0,793800,7.4,7.2,5.7,6.4,10.4,7.6,8.8
"2026/01/14","2026/01/16","6327","北川精機","東証およびＰＴＳ",,"確報",800,800,18600,0,0,0,18600,746400,746400,17353800,0,0,0,17353800,,,0,0,0,688200,0,0,36.9,25.9,64.6,36.9,0,0,0
"2026/01/14","2026/01/16","6328","荏原実業","東証およびＰＴＳ",,"確報",400,0,3400,200,0,6400,-3000,919200,0,7813200,459600,0,14707200,-6894000,,,0,0,114000,0,0,235600,7.6,5.8,4.6,5.2,8,17.3,10.9
"2026/01/14","2026/01/16","6330","東洋エンジニアリング","東証およびＰＴＳ",,"確報",21000,59100,419900,6000,16300,2520300,-2100400,133770000,376467000,2674763000,38220000,103831000,16054311000,-13379548000,,,0,0,458000000,0,0,2530600000,22,4.7,4.9,4.8,58.8,170.9,87.5
"2026/01/14","2026/01/16","6331","三菱化工機","東証およびＰＴＳ",,"確報",2900,10900,114000,0,0,0,114000,10034000,37714000,394440000,0,0,0,394440000,,,0,0,17080000,0,0,0,46,44.7,48,46.3,2,2,2
"2026/01/14","2026/01/16","6332","月島ホールディングス","東証およびＰＴＳ",,"確報",100,900,10800,400,400,1000,9800,306000,2754000,33048000,1224000,1224000,3060000,29988000,,,0,0,916400,0,0,79000,13.7,10.4,23.8,14.5,7.7,9.2,8.4
"2026/01/14","2026/01/16","6333","帝国電機製作所","東証およびＰＴＳ",,"確報",0,0,15900,0,100,2900,13000,0,0,50085000,0,315000,9135000,40950000,,,0,0,0,318000,60000,0,27.9,13.4,0,26.8,35.5,35.5,35.5
"2026/01/14","2026/01/16","6334","明治機械","東証およびＰＴＳ",,"確報",1000,0,1400,0,0,0,1400,400000,0,560000,0,0,0,560000,,,0,0,6800,0,0,0,4.6,3,10,4.6,0,0,0
"2026/01/14","2026/01/16","6335","東京機械製作所","東証およびＰＴＳ",,"確報",0,500,16100,0,0,0,16100,0,262000,8436400,0,0,0,8436400,,,0,0,0,66400,0,0,23.4,26,21.3,23.4,0,0,0
"2026/01/14","2026/01/16","6336","石井表記","東証およびＰＴＳ",,"確報",700,1000,3100,0,0,0,3100,540400,772000,2393200,0,0,0,2393200,,,0,0,0,3400,0,0,8.1,5.9,12.9,8.1,0,0,0
"2026/01/14","2026/01/16","6337","テセック","東証およびＰＴＳ",,"確報",0,200,3900,0,0,0,3900,0,443600,8650200,0,0,0,8650200,,,0,0,0,24600,0,0,28.8,20.8,46.8,28.8,0,0,0
"2026/01/14","2026/01/16","6338","タカトリ","東証およびＰＴＳ",,"確報",0,100,17900,0,0,0,17900,0,141300,25292700,0,0,0,25292700,,,0,0,180000,0,0,0,79.6,83.2,76.3,79.6,0,0,0
"2026/01/14","2026/01/16","6339","新東工業","東証およびＰＴＳ",,"確報",0,800,6700,35900,0,58500,-51800,0,913600,7651400,40997800,0,66807000,-59155600,,,0,0,67500,0,0,203400,6.2,4.6,4.1,4.3,4,34.7,7.1
"2026/01/14","2026/01/16","6340","澁谷工業","東証およびＰＴＳ",,"確報",600,200,800,500,0,800,0,2127000,709000,2836000,1772500,0,2836000,0,,,0,0,28000,0,0,21000,5.4,4.3,6.5,5.2,4.6,7.7,5.8
"2026/01/14","2026/01/16","6342","太平製作所","東証およびＰＴＳ",,"確報",0,0,500,0,0,0,500,0,0,1433500,0,0,0,1433500,,,0,0,1000,0,0,0,23,23,23,23,0,0,0
"2026/01/14","2026/01/16","6343","フリージア・マクロス","東証およびＰＴＳ",,"確報",1700,0,74300,300,500,27900,46400,285600,0,12482400,50400,84000,4687200,7795200,,,0,0,0,0,0,0,51.5,127.2,56.8,78.5,28.2,25.1,26.5
"2026/01/14","2026/01/16","6345","アイチコーポ","東証およびＰＴＳ",,"確報",300,0,19500,0,1000,8200,11300,419100,0,27241500,0,1397000,11455400,15786100,,,0,0,153600,0,0,73600,55.1,106.7,240,147.7,27.8,21.5,24.3
"2026/01/14","2026/01/16","6346","キクカワエンタ","東証およびＰＴＳ",,"確報",0,0,0,0,0,0,0,0,0,0,0,0,0,0,,,0,0,0,0,0,0,0,0,0,0,0,0,0
"2026/01/14","2026/01/16","6347","プラコー","東証およびＰＴＳ",,"確報",0,0,410900,0,0,0,410900,0,0,131077100,0,0,0,131077100,,,0,0,0,5752600,0,0,62.2,0,31.1,62.2,0,0,0
"2026/01/14","2026/01/16","6349","小森コーポレーション","東証およびＰＴＳ",,"確報",18800,0,21300,21100,100,21300,0,30568800,0,34633800,34308600,162600,34633800,0,,,0,0,30000,0,0,3600,2.5,1.6,314,3.3,1,11.1,1.9
"2026/01/14","2026/01/16","6351","鶴見製作所","東証およびＰＴＳ",,"確報",1200,300,3800,1400,0,3800,0,2802000,700500,8873000,3269000,0,8873000,0,,,0,0,232000,0,0,192000,6.6,4.3,5.7,4.9,8.1,15.2,10.5
"2026/01/14","2026/01/16","6356","日本ギア工業","東証およびＰＴＳ",,"確報",600,1200,44800,1200,0,9100,35700,576000,1152000,43008000,1152000,0,8736000,34272000,,,0,0,1089600,0,0,189600,34.8,85.6,57.8,69,21.2,5.8,9.1
"2026/01/14","2026/01/16","6357","三精テクノロジーズ","東証およびＰＴＳ",,"確報",0,100,8600,0,0,0,8600,0,248000,21328000,0,0,0,21328000,,,0,0,261000,0,0,0,73,219,43.8,73,0,0,0
"2026/01/14","2026/01/16","6358","酒井重工業","東証およびＰＴＳ",,"確報",400,0,4200,400,0,4200,0,887600,0,9319800,887600,0,9319800,0,,,0,0,171000,0,0,171000,2.7,1.9,1.9,1.9,9.4,7.7,8.5
"2026/01/14","2026/01/16","6360","東京自働機械製作所","東証およびＰＴＳ",,"確報",100,0,900,0,0,0,900,400500,0,3604500,0,0,0,3604500,,,0,0,40000,0,0,0,4.4,221,2.2,4.4,0,0,0
"2026/01/14","2026/01/16","6361","荏原製作所","東証およびＰＴＳ",,"確報",1500,900,45600,100,6100,6200,39400,6985500,4191300,212359200,465700,28407700,28873400,183485800,,,0,0,2925000,0,0,793000,7.5,72.8,4.6,8.6,3.4,4,3.7
"2026/01/14","2026/01/16","6363","酉島製作所","東証およびＰＴＳ",,"確報",2600,0,45600,800,0,8300,37300,5600400,0,98222400,1723200,0,17878200,80344200,,,0,0,2365000,0,0,412500,27.3,14.5,116.1,25.8,50.9,31.3,38.8
"2026/01/14","2026/01/16","6364","ＡＩＲＭＡＮ","東証およびＰＴＳ",,"確報",0,0,4500,0,0,4500,0,0,0,8487000,0,0,8487000,0,,,0,0,63000,0,0,63000,5.3,3,2.9,2.9,0,226,452
"2026/01/14","2026/01/16","6365","電業社機械製作所","東証およびＰＴＳ",,"確報",0,0,400,0,0,0,400,0,0,2236000,0,0,0,2236000,,,0,0,32000,0,0,0,20,0,10,20,0,0,0
"2026/01/14","2026/01/16","6366","千代田化工建設","東証およびＰＴＳ",,"確報",44200,74200,631700,0,0,161600,470100,38144600,64034600,545157100,0,0,139460800,405696300,,,0,0,18527600,0,0,4524800,17.5,11.7,22.7,15.4,0,16.9,33.9
"2026/01/14","2026/01/16","6367","ダイキン工業","東証およびＰＴＳ",,"確報",100,6200,14500,600,2700,2800,11700,1970000,122140000,285650000,11820000,53190000,55160000,230490000,,,0,0,0,1133000,269500,0,5.2,6.6,8.3,7.4,2.2,1.2,1.5
"2026/01/14","2026/01/16","6368","オルガノ","東証およびＰＴＳ",,"確報",400,900,7800,700,0,4200,3600,6032000,13572000,117624000,10556000,0,63336000,54288000,,,0,0,4565000,0,0,1925000,7.7,11.2,9,10,4,7.2,5.2
"2026/01/14","2026/01/16","6369","トーヨーカネツ","東証およびＰＴＳ",,"確報",1100,300,8100,200,1100,3400,4700,2856700,779100,21035700,519400,2856700,8829800,12205900,,,0,0,408800,0,0,240800,5.1,19.1,4.6,7.5,21.8,1.8,3.4
"2026/01/14","2026/01/16","6370","栗田工業","東証およびＰＴＳ",,"確報",1100,1000,4700,900,800,4700,0,7667000,6970000,32759000,6273000,5576000,32759000,0,,,0,0,0,138000,138000,0,5,14,7.2,9.5,1.9,5,2.7
"2026/01/14","2026/01/16","6371","椿本チエイン","東証およびＰＴＳ",,"確報",4600,0,33400,11200,900,33400,0,11247000,0,81663000,27384000,2200500,81663000,0,,,0,0,1728000,0,0,1386000,12.5,23.3,24.4,23.8,7.8,7.9,7.9
"2026/01/14","2026/01/16","6376","日機装","東証およびＰＴＳ",,"確報",0,5400,12800,1100,0,5300,7500,0,9779400,23180800,1992100,0,9598300,13582500,,,0,0,655200,0,0,151200,9.2,13.3,9.8,11.3,1.8,0,3.6
"2026/01/14","2026/01/16","6378","木村化工機","東証およびＰＴＳ",,"確報",800,3600,32600,100,1700,24000,8600,1074400,4834800,43781800,134300,2283100,32232000,11549800,,,0,0,35400,0,0,25600,12.9,8,17.2,11,14.5,19.8,16.8
"2026/01/14","2026/01/16","6379","レイズネクスト","東証およびＰＴＳ",,"確報",0,2600,6100,0,0,300,5800,0,6593600,15469600,0,0,760800,14708800,,,0,0,252300,0,0,8700,18.7,149.3,10.4,19.5,3,0,6
"2026/01/14","2026/01/16","6380","オリエンタルチエン","東証およびＰＴＳ",,"確報",0,200,57800,0,0,0,57800,0,700000,202300000,0,0,0,202300000,,,0,0,0,2610000,0,0,413.3,578.6,321.4,413.3,0,0,0
"2026/01/14","2026/01/16","6381","アネスト岩田","東証およびＰＴＳ",,"確報",0,0,1900,0,0,300,1600,0,0,3269900,0,0,516300,2753600,,,0,0,24700,0,0,3900,13,51.5,7.9,13.7,7,14,9.3
"2026/01/14","2026/01/16","6382","トリニティ工業","東証およびＰＴＳ",,"確報",100,0,6000,0,0,0,6000,136500,0,8190000,0,0,0,8190000,,,0,0,118000,0,0,0,297,297,297,297,0,0,0
"2026/01/14","2026/01/16","6383","ダイフク","東証およびＰＴＳ",,"確報",900,700,20500,800,0,4900,15600,4826700,3754100,109941500,4290400,0,26278700,83662800,,,0,0,669900,0,0,135300,10.3,19.7,8,11.4,3,45,5.6
"2026/01/14","2026/01/16","6384","昭和真空","東証およびＰＴＳ",,"確報",0,100,4000,0,0,0,4000,0,161700,6468000,0,0,0,6468000,,,0,0,12300,0,0,0,33,18,198,33,0,0,0
"2026/01/14","2026/01/16","6387","サムコ","東証およびＰＴＳ",,"確報",300,400,4100,0,0,0,4100,1443000,1924000,19721000,0,0,0,19721000,,,0,0,1071000,0,0,0,20.1,23.4,17.6,20.1,0,0,0
"2026/01/14","2026/01/16","6390","加藤製作所","東証およびＰＴＳ",,"確報",200,500,124500,1100,0,36300,88200,274000,685000,170565000,1507000,0,49731000,120834000,,,0,0,374400,0,0,105600,161.9,167.5,295.2,213.8,59.8,157.5,86.7
"2026/01/14","2026/01/16","6391","加地テック","東証およびＰＴＳ",,"確報",0,0,500,0,0,0,500,0,0,1867500,0,0,0,1867500,,,0,0,25000,0,0,0,0,0,0,0,0,0,0
"2026/01/14","2026/01/16","6392","ヤマダコーポ","東証およびＰＴＳ",,"確報",0,0,300,0,0,0,300,0,0,2043000,0,0,0,2043000,,,0,0,0,27000,0,0,0,0,0,0,0,0,0
"2026/01/14","2026/01/16","6393","油研工業","東証およびＰＴＳ",,"確報",100,0,400,0,0,300,100,325500,0,1302000,0,0,976500,325500,,,0,0,0,1500,1500,0,5.1,2.8,2.8,2.8,0,16,32
"2026/01/14","2026/01/16","6395","タダノ","東証およびＰＴＳ",,"確報",0,200,13800,0,0,0,13800,0,226000,15594000,0,0,0,15594000,,,0,0,210000,0,0,0,107.2,99.6,116.2,107.2,0,0,0
"2026/01/14","2026/01/16","6396","宇野澤組鐵工所","東証およびＰＴＳ",,"確報",0,0,300,0,0,0,300,0,0,1267500,0,0,0,1267500,,,0,0,0,4500,0,0,0,0,0,0,0,0,0
"2026/01/14","2026/01/16","6400","不二精機","東証およびＰＴＳ",,"確報",500,0,11900,0,0,200,11700,143000,0,3403400,0,0,57200,3346200,,,0,0,57000,0,0,1000,146.8,115,575,191.7,0,6,12
"2026/01/14","2026/01/16","6402","兼松エンジニアリング","東証およびＰＴＳ",,"確報",300,0,7600,0,0,0,7600,511800,0,12965600,0,0,0,12965600,,,0,0,335800,0,0,0,184,122.7,368,184,0,0,0
"2026/01/14","2026/01/16","6403","水道機工","東証およびＰＴＳ",,"確報",0,0,3100,0,0,0,3100,0,0,9920000,0,0,0,9920000,,,0,0,0,77500,0,0,55,165,33,55,0,0,0
"2026/01/14","2026/01/16","6405","鈴茂器工","東証およびＰＴＳ",,"確報",100,0,2700,0,0,0,2700,131100,0,3539700,0,0,0,3539700,,,0,0,91000,0,0,0,39.1,27.4,68.5,39.1,0,0,0
"2026/01/14","2026/01/16","6406","フジテック","東証およびＰＴＳ",,"確報",0,0,2200,0,0,0,2200,0,0,12456400,0,0,0,12456400,,,0,0,0,6600,0,0,4.4,2.5,17.7,4.4,0,0,0
"2026/01/14","2026/01/16","6407","ＣＫＤ","東証およびＰＴＳ",,"確報",2100,5200,22300,5900,100,44200,-21900,7875000,19500000,83625000,22125000,375000,165750000,-82125000,,,0,0,4699000,0,0,7104000,8.6,7.2,10.6,8.6,4.9,36.2,8.6
"2026/01/14","2026/01/16","6408","小倉クラッチ","東証およびＰＴＳ",,"確報",0,0,100,0,0,0,100,0,0,375000,0,0,0,375000,,,0,0,0,0,0,0,8,4,0,8,0,0,0
"2026/01/14","2026/01/16","6412","平和","東証およびＰＴＳ",,"確報",0,200,19700,0,0,0,19700,0,415800,40956300,0,0,0,40956300,,,0,0,59700,0,0,0,32.3,98.5,19.3,32.3,0,0,0
"2026/01/14","2026/01/16","6413","理想科学工業","東証およびＰＴＳ",,"確報",3900,4000,9500,300,0,9500,0,4992000,5120000,12160000,384000,0,12160000,0,,,0,0,124800,0,0,119600,12.9,12.8,8.4,10.2,30.8,13.6,18.9
"2026/01/14","2026/01/16","6417","ＳＡＮＫＹＯ","東証およびＰＴＳ",,"確報",0,200,25300,2700,300,6100,19200,0,516500,65337250,6972750,774750,15753250,49584000,,,0,0,981750,0,0,142450,10.6,22.9,59.5,33,3,2.2,2.6
"2026/01/14","2026/01/16","6418","日本金銭機械","東証およびＰＴＳ",,"確報",1000,100,35000,0,1000,43400,-8400,1043000,104300,36505000,0,1043000,45266200,-8761200,,,0,0,443300,0,0,577200,5.4,3.2,3.4,3.3,1161.2,4.8,9.5
"2026/01/14","2026/01/16","6419","マースグループＨＤ","東証およびＰＴＳ",,"確報",0,0,8000,200,0,2800,5200,0,0,26160000,654000,0,9156000,17004000,,,0,0,160000,0,0,52000,28.6,52.9,32.5,40.3,13.3,15,14.1
"2026/01/14","2026/01/16","6420","ガリレイ","東証およびＰＴＳ",,"確報",100,0,17200,0,0,600,16600,392000,0,67424000,0,0,2352000,65072000,,,0,0,598500,0,0,21000,54.9,168.8,0,337.6,6.8,1.5,2.5
"2026/01/14","2026/01/16","6424","高見沢サイバ","東証およびＰＴＳ",,"確報",0,0,900,0,0,0,900,0,0,857700,0,0,0,857700,,,0,0,4500,0,0,0,13.2,6.6,0,13.2,0,0,0
"2026/01/14","2026/01/16","6425","ユニバーサルエンタ","東証およびＰＴＳ",,"確報",300,10200,132000,9000,500,96500,35500,236400,8037600,104016000,7092000,394000,76042000,27974000,,,0,0,0,2412300,1496000,0,59.9,86.5,50.5,63.8,31.5,209.7,54.7
"2026/01/14","2026/01/16","6428","オーイズミ","東証およびＰＴＳ",,"確報",0,0,5000,0,0,0,5000,0,0,1680000,0,0,0,1680000,,,0,0,0,10000,0,0,50.8,42.3,63.5,50.8,0,0,0
"2026/01/14","2026/01/16","6430","ダイコク電機","東証およびＰＴＳ",,"確報",0,0,8000,900,0,3900,4100,0,0,23360000,2628000,0,11388000,11972000,,,0,0,360000,0,0,135000,34.5,412,51.5,91.6,19.2,12,14.8
"2026/01/14","2026/01/16","6432","竹内製作所","東証およびＰＴＳ",,"確報",14900,0,19500,51900,8000,59500,-40000,99383000,0,130065000,346173000,53360000,396865000,-266800000,,,0,0,0,2622000,8892000,0,2.8,1.8,4.5,2.6,2,5.1,2.8
"2026/01/14","2026/01/16","6433","ヒーハイスト","東証およびＰＴＳ",,"確報",11200,500,41000,0,0,0,41000,11401600,509000,41738000,0,0,0,41738000,,,0,0,393900,0,0,0,14.5,9.2,34.3,14.5,0,0,0
"2026/01/14","2026/01/16","6436","アマノ","東証およびＰＴＳ",,"確報",600,100,1200,0,300,300,900,2540400,423400,5080800,0,1270200,1270200,3810600,,,0,0,0,12600,10800,0,1.2,1.2,1.3,1.2,1.2,1.2,1.2
"2026/01/14","2026/01/16","6440","ジューキ","東証およびＰＴＳ",,"確報",0,500,20400,1000,4400,88200,-67800,0,260000,10608000,520000,2288000,45864000,-35256000,,,0,0,271700,0,0,1190800,12.4,6.1,2.8,3.8,112.3,17,29.5
"2026/01/14","2026/01/16","6444","サンデン","東証およびＰＴＳ",,"確報",1600,9400,282600,500,0,80300,202300,219200,1287800,38716200,68500,0,11001100,27715100,,,0,0,0,290400,79800,0,164.8,162.5,115.3,134.9,499,1996,798.4
"2026/01/14","2026/01/16","6445","ジャノメ","東証およびＰＴＳ",,"確報",0,200,20400,200,0,24500,-4100,0,244800,24969600,244800,0,29988000,-5018400,,,0,0,432600,0,0,510300,50.2,18.6,51.2,27.3,151.6,202.2,173.3
"2026/01/14","2026/01/16","6448","ブラザー工業","東証およびＰＴＳ",,"確報",7400,2600,10700,5600,1800,21900,-11200,24168400,8491600,34946200,18289600,5878800,71525400,-36579200,,,0,0,371700,0,0,1140300,3.3,3.3,4.2,3.7,3.4,3,3.2
"2026/01/14","2026/01/16","6454","マックス","東証およびＰＴＳ",,"確報",0,0,1600,1000,500,21400,-19800,0,0,10928000,6830000,3415000,146162000,-135234000,,,0,0,16000,0,0,209000,28.3,0,43,86,34.4,22,26.9
"2026/01/14","2026/01/16","6455","モリタＨＤ","東証およびＰＴＳ",,"確報",100,2300,3200,0,2600,2800,400,288300,6630900,9225600,0,7495800,8072400,1153200,,,0,0,0,48600,48600,0,8.2,37.1,5.7,9.9,358,3.7,7.2
"2026/01/14","2026/01/16","6457","グローリー","東証およびＰＴＳ",,"確報",100,0,800,1000,100,18100,-17300,426300,0,3410400,4263000,426300,77160300,-73749900,,,0,0,50400,0,0,1238400,15.9,18,18,18,26.5,11.3,15.9
"2026/01/14","2026/01/16","6458","新晃工業","東証およびＰＴＳ",,"確報",0,0,51400,0,400,4100,47300,0,0,74478600,0,579600,5940900,68537700,,,0,0,102800,0,0,9000,19,9.8,337.2,19,17.4,20.5,18.8
"2026/01/14","2026/01/16","6459","大和冷機工業","東証およびＰＴＳ",,"確報",0,0,6000,400,0,7800,-1800,0,0,9690000,646000,0,12597000,-2907000,,,0,0,78000,0,0,96200,9.2,24.9,9.6,13.9,122.8,3.8,7.3
"2026/01/14","2026/01/16","6460","セガサミーＨＤ","東証およびＰＴＳ",,"確報",0,1900,71500,0,0,500,71000,0,4708200,177177000,0,0,1239000,175938000,,,0,0,1101000,0,0,7500,91.4,244.9,62.3,99.3,5.4,13.5,7.7
"2026/01/14","2026/01/16","6463","ＴＰＲ","東証およびＰＴＳ",,"確報",200,800,51900,0,100,64300,-12400,274000,1096000,71103000,0,137000,88091000,-16988000,,,0,0,945000,0,0,1159200,107.2,139.3,45.6,68.7,325.1,141.3,197
"2026/01/14","2026/01/16","6464","ツバキ・ナカシマ","東証およびＰＴＳ",,"確報",200,4500,121000,0,3200,170900,-49900,72400,1629000,43802000,0,1158400,61865800,-18063800,,,0,0,125300,0,0,174100,35.7,22.6,42.2,29.4,132.8,24.8,41.8
"2026/01/14","2026/01/16","6465","ホシザキ","東証およびＰＴＳ",,"確報",100,0,4600,300,0,1600,3000,542500,0,24955000,1627500,0,8680000,16275000,,,0,0,198000,0,0,57200,12.7,17.3,17.3,17.3,2.1,32,4
"2026/01/14","2026/01/16","6466","ＴＶＥ","東証およびＰＴＳ",,"確報",100,200,3400,0,0,0,3400,308000,616000,10472000,0,0,0,10472000,,,0,0,122500,0,0,0,56,56,56,56,0,0,0
"2026/01/14","2026/01/16","6467","ニチダイ","東証およびＰＴＳ",,"確報",0,0,900,0,0,0,900,0,0,310500,0,0,0,310500,,,0,0,0,900,0,0,90,45,0,90,0,0,0
"2026/01/14","2026/01/16","6469","放電精密加工研究所","東証およびＰＴＳ",,"確報",500,2200,12400,0,0,0,12400,1747500,7689000,43338000,0,0,0,43338000,,,0,0,3031500,0,0,0,9.8,13.6,7.6,9.8,0,0,0
"2026/01/14","2026/01/16","6470","大豊工業","東証およびＰＴＳ",,"確報",400,0,100300,200,5400,32000,68300,341600,0,85656200,170800,4611600,27328000,58328200,,,0,0,0,699300,260400,0,17.1,86.3,10.5,18.7,13.4,13.4,13.4
"2026/01/14","2026/01/16","6471","日本精工","東証およびＰＴＳ",,"確報",2500,1500,35200,1700,1400,24700,10500,2766250,1659750,38948800,1881050,1549100,27330550,11618250,,,0,0,837900,0,0,597800,11.3,16,7.6,10.3,12.7,13.5,13.1
"2026/01/14","2026/01/16","6472","ＮＴＮ","東証およびＰＴＳ",,"確報",0,53400,179800,47500,200,362100,-182300,0,20334720,68467840,18088000,76160,137887680,-69419840,,,0,0,2052160,0,0,2770240,15.5,14,15.2,14.6,10.1,42.8,16.3
"2026/01/14","2026/01/16","6473","ジェイテクト","東証およびＰＴＳ",,"確報",2300,1900,32700,3500,3100,32700,0,4353900,3596700,61901100,6625500,5868300,61901100,0,,,0,0,710600,0,0,710600,6.8,5.2,3.5,4.1,15.6,20.8,17.8
"2026/01/14","2026/01/16","6474","不二越","東証およびＰＴＳ",,"確報",3000,3700,12700,600,1300,12700,0,16380000,20202000,69342000,3276000,7098000,69342000,0,,,0,0,7437000,0,0,7437000,14.1,8.7,10.8,9.7,20.3,37,26.2
"2026/01/14","2026/01/16","6479","ミネベアミツミ","東証およびＰＴＳ",,"確報",2700,3600,37100,3600,6000,10400,26700,8737200,11649600,120055600,11649600,19416000,33654400,86401200,,,0,0,6118000,0,0,2060800,11.8,13.3,24.5,17.2,13.2,4.3,6.5
"2026/01/14","2026/01/16","6480","日本トムソン","東証およびＰＴＳ",,"確報",2500,0,44800,1400,0,18600,26200,2250000,0,40320000,1260000,0,16740000,23580000,,,0,0,1311300,0,0,533200,19.7,16,91.3,27.3,14.6,10,11.8
"2026/01/14","2026/01/16","6481","ＴＨＫ","東証およびＰＴＳ",,"確報",0,700,31100,100,1200,3600,27500,0,2954000,131242000,422000,5064000,15192000,116050000,,,0,0,1590000,0,0,235000,9.4,67,7.9,14.1,7.6,2.4,3.6
"2026/01/14","2026/01/16","6482","ＹＵＳＨＩＮ","東証およびＰＴＳ",,"確報",0,2900,39100,0,800,65700,-26600,0,2166300,29207700,0,597600,49077900,-19870200,,,0,0,210000,0,0,332500,50.6,50.9,15.2,23.4,843.3,116.3,204.4
"2026/01/14","2026/01/16","6484","ケーブイケー","東証およびＰＴＳ",,"確報",0,0,300,0,0,0,300,0,0,798000,0,0,0,798000,,,0,0,6300,0,0,0,16,16,16,16,0,0,0
"2026/01/14","2026/01/16","6485","前澤給装工業","東証およびＰＴＳ",,"確報",4300,200,10900,3200,100,11000,-100,7533600,350400,19096800,5606400,175200,19272000,-175200,,,0,0,863600,0,0,1003300,10.1,5.1,11.2,7,10.9,46.2,17.7
"2026/01/14","2026/01/16","6486","イーグル工業","東証およびＰＴＳ",,"確報",1000,5000,9900,200,6200,9900,0,3080000,15400000,30492000,616000,19096000,30492000,0,,,0,0,556000,0,0,636000,7,6.5,4.9,5.6,11.9,7.5,9.2
"2026/01/14","2026/01/16","6488","ヨシタケ","東証およびＰＴＳ",,"確報",400,0,400,0,0,0,400,416000,0,416000,0,0,0,416000,,,0,0,0,0,0,0,2,1.2,6,2,0,0,0
"2026/01/14","2026/01/16","6489","前澤工業","東証およびＰＴＳ",,"確報",2900,100,7000,2800,0,7000,0,6426400,221600,15512000,6204800,0,15512000,0,,,0,0,243600,0,0,243600,7.3,4.7,17.7,7.4,3.8,61,7.2
"2026/01/14","2026/01/16","6490","ＰＩＬＬＡＲ","東証およびＰＴＳ",,"確報",5000,0,6000,3100,200,13600,-7600,29400000,0,35280000,18228000,1176000,79968000,-44688000,,,0,0,290000,0,0,3103000,5.6,1.8,3.9,2.5,4.8,17.4,7.6
"2026/01/14","2026/01/16","6492","岡野バルブ製造","東証およびＰＴＳ",,"確報",600,0,4000,0,0,0,4000,4782000,0,31880000,0,0,0,31880000,,,0,0,0,612000,0,0,7.5,3.9,116,7.5,0,0,0
"2026/01/14","2026/01/16","6493","ＮＩＴＴＡＮ","東証およびＰＴＳ",,"確報",5600,1700,72100,0,0,0,72100,4200000,1275000,54075000,0,0,0,54075000,,,0,0,136400,0,0,0,20,28.4,15.4,20,0,0,0
"2026/01/14","2026/01/16","6494","ＮＦＫＨＤ","東証およびＰＴＳ",,"確報",200,0,143500,0,0,0,143500,27400,0,19659500,0,0,0,19659500,,,0,0,0,286600,0,0,39.1,38,40.1,39.1,0,0,0
"2026/01/14","2026/01/16","6495","宮入バルブ製作所","東証およびＰＴＳ",,"確報",9100,8700,31700,0,0,0,31700,1638000,1566000,5706000,0,0,0,5706000,,,0,0,0,219100,0,0,4.2,3.6,5.1,4.2,0,0,0
"2026/01/14","2026/01/16","6496","中北製作所","東証およびＰＴＳ",,"確報",100,1300,7200,0,1200,7200,0,713000,9269000,51336000,0,8556000,51336000,0,,,0,0,0,588000,588000,0,8.2,6.8,4.6,5.5,19,13.9,16
"2026/01/14","2026/01/16","6497","ハマイ","東証およびＰＴＳ",,"確報",0,0,2900,0,0,0,2900,0,0,3552500,0,0,0,3552500,,,0,0,20300,0,0,0,0,0,0,0,0,0,0
"2026/01/14","2026/01/16","6498","キッツ","東証およびＰＴＳ",,"確報",5600,1400,34900,4200,0,34900,0,10942400,2735600,68194600,8206800,0,68194600,0,,,0,0,1535000,0,0,1535000,12.4,7,32.7,11.5,7.6,52.5,13.3
"2026/01/14","2026/01/16","6501","日立製作所","東証およびＰＴＳ",,"確報",4000,64900,346200,3600,16600,21900,324300,21592000,350330200,1868787600,19432800,89606800,118216200,1750571400,,,0,0,27682800,0,0,2373200,7.6,8.9,12.6,10.4,2.4,0.7,1.1
"2026/01/14","2026/01/16","6503","三菱電機","東証およびＰＴＳ",,"確報",20000,13400,137400,2500,4800,6700,130700,102960000,68983200,707335200,12870000,24710400,34491600,672843600,,,0,0,14518800,0,0,999000,10.9,12.3,12,12.2,2.2,2.7,2.4
"2026/01/14","2026/01/16","6504","富士電機","東証およびＰＴＳ",,"確報",3400,400,22300,200,600,6500,15800,43231000,5086000,283544500,2543000,7629000,82647500,200897000,,,0,0,4149500,0,0,1483500,11.8,14.7,15.5,15.1,5.4,7.1,6.1
"2026/01/14","2026/01/16","6505","東洋電機製造","東証およびＰＴＳ",,"確報",600,4200,5300,2400,200,2400,2900,1194600,8362200,10552300,4778400,398200,4778400,5773900,,,0,0,0,1602000,36000,0,5,14.4,3.5,5.7,1.1,6,1.8
"2026/01/14","2026/01/16","6506","安川電機","東証およびＰＴＳ",,"確報",6500,116400,229600,3800,1200,13000,216600,34099000,610634400,1204481600,19934800,6295200,68198000,1136283600,,,0,0,110337500,0,0,3380000,10.1,13.5,8.2,10.2,5.4,10.5,7.2
"2026/01/14","2026/01/16","6507","シンフォニアテクノ","東証およびＰＴＳ",,"確報",400,400,9100,100,0,7100,2000,4236000,4236000,96369000,1059000,0,75189000,21180000,,,0,0,0,2275000,1750000,0,12.3,13.3,6.4,8.6,28.8,28.8,28.8
"2026/01/14","2026/01/16","6508","明電舎","東証およびＰＴＳ",,"確報",0,1000,20000,1600,0,1600,18400,0,6050000,121000000,9680000,0,9680000,111320000,,,0,0,1680000,0,0,0,32.4,61.9,31.9,42.1,1,0,2
"2026/01/14","2026/01/16","6513","オリジン","東証およびＰＴＳ",,"確報",0,300,0,0,0,0,0,0,322200,0,0,0,0,0,,,0,0,1800,0,0,0,4.5,9,3,4.5,0,0,0
"2026/01/14","2026/01/16","6516","山洋電気","東証およびＰＴＳ",,"確報",100,700,18900,0,600,18900,0,427000,2989000,80703000,0,2562000,80703000,0,,,0,0,1365000,0,0,1365000,19.5,21.4,12.3,15.7,45.9,17.8,25.7
"2026/01/14","2026/01/16","6517","デンヨー","東証およびＰＴＳ",,"確報",0,2100,6400,0,2100,6400,0,0,7623000,23232000,0,7623000,23232000,0,,,0,0,85000,0,0,85000,12.2,11.2,10.5,10.9,14.5,13.4,13.9
"2026/01/14","2026/01/16","6518","三相電機","東証およびＰＴＳ",,"確報",0,0,8500,0,0,0,8500,0,0,8678500,0,0,0,8678500,,,0,0,0,119000,0,0,852,0,426,852,0,0,0
"2026/01/14","2026/01/16","6521","オキサイド","東証およびＰＴＳ",,"確報",10700,1200,39300,0,0,0,39300,17344700,1945200,63705300,0,0,0,63705300,,,0,0,0,2026400,0,0,13.8,7.8,58.2,13.8,0,0,0
"2026/01/14","2026/01/16","6522","アスタリスク","東証およびＰＴＳ",,"確報",3600,800,31900,0,100,31900,0,1378800,306400,12217700,0,38300,12217700,0,,,0,0,0,145500,160000,0,45,13.3,53.2,21.3,798.5,532.3,638.8
"2026/01/14","2026/01/16","6523","ＰＨＣＨＤ","東証およびＰＴＳ",,"確報",100,0,4200,0,0,0,4200,117900,0,4951800,0,0,0,4951800,,,0,0,73800,0,0,0,12.1,16.4,9.6,12.1,0,0,0
"2026/01/14","2026/01/16","6524","湖北工業","東証およびＰＴＳ",,"確報",100,0,21400,4900,200,32000,-10600,301500,0,64521000,14773500,603000,96480000,-31959000,,,0,0,1384500,0,0,1774500,19.3,45.3,12.3,19.3,10.7,95.1,19.3
"2026/01/14","2026/01/16","6525","ＫＯＫＵＳＡＩ","東証およびＰＴＳ",,"確報",7900,7200,66800,81500,300,118100,-51300,48474400,44179200,409884800,500084000,1840800,724661600,-314776800,,,0,0,13484400,0,0,7527600,4.1,6.8,4.2,5.2,2,6.6,3.1
"2026/01/14","2026/01/16","6526","ソシオネクスト","東証およびＰＴＳ",,"確報",100,140600,335300,100,900,2000,333300,237250,333573500,795499250,237250,2135250,4745000,790754250,,,0,0,15225600,0,0,89600,18.7,36,12.9,19,3.3,5,4
"2026/01/14","2026/01/16","6532","ベイカレント","東証およびＰＴＳ",,"確報",4500,1700,79300,0,1000,2300,77000,30456000,11505600,536702400,0,6768000,15566400,521136000,,,0,0,0,4590000,198000,0,27.3,24.6,35.6,29.1,24.1,7.7,11.7
"2026/01/14","2026/01/16","6533","オーケストラＨＤ","東証およびＰＴＳ",,"確報",2100,0,10800,0,0,0,10800,2324700,0,11955600,0,0,0,11955600,,,0,0,147900,0,0,0,6.3,3.2,163.5,6.3,0,0,0
"2026/01/14","2026/01/16","6535","アイモバイル","東証およびＰＴＳ",,"確報",500,3500,17300,0,1400,7300,10000,256000,1792000,8857600,0,716800,3737600,5120000,,,0,0,142100,0,0,60900,21.8,41.1,22,28.7,502,7.6,15
"2026/01/14","2026/01/16","6537","ＷＡＳＨハウス","東証およびＰＴＳ",,"確報",200,3800,37100,1300,0,16900,20200,73400,1394600,13615700,477100,0,6202300,7413400,,,0,0,0,325600,124800,0,11.2,8.6,7.9,8.2,36.8,89.9,52.2
"2026/01/14","2026/01/16","6538","ディスラプターズ","東証およびＰＴＳ",,"確報",1200,1000,7400,0,800,6400,1000,424800,354000,2619600,0,283200,2265600,354000,,,0,0,0,86400,86400,0,17,15.8,10.2,12.4,193,14.8,27.6
"2026/01/14","2026/01/16","6539","ＭＳ－Ｊａｐａｎ","東証およびＰＴＳ",,"確報",1000,1200,7300,2700,0,7300,0,1059000,1270800,7730700,2859300,0,7730700,0,,,0,0,75000,0,0,46000,11.1,12,14,12.9,8.6,10.5,9.4
"2026/01/14","2026/01/16","6540","船場","東証およびＰＴＳ",,"確報",100,200,3200,0,100,3200,0,176700,353400,5654400,0,176700,5654400,0,,,0,0,49500,0,0,49500,9.9,5.7,6.1,5.9,25.5,38.3,30.6
"2026/01/14","2026/01/16","6543","日宣","東証およびＰＴＳ",,"確報",0,0,2600,0,0,0,2600,0,0,3424200,0,0,0,3424200,,,0,0,85800,0,0,0,28.9,0,14.4,28.9,0,0,0
"2026/01/14","2026/01/16","6544","ＪＥＳＨＤ","東証およびＰＴＳ",,"確報",6000,24000,15200,1100,1500,51900,-36700,10353000,41412000,26227600,1898050,2588250,89553450,-63325850,,,0,0,0,1344600,2118150,0,7.3,6.1,3.6,4.6,152.3,4.4,8.5
"2026/01/14","2026/01/16","6545","ＩＩＦ","東証およびＰＴＳ",,"確報",0,0,1900,0,0,200,1700,0,0,1309100,0,0,137800,1171300,,,0,0,7600,0,0,800,27,32,48,38.4,6,12,8
"2026/01/14","2026/01/16","6546","フルテック","東証およびＰＴＳ",,"確報",200,200,2200,200,200,4900,-2700,234400,234400,2578400,234400,234400,5742800,-3164400,,,0,0,0,6600,14700,0,18.4,29.3,19.5,23.4,69.8,9.6,16.9
"2026/01/14","2026/01/16","6547","グリーンズ","東証およびＰＴＳ",,"確報",400,0,21100,100,500,700,20400,897200,0,47327300,224300,1121500,1570100,45757200,,,0,0,0,351900,18700,0,56.1,93.8,258,137.6,6.8,4.1,5.1
"2026/01/14","2026/01/16","6548","旅工房","東証およびＰＴＳ",,"確報",2500,0,10500,0,0,0,10500,367500,0,1543500,0,0,0,1543500,,,0,0,64000,0,0,0,17.3,12.6,27.6,17.3,0,0,0
"2026/01/14","2026/01/16","6549","ディーエムソリュ","東証およびＰＴＳ",,"確報",0,0,500,0,0,0,500,0,0,800000,0,0,0,800000,,,0,0,5000,0,0,0,54,0,27,54,0,0,0
"2026/01/14","2026/01/16","6551","ツナグＧＨＤ","東証およびＰＴＳ",,"確報",100,200,48400,0,0,100,48300,73400,146800,35525600,0,0,73400,35452200,,,0,0,0,679000,1400,0,281.1,170.4,1192.5,298.1,4,0,8
"2026/01/14","2026/01/16","6552","ＧａｍｅＷｉｔｈ","東証およびＰＴＳ",,"確報",0,200,8700,0,0,0,8700,0,37000,1609500,0,0,0,1609500,,,0,0,35600,0,0,0,34.8,19,200,34.8,0,0,0
"2026/01/14","2026/01/16","6554","エスユーエス","東証およびＰＴＳ",,"確報",0,0,5400,0,0,0,5400,0,0,6404400,0,0,0,6404400,,,0,0,21600,0,0,0,136.5,136.5,136.5,136.5,0,0,0
"2026/01/14","2026/01/16","6555","ＭＳコンサル","東証およびＰＴＳ",,"確報",1200,0,4800,0,0,0,4800,523200,0,2092800,0,0,0,2092800,,,0,0,0,14400,0,0,10.6,7.1,20.5,10.6,0,0,0
"2026/01/14","2026/01/16","6557","ＡＩＡＩグループ","東証およびＰＴＳ",,"確報",0,900,2200,0,0,0,2200,0,1298700,3174600,0,0,0,3174600,,,0,0,58900,0,0,0,10.2,15.3,7.7,10.2,0,0,0
"2026/01/14","2026/01/16","6558","クックビズ","東証およびＰＴＳ",,"確報",0,300,2300,0,0,0,2300,0,233100,1787100,0,0,0,1787100,,,0,0,0,98800,0,0,18.5,20,17.1,18.5,0,0,0
"2026/01/14","2026/01/16","6560","エル・ティー・エス","東証およびＰＴＳ",,"確報",100,0,1100,100,0,1100,0,224500,0,2469500,224500,0,2469500,0,,,0,0,13000,0,0,13000,16.7,8.3,12.5,10,25,0,50
"2026/01/14","2026/01/16","6561","ＨＡＮＡＴＯＵＲ","東証およびＰＴＳ",,"確報",100,400,22800,0,0,0,22800,88800,355200,20246400,0,0,0,20246400,,,0,0,69300,0,0,0,93.4,62.3,186.8,93.4,0,0,0
"2026/01/14","2026/01/16","6562","ジーニー","東証およびＰＴＳ",,"確報",0,300,202700,1400,0,69400,133300,0,322200,217699800,1503600,0,74535600,143164200,,,0,0,1827000,0,0,612000,250.6,316,632.1,421.4,136.8,97.7,114
"2026/01/14","2026/01/16","6563","みらいワークス","東証およびＰＴＳ",,"確報",100,0,2600,100,0,2600,0,63400,0,1648400,63400,0,1648400,0,,,0,0,0,12500,12500,0,28.2,15.9,18.1,16.9,63.5,127,84.7
"2026/01/14","2026/01/16","6564","ミダックＨＤ","東証およびＰＴＳ",,"確報",0,0,70800,0,0,0,70800,0,0,142874400,0,0,0,142874400,,,0,0,1770000,0,0,0,1014.6,3551,591.8,1014.6,0,0,0
"2026/01/14","2026/01/16","6565","ＡＢホテル","東証およびＰＴＳ",,"確報",0,1900,6200,0,0,0,6200,0,3178700,10372600,0,0,0,10372600,,,0,0,413100,0,0,0,22.5,33.7,16.9,22.5,0,0,0
"2026/01/14","2026/01/16","6566","要興業","東証およびＰＴＳ",,"確報",100,200,1100,0,0,1100,0,144900,289800,1593900,0,0,1593900,0,,,0,0,0,4800,4400,0,26.2,63,9,15.8,0,55,110
"2026/01/14","2026/01/16","6568","神戸天然物化学","東証およびＰＴＳ",,"確報",0,500,8800,0,0,0,8800,0,595500,10480800,0,0,0,10480800,,,0,0,37200,0,0,0,131.7,461,76.8,131.7,0,0,0
"2026/01/14","2026/01/16","6570","共和コーポレーション","東証およびＰＴＳ",,"確報",100,0,6100,100,0,200,5900,123700,0,7545700,123700,0,247400,7298300,,,0,0,30000,0,0,500,124,301,0,602,4.5,4.5,4.5
"2026/01/14","2026/01/16","6571","キュービーネットＨＤ","東証およびＰＴＳ",,"確報",200,300,7200,0,0,0,7200,286600,429900,10317600,0,0,0,10317600,,,0,0,299300,0,0,0,28.2,16.2,108,28.2,0,0,0
"2026/01/14","2026/01/16","6572","オープングループ","東証およびＰＴＳ",,"確報",17700,0,110100,4100,0,110500,-400,5256900,0,32699700,1217700,0,32818500,-118800,,,0,0,184800,0,0,212800,25.1,9,30.5,13.9,131.7,68.4,90
"2026/01/14","2026/01/16","6573","ＣＲＡＶＩＡ","東証およびＰＴＳ",,"確報",26900,4700,202500,0,0,0,202500,2474800,432400,18630000,0,0,0,18630000,,,0,0,2163600,0,0,0,14.8,9.3,36.5,14.8,0,0,0
"2026/01/14","2026/01/16","6574","コンヴァノ","東証およびＰＴＳ",,"確報",65000,58000,636300,0,0,0,636300,9100000,8120000,89082000,0,0,0,89082000,,,0,0,4405100,0,0,0,10.9,7.9,17.6,10.9,0,0,0
"2026/01/14","2026/01/16","6577","ベストワンドットコム","東証およびＰＴＳ",,"確報",0,0,400,0,0,0,400,0,0,797600,0,0,0,797600,,,0,0,3600,0,0,0,0,0,0,0,0,0,0
"2026/01/14","2026/01/16","6578","コレックＨＤ","東証およびＰＴＳ",,"確報",100,0,400,0,0,0,400,42800,0,171200,0,0,0,171200,,,0,0,300,0,0,0,19,19,19,19,0,0,0
"2026/01/14","2026/01/16","6579","ログリー","東証およびＰＴＳ",,"確報",600,0,800,0,0,0,800,188400,0,251200,0,0,0,251200,,,0,0,0,1800,0,0,5.3,2.7,0,5.3,0,0,0
"2026/01/14","2026/01/16","6580","ライトアップ","東証およびＰＴＳ",,"確報",0,400,18400,0,400,11700,6700,0,1050000,48300000,0,1050000,30712500,17587500,,,0,0,639200,0,0,411400,43,21.9,89.7,35.2,304.5,35.8,64.1
"2026/01/14","2026/01/16","6584","三櫻工業","東証およびＰＴＳ",,"確報",500,4100,50000,0,0,0,50000,439000,3599800,43900000,0,0,0,43900000,,,0,0,53600,0,0,0,37.4,54.9,29,37.9,0,3,6
"2026/01/14","2026/01/16","6586","マキタ","東証およびＰＴＳ",,"確報",200,6300,4600,0,6100,4600,0,1011600,31865400,23266800,0,30853800,23266800,0,,,0,0,21400,0,0,21400,3,4.1,3.9,3.9,1.8,2.9,2.3
"2026/01/14","2026/01/16","6588","東芝テック","東証およびＰＴＳ",,"確報",0,800,13100,600,0,17100,-4000,0,2290400,37505300,1717800,0,48957300,-11452000,,,0,0,264100,0,0,313500,15,9.3,7.1,8.1,59.7,64.3,61.9
"2026/01/14","2026/01/16","6590","芝浦メカトロニクス","東証およびＰＴＳ",,"確報",1600,1300,5800,13000,2700,114000,-108200,38624000,31382000,140012000,313820000,65178000,2751960000,-2611948000,,,0,0,8580000,0,0,161772000,9.7,3.1,3,3,12.3,10.9,11.6
"2026/01/14","2026/01/16","6592","マブチモーター","東証およびＰＴＳ",,"確報",0,1900,74800,400,600,30200,44600,0,2832900,111526800,596400,894600,45028200,66498600,,,0,0,1687400,0,0,668800,34.7,56,65.5,60.4,101.1,9.7,17.7
"2026/01/14","2026/01/16","6594","ニデック","東証およびＰＴＳ",,"確報",6500,293900,1208500,100,3500,3200,1205300,13552500,612781500,2519722500,208500,7297500,6672000,2513050500,,,0,0,2991800,0,0,13200,6.4,6.8,6.1,6.4,4.7,8.2,6
"2026/01/14","2026/01/16","6597","ＨＰＣシステムズ","東証およびＰＴＳ",,"確報",200,1200,18900,0,0,0,18900,410000,2460000,38745000,0,0,0,38745000,,,0,0,1194000,0,0,0,48.6,46.2,51.1,48.6,0,0,0
"2026/01/14","2026/01/16","6599","エブレン","東証およびＰＴＳ",,"確報",0,300,1600,0,0,0,1600,0,887700,4734400,0,0,0,4734400,,,0,0,9500,0,0,0,14.8,22.3,11.1,14.8,0,0,0
"2026/01/14","2026/01/16","6612","バルミューダ","東証およびＰＴＳ",,"確報",200,0,1200,0,0,0,1200,137000,0,822000,0,0,0,822000,,,0,0,0,0,0,0,52,26,0,52,0,0,0
"2026/01/14","2026/01/16","6613","ＱＤレーザ","東証およびＰＴＳ",,"確報",3900,13200,84800,0,0,0,84800,1579500,5346000,34344000,0,0,0,34344000,,,0,0,846900,0,0,0,10.6,8.6,14,10.6,0,0,0
"2026/01/14","2026/01/16","6614","シキノハイテック","東証およびＰＴＳ",,"確報",500,4300,10100,1100,4000,14700,-4600,376500,3237900,7605300,828300,3012000,11069100,-3463800,,,0,0,667200,0,0,844800,20.3,25.1,10.2,14.5,71,18.5,29.4
"2026/01/14","2026/01/16","6615","ＵＭＣエレ","東証およびＰＴＳ",,"確報",600,1300,32900,0,5500,3500,29400,210600,456300,11547900,0,1930500,1228500,10319400,,,0,0,0,134400,36000,0,12.9,18.9,50.1,27.5,5.8,3.6,4.5
"2026/01/14","2026/01/16","6616","トレックス・セミコン","東証およびＰＴＳ",,"確報",0,600,2300,0,0,0,2300,0,907800,3479900,0,0,0,3479900,,,0,0,11600,0,0,0,22.3,44.7,14.9,22.3,0,0,0
"2026/01/14","2026/01/16","6617","東光高岳","東証およびＰＴＳ",,"確報",100,300,18200,800,0,2400,15800,441000,1323000,80262000,3528000,0,10584000,69678000,,,0,0,3036000,0,0,264000,23,31.5,27,29.1,5.3,11.3,7.2
"2026/01/14","2026/01/16","6619","ダブル・スコープ","東証およびＰＴＳ",,"確報",148600,3600,448700,3500,55600,448700,0,23776000,576000,71792000,560000,8896000,71792000,0,,,0,0,0,2429600,4006400,0,15.4,10.2,11.1,10.7,23.4,28.2,25.6
"2026/01/14","2026/01/16","6620","宮越ホールディングス","東証およびＰＴＳ",,"確報",100,2300,68600,0,1200,152800,-84200,88100,2026300,60436600,0,1057200,134616800,-74180200,,,0,0,354000,0,0,770000,95,41.4,45.8,43.5,1554.6,108,201.9
"2026/01/14","2026/01/16","6622","ダイヘン","東証およびＰＴＳ",,"確報",100,500,13800,500,0,6100,7700,1155000,5775000,159390000,5775000,0,70455000,88935000,,,0,0,4402000,0,0,1736000,22.3,28.9,18.8,22.8,29.8,16.6,21.3
"2026/01/14","2026/01/16","6625","ＪＡＬＣＯ　ＨＤ","東証およびＰＴＳ",,"確報",313700,313700,450500,0,0,450500,0,128303300,128303300,184254500,0,0,184254500,0,,,0,0,0,901000,901000,0,7.1,3.6,3.6,3.6,0,0,0
"2026/01/14","2026/01/16","6626","ＳＥＭＩＴＥＣ","東証およびＰＴＳ",,"確報",0,400,1800,0,0,0,1800,0,968800,4359600,0,0,0,4359600,,,0,0,92400,0,0,0,14.6,20.4,11.3,14.6,0,0,0
"2026/01/14","2026/01/16","6627","テラプローブ","東証およびＰＴＳ",,"確報",0,0,3600,0,0,0,3600,0,0,24336000,0,0,0,24336000,,,0,0,504000,0,0,0,19.9,23.6,17.2,19.9,0,0,0
"2026/01/14","2026/01/16","6629","テクノホライゾン","東証およびＰＴＳ",,"確報",29600,18200,284400,800,5300,368100,-83700,33240800,20438600,319381200,898400,5951900,413376300,-93995100,,,0,0,22113000,0,0,30180600,32.5,13.7,18.1,15.6,333.8,102.7,157.1
"2026/01/14","2026/01/16","6630","ヤーマン","東証およびＰＴＳ",,"確報",700,300,22200,3400,0,259900,-237700,504700,216300,16006200,2451400,0,187387900,-171381700,,,0,0,0,21800,256500,0,33.4,3.9,45.9,7.2,66.7,32.4,43.6
"2026/01/14","2026/01/16","6632","ＪＶＣケンウッド","東証およびＰＴＳ",,"確報",100,200,41300,0,1100,6900,34400,127650,255300,52719450,0,1404150,8807850,43911600,,,0,0,144900,0,0,28000,26.2,44.5,35.8,39.7,4.4,14.2,6.7
"2026/01/14","2026/01/16","6633","ＣＧＳＨＤ","東証およびＰＴＳ",,"確報",0,0,6500,0,0,0,6500,0,0,2444000,0,0,0,2444000,,,0,0,52000,0,0,0,52.8,63.4,45.3,52.8,0,0,0
"2026/01/14","2026/01/16","6634","ネクスグループ","東証およびＰＴＳ",,"確報",100,4100,194000,0,0,0,194000,12000,492000,23280000,0,0,0,23280000,,,0,0,0,198000,0,0,23.4,26.4,21.1,23.4,0,0,0
"2026/01/14","2026/01/16","6635","大日光・エンジニア","東証およびＰＴＳ",,"確報",0,700,5700,0,0,0,5700,0,357000,2907000,0,0,0,2907000,,,0,0,32000,0,0,0,36.4,0,20.3,40.6,3,3,3
"2026/01/14","2026/01/16","6637","寺崎電気産業","東証およびＰＴＳ",,"確報",1100,100,16300,0,0,0,16300,5148000,468000,76284000,0,0,0,76284000,,,0,0,0,306000,0,0,17.6,17.8,17.3,17.6,0,0,0
"2026/01/14","2026/01/16","6638","ミマキエンジニア","東証およびＰＴＳ",,"確報",0,200,11300,400,0,5100,6200,0,334800,18916200,669600,0,8537400,10378800,,,0,0,506000,0,0,206800,28,615,24.6,47.3,23.1,10.2,14.1
"2026/01/14","2026/01/16","6643","戸上電機製作所","東証およびＰＴＳ",,"確報",0,100,4600,0,0,600,4000,0,449000,20654000,0,0,2694000,17960000,,,0,0,141000,0,0,18000,129.5,232,232,232,13.5,0,27
"2026/01/14","2026/01/16","6644","大崎電気工業","東証およびＰＴＳ",,"確報",0,400,22200,0,100,5400,16800,0,501200,27816600,0,125300,6766200,21050400,,,0,0,45200,0,0,11000,59.8,93.6,62.4,74.9,94,20.1,33.2
"2026/01/14","2026/01/16","6645","オムロン","東証およびＰＴＳ",,"確報",0,2500,67800,0,0,300,67500,0,10135000,274861200,0,0,1216200,273645000,,,0,0,2741700,0,0,11700,16.7,20.1,54.8,29.5,8.5,0.1,0.2
"2026/01/14","2026/01/16","6647","森尾電機","東証およびＰＴＳ",,"確報",0,0,0,0,0,0,0,0,0,0,0,0,0,0,,,0,0,0,0,0,0,0,0,0,0,0,0,0
"2026/01/14","2026/01/16","6648","かわでん","東証およびＰＴＳ",,"確報",600,2600,14700,0,0,0,14700,1355400,5873400,33207300,0,0,0,33207300,,,0,0,0,384100,0,0,15.5,16.5,14.6,15.5,0,0,0
"2026/01/14","2026/01/16","6651","日東工業","東証およびＰＴＳ",,"確報",300,0,4900,1400,0,8200,-3300,1264500,0,20653500,5901000,0,34563000,-13909500,,,0,0,138000,0,0,204000,3.9,2.5,2.4,2.4,6.8,9.4,7.9
"2026/01/14","2026/01/16","6652","ＩＤＥＣ","東証およびＰＴＳ",,"確報",200,4600,6000,900,0,2900,3100,594600,13675800,17838000,2675700,0,8621700,9216300,,,0,0,332800,0,0,64000,6.8,7.6,7.4,7.5,3,9.3,4.5
"2026/01/14","2026/01/16","6653","正興電機製作所","東証およびＰＴＳ",,"確報",800,300,37800,200,0,14000,23800,1859200,697200,87847200,464800,0,32536000,55311200,,,0,0,223800,0,0,82800,39.3,87.5,79.9,83.5,10.5,36.5,16.3
"2026/01/14","2026/01/16","6654","不二電機工業","東証およびＰＴＳ",,"確報",400,3100,13100,4200,100,19900,-6800,451600,3499900,14789900,4741800,112900,22467100,-7677200,,,0,0,0,47400,47400,0,13.3,9.8,17.4,12.5,7.3,152.6,14
"2026/01/14","2026/01/16","6656","インスペック","東証およびＰＴＳ",,"確報",0,2100,78300,3400,0,32700,45600,0,1220100,45492300,1975400,0,18998700,26493600,,,0,0,0,482400,175800,0,73.5,1008.3,103.4,187.6,13.1,0,26.3
"2026/01/14","2026/01/16","6658","シライ電子工業","東証およびＰＴＳ",,"確報",0,7500,10200,0,0,0,10200,0,5467500,7435800,0,0,0,7435800,,,0,0,88500,0,0,0,7.3,14.2,4.9,7.3,0,0,0
"2026/01/14","2026/01/16","6659","メディアリンクス","東証およびＰＴＳ",,"確報",6400,6400,644700,0,0,644700,0,326400,326400,32879700,0,0,32879700,0,,,0,0,0,644700,644700,0,89.4,56,50.8,53.2,371.8,221.5,277.6
"2026/01/14","2026/01/16","6662","ユビテック","東証およびＰＴＳ",,"確報",0,200,1900,0,0,0,1900,0,51200,486400,0,0,0,486400,,,0,0,0,2100,0,0,16.4,12.9,22.5,16.4,0,0,0
"2026/01/14","2026/01/16","6663","太洋テクノレックス","東証およびＰＴＳ",,"確報",0,2800,26700,0,0,0,26700,0,730800,6968700,0,0,0,6968700,,,0,0,0,88500,0,0,29.1,33.7,25.6,29.1,0,0,0
"2026/01/14","2026/01/16","6664","オプトエレク","東証およびＰＴＳ",,"確報",0,1300,77200,100,0,50800,26400,0,455000,27020000,35000,0,17780000,9240000,,,0,0,628000,0,0,405600,68.7,44,51,47.2,285.1,171.1,213.8
"2026/01/14","2026/01/16","6666","リバーエレテック","東証およびＰＴＳ",,"確報",200,400,20200,0,0,0,20200,90000,180000,9090000,0,0,0,9090000,,,0,0,0,81600,0,0,46.6,97.5,30.6,46.6,0,0,0
"2026/01/14","2026/01/16","6668","アドテックプラズマ","東証およびＰＴＳ",,"確報",300,900,103600,0,0,0,103600,426000,1278000,147112000,0,0,0,147112000,,,0,0,3230200,0,0,0,237,217.3,260.8,237,0,0,0
"2026/01/14","2026/01/16","6670","ＭＣＪ","東証およびＰＴＳ",,"確報",500,4200,118000,1500,1000,16700,101300,817500,6867000,192930000,2452500,1635000,27304500,165625500,,,0,0,4259500,0,0,567000,66.3,148.3,70.7,95.7,37.1,14.5,20.8
"2026/01/14","2026/01/16","6674","ジーエス・ユアサ","東証およびＰＴＳ",,"確報",2000,1600,13500,400,0,1300,12200,7494000,5995200,50584500,1498800,0,4871100,45713400,,,0,0,0,720500,49500,0,11,10.8,11.8,11.3,7.1,10,8.3
"2026/01/14","2026/01/16","6675","サクサ","東証およびＰＴＳ",,"確報",3400,8800,4800,400,0,5200,-400,22576000,58432000,31872000,2656000,0,34528000,-2656000,,,0,0,510000,0,0,240000,5.1,3.3,3.6,3.4,27.3,35.1,30.8
"2026/01/14","2026/01/16","6676","バッファロー","東証およびＰＴＳ",,"確報",0,300,7500,300,0,50000,-42500,0,1486500,37162500,1486500,0,247750000,-210587500,,,0,0,117000,0,0,745500,34.9,16.3,71.6,26.5,41.1,32.8,36.5
"2026/01/14","2026/01/16","6677","エスケーエレク","東証およびＰＴＳ",,"確報",0,400,2100,0,0,0,2100,0,1298000,6814500,0,0,0,6814500,,,0,0,37500,0,0,0,7.5,19.3,4.6,7.5,0,0,0
"2026/01/14","2026/01/16","6678","テクノメディカ","東証およびＰＴＳ",,"確報",0,100,3300,0,0,0,3300,0,225900,7454700,0,0,0,7454700,,,0,0,0,37400,0,0,169,169,169,169,0,0,0
"2026/01/14","2026/01/16","6694","ズーム","東証およびＰＴＳ",,"確報",0,100,2100,0,0,0,2100,0,63300,1329300,0,0,0,1329300,,,0,0,2200,0,0,0,35.7,35.7,35.7,35.7,0,0,0
"2026/01/14","2026/01/16","6696","トラースＯＰ","東証およびＰＴＳ",,"確報",100,0,8200,0,0,0,8200,30200,0,2476400,0,0,0,2476400,,,0,0,0,16200,0,0,39.7,104.3,24.5,39.7,0,0,0
"2026/01/14","2026/01/16","6699","ダイヤＨＤ","東証およびＰＴＳ",,"確報",2500,300,24500,0,0,0,24500,1477500,177300,14479500,0,0,0,14479500,,,0,0,111500,0,0,0,37.1,21.9,121.6,37.1,0,0,0
"2026/01/14","2026/01/16","6701","日本電気","東証およびＰＴＳ",,"確報",11400,36800,159300,1800,2000,22100,137200,67693200,218518400,945923400,10688400,11876000,131229800,814693600,,,0,0,18470000,0,0,2230000,7.8,7.9,7.4,7.7,9.2,9.3,9.3
"2026/01/14","2026/01/16","6702","富士通","東証およびＰＴＳ",,"確報",16900,11800,182100,500,0,1600,180500,78314600,54681200,843851400,2317000,0,7414400,836437000,,,0,0,15399000,0,0,95700,15.9,20.3,15.6,17.6,2.3,2.8,2.5
"2026/01/14","2026/01/16","6703","沖電気工業","東証およびＰＴＳ",,"確報",5900,6900,31200,1800,3800,30200,1000,13044900,15255900,68983200,3979800,8401800,66772200,2211000,,,0,0,1030400,0,0,1030400,6.1,4.2,3.6,3.9,21.1,11.4,14.8
"2026/01/14","2026/01/16","6706","電気興業","東証およびＰＴＳ",,"確報",0,0,2900,0,1200,29800,-26900,0,0,7835800,0,3242400,80519600,-72683800,,,0,0,0,55100,589000,0,59.9,71.5,0,143,142.3,35.6,56.9
"2026/01/14","2026/01/16","6707","サンケン電気","東証およびＰＴＳ",,"確報",200,1500,25400,1200,0,43600,-18200,1294400,9708000,164388800,7766400,0,282179200,-117790400,,,0,0,347100,0,0,551200,27.4,22,10.7,14.4,50.8,83.4,63.2
"2026/01/14","2026/01/16","6718","アイホン","東証およびＰＴＳ",,"確報",0,0,5400,0,0,5400,0,0,0,16659000,0,0,16659000,0,,,0,0,0,0,0,0,33.8,18,90,30,20.8,270,38.6
"2026/01/14","2026/01/16","6721","ウインテスト","東証およびＰＴＳ",,"確報",800,10300,237300,0,0,0,237300,91200,1174200,27052200,0,0,0,27052200,,,0,0,0,246800,0,0,48.1,46,50.4,48.1,0,0,0
"2026/01/14","2026/01/16","6723","ルネサスエレク","東証およびＰＴＳ",,"確報",3200,43100,158500,11900,61400,158500,0,7712000,103871000,381985000,28679000,147974000,381985000,0,,,0,0,0,1984000,2080000,0,3.2,3,3.4,3.2,3.9,2.8,3.3
"2026/01/14","2026/01/16","6724","セイコーエプソン","東証およびＰＴＳ",,"確報",3200,5800,13200,0,2600,13200,0,6579200,11924800,27139200,0,5345600,27139200,0,,,0,0,252800,0,0,252800,3.8,2.7,2.5,2.6,9.6,7,8.1
"2026/01/14","2026/01/16","6727","ワコム","東証およびＰＴＳ",,"確報",200,500,16900,700,1000,16900,0,165800,414500,14010100,580300,829000,14010100,0,,,0,0,275200,0,0,275200,11.9,8.8,18,11.8,8.9,18.5,12
"2026/01/14","2026/01/16","6728","アルバック","東証およびＰＴＳ",,"確報",400,200,5800,200,0,5800,0,3188800,1594400,46237600,1594400,0,46237600,0,,,0,0,672000,0,0,672000,4.3,2.6,2.5,2.5,15.5,14.8,15.2
"2026/01/14","2026/01/16","6730","アクセル","東証およびＰＴＳ",,"確報",0,100,19000,0,100,2900,16100,0,124900,23731000,0,124900,3622100,20108900,,,0,0,210100,0,0,33000,136.3,954,954,954,15.1,27.2,19.4
"2026/01/14","2026/01/16","6731","ピクセラ","東証およびＰＴＳ",,"確報",0,83000,553200,0,0,0,553200,0,3984000,26553600,0,0,0,26553600,,,0,0,0,1908600,0,0,9.3,9.4,9.2,9.3,0,0,0
"2026/01/14","2026/01/16","6734","ニューテック","東証およびＰＴＳ",,"確報",0,100,3000,0,0,0,3000,0,264400,7932000,0,0,0,7932000,,,0,0,3100,0,0,0,17.6,12,33,17.6,0,0,0
"2026/01/14","2026/01/16","6736","サン電子","東証およびＰＴＳ",,"確報",400,0,4600,400,100,11900,-7300,3796000,0,43654000,3796000,949000,112931000,-69277000,,,0,0,0,378000,1044000,0,17.8,7,7.2,7.1,57.9,144.8,82.7
"2026/01/14","2026/01/16","6737","ＥＩＺＯ","東証およびＰＴＳ",,"確報",3500,2100,13000,0,200,13000,0,8123500,4874100,30173000,0,464200,30173000,0,,,0,0,382800,0,0,435600,14.4,8.3,19.2,11.6,11.5,50.4,18.8
"2026/01/14","2026/01/16","6740","ジャパンディスプレイ","東証およびＰＴＳ",,"確報",95100,813400,2715300,2685200,77600,5474300,-2759000,2092200,17894800,59736600,59074400,1707200,120434600,-60698000,,,0,0,3433600,0,0,2866700,4.8,8.1,6.2,7.1,3.4,4.1,3.7
"2026/01/14","2026/01/16","6741","日本信号","東証およびＰＴＳ",,"確報",1400,0,2000,4900,100,5400,-3400,1912400,0,2732000,6693400,136600,7376400,-4644400,,,0,0,2400,0,0,2400,2.7,4.1,3.3,3.7,1.5,3.2,2
"2026/01/14","2026/01/16","6742","京三製作所","東証およびＰＴＳ",,"確報",500,0,10600,0,400,7300,3300,310500,0,6582600,0,248400,4533300,2049300,,,0,0,60600,0,0,46200,6.6,4.9,4.3,4.6,79.6,19.9,31.8
"2026/01/14","2026/01/16","6743","大同信号","東証およびＰＴＳ",,"確報",300,0,1500,0,0,0,1500,246900,0,1234500,0,0,0,1234500,,,0,0,0,8400,0,0,12.5,13.8,11.5,12.5,0,0,0
"2026/01/14","2026/01/16","6744","能美防災","東証およびＰＴＳ",,"確報",100,1900,17200,0,1800,17200,0,398500,7571500,68542000,0,7173000,68542000,0,,,0,0,0,285000,285000,0,6.3,3.7,3.9,3.8,19.8,32,24.5
"2026/01/14","2026/01/16","6745","ホーチキ","東証およびＰＴＳ",,"確報",700,100,13600,700,100,13600,0,3262000,466000,63376000,3262000,466000,63376000,0,,,0,0,1365000,0,0,1365000,18.1,10.4,15.5,12.5,21.6,67.2,32.7
"2026/01/14","2026/01/16","6748","星和電機","東証およびＰＴＳ",,"確報",300,100,8400,100,0,2500,5900,271500,90500,7602000,90500,0,2262500,5339500,,,0,0,90200,0,0,26400,11.4,6.1,44.9,10.7,14.6,13.1,13.8
"2026/01/14","2026/01/16","6750","エレコム","東証およびＰＴＳ",,"確報",0,0,13200,0,600,0,13200,0,0,22519200,0,1023600,0,22519200,,,0,0,79200,0,0,3600,35.1,61.7,42.4,50.3,3.8,3.3,3.5
"2026/01/14","2026/01/16","6752","パナソニックＨＤ","東証およびＰＴＳ",,"確報",27200,3800,57400,42500,21500,574600,-517200,59214400,8272600,124959800,92522500,46805500,1250904200,-1125944400,,,0,0,901000,0,0,14670400,5.5,4,3.2,3.6,4.1,15.6,6.5
"2026/01/14","2026/01/16","6753","シャープ","東証およびＰＴＳ",,"確報",6000,8700,121700,200,300,7600,114100,4771200,6918240,96775840,159040,238560,6043520,90732320,,,0,0,1194240,0,0,73920,20.1,18.3,33.7,23.7,2.2,12.6,3.7
"2026/01/14","2026/01/16","6754","アンリツ","東証およびＰＴＳ",,"確報",700,1600,20300,300,700,7600,12700,1632050,3730400,47329450,699450,1632050,17719400,29610050,,,0,0,1229600,0,0,464000,15.1,23.8,21.9,22.8,6,8.4,7
"2026/01/14","2026/01/16","6757","ＯＳＧコーポ","東証およびＰＴＳ",,"確報",0,100,900,0,0,0,900,0,99200,892800,0,0,0,892800,,,0,0,0,10000,0,0,6.6,0,3.3,6.6,0,0,0
"2026/01/14","2026/01/16","6758","ソニーグループ","東証およびＰＴＳ",,"確報",57500,21800,967200,4500,1100,7400,959800,221260000,83886400,3721785600,17316000,4232800,28475200,3693310400,,,0,0,12109500,0,0,52000,17,9.9,114.5,18.3,2.3,2.5,2.3
"2026/01/14","2026/01/16","6762","ＴＤＫ","東証およびＰＴＳ",,"確報",34100,8200,273900,0,700,5800,268100,69666300,16752600,559577700,0,1430100,11849400,547728300,,,0,0,0,14756000,386750,0,21.7,14,57.8,22.5,38.7,6.1,10.5
"2026/01/14","2026/01/16","6763","帝国通信工業","東証およびＰＴＳ",,"確報",400,0,5400,200,200,5400,0,1113200,0,15028200,556600,556600,15028200,0,,,0,0,200000,0,0,216000,22.6,18.2,78.7,29.5,13.3,29.9,18.4
"2026/01/14","2026/01/16","6768","タムラ製作所","東証およびＰＴＳ",,"確報",13300,3500,107500,9800,0,107500,0,8472100,2229500,68477500,6242600,0,68477500,0,,,0,0,1465500,0,0,1465500,6.9,3.9,4.8,4.3,12.3,32.6,17.9
"2026/01/14","2026/01/16","6769","ザインエレク","東証およびＰＴＳ",,"確報",0,0,3700,0,0,0,3700,0,0,3030300,0,0,0,3030300,,,0,0,22200,0,0,0,13.9,11.4,17.8,13.9,0,0,0
"2026/01/14","2026/01/16","6770","アルプスアルパイン","東証およびＰＴＳ",,"確報",12900,23600,19100,5600,500,19100,0,26309550,48132200,38954450,11421200,1019750,38954450,0,,,0,0,1713500,0,0,805000,8.2,9.6,5.4,6.9,8.8,24,12.9
"2026/01/14","2026/01/16","6771","池上通信機","東証およびＰＴＳ",,"確報",300,0,8300,300,700,2000,6300,198300,0,5486300,198300,462700,1322000,4164300,,,0,0,248000,0,0,74400,28.3,69.3,34.7,46.2,10.8,12,11.4
"2026/01/14","2026/01/16","6772","東京コスモス電機","東証およびＰＴＳ",,"確報",0,100,602000,0,0,0,602000,0,152000,915040000,0,0,0,915040000,,,0,0,0,9633600,0,0,9999.9,9999.9,9999.9,9999.9,0,0,0
"2026/01/14","2026/01/16","6775","ＴＢグループ","東証およびＰＴＳ",,"確報",100,0,53800,0,0,0,53800,11900,0,6402200,0,0,0,6402200,,,0,0,0,0,0,0,447.3,244,2684,447.3,0,0,0
"2026/01/14","2026/01/16","6776","天昇電気工業","東証およびＰＴＳ",,"確報",0,200,42700,0,0,0,42700,0,52600,11230100,0,0,0,11230100,,,0,0,171600,0,0,0,1068.5,1068.5,1068.5,1068.5,0,0,0
"2026/01/14","2026/01/16","6777","ｓａｎｔｅｃＨＤ","東証およびＰＴＳ",,"確報",500,300,8300,0,0,0,8300,4750000,2850000,78850000,0,0,0,78850000,,,0,0,3078000,0,0,0,29.6,27.6,31.8,29.6,0,0,0
"2026/01/14","2026/01/16","6778","アルチザＮＷ","東証およびＰＴＳ",,"確報",400,0,14400,0,0,4200,10200,239600,0,8625600,0,0,2515800,6109800,,,0,0,0,14000,4200,0,64.7,140.4,175.5,156,12,102,21.5
"2026/01/14","2026/01/16","6779","日本電波工業","東証およびＰＴＳ",,"確報",0,3400,36100,0,0,0,36100,0,3502000,37183000,0,0,0,37183000,,,0,0,987500,0,0,0,7.3,10.4,5.7,7.3,0,0,0
"2026/01/14","2026/01/16","6785","鈴木","東証およびＰＴＳ",,"確報",1100,800,4500,700,0,3300,1200,2689500,1956000,11002500,1711500,0,8068500,2934000,,,0,0,210000,0,0,130000,11.9,19.4,14.2,16.4,15.9,5.7,8.4
"2026/01/14","2026/01/16","6786","ＲＶＨ","東証およびＰＴＳ",,"確報",0,0,20000,0,0,0,20000,0,0,1120000,0,0,0,1120000,,,0,0,0,20000,0,0,9.7,4.9,251,9.7,0,0,0
"2026/01/14","2026/01/16","6787","メイコー","東証およびＰＴＳ",,"確報",2200,300,21100,0,200,600,20500,21846000,2979000,209523000,0,1986000,5958000,203565000,,,0,0,0,2688000,112000,0,17.3,12.5,55.7,20.5,7.7,3.6,4.9
"2026/01/14","2026/01/16","6788","日本トリム","東証およびＰＴＳ",,"確報",100,700,1500,1000,0,8500,-7000,495000,3465000,7425000,4950000,0,42075000,-34650000,,,0,0,157500,0,0,562500,18.6,7.2,10.3,8.5,36.7,16.9,23.2
"2026/01/14","2026/01/16","6794","フォスター電機","東証およびＰＴＳ",,"確報",2100,100,21800,2000,0,21800,0,5661600,269600,58772800,5392000,0,58772800,0,,,0,0,1306800,0,0,1306800,14.7,20.1,13.1,15.8,16.9,11.6,13.8
"2026/01/14","2026/01/16","6797","名古屋電機工業","東証およびＰＴＳ",,"確報",100,0,600,0,0,0,600,129000,0,774000,0,0,0,774000,,,0,0,0,6000,0,0,52,26,0,52,0,0,0
"2026/01/14","2026/01/16","6798","ＳＭＫ","東証およびＰＴＳ",,"確報",100,0,2400,200,0,2400,0,269600,0,6470400,539200,0,6470400,0,,,0,0,0,36800,35200,0,28.9,66.5,19,29.6,22.6,37.7,28.3
"2026/01/14","2026/01/16","6800","ヨコオ","東証およびＰＴＳ",,"確報",700,0,900,3800,1600,44000,-43100,1632400,0,2098800,8861600,3731200,102608000,-100509200,,,0,0,13400,0,0,2800600,16.6,2.3,1.1,1.5,14.6,39,21.2
"2026/01/14","2026/01/16","6803","ティアック","東証およびＰＴＳ",,"確報",5400,22800,141000,7400,100,16600,124400,534600,2257200,13959000,732600,9900,1643400,12315600,,,0,0,633600,0,0,37200,12.9,19.2,22.4,20.7,1.8,2.9,2.2
"2026/01/14","2026/01/16","6804","ホシデン","東証およびＰＴＳ",,"確報",21800,200,27100,29800,1500,33600,-6500,55873400,512600,69457300,76377400,3844500,86116800,-16659500,,,0,0,242000,0,0,233200,3.9,2.3,50.2,4.3,1.8,36.5,3.5
"2026/01/14","2026/01/16","6806","ヒロセ電機","東証およびＰＴＳ",,"確報",0,0,5500,0,0,100,5400,0,0,98120000,0,0,1784000,96336000,,,0,0,1402500,0,0,25500,22.3,19.3,31.4,23.9,6,6,6
"2026/01/14","2026/01/16","6807","日本航空電子工業","東証およびＰＴＳ",,"確報",2900,1100,23400,700,0,24700,-1300,7542900,2861100,60863400,1820700,0,64244700,-3381300,,,0,0,1144800,0,0,1272000,15.3,8.3,9.3,8.8,52.7,50.5,51.5
"2026/01/14","2026/01/16","6809","ティーオーエー","東証およびＰＴＳ",,"確報",400,11200,195800,0,3500,3700,192100,676400,18939200,331097800,0,5918500,6256700,324841100,,,0,0,6611200,0,0,230400,53,68.4,65.7,67,6.9,4.6,5.5
"2026/01/14","2026/01/16","6810","マクセル","東証およびＰＴＳ",,"確報",500,100,12700,0,0,2400,10300,1194000,238800,30327600,0,0,5731200,24596400,,,0,0,196800,0,0,38400,20.9,49.5,20.1,28.6,172,5.4,10.4
"2026/01/14","2026/01/16","6814","古野電気","東証およびＰＴＳ",,"確報",800,12300,105800,0,0,700,105100,6632000,101967000,877082000,0,0,5803000,871279000,,,0,0,19941000,0,0,119000,22.4,24.8,25.2,25,3.1,1.9,2.4
"2026/01/14","2026/01/16","6817","スミダコーポ","東証およびＰＴＳ",,"確報",400,100,31800,0,0,0,31800,464800,116200,36951600,0,0,0,36951600,,,0,0,315000,0,0,0,7.7,8.8,413.3,17.2,5,0,0.1
"2026/01/14","2026/01/16","6819","伊豆シャボテン","東証およびＰＴＳ",,"確報",0,0,24100,0,0,0,24100,0,0,12001800,0,0,0,12001800,,,0,0,0,24100,0,0,160,80,0,160,0,0,0
"2026/01/14","2026/01/16","6820","アイコム","東証およびＰＴＳ",,"確報",0,0,503700,0,0,13500,490200,0,0,1556433000,0,0,41715000,1514718000,,,0,0,35259000,0,0,945000,3452.4,0,6299.3,9999.9,696,69.6,126.5
"2026/01/14","2026/01/16","6822","大井電気","東証およびＰＴＳ",,"確報",0,100,2200,0,0,0,2200,0,393000,8646000,0,0,0,8646000,,,0,0,0,23000,0,0,113,113,113,113,0,0,0
"2026/01/14","2026/01/16","6823","リオン","東証およびＰＴＳ",,"確報",400,400,20500,0,0,20500,0,1089600,1089600,55842000,0,0,55842000,0,,,0,0,184500,0,0,184500,33.8,17,54.8,26,24.6,1007,48
"2026/01/14","2026/01/16","6824","新コスモス電機","東証およびＰＴＳ",,"確報",0,100,1700,0,0,0,1700,0,427500,7267500,0,0,0,7267500,,,0,0,216000,0,0,0,26,91,15.2,26,0,0,0
"2026/01/14","2026/01/16","6832","アオイ電子","東証およびＰＴＳ",,"確報",0,200,1300,0,0,0,1300,0,507000,3295500,0,0,0,3295500,,,0,0,117000,0,0,0,16.7,18.8,15,16.7,0,0,0
"2026/01/14","2026/01/16","6834","精工技研","東証およびＰＴＳ",,"確報",100,300,15700,0,0,13000,2700,1147000,3441000,180079000,0,0,149110000,30969000,,,0,0,0,477000,390000,0,35.9,23.6,21.5,22.5,332.5,66.5,110.8
"2026/01/14","2026/01/16","6835","アライドテレシスＨＤ","東証およびＰＴＳ",,"確報",6800,10300,51800,0,0,0,51800,2019600,3059100,15384600,0,0,0,15384600,,,0,0,0,221200,0,0,12.1,9.1,17.8,12.1,0,0,0
"2026/01/14","2026/01/16","6836","ぷらっとホーム","東証およびＰＴＳ",,"確報",200,100,19200,0,0,0,19200,191200,95600,18355200,0,0,0,18355200,,,0,0,0,133700,0,0,65.8,46.1,115.1,65.8,0,0,0
"2026/01/14","2026/01/16","6837","京写","東証およびＰＴＳ",,"確報",0,100,3100,0,0,0,3100,0,30300,939300,0,0,0,939300,,,0,0,0,19200,0,0,45.4,53,39.8,45.4,0,0,0
"2026/01/14","2026/01/16","6838","多摩川ＨＤ","東証およびＰＴＳ",,"確報",200,200,5300,0,0,0,5300,148400,148400,3932600,0,0,0,3932600,,,0,0,0,47700,0,0,27,94.3,15.7,27,0,0,0
"2026/01/14","2026/01/16","6840","ＡＫＩＢＡＨＤ","東証およびＰＴＳ",,"確報",0,600,31000,0,0,0,31000,0,267600,13826000,0,0,0,13826000,,,0,0,347600,0,0,0,13.8,34.1,8.6,13.8,0,0,0
"2026/01/14","2026/01/16","6841","横河電機","東証およびＰＴＳ",,"確報",600,5100,6000,6300,0,16800,-10800,3210000,27285000,32100000,33705000,0,89880000,-57780000,,,0,0,1722000,0,0,1722000,3.4,2.7,1.7,2.1,7.1,7.4,7.3
"2026/01/14","2026/01/16","6844","新電元工業","東証およびＰＴＳ",,"確報",20300,100,28400,25000,0,28400,0,73790500,363500,103234000,90875000,0,103234000,0,,,0,0,1025000,0,0,425000,3.2,2.3,9,3.7,1.6,7.7,2.7
"2026/01/14","2026/01/16","6845","アズビル","東証およびＰＴＳ",,"確報",4400,0,20300,5000,600,20300,0,6391000,0,29485750,7262500,871500,29485750,0,,,0,0,365700,0,0,365700,3.7,2.3,2.3,2.3,11.4,9.8,10.6
"2026/01/14","2026/01/16","6848","東亜ディーケーケー","東証およびＰＴＳ",,"確報",400,100,2300,0,100,600,1700,354400,88600,2037800,0,88600,531600,1506200,,,0,0,60000,0,0,21000,26.2,16.8,101,28.9,15,30,20
"2026/01/14","2026/01/16","6849","日本光電工業","東証およびＰＴＳ",,"確報",7200,2500,13100,100,6700,13000,100,12913200,4483750,23494850,179350,12016450,23315500,179350,,,0,0,0,63000,147000,0,5.5,3.3,3.5,3.4,9.7,11.2,10.4
"2026/01/14","2026/01/16","6850","チノー","東証およびＰＴＳ",,"確報",0,0,1600,0,300,7200,-5600,0,0,2235200,0,419100,10058400,-7823200,,,0,0,1600,0,0,7500,13,9.9,4.1,5.8,24.1,16.4,19.5
"2026/01/14","2026/01/16","6853","共和電業","東証およびＰＴＳ",,"確報",300,0,20400,400,2300,37200,-16800,225000,0,15300000,300000,1725000,27900000,-12600000,,,0,0,20100,0,0,39100,21.3,81.4,16.8,27.8,17.5,20.5,18.9
"2026/01/14","2026/01/16","6855","日本電子材料","東証およびＰＴＳ",,"確報",100,1700,10100,200,1000,900,9200,428000,7276000,43228000,856000,4280000,3852000,39376000,,,0,0,585000,0,0,85000,10.5,15.5,12.7,14,1.6,2.4,1.9
"2026/01/14","2026/01/16","6856","堀場製作所","東証およびＰＴＳ",,"確報",200,100,2600,300,200,2600,0,3514000,1757000,45682000,5271000,3514000,45682000,0,,,0,0,1087500,0,0,1087500,3.9,3,3.3,3.1,5.1,5.9,5.5
"2026/01/14","2026/01/16","6857","アドバンテスト","東証およびＰＴＳ",,"確報",29100,42300,76400,252700,5900,678700,-602300,671046000,975438000,1761784000,5827262000,136054000,15650822000,-13889038000,,,0,0,96320000,0,0,464292500,2.5,4.7,2.9,3.6,1.8,2.6,2.1
"2026/01/14","2026/01/16","6858","小野測器","東証およびＰＴＳ",,"確報",2500,0,9200,0,0,0,9200,1722500,0,6338800,0,0,0,6338800,,,0,0,73700,0,0,0,17.6,10,72.2,17.6,0,0,0
"2026/01/14","2026/01/16","6859","エスペック","東証およびＰＴＳ",,"確報",500,300,2000,200,0,2000,0,1710000,1026000,6840000,684000,0,6840000,0,,,0,0,99000,0,0,99000,5.6,6.1,3.5,4.4,14.7,5.2,7.7
"2026/01/14","2026/01/16","6861","キーエンス","東証およびＰＴＳ",,"確報",0,1700,12500,800,800,4300,8200,0,100011000,735375000,47064000,47064000,252969000,482406000,,,0,0,6248000,0,0,1892000,9.6,20,7.6,11,3.5,10.2,5.2
"2026/01/14","2026/01/16","6862","ミナトＨＤ","東証およびＰＴＳ",,"確報",800,300,28700,0,0,0,28700,1312800,492300,47096700,0,0,0,47096700,,,0,0,1889400,0,0,0,55.7,43.5,77.4,55.7,0,0,0
"2026/01/14","2026/01/16","6863","ニレコ","東証およびＰＴＳ",,"確報",200,0,1300,0,0,0,1300,435200,0,2828800,0,0,0,2828800,,,0,0,50600,0,0,0,19.2,9.6,0,19.2,0,0,0
"2026/01/14","2026/01/16","6864","エヌエフＨＤ","東証およびＰＴＳ",,"確報",200,100,22600,0,0,0,22600,233600,116800,26396800,0,0,0,26396800,,,0,0,0,180000,0,0,124.7,140.3,112.2,124.7,0,0,0
"2026/01/14","2026/01/16","6866","日置電機","東証およびＰＴＳ",,"確報",700,500,4200,200,0,4200,0,4445000,3175000,26670000,1270000,0,26670000,0,,,0,0,320000,0,0,320000,11.4,6.5,14.1,8.9,9.6,45.8,15.9
"2026/01/14","2026/01/16","6867","リーダー電子","東証およびＰＴＳ",,"確報",200,2000,700,0,0,0,700,100200,1002000,350700,0,0,0,350700,,,0,0,0,0,0,0,4.3,4.1,4.5,4.3,0,0,0
"2026/01/14","2026/01/16","6869","シスメックス","東証およびＰＴＳ",,"確報",1600,1300,216800,0,1400,400,216400,2572800,2090400,348614400,0,2251200,643200,347971200,,,0,0,3788750,0,0,31500,82.4,119.5,173.4,141.5,2.6,2,2.2
"2026/01/14","2026/01/16","6870","日本フェンオール","東証およびＰＴＳ",,"確報",0,0,400,0,0,0,400,0,0,729600,0,0,0,729600,,,0,0,2800,0,0,0,14,7,0,14,0,0,0
"2026/01/14","2026/01/16","6871","日本マイクロニクス","東証およびＰＴＳ",,"確報",6700,1700,90800,100,0,200,90600,56682000,14382000,768168000,846000,0,1692000,766476000,,,0,0,30030000,0,0,35000,20.3,15.2,32.2,20.6,3.5,1.4,2
"2026/01/14","2026/01/16","6874","協立電機","東証およびＰＴＳ",,"確報",600,100,21400,0,0,0,21400,1668000,278000,59492000,0,0,0,59492000,,,0,0,940500,0,0,0,90.3,51.9,346,90.3,0,0,0
"2026/01/14","2026/01/16","6875","メガチップス","東証およびＰＴＳ",,"確報",2600,2000,13400,6100,0,18900,-5500,21320000,16400000,109880000,50020000,0,154980000,-45100000,,,0,0,0,0,0,0,10.5,8.3,14,10.4,6.1,37.6,10.6
"2026/01/14","2026/01/16","6877","ＯＢＡＲＡＧ","東証およびＰＴＳ",,"確報",3700,400,7800,7400,0,9300,-1500,14504000,1568000,30576000,29008000,0,36456000,-5880000,,,0,0,292500,0,0,123500,5.7,4.4,55.8,8.1,2.2,28.5,4.1
"2026/01/14","2026/01/16","6882","三社電機製作所","東証およびＰＴＳ",,"確報",2800,400,20100,4200,0,4800,15300,2856000,408000,20502000,4284000,0,4896000,15606000,,,0,0,88500,0,0,3000,8.1,8.9,10.2,9.5,1.1,55,2.2
"2026/01/14","2026/01/16","6888","アクモス","東証およびＰＴＳ",,"確報",0,0,3000,0,0,0,3000,0,0,1677000,0,0,0,1677000,,,0,0,0,3000,0,0,43.1,0,21.6,43.1,0,0,0
"2026/01/14","2026/01/16","6890","フェローテック","東証およびＰＴＳ",,"確報",1000,2000,71700,700,300,4200,67500,5580000,11160000,400086000,3906000,1674000,23436000,376650000,,,0,0,8724000,0,0,456000,5.8,4.5,8,5.8,4.1,22,6.9
"2026/01/14","2026/01/16","6894","パルステック工業","東証およびＰＴＳ",,"確報",0,0,200,0,0,0,200,0,0,424000,0,0,0,424000,,,0,0,0,1000,0,0,20,0,10,20,0,0,0
"2026/01/14","2026/01/16","6897","ツインバード","東証およびＰＴＳ",,"確報",0,0,3100,0,0,0,3100,0,0,1302000,0,0,0,1302000,,,0,0,0,12400,0,0,152,152,152,152,0,0,0
"2026/01/14","2026/01/16","6898","トミタ電機","東証およびＰＴＳ",,"確報",0,0,4700,0,0,0,4700,0,0,17131500,0,0,0,17131500,,,0,0,235000,0,0,0,0,0,0,0,0,0,0
"2026/01/14","2026/01/16","6899","ＡＳＴＩ","東証およびＰＴＳ",,"確報",1100,0,7100,0,0,0,7100,2886400,0,18630400,0,0,0,18630400,,,0,0,0,60000,0,0,21,12.2,76,21,0,0,0
"2026/01/14","2026/01/16","6901","澤藤電機","東証およびＰＴＳ",,"確報",0,3200,12000,0,0,1100,10900,0,4156800,15588000,0,0,1428900,14159100,,,0,0,0,0,0,0,4,20.3,2.1,3.7,0,0,0
"2026/01/14","2026/01/16","6902","デンソー","東証およびＰＴＳ",,"確報",3100,24500,60900,1900,41800,42400,18500,6877350,54353250,135106650,4215150,92733300,94064400,41042250,,,0,0,781850,0,0,781850,3.3,3.6,2.8,3.1,4.9,2.7,3.5
"2026/01/14","2026/01/16","6904","原田工業","東証およびＰＴＳ",,"確報",0,700,2900,0,0,0,2900,0,333900,1383300,0,0,0,1383300,,,0,0,3600,0,0,0,5.3,5,5.7,5.3,0,0,0
"2026/01/14","2026/01/16","6905","コーセル","東証およびＰＴＳ",,"確報",200,2700,53400,1600,0,118700,-65300,230000,3105000,61410000,1840000,0,136505000,-75095000,,,0,0,2068300,0,0,4332700,86.8,155.8,28.9,48.8,96.5,251.7,139.5
"2026/01/14","2026/01/16","6907","ジオマテック","東証およびＰＴＳ",,"確報",0,300,9400,0,0,0,9400,0,347400,10885200,0,0,0,10885200,,,0,0,0,97000,0,0,57.5,97.8,40.8,57.5,0,0,0
"2026/01/14","2026/01/16","6908","イリソ電子工業","東証およびＰＴＳ",,"確報",0,2700,10400,0,2700,10400,0,0,8707500,33540000,0,8707500,33540000,0,,,0,0,327500,0,0,327500,15.3,13.7,15.2,14.4,15.5,17.5,16.4
"2026/01/14","2026/01/16","6912","菊水ホールディングス","東証およびＰＴＳ",,"確報",0,100,300,0,0,0,300,0,186700,560100,0,0,0,560100,,,0,0,0,5200,0,0,12,24,8,12,0,0,0
"2026/01/14","2026/01/16","6914","オプテックスグループ","東証およびＰＴＳ",,"確報",56400,8200,58700,0,600,32900,25800,143650800,20885400,149508900,0,1528200,83796300,65712600,,,0,0,315000,0,0,1005000,2,1,1.4,1.2,13,33.9,18.7
"2026/01/14","2026/01/16","6915","千代田インテグレ","東証およびＰＴＳ",,"確報",0,1100,8300,500,0,4400,3900,0,3580500,27016500,1627500,0,14322000,12694500,,,0,0,47000,0,0,19500,33.3,153,25.5,43.7,17.4,27.3,21.2
"2026/01/14","2026/01/16","6918","アバールデータ","東証およびＰＴＳ",,"確報",200,200,1100,0,0,0,1100,581400,581400,3197700,0,0,0,3197700,,,0,0,40700,0,0,0,10.4,17.3,7.4,10.4,0,0,0
"2026/01/14","2026/01/16","6919","ケル","東証およびＰＴＳ",,"確報",200,0,1400,0,0,0,1400,301000,0,2107000,0,0,0,2107000,,,0,0,9600,0,0,0,9.8,9.1,10.7,9.8,0,0,0
"2026/01/14","2026/01/16","6920","レーザーテック","東証およびＰＴＳ",,"確報",14100,3600,29200,125500,5400,215200,-186000,490680000,125280000,1016160000,4367400000,187920000,7488960000,-6472800000,,,0,0,32164000,0,0,163572000,2.5,1.9,2.1,2,2,5.7,3
"2026/01/14","2026/01/16","6923","スタンレー電気","東証およびＰＴＳ",,"確報",1500,0,7000,1500,0,7000,0,4854000,0,22652000,4854000,0,22652000,0,,,0,0,231000,0,0,231000,9.9,6.7,17.8,9.7,6.8,18.9,10
"2026/01/14","2026/01/16","6925","ウシオ電機","東証およびＰＴＳ",,"確報",0,1900,11800,0,1900,11800,0,0,5289600,32851200,0,5289600,32851200,0,,,0,0,137000,0,0,137000,2.1,2.1,4.1,2.8,2.4,1.7,2
"2026/01/14","2026/01/16","6926","岡谷電機産業","東証およびＰＴＳ",,"確報",600,100,19700,500,0,19700,0,117600,19600,3861200,98000,0,3861200,0,,,0,0,19200,0,0,19200,73.2,56,952,105.8,38.1,105.8,56
"2026/01/14","2026/01/16","6927","ヘリオステクノＨＤ","東証およびＰＴＳ",,"確報",400,0,6100,0,0,0,6100,411200,0,6270800,0,0,0,6270800,,,0,0,0,85500,0,0,31.7,43,25.1,31.7,0,0,0
"2026/01/14","2026/01/16","6928","エノモト","東証およびＰＴＳ",,"確報",0,500,9500,0,0,0,9500,0,1204500,22885500,0,0,0,22885500,,,0,0,80000,0,0,0,54.3,97.8,37.6,54.3,0,0,0
"2026/01/14","2026/01/16","6929","日本セラミック","東証およびＰＴＳ",,"確報",600,0,79900,0,0,1600,78300,2298000,0,306017000,0,0,6128000,299889000,,,0,0,3965000,0,0,80000,149.5,175.5,149.5,161.5,37,24.7,29.6
"2026/01/14","2026/01/16","6932","遠藤照明","東証およびＰＴＳ",,"確報",100,100,3900,0,200,1700,2200,250200,250200,9757800,0,500400,4253400,5504400,,,0,0,74100,0,0,36100,11,20.1,6.1,9.4,103,17.2,29.4
"2026/01/14","2026/01/16","6941","山一電機","東証およびＰＴＳ",,"確報",600,1000,21700,100,500,21700,0,3642000,6070000,131719000,607000,3035000,131719000,0,,,0,0,1326000,0,0,1326000,13,8.3,10,9.1,18.7,29.7,23
"2026/01/14","2026/01/16","6942","ソフィアＨＤ","東証およびＰＴＳ",,"確報",200,0,1800,0,0,0,1800,241200,0,2170800,0,0,0,2170800,,,0,0,0,1600,0,0,54,27,0,54,0,0,0
"2026/01/14","2026/01/16","6943","ＮＫＫスイッチズ","東証およびＰＴＳ",,"確報",0,0,10000,0,0,0,10000,0,0,47200000,0,0,0,47200000,,,0,0,200000,0,0,0,0,0,0,0,0,0,0
"2026/01/14","2026/01/16","6946","日本アビオニクス","東証およびＰＴＳ",,"確報",0,9800,30300,0,0,0,30300,0,52528000,162408000,0,0,0,162408000,,,0,0,2807000,0,0,0,21.4,50,13.6,21.4,0,0,0
"2026/01/14","2026/01/16","6947","図研","東証およびＰＴＳ",,"確報",100,4600,7000,200,0,15600,-8600,526000,24196000,36820000,1052000,0,82056000,-45236000,,,0,0,230000,0,0,308000,8,4.2,3.3,3.7,25.2,730,48.7
"2026/01/14","2026/01/16","6951","日本電子","東証およびＰＴＳ",,"確報",100,0,52300,600,0,5700,46600,541900,0,283413700,3251400,0,30888300,252525400,,,0,0,4698000,0,0,459000,89.9,439.8,263.9,329.9,8,13.3,10
"2026/01/14","2026/01/16","6952","カシオ計算機","東証およびＰＴＳ",,"確報",3400,0,5300,400,1900,26300,-21000,4520300,0,7046350,531800,2526050,34965850,-27919500,,,0,0,23750,0,0,347500,8.9,1.7,6.9,2.7,26.7,6.4,10.3
"2026/01/14","2026/01/16","6954","ファナック","東証およびＰＴＳ",,"確報",26000,9400,256600,32700,0,32700,223900,180310000,65189000,1779521000,226774500,0,226774500,1552746500,,,0,0,73200000,0,0,0,15,21.3,18.1,19.5,2.4,4.5,3.1
"2026/01/14","2026/01/16","6955","エフ・ディー・ケイ","東証およびＰＴＳ",,"確報",1000,200,20100,0,0,0,20100,376000,75200,7557600,0,0,0,7557600,,,0,0,77200,0,0,0,13.2,12.7,13.7,13.2,0,0,0
"2026/01/14","2026/01/16","6958","日本シイエムケイ","東証およびＰＴＳ",,"確報",2500,200,94100,3800,0,56000,38100,1350000,108000,50814000,2052000,0,30240000,20574000,,,0,0,918000,0,0,522000,55.6,88.4,47.3,61.6,35.6,71.1,47.4
"2026/01/14","2026/01/16","6960","フクダ電子","東証およびＰＴＳ",,"確報",600,0,2700,400,200,8900,-6200,5244000,0,23598000,3496000,1748000,77786000,-54188000,,,0,0,231000,0,0,957000,3.1,1.3,1.2,1.2,19.7,207,36
"2026/01/14","2026/01/16","6961","エンプラス","東証およびＰＴＳ",,"確報",0,0,36800,900,300,10200,26600,0,0,329360000,8055000,2685000,91290000,238070000,,,0,0,7728000,0,0,2016000,70.3,139.8,202,165.3,14.2,46.7,21.7
"2026/01/14","2026/01/16","6962","大真空","東証およびＰＴＳ",,"確報",2700,1500,47900,900,0,25300,22600,1614600,897000,28644200,538200,0,15129400,13514800,,,0,0,513700,0,0,268400,27.8,45.2,27.5,34.2,10.5,130.3,19.5
"2026/01/14","2026/01/16","6963","ローム","東証およびＰＴＳ",,"確報",2300,14200,76600,3000,2700,43400,33200,5621200,34704800,187210400,7332000,6598800,106069600,81140800,,,0,0,2433750,0,0,1185250,12,11.8,13.6,12.6,7.3,21.8,10.9
"2026/01/14","2026/01/16","6964","サンコー","東証およびＰＴＳ",,"確報",0,100,2700,0,0,0,2700,0,63100,1703700,0,0,0,1703700,,,0,0,0,5600,0,0,49.3,0,24.7,49.3,0,0,0
"2026/01/14","2026/01/16","6965","浜松ホトニクス","東証およびＰＴＳ",,"確報",5200,55500,151200,3300,0,57800,93400,9230000,98512500,268380000,5857500,0,102595000,165785000,,,0,0,11183250,0,0,3024750,17.9,30.3,9.9,14.9,76.4,44.9,56.5
"2026/01/14","2026/01/16","6966","三井ハイテック","東証およびＰＴＳ",,"確報",100,2600,285900,2100,0,63100,222800,76800,1996800,219571200,1612800,0,48460800,171110400,,,0,0,2884000,0,0,610000,5,4.2,5.2,4.6,5.3,72.2,9.9
"2026/01/14","2026/01/16","6969","松尾電機","東証およびＰＴＳ",,"確報",500,100,9200,0,0,0,9200,423500,84700,7792400,0,0,0,7792400,,,0,0,0,61600,0,0,37.7,27.1,61.9,37.7,0,0,0
"2026/01/14","2026/01/16","6971","京セラ","東証およびＰＴＳ",,"確報",4700,16500,38700,0,11800,38700,0,10683100,37504500,87965100,0,26821400,87965100,0,,,0,0,404000,0,0,404000,4.7,3,3.6,3.3,7.3,12.6,9.2
"2026/01/14","2026/01/16","6976","太陽誘電","東証およびＰＴＳ",,"確報",1100,13700,65400,11200,1100,14300,51100,4052400,50470800,240933600,41260800,4052400,52681200,188252400,,,0,0,18564000,0,0,999600,11.9,21.6,13,16.2,1.9,6.4,2.9
"2026/01/14","2026/01/16","6977","日本抵抗器製作所","東証およびＰＴＳ",,"確報",300,0,4600,0,0,0,4600,299700,0,4595400,0,0,0,4595400,,,0,0,0,25800,0,0,31.4,24.4,44,31.4,0,0,0
"2026/01/14","2026/01/16","6981","村田製作所","東証およびＰＴＳ",,"確報",10600,12100,113700,900,3200,7400,106300,36517000,41684500,391696500,3100500,11024000,25493000,366203500,,,0,0,15782400,0,0,1328900,10.3,12.8,10.6,11.6,1.9,2.6,2.2
"2026/01/14","2026/01/16","6982","リード","東証およびＰＴＳ",,"確報",100,0,500,0,0,0,500,60900,0,304500,0,0,0,304500,,,0,0,0,0,0,0,42,21,0,42,0,0,0
"2026/01/14","2026/01/16","6986","双葉電子工業","東証およびＰＴＳ",,"確報",0,3000,169600,7600,0,182100,-12500,0,1962000,110918400,4970400,0,119093400,-8175000,,,0,0,172600,0,0,174500,8.6,4.3,9.3,5.9,8.3,161,15.7
"2026/01/14","2026/01/16","6988","日東電工","東証およびＰＴＳ",,"確報",3300,300,35500,700,1700,12500,23000,12569700,1142700,135219500,2666300,6475300,47612500,87607000,,,0,0,2080000,0,0,864000,4.7,3.2,4.9,3.9,19.7,13.8,16.2
"2026/01/14","2026/01/16","6989","北陸電気工業","東証およびＰＴＳ",,"確報",100,0,14400,100,0,2700,11700,291500,0,41976000,291500,0,7870500,34105500,,,0,0,300300,0,0,54600,152.5,177.5,142,157.8,64.5,0,129
"2026/01/14","2026/01/16","6993","大黒屋ＨＤ","東証およびＰＴＳ",,"確報",534500,833500,4427900,310300,0,5037200,-609300,67347000,105021000,557915400,39097800,0,634687200,-76771800,,,0,0,33088300,0,0,33088300,8.4,8.9,8.5,8.7,4.1,176.7,8
"2026/01/14","2026/01/16","6994","指月電機製作所","東証およびＰＴＳ",,"確報",0,4100,30600,800,0,800,29800,0,3526000,26316000,688000,0,688000,25628000,,,0,0,242900,0,0,0,14.3,13.6,17.4,15.3,1,3,1.5
"2026/01/14","2026/01/16","6995","東海理化電機製作所","東証およびＰＴＳ",,"確報",1300,2300,8900,0,1000,8900,0,4270500,7555500,29236500,0,3285000,29236500,0,,,0,0,99000,0,0,99000,12.6,19.8,7.3,10.7,45.1,9.2,15.3
"2026/01/14","2026/01/16","6996","ニチコン","東証およびＰＴＳ",,"確報",1900,3300,11400,1200,3300,35600,-24200,3138800,5451600,18832800,1982400,5451600,58811200,-39978400,,,0,0,576000,0,0,1696500,6.5,4.3,6.2,5.1,61.4,3.7,7
"2026/01/14","2026/01/16","6997","日本ケミコン","東証およびＰＴＳ",,"確報",5000,5200,93300,1200,0,105400,-12100,7770000,8080800,144988200,1864800,0,163791600,-18803400,,,0,0,4675000,0,0,5210000,24.8,13.1,12.3,12.7,179.3,577.8,273.7
"2026/01/14","2026/01/16","6998","日本タングステン","東証およびＰＴＳ",,"確報",400,700,5600,500,0,3800,1800,693600,1213800,9710400,867000,0,6589200,3121200,,,0,0,289100,0,0,161700,11.7,9.3,28.9,14.1,4.9,49.3,9
"2026/01/14","2026/01/16","6999","コーア","東証およびＰＴＳ",,"確報",400,0,40100,1000,0,3400,36700,568800,0,57022200,1422000,0,4834800,52187400,,,0,0,436700,0,0,26400,21,17.1,36.4,23.3,3.7,0,7.3
"2026/01/14","2026/01/16","7003","三井Ｅ＆Ｓ","東証およびＰＴＳ",,"確報",1300,47300,259200,15400,500,258600,600,9269000,337249000,1848096000,109802000,3565000,1843818000,4278000,,,0,0,118417600,0,0,94555600,21.1,63.4,9.1,15.9,22.4,196.4,40.3
"2026/01/14","2026/01/16","7004","カナデビア","東証およびＰＴＳ",,"確報",30900,2000,167600,0,0,0,167600,32105100,2078000,174136400,0,0,0,174136400,,,0,0,4161000,0,0,0,32.8,20.7,88.2,33.5,1,1,1
"2026/01/14","2026/01/16","7011","三菱重工業","東証およびＰＴＳ",,"確報",65900,236300,1070300,102800,5900,338600,731700,310389000,1112973000,5041113000,484188000,27789000,1594806000,3446307000,,,0,0,290323800,0,0,56557800,9.8,27.9,7.3,11.5,3.1,9,4.6
"2026/01/14","2026/01/16","7012","川崎重工業","東証およびＰＴＳ",,"確報",3200,15500,72400,6700,10300,38100,34300,44240000,214287500,1000930000,92627500,142397500,526732500,474197500,,,0,0,34303500,0,0,16888500,4.9,10.2,4.4,6.1,1.9,3.1,2.4
"2026/01/14","2026/01/16","7013","ＩＨＩ","東証およびＰＴＳ",,"確報",132400,61600,710800,14400,49200,549500,161300,457839200,213012800,2457946400,49795200,170133600,1900171000,557775400,,,0,0,23680000,0,0,21619100,16.2,26,9.3,13.7,16.7,35.3,22.7
"2026/01/14","2026/01/16","7014","名村造船所","東証およびＰＴＳ",,"確報",8000,36600,320800,29800,600,516500,-195700,36960000,169092000,1482096000,137676000,2772000,2386230000,-904134000,,,0,0,38434000,0,0,53603000,12.3,10.4,7.4,8.6,14.7,28.3,19.3
"2026/01/14","2026/01/16","7018","内海造船","東証およびＰＴＳ",,"確報",100,900,7300,0,0,0,7300,1710000,15390000,124830000,0,0,0,124830000,,,0,0,2673000,0,0,0,13.1,15.6,11.3,13.1,0,0,0
"2026/01/14","2026/01/16","7021","ニッチツ","東証およびＰＴＳ",,"確報",500,0,4000,0,0,0,4000,1217500,0,9740000,0,0,0,9740000,,,0,0,0,73500,0,0,45,22.5,0,45,0,0,0
"2026/01/14","2026/01/16","7022","サノヤスＨＤ","東証およびＰＴＳ",,"確報",400,300,18300,100,0,18300,0,113600,85200,5197200,28400,0,5197200,0,,,0,0,0,18200,18200,0,132,154,77,102.7,462,115.5,184.8
"2026/01/14","2026/01/16","7030","スプリックス","東証およびＰＴＳ",,"確報",0,0,3800,0,200,2100,1700,0,0,5141400,0,270600,2841300,2300100,,,0,0,0,45600,27600,0,67.3,0,96,192,37,27.8,31.7
"2026/01/14","2026/01/16","7031","インバウンドテック","東証およびＰＴＳ",,"確報",100,0,200,0,0,0,200,60300,0,120600,0,0,0,120600,,,0,0,0,600,0,0,3,1.5,0,3,0,0,0
"2026/01/14","2026/01/16","7033","ＭＳＯＬ","東証およびＰＴＳ",,"確報",1900,0,21800,2000,100,21800,0,2639100,0,30280200,2778000,138900,30280200,0,,,0,0,199000,0,0,199000,16.3,9.3,22.1,13.1,12.8,69.7,21.6
"2026/01/14","2026/01/16","7034","プロレド","東証およびＰＴＳ",,"確報",0,0,11700,0,0,0,11700,0,0,6938100,0,0,0,6938100,,,0,0,23400,0,0,0,114.8,63.8,574,114.8,0,0,0
"2026/01/14","2026/01/16","7035","ａｎｆａｃ","東証およびＰＴＳ",,"確報",22800,34700,82000,7100,4000,97000,-15000,5061600,7703400,18204000,1576200,888000,21534000,-3330000,,,0,0,93900,0,0,93900,6.9,4,3.9,4,40.1,17.4,24.3
"2026/01/14","2026/01/16","7036","イーエムネットＪ","東証およびＰＴＳ",,"確報",0,400,2500,0,0,0,2500,0,387200,2420000,0,0,0,2420000,,,0,0,0,60900,0,0,20.2,17.3,24.2,20.2,0,0,0
"2026/01/14","2026/01/16","7037","テノ．","東証およびＰＴＳ",,"確報",0,0,700,0,0,0,700,0,0,640500,0,0,0,640500,,,0,0,0,0,0,0,3.5,0,1.8,3.5,0,0,0
"2026/01/14","2026/01/16","7038","フロンティアＭ","東証およびＰＴＳ",,"確報",1800,100,5800,0,0,0,5800,1022400,56800,3294400,0,0,0,3294400,,,0,0,0,12300,0,0,7,3.6,87.5,7,0,0,0
"2026/01/14","2026/01/16","7039","ブリッジグループ","東証およびＰＴＳ",,"確報",400,500,700,0,0,0,700,788800,986000,1380400,0,0,0,1380400,,,0,0,0,25600,0,0,5.5,7.8,4.3,5.5,0,0,0
"2026/01/14","2026/01/16","7040","サン・ライフＨＤ","東証およびＰＴＳ",,"確報",100,0,5900,0,0,0,5900,98400,0,5805600,0,0,0,5805600,,,0,0,0,5800,0,0,582,291,0,582,0,0,0
"2026/01/14","2026/01/16","7041","ＣＲＧＨＤ","東証およびＰＴＳ",,"確報",0,0,300,0,0,0,300,0,0,98100,0,0,0,98100,,,0,0,0,1500,0,0,0,0,0,0,0,0,0
"2026/01/14","2026/01/16","7042","アクセスグループ","東証およびＰＴＳ",,"確報",500,0,4500,0,0,0,4500,356500,0,3208500,0,0,0,3208500,,,0,0,0,136000,0,0,20.5,11.5,97.5,20.5,0,0,0
"2026/01/14","2026/01/16","7043","アルー","東証およびＰＴＳ",,"確報",0,0,400,0,0,0,400,0,0,379200,0,0,0,379200,,,0,0,0,10000,0,0,7,14,4.7,7,0,0,0
"2026/01/14","2026/01/16","7044","ピアラ","東証およびＰＴＳ",,"確報",0,0,3300,0,0,0,3300,0,0,1768800,0,0,0,1768800,,,0,0,0,33000,0,0,42.3,0,21.1,42.3,0,0,0
"2026/01/14","2026/01/16","7046","ＴＤＳＥ","東証およびＰＴＳ",,"確報",0,200,1500,0,0,0,1500,0,311400,2335500,0,0,0,2335500,,,0,0,0,71400,0,0,18.9,21.3,17,18.9,0,0,0
"2026/01/14","2026/01/16","7047","ポート","東証およびＰＴＳ",,"確報",0,800,49400,0,0,1800,47600,0,1746400,107840200,0,0,3929400,103910800,,,0,0,301200,0,0,10800,56.6,77.8,44.3,56.4,91,45.5,60.7
"2026/01/14","2026/01/16","7048","ベルトラ","東証およびＰＴＳ",,"確報",27000,400,128500,500,0,176900,-48400,4995000,74000,23772500,92500,0,32726500,-8954000,,,0,0,0,0,0,0,40.3,17.8,16.4,17.1,383.8,215.3,275.8
"2026/01/14","2026/01/16","7049","識学","東証およびＰＴＳ",,"確報",100,16000,2600,4600,14900,41300,-38700,98500,15760000,2561000,4531000,14676500,40680500,-38119500,,,0,0,0,148000,412800,0,12.4,65.9,4.2,7.8,15.5,15.3,15.4
"2026/01/14","2026/01/16","7050","フロンティアＩ","東証およびＰＴＳ",,"確報",0,0,500,0,0,0,500,0,0,1502500,0,0,0,1502500,,,0,0,0,15000,0,0,8.7,0,4.3,8.7,0,0,0
"2026/01/14","2026/01/16","7057","エヌ・シー・エヌ","東証およびＰＴＳ",,"確報",0,0,2400,0,0,0,2400,0,0,2664000,0,0,0,2664000,,,0,0,0,14400,0,0,240,120,0,240,0,0,0
"2026/01/14","2026/01/16","7058","共栄セキュリティ","東証およびＰＴＳ",,"確報",0,0,2300,0,0,0,2300,0,0,6854000,0,0,0,6854000,,,0,0,0,23000,0,0,0,0,0,0,0,0,0
"2026/01/14","2026/01/16","7059","コプロＨＤ","東証およびＰＴＳ",,"確報",500,2300,21500,0,200,1300,20200,510000,2346000,21930000,0,204000,1326000,20604000,,,0,0,0,69900,4500,0,34.3,46.5,32.9,38.5,8.5,22.7,12.4
"2026/01/14","2026/01/16","7060","ギークス","東証およびＰＴＳ",,"確報",0,100,3100,0,0,0,3100,0,56600,1754600,0,0,0,1754600,,,0,0,0,25600,0,0,53,53,53,53,0,0,0
"2026/01/14","2026/01/16","7061","日本ホスピス","東証およびＰＴＳ",,"確報",300,300,55000,600,0,27900,27100,325500,325500,59675000,651000,0,30271500,29403500,,,0,0,0,385000,191100,0,42.2,117.4,270.1,163.7,109.7,10.4,19
"2026/01/14","2026/01/16","7062","フレアス","東証およびＰＴＳ",,"確報",0,0,300,0,0,0,300,0,0,246600,0,0,0,246600,,,0,0,3000,0,0,0,10.5,21,7,10.5,0,0,0
"2026/01/14","2026/01/16","7063","Ｂｉｒｄｍａｎ","東証およびＰＴＳ",,"確報",200,0,77800,0,0,0,77800,27800,0,10814200,0,0,0,10814200,,,0,0,0,310400,0,0,70.6,47.2,139.9,70.6,0,0,0
"2026/01/14","2026/01/16","7064","ハウテレビジョン","東証およびＰＴＳ",,"確報",0,300,400,0,0,0,400,0,393300,524400,0,0,0,524400,,,0,0,0,38500,0,0,8.7,8.7,8.7,8.7,0,0,0
"2026/01/14","2026/01/16","7065","ユーピーアール","東証およびＰＴＳ",,"確報",2300,0,5400,500,0,1900,3500,2196500,0,5157000,477500,0,1814500,3342500,,,0,0,167400,0,0,75600,8.8,7.3,17.3,10.3,3.1,52,5.8
"2026/01/14","2026/01/16","7066","ピアズ","東証およびＰＴＳ",,"確報",0,0,11500,0,0,0,11500,0,0,5382000,0,0,0,5382000,,,0,0,0,46000,0,0,103.1,81,141.8,103.1,0,0,0
"2026/01/14","2026/01/16","7067","ブランディング","東証およびＰＴＳ",,"確報",3000,300,4000,0,0,0,4000,3345000,334500,4460000,0,0,0,4460000,,,0,0,0,27300,0,0,2.7,4.7,1.9,2.7,0,0,0
"2026/01/14","2026/01/16","7068","ＦフォースＧ","東証およびＰＴＳ",,"確報",2300,2200,24700,100,0,24700,0,1522600,1456400,16351400,66200,0,16351400,0,,,0,0,0,123000,123000,0,6.7,3.9,4.2,4.1,21.4,52.5,30.4
"2026/01/14","2026/01/16","7069","サイバー・バズ","東証およびＰＴＳ",,"確報",0,0,500,0,0,0,500,0,0,405500,0,0,0,405500,,,0,0,8000,0,0,0,0,0,0,0,0,0,0
"2026/01/14","2026/01/16","7071","アンビス","東証およびＰＴＳ",,"確報",21000,9000,218900,12000,0,218900,0,9933000,4257000,103539700,5676000,0,103539700,0,,,0,0,3517300,0,0,3517300,8.5,4.5,5,4.7,30.4,100.8,46.7
"2026/01/14","2026/01/16","7072","インテＭ","東証およびＰＴＳ",,"確報",0,0,4400,0,0,0,4400,0,0,4950000,0,0,0,4950000,,,0,0,154000,0,0,0,62.9,0,31.4,62.9,0,0,0
"2026/01/14","2026/01/16","7073","ジェイック","東証およびＰＴＳ",,"確報",0,0,1400,0,0,0,1400,0,0,3794000,0,0,0,3794000,,,0,0,9800,0,0,0,10.2,9.3,11.2,10.2,0,0,0
"2026/01/14","2026/01/16","7074","２４７ＨＤ","東証およびＰＴＳ",,"確報",0,1200,8700,0,0,0,8700,0,274800,1992300,0,0,0,1992300,,,0,0,19800,0,0,0,7.8,5.3,14.5,7.8,0,0,0
"2026/01/14","2026/01/16","7075","ＱＬＳ","東証およびＰＴＳ",,"確報",0,500,4100,0,0,0,4100,0,383000,3140600,0,0,0,3140600,,,0,0,4600,0,0,0,28.3,0,14.2,28.3,0,0,0
"2026/01/14","2026/01/16","7077","ＡＬｉＮＫ","東証およびＰＴＳ",,"確報",0,0,400,0,0,0,400,0,0,428400,0,0,0,428400,,,0,0,0,4000,0,0,7,9.3,5.6,7,0,0,0
"2026/01/14","2026/01/16","7078","ＩＮＣ　ＨＤ","東証およびＰＴＳ",,"確報",0,0,13700,0,0,0,13700,0,0,5069000,0,0,0,5069000,,,0,0,0,54800,0,0,15,12.7,18.4,15,0,0,0
"2026/01/14","2026/01/16","7079","ＷＤＢココ","東証およびＰＴＳ",,"確報",0,300,900,0,0,0,900,0,823800,2471400,0,0,0,2471400,,,0,0,0,28800,0,0,38,0,19,38,0,0,0
"2026/01/14","2026/01/16","7080","スポーツフィールド","東証およびＰＴＳ",,"確報",0,0,2500,0,0,0,2500,0,0,2042500,0,0,0,2042500,,,0,0,0,25000,0,0,252,0,126,252,0,0,0
"2026/01/14","2026/01/16","7081","コーユーレンティア","東証およびＰＴＳ",,"確報",0,0,600,0,0,0,600,0,0,806400,0,0,0,806400,,,0,0,1800,0,0,0,60,30,0,60,0,0,0
"2026/01/14","2026/01/16","7082","ジモティー","東証およびＰＴＳ",,"確報",0,800,13100,0,0,0,13100,0,778400,12746300,0,0,0,12746300,,,0,0,41700,0,0,0,34.6,26.3,50.6,34.6,0,0,0
"2026/01/14","2026/01/16","7083","ＡＨＣグループ","東証およびＰＴＳ",,"確報",0,0,700,0,0,0,700,0,0,618800,0,0,0,618800,,,0,0,0,9100,0,0,36,36,36,36,0,0,0
"2026/01/14","2026/01/16","7084","ＳｍｉｌｅＨＤ","東証およびＰＴＳ",,"確報",0,0,600,0,0,0,600,0,0,1759800,0,0,0,1759800,,,0,0,10800,0,0,0,0,0,0,0,0,0,0
"2026/01/14","2026/01/16","7085","カーブスＨＤ","東証およびＰＴＳ",,"確報",35700,0,146300,2500,4600,39900,106400,27489000,0,112651000,1925000,3542000,30723000,81928000,,,0,0,0,1990800,756000,0,22.8,16.4,1964.3,32.5,39.2,8,13.3
"2026/01/14","2026/01/16","7087","ウイルテック","東証およびＰＴＳ",,"確報",0,100,400,100,100,100,300,0,135800,543200,135800,135800,135800,407400,,,0,0,4500,0,0,900,11.6,0,24,48,2.5,2.5,2.5
"2026/01/14","2026/01/16","7088","フォーラムエンジニア","東証およびＰＴＳ",,"確報",0,0,100,0,0,0,100,0,0,169900,0,0,0,169900,,,0,0,0,0,0,0,0,0,0,0,0,0,0
"2026/01/14","2026/01/16","7089","フォースタ","東証およびＰＴＳ",,"確報",0,400,109300,0,0,0,109300,0,362800,99135100,0,0,0,99135100,,,0,0,0,2742500,0,0,164.3,102.3,417.1,164.3,0,0,0
"2026/01/14","2026/01/16","7090","リグア","東証およびＰＴＳ",,"確報",0,0,200,0,0,0,200,0,0,182800,0,0,0,182800,,,0,0,0,6800,0,0,0,0,0,0,0,0,0
"2026/01/14","2026/01/16","7091","ＬＰＦ","東証およびＰＴＳ",,"確報",0,0,1300,0,0,0,1300,0,0,1437800,0,0,0,1437800,,,0,0,0,14300,0,0,14.9,8.7,52,14.9,0,0,0
"2026/01/14","2026/01/16","7092","ＦＦＪ","東証およびＰＴＳ",,"確報",1400,0,2400,0,0,22700,-20300,3235400,0,5546400,0,0,52459700,-46913300,,,0,0,0,1000,22700,0,82.9,3.2,8.4,4.6,0,0,0
"2026/01/14","2026/01/16","7093","アディッシュ","東証およびＰＴＳ",,"確報",0,0,1500,0,0,0,1500,0,0,796500,0,0,0,796500,,,0,0,0,30000,0,0,13.2,11.3,15.8,13.2,0,0,0
"2026/01/14","2026/01/16","7094","ＮｅｘＴｏｎｅ","東証およびＰＴＳ",,"確報",2800,600,55800,2200,0,55800,0,4914000,1053000,97929000,3861000,0,97929000,0,,,0,0,53600,0,0,53600,6.3,3.6,3.5,3.6,63.4,48.7,55.1
"2026/01/14","2026/01/16","7095","ＭａｃｂｅｅＰ","東証およびＰＴＳ",,"確報",0,1600,15600,0,0,0,15600,0,2500800,24382800,0,0,0,24382800,,,0,0,51600,0,0,0,26,22.3,31.2,26,0,0,0
"2026/01/14","2026/01/16","7096","ステムセル研究所","東証およびＰＴＳ",,"確報",0,0,18200,100,100,18200,0,0,0,15561000,85500,85500,15561000,0,,,0,0,473200,0,0,473200,6.3,3.5,3.4,3.5,150,45,69.2
"2026/01/14","2026/01/16","7097","さくらさくプラス","東証およびＰＴＳ",,"確報",0,0,1700,0,0,0,1700,0,0,5516500,0,0,0,5516500,,,0,0,0,25500,0,0,14.4,0,7.2,14.4,0,0,0
"2026/01/14","2026/01/16","7102","日本車輌製造","東証およびＰＴＳ",,"確報",0,100,13500,100,0,1500,12000,0,392000,52920000,392000,0,5880000,47040000,,,0,0,544000,0,0,56000,81,60.1,165.3,88.1,34,68,45.3
"2026/01/14","2026/01/16","7105","三菱ロジスネクスト","東証およびＰＴＳ",,"確報",0,1800,12800,0,0,23000,-10200,0,2770200,19699200,0,0,35397000,-15697800,,,0,0,14600,0,0,23000,87,37.6,29.4,33,0,1150,2300
"2026/01/14","2026/01/16","7110","クラシコム","東証およびＰＴＳ",,"確報",0,200,8600,100,0,1200,7400,0,446400,19195200,223200,0,2678400,16516800,,,0,0,0,519200,64900,0,83.3,441,110.3,176.4,59,9.8,16.9
"2026/01/14","2026/01/16","7111","ＩＮＥＳＴ","東証およびＰＴＳ",,"確報",200,0,5300,0,0,0,5300,104000,0,2756000,0,0,0,2756000,,,0,0,0,0,0,0,72,50.4,126,72,0,0,0
"2026/01/14","2026/01/16","7112","キューブ","東証およびＰＴＳ",,"確報",100,0,3100,0,0,0,3100,68000,0,2108000,0,0,0,2108000,,,0,0,30000,0,0,0,20,37.5,13.6,20,0,0,0
"2026/01/14","2026/01/16","7114","フーディソン","東証およびＰＴＳ",,"確報",0,0,800,0,0,0,800,0,0,656800,0,0,0,656800,,,0,0,800,0,0,0,0,0,0,0,0,0,0
"2026/01/14","2026/01/16","7115","アルファパーチェス","東証およびＰＴＳ",,"確報",100,100,2800,0,0,0,2800,230000,230000,6440000,0,0,0,6440000,,,0,0,0,50400,0,0,40.3,35.3,47,40.3,0,0,0
"2026/01/14","2026/01/16","7116","ダイワ通信","東証およびＰＴＳ",,"確報",0,100,2800,0,0,0,2800,0,116900,3273200,0,0,0,3273200,,,0,0,0,2900,0,0,288,0,144,288,0,0,0
"2026/01/14","2026/01/16","7119","ハルメクＨＤ","東証およびＰＴＳ",,"確報",100,200,1100,0,100,1100,0,133000,266000,1463000,0,133000,1463000,0,,,0,0,0,14400,14400,0,21.2,17.7,26.5,21.2,17.7,26.5,21.2
"2026/01/14","2026/01/16","7120","ＳＨＩＮＫＯ","東証およびＰＴＳ",,"確報",0,100,6100,0,0,0,6100,0,95400,5819400,0,0,0,5819400,,,0,0,18600,0,0,0,21.2,98,11.9,21.2,0,0,0
"2026/01/14","2026/01/16","7122","近畿車輛","東証およびＰＴＳ",,"確報",0,100,3100,0,100,3000,100,0,253900,7870900,0,253900,7617000,253900,,,0,0,0,12800,12400,0,34.4,0,18.3,36.7,0,16.2,32.4
"2026/01/14","2026/01/16","7126","グローバルスタイル","東証およびＰＴＳ",,"確報",0,0,700,0,0,0,700,0,0,1043000,0,0,0,1043000,,,0,0,10500,0,0,0,70,35,0,70,0,0,0
"2026/01/14","2026/01/16","7127","一家ホールディングス","東証およびＰＴＳ",,"確報",0,0,4100,0,0,0,4100,0,0,2837200,0,0,0,2837200,,,0,0,20500,0,0,0,414,0,207,414,0,0,0
"2026/01/14","2026/01/16","7128","ユニソルＨＤ","東証およびＰＴＳ",,"確報",2300,100,8000,400,500,14800,-6800,5414200,235400,18832000,941600,1177000,34839200,-16007200,,,0,0,69600,0,0,178800,14.2,6.6,9.5,7.8,29,17.4,21.7
"2026/01/14","2026/01/16","7129","ミアヘルサＨＤ","東証およびＰＴＳ",,"確報",0,0,5200,0,0,0,5200,0,0,6084000,0,0,0,6084000,,,0,0,0,0,0,0,526,0,263,526,0,0,0
"2026/01/14","2026/01/16","7130","ヤマエグループＨＤ","東証およびＰＴＳ",,"確報",0,1100,68500,0,0,0,68500,0,2933700,182689500,0,0,0,182689500,,,0,0,2366400,0,0,0,83.2,104.6,69,83.2,0,0,0
"2026/01/14","2026/01/16","7131","のむら産業","東証およびＰＴＳ",,"確報",0,0,2600,0,0,0,2600,0,0,8177000,0,0,0,8177000,,,0,0,26000,0,0,0,131,131,131,131,0,0,0
"2026/01/14","2026/01/16","7133","ヒュウガプライマ","東証およびＰＴＳ",,"確報",700,0,2100,0,0,0,2100,842800,0,2528400,0,0,0,2528400,,,0,0,1400,0,0,0,8.1,5,21.7,8.1,0,0,0
"2026/01/14","2026/01/16","7134","アップガレージＧ","東証およびＰＴＳ",,"確報",1000,1100,3000,0,100,3000,0,1112000,1223200,3336000,0,111200,3336000,0,,,0,0,0,71300,71300,0,4.4,3.8,7.4,5,1.9,31,3.6
"2026/01/14","2026/01/16","7135","ジャパンクラフトＨＤ","東証およびＰＴＳ",,"確報",0,2200,23800,0,0,74600,-50800,0,484000,5236000,0,0,16412000,-11176000,,,0,0,0,0,0,0,2.4,1.2,1.2,1.2,3741,467.6,831.3
"2026/01/14","2026/01/16","7138","ＴＯＲＩＣＯ","東証およびＰＴＳ",,"確報",600,10200,93800,0,0,0,93800,198000,3366000,30954000,0,0,0,30954000,,,0,0,2895200,0,0,0,15,11,23.7,15,0,0,0
"2026/01/14","2026/01/16","7140","ペットゴー","東証およびＰＴＳ",,"確報",0,0,1200,0,0,0,1200,0,0,966000,0,0,0,966000,,,0,0,2400,0,0,0,36,18,0,36,0,0,0
"2026/01/14","2026/01/16","7148","ＦＰＧ","東証およびＰＴＳ",,"確報",5300,1000,155800,1600,17800,99400,56400,11061100,2087000,325154600,3339200,37148600,207447800,117706800,,,0,0,2878500,0,0,2196400,27.8,41.5,27,32.7,33.8,17.2,22.8
"2026/01/14","2026/01/16","7150","島根銀行","東証およびＰＴＳ",,"確報",1100,0,56500,300,0,6300,50200,611600,0,31414000,166800,0,3502800,27911200,,,0,0,110800,0,0,12000,21.3,21.4,19.5,20.4,20.4,286,38.1
"2026/01/14","2026/01/16","7157","ライフネット生命保険","東証およびＰＴＳ",,"確報",6000,0,68400,4800,200,84500,-16100,11766000,0,134132400,9412800,392200,165704500,-31572100,,,0,0,0,2184000,2796500,0,49.8,29,41,33.9,46.1,267.3,78.6
"2026/01/14","2026/01/16","7161","じもとＨＤ","東証およびＰＴＳ",,"確報",4100,2600,146300,0,500,55900,90400,1832700,1162200,65396100,0,223500,24987300,40408800,,,0,0,724000,0,0,282000,49.7,42.5,79.9,55.5,790,20.5,40
"2026/01/14","2026/01/16","7162","アストマックス","東証およびＰＴＳ",,"確報",0,0,58200,0,0,0,58200,0,0,12862200,0,0,0,12862200,,,0,0,0,0,0,0,2908,1454,0,2908,0,0,0
"2026/01/14","2026/01/16","7164","全国保証","東証およびＰＴＳ",,"確報",4400,100,18700,1500,2800,104300,-85600,13930400,316600,59204200,4749000,8864800,330213800,-271009600,,,0,0,0,216000,1584000,0,28.8,5.2,9.7,6.8,149.2,36.1,58.1
"2026/01/14","2026/01/16","7167","めぶきＦＧ","東証およびＰＴＳ",,"確報",2200,0,54800,2800,600,54800,0,2510200,0,62526800,3194800,684600,62526800,0,,,0,0,683800,0,0,683800,7.2,4.2,4,4.1,40.9,25.9,31.7
"2026/01/14","2026/01/16","7172","ＪＩＡ","東証およびＰＴＳ",,"確報",1900,1900,46500,0,0,46500,0,4054600,4054600,99231000,0,0,99231000,0,,,0,0,1395000,0,0,1395000,5.7,3.2,3.5,3.3,27.5,2196,54.2
"2026/01/14","2026/01/16","7173","東京きらぼしＦＧ","東証およびＰＴＳ",,"確報",0,300,8400,300,600,2200,6200,0,2886000,80808000,2886000,5772000,21164000,59644000,,,0,0,2001000,0,0,575000,16,22.4,57.6,32.2,10.9,3.8,5.6
"2026/01/14","2026/01/16","7175","今村証券","東証およびＰＴＳ",,"確報",0,100,4800,0,0,0,4800,0,130000,6240000,0,0,0,6240000,,,0,0,0,34300,0,0,83,0,41.5,83,0,0,0
"2026/01/14","2026/01/16","7177","ＧＭＯＦＨＤ","東証およびＰＴＳ",,"確報",100,5500,91200,0,0,0,91200,87600,4818000,79891200,0,0,0,79891200,,,0,0,0,96600,0,0,19,81.3,10.8,19,0,0,0
"2026/01/14","2026/01/16","7180","九州ＦＧ","東証およびＰＴＳ",,"確報",1200,1000,68900,3400,100,33600,35300,1353600,1128000,77719200,3835200,112800,37900800,39818400,,,0,0,858750,0,0,378750,13,15,48.8,22.9,6.5,8.6,7.4
"2026/01/14","2026/01/16","7181","かんぽ生命保険","東証およびＰＴＳ",,"確報",1100,3700,13100,1100,3700,13100,0,5618800,18899600,66914800,5618800,18899600,66914800,0,,,0,0,1051900,0,0,1051900,7.5,12.1,4.4,6.5,24.2,5.4,8.9
"2026/01/14","2026/01/16","7182","ゆうちょ銀行","東証およびＰＴＳ",,"確報",500,2500,107100,4700,124700,107100,0,1268000,6340000,271605600,11919200,316239200,271605600,0,,,0,0,7527900,0,0,15669900,3.3,7.4,5.2,6.1,2.1,1.8,2
"2026/01/14","2026/01/16","7183","あんしん保証","東証およびＰＴＳ",,"確報",0,100,36500,400,0,31700,4800,0,15600,5694000,62400,0,4945200,748800,,,0,0,73200,0,0,62600,91,75.7,67.3,71.2,399.3,79.9,133.1
"2026/01/14","2026/01/16","7184","富山第一銀行","東証およびＰＴＳ",,"確報",800,1800,11700,400,1400,11700,0,1588800,3574800,23236200,794400,2780400,23236200,0,,,0,0,139700,0,0,139700,17.2,13.5,20.6,16.3,14.7,23.8,18.2
"2026/01/14","2026/01/16","7185","ヒロセ通商","東証およびＰＴＳ",,"確報",0,0,400,0,0,0,400,0,0,1462000,0,0,0,1462000,,,0,0,10000,0,0,0,10.4,26,6.5,10.4,0,0,0
"2026/01/14","2026/01/16","7186","横浜ＦＧ","東証およびＰＴＳ",,"確報",1800,100,141500,0,0,200,141300,2515500,139750,197746250,0,0,279500,197466750,,,0,0,2376600,0,0,3400,55.9,73.7,50.9,60.2,0,0.5,1.1
"2026/01/14","2026/01/16","7187","ジェイリース","東証およびＰＴＳ",,"確報",0,600,11400,200,0,7700,3700,0,873600,16598400,291200,0,11211200,5387200,,,0,0,0,36000,22500,0,42.3,46.5,35.6,40.3,77.6,32.3,45.6
"2026/01/14","2026/01/16","7189","西日本ＦＨＤ","東証およびＰＴＳ",,"確報",400,900,36400,0,200,300,36100,1425200,3206700,129693200,0,712600,1068900,128624300,,,0,0,147600,0,0,2000,43.6,80.8,41.3,54.7,8.5,1.1,1.9
"2026/01/14","2026/01/16","7191","イントラスト","東証およびＰＴＳ",,"確報",0,100,5000,400,0,4000,1000,0,118900,5945000,475600,0,4756000,1189000,,,0,0,15300,0,0,10800,15.4,264,12,23,41.4,6.3,10.9
"2026/01/14","2026/01/16","7192","日本モーゲージサービ","東証およびＰＴＳ",,"確報",0,100,18100,0,0,2100,16000,0,51500,9321500,0,0,1081500,8240000,,,0,0,72800,0,0,8400,93,0,43.6,87.2,0,107,214
"2026/01/14","2026/01/16","7196","Ｃａｓａ","東証およびＰＴＳ",,"確報",0,100,11200,0,0,0,11200,0,75000,8400000,0,0,0,8400000,,,0,0,101700,0,0,0,32.2,122.2,18.5,32.2,0,0,0
"2026/01/14","2026/01/16","7198","ＳＢＩアルヒ","東証およびＰＴＳ",,"確報",1400,1600,222600,3300,100,77200,145400,1283800,1467200,204124200,3026100,91700,70792400,133331800,,,0,0,222800,0,0,74000,60.2,63.6,72.4,67.7,59.3,37.3,45.8
"2026/01/14","2026/01/16","7199","プレミアグループ","東証およびＰＴＳ",,"確報",1400,500,283600,0,400,9800,273800,2724400,973000,551885600,0,778400,19070800,532814800,,,0,0,0,5936700,214200,0,115.7,268.2,107.7,153.7,536,7.8,15.3
"2026/01/14","2026/01/16","7201","日産自動車","東証およびＰＴＳ",,"確報",0,245300,941400,795100,10900,3599600,-2658200,0,104424210,400753980,338474070,4640130,1532349720,-1131595740,,,0,0,12460350,0,0,29561700,8.3,7.1,5.8,6.4,7.3,14,9.6
"2026/01/14","2026/01/16","7202","いすゞ自動車","東証およびＰＴＳ",,"確報",2900,0,8100,6400,10100,61200,-53100,7640050,0,21339450,16860800,26608450,161231400,-139891950,,,0,0,161200,0,0,2011900,5.6,4.6,5.7,5.1,6.6,5,5.7
"2026/01/14","2026/01/16","7203","トヨタ自動車","東証およびＰＴＳ",,"確報",281300,17500,414000,117000,671900,1984600,-1570600,1018868600,63385000,1499508000,423774000,2433621800,7188221200,-5688713200,,,0,0,0,2853800,48250500,0,4.5,2.9,3,2.9,3.6,9.7,5.2
"2026/01/14","2026/01/16","7205","日野自動車","東証およびＰＴＳ",,"確報",500,22100,203000,6800,8900,97200,105800,202500,8950500,82215000,2754000,3604500,39366000,42849000,,,0,0,224600,0,0,99300,6.2,7.9,6.6,7.2,2.5,10.1,4
"2026/01/14","2026/01/16","7208","カネミツ","東証およびＰＴＳ",,"確報",0,0,200,0,0,0,200,0,0,215200,0,0,0,215200,,,0,0,0,400,0,0,20,0,10,20,0,0,0
"2026/01/14","2026/01/16","7211","三菱自動車工業","東証およびＰＴＳ",,"確報",3000,13000,252700,0,42300,1100,251600,1162200,5036200,97895980,0,16387020,426140,97469840,,,0,0,1917710,0,0,316820,8.5,14.8,14.9,14.8,1.4,1.4,1.4
"2026/01/14","2026/01/16","7212","エフテック","東証およびＰＴＳ",,"確報",200,0,19700,0,0,0,19700,169000,0,16646500,0,0,0,16646500,,,0,0,156000,0,0,0,43.1,33.4,69.1,45,2,2,2
"2026/01/14","2026/01/16","7213","レシップＨＤ","東証およびＰＴＳ",,"確報",0,0,5200,0,0,0,5200,0,0,2324400,0,0,0,2324400,,,0,0,10400,0,0,0,131.5,0,87,174,0,2,4
"2026/01/14","2026/01/16","7214","ＧＭＢ","東証およびＰＴＳ",,"確報",0,100,3100,0,0,0,3100,0,92700,2873700,0,0,0,2873700,,,0,0,38400,0,0,0,18.5,157,9.8,18.5,0,0,0
"2026/01/14","2026/01/16","7215","ファルテック","東証およびＰＴＳ",,"確報",0,0,2400,0,0,0,2400,0,0,914400,0,0,0,914400,,,0,0,0,4800,0,0,244,0,122,244,0,0,0
"2026/01/14","2026/01/16","7217","テイン","東証およびＰＴＳ",,"確報",0,0,600,0,0,0,600,0,0,242400,0,0,0,242400,,,0,0,1200,0,0,0,0,0,0,0,0,0,0
"2026/01/14","2026/01/16","7218","田中精密工業","東証およびＰＴＳ",,"確報",0,0,200,0,0,0,200,0,0,252400,0,0,0,252400,,,0,0,0,3400,0,0,3.3,2.5,5,3.3,0,0,0
"2026/01/14","2026/01/16","7219","エッチ・ケー・エス","東証およびＰＴＳ",,"確報",0,0,300,0,0,0,300,0,0,646500,0,0,0,646500,,,0,0,0,23100,0,0,0,0,0,0,0,0,0
"2026/01/14","2026/01/16","7220","武蔵精密工業","東証およびＰＴＳ",,"確報",0,2400,35100,400,0,1500,33600,0,6504000,95121000,1084000,0,4065000,91056000,,,0,0,862500,0,0,25300,20.2,32.7,16.1,21.6,3.8,12.3,5.8
"2026/01/14","2026/01/16","7222","日産車体","東証およびＰＴＳ",,"確報",900,0,22900,0,300,54800,-31900,950400,0,24182400,0,316800,57868800,-33686400,,,0,0,0,220000,551000,0,83,83.1,43.1,56.8,231.5,66.1,102.9
"2026/01/14","2026/01/16","7224","新明和工業","東証およびＰＴＳ",,"確報",0,2100,21500,100,3500,2800,18700,0,4454100,45601500,212100,7423500,5938800,39662700,,,0,0,755200,0,0,198400,2.2,2,2,2,533,2.8,5.6
"2026/01/14","2026/01/16","7226","極東開発工業","東証およびＰＴＳ",,"確報",1400,300,29400,500,700,6600,22800,4641000,994500,97461000,1657500,2320500,21879000,75582000,,,0,0,0,0,0,0,40.8,59.4,118.8,79.2,15.9,12.1,13.7
"2026/01/14","2026/01/16","7228","デイトナ","東証およびＰＴＳ",,"確報",0,0,300,0,0,0,300,0,0,1165500,0,0,0,1165500,,,0,0,4500,0,0,0,15,0,7.5,15,0,0,0
"2026/01/14","2026/01/16","7229","ユタカ技研","東証およびＰＴＳ",,"確報",0,0,2600,0,0,0,2600,0,0,8190000,0,0,0,8190000,,,0,0,0,26000,0,0,66,66,66,66,0,0,0
"2026/01/14","2026/01/16","7231","トピー工業","東証およびＰＴＳ",,"確報",300,600,13400,600,900,13400,0,1003500,2007000,44823000,2007000,3010500,44823000,0,,,0,0,616500,0,0,616500,14.1,15.8,13.4,14.5,14.9,12.7,13.7
"2026/01/14","2026/01/16","7235","東京ラヂエーター製造","東証およびＰＴＳ",,"確報",1300,0,18600,0,0,0,18600,2115100,0,30262200,0,0,0,30262200,,,0,0,0,51900,0,0,5.1,158.2,2.6,5.1,0,0,0
"2026/01/14","2026/01/16","7236","ティラド","東証およびＰＴＳ",,"確報",1300,600,2600,0,200,1700,900,11128000,5136000,22256000,0,1712000,14552000,7704000,,,0,0,133000,0,0,133000,8.8,4.1,8.2,5.5,20.3,40.5,27
"2026/01/14","2026/01/16","7238","曙ブレーキ工業","東証およびＰＴＳ",,"確報",0,3100,351200,52900,2400,200000,151200,0,384400,43548800,6559600,297600,24800000,18748800,,,0,0,1062900,0,0,448500,30.6,181.1,26.2,45.7,9.2,121,17.1
"2026/01/14","2026/01/16","7239","タチエス","東証およびＰＴＳ",,"確報",200,400,6300,300,300,5600,700,428000,856000,13482000,642000,642000,11984000,1498000,,,0,0,84500,0,0,72800,26.4,41.9,27.9,33.5,21.4,21.4,21.4
"2026/01/14","2026/01/16","7240","エヌオーケー","東証およびＰＴＳ",,"確報",1700,500,21300,1200,0,21300,0,5140800,1512000,64411200,3628800,0,64411200,0,,,0,0,1618050,0,0,1618050,9.3,5.3,5.2,5.2,61.7,43.7,51.2
"2026/01/14","2026/01/16","7241","フタバ産業","東証およびＰＴＳ",,"確報",1000,0,10700,2400,0,5000,5700,1106000,0,11834200,2654400,0,5530000,6304200,,,0,0,223100,0,0,59800,9.8,12.5,13.5,13,15.3,4.8,7.4
"2026/01/14","2026/01/16","7242","カヤバ","東証およびＰＴＳ",,"確報",700,200,8200,100,0,4100,4100,3227000,922000,37802000,461000,0,18901000,18901000,,,0,0,0,0,0,0,17.3,15.8,14.5,15.1,20.2,24.7,22.2
"2026/01/14","2026/01/16","7244","市光工業","東証およびＰＴＳ",,"確報",500,6700,62400,0,6200,62400,0,268500,3597900,33508800,0,3329400,33508800,0,,,0,0,205800,0,0,205800,7.2,4.2,4.1,4.2,35.3,33.8,34.5
"2026/01/14","2026/01/16","7245","大同メタル工業","東証およびＰＴＳ",,"確報",10400,1200,114900,11500,0,36100,78800,11419200,1317600,126160200,12627000,0,39637800,86522400,,,0,0,4016600,0,0,934800,22.8,31.4,27.7,29.4,7.1,39.3,12
"2026/01/14","2026/01/16","7246","プレス工業","東証およびＰＴＳ",,"確報",0,3300,15300,2600,0,4300,11000,0,2841300,13173300,2238600,0,3702300,9471000,,,0,0,74400,0,0,6800,12.4,15.5,16.8,16.1,4.9,4.9,4.9
"2026/01/14","2026/01/16","7247","ミクニ","東証およびＰＴＳ",,"確報",100,5700,53700,0,0,0,53700,39300,2240100,21104100,0,0,0,21104100,,,0,0,415100,0,0,0,41,53.4,33.3,41,0,0,0
"2026/01/14","2026/01/16","7250","太平洋工業","東証およびＰＴＳ",,"確報",0,1100,4100,0,0,600,3500,0,3360500,12525500,0,0,1833000,10692500,,,0,0,0,312000,36000,0,14.3,14.2,11.5,12.7,0,0,0
"2026/01/14","2026/01/16","7254","ユニバンス","東証およびＰＴＳ",,"確報",600,0,237500,0,0,0,237500,483600,0,191425000,0,0,0,191425000,,,0,0,0,3316600,0,0,144,73.4,3889,144,0,0,0
"2026/01/14","2026/01/16","7255","桜井製作所","東証およびＰＴＳ",,"確報",0,0,0,0,0,0,0,0,0,0,0,0,0,0,,,0,0,0,0,0,0,0,0,0,0,0,0,0
"2026/01/14","2026/01/16","7256","河西工業","東証およびＰＴＳ",,"確報",3000,0,338700,0,0,0,338700,468000,0,52837200,0,0,0,52837200,,,0,0,1342800,0,0,0,20.9,24.8,18.2,20.9,0,0,0
"2026/01/14","2026/01/16","7259","アイシン","東証およびＰＴＳ",,"確報",1200,300,26100,11100,1500,26100,0,3674400,918600,79918200,33988200,4593000,79918200,0,,,0,0,0,403200,264000,0,7.2,13.4,14.2,13.8,4.1,5.3,4.6
"2026/01/14","2026/01/16","7261","マツダ","東証およびＰＴＳ",,"確報",72800,9500,106500,142200,15500,963400,-856900,94567200,12340500,138343500,184717800,20134500,1251456600,-1113113100,,,0,0,669600,0,0,12968850,6.6,3,3.9,3.4,6.5,8.5,7.4
"2026/01/14","2026/01/16","7264","ムロコーポレーション","東証およびＰＴＳ",,"確報",0,0,100,0,0,0,100,0,0,140300,0,0,0,140300,,,0,0,0,1500,0,0,4,4,4,4,0,0,0
"2026/01/14","2026/01/16","7265","エイケン工業","東証およびＰＴＳ",,"確報",0,0,600,0,0,0,600,0,0,2151000,0,0,0,2151000,,,0,0,9000,0,0,0,9.7,17,6.8,9.7,0,0,0
"2026/01/14","2026/01/16","7266","今仙電機製作所","東証およびＰＴＳ",,"確報",100,0,104700,400,200,4200,100500,92000,0,96324000,368000,184000,3864000,92460000,,,0,0,627600,0,0,24000,166.9,401.8,1305.8,614.5,35.8,7,11.7
"2026/01/14","2026/01/16","7267","本田技研工業","東証およびＰＴＳ",,"確報",1700,13600,216100,70700,6100,124100,92000,2772700,22181600,352459100,115311700,9949100,202407100,150052000,,,0,0,6270000,0,0,1636250,6.4,10.9,9.7,10.3,1.6,4.5,2.4
"2026/01/14","2026/01/16","7269","スズキ","東証およびＰＴＳ",,"確報",1500,9300,61000,5500,12900,21800,39200,3583500,22217700,145729000,13139500,30818100,52080200,93648800,,,0,0,3164800,0,0,1343200,2.2,2.5,3,2.7,1.7,1.6,1.7
"2026/01/14","2026/01/16","7270","ＳＵＢＡＲＵ","東証およびＰＴＳ",,"確報",1800,1700,5800,46400,0,91700,-85900,6476400,6116600,20868400,166947200,0,329936600,-309068200,,,0,0,353400,0,0,2808600,2.5,1.8,1,1.3,2.3,7.5,3.6
"2026/01/14","2026/01/16","7271","安永","東証およびＰＴＳ",,"確報",200,400,7100,0,0,0,7100,250000,500000,8875000,0,0,0,8875000,,,0,0,883300,0,0,0,46.5,34.9,69.8,46.5,0,0,0
"2026/01/14","2026/01/16","7272","ヤマハ発動機","東証およびＰＴＳ",,"確報",200,10200,253000,1400,18800,32200,220800,253000,12903000,320045000,1771000,23782000,40733000,279312000,,,0,0,3024500,0,0,570400,13.8,19,21.3,20.1,3.9,5.6,4.6
"2026/01/14","2026/01/16","7273","イクヨ","東証およびＰＴＳ",,"確報",0,2500,32700,0,0,0,32700,0,2030000,26552400,0,0,0,26552400,,,0,0,0,140800,0,0,18,16.4,19.9,18,0,0,0
"2026/01/14","2026/01/16","7276","小糸製作所","東証およびＰＴＳ",,"確報",0,400,6000,2400,0,27000,-21000,0,974200,14613000,5845200,0,65758500,-51145500,,,0,0,259200,0,0,996300,17.9,8.4,8,8.2,28.4,26.7,27.5
"2026/01/14","2026/01/16","7277","ＴＢＫ","東証およびＰＴＳ",,"確報",100,0,52400,0,400,41900,10500,37100,0,19440400,0,148400,15544900,3895500,,,0,0,52300,0,0,42300,175.1,668.8,107,184.5,305.6,112.6,164.5
"2026/01/14","2026/01/16","7278","エクセディ","東証およびＰＴＳ",,"確報",100,0,8500,600,0,5500,3000,586000,0,49810000,3516000,0,32230000,17580000,,,0,0,336000,0,0,196000,28.9,34.7,34.7,34.7,20.2,26.2,22.8
"2026/01/14","2026/01/16","7279","ハイレックス","東証およびＰＴＳ",,"確報",1400,100,16700,0,300,27700,-11000,4690000,335000,55945000,0,1005000,92795000,-36850000,,,0,0,539000,0,0,980000,31.5,8.9,31.7,13.9,471,50.5,91.2
"2026/01/14","2026/01/16","7280","ミツバ","東証およびＰＴＳ",,"確報",4700,5000,27400,4000,0,8400,19000,5574200,5930000,32496400,4744000,0,9962400,22534000,,,0,0,803300,0,0,127600,10.4,12.3,14.1,13.1,5.6,6.3,5.9
"2026/01/14","2026/01/16","7282","豊田合成","東証およびＰＴＳ",,"確報",2100,700,18100,1400,0,18100,0,8931300,2977100,76979300,5954200,0,76979300,0,,,0,0,1352700,0,0,1352700,4.3,7.1,2.8,4,11.7,3,4.7
"2026/01/14","2026/01/16","7283","愛三工業","東証およびＰＴＳ",,"確報",4300,100,10400,0,800,10400,0,9950200,231400,24065600,0,1851200,24065600,0,,,0,0,99200,0,0,179200,10.5,4.4,8.6,5.8,676,10.4,20.5
"2026/01/14","2026/01/16","7284","盟和産業","東証およびＰＴＳ",,"確報",0,0,187500,0,0,0,187500,0,0,228375000,0,0,0,228375000,,,0,0,2250000,0,0,0,9999.9,0,9375,9999.9,0,0,0
"2026/01/14","2026/01/16","7287","日本精機","東証およびＰＴＳ",,"確報",1100,400,19600,700,0,19600,0,2603700,946800,46393200,1656900,0,46393200,0,,,0,0,226800,0,0,226800,15.2,10.8,10.5,10.6,28,25.9,26.9
"2026/01/14","2026/01/16","7291","日本プラスト","東証およびＰＴＳ",,"確報",0,0,3700,0,0,0,3700,0,0,1624300,0,0,0,1624300,,,0,0,25900,0,0,0,184,184,184,184,0,0,0
"2026/01/14","2026/01/16","7292","村上開明堂","東証およびＰＴＳ",,"確報",0,0,51900,0,0,0,51900,0,0,349806000,0,0,0,349806000,,,0,0,0,0,0,0,5192,0,2596,5192,0,0,0
"2026/01/14","2026/01/16","7294","ヨロズ","東証およびＰＴＳ",,"確報",0,0,34300,0,800,40300,-6000,0,0,36049300,0,840800,42355300,-6306000,,,0,0,274400,0,0,328800,76.7,67.3,40.7,50.7,2085,69.5,134.5
"2026/01/14","2026/01/16","7296","エフ・シー・シー","東証およびＰＴＳ",,"確報",0,5200,2200,0,100,5300,-3100,0,20202000,8547000,0,388500,20590500,-12043500,,,0,0,74000,0,0,54000,6,3.8,2.8,3.2,17.9,44.7,25.5
"2026/01/14","2026/01/16","7297","カーメイト","東証およびＰＴＳ",,"確報",0,0,100,0,0,0,100,0,0,88300,0,0,0,88300,,,0,0,100,0,0,0,0,0,0,0,0,0,0
"2026/01/14","2026/01/16","7299","フジオーゼックス","東証およびＰＴＳ",,"確報",0,0,1600,0,0,0,1600,0,0,3192000,0,0,0,3192000,,,0,0,86400,0,0,0,41,41,41,41,0,0,0
"2026/01/14","2026/01/16","7305","新家工業","東証およびＰＴＳ",,"確報",600,0,6900,600,0,6900,0,3228000,0,37122000,3228000,0,37122000,0,,,0,0,693000,0,0,693000,5.9,3.4,3.6,3.5,30,55,38.8
"2026/01/14","2026/01/16","7309","シマノ","東証およびＰＴＳ",,"確報",0,1000,3700,0,300,100,3600,0,16990000,62863000,0,5097000,1699000,61164000,,,0,0,493500,0,0,42000,9.9,12.5,10.7,11.5,3.6,3.6,3.6
"2026/01/14","2026/01/16","7313","テイ・エス　テック","東証およびＰＴＳ",,"確報",6100,0,21800,0,1200,38400,-16600,11800450,0,42172100,0,2321400,74284800,-32112700,,,0,0,157000,0,0,396000,20.3,6.1,17.6,9.1,33.2,66.5,44.3
"2026/01/14","2026/01/16","7314","小田原機器","東証およびＰＴＳ",,"確報",0,0,1000,0,0,0,1000,0,0,1152000,0,0,0,1152000,,,0,0,0,0,0,0,0,0,0,0,0,0,0
"2026/01/14","2026/01/16","7317","松屋アールアンドディ","東証およびＰＴＳ",,"確報",4600,900,50300,0,0,41200,9100,4954200,969300,54173100,0,0,44372400,9800700,,,0,0,0,0,0,0,12.7,9.3,5.6,7,0,0,0
"2026/01/14","2026/01/16","7318","セレンディップ","東証およびＰＴＳ",,"確報",200,1700,55000,0,0,0,55000,202200,1718700,55605000,0,0,0,55605000,,,0,0,0,678000,0,0,40.4,35.2,47.4,40.4,0,0,0
"2026/01/14","2026/01/16","7320","Ｓｏｌｖｖｙ","東証およびＰＴＳ",,"確報",0,1000,19000,0,0,0,19000,0,1434000,27246000,0,0,0,27246000,,,0,0,0,400000,0,0,50.9,62.1,43.2,50.9,0,0,0
"2026/01/14","2026/01/16","7322","３３ＦＧ","東証およびＰＴＳ",,"確報",100,600,10600,100,0,2200,8400,481000,2886000,50986000,481000,0,10582000,40404000,,,0,0,777000,0,0,147000,30,49.5,41.9,45.4,25.8,8.1,12.3
"2026/01/14","2026/01/16","7325","アイリック","東証およびＰＴＳ",,"確報",500,0,7900,0,0,0,7900,400000,0,6320000,0,0,0,6320000,,,0,0,0,140600,0,0,19.9,9.9,0,19.9,0,0,0
"2026/01/14","2026/01/16","7326","ＳＢＩインシュ","東証およびＰＴＳ",,"確報",0,0,26000,0,0,0,26000,0,0,53924000,0,0,0,53924000,,,0,0,520000,0,0,0,43.9,28.8,92.5,43.9,0,0,0
"2026/01/14","2026/01/16","7327","第四北越ＦＧ","東証およびＰＴＳ",,"確報",2700,1300,12100,1400,0,12100,0,4881600,2350400,21876800,2531200,0,21876800,0,,,0,0,267500,0,0,267500,4.4,2.9,3,2.9,10.1,12.5,11.2
"2026/01/14","2026/01/16","7337","ひろぎんＨＤ","東証およびＰＴＳ",,"確報",0,2300,16900,0,2300,16900,0,0,3933000,28899000,0,3933000,28899000,0,,,0,0,144000,0,0,144000,4,4,2.6,3.1,9.1,4.1,5.6
"2026/01/14","2026/01/16","7343","ブロードマインド","東証およびＰＴＳ",,"確報",0,0,2400,0,0,0,2400,0,0,3331200,0,0,0,3331200,,,0,0,72000,0,0,0,23.5,0,11.8,23.5,0,0,0
"2026/01/14","2026/01/16","7345","アイパートナーズ","東証およびＰＴＳ",,"確報",300,0,400,0,0,0,400,219900,0,293200,0,0,0,293200,,,0,0,800,0,0,0,0.9,1.6,0.6,0.9,0,0,0
"2026/01/14","2026/01/16","7347","マーキュリアＨＤ","東証およびＰＴＳ",,"確報",0,2100,84400,800,0,8200,76200,0,1724100,69292400,656800,0,6732200,62560200,,,0,0,432500,0,0,37000,91.6,176.5,201.8,188.3,16.2,12.2,13.9
"2026/01/14","2026/01/16","7350","おきなわＦＧ","東証およびＰＴＳ",,"確報",0,0,2700,400,0,500,2200,0,0,13743000,2036000,0,2545000,11198000,,,0,0,81000,0,0,3000,14.4,22.5,67.5,33.8,2,3.2,2.5
"2026/01/14","2026/01/16","7351","グッドパッチ","東証およびＰＴＳ",,"確報",100,200,6500,0,0,0,6500,63900,127800,4153500,0,0,0,4153500,,,0,0,145200,0,0,0,22.3,37.1,15.9,22.3,0,0,0
"2026/01/14","2026/01/16","7352","ＴＷＯＳＴＯＮＥ","東証およびＰＴＳ",,"確報",3500,0,68000,0,0,0,68000,3062500,0,59500000,0,0,0,59500000,,,0,0,0,322500,0,0,10.8,10.1,11.6,10.8,0,0,0
"2026/01/14","2026/01/16","7353","ＫＩＹＯラーニング","東証およびＰＴＳ",,"確報",0,200,2500,0,0,0,2500,0,134200,1677500,0,0,0,1677500,,,0,0,0,5400,0,0,46,0,23,46,0,0,0
"2026/01/14","2026/01/16","7354","ＤｍＭｉＸ","東証およびＰＴＳ",,"確報",0,3000,93700,1300,1700,8300,85400,0,924000,28859600,400400,523600,2556400,26303200,,,0,0,1063700,0,0,95700,47.6,107.1,142.8,122.4,6.8,7.2,7
"2026/01/14","2026/01/16","7356","Ｒｅｔｔｙ","東証およびＰＴＳ",,"確報",200,10400,88800,3800,0,3800,85000,31600,1643200,14030400,600400,0,600400,13430000,,,0,0,0,198000,0,0,40.3,83,33.1,47.3,1,0,2
"2026/01/14","2026/01/16","7357","ジオコード","東証およびＰＴＳ",,"確報",0,0,3100,0,0,0,3100,0,0,4541500,0,0,0,4541500,,,0,0,0,24800,0,0,104,156,78,104,0,0,0
"2026/01/14","2026/01/16","7358","ポピンズ","東証およびＰＴＳ",,"確報",0,0,600,0,0,0,600,0,0,874200,0,0,0,874200,,,0,0,0,2400,0,0,12,18,9,12,0,0,0
"2026/01/14","2026/01/16","7359","東京通信グループ","東証およびＰＴＳ",,"確報",0,0,16600,0,0,0,16600,0,0,5029800,0,0,0,5029800,,,0,0,16600,0,0,0,53.2,82.5,39.3,53.2,0,0,0
"2026/01/14","2026/01/16","7360","オンデック","東証およびＰＴＳ",,"確報",0,1200,1600,0,0,0,1600,0,985200,1313600,0,0,0,1313600,,,0,0,0,165200,0,0,4.4,6.8,3.3,4.4,0,0,0
"2026/01/14","2026/01/16","7361","ＨＣＨ","東証およびＰＴＳ",,"確報",0,0,1400,0,0,0,1400,0,0,1969800,0,0,0,1969800,,,0,0,5600,0,0,0,36,24,72,36,0,0,0
"2026/01/14","2026/01/16","7362","Ｔ．Ｓ．Ｉ","東証およびＰＴＳ",,"確報",0,0,100,0,0,0,100,0,0,79100,0,0,0,79100,,,0,0,0,700,0,0,6,3,0,6,0,0,0
"2026/01/14","2026/01/16","7363","ベビーカレンダー","東証およびＰＴＳ",,"確報",0,0,1200,0,0,0,1200,0,0,1922400,0,0,0,1922400,,,0,0,0,16800,0,0,10,8.8,11.7,10,0,0,0
"2026/01/14","2026/01/16","7366","ＬＩＴＡＬＩＣＯ","東証およびＰＴＳ",,"確報",0,100,80400,2500,0,73800,6600,0,130000,104520000,3250000,0,95940000,8580000,,,0,0,724500,0,0,641700,74.6,1362.3,74.3,140.9,48.8,48.1,48.4
"2026/01/14","2026/01/16","7367","セルム","東証およびＰＴＳ",,"確報",0,500,8600,0,0,0,8600,0,178000,3061600,0,0,0,3061600,,,0,0,9100,0,0,0,31.6,126.3,18,31.6,0,0,0
"2026/01/14","2026/01/16","7368","表示灯","東証およびＰＴＳ",,"確報",0,0,100,0,100,0,100,0,0,172400,0,172400,0,172400,,,0,0,0,400,400,0,2,6,3,4,1,0.3,0.5
"2026/01/14","2026/01/16","7369","メイホーＨＤ","東証およびＰＴＳ",,"確報",0,0,4200,0,0,0,4200,0,0,2452800,0,0,0,2452800,,,0,0,12600,0,0,0,420,210,0,420,0,0,0
"2026/01/14","2026/01/16","7370","Ｅｎｊｉｎ","東証およびＰＴＳ",,"確報",14200,200,16100,0,1400,700,15400,11289000,159000,12799500,0,1113000,556500,12243000,,,0,0,0,77700,77700,0,3.9,1.8,18.3,3.2,0,4.4,8.9
"2026/01/14","2026/01/16","7371","Ｚｅｎｋｅｎ","東証およびＰＴＳ",,"確報",100,0,7100,0,0,3100,4000,68100,0,4835100,0,0,2111100,2724000,,,0,0,0,28000,12400,0,504,351,0,702,153,0,306
"2026/01/14","2026/01/16","7372","デコルテＨＤ","東証およびＰＴＳ",,"確報",0,800,52900,0,0,0,52900,0,319200,21107100,0,0,0,21107100,,,0,0,107400,0,0,0,121.1,156.7,98.7,121.1,0,0,0
"2026/01/14","2026/01/16","7373","アイドマＨＤ","東証およびＰＴＳ",,"確報",3000,0,25000,200,0,1900,23100,9660000,0,80500000,644000,0,6118000,74382000,,,0,0,220000,0,0,17000,8.7,4.6,38.6,8.2,21.8,43.5,29
"2026/01/14","2026/01/16","7374","コンフィデンスＩ","東証およびＰＴＳ",,"確報",0,0,500,0,0,0,500,0,0,818500,0,0,0,818500,,,0,0,2500,0,0,0,0,0,0,0,0,0,0
"2026/01/14","2026/01/16","7375","リファインバスＧ","東証およびＰＴＳ",,"確報",100,0,3100,0,0,0,3100,85400,0,2647400,0,0,0,2647400,,,0,0,15000,0,0,0,47.7,28.6,143,47.7,0,0,0
"2026/01/14","2026/01/16","7376","ＢＣＣ","東証およびＰＴＳ",,"確報",0,0,51800,0,0,0,51800,0,0,90391000,0,0,0,90391000,,,0,0,0,4040400,0,0,577.6,0,288.8,577.6,0,0,0
"2026/01/14","2026/01/16","7377","ＤＮホールディングス","東証およびＰＴＳ",,"確報",0,0,500,0,0,0,500,0,0,1037000,0,0,0,1037000,,,0,0,7500,0,0,0,0,0,0,0,0,0,0
"2026/01/14","2026/01/16","7378","アシロ","東証およびＰＴＳ",,"確報",0,1300,27000,1900,1900,19000,8000,0,2234700,46413000,3266100,3266100,32661000,13752000,,,0,0,0,0,0,0,15.5,28.6,20.8,24.1,5.2,34.8,9.1
"2026/01/14","2026/01/16","7380","十六ＦＧ","東証およびＰＴＳ",,"確報",300,0,8600,400,1200,5000,3600,2346000,0,67252000,3128000,9384000,39100000,28152000,,,0,0,996000,0,0,696000,9.3,7.1,0,14.2,4,8.9,5.5
"2026/01/14","2026/01/16","7381","ＣＣＩグループ","東証およびＰＴＳ",,"確報",2600,25100,109800,9600,2100,179500,-69700,2431000,23468500,102663000,8976000,1963500,167832500,-65169500,,,0,0,1984500,0,0,2580000,11.2,7.3,5.2,6.1,27.9,29.7,28.8
"2026/01/14","2026/01/16","7383","ネットプロＨＤ","東証およびＰＴＳ",,"確報",0,5200,119700,4000,200,83900,35800,0,2834000,65236500,2180000,109000,45725500,19511000,,,0,0,0,0,0,0,30,47.5,27.1,34.5,12.7,260.2,24.2
"2026/01/14","2026/01/16","7384","プロクレアＨＤ","東証およびＰＴＳ",,"確報",2000,300,46700,2600,1000,47600,-900,4780000,717000,111613000,6214000,2390000,113764000,-2151000,,,0,0,0,450000,460000,0,13,6.9,10.1,8.2,19.1,79.1,30.8
"2026/01/14","2026/01/16","7388","ＦＰパートナー","東証およびＰＴＳ",,"確報",1200,2900,51800,3500,600,146500,-94700,2556000,6177000,110334000,7455000,1278000,312045000,-201711000,,,0,0,0,2140000,5744000,0,87.4,64.6,32.3,43.1,94.7,288,142.6
"2026/01/14","2026/01/16","7389","あいちＦＧ","東証およびＰＴＳ",,"確報",0,500,6600,1000,0,5100,1500,0,2620000,34584000,5240000,0,26724000,7860000,,,0,0,1136000,0,0,656000,17.1,22.4,29.9,25.6,8.8,14.7,11.1
"2026/01/14","2026/01/16","7399","ナンシン","東証およびＰＴＳ",,"確報",0,200,1800,0,0,0,1800,0,119800,1078200,0,0,0,1078200,,,0,0,0,8000,0,0,63.3,95,47.5,63.3,0,0,0
"2026/01/14","2026/01/16","7409","ＡｅｒｏＥｄｇｅ","東証およびＰＴＳ",,"確報",700,1200,12200,0,0,0,12200,2020200,3463200,35209200,0,0,0,35209200,,,0,0,0,215900,0,0,10.2,13.6,8.2,10.2,0,0,0
"2026/01/14","2026/01/16","7412","アトム","東証およびＰＴＳ",,"確報",0,1200,47800,50600,0,895100,-847300,0,678000,27007000,28589000,0,505731500,-478724500,,,0,0,343000,0,0,5911500,33.3,9.8,8.2,8.9,26.4,101.7,41.9
"2026/01/14","2026/01/16","7413","創健社","東証およびＰＴＳ",,"確報",0,0,0,0,0,0,0,0,0,0,0,0,0,0,,,0,0,0,0,0,0,0,0,0,0,0,0,0
"2026/01/14","2026/01/16","7414","小野建","東証およびＰＴＳ",,"確報",0,600,10100,0,600,10100,0,0,881400,14836900,0,881400,14836900,0,,,0,0,21400,0,0,21400,3.8,2.2,2.1,2.2,0,45.1,90.2
"2026/01/14","2026/01/16","7416","はるやまＨＤ","東証およびＰＴＳ",,"確報",0,0,3300,0,0,500,2800,0,0,2392500,0,0,362500,2030000,,,0,0,0,26400,4000,0,64,0,0,0,27,5.4,9
"2026/01/14","2026/01/16","7417","南陽","東証およびＰＴＳ",,"確報",0,0,5000,0,100,200,4800,0,0,7540000,0,150800,301600,7238400,,,0,0,65000,0,0,3900,84.3,80.3,0,160.7,12,6,8
"2026/01/14","2026/01/16","7419","ノジマ","東証およびＰＴＳ",,"確報",2500,0,21500,0,100,0,21500,3042500,0,26165500,0,121700,0,26165500,,,0,0,0,494000,2600,0,9.1,6,22.5,9.5,1,1,1
"2026/01/14","2026/01/16","7420","佐鳥電機","東証およびＰＴＳ",,"確報",400,100,4400,300,0,300,4100,772400,193100,8496400,579300,0,579300,7917100,,,0,0,82000,0,0,0,36.2,42.2,70.3,52.8,2,6,3
"2026/01/14","2026/01/16","7421","カッパ・クリエイト","東証およびＰＴＳ",,"確報",200,600,19900,1800,0,64500,-44600,311600,934800,31004200,2804400,0,100491000,-69486800,,,0,0,243600,0,0,752400,34.4,11.6,12.3,11.9,61.9,237.9,98.2
"2026/01/14","2026/01/16","7422","東邦レマック","東証およびＰＴＳ",,"確報",0,0,1800,0,0,0,1800,0,0,903600,0,0,0,903600,,,0,0,0,0,0,0,0,0,0,0,0,0,0
"2026/01/14","2026/01/16","7425","初穂商事","東証およびＰＴＳ",,"確報",0,0,800,0,0,0,800,0,0,1749600,0,0,0,1749600,,,0,0,0,9600,0,0,30.7,46,23,30.7,0,0,0
"2026/01/14","2026/01/16","7426","山大","東証およびＰＴＳ",,"確報",0,0,2500,0,0,0,2500,0,0,2882500,0,0,0,2882500,,,0,0,17500,0,0,0,18.2,16.9,19.7,18.2,0,0,0
"2026/01/14","2026/01/16","7427","エコートレーディング","東証およびＰＴＳ",,"確報",0,0,2700,0,0,100,2600,0,0,2508300,0,0,92900,2415400,,,0,0,5400,0,0,200,9.3,31,15.5,20.7,1.2,1.3,1.2
"2026/01/14","2026/01/16","7433","伯東","東証およびＰＴＳ",,"確報",1400,2000,4100,200,100,4100,0,5565000,7950000,16297500,795000,397500,16297500,0,,,0,0,211500,0,0,180000,16.7,13.5,10.4,11.7,28.3,39.6,33
"2026/01/14","2026/01/16","7434","オータケ","東証およびＰＴＳ",,"確報",0,0,0,0,0,0,0,0,0,0,0,0,0,0,,,0,0,0,0,0,0,0,0,0,0,0,0,0
"2026/01/14","2026/01/16","7435","ナ・デックス","東証およびＰＴＳ",,"確報",0,0,400,0,0,0,400,0,0,394000,0,0,0,394000,,,0,0,1200,0,0,0,0,0,0,0,0,0,0
"2026/01/14","2026/01/16","7438","コンドーテック","東証およびＰＴＳ",,"確報",100,500,6200,0,400,6200,0,155700,778500,9653400,0,622800,9653400,0,,,0,0,13200,0,0,13200,29.6,36.2,15.5,21.7,326,25.1,46.6
"2026/01/14","2026/01/16","7442","中山福","東証およびＰＴＳ",,"確報",900,500,2000,200,1000,3200,-1200,427500,237500,950000,95000,475000,1520000,-570000,,,0,0,0,6400,16000,0,6.6,4.3,5.6,4.9,8.6,8.2,8.4
"2026/01/14","2026/01/16","7443","横浜魚類","東証およびＰＴＳ",,"確報",300,200,400,300,0,400,0,192300,128200,256400,192300,0,256400,0,,,0,0,0,2400,800,0,6,5.3,8,6.4,2.7,0,5.3
"2026/01/14","2026/01/16","7444","ハリマ共和物産","東証およびＰＴＳ",,"確報",0,0,2000,0,0,0,2000,0,0,3934000,0,0,0,3934000,,,0,0,12000,0,0,0,102,0,51,102,0,0,0
"2026/01/14","2026/01/16","7445","ライトオン","東証およびＰＴＳ",,"確報",0,0,2400,0,0,0,2400,0,0,720000,0,0,0,720000,,,0,0,0,7200,0,0,121,121,121,121,0,0,0
"2026/01/14","2026/01/16","7446","東北化学薬品","東証およびＰＴＳ",,"確報",0,0,2300,0,0,0,2300,0,0,8855000,0,0,0,8855000,,,0,0,80500,0,0,0,57.5,28.8,0,57.5,0,0,0
"2026/01/14","2026/01/16","7447","ナガイレーベン","東証およびＰＴＳ",,"確報",1200,0,37400,3100,0,45000,-7600,2192400,0,68329800,5663700,0,82215000,-13885200,,,0,0,36200,0,0,41900,68,63,101.6,77.8,47,88.2,61.3
"2026/01/14","2026/01/16","7450","サンデー","東証およびＰＴＳ",,"確報",0,100,2000,0,0,0,2000,0,127600,2552000,0,0,0,2552000,,,0,0,0,0,0,0,2.6,1.8,4.8,2.6,0,0,0
"2026/01/14","2026/01/16","7453","良品計画","東証およびＰＴＳ",,"確報",3000,33900,313700,200,1000,3900,309800,8680500,98089650,907690950,578700,2893500,11284650,896406300,,,0,0,26534200,0,0,361900,28.4,28.5,28.5,28.5,26,18,21.3
"2026/01/14","2026/01/16","7455","パリミキＨＤ","東証およびＰＴＳ",,"確報",0,100,1800,0,0,0,1800,0,57600,1036800,0,0,0,1036800,,,0,0,0,0,0,0,17.5,10.7,48,17.5,0,0,0
"2026/01/14","2026/01/16","7456","松田産業","東証およびＰＴＳ",,"確報",2200,2300,14800,0,1400,5500,9300,12980000,13570000,87320000,0,8260000,32450000,54870000,,,0,0,2086000,0,0,966000,11.2,9.1,19.1,12.3,8.1,10.8,9.3
"2026/01/14","2026/01/16","7458","第一興商","東証およびＰＴＳ",,"確報",0,0,11400,600,700,2300,9100,0,0,19288800,1015200,1184400,3891600,15397200,,,0,0,0,142500,30000,0,30.9,43.5,70.6,53.8,9.6,10.5,10
"2026/01/14","2026/01/16","7459","メディパルＨＤ","東証およびＰＴＳ",,"確報",2100,0,9400,25700,200,32800,-23400,6038550,0,27029700,73900350,575100,94316400,-67286700,,,0,0,0,25550,25550,0,5.5,8.8,13.1,10.5,2.3,20.9,4.2
"2026/01/14","2026/01/16","7460","ヤギ","東証およびＰＴＳ",,"確報",0,0,11800,200,300,1200,10600,0,0,43129000,731000,1096500,4386000,38743000,,,0,0,1003000,0,0,110500,92.6,588,588,588,8.6,12,10
"2026/01/14","2026/01/16","7461","キムラ","東証およびＰＴＳ",,"確報",0,100,1300,0,0,0,1300,0,50000,650000,0,0,0,650000,,,0,0,0,4200,0,0,66,66,66,66,0,0,0
"2026/01/14","2026/01/16","7462","ＣＡＰＩＴＡ","東証およびＰＴＳ",,"確報",0,0,100,0,0,0,100,0,0,61100,0,0,0,61100,,,0,0,200,0,0,0,0,0,0,0,0,0,0
"2026/01/14","2026/01/16","7463","アドヴァングループ","東証およびＰＴＳ",,"確報",0,2100,11400,600,100,15400,-4000,0,2024400,10989600,578400,96400,14845600,-3856000,,,0,0,135000,0,0,149000,24.7,16.3,13.7,14.9,31.3,240.3,55.5
"2026/01/14","2026/01/16","7464","セフテック","東証およびＰＴＳ",,"確報",0,0,1200,0,0,0,1200,0,0,1956000,0,0,0,1956000,,,0,0,0,4800,0,0,0,0,0,0,0,0,0
"2026/01/14","2026/01/16","7466","エスピーケイ","東証およびＰＴＳ",,"確報",0,0,2600,0,0,1700,900,0,0,6302400,0,0,4120800,2181600,,,0,0,28600,0,0,18700,110,0,0,0,45,45,45
"2026/01/14","2026/01/16","7467","萩原電気ＨＤ","東証およびＰＴＳ",,"確報",0,0,5600,0,0,2100,3500,0,0,21280000,0,0,7980000,13300000,,,0,0,224000,0,0,84000,77.2,137.5,275,183.3,37,27.8,31.7
"2026/01/14","2026/01/16","7472","鳥羽洋行","東証およびＰＴＳ",,"確報",0,300,400,0,300,400,0,0,1213500,1618000,0,1213500,1618000,0,,,0,0,0,7000,7000,0,5.3,7,5.3,6,5.3,4.2,4.7
"2026/01/14","2026/01/16","7475","アルビス","東証およびＰＴＳ",,"確報",300,0,3900,100,100,6800,-2900,813900,0,10580700,271300,271300,18448400,-7867700,,,0,0,0,0,0,0,52.1,63,63,63,33.2,83,47.4
"2026/01/14","2026/01/16","7476","アズワン","東証およびＰＴＳ",,"確報",100,100,8600,0,2500,23000,-14400,246600,246600,21207600,0,6165000,56718000,-35510400,,,0,0,0,86000,255000,0,20.2,56.4,26.5,36.1,29.4,12.3,17.3
"2026/01/14","2026/01/16","7477","ムラキ","東証およびＰＴＳ",,"確報",0,0,7600,0,0,0,7600,0,0,10928800,0,0,0,10928800,,,0,0,106400,0,0,0,760,380,0,760,0,0,0
"2026/01/14","2026/01/16","7480","スズデン","東証およびＰＴＳ",,"確報",600,500,4500,200,0,4600,-100,1063200,886000,7974000,354400,0,8151200,-177200,,,0,0,118800,0,0,118800,28.5,14.7,41.2,21.7,20.7,0,41.4
"2026/01/14","2026/01/16","7481","尾家産業","東証およびＰＴＳ",,"確報",100,100,1200,0,0,0,1200,256000,256000,3072000,0,0,0,3072000,,,0,0,20400,0,0,0,23.2,19.3,29,23.2,0,0,0
"2026/01/14","2026/01/16","7482","シモジマ","東証およびＰＴＳ",,"確報",0,400,5800,0,0,2800,3000,0,562000,8149000,0,0,3934000,4215000,,,0,0,31000,0,0,14000,48.8,304,60.8,101.3,67.5,13.5,22.5
"2026/01/14","2026/01/16","7483","ドウシシャ","東証およびＰＴＳ",,"確報",300,1200,40500,0,1300,100,40400,1017000,4068000,137295000,0,4407000,339000,136956000,,,0,0,0,1863000,63000,0,25.4,140.9,50.3,74.2,1.2,0.2,0.4
"2026/01/14","2026/01/16","7486","サンリン","東証およびＰＴＳ",,"確報",0,0,9900,0,0,0,9900,0,0,7920000,0,0,0,7920000,,,0,0,0,0,0,0,0,0,0,0,0,0,0
"2026/01/14","2026/01/16","7487","小津産業","東証およびＰＴＳ",,"確報",0,100,4300,100,200,4300,0,0,178500,7675500,178500,357000,7675500,0,,,0,0,17600,0,0,17600,21.8,12.9,25.9,17.3,18.8,69,29.6
"2026/01/14","2026/01/16","7490","日新商事","東証およびＰＴＳ",,"確報",0,0,16100,0,0,0,16100,0,0,20994400,0,0,0,20994400,,,0,0,177100,0,0,0,1606,803,0,1606,0,0,0
"2026/01/14","2026/01/16","7494","コナカ","東証およびＰＴＳ",,"確報",100,0,10500,200,0,9300,1200,25100,0,2635500,50200,0,2334300,301200,,,0,0,0,10400,9100,0,79.3,129,0,258,24.2,217.5,43.5
"2026/01/14","2026/01/16","7500","西川計測","東証およびＰＴＳ",,"確報",0,0,100,0,0,0,100,0,0,1202000,0,0,0,1202000,,,0,0,0,30000,0,0,0,0,0,0,0,0,0
"2026/01/14","2026/01/16","7501","ティムコ","東証およびＰＴＳ",,"確報",0,0,1300,0,0,0,1300,0,0,2184000,0,0,0,2184000,,,0,0,15600,0,0,0,63,31.5,0,63,0,0,0
"2026/01/14","2026/01/16","7502","プラザＨＤ","東証およびＰＴＳ",,"確報",0,0,100,0,0,0,100,0,0,196100,0,0,0,196100,,,0,0,1000,0,0,0,0,0,0,0,0,0,0
"2026/01/14","2026/01/16","7504","高速","東証およびＰＴＳ",,"確報",0,100,13300,800,0,23600,-10300,0,305500,40631500,2444000,0,72098000,-31466500,,,0,0,469000,0,0,798000,57,132.4,41.4,63,41.5,77.5,54
"2026/01/14","2026/01/16","7505","扶桑電通","東証およびＰＴＳ",,"確報",0,0,7500,0,0,0,7500,0,0,14767500,0,0,0,14767500,,,0,0,405000,0,0,0,375,187.5,0,375,0,0,0
"2026/01/14","2026/01/16","7506","ハウス　オブ　ローゼ","東証およびＰＴＳ",,"確報",0,0,100,0,0,100,0,0,0,142100,0,0,142100,0,,,0,0,0,6600,6600,0,14,0,0,0,2,0,4
"2026/01/14","2026/01/16","7508","Ｇ－７ＨＤ","東証およびＰＴＳ",,"確報",0,100,4500,700,0,3300,1200,0,145600,6552000,1019200,0,4804800,1747200,,,0,0,96600,0,0,54600,23.5,0,77,154,7.4,17.3,10.4
"2026/01/14","2026/01/16","7509","アイエーグループ","東証およびＰＴＳ",,"確報",0,0,0,0,0,0,0,0,0,0,0,0,0,0,,,0,0,0,0,0,0,0,0,0,0,0,0,0
"2026/01/14","2026/01/16","7510","たけびし","東証およびＰＴＳ",,"確報",500,0,3400,400,0,2800,600,1173000,0,7976400,938400,0,6568800,1407600,,,0,0,133400,0,0,110400,15.1,9.5,23.8,13.6,14.2,21.3,17.1
"2026/01/14","2026/01/16","7512","イオン北海道","東証およびＰＴＳ",,"確報",0,2100,17500,3800,0,26700,-9200,0,1913100,15942500,3461800,0,24323700,-8381200,,,0,0,58800,0,0,68700,11.7,8.3,15.4,10.8,15.5,10.3,12.4
"2026/01/14","2026/01/16","7513","コジマ","東証およびＰＴＳ",,"確報",35900,1100,71500,13200,0,84600,-13100,45341700,1389300,90304500,16671600,0,106849800,-16545300,,,0,0,844100,0,0,1642200,10,3.6,6.8,4.7,20,214.4,36.6
"2026/01/14","2026/01/16","7514","ヒマラヤ","東証およびＰＴＳ",,"確報",100,300,2300,0,0,0,2300,87800,263400,2019400,0,0,0,2019400,,,0,0,2500,0,0,0,28.5,22.8,38,28.5,0,0,0
"2026/01/14","2026/01/16","7515","マルヨシセンター","東証およびＰＴＳ",,"確報",0,0,300,0,0,0,300,0,0,1386000,0,0,0,1386000,,,0,0,0,6000,0,0,0,0,0,0,0,0,0
"2026/01/14","2026/01/16","7516","コーナン商事","東証およびＰＴＳ",,"確報",0,500,33700,1900,400,24200,9500,0,1942500,130924500,7381500,1554000,94017000,36907500,,,0,0,0,171000,113500,0,22.4,120.3,56.1,76.5,7.6,16.8,10.5
"2026/01/14","2026/01/16","7520","エコス","東証およびＰＴＳ",,"確報",500,0,1800,0,0,0,1800,1537500,0,5535000,0,0,0,5535000,,,0,0,152100,0,0,0,15.1,8.5,68,15.1,0,0,0
"2026/01/14","2026/01/16","7521","ムサシ","東証およびＰＴＳ",,"確報",200,900,3900,0,0,0,3900,540600,2432700,10541700,0,0,0,10541700,,,0,0,469200,0,0,0,10.2,12.2,8.8,10.2,0,0,0
"2026/01/14","2026/01/16","7522","ワタミ","東証およびＰＴＳ",,"確報",0,100,5000,100,0,400,4600,0,95700,4785000,95700,0,382800,4402200,,,0,0,15300,0,0,900,22.6,88.7,14.8,25.3,8.5,8.5,8.5
"2026/01/14","2026/01/16","7523","アールビバン","東証およびＰＴＳ",,"確報",0,100,10500,0,0,0,10500,0,172800,18144000,0,0,0,18144000,,,0,0,42400,0,0,0,49.9,191.3,28.7,49.9,0,0,0
"2026/01/14","2026/01/16","7524","マルシェ","東証およびＰＴＳ",,"確報",0,0,372200,0,200,19400,352800,0,0,71462400,0,38400,3724800,67737600,,,0,0,0,372200,19600,0,431,209.3,0,418.6,0,489,978
"2026/01/14","2026/01/16","7525","リックス","東証およびＰＴＳ",,"確報",400,500,500,0,0,500,0,1558000,1947500,1947500,0,0,1947500,0,,,0,0,33000,0,0,27500,7.6,7.8,4.4,5.6,13,13,13
"2026/01/14","2026/01/16","7527","システムソフト","東証およびＰＴＳ",,"確報",0,3200,274700,0,0,0,274700,0,214400,18404900,0,0,0,18404900,,,0,0,0,0,0,0,59.5,58.6,60.6,59.5,0,0,0
"2026/01/14","2026/01/16","7531","清和中央ＨＤ","東証およびＰＴＳ",,"確報",100,0,1200,0,0,0,1200,149800,0,1797600,0,0,0,1797600,,,0,0,0,22000,0,0,22.4,56,14,22.4,0,0,0
"2026/01/14","2026/01/16","7532","パンパシフィックＨＤ","東証およびＰＴＳ",,"確報",7400,0,863300,0,0,1200,862100,6630400,0,773516800,0,0,1075200,772441600,,,0,0,0,13437630,18840,0,164,223.9,145.5,176.4,0,2.2,4.3
"2026/01/14","2026/01/16","7537","丸文","東証およびＰＴＳ",,"確報",700,4400,16900,7000,0,27600,-10700,966700,6076400,23338900,9667000,0,38115600,-14776700,,,0,0,412000,0,0,412000,11.9,12.6,8.8,10.4,9.7,22.9,13.7
"2026/01/14","2026/01/16","7538","大水","東証およびＰＴＳ",,"確報",0,0,1400,0,0,0,1400,0,0,526400,0,0,0,526400,,,0,0,0,5600,0,0,30,0,15,30,0,0,0
"2026/01/14","2026/01/16","7539","アイナボＨＤ","東証およびＰＴＳ",,"確報",400,0,2200,0,0,0,2200,301200,0,1656600,0,0,0,1656600,,,0,0,9000,0,0,0,37.6,23.5,0,47,0,0,0
"2026/01/14","2026/01/16","7544","スリーエフ","東証およびＰＴＳ",,"確報",0,0,6700,0,0,0,6700,0,0,3886000,0,0,0,3886000,,,0,0,0,13400,0,0,71.8,46.1,161.5,71.8,0,0,0
"2026/01/14","2026/01/16","7545","西松屋チェーン","東証およびＰＴＳ",,"確報",300,5500,39900,4700,3400,114600,-74700,629700,11544500,83750100,9865300,7136600,240545400,-156795300,,,0,0,360800,0,0,906400,6.5,4.1,2.7,3.3,7.9,23.7,11.9
"2026/01/14","2026/01/16","7550","ゼンショーＨＤ","東証およびＰＴＳ",,"確報",300,4600,11400,500,0,2000,9400,2637900,40447800,100240200,4396500,0,17586000,82654200,,,0,0,832100,0,0,79500,8.3,7.8,11.4,9.3,6.9,4.5,5.5
"2026/01/14","2026/01/16","75505","ゼンショーＨＤ－優","東証およびＰＴＳ",,"確報",0,0,0,0,0,0,0,0,0,0,0,0,0,0,,,0,0,0,0,0,0,0,0,0,0,0,0,0
"2026/01/14","2026/01/16","7551","ウェッズ","東証およびＰＴＳ",,"確報",0,0,200,0,0,200,0,0,0,136200,0,0,136200,0,,,0,0,0,400,400,0,2.6,2.2,1.4,1.7,13,3.3,5.2
"2026/01/14","2026/01/16","7552","ハピネット","東証およびＰＴＳ",,"確報",200,100,24500,1300,0,11100,13400,587400,293700,71956500,3818100,0,32600700,39355800,,,0,0,24400,0,0,9800,37.1,60.8,121.6,81.1,21.1,14.1,16.9
"2026/01/14","2026/01/16","7554","幸楽苑","東証およびＰＴＳ",,"確報",200,1300,10800,5200,0,31000,-20200,234000,1521000,12636000,6084000,0,36270000,-23634000,,,0,0,285600,0,0,619200,21.4,58.9,22.7,32.7,15,24.2,18.6
"2026/01/14","2026/01/16","7555","大田花き","東証およびＰＴＳ",,"確報",0,0,0,0,0,0,0,0,0,0,0,0,0,0,,,0,0,0,0,0,0,0,0,0,0,0,0,0
"2026/01/14","2026/01/16","7561","ハークスレイ","東証およびＰＴＳ",,"確報",1800,0,4500,100,0,200,4300,1186200,0,2965500,65900,0,131800,2833700,,,0,0,8100,0,0,300,7.5,9.4,6.8,7.9,4,4,4
"2026/01/14","2026/01/16","7562","安楽亭","東証およびＰＴＳ",,"確報",0,0,1000,0,0,0,1000,0,0,3710000,0,0,0,3710000,,,0,0,0,5000,0,0,22,27.5,18.3,22,0,0,0
"2026/01/14","2026/01/16","7564","ワークマン","東証およびＰＴＳ",,"確報",1200,0,13900,800,600,6500,7400,7956000,0,92157000,5304000,3978000,43095000,49062000,,,0,0,0,889000,441000,0,9.6,18.4,7.8,11,9.2,6.4,7.5
"2026/01/14","2026/01/16","7565","萬世電機","東証およびＰＴＳ",,"確報",0,0,0,0,0,0,0,0,0,0,0,0,0,0,,,0,0,0,0,0,0,0,0,0,0,0,0,0
"2026/01/14","2026/01/16","7567","栄電子","東証およびＰＴＳ",,"確報",0,3000,2400,0,0,0,2400,0,1515000,1212000,0,0,0,1212000,,,0,0,0,16200,0,0,8,8,8,8,0,0,0
"2026/01/14","2026/01/16","7570","橋本総業ＨＤ","東証およびＰＴＳ",,"確報",0,600,4200,0,0,2300,1900,0,805200,5636400,0,0,3086600,2549800,,,0,0,96000,0,0,46000,10,186.5,6.8,13.1,0,4.1,8.2
"2026/01/14","2026/01/16","7571","ヤマノＨＤ","東証およびＰＴＳ",,"確報",8000,0,36700,0,3500,6100,30600,864000,0,3963600,0,378000,658800,3304800,,,0,0,0,86100,28800,0,20.3,17.2,72.1,27.8,8.9,9.4,9.2
"2026/01/14","2026/01/16","7575","日本ライフライン","東証およびＰＴＳ",,"確報",0,0,12000,300,1600,1400,10600,0,0,19500000,487500,2600000,2275000,17225000,,,0,0,144000,0,0,32400,15.8,66.9,120.4,86,6.8,2.4,3.6
"2026/01/14","2026/01/16","7578","ニチリョク","東証およびＰＴＳ",,"確報",0,1000,17000,0,0,0,17000,0,121000,2057000,0,0,0,2057000,,,0,0,0,0,0,0,16.9,29.5,11.9,16.9,0,0,0
"2026/01/14","2026/01/16","7581","サイゼリヤ","東証およびＰＴＳ",,"確報",600,1600,8700,900,2900,14400,-5700,3600000,9600000,52200000,5400000,17400000,86400000,-34200000,,,0,0,485000,0,0,820000,4.1,3.9,5.4,4.5,4.5,3.5,3.9
"2026/01/14","2026/01/16","7585","かんなん丸","東証およびＰＴＳ",,"確報",0,0,100,0,0,0,100,0,0,42000,0,0,0,42000,,,0,0,300,0,0,0,5,0,2.5,5,0,0,0
"2026/01/14","2026/01/16","7590","タカショー","東証およびＰＴＳ",,"確報",0,300,3800,0,0,0,3800,0,131100,1660600,0,0,0,1660600,,,0,0,4100,0,0,0,29,203,15.6,29,0,0,0
"2026/01/14","2026/01/16","7593","ＶＴホールディングス","東証およびＰＴＳ",,"確報",6700,1800,20500,5000,100,20500,0,3618000,972000,11070000,2700000,54000,11070000,0,,,0,0,62400,0,0,62400,12.3,6.8,13.4,9.1,10.3,156.8,19.4
"2026/01/14","2026/01/16","7595","アルゴグラフィックス","東証およびＰＴＳ",,"確報",1000,200,26000,800,0,26000,0,1606000,321200,41756000,1284800,0,41756000,0,,,0,0,0,75600,75600,0,56.4,55.1,40.9,47,90.6,57.6,70.4
"2026/01/14","2026/01/16","7596","魚力","東証およびＰＴＳ",,"確報",0,0,500,0,0,0,500,0,0,1192000,0,0,0,1192000,,,0,0,11500,0,0,0,0,0,0,0,0,0,0
"2026/01/14","2026/01/16","7599","ＩＤＯＭ","東証およびＰＴＳ",,"確報",600,10200,4700,800,20200,1400,3300,784800,13341600,6147600,1046400,26421600,1831200,4316400,,,0,0,0,300300,436800,0,2.8,2.3,1.5,1.8,20.4,3.5,5.9
"2026/01/14","2026/01/16","7600","日本エム・ディ・エム","東証およびＰＴＳ",,"確報",0,0,91300,0,2400,50000,41300,0,0,46015200,0,1209600,25200000,20815200,,,0,0,273900,0,0,157200,52.6,4587,269.8,509.7,0,11.3,22.6
"2026/01/14","2026/01/16","7601","ポプラ","東証およびＰＴＳ",,"確報",0,800,27700,0,0,0,27700,0,144000,4986000,0,0,0,4986000,,,0,0,28500,0,0,0,28.1,17.9,65.4,28.1,0,0,0
"2026/01/14","2026/01/16","7602","レダックス","東証およびＰＴＳ",,"確報",5000,7200,202800,48600,400,452800,-250000,810000,1166400,32853600,7873200,64800,73353600,-40500000,,,0,0,0,1640000,3236800,0,18.5,15.5,22.9,18.5,10.8,65.9,18.5
"2026/01/14","2026/01/16","7603","ジーイエット","東証およびＰＴＳ",,"確報",300,300,280800,0,0,0,280800,49200,49200,46051200,0,0,0,46051200,,,0,0,1684800,0,0,0,114.1,90.4,154.9,114.1,0,0,0
"2026/01/14","2026/01/16","7604","梅の花グループ","東証およびＰＴＳ",,"確報",0,500,200,0,0,0,200,0,419000,167600,0,0,0,167600,,,0,0,0,0,0,0,5,5,5,5,0,0,0
"2026/01/14","2026/01/16","7606","ユナイテッドアローズ","東証およびＰＴＳ",,"確報",4600,0,10600,200,3800,11500,-900,11086000,0,25546000,482000,9158000,27715000,-2169000,,,0,0,0,270000,679500,0,7.5,4.8,9.1,6.3,10.6,7,8.4
"2026/01/14","2026/01/16","7607","進和","東証およびＰＴＳ",,"確報",300,300,3200,200,1200,3200,0,970500,970500,10352000,647000,3882000,10352000,0,,,0,0,112000,0,0,147000,9.5,7.5,7,7.2,114.5,6.7,12.7
"2026/01/14","2026/01/16","7608","エスケイジャパン","東証およびＰＴＳ",,"確報",4000,3300,24400,900,0,900,23500,6084000,5019300,37112400,1368900,0,1368900,35743500,,,0,0,0,663600,0,0,17.6,15.3,25.4,19.1,1,5,1.7
"2026/01/14","2026/01/16","7609","ダイトロン","東証およびＰＴＳ",,"確報",0,500,10000,100,0,4200,5800,0,1261000,25220000,252200,0,10592400,14627600,,,0,0,0,84000,32800,0,55.6,103.8,64.9,79.8,22.7,51,31.4
"2026/01/14","2026/01/16","7610","テイツー","東証およびＰＴＳ",,"確報",13000,11000,333300,0,7900,22600,310700,1924000,1628000,49328400,0,1169200,3344800,45983600,,,0,0,0,662600,61000,0,48.5,41.7,90.6,57.1,17.3,16.4,16.9
"2026/01/14","2026/01/16","7611","ハイデイ日高","東証およびＰＴＳ",,"確報",0,100,14800,0,100,3900,10900,0,327500,48470000,0,327500,12772500,35697500,,,0,0,0,149000,40000,0,18.6,20.7,20.7,20.7,34.2,8.5,13.7
"2026/01/14","2026/01/16","7613","シークス","東証およびＰＴＳ",,"確報",700,700,14500,200,200,14500,0,931000,931000,19285000,266000,266000,19285000,0,,,0,0,275500,0,0,275500,25.6,22.5,17.6,19.8,46.3,29.6,36.1
"2026/01/14","2026/01/16","7614","オーエムツーＮＷ","東証およびＰＴＳ",,"確報",0,0,10900,0,0,0,10900,0,0,17472700,0,0,0,17472700,,,0,0,87200,0,0,0,155.7,0,77.9,155.7,0,0,0
"2026/01/14","2026/01/16","7615","京都きもの友禅ＨＤ","東証およびＰＴＳ",,"確報",3000,200,274500,0,0,0,274500,462000,30800,42273000,0,0,0,42273000,,,0,0,0,0,0,0,50.4,192.9,29,50.4,0,0,0
"2026/01/14","2026/01/16","7616","コロワイド","東証およびＰＴＳ",,"確報",800,100,11800,700,0,11800,0,1409200,176150,20785700,1233050,0,20785700,0,,,0,0,16650,0,0,16650,16.8,10.8,18.6,13.7,15.3,40,22.1
"2026/01/14","2026/01/16","7619","田中商事","東証およびＰＴＳ",,"確報",0,100,700,0,0,0,700,0,89500,626500,0,0,0,626500,,,0,0,0,8800,0,0,10,40,5.7,10,0,0,0
"2026/01/14","2026/01/16","7621","うかい","東証およびＰＴＳ",,"確報",200,0,400,0,0,0,400,686000,0,1372000,0,0,0,1372000,,,0,0,9000,0,0,0,4.5,2.3,0,4.5,0,0,0
"2026/01/14","2026/01/16","7624","ＮａＩＴＯ","東証およびＰＴＳ",,"確報",0,4800,7700,0,0,0,7700,0,676800,1085700,0,0,0,1085700,,,0,0,0,0,0,0,5.4,6.7,4.5,5.4,0,0,0
"2026/01/14","2026/01/16","7625","グローバルダイニング","東証およびＰＴＳ",,"確報",0,0,2600,200,0,300,2300,0,0,1047800,80600,0,120900,926900,,,0,0,0,7800,300,0,70.5,0,0,0,5.5,5.5,5.5
"2026/01/14","2026/01/16","7628","オーハシテクニカ","東証およびＰＴＳ",,"確報",200,700,6800,0,800,11600,-4800,250400,876400,8513600,0,1001600,14523200,-6009600,,,0,0,0,43800,74400,0,22.2,14.9,10.7,12.4,308.5,22.9,42.6
"2026/01/14","2026/01/16","7630","壱番屋","東証およびＰＴＳ",,"確報",100,11000,46000,3900,0,66800,-20800,91500,10065000,42090000,3568500,0,61122000,-19032000,,,0,0,0,0,0,0,24.9,44.4,14.2,21.5,25.5,34,29.1
"2026/01/14","2026/01/16","7634","星医療酸器","東証およびＰＴＳ",,"確報",0,0,0,0,0,0,0,0,0,0,0,0,0,0,,,0,0,0,0,0,0,0,0,0,0,0,0,0
"2026/01/14","2026/01/16","7635","杉田エース","東証およびＰＴＳ",,"確報",0,0,0,0,0,0,0,0,0,0,0,0,0,0,,,0,0,0,0,0,0,0,0,0,0,0,0,0
"2026/01/14","2026/01/16","7636","ハンズマン","東証およびＰＴＳ",,"確報",0,500,400,0,0,0,400,0,419000,335200,0,0,0,335200,,,0,0,900,0,0,0,5.1,6.1,4.3,5.1,0,0,0
"2026/01/14","2026/01/16","7637","白銅","東証およびＰＴＳ",,"確報",200,0,5200,0,400,7700,-2500,484000,0,12584000,0,968000,18634000,-6050000,,,0,0,35000,0,0,56700,6.3,3.1,3,3,46.6,26.2,33.5
"2026/01/14","2026/01/16","7638","ＮＥＷ　ＡＲＴ","東証およびＰＴＳ",,"確報",100,200,2100,0,100,2100,0,149400,298800,3137400,0,149400,3137400,0,,,0,0,17600,0,0,17600,23.8,15.3,15.3,15.3,53.5,53.5,53.5
"2026/01/14","2026/01/16","7640","トップカルチャー","東証およびＰＴＳ",,"確報",11900,6800,98400,5100,0,98400,0,2641800,1509600,21844800,1132200,0,21844800,0,,,0,0,0,279900,279900,0,13.6,15.2,9.4,11.6,24.9,12.3,16.5
"2026/01/14","2026/01/16","7643","ダイイチ","東証およびＰＴＳ",,"確報",0,0,0,0,0,0,0,0,0,0,0,0,0,0,,,0,0,0,0,0,0,0,0,0,0,0,0,0
"2026/01/14","2026/01/16","7646","ＰＬＡＮＴ","東証およびＰＴＳ",,"確報",0,0,1500,0,0,0,1500,0,0,3132000,0,0,0,3132000,,,0,0,72000,0,0,0,0,0,0,0,0,0,0
"2026/01/14","2026/01/16","7649","スギホールディングス","東証およびＰＴＳ",,"確報",2900,300,13900,2700,100,13900,0,10788000,1116000,51708000,10044000,372000,51708000,0,,,0,0,655400,0,0,655400,3.2,2,2.1,2.1,14.5,11.8,13
"2026/01/14","2026/01/16","7670","オーウエル","東証およびＰＴＳ",,"確報",200,0,900,0,0,0,900,211000,0,949500,0,0,0,949500,,,0,0,0,0,0,0,19.5,19.5,19.5,19.5,0,0,0
"2026/01/14","2026/01/16","7673","ダイコー通産","東証およびＰＴＳ",,"確報",0,0,5300,0,0,0,5300,0,0,9290900,0,0,0,9290900,,,0,0,0,10600,0,0,177.3,266,133,177.3,0,0,0
"2026/01/14","2026/01/16","7674","ＮＡＴＴＹＨＤ","東証およびＰＴＳ",,"確報",0,100,400,0,0,0,400,0,304000,1216000,0,0,0,1216000,,,0,0,0,5000,0,0,8,14,5.6,8,0,0,0
"2026/01/14","2026/01/16","7677","ヤシマキザイ","東証およびＰＴＳ",,"確報",0,0,100,0,0,0,100,0,0,298900,0,0,0,298900,,,0,0,0,0,0,0,0,0,0,0,0,0,0
"2026/01/14","2026/01/16","7678","あさくま","東証およびＰＴＳ",,"確報",0,1600,1100,2700,0,28400,-27300,0,7736000,5318500,13054500,0,137314000,-131995500,,,0,0,67500,0,0,642500,22.7,13.5,3.1,5,19.6,1272,38.5
"2026/01/14","2026/01/16","7679","薬王堂ＨＤ","東証およびＰＴＳ",,"確報",0,900,27300,1700,0,30500,-3200,0,1869300,56702100,3530900,0,63348500,-6646400,,,0,0,56400,0,0,57600,12.2,19.6,18.1,18.8,5.1,37.6,8.9
"2026/01/14","2026/01/16","7681","レオクラン","東証およびＰＴＳ",,"確報",0,0,1200,0,0,0,1200,0,0,1215600,0,0,0,1215600,,,0,0,0,0,0,0,122,0,61,122,0,0,0
"2026/01/14","2026/01/16","7682","浜木綿","東証およびＰＴＳ",,"確報",0,0,100,0,0,0,100,0,0,407000,0,0,0,407000,,,0,0,7000,0,0,0,0,0,0,0,0,0,0
"2026/01/14","2026/01/16","7683","ダブルエー","東証およびＰＴＳ",,"確報",0,0,700,0,0,0,700,0,0,971600,0,0,0,971600,,,0,0,8400,0,0,0,6.2,17.4,3.8,6.2,0,0,0
"2026/01/14","2026/01/16","7685","ＢＵＹＳＥＬＬ","東証およびＰＴＳ",,"確報",500,0,6100,0,0,0,6100,2475000,0,30195000,0,0,0,30195000,,,0,0,0,672000,0,0,7.3,30.5,4.1,7.3,0,0,0
"2026/01/14","2026/01/16","7686","ひとまいる","東証およびＰＴＳ",,"確報",100,0,19000,0,0,0,19000,44000,0,8360000,0,0,0,8360000,,,0,0,18900,0,0,0,472,314.7,944,472,0,0,0
"2026/01/14","2026/01/16","7687","ミクリード","東証およびＰＴＳ",,"確報",0,300,2700,0,0,0,2700,0,153000,1377000,0,0,0,1377000,,,0,0,60000,0,0,0,16.4,10.3,41,16.4,0,0,0
"2026/01/14","2026/01/16","7689","コパ","東証およびＰＴＳ",,"確報",0,0,200,0,0,0,200,0,0,91000,0,0,0,91000,,,0,0,0,1200,0,0,16,0,8,16,0,0,0
"2026/01/14","2026/01/16","7692","アースインフィニティ","東証およびＰＴＳ",,"確報",22600,300,225100,0,0,0,225100,2327800,30900,23185300,0,0,0,23185300,,,0,0,0,202800,0,0,23.2,16.2,40.6,23.2,0,0,0
"2026/01/14","2026/01/16","7694","いつも","東証およびＰＴＳ",,"確報",400,300,3400,0,0,0,3400,276800,207600,2352800,0,0,0,2352800,,,0,0,0,75900,0,0,7.9,9.6,6.7,7.9,0,0,0
"2026/01/14","2026/01/16","7695","交換できるくん","東証およびＰＴＳ",,"確報",0,0,6900,0,0,0,6900,0,0,5602800,0,0,0,5602800,,,0,0,55200,0,0,0,692,0,346,692,0,0,0
"2026/01/14","2026/01/16","7698","アイスコ","東証およびＰＴＳ",,"確報",0,100,2300,0,0,0,2300,0,246500,5669500,0,0,0,5669500,,,0,0,57600,0,0,0,45.2,37.7,56.5,45.2,0,0,0
"2026/01/14","2026/01/16","7699","ＯＰＳ","東証およびＰＴＳ",,"確報",0,0,0,0,0,0,0,0,0,0,0,0,0,0,,,0,0,0,0,0,0,0,0,0,0,0,0,0
"2026/01/14","2026/01/16","7701","島津製作所","東証およびＰＴＳ",,"確報",800,300,6900,700,100,6400,500,3520000,1320000,30360000,3080000,440000,28160000,2200000,,,0,0,441600,0,0,400200,4.8,5.5,5.1,5.3,4.3,4.3,4.3
"2026/01/14","2026/01/16","7702","ジェイ・エム・エス","東証およびＰＴＳ",,"確報",0,0,7200,0,0,7200,0,0,0,3247200,0,0,3247200,0,,,0,0,21600,0,0,21600,2.3,1.5,1.4,1.5,110.3,10.3,18.8
"2026/01/14","2026/01/16","7707","プレシジョンＳＳ","東証およびＰＴＳ",,"確報",5300,8600,153800,0,3300,153800,0,1139500,1849000,33067000,0,709500,33067000,0,,,0,0,314200,0,0,314200,33.3,18,28.7,22.1,39.7,218.5,67.2
"2026/01/14","2026/01/16","7709","クボテック","東証およびＰＴＳ",,"確報",1700,1500,48500,200,0,48500,0,316200,279000,9021000,37200,0,9021000,0,,,0,0,0,96600,96600,0,34.7,18.9,20,19.4,132.1,216.1,163.9
"2026/01/14","2026/01/16","7711","助川電気工業","東証およびＰＴＳ",,"確報",18500,6900,63700,0,0,0,63700,150405000,56097000,517881000,0,0,0,517881000,,,0,0,33865000,0,0,0,10.9,7.7,19,10.9,0,0,0
"2026/01/14","2026/01/16","7713","シグマ光機","東証およびＰＴＳ",,"確報",1000,0,20000,0,0,0,20000,1579000,0,31580000,0,0,0,31580000,,,0,0,152000,0,0,0,57.6,38,118.8,57.6,0,0,0
"2026/01/14","2026/01/16","7715","長野計器","東証およびＰＴＳ",,"確報",3200,2000,19600,700,100,19600,0,8636800,5398000,52900400,1889300,269900,52900400,0,,,0,0,1600800,0,0,1653000,8.1,4.2,6,5,12.3,99.8,21.9
"2026/01/14","2026/01/16","7716","ナカニシ","東証およびＰＴＳ",,"確報",0,0,1700,200,0,1400,300,0,0,3430600,403600,0,2825200,605400,,,0,0,23800,0,0,16800,10.6,32.3,8.8,13.9,17.8,5.6,8.5
"2026/01/14","2026/01/16","7717","ブイ・テクノロジー","東証およびＰＴＳ",,"確報",1600,200,12200,0,0,600,11600,5048000,631000,38491000,0,0,1893000,36598000,,,0,0,432000,0,0,24000,23,21,22.7,21.8,0,0,0
"2026/01/14","2026/01/16","7718","スター精密","東証およびＰＴＳ",,"確報",0,0,1800,0,0,1800,0,0,0,3952800,0,0,3952800,0,,,0,0,0,0,0,0,60,30,30,30,0,0,0
"2026/01/14","2026/01/16","7719","東京衡機","東証およびＰＴＳ",,"確報",600,0,22300,0,0,0,22300,194400,0,7225200,0,0,0,7225200,,,0,0,0,151900,0,0,2,1.9,2.2,2,0,0,0
"2026/01/14","2026/01/16","7721","東京計器","東証およびＰＴＳ",,"確報",12900,9400,62700,1500,300,108600,-45900,90171000,65706000,438273000,10485000,2097000,759114000,-320841000,,,0,0,11248000,0,0,20406000,12.9,5.5,4.5,4.9,89.1,135.9,107.6
"2026/01/14","2026/01/16","7722","国際計測器","東証およびＰＴＳ",,"確報",0,800,10200,0,0,0,10200,0,832800,10618200,0,0,0,10618200,,,0,0,231000,0,0,0,27.7,22.9,35.1,27.7,0,0,0
"2026/01/14","2026/01/16","7723","愛知時計電機","東証およびＰＴＳ",,"確報",1600,400,5400,1300,100,5400,0,4547200,1136800,15346800,3694600,284200,15346800,0,,,0,0,138600,0,0,138600,7.1,4.6,8,5.9,6.3,15.3,8.9
"2026/01/14","2026/01/16","7725","インターアクション","東証およびＰＴＳ",,"確報",24400,49900,48500,3300,3500,71200,-22700,34916400,71406900,69403500,4722300,5008500,101887200,-32483700,,,0,0,0,666000,642600,0,5.7,3.4,2.9,3.1,21.7,29.2,24.9
"2026/01/14","2026/01/16","7726","黒田精工","東証およびＰＴＳ",,"確報",100,2300,47300,0,200,88600,-41300,102500,2357500,48482500,0,205000,90815000,-42332500,,,0,0,1336500,0,0,2397600,54.5,31.3,18.1,23,258.9,366.8,303.6
"2026/01/14","2026/01/16","7727","オーバル","東証およびＰＴＳ",,"確報",300,1600,33600,3100,0,45800,-12200,195300,1041600,21873600,2018100,0,29815800,-7942200,,,0,0,209400,0,0,256200,21.8,34.5,22.3,27.1,13.1,32.1,18.6
"2026/01/14","2026/01/16","7729","東京精密","東証およびＰＴＳ",,"確報",1000,2400,6600,1200,900,8600,-2000,12500000,30000000,82500000,15000000,11250000,107500000,-25000000,,,0,0,960000,0,0,996000,5.7,5.2,7.5,6.1,3.9,8,5.3
"2026/01/14","2026/01/16","7730","マニー","東証およびＰＴＳ",,"確報",3100,0,16800,1900,600,7400,9400,4615900,0,25015200,2829100,893400,11018600,13996600,,,0,0,137000,0,0,61000,7.8,9.3,22.7,13.2,4.4,4.6,4.5
"2026/01/14","2026/01/16","7731","ニコン","東証およびＰＴＳ",,"確報",6400,3800,33000,4800,200,33000,0,11952000,7096500,61627500,8964000,373500,61627500,0,,,0,0,1200800,0,0,1121800,21.1,18.8,14.2,16.2,19.9,85.6,32.4
"2026/01/14","2026/01/16","7733","オリンパス","東証およびＰＴＳ",,"確報",900,2700,16500,5100,200,28800,-12300,1901250,5703750,34856250,10773750,422500,60840000,-25983750,,,0,0,741150,0,0,967950,3.7,2.6,2.2,2.4,9.1,6.1,7.3
"2026/01/14","2026/01/16","7734","理研計器","東証およびＰＴＳ",,"確報",600,100,8400,1800,100,29700,-21300,1989000,331500,27846000,5967000,331500,98455500,-70609500,,,0,0,276500,0,0,980000,43.4,15.8,23.2,18.8,42,198.1,69.4
"2026/01/14","2026/01/16","7735","ＳＣＲＥＥＮ　ＨＤ","東証およびＰＴＳ",,"確報",1100,4400,26200,2400,1100,18500,7700,18469000,73876000,439898000,40296000,18469000,310615000,129283000,,,0,0,14455000,0,0,8428000,9.2,8.7,8.5,8.6,14.7,7.6,10.1
"2026/01/14","2026/01/16","7739","キヤノン電子","東証およびＰＴＳ",,"確報",0,800,2400,0,0,0,2400,0,2916000,8748000,0,0,0,8748000,,,0,0,0,0,0,0,7.5,7.7,7.3,7.5,0,0,0
"2026/01/14","2026/01/16","7740","タムロン","東証およびＰＴＳ",,"確報",1100,0,15900,100,0,200,15700,1169300,0,16901700,106300,0,212600,16689100,,,0,0,59200,0,0,400,40.9,32,64.1,42.7,9,9,9
"2026/01/14","2026/01/16","7741","ＨＯＹＡ","東証およびＰＴＳ",,"確報",1700,3700,3100,25200,300,41400,-38300,44157500,96107500,80522500,654570000,7792500,1075365000,-994842500,,,0,0,6222000,0,0,20130000,4.7,2.2,3,2.5,3.5,9,5.1
"2026/01/14","2026/01/16","7743","シード","東証およびＰＴＳ",,"確報",0,1100,4100,100,0,500,3600,0,645700,2406700,58700,0,293500,2113200,,,0,0,31200,0,0,2400,19.4,51.4,14.3,22.3,12,6,8
"2026/01/14","2026/01/16","7744","ノーリツ鋼機","東証およびＰＴＳ",,"確報",10400,0,16900,29200,2400,33300,-16400,20415200,0,33174700,57319600,4711200,65367900,-32193200,,,0,0,513500,0,0,513500,4.1,4,11.3,5.9,2,9.3,3.3
"2026/01/14","2026/01/16","7745","Ａ＆ＤホロンＨＤ","東証およびＰＴＳ",,"確報",2200,900,15900,1500,200,15900,0,4950000,2025000,35775000,3375000,450000,35775000,0,,,0,0,511000,0,0,511000,4.6,2.7,3,2.9,13.8,39.3,20.4
"2026/01/14","2026/01/16","7746","岡本硝子","東証およびＰＴＳ",,"確報",23000,49300,484300,200,100,228100,256200,13823000,29629300,291064300,120200,60100,137088100,153976200,,,0,0,51060000,0,0,22800000,19.3,19.5,11.4,14.4,45.7,188.1,73.5
"2026/01/14","2026/01/16","7747","朝日インテック","東証およびＰＴＳ",,"確報",100,1900,25800,300,300,17400,8400,294800,5601200,76058400,884400,884400,51295200,24763200,,,0,0,496800,0,0,313200,7,7.3,9.8,8.3,15.4,3.5,5.7
"2026/01/14","2026/01/16","7749","メディキット","東証およびＰＴＳ",,"確報",0,0,0,0,0,0,0,0,0,0,0,0,0,0,,,0,0,0,0,0,0,0,0,0,0,0,0,0
"2026/01/14","2026/01/16","7751","キヤノン","東証およびＰＴＳ",,"確報",100,5200,44100,2000,0,2100,42000,482200,25074400,212650200,9644000,0,10126200,202524000,,,0,0,4821600,0,0,9800,18.5,38.9,20.5,26.9,1.5,1.1,1.2
"2026/01/14","2026/01/16","7752","リコー","東証およびＰＴＳ",,"確報",1500,300,26800,0,700,8200,18600,2199750,439950,39302200,0,1026550,12025300,27276900,,,0,0,691200,0,0,240300,11.9,17.5,11.8,14.1,6.6,9.6,7.9
"2026/01/14","2026/01/16","7760","ＩＭＶ","東証およびＰＴＳ",,"確報",0,1000,4700,0,0,0,4700,0,2570000,12079000,0,0,0,12079000,,,0,0,330600,0,0,0,10.4,15.3,7.9,10.4,0,0,0
"2026/01/14","2026/01/16","7762","シチズン時計","東証およびＰＴＳ",,"確報",1100,700,12300,21200,800,49200,-36900,1502600,956200,16801800,28959200,1092800,67207200,-50405400,,,0,0,404600,0,0,979200,5.4,5.6,4.6,5.1,4.5,7.4,5.6
"2026/01/14","2026/01/16","7769","リズム","東証およびＰＴＳ",,"確報",0,5800,610600,400,100,12300,598300,0,23142000,2436294000,1596000,399000,49077000,2387217000,,,0,0,0,21574000,420000,0,273,3094.9,155.5,296.2,34,115.6,52.5
"2026/01/14","2026/01/16","7771","日本精密","東証およびＰＴＳ",,"確報",0,92400,51800,0,0,0,51800,0,16632000,9324000,0,0,0,9324000,,,0,0,0,432600,0,0,2.2,2.8,1.9,2.2,0,0,0
"2026/01/14","2026/01/16","7774","Ｊ・ＴＥＣ","東証およびＰＴＳ",,"確報",4800,100,90500,6300,0,169700,-79200,2548800,53100,48055500,3345300,0,90110700,-42055200,,,0,0,0,514800,980400,0,19.6,6.9,15.4,9.6,21.4,0,42.8
"2026/01/14","2026/01/16","7775","大研医器","東証およびＰＴＳ",,"確報",0,500,6200,0,0,0,6200,0,230500,2858200,0,0,0,2858200,,,0,0,6700,0,0,0,40.7,57.7,31.5,40.7,0,0,0
"2026/01/14","2026/01/16","7776","セルシード","東証およびＰＴＳ",,"確報",20500,23300,98900,0,0,0,98900,6560000,7456000,31648000,0,0,0,31648000,,,0,0,3457800,0,0,0,10,13,8.2,10,0,0,0
"2026/01/14","2026/01/16","7777","スリーディーＭ","東証およびＰＴＳ",,"確報",0,22800,767700,0,0,0,767700,0,8527200,287119800,0,0,0,287119800,,,0,0,0,3952500,0,0,46.6,44.1,49.5,46.6,0,0,0
"2026/01/14","2026/01/16","7779","サイバーダイン","東証およびＰＴＳ",,"確報",18000,67500,449000,17700,67200,449000,0,4122000,15457500,102821000,4053300,15388800,102821000,0,,,0,0,2492500,0,0,2492500,13.4,9.8,16.3,12.2,11.4,21.5,14.9
"2026/01/14","2026/01/16","7780","メニコン","東証およびＰＴＳ",,"確報",0,1100,38600,100,1200,38600,0,0,1762200,61837200,160200,1922400,61837200,0,,,0,0,0,317600,317600,0,10.8,61.8,7.4,13.2,125.6,4.8,9.3
"2026/01/14","2026/01/16","7781","平山ホールディングス","東証およびＰＴＳ",,"確報",0,200,3100,0,0,0,3100,0,269600,4178800,0,0,0,4178800,,,0,0,3300,0,0,0,54.7,164,32.8,54.7,0,0,0
"2026/01/14","2026/01/16","7782","シンシア","東証およびＰＴＳ",,"確報",600,0,5900,0,1700,500,5400,282000,0,2773000,0,799000,235000,2538000,,,0,0,0,148400,61600,0,10.2,7.7,30.7,12.3,12,5.3,7.4
"2026/01/14","2026/01/16","7791","ドリームベッド","東証およびＰＴＳ",,"確報",100,0,700,0,0,0,700,87200,0,610400,0,0,0,610400,,,0,0,1200,0,0,0,62,31,0,62,0,0,0
"2026/01/14","2026/01/16","7792","コラントッテ","東証およびＰＴＳ",,"確報",2000,0,2800,0,0,0,2800,3024000,0,4233600,0,0,0,4233600,,,0,0,12800,0,0,0,4.8,2.7,21,4.8,0,0,0
"2026/01/14","2026/01/16","7793","イメージ・マジック","東証およびＰＴＳ",,"確報",0,0,1700,0,0,0,1700,0,0,2470100,0,0,0,2470100,,,0,0,18700,0,0,0,22,12.6,88,22,0,0,0
"2026/01/14","2026/01/16","7794","イーディーピー","東証およびＰＴＳ",,"確報",1900,0,54200,0,0,0,54200,902500,0,25745000,0,0,0,25745000,,,0,0,1882800,0,0,0,57.4,46.5,74.9,57.4,0,0,0
"2026/01/14","2026/01/16","7795","ＫＹＯＲＩＴＳＵ","東証およびＰＴＳ",,"確報",0,0,10600,1000,300,9200,1400,0,0,2385000,225000,67500,2070000,315000,,,0,0,63600,0,0,51000,6.8,13.3,11.9,12.6,2.8,5.5,3.7
"2026/01/14","2026/01/16","7800","アミファ","東証およびＰＴＳ",,"確報",0,0,1100,0,0,0,1100,0,0,742500,0,0,0,742500,,,0,0,0,2200,0,0,32.7,16.3,0,32.7,0,0,0
"2026/01/14","2026/01/16","7803","ブシロード","東証およびＰＴＳ",,"確報",7500,500,182800,0,8100,34600,148200,2280000,152000,55571200,0,2462400,10518400,45052800,,,0,0,0,1758000,427000,0,31.3,41.8,55.4,47.7,11,11.6,11.3
"2026/01/14","2026/01/16","7804","ビーアンドピー","東証およびＰＴＳ",,"確報",0,0,2100,0,0,0,2100,0,0,5378100,0,0,0,5378100,,,0,0,0,48300,0,0,0,0,0,0,0,0,0
"2026/01/14","2026/01/16","7805","プリントネット","東証およびＰＴＳ",,"確報",300,0,1700,0,0,100,1600,214800,0,1217200,0,0,71600,1145600,,,0,0,26600,0,0,1900,39,24.3,73,36.5,0,0,0
"2026/01/14","2026/01/16","7806","ＭＴＧ","東証およびＰＴＳ",,"確報",1800,300,16500,300,0,5900,10600,7929000,1321500,72682500,1321500,0,25989500,46693000,,,0,0,0,2475000,924000,0,15.8,9.9,125.8,18.4,27.5,7.8,12.1
"2026/01/14","2026/01/16","7807","幸和製作所","東証およびＰＴＳ",,"確報",0,0,600,0,0,0,600,0,0,522000,0,0,0,522000,,,0,0,7200,0,0,0,0,0,0,0,0,0,0
"2026/01/14","2026/01/16","7808","シー・エス・ランバー","東証およびＰＴＳ",,"確報",0,0,1600,0,0,0,1600,0,0,5128000,0,0,0,5128000,,,0,0,8000,0,0,0,25.3,19,38,25.3,0,0,0
"2026/01/14","2026/01/16","7809","壽屋","東証およびＰＴＳ",,"確報",100,0,1000,0,0,0,1000,149500,0,1495000,0,0,0,1495000,,,0,0,0,900,0,0,8.4,15.3,5.8,8.4,0,0,0
"2026/01/14","2026/01/16","7810","クロスフォー","東証およびＰＴＳ",,"確報",100,0,11900,100,0,11900,0,14600,0,1737400,14600,0,1737400,0,,,0,0,0,0,0,0,50.5,26.4,64.6,37.5,41.5,581,77.5
"2026/01/14","2026/01/16","7811","中本パックス","東証およびＰＴＳ",,"確報",0,1300,1800,0,1000,300,1500,0,2541500,3519000,0,1955000,586500,2932500,,,0,0,0,130200,54600,0,13,48.3,9.1,15.3,57,5.2,9.5
"2026/01/14","2026/01/16","7812","クレステック","東証およびＰＴＳ",,"確報",100,0,2100,0,0,100,2000,201500,0,4231500,0,0,201500,4030000,,,0,0,32000,0,0,1600,212,101,0,202,0,0,0
"2026/01/14","2026/01/16","7813","プラッツ","東証およびＰＴＳ",,"確報",0,0,0,0,0,0,0,0,0,0,0,0,0,0,,,0,0,0,0,0,0,2,0,1,2,0,0,0
"2026/01/14","2026/01/16","7814","日本創発グループ","東証およびＰＴＳ",,"確報",0,0,10900,15400,0,235200,-224300,0,0,8414800,11888800,0,181574400,-173159600,,,0,0,0,10900,219800,0,17.7,12.3,7.7,9.5,17.7,20,18.8
"2026/01/14","2026/01/16","7815","東京ボード工業","東証およびＰＴＳ",,"確報",0,0,0,0,0,0,0,0,0,0,0,0,0,0,,,0,0,0,0,0,0,0,0,0,0,0,0,0
"2026/01/14","2026/01/16","7817","パラマウントＢＨＤ","東証およびＰＴＳ",,"確報",100,7000,900,0,500,7900,-7000,351000,24570000,3159000,0,1755000,27729000,-24570000,,,0,0,39000,0,0,42000,7.7,3.3,3.3,3.3,0,83,166
"2026/01/14","2026/01/16","7818","トランザクション","東証およびＰＴＳ",,"確報",1700,3800,43900,0,2100,43900,0,1893800,4233200,48904600,0,2339400,48904600,0,,,0,0,0,644000,644000,0,37.1,45.2,33.7,38.6,62.9,24.9,35.7
"2026/01/14","2026/01/16","7819","粧美堂","東証およびＰＴＳ",,"確報",0,0,10700,0,100,0,10700,0,0,9309000,0,87000,0,9309000,,,0,0,0,21400,200,0,44.9,0,26.6,53.1,1.5,1.5,1.5
"2026/01/14","2026/01/16","7820","ニホンフラッシュ","東証およびＰＴＳ",,"確報",0,0,10700,100,0,8100,2600,0,0,9041500,84500,0,6844500,2197000,,,0,0,96300,0,0,72000,105.4,0,0,0,69,34.5,46
"2026/01/14","2026/01/16","7821","前田工繊","東証およびＰＴＳ",,"確報",100,2900,19800,1400,0,49200,-29400,198600,5759400,39322800,2780400,0,97711200,-58388400,,,0,0,452000,0,0,956000,48.2,37.1,18.2,24.5,137.8,62,85.5
"2026/01/14","2026/01/16","7822","永大産業","東証およびＰＴＳ",,"確報",0,100,36700,200,3300,14100,22600,0,23900,8771300,47800,788700,3369900,5401400,,,0,0,36800,0,0,17200,11.6,31.9,10.6,15.9,2.8,12.1,4.5
"2026/01/14","2026/01/16","7823","アートネイチャー","東証およびＰＴＳ",,"確報",300,200,6100,0,0,5900,200,242700,161800,4934900,0,0,4773100,161800,,,0,0,18000,0,0,17700,31.3,15,21.4,17.6,73.8,0,147.5
"2026/01/14","2026/01/16","7826","フルヤ金属","東証およびＰＴＳ",,"確報",500,2500,63400,0,1500,17100,46300,1972500,9862500,250113000,0,5917500,67459500,182653500,,,0,0,4251000,0,0,1209000,10.8,20.2,14.9,17.2,27.1,4.1,7.1
"2026/01/14","2026/01/16","7827","オービス","東証およびＰＴＳ",,"確報",0,0,600,0,0,0,600,0,0,993600,0,0,0,993600,,,0,0,7800,0,0,0,0,0,0,0,0,0,0
"2026/01/14","2026/01/16","7831","ウイルコホールディン","東証およびＰＴＳ",,"確報",7800,500,43200,0,0,0,43200,686400,44000,3801600,0,0,0,3801600,,,0,0,0,71800,0,0,27,14.9,148.5,27,0,0,0
"2026/01/14","2026/01/16","7832","バンダイナムコ","東証およびＰＴＳ",,"確報",0,7300,45300,700,0,1100,44200,0,30937400,191981400,2966600,0,4661800,187319600,,,0,0,2051400,0,0,15600,18,16.2,21.7,18.6,1.5,0,3.1
"2026/01/14","2026/01/16","7833","アイフィスジャパン","東証およびＰＴＳ",,"確報",0,0,5200,0,0,0,5200,0,0,3582800,0,0,0,3582800,,,0,0,10400,0,0,0,31.3,19.6,78.3,31.3,0,0,0
"2026/01/14","2026/01/16","7836","アビックス","東証およびＰＴＳ",,"確報",0,43900,102000,0,0,0,102000,0,4082700,9486000,0,0,0,9486000,,,0,0,583600,0,0,0,27.1,175.8,14.7,27.1,0,0,0
"2026/01/14","2026/01/16","7837","アールシーコア","東証およびＰＴＳ",,"確報",0,0,3000,0,0,0,3000,0,0,1098000,0,0,0,1098000,,,0,0,0,18000,0,0,24.8,49.7,16.6,24.8,0,0,0
"2026/01/14","2026/01/16","7839","ＳＨＯＥＩ","東証およびＰＴＳ",,"確報",100,2100,6500,100,2100,6500,0,181800,3817800,11817000,181800,3817800,11817000,0,,,0,0,0,0,0,0,5.3,5.8,4.5,5.1,6.3,4.8,5.4
"2026/01/14","2026/01/16","7840","フランスベッドＨＤ","東証およびＰＴＳ",,"確報",0,200,4000,1300,100,15600,-11600,0,269800,5396000,1753700,134900,21044400,-15648400,,,0,0,75600,0,0,259200,33.6,68.8,9.8,17.2,43.1,66.6,52.4
"2026/01/14","2026/01/16","7841","遠藤製作所","東証およびＰＴＳ",,"確報",0,100,10200,0,0,0,10200,0,128600,13117200,0,0,0,13117200,,,0,0,72100,0,0,0,36.9,143,21.2,36.9,0,0,0
"2026/01/14","2026/01/16","7844","マーベラス","東証およびＰＴＳ",,"確報",0,11200,40100,2200,0,84100,-44000,0,5689600,20370800,1117600,0,42722800,-22352000,,,0,0,51300,0,0,81900,38.8,19.8,17.8,18.8,167,63.3,91.8
"2026/01/14","2026/01/16","7846","パイロット","東証およびＰＴＳ",,"確報",300,0,4900,500,2800,15800,-10900,1461600,0,23872800,2436000,13641600,76977600,-53104800,,,0,0,0,50600,199100,0,13,4.6,21.1,7.6,15.7,17.7,16.7
"2026/01/14","2026/01/16","7847","グラファイトデザイン","東証およびＰＴＳ",,"確報",0,400,800,0,0,0,800,0,262000,524000,0,0,0,524000,,,0,0,4800,0,0,0,23.6,0,11.8,23.6,0,0,0
"2026/01/14","2026/01/16","7849","スターツ出版","東証およびＰＴＳ",,"確報",0,0,500,0,0,0,500,0,0,1845000,0,0,0,1845000,,,0,0,0,25000,0,0,22,11,0,22,0,0,0
"2026/01/14","2026/01/16","7850","総合商研","東証およびＰＴＳ",,"確報",0,0,300,0,0,0,300,0,0,262200,0,0,0,262200,,,0,0,1800,0,0,0,30,15,0,30,0,0,0
"2026/01/14","2026/01/16","7851","カワセコンピュ","東証およびＰＴＳ",,"確報",0,1700,600,0,0,0,600,0,428400,151200,0,0,0,151200,,,0,0,0,2300,0,0,3.1,4.2,2.5,3.1,0,0,0
"2026/01/14","2026/01/16","7856","萩原工業","東証およびＰＴＳ",,"確報",400,800,15900,0,800,42400,-26500,685200,1370400,27236700,0,1370400,72631200,-45394500,,,0,0,0,0,0,0,13.2,24.3,38.9,29.9,222.2,6.1,11.9
"2026/01/14","2026/01/16","7857","セキ","東証およびＰＴＳ",,"確報",0,0,0,0,0,0,0,0,0,0,0,0,0,0,,,0,0,0,0,0,0,0,0,0,0,0,0,0
"2026/01/14","2026/01/16","7859","アルメディオ","東証およびＰＴＳ",,"確報",61100,0,568000,26400,0,589100,-21100,10203700,0,94856000,4408800,0,98379700,-3523700,,,0,0,0,2027600,2250800,0,23.3,11.3,16.5,13.4,50.2,148.8,75.1
"2026/01/14","2026/01/16","7860","エイベックス","東証およびＰＴＳ",,"確報",3200,0,34500,100,1900,89900,-55400,3971200,0,42814500,124100,2357900,111565900,-68751400,,,0,0,0,31300,91700,0,35.6,28.8,64.4,39.8,27.5,45.7,34.3
"2026/01/14","2026/01/16","7863","平賀","東証およびＰＴＳ",,"確報",0,0,0,0,0,0,0,0,0,0,0,0,0,0,,,0,0,0,0,0,0,0,0,0,0,0,0,0
"2026/01/14","2026/01/16","7864","フジシール","東証およびＰＴＳ",,"確報",900,0,2100,1300,0,2100,0,2916000,0,6804000,4212000,0,6804000,0,,,0,0,72000,0,0,48000,5.3,4.8,0,9.7,2.3,6.3,3.3
"2026/01/14","2026/01/16","7865","ピープル","東証およびＰＴＳ",,"確報",0,0,600,0,0,0,600,0,0,253800,0,0,0,253800,,,0,0,600,0,0,0,64,0,32,64,0,0,0
"2026/01/14","2026/01/16","7867","タカラトミー","東証およびＰＴＳ",,"確報",300,2500,32800,200,0,1600,31200,858300,7152500,93840800,572200,0,4577600,89263200,,,0,0,472500,0,0,18900,29.4,49.3,21.1,29.6,26.3,26.3,26.3
"2026/01/14","2026/01/16","7868","広済堂ＨＤ","東証およびＰＴＳ",,"確報",45900,2900,1088000,11700,0,95900,992100,21848400,1380400,517888000,5569200,0,45648400,472239600,,,0,0,3135000,0,0,252600,47.9,38.8,117.7,58.3,6.9,104.2,13
"2026/01/14","2026/01/16","7871","フクビ化学工業","東証およびＰＴＳ",,"確報",0,0,3800,0,0,0,3800,0,0,3553000,0,0,0,3553000,,,0,0,19000,0,0,0,53.1,62,46.5,53.1,0,0,0
"2026/01/14","2026/01/16","7872","エステールＨＤ","東証およびＰＴＳ",,"確報",0,0,900,0,0,0,900,0,0,543600,0,0,0,543600,,,0,0,1800,0,0,0,0,0,0,0,0,0,0
"2026/01/14","2026/01/16","7874","レック","東証およびＰＴＳ",,"確報",0,31300,20800,900,1600,8400,12400,0,32458100,21569600,933300,1659200,8710800,12858800,,,0,0,0,0,0,0,6,74,2.9,5.7,42.8,16.2,23.6
"2026/01/14","2026/01/16","7875","竹田ｉＰ","東証およびＰＴＳ",,"確報",0,0,900,0,0,0,900,0,0,1014300,0,0,0,1014300,,,0,0,6300,0,0,0,0,0,0,0,0,0,0
"2026/01/14","2026/01/16","7877","永大化工","東証およびＰＴＳ",,"確報",0,0,700,0,0,0,700,0,0,1274000,0,0,0,1274000,,,0,0,0,700,0,0,36,36,36,36,0,0,0
"2026/01/14","2026/01/16","7878","光・彩","東証およびＰＴＳ",,"確報",0,0,2500,0,0,0,2500,0,0,2600000,0,0,0,2600000,,,0,0,0,0,0,0,65,0,32.5,65,0,0,0
"2026/01/14","2026/01/16","7879","ノダ","東証およびＰＴＳ",,"確報",300,200,11300,0,0,4300,7000,202500,135000,7627500,0,0,2902500,4725000,,,0,0,0,78400,30100,0,140.5,140,280,186.7,213,53.3,85.2
"2026/01/14","2026/01/16","7883","サンメッセ","東証およびＰＴＳ",,"確報",0,0,3200,0,0,0,3200,0,0,1177600,0,0,0,1177600,,,0,0,0,3200,0,0,105.3,52.7,0,105.3,0,0,0
"2026/01/14","2026/01/16","7885","タカノ","東証およびＰＴＳ",,"確報",100,0,600,100,0,600,0,80800,0,484800,80800,0,484800,0,,,0,0,2000,0,0,2000,6.7,6,7.5,6.7,6,7.5,6.7
"2026/01/14","2026/01/16","7886","ヤマトモビＭｆｇ","東証およびＰＴＳ",,"確報",0,0,200,0,0,0,200,0,0,176000,0,0,0,176000,,,0,0,9600,0,0,0,5.8,0,2.9,5.8,0,0,0
"2026/01/14","2026/01/16","7887","南海プライウッド","東証およびＰＴＳ",,"確報",0,0,700,0,0,0,700,0,0,7056000,0,0,0,7056000,,,0,0,0,14000,0,0,37,0,18.5,37,0,0,0
"2026/01/14","2026/01/16","7888","三光合成","東証およびＰＴＳ",,"確報",8100,4400,25100,1900,700,16200,8900,8440200,4584800,26154200,1979800,729400,16880400,9273800,,,0,0,2953200,0,0,2070000,7.2,7.1,4.7,5.6,61.5,5.7,10.5
"2026/01/14","2026/01/16","7893","プロネクサス","東証およびＰＴＳ",,"確報",0,0,12300,0,300,5900,6400,0,0,14292600,0,348600,6855800,7436800,,,0,0,0,49200,24800,0,142.8,618,618,618,103.3,38.8,56.4
"2026/01/14","2026/01/16","7896","セブン工業","東証およびＰＴＳ",,"確報",0,0,1200,0,0,0,1200,0,0,642000,0,0,0,642000,,,0,0,1200,0,0,0,0,0,0,0,0,0,0
"2026/01/14","2026/01/16","7897","ホクシン","東証およびＰＴＳ",,"確報",2800,4700,131900,0,1900,131900,0,313600,526400,14772800,0,212800,14772800,0,,,0,0,0,0,0,0,80.3,72.5,40.4,51.9,6668,90.1,177.8
"2026/01/14","2026/01/16","7898","ウッドワン","東証およびＰＴＳ",,"確報",0,0,2600,100,100,1500,1100,0,0,2639000,101500,101500,1522500,1116500,,,0,0,46800,0,0,27000,26.3,0,133,266,7.1,12.8,9.1
"2026/01/14","2026/01/16","7901","マツモト","東証およびＰＴＳ",,"確報",100,100,3400,0,0,0,3400,70300,70300,2390200,0,0,0,2390200,,,0,0,10200,0,0,0,71.2,178,44.5,71.2,0,0,0
"2026/01/14","2026/01/16","7902","ソノコム","東証およびＰＴＳ",,"確報",0,0,500,0,0,0,500,0,0,474000,0,0,0,474000,,,0,0,0,1000,0,0,0,0,0,0,0,0,0
"2026/01/14","2026/01/16","7906","ヨネックス","東証およびＰＴＳ",,"確報",27700,300,32300,1700,3800,23500,8800,92379500,1000500,107720500,5669500,12673000,78372500,29348000,,,0,0,49000,0,0,256000,3.7,1.3,2.1,1.7,74.6,10.2,18
"2026/01/14","2026/01/16","7908","きもと","東証およびＰＴＳ",,"確報",700,1100,14400,0,0,0,14400,196700,309100,4046400,0,0,0,4046400,,,0,0,192400,0,0,0,8.5,6.1,14,8.5,0,0,0
"2026/01/14","2026/01/16","7911","ＴＯＰＰＡＮ　ＨＤ","東証およびＰＴＳ",,"確報",5800,0,31000,500,1300,4100,26900,26651000,0,142445000,2297500,5973500,18839500,123605500,,,0,0,0,705600,137200,0,12.4,7.2,301.3,14,7.1,7.9,7.5
"2026/01/14","2026/01/16","7912","大日本印刷","東証およびＰＴＳ",,"確報",100,3100,47700,0,300,4800,42900,279200,8655200,133178400,0,837600,13401600,119776800,,,0,0,887250,0,0,89250,39,316.5,58.9,99.3,5.5,4.4,4.8
"2026/01/14","2026/01/16","7914","共同印刷","東証およびＰＴＳ",,"確報",0,2100,35100,0,1200,22300,12800,0,3511200,58687200,0,2006400,37285600,21401600,,,0,0,0,186000,117500,0,10.5,6.9,13.4,9.1,14.8,12.3,13.4
"2026/01/14","2026/01/16","7915","ＮＩＳＳＨＡ","東証およびＰＴＳ",,"確報",1900,700,25000,1200,0,25000,0,2458600,905800,32350000,1552800,0,32350000,0,,,0,0,618800,0,0,618800,5.1,3.1,2.8,2.9,44.9,13.3,20.5
"2026/01/14","2026/01/16","7916","光村印刷","東証およびＰＴＳ",,"確報",500,3000,600,0,0,1100,-500,987500,5925000,1185000,0,0,2172500,-987500,,,0,0,0,89900,31900,0,1.8,1.1,1.1,1.1,55,0,110
"2026/01/14","2026/01/16","7917","ＺＡＣＲＯＳ","東証およびＰＴＳ",,"確報",600,0,3000,1300,200,3000,0,713400,0,3567000,1545700,237800,3567000,0,,,0,0,62400,0,0,49400,8.3,21,21,21,4.5,4.5,4.5
"2026/01/14","2026/01/16","7918","ヴィアＨＤ","東証およびＰＴＳ",,"確報",0,0,9900,0,0,0,9900,0,0,1069200,0,0,0,1069200,,,0,0,0,0,0,0,36.8,552,19,36.8,0,0,0
"2026/01/14","2026/01/16","7919","野崎印刷紙業","東証およびＰＴＳ",,"確報",2000,500,5700,0,0,0,5700,428000,107000,1219800,0,0,0,1219800,,,0,0,0,0,0,0,6,6,6,6,0,0,0
"2026/01/14","2026/01/16","7921","ＴＡＫＡＲＡ＆ＣＯ","東証およびＰＴＳ",,"確報",500,0,5000,700,300,14700,-9700,2232500,0,22325000,3125500,1339500,65635500,-43310500,,,0,0,0,360000,1144000,0,23.9,8.3,30.9,13.1,67.2,20.5,31.4
"2026/01/14","2026/01/16","7922","三光産業","東証およびＰＴＳ",,"確報",0,200,7800,0,0,0,7800,0,89800,3502200,0,0,0,3502200,,,0,0,0,0,0,0,398,0,199,398,0,0,0
"2026/01/14","2026/01/16","7923","トーイン","東証およびＰＴＳ",,"確報",0,600,900,0,0,0,900,0,709800,1064700,0,0,0,1064700,,,0,0,0,0,0,0,8.5,8.5,8.5,8.5,0,0,0
"2026/01/14","2026/01/16","7925","前澤化成工業","東証およびＰＴＳ",,"確報",600,300,11100,3200,300,45500,-34400,1442400,721200,26684400,7692800,721200,109382000,-82697600,,,0,0,691200,0,0,2726400,29.1,9.3,19.1,12.5,30.7,60.6,40.8
"2026/01/14","2026/01/16","7927","ムトー精工","東証およびＰＴＳ",,"確報",100,1400,5500,1000,700,1800,3700,215200,3012800,11836000,2152000,1506400,3873600,7962400,,,0,0,197200,0,0,43500,15.7,65,18.1,28.3,4.7,6.3,5.4
"2026/01/14","2026/01/16","7928","旭化学工業","東証およびＰＴＳ",,"確報",4000,0,4100,0,0,0,4100,2472000,0,2533800,0,0,0,2533800,,,0,0,1900,0,0,0,2.1,1,0,2.1,0,0,0
"2026/01/14","2026/01/16","7931","未来工業","東証およびＰＴＳ",,"確報",0,500,9700,0,500,9700,0,0,1715000,33271000,0,1715000,33271000,0,,,0,0,408000,0,0,408000,9.1,5.7,5.3,5.5,59,16.1,25.3
"2026/01/14","2026/01/16","7932","ニッピ","東証およびＰＴＳ",,"確報",0,100,1900,0,0,0,1900,0,1378000,26182000,0,0,0,26182000,,,0,0,40000,0,0,0,50,50,50,50,0,0,0
"2026/01/14","2026/01/16","7936","アシックス","東証およびＰＴＳ",,"確報",0,21200,94600,8900,300,8900,85700,0,86729200,387008600,36409900,1227300,36409900,350598700,,,0,0,6137400,0,0,15900,6.9,23.2,5.4,8.7,1.2,1.1,1.1
"2026/01/14","2026/01/16","7937","ツツミ","東証およびＰＴＳ",,"確報",200,100,2300,200,100,2300,0,549400,274700,6318100,549400,274700,6318100,0,,,0,0,88000,0,0,88000,9.2,8,4.9,6.1,29.3,16.7,21.3
"2026/01/14","2026/01/16","7938","リーガルコーポ","東証およびＰＴＳ",,"確報",0,0,600,0,0,0,600,0,0,1467600,0,0,0,1467600,,,0,0,0,1800,0,0,60,0,30,60,0,0,0
"2026/01/14","2026/01/16","7939","研創","東証およびＰＴＳ",,"確報",0,0,2000,0,0,0,2000,0,0,1178000,0,0,0,1178000,,,0,0,0,0,0,0,196,98,0,196,0,0,0
"2026/01/14","2026/01/16","7940","ウェーブロックＨＤ","東証およびＰＴＳ",,"確報",0,1200,73400,0,0,0,73400,0,1552800,94979600,0,0,0,94979600,,,0,0,0,1044400,0,0,135.7,248.9,93.3,135.7,0,0,0
"2026/01/14","2026/01/16","7942","ジェイ　エス　ピー","東証およびＰＴＳ",,"確報",500,2400,10200,200,0,45500,-35300,1271000,6100800,25928400,508400,0,115661000,-89732600,,,0,0,0,84700,317100,0,49.4,14.5,17.4,15.8,229.8,71.8,109.4
"2026/01/14","2026/01/16","7943","ニチハ","東証およびＰＴＳ",,"確報",100,2300,2100,300,0,4600,-2500,341000,7843000,7161000,1023000,0,15686000,-8525000,,,0,0,258000,0,0,258000,4.2,4.2,3.8,4,3.6,5.7,4.4
"2026/01/14","2026/01/16","7944","ローランド","東証およびＰＴＳ",,"確報",0,400,1400,0,400,1400,0,0,1558000,5453000,0,1558000,5453000,0,,,0,0,81000,0,0,81000,4.9,4.3,4.7,4.5,5,5.6,5.3
"2026/01/14","2026/01/16","7946","光陽社","東証およびＰＴＳ",,"確報",0,0,600,0,0,0,600,0,0,1228800,0,0,0,1228800,,,0,0,0,1200,0,0,60,0,30,60,0,0,0
"2026/01/14","2026/01/16","7947","エフピコ","東証およびＰＴＳ",,"確報",100,5000,2800,0,200,1100,1700,260200,13010000,7285600,0,520400,2862200,4423400,,,0,0,0,254100,42900,0,4.2,3.5,3.2,3.3,21.7,16.3,18.6
"2026/01/14","2026/01/16","7949","小松ウオール工業","東証およびＰＴＳ",,"確報",600,100,16700,1100,0,17300,-600,1710000,285000,47595000,3135000,0,49305000,-1710000,,,0,0,97200,0,0,97200,44.2,28.2,79,41.6,27.6,160,47.1
"2026/01/14","2026/01/16","7951","ヤマハ","東証およびＰＴＳ",,"確報",0,100,23500,200,3300,2600,20900,0,116300,27330500,232600,3837900,3023800,24306700,,,0,0,247800,0,0,59850,39.7,1176,1176,1176,8.6,5.5,6.8
"2026/01/14","2026/01/16","7952","河合楽器製作所","東証およびＰＴＳ",,"確報",2100,4500,13500,300,100,16100,-2600,6144600,13167000,39501000,877800,292600,47108600,-7607600,,,0,0,238500,0,0,238500,11.8,7,9.4,8,12.1,80.4,21
"2026/01/14","2026/01/16","7953","菊水化学工業","東証およびＰＴＳ",,"確報",100,700,7800,0,0,0,7800,38900,272300,3034200,0,0,0,3034200,,,0,0,0,8400,0,0,32.8,45.6,25.6,32.8,0,0,0
"2026/01/14","2026/01/16","7955","クリナップ","東証およびＰＴＳ",,"確報",1300,900,5200,400,0,5200,0,1150500,796500,4602000,354000,0,4602000,0,,,0,0,43200,0,0,43200,10.9,7.5,7.5,7.5,19.6,19.6,19.6
"2026/01/14","2026/01/16","7956","ピジョン","東証およびＰＴＳ",,"確報",600,300,23700,0,0,600,23100,977400,488700,38607300,0,0,977400,37629900,,,0,0,222300,0,0,5700,10.1,10.9,9,9.9,0,0,0
"2026/01/14","2026/01/16","7957","フジコピアン","東証およびＰＴＳ",,"確報",0,0,100,0,0,0,100,0,0,146000,0,0,0,146000,,,0,0,0,600,0,0,5.3,0,2.7,5.3,0,0,0
"2026/01/14","2026/01/16","7962","キングジム","東証およびＰＴＳ",,"確報",1000,1100,10600,0,200,223900,-213300,823000,905300,8723800,0,164600,184269700,-175545900,,,0,0,42800,0,0,896400,117.1,7.4,12.3,9.2,748.7,162.8,267.4
"2026/01/14","2026/01/16","7963","興研","東証およびＰＴＳ",,"確報",100,0,2800,100,0,100,2700,191200,0,5353600,191200,0,191200,5162400,,,0,0,0,51300,0,0,11.1,6.9,59,12.4,2,4,2.7
"2026/01/14","2026/01/16","7965","象印マホービン","東証およびＰＴＳ",,"確報",400,4100,78900,6100,8100,214800,-135900,624400,6400100,123162900,9522100,12644100,335302800,-212139900,,,0,0,0,0,0,0,28.9,19.8,12.3,15.2,51,42.8,46.5
"2026/01/14","2026/01/16","7966","リンテック","東証およびＰＴＳ",,"確報",0,300,400,100,600,200,200,0,1387500,1850000,462500,2775000,925000,925000,,,0,0,42000,0,0,42000,2.5,3.5,2.4,2.8,2.9,1.8,2.2
"2026/01/14","2026/01/16","7970","信越ポリマー","東証およびＰＴＳ",,"確報",300,900,34200,2500,0,50000,-15800,630000,1890000,71820000,5250000,0,105000000,-33180000,,,0,0,626400,0,0,855000,15.5,7.8,7.7,7.8,54.3,149.4,79.7
"2026/01/14","2026/01/16","7971","東リ","東証およびＰＴＳ",,"確報",0,900,7400,0,0,4500,2900,0,682200,5609200,0,0,3411000,2198200,,,0,0,83000,0,0,45000,9.6,19.7,7.3,10.6,43,4.8,8.6
"2026/01/14","2026/01/16","7972","イトーキ","東証およびＰＴＳ",,"確報",4200,2200,14300,100,7200,19500,-5200,10781400,5647400,36708100,256700,18482400,50056500,-13348400,,,0,0,467400,0,0,1010800,7.2,5.6,5.1,5.3,10.1,9.1,9.6
"2026/01/14","2026/01/16","7974","任天堂","東証およびＰＴＳ",,"確報",2500,52100,694700,4600,4200,4800,689900,25550000,532462000,7099834000,47012000,42924000,49056000,7050778000,,,0,0,200961000,0,0,1188000,21.5,17.1,36.1,23.3,1.3,0.9,1.1
"2026/01/14","2026/01/16","7975","リヒトラブ","東証およびＰＴＳ",,"確報",0,0,2900,0,0,0,2900,0,0,3761300,0,0,0,3761300,,,0,0,0,0,0,0,96.7,72.5,145,96.7,0,0,0
"2026/01/14","2026/01/16","7976","三菱鉛筆","東証およびＰＴＳ",,"確報",700,200,6100,1600,300,33500,-27400,1586900,453400,13828700,3627200,680100,75944500,-62115800,,,0,0,78400,0,0,450800,38.1,13.8,39.3,20.4,23.6,518.7,45.1
"2026/01/14","2026/01/16","7979","松風","東証およびＰＴＳ",,"確報",0,100,8600,0,100,3900,4700,0,187200,16099200,0,187200,7300800,8798400,,,0,0,69600,0,0,32000,9.9,146,11,20.4,202,2.4,4.7
"2026/01/14","2026/01/16","7980","重松製作所","東証およびＰＴＳ",,"確報",0,0,600,0,0,0,600,0,0,477000,0,0,0,477000,,,0,0,0,600,0,0,66,0,33,66,0,0,0
"2026/01/14","2026/01/16","7981","タカラスタンダード","東証およびＰＴＳ",,"確報",0,0,39700,100,1600,17100,22600,0,0,119695500,301500,4824000,51556500,68139000,,,0,0,397000,0,0,186000,23.9,0,19.1,38.2,32.5,8.3,13.3
"2026/01/14","2026/01/16","7983","ミロク","東証およびＰＴＳ",,"確報",100,0,1600,0,0,0,1600,115100,0,1841600,0,0,0,1841600,,,0,0,0,6000,0,0,33.5,16.8,0,33.5,0,0,0
"2026/01/14","2026/01/16","7984","コクヨ","東証およびＰＴＳ",,"確報",1200,9600,31600,100,32800,103200,-71600,1092480,8739840,28768640,91040,29861120,93953280,-65184640,,,0,0,236000,0,0,801810,10.4,15.6,8.2,10.8,38.9,5.9,10.3
"2026/01/14","2026/01/16","7985","ネポン","東証およびＰＴＳ",,"確報",0,0,2000,0,0,0,2000,0,0,3030000,0,0,0,3030000,,,0,0,20000,0,0,0,200,100,0,200,0,0,0
"2026/01/14","2026/01/16","7986","日本アイ・エス・ケイ","東証およびＰＴＳ",,"確報",0,0,200,0,0,0,200,0,0,360800,0,0,0,360800,,,0,0,0,2000,0,0,0,0,0,0,0,0,0
"2026/01/14","2026/01/16","7987","ナカバヤシ","東証およびＰＴＳ",,"確報",400,200,7700,300,100,7700,0,238000,119000,4581500,178500,59500,4581500,0,,,0,0,30000,0,0,30000,29,23.6,23.6,23.6,24.9,87,38.7
"2026/01/14","2026/01/16","7988","ニフコ","東証およびＰＴＳ",,"確報",500,300,3900,600,0,15500,-11600,2537500,1522500,19792500,3045000,0,78662500,-58870000,,,0,0,203500,0,0,819500,21.2,2.5,11.8,4.1,64.6,40.8,50
"2026/01/14","2026/01/16","7989","立川ブラインド工業","東証およびＰＴＳ",,"確報",1000,0,4600,1000,0,4600,0,1993000,0,9167800,1993000,0,9167800,0,,,0,0,104400,0,0,104400,15.5,20.2,12.6,15.5,20.2,12.6,15.5
"2026/01/14","2026/01/16","7990","グローブライド","東証およびＰＴＳ",,"確報",0,500,12300,1100,100,22900,-10600,0,1120000,27552000,2464000,224000,51296000,-23744000,,,0,0,256000,0,0,438000,36.4,28,35.8,31.4,36.2,44.8,40
"2026/01/14","2026/01/16","7991","マミヤ・オーピー","東証およびＰＴＳ",,"確報",3600,200,12700,9900,200,16600,-3900,6105600,339200,21539200,16790400,339200,28153600,-6614400,,,0,0,9300,0,0,6900,8.6,10.4,10.6,10.5,3.6,67.8,6.8
"2026/01/14","2026/01/16","7992","セーラー万年筆","東証およびＰＴＳ",,"確報",0,700,33400,0,0,0,33400,0,79100,3774200,0,0,0,3774200,,,0,0,0,68200,0,0,26.7,103.3,15.4,26.7,0,0,0
"2026/01/14","2026/01/16","7994","オカムラ","東証およびＰＴＳ",,"確報",800,0,7700,200,4600,1600,6100,1935200,0,18626300,483800,11127400,3870400,14755900,,,0,0,193200,0,0,168000,10.3,15.9,17.4,16.6,24.1,4.1,7
"2026/01/14","2026/01/16","7995","バルカー","東証およびＰＴＳ",,"確報",1200,100,10900,400,300,8000,2900,5172000,431000,46979000,1724000,1293000,34480000,12499000,,,0,0,539000,0,0,434500,6.5,3.5,8.2,4.9,7.1,28.6,11.4
"2026/01/14","2026/01/16","7997","くろがね工作所","東証およびＰＴＳ",,"確報",0,0,1600,0,0,0,1600,0,0,1539200,0,0,0,1539200,,,0,0,12800,0,0,0,0,0,0,0,0,0,0
"2026/01/14","2026/01/16","7999","ＭＵＴＯＨ－ＨＤ","東証およびＰＴＳ",,"確報",0,0,6000,0,0,1300,4700,0,0,17928000,0,0,3884400,14043600,,,0,0,0,72000,15600,0,0,0,0,0,0,0,0
"2026/01/14","2026/01/16","8001","伊藤忠商事","東証およびＰＴＳ",,"確報",18800,30300,468300,9100,20600,468300,0,38765600,62478600,965634600,18764200,42477200,965634600,0,,,0,0,3838400,0,0,3838400,7.3,5.7,5.1,5.4,23.2,13.5,17.1
"2026/01/14","2026/01/16","8002","丸紅","東証およびＰＴＳ",,"確報",3600,17300,59600,3700,4800,59600,0,18198000,87451500,301278000,18703500,24264000,301278000,0,,,0,0,7769800,0,0,6434200,8.9,13.8,6.7,9.1,5.5,21.2,8.7
"2026/01/14","2026/01/16","8005","スクロール","東証およびＰＴＳ",,"確報",300,100,3500,8200,1200,71200,-67700,414300,138100,4833500,11324200,1657200,98327200,-93493700,,,0,0,0,6600,128400,0,7,9.7,3.2,4.8,4.1,31.6,7.3
"2026/01/14","2026/01/16","8006","ユアサ・フナショク","東証およびＰＴＳ",,"確報",0,0,700,0,0,0,700,0,0,1128400,0,0,0,1128400,,,0,0,11200,0,0,0,36,36,36,36,0,0,0
"2026/01/14","2026/01/16","8007","高島","東証およびＰＴＳ",,"確報",1400,600,9000,1700,0,9000,0,1240400,531600,7974000,1506200,0,7974000,0,,,0,0,65600,0,0,58400,11,21.9,5.1,8.2,14.4,64.8,23.6
"2026/01/14","2026/01/16","8008","ヨンドシーホールディ","東証およびＰＴＳ",,"確報",600,300,11900,300,0,11900,0,1120200,560100,22217300,560100,0,22217300,0,,,0,0,0,34800,34800,0,17.6,7,23.9,10.8,21.1,142.3,36.7
"2026/01/14","2026/01/16","8011","三陽商会","東証およびＰＴＳ",,"確報",500,0,19700,1200,700,39600,-19900,2112500,0,83232500,5070000,2957500,167310000,-84077500,,,0,0,1920000,0,0,3910000,28.5,19.6,36.4,25.5,25.7,37,30.3
"2026/01/14","2026/01/16","8012","長瀬産業","東証およびＰＴＳ",,"確報",1700,500,11300,1900,700,11300,0,7114500,2092500,47290500,7951500,2929500,47290500,0,,,0,0,494900,0,0,494900,6.5,4.1,5.5,4.7,8.1,18.9,11.4
"2026/01/14","2026/01/16","8013","ナイガイ","東証およびＰＴＳ",,"確報",0,200,185500,0,0,0,185500,0,63400,58803500,0,0,0,58803500,,,0,0,928500,0,0,0,4642.5,0,2321.3,4642.5,0,0,0
"2026/01/14","2026/01/16","8014","蝶理","東証およびＰＴＳ",,"確報",1700,100,4900,2100,0,5300,-400,7174000,422000,20678000,8862000,0,22366000,-1688000,,,0,0,181500,0,0,176000,9.4,6.1,13.1,8.3,6.8,29.3,11
"2026/01/14","2026/01/16","8015","豊田通商","東証およびＰＴＳ",,"確報",1000,2100,35600,0,4400,5600,30000,5964000,12524400,212318400,0,26241600,33398400,178920000,,,0,0,3743400,0,0,1020000,10.2,62.9,7,12.5,3.5,4,3.7
"2026/01/14","2026/01/16","8016","オンワードＨＤ","東証およびＰＴＳ",,"確報",0,300,14400,100,0,11200,3200,0,231300,11102400,77100,0,8635200,2467200,,,0,0,44100,0,0,33300,2.2,1.9,1.8,1.9,7.1,6.5,6.8
"2026/01/14","2026/01/16","8018","三共生興","東証およびＰＴＳ",,"確報",500,0,150800,0,1900,11400,139400,358500,0,108123600,0,1362300,8173800,99949800,,,0,0,0,601200,53200,0,254.5,1504,0,3008,39.1,14.5,21.2
"2026/01/14","2026/01/16","8020","兼松","東証およびＰＴＳ",,"確報",4700,500,29900,0,3000,0,29900,9160300,974500,58275100,0,5847000,0,58275100,,,0,0,796700,0,0,93000,4.5,7.2,6,6.5,67.2,1.3,2.6
"2026/01/14","2026/01/16","8022","美津濃","東証およびＰＴＳ",,"確報",0,1100,11700,400,100,11000,700,0,3795000,40365000,1380000,345000,37950000,2415000,,,0,0,64000,0,0,53500,4,4.3,3.2,3.7,14,2.7,4.5
"2026/01/14","2026/01/16","8023","ＤＡＩＫＯＸＴ","東証およびＰＴＳ",,"確報",0,800,8000,0,0,0,8000,0,892800,8928000,0,0,0,8928000,,,0,0,193600,0,0,0,52.9,84.6,38.5,52.9,0,0,0
"2026/01/14","2026/01/16","8025","ツカモトコーポ","東証およびＰＴＳ",,"確報",0,0,0,0,0,0,0,0,0,0,0,0,0,0,,,0,0,0,0,0,0,1,1,1,1,0,0,0
"2026/01/14","2026/01/16","8029","ルックＨＤ","東証およびＰＴＳ",,"確報",1300,100,6700,200,0,11200,-4500,3289000,253000,16951000,506000,0,28336000,-11385000,,,0,0,11000,0,0,22000,15.1,6,22.2,9.4,63.1,11.7,19.7
"2026/01/14","2026/01/16","8030","中央魚類","東証およびＰＴＳ",,"確報",200,0,2300,0,0,0,2300,735000,0,8452500,0,0,0,8452500,,,0,0,0,10500,0,0,21.6,21.2,35.3,26.5,2,2,2
"2026/01/14","2026/01/16","8031","三井物産","東証およびＰＴＳ",,"確報",3600,14200,100600,0,9300,36300,64300,18172800,71681600,507828800,0,46946400,183242400,324586400,,,0,0,5337600,0,0,2188800,11.5,21.2,10,13.6,5.4,11.5,7.3
"2026/01/14","2026/01/16","8032","日本紙パルプ商事","東証およびＰＴＳ",,"確報",3600,1000,17300,4400,0,97900,-80600,3582000,995000,17213500,4378000,0,97410500,-80197000,,,0,0,132300,0,0,841500,18,7.3,9.1,8.1,15.9,43.8,23.4
"2026/01/14","2026/01/16","8035","東京エレクトロン","東証およびＰＴＳ",,"確報",1900,1600,28800,38200,11700,313600,-284800,80389000,67696000,1218528000,1616242000,495027000,13268416000,-12049888000,,,0,0,36480000,0,0,367488000,4.5,2.4,2.3,2.3,3.5,12.1,5.5
"2026/01/14","2026/01/16","8037","カメイ","東証およびＰＴＳ",,"確報",0,400,1700,0,400,1700,0,0,1298000,5516500,0,1298000,5516500,0,,,0,0,105000,0,0,105000,3.5,2.2,2.2,2.2,17.2,14.7,15.8
"2026/01/14","2026/01/16","8039","築地魚市場","東証およびＰＴＳ",,"確報",0,100,1200,0,0,0,1200,0,386000,4632000,0,0,0,4632000,,,0,0,13000,0,0,0,40.7,30.5,61,40.7,0,0,0
"2026/01/14","2026/01/16","8040","東京ソワール","東証およびＰＴＳ",,"確報",0,0,1800,0,0,0,1800,0,0,1929600,0,0,0,1929600,,,0,0,16200,0,0,0,64,0,32,64,0,0,0
"2026/01/14","2026/01/16","8041","ＯＵＧＨＤ","東証およびＰＴＳ",,"確報",0,100,4700,0,0,100,4600,0,393000,18471000,0,0,393000,18078000,,,0,0,0,24000,500,0,67.7,77,115.5,92.4,0,3,6
"2026/01/14","2026/01/16","8043","スターゼン","東証およびＰＴＳ",,"確報",300,0,4000,200,0,200,3800,387600,0,5168000,258400,0,258400,4909600,,,0,0,51800,0,0,0,25.5,37.2,46.5,41.3,1.3,2.5,1.7
"2026/01/14","2026/01/16","8045","横浜丸魚","東証およびＰＴＳ",,"確報",0,0,400,0,0,0,400,0,0,608400,0,0,0,608400,,,0,0,0,3600,0,0,0,0,0,0,0,0,0
"2026/01/14","2026/01/16","8046","丸藤シートパイル","東証およびＰＴＳ",,"確報",0,0,6400,0,0,0,6400,0,0,27008000,0,0,0,27008000,,,0,0,0,64000,0,0,93.4,109,81.8,93.4,0,0,0
"2026/01/14","2026/01/16","8050","セイコーグループ","東証およびＰＴＳ",,"確報",0,3200,1300,2000,3600,10900,-9600,0,24064000,9776000,15040000,27072000,81968000,-72192000,,,0,0,945000,0,0,2625000,2.9,1.6,1,1.2,6.2,6.6,6.4
"2026/01/14","2026/01/16","8051","山善","東証およびＰＴＳ",,"確報",0,600,8100,300,0,16600,-8500,0,907200,12247200,453600,0,25099200,-12852000,,,0,0,87000,0,0,163000,50.4,66.9,19.5,30.2,90.7,74.2,81.6
"2026/01/14","2026/01/16","8052","椿本興業","東証およびＰＴＳ",,"確報",0,100,3900,0,100,3900,0,0,298300,11633700,0,298300,11633700,0,,,0,0,128000,0,0,128000,12.1,13.2,10,11.4,30.1,8.1,12.8
"2026/01/14","2026/01/16","8053","住友商事","東証およびＰＴＳ",,"確報",4300,0,118900,1400,500,10200,108700,25718300,0,711140900,8373400,2990500,61006200,650134700,,,0,0,3552600,0,0,288300,22.5,35,146.5,56.6,11.7,3.4,5.3
"2026/01/14","2026/01/16","8056","ＢＩＰＲＯＧＹ","東証およびＰＴＳ",,"確報",300,200,3500,0,300,300,3200,1647600,1098400,19222000,0,1647600,1647600,17574400,,,0,0,0,176800,31200,0,2.4,2.4,2.9,2.6,23.8,1.1,2
"2026/01/14","2026/01/16","8057","内田洋行","東証およびＰＴＳ",,"確報",700,700,8000,3100,0,4200,3800,7994000,7994000,91360000,35402000,0,47964000,43396000,,,0,0,0,80000,11000,0,14.1,20.3,25.7,22.7,2.9,46,5.4
"2026/01/14","2026/01/16","8058","三菱商事","東証およびＰＴＳ",,"確報",59700,2800,455100,76200,26100,489800,-34700,242083500,11354000,1845430500,308991000,105835500,1986139000,-140708500,,,0,0,30263200,0,0,33417200,7.2,7.1,8.6,7.8,4.6,11.3,6.6
"2026/01/14","2026/01/16","8059","第一実業","東証およびＰＴＳ",,"確報",500,0,4600,0,0,1000,3600,1585000,0,14582000,0,0,3170000,11412000,,,0,0,164000,0,0,40000,37.7,31,72.3,43.4,15.7,47,23.5
"2026/01/14","2026/01/16","8060","キヤノンＭＪ","東証およびＰＴＳ",,"確報",200,1100,3500,100,1000,3500,0,1398800,7693400,24479000,699400,6994000,24479000,0,,,0,0,118800,0,0,118800,4.3,2.9,2.4,2.6,41.4,9.9,15.9
"2026/01/14","2026/01/16","8061","西華産業","東証およびＰＴＳ",,"確報",2600,500,12500,1400,0,6600,5900,6739200,1296000,32400000,3628800,0,17107200,15292800,,,0,0,769600,0,0,384800,9.2,17.3,6.7,9.6,5.7,14.1,8.1
"2026/01/14","2026/01/16","8065","佐藤商事","東証およびＰＴＳ",,"確報",300,0,13000,0,0,3200,9800,717900,0,31109000,0,0,7657600,23451400,,,0,0,12700,0,0,3200,64.3,47.2,307,81.9,39.3,31.4,34.9
"2026/01/14","2026/01/16","8066","三谷商事","東証およびＰＴＳ",,"確報",0,0,900,100,0,800,100,0,0,2022300,224700,0,1797600,224700,,,0,0,0,18000,14000,0,7.4,12,16,13.7,3.3,6.6,4.4
"2026/01/14","2026/01/16","8070","東京産業","東証およびＰＴＳ",,"確報",300,900,6300,0,100,6300,0,311700,935100,6545700,0,103900,6545700,0,,,0,0,179400,0,0,166400,27.2,17.6,15.2,16.3,159,63.6,90.9
"2026/01/14","2026/01/16","8074","ユアサ商事","東証およびＰＴＳ",,"確報",100,100,3900,0,100,100,3800,559000,559000,21801000,0,559000,559000,21242000,,,0,0,195000,0,0,10000,20.9,21.2,27.3,23.9,8,4,5.3
"2026/01/14","2026/01/16","8075","神鋼商事","東証およびＰＴＳ",,"確報",800,0,9000,100,0,5000,4000,2140000,0,24075000,267500,0,13375000,10700000,,,0,0,246000,0,0,147000,15.5,12.7,33.5,18.4,16.4,10,12.4
"2026/01/14","2026/01/16","8076","カノークス","東証およびＰＴＳ",,"確報",0,0,3200,0,100,100,3100,0,0,6649600,0,207800,207800,6441800,,,0,0,12800,0,0,800,25.7,0,17.3,34.6,3.5,3.5,3.5
"2026/01/14","2026/01/16","8077","トルク","東証およびＰＴＳ",,"確報",0,300,7900,0,0,1600,6300,0,73200,1927600,0,0,390400,1537200,,,0,0,0,0,0,0,19.6,68.8,45.9,55.1,77,2.3,4.4
"2026/01/14","2026/01/16","8078","阪和興業","東証およびＰＴＳ",,"確報",6100,400,12800,8800,600,14700,-1900,48617000,3188000,102016000,70136000,4782000,117159000,-15143000,,,0,0,2059000,0,0,1885000,6.4,4.3,13,6.4,3.8,19.9,6.4
"2026/01/14","2026/01/16","8079","正栄食品工業","東証およびＰＴＳ",,"確報",400,0,8700,900,0,11500,-2800,1648000,0,35844000,3708000,0,47380000,-11536000,,,0,0,290500,0,0,371000,19.7,13.5,18.8,15.7,17,49.2,25.2
"2026/01/14","2026/01/16","8081","カナデン","東証およびＰＴＳ",,"確報",0,0,900,0,0,0,900,0,0,2028600,0,0,0,2028600,,,0,0,23400,0,0,0,24.5,0,12.3,24.5,0,0,0
"2026/01/14","2026/01/16","8084","ＲＹＯＤＥＮ","東証およびＰＴＳ",,"確報",0,200,3800,0,200,3800,0,0,749000,14231000,0,749000,14231000,0,,,0,0,180000,0,0,180000,13.7,11.7,20.5,14.9,10.3,16.4,12.6
"2026/01/14","2026/01/16","8085","ナラサキ産業","東証およびＰＴＳ",,"確報",0,0,600,0,0,0,600,0,0,2460000,0,0,0,2460000,,,0,0,33000,0,0,0,17,34,11.3,17,0,0,0
"2026/01/14","2026/01/16","8086","ニプロ","東証およびＰＴＳ",,"確報",400,400,15800,2000,300,198800,-183000,592800,592800,23415600,2964000,444600,294621600,-271206000,,,0,0,0,0,0,0,12,13.4,23.2,17,6.1,132,11.7
"2026/01/14","2026/01/16","8088","岩谷産業","東証およびＰＴＳ",,"確報",9000,1500,33000,0,5700,3600,29400,17050500,2841750,62518500,0,10798650,6820200,55698300,,,0,0,1836000,0,0,669600,4,4.1,26,7.1,1.6,1.6,1.6
"2026/01/14","2026/01/16","8089","ナイス","東証およびＰＴＳ",,"確報",0,0,3500,0,100,400,3100,0,0,6835500,0,195300,781200,6054300,,,0,0,0,17500,2500,0,21.6,32.8,0,65.6,7.5,3.3,4.6
"2026/01/14","2026/01/16","8091","ニチモウ","東証およびＰＴＳ",,"確報",0,0,2400,0,0,1300,1100,0,0,6060000,0,0,3282500,2777500,,,0,0,31200,0,0,16900,39,41.3,24.8,31,0,35.5,71
"2026/01/14","2026/01/16","8093","極東貿易","東証およびＰＴＳ",,"確報",600,1000,4500,0,300,2100,2400,1174200,1957000,8806500,0,587100,4109700,4696800,,,0,0,44100,0,0,21600,8.9,7.9,8.2,8.1,11.1,12.3,11.7
"2026/01/14","2026/01/16","8095","アステナＨＤ","東証およびＰＴＳ",,"確報",100,1300,17200,5600,0,14900,2300,48000,624000,8256000,2688000,0,7152000,1104000,,,0,0,0,92000,46500,0,19.4,29,38.3,33,6.9,33.3,11.5
"2026/01/14","2026/01/16","8097","三愛オブリ","東証およびＰＴＳ",,"確報",0,200,7900,100,300,7900,0,0,441600,17443200,220800,662400,17443200,0,,,0,0,348300,0,0,348300,30.4,28.4,23.7,25.8,42.6,32.8,37
"2026/01/14","2026/01/16","8098","稲畑産業","東証およびＰＴＳ",,"確報",0,0,1300,400,100,5500,-4200,0,0,5096000,1568000,392000,21560000,-16464000,,,0,0,39000,0,0,156000,20.1,15.2,12.7,13.8,39.3,16.2,22.9
"2026/01/14","2026/01/16","8101","ＧＳＩクレオス","東証およびＰＴＳ",,"確報",700,0,5900,800,100,6900,-1000,1775900,0,14968300,2029600,253700,17505300,-2537000,,,0,0,0,98800,117800,0,19.1,13.8,13.8,13.8,22.6,35.1,27.5
"2026/01/14","2026/01/16","8103","明和産業","東証およびＰＴＳ",,"確報",200,1900,19600,0,600,2400,17200,199000,1890500,19502000,0,597000,2388000,17114000,,,0,0,149100,0,0,21000,20.5,24.6,20.3,22.2,14.1,11.5,12.7
"2026/01/14","2026/01/16","8104","クワザワＨＤ","東証およびＰＴＳ",,"確報",0,0,3900,0,0,0,3900,0,0,2453100,0,0,0,2453100,,,0,0,11700,0,0,0,396,0,198,396,0,0,0
"2026/01/14","2026/01/16","8105","ＢｉｔｃｏｉｎＪＰＮ","東証およびＰＴＳ",,"確報",30600,26200,959000,0,0,0,959000,6517800,5580600,204267000,0,0,0,204267000,,,0,0,954600,0,0,0,31,24.4,42.4,31,0,0,0
"2026/01/14","2026/01/16","8107","キムラタン","東証およびＰＴＳ",,"確報",8700,0,138800,0,0,0,138800,278400,0,4441600,0,0,0,4441600,,,0,0,130100,0,0,0,49,41.5,59.7,49,0,0,0
"2026/01/14","2026/01/16","8111","ゴールドウィン","東証およびＰＴＳ",,"確報",0,1400,21900,0,0,0,21900,0,3654000,57159000,0,0,0,57159000,,,0,0,209700,0,0,0,5.6,10.7,4.1,5.9,0,1.5,3
"2026/01/14","2026/01/16","8113","ユニ・チャーム","東証およびＰＴＳ",,"確報",1400,400,371900,0,0,2100,369800,1266580,361880,336457930,0,0,1899870,334558060,,,0,0,3783180,0,0,21420,32.4,149.3,19.8,35,3.6,3.3,3.5
"2026/01/14","2026/01/16","8115","ムーンバット","東証およびＰＴＳ",,"確報",0,0,3800,0,0,0,3800,0,0,5396000,0,0,0,5396000,,,0,0,60800,0,0,0,0,0,0,0,0,0,0
"2026/01/14","2026/01/16","8117","中央自動車工業","東証およびＰＴＳ",,"確報",0,100,5000,1200,300,4700,300,0,198000,9900000,2376000,594000,9306000,594000,,,0,0,40800,0,0,30400,19.2,145,20.7,36.3,6.3,34.2,10.7
"2026/01/14","2026/01/16","8118","キング","東証およびＰＴＳ",,"確報",0,0,13000,0,300,6000,7000,0,0,12077000,0,278700,5574000,6503000,,,0,0,0,0,0,0,61.9,666,111,190.3,162,14.1,25.9
"2026/01/14","2026/01/16","8119","三栄コーポレーション","東証およびＰＴＳ",,"確報",0,0,700,0,0,0,700,0,0,586600,0,0,0,586600,,,0,0,0,2100,0,0,68,34,0,68,0,0,0
"2026/01/14","2026/01/16","8123","川辺","東証およびＰＴＳ",,"確報",0,500,1800,0,0,0,1800,0,751000,2703600,0,0,0,2703600,,,0,0,4600,0,0,0,14,10.5,21,14,0,0,0
"2026/01/14","2026/01/16","8125","ワキタ","東証およびＰＴＳ",,"確報",1600,2400,10800,100,900,10800,0,3206400,4809600,21643200,200400,1803600,21643200,0,,,0,0,0,58000,58000,0,7.3,6.6,7.4,7,6.6,9.4,7.8
"2026/01/14","2026/01/16","8127","ヤマトインタ","東証およびＰＴＳ",,"確報",0,400,3600,1300,0,85900,-82300,0,240400,2163600,781300,0,51625900,-49462300,,,0,0,4000,0,0,84600,64.1,9.2,18.4,12.3,232.5,45.5,76.2
"2026/01/14","2026/01/16","8129","東邦ホールディングス","東証およびＰＴＳ",,"確報",1800,600,7700,0,0,8300,-600,8474400,2824800,36251600,0,0,39076400,-2824800,,,0,0,0,52000,66400,0,19.1,7.8,10,8.7,0,0,0
"2026/01/14","2026/01/16","8130","サンゲツ","東証およびＰＴＳ",,"確報",0,0,6600,800,0,3100,3500,0,0,21054000,2552000,0,9889000,11165000,,,0,0,198000,0,0,69000,49.1,45.3,0,90.6,13.9,62.5,22.7
"2026/01/14","2026/01/16","8131","ミツウロコＧＨＤ","東証およびＰＴＳ",,"確報",0,400,4200,0,2400,5200,-1000,0,890400,9349200,0,5342400,11575200,-2226000,,,0,0,0,9200,15200,0,12,7.2,16,9.9,201.5,6.9,13.4
"2026/01/14","2026/01/16","8132","シナネンＨＤ","東証およびＰＴＳ",,"確報",0,0,300,0,300,8800,-8500,0,0,2016000,0,2016000,59136000,-57120000,,,0,0,18000,0,0,546000,50,17,17,17,91.6,38.2,53.9
"2026/01/14","2026/01/16","8133","伊藤忠エネクス","東証およびＰＴＳ",,"確報",600,0,13300,0,1100,7700,5600,1203000,0,26666500,0,2205500,15438500,11228000,,,0,0,495300,0,0,343200,24.2,16,87,27.1,33.6,15.7,21.4
"2026/01/14","2026/01/16","8135","ゼット","東証およびＰＴＳ",,"確報",200,4000,60500,0,0,0,60500,109600,2192000,33154000,0,0,0,33154000,,,0,0,0,321500,0,0,24.7,19.8,32.6,24.7,0,0,0
"2026/01/14","2026/01/16","8136","サンリオ","東証およびＰＴＳ",,"確報",600,107500,1320800,0,600,2900,1317900,3040800,544810000,6693814400,0,3040800,14697200,6679117200,,,0,0,109932900,0,0,269500,40.2,52.3,34,41.2,3.7,4.3,4
"2026/01/14","2026/01/16","8137","サンワテクノス","東証およびＰＴＳ",,"確報",100,100,3000,0,0,3000,0,308000,308000,9240000,0,0,9240000,0,,,0,0,90000,0,0,90000,22.8,16.4,21.1,18.5,24.7,37,29.6
"2026/01/14","2026/01/16","8138","三京化成","東証およびＰＴＳ",,"確報",0,0,0,0,0,0,0,0,0,0,0,0,0,0,,,0,0,0,0,0,0,0,0,0,0,0,0,0
"2026/01/14","2026/01/16","8139","ナガホリ","東証およびＰＴＳ",,"確報",0,0,546600,0,0,0,546600,0,0,1197600600,0,0,0,1197600600,,,0,0,30609600,0,0,0,1763.4,1138.9,3904.7,1763.4,0,0,0
"2026/01/14","2026/01/16","8141","新光商事","東証およびＰＴＳ",,"確報",0,100,24800,2900,0,37000,-12200,0,106600,26436800,3091400,0,39442000,-13005200,,,0,0,273900,0,0,375100,16.4,8.9,9.7,9.3,34.2,45.6,39.1
"2026/01/14","2026/01/16","8142","トーホー","東証およびＰＴＳ",,"確報",1200,5600,3100,146200,100,153300,-150200,4812000,22456000,12431000,586262000,401000,614733000,-602302000,,,0,0,487500,0,0,468000,2.3,2.8,2.4,2.6,1.2,36.4,2.3
"2026/01/14","2026/01/16","8143","ラピーヌ","東証およびＰＴＳ",,"確報",0,1000,1500,0,0,0,1500,0,221000,331500,0,0,0,331500,,,0,0,0,2500,0,0,6.8,83.5,3.6,6.8,0,0,0
"2026/01/14","2026/01/16","8144","デンキョーグループ","東証およびＰＴＳ",,"確報",0,0,0,0,0,0,0,0,0,0,0,0,0,0,,,0,0,0,0,0,0,1,1,1,1,0,0,0
"2026/01/14","2026/01/16","8147","トミタ","東証およびＰＴＳ",,"確報",0,0,3200,0,0,0,3200,0,0,4467200,0,0,0,4467200,,,0,0,0,35200,0,0,0,0,0,0,0,0,0
"2026/01/14","2026/01/16","8150","三信電気","東証およびＰＴＳ",,"確報",600,100,13000,0,0,0,13000,1941000,323500,42055000,0,0,0,42055000,,,0,0,625000,0,0,0,53.3,53.1,57.9,55.4,0,3,6
"2026/01/14","2026/01/16","8151","東陽テクニカ","東証およびＰＴＳ",,"確報",500,0,7600,500,0,7600,0,896500,0,13626800,896500,0,13626800,0,,,0,0,106500,0,0,106500,42.1,27.5,32.5,29.8,59.7,89.5,71.6
"2026/01/14","2026/01/16","8152","ソマール","東証およびＰＴＳ",,"確報",100,0,3500,0,0,0,3500,604000,0,21140000,0,0,0,21140000,,,0,0,102000,0,0,0,168,84,0,168,0,0,0
"2026/01/14","2026/01/16","8153","モスフードサービス","東証およびＰＴＳ",,"確報",0,100,3700,1100,0,13600,-9900,0,423000,15651000,4653000,0,57528000,-41877000,,,0,0,0,0,0,0,12.9,25.6,4,6.9,14.1,41.3,21
"2026/01/14","2026/01/16","8154","加賀電子","東証およびＰＴＳ",,"確報",6400,2600,10500,1100,100,10500,0,25376000,10309000,41632500,4361500,396500,41632500,0,,,0,0,134000,0,0,190000,3.5,1.6,1.8,1.7,32.7,32.7,32.7
"2026/01/14","2026/01/16","8157","都築電気","東証およびＰＴＳ",,"確報",0,0,12700,500,100,5400,7300,0,0,44767500,1762500,352500,19035000,25732500,,,0,0,254000,0,0,100000,57.9,126,210,157.5,38.1,16.7,23.2
"2026/01/14","2026/01/16","8158","ソーダニッカ","東証およびＰＴＳ",,"確報",0,0,15100,0,100,5400,9700,0,0,17365000,0,115000,6210000,11155000,,,0,0,75500,0,0,27500,50.2,22.2,0,44.3,52.6,131.5,75.1
"2026/01/14","2026/01/16","8159","立花エレテック","東証およびＰＴＳ",,"確報",2800,6400,3400,100,1500,5400,-2000,8904000,20352000,10812000,318000,4770000,17172000,-6360000,,,0,0,0,210000,204000,0,4.8,3.5,2.5,2.9,14.5,9,11.1
"2026/01/14","2026/01/16","8160","木曽路","東証およびＰＴＳ",,"確報",500,0,8600,1500,0,26900,-18300,1263500,0,21732200,3790500,0,67976300,-46244100,,,0,0,121500,0,0,381000,41.1,19.9,56.9,29.5,34.2,74.4,46.9
"2026/01/14","2026/01/16","8163","ＳＲＳＨＤ","東証およびＰＴＳ",,"確報",1200,18100,24000,4500,0,51900,-27900,1488000,22444000,29760000,5580000,0,64356000,-34596000,,,0,0,654400,0,0,758400,8.6,3.9,3.9,3.9,20.3,763.7,39.5
"2026/01/14","2026/01/16","8165","千趣会","東証およびＰＴＳ",,"確報",2300,1800,120900,200,200,691500,-570600,471500,369000,24784500,41000,41000,141757500,-116973000,,,0,0,0,0,0,0,121.8,11.7,55.5,19.4,2035.1,691.9,1032.7
"2026/01/14","2026/01/16","8166","タカキュー","東証およびＰＴＳ",,"確報",100,1400,67900,0,0,0,67900,8400,117600,5703600,0,0,0,5703600,,,0,0,0,0,0,0,45.4,129.5,27.5,45.4,0,0,0
"2026/01/14","2026/01/16","8167","リテールパートナーズ","東証およびＰＴＳ",,"確報",800,1000,8000,0,200,8000,0,1052800,1316000,10528000,0,263200,10528000,0,,,0,0,0,147600,147600,0,26.1,25.4,14.9,18.7,107.8,26.9,43.1
"2026/01/14","2026/01/16","8173","上新電機","東証およびＰＴＳ",,"確報",0,700,1500,23900,0,43400,-41900,0,1922900,4120500,65653300,0,119219800,-115099300,,,0,0,107800,0,0,955500,2.9,9.1,3.1,4.6,1.9,5.4,2.8
"2026/01/14","2026/01/16","8174","日本瓦斯","東証およびＰＴＳ",,"確報",700,13000,1700,1100,0,6200,-4500,2112600,39234000,5130600,3319800,0,18711600,-13581000,,,0,0,1239000,0,0,451350,2.4,1.4,1.3,1.4,9.4,6.9,7.9
"2026/01/14","2026/01/16","8179","ロイヤルＨＤ","東証およびＰＴＳ",,"確報",100,3300,25800,8000,100,133400,-107600,135200,4461600,34881600,10816000,135200,180356800,-145475200,,,0,0,406000,0,0,1757000,23.1,15.7,6.9,9.6,27.4,43.6,33.7
"2026/01/14","2026/01/16","8181","東天紅","東証およびＰＴＳ",,"確報",0,0,400,0,0,0,400,0,0,452400,0,0,0,452400,,,0,0,3200,0,0,0,42,0,21,42,0,0,0
"2026/01/14","2026/01/16","8185","チヨダ","東証およびＰＴＳ",,"確報",300,600,35400,2000,100,60100,-24700,333600,667200,39364800,2224000,111200,66831200,-27466400,,,0,0,0,178500,291000,0,22.6,11.4,12.1,11.7,54.1,46.5,50
"2026/01/14","2026/01/16","8194","ライフコーポ","東証およびＰＴＳ",,"確報",400,200,5800,0,1000,1000,4800,992800,496400,14395600,0,2482000,2482000,11913600,,,0,0,0,302400,108000,0,9.1,13.8,17.5,15.4,3.9,3,3.4
"2026/01/14","2026/01/16","8198","マックスバリュ東海","東証およびＰＴＳ",,"確報",0,0,2800,0,0,0,2800,0,0,10290000,0,0,0,10290000,,,0,0,28000,0,0,0,64,32,0,64,0,0,0
"2026/01/14","2026/01/16","8200","リンガーハット","東証およびＰＴＳ",,"確報",800,4500,28200,4100,0,43300,-15100,1808800,10174500,63760200,9270100,0,97901300,-34141100,,,0,0,510400,0,0,627200,10.2,2.9,12.3,4.6,12.8,159.5,23.7
"2026/01/14","2026/01/16","8202","ラオックスＨＤ","東証およびＰＴＳ",,"確報",15000,9900,66300,9700,4600,66300,0,2250000,1485000,9945000,1455000,690000,9945000,0,,,0,0,0,61200,61200,0,15.7,10.8,10.5,10.6,31,31,31
"2026/01/14","2026/01/16","8203","ＭｒＭａｘＨＤ","東証およびＰＴＳ",,"確報",2800,0,9100,0,0,2500,6600,2251200,0,7316400,0,0,2010000,5306400,,,0,0,50400,0,0,20000,7.1,4.5,13.8,6.8,12.1,5.6,7.7
"2026/01/14","2026/01/16","8207","テンアライド","東証およびＰＴＳ",,"確報",0,0,1100,0,0,0,1100,0,0,321200,0,0,0,321200,,,0,0,0,0,0,0,0,0,0,0,0,0,0
"2026/01/14","2026/01/16","8214","ＡＯＫＩＨＤ","東証およびＰＴＳ",,"確報",2700,200,15200,2600,100,15200,0,5073300,375800,28560800,4885400,187900,28560800,0,,,0,0,76200,0,0,76200,8.6,4.6,70.9,8.6,4.6,82.7,8.7
"2026/01/14","2026/01/16","8217","オークワ","東証およびＰＴＳ",,"確報",0,1200,17400,37700,0,65900,-48500,0,1032000,14964000,32422000,0,56674000,-41710000,,,0,0,260400,0,0,394800,9.1,14.5,9.2,11.2,4.1,857.5,8.2
"2026/01/14","2026/01/16","8218","コメリ","東証およびＰＴＳ",,"確報",800,200,12500,700,100,12500,0,2804000,701000,43812500,2453500,350500,43812500,0,,,0,0,416500,0,0,416500,38.8,29.5,31,30.2,51.7,56.4,53.9
"2026/01/14","2026/01/16","8219","青山商事","東証およびＰＴＳ",,"確報",26100,200,51500,26300,400,51500,0,69399900,531800,136938500,69931700,1063600,136938500,0,,,0,0,512000,0,0,512000,8.6,4.5,41.5,8.1,4.8,99.7,9.2
"2026/01/14","2026/01/16","8225","タカチホ","東証およびＰＴＳ",,"確報",0,0,1100,0,0,0,1100,0,0,4070000,0,0,0,4070000,,,0,0,0,11000,0,0,0,0,0,0,0,0,0
"2026/01/14","2026/01/16","8226","理経","東証およびＰＴＳ",,"確報",6300,10400,122000,0,0,0,122000,3250800,5366400,62952000,0,0,0,62952000,,,0,0,252200,0,0,0,12.6,9.6,18.3,12.6,0,0,0
"2026/01/14","2026/01/16","8227","しまむら","東証およびＰＴＳ",,"確報",1500,1100,5400,700,0,5400,0,15667500,11489500,56403000,7311500,0,56403000,0,,,0,0,0,475000,446500,0,8.1,11.9,3.2,5.1,22.9,25.2,24
"2026/01/14","2026/01/16","8230","はせがわ","東証およびＰＴＳ",,"確報",100,100,1900,0,0,1900,0,32100,32100,609900,0,0,609900,0,,,0,0,0,0,0,0,5,3.3,6.9,4.5,4,10.4,5.7
"2026/01/14","2026/01/16","8233","高島屋","東証およびＰＴＳ",,"確報",10200,100,489300,4800,8500,332300,157000,19788000,194000,949242000,9312000,16490000,644662000,304580000,,,0,0,11740400,0,0,8232000,12.7,27.9,20.8,23.8,5,18.5,7.8
"2026/01/14","2026/01/16","8237","松屋","東証およびＰＴＳ",,"確報",0,100,800,5000,1600,319500,-318700,0,181700,1453600,9085000,2907200,580531500,-579077900,,,0,0,38700,0,0,13592300,54.7,7.2,12,9,71.7,45,55.3
"2026/01/14","2026/01/16","8242","Ｈ２Ｏリテイリング","東証およびＰＴＳ",,"確報",100,0,3100,0,0,0,3100,214800,0,6658800,0,0,0,6658800,,,0,0,73500,0,0,0,1.4,2,2,2,1.1,1,1.1
"2026/01/14","2026/01/16","8244","近鉄百貨店","東証およびＰＴＳ",,"確報",8100,9600,12400,1900,100,15100,-2700,15017400,17798400,22989600,3522600,185400,27995400,-5005800,,,0,0,83400,0,0,79800,3.6,1.8,1.8,1.8,17.3,43.9,24.8
"2026/01/14","2026/01/16","8247","大和","東証およびＰＴＳ",,"確報",0,200,400,0,0,0,400,0,78000,156000,0,0,0,156000,,,0,0,0,0,0,0,4.9,6.8,3.9,4.9,0,0,0
"2026/01/14","2026/01/16","8252","丸井グループ","東証およびＰＴＳ",,"確報",300,3000,10900,600,600,2700,8200,959700,9597000,34869100,1919400,1919400,8637300,26231800,,,0,0,0,40800,8100,0,16.8,16.5,17.4,17,14.4,18.6,16.3
"2026/01/14","2026/01/16","8253","クレディセゾン","東証およびＰＴＳ",,"確報",500,300,2900,100,0,1900,1000,2176500,1305900,12623700,435300,0,8270700,4353000,,,0,0,0,18900,12600,0,9.4,14.5,8.8,11,11.3,5.9,7.8
"2026/01/14","2026/01/16","8254","さいか屋","東証およびＰＴＳ",,"確報",200,0,25800,0,0,0,25800,86200,0,11119800,0,0,0,11119800,,,0,0,204800,0,0,0,109.1,130.9,93.5,109.1,0,0,0
"2026/01/14","2026/01/16","8255","アクシアル　リテ","東証およびＰＴＳ",,"確報",0,0,3900,0,0,1200,2700,0,0,4539600,0,0,1396800,3142800,,,0,0,7800,0,0,2400,32.9,29.1,29.1,29.1,59,59,59
"2026/01/14","2026/01/16","8260","井筒屋","東証およびＰＴＳ",,"確報",400,0,314900,0,100,600,314300,171600,0,135092100,0,42900,257400,134834700,,,0,0,0,1258000,2800,0,2101.3,1965.6,3931.3,2620.8,35,17.5,23.3
"2026/01/14","2026/01/16","8267","イオン","東証およびＰＴＳ",,"確報",236000,1900,374100,60700,6800,988900,-614800,517076000,4162900,819653100,132993700,14898800,2166679900,-1347026800,,,0,0,0,0,0,0,4.5,1.6,2.5,2,13.7,4.8,7.2
"2026/01/14","2026/01/16","8273","イズミ","東証およびＰＴＳ",,"確報",1300,300,2800,1200,0,2800,0,3932500,907500,8470000,3630000,0,8470000,0,,,0,0,0,27000,24000,0,1.3,1.7,1.8,1.7,1.1,1.2,1.2
"2026/01/14","2026/01/16","8275","フォーバル","東証およびＰＴＳ",,"確報",0,0,1600,0,0,1600,0,0,0,1907200,0,0,1907200,0,,,0,0,17600,0,0,17600,7.7,40.3,4.3,7.8,34.6,4.2,7.6
"2026/01/14","2026/01/16","8276","平和堂","東証およびＰＴＳ",,"確報",0,0,1500,800,600,24700,-23200,0,0,4371000,2331200,1748400,71975800,-67604800,,,0,0,18000,0,0,294000,4.8,5.5,1.4,2.2,3.5,14.1,5.6
"2026/01/14","2026/01/16","8278","フジ","東証およびＰＴＳ",,"確報",600,1500,12600,4100,100,69600,-57000,1240800,3102000,26056800,8478800,206800,143932800,-117876000,,,0,0,310500,0,0,1508800,14.5,6.6,12,8.5,9.1,104.9,16.8
"2026/01/14","2026/01/16","8281","ゼビオＨＤ","東証およびＰＴＳ",,"確報",100,1900,18900,1100,0,37300,-18400,109800,2086200,20752200,1207800,0,40955400,-20203200,,,0,0,248400,0,0,434400,34.1,16.2,26.9,20.2,69.3,40.9,51.5
"2026/01/14","2026/01/16","8282","ケーズホールディング","東証およびＰＴＳ",,"確報",100,0,13000,100,400,35100,-22100,163200,0,21216000,163200,652800,57283200,-36067200,,,0,0,122550,0,0,336300,18.1,33.7,91.4,49.2,11.2,21.7,14.8
"2026/01/14","2026/01/16","8283","ＰＡＬＴＡＣ","東証およびＰＴＳ",,"確報",600,0,4400,12400,0,16200,-11800,3031800,0,22233200,62657200,0,81858600,-59625400,,,0,0,319200,0,0,319200,4.4,8.8,10.1,9.4,2.5,5,3.3
"2026/01/14","2026/01/16","8285","三谷産業","東証およびＰＴＳ",,"確報",0,200,1181100,0,2000,46800,1134300,0,117400,693305700,0,1174000,27471600,665834100,,,0,0,5906500,0,0,244000,32.1,15.8,1063.7,31.1,267.9,54.8,91
"2026/01/14","2026/01/16","8289","Ｏｌｙｍｐｉｃグルー","東証およびＰＴＳ",,"確報",200,200,5100,0,900,3500,1600,89200,89200,2274600,0,401400,1561000,713600,,,0,0,0,35700,30800,0,12.4,11.4,14.1,12.6,18.1,9,12.1
"2026/01/14","2026/01/16","8291","日産東京販売ＨＤ","東証およびＰＴＳ",,"確報",1600,0,69100,500,0,15400,53700,857600,0,37037600,268000,0,8254400,28783200,,,0,0,472500,0,0,104300,45.5,49.6,1108,95,5.1,0,10.2
"2026/01/14","2026/01/16","8303","ＳＢＩ新生銀行","東証およびＰＴＳ",,"確報",326100,3000,3621900,0,0,0,3621900,639156000,5880000,7098924000,0,0,0,7098924000,,,0,0,0,98964000,0,0,14.3,9,34.5,14.3,0,0,0
"2026/01/14","2026/01/16","8304","あおぞら銀行","東証およびＰＴＳ",,"確報",65000,1400,174500,1500,0,1008500,-834000,174557500,3759700,468619750,4028250,0,2708326750,-2239707000,,,0,0,5323200,0,0,48336000,6.4,1.8,1.8,1.8,1144.3,4195.9,1798.3
"2026/01/14","2026/01/16","8306","三菱ＵＦＪＦＧ","東証およびＰＴＳ",,"確報",65300,96800,1392500,67600,41600,628800,763700,188031350,278735600,4009703750,194654200,119787200,1810629600,2199074150,,,0,0,138840000,0,0,58773000,11,18.4,10.2,13.1,4.1,18.8,6.7
"2026/01/14","2026/01/16","8308","りそなＨＤ","東証およびＰＴＳ",,"確報",2200,20600,29400,52800,26200,145200,-115800,3786200,35452600,50597400,90868800,45090200,249889200,-199291800,,,0,0,1816400,0,0,4506800,2.5,4.2,2,2.7,1.9,2.9,2.3
"2026/01/14","2026/01/16","8309","三井住友トラストＧ","東証およびＰＴＳ",,"確報",19200,21800,55900,2200,0,55900,0,97593600,110809400,284139700,11182600,0,284139700,0,,,0,0,3451500,0,0,3168300,5.7,3,3.1,3.1,43.6,63.9,51.8
"2026/01/14","2026/01/16","8316","三井住友ＦＧ","東証およびＰＴＳ",,"確報",400,93800,1386500,46800,200,295400,1091100,2222000,521059000,7702007500,259974000,1111000,1640947000,6061060500,,,0,0,207186000,0,0,34832000,17.3,15.4,21.2,17.9,11.3,20.5,14.6
"2026/01/14","2026/01/16","8331","千葉銀行","東証およびＰＴＳ",,"確報",700,1400,33000,8500,1100,33000,0,1392650,2785300,65653500,16910750,2188450,65653500,0,,,0,0,1752400,0,0,1331200,6.5,6.5,7,6.7,5.8,6.5,6.2
"2026/01/14","2026/01/16","8334","群馬銀行","東証およびＰＴＳ",,"確報",1300,500,44800,900,200,7600,37200,2456350,944750,84649600,1700550,377900,14360200,70289400,,,0,0,770000,0,0,120750,23.7,63.5,14.3,23.3,20.3,43.1,27.6
"2026/01/14","2026/01/16","8336","武蔵野銀行","東証およびＰＴＳ",,"確報",300,100,7100,100,0,100,7000,1611000,537000,38127000,537000,0,537000,37590000,,,0,0,759000,0,0,0,15,12.3,22,15.8,7,3.5,4.7
"2026/01/14","2026/01/16","8337","千葉興業銀行","東証およびＰＴＳ",,"確報",1500,2200,9500,0,700,9500,0,2787000,4087600,17651000,0,1300600,17651000,0,,,0,0,285600,0,0,285600,8.8,5.9,5,5.4,39.3,17.6,24.3
"2026/01/14","2026/01/16","8338","筑波銀行","東証およびＰＴＳ",,"確報",27700,29200,273400,9500,11000,273400,0,12769700,13461200,126037400,4379500,5071000,126037400,0,,,0,0,0,274900,274900,0,7.7,4.7,4.1,4.4,53.8,22.4,31.6
"2026/01/14","2026/01/16","8341","七十七銀行","東証およびＰＴＳ",,"確報",3200,0,9100,0,900,1300,7800,26502400,0,75366200,0,7453800,10766600,64599600,,,0,0,0,230100,85800,0,7.6,8.2,26.6,12.6,4.3,2.7,3.3
"2026/01/14","2026/01/16","8343","秋田銀行","東証およびＰＴＳ",,"確報",1100,1300,20700,500,0,27400,-6700,4933500,5830500,92839500,2242500,0,122889000,-30049500,,,0,0,1776500,0,0,2286500,7.4,5,7.8,6.1,5.6,23.3,9
"2026/01/14","2026/01/16","8344","山形銀行","東証およびＰＴＳ",,"確報",16200,500,31900,3900,800,31900,0,34441200,1063000,67819400,8291400,1700800,67819400,0,,,0,0,0,64800,115200,0,7.8,4.7,17.1,7.3,5.2,18.7,8.2
"2026/01/14","2026/01/16","8345","岩手銀行","東証およびＰＴＳ",,"確報",0,100,2200,0,0,600,1600,0,594000,13068000,0,0,3564000,9504000,,,0,0,276000,0,0,72000,8.6,4.8,22.8,7.9,8.3,25,12.5
"2026/01/14","2026/01/16","8346","東邦銀行","東証およびＰＴＳ",,"確報",66600,1300,170300,0,5600,213800,-43500,38761200,756600,99114600,0,3259200,124431600,-25317000,,,0,0,105000,0,0,219400,8.8,3.3,5.3,4.1,54,30.4,38.9
"2026/01/14","2026/01/16","8349","東北銀行","東証およびＰＴＳ",,"確報",300,600,10100,400,0,2300,7800,453000,906000,15251000,604000,0,3473000,11778000,,,0,0,93600,0,0,17100,23.2,18.5,26.7,21.9,16.5,0,33
"2026/01/14","2026/01/16","8354","ふくおかＦＧ","東証およびＰＴＳ",,"確報",0,1100,11700,3800,100,8800,2900,0,6075300,64619100,20987400,552300,48602400,16016700,,,0,0,844800,0,0,336600,5.2,8.1,7.8,7.9,3.7,3.2,3.4
"2026/01/14","2026/01/16","8358","スルガ銀行","東証およびＰＴＳ",,"確報",600,500,20700,100,0,20700,0,1104000,920000,38088000,184000,0,38088000,0,,,0,0,226600,0,0,226600,22.6,15.1,11.9,13.3,207.8,45.2,74.2
"2026/01/14","2026/01/16","8359","八十二長野銀行","東証およびＰＴＳ",,"確報",500,1700,27200,200,200,25900,1300,920500,3129700,50075200,368200,368200,47681900,2393300,,,0,0,369200,0,0,336700,18.8,18.8,19.1,18.9,20.2,17.4,18.7
"2026/01/14","2026/01/16","8360","山梨中央銀行","東証およびＰＴＳ",,"確報",1700,300,16100,0,400,22600,-6500,7820000,1380000,74060000,0,1840000,103960000,-29900000,,,0,0,514500,0,0,805000,12.8,9.8,7,8.2,18.7,36.7,24.7
"2026/01/14","2026/01/16","8361","大垣共立銀行","東証およびＰＴＳ",,"確報",2800,0,17300,1800,100,12300,5000,15876000,0,98091000,10206000,567000,69741000,28350000,,,0,0,3625000,0,0,2650000,19.8,17.6,36.8,23.8,11.5,25.8,15.9
"2026/01/14","2026/01/16","8362","福井銀行","東証およびＰＴＳ",,"確報",300,2600,10300,700,400,18500,-8200,834900,7235800,28664900,1948100,1113200,51485500,-22820600,,,0,0,75600,0,0,109200,22.9,12.1,12.1,12.1,37.8,75.6,50.4
"2026/01/14","2026/01/16","8364","清水銀行","東証およびＰＴＳ",,"確報",2000,1000,282700,700,0,24400,258300,5036000,2518000,711838600,1762600,0,61439200,650399400,,,0,0,0,1408500,118500,0,364.1,335.5,612.6,433.5,120.4,133.8,126.7
"2026/01/14","2026/01/16","8365","富山銀行","東証およびＰＴＳ",,"確報",1700,600,28900,1300,200,28900,0,3568300,1259400,60661100,2728700,419800,60661100,0,,,0,0,0,27800,27800,0,57.8,30.8,51.4,38.6,66.1,462.7,115.7
"2026/01/14","2026/01/16","8366","滋賀銀行","東証およびＰＴＳ",,"確報",0,1200,10200,2100,400,23200,-13000,0,9408000,79968000,16464000,3136000,181888000,-101920000,,,0,0,798000,0,0,1505000,7.2,3,3.6,3.3,19.4,24.8,21.8
"2026/01/14","2026/01/16","8367","南都銀行","東証およびＰＴＳ",,"確報",1000,0,6800,500,0,7500,-700,6460000,0,43928000,3230000,0,48450000,-4522000,,,0,0,348000,0,0,420000,6.5,3.7,4,3.9,13.4,29.3,18.4
"2026/01/14","2026/01/16","8368","百五銀行","東証およびＰＴＳ",,"確報",8600,100,141900,9200,700,141900,0,10853200,126200,179077800,11610400,883400,179077800,0,,,0,0,2801400,0,0,2801400,14.3,9.4,13,10.9,15.8,29.9,20.7
"2026/01/14","2026/01/16","8370","紀陽銀行","東証およびＰＴＳ",,"確報",1400,300,6900,300,400,10400,-3500,4900000,1050000,24150000,1050000,1400000,36400000,-12250000,,,0,0,319000,0,0,577500,11.3,6.7,5.3,5.9,25.3,72.3,37.5
"2026/01/14","2026/01/16","8377","ほくほくＦＧ","東証およびＰＴＳ",,"確報",2800,3200,35200,200,600,35200,0,14456400,16521600,181737600,1032600,3097800,181737600,0,,,0,0,2812400,0,0,2812400,12.6,7.6,7.2,7.4,51.2,37.8,43.5
"2026/01/14","2026/01/16","8381","山陰合同銀行","東証およびＰＴＳ",,"確報",500,500,12600,100,100,12600,0,801500,801500,20197800,160300,160300,20197800,0,,,0,0,12600,0,0,12600,6.1,17,3.3,5.6,35.9,3.7,6.8
"2026/01/14","2026/01/16","8383","鳥取銀行","東証およびＰＴＳ",,"確報",400,0,3700,500,0,2700,1000,677200,0,6264100,846500,0,4571100,1693000,,,0,0,59400,0,0,39600,21.6,24.7,43.3,31.5,7.7,108,14.4
"2026/01/14","2026/01/16","8386","百十四銀行","東証およびＰＴＳ",,"確報",500,0,6300,300,0,1100,5200,3725000,0,46935000,2235000,0,8195000,38740000,,,0,0,812000,0,0,112000,24.8,19.9,139.5,34.9,7.2,10.8,8.6
"2026/01/14","2026/01/16","8387","四国銀行","東証およびＰＴＳ",,"確報",0,200,18200,100,0,4700,13500,0,387400,35253400,193700,0,9103900,26149500,,,0,0,478400,0,0,119600,79.2,60.7,182.2,91.1,59.5,47.6,52.9
"2026/01/14","2026/01/16","8388","阿波銀行","東証およびＰＴＳ",,"確報",2300,0,9700,2300,0,9700,0,11086000,0,46754000,11086000,0,46754000,0,,,0,0,740000,0,0,740000,5.4,3.5,4,3.7,12.6,9.6,10.9
"2026/01/14","2026/01/16","8392","大分銀行","東証およびＰＴＳ",,"確報",600,0,7200,100,600,4500,2700,4350000,0,52200000,725000,4350000,32625000,19575000,,,0,0,726000,0,0,550000,1.8,1.4,1.3,1.4,27.5,4.2,7.2
"2026/01/14","2026/01/16","8393","宮崎銀行","東証およびＰＴＳ",,"確報",300,0,7100,1000,700,7100,0,2148000,0,50836000,7160000,5012000,50836000,0,,,0,0,0,0,0,0,6.9,4,4.7,4.3,13.8,28.7,18.6
"2026/01/14","2026/01/16","8395","佐賀銀行","東証およびＰＴＳ",,"確報",0,1700,140800,0,0,0,140800,0,7599000,629376000,0,0,0,629376000,,,0,0,7837500,0,0,0,61.8,77.2,70.3,73.6,1.5,1.5,1.5
"2026/01/14","2026/01/16","8399","琉球銀行","東証およびＰＴＳ",,"確報",400,0,14200,700,300,14200,0,828800,0,29422400,1450400,621600,29422400,0,,,0,0,331200,0,0,331200,13.8,12.8,41.9,19.7,6.3,27.5,10.3
"2026/01/14","2026/01/16","8410","セブン銀行","東証およびＰＴＳ",,"確報",24600,3000,217700,1400,600,102100,115600,7594020,926100,67203990,432180,185220,31518270,35685720,,,0,0,235320,0,0,121560,19.3,13.4,28.3,18.2,59.5,13.3,21.8
"2026/01/14","2026/01/16","8411","みずほＦＧ","東証およびＰＴＳ",,"確報",17900,53200,193800,65900,8200,97700,96100,120395400,357823200,1303498800,443243400,55153200,657130200,646368600,,,0,0,45132700,0,0,7880000,9.9,18,11.9,14.3,2.3,10.3,3.8
"2026/01/14","2026/01/16","8416","高知銀行","東証およびＰＴＳ",,"確報",400,200,4700,600,0,4700,0,451200,225600,5301600,676800,0,5301600,0,,,0,0,175500,0,0,159900,6.7,8.8,11.5,10,4.4,5.9,5.1
"2026/01/14","2026/01/16","8418","山口ＦＧ","東証およびＰＴＳ",,"確報",1400,1000,10900,400,0,10900,0,3220000,2300000,25070000,920000,0,25070000,0,,,0,0,78750,0,0,78750,7.9,8.1,8,8,7.8,7.7,7.8
"2026/01/14","2026/01/16","8421","信金中央金庫","東証およびＰＴＳ",,"確報",0,12,30,5,0,122,-92,0,2319600,5799000,966500,0,23582600,-17783600,,,0,0,8400,0,0,23400,27.9,8.8,7.4,8,64.6,0,129.1
"2026/01/14","2026/01/16","8424","芙蓉総合リース","東証およびＰＴＳ",,"確報",0,100,5300,100,0,900,4400,0,443900,23526700,443900,0,3995100,19531600,,,0,0,70200,0,0,10400,10.6,143.5,19.1,33.8,4.9,2.1,2.9
"2026/01/14","2026/01/16","8425","みずほリース","東証およびＰＴＳ",,"確報",1000,0,11000,0,500,4200,6800,1473000,0,16203000,0,736500,6186600,10016400,,,0,0,140000,0,0,65800,12.5,19.2,10.8,13.8,21.4,7,10.5
"2026/01/14","2026/01/16","8439","東京センチュリー","東証およびＰＴＳ",,"確報",500,0,34300,0,0,14000,20300,1064500,0,73024700,0,0,29806000,43218700,,,0,0,591500,0,0,245000,52.1,112.2,420.8,177.2,44.5,12.5,19.5
"2026/01/14","2026/01/16","8473","ＳＢＩＨＤ","東証およびＰＴＳ",,"確報",13900,57700,1808000,0,0,0,1808000,51763600,214874800,6732992000,0,0,0,6732992000,,,0,0,155551200,0,0,0,19.3,23.8,16.4,19.4,1.5,1.5,1.5
"2026/01/14","2026/01/16","8508","Ｊトラスト","東証およびＰＴＳ",,"確報",1200,0,83100,100,100,5200,77900,568800,0,39389400,47400,47400,2464800,36924600,,,0,0,0,409500,26000,0,44.2,57.4,65.8,61.3,179.5,5.5,10.7
"2026/01/14","2026/01/16","8511","日本証券金融","東証およびＰＴＳ",,"確報",3500,100,36600,3400,0,36600,0,7507500,214500,78507000,7293000,0,78507000,0,,,0,0,796800,0,0,796800,16,12.4,10.6,11.4,20.5,50,29.1
"2026/01/14","2026/01/16","8515","アイフル","東証およびＰＴＳ",,"確報",0,22300,323300,3700,1000,70400,252900,0,12755600,184927600,2116400,572000,40268800,144658800,,,0,0,5184000,0,0,1015500,38.7,44.1,38.6,41.1,23,42.4,29.8
"2026/01/14","2026/01/16","8518","日本アジア投資","東証およびＰＴＳ",,"確報",0,800,71400,0,0,0,71400,0,170400,15208200,0,0,0,15208200,,,0,0,0,0,0,0,42.1,27.4,91.2,42.1,0,0,0
"2026/01/14","2026/01/16","8522","名古屋銀行","東証およびＰＴＳ",,"確報",300,200,13600,0,0,5600,8000,1414500,943000,64124000,0,0,26404000,37720000,,,0,0,270000,0,0,112000,9.7,11.4,24,15.4,3.1,5.8,4
"2026/01/14","2026/01/16","8524","北洋銀行","東証およびＰＴＳ",,"確報",9100,20700,377200,1200,1000,501400,-124200,8626800,19623600,357585600,1137600,948000,475327200,-117741600,,,0,0,2721600,0,0,3508400,46.6,21.2,25.7,23.3,143.6,354,204.4
"2026/01/14","2026/01/16","8537","大光銀行","東証およびＰＴＳ",,"確報",800,0,39200,300,0,2600,36600,1887200,0,92472800,707700,0,6133400,86339400,,,0,0,153600,0,0,9200,63,44.8,120.4,65.3,30.8,61.5,41
"2026/01/14","2026/01/16","8541","愛媛銀行","東証およびＰＴＳ",,"確報",1600,300,33900,1300,0,33900,0,2590400,485700,54884100,2104700,0,54884100,0,,,0,0,749800,0,0,749800,41.4,28.2,30.3,29.2,65.4,77.9,71.1
"2026/01/14","2026/01/16","8542","トマト銀行","東証およびＰＴＳ",,"確報",0,0,900,0,0,500,400,0,0,1423800,0,0,791000,632800,,,0,0,6300,0,0,3500,6,4.7,4.7,4.7,9.3,14,11.2
"2026/01/14","2026/01/16","8544","京葉銀行","東証およびＰＴＳ",,"確報",4600,8100,33100,1700,5200,33100,0,8312200,14636700,59811700,3071900,9396400,59811700,0,,,0,0,549000,0,0,549000,6.3,4.2,4,4.1,15.2,12.9,14
"2026/01/14","2026/01/16","8550","栃木銀行","東証およびＰＴＳ",,"確報",4100,15300,169300,0,4000,41100,128200,3448100,12867300,142381300,0,3364000,34565100,107816200,,,0,0,1985500,0,0,496100,25.1,36,29.7,32.6,43.4,8,13.5
"2026/01/14","2026/01/16","8551","北日本銀行","東証およびＰＴＳ",,"確報",200,400,3000,100,300,3000,0,972000,1944000,14580000,486000,1458000,14580000,0,,,0,0,256000,0,0,256000,18.2,11.9,11.1,11.5,51.7,38.8,44.3
"2026/01/14","2026/01/16","8558","東和銀行","東証およびＰＴＳ",,"確報",1200,1000,153000,0,500,19600,133400,1418400,1182000,180846000,0,591000,23167200,157678800,,,0,0,1528000,0,0,201000,42.3,26,154.4,44.5,33.3,29.6,31.3
"2026/01/14","2026/01/16","8562","福島銀行","東証およびＰＴＳ",,"確報",13700,0,80200,7900,100,264900,-184700,4192200,0,24541200,2417400,30600,81059400,-56518200,,,0,0,0,0,0,0,16.1,3.6,5.3,4.3,78.1,67.1,72.2
"2026/01/14","2026/01/16","8563","大東銀行","東証およびＰＴＳ",,"確報",6800,0,89700,0,0,0,89700,6473600,0,85394400,0,0,0,85394400,,,0,0,0,497400,0,0,24.1,13,184.5,24.2,1,1,1
"2026/01/14","2026/01/16","8566","リコーリース","東証およびＰＴＳ",,"確報",600,400,2200,700,600,10200,-8000,3666000,2444000,13442000,4277000,3666000,62322000,-48880000,,,0,0,20000,0,0,101000,10.8,10,4.7,6.4,11.4,19.2,14.3
"2026/01/14","2026/01/16","8570","イオンＦＳ","東証およびＰＴＳ",,"確報",2100,3300,32600,0,1200,32600,0,3612000,5676000,56072000,0,2064000,56072000,0,,,0,0,0,135200,135200,0,10.8,7.2,6.1,6.6,46.2,21.1,29
"2026/01/14","2026/01/16","8572","アコム","東証およびＰＴＳ",,"確報",8800,0,178000,30600,1100,67600,110400,4628800,0,93628000,16095600,578600,35557600,58070400,,,0,0,1641240,0,0,369570,24.4,28.4,51.4,36.6,6.9,26.9,10.9
"2026/01/14","2026/01/16","8584","ジャックス","東証およびＰＴＳ",,"確報",300,900,10300,1100,400,10300,0,1305000,3915000,44805000,4785000,1740000,44805000,0,,,0,0,0,218000,192000,0,7.6,6.3,4.2,5.1,37.4,9.5,15.1
"2026/01/14","2026/01/16","8585","オリエントコーポ","東証およびＰＴＳ",,"確報",600,0,17900,200,1400,13900,4000,666600,0,19886900,222200,1555400,15442900,4444000,,,0,0,242200,0,0,211400,4.5,2.9,2.9,2.9,46.7,13.8,21.3
"2026/01/14","2026/01/16","8591","オリックス","東証およびＰＴＳ",,"確報",8300,4600,88100,0,100,2500,85600,39781900,22047800,422263300,0,479300,11982500,410280800,,,0,0,1688000,0,0,52000,12.9,13.6,37.8,20,1.6,1.6,1.6
"2026/01/14","2026/01/16","8593","三菱ＨＣキャピタル","東証およびＰＴＳ",,"確報",700,4000,155300,500,3300,58200,97100,964250,5510000,213925750,688750,4545750,80170500,133755250,,,0,0,475800,0,0,183000,22.7,17.8,30.2,22.4,34,17.6,23.2
"2026/01/14","2026/01/16","8595","ジャフコ　グループ","東証およびＰＴＳ",,"確報",1000,1100,9900,0,200,9800,100,2465000,2711500,24403500,0,493000,24157000,246500,,,0,0,50000,0,0,50000,6.2,4.2,3.5,3.8,23.9,20.2,21.9
"2026/01/14","2026/01/16","8596","九州リースサービス","東証およびＰＴＳ",,"確報",0,100,2900,0,100,2900,0,0,144500,4190500,0,144500,4190500,0,,,0,0,0,0,0,0,19.5,14.2,10.4,12,156,31.2,52
"2026/01/14","2026/01/16","8600","トモニＨＤ","東証およびＰＴＳ",,"確報",2100,0,66400,0,100,7000,59400,1734600,0,54846400,0,82600,5782000,49064400,,,0,0,128600,0,0,14200,15.7,17.3,120.3,30.2,360,1.6,3.2
"2026/01/14","2026/01/16","8601","大和証券グループ本社","東証およびＰＴＳ",,"確報",18400,15400,81300,4100,1100,81300,0,28372800,23746800,125364600,6322200,1696200,125364600,0,,,0,0,1057050,0,0,1057050,2.8,2.3,2.5,2.4,4.9,2.7,3.4
"2026/01/14","2026/01/16","8604","野村ホールディングス","東証およびＰＴＳ",,"確報",169800,206000,304100,1000,8900,304100,0,252153000,305910000,451588500,1485000,13216500,451588500,0,,,0,0,3062700,0,0,2808000,7.2,4.2,4.2,4.2,38.1,41.4,39.7
"2026/01/14","2026/01/16","8609","岡三証券グループ","東証およびＰＴＳ",,"確報",5700,0,22500,1000,12000,85700,-63200,4748100,0,18742500,833000,9996000,71388100,-52645600,,,0,0,67200,0,0,386800,9.4,5.6,3.7,4.5,15.9,14.6,15.2
"2026/01/14","2026/01/16","8613","丸三証券","東証およびＰＴＳ",,"確報",1900,200,32500,1700,0,32500,0,2033000,214000,34775000,1819000,0,34775000,0,,,0,0,308000,0,0,308000,16.1,15,15.7,15.3,16.5,17.4,16.9
"2026/01/14","2026/01/16","8614","東洋証券","東証およびＰＴＳ",,"確報",4500,5100,241100,1000,700,67400,173700,3280500,3717900,175761900,729000,510300,49134600,126627300,,,0,0,2900400,0,0,805200,36.6,32,34.7,33.3,58.8,56.8,57.8
"2026/01/14","2026/01/16","8616","東海東京ＦＨＤ","東証およびＰＴＳ",,"確報",300,8700,15900,0,8100,62300,-46400,222900,6464100,11813700,0,6018300,46288900,-34475200,,,0,0,218700,0,0,633600,6.9,3.4,3.7,3.6,10.9,12,11.4
"2026/01/14","2026/01/16","8617","光世証券","東証およびＰＴＳ",,"確報",400,100,15300,0,300,22200,-6900,195200,48800,7466400,0,146400,10833600,-3367200,,,0,0,75000,0,0,112500,85.1,28.5,92.6,43.6,565.5,141.4,226.2
"2026/01/14","2026/01/16","8622","水戸証券","東証およびＰＴＳ",,"確報",600,3100,77000,13600,0,77000,0,351000,1813500,45045000,7956000,0,45045000,0,,,0,0,715500,0,0,570600,19.1,11.2,21.5,14.7,25.2,31.1,27.8
"2026/01/14","2026/01/16","8624","いちよし証券","東証およびＰＴＳ",,"確報",600,10300,16700,14700,0,53500,-36800,679200,11659600,18904400,16640400,0,60562000,-41657600,,,0,0,712800,0,0,1047600,5.9,4.5,3.3,3.9,10.4,6.7,8.2
"2026/01/14","2026/01/16","8628","松井証券","東証およびＰＴＳ",,"確報",5400,400,103200,5600,200,111100,-7900,4833000,358000,92364000,5012000,179000,99434500,-7070500,,,0,0,883800,0,0,951300,3,1.7,1.5,1.6,8.6,40.8,14.1
"2026/01/14","2026/01/16","8630","ＳＯＭＰＯＨＤ","東証およびＰＴＳ",,"確報",10300,7000,20000,3300,3800,16200,3800,59101400,40166000,114760000,18935400,21804400,92955600,21804400,,,0,0,66800,0,0,66800,5.7,4.5,4.5,4.5,14.7,5,7.5
"2026/01/14","2026/01/16","8697","日本取引所グループ","東証およびＰＴＳ",,"確報",2100,0,36000,2600,500,203000,-167000,3749550,0,64278000,4642300,892750,362456500,-298178500,,,0,0,559350,0,0,3314850,29.2,9.4,12.2,10.6,33.9,59,43.1
"2026/01/14","2026/01/16","8698","マネックスグループ","東証およびＰＴＳ",,"確報",100,43500,810900,1200,0,1200,809700,75500,32842500,612229500,906000,0,906000,611323500,,,0,0,7688700,0,0,0,36.4,30.1,47.9,37,1,0.5,0.7
"2026/01/14","2026/01/16","8699","ＨＳホールディングス","東証およびＰＴＳ",,"確報",0,1300,5300,0,100,2900,2400,0,1690000,6890000,0,130000,3770000,3120000,,,0,0,105600,0,0,48000,23.1,38.9,18.3,24.9,75,11.5,20
"2026/01/14","2026/01/16","8700","丸八証券","東証およびＰＴＳ",,"確報",100,0,1000,0,0,0,1000,172000,0,1720000,0,0,0,1720000,,,0,0,0,9900,0,0,19,9.5,0,19,0,0,0
"2026/01/14","2026/01/16","8704","トレイダーズＨＤ","東証およびＰＴＳ",,"確報",400,2000,55000,0,0,3600,51400,398000,1990000,54725000,0,0,3582000,51143000,,,0,0,962200,0,0,61200,93,167.1,72.8,101.4,26,91,40.4
"2026/01/14","2026/01/16","8705","日産証券グループ","東証およびＰＴＳ",,"確報",14700,13900,89800,800,0,89800,0,3116400,2946800,19037600,169600,0,19037600,0,,,0,0,0,0,0,0,10.9,4.9,7.6,5.9,39,170.2,63.5
"2026/01/14","2026/01/16","8706","極東証券","東証およびＰＴＳ",,"確報",1000,600,15000,0,0,8100,6900,1762000,1057200,26430000,0,0,14272200,12157800,,,0,0,277400,0,0,153900,4.1,2.2,3.1,2.6,51.1,16.4,24.8
"2026/01/14","2026/01/16","8707","岩井コスモＨＤ","東証およびＰＴＳ",,"確報",0,400,6300,0,100,5100,1200,0,1450000,22837500,0,362500,18487500,4350000,,,0,0,234500,0,0,182000,15.3,17,12.7,14.5,19.4,14.3,16.4
"2026/01/14","2026/01/16","8708","アイザワ証券グループ","東証およびＰＴＳ",,"確報",0,4600,35000,2800,0,55800,-20800,0,6624000,50400000,4032000,0,80352000,-29952000,,,0,0,435600,0,0,583000,16.5,7.1,7.4,7.2,44.7,334.9,78.8
"2026/01/14","2026/01/16","8713","フィデアＨＤ","東証およびＰＴＳ",,"確報",400,200,21600,200,0,21600,0,818800,409400,44215200,409400,0,44215200,0,,,0,0,64200,0,0,64200,62.1,34,70.3,45.9,55.5,351.7,95.9
"2026/01/14","2026/01/16","8714","池田泉州ＨＤ","東証およびＰＴＳ",,"確報",700,1200,128700,500,1000,128700,0,590800,1012800,108622800,422000,844000,108622800,0,,,0,0,387600,0,0,387600,9.1,5.2,4.9,5,73.1,39.2,51
"2026/01/14","2026/01/16","8715","アニコムＨＤ","東証およびＰＴＳ",,"確報",4900,500,67000,3300,6000,91900,-24900,5252800,536000,71824000,3537600,6432000,98516800,-26692800,,,0,0,626000,0,0,946000,33.8,15.4,31,20.5,87.8,45.2,59.7
"2026/01/14","2026/01/16","8725","ＭＳ＆ＡＤ","東証およびＰＴＳ",,"確報",5300,8800,137400,12300,0,19100,118300,20966800,34812800,543554400,48658800,0,75559600,467994800,,,0,0,6763200,0,0,326400,17.7,22,36.5,27.5,2.6,3.5,3
"2026/01/14","2026/01/16","8729","ソニーＦＧ","東証およびＰＴＳ",,"確報",61800,511300,4212300,0,0,0,4212300,10573980,87483430,720724530,0,0,0,720724530,,,0,0,0,11188320,0,0,21.3,24.2,19.1,21.3,0,0,0
"2026/01/14","2026/01/16","8737","あかつき本社","東証およびＰＴＳ",,"確報",1900,0,17900,0,0,0,17900,1185600,0,11169600,0,0,0,11169600,,,0,0,176000,0,0,0,34.4,36.7,32.5,34.4,0,0,0
"2026/01/14","2026/01/16","8739","スパークス・グループ","東証およびＰＴＳ",,"確報",2600,1000,14800,2900,0,16100,-1300,4552600,1751000,25914800,5077900,0,28191100,-2276300,,,0,0,369600,0,0,369600,10.7,6.9,24.2,10.7,6.4,31,10.7
"2026/01/14","2026/01/16","8742","小林洋行","東証およびＰＴＳ",,"確報",500,0,62100,0,600,13900,48200,249000,0,30925800,0,298800,6922200,24003600,,,0,0,1170400,0,0,275500,143.7,280.3,146.8,192.7,103.4,51.7,69
"2026/01/14","2026/01/16","8746","ｕｎｂａｎｋｅｄ","東証およびＰＴＳ",,"確報",14500,200,72000,0,0,0,72000,6597500,91000,32760000,0,0,0,32760000,,,0,0,2019500,0,0,0,11.6,10,13.9,11.6,0,0,0
"2026/01/14","2026/01/16","8747","豊トラスティ証券","東証およびＰＴＳ",,"確報",1600,0,11200,0,0,0,11200,3713600,0,25995200,0,0,0,25995200,,,0,0,0,48000,0,0,51.9,25.9,0,51.9,0,0,0
"2026/01/14","2026/01/16","8750","第一生命ＨＤ","東証およびＰＴＳ",,"確報",13300,41100,39000,44500,0,64900,-25900,18766300,57992100,55029000,62789500,0,91573900,-36544900,,,0,0,1837000,0,0,561000,2,1.8,1.9,1.9,2.9,2.1,2.5
"2026/01/14","2026/01/16","8766","東京海上ＨＤ","東証およびＰＴＳ",,"確報",15000,1500,166200,0,5600,3100,163100,90795000,9079500,1006008600,0,33896800,18764300,987244300,,,0,0,2595900,0,0,147900,23.8,24.7,36.6,29.5,4.6,2.4,3.1
"2026/01/14","2026/01/16","8769","アドバンテッジリスク","東証およびＰＴＳ",,"確報",0,0,4300,400,100,3500,800,0,0,2752000,256000,64000,2240000,512000,,,0,0,4300,0,0,3200,10.4,6.4,7.6,6.9,17.2,155,31
"2026/01/14","2026/01/16","8771","イー・ギャランティ","東証およびＰＴＳ",,"確報",500,0,17500,400,700,18600,-1100,910000,0,31850000,728000,1274000,33852000,-2002000,,,0,0,0,272000,302400,0,39.9,52.8,120.7,73.5,26.8,30.9,28.7
"2026/01/14","2026/01/16","8772","アサックス","東証およびＰＴＳ",,"確報",0,100,6700,0,0,0,6700,0,86600,5802200,0,0,0,5802200,,,0,0,0,13600,0,0,134,111.7,167.5,134,0,0,0
"2026/01/14","2026/01/16","8783","ａｂｃ","東証およびＰＴＳ",,"確報",5000,900,46700,0,0,0,46700,1340000,241200,12515600,0,0,0,12515600,,,0,0,255600,0,0,0,19.7,14.1,32.4,19.7,0,0,0
"2026/01/14","2026/01/16","8789","フィンテック","東証およびＰＴＳ",,"確報",46600,0,608700,900,300,10200,598500,6570600,0,85826700,126900,42300,1438200,84388500,,,0,0,0,1686300,28800,0,46.6,29.1,115.6,46.5,49.9,62.4,55.4
"2026/01/14","2026/01/16","8793","ＮＥＣキャピタル","東証およびＰＴＳ",,"確報",400,2100,4500,200,1900,4500,0,1668000,8757000,18765000,834000,7923000,18765000,0,,,0,0,31000,0,0,31000,7.9,7.8,6.8,7.3,9.5,8,8.7
"2026/01/14","2026/01/16","8795","Ｔ＆ＤＨＤ","東証およびＰＴＳ",,"確報",14300,600,19400,1100,22500,26700,-7300,55555500,2331000,75369000,4273500,87412500,103729500,-28360500,,,0,0,0,279300,2356900,0,3.5,1.8,2.3,2,7.3,4.8,5.8
"2026/01/14","2026/01/16","8798","アドバンスクリエイト","東証およびＰＴＳ",,"確報",2300,0,49800,0,0,0,49800,492200,0,10657200,0,0,0,10657200,,,0,0,0,237500,0,0,14.5,15.2,13.8,14.5,0,0,0
"2026/01/14","2026/01/16","8801","三井不動産","東証およびＰＴＳ",,"確報",2700,12300,59000,4700,24700,282100,-223100,5078700,23136300,110979000,8840700,46460700,530630100,-419651100,,,0,0,274400,0,0,1208400,7.7,6.1,4.3,5,12,7.2,9
"2026/01/14","2026/01/16","8802","三菱地所","東証およびＰＴＳ",,"確報",200,1500,35000,1400,9100,24000,11000,831400,6235500,145495000,5819800,37828700,99768000,45727000,,,0,0,1343100,0,0,1172900,4,3.7,4.4,4,5.9,2.9,3.9
"2026/01/14","2026/01/16","8803","平和不動産","東証およびＰＴＳ",,"確報",2500,0,25000,0,1200,13400,11600,5675000,0,56750000,0,2724000,30418000,26332000,,,0,0,135000,0,0,87600,27.9,31.4,44.7,36.9,35.6,14.6,20.7
"2026/01/14","2026/01/16","8804","東京建物","東証およびＰＴＳ",,"確報",0,1000,9400,0,1700,21400,-12000,0,3726000,35024400,0,6334200,79736400,-44712000,,,0,0,197600,0,0,438900,14.6,5.2,10.8,7,32.5,23.5,27.3
"2026/01/14","2026/01/16","8818","京阪神ビルディング","東証およびＰＴＳ",,"確報",0,900,21300,0,700,50800,-29500,0,1785600,42259200,0,1388800,100787200,-58528000,,,0,0,399600,0,0,927000,106.8,100.6,38.2,55.4,429.7,112.1,177.8
"2026/01/14","2026/01/16","8830","住友不動産","東証およびＰＴＳ",,"確報",21600,900,31300,600,8300,33400,-2100,92512800,3854700,134057900,2569800,35548900,143052200,-8994300,,,0,0,328600,0,0,1274100,3.7,1.5,2,1.7,20.9,5.2,8.3
"2026/01/14","2026/01/16","8835","太平洋興発","東証およびＰＴＳ",,"確報",800,200,16500,1200,600,16500,0,706400,176600,14569500,1059600,529800,14569500,0,,,0,0,47700,0,0,47700,16,9.1,373,17.8,8.2,67.8,14.6
"2026/01/14","2026/01/16","8836","ＲＩＳＥ","東証およびＰＴＳ",,"確報",0,0,0,0,0,0,0,0,0,0,0,0,0,0,,,0,0,0,0,0,0,0,0,0,0,0,0,0
"2026/01/14","2026/01/16","8841","テーオーシー","東証およびＰＴＳ",,"確報",1700,100,37600,1600,0,82300,-44700,1496000,88000,33088000,1408000,0,72424000,-39336000,,,0,0,504000,0,0,1129800,90.8,42.3,59.2,49.3,185.5,116.6,143.2
"2026/01/14","2026/01/16","8844","コスモスイニシア","東証およびＰＴＳ",,"確報",300,100,20300,0,100,2200,18100,354600,118200,23994600,0,118200,2600400,21394200,,,0,0,20100,0,0,2300,66.8,62.6,125.1,83.4,0,13.5,27
"2026/01/14","2026/01/16","8848","レオパレス２１","東証およびＰＴＳ",,"確報",3500,0,288800,0,700,124700,164100,2397500,0,197828000,0,479500,85419500,112408500,,,0,0,1711800,0,0,752400,25.1,21,15.5,17.8,0,417.9,835.9
"2026/01/14","2026/01/16","8850","スターツコーポ","東証およびＰＴＳ",,"確報",0,200,1200,0,1600,7300,-6100,0,977000,5862000,0,7816000,35660500,-29798500,,,0,0,35000,0,0,222500,14.6,69,23,34.5,20.9,9.7,13.2
"2026/01/14","2026/01/16","8860","フジ住宅","東証およびＰＴＳ",,"確報",0,1500,6400,0,100,3000,3400,0,1246500,5318400,0,83100,2493000,2825400,,,0,0,55300,0,0,21700,15,0,8.6,17.1,23.3,7.1,10.9
"2026/01/14","2026/01/16","8864","空港施設","東証およびＰＴＳ",,"確報",200,0,18100,0,0,0,18100,212600,0,19240300,0,0,0,19240300,,,0,0,0,17900,0,0,90.2,64.4,150.3,90.2,0,0,0
"2026/01/14","2026/01/16","8869","明和地所","東証およびＰＴＳ",,"確報",100,300,20000,0,0,4500,15500,117700,353100,23540000,0,0,5296500,18243500,,,0,0,101000,0,0,22500,50.9,69.5,74.8,72.1,74,13.1,22.2
"2026/01/14","2026/01/16","8871","ゴールドクレスト","東証およびＰＴＳ",,"確報",0,200,2300,400,0,21700,-19400,0,675000,7762500,1350000,0,73237500,-65475000,,,0,0,0,0,0,0,115.4,59,29.5,39.3,273.5,99.5,145.9
"2026/01/14","2026/01/16","8876","リログループ","東証およびＰＴＳ",,"確報",0,0,77900,1100,0,3600,74300,0,0,137883000,1947000,0,6372000,131511000,,,0,0,1207450,0,0,38750,140.7,183.5,642.3,285.5,7.5,17.4,10.5
"2026/01/14","2026/01/16","8877","エスリード","東証およびＰＴＳ",,"確報",600,800,3200,300,500,3200,0,4326000,5768000,23072000,2163000,3605000,23072000,0,,,0,0,476000,0,0,476000,6.6,5.5,7.1,6.2,6.2,8.3,7.1
"2026/01/14","2026/01/16","8881","日神グループＨＤ","東証およびＰＴＳ",,"確報",22600,0,41500,33700,0,41500,0,18215600,0,33449000,27162200,0,33449000,0,,,0,0,396900,0,0,163800,5.7,3.9,113.2,7.6,2.1,38.1,4.1
"2026/01/14","2026/01/16","8887","シーラＨＤ","東証およびＰＴＳ",,"確報",13400,0,104200,13400,0,104200,0,5360000,0,41680000,5360000,0,41680000,0,,,0,0,544800,0,0,544800,28.1,26.7,23.8,25.2,34.5,29.7,31.9
"2026/01/14","2026/01/16","8891","ＡＭＧＨＤ","東証およびＰＴＳ",,"確報",600,100,10700,0,0,0,10700,1367400,227900,24385300,0,0,0,24385300,,,0,0,193800,0,0,0,48.3,36.2,72.4,48.3,0,0,0
"2026/01/14","2026/01/16","8892","エスコン","東証およびＰＴＳ",,"確報",14500,45000,24300,600,1000,38400,-14100,17530500,54405000,29378700,725400,1209000,46425600,-17046900,,,0,0,0,109600,77600,0,11,10.9,5.2,7,58.3,27.2,37
"2026/01/14","2026/01/16","8894","ＲＥＶＯＬＵＴＩＯＮ","東証およびＰＴＳ",,"確報",400,75900,785800,0,0,0,785800,21200,4022700,41647400,0,0,0,41647400,,,0,0,0,1722600,0,0,18.9,18.5,19.4,18.9,0,0,0
"2026/01/14","2026/01/16","8897","ミラースＨＤ","東証およびＰＴＳ",,"確報",1900,100,86200,0,900,39600,46600,756200,39800,34307600,0,358200,15760800,18546800,,,0,0,84400,0,0,40500,27.1,9.8,203.2,18.7,185.1,113.1,140.4
"2026/01/14","2026/01/16","8898","センチュリー２１","東証およびＰＴＳ",,"確報",0,0,0,0,0,0,0,0,0,0,0,0,0,0,,,0,0,0,0,0,0,0,0,0,0,0,0,0
"2026/01/14","2026/01/16","8904","ＡＶＡＮＴＩＡ","東証およびＰＴＳ",,"確報",700,0,2800,0,0,100,2700,611800,0,2447200,0,0,87400,2359800,,,0,0,8400,0,0,400,18,18.6,16.3,17.3,0,0,0
"2026/01/14","2026/01/16","8908","毎日コムネット","東証およびＰＴＳ",,"確報",0,0,8300,0,0,0,8300,0,0,7121400,0,0,0,7121400,,,0,0,0,58100,0,0,211,0,418,836,4,2,2.7
"2026/01/14","2026/01/16","8912","エリアクエスト","東証およびＰＴＳ",,"確報",1100,800,53700,300,0,5500,48200,169400,123200,8269800,46200,0,847000,7422800,,,0,0,0,53400,5200,0,34.7,33.3,85.9,48,3.9,0,7.9
"2026/01/14","2026/01/16","8914","エリアリンク","東証およびＰＴＳ",,"確報",1900,0,58300,2300,100,37300,21000,2029200,0,62264400,2456400,106800,39836400,22428000,,,0,0,0,169200,105300,0,57.8,77.9,137.3,99.4,47.3,27.2,34.6
"2026/01/14","2026/01/16","8917","ファースト住建","東証およびＰＴＳ",,"確報",300,700,10300,0,400,10300,0,355500,829500,12205500,0,474000,12205500,0,,,0,0,0,42800,42800,0,43.5,41.8,22.7,29.4,544,45.3,83.7
"2026/01/14","2026/01/16","8918","ランド","東証およびＰＴＳ",,"確報",0,0,2268200,0,0,0,2268200,0,0,20413800,0,0,0,20413800,,,0,0,0,0,0,0,7088.2,9999.9,5155,7088.2,0,0,0
"2026/01/14","2026/01/16","8919","カチタス","東証およびＰＴＳ",,"確報",200,2000,15600,0,200,19500,-3900,651000,6510000,50778000,0,651000,63472500,-12694500,,,0,0,696000,0,0,788000,14.7,9.7,8.1,8.8,50.2,31.4,38.6
"2026/01/14","2026/01/16","8920","東祥","東証およびＰＴＳ",,"確報",0,0,10700,100,100,4400,6300,0,0,8463700,79100,79100,3480400,4983300,,,0,0,117700,0,0,48400,46.2,50.9,254.5,84.8,63.3,14.9,24.1
"2026/01/14","2026/01/16","8923","トーセイ","東証およびＰＴＳ",,"確報",400,2500,28600,5200,100,49300,-20700,722000,4512500,51623000,9386000,180500,88986500,-37363500,,,0,0,0,307000,442000,0,20.5,54.9,15.4,24.1,15.3,23.8,18.6
"2026/01/14","2026/01/16","8927","明豊エンタープライズ","東証およびＰＴＳ",,"確報",1000,8300,155000,600,0,3500,151500,453000,3759900,70215000,271800,0,1585500,68629500,,,0,0,649200,0,0,11600,44.9,233.9,24.9,45,25.5,153,43.7
"2026/01/14","2026/01/16","8928","穴吹興産","東証およびＰＴＳ",,"確報",0,100,2800,0,0,900,1900,0,225500,6314000,0,0,2029500,4284500,,,0,0,5800,0,0,1800,51,0,30.6,61.2,0,17,34
"2026/01/14","2026/01/16","8929","青山財産ＮＷ","東証およびＰＴＳ",,"確報",200,3700,10600,0,0,0,10600,318600,5894100,16885800,0,0,0,16885800,,,0,0,0,98700,0,0,22.1,239,11.6,22.1,0,0,0
"2026/01/14","2026/01/16","8931","和田興産","東証およびＰＴＳ",,"確報",0,200,3900,100,0,200,3700,0,353000,6883500,176500,0,353000,6530500,,,0,0,4100,0,0,100,9.8,9.2,11.7,10.3,3.5,7,4.7
"2026/01/14","2026/01/16","8934","サンフロンティア","東証およびＰＴＳ",,"確報",100,0,38600,0,0,2600,36000,251200,0,96963200,0,0,6531200,90432000,,,0,0,77000,0,0,5200,46.4,79.7,478.3,136.6,4.7,5.2,5
"2026/01/14","2026/01/16","8935","ＦＪネクストＨＤ","東証およびＰＴＳ",,"確報",8100,100,17500,11400,0,17500,0,12409200,153200,26810000,17464800,0,26810000,0,,,0,0,237500,0,0,152500,9,5.7,541,11.3,3.6,141,7.1
"2026/01/14","2026/01/16","8938","グロームＨＤ","東証およびＰＴＳ",,"確報",600,0,8000,0,0,0,8000,236400,0,3152000,0,0,0,3152000,,,0,0,0,111000,0,0,53.7,62.7,47,53.7,0,0,0
"2026/01/14","2026/01/16","8944","ランドビジネス","東証およびＰＴＳ",,"確報",0,0,4900,0,0,0,4900,0,0,1190700,0,0,0,1190700,,,0,0,0,0,0,0,166.7,250,125,166.7,0,0,0
"2026/01/14","2026/01/16","8945","サンネクスタグループ","東証およびＰＴＳ",,"確報",0,0,100,0,0,0,100,0,0,109400,0,0,0,109400,,,0,0,0,1300,0,0,2.8,3.7,2.2,2.8,0,0,0
"2026/01/14","2026/01/16","8946","ＡＳＩＡＮ　ＳＴＡＲ","東証およびＰＴＳ",,"確報",0,23200,45200,0,0,0,45200,0,1856000,3616000,0,0,0,3616000,,,0,0,0,68400,0,0,20.7,48.6,13.2,20.7,0,0,0
"2026/01/14","2026/01/16","8951","Ｒ－ビルＦ","東証およびＰＴＳ",,"確報",20,2,57,1609,211,2715,-2658,2908000,290800,8287800,233948600,30679400,394761000,-386473200,,,0,0,50700,0,0,1712100,3.8,4.7,2.3,3,2.1,22.3,3.8
"2026/01/14","2026/01/16","8952","Ｒ－ジャパン","東証およびＰＴＳ",,"確報",20,0,263,9,5,74,189,2592000,0,34084800,1166400,648000,9590400,24494400,,,0,0,170100,0,0,49000,47.7,45.4,306.5,79.1,21.8,18.3,19.9
"2026/01/14","2026/01/16","8953","Ｒ－都市ファンド","東証およびＰＴＳ",,"確報",0,11,349,0,5,58,291,0,1373900,43590100,0,624500,7244200,36345900,,,0,0,72000,0,0,12600,7,20,4.4,7.2,0,3.1,6.1
"2026/01/14","2026/01/16","8954","Ｒ－オリックスＦ","東証およびＰＴＳ",,"確報",0,17,93,1,18,93,0,0,1822400,9969600,107200,1929600,9969600,0,,,0,0,0,44000,44000,0,24.6,17.8,26.2,21.2,33.2,26.2,29.3
"2026/01/14","2026/01/16","8955","Ｒ－Ｊプライム","東証およびＰＴＳ",,"確報",22,11,210,0,23,210,0,2371600,1185800,22638000,0,2479400,22638000,0,,,0,0,517400,0,0,605800,5.8,11.5,69.1,19.8,131.8,2.2,4.4
"2026/01/14","2026/01/16","8956","Ｒ－ＮＴＴ都市開発Ｒ","東証およびＰＴＳ",,"確報",0,0,122,0,5,8,114,0,0,17580200,0,720500,1152800,16427400,,,0,0,122000,0,0,13000,23.1,137.8,14.7,26.5,10.2,7.3,8.5
"2026/01/14","2026/01/16","8957","Ｒ－東急ＲＥ","東証およびＰＴＳ",,"確報",7,2,64,0,1,297,-233,1449000,414000,13248000,0,207000,61479000,-48231000,,,0,0,0,17700,89400,0,16.3,3.3,5.1,4,50.2,27.3,35.4
"2026/01/14","2026/01/16","8958","Ｒ－グロバル","東証およびＰＴＳ",,"確報",1,0,117,0,4,103,14,141200,0,16520400,0,564800,14543600,1976800,,,0,0,69600,0,0,64200,56.8,635,21.9,42.3,88.3,106,96.4
"2026/01/14","2026/01/16","8960","Ｒ－ユナイテド","東証およびＰＴＳ",,"確報",0,3,188,2,2,35,153,0,565200,35419200,376800,376800,6594000,28825200,,,0,0,343800,0,0,63000,22.1,34.7,156.3,56.8,6,5.9,5.9
"2026/01/14","2026/01/16","8961","Ｒ－森トラスト","東証およびＰＴＳ",,"確報",0,72,50,21,2,326,-276,0,5767200,4005000,1682100,160200,26112600,-22107600,,,0,0,122000,0,0,307000,12.6,5.7,4.2,4.8,66.5,28.5,39.9
"2026/01/14","2026/01/16","8963","Ｒ－ＩＮＶ","東証およびＰＴＳ",,"確報",116,4,861,0,5,90,771,7690800,265200,57084300,0,331500,5967000,51117300,,,0,0,449400,0,0,57000,46.9,30,77.4,43.2,0,78.8,157.7
"2026/01/14","2026/01/16","8964","Ｒ－フロンティア","東証およびＰＴＳ",,"確報",0,2,74,0,2,74,0,0,188400,6970800,0,188400,6970800,0,,,0,0,0,0,0,0,31.5,27,126,44.5,18,37.8,24.4
"2026/01/14","2026/01/16","8966","平和不動産リート投資","東証およびＰＴＳ",,"確報",2,2,249,0,0,249,0,320600,320600,39914700,0,0,39914700,0,,,0,0,124500,0,0,124500,42.9,81.8,21.4,34,0,29.1,58.1
"2026/01/14","2026/01/16","8967","日本ロジＦ投資","東証およびＰＴＳ",,"確報",0,52,3,16,2,72,-69,0,5475600,315900,1684800,210600,7581600,-7265700,,,0,0,0,44000,46400,0,2.6,2.5,0.8,1.2,21.7,15.1,17.8
"2026/01/14","2026/01/16","8968","Ｒ－福岡","東証およびＰＴＳ",,"確報",0,68,23,18,1,92,-69,0,12994800,4395300,3439800,191100,17581200,-13185900,,,0,0,63700,0,0,52500,6,5.2,3,3.8,25.1,6.3,10
"2026/01/14","2026/01/16","8972","Ｒ－ＫＤＸ不動産","東証およびＰＴＳ",,"確報",0,0,265,1,9,35,230,0,0,47170000,178000,1602000,6230000,40940000,,,0,0,238500,0,0,38700,40.6,79.4,32.1,45.8,27.4,19.2,22.6
"2026/01/14","2026/01/16","8975","いちごオフィスリート","東証およびＰＴＳ",,"確報",18,18,190,0,0,190,0,1758600,1758600,18563000,0,0,18563000,0,,,0,0,57000,0,0,57000,23.2,23.2,11.7,15.6,950,23.2,45.2
"2026/01/14","2026/01/16","8976","大和証券オフィス投資","東証およびＰＴＳ",,"確報",4,0,13,10,21,28,-15,1530000,0,4972500,3825000,8032500,10710000,-5737500,,,0,0,4500,0,0,19500,4.6,12.3,8.2,9.8,3.7,4.3,4
"2026/01/14","2026/01/16","8977","Ｒ－阪急阪神","東証およびＰＴＳ",,"確報",1,1,22,0,0,22,0,168100,168100,3698200,0,0,3698200,0,,,0,0,0,24200,24200,0,38.3,57.5,23,32.9,115,28.8,46
"2026/01/14","2026/01/16","8979","Ｒ－スターツＰＲ","東証およびＰＴＳ",,"確報",1,0,19,0,0,0,19,209700,0,3984300,0,0,0,3984300,,,0,0,0,7200,0,0,27.7,97,16.2,27.7,0,0,0
"2026/01/14","2026/01/16","8984","大和ハウスリート","東証およびＰＴＳ",,"確報",1,27,52,36,3,111,-59,142100,3836700,7389200,5115600,426300,15773100,-8383900,,,0,0,0,23400,23400,0,4.5,2.3,2.5,2.4,11.9,61.3,20
"2026/01/14","2026/01/16","8985","ジャパンホテルリート","東証およびＰＴＳ",,"確報",0,42,1052,0,3,60,992,0,3561600,89209600,0,254400,5088000,84121600,,,0,0,875200,0,0,50400,40.8,71.9,30.3,42.6,33,18.3,23.6
"2026/01/14","2026/01/16","8986","Ｒ－大和証券リビング","東証およびＰＴＳ",,"確報",12,3,80,2,19,48,32,1405200,351300,9368000,234200,2224900,5620800,3747200,,,0,0,14200,0,0,13000,13.1,26.4,13.2,17.6,61.4,5.5,10.1
"2026/01/14","2026/01/16","8987","Ｒ－エクセレント","東証およびＰＴＳ",,"確報",18,16,64,0,20,215,-151,2727000,2424000,9696000,0,3030000,32572500,-22876500,,,0,0,0,12400,47000,0,22.5,18.6,6,9,34.3,49.2,40.4
"2026/01/14","2026/01/16","8995","誠建設工業","東証およびＰＴＳ",,"確報",700,0,4400,0,0,0,4400,1108800,0,6969600,0,0,0,6969600,,,0,0,802900,0,0,0,12.4,10,16.4,12.4,0,0,0
"2026/01/14","2026/01/16","8996","ハウスフリーダム","東証およびＰＴＳ",,"確報",0,0,2600,0,100,1000,1600,0,0,2405000,0,92500,925000,1480000,,,0,0,0,2600,1100,0,10.9,6,30,10,60,7.5,13.3
"2026/01/14","2026/01/16","8999","グランディハウス","東証およびＰＴＳ",,"確報",0,100,9600,0,100,4300,5300,0,64000,6144000,0,64000,2752000,3392000,,,0,0,97000,0,0,44000,108.2,119.8,119.8,119.8,224,56,89.6
"2026/01/14","2026/01/16","9001","東武鉄道","東証およびＰＴＳ",,"確報",100,600,11400,800,0,1900,9500,274400,1646400,31281600,2195200,0,5213600,26068000,,,0,0,404600,0,0,37400,9.7,150.3,35.4,57.2,7.8,1.4,2.4
"2026/01/14","2026/01/16","9003","相鉄ホールディングス","東証およびＰＴＳ",,"確報",100,0,18800,1700,1300,28900,-10100,285800,0,53730400,4858600,3715400,82596200,-28865800,,,0,0,9350,0,0,14250,25.9,104.2,85.3,93.8,12,29.2,17.1
"2026/01/14","2026/01/16","9005","東急","東証およびＰＴＳ",,"確報",12300,0,22300,1000,28300,13900,8400,22164600,0,40184600,1802000,50996600,25047800,15136800,,,0,0,0,175000,721000,0,4.6,2.8,41.3,5.2,10.5,2.9,4.6
"2026/01/14","2026/01/16","9006","京浜急行電鉄","東証およびＰＴＳ",,"確報",0,60300,3100,4200,1400,10500,-7400,0,93676050,4815850,6524700,2174900,16311750,-11495900,,,0,0,0,412100,50050,0,1.2,1.2,0.8,0.9,3.9,3,3.4
"2026/01/14","2026/01/16","9007","小田急電鉄","東証およびＰＴＳ",,"確報",600,1600,17500,0,1000,17500,0,1018800,2716800,29715000,0,1698000,29715000,0,,,0,0,0,222000,222000,0,4,2.9,2.4,2.7,11.8,6,7.9
"2026/01/14","2026/01/16","9008","京王電鉄","東証およびＰＴＳ",,"確報",900,1000,3000,0,1300,1800,1200,3623400,4026000,12078000,0,5233800,7246800,4831200,,,0,0,0,105400,105400,0,3.3,2.4,2.1,2.2,22,5.1,8.3
"2026/01/14","2026/01/16","9009","京成電鉄","東証およびＰＴＳ",,"確報",7000,1000,64700,0,2300,39000,25700,8953000,1279000,82751300,0,2941700,49881000,32870300,,,0,0,0,1731650,1218350,0,22.4,28.5,15.7,20.2,22.4,37.2,28
"2026/01/14","2026/01/16","9010","富士急行","東証およびＰＴＳ",,"確報",500,100,21200,400,0,21200,0,1053500,210700,44668400,842800,0,44668400,0,,,0,0,0,62400,62400,0,12,6.4,6.3,6.3,130.9,95.2,110.2
"2026/01/14","2026/01/16","9012","秩父鉄道","東証およびＰＴＳ",,"確報",0,0,0,0,0,0,0,0,0,0,0,0,0,0,,,0,0,0,0,0,0,0,0,0,0,0,0,0
"2026/01/14","2026/01/16","9017","新潟交通","東証およびＰＴＳ",,"確報",0,100,200,0,0,0,200,0,213500,427000,0,0,0,427000,,,0,0,0,4500,0,0,6,6,6,6,0,0,0
"2026/01/14","2026/01/16","9020","東日本旅客鉄道","東証およびＰＴＳ",,"確報",9200,5700,26200,0,6500,19100,7100,38060400,23580900,108389400,0,26890500,79016700,29372700,,,0,0,0,1293900,1459200,0,5.3,2.8,4.3,3.4,22.9,9,13
"2026/01/14","2026/01/16","9021","西日本旅客鉄道","東証およびＰＴＳ",,"確報",0,2700,31100,0,1300,500,30600,0,8451000,97343000,0,4069000,1565000,95778000,,,0,0,202800,0,0,10800,31.1,48.5,35.9,41.3,11.1,3.3,5
"2026/01/14","2026/01/16","9022","東海旅客鉄道","東証およびＰＴＳ",,"確報",8400,0,52000,1000,12800,16100,35900,36708000,0,227240000,4370000,55936000,70357000,156883000,,,0,0,0,1308000,837000,0,13.5,22.3,162.2,39.2,6.5,5.6,6
"2026/01/14","2026/01/16","9023","東京地下鉄","東証およびＰＴＳ",,"確報",0,61700,813400,1100,0,1202400,-389000,0,99460400,1311200800,1773200,0,1938268800,-627068000,,,0,0,10063650,0,0,13814950,26,13.8,12.2,13,2494,59.2,115.7
"2026/01/14","2026/01/16","9024","西武ホールディングス","東証およびＰＴＳ",,"確報",100,1500,7400,700,8700,234700,-227300,421800,6327000,31213200,2952600,36696600,989964600,-958751400,,,0,0,0,202400,5582100,0,12.6,4.9,5,5,193.6,6.9,13.4
"2026/01/14","2026/01/16","9025","鴻池運輸","東証およびＰＴＳ",,"確報",0,0,2600,0,0,200,2400,0,0,8489000,0,0,653000,7836000,,,0,0,91000,0,0,7000,49,0,22.8,45.7,0,0,0
"2026/01/14","2026/01/16","9028","ゼロ","東証およびＰＴＳ",,"確報",0,100,4000,300,0,2000,2000,0,409000,16360000,1227000,0,8180000,8180000,,,0,0,0,20500,8500,0,23.3,209,52.3,83.6,5.9,10.1,7.5
"2026/01/14","2026/01/16","9029","ヒガシＨＤ","東証およびＰＴＳ",,"確報",0,0,1500,0,0,0,1500,0,0,2797500,0,0,0,2797500,,,0,0,33000,0,0,0,150,75,0,150,0,0,0
"2026/01/14","2026/01/16","9031","西日本鉄道","東証およびＰＴＳ",,"確報",0,500,1400,2900,400,20700,-19300,0,1460750,4090100,8472350,1168600,60475050,-56384950,,,0,0,64600,0,0,618800,11.6,14.7,1.6,2.8,15.5,41.2,22.5
"2026/01/14","2026/01/16","9033","広島電鉄","東証およびＰＴＳ",,"確報",0,0,400,0,0,0,400,0,0,246000,0,0,0,246000,,,0,0,400,0,0,0,22,22,22,22,0,0,0
"2026/01/14","2026/01/16","9034","南総通運","東証およびＰＴＳ",,"確報",0,0,500,0,0,0,500,0,0,803000,0,0,0,803000,,,0,0,0,9500,0,0,52,0,26,52,0,0,0
"2026/01/14","2026/01/16","9036","東部ネットワーク","東証およびＰＴＳ",,"確報",0,200,2300,0,0,0,2300,0,240600,2766900,0,0,0,2766900,,,0,0,15000,0,0,0,46.4,38.7,58,46.4,0,0,0
"2026/01/14","2026/01/16","9037","ハマキョウレックス","東証およびＰＴＳ",,"確報",1800,0,24100,2800,0,29500,-5400,3263400,0,43693300,5076400,0,53483500,-9790200,,,0,0,0,200700,240300,0,24.2,29,18.6,22.6,20.1,36.3,25.8
"2026/01/14","2026/01/16","9039","サカイ引越センター","東証およびＰＴＳ",,"確報",0,100,1800,4300,100,16900,-15100,0,296900,5344200,12766700,296900,50176100,-44831900,,,0,0,34200,0,0,228600,10.3,15.3,13.4,14.3,5.3,59.2,9.8
"2026/01/14","2026/01/16","9041","近鉄グループＨＤ","東証およびＰＴＳ",,"確報",0,210200,367100,400,0,500,366600,0,674321600,1177656800,1283200,0,1604000,1176052800,,,0,0,16741700,0,0,2900,5.9,4.5,9,5.9,3,12,4.8
"2026/01/14","2026/01/16","9042","阪急阪神ＨＤ","東証およびＰＴＳ",,"確報",1700,900,29200,300,100,9900,19300,6987000,3699000,120012000,1233000,411000,40689000,79323000,,,0,0,596400,0,0,203700,20.8,25.2,15.4,19.1,16,123.8,28.3
"2026/01/14","2026/01/16","9044","南海電気鉄道","東証およびＰＴＳ",,"確報",700,100,7700,700,300,29700,-22000,2123800,303400,23361800,2123800,910200,90109800,-66748000,,,0,0,0,28400,117200,0,20.3,5.8,7.5,6.5,33.9,67.8,45.2
"2026/01/14","2026/01/16","9045","京阪ホールディングス","東証およびＰＴＳ",,"確報",400,0,3000,0,0,1600,1400,1384000,0,10380000,0,0,5536000,4844000,,,0,0,75400,0,0,46400,14.1,29.6,29.6,29.6,4.1,11.4,6
"2026/01/14","2026/01/16","9046","神戸電鉄","東証およびＰＴＳ",,"確報",200,100,6700,400,0,13100,-6400,509800,254900,17078300,1019600,0,33391900,-16313600,,,0,0,0,6600,12700,0,22.7,10.4,8.5,9.4,79.1,316.5,126.6
"2026/01/14","2026/01/16","9048","名古屋鉄道","東証およびＰＴＳ",,"確報",9100,1800,26800,7300,0,26800,0,15488200,3063600,45613600,12424600,0,45613600,0,,,0,0,0,29250,29250,0,5.6,3.7,6.1,4.6,5.1,12.8,7.3
"2026/01/14","2026/01/16","9049","京福電気鉄道","東証およびＰＴＳ",,"確報",0,0,0,0,0,0,0,0,0,0,0,0,0,0,,,0,0,0,0,0,0,0,0,0,0,0,0,0
"2026/01/14","2026/01/16","9051","センコン物流","東証およびＰＴＳ",,"確報",0,0,200,0,0,0,200,0,0,298400,0,0,0,298400,,,0,0,0,1600,0,0,0,0,0,0,0,0,0
"2026/01/14","2026/01/16","9052","山陽電気鉄道","東証およびＰＴＳ",,"確報",200,0,1900,900,100,10900,-9000,419800,0,3988100,1889100,209900,22879100,-18891000,,,0,0,18700,0,0,111100,23.1,7.4,0,14.9,24.9,24.9,24.9
"2026/01/14","2026/01/16","9057","遠州トラック","東証およびＰＴＳ",,"確報",0,0,2100,0,0,0,2100,0,0,7770000,0,0,0,7770000,,,0,0,0,52500,0,0,30.6,107,17.8,30.6,0,0,0
"2026/01/14","2026/01/16","9059","カンダＨＤ","東証およびＰＴＳ",,"確報",0,0,6000,0,100,0,6000,0,0,5520000,0,92000,0,5520000,,,0,0,0,6000,100,0,304,0,0,0,4,4,4
"2026/01/14","2026/01/16","9060","日本ロジテム","東証およびＰＴＳ",,"確報",0,0,600,0,0,0,600,0,0,3024000,0,0,0,3024000,,,0,0,0,6000,0,0,0,0,0,0,0,0,0
"2026/01/14","2026/01/16","9063","岡山県貨物運送","東証およびＰＴＳ",,"確報",0,0,400,0,0,0,400,0,0,1662000,0,0,0,1662000,,,0,0,0,26000,0,0,0,0,0,0,0,0,0
"2026/01/14","2026/01/16","9064","ヤマトＨＤ","東証およびＰＴＳ",,"確報",2500,2400,21000,200,200,10900,10100,5232500,5023200,43953000,418600,418600,22813700,21139300,,,0,0,0,595650,310650,0,4.8,3.5,3.5,3.5,21,8.7,12.3
"2026/01/14","2026/01/16","9065","山九","東証およびＰＴＳ",,"確報",1300,300,2700,1500,100,4500,-1800,11593400,2675400,24078600,13377000,891800,40131000,-16052400,,,0,0,244800,0,0,446400,4.3,2.8,5.1,3.6,2.9,15.4,4.9
"2026/01/14","2026/01/16","9067","丸運","東証およびＰＴＳ",,"確報",0,100,32100,0,0,0,32100,0,94300,30270300,0,0,0,30270300,,,0,0,0,96600,0,0,3218,0,1609,3218,0,0,0
"2026/01/14","2026/01/16","9068","丸全昭和運輸","東証およびＰＴＳ",,"確報",400,300,11400,300,200,11900,-500,3336000,2502000,95076000,2502000,1668000,99246000,-4170000,,,0,0,0,1582000,1652000,0,14.6,5.2,31.3,8.9,59.2,28.2,38.2
"2026/01/14","2026/01/16","9069","センコーグループＨＤ","東証およびＰＴＳ",,"確報",300,1000,20500,2000,100,31600,-11100,619800,2066000,42353000,4132000,206600,65285600,-22932600,,,0,0,63600,0,0,89100,19,14.4,8.4,10.7,25.5,211.3,45.5
"2026/01/14","2026/01/16","9072","ニッコンＨＤ","東証およびＰＴＳ",,"確報",200,200,17100,4000,2300,40600,-23500,691000,691000,59080500,13820000,7946500,140273000,-81192500,,,0,0,0,940500,2139500,0,17.3,52.3,8.7,14.9,11,69.9,19
"2026/01/14","2026/01/16","9073","京極運輸商事","東証およびＰＴＳ",,"確報",0,0,0,0,0,0,0,0,0,0,0,0,0,0,,,0,0,0,0,0,0,0,0,0,0,0,0,0
"2026/01/14","2026/01/16","9074","日本石油輸送","東証およびＰＴＳ",,"確報",0,800,2100,100,0,800,1300,0,4400000,11550000,550000,0,4400000,7150000,,,0,0,464000,0,0,112000,19.6,46.3,12.6,19.9,18.5,18.5,18.5
"2026/01/14","2026/01/16","9075","福山通運","東証およびＰＴＳ",,"確報",100,100,17500,500,500,17500,0,470500,470500,82337500,2352500,2352500,82337500,0,,,0,0,0,262500,262500,0,21.4,14.5,12,13.1,99.8,40.8,57.9
"2026/01/14","2026/01/16","9076","セイノーＨＤ","東証およびＰＴＳ",,"確報",700,1200,19800,0,0,0,19800,1684900,2888400,47658600,0,0,0,47658600,,,0,0,0,263900,0,0,32.2,24.1,60.2,34.4,0,1,2
"2026/01/14","2026/01/16","9081","神奈川中央交通","東証およびＰＴＳ",,"確報",1700,400,3500,100,0,3100,400,6536500,1538000,13457500,384500,0,11919500,1538000,,,0,0,0,0,0,0,5.8,2.6,3.5,3,36.8,0,73.5
"2026/01/14","2026/01/16","9082","大和自動車交通","東証およびＰＴＳ",,"確報",0,0,400,0,0,0,400,0,0,490000,0,0,0,490000,,,0,0,0,6000,0,0,0,0,0,0,0,0,0
"2026/01/14","2026/01/16","9083","神姫バス","東証およびＰＴＳ",,"確報",0,0,300,0,0,0,300,0,0,602100,0,0,0,602100,,,0,0,4200,0,0,0,24,12,0,24,0,0,0
"2026/01/14","2026/01/16","9087","タカセ","東証およびＰＴＳ",,"確報",0,0,300,0,0,0,300,0,0,392700,0,0,0,392700,,,0,0,2700,0,0,0,0,0,0,0,0,0,0
"2026/01/14","2026/01/16","9090","ＡＺ－ＣＯＭ丸和ＨＤ","東証およびＰＴＳ",,"確報",0,300,41600,0,200,7900,33700,0,296400,41100800,0,197600,7805200,33295600,,,0,0,0,419000,81000,0,67.1,418.8,110.2,174.5,98,10.2,18.5
"2026/01/14","2026/01/16","9101","日本郵船","東証およびＰＴＳ",,"確報",200,13400,323400,9400,0,78200,245200,1075800,72078600,1739568600,50562600,0,420637800,1318930800,,,0,0,24571800,0,0,5022400,35.3,102,42.4,59.9,8.6,20.9,12.1
"2026/01/14","2026/01/16","9104","商船三井","東証およびＰＴＳ",,"確報",200,25400,138200,2800,0,5300,132900,995800,126466600,688097800,13941200,0,26388700,661709100,,,0,0,9640600,0,0,147500,19.2,45.4,12.9,20,3.6,12.9,5.7
"2026/01/14","2026/01/16","9107","川崎汽船","東証およびＰＴＳ",,"確報",4400,2500,190600,21900,2500,102900,87700,10203600,5797500,442001400,50786100,5797500,238625100,203376300,,,0,0,2170050,0,0,960250,9.6,41.1,16.8,23.8,7.7,3.7,5
"2026/01/14","2026/01/16","9110","ＮＳユナイテッド海運","東証およびＰＴＳ",,"確報",0,1700,5700,0,1200,6800,-1100,0,11577000,38817000,0,8172000,46308000,-7491000,,,0,0,0,74000,80000,0,9.1,8.7,11.7,10,6.7,11.5,8.4
"2026/01/14","2026/01/16","9115","明海グループ","東証およびＰＴＳ",,"確報",200,1000,78000,0,0,0,78000,136200,681000,53118000,0,0,0,53118000,,,0,0,315200,0,0,0,655.3,1966,393.2,655.3,0,0,0
"2026/01/14","2026/01/16","9119","飯野海運","東証およびＰＴＳ",,"確報",11600,700,39300,3600,400,46800,-7500,17550800,1059100,59460900,5446800,605200,70808400,-11347500,,,0,0,454400,0,0,697600,10.8,4.9,6.3,5.5,44,55,48.9
"2026/01/14","2026/01/16","9127","玉井商船","東証およびＰＴＳ",,"確報",0,0,2500,0,0,0,2500,0,0,8412500,0,0,0,8412500,,,0,0,162500,0,0,0,64.5,129,43,64.5,0,0,0
"2026/01/14","2026/01/16","9130","共栄タンカー","東証およびＰＴＳ",,"確報",100,0,16900,2200,0,3900,13000,113700,0,19215300,2501400,0,4434300,14781000,,,0,0,319200,0,0,32300,28.1,53.7,40.9,46.4,4.4,15.7,6.9
"2026/01/14","2026/01/16","9142","九州旅客鉄道","東証およびＰＴＳ",,"確報",200,200,2300,0,400,600,1700,818600,818600,9413900,0,1637200,2455800,6958100,,,0,0,0,27600,12000,0,15.6,12.6,18.8,15.1,43,10.8,17.2
"2026/01/14","2026/01/16","9143","ＳＧホールディングス","東証およびＰＴＳ",,"確報",500,1600,70300,0,500,500,69800,736000,2355200,103481600,0,736000,736000,102745600,,,0,0,0,71400,1000,0,40.3,46.7,54.6,50.4,76,2,3.9
"2026/01/14","2026/01/16","9145","ビーイングＨＤ","東証およびＰＴＳ",,"確報",0,200,27100,200,0,10600,16500,0,179200,24281600,179200,0,9497600,14784000,,,0,0,0,245700,93600,0,103.6,151,226.5,181.2,25.3,506,48.2
"2026/01/14","2026/01/16","9147","ＮＸＨＤ","東証およびＰＴＳ",,"確報",0,5800,1800,1300,100,10000,-8200,0,20271000,6291000,4543500,349500,34950000,-28659000,,,0,0,509200,0,0,589600,3,2.5,1.7,2,4.1,5.2,4.6
"2026/01/14","2026/01/16","9158","シーユーシー","東証およびＰＴＳ",,"確報",2000,3800,31500,1600,0,26300,5200,1786000,3393400,28129500,1428800,0,23485900,4643600,,,0,0,765900,0,0,568100,26.9,18.6,28.7,22.6,30.3,43.2,35.6
"2026/01/14","2026/01/16","9159","Ｗ　ＴＯＫＹＯ","東証およびＰＴＳ",,"確報",0,100,3800,0,0,0,3800,0,165900,6304200,0,0,0,6304200,,,0,0,15600,0,0,0,128.7,193,96.5,128.7,0,0,0
"2026/01/14","2026/01/16","9160","ノバレーゼ","東証およびＰＴＳ",,"確報",2300,0,19800,1800,11100,53200,-33400,724500,0,6237000,567000,3496500,16758000,-10521000,,,0,0,17500,0,0,62500,9.6,39.4,226.5,67.1,90.8,4.3,8.2
"2026/01/14","2026/01/16","9162","ブリーチ","東証およびＰＴＳ",,"確報",0,300,6700,0,0,0,6700,0,94200,2103800,0,0,0,2103800,,,0,0,14000,0,0,0,98,171.5,68.6,98,0,0,0
"2026/01/14","2026/01/16","9163","ナレルグループ","東証およびＰＴＳ",,"確報",0,200,15700,0,0,0,15700,0,470200,36910700,0,0,0,36910700,,,0,0,79500,0,0,0,91.4,823,48.4,91.4,0,0,0
"2026/01/14","2026/01/16","9165","クオルテック","東証およびＰＴＳ",,"確報",100,0,1800,0,0,0,1800,142200,0,2559600,0,0,0,2559600,,,0,0,5100,0,0,0,26,45.5,18.2,26,0,0,0
"2026/01/14","2026/01/16","9166","ＧＥＮＤＡ","東証およびＰＴＳ",,"確報",1500,5200,681300,0,0,0,681300,1185000,4108000,538227000,0,0,0,538227000,,,0,0,4795000,0,0,0,65.5,207.4,38.9,65.5,0,0,0
"2026/01/14","2026/01/16","9168","ライズ","東証およびＰＴＳ",,"確報",0,4500,55800,0,0,0,55800,0,3127500,38781000,0,0,0,38781000,,,0,0,0,9045000,0,0,26.2,22.7,31.1,26.2,0,0,0
"2026/01/14","2026/01/16","9171","栗林商船","東証およびＰＴＳ",,"確報",400,0,342400,0,0,0,342400,749600,0,641657600,0,0,0,641657600,,,0,0,0,9918000,0,0,1267.2,1900.8,950.4,1267.2,0,0,0
"2026/01/14","2026/01/16","9173","東海汽船","東証およびＰＴＳ",,"確報",0,200,0,0,0,0,0,0,641000,0,0,0,0,0,,,0,0,4000,0,0,0,3.3,3.3,3.3,3.3,0,0,0
"2026/01/14","2026/01/16","9193","東京汽船","東証およびＰＴＳ",,"確報",0,0,1800,0,0,0,1800,0,0,2079000,0,0,0,2079000,,,0,0,27000,0,0,0,47.5,95,31.7,47.5,0,0,0
"2026/01/14","2026/01/16","9201","ＪＡＬ","東証およびＰＴＳ",,"確報",900,5000,32600,0,0,0,32600,2682000,14900000,97148000,0,0,0,97148000,,,0,0,1284500,0,0,0,2.7,3,2.7,2.9,3.7,1.8,2.4
"2026/01/14","2026/01/16","9202","ＡＮＡＨＤ","東証およびＰＴＳ",,"確報",0,9300,70700,700,6200,29600,41100,0,28513800,216766200,2146200,19009200,90753600,126012600,,,0,0,1440000,0,0,631800,9.6,13.4,18.3,15.4,8.6,4.8,6.2
"2026/01/14","2026/01/16","92025","ＡＮＡ－優","東証およびＰＴＳ",,"確報",0,0,0,0,0,0,0,0,0,0,0,0,0,0,,,0,0,0,0,0,0,0,0,0,0,0,0,0
"2026/01/14","2026/01/16","9204","スカイマーク","東証およびＰＴＳ",,"確報",3200,0,65200,0,0,0,65200,1190400,0,24254400,0,0,0,24254400,,,0,0,0,62000,0,0,36.6,76.7,24.1,36.6,0,0,0
"2026/01/14","2026/01/16","9206","スターフライヤー","東証およびＰＴＳ",,"確報",0,0,800,0,0,0,800,0,0,1664000,0,0,0,1664000,,,0,0,0,4000,0,0,86,0,43,86,0,0,0
"2026/01/14","2026/01/16","9211","エフ・コード","東証およびＰＴＳ",,"確報",3400,200,63600,0,0,0,63600,4991200,293600,93364800,0,0,0,93364800,,,0,0,0,3805200,0,0,73.8,46.6,178,73.8,0,0,0
"2026/01/14","2026/01/16","9212","ＧＥＩ","東証およびＰＴＳ",,"確報",0,100,1500,0,0,0,1500,0,38800,582000,0,0,0,582000,,,0,0,8000,0,0,0,36.5,24.3,73,36.5,0,0,0
"2026/01/14","2026/01/16","9213","セイファート","東証およびＰＴＳ",,"確報",1100,0,4300,0,0,0,4300,829400,0,3242200,0,0,0,3242200,,,0,0,0,16000,0,0,24.6,14.3,86,24.6,0,0,0
"2026/01/14","2026/01/16","9214","リカバリー","東証およびＰＴＳ",,"確報",0,0,800,0,0,0,800,0,0,1144000,0,0,0,1144000,,,0,0,0,3200,0,0,80,40,0,80,0,0,0
"2026/01/14","2026/01/16","9215","ＣａＳｙ","東証およびＰＴＳ",,"確報",200,0,800,0,0,0,800,189000,0,756000,0,0,0,756000,,,0,0,0,6000,0,0,32,16,0,32,0,0,0
"2026/01/14","2026/01/16","9216","ビーウィズ","東証およびＰＴＳ",,"確報",4300,5700,90500,200,1600,90500,0,7327200,9712800,154212000,340800,2726400,154212000,0,,,0,0,3584100,0,0,3584100,23.8,13.5,42.9,20.5,16.4,101.4,28.3
"2026/01/14","2026/01/16","9218","メンタルヘルスＴ","東証およびＰＴＳ",,"確報",500,0,4700,1800,1400,67200,-62500,396500,0,3727100,1427400,1110200,53289600,-49562500,,,0,0,0,54600,868400,0,35.7,26,208,46.2,50.5,27,35.2
"2026/01/14","2026/01/16","9219","ギックス","東証およびＰＴＳ",,"確報",0,0,3500,0,0,3500,0,0,0,3423000,0,0,3423000,0,,,0,0,17500,0,0,17500,49.1,24.6,28.7,26.5,172,0,344
"2026/01/14","2026/01/16","9220","エフビー介護サービス","東証およびＰＴＳ",,"確報",0,0,1500,0,0,0,1500,0,0,1816500,0,0,0,1816500,,,0,0,0,6000,0,0,0,0,0,0,0,0,0
"2026/01/14","2026/01/16","9221","フルハシＥＰＯ","東証およびＰＴＳ",,"確報",600,100,8700,0,0,0,8700,840000,140000,12180000,0,0,0,12180000,,,0,0,0,82000,0,0,52.8,38.4,84.4,52.8,0,0,0
"2026/01/14","2026/01/16","9223","ＡＳＮＯＶＡ","東証およびＰＴＳ",,"確報",0,0,2600,0,0,0,2600,0,0,1456000,0,0,0,1456000,,,0,0,5200,0,0,0,0,0,0,0,0,0,0
"2026/01/14","2026/01/16","9225","ブリッジコンサル","東証およびＰＴＳ",,"確報",0,0,0,0,0,0,0,0,0,0,0,0,0,0,,,0,0,0,0,0,0,0,0,0,0,0,0,0
"2026/01/14","2026/01/16","9227","マイクロ波化学","東証およびＰＴＳ",,"確報",49100,41900,228900,2900,2100,228900,0,64812000,55308000,302148000,3828000,2772000,302148000,0,,,0,0,66510000,0,0,68430000,6.9,3.2,4.5,3.8,16.1,41.5,23.2
"2026/01/14","2026/01/16","9229","サンウェルズ","東証およびＰＴＳ",,"確報",300,1600,28800,0,0,0,28800,115500,616000,11088000,0,0,0,11088000,,,0,0,421400,0,0,0,41,62.3,30.5,41,0,0,0
"2026/01/14","2026/01/16","9233","アジア航測","東証およびＰＴＳ",,"確報",500,100,19400,0,0,0,19400,630000,126000,24444000,0,0,0,24444000,,,0,0,0,19000,0,0,48.6,78.2,40.6,53.5,0,1.3,2.5
"2026/01/14","2026/01/16","9235","売れるネットＧ","東証およびＰＴＳ",,"確報",0,1400,22200,0,0,0,22200,0,925400,14674200,0,0,0,14674200,,,0,0,0,165200,0,0,36,0,18,36,0,0,0
"2026/01/14","2026/01/16","9236","ジャパンＭ＆Ａ","東証およびＰＴＳ",,"確報",0,0,1000,0,0,0,1000,0,0,1025000,0,0,0,1025000,,,0,0,0,11000,0,0,14.3,0,7.1,14.3,0,0,0
"2026/01/14","2026/01/16","9237","笑美面","東証およびＰＴＳ",,"確報",0,100,4600,0,0,0,4600,0,88000,4048000,0,0,0,4048000,,,0,0,18800,0,0,0,49.3,37,74,49.3,0,0,0
"2026/01/14","2026/01/16","9238","バリューＣ","東証およびＰＴＳ",,"確報",0,0,2700,0,0,0,2700,0,0,3221100,0,0,0,3221100,,,0,0,18900,0,0,0,70.5,141,47,70.5,0,0,0
"2026/01/14","2026/01/16","9240","デリバリコンサル","東証およびＰＴＳ",,"確報",300,200,3000,0,0,0,3000,174900,116600,1749000,0,0,0,1749000,,,0,0,20300,0,0,0,30.2,19.4,68,30.2,0,0,0
"2026/01/14","2026/01/16","9241","ＦＬＮ","東証およびＰＴＳ",,"確報",0,0,2100,0,0,0,2100,0,0,3502800,0,0,0,3502800,,,0,0,0,67200,0,0,204,102,0,204,0,0,0
"2026/01/14","2026/01/16","9242","メディア総研","東証およびＰＴＳ",,"確報",0,100,400,0,0,0,400,0,214200,856800,0,0,0,856800,,,0,0,0,500,0,0,11,11,11,11,0,0,0
"2026/01/14","2026/01/16","9244","デジタリフト","東証およびＰＴＳ",,"確報",0,100,400,0,0,0,400,0,101700,406800,0,0,0,406800,,,0,0,19500,0,0,0,24,24,24,24,0,0,0
"2026/01/14","2026/01/16","9245","リベロ","東証およびＰＴＳ",,"確報",0,0,100,0,0,0,100,0,0,231300,0,0,0,231300,,,0,0,0,1500,0,0,2.7,4,2,2.7,0,0,0
"2026/01/14","2026/01/16","9246","プロジェクトＨＤ","東証およびＰＴＳ",,"確報",0,0,2800,0,0,0,2800,0,0,3430000,0,0,0,3430000,,,0,0,33600,0,0,0,0,0,0,0,0,0,0
"2026/01/14","2026/01/16","9247","ＴＲＥＨＤ","東証およびＰＴＳ",,"確報",1400,2700,32200,100,0,6200,26000,2370200,4571100,54514600,169300,0,10496600,44018000,,,0,0,435500,0,0,79300,21.4,18.5,31.6,23.3,6.8,0,13.6
"2026/01/14","2026/01/16","9248","人・夢・技術グループ","東証およびＰＴＳ",,"確報",0,0,900,0,0,0,900,0,0,1496700,0,0,0,1496700,,,0,0,17100,0,0,0,18,0,9,18,0,0,0
"2026/01/14","2026/01/16","9249","日本エコシステム","東証およびＰＴＳ",,"確報",0,0,300,0,0,0,300,0,0,474900,0,0,0,474900,,,0,0,0,3600,0,0,16,0,8,16,0,0,0
"2026/01/14","2026/01/16","9250","ＧＲＣＳ","東証およびＰＴＳ",,"確報",1000,0,2200,0,0,0,2200,947000,0,2083400,0,0,0,2083400,,,0,0,0,31200,0,0,12,6.5,72,12,0,0,0
"2026/01/14","2026/01/16","9251","ＡＢ＆Ｃｏｍｐａｎｙ","東証およびＰＴＳ",,"確報",0,100,2400,0,0,0,2400,0,122400,2937600,0,0,0,2937600,,,0,0,10000,0,0,0,81.3,61,122,81.3,0,0,0
"2026/01/14","2026/01/16","9252","ラストワンマイル","東証およびＰＴＳ",,"確報",700,0,4100,0,0,0,4100,2831500,0,16584500,0,0,0,16584500,,,0,0,170000,0,0,0,5.6,2.8,0,5.6,0,0,0
"2026/01/14","2026/01/16","9253","スローガン","東証およびＰＴＳ",,"確報",0,0,1400,0,0,0,1400,0,0,1071000,0,0,0,1071000,,,0,0,0,23800,0,0,13.4,7.4,67,13.4,0,0,0
"2026/01/14","2026/01/16","9254","ラバブルマーケ","東証およびＰＴＳ",,"確報",0,0,1400,0,0,0,1400,0,0,1674400,0,0,0,1674400,,,0,0,9800,0,0,0,15.3,17.3,13.8,15.3,0,0,0
"2026/01/14","2026/01/16","9256","サクシード","東証およびＰＴＳ",,"確報",0,0,300,0,0,0,300,0,0,243900,0,0,0,243900,,,0,0,300,0,0,0,16,16,16,16,0,0,0
"2026/01/14","2026/01/16","9257","ＹＣＰ","東証およびＰＴＳ",,"確報",0,0,4240000,0,0,0,4240000,0,0,3561600000,0,0,0,3561600000,,,0,0,0,4240000,0,0,0,0,0,0,0,0,0
"2026/01/14","2026/01/16","9258","ＣＳ－Ｃ","東証およびＰＴＳ",,"確報",0,0,0,0,0,0,0,0,0,0,0,0,0,0,,,0,0,0,0,0,0,1,1,1,1,0,0,0
"2026/01/14","2026/01/16","9259","タカヨシＨＤ","東証およびＰＴＳ",,"確報",200,800,5700,0,0,0,5700,156200,624800,4451700,0,0,0,4451700,,,0,0,0,56700,0,0,7.7,4.6,22.2,7.7,0,0,0
"2026/01/14","2026/01/16","9262","シルバーライフ","東証およびＰＴＳ",,"確報",200,0,13500,100,0,2900,10600,161600,0,10908000,80800,0,2343200,8564800,,,0,0,0,0,0,0,20.8,103.4,14.2,25,18,9,12
"2026/01/14","2026/01/16","9264","ポエック","東証およびＰＴＳ",,"確報",0,2800,6000,0,0,4600,1400,0,5126800,10986000,0,0,8422600,2563400,,,0,0,96800,0,0,50600,18.9,10.9,12.8,11.8,0,233,466
"2026/01/14","2026/01/16","9265","ヤマシタヘルスケア","東証およびＰＴＳ",,"確報",0,100,0,0,0,0,0,0,329500,0,0,0,0,0,,,0,0,2000,0,0,0,1,1,1,1,0,0,0
"2026/01/14","2026/01/16","9267","ゲンキードラッグ","東証およびＰＴＳ",,"確報",100,1300,2900,600,0,2200,700,438500,5700500,12716500,2631000,0,9647000,3069500,,,0,0,0,123000,48000,0,4.1,3.6,3.8,3.7,11.5,3,4.7
"2026/01/14","2026/01/16","9268","オプティマス","東証およびＰＴＳ",,"確報",4300,4200,79800,100,0,79800,0,1543700,1507800,28648200,35900,0,28648200,0,,,0,0,398500,0,0,398500,55.8,30.5,29.1,29.8,670,335,446.7
"2026/01/14","2026/01/16","9270","バリュエンスＨＤ","東証およびＰＴＳ",,"確報",11000,41700,96900,11000,41700,96900,0,20427000,77436900,179943300,20427000,77436900,179943300,0,,,0,0,31644800,0,0,31644800,6.7,4.7,9,6.2,5.3,11.2,7.2
"2026/01/14","2026/01/16","9271","和心","東証およびＰＴＳ",,"確報",0,0,9800,0,0,0,9800,0,0,9212000,0,0,0,9212000,,,0,0,49000,0,0,0,192.8,96.4,0,192.8,0,0,0
"2026/01/14","2026/01/16","9272","ブティックス","東証およびＰＴＳ",,"確報",0,0,7600,0,0,0,7600,0,0,10830000,0,0,0,10830000,,,0,0,60800,0,0,0,132.3,0,66.2,132.3,0,0,0
"2026/01/14","2026/01/16","9273","コーア商事ＨＤ","東証およびＰＴＳ",,"確報",0,0,5300,0,0,5300,0,0,0,4621600,0,0,4621600,0,,,0,0,10600,0,0,10600,174.7,87.3,131,104.8,262,0,524
"2026/01/14","2026/01/16","9274","ＫＰＰグループＨＤ","東証およびＰＴＳ",,"確報",400,2600,45800,2600,0,75800,-30000,347200,2256800,39754400,2256800,0,65794400,-26040000,,,0,0,0,144000,219600,0,15.7,8.2,6.1,7,42.6,447,77.7
"2026/01/14","2026/01/16","9278","ブックオフＧＨＤ","東証およびＰＴＳ",,"確報",0,11900,1300,8100,2400,31700,-30400,0,19563600,2137200,13316400,3945600,52114800,-49977600,,,0,0,1848000,0,0,3640000,7.4,30.2,2.8,5.2,13.3,6.3,8.6
"2026/01/14","2026/01/16","9279","ギフトＨＤ","東証およびＰＴＳ",,"確報",0,0,1700,300,600,34000,-32300,0,0,6383500,1126500,2253000,127670000,-121286500,,,0,0,59500,0,0,1200500,8.5,10.2,1,1.8,7.5,29.1,11.9
"2026/01/14","2026/01/16","9282","いちごグリーン","東証およびＰＴＳ",,"確報",0,5,54,0,0,0,54,0,249750,2697300,0,0,0,2697300,,,0,0,5900,0,0,0,82.9,0,41.4,82.9,0,0,0
"2026/01/14","2026/01/16","9284","カナディアンソラ","東証およびＰＴＳ",,"確報",5,6,186,0,0,0,186,457500,549000,17019000,0,0,0,17019000,,,0,0,130900,0,0,0,29.9,37.3,24.9,29.9,0,0,0
"2026/01/14","2026/01/16","9285","東京インフラＦ","東証およびＰＴＳ",,"確報",26,0,292,0,0,0,292,1307800,0,14687600,0,0,0,14687600,,,0,0,0,79800,0,0,40.5,22.3,223,40.5,0,0,0
"2026/01/14","2026/01/16","9286","エネクスインフラ","東証およびＰＴＳ",,"確報",0,37,711,0,0,0,711,0,2120100,40740300,0,0,0,40740300,,,0,0,598400,0,0,0,16.8,10.2,48.4,16.8,0,0,0
"2026/01/14","2026/01/16","9287","ＪＩＦ","東証およびＰＴＳ",,"確報",1047,5,2687,0,0,0,2687,66484500,317500,170624500,0,0,0,170624500,,,0,0,822500,0,0,0,4.6,2.4,72.6,4.6,0,0,0
"2026/01/14","2026/01/16","9301","三菱倉庫","東証およびＰＴＳ",,"確報",4700,3000,33100,1700,0,33100,0,6065350,3871500,42715550,2193850,0,42715550,0,,,0,0,549500,0,0,549500,17.6,11.3,14.3,12.6,23.1,39.9,29.3
"2026/01/14","2026/01/16","9302","三井倉庫ＨＤ","東証およびＰＴＳ",,"確報",11200,0,11200,2500,4600,15900,-4700,42100800,0,42100800,9397500,17291400,59768100,-17667300,,,0,0,0,0,432000,0,5.8,2.6,4,3.2,17.4,6.1,9
"2026/01/14","2026/01/16","9303","住友倉庫","東証およびＰＴＳ",,"確報",100,1300,3500,0,1200,3500,0,366500,4764500,12827500,0,4398000,12827500,0,,,0,0,0,0,0,0,13.6,21.5,9.3,13,24.3,10,14.1
"2026/01/14","2026/01/16","9304","澁澤倉庫","東証およびＰＴＳ",,"確報",22400,2000,30900,2200,900,30900,0,29478400,2632000,40664400,2895200,1184400,40664400,0,,,0,0,0,63000,177600,0,4.8,1.8,2.7,2.2,42.2,61.5,50.1
"2026/01/14","2026/01/16","9305","ヤマタネ","東証およびＰＴＳ",,"確報",0,1000,7600,0,0,1300,6300,0,2347000,17837200,0,0,3051100,14786100,,,0,0,0,111800,16900,0,47.5,430,26.9,50.6,69,23,34.5
"2026/01/14","2026/01/16","9306","東陽倉庫","東証およびＰＴＳ",,"確報",0,0,117800,0,100,100,117700,0,0,236778000,0,201000,201000,236577000,,,0,0,0,1884800,3200,0,76.9,40.4,2747,79.6,1.3,2,1.6
"2026/01/14","2026/01/16","9307","杉村倉庫","東証およびＰＴＳ",,"確報",0,200,12100,400,0,8200,3900,0,197200,11930600,394400,0,8085200,3845400,,,0,0,24600,0,0,15600,113.6,0,154.3,308.5,101.3,40.5,57.9
"2026/01/14","2026/01/16","9308","乾汽船","東証およびＰＴＳ",,"確報",1100,500,9400,600,0,40700,-31300,1481700,673500,12661800,808200,0,54822900,-42161100,,,0,0,0,158400,721800,0,36.1,11.8,18.5,14.4,46.8,61,53
"2026/01/14","2026/01/16","9310","日本トランスシティ","東証およびＰＴＳ",,"確報",0,0,3700,400,0,1900,1800,0,0,4432600,479200,0,2276200,2156400,,,0,0,11100,0,0,4500,28.3,59.7,179,89.5,7.6,19,10.9
"2026/01/14","2026/01/16","9311","アサガミ","東証およびＰＴＳ",,"確報",0,0,0,0,0,0,0,0,0,0,0,0,0,0,,,0,0,0,0,0,0,0,0,0,0,0,0,0
"2026/01/14","2026/01/16","9312","ケイヒン","東証およびＰＴＳ",,"確報",0,400,100,0,0,0,100,0,1139600,284900,0,0,0,284900,,,0,0,0,0,0,0,2,2.4,1.7,2,0,0,0
"2026/01/14","2026/01/16","9313","丸八倉庫","東証およびＰＴＳ",,"確報",0,0,1500,0,0,0,1500,0,0,1564500,0,0,0,1564500,,,0,0,6000,0,0,0,76,76,76,76,0,0,0
"2026/01/14","2026/01/16","9319","中央倉庫","東証およびＰＴＳ",,"確報",0,0,83400,0,0,7100,76300,0,0,130104000,0,0,11076000,119028000,,,0,0,0,83400,7100,0,452.8,0,697,1394,38.4,69.2,49.4
"2026/01/14","2026/01/16","9322","川西倉庫","東証およびＰＴＳ",,"確報",0,0,9200,0,0,0,9200,0,0,26036000,0,0,0,26036000,,,0,0,717600,0,0,0,131.7,92.2,230.5,131.7,0,0,0
"2026/01/14","2026/01/16","9324","安田倉庫","東証およびＰＴＳ",,"確報",1100,4800,3100,400,0,5200,-2100,2442000,10656000,6882000,888000,0,11544000,-4662000,,,0,0,40800,0,0,28800,3.5,1.9,1.6,1.7,35,27.2,30.6
"2026/01/14","2026/01/16","9325","ファイズＨＤ","東証およびＰＴＳ",,"確報",0,0,3500,0,0,0,3500,0,0,3895500,0,0,0,3895500,,,0,0,7000,0,0,0,64,32,0,64,0,0,0
"2026/01/14","2026/01/16","9326","関通","東証およびＰＴＳ",,"確報",0,300,3700,0,0,0,3700,0,144000,1776000,0,0,0,1776000,,,0,0,36000,0,0,0,50.3,100.5,33.5,50.3,0,0,0
"2026/01/14","2026/01/16","9327","イー・ロジット","東証およびＰＴＳ",,"確報",0,0,8500,0,0,0,8500,0,0,2125000,0,0,0,2125000,,,0,0,8500,0,0,0,17.8,53.5,10.7,17.8,0,0,0
"2026/01/14","2026/01/16","9330","揚羽","東証およびＰＴＳ",,"確報",0,0,2600,0,0,0,2600,0,0,2090400,0,0,0,2090400,,,0,0,0,28600,0,0,0,0,0,0,0,0,0
"2026/01/14","2026/01/16","9331","キャスター","東証およびＰＴＳ",,"確報",0,0,400,0,0,0,400,0,0,310800,0,0,0,310800,,,0,0,0,12800,0,0,0,0,0,0,0,0,0
"2026/01/14","2026/01/16","9332","ＮＩＳＳＯＨＤ","東証およびＰＴＳ",,"確報",300,700,14000,0,400,14000,0,213600,498400,9968000,0,284800,9968000,0,,,0,0,0,86400,86400,0,3.2,2,1.9,2,71.3,39.6,50.9
"2026/01/14","2026/01/16","9336","大栄環境","東証およびＰＴＳ",,"確報",3100,2800,14700,400,100,14700,0,12880500,11634000,61078500,1662000,415500,61078500,0,,,0,0,504000,0,0,504000,8.3,2.4,10.8,3.9,18.5,21.8,20
"2026/01/14","2026/01/16","9337","トリドリ","東証およびＰＴＳ",,"確報",0,0,2600,0,0,0,2600,0,0,7904000,0,0,0,7904000,,,0,0,78000,0,0,0,14.1,29.6,9.3,14.1,0,0,0
"2026/01/14","2026/01/16","9338","ＩＮＦＯＲＩＣＨ","東証およびＰＴＳ",,"確報",0,1600,80000,0,0,0,80000,0,3038400,151920000,0,0,0,151920000,,,0,0,0,3100800,0,0,69.3,57.5,87.4,69.3,0,0,0
"2026/01/14","2026/01/16","9339","コーチ・エィ","東証およびＰＴＳ",,"確報",0,0,0,0,0,0,0,0,0,0,0,0,0,0,,,0,0,0,0,0,0,4,0,2,4,0,0,0
"2026/01/14","2026/01/16","9340","アソインター","東証およびＰＴＳ",,"確報",0,300,10200,0,0,0,10200,0,216300,7354200,0,0,0,7354200,,,0,0,0,0,0,0,26.9,175,14.6,26.9,0,0,0
"2026/01/14","2026/01/16","9341","ＧＥＮＯＶＡ","東証およびＰＴＳ",,"確報",0,300,7200,0,0,0,7200,0,183000,4392000,0,0,0,4392000,,,0,0,52500,0,0,0,19.6,17.4,22.5,19.6,0,0,0
"2026/01/14","2026/01/16","9342","スマサポ","東証およびＰＴＳ",,"確報",0,200,1300,0,0,0,1300,0,241000,1566500,0,0,0,1566500,,,0,0,0,10500,0,0,46.7,70,35,46.7,0,0,0
"2026/01/14","2026/01/16","9343","アイビス","東証およびＰＴＳ",,"確報",100,0,4000,0,0,0,4000,73900,0,2956000,0,0,0,2956000,,,0,0,0,15600,0,0,17.3,20.8,14.9,17.3,0,0,0
"2026/01/14","2026/01/16","9344","アクシスＣ","東証およびＰＴＳ",,"確報",0,0,700,0,0,0,700,0,0,641200,0,0,0,641200,,,0,0,700,0,0,0,35,0,17.5,35,0,0,0
"2026/01/14","2026/01/16","9345","ビズメイツ","東証およびＰＴＳ",,"確報",0,0,1500,0,0,0,1500,0,0,1125000,0,0,0,1125000,,,0,0,0,13500,0,0,0,0,0,0,0,0,0
"2026/01/14","2026/01/16","9346","ココルポート","東証およびＰＴＳ",,"確報",0,0,3000,0,0,0,3000,0,0,5124000,0,0,0,5124000,,,0,0,0,30000,0,0,28.8,24,36,28.8,0,0,0
"2026/01/14","2026/01/16","9347","日本管財ＨＤ","東証およびＰＴＳ",,"確報",500,100,5800,900,100,20100,-14300,1407500,281500,16327000,2533500,281500,56581500,-40254500,,,0,0,0,16200,57900,0,43.7,22.1,26.1,23.9,57.6,57.6,57.6
"2026/01/14","2026/01/16","9348","ｉｓｐａｃｅ","東証およびＰＴＳ",,"確報",5500,4200,235400,0,0,0,235400,2799500,2137800,119818600,0,0,0,119818600,,,0,0,0,2341000,0,0,27.8,26.1,29.7,27.8,0,0,0
"2026/01/14","2026/01/16","9351","東洋埠頭","東証およびＰＴＳ",,"確報",0,0,4100,0,0,800,3300,0,0,7142200,0,0,1393600,5748600,,,0,0,41000,0,0,8000,162,0,103,206,37,0,74
"2026/01/14","2026/01/16","9353","櫻島埠頭","東証およびＰＴＳ",,"確報",2400,100,7400,0,0,0,7400,6576000,274000,20276000,0,0,0,20276000,,,0,0,1096500,0,0,0,13,8.9,24.4,13,0,0,0
"2026/01/14","2026/01/16","9355","リンコーコーポ","東証およびＰＴＳ",,"確報",0,100,0,0,0,0,0,0,219900,0,0,0,0,0,,,0,0,0,0,0,0,1.3,2,1,1.3,0,0,0
"2026/01/14","2026/01/16","9360","鈴与シンワート","東証およびＰＴＳ",,"確報",0,0,200,0,0,0,200,0,0,630000,0,0,0,630000,,,0,0,4000,0,0,0,0,0,0,0,0,0,0
"2026/01/14","2026/01/16","9361","伏木海陸運送","東証およびＰＴＳ",,"確報",0,0,0,0,0,0,0,0,0,0,0,0,0,0,,,0,0,0,0,0,0,1,1,1,1,0,0,0
"2026/01/14","2026/01/16","9362","兵機海運","東証およびＰＴＳ",,"確報",0,0,100,0,0,0,100,0,0,382500,0,0,0,382500,,,0,0,1500,0,0,0,0,0,0,0,0,0,0
"2026/01/14","2026/01/16","9363","大運","東証およびＰＴＳ",,"確報",1000,0,18800,0,0,0,18800,490000,0,9212000,0,0,0,9212000,,,0,0,142400,0,0,0,58.8,70.1,50.6,58.8,0,0,0
"2026/01/14","2026/01/16","9364","上組","東証およびＰＴＳ",,"確報",400,600,2400,100,300,2400,0,2120000,3180000,12720000,530000,1590000,12720000,0,,,0,0,104000,0,0,104000,8.5,6.4,5.8,6.1,16.7,13,14.6
"2026/01/14","2026/01/16","9365","トレーディア","東証およびＰＴＳ",,"確報",0,0,1200,0,0,0,1200,0,0,1897200,0,0,0,1897200,,,0,0,27600,0,0,0,61,61,61,61,0,0,0
"2026/01/14","2026/01/16","9366","サンリツ","東証およびＰＴＳ",,"確報",200,0,1400,0,0,0,1400,185000,0,1295000,0,0,0,1295000,,,0,0,3600,0,0,0,30.5,20.3,0,40.7,0,0,0
"2026/01/14","2026/01/16","9367","大東港運","東証およびＰＴＳ",,"確報",0,0,600,0,0,0,600,0,0,1306800,0,0,0,1306800,,,0,0,12000,0,0,0,21,0,10.5,21,0,0,0
"2026/01/14","2026/01/16","9368","キムラユニティー","東証およびＰＴＳ",,"確報",300,0,1200,0,0,100,1100,269700,0,1078800,0,0,89900,988900,,,0,0,900,0,0,100,22,16,0,32,7,7,7
"2026/01/14","2026/01/16","9369","キユーソー流通Ｓ","東証およびＰＴＳ",,"確報",300,100,53600,1100,0,34200,19400,880800,293600,157369600,3229600,0,100411200,56958400,,,0,0,0,2029200,1257800,0,62.1,184.7,35.1,59,38.3,321.6,68.4
"2026/01/14","2026/01/16","9376","ユーラシア旅行社","東証およびＰＴＳ",,"確報",300,0,700,0,0,0,700,253200,0,590800,0,0,0,590800,,,0,0,3600,0,0,0,15.3,7.7,0,15.3,0,0,0
"2026/01/14","2026/01/16","9380","東海運","東証およびＰＴＳ",,"確報",1000,0,6400,100,2900,6400,0,419000,0,2681600,41900,1215100,2681600,0,,,0,0,43200,0,0,73600,5.6,4.9,9.1,6.4,3.9,6.5,4.9
"2026/01/14","2026/01/16","9381","エーアイテイー","東証およびＰＴＳ",,"確報",900,0,2200,0,0,0,2200,2027700,0,4956600,0,0,0,4956600,,,0,0,0,26000,0,0,14.4,7.2,0,14.4,0,0,0
"2026/01/14","2026/01/16","9385","ショーエイコーポ","東証およびＰＴＳ",,"確報",400,0,2400,0,0,0,2400,258400,0,1550400,0,0,0,1550400,,,0,0,0,0,0,0,11.5,37.3,9.9,15.7,6,0.9,1.5
"2026/01/14","2026/01/16","9399","ビート","東証およびＰＴＳ",,"確報",5000,0,6000,0,0,0,6000,340000,0,408000,0,0,0,408000,,,0,0,0,1000,0,0,4.3,3,7.5,4.3,0,0,0
"2026/01/14","2026/01/16","9401","ＴＢＳＨＤ","東証およびＰＴＳ",,"確報",400,0,600,600,2500,24200,-23600,2463200,0,3694800,3694800,15395000,149023600,-145328800,,,0,0,4000,0,0,522000,22.2,2.7,2.7,2.7,29,27.1,28
"2026/01/14","2026/01/16","9404","日本テレビＨＤ","東証およびＰＴＳ",,"確報",0,400,3100,800,1700,45500,-42400,0,1536400,11907100,3072800,6529700,174765500,-162858400,,,0,0,14000,0,0,185600,15.9,4.9,6.2,5.5,20.1,16,17.8
"2026/01/14","2026/01/16","9405","朝日放送グループＨＤ","東証およびＰＴＳ",,"確報",0,1000,7400,100,1100,7400,0,0,858000,6349200,85800,943800,6349200,0,,,0,0,0,67200,67200,0,7.3,8.5,4.3,5.7,24,6.4,10
"2026/01/14","2026/01/16","9408","ＢＳＮメディアＨＤ","東証およびＰＴＳ",,"確報",0,0,0,0,0,0,0,0,0,0,0,0,0,0,,,0,0,0,0,0,0,0,0,0,0,0,0,0
"2026/01/14","2026/01/16","9409","テレビ朝日ＨＤ","東証およびＰＴＳ",,"確報",0,1800,11600,0,200,16700,-5100,0,6192000,39904000,0,688000,57448000,-17544000,,,0,0,268000,0,0,338000,13.7,10.8,5.9,7.6,57.3,39.1,46.5
"2026/01/14","2026/01/16","9412","スカパーＪＳＡＴ","東証およびＰＴＳ",,"確報",6200,0,45300,0,2000,5200,40100,13497400,0,98618100,0,4354000,11320400,87297700,,,0,0,0,508300,93600,0,10.8,14.3,12.1,13.1,15.6,3,5
"2026/01/14","2026/01/16","9413","テレ東ＨＤ","東証およびＰＴＳ",,"確報",0,100,1000,0,300,200,800,0,447000,4470000,0,1341000,894000,3576000,,,0,0,5500,0,0,2500,5.8,4.9,8.2,6.1,8.7,3.7,5.2
"2026/01/14","2026/01/16","9414","日本ＢＳ放送","東証およびＰＴＳ",,"確報",9200,600,21200,8600,0,21200,0,8896400,580200,20500400,8316200,0,20500400,0,,,0,0,0,50400,50400,0,5.8,4.1,7.6,5.3,4.6,10.7,6.4
"2026/01/14","2026/01/16","9416","ビジョン","東証およびＰＴＳ",,"確報",5400,0,29800,0,0,3100,26700,6809400,0,37577800,0,0,3909100,33668700,,,0,0,170800,0,0,21700,11.7,8.8,17.5,11.7,184,5.9,11.5
"2026/01/14","2026/01/16","9417","スマートバリュー","東証およびＰＴＳ",,"確報",0,0,7600,200,600,12200,-4600,0,0,2994400,78800,236400,4806800,-1812400,,,0,0,0,7600,12600,0,55,61.5,123,82,108.2,29.5,46.4
"2026/01/14","2026/01/16","9418","Ｕ－ＮＥＸＴ","東証およびＰＴＳ",,"確報",100,1000,48900,700,0,5000,43900,200400,2004000,97995600,1402800,0,10020000,87975600,,,0,0,199200,0,0,17200,68.1,79.2,111.6,92.6,10.1,40.2,16.1
"2026/01/14","2026/01/16","9419","ワイヤレスゲート","東証およびＰＴＳ",,"確報",0,400,1000,0,0,0,1000,0,108000,270000,0,0,0,270000,,,0,0,0,7000,0,0,5.8,23.3,3.3,5.8,0,0,0
"2026/01/14","2026/01/16","9421","エヌジェイＨＤ","東証およびＰＴＳ",,"確報",0,0,2000,0,0,0,2000,0,0,1198000,0,0,0,1198000,,,0,0,2000,0,0,0,23.3,17.5,35,23.3,0,0,0
"2026/01/14","2026/01/16","9423","フォーバルＲＳ","東証およびＰＴＳ",,"確報",0,100,46700,0,0,10200,36500,0,11300,5277100,0,0,1152600,4124500,,,0,0,0,0,0,0,202.7,465,1162.5,664.3,0,24.4,48.9
"2026/01/14","2026/01/16","9424","日本通信","東証およびＰＴＳ",,"確報",69700,30000,413700,6800,0,256900,156800,10245900,4410000,60813900,999600,0,37764300,23049600,,,0,0,0,748000,500200,0,30.8,18.7,26.1,21.8,70.3,92.4,79.8
"2026/01/14","2026/01/16","9425","ＲｅＹｕｕＪａｐａｎ","東証およびＰＴＳ",,"確報",300,600,52600,0,0,0,52600,129600,259200,22723200,0,0,0,22723200,,,0,0,211600,0,0,0,26.4,31.1,23,26.4,0,0,0
"2026/01/14","2026/01/16","9428","クロップス","東証およびＰＴＳ",,"確報",100,0,600,100,0,600,0,141600,0,849600,141600,0,849600,0,,,0,0,0,500,500,0,3.4,9.7,1.8,3.1,29,2.1,3.9
"2026/01/14","2026/01/16","9432","ＮＴＴ","東証およびＰＴＳ",,"確報",87500,1967000,7783300,0,0,0,7783300,13912500,312753000,1237544700,0,0,0,1237544700,,,0,0,3865120,0,0,0,11.9,17.8,9.9,12.8,1.5,1.5,1.5
"2026/01/14","2026/01/16","9433","ＫＤＤＩ","東証およびＰＴＳ",,"確報",33100,100,73700,209500,11500,236400,-162700,90578150,273650,201680050,573296750,31469750,646908600,-445228550,,,0,0,691900,0,0,652800,3.8,6.4,17.1,9.3,1.4,13.9,2.5
"2026/01/14","2026/01/16","9434","ソフトバンク","東証およびＰＴＳ",,"確報",98900,183000,1945100,5000,0,9600,1935500,21500860,39784200,422864740,1087000,0,2087040,420777700,,,0,0,1826280,0,0,4140,14.5,13.3,16.7,14.8,3.4,3.4,3.4
"2026/01/14","2026/01/16","94345","ソフトバンク－優","東証およびＰＴＳ",,"確報",0,0,0,0,0,0,0,0,0,0,0,0,0,0,,,0,0,0,0,0,0,0,0,0,0,0,0,0
"2026/01/14","2026/01/16","94346","ソフトバンク－２優","東証およびＰＴＳ",,"確報",0,0,0,0,0,0,0,0,0,0,0,0,0,0,,,0,0,0,0,0,0,0,0,0,0,0,0,0
"2026/01/14","2026/01/16","9435","光通信","東証およびＰＴＳ",,"確報",0,100,600,1900,400,5100,-4500,0,4552000,27312000,86488000,18208000,232152000,-204840000,,,0,0,602000,0,0,3096000,4.9,10.1,3.5,5.2,6,4,4.8
"2026/01/14","2026/01/16","9436","沖縄セルラー電話","東証およびＰＴＳ",,"確報",1800,23300,5900,2200,400,29200,-23300,5220000,67570000,17110000,6380000,1160000,84680000,-67570000,,,0,0,0,328800,328800,0,3.7,1.6,1.1,1.3,22.8,134.5,39
"2026/01/14","2026/01/16","9438","エムティーアイ","東証およびＰＴＳ",,"確報",1200,0,17500,600,0,13200,4300,874800,0,12757500,437400,0,9622800,3134700,,,0,0,65200,0,0,50400,26,69.3,17.7,28.2,39,17,23.7
"2026/01/14","2026/01/16","9439","ＭＨグループ","東証およびＰＴＳ",,"確報",0,0,2100,0,0,0,2100,0,0,474600,0,0,0,474600,,,0,0,6300,0,0,0,214,0,107,214,0,0,0
"2026/01/14","2026/01/16","9441","ベルパーク","東証およびＰＴＳ",,"確報",0,0,200,100,500,800,-600,0,0,529000,264500,1322500,2116000,-1587000,,,0,0,4200,0,0,25200,3.4,2.3,3.5,2.8,3.1,4.3,3.6
"2026/01/14","2026/01/16","9444","トーシンＨＤ","東証およびＰＴＳ",,"確報",0,0,900,0,0,0,900,0,0,378900,0,0,0,378900,,,0,0,0,2700,0,0,92,0,46,92,0,0,0
"2026/01/14","2026/01/16","9445","フォーバルテレコム","東証およびＰＴＳ",,"確報",0,300,1600,0,0,100,1500,0,173100,923200,0,0,57700,865500,,,0,0,3800,0,0,200,21.1,22.5,18,20,0,0,0
"2026/01/14","2026/01/16","9446","サカイＨＤ","東証およびＰＴＳ",,"確報",0,0,5700,0,0,0,5700,0,0,3933000,0,0,0,3933000,,,0,0,11400,0,0,0,28.7,287,15.1,28.7,0,0,0
"2026/01/14","2026/01/16","9449","ＧＭＯ","東証およびＰＴＳ",,"確報",1300,3200,8700,1000,100,3000,5700,5271500,12976000,35278500,4055000,405500,12165000,23113500,,,0,0,498200,0,0,98700,4.3,3.4,7.6,4.7,2.8,3.7,3.1
"2026/01/14","2026/01/16","9450","ファイバーゲート","東証およびＰＴＳ",,"確報",200,0,236000,0,0,100,235900,138200,0,163076000,0,0,69100,163006900,,,0,0,943200,0,0,400,5899.5,5896,0,9999.9,7,7,7
"2026/01/14","2026/01/16","9466","アイドマＭＣ","東証およびＰＴＳ",,"確報",0,0,9200,0,0,0,9200,0,0,2198800,0,0,0,2198800,,,0,0,0,9200,0,0,154,231,115.5,154,0,0,0
"2026/01/14","2026/01/16","9467","アルファポリス","東証およびＰＴＳ",,"確報",0,400,24200,0,400,24200,0,0,644400,38986200,0,644400,38986200,0,,,0,0,0,688800,688800,0,67.1,100.6,48.3,65.2,109.7,50.3,69
"2026/01/14","2026/01/16","9468","ＫＡＤＯＫＡＷＡ","東証およびＰＴＳ",,"確報",1200,500,25300,900,200,25300,0,3922800,1634500,82705700,2942100,653800,82705700,0,,,0,0,0,270600,270600,0,10.9,5.9,6.5,6.2,33.6,67.3,44.9
"2026/01/14","2026/01/16","9470","学研ホールディングス","東証およびＰＴＳ",,"確報",2500,0,18900,2000,500,23400,-4500,2730000,0,20638800,2184000,546000,25552800,-4914000,,,0,0,0,16400,21900,0,16.7,9.2,19.9,12.6,53,13.5,21.6
"2026/01/14","2026/01/16","9474","ゼンリン","東証およびＰＴＳ",,"確報",200,100,8900,500,0,16500,-7600,217800,108900,9692100,544500,0,17968500,-8276400,,,0,0,79200,0,0,144000,26.4,22.4,47.2,30.4,15.5,60.8,24.7
"2026/01/14","2026/01/16","9475","昭文社ＨＤ","東証およびＰＴＳ",,"確報",0,0,4700,0,0,2300,2400,0,0,2307700,0,0,1129300,1178400,,,0,0,0,23500,11500,0,53.1,23,76.7,35.4,0,0,0
"2026/01/14","2026/01/16","9476","中央経済社ＨＤ","東証およびＰＴＳ",,"確報",0,0,100,0,0,0,100,0,0,83000,0,0,0,83000,,,0,0,700,0,0,0,0,0,0,0,0,0,0
"2026/01/14","2026/01/16","9478","ＳＥＨＤ＆Ｉ","東証およびＰＴＳ",,"確報",0,200,1100,0,0,0,1100,0,83400,458700,0,0,0,458700,,,0,0,16900,0,0,0,40,60,30,40,0,0,0
"2026/01/14","2026/01/16","9501","東京電力ＨＤ","東証およびＰＴＳ",,"確報",31400,592100,4067400,1700,0,284500,3782900,22538920,425009380,2919579720,1220260,0,204214100,2715365620,,,0,0,0,19438020,1187760,0,14.4,13.4,18.8,15.6,10.8,4.9,6.7
"2026/01/14","2026/01/16","9502","中部電力","東証およびＰＴＳ",,"確報",12100,13500,156800,300,2200,2200,154600,26535300,29605500,343862400,657900,4824600,4824600,339037800,,,0,0,0,2847600,73800,0,10,11.5,13.8,12.5,6.4,0.5,0.9
"2026/01/14","2026/01/16","9503","関西電力","東証およびＰＴＳ",,"確報",25600,4200,135300,900,0,50900,84400,66201600,10861200,349885800,2327400,0,131627400,218258400,,,0,0,2733600,0,0,1200000,21,14.1,22.1,17.2,47.3,46.4,46.9
"2026/01/14","2026/01/16","9504","中国電力","東証およびＰＴＳ",,"確報",46400,200,89500,46200,0,89500,0,47583200,205100,91782250,47378100,0,91782250,0,,,0,0,303100,0,0,303100,2.6,1.7,2,1.8,5.1,13.7,7.4
"2026/01/14","2026/01/16","9505","北陸電力","東証およびＰＴＳ",,"確報",20900,1000,149600,22800,2900,149600,0,21171700,1013000,151544800,23096400,2937700,151544800,0,,,0,0,2334600,0,0,2334600,32.8,22.2,64.5,33,22,62.6,32.5
"2026/01/14","2026/01/16","9506","東北電力","東証およびＰＴＳ",,"確報",11400,300,514200,100,14300,2500,511700,13548900,356550,611126700,118850,16995550,2971250,608155450,,,0,0,1006200,0,0,33400,58.2,129.4,68,89.2,2,1.9,1.9
"2026/01/14","2026/01/16","9507","四国電力","東証およびＰＴＳ",,"確報",200,10100,42100,700,300,204500,-162400,316200,15968100,66560100,1106700,474300,323314500,-256754400,,,0,0,390000,0,0,1530750,47.5,14.5,10.5,12.2,171.9,101.4,127.5
"2026/01/14","2026/01/16","9508","九州電力","東証およびＰＴＳ",,"確報",200,0,61200,0,7200,32100,29100,355800,0,108874800,0,12808800,57105900,51768900,,,0,0,1372500,0,0,884250,12.1,47.2,26.3,33.8,2,9.4,3.3
"2026/01/14","2026/01/16","9509","北海道電力","東証およびＰＴＳ",,"確報",0,51400,398600,0,0,0,398600,0,59546900,461778100,0,0,0,461778100,,,0,0,7650000,0,0,0,28.5,43.5,21.5,28.8,1,1,1
"2026/01/14","2026/01/16","9511","沖縄電力","東証およびＰＴＳ",,"確報",600,200,27000,700,300,27000,0,675600,225200,30402000,788200,337800,30402000,0,,,0,0,239400,0,0,239400,36.5,34.1,37,35.5,36,39.1,37.5
"2026/01/14","2026/01/16","9513","電源開発","東証およびＰＴＳ",,"確報",1000,0,83900,800,0,5300,78600,3352000,0,281232800,2681600,0,17765600,263467200,,,0,0,1077700,0,0,58500,72.3,210.5,63.8,97.9,10.7,15.7,12.8
"2026/01/14","2026/01/16","9514","エフオン","東証およびＰＴＳ",,"確報",1800,17100,36300,0,0,0,36300,675000,6412500,13612500,0,0,0,13612500,,,0,0,361200,0,0,0,18.5,30.4,13.3,18.5,0,0,0
"2026/01/14","2026/01/16","9517","イーレックス","東証およびＰＴＳ",,"確報",0,0,78900,1100,0,73100,5800,0,0,50338200,701800,0,46637800,3700400,,,0,0,552300,0,0,504000,52.5,74.6,100.7,85.7,18.1,1091,35.6
"2026/01/14","2026/01/16","9519","レノバ","東証およびＰＴＳ",,"確報",1900,500,180800,16800,0,129100,51700,1295800,341000,123305600,11457600,0,88046200,35259400,,,0,0,2691000,0,0,1684500,68.1,141.9,144.2,143,36.1,41,38.4
"2026/01/14","2026/01/16","9531","東京瓦斯","東証およびＰＴＳ",,"確報",8000,3200,16000,5500,2300,24300,-8300,52024000,20809600,104048000,35766500,14956900,158022900,-53974900,,,0,0,1198400,0,0,2257700,4.7,4.2,2.7,3.3,5.6,9,6.9
"2026/01/14","2026/01/16","9532","大阪瓦斯","東証およびＰＴＳ",,"確報",0,800,3800,700,1000,31400,-27600,0,4447200,21124200,3891300,5559000,174552600,-153428400,,,0,0,220800,0,0,1521600,13.6,12.9,12.9,12.9,14.8,12.8,13.8
"2026/01/14","2026/01/16","9533","東邦瓦斯","東証およびＰＴＳ",,"確報",400,400,8900,200,100,10100,-1200,2032800,2032800,45229800,1016400,508200,51328200,-6098400,,,0,0,1041300,0,0,1170000,14.8,6.7,9.1,7.7,125.8,100.6,111.8
"2026/01/14","2026/01/16","9534","北海道瓦斯","東証およびＰＴＳ",,"確報",400,0,4500,100,0,1300,3200,328400,0,3694500,82100,0,1067300,2627200,,,0,0,45100,0,0,13200,13.4,23.6,10.1,14.2,6.6,26.5,10.6
"2026/01/14","2026/01/16","9535","広島ガス","東証およびＰＴＳ",,"確報",1800,2400,13500,600,0,44200,-30700,666000,888000,4995000,222000,0,16354000,-11359000,,,0,0,0,0,0,0,2,1.3,0.8,1,51,49.9,50.4
"2026/01/14","2026/01/16","9536","西部ガスＨＤ","東証およびＰＴＳ",,"確報",2200,1000,12800,1200,0,12800,0,5002800,2274000,29107200,2728800,0,29107200,0,,,0,0,348000,0,0,348000,6.8,4.7,7.1,5.7,15.3,5.8,8.4
"2026/01/14","2026/01/16","9537","北陸瓦斯","東証およびＰＴＳ",,"確報",0,0,100,0,0,0,100,0,0,376500,0,0,0,376500,,,0,0,1500,0,0,0,4,2,0,4,0,0,0
"2026/01/14","2026/01/16","9539","京葉瓦斯","東証およびＰＴＳ",,"確報",0,0,17000,0,100,900,16100,0,0,20230000,0,119000,1071000,19159000,,,0,0,34000,0,0,2000,225.8,282.7,848,424,55,18.3,27.5
"2026/01/14","2026/01/16","9543","静岡ガス","東証およびＰＴＳ",,"確報",1100,0,10100,0,0,1000,9100,1322200,0,12140200,0,0,1202000,10938200,,,0,0,72000,0,0,8000,10.6,8,26.6,12.3,8.7,3.8,5.3
"2026/01/14","2026/01/16","9551","メタウォーター","東証およびＰＴＳ",,"確報",0,100,23000,500,1400,21600,1400,0,349500,80385000,1747500,4893000,75492000,4893000,,,0,0,1617000,0,0,1575000,15,5.8,39.9,10.1,43.2,19.2,26.6
"2026/01/14","2026/01/16","9552","クオンツ総研ＨＤ","東証およびＰＴＳ",,"確報",3100,2900,88000,2500,100,90200,-2200,3695200,3456800,104896000,2980000,119200,107518400,-2622400,,,0,0,87800,0,0,87800,16.3,41.6,17.4,24.6,101.2,7.1,13.3
"2026/01/14","2026/01/16","9553","マイクロアド","東証およびＰＴＳ",,"確報",5600,32000,107200,8100,100,287100,-179900,4065600,23232000,77827200,5880600,72600,208434600,-130607400,,,0,0,1469600,0,0,3070100,15,14.6,4.4,6.7,47.9,110.2,66.8
"2026/01/14","2026/01/16","9554","ＡＶｉＣ","東証およびＰＴＳ",,"確報",0,1000,1700,0,0,0,1700,0,2155000,3663500,0,0,0,3663500,,,0,0,2700,0,0,0,6.2,6,6.3,6.2,0,0,0
"2026/01/14","2026/01/16","9556","ＩＮＴＬＯＯＰ","東証およびＰＴＳ",,"確報",100,300,35500,0,0,0,35500,367500,1102500,130462500,0,0,0,130462500,,,0,0,0,4462500,0,0,28.2,25,32.2,28.2,0,0,0
"2026/01/14","2026/01/16","9557","エアークローゼット","東証およびＰＴＳ",,"確報",3300,200,26300,0,0,0,26300,861300,52200,6864300,0,0,0,6864300,,,0,0,0,417600,0,0,23.4,15.2,50.6,23.4,0,0,0
"2026/01/14","2026/01/16","9558","ジャパニアス","東証およびＰＴＳ",,"確報",100,300,3500,0,0,0,3500,223700,671100,7829500,0,0,0,7829500,,,0,0,0,99900,0,0,33.6,24,56,33.6,0,0,0
"2026/01/14","2026/01/16","9560","プログリット","東証およびＰＴＳ",,"確報",19000,2600,42200,16500,100,42200,0,18639000,2550600,41398200,16186500,98100,41398200,0,,,0,0,0,129000,129000,0,5.9,3,4.7,3.6,7.8,473.3,15.3
"2026/01/14","2026/01/16","9561","グラッドキューブ","東証およびＰＴＳ",,"確報",0,0,13100,0,0,0,13100,0,0,5580600,0,0,0,5580600,,,0,0,0,52400,0,0,1314,0,657,1314,0,0,0
"2026/01/14","2026/01/16","9562","ビジネスコーチ","東証およびＰＴＳ",,"確報",0,0,9800,0,0,0,9800,0,0,25137000,0,0,0,25137000,,,0,0,0,39200,0,0,328.7,493,246.5,328.7,0,0,0
"2026/01/14","2026/01/16","9563","Ａｔｌａｓ","東証およびＰＴＳ",,"確報",0,0,900,0,0,0,900,0,0,268200,0,0,0,268200,,,0,0,1800,0,0,0,0,0,0,0,0,0,0
"2026/01/14","2026/01/16","9564","ＦＣＥ","東証およびＰＴＳ",,"確報",100,2400,5900,0,0,0,5900,68500,1644000,4041500,0,0,0,4041500,,,0,0,0,90200,0,0,8.2,7.6,8.9,8.2,0,0,0
"2026/01/14","2026/01/16","9565","ＧＬＯＥ","東証およびＰＴＳ",,"確報",0,100,6600,0,0,0,6600,0,84200,5557200,0,0,0,5557200,,,0,0,0,0,0,0,59.7,358,32.5,59.7,0,0,0
"2026/01/14","2026/01/16","9600","アイネット","東証およびＰＴＳ",,"確報",0,0,500,0,0,0,500,0,0,1256500,0,0,0,1256500,,,0,0,0,0,0,0,0,0,0,0,0,0,0
"2026/01/14","2026/01/16","9601","松竹","東証およびＰＴＳ",,"確報",600,1500,5300,0,900,5300,0,6912000,17280000,61056000,0,10368000,61056000,0,,,0,0,0,1488000,1488000,0,4.4,2.6,2.7,2.7,16.2,18.4,17.3
"2026/01/14","2026/01/16","9602","東宝","東証およびＰＴＳ",,"確報",5400,200,45000,0,300,2900,42100,42379200,1569600,353160000,0,2354400,22759200,330400800,,,0,0,0,1910400,153600,0,21.2,16.5,51.2,25,2.5,14.8,4.2
"2026/01/14","2026/01/16","9603","エイチ・アイ・エス","東証およびＰＴＳ",,"確報",2200,100,67500,0,1300,6000,61500,2895200,131600,88830000,0,1710800,7896000,80934000,,,0,0,0,523200,58400,0,33.4,66.7,43.9,52.9,7.4,7.4,7.4
"2026/01/14","2026/01/16","9605","東映","東証およびＰＴＳ",,"確報",0,2200,900,200,200,4200,-3300,0,12188000,4986000,1108000,1108000,23268000,-18282000,,,0,0,0,0,0,0,7.3,4.6,2.8,3.5,14.5,16.8,15.6
"2026/01/14","2026/01/16","9610","ウィルソン・ラーニン","東証およびＰＴＳ",,"確報",1300,0,58400,0,0,0,58400,305500,0,13724000,0,0,0,13724000,,,0,0,0,456800,0,0,52.2,61.2,45.4,52.2,0,0,0
"2026/01/14","2026/01/16","9612","ラックランド","東証およびＰＴＳ",,"確報",800,0,16500,0,0,0,16500,1532800,0,31614000,0,0,0,31614000,,,0,0,737900,0,0,0,75.5,66.1,88.1,75.5,0,0,0
"2026/01/14","2026/01/16","9616","共立メンテナンス","東証およびＰＴＳ",,"確報",400,700,64100,100,500,51800,12300,1195600,2092300,191594900,298900,1494500,154830200,36764700,,,0,0,1127000,0,0,913500,52.4,30.8,78.3,44.3,47.3,113.1,66.7
"2026/01/14","2026/01/16","9619","イチネンＨＤ","東証およびＰＴＳ",,"確報",0,0,3400,0,0,3400,0,0,0,7323600,0,0,7323600,0,,,0,0,37400,0,0,37400,18.2,10.2,9.1,9.6,0,86.5,173
"2026/01/14","2026/01/16","9621","建設技術研究所","東証およびＰＴＳ",,"確報",700,0,8100,100,2000,10700,-2600,2103500,0,24340500,300500,6010000,32153500,-7813000,,,0,0,0,111000,189000,0,14.9,11.6,15.4,13.3,32.1,10.9,16.3
"2026/01/14","2026/01/16","9622","スペース","東証およびＰＴＳ",,"確報",0,0,5800,0,0,3400,2400,0,0,9425000,0,0,5525000,3900000,,,0,0,133400,0,0,78200,32.1,96.3,72.3,82.6,26.8,10.7,15.3
"2026/01/14","2026/01/16","9625","セレスポ","東証およびＰＴＳ",,"確報",100,300,1400,0,0,0,1400,109100,327300,1527400,0,0,0,1527400,,,0,0,3200,0,0,0,10,6.7,20,10,0,0,0
"2026/01/14","2026/01/16","9627","アインＨＤ","東証およびＰＴＳ",,"確報",100,100,3500,0,0,3500,0,641000,641000,22435000,0,0,22435000,0,,,0,0,0,336000,336000,0,6.3,3.7,3.4,3.5,93.5,23.4,37.4
"2026/01/14","2026/01/16","9628","燦ホールディングス","東証およびＰＴＳ",,"確報",0,0,85300,3200,400,59900,25400,0,0,129400100,4854400,606800,90868300,38531800,,,0,0,85300,0,0,57100,114.7,2139.5,611.3,950.9,31.9,102.9,48.7
"2026/01/14","2026/01/16","9629","ピー・シー・エー","東証およびＰＴＳ",,"確報",0,100,2100,0,0,0,2100,0,197900,4155900,0,0,0,4155900,,,0,0,30800,0,0,0,29.8,59.5,19.8,29.8,0,0,0
"2026/01/14","2026/01/16","9632","スバル興業","東証およびＰＴＳ",,"確報",100,0,2200,0,0,0,2200,322000,0,7084000,0,0,0,7084000,,,0,0,31500,0,0,0,8.9,6.3,15.3,8.9,0,0,0
"2026/01/14","2026/01/16","9633","東京テアトル","東証およびＰＴＳ",,"確報",0,0,337100,0,0,15200,321900,0,0,501604800,0,0,22617600,478987200,,,0,0,674200,0,0,30400,2348.9,0,1687,3374,149.4,0,298.8
"2026/01/14","2026/01/16","9635","武蔵野興業","東証およびＰＴＳ",,"確報",0,0,100,0,0,0,100,0,0,231400,0,0,0,231400,,,0,0,800,0,0,0,0,0,0,0,0,0,0
"2026/01/14","2026/01/16","9636","きんえい","東証およびＰＴＳ",,"確報",0,0,200,0,0,0,200,0,0,830000,0,0,0,830000,,,0,0,0,0,0,0,11,11,11,11,0,0,0
"2026/01/14","2026/01/16","9639","三協フロンテア","東証およびＰＴＳ",,"確報",0,100,1200,0,0,0,1200,0,213800,2565600,0,0,0,2565600,,,0,0,10400,0,0,0,11.5,0,5.7,11.5,0,0,0
"2026/01/14","2026/01/16","9640","セゾンテクノロジー","東証およびＰＴＳ",,"確報",200,0,4000,0,0,0,4000,473000,0,9460000,0,0,0,9460000,,,0,0,277400,0,0,0,22.3,11.1,0,22.3,0,0,0
"2026/01/14","2026/01/16","9644","タナベコンサルＧ","東証およびＰＴＳ",,"確報",0,0,400,0,0,0,400,0,0,297600,0,0,0,297600,,,0,0,0,2000,0,0,8,0,4,8,0,0,0
"2026/01/14","2026/01/16","9647","協和コンサルタンツ","東証およびＰＴＳ",,"確報",0,0,3500,0,0,0,3500,0,0,31360000,0,0,0,31360000,,,0,0,560000,0,0,0,87.5,58.3,175,87.5,0,0,0
"2026/01/14","2026/01/16","9651","日本プロセス","東証およびＰＴＳ",,"確報",0,0,1000,0,0,0,1000,0,0,1836000,0,0,0,1836000,,,0,0,0,0,0,0,26,17.3,52,26,0,0,0
"2026/01/14","2026/01/16","9656","グリーンランドリゾー","東証およびＰＴＳ",,"確報",0,0,0,0,0,0,0,0,0,0,0,0,0,0,,,0,0,0,0,0,0,0,0,0,0,0,0,0
"2026/01/14","2026/01/16","9658","ビジネス太田昭和","東証およびＰＴＳ",,"確報",0,3200,11700,0,0,0,11700,0,11472000,41944500,0,0,0,41944500,,,0,0,0,74500,0,0,14.4,0,7.2,14.4,0,0,0
"2026/01/14","2026/01/16","9661","歌舞伎座","東証およびＰＴＳ",,"確報",100,0,800,0,0,0,800,472000,0,3776000,0,0,0,3776000,,,0,0,0,31500,0,0,23.3,17.5,35,23.3,0,0,0
"2026/01/14","2026/01/16","9663","ナガワ","東証およびＰＴＳ",,"確報",100,0,1600,200,100,18200,-16600,620000,0,9920000,1240000,620000,112840000,-102920000,,,0,0,30000,0,0,362000,39.2,15.1,4.3,6.7,89.9,149.8,112.4
"2026/01/14","2026/01/16","9672","東京都競馬","東証およびＰＴＳ",,"確報",0,3300,4200,0,4000,4200,0,0,18777000,23898000,0,22760000,23898000,0,,,0,0,225000,0,0,246000,10.2,15.9,6,8.7,32.4,7.6,12.3
"2026/01/14","2026/01/16","9678","カナモト","東証およびＰＴＳ",,"確報",2300,0,2800,100,700,2800,0,9257500,0,11270000,402500,2817500,11270000,0,,,0,0,15000,0,0,102000,4.9,3,4,3.4,6,9.6,7.4
"2026/01/14","2026/01/16","9679","ホウライ","東証およびＰＴＳ",,"確報",0,0,3600,0,0,0,3600,0,0,7221600,0,0,0,7221600,,,0,0,0,14400,0,0,0,0,0,0,0,0,0
"2026/01/14","2026/01/16","9682","ＤＴＳ","東証およびＰＴＳ",,"確報",4600,2000,4900,2600,0,4900,0,5961600,2592000,6350400,3369600,0,6350400,0,,,0,0,48300,0,0,48300,5.1,3.2,5,3.9,5.2,12.9,7.4
"2026/01/14","2026/01/16","9684","スクエニＨＤ","東証およびＰＴＳ",,"確報",900,1300,61600,1700,2100,61600,0,2576700,3721900,176360800,4867100,6012300,176360800,0,,,0,0,6975000,0,0,6975000,5.6,4,2.9,3.4,48.6,9,15.2
"2026/01/14","2026/01/16","9685","ＫＹＣＯＭＨＤ","東証およびＰＴＳ",,"確報",0,0,1100,0,0,0,1100,0,0,742500,0,0,0,742500,,,0,0,0,0,0,0,23.5,11.8,0,23.5,0,0,0
"2026/01/14","2026/01/16","9686","東洋テック","東証およびＰＴＳ",,"確報",0,200,1400,0,0,0,1400,0,339200,2374400,0,0,0,2374400,,,0,0,0,24000,0,0,38.5,77,25.7,38.5,0,0,0
"2026/01/14","2026/01/16","9687","ＫＳＫ","東証およびＰＴＳ",,"確報",0,0,8300,0,0,100,8200,0,0,42413000,0,0,511000,41902000,,,0,0,0,415000,5000,0,119.7,136,0,272,11,3.7,5.5
"2026/01/14","2026/01/16","9691","両毛システムズ","東証およびＰＴＳ",,"確報",0,0,800,0,0,0,800,0,0,3720000,0,0,0,3720000,,,0,0,40000,0,0,0,0,0,0,0,0,0,0
"2026/01/14","2026/01/16","9692","シーイーシー","東証およびＰＴＳ",,"確報",0,0,2800,0,0,1000,1800,0,0,6815200,0,0,2434000,4381200,,,0,0,33600,0,0,12000,8.8,65.3,6.5,11.9,2.9,3.6,3.2
"2026/01/14","2026/01/16","9697","カプコン","東証およびＰＴＳ",,"確報",200,10100,120600,2900,0,8800,111800,738800,37309400,445496400,10712600,0,32507200,412989200,,,0,0,9004500,0,0,407100,26.1,51.9,41.3,46,3.2,3.7,3.4
"2026/01/14","2026/01/16","9698","クレオ","東証およびＰＴＳ",,"確報",0,0,3600,0,0,0,3600,0,0,4543200,0,0,0,4543200,,,0,0,0,0,0,0,0,0,0,0,0,0,0
"2026/01/14","2026/01/16","9699","ニシオＨＤ","東証およびＰＴＳ",,"確報",0,200,1900,0,100,400,1500,0,943000,8958500,0,471500,1886000,7072500,,,0,0,0,0,0,0,14.3,24.8,12.4,16.5,30,6,10
"2026/01/14","2026/01/16","9701","東京會舘","東証およびＰＴＳ",,"確報",0,0,0,0,0,0,0,0,0,0,0,0,0,0,,,0,0,0,0,0,0,1,1,1,1,0,0,0
"2026/01/14","2026/01/16","9702","アイ・エス・ビー","東証およびＰＴＳ",,"確報",0,0,28500,500,0,2200,26300,0,0,50131500,879500,0,3869800,46261700,,,0,0,0,171000,10200,0,88.9,1426,1426,1426,12.9,5.6,7.8
"2026/01/14","2026/01/16","9704","アゴーラＨＧ","東証およびＰＴＳ",,"確報",500,23700,456200,0,0,0,456200,26000,1232400,23722400,0,0,0,23722400,,,0,0,0,958800,0,0,71,67.3,75.2,71,0,0,0
"2026/01/14","2026/01/16","9706","日本空港ビルデング","東証およびＰＴＳ",,"確報",300,300,3900,1200,0,1600,2300,1410900,1410900,18341700,5643600,0,7524800,10816900,,,0,0,210600,0,0,21600,10.1,40.6,14.5,21.4,1.6,3.8,2.2
"2026/01/14","2026/01/16","9708","帝国ホテル","東証およびＰＴＳ",,"確報",1100,0,12700,800,700,19600,-6900,1424500,0,16446500,1036000,906500,25382000,-8935500,,,0,0,116000,0,0,195000,15.3,13.7,33.4,19.4,9.4,22.6,13.2
"2026/01/14","2026/01/16","9709","ＮＣＳ＆Ａ","東証およびＰＴＳ",,"確報",0,0,17500,0,0,300,17200,0,0,29242500,0,0,501300,28741200,,,0,0,0,87500,1500,0,30.3,16.4,274,31,5.5,0,11
"2026/01/14","2026/01/16","9713","ロイヤルホテル","東証およびＰＴＳ",,"確報",0,0,19500,0,0,0,19500,0,0,17745000,0,0,0,17745000,,,0,0,0,19500,0,0,386.8,241.8,967,386.8,0,0,0
"2026/01/14","2026/01/16","9715","トランス・コスモス","東証およびＰＴＳ",,"確報",100,200,1800,0,100,1800,0,392000,784000,7056000,0,392000,7056000,0,,,0,0,0,19000,19000,0,1.3,1.1,1.1,1.1,12.6,8.1,9.8
"2026/01/14","2026/01/16","9716","乃村工藝社","東証およびＰＴＳ",,"確報",1800,1800,44300,0,0,44300,0,2516400,2516400,61931400,0,0,61931400,0,,,0,0,0,443000,443000,0,14.6,11.4,12.2,11.8,18.1,20.1,19
"2026/01/14","2026/01/16","9719","ＳＣＳＫ","東証およびＰＴＳ",,"確報",100,0,4700,0,0,0,4700,568300,0,26710100,0,0,0,26710100,,,0,0,55200,0,0,0,57.8,46.2,77,57.8,0,0,0
"2026/01/14","2026/01/16","9720","ホテルニューグランド","東証およびＰＴＳ",,"確報",0,0,0,0,0,0,0,0,0,0,0,0,0,0,,,0,0,0,0,0,0,0,0,0,0,0,0,0
"2026/01/14","2026/01/16","9722","藤田観光","東証およびＰＴＳ",,"確報",0,1100,13700,2600,800,189900,-176200,0,2954600,36798200,6983600,2148800,510071400,-473273200,,,0,0,236800,0,0,3009600,26.1,3.2,7.3,4.4,29.9,39.3,34
"2026/01/14","2026/01/16","9723","京都ホテル","東証およびＰＴＳ",,"確報",0,0,3400,0,0,0,3400,0,0,2138600,0,0,0,2138600,,,0,0,17000,0,0,0,46,92,30.7,46,0,0,0
"2026/01/14","2026/01/16","9726","ＫＮＴ－ＣＴＨＤ","東証およびＰＴＳ",,"確報",300,0,1400,0,0,0,1400,532800,0,2486400,0,0,0,2486400,,,0,0,35200,0,0,0,11.2,6.2,56,11.2,0,0,0
"2026/01/14","2026/01/16","9729","トーカイ","東証およびＰＴＳ",,"確報",300,3000,7800,300,200,1800,6000,768300,7683000,19975800,768300,512200,4609800,15366000,,,0,0,220500,0,0,35700,10.7,154.8,8.1,15.5,9.6,2,3.3
"2026/01/14","2026/01/16","9731","白洋舎","東証およびＰＴＳ",,"確報",0,0,500,0,0,0,500,0,0,1585000,0,0,0,1585000,,,0,0,0,12500,0,0,10,35,5.8,10,0,0,0
"2026/01/14","2026/01/16","9733","ナガセ","東証およびＰＴＳ",,"確報",500,0,6100,0,0,0,6100,1341000,0,16360200,0,0,0,16360200,,,0,0,336000,0,0,0,19.5,13.2,37.6,19.5,0,0,0
"2026/01/14","2026/01/16","9735","セコム","東証およびＰＴＳ",,"確報",100,200,7100,0,100,7100,0,575100,1150200,40832100,0,575100,40832100,0,,,0,0,144000,0,0,144000,8.8,5.9,5.5,5.7,23.2,54.2,32.5
"2026/01/14","2026/01/16","9739","ＮＳＷ","東証およびＰＴＳ",,"確報",0,0,1500,0,0,0,1500,0,0,3825000,0,0,0,3825000,,,0,0,31500,0,0,0,25.2,15.8,63,25.2,0,0,0
"2026/01/14","2026/01/16","9740","セントラル警備保障","東証およびＰＴＳ",,"確報",500,300,5300,0,4300,6000,-700,1494000,896400,15836400,0,12848400,17928000,-2091600,,,0,0,0,392700,793100,0,10.5,3.9,16,6.3,183,7.1,13.7
"2026/01/14","2026/01/16","9742","アイネス","東証およびＰＴＳ",,"確報",0,0,21400,1000,0,24800,-3400,0,0,41730000,1950000,0,48360000,-6630000,,,0,0,214000,0,0,238000,65.7,25.2,132.5,42.4,75.4,402,126.9
"2026/01/14","2026/01/16","9743","丹青社","東証およびＰＴＳ",,"確報",14500,300,32700,14200,0,32700,0,23983000,496200,54085800,23486800,0,54085800,0,,,0,0,222000,0,0,222000,6.8,3.6,17.7,6,4.2,59.7,7.8
"2026/01/14","2026/01/16","9744","メイテックＧＨＤ","東証およびＰＴＳ",,"確報",0,1800,6300,0,1800,6300,0,0,6645600,23259600,0,6645600,23259600,0,,,0,0,121500,0,0,121500,5.1,3.4,3.1,3.2,17.7,12,14.3
"2026/01/14","2026/01/16","9746","ＴＫＣ","東証およびＰＴＳ",,"確報",1400,0,1800,500,3600,11700,-9900,5915000,0,7605000,2112500,15210000,49432500,-41827500,,,0,0,0,46000,1702000,0,8,2.2,3.1,2.6,10.1,10.1,10.1
"2026/01/14","2026/01/16","9753","アイエックスナレッジ","東証およびＰＴＳ",,"確報",0,0,29400,0,0,0,29400,0,0,40630800,0,0,0,40630800,,,0,0,0,58800,0,0,0,0,0,0,0,0,0
"2026/01/14","2026/01/16","9755","応用地質","東証およびＰＴＳ",,"確報",1000,0,26100,1000,0,26100,0,2972000,0,77569200,2972000,0,77569200,0,,,0,0,0,200800,200800,0,19.4,10,12,10.9,50.5,315.8,87.1
"2026/01/14","2026/01/16","9757","船井総研ＨＤ","東証およびＰＴＳ",,"確報",3500,0,52200,3500,0,52200,0,4105500,0,61230600,4105500,0,61230600,0,,,0,0,146100,0,0,146100,11.8,7.6,14,9.8,10.1,26.6,14.7
"2026/01/14","2026/01/16","9759","ＮＳＤ","東証およびＰＴＳ",,"確報",200,200,1600,0,100,100,1500,689000,689000,5512000,0,344500,344500,5167500,,,0,0,0,52800,6600,0,15,27,20.3,23.1,9,2.3,3.6
"2026/01/14","2026/01/16","9760","進学会ＨＤ","東証およびＰＴＳ",,"確報",500,200,5600,800,0,13200,-7600,81500,32600,912800,130400,0,2151600,-1238800,,,0,0,5300,0,0,12400,33,14.4,26,18.6,25.6,614,49.1
"2026/01/14","2026/01/16","9761","東海リース","東証およびＰＴＳ",,"確報",0,0,4000,0,0,0,4000,0,0,10432000,0,0,0,10432000,,,0,0,40000,0,0,0,0,0,0,0,0,0,0
"2026/01/14","2026/01/16","9763","丸建リース","東証およびＰＴＳ",,"確報",0,100,2500,0,0,1400,1100,0,436000,10900000,0,0,6104000,4796000,,,0,0,0,91000,49000,0,19.3,24.4,122,40.7,3.8,0,7.6
"2026/01/14","2026/01/16","9765","オオバ","東証およびＰＴＳ",,"確報",100,700,3200,300,900,3200,0,118500,829500,3792000,355500,1066500,3792000,0,,,0,0,129200,0,0,129200,6.9,7.1,10.1,8.4,5.3,6.8,5.9
"2026/01/14","2026/01/16","9766","コナミグループ","東証およびＰＴＳ",,"確報",800,6500,4200,5000,1000,7300,-3100,17388000,141277500,91287000,108675000,21735000,158665500,-67378500,,,0,0,4306500,0,0,1435500,5,9.3,4.2,5.8,2.3,7.4,3.5
"2026/01/14","2026/01/16","9767","日建工学","東証およびＰＴＳ",,"確報",0,0,1400,0,0,0,1400,0,0,2072000,0,0,0,2072000,,,0,0,5600,0,0,0,140,0,70,140,0,0,0
"2026/01/14","2026/01/16","9768","いであ","東証およびＰＴＳ",,"確報",900,1700,8400,0,0,0,8400,4207500,7947500,39270000,0,0,0,39270000,,,0,0,0,414000,0,0,7.7,5.8,11.6,7.7,0,0,0
"2026/01/14","2026/01/16","9769","学究社","東証およびＰＴＳ",,"確報",0,0,0,0,0,0,0,0,0,0,0,0,0,0,,,0,0,0,0,0,0,0,0,0,0,0,0,0
"2026/01/14","2026/01/16","9776","札幌臨床検査センター","東証およびＰＴＳ",,"確報",0,100,0,0,0,0,0,0,196500,0,0,0,0,0,,,0,0,1300,0,0,0,4,4,4,4,0,0,0
"2026/01/14","2026/01/16","9778","昴","東証およびＰＴＳ",,"確報",100,0,400,0,0,0,400,663000,0,2652000,0,0,0,2652000,,,0,0,51000,0,0,0,32,16,0,32,0,0,0
"2026/01/14","2026/01/16","9780","ハリマビステム","東証およびＰＴＳ",,"確報",0,200,13400,0,0,0,13400,0,182600,12234200,0,0,0,12234200,,,0,0,0,40800,0,0,10.1,5.2,214.5,10.1,0,0,0
"2026/01/14","2026/01/16","9782","ディーエムエス","東証およびＰＴＳ",,"確報",0,0,4600,0,0,0,4600,0,0,16997000,0,0,0,16997000,,,0,0,299000,0,0,0,12.4,8,28.4,12.4,0,0,0
"2026/01/14","2026/01/16","9788","ナック","東証およびＰＴＳ",,"確報",400,400,4600,0,0,4600,0,217600,217600,2502400,0,0,2502400,0,,,0,0,0,4600,4600,0,11.3,9,8.3,8.7,17.3,15,16.1
"2026/01/14","2026/01/16","9790","福井コンピュータＨＤ","東証およびＰＴＳ",,"確報",700,100,10100,600,0,10100,0,2369500,338500,34188500,2031000,0,34188500,0,,,0,0,427500,0,0,427500,26.2,13.5,30.5,18.7,22.9,458,43.6
"2026/01/14","2026/01/16","9791","ビケンテクノ","東証およびＰＴＳ",,"確報",0,100,29600,0,0,0,29600,0,141500,41884000,0,0,0,41884000,,,0,0,0,712800,0,0,98.8,92.6,105.9,98.8,0,0,0
"2026/01/14","2026/01/16","9793","ダイセキ","東証およびＰＴＳ",,"確報",0,700,2700,400,0,1600,1100,0,2397500,9247500,1370000,0,5480000,3767500,,,0,0,34000,0,0,12000,4.1,5.5,5,5.2,1.9,3.3,2.4
"2026/01/14","2026/01/16","9795","ステップ","東証およびＰＴＳ",,"確報",0,200,1700,0,200,1500,200,0,499600,4246600,0,499600,3747000,499600,,,0,0,76000,0,0,68000,20.3,13.8,13.8,13.8,39.5,39.5,39.5
"2026/01/14","2026/01/16","9799","旭情報サービス","東証およびＰＴＳ",,"確報",0,400,600,0,0,0,600,0,516400,774600,0,0,0,774600,,,0,0,0,8000,0,0,7,7,7,7,0,0,0
"2026/01/14","2026/01/16","9812","テーオーＨＤ","東証およびＰＴＳ",,"確報",0,100,2400,0,0,0,2400,0,26800,643200,0,0,0,643200,,,0,0,0,7500,0,0,8.1,8.9,7.4,8.1,0,0,0
"2026/01/14","2026/01/16","9816","ストライダーズ","東証およびＰＴＳ",,"確報",0,0,300,0,0,0,300,0,0,87900,0,0,0,87900,,,0,0,0,2700,0,0,5.1,5.8,4.6,5.1,0,0,0
"2026/01/14","2026/01/16","9818","大丸エナウィン","東証およびＰＴＳ",,"確報",100,0,1200,0,0,0,1200,171800,0,2061600,0,0,0,2061600,,,0,0,0,40700,0,0,30,30,30,30,0,0,0
"2026/01/14","2026/01/16","9820","エムティジェネックス","東証およびＰＴＳ",,"確報",0,0,100,0,0,0,100,0,0,348500,0,0,0,348500,,,0,0,0,500,0,0,12,0,6,12,0,0,0
"2026/01/14","2026/01/16","9823","マミーマートＨＤ","東証およびＰＴＳ",,"確報",0,0,44300,0,0,0,44300,0,0,63216100,0,0,0,63216100,,,0,0,221500,0,0,0,63,48.3,90.6,63,0,0,0
"2026/01/14","2026/01/16","9824","泉州電業","東証およびＰＴＳ",,"確報",0,500,4100,100,1000,6800,-2700,0,2785000,22837000,557000,5570000,37876000,-15039000,,,0,0,184000,0,0,308000,6.6,3.6,3.5,3.5,229,10.2,19.5
"2026/01/14","2026/01/16","9827","リリカラ","東証およびＰＴＳ",,"確報",0,700,3700,0,0,0,3700,0,457800,2419800,0,0,0,2419800,,,0,0,17600,0,0,0,9.8,12.4,8.1,9.8,0,0,0
"2026/01/14","2026/01/16","9828","ゲンキＧＤＣ","東証およびＰＴＳ",,"確報",400,0,5100,0,300,2800,2300,1244000,0,15861000,0,933000,8708000,7153000,,,0,0,0,0,0,0,41.9,47.8,0,95.6,19.7,23,21.2
"2026/01/14","2026/01/16","9830","トラスコ中山","東証およびＰＴＳ",,"確報",500,0,2700,0,0,300,2400,1231000,0,6647400,0,0,738600,5908800,,,0,0,11000,0,0,1500,18.3,13.6,30.5,18.8,0,7.5,15
"2026/01/14","2026/01/16","9831","ヤマダＨＤ","東証およびＰＴＳ",,"確報",30000,0,190700,91200,1300,250600,-59900,15942000,0,101337980,48463680,690820,133168840,-31830860,,,0,0,160700,0,0,160700,10.1,7.2,36,12,5.1,33.5,8.8
"2026/01/14","2026/01/16","9832","オートバックスセブン","東証およびＰＴＳ",,"確報",400,500,4000,200,100,3700,300,653200,816500,6532000,326600,163300,6042100,489900,,,0,0,0,20500,18000,0,7.5,4.9,8,6.1,18.6,6.8,10
"2026/01/14","2026/01/16","9835","ジュンテンドー","東証およびＰＴＳ",,"確報",0,0,300,0,100,0,300,0,0,153000,0,51000,0,153000,,,0,0,300,0,0,100,7.1,21,4.2,7,0,4,8
"2026/01/14","2026/01/16","9837","モリト","東証およびＰＴＳ",,"確報",500,500,36500,0,5200,19100,17400,888500,888500,64860500,0,9240400,33940700,30919800,,,0,0,73000,0,0,48600,16.7,10.9,280,21,10.4,16.3,12.7
"2026/01/14","2026/01/16","9842","アークランズ","東証およびＰＴＳ",,"確報",1100,400,28000,2800,100,50700,-22700,2053700,746800,52276000,5227600,186700,94656900,-42380900,,,0,0,218400,0,0,384000,5,2.3,3,2.6,17.6,8.9,11.8
"2026/01/14","2026/01/16","9843","ニトリＨＤ","東証およびＰＴＳ",,"確報",35300,9000,161000,0,400,4200,156800,90438600,23058000,412482000,0,1024800,10760400,401721600,,,0,0,0,1885800,64400,0,2.9,3.5,3.8,3.6,1.4,1.4,1.4
"2026/01/14","2026/01/16","9845","パーカーコーポ","東証およびＰＴＳ",,"確報",200,1400,6500,0,0,0,6500,322000,2254000,10465000,0,0,0,10465000,,,0,0,154000,0,0,0,19.4,25.3,15.8,19.4,0,0,0
"2026/01/14","2026/01/16","9846","天満屋ストア","東証およびＰＴＳ",,"確報",0,0,1100,0,0,0,1100,0,0,1083500,0,0,0,1083500,,,0,0,4400,0,0,0,38,57,28.5,38,0,0,0
"2026/01/14","2026/01/16","9849","共同紙販ＨＤ","東証およびＰＴＳ",,"確報",0,0,100,0,0,0,100,0,0,458500,0,0,0,458500,,,0,0,0,0,0,0,0,0,0,0,0,0,0
"2026/01/14","2026/01/16","9850","グルメ杵屋","東証およびＰＴＳ",,"確報",300,1400,16300,200,100,91100,-74800,300900,1404200,16348900,200600,100300,91373300,-75024400,,,0,0,400200,0,0,2093000,76.7,11.1,20.2,14.4,179.5,897.6,299.2
"2026/01/14","2026/01/16","9853","銀座ルノアール","東証およびＰＴＳ",,"確報",0,0,800,0,0,0,800,0,0,756000,0,0,0,756000,,,0,0,0,0,0,0,28,0,14,28,0,0,0
"2026/01/14","2026/01/16","9854","愛眼","東証およびＰＴＳ",,"確報",0,0,20700,0,0,0,20700,0,0,4533300,0,0,0,4533300,,,0,0,0,41400,0,0,67.8,120.6,47.2,67.8,0,0,0
"2026/01/14","2026/01/16","9856","ケーユーＨＤ","東証およびＰＴＳ",,"確報",0,0,3800,0,0,3800,0,0,0,4924800,0,0,4924800,0,,,0,0,38000,0,0,38000,89.5,44.8,0,89.5,44.8,0,89.5
"2026/01/14","2026/01/16","9857","英和","東証およびＰＴＳ",,"確報",0,0,900,0,0,0,900,0,0,2403000,0,0,0,2403000,,,0,0,36000,0,0,0,22.5,22.5,22.5,22.5,0,0,0
"2026/01/14","2026/01/16","9861","吉野家ＨＤ","東証およびＰＴＳ",,"確報",1000,0,41200,1000,0,41200,0,3030000,0,124836000,3030000,0,124836000,0,,,0,0,241200,0,0,241200,11.3,7.7,20.2,11.2,6.5,53.8,11.6
"2026/01/14","2026/01/16","9867","ソレキア","東証およびＰＴＳ",,"確報",0,0,1000,0,0,0,1000,0,0,10080000,0,0,0,10080000,,,0,0,0,160000,0,0,28.7,14.3,0,28.7,0,0,0
"2026/01/14","2026/01/16","9869","加藤産業","東証およびＰＴＳ",,"確報",0,100,3500,0,200,11500,-8000,0,658000,23030000,0,1316000,75670000,-52640000,,,0,0,0,36000,117000,0,52.6,20.9,26.9,23.5,143.8,63.9,88.5
"2026/01/14","2026/01/16","9872","北恵","東証およびＰＴＳ",,"確報",1300,0,14800,0,800,27400,-12600,1159600,0,13201600,0,713600,24440800,-11239200,,,0,0,0,40500,84600,0,39.6,11.7,56.5,19.4,1437,36.8,71.9
"2026/01/14","2026/01/16","9876","コックス","東証およびＰＴＳ",,"確報",0,0,3400,0,0,0,3400,0,0,846600,0,0,0,846600,,,0,0,0,0,0,0,5.9,7.7,4.7,5.9,0,0,0
"2026/01/14","2026/01/16","9878","セキド","東証およびＰＴＳ",,"確報",0,800,11600,0,0,0,11600,0,432000,6264000,0,0,0,6264000,,,0,0,260400,0,0,0,28.1,77.3,17.2,28.1,0,0,0
"2026/01/14","2026/01/16","9880","イノテック","東証およびＰＴＳ",,"確報",0,10000,11300,0,0,0,11300,0,22730000,25684900,0,0,0,25684900,,,0,0,21300,0,0,0,9.2,9.2,9.2,9.2,0,0,0
"2026/01/14","2026/01/16","9882","イエローハット","東証およびＰＴＳ",,"確報",900,0,9800,4000,0,13000,-3200,1484100,0,16160200,6596000,0,21437000,-5276800,,,0,0,0,53400,54000,0,6,4.1,13.9,6.3,3.3,18.2,5.6
"2026/01/14","2026/01/16","9885","シャルレ","東証およびＰＴＳ",,"確報",300,0,1900,0,0,0,1900,110400,0,699200,0,0,0,699200,,,0,0,0,3200,0,0,15.2,30.3,10.1,15.2,0,0,0
"2026/01/14","2026/01/16","9887","松屋フーズＨＤ","東証およびＰＴＳ",,"確報",0,100,5600,0,100,5600,0,0,644000,36064000,0,644000,36064000,0,,,0,0,0,57000,57000,0,29.8,21.8,18.9,20.2,70.8,47.2,56.6
"2026/01/14","2026/01/16","9888","ＵＥＸ","東証およびＰＴＳ",,"確報",0,0,2700,0,0,0,2700,0,0,2284200,0,0,0,2284200,,,0,0,10800,0,0,0,16.1,12.1,24.2,16.1,0,0,0
"2026/01/14","2026/01/16","9889","ＪＢＣＣＨＤ","東証およびＰＴＳ",,"確報",0,0,36600,500,200,29800,6800,0,0,60353400,824500,329800,49140200,11213200,,,0,0,0,109800,88500,0,34.6,0,203.7,407.3,11.1,22.8,14.9
"2026/01/14","2026/01/16","9890","マキヤ","東証およびＰＴＳ",,"確報",0,0,0,0,0,0,0,0,0,0,0,0,0,0,,,0,0,0,0,0,0,2,0,1,2,0,0,0
"2026/01/14","2026/01/16","9895","コンセック","東証およびＰＴＳ",,"確報",0,0,500,0,0,0,500,0,0,619500,0,0,0,619500,,,0,0,0,0,0,0,0,0,0,0,0,0,0
"2026/01/14","2026/01/16","9896","ＪＫホールディングス","東証およびＰＴＳ",,"確報",0,0,6700,0,100,2700,4000,0,0,9594400,0,143200,3866400,5728000,,,0,0,13400,0,0,5600,28.8,19.4,82.5,31.4,24.3,24.3,24.3
"2026/01/14","2026/01/16","9900","サガミＨＤ","東証およびＰＴＳ",,"確報",0,600,9200,1700,0,16800,-7600,0,1135200,17406400,3216400,0,31785600,-14379200,,,0,0,117600,0,0,181200,18.1,11.1,20.5,14.4,15.5,33.2,21.2
"2026/01/14","2026/01/16","9902","日伝","東証およびＰＴＳ",,"確報",0,0,900,0,1000,6100,-5200,0,0,2349000,0,2610000,15921000,-13572000,,,0,0,12600,0,0,99400,3.9,1.4,1.4,1.4,60.7,7.1,12.7
"2026/01/14","2026/01/16","9903","カンセキ","東証およびＰＴＳ",,"確報",0,0,600,700,0,1300,-700,0,0,519000,605500,0,1124500,-605500,,,0,0,0,1800,1800,0,2.7,3.7,5.2,4.3,1.8,2.9,2.2
"2026/01/14","2026/01/16","9904","ベリテ","東証およびＰＴＳ",,"確報",0,0,100,0,0,0,100,0,0,38100,0,0,0,38100,,,0,0,100,0,0,0,4,0,2,4,0,0,0
"2026/01/14","2026/01/16","9906","藤井産業","東証およびＰＴＳ",,"確報",0,0,2100,0,0,0,2100,0,0,9198000,0,0,0,9198000,,,0,0,52500,0,0,0,212,0,106,212,0,0,0
"2026/01/14","2026/01/16","9908","日本電計","東証およびＰＴＳ",,"確報",0,0,900,0,0,0,900,0,0,2166300,0,0,0,2166300,,,0,0,6300,0,0,0,18.5,9.3,0,18.5,0,0,0
"2026/01/14","2026/01/16","9913","日邦産業","東証およびＰＴＳ",,"確報",100,0,2400,100,0,2400,0,280000,0,6720000,280000,0,6720000,0,,,0,0,0,0,0,0,115,57.5,0,115,57.5,0,115
"2026/01/14","2026/01/16","9914","植松商会","東証およびＰＴＳ",,"確報",0,0,0,0,0,0,0,0,0,0,0,0,0,0,,,0,0,0,0,0,0,0,0,0,0,0,0,0
"2026/01/14","2026/01/16","9927","ワットマン","東証およびＰＴＳ",,"確報",0,21000,0,0,0,0,0,0,15624000,0,0,0,0,0,,,0,0,63000,0,0,0,7.9,841,4,7.9,0,0,0
"2026/01/14","2026/01/16","9928","ミロク情報サービス","東証およびＰＴＳ",,"確報",100,100,4200,0,0,4200,0,200100,200100,8404200,0,0,8404200,0,,,0,0,25200,0,0,25200,42,30,23.3,26.3,210,70,105
"2026/01/14","2026/01/16","9929","平和紙業","東証およびＰＴＳ",,"確報",0,100,0,0,0,0,0,0,46300,0,0,0,0,0,,,0,0,0,300,0,0,1,1,1,1,0,0,0
"2026/01/14","2026/01/16","9930","北沢産業","東証およびＰＴＳ",,"確報",0,0,238200,0,0,1400,236800,0,0,85752000,0,0,504000,85248000,,,0,0,0,0,0,0,704.5,627.2,1191.7,821.9,12,0,24
"2026/01/14","2026/01/16","9932","杉本商事","東証およびＰＴＳ",,"確報",0,1000,4600,200,1200,4600,0,0,1438000,6614800,287600,1725600,6614800,0,,,0,0,11200,0,0,11200,12.6,14.9,11.4,12.9,14.1,10.9,12.3
"2026/01/14","2026/01/16","9934","因幡電機産業","東証およびＰＴＳ",,"確報",0,800,7100,0,800,7100,0,0,2138800,18981850,0,2138800,18981850,0,,,0,0,240950,0,0,240950,12.1,10.4,11.1,10.7,13.3,14.4,13.8
"2026/01/14","2026/01/16","9936","王将フードサービス","東証およびＰＴＳ",,"確報",500,500,6400,100,0,5200,1200,1620000,1620000,20736000,324000,0,16848000,3888000,,,0,0,64000,0,0,51000,19.8,30.3,10.4,15.5,27.7,41.5,33.2
"2026/01/14","2026/01/16","9941","太洋物産","東証およびＰＴＳ",,"確報",0,0,5600,0,0,0,5600,0,0,3516800,0,0,0,3516800,,,0,0,0,11200,0,0,0,0,0,0,0,0,0
"2026/01/14","2026/01/16","9946","ミニストップ","東証およびＰＴＳ",,"確報",0,0,300,3900,800,87300,-87000,0,0,633300,8232900,1688800,184290300,-183657000,,,0,0,6000,0,0,1684000,12.1,2.7,1.5,1.9,8.3,26.8,12.7
"2026/01/14","2026/01/16","9948","アークス","東証およびＰＴＳ",,"確報",500,300,2600,300,1200,3800,-1200,1712500,1027500,8905000,1027500,4110000,13015000,-4110000,,,0,0,0,0,0,0,5.9,4.9,4.1,4.5,6.7,8.7,7.6
"2026/01/14","2026/01/16","9950","ハチバン","東証およびＰＴＳ",,"確報",0,0,0,0,0,0,0,0,0,0,0,0,0,0,,,0,0,0,0,0,0,0,0,0,0,0,0,0
"2026/01/14","2026/01/16","9955","ヨンキュウ","東証およびＰＴＳ",,"確報",0,300,200,0,0,0,200,0,900000,600000,0,0,0,600000,,,0,0,0,10000,0,0,6,6,6,6,0,0,0
"2026/01/14","2026/01/16","9956","バローＨＤ","東証およびＰＴＳ",,"確報",0,400,12700,800,0,1800,10900,0,1370000,43497500,2740000,0,6165000,37332500,,,0,0,720500,0,0,55000,61.9,108.7,108.7,108.7,7.5,20,10.9
"2026/01/14","2026/01/16","9959","アシードＨＤ","東証およびＰＴＳ",,"確報",0,0,1100,0,200,0,1100,0,0,872300,0,158600,0,872300,,,0,0,0,0,0,0,30.5,0,0,0,3,3,3
"2026/01/14","2026/01/16","9960","東テク","東証およびＰＴＳ",,"確報",2100,300,8200,1800,0,8200,0,8347500,1192500,32595000,7155000,0,32595000,0,,,0,0,544000,0,0,544000,8.8,8.4,24.5,12.5,4.5,12.2,6.5
"2026/01/14","2026/01/16","9962","ミスミグループ本社","東証およびＰＴＳ",,"確報",400,1700,13800,300,1100,42100,-28300,1054200,4480350,36369900,790650,2899050,110954550,-74584650,,,0,0,0,143450,407550,0,6.5,3,2.6,2.8,27.8,38.1,32.2
"2026/01/14","2026/01/16","9969","ショクブン","東証およびＰＴＳ",,"確報",0,100,1500,0,100,1500,0,0,25500,382500,0,25500,382500,0,,,0,0,0,0,0,0,10.3,11,33,16.5,4.1,26.5,7.1
"2026/01/14","2026/01/16","9972","アルテック","東証およびＰＴＳ",,"確報",9200,100,854300,700,0,15900,838400,2612800,28400,242621200,198800,0,4515600,238105600,,,0,0,845200,0,0,15200,289.2,214.8,2644.7,397.3,111.6,10,18.4
"2026/01/14","2026/01/16","9973","ＫＯＺＯＨＤ","東証およびＰＴＳ",,"確報",0,69800,2200000,0,0,0,2200000,0,2024200,63800000,0,0,0,63800000,,,0,0,0,2269800,0,0,26.9,16.3,75.8,26.9,0,0,0
"2026/01/14","2026/01/16","9974","ベルク","東証およびＰＴＳ",,"確報",0,100,1500,200,0,500,1000,0,743000,11145000,1486000,0,3715000,7430000,,,0,0,0,32000,6000,0,5.3,5.1,8.7,6.4,2.3,5.3,3.2
"2026/01/14","2026/01/16","9976","セキチュー","東証およびＰＴＳ",,"確報",0,0,0,0,0,0,0,0,0,0,0,0,0,0,,,0,0,0,0,0,0,1.6,4,1,1.6,0,0,0
"2026/01/14","2026/01/16","9978","文教堂グループＨＤ","東証およびＰＴＳ",,"確報",0,0,42200,0,0,0,42200,0,0,2110000,0,0,0,2110000,,,0,0,0,0,0,0,4216,2108,0,4216,0,0,0
"2026/01/14","2026/01/16","9979","大庄","東証およびＰＴＳ",,"確報",0,3200,4700,1100,700,103100,-98400,0,3856000,5663500,1325500,843500,124235500,-118572000,,,0,0,165900,0,0,2156700,58.3,7.7,5.9,6.7,124.2,212.2,156.7
"2026/01/14","2026/01/16","9980","ＭＲＫ　ＨＬＤ","東証およびＰＴＳ",,"確報",6100,0,256100,0,0,0,256100,585600,0,24585600,0,0,0,24585600,,,0,0,0,0,0,0,41.2,91.6,26.6,41.2,0,0,0
"2026/01/14","2026/01/16","9982","タキヒヨー","東証およびＰＴＳ",,"確報",4400,0,254200,0,0,0,254200,9526000,0,550343000,0,0,0,550343000,,,0,0,749400,0,0,0,107.7,59.1,605.6,107.7,0,0,0
"2026/01/14","2026/01/16","9983","ファーストリテイリン","東証およびＰＴＳ",,"確報",500,700,1500,44600,2200,389100,-387600,32580000,45612000,97740000,2906136000,143352000,25353756000,-25256016000,,,0,0,2278000,0,0,464578000,4.6,1.8,1.7,1.8,3.6,7.3,4.8
"2026/01/14","2026/01/16","9984","ソフトバンクグループ","東証およびＰＴＳ",,"確報",429000,193500,4728300,6900,6300,34200,4694100,1827969000,824503500,20147286300,29400900,26844300,145726200,20001560100,,,0,0,0,835660800,6249600,0,20.2,15.2,30.8,20.4,13.3,7.4,9.5
"2026/01/14","2026/01/16","9986","蔵王産業","東証およびＰＴＳ",,"確報",0,0,1900,0,0,0,1900,0,0,4803200,0,0,0,4803200,,,0,0,9500,0,0,0,0,0,0,0,0,0,0
"2026/01/14","2026/01/16","9987","スズケン","東証およびＰＴＳ",,"確報",0,200,300,0,700,10900,-10600,0,1272200,1908300,0,4452700,69334900,-67426600,,,0,0,4500,0,0,104400,13.5,6,6,6,57.7,8,14.1
"2026/01/14","2026/01/16","9989","サンドラッグ","東証およびＰＴＳ",,"確報",0,800,900,0,200,200,700,0,3363200,3783600,0,840800,840800,2942800,,,0,0,0,6800,1600,0,5.6,7.5,5.9,6.6,7,2,3.1
"2026/01/14","2026/01/16","9990","サックスバー　ＨＤ","東証およびＰＴＳ",,"確報",1000,1100,20200,3100,0,32400,-12200,817000,898700,16503400,2532700,0,26470800,-9967400,,,0,0,101500,0,0,146500,7.5,4.3,46.6,7.8,3.7,1038,7.3
"2026/01/14","2026/01/16","9991","ジェコス","東証およびＰＴＳ",,"確報",0,0,5400,200,0,3200,2200,0,0,8283600,306800,0,4908800,3374800,,,0,0,64800,0,0,36000,19.4,0,7.1,14.2,37,148,59.2
"2026/01/14","2026/01/16","9993","ヤマザワ","東証およびＰＴＳ",,"確報",0,1000,400,0,0,0,400,0,1189000,475600,0,0,0,475600,,,0,0,9800,0,0,0,12,0,6,12,0,0,0
"2026/01/14","2026/01/16","9994","やまや","東証およびＰＴＳ",,"確報",100,0,23100,0,500,3400,19700,227300,0,52506300,0,1136500,7728200,44778100,,,0,0,184000,0,0,31200,134.6,384,192,256,64.7,24.3,35.3
"2026/01/14","2026/01/16","9996","サトー商会","東証およびＰＴＳ",,"確報",0,0,300,0,0,300,0,0,0,699900,0,0,699900,0,,,0,0,4500,0,0,4500,0,0,0,0,0,0,0
"2026/01/14","2026/01/16","9997","ベルーナ","東証およびＰＴＳ",,"確報",0,0,30600,400,0,1000,29600,0,0,30538800,399200,0,998000,29540800,,,0,0,153000,0,0,3000,11.7,12.2,12.2,12.2,4.5,3.6,4
"2026/01/14","2026/01/16","1319","ＮＦ日経３００","名証",,"確報",0,0,0,0,0,0,0,0,0,0,0,0,0,0,,,0,0,0,0,0,0,0,0,0,0,0,0,0
"2026/01/14","2026/01/16","138A","光フードサービス","名証",,"確報",0,0,0,0,0,0,0,0,0,0,0,0,0,0,,,0,0,0,0,0,0,0,0,0,0,0,0,0
"2026/01/14","2026/01/16","1438","岐阜造園","名証",,"確報",0,0,0,0,0,0,0,0,0,0,0,0,0,0,,,0,0,0,0,0,0,0,0,0,0,0,0,0
"2026/01/14","2026/01/16","1444","ニッソウ","名証",,"確報",0,0,0,0,0,0,0,0,0,0,0,0,0,0,,,0,0,0,0,0,0,0,0,0,0,0,0,0
"2026/01/14","2026/01/16","1553","ＭＸＳＳ＆Ｐ東海投信","名証",,"確報",0,0,0,0,0,0,0,0,0,0,0,0,0,0,,,0,0,0,0,0,0,0,0,0,0,0,0,0
"2026/01/14","2026/01/16","1738","ニットー","名証",,"確報",0,0,1100,0,0,0,1100,0,0,657800,0,0,0,657800,,,0,0,5500,0,0,0,11.7,5.9,0,11.7,0,0,0
"2026/01/14","2026/01/16","1766","東建コーポレーション","名証",,"確報",0,0,0,0,0,0,0,0,0,0,0,0,0,0,,,0,0,0,0,0,0,0,0,0,0,0,0,0
"2026/01/14","2026/01/16","1777","川崎設備工業","名証",,"確報",1500,100,15400,0,0,0,15400,3787500,252500,38885000,0,0,0,38885000,,,0,0,350000,0,0,0,23.4,35,17.5,23.4,0,0,0
"2026/01/14","2026/01/16","1780","ヤマウラ","名証",,"確報",0,0,0,0,0,0,0,0,0,0,0,0,0,0,,,0,0,0,0,0,0,0,0,0,0,0,0,0
"2026/01/14","2026/01/16","1801","大成建設","名証",,"確報",0,0,0,0,0,0,0,0,0,0,0,0,0,0,,,0,0,0,0,0,0,0,0,0,0,0,0,0
"2026/01/14","2026/01/16","1803","清水建設","名証",,"確報",0,0,0,0,0,0,0,0,0,0,0,0,0,0,,,0,0,0,0,0,0,0,0,0,0,0,0,0
"2026/01/14","2026/01/16","1811","銭高組","名証",,"確報",0,0,0,0,0,0,0,0,0,0,0,0,0,0,,,0,0,0,0,0,0,0,0,0,0,0,0,0
"2026/01/14","2026/01/16","1812","鹿島建設","名証",,"確報",0,0,0,0,0,0,0,0,0,0,0,0,0,0,,,0,0,0,0,0,0,0,0,0,0,0,0,0
"2026/01/14","2026/01/16","1869","名工建設","名証",,"確報",0,0,2900,0,0,400,2500,0,0,4938700,0,0,681200,4257500,,,0,0,0,20300,2800,0,68.8,152,38,60.8,0,0,0
"2026/01/14","2026/01/16","1870","矢作建設工業","名証",,"確報",0,0,0,0,0,0,0,0,0,0,0,0,0,0,,,0,0,0,0,0,0,0,0,0,0,0,0,0
"2026/01/14","2026/01/16","1878","大東建託","名証",,"確報",0,0,0,0,0,0,0,0,0,0,0,0,0,0,,,0,0,0,0,0,0,0,0,0,0,0,0,0
"2026/01/14","2026/01/16","1892","徳倉建設","名証",,"確報",400,0,1100,0,0,0,1100,2796000,0,7689000,0,0,0,7689000,,,0,0,203000,0,0,0,14.3,10.8,21.5,14.3,0,0,0
"2026/01/14","2026/01/16","1893","五洋建設","名証",,"確報",0,0,0,0,0,0,0,0,0,0,0,0,0,0,,,0,0,0,0,0,0,0,0,0,0,0,0,0
"2026/01/14","2026/01/16","1928","積水ハウス","名証",,"確報",0,0,0,0,0,0,0,0,0,0,0,0,0,0,,,0,0,0,0,0,0,0,0,0,0,0,0,0
"2026/01/14","2026/01/16","1946","トーエネック","名証",,"確報",0,0,0,0,0,0,0,0,0,0,0,0,0,0,,,0,0,0,0,0,0,0,0,0,0,0,0,0
"2026/01/14","2026/01/16","2053","中部飼料","名証",,"確報",0,0,0,0,0,0,0,0,0,0,0,0,0,0,,,0,0,0,0,0,0,0,0,0,0,0,0,0
"2026/01/14","2026/01/16","212A","フィットイージー","名証",,"確報",0,0,0,0,0,0,0,0,0,0,0,0,0,0,,,0,0,0,0,0,0,0,0,0,0,0,0,0
"2026/01/14","2026/01/16","2139","中広","名証",,"確報",0,0,0,0,0,0,0,0,0,0,0,0,0,0,,,0,0,0,0,0,0,0,0,0,0,0,0,0
"2026/01/14","2026/01/16","2169","ＣＤＳ","名証",,"確報",0,0,0,0,0,0,0,0,0,0,0,0,0,0,,,0,0,0,0,0,0,0,0,0,0,0,0,0
"2026/01/14","2026/01/16","2185","シイエム・シイ","名証",,"確報",0,0,0,0,0,0,0,0,0,0,0,0,0,0,,,0,0,0,0,0,0,0,0,0,0,0,0,0
"2026/01/14","2026/01/16","2207","ｍｅｉｔｏ","名証",,"確報",0,0,0,0,0,0,0,0,0,0,0,0,0,0,,,0,0,0,0,0,0,0,0,0,0,0,0,0
"2026/01/14","2026/01/16","2209","井村屋グループ","名証",,"確報",0,0,0,0,0,0,0,0,0,0,0,0,0,0,,,0,0,0,0,0,0,0,0,0,0,0,0,0
"2026/01/14","2026/01/16","2224","コモ","名証",,"確報",0,0,0,0,0,0,0,0,0,0,0,0,0,0,,,0,0,0,0,0,0,0,0,0,0,0,0,0
"2026/01/14","2026/01/16","2327","日鉄ソリューションズ","名証",,"確報",0,0,0,0,0,0,0,0,0,0,0,0,0,0,,,0,0,0,0,0,0,0,0,0,0,0,0,0
"2026/01/14","2026/01/16","2329","東北新社","名証",,"確報",0,0,0,0,0,0,0,0,0,0,0,0,0,0,,,0,0,0,0,0,0,0,0,0,0,0,0,0
"2026/01/14","2026/01/16","2376","サイネックス","名証",,"確報",0,0,0,0,0,0,0,0,0,0,0,0,0,0,,,0,0,0,0,0,0,0,0,0,0,0,0,0
"2026/01/14","2026/01/16","2424","ブラス","名証",,"確報",0,0,0,0,0,0,0,0,0,0,0,0,0,0,,,0,0,0,0,0,0,0,0,0,0,0,0,0
"2026/01/14","2026/01/16","2435","シダー","名証",,"確報",0,0,0,0,0,0,0,0,0,0,0,0,0,0,,,0,0,0,0,0,0,0,0,0,0,0,0,0
"2026/01/14","2026/01/16","246A","アスア","名証",,"確報",0,0,0,0,0,0,0,0,0,0,0,0,0,0,,,0,0,0,0,0,0,0,0,0,0,0,0,0
"2026/01/14","2026/01/16","2479","ジェイテック","名証",,"確報",0,0,0,0,0,0,0,0,0,0,0,0,0,0,,,0,0,0,0,0,0,0,0,0,0,0,0,0
"2026/01/14","2026/01/16","2485","ティア","名証",,"確報",0,0,0,0,0,0,0,0,0,0,0,0,0,0,,,0,0,0,0,0,0,0,0,0,0,0,0,0
"2026/01/14","2026/01/16","2551","マルサンアイ","名証",,"確報",0,0,600,0,0,0,600,0,0,2142000,0,0,0,2142000,,,0,0,0,0,0,0,0,0,0,0,0,0,0
"2026/01/14","2026/01/16","259A","ケイ・ウノ","名証",,"確報",0,0,100,0,0,0,100,0,0,134300,0,0,0,134300,,,0,0,0,0,0,0,0,0,0,0,0,0,0
"2026/01/14","2026/01/16","2686","ジーフット","名証",,"確報",0,0,0,0,0,0,0,0,0,0,0,0,0,0,,,0,0,0,0,0,0,0,0,0,0,0,0,0
"2026/01/14","2026/01/16","2722","ＩＫホールディングス","名証",,"確報",0,0,0,0,0,0,0,0,0,0,0,0,0,0,,,0,0,0,0,0,0,0,0,0,0,0,0,0
"2026/01/14","2026/01/16","2734","サーラコーポ","名証",,"確報",0,0,0,0,0,0,0,0,0,0,0,0,0,0,,,0,0,0,0,0,0,0,0,0,0,0,0,0
"2026/01/14","2026/01/16","2753","あみやき亭","名証",,"確報",0,0,0,0,0,0,0,0,0,0,0,0,0,0,,,0,0,0,0,0,0,0,0,0,0,0,0,0
"2026/01/14","2026/01/16","275A","ハンワホームズ","名証",,"確報",0,0,6000,0,0,0,6000,0,0,2442000,0,0,0,2442000,,,0,0,0,6000,0,0,154.5,0,77.3,154.5,0,0,0
"2026/01/14","2026/01/16","2778","パレモ・ＨＤ","名証",,"確報",0,0,0,0,0,0,0,0,0,0,0,0,0,0,,,0,0,0,0,0,0,0,0,0,0,0,0,0
"2026/01/14","2026/01/16","2780","コメ兵ＨＤ","名証",,"確報",0,0,0,0,0,0,0,0,0,0,0,0,0,0,,,0,0,0,0,0,0,0,0,0,0,0,0,0
"2026/01/14","2026/01/16","2806","ユタカフーズ","名証",,"確報",0,0,0,0,0,0,0,0,0,0,0,0,0,0,,,0,0,0,0,0,0,0,0,0,0,0,0,0
"2026/01/14","2026/01/16","2811","カゴメ","名証",,"確報",0,0,0,0,0,0,0,0,0,0,0,0,0,0,,,0,0,0,0,0,0,0,0,0,0,0,0,0
"2026/01/14","2026/01/16","2902","太陽化学","名証",,"確報",100,0,4000,0,200,1100,2900,261300,0,10452000,0,522600,2874300,7577700,,,0,0,0,0,0,0,50.2,199,66.3,99.5,13,26,17.3
"2026/01/14","2026/01/16","2983","アールプランナー","名証",,"確報",0,0,0,0,0,0,0,0,0,0,0,0,0,0,,,0,0,0,0,0,0,0,0,0,0,0,0,0
"2026/01/14","2026/01/16","2986","ＬＡホールディングス","名証",,"確報",0,0,0,0,0,0,0,0,0,0,0,0,0,0,,,0,0,0,0,0,0,0,0,0,0,0,0,0
"2026/01/14","2026/01/16","3028","アルペン","名証",,"確報",0,0,0,0,0,0,0,0,0,0,0,0,0,0,,,0,0,0,0,0,0,0,0,0,0,0,0,0
"2026/01/14","2026/01/16","3032","ゴルフ・ドゥ","名証",,"確報",0,0,6800,0,0,0,6800,0,0,1428000,0,0,0,1428000,,,0,0,0,0,0,0,0,0,0,0,0,0,0
"2026/01/14","2026/01/16","3035","ケイティケイ","名証",,"確報",0,0,0,0,0,0,0,0,0,0,0,0,0,0,,,0,0,0,0,0,0,0,0,0,0,0,0,0
"2026/01/14","2026/01/16","3066","ＪＢイレブン","名証",,"確報",0,100,6800,0,0,0,6800,0,62800,4270400,0,0,0,4270400,,,0,0,0,13800,0,0,109.7,65.8,329,109.7,0,0,0
"2026/01/14","2026/01/16","3086","Ｊ．フロントリテイリ","名証",,"確報",0,0,0,0,0,0,0,0,0,0,0,0,0,0,,,0,0,0,0,0,0,0,0,0,0,0,0,0
"2026/01/14","2026/01/16","3091","ブロンコビリー","名証",,"確報",0,0,0,0,0,0,0,0,0,0,0,0,0,0,,,0,0,0,0,0,0,0,0,0,0,0,0,0
"2026/01/14","2026/01/16","3116","トヨタ紡織","名証",,"確報",0,0,0,0,0,0,0,0,0,0,0,0,0,0,,,0,0,0,0,0,0,0,0,0,0,0,0,0
"2026/01/14","2026/01/16","3138","富士山マガジン","名証",,"確報",0,0,0,0,0,0,0,0,0,0,0,0,0,0,,,0,0,0,0,0,0,0,0,0,0,0,0,0
"2026/01/14","2026/01/16","3184","ＩＣＤＡ　ＨＤ","名証",,"確報",0,0,0,0,0,0,0,0,0,0,0,0,0,0,,,0,0,0,0,0,0,0,0,0,0,0,0,0
"2026/01/14","2026/01/16","3186","ネクステージ","名証",,"確報",0,0,0,0,0,0,0,0,0,0,0,0,0,0,,,0,0,0,0,0,0,0,0,0,0,0,0,0
"2026/01/14","2026/01/16","3202","ダイトウボウ","名証",,"確報",0,0,0,0,0,0,0,0,0,0,0,0,0,0,,,0,0,0,0,0,0,0,0,0,0,0,0,0
"2026/01/14","2026/01/16","3205","ダイドーリミテッド","名証",,"確報",0,0,0,0,0,0,0,0,0,0,0,0,0,0,,,0,0,0,0,0,0,0,0,0,0,0,0,0
"2026/01/14","2026/01/16","3221","ヨシックスＨＤ","名証",,"確報",0,0,0,0,0,0,0,0,0,0,0,0,0,0,,,0,0,0,0,0,0,0,0,0,0,0,0,0
"2026/01/14","2026/01/16","3232","三重交通グループＨＤ","名証",,"確報",0,0,0,0,0,0,0,0,0,0,0,0,0,0,,,0,0,0,0,0,0,0,0,0,0,0,0,0
"2026/01/14","2026/01/16","3320","クロスプラス","名証",,"確報",0,0,0,0,0,0,0,0,0,0,0,0,0,0,,,0,0,0,0,0,0,0,0,0,0,0,0,0
"2026/01/14","2026/01/16","3321","ミタチ産業","名証",,"確報",0,0,0,0,0,0,0,0,0,0,0,0,0,0,,,0,0,0,0,0,0,0,0,0,0,0,0,0
"2026/01/14","2026/01/16","3384","アークコア","名証",,"確報",0,0,3900,0,0,0,3900,0,0,3022500,0,0,0,3022500,,,0,0,50700,0,0,0,31.5,205,17.1,31.5,0,0,0
"2026/01/14","2026/01/16","3422","Ｊ－ＭＡＸ","名証",,"確報",0,0,0,0,0,0,0,0,0,0,0,0,0,0,,,0,0,0,0,0,0,0,0,0,0,0,0,0
"2026/01/14","2026/01/16","3439","三ツ知","名証",,"確報",0,0,0,0,0,0,0,0,0,0,0,0,0,0,,,0,0,0,0,0,0,0,0,0,0,0,0,0
"2026/01/14","2026/01/16","3442","ＭＩＥコーポ","名証",,"確報",0,0,900,0,0,0,900,0,0,1356300,0,0,0,1356300,,,0,0,8100,0,0,0,0,0,0,0,0,0,0
"2026/01/14","2026/01/16","3447","信和","名証",,"確報",0,0,0,0,0,0,0,0,0,0,0,0,0,0,,,0,0,0,0,0,0,0,0,0,0,0,0,0
"2026/01/14","2026/01/16","3461","パルマ","名証",,"確報",0,0,0,0,0,0,0,0,0,0,0,0,0,0,,,0,0,0,0,0,0,0,0,0,0,0,0,0
"2026/01/14","2026/01/16","3469","デュアルタップ","名証",,"確報",0,0,0,0,0,0,0,0,0,0,0,0,0,0,,,0,0,0,0,0,0,0,0,0,0,0,0,0
"2026/01/14","2026/01/16","3494","マリオン","名証",,"確報",0,0,0,0,0,0,0,0,0,0,0,0,0,0,,,0,0,0,0,0,0,0,0,0,0,0,0,0
"2026/01/14","2026/01/16","3504","丸八ホールディングス","名証",,"確報",4000,0,35400,0,0,0,35400,4532000,0,40108200,0,0,0,40108200,,,0,0,125600,0,0,0,14.3,7.6,130.8,14.3,0,0,0
"2026/01/14","2026/01/16","3524","日東製網","名証",,"確報",0,0,0,0,0,0,0,0,0,0,0,0,0,0,,,0,0,0,0,0,0,0,0,0,0,0,0,0
"2026/01/14","2026/01/16","3543","コメダＨＤ","名証",,"確報",0,0,0,0,0,0,0,0,0,0,0,0,0,0,,,0,0,0,0,0,0,0,0,0,0,0,0,0
"2026/01/14","2026/01/16","3556","リネットジャパングル","名証",,"確報",0,0,0,0,0,0,0,0,0,0,0,0,0,0,,,0,0,0,0,0,0,0,0,0,0,0,0,0
"2026/01/14","2026/01/16","3559","ピーバンドットコム","名証",,"確報",0,0,0,0,0,0,0,0,0,0,0,0,0,0,,,0,0,0,0,0,0,0,0,0,0,0,0,0
"2026/01/14","2026/01/16","3571","ソトー","名証",,"確報",0,0,0,0,0,0,0,0,0,0,0,0,0,0,,,0,0,0,0,0,0,0,0,0,0,0,0,0
"2026/01/14","2026/01/16","3577","東海染工","名証",,"確報",0,0,0,0,0,0,0,0,0,0,0,0,0,0,,,0,0,0,0,0,0,0,0,0,0,0,0,0
"2026/01/14","2026/01/16","3670","協立情報通信","名証",,"確報",0,0,0,0,0,0,0,0,0,0,0,0,0,0,,,0,0,0,0,0,0,0,0,0,0,0,0,0
"2026/01/14","2026/01/16","3739","コムシード","名証",,"確報",0,400,32400,0,0,0,32400,0,64000,5184000,0,0,0,5184000,,,0,0,0,65600,0,0,364.4,1640,205,364.4,0,0,0
"2026/01/14","2026/01/16","3771","システムリサーチ","名証",,"確報",0,0,0,0,0,0,0,0,0,0,0,0,0,0,,,0,0,0,0,0,0,0,0,0,0,0,0,0
"2026/01/14","2026/01/16","3775","ガイアックス","名証",,"確報",100,0,38100,0,0,0,38100,41900,0,15963900,0,0,0,15963900,,,0,0,0,38000,0,0,116.4,174.6,87.3,116.4,0,0,0
"2026/01/14","2026/01/16","377A","エージェントＩＧＨＤ","名証",,"確報",0,0,200,0,0,0,200,0,0,257000,0,0,0,257000,,,0,0,0,0,0,0,0,0,0,0,0,0,0
"2026/01/14","2026/01/16","3842","ネクストジェン","名証",,"確報",0,0,0,0,0,0,0,0,0,0,0,0,0,0,,,0,0,0,0,0,0,0,0,0,0,0,0,0
"2026/01/14","2026/01/16","391A","山忠","名証",,"確報",0,0,8000,0,0,0,8000,0,0,20440000,0,0,0,20440000,,,0,0,0,40000,0,0,0,0,0,0,0,0,0
"2026/01/14","2026/01/16","3922","ＰＲ　ＴＩＭＥＳ","名証",,"確報",0,0,0,0,0,0,0,0,0,0,0,0,0,0,,,0,0,0,0,0,0,0,0,0,0,0,0,0
"2026/01/14","2026/01/16","3947","ダイナパック","名証",,"確報",0,0,0,0,0,0,0,0,0,0,0,0,0,0,,,0,0,0,0,0,0,0,0,0,0,0,0,0
"2026/01/14","2026/01/16","3958","笹徳印刷","名証",,"確報",0,0,0,0,0,0,0,0,0,0,0,0,0,0,,,0,0,0,0,0,0,0,0,0,0,0,0,0
"2026/01/14","2026/01/16","3974","ＳＣＡＴ","名証",,"確報",0,0,0,0,0,0,0,0,0,0,0,0,0,0,,,0,0,0,0,0,0,0,0,0,0,0,0,0
"2026/01/14","2026/01/16","4062","イビデン","名証",,"確報",0,0,0,0,0,0,0,0,0,0,0,0,0,0,,,0,0,0,0,0,0,0,0,0,0,0,0,0
"2026/01/14","2026/01/16","4063","信越化学工業","名証",,"確報",0,0,0,0,0,0,0,0,0,0,0,0,0,0,,,0,0,0,0,0,0,0,0,0,0,0,0,0
"2026/01/14","2026/01/16","4072","電算システムＨＤ","名証",,"確報",0,0,0,0,0,0,0,0,0,0,0,0,0,0,,,0,0,0,0,0,0,0,0,0,0,0,0,0
"2026/01/14","2026/01/16","4125","三和油化工業","名証",,"確報",0,0,0,0,0,0,0,0,0,0,0,0,0,0,,,0,0,0,0,0,0,0,0,0,0,0,0,0
"2026/01/14","2026/01/16","418A","ウリドキ","名証",,"確報",1500,0,37300,0,0,0,37300,1518000,0,37747600,0,0,0,37747600,,,0,0,0,179000,0,0,28.4,15.8,136.4,28.4,0,0,0
"2026/01/14","2026/01/16","4196","ネオマーケティング","名証",,"確報",0,0,0,0,0,0,0,0,0,0,0,0,0,0,,,0,0,0,0,0,0,0,0,0,0,0,0,0
"2026/01/14","2026/01/16","4206","アイカ工業","名証",,"確報",0,0,0,0,0,0,0,0,0,0,0,0,0,0,,,0,0,0,0,0,0,0,0,0,0,0,0,0
"2026/01/14","2026/01/16","4240","クラスターＴ","名証",,"確報",0,0,0,0,0,0,0,0,0,0,0,0,0,0,,,0,0,0,0,0,0,0,0,0,0,0,0,0
"2026/01/14","2026/01/16","4247","ポバール興業","名証",,"確報",0,0,0,0,0,0,0,0,0,0,0,0,0,0,,,0,0,0,0,0,0,0,0,0,0,0,0,0
"2026/01/14","2026/01/16","4361","川口化学工業","名証",,"確報",0,0,0,0,0,0,0,0,0,0,0,0,0,0,,,0,0,0,0,0,0,0,0,0,0,0,0,0
"2026/01/14","2026/01/16","4430","東海ソフト","名証",,"確報",0,0,0,0,0,0,0,0,0,0,0,0,0,0,,,0,0,0,0,0,0,0,0,0,0,0,0,0
"2026/01/14","2026/01/16","4439","東名","名証",,"確報",0,0,0,0,0,0,0,0,0,0,0,0,0,0,,,0,0,0,0,0,0,0,0,0,0,0,0,0
"2026/01/14","2026/01/16","4445","リビンＴ","名証",,"確報",0,0,0,0,0,0,0,0,0,0,0,0,0,0,,,0,0,0,0,0,0,0,0,0,0,0,0,0
"2026/01/14","2026/01/16","4463","日華化学","名証",,"確報",0,0,0,0,0,0,0,0,0,0,0,0,0,0,,,0,0,0,0,0,0,0,0,0,0,0,0,0
"2026/01/14","2026/01/16","4502","武田薬品工業","名証",,"確報",0,0,0,0,0,0,0,0,0,0,0,0,0,0,,,0,0,0,0,0,0,0,0,0,0,0,0,0
"2026/01/14","2026/01/16","4530","久光製薬","名証",,"確報",0,0,0,0,0,0,0,0,0,0,0,0,0,0,,,0,0,0,0,0,0,0,0,0,0,0,0,0
"2026/01/14","2026/01/16","4616","川上塗料","名証",,"確報",0,0,0,0,0,0,0,0,0,0,0,0,0,0,,,0,0,0,0,0,0,0,0,0,0,0,0,0
"2026/01/14","2026/01/16","4658","日本空調サービス","名証",,"確報",0,0,0,0,0,0,0,0,0,0,0,0,0,0,,,0,0,0,0,0,0,0,0,0,0,0,0,0
"2026/01/14","2026/01/16","4667","アイサンテクノロジー","名証",,"確報",0,0,0,0,0,0,0,0,0,0,0,0,0,0,,,0,0,0,0,0,0,0,0,0,0,0,0,0
"2026/01/14","2026/01/16","4681","リゾートトラスト","名証",,"確報",0,0,0,0,0,0,0,0,0,0,0,0,0,0,,,0,0,0,0,0,0,0,0,0,0,0,0,0
"2026/01/14","2026/01/16","4691","ワシントンホテル","名証",,"確報",0,0,0,0,0,0,0,0,0,0,0,0,0,0,,,0,0,0,0,0,0,0,0,0,0,0,0,0
"2026/01/14","2026/01/16","4732","ユー・エス・エス","名証",,"確報",0,0,0,0,0,0,0,0,0,0,0,0,0,0,,,0,0,0,0,0,0,0,0,0,0,0,0,0
"2026/01/14","2026/01/16","4760","アルファ","名証",,"確報",0,0,0,0,0,0,0,0,0,0,0,0,0,0,,,0,0,0,0,0,0,0,0,0,0,0,0,0
"2026/01/14","2026/01/16","5020","ＥＮＥＯＳ","名証",,"確報",0,0,0,0,0,0,0,0,0,0,0,0,0,0,,,0,0,0,0,0,0,0,0,0,0,0,0,0
"2026/01/14","2026/01/16","5075","アップコン","名証",,"確報",0,200,11000,0,0,0,11000,0,241000,13255000,0,0,0,13255000,,,0,0,0,78400,0,0,108.4,67.8,271,108.4,0,0,0
"2026/01/14","2026/01/16","5191","住友理工","名証",,"確報",0,0,100,0,0,0,100,0,0,259000,0,0,0,259000,,,0,0,0,0,0,0,0,0,0,0,0,0,0
"2026/01/14","2026/01/16","5204","石塚硝子","名証",,"確報",0,0,0,0,0,0,0,0,0,0,0,0,0,0,,,0,0,0,0,0,0,0,0,0,0,0,0,0
"2026/01/14","2026/01/16","5241","日本オーエー研究所","名証",,"確報",0,0,3700,0,0,0,3700,0,0,3733300,0,0,0,3733300,,,0,0,0,122100,0,0,0,0,0,0,0,0,0
"2026/01/14","2026/01/16","5271","トーヨーアサノ","名証",,"確報",0,0,0,0,0,0,0,0,0,0,0,0,0,0,,,0,0,0,0,0,0,0,0,0,0,0,0,0
"2026/01/14","2026/01/16","5287","イトーヨーギョー","名証",,"確報",0,0,0,0,0,0,0,0,0,0,0,0,0,0,,,0,0,0,0,0,0,0,0,0,0,0,0,0
"2026/01/14","2026/01/16","5331","ノリタケ","名証",,"確報",0,0,0,0,0,0,0,0,0,0,0,0,0,0,,,0,0,0,0,0,0,0,0,0,0,0,0,0
"2026/01/14","2026/01/16","5332","ＴＯＴＯ","名証",,"確報",0,0,0,0,0,0,0,0,0,0,0,0,0,0,,,0,0,0,0,0,0,0,0,0,0,0,0,0
"2026/01/14","2026/01/16","5333","日本碍子","名証",,"確報",0,0,0,0,0,0,0,0,0,0,0,0,0,0,,,0,0,0,0,0,0,0,0,0,0,0,0,0
"2026/01/14","2026/01/16","5334","日本特殊陶業","名証",,"確報",0,0,0,0,0,0,0,0,0,0,0,0,0,0,,,0,0,0,0,0,0,0,0,0,0,0,0,0
"2026/01/14","2026/01/16","5342","ジャニス工業","名証",,"確報",0,0,0,0,0,0,0,0,0,0,0,0,0,0,,,0,0,0,0,0,0,1.1,0,0.6,1.1,0,0,0
"2026/01/14","2026/01/16","5343","ニッコー","名証",,"確報",0,0,12200,0,0,0,12200,0,0,1732400,0,0,0,1732400,,,0,0,0,0,0,0,19.7,14.8,29.5,19.7,0,0,0
"2026/01/14","2026/01/16","5344","ＭＡＲＵＷＡ","名証",,"確報",0,0,0,0,0,0,0,0,0,0,0,0,0,0,,,0,0,0,0,0,0,0,0,0,0,0,0,0
"2026/01/14","2026/01/16","5356","美濃窯業","名証",,"確報",0,0,0,0,0,0,0,0,0,0,0,0,0,0,,,0,0,0,0,0,0,0,0,0,0,0,0,0
"2026/01/14","2026/01/16","5384","フジミイン","名証",,"確報",0,0,0,0,0,0,0,0,0,0,0,0,0,0,,,0,0,0,0,0,0,0,0,0,0,0,0,0
"2026/01/14","2026/01/16","5386","鶴弥","名証",,"確報",0,0,0,0,0,0,0,0,0,0,0,0,0,0,,,0,0,0,0,0,0,0,0,0,0,0,0,0
"2026/01/14","2026/01/16","5401","日本製鉄","名証",,"確報",0,0,0,0,0,0,0,0,0,0,0,0,0,0,,,0,0,0,0,0,0,0,0,0,0,0,0,0
"2026/01/14","2026/01/16","5406","神戸製鋼所","名証",,"確報",0,0,0,0,0,0,0,0,0,0,0,0,0,0,,,0,0,0,0,0,0,0,0,0,0,0,0,0
"2026/01/14","2026/01/16","5461","中部鋼鈑","名証",,"確報",0,0,0,0,0,0,0,0,0,0,0,0,0,0,,,0,0,0,0,0,0,0,0,0,0,0,0,0
"2026/01/14","2026/01/16","5471","大同特殊鋼","名証",,"確報",0,0,0,0,0,0,0,0,0,0,0,0,0,0,,,0,0,0,0,0,0,0,0,0,0,0,0,0
"2026/01/14","2026/01/16","5482","愛知製鋼","名証",,"確報",0,0,0,0,0,0,0,0,0,0,0,0,0,0,,,0,0,0,0,0,0,0,0,0,0,0,0,0
"2026/01/14","2026/01/16","5530","日本システムバンク","名証",,"確報",400,0,1400,0,0,0,1400,391200,0,1369200,0,0,0,1369200,,,0,0,0,4000,0,0,6,7.3,5.1,6,0,0,0
"2026/01/14","2026/01/16","5589","オートサーバー","名証",,"確報",0,0,0,0,0,0,0,0,0,0,0,0,0,0,,,0,0,0,0,0,0,0,0,0,0,0,0,0
"2026/01/14","2026/01/16","5607","中央可鍛工業","名証",,"確報",2200,100,61200,0,0,0,61200,1546600,70300,43023600,0,0,0,43023600,,,0,0,413700,0,0,0,67.6,34.6,1402,67.6,0,0,0
"2026/01/14","2026/01/16","5802","住友電気工業","名証",,"確報",0,0,0,0,0,0,0,0,0,0,0,0,0,0,,,0,0,0,0,0,0,0,0,0,0,0,0,0
"2026/01/14","2026/01/16","5918","瀧上工業","名証",,"確報",0,0,0,0,0,0,0,0,0,0,0,0,0,0,,,0,0,0,0,0,0,0,0,0,0,0,0,0
"2026/01/14","2026/01/16","5938","ＬＩＸＩＬ","名証",,"確報",0,0,0,0,0,0,0,0,0,0,0,0,0,0,,,0,0,0,0,0,0,0,0,0,0,0,0,0
"2026/01/14","2026/01/16","5947","リンナイ","名証",,"確報",0,0,0,0,0,0,0,0,0,0,0,0,0,0,,,0,0,0,0,0,0,0,0,0,0,0,0,0
"2026/01/14","2026/01/16","5952","アマテイ","名証",,"確報",0,0,0,0,0,0,0,0,0,0,0,0,0,0,,,0,0,0,0,0,0,0,0,0,0,0,0,0
"2026/01/14","2026/01/16","5979","カネソウ","名証",,"確報",0,0,1300,0,0,0,1300,0,0,6838000,0,0,0,6838000,,,0,0,0,0,0,0,0,0,0,0,0,0,0
"2026/01/14","2026/01/16","5984","兼房","名証",,"確報",0,0,0,0,0,0,0,0,0,0,0,0,0,0,,,0,0,0,0,0,0,0,0,0,0,0,0,0
"2026/01/14","2026/01/16","5992","中央発條","名証",,"確報",0,0,0,0,0,0,0,0,0,0,0,0,0,0,,,0,0,0,0,0,0,0,0,0,0,0,0,0
"2026/01/14","2026/01/16","5994","ファインシンター","名証",,"確報",0,0,0,0,0,0,0,0,0,0,0,0,0,0,,,0,0,0,0,0,0,0,0,0,0,0,0,0
"2026/01/14","2026/01/16","6025","日本ＰＣサービス","名証",,"確報",0,0,1700,0,0,0,1700,0,0,1122000,0,0,0,1122000,,,0,0,0,17000,0,0,0,0,0,0,0,0,0
"2026/01/14","2026/01/16","6036","ＫｅｅＰｅｒ技研","名証",,"確報",0,0,0,0,0,0,0,0,0,0,0,0,0,0,,,0,0,0,0,0,0,0,0,0,0,0,0,0
"2026/01/14","2026/01/16","6055","ジャパンマテリアル","名証",,"確報",0,0,0,0,0,0,0,0,0,0,0,0,0,0,,,0,0,0,0,0,0,0,0,0,0,0,0,0
"2026/01/14","2026/01/16","6074","ジェイエスエス","名証",,"確報",0,0,0,0,0,0,0,0,0,0,0,0,0,0,,,0,0,0,0,0,0,0,0,0,0,0,0,0
"2026/01/14","2026/01/16","6103","オークマ","名証",,"確報",0,0,0,0,0,0,0,0,0,0,0,0,0,0,,,0,0,0,0,0,0,0,0,0,0,0,0,0
"2026/01/14","2026/01/16","6111","旭精機工業","名証",,"確報",100,200,1000,0,0,0,1000,227300,454600,2273000,0,0,0,2273000,,,0,0,25300,0,0,0,10.2,22,6.6,10.2,0,0,0
"2026/01/14","2026/01/16","6134","ＦＵＪＩ","名証",,"確報",0,0,0,0,0,0,0,0,0,0,0,0,0,0,,,0,0,0,0,0,0,0,0,0,0,0,0,0
"2026/01/14","2026/01/16","6136","オーエスジー","名証",,"確報",0,0,0,0,0,0,0,0,0,0,0,0,0,0,,,0,0,0,0,0,0,0,0,0,0,0,0,0
"2026/01/14","2026/01/16","6142","富士精工","名証",,"確報",0,0,3500,0,0,0,3500,0,0,5390000,0,0,0,5390000,,,0,0,210000,0,0,0,0,0,0,0,0,0,0
"2026/01/14","2026/01/16","6201","豊田自動織機","名証",,"確報",0,0,0,0,0,0,0,0,0,0,0,0,0,0,,,0,0,0,0,0,0,0,0,0,0,0,0,0
"2026/01/14","2026/01/16","6203","豊和工業","名証",,"確報",0,0,0,0,0,0,0,0,0,0,0,0,0,0,,,0,0,0,0,0,0,0,0,0,0,0,0,0
"2026/01/14","2026/01/16","6225","エコム","名証",,"確報",0,0,5900,0,0,0,5900,0,0,12041900,0,0,0,12041900,,,0,0,5900,0,0,0,0,0,0,0,0,0,0
"2026/01/14","2026/01/16","6267","ゼネラルパッカー","名証",,"確報",0,0,0,0,0,0,0,0,0,0,0,0,0,0,,,0,0,0,0,0,0,0,0,0,0,0,0,0
"2026/01/14","2026/01/16","6293","日精樹脂工業","名証",,"確報",0,0,0,0,0,0,0,0,0,0,0,0,0,0,,,0,0,0,0,0,0,0,0,0,0,0,0,0
"2026/01/14","2026/01/16","6325","タカキタ","名証",,"確報",0,0,0,0,0,0,0,0,0,0,0,0,0,0,,,0,0,0,0,0,0,0,0,0,0,0,0,0
"2026/01/14","2026/01/16","6339","新東工業","名証",,"確報",0,0,0,0,0,0,0,0,0,0,0,0,0,0,,,0,0,0,0,0,0,0,0,0,0,0,0,0
"2026/01/14","2026/01/16","6340","澁谷工業","名証",,"確報",0,0,0,0,0,0,0,0,0,0,0,0,0,0,,,0,0,0,0,0,0,0,0,0,0,0,0,0
"2026/01/14","2026/01/16","6342","太平製作所","名証",,"確報",0,0,0,0,0,0,0,0,0,0,0,0,0,0,,,0,0,0,0,0,0,0,0,0,0,0,0,0
"2026/01/14","2026/01/16","6345","アイチコーポ","名証",,"確報",0,0,0,0,0,0,0,0,0,0,0,0,0,0,,,0,0,0,0,0,0,0,0,0,0,0,0,0
"2026/01/14","2026/01/16","6346","キクカワエンタ","名証",,"確報",0,0,0,0,0,0,0,0,0,0,0,0,0,0,,,0,0,0,0,0,0,0,0,0,0,0,0,0
"2026/01/14","2026/01/16","6396","宇野澤組鐵工所","名証",,"確報",0,0,0,0,0,0,0,0,0,0,0,0,0,0,,,0,0,0,0,0,0,0,0,0,0,0,0,0
"2026/01/14","2026/01/16","6407","ＣＫＤ","名証",,"確報",0,0,0,0,0,0,0,0,0,0,0,0,0,0,,,0,0,0,0,0,0,0,0,0,0,0,0,0
"2026/01/14","2026/01/16","6430","ダイコク電機","名証",,"確報",0,0,0,0,0,0,0,0,0,0,0,0,0,0,,,0,0,0,0,0,0,0,0,0,0,0,0,0
"2026/01/14","2026/01/16","6439","中日本鋳工","名証",,"確報",0,100,0,0,0,0,0,0,39600,0,0,0,0,0,,,0,0,100,0,0,0,8,0,4,8,0,0,0
"2026/01/14","2026/01/16","6448","ブラザー工業","名証",,"確報",0,0,0,0,0,0,0,0,0,0,0,0,0,0,,,0,0,0,0,0,0,0,0,0,0,0,0,0
"2026/01/14","2026/01/16","6465","ホシザキ","名証",,"確報",0,0,0,0,0,0,0,0,0,0,0,0,0,0,,,0,0,0,0,0,0,0,0,0,0,0,0,0
"2026/01/14","2026/01/16","6470","大豊工業","名証",,"確報",0,0,0,0,0,0,0,0,0,0,0,0,0,0,,,0,0,0,0,0,0,0,0,0,0,0,0,0
"2026/01/14","2026/01/16","6473","ジェイテクト","名証",,"確報",0,0,0,0,0,0,0,0,0,0,0,0,0,0,,,0,0,0,0,0,0,0,0,0,0,0,0,0
"2026/01/14","2026/01/16","6501","日立製作所","名証",,"確報",0,0,0,0,0,0,0,0,0,0,0,0,0,0,,,0,0,0,0,0,0,0,0,0,0,0,0,0
"2026/01/14","2026/01/16","6504","富士電機","名証",,"確報",0,0,0,0,0,0,0,0,0,0,0,0,0,0,,,0,0,0,0,0,0,0,0,0,0,0,0,0
"2026/01/14","2026/01/16","6508","明電舎","名証",,"確報",0,0,0,0,0,0,0,0,0,0,0,0,0,0,,,0,0,0,0,0,0,0,0,0,0,0,0,0
"2026/01/14","2026/01/16","6547","グリーンズ","名証",,"確報",0,0,0,0,0,0,0,0,0,0,0,0,0,0,,,0,0,0,0,0,0,0,0,0,0,0,0,0
"2026/01/14","2026/01/16","6564","ミダックＨＤ","名証",,"確報",0,0,0,0,0,0,0,0,0,0,0,0,0,0,,,0,0,0,0,0,0,0,0,0,0,0,0,0
"2026/01/14","2026/01/16","6565","ＡＢホテル","名証",,"確報",0,0,0,0,0,0,0,0,0,0,0,0,0,0,,,0,0,0,0,0,0,0,0,0,0,0,0,0
"2026/01/14","2026/01/16","6586","マキタ","名証",,"確報",0,0,0,0,0,0,0,0,0,0,0,0,0,0,,,0,0,0,0,0,0,0,0,0,0,0,0,0
"2026/01/14","2026/01/16","6615","ＵＭＣエレ","名証",,"確報",0,0,0,0,0,0,0,0,0,0,0,0,0,0,,,0,0,0,0,0,0,0,0,0,0,0,0,0
"2026/01/14","2026/01/16","6623","愛知電機","名証",,"確報",0,300,23500,0,0,0,23500,0,2259000,176955000,0,0,0,176955000,,,0,0,952000,0,0,0,144.9,105.4,231.8,144.9,0,0,0
"2026/01/14","2026/01/16","6651","日東工業","名証",,"確報",0,0,0,0,0,0,0,0,0,0,0,0,0,0,,,0,0,0,0,0,0,0,0,0,0,0,0,0
"2026/01/14","2026/01/16","6655","東洋電機","名証",,"確報",1700,0,1900,0,0,0,1900,1351500,0,1510500,0,0,0,1510500,,,0,0,0,0,0,0,2.8,1.4,0,2.8,0,0,0
"2026/01/14","2026/01/16","6676","バッファロー","名証",,"確報",0,0,0,0,0,0,0,0,0,0,0,0,0,0,,,0,0,0,0,0,0,0,0,0,0,0,0,0
"2026/01/14","2026/01/16","6702","富士通","名証",,"確報",0,0,0,0,0,0,0,0,0,0,0,0,0,0,,,0,0,0,0,0,0,4,0,2,4,0,0,0
"2026/01/14","2026/01/16","6718","アイホン","名証",,"確報",0,0,0,0,0,0,0,0,0,0,0,0,0,0,,,0,0,0,0,0,0,0,0,0,0,0,0,0
"2026/01/14","2026/01/16","6797","名古屋電機工業","名証",,"確報",0,0,0,0,0,0,0,0,0,0,0,0,0,0,,,0,0,0,0,0,0,0,0,0,0,0,0,0
"2026/01/14","2026/01/16","6846","中央製作所","名証",,"確報",0,0,1800,0,0,0,1800,0,0,2511000,0,0,0,2511000,,,0,0,0,0,0,0,0,0,0,0,0,0,0
"2026/01/14","2026/01/16","6902","デンソー","名証",,"確報",0,0,0,0,0,0,0,0,0,0,0,0,0,0,,,0,0,0,0,0,0,0,0,0,0,0,0,0
"2026/01/14","2026/01/16","6995","東海理化電機製作所","名証",,"確報",0,0,0,0,0,0,0,0,0,0,0,0,0,0,,,0,0,0,0,0,0,0,0,0,0,0,0,0
"2026/01/14","2026/01/16","6999","コーア","名証",,"確報",0,0,0,0,0,0,0,0,0,0,0,0,0,0,,,0,0,0,0,0,0,0,0,0,0,0,0,0
"2026/01/14","2026/01/16","7011","三菱重工業","名証",,"確報",0,0,0,0,0,0,0,0,0,0,0,0,0,0,,,0,0,0,0,0,0,0,0,0,0,0,0,0
"2026/01/14","2026/01/16","7012","川崎重工業","名証",,"確報",0,0,100,0,0,0,100,0,0,1382500,0,0,0,1382500,,,0,0,40500,0,0,0,0,0,0,0,0,0,0
"2026/01/14","2026/01/16","7059","コプロＨＤ","名証",,"確報",0,0,0,0,0,0,0,0,0,0,0,0,0,0,,,0,0,0,0,0,0,0,0,0,0,0,0,0
"2026/01/14","2026/01/16","7073","ジェイック","名証",,"確報",0,0,0,0,0,0,0,0,0,0,0,0,0,0,,,0,0,0,0,0,0,0,0,0,0,0,0,0
"2026/01/14","2026/01/16","7075","ＱＬＳ","名証",,"確報",0,0,0,0,0,0,0,0,0,0,0,0,0,0,,,0,0,0,0,0,0,0,0,0,0,0,0,0
"2026/01/14","2026/01/16","7076","名南Ｍ＆Ａ","名証",,"確報",0,0,6900,0,0,3600,3300,0,0,6334200,0,0,3304800,3029400,,,0,0,0,48300,25200,0,148.6,113.7,341,170.5,179,89.5,119.3
"2026/01/14","2026/01/16","7102","日本車輌製造","名証",,"確報",0,0,0,0,0,0,0,0,0,0,0,0,0,0,,,0,0,0,0,0,0,0,0,0,0,0,0,0
"2026/01/14","2026/01/16","7129","ミアヘルサＨＤ","名証",,"確報",0,0,0,0,0,0,0,0,0,0,0,0,0,0,,,0,0,0,0,0,0,0,0,0,0,0,0,0
"2026/01/14","2026/01/16","7135","ジャパンクラフトＨＤ","名証",,"確報",0,0,0,0,0,0,0,0,0,0,0,0,0,0,,,0,0,0,0,0,0,0,0,0,0,0,0,0
"2026/01/14","2026/01/16","7203","トヨタ自動車","名証",,"確報",0,0,0,0,0,0,0,0,0,0,0,0,0,0,,,0,0,0,0,0,0,0,0,0,0,0,0,0
"2026/01/14","2026/01/16","7205","日野自動車","名証",,"確報",0,0,0,0,0,0,0,0,0,0,0,0,0,0,,,0,0,0,0,0,0,0,0,0,0,0,0,0
"2026/01/14","2026/01/16","7213","レシップＨＤ","名証",,"確報",0,0,0,0,0,0,0,0,0,0,0,0,0,0,,,0,0,0,0,0,0,0,0,0,0,0,0,0
"2026/01/14","2026/01/16","7220","武蔵精密工業","名証",,"確報",0,0,0,0,0,0,0,0,0,0,0,0,0,0,,,0,0,0,0,0,0,0,0,0,0,0,0,0
"2026/01/14","2026/01/16","7227","アスカ","名証",,"確報",100,100,1500,0,0,0,1500,182500,182500,2737500,0,0,0,2737500,,,0,0,0,97500,0,0,13.9,55.5,7.9,13.9,0,0,0
"2026/01/14","2026/01/16","7231","トピー工業","名証",,"確報",0,0,0,0,0,0,0,0,0,0,0,0,0,0,,,0,0,0,0,0,0,0,0,0,0,0,0,0
"2026/01/14","2026/01/16","7241","フタバ産業","名証",,"確報",0,0,0,0,0,0,0,0,0,0,0,0,0,0,,,0,0,0,0,0,0,0,0,0,0,0,0,0
"2026/01/14","2026/01/16","7245","大同メタル工業","名証",,"確報",0,0,0,0,0,0,0,0,0,0,0,0,0,0,,,0,0,0,0,0,0,0,0,0,0,0,0,0
"2026/01/14","2026/01/16","7250","太平洋工業","名証",,"確報",0,0,0,0,0,0,0,0,0,0,0,0,0,0,,,0,0,0,0,0,0,0,0,0,0,0,0,0
"2026/01/14","2026/01/16","7259","アイシン","名証",,"確報",0,0,0,0,0,0,0,0,0,0,0,0,0,0,,,0,0,0,0,0,0,0,0,0,0,0,0,0
"2026/01/14","2026/01/16","7266","今仙電機製作所","名証",,"確報",0,0,0,0,0,0,0,0,0,0,0,0,0,0,,,0,0,0,0,0,0,0,0,0,0,0,0,0
"2026/01/14","2026/01/16","7282","豊田合成","名証",,"確報",0,0,0,0,0,0,0,0,0,0,0,0,0,0,,,0,0,0,0,0,0,0,0,0,0,0,0,0
"2026/01/14","2026/01/16","7283","愛三工業","名証",,"確報",0,0,0,0,0,0,0,0,0,0,0,0,0,0,,,0,0,0,0,0,0,0,0,0,0,0,0,0
"2026/01/14","2026/01/16","7322","３３ＦＧ","名証",,"確報",0,0,0,0,0,0,0,0,0,0,0,0,0,0,,,0,0,0,0,0,0,0,0,0,0,0,0,0
"2026/01/14","2026/01/16","7362","Ｔ．Ｓ．Ｉ","名証",,"確報",0,0,0,0,0,0,0,0,0,0,0,0,0,0,,,0,0,0,0,0,0,0,0,0,0,0,0,0
"2026/01/14","2026/01/16","7369","メイホーＨＤ","名証",,"確報",0,0,0,0,0,0,0,0,0,0,0,0,0,0,,,0,0,0,0,0,0,0,0,0,0,0,0,0
"2026/01/14","2026/01/16","7380","十六ＦＧ","名証",,"確報",0,0,0,0,0,0,0,0,0,0,0,0,0,0,,,0,0,0,0,0,0,0,0,0,0,0,0,0
"2026/01/14","2026/01/16","7389","あいちＦＧ","名証",,"確報",0,0,0,0,0,0,0,0,0,0,0,0,0,0,,,0,0,0,0,0,0,0,0,0,0,0,0,0
"2026/01/14","2026/01/16","7412","アトム","名証",,"確報",0,0,0,0,0,0,0,0,0,0,0,0,0,0,,,0,0,0,0,0,0,0,0,0,0,0,0,0
"2026/01/14","2026/01/16","7467","萩原電気ＨＤ","名証",,"確報",0,0,0,0,0,0,0,0,0,0,0,0,0,0,,,0,0,0,0,0,0,0,0,0,0,0,0,0
"2026/01/14","2026/01/16","7485","岡谷鋼機","名証",,"確報",400,200,13400,0,0,0,13400,3848000,1924000,128908000,0,0,0,128908000,,,0,0,1452000,0,0,0,100.3,65.2,217.3,100.3,0,0,0
"2026/01/14","2026/01/16","7488","ヤガミ","名証",,"確報",100,0,1200,0,0,0,1200,509000,0,6108000,0,0,0,6108000,,,0,0,11000,0,0,0,18.7,11.2,56,18.7,0,0,0
"2026/01/14","2026/01/16","7514","ヒマラヤ","名証",,"確報",0,0,0,0,0,0,0,0,0,0,0,0,0,0,,,0,0,0,0,0,0,0,0,0,0,0,0,0
"2026/01/14","2026/01/16","7593","ＶＴホールディングス","名証",,"確報",0,0,0,0,0,0,0,0,0,0,0,0,0,0,,,0,0,0,0,0,0,0,0,0,0,0,0,0
"2026/01/14","2026/01/16","7607","進和","名証",,"確報",0,0,0,0,0,0,0,0,0,0,0,0,0,0,,,0,0,0,0,0,0,0,0,0,0,0,0,0
"2026/01/14","2026/01/16","7630","壱番屋","名証",,"確報",0,0,0,0,0,0,0,0,0,0,0,0,0,0,,,0,0,0,0,0,0,0,0,0,0,0,0,0
"2026/01/14","2026/01/16","7649","スギホールディングス","名証",,"確報",0,0,0,0,0,0,0,0,0,0,0,0,0,0,,,0,0,0,0,0,0,0,0,0,0,0,0,0
"2026/01/14","2026/01/16","7675","セントラルフォレスト","名証",,"確報",0,0,0,0,0,0,0,0,0,0,0,0,0,0,,,0,0,0,0,0,0,0,0,0,0,0,0,0
"2026/01/14","2026/01/16","7682","浜木綿","名証",,"確報",0,0,0,0,0,0,0,0,0,0,0,0,0,0,,,0,0,0,0,0,0,0,0,0,0,0,0,0
"2026/01/14","2026/01/16","7723","愛知時計電機","名証",,"確報",0,0,0,0,0,0,0,0,0,0,0,0,0,0,,,0,0,0,0,0,0,0,0,0,0,0,0,0
"2026/01/14","2026/01/16","7747","朝日インテック","名証",,"確報",0,0,0,0,0,0,0,0,0,0,0,0,0,0,,,0,0,0,0,0,0,0,0,0,0,0,0,0
"2026/01/14","2026/01/16","7751","キヤノン","名証",,"確報",0,0,0,0,0,0,0,0,0,0,0,0,0,0,,,0,0,0,0,0,0,0,0,0,0,0,0,0
"2026/01/14","2026/01/16","7780","メニコン","名証",,"確報",0,0,0,0,0,0,0,0,0,0,0,0,0,0,,,0,0,0,0,0,0,0,0,0,0,0,0,0
"2026/01/14","2026/01/16","7790","バルコス","名証",,"確報",0,0,1700,0,0,0,1700,0,0,1732300,0,0,0,1732300,,,0,0,11900,0,0,0,0,0,0,0,0,0,0
"2026/01/14","2026/01/16","7805","プリントネット","名証",,"確報",0,0,0,0,0,0,0,0,0,0,0,0,0,0,,,0,0,0,0,0,0,0,0,0,0,0,0,0
"2026/01/14","2026/01/16","7870","福島印刷","名証",,"確報",0,0,5100,0,0,0,5100,0,0,1932900,0,0,0,1932900,,,0,0,5100,0,0,0,31.9,15.9,0,31.9,0,0,0
"2026/01/14","2026/01/16","7871","フクビ化学工業","名証",,"確報",0,0,0,0,0,0,0,0,0,0,0,0,0,0,,,0,0,0,0,0,0,0,0,0,0,0,0,0
"2026/01/14","2026/01/16","7875","竹田ｉＰ","名証",,"確報",0,0,0,0,0,0,0,0,0,0,0,0,0,0,,,0,0,0,0,0,0,0,0,0,0,0,0,0
"2026/01/14","2026/01/16","7878","光・彩","名証",,"確報",0,0,0,0,0,0,0,0,0,0,0,0,0,0,,,0,0,0,0,0,0,0,0,0,0,0,0,0
"2026/01/14","2026/01/16","7896","セブン工業","名証",,"確報",0,0,0,0,0,0,0,0,0,0,0,0,0,0,,,0,0,0,0,0,0,0,0,0,0,0,0,0
"2026/01/14","2026/01/16","7928","旭化学工業","名証",,"確報",0,0,0,0,0,0,0,0,0,0,0,0,0,0,,,0,0,0,0,0,0,0,0,0,0,0,0,0
"2026/01/14","2026/01/16","7931","未来工業","名証",,"確報",0,0,0,0,0,0,0,0,0,0,0,0,0,0,,,0,0,0,0,0,0,0,0,0,0,0,0,0
"2026/01/14","2026/01/16","7943","ニチハ","名証",,"確報",0,0,0,0,0,0,0,0,0,0,0,0,0,0,,,0,0,0,0,0,0,0,0,0,0,0,0,0
"2026/01/14","2026/01/16","7946","光陽社","名証",,"確報",0,0,0,0,0,0,0,0,0,0,0,0,0,0,,,0,0,0,0,0,0,0,0,0,0,0,0,0
"2026/01/14","2026/01/16","7950","日本デコラックス","名証",,"確報",0,0,0,0,0,0,0,0,0,0,0,0,0,0,,,0,0,0,0,0,0,0,0,0,0,0,0,0
"2026/01/14","2026/01/16","7953","菊水化学工業","名証",,"確報",0,0,0,0,0,0,0,0,0,0,0,0,0,0,,,0,0,0,0,0,0,0,0,0,0,0,0,0
"2026/01/14","2026/01/16","7975","リヒトラブ","名証",,"確報",0,0,0,0,0,0,0,0,0,0,0,0,0,0,,,0,0,0,0,0,0,0,0,0,0,0,0,0
"2026/01/14","2026/01/16","8015","豊田通商","名証",,"確報",0,0,0,0,0,0,0,0,0,0,0,0,0,0,,,0,0,0,0,0,0,0,0,0,0,0,0,0
"2026/01/14","2026/01/16","8031","三井物産","名証",,"確報",0,0,0,0,0,0,0,0,0,0,0,0,0,0,,,0,0,0,0,0,0,0,0,0,0,0,0,0
"2026/01/14","2026/01/16","8071","東海エレクトロニクス","名証",,"確報",0,0,0,0,0,0,0,0,0,0,0,0,0,0,,,0,0,0,0,0,0,1,2,0.7,1,0,0,0
"2026/01/14","2026/01/16","8076","カノークス","名証",,"確報",0,0,0,0,0,0,0,0,0,0,0,0,0,0,,,0,0,0,0,0,0,0,0,0,0,0,0,0
"2026/01/14","2026/01/16","8130","サンゲツ","名証",,"確報",0,0,0,0,0,0,0,0,0,0,0,0,0,0,,,0,0,0,0,0,0,0,0,0,0,0,0,0
"2026/01/14","2026/01/16","8145","中部水産","名証",,"確報",0,0,900,0,0,0,900,0,0,2690100,0,0,0,2690100,,,0,0,3600,0,0,0,0,0,0,0,0,0,0
"2026/01/14","2026/01/16","8160","木曽路","名証",,"確報",0,0,0,0,0,0,0,0,0,0,0,0,0,0,,,0,0,0,0,0,0,0,0,0,0,0,0,0
"2026/01/14","2026/01/16","8190","ヤマナカ","名証",,"確報",0,0,3200,0,0,0,3200,0,0,1692800,0,0,0,1692800,,,0,0,3200,0,0,0,107.3,80.5,161,107.3,0,0,0
"2026/01/14","2026/01/16","8225","タカチホ","名証",,"確報",0,0,0,0,0,0,0,0,0,0,0,0,0,0,,,0,0,0,0,0,0,0,0,0,0,0,0,0
"2026/01/14","2026/01/16","8228","マルイチ産商","名証",,"確報",0,0,100,0,0,0,100,0,0,120200,0,0,0,120200,,,0,0,300,0,0,0,7,0,3.5,7,0,0,0
"2026/01/14","2026/01/16","8285","三谷産業","名証",,"確報",0,0,0,0,0,0,0,0,0,0,0,0,0,0,,,0,0,0,0,0,0,0,0,0,0,0,0,0
"2026/01/14","2026/01/16","8306","三菱ＵＦＪＦＧ","名証",,"確報",0,0,0,0,100,0,0,0,0,0,0,287950,0,0,,,0,0,0,0,0,9750,1,0,0,0,1,1,1
"2026/01/14","2026/01/16","8309","三井住友トラストＧ","名証",,"確報",0,0,0,0,0,0,0,0,0,0,0,0,0,0,,,0,0,0,0,0,0,0,0,0,0,0,0,0
"2026/01/14","2026/01/16","8316","三井住友ＦＧ","名証",,"確報",0,0,0,0,0,0,0,0,0,0,0,0,0,0,,,0,0,0,0,0,0,0,0,0,0,0,0,0
"2026/01/14","2026/01/16","8361","大垣共立銀行","名証",,"確報",0,0,0,0,0,0,0,0,0,0,0,0,0,0,,,0,0,0,0,0,0,0,0,0,0,0,0,0
"2026/01/14","2026/01/16","8368","百五銀行","名証",,"確報",0,0,0,0,0,0,0,0,0,0,0,0,0,0,,,0,0,0,0,0,0,0,0,0,0,0,0,0
"2026/01/14","2026/01/16","8522","名古屋銀行","名証",,"確報",0,0,0,0,0,0,0,0,0,0,0,0,0,0,,,0,0,0,0,0,0,0,0,0,0,0,0,0
"2026/01/14","2026/01/16","8601","大和証券グループ本社","名証",,"確報",0,0,0,0,0,0,0,0,0,0,0,0,0,0,,,0,0,0,0,0,0,0,0,0,0,0,0,0
"2026/01/14","2026/01/16","8604","野村ホールディングス","名証",,"確報",0,0,100,0,0,0,100,0,0,148500,0,0,0,148500,,,0,0,900,0,0,0,0,0,0,0,0,0,0
"2026/01/14","2026/01/16","8609","岡三証券グループ","名証",,"確報",0,0,0,0,0,0,0,0,0,0,0,0,0,0,,,0,0,0,0,0,0,0,0,0,0,0,0,0
"2026/01/14","2026/01/16","8616","東海東京ＦＨＤ","名証",,"確報",0,0,0,0,0,0,0,0,0,0,0,0,0,0,,,0,0,0,0,0,0,0,0,0,0,0,0,0
"2026/01/14","2026/01/16","8725","ＭＳ＆ＡＤ","名証",,"確報",0,0,0,0,0,0,0,0,0,0,0,0,0,0,,,0,0,0,0,0,0,0,0,0,0,0,0,0
"2026/01/14","2026/01/16","8803","平和不動産","名証",,"確報",0,0,0,0,0,0,0,0,0,0,0,0,0,0,,,0,0,0,0,0,0,0,0,0,0,0,0,0
"2026/01/14","2026/01/16","8891","ＡＭＧＨＤ","名証",,"確報",0,0,0,0,0,0,0,0,0,0,0,0,0,0,,,0,0,0,0,0,0,0,0,0,0,0,0,0
"2026/01/14","2026/01/16","8904","ＡＶＡＮＴＩＡ","名証",,"確報",0,0,0,0,0,0,0,0,0,0,0,0,0,0,,,0,0,0,0,0,0,0,0,0,0,0,0,0
"2026/01/14","2026/01/16","8920","東祥","名証",,"確報",0,0,0,0,0,0,0,0,0,0,0,0,0,0,,,0,0,0,0,0,0,0,0,0,0,0,0,0
"2026/01/14","2026/01/16","8995","誠建設工業","名証",,"確報",0,0,0,0,0,0,0,0,0,0,0,0,0,0,,,0,0,0,0,0,0,0,0,0,0,0,0,0
"2026/01/14","2026/01/16","9022","東海旅客鉄道","名証",,"確報",0,0,0,0,0,0,0,0,0,0,0,0,0,0,,,0,0,0,0,0,0,0,0,0,0,0,0,0
"2026/01/14","2026/01/16","9040","大宝運輸","名証",,"確報",0,0,900,0,0,0,900,0,0,3627000,0,0,0,3627000,,,0,0,0,0,0,0,0,0,0,0,0,0,0
"2026/01/14","2026/01/16","9048","名古屋鉄道","名証",,"確報",0,0,0,0,0,0,0,0,0,0,0,0,0,0,,,0,0,0,0,0,0,0,0,0,0,0,0,0
"2026/01/14","2026/01/16","9073","京極運輸商事","名証",,"確報",0,0,0,0,0,0,0,0,0,0,0,0,0,0,,,0,0,0,0,0,0,0,0,0,0,0,0,0
"2026/01/14","2026/01/16","9076","セイノーＨＤ","名証",,"確報",0,0,0,0,0,0,0,0,0,0,0,0,0,0,,,0,0,0,0,0,0,0,0,0,0,0,0,0
"2026/01/14","2026/01/16","9170","成友興業","名証",,"確報",0,0,0,0,0,0,0,0,0,0,0,0,0,0,,,0,0,0,0,0,0,0,0,0,0,0,0,0
"2026/01/14","2026/01/16","9221","フルハシＥＰＯ","名証",,"確報",0,0,0,0,0,0,0,0,0,0,0,0,0,0,,,0,0,0,0,0,0,0,0,0,0,0,0,0
"2026/01/14","2026/01/16","9223","ＡＳＮＯＶＡ","名証",,"確報",0,0,0,0,0,0,0,0,0,0,0,0,0,0,,,0,0,0,0,0,0,0,0,0,0,0,0,0
"2026/01/14","2026/01/16","9249","日本エコシステム","名証",,"確報",0,0,0,0,0,0,0,0,0,0,0,0,0,0,,,0,0,0,0,0,0,0,0,0,0,0,0,0
"2026/01/14","2026/01/16","9306","東陽倉庫","名証",,"確報",0,0,0,0,0,0,0,0,0,0,0,0,0,0,,,0,0,0,0,0,0,0,0,0,0,0,0,0
"2026/01/14","2026/01/16","9310","日本トランスシティ","名証",,"確報",0,0,0,0,0,0,0,0,0,0,0,0,0,0,,,0,0,0,0,0,0,0,0,0,0,0,0,0
"2026/01/14","2026/01/16","9330","揚羽","名証",,"確報",0,0,0,0,0,0,0,0,0,0,0,0,0,0,,,0,0,0,0,0,0,0,0,0,0,0,0,0
"2026/01/14","2026/01/16","9357","名港海運","名証",,"確報",0,100,1400,0,0,0,1400,0,212000,2968000,0,0,0,2968000,,,0,0,43500,0,0,0,148,0,74,148,0,0,0
"2026/01/14","2026/01/16","9359","伊勢湾海運","名証",,"確報",0,300,2000,0,0,0,2000,0,285900,1906000,0,0,0,1906000,,,0,0,13800,0,0,0,21.2,17.7,26.5,21.2,0,0,0
"2026/01/14","2026/01/16","9368","キムラユニティー","名証",,"確報",0,0,0,0,0,0,0,0,0,0,0,0,0,0,,,0,0,0,0,0,0,0,0,0,0,0,0,0
"2026/01/14","2026/01/16","9402","中部日本放送","名証",,"確報",700,400,19400,0,0,0,19400,702800,401600,19477600,0,0,0,19477600,,,0,0,57300,0,0,0,14.8,7.7,174.2,14.8,0,0,0
"2026/01/14","2026/01/16","9428","クロップス","名証",,"確報",0,0,0,0,0,0,0,0,0,0,0,0,0,0,,,0,0,0,0,0,0,0,0,0,0,0,0,0
"2026/01/14","2026/01/16","9471","文溪堂","名証",,"確報",0,0,200,0,0,0,200,0,0,233000,0,0,0,233000,,,0,0,0,0,0,0,4.8,0,2.4,4.8,0,0,0
"2026/01/14","2026/01/16","9502","中部電力","名証",,"確報",0,0,0,0,0,0,0,0,0,0,0,0,0,0,,,0,0,0,0,0,0,0,0,0,0,0,0,0
"2026/01/14","2026/01/16","9531","東京瓦斯","名証",,"確報",0,0,0,0,0,0,0,0,0,0,0,0,0,0,,,0,0,0,0,0,0,0,0,0,0,0,0,0
"2026/01/14","2026/01/16","9533","東邦瓦斯","名証",,"確報",0,0,0,0,0,0,0,0,0,0,0,0,0,0,,,0,0,0,0,0,0,0,0,0,0,0,0,0
"2026/01/14","2026/01/16","9643","中日本興業","名証",,"確報",0,0,100,0,0,0,100,0,0,1123000,0,0,0,1123000,,,0,0,1000,0,0,0,0,0,0,0,0,0,0
"2026/01/14","2026/01/16","9664","御園座","名証",,"確報",0,0,300,0,0,0,300,0,0,487800,0,0,0,487800,,,0,0,7800,0,0,0,0,0,0,0,0,0,0
"2026/01/14","2026/01/16","9793","ダイセキ","名証",,"確報",0,0,0,0,0,0,0,0,0,0,0,0,0,0,,,0,0,0,0,0,0,0,0,0,0,0,0,0
"2026/01/14","2026/01/16","9900","サガミＨＤ","名証",,"確報",0,0,0,0,0,0,0,0,0,0,0,0,0,0,,,0,0,0,0,0,0,0,0,0,0,0,0,0
"2026/01/14","2026/01/16","9913","日邦産業","名証",,"確報",0,0,0,0,0,0,0,0,0,0,0,0,0,0,,,0,0,0,0,0,0,0,0,0,0,0,0,0
"2026/01/14","2026/01/16","9914","植松商会","名証",,"確報",0,0,0,0,0,0,0,0,0,0,0,0,0,0,,,0,0,0,0,0,0,0,0,0,0,0,0,0
"2026/01/14","2026/01/16","9956","バローＨＤ","名証",,"確報",0,0,0,0,0,0,0,0,0,0,0,0,0,0,,,0,0,0,0,0,0,0,0,0,0,0,0,0
"2026/01/14","2026/01/16","9969","ショクブン","名証",,"確報",0,0,0,0,0,0,0,0,0,0,0,0,0,0,,,0,0,0,0,0,0,0,0,0,0,0,0,0
"2026/01/14","2026/01/16","9982","タキヒヨー","名証",,"確報",0,0,0,0,0,0,0,0,0,0,0,0,0,0,,,0,0,0,0,0,0,0,0,0,0,0,0,0
"2026/01/14","2026/01/16","9987","スズケン","名証",,"確報",0,0,0,0,0,0,0,0,0,0,0,0,0,0,,,0,0,0,0,0,0,0,0,0,0,0,0,0
"2026/01/14","2026/01/16","1319","ＮＦ日経３００","福証",,"確報",0,0,0,0,0,0,0,0,0,0,0,0,0,0,,,0,0,0,0,0,0,0,0,0,0,0,0,0
"2026/01/14","2026/01/16","1401","エムビーエス","福証",,"確報",0,0,0,0,0,0,0,0,0,0,0,0,0,0,,,0,0,0,0,0,0,0,0,0,0,0,0,0
"2026/01/14","2026/01/16","1419","タマホーム","福証",,"確報",0,0,0,0,0,0,0,0,0,0,0,0,0,0,,,0,0,0,0,0,0,0,0,0,0,0,0,0
"2026/01/14","2026/01/16","1431","Ｌｉｂ　Ｗｏｒｋ","福証",,"確報",0,0,0,0,0,0,0,0,0,0,0,0,0,0,,,0,0,0,0,0,0,0,0,0,0,0,0,0
"2026/01/14","2026/01/16","1518","三井松島ＨＤ","福証",,"確報",0,0,0,0,0,0,0,0,0,0,0,0,0,0,,,0,0,0,0,0,0,0,0,0,0,0,0,0
"2026/01/14","2026/01/16","1771","日本乾溜工業","福証",,"確報",0,0,600,0,0,0,600,0,0,565200,0,0,0,565200,,,0,0,2400,0,0,0,0,0,0,0,0,0,0
"2026/01/14","2026/01/16","1848","富士ピー・エス","福証",,"確報",0,0,0,0,0,0,0,0,0,0,0,0,0,0,,,0,0,0,0,0,0,0,0,0,0,0,0,0
"2026/01/14","2026/01/16","1959","クラフティア","福証",,"確報",0,0,0,0,0,0,0,0,0,0,0,0,0,0,,,0,0,0,0,0,0,0,0,0,0,0,0,0
"2026/01/14","2026/01/16","1966","高田工業所","福証",,"確報",0,0,0,0,0,0,0,0,0,0,0,0,0,0,,,0,0,0,0,0,0,0,0,0,0,0,0,0
"2026/01/14","2026/01/16","1999","サイタＨＤ","福証",,"確報",0,0,100,0,0,0,100,0,0,419500,0,0,0,419500,,,0,0,2500,0,0,0,16,0,8,16,0,0,0
"2026/01/14","2026/01/16","2009","鳥越製粉","福証",,"確報",0,0,0,0,0,0,0,0,0,0,0,0,0,0,,,0,0,0,0,0,0,0,0,0,0,0,0,0
"2026/01/14","2026/01/16","2058","ヒガシマル","福証",,"確報",0,0,0,0,0,0,0,0,0,0,0,0,0,0,,,0,0,0,0,0,0,0,0,0,0,0,0,0
"2026/01/14","2026/01/16","231A","Ｃｒｏｓｓ　Ｅ","福証",,"確報",0,0,4300,0,0,0,4300,0,0,5065400,0,0,0,5065400,,,0,0,0,0,0,0,428,214,0,428,0,0,0
"2026/01/14","2026/01/16","2327","日鉄ソリューションズ","福証",,"確報",0,0,0,0,0,0,0,0,0,0,0,0,0,0,,,0,0,0,0,0,0,0,0,0,0,0,0,0
"2026/01/14","2026/01/16","242A","リプライオリティ","福証",,"確報",0,0,4500,0,0,0,4500,0,0,5013000,0,0,0,5013000,,,0,0,85500,0,0,0,32.1,0,16.1,32.1,0,0,0
"2026/01/14","2026/01/16","272A","グリーンクロスＨＤ","福証",,"確報",0,0,0,0,0,0,0,0,0,0,0,0,0,0,,,0,0,0,0,0,0,0,0,0,0,0,0,0
"2026/01/14","2026/01/16","280A","ＴＭＨ","福証",,"確報",0,0,0,0,0,0,0,0,0,0,0,0,0,0,,,0,0,0,0,0,0,0,0,0,0,0,0,0
"2026/01/14","2026/01/16","2919","マルタイ","福証",,"確報",0,0,0,0,0,0,0,0,0,0,0,0,0,0,,,0,0,0,0,0,0,0,0,0,0,0,0,0
"2026/01/14","2026/01/16","2924","イフジ産業","福証",,"確報",0,0,0,0,0,0,0,0,0,0,0,0,0,0,,,0,0,0,0,0,0,0,0,0,0,0,0,0
"2026/01/14","2026/01/16","2974","大英産業","福証",,"確報",0,0,900,0,0,0,900,0,0,838800,0,0,0,838800,,,0,0,2700,0,0,0,0,0,0,0,0,0,0
"2026/01/14","2026/01/16","2986","ＬＡホールディングス","福証",,"確報",0,0,0,0,0,0,0,0,0,0,0,0,0,0,,,0,0,0,0,0,0,0,0,0,0,0,0,0
"2026/01/14","2026/01/16","3047","ＴＲＵＣＫ－ＯＮＥ","福証",,"確報",0,100,1500,0,0,0,1500,0,51200,768000,0,0,0,768000,,,0,0,3200,0,0,0,158,0,79,158,0,0,0
"2026/01/14","2026/01/16","3166","ＯＣＨＩＨＤ","福証",,"確報",0,0,0,0,0,0,0,0,0,0,0,0,0,0,,,0,0,0,0,0,0,0,0,0,0,0,0,0
"2026/01/14","2026/01/16","3246","コーセーアールイー","福証",,"確報",0,0,0,0,0,0,0,0,0,0,0,0,0,0,,,0,0,0,0,0,0,0,0,0,0,0,0,0
"2026/01/14","2026/01/16","3261","グランディーズ","福証",,"確報",0,0,0,0,0,0,0,0,0,0,0,0,0,0,,,0,0,0,0,0,0,0,0,0,0,0,0,0
"2026/01/14","2026/01/16","3280","エストラスト","福証",,"確報",0,0,0,0,0,0,0,0,0,0,0,0,0,0,,,0,0,0,0,0,0,0,0,0,0,0,0,0
"2026/01/14","2026/01/16","3286","トラストホールディン","福証",,"確報",0,0,0,0,0,0,0,0,0,0,0,0,0,0,,,0,0,0,0,0,0,0,0,0,0,0,0,0
"2026/01/14","2026/01/16","3297","東武住販","福証",,"確報",0,0,0,0,0,0,0,0,0,0,0,0,0,0,,,0,0,0,0,0,0,0,0,0,0,0,0,0
"2026/01/14","2026/01/16","3359","ｃｏｔｔａ","福証",,"確報",0,0,0,0,0,0,0,0,0,0,0,0,0,0,,,0,0,0,0,0,0,0,0,0,0,0,0,0
"2026/01/14","2026/01/16","3440","日創グループ","福証",,"確報",0,0,0,0,0,0,0,0,0,0,0,0,0,0,,,0,0,0,0,0,0,0,0,0,0,0,0,0
"2026/01/14","2026/01/16","3475","グッドコムアセット","福証",,"確報",0,0,0,0,0,0,0,0,0,0,0,0,0,0,,,0,0,0,0,0,0,0,0,0,0,0,0,0
"2026/01/14","2026/01/16","3494","マリオン","福証",,"確報",0,0,0,0,0,0,0,0,0,0,0,0,0,0,,,0,0,0,0,0,0,0,0,0,0,0,0,0
"2026/01/14","2026/01/16","3824","メディアファイブ","福証",,"確報",0,0,500,0,0,0,500,0,0,312000,0,0,0,312000,,,0,0,0,9000,0,0,0,0,0,0,0,0,0
"2026/01/14","2026/01/16","3943","大石産業","福証",,"確報",0,0,0,0,0,0,0,0,0,0,0,0,0,0,,,0,0,0,0,0,0,0,0,0,0,0,0,0
"2026/01/14","2026/01/16","4018","ジオロケ","福証",,"確報",0,0,200,0,0,0,200,0,0,205800,0,0,0,205800,,,0,0,0,1800,0,0,0,0,0,0,0,0,0
"2026/01/14","2026/01/16","4250","フロンティア","福証",,"確報",0,0,0,0,0,0,0,0,0,0,0,0,0,0,,,0,0,0,0,0,0,0,0,0,0,0,0,0
"2026/01/14","2026/01/16","4392","ＦＩＧ","福証",,"確報",0,0,0,0,0,0,0,0,0,0,0,0,0,0,,,0,0,0,0,0,0,0,0,0,0,0,0,0
"2026/01/14","2026/01/16","4447","ピー・ビーシステムズ","福証",,"確報",0,0,0,0,0,0,0,0,0,0,0,0,0,0,,,0,0,0,0,0,0,0,0,0,0,0,0,0
"2026/01/14","2026/01/16","4502","武田薬品工業","福証",,"確報",0,0,0,0,0,0,0,0,0,0,0,0,0,0,,,0,0,0,0,0,0,0,0,0,0,0,0,0
"2026/01/14","2026/01/16","4530","久光製薬","福証",,"確報",0,0,0,0,0,0,0,0,0,0,0,0,0,0,,,0,0,0,0,0,0,0,0,0,0,0,0,0
"2026/01/14","2026/01/16","4651","サニックスＨＤ","福証",,"確報",0,0,0,0,0,0,0,0,0,0,0,0,0,0,,,0,0,0,0,0,0,0,0,0,0,0,0,0
"2026/01/14","2026/01/16","4827","ビジネス・ワンＨＤ","福証",,"確報",0,0,0,0,0,0,0,0,0,0,0,0,0,0,,,0,0,0,0,0,0,0,0,0,0,0,0,0
"2026/01/14","2026/01/16","4892","サイフューズ","福証",,"確報",0,0,0,0,0,0,0,0,0,0,0,0,0,0,,,0,0,0,0,0,0,0,0,0,0,0,0,0
"2026/01/14","2026/01/16","4995","サンケイ化学","福証",,"確報",0,200,5600,0,0,0,5600,0,340000,9520000,0,0,0,9520000,,,0,0,116000,0,0,0,50.2,39.4,69,50.2,0,0,0
"2026/01/14","2026/01/16","5108","ブリヂストン","福証",,"確報",0,0,0,0,0,0,0,0,0,0,0,0,0,0,,,0,0,0,0,0,0,0,0,0,0,0,0,0
"2026/01/14","2026/01/16","5233","太平洋セメント","福証",,"確報",0,0,0,0,0,0,0,0,0,0,0,0,0,0,,,0,0,0,0,0,0,0,0,0,0,0,0,0
"2026/01/14","2026/01/16","5256","Ｆｕｓｉｃ","福証",,"確報",0,0,0,0,0,0,0,0,0,0,0,0,0,0,,,0,0,0,0,0,0,0,0,0,0,0,0,0
"2026/01/14","2026/01/16","5332","ＴＯＴＯ","福証",,"確報",0,0,0,0,0,0,0,0,0,0,0,0,0,0,,,0,0,0,0,0,0,0,0,0,0,0,0,0
"2026/01/14","2026/01/16","5352","黒崎播磨","福証",,"確報",0,0,0,0,0,0,0,0,0,0,0,0,0,0,,,0,0,0,0,0,0,0,0,0,0,0,0,0
"2026/01/14","2026/01/16","5401","日本製鉄","福証",,"確報",0,0,0,0,0,0,0,0,0,0,0,0,0,0,,,0,0,0,0,0,0,0,0,0,0,0,0,0
"2026/01/14","2026/01/16","5449","大阪製鐵","福証",,"確報",0,0,0,0,0,0,0,0,0,0,0,0,0,0,,,0,0,0,0,0,0,0,0,0,0,0,0,0
"2026/01/14","2026/01/16","5802","住友電気工業","福証",,"確報",0,0,0,0,0,0,0,0,0,0,0,0,0,0,,,0,0,0,0,0,0,0,0,0,0,0,0,0
"2026/01/14","2026/01/16","5953","昭和鉄工","福証",,"確報",0,100,3900,0,0,0,3900,0,543000,21177000,0,0,0,21177000,,,0,0,0,0,0,0,101,0,50.5,101,0,0,0
"2026/01/14","2026/01/16","6076","アメイズ","福証",,"確報",0,0,16600,0,0,0,16600,0,0,22011600,0,0,0,22011600,,,0,0,83000,0,0,0,418,0,209,418,0,0,0
"2026/01/14","2026/01/16","6144","西部電機","福証",,"確報",0,0,0,0,0,0,0,0,0,0,0,0,0,0,,,0,0,0,0,0,0,0,0,0,0,0,0,0
"2026/01/14","2026/01/16","6147","ヤマザキ","福証",,"確報",0,0,0,0,0,0,0,0,0,0,0,0,0,0,,,0,0,0,0,0,0,0,0,0,0,0,0,0
"2026/01/14","2026/01/16","6195","ホープ","福証",,"確報",0,0,0,0,0,0,0,0,0,0,0,0,0,0,,,0,0,0,0,0,0,0,0,0,0,0,0,0
"2026/01/14","2026/01/16","6504","富士電機","福証",,"確報",0,0,0,0,0,0,0,0,0,0,0,0,0,0,,,0,0,0,0,0,0,0,0,0,0,0,0,0
"2026/01/14","2026/01/16","6506","安川電機","福証",,"確報",0,0,0,0,0,0,0,0,0,0,0,0,0,0,,,0,0,0,0,0,0,0,0,0,0,0,0,0
"2026/01/14","2026/01/16","6537","ＷＡＳＨハウス","福証",,"確報",0,0,0,0,0,0,0,0,0,0,0,0,0,0,,,0,0,0,0,0,0,0,0,0,0,0,0,0
"2026/01/14","2026/01/16","6622","ダイヘン","福証",,"確報",0,0,0,0,0,0,0,0,0,0,0,0,0,0,,,0,0,0,0,0,0,0,0,0,0,0,0,0
"2026/01/14","2026/01/16","6653","正興電機製作所","福証",,"確報",0,0,0,0,0,0,0,0,0,0,0,0,0,0,,,0,0,0,0,0,0,0,0,0,0,0,0,0
"2026/01/14","2026/01/16","6966","三井ハイテック","福証",,"確報",0,0,0,0,0,0,0,0,0,0,0,0,0,0,,,0,0,0,0,0,0,0,0,0,0,0,0,0
"2026/01/14","2026/01/16","6982","リード","福証",,"確報",0,0,0,0,0,0,0,0,0,0,0,0,0,0,,,0,0,0,0,0,0,0,0,0,0,0,0,0
"2026/01/14","2026/01/16","6998","日本タングステン","福証",,"確報",0,0,0,0,0,0,0,0,0,0,0,0,0,0,,,0,0,0,0,0,0,0,0,0,0,0,0,0
"2026/01/14","2026/01/16","7011","三菱重工業","福証",,"確報",0,0,0,0,0,0,0,0,0,0,0,0,0,0,,,0,0,0,0,0,0,0,0,0,0,0,0,0
"2026/01/14","2026/01/16","7037","テノ．","福証",,"確報",0,0,0,0,0,0,0,0,0,0,0,0,0,0,,,0,0,0,0,0,0,0,0,0,0,0,0,0
"2026/01/14","2026/01/16","7042","アクセスグループ","福証",,"確報",0,0,0,0,0,0,0,0,0,0,0,0,0,0,,,0,0,0,0,0,0,0,0,0,0,0,0,0
"2026/01/14","2026/01/16","7047","ポート","福証",,"確報",0,0,0,0,0,0,0,0,0,0,0,0,0,0,,,0,0,0,0,0,0,0,0,0,0,0,0,0
"2026/01/14","2026/01/16","7130","ヤマエグループＨＤ","福証",,"確報",0,0,0,0,0,0,0,0,0,0,0,0,0,0,,,0,0,0,0,0,0,0,0,0,0,0,0,0
"2026/01/14","2026/01/16","7180","九州ＦＧ","福証",,"確報",0,0,0,0,0,0,0,0,0,0,0,0,0,0,,,0,0,0,0,0,0,0,0,0,0,0,0,0
"2026/01/14","2026/01/16","7189","西日本ＦＨＤ","福証",,"確報",0,0,0,0,0,0,0,0,0,0,0,0,0,0,,,0,0,0,0,0,0,0,0,0,0,0,0,0
"2026/01/14","2026/01/16","7350","おきなわＦＧ","福証",,"確報",0,0,0,0,0,0,0,0,0,0,0,0,0,0,,,0,0,0,0,0,0,0,0,0,0,0,0,0
"2026/01/14","2026/01/16","7414","小野建","福証",,"確報",0,0,0,0,0,0,0,0,0,0,0,0,0,0,,,0,0,0,0,0,0,0,0,0,0,0,0,0
"2026/01/14","2026/01/16","7417","南陽","福証",,"確報",0,0,0,0,0,0,0,0,0,0,0,0,0,0,,,0,0,0,0,0,0,0,0,0,0,0,0,0
"2026/01/14","2026/01/16","7441","Ｍｉｓｕｍｉ","福証",,"確報",0,0,0,0,0,0,0,0,0,0,0,0,0,0,,,0,0,0,0,0,0,0,0,0,0,0,0,0
"2026/01/14","2026/01/16","7525","リックス","福証",,"確報",0,0,0,0,0,0,0,0,0,0,0,0,0,0,,,0,0,0,0,0,0,0,0,0,0,0,0,0
"2026/01/14","2026/01/16","7751","キヤノン","福証",,"確報",0,0,0,0,0,0,0,0,0,0,0,0,0,0,,,0,0,0,0,0,0,0,0,0,0,0,0,0
"2026/01/14","2026/01/16","7813","プラッツ","福証",,"確報",0,0,0,0,0,0,0,0,0,0,0,0,0,0,,,0,0,0,0,0,0,0,0,0,0,0,0,0
"2026/01/14","2026/01/16","7851","カワセコンピュ","福証",,"確報",0,0,0,0,0,0,0,0,0,0,0,0,0,0,,,0,0,0,0,0,0,0,0,0,0,0,0,0
"2026/01/14","2026/01/16","7894","丸東産業","福証",,"確報",0,0,1400,0,0,0,1400,0,0,2980600,0,0,0,2980600,,,0,0,44800,0,0,0,16,0,8,16,0,0,0
"2026/01/14","2026/01/16","7957","フジコピアン","福証",,"確報",0,0,0,0,0,0,0,0,0,0,0,0,0,0,,,0,0,0,0,0,0,0,0,0,0,0,0,0
"2026/01/14","2026/01/16","7985","ネポン","福証",,"確報",0,0,0,0,0,0,0,0,0,0,0,0,0,0,,,0,0,0,0,0,0,0,0,0,0,0,0,0
"2026/01/14","2026/01/16","8031","三井物産","福証",,"確報",0,0,0,0,0,0,0,0,0,0,0,0,0,0,,,0,0,0,0,0,0,0,0,0,0,0,0,0
"2026/01/14","2026/01/16","8179","ロイヤルＨＤ","福証",,"確報",0,0,0,0,0,0,0,0,0,0,0,0,0,0,,,0,0,0,0,0,0,0,0,0,0,0,0,0
"2026/01/14","2026/01/16","8200","リンガーハット","福証",,"確報",0,0,0,0,0,0,0,0,0,0,0,0,0,0,,,0,0,0,0,0,0,0,0,0,0,0,0,0
"2026/01/14","2026/01/16","8203","ＭｒＭａｘＨＤ","福証",,"確報",0,0,0,0,0,0,0,0,0,0,0,0,0,0,,,0,0,0,0,0,0,0,0,0,0,0,0,0
"2026/01/14","2026/01/16","8230","はせがわ","福証",,"確報",0,0,0,0,0,0,0,0,0,0,0,0,0,0,,,0,0,0,0,0,0,0,0,0,0,0,0,0
"2026/01/14","2026/01/16","8260","井筒屋","福証",,"確報",0,0,0,0,0,0,0,0,0,0,0,0,0,0,,,0,0,0,0,0,0,0,0,0,0,0,0,0
"2026/01/14","2026/01/16","8354","ふくおかＦＧ","福証",,"確報",0,0,0,0,0,0,0,0,0,0,0,0,0,0,,,0,0,0,0,0,0,0,0,0,0,0,0,0
"2026/01/14","2026/01/16","8392","大分銀行","福証",,"確報",0,0,0,0,0,0,0,0,0,0,0,0,0,0,,,0,0,0,0,0,0,0,0,0,0,0,0,0
"2026/01/14","2026/01/16","8393","宮崎銀行","福証",,"確報",0,0,0,0,0,0,0,0,0,0,0,0,0,0,,,0,0,0,0,0,0,0,0,0,0,0,0,0
"2026/01/14","2026/01/16","8395","佐賀銀行","福証",,"確報",0,0,0,0,0,0,0,0,0,0,0,0,0,0,,,0,0,0,0,0,0,0,0,0,0,0,0,0
"2026/01/14","2026/01/16","8398","筑邦銀行","福証",,"確報",0,200,700,0,0,0,700,0,335600,1174600,0,0,0,1174600,,,0,0,0,19800,0,0,9.1,6.4,16,9.1,0,0,0
"2026/01/14","2026/01/16","8399","琉球銀行","福証",,"確報",0,0,0,0,0,0,0,0,0,0,0,0,0,0,,,0,0,0,0,0,0,0,0,0,0,0,0,0
"2026/01/14","2026/01/16","8554","南日本銀行","福証",,"確報",800,400,11500,0,0,0,11500,836000,418000,12017500,0,0,0,12017500,,,0,0,0,199800,0,0,39.9,66.4,28.5,39.9,0,0,0
"2026/01/14","2026/01/16","8559","豊和銀行","福証",,"確報",100,0,100,0,0,0,100,55300,0,55300,0,0,0,55300,,,0,0,0,0,0,0,2,1,0,2,0,0,0
"2026/01/14","2026/01/16","8560","宮崎太陽銀行","福証",,"確報",0,0,200,0,0,0,200,0,0,399800,0,0,0,399800,,,0,0,400,0,0,0,4,2,0,4,0,0,0
"2026/01/14","2026/01/16","8596","九州リースサービス","福証",,"確報",0,0,0,0,0,0,0,0,0,0,0,0,0,0,,,0,0,0,0,0,0,0,0,0,0,0,0,0
"2026/01/14","2026/01/16","8803","平和不動産","福証",,"確報",0,0,0,0,0,0,0,0,0,0,0,0,0,0,,,0,0,0,0,0,0,0,0,0,0,0,0,0
"2026/01/14","2026/01/16","8968","Ｒ－福岡","福証",,"確報",0,0,0,0,0,0,0,0,0,0,0,0,0,0,,,0,0,0,0,0,0,0,0,0,0,0,0,0
"2026/01/14","2026/01/16","8996","ハウスフリーダム","福証",,"確報",0,0,0,0,0,0,0,0,0,0,0,0,0,0,,,0,0,0,0,0,0,0,0,0,0,0,0,0
"2026/01/14","2026/01/16","9031","西日本鉄道","福証",,"確報",0,0,0,0,0,0,0,0,0,0,0,0,0,0,,,0,0,0,0,0,0,0,0,0,0,0,0,0
"2026/01/14","2026/01/16","9035","第一交通産業","福証",,"確報",0,0,2500,0,0,0,2500,0,0,1860000,0,0,0,1860000,,,0,0,0,2500,0,0,0,0,0,0,0,0,0
"2026/01/14","2026/01/16","9065","山九","福証",,"確報",0,0,0,0,0,0,0,0,0,0,0,0,0,0,,,0,0,0,0,0,0,0,0,0,0,0,0,0
"2026/01/14","2026/01/16","9142","九州旅客鉄道","福証",,"確報",0,0,0,0,0,0,0,0,0,0,0,0,0,0,,,0,0,0,0,0,0,0,0,0,0,0,0,0
"2026/01/14","2026/01/16","9242","メディア総研","福証",,"確報",0,0,0,0,0,0,0,0,0,0,0,0,0,0,,,0,0,0,0,0,0,0,0,0,0,0,0,0
"2026/01/14","2026/01/16","9407","ＲＫＢ毎日ＨＤ","福証",,"確報",0,0,400,0,0,0,400,0,0,2160000,0,0,0,2160000,,,0,0,0,40000,0,0,6.7,0,3.3,6.7,0,0,0
"2026/01/14","2026/01/16","9474","ゼンリン","福証",,"確報",0,0,0,0,0,0,0,0,0,0,0,0,0,0,,,0,0,0,0,0,0,0,0,0,0,0,0,0
"2026/01/14","2026/01/16","9508","九州電力","福証",,"確報",0,0,0,0,0,0,0,0,0,0,0,0,0,0,,,0,0,0,0,0,0,0,0,0,0,0,0,0
"2026/01/14","2026/01/16","9511","沖縄電力","福証",,"確報",0,0,0,0,0,0,0,0,0,0,0,0,0,0,,,0,0,0,0,0,0,0,0,0,0,0,0,0
"2026/01/14","2026/01/16","9536","西部ガスＨＤ","福証",,"確報",0,0,0,0,0,0,0,0,0,0,0,0,0,0,,,0,0,0,0,0,0,0,0,0,0,0,0,0
"2026/01/14","2026/01/16","9601","松竹","福証",,"確報",0,0,0,0,0,0,0,0,0,0,0,0,0,0,,,0,0,0,0,0,0,0,0,0,0,0,0,0
"2026/01/14","2026/01/16","9602","東宝","福証",,"確報",0,0,0,0,0,0,0,0,0,0,0,0,0,0,,,0,0,0,0,0,0,0,0,0,0,0,0,0
"2026/01/14","2026/01/16","9635","武蔵野興業","福証",,"確報",0,0,0,0,0,0,0,0,0,0,0,0,0,0,,,0,0,0,0,0,0,0,0,0,0,0,0,0
"2026/01/14","2026/01/16","9656","グリーンランドリゾー","福証",,"確報",0,0,0,0,0,0,0,0,0,0,0,0,0,0,,,0,0,0,0,0,0,0,0,0,0,0,0,0
"2026/01/14","2026/01/16","9942","ジョイフル","福証",,"確報",300,0,1700,0,0,0,1700,359700,0,2038300,0,0,0,2038300,,,0,0,0,5600,0,0,35.5,17.8,0,35.5,0,0,0
"2026/01/14","2026/01/16","1319","ＮＦ日経３００","札証",,"確報",0,0,0,0,0,0,0,0,0,0,0,0,0,0,,,0,0,0,0,0,0,0,0,0,0,0,0,0
"2026/01/14","2026/01/16","1449","ＦＵＪＩジャパン","札証",,"確報",0,0,0,0,0,0,0,0,0,0,0,0,0,0,,,0,0,0,0,0,0,0,0,0,0,0,0,0
"2026/01/14","2026/01/16","1832","北海電工","札証",,"確報",0,0,1200,0,0,0,1200,0,0,1303200,0,0,0,1303200,,,0,0,0,2400,0,0,37.3,18.7,0,37.3,0,0,0
"2026/01/14","2026/01/16","1840","土屋ホールディングス","札証",,"確報",0,0,0,0,0,0,0,0,0,0,0,0,0,0,,,0,0,0,0,0,0,0,0,0,0,0,0,0
"2026/01/14","2026/01/16","1885","東亜建設工業","札証",,"確報",0,0,0,0,0,0,0,0,0,0,0,0,0,0,,,0,0,0,0,0,0,0,0,0,0,0,0,0
"2026/01/14","2026/01/16","1921","巴コーポレーション","札証",,"確報",0,0,0,0,0,0,0,0,0,0,0,0,0,0,,,0,0,0,0,0,0,0,0,0,0,0,0,0
"2026/01/14","2026/01/16","2137","光ハイツ・ヴェラス","札証",,"確報",0,0,200,0,0,0,200,0,0,134400,0,0,0,134400,,,0,0,0,0,0,0,0,0,0,0,0,0,0
"2026/01/14","2026/01/16","2172","インサイト","札証",,"確報",0,0,0,0,0,0,0,0,0,0,0,0,0,0,,,0,0,0,0,0,0,0,0,0,0,0,0,0
"2026/01/14","2026/01/16","2218","日糧製パン","札証",,"確報",0,0,0,0,0,0,0,0,0,0,0,0,0,0,,,0,0,0,0,0,0,0,0,0,0,0,0,0
"2026/01/14","2026/01/16","2270","雪印メグミルク","札証",,"確報",0,0,0,0,0,0,0,0,0,0,0,0,0,0,,,0,0,0,0,0,0,0,0,0,0,0,0,0
"2026/01/14","2026/01/16","2428","ウェルネット","札証",,"確報",0,0,0,0,0,0,0,0,0,0,0,0,0,0,,,0,0,0,0,0,0,0,0,0,0,0,0,0
"2026/01/14","2026/01/16","2501","サッポロＨＤ","札証",,"確報",0,0,0,0,0,0,0,0,0,0,0,0,0,0,,,0,0,0,0,0,0,0,0,0,0,0,0,0
"2026/01/14","2026/01/16","2573","北海道コカ・コーラ","札証",,"確報",0,0,0,0,0,0,0,0,0,0,0,0,0,0,,,0,0,0,0,0,0,0,0,0,0,0,0,0
"2026/01/14","2026/01/16","2747","北雄ラッキー","札証",,"確報",0,0,0,0,0,0,0,0,0,0,0,0,0,0,,,0,0,0,0,0,0,0,0,0,0,0,0,0
"2026/01/14","2026/01/16","2813","和弘食品","札証",,"確報",0,0,0,0,0,0,0,0,0,0,0,0,0,0,,,0,0,0,0,0,0,0,0,0,0,0,0,0
"2026/01/14","2026/01/16","2928","ＲＩＺＡＰグループ","札証",,"確報",600,0,217900,0,0,0,217900,121200,0,44015800,0,0,0,44015800,,,0,0,217300,0,0,0,32.1,56,22.5,32.1,0,0,0
"2026/01/14","2026/01/16","2930","北の達人コーポ","札証",,"確報",0,0,0,0,0,0,0,0,0,0,0,0,0,0,,,0,0,0,0,0,0,0,0,0,0,0,0,0
"2026/01/14","2026/01/16","2976","日本グランデ","札証",,"確報",0,0,0,0,0,0,0,0,0,0,0,0,0,0,,,0,0,0,0,0,0,0,0,0,0,0,0,0
"2026/01/14","2026/01/16","2986","ＬＡホールディングス","札証",,"確報",0,0,0,0,0,0,0,0,0,0,0,0,0,0,,,0,0,0,0,0,0,0,0,0,0,0,0,0
"2026/01/14","2026/01/16","3055","ほくやく・竹山ＨＤ","札証",,"確報",0,500,6100,0,0,0,6100,0,458500,5593700,0,0,0,5593700,,,0,0,39600,0,0,0,21.4,18.2,25.8,21.4,0,0,0
"2026/01/14","2026/01/16","3544","サツドラＨＤ","札証",,"確報",0,0,0,0,0,0,0,0,0,0,0,0,0,0,,,0,0,0,0,0,0,0,0,0,0,0,0,0
"2026/01/14","2026/01/16","3802","エコミック","札証",,"確報",0,0,0,0,0,0,0,0,0,0,0,0,0,0,,,0,0,0,0,0,0,0,0,0,0,0,0,0
"2026/01/14","2026/01/16","3849","日本テクノ・ラボ","札証",,"確報",0,0,200,0,0,0,200,0,0,108600,0,0,0,108600,,,0,0,0,1200,0,0,0,0,0,0,0,0,0
"2026/01/14","2026/01/16","3946","トーモク","札証",,"確報",0,0,0,0,0,0,0,0,0,0,0,0,0,0,,,0,0,0,0,0,0,0,0,0,0,0,0,0
"2026/01/14","2026/01/16","3977","フュージョン","札証",,"確報",0,300,200,0,0,0,200,0,151500,101000,0,0,0,101000,,,0,0,0,20000,0,0,4.3,4.3,4.3,4.3,0,0,0
"2026/01/14","2026/01/16","3987","エコモット","札証",,"確報",0,0,0,0,0,0,0,0,0,0,0,0,0,0,,,0,0,0,0,0,0,0,0,0,0,0,0,0
"2026/01/14","2026/01/16","4088","エア・ウォーター","札証",,"確報",0,0,0,0,0,0,0,0,0,0,0,0,0,0,,,0,0,0,0,0,0,0,0,0,0,0,0,0
"2026/01/14","2026/01/16","4320","ＣＥホールディングス","札証",,"確報",0,0,0,0,0,0,0,0,0,0,0,0,0,0,,,0,0,0,0,0,0,0,0,0,0,0,0,0
"2026/01/14","2026/01/16","4502","武田薬品工業","札証",,"確報",0,0,0,0,0,0,0,0,0,0,0,0,0,0,,,0,0,0,0,0,0,0,0,0,0,0,0,0
"2026/01/14","2026/01/16","4766","ピーエイ","札証",,"確報",0,0,0,0,0,0,0,0,0,0,0,0,0,0,,,0,0,0,0,0,0,0,0,0,0,0,0,0
"2026/01/14","2026/01/16","4834","キャリアバンク","札証",,"確報",0,0,600,0,0,0,600,0,0,717000,0,0,0,717000,,,0,0,1200,0,0,0,9,4.5,0,9,0,0,0
"2026/01/14","2026/01/16","5039","キットアライブ","札証",,"確報",0,0,900,0,0,0,900,0,0,1358100,0,0,0,1358100,,,0,0,0,9000,0,0,0,0,0,0,0,0,0
"2026/01/14","2026/01/16","5351","品川リフラ","札証",,"確報",0,0,0,0,0,0,0,0,0,0,0,0,0,0,,,0,0,0,0,0,0,0,0,0,0,0,0,0
"2026/01/14","2026/01/16","5380","新東","札証",,"確報",0,0,0,0,0,0,0,0,0,0,0,0,0,0,,,0,0,0,0,0,0,0,0,0,0,0,0,0
"2026/01/14","2026/01/16","5401","日本製鉄","札証",,"確報",0,0,0,0,0,0,0,0,0,0,0,0,0,0,,,0,0,0,0,0,0,0,0,0,0,0,0,0
"2026/01/14","2026/01/16","5902","ホッカンＨＤ","札証",,"確報",0,0,0,0,0,0,0,0,0,0,0,0,0,0,,,0,0,0,0,0,0,0,0,0,0,0,0,0
"2026/01/14","2026/01/16","6147","ヤマザキ","札証",,"確報",0,0,0,0,0,0,0,0,0,0,0,0,0,0,,,0,0,0,0,0,0,0,0,0,0,0,0,0
"2026/01/14","2026/01/16","6546","フルテック","札証",,"確報",0,0,0,0,0,0,0,0,0,0,0,0,0,0,,,0,0,0,0,0,0,0,0,0,0,0,0,0
"2026/01/14","2026/01/16","7011","三菱重工業","札証",,"確報",0,0,0,0,0,0,0,0,0,0,0,0,0,0,,,0,0,0,0,0,0,0,0,0,0,0,0,0
"2026/01/14","2026/01/16","7512","イオン北海道","札証",,"確報",0,0,0,0,0,0,0,0,0,0,0,0,0,0,,,0,0,0,0,0,0,0,0,0,0,0,0,0
"2026/01/14","2026/01/16","7531","清和中央ＨＤ","札証",,"確報",0,0,0,0,0,0,0,0,0,0,0,0,0,0,,,0,0,0,0,0,0,0,0,0,0,0,0,0
"2026/01/14","2026/01/16","7643","ダイイチ","札証",,"確報",0,0,0,0,0,0,0,0,0,0,0,0,0,0,,,0,0,0,0,0,0,0,0,0,0,0,0,0
"2026/01/14","2026/01/16","7751","キヤノン","札証",,"確報",0,0,0,0,0,0,0,0,0,0,0,0,0,0,,,0,0,0,0,0,0,0,0,0,0,0,0,0
"2026/01/14","2026/01/16","8031","三井物産","札証",,"確報",0,0,0,0,0,0,0,0,0,0,0,0,0,0,,,0,0,0,0,0,0,0,0,0,0,0,0,0
"2026/01/14","2026/01/16","8085","ナラサキ産業","札証",,"確報",0,0,0,0,0,0,0,0,0,0,0,0,0,0,,,0,0,0,0,0,0,0,0,0,0,0,0,0
"2026/01/14","2026/01/16","8104","クワザワＨＤ","札証",,"確報",0,0,0,0,0,0,0,0,0,0,0,0,0,0,,,0,0,0,0,0,0,0,0,0,0,0,0,0
"2026/01/14","2026/01/16","8341","七十七銀行","札証",,"確報",0,0,0,0,0,0,0,0,0,0,0,0,0,0,,,0,0,0,0,0,0,0,0,0,0,0,0,0
"2026/01/14","2026/01/16","8377","ほくほくＦＧ","札証",,"確報",0,0,0,0,0,0,0,0,0,0,0,0,0,0,,,0,0,0,0,0,0,0,0,0,0,0,0,0
"2026/01/14","2026/01/16","8524","北洋銀行","札証",,"確報",0,0,0,0,0,0,0,0,0,0,0,0,0,0,,,0,0,0,0,0,0,0,0,0,0,0,0,0
"2026/01/14","2026/01/16","8594","中道リース","札証",,"確報",0,0,0,0,0,0,0,0,0,0,0,0,0,0,,,0,0,0,0,0,0,0,0,0,0,0,0,0
"2026/01/14","2026/01/16","8803","平和不動産","札証",,"確報",0,0,0,0,0,0,0,0,0,0,0,0,0,0,,,0,0,0,0,0,0,0,0,0,0,0,0,0
"2026/01/14","2026/01/16","9027","ロジネット　ジャパン","札証",,"確報",0,0,200,0,0,0,200,0,0,786000,0,0,0,786000,,,0,0,0,12000,0,0,0,0,0,0,0,0,0
"2026/01/14","2026/01/16","9085","北海道中央バス","札証",,"確報",0,0,400,0,0,0,400,0,0,2400000,0,0,0,2400000,,,0,0,44000,0,0,0,0,0,0,0,0,0,0
"2026/01/14","2026/01/16","9450","ファイバーゲート","札証",,"確報",0,0,0,0,0,0,0,0,0,0,0,0,0,0,,,0,0,0,0,0,0,0,0,0,0,0,0,0
"2026/01/14","2026/01/16","9509","北海道電力","札証",,"確報",0,0,0,0,0,0,0,0,0,0,0,0,0,0,,,0,0,0,0,0,0,0,0,0,0,0,0,0
"2026/01/14","2026/01/16","9534","北海道瓦斯","札証",,"確報",0,0,0,0,0,0,0,0,0,0,0,0,0,0,,,0,0,0,0,0,0,0,0,0,0,0,0,0
"2026/01/14","2026/01/16","9601","松竹","札証",,"確報",0,0,0,0,0,0,0,0,0,0,0,0,0,0,,,0,0,0,0,0,0,0,0,0,0,0,0,0
"2026/01/14","2026/01/16","9627","アインＨＤ","札証",,"確報",0,0,0,0,0,0,0,0,0,0,0,0,0,0,,,0,0,0,0,0,0,0,0,0,0,0,0,0
"2026/01/14","2026/01/16","9678","カナモト","札証",,"確報",0,0,0,0,0,0,0,0,0,0,0,0,0,0,,,0,0,0,0,0,0,0,0,0,0,0,0,0
"2026/01/14","2026/01/16","9776","札幌臨床検査センター","札証",,"確報",0,0,0,0,0,0,0,0,0,0,0,0,0,0,,,0,0,0,0,0,0,0,0,0,0,0,0,0
"2026/01/14","2026/01/16","9812","テーオーＨＤ","札証",,"確報",0,0,0,0,0,0,0,0,0,0,0,0,0,0,,,0,0,0,0,0,0,0,0,0,0,0,0,0
"2026/01/14","2026/01/16","9843","ニトリＨＤ","札証",,"確報",0,0,0,0,0,0,0,0,0,0,0,0,0,0,,,0,0,0,0,0,0,0,0,0,0,0,0,0
"2026/01/14","2026/01/16","9948","アークス","札証",,"確報",0,0,0,0,0,0,0,0,0,0,0,0,0,0,,,0,0,0,0,0,0,0,0,0,0,0,0,0
"2026/01/14","2026/01/16","9987","スズケン","札証",,"確報",0,0,0,0,0,0,0,0,0,0,0,0,0,0,,,0,0,0,0,0,0,0,0,0,0,0,0,0
