"申込日","決済日","銘柄コード","銘柄名","取引所区分名","上場区分","速報／確報","融資新規株数","融資返済株数","融資残高株数","貸株新規株数","貸株返済株数","貸株残高株数","差引残高株数","融資新規金額","融資返済金額","融資残高金額","貸株新規金額","貸株返済金額","貸株残高金額","差引残高金額","制度信用・買残高株数","制度信用・売残高株数","融資権利落額","貸株権利落額","合計・更新差金融資値上り","合計・更新差金融資値下り","合計・更新差金貸株値下り","合計・更新差金貸株値上り","総合回転日数","融資・新規回転日数","融資・返済回転日数","融資・残高回転日数","貸株・新規回転日数","貸株・返済回転日数","貸株・残高回転日数"
"2026/01/26","2026/01/28","1301","極洋","東証およびＰＴＳ",,"確報",300,300,3100,300,100,800,2300,1506000,1506000,15562000,1506000,502000,4016000,11546000,,,0,0,62000,0,0,12000,7.3,7.8,6.6,7.2,7.2,9,8
"2026/01/26","2026/01/28","1305","ｉＦＴＰＸ年１","東証およびＰＴＳ",,"確報",440,1620,12280,370,190,9400,2880,1657040,6100920,46246480,1393420,715540,35400400,10846080,,,0,0,0,1103720,756040,0,16.3,12.9,26.1,17.3,13.6,17.5,15.3
"2026/01/26","2026/01/28","1306","ＮＦＴＯＰＩＸ","東証およびＰＴＳ",,"確報",14670,0,27130,13350,35900,48100,-20970,54704430,0,101167770,49782150,133871100,179364900,-78197130,,,0,0,0,1046640,5934600,0,4.4,3.1,5.6,3.9,6.1,3.7,4.6
"2026/01/26","2026/01/28","1308","上場ＴＯＰＩＸ","東証およびＰＴＳ",,"確報",7000,2480,12124,0,8259,12124,0,25781000,9133840,44652692,0,30417897,44652692,0,,,0,0,0,600716,1610257,0,8.5,4.9,10,6.5,28.6,6.2,10.1
"2026/01/26","2026/01/28","1309","ＮＦ中国株上証５０","東証およびＰＴＳ",,"確報",0,0,32,0,0,0,32,0,0,1729600,0,0,0,1729600,,,0,0,0,41600,0,0,8,4,0,8,0,0,0
"2026/01/26","2026/01/28","130A","ＶＩＳ","東証およびＰＴＳ",,"確報",0,1700,19600,0,0,0,19600,0,814300,9388400,0,0,0,9388400,,,0,0,21300,0,0,0,11.4,11.7,11.1,11.4,0,0,0
"2026/01/26","2026/01/28","1311","ＮＦＴＰＸ３０","東証およびＰＴＳ",,"確報",250,340,3645,0,0,50,3595,464500,631720,6772410,0,0,92900,6679510,,,0,0,0,156870,2100,0,13,9.2,45.3,15.3,0,1.5,3
"2026/01/26","2026/01/28","1319","ＮＦ日経３００","東証およびＰＴＳ",,"確報",0,0,0,0,0,0,0,0,0,0,0,0,0,0,,,0,0,0,0,0,0,0,0,0,0,0,0,0
"2026/01/26","2026/01/28","1320","ｉＦ２２５年１","東証およびＰＴＳ",,"確報",0,2310,1556,40,796,11078,-9522,0,126380100,85128760,2188400,43549160,606077380,-520948620,,,0,0,0,3866000,11834000,0,12.9,6.4,6.3,6.3,23.8,13.1,16.9
"2026/01/26","2026/01/28","1321","ＮＦ日経２２５","東証およびＰＴＳ",,"確報",656,0,8497,2084,14901,50807,-42310,36066880,0,467165060,114578320,819256980,2793368860,-2326203800,,,0,0,0,7684180,62351520,0,7.2,7,8.4,7.6,15.1,4.7,7.1
"2026/01/26","2026/01/28","1322","上場パンタ","東証およびＰＴＳ",,"確報",320,0,532,0,0,0,532,3568000,0,5931800,0,0,0,5931800,,,0,0,0,44520,0,0,4.2,2.2,50.6,4.2,0,0,0
"2026/01/26","2026/01/28","1325","ＮＦブラジル株","東証およびＰＴＳ",,"確報",250,1650,25460,0,0,1700,23760,72725,479985,7406314,0,0,494530,6911784,,,0,0,0,56406,3570,0,6.9,3.8,58.2,7.1,2.7,17.5,4.7
"2026/01/26","2026/01/28","1326","ＳＰＤＲゴール","東証およびＰＴＳ",,"確報",22,0,396,0,0,0,396,1584660,0,28523880,0,0,0,28523880,,,0,0,0,71060,0,0,16.9,16.4,17.4,16.9,0,0,0
"2026/01/26","2026/01/28","1328","ＮＦ金価格","東証およびＰＴＳ",,"確報",26621,20,40867,0,0,0,40867,495949230,372600,761352210,0,0,0,761352210,,,0,0,0,1069950,0,0,4.7,2.7,20.1,4.8,2.2,1.7,1.9
"2026/01/26","2026/01/28","1329","ｉＳ２２５","東証およびＰＴＳ",,"確報",4429,0,27920,0,0,0,27920,24399361,0,153811280,0,0,0,153811280,,,0,0,0,2255136,0,0,17.6,10,88.3,18,69,0.2,0.5
"2026/01/26","2026/01/28","1330","上場２２５","東証およびＰＴＳ",,"確報",0,20,1648,260,2228,4895,-3247,0,1100800,90705920,14310400,122629120,269420800,-178714880,,,0,0,0,1601280,6588480,0,7.5,7.6,8.2,7.9,8.2,6.8,7.4
"2026/01/26","2026/01/28","1332","ニッスイ","東証およびＰＴＳ",,"確報",3800,0,28700,13900,0,15500,13200,4742400,0,35817600,17347200,0,19344000,16473600,,,0,0,448200,0,0,28800,4.3,12.2,7.4,9.2,1.1,2,1.4
"2026/01/26","2026/01/28","1333","マルハニチロ","東証およびＰＴＳ",,"確報",200,300,16500,300,0,300,16200,278000,417000,22935000,417000,0,417000,22518000,,,0,0,0,83000,0,0,8.5,9.9,9.2,9.6,1.1,1.2,1.2
"2026/01/26","2026/01/28","133A","ＧＸ超短期米国債","東証およびＰＴＳ",,"確報",20,0,23329,0,0,0,23329,20860,0,24332147,0,0,0,24332147,,,0,0,0,652652,0,0,7.9,4,931.9,8,201,2,3.9
"2026/01/26","2026/01/28","1343","ＮＦＪ－ＲＥＩＴ","東証およびＰＴＳ",,"確報",6760,0,173570,1320,0,33580,139990,14537380,0,373262285,2838660,0,72213790,301048495,,,0,0,0,3252795,629070,0,13.2,9.4,21.6,13.1,14.5,13.3,13.9
"2026/01/26","2026/01/28","1345","上場Ｊリート","東証およびＰＴＳ",,"確報",0,1400,4000,0,0,0,4000,0,2819600,8056000,0,0,0,8056000,,,0,0,0,83700,0,0,4.5,3.4,7,4.5,0,0,0
"2026/01/26","2026/01/28","1346","ＭＸＳ２２５","東証およびＰＴＳ",,"確報",50,0,1630,0,569,2685,-1055,2732500,0,89079500,0,31095850,146735250,-57655750,,,0,0,0,1516800,3123840,0,16.1,139.2,7935,273.6,11.3,9.7,10.5
"2026/01/26","2026/01/28","1348","ＭＸＳトピクス","東証およびＰＴＳ",,"確報",13,956,5685,27,3666,3081,2604,47918,3523816,20954910,99522,13512876,11356566,9598344,,,0,0,0,516984,524160,0,5.7,9.3,8.7,9,5.4,2.8,3.7
"2026/01/26","2026/01/28","1349","アジア債券","東証およびＰＴＳ",,"確報",0,0,0,0,0,0,0,0,0,0,0,0,0,0,,,0,0,0,0,0,0,0,0,0,0,0,0,0
"2026/01/26","2026/01/28","1356","ＴＰダブルインバース","東証およびＰＴＳ",,"確報",0,68300,294580,25260,10,59980,234600,0,10709440,46190144,3960768,1568,9404864,36785280,,,0,0,2286144,0,0,218799,8.4,7.4,13.1,9.4,1.8,27.3,3.4
"2026/01/26","2026/01/28","1357","ＮＦ日経ダブインバ","東証およびＰＴＳ",,"確報",200,452427,903230,956,20538,312078,591152,1047000,2368455345,4728409050,5004660,107516430,1633728330,3094680720,,,0,0,249404088,0,0,61025440,8.8,7.3,9.5,8.2,8.1,18.1,11.2
"2026/01/26","2026/01/28","1358","上場日経２倍","東証およびＰＴＳ",,"確報",1008,590,1254,101,419,1741,-487,90377280,52899400,112433640,9055660,37567540,156098060,-43664420,,,0,0,0,2867480,7062370,0,4.6,1.9,3.6,2.5,12.1,6.6,8.6
"2026/01/26","2026/01/28","135A","ＶＲＡＩＮ","東証およびＰＴＳ",,"確報",14600,8900,62900,5700,0,62900,0,39858000,24297000,171717000,15561000,0,171717000,0,,,0,0,1716000,0,0,1716000,9.3,4.9,5.2,5,48.1,104.9,66
"2026/01/26","2026/01/28","1360","ダブルインバース日経","東証およびＰＴＳ",,"確報",184750,1052510,8947010,230,48410,230,8946780,23758850,135352786,1150585486,29578,6225526,29578,1150555908,,,0,0,43184988,0,0,213004,12.1,8.3,24.3,12.4,2.2,1.4,1.7
"2026/01/26","2026/01/28","1364","ｉＳＪＰＸ日経４００","東証およびＰＴＳ",,"確報",8,9,19,1,2,19,0,26400,29700,62700,3300,6600,62700,0,,,0,0,0,1520,1520,0,2.1,1.6,1.7,1.6,2.6,2.7,2.7
"2026/01/26","2026/01/28","1365","ｉＦ２２５ダブル","東証およびＰＴＳ",,"確報",484,110,1241,0,670,714,527,35148080,7988200,90121420,0,48655400,51850680,38270740,,,0,0,0,2332230,3722960,0,4.1,5.4,25.8,8.9,6.7,1.9,3
"2026/01/26","2026/01/28","1366","ｉＦ２２５Ｗベア","東証およびＰＴＳ",,"確報",250,81858,760064,0,0,0,760064,32750,10723398,99568384,0,0,0,99568384,,,0,0,3366688,0,0,0,10,7.8,13.7,10,0,0,0
"2026/01/26","2026/01/28","1367","ｉＦＴＰＸダブル","東証およびＰＴＳ",,"確報",413,217,727,0,80,451,276,24602410,12926690,43307390,0,4765600,26866070,16441320,,,0,0,0,1439010,1439010,0,2.7,2.1,1.2,1.6,41.1,11.1,17.5
"2026/01/26","2026/01/28","1368","ｉＦＴＰＸＷベア","東証およびＰＴＳ",,"確報",0,7076,16979,9,0,229,16750,0,1613328,3871212,2052,0,52212,3819000,,,0,0,216495,0,0,1980,6.1,4.1,12.1,6.1,6.4,263.7,12.6
"2026/01/26","2026/01/28","1369","Ｏｎｅ・日経２２５","東証およびＰＴＳ",,"確報",60,0,362,0,41,372,-10,3189600,0,19243920,0,2179560,19775520,-531600,,,0,0,0,271800,371700,0,12.6,3.5,117.5,6.8,22.2,42.5,29.2
"2026/01/26","2026/01/28","1375","ユキグニファクトリー","東証およびＰＴＳ",,"確報",500,0,1800,0,0,0,1800,530500,0,1909800,0,0,0,1909800,,,0,0,0,3900,0,0,28,14,0,28,0,0,0
"2026/01/26","2026/01/28","1376","カネコ種苗","東証およびＰＴＳ",,"確報",0,0,600,0,0,0,600,0,0,886800,0,0,0,886800,,,0,0,0,17400,0,0,9.7,11.3,8.5,9.7,0,0,0
"2026/01/26","2026/01/28","1377","サカタのタネ","東証およびＰＴＳ",,"確報",0,1000,8700,2300,0,5900,2800,0,4065000,35365500,9349500,0,23983500,11382000,,,0,0,436500,0,0,162000,14.7,118.5,27.9,45.1,3.8,7.1,5
"2026/01/26","2026/01/28","1379","ホクト","東証およびＰＴＳ",,"確報",0,0,400,0,0,0,400,0,0,792000,0,0,0,792000,,,0,0,0,11600,0,0,3.3,3.7,4.3,4,2,0.7,1
"2026/01/26","2026/01/28","137A","Ｃｏｃｏｌｉｖｅ","東証およびＰＴＳ",,"確報",100,0,2900,0,0,0,2900,80000,0,2320000,0,0,0,2320000,,,0,0,0,56000,0,0,16.6,14.9,18.6,16.6,0,0,0
"2026/01/26","2026/01/28","1380","秋川牧園","東証およびＰＴＳ",,"確報",0,0,400,0,0,0,400,0,0,402800,0,0,0,402800,,,0,0,0,1200,0,0,0,0,0,0,0,0,0
"2026/01/26","2026/01/28","1381","アクシーズ","東証およびＰＴＳ",,"確報",0,0,1700,0,0,0,1700,0,0,7454500,0,0,0,7454500,,,0,0,0,136000,0,0,88,88,88,88,0,0,0
"2026/01/26","2026/01/28","1382","ホーブ","東証およびＰＴＳ",,"確報",0,0,2900,0,0,0,2900,0,0,5254800,0,0,0,5254800,,,0,0,0,55100,0,0,42,49,36.8,42,0,0,0
"2026/01/26","2026/01/28","1383","ベルグアース","東証およびＰＴＳ",,"確報",0,0,3200,0,0,0,3200,0,0,10272000,0,0,0,10272000,,,0,0,0,16000,0,0,316,158,0,316,0,0,0
"2026/01/26","2026/01/28","1384","ホクリヨウ","東証およびＰＴＳ",,"確報",500,0,17500,0,0,0,17500,1542500,0,53987500,0,0,0,53987500,,,0,0,0,850000,0,0,69.1,50.8,108,69.1,0,0,0
"2026/01/26","2026/01/28","138A","光フードサービス","東証およびＰＴＳ",,"確報",0,0,300,0,0,0,300,0,0,859500,0,0,0,859500,,,0,0,5100,0,0,0,0,0,0,0,0,0,0
"2026/01/26","2026/01/28","1397","ＳＭＤＡＭ　２２５","東証およびＰＴＳ",,"確報",4,5,6,0,1,6,0,214000,267500,321000,0,53500,321000,0,,,0,0,0,6300,6300,0,10.6,9.3,5.3,6.7,0,12.3,24.7
"2026/01/26","2026/01/28","1398","ＳＭＤＡＭ　Ｊリート","東証およびＰＴＳ",,"確報",0,230,5940,300,0,2530,3410,0,470235,12144330,613350,0,5172585,6971745,,,0,0,0,86380,31220,0,3.1,2.9,2.1,2.4,7.6,936,15.1
"2026/01/26","2026/01/28","1399","上場高配当低ボラ","東証およびＰＴＳ",,"確報",0,0,1,0,0,0,1,0,0,2821,0,0,0,2821,,,0,0,0,40,0,0,1,1,1,1,1.1,1,1
"2026/01/26","2026/01/28","1401","エムビーエス","東証およびＰＴＳ",,"確報",400,0,2700,0,0,0,2700,598400,0,4039200,0,0,0,4039200,,,0,0,0,34500,0,0,4.7,5.9,3.9,4.7,0,0,0
"2026/01/26","2026/01/28","1407","ウエストＨＤ","東証およびＰＴＳ",,"確報",7800,79500,54000,0,0,2400,51600,12542400,127836000,86832000,0,0,3859200,82972800,,,0,0,0,4650900,88800,0,3.1,2.9,3.2,3,30,120,48
"2026/01/26","2026/01/28","140A","ｉＦ米１０国債ベア","東証およびＰＴＳ",,"確報",0,0,1,0,0,0,1,0,0,1963,0,0,0,1963,,,0,0,0,4,0,0,1.3,1.3,1.3,1.3,0,0,0
"2026/01/26","2026/01/28","1414","ショーボンドＨＤ","東証およびＰＴＳ",,"確報",19100,6100,73600,13400,0,73600,0,26845050,8573550,103444800,18833700,0,103444800,0,,,0,0,0,424200,421400,0,7,4.6,4.4,4.5,17.2,21.4,19.1
"2026/01/26","2026/01/28","1417","ミライト・ワン","東証およびＰＴＳ",,"確報",900,0,15800,100,300,6000,9800,3379500,0,59329000,375500,1126500,22530000,36799000,,,0,0,0,1013200,421600,0,21.5,23.8,15,18.4,29.3,73.3,41.9
"2026/01/26","2026/01/28","1418","インターライフＨＤ","東証およびＰＴＳ",,"確報",200,9100,32600,0,2000,59000,-26400,122400,5569200,19951200,0,1224000,36108000,-16156800,,,0,0,0,166000,244000,0,33.6,37.7,14.3,20.7,107.8,38.2,56.4
"2026/01/26","2026/01/28","1419","タマホーム","東証およびＰＴＳ",,"確報",0,100,14000,700,1200,386200,-372200,0,371000,51940000,2597000,4452000,1432802000,-1380862000,,,0,0,0,70500,1933500,0,127.6,24.8,129.2,41.7,147.5,127.9,137
"2026/01/26","2026/01/28","141A","トライアル","東証およびＰＴＳ",,"確報",300,28800,362100,3700,0,578900,-216800,940500,90288000,1135183500,11599500,0,1814851500,-679668000,,,0,0,25389000,0,0,37388000,29,11.6,15.5,13.2,331.3,72.5,119
"2026/01/26","2026/01/28","1420","サンヨーホームズ","東証およびＰＴＳ",,"確報",0,1900,6200,100,0,100,6100,0,1364200,4451600,71800,0,71800,4379800,,,0,0,0,32400,0,0,17.4,22.2,14.8,17.8,1,0,2
"2026/01/26","2026/01/28","1429","日本アクア","東証およびＰＴＳ",,"確報",3000,2800,13200,900,0,13200,0,2649000,2472400,11655600,794700,0,11655600,0,,,0,0,0,208000,196800,0,3.6,2.4,2.4,2.4,14,117.8,25.1
"2026/01/26","2026/01/28","142A","ジンジブ","東証およびＰＴＳ",,"確報",0,0,3000,0,0,0,3000,0,0,2055000,0,0,0,2055000,,,0,0,39000,0,0,0,148,148,148,148,0,0,0
"2026/01/26","2026/01/28","1430","ファーストコーポ","東証およびＰＴＳ",,"確報",6000,0,16300,0,0,0,16300,6174000,0,16772700,0,0,0,16772700,,,0,0,0,41200,0,0,7.6,3.8,0,7.6,0,0,0
"2026/01/26","2026/01/28","1431","Ｌｉｂ　Ｗｏｒｋ","東証およびＰＴＳ",,"確報",500,6000,78400,500,100,94700,-16300,319500,3834000,50097600,319500,63900,60513300,-10415700,,,0,0,0,167800,188600,0,68.2,96,37.7,54.1,46.3,1513.3,89.9
"2026/01/26","2026/01/28","1433","ベステラ","東証およびＰＴＳ",,"確報",5000,1200,54800,9800,600,60200,-5400,6675000,1602000,73158000,13083000,801000,80367000,-7209000,,,0,0,0,765000,765000,0,29.1,28.4,28.1,28.3,23.2,42.2,29.9
"2026/01/26","2026/01/28","1434","ＪＥＳＣＯ　ＨＤ","東証およびＰＴＳ",,"確報",1200,100,13900,500,0,2700,11200,2312400,192700,26785300,963500,0,5202900,21582400,,,0,0,0,1113600,191400,0,9.1,8.2,24.4,12.3,4.1,4.4,4.2
"2026/01/26","2026/01/28","1435","ｒｏｂｏｔ　ｈｏｍｅ","東証およびＰＴＳ",,"確報",300,2900,92100,0,0,0,92100,49500,478500,15196500,0,0,0,15196500,,,0,0,0,378800,0,0,28.9,17.3,88.1,28.9,0,0,0
"2026/01/26","2026/01/28","1436","グリーンエナジー","東証およびＰＴＳ",,"確報",0,800,7400,0,0,0,7400,0,1980000,18315000,0,0,0,18315000,,,0,0,0,41000,0,0,40.8,58.3,31.4,40.8,0,0,0
"2026/01/26","2026/01/28","1438","岐阜造園","東証およびＰＴＳ",,"確報",100,0,400,0,0,0,400,178800,0,715200,0,0,0,715200,,,0,0,0,1800,0,0,3.5,1.8,0,3.5,0,0,0
"2026/01/26","2026/01/28","143A","イシン","東証およびＰＴＳ",,"確報",0,0,800,0,0,0,800,0,0,665600,0,0,0,665600,,,0,0,0,1600,0,0,17.2,43,10.8,17.2,0,0,0
"2026/01/26","2026/01/28","1443","技研ホールディングス","東証およびＰＴＳ",,"確報",0,1300,16200,0,0,0,16200,0,392600,4892400,0,0,0,4892400,,,0,0,0,157500,0,0,14.8,10.5,25.1,14.8,0,0,0
"2026/01/26","2026/01/28","1444","ニッソウ","東証およびＰＴＳ",,"確報",0,0,0,0,0,0,0,0,0,0,0,0,0,0,,,0,0,0,0,0,0,0,0,0,0,0,0,0
"2026/01/26","2026/01/28","1446","キャンディル","東証およびＰＴＳ",,"確報",0,0,4700,100,100,2300,2400,0,0,2726000,58000,58000,1334000,1392000,,,0,0,0,9400,4600,0,85.8,0,0,0,18,54,27
"2026/01/26","2026/01/28","1447","ＳＡＡＦＨＤ","東証およびＰＴＳ",,"確報",187800,0,217600,0,0,0,217600,74744400,0,86604800,0,0,0,86604800,,,0,0,1996600,0,0,0,3.7,1.9,34.5,3.7,0,0,0
"2026/01/26","2026/01/28","1450","ＴＡＮＡＫＥＮ","東証およびＰＴＳ",,"確報",0,0,9300,0,0,0,9300,0,0,13326900,0,0,0,13326900,,,0,0,0,83700,0,0,468,0,234,468,0,0,0
"2026/01/26","2026/01/28","1456","ｉＦ２２５ベア","東証およびＰＴＳ",,"確報",0,509,5108,0,0,0,5108,0,855629,8586548,0,0,0,8586548,,,0,0,168510,0,0,0,3.6,3.1,4.3,3.6,0,0,0
"2026/01/26","2026/01/28","1457","ｉＦＴＰＸベア","東証およびＰＴＳ",,"確報",0,0,100,0,0,100,0,0,0,210600,0,0,210600,0,,,0,0,3800,0,0,3800,30.5,15.2,0,30.5,15.2,0,30.5
"2026/01/26","2026/01/28","1458","楽天２２５ダブルブル","東証およびＰＴＳ",,"確報",2657,0,8790,0,1294,1293,7497,149243690,0,493734300,0,72683980,72627810,421106490,,,0,0,0,13001960,5484440,0,8.5,10.4,20.6,13.8,6.2,2.5,3.6
"2026/01/26","2026/01/28","1459","楽天２２５ダブルベア","東証およびＰＴＳ",,"確報",69297,502727,4956718,3050,11833,66894,4889824,14621667,106075397,1045867498,643550,2496763,14114634,1031752864,,,0,0,43121184,0,0,605416,8.6,5.2,24,8.5,13.5,21,16.4
"2026/01/26","2026/01/28","145A","Ｌ　ｉｓ　Ｂ","東証およびＰＴＳ",,"確報",200,100,4600,0,0,0,4600,223600,111800,5142800,0,0,0,5142800,,,0,0,63000,0,0,0,31.6,36.8,27.6,31.6,0,0,0
"2026/01/26","2026/01/28","1466","ｉＦＪ４００Ｗベア","東証およびＰＴＳ",,"確報",0,0,7,0,0,0,7,0,0,2051,0,0,0,2051,,,0,0,63,0,0,0,0,0,0,0,0,0,0
"2026/01/26","2026/01/28","1469","４００ベア２倍","東証およびＰＴＳ",,"確報",0,10,12090,160,0,220,11870,0,2790,3373110,44640,0,61380,3311730,,,0,0,140360,0,0,696,4.4,4,4.8,4.4,2.9,0,5.8
"2026/01/26","2026/01/28","146A","コロンビア・ワークス","東証およびＰＴＳ",,"確報",200,400,16700,0,0,0,16700,647000,1294000,54024500,0,0,0,54024500,,,0,0,0,2197000,0,0,67.7,56.4,84.6,67.7,0,0,0
"2026/01/26","2026/01/28","1472","ＮＦＪ４００Ｄインバ","東証およびＰＴＳ",,"確報",0,0,22,0,0,0,22,0,0,2508,0,0,0,2508,,,0,0,66,0,0,0,4.1,0,2.1,4.1,0,0,0
"2026/01/26","2026/01/28","1473","Ｏｎｅ・トピックス","東証およびＰＴＳ",,"確報",0,0,200,90,0,720,-520,0,0,722600,325170,0,2601360,-1878760,,,0,0,0,16200,51030,0,5.2,0,1.9,3.8,3.9,0,7.7
"2026/01/26","2026/01/28","1474","Ｏｎｅ・ＪＰＸ４００","東証およびＰＴＳ",,"確報",0,0,0,0,34,8,-8,0,0,0,0,1101940,259280,-259280,,,0,0,0,0,26880,0,6.2,0,0,0,0,3.1,6.2
"2026/01/26","2026/01/28","1475","ｉＳＴＯＰＩＸ","東証およびＰＴＳ",,"確報",11530,17300,224560,0,1780,1700,222860,4237275,6357750,82525800,0,654150,624750,81901050,,,0,0,0,1888706,28536,0,6.5,3.9,17.9,6.4,0,3.5,7
"2026/01/26","2026/01/28","1476","ｉＳＪリート","東証およびＰＴＳ",,"確報",0,0,1570,0,260,10,1560,0,0,3243620,0,537160,20660,3222960,,,0,0,0,23550,4050,0,11.4,10.2,6152,20.4,1.1,1.1,1.1
"2026/01/26","2026/01/28","1477","ｉＳＭＳＣＩ最小分散","東証およびＰＴＳ",,"確報",0,0,0,0,0,0,0,0,0,0,0,0,0,0,,,0,0,0,0,0,0,0,0,0,0,0,0,0
"2026/01/26","2026/01/28","1478","ｉＳＭＳＣＩ高配当","東証およびＰＴＳ",,"確報",407,190,1727,0,36,0,1727,1935692,903640,8213612,0,171216,0,8213612,,,0,0,0,179690,4284,0,15.8,17.6,34.5,23.3,10.2,2.3,3.7
"2026/01/26","2026/01/28","1479","ｉＦＭＳＣＩ人材設備","東証およびＰＴＳ",,"確報",0,0,1,0,0,54,-53,0,0,45960,0,0,2481840,-2435880,,,0,0,0,0,0,0,546,3,0,6,0,0,0
"2026/01/26","2026/01/28","147A","ソラコム","東証およびＰＴＳ",,"確報",3400,100,73200,5800,0,115200,-42000,3842000,113000,82716000,6554000,0,130176000,-47460000,,,0,0,0,1048500,1641000,0,40.6,27.1,45.1,33.8,32.7,79.7,46.4
"2026/01/26","2026/01/28","1480","ＮＦ企業価値","東証およびＰＴＳ",,"確報",0,0,0,0,0,0,0,0,0,0,0,0,0,0,,,0,0,0,0,0,0,0,0,0,0,0,0,0
"2026/01/26","2026/01/28","1481","上場日本経済貢献","東証およびＰＴＳ",,"確報",0,0,0,0,0,0,0,0,0,0,0,0,0,0,,,0,0,0,0,0,0,0,0,0,0,0,0,0
"2026/01/26","2026/01/28","1482","ｉＳ米国債七十円へジ","東証およびＰＴＳ",,"確報",0,0,2027,0,0,1,2026,0,0,3277659,0,0,1617,3276042,,,0,0,10135,0,0,5,3.4,2.7,4.8,3.4,1.1,1.1,1.1
"2026/01/26","2026/01/28","1483","ＩＳ設備人材","東証およびＰＴＳ",,"確報",0,0,0,0,0,0,0,0,0,0,0,0,0,0,,,0,0,0,0,0,0,0,0,0,0,0,0,0
"2026/01/26","2026/01/28","1484","Ｏｎｅ・設備人材投資","東証およびＰＴＳ",,"確報",0,0,0,0,0,0,0,0,0,0,0,0,0,0,,,0,0,0,0,0,0,0,0,0,0,0,0,0
"2026/01/26","2026/01/28","1485","ＭＸＳＪ積極投資","東証およびＰＴＳ",,"確報",0,0,0,0,0,0,0,0,0,0,0,0,0,0,,,0,0,0,0,0,0,0,0,0,0,0,0,0
"2026/01/26","2026/01/28","1486","上場米債ヘッジなし","東証およびＰＴＳ",,"確報",3,0,11,0,0,11,0,71580,0,262460,0,0,262460,0,,,0,0,0,4720,6490,0,5.9,2.8,0,5.6,3.1,0,6.2
"2026/01/26","2026/01/28","1487","上場米債ヘッジあり","東証およびＰＴＳ",,"確報",0,0,7,0,0,7,0,0,0,86695,0,0,86695,0,,,0,0,140,0,0,140,4,2,0,4,2,0,4
"2026/01/26","2026/01/28","1488","ｉＦＪリート","東証およびＰＴＳ",,"確報",0,0,2551,0,0,10,2541,0,0,5244856,0,0,20560,5224296,,,0,0,0,40816,160,0,58,30.4,1215.5,59.3,3,0,6
"2026/01/26","2026/01/28","1489","ＮＦ日経高配当５０","東証およびＰＴＳ",,"確報",6256,0,56460,150,602,2157,54303,18711696,0,168871860,448650,1800582,6451587,162420273,,,0,0,0,2962036,153931,0,11.2,5.9,94.3,11.1,14.2,17.6,15.7
"2026/01/26","2026/01/28","148A","ハッチ・ワーク","東証およびＰＴＳ",,"確報",0,300,9700,0,0,0,9700,0,624300,20185700,0,0,0,20185700,,,0,0,30000,0,0,0,46.9,37.8,61.5,46.9,0,0,0
"2026/01/26","2026/01/28","1490","上場ベータヘッジ","東証およびＰＴＳ",,"確報",0,0,0,0,0,0,0,0,0,0,0,0,0,0,,,0,0,0,0,0,0,0,0,0,0,0,0,0
"2026/01/26","2026/01/28","1491","中外鉱業","東証およびＰＴＳ",,"確報",1100,0,58400,0,0,0,58400,1267200,0,67276800,0,0,0,67276800,,,0,0,3552600,0,0,0,30.8,19.9,67.5,30.8,0,0,0
"2026/01/26","2026/01/28","1493","Ｏｎｅ・中小型","東証およびＰＴＳ",,"確報",0,9,56,3,22,31,25,0,208080,1294720,69360,508640,716720,578000,,,0,0,0,22100,17000,0,5.1,2.9,5.8,3.9,36.7,4.6,8.2
"2026/01/26","2026/01/28","1494","Ｏｎｅ・高配当日本株","東証およびＰＴＳ",,"確報",12,0,585,7,0,20,565,496680,0,24213150,289730,0,827800,23385350,,,0,0,0,355260,8060,0,7.7,3.9,155.2,7.6,9.4,37.5,15
"2026/01/26","2026/01/28","1495","上場アジアリート","東証およびＰＴＳ",,"確報",0,0,90,0,0,0,90,0,0,1062450,0,0,0,1062450,,,0,0,0,12600,0,0,21.5,28.7,17.2,21.5,0,0,0
"2026/01/26","2026/01/28","1496","ｉＳ米＄ＩＧ社債ヘジ","東証およびＰＴＳ",,"確報",0,0,1501,0,0,0,1501,0,0,2587724,0,0,0,2587724,,,0,0,0,10507,0,0,7.5,3.9,141.6,7.5,0,0,0
"2026/01/26","2026/01/28","1497","ｉＳ米＄ＨＹ社債ヘジ","東証およびＰＴＳ",,"確報",0,0,723,0,0,0,723,0,0,1297785,0,0,0,1297785,,,0,0,0,723,0,0,2.2,1.9,2.5,2.2,0,0,0
"2026/01/26","2026/01/28","1498","Ｏｎｅ・ＥＳＧ","東証およびＰＴＳ",,"確報",0,0,0,0,0,0,0,0,0,0,0,0,0,0,,,0,0,0,0,0,0,0,0,0,0,0,0,0
"2026/01/26","2026/01/28","1499","ＭＸＳ高配当７０ＭＮ","東証およびＰＴＳ",,"確報",0,0,42,0,0,60,-18,0,0,382326,0,0,546180,-163854,,,0,0,0,0,0,0,8.8,8.5,0,17,3,0,6
"2026/01/26","2026/01/28","149A","シンカ","東証およびＰＴＳ",,"確報",0,0,1000,0,0,0,1000,0,0,846000,0,0,0,846000,,,0,0,0,0,0,0,13.7,16,12,13.7,0,0,0
"2026/01/26","2026/01/28","150A","ＪＳＨ","東証およびＰＴＳ",,"確報",0,0,700,0,0,0,700,0,0,287000,0,0,0,287000,,,0,0,4900,0,0,0,76,0,38,76,0,0,0
"2026/01/26","2026/01/28","1514","住石ホールディングス","東証およびＰＴＳ",,"確報",47900,15600,498200,8300,300,593600,-95400,29171100,9500400,303403800,5054700,182700,361502400,-58098600,,,0,0,0,18170100,22838400,0,59.3,30.9,31,30.9,117.8,3651.8,228.2
"2026/01/26","2026/01/28","1515","日鉄鉱業","東証およびＰＴＳ",,"確報",17300,2700,182800,4500,0,33800,149000,58647000,9153000,619692000,15255000,0,114582000,505110000,,,0,0,38686000,0,0,6739000,3.9,3.9,3.2,3.5,22.9,36.3,28.1
"2026/01/26","2026/01/28","1518","三井松島ＨＤ","東証およびＰＴＳ",,"確報",4800,100,49700,0,1200,7600,42100,6835200,142400,70772800,0,1708800,10822400,59950400,,,0,0,0,1575000,308000,0,23.6,26.4,29.7,28,11,15.5,12.8
"2026/01/26","2026/01/28","151A","ダイブ","東証およびＰＴＳ",,"確報",0,0,14400,0,0,0,14400,0,0,10238400,0,0,0,10238400,,,0,0,0,144000,0,0,288.4,240.3,360.5,288.4,0,0,0
"2026/01/26","2026/01/28","153A","カウリス","東証およびＰＴＳ",,"確報",18200,600,71800,5500,0,109400,-37600,21421400,706200,84508600,6473500,0,128763800,-44255200,,,0,0,0,1788600,3428700,0,24.8,9.2,16.3,11.8,42.2,871.7,80.5
"2026/01/26","2026/01/28","1540","純金信託","東証およびＰＴＳ",,"確報",5304,1960,111664,0,0,0,111664,126739080,46834200,2668211280,0,0,0,2668211280,,,0,0,0,541600,0,0,27.6,25.4,30.2,27.6,0,0,0
"2026/01/26","2026/01/28","1541","純プラ信","東証およびＰＴＳ",,"確報",1535,2479,40149,364,256,557,39592,22871500,36937100,598220100,5423600,3814400,8299300,589920800,,,0,0,79309490,0,0,866570,11.5,17.9,9,12,1.6,2.9,2.1
"2026/01/26","2026/01/28","1542","純銀信託","東証およびＰＴＳ",,"確報",1699,721,31900,84,0,451,31449,96588150,40988850,1813515000,4775400,0,25639350,1787875650,,,0,0,185222780,0,0,2198330,16.4,24.8,12.9,16.9,4.7,3.5,4
"2026/01/26","2026/01/28","1543","純パラ信","東証およびＰＴＳ",,"確報",119,0,1002,0,0,0,1002,11113410,0,93576780,0,0,0,93576780,,,0,0,4980120,0,0,0,16.4,12.2,25.1,16.4,0,0,0
"2026/01/26","2026/01/28","1545","ナスダックヘッジ無","東証およびＰＴＳ",,"確報",870,154,5030,0,1962,11343,-6313,34582500,6121500,199942500,0,77989500,450884250,-250941750,,,0,0,0,5133660,15832950,0,6.4,4.6,6.3,5.3,15,4.7,7.1
"2026/01/26","2026/01/28","1546","ダウヘッジ無","東証およびＰＴＳ",,"確報",0,21,300,0,21,300,0,0,1545390,22077000,0,1545390,22077000,0,,,0,0,0,934110,934110,0,13.7,7.6,20.4,11,16.8,18.2,17.5
"2026/01/26","2026/01/28","1547","上場米国Ｓ＆Ｐ５００","東証およびＰＴＳ",,"確報",202,284,2783,1,90,1158,1625,2334110,3281620,32157565,11555,1039950,13380690,18776875,,,0,0,0,959775,417745,0,5.1,4.1,3.4,3.7,24.5,25.1,24.8
"2026/01/26","2026/01/28","1550","ＭＸＳ外株ＭＳＣＩ","東証およびＰＴＳ",,"確報",2,0,7,2,0,7,0,14436,0,50526,14436,0,50526,0,,,0,0,0,910,910,0,12,10,15,12,10,15,12
"2026/01/26","2026/01/28","1551","スタンダドＴＯＰ２０","東証およびＰＴＳ",,"確報",0,10,140,0,0,0,140,0,64650,905100,0,0,0,905100,,,0,0,0,20250,0,0,7.3,3.9,58,7.3,0,0,0
"2026/01/26","2026/01/28","1554","上場インデＭＳ世界","東証およびＰＴＳ",,"確報",166,166,1264,0,0,1264,0,994340,994340,7571360,0,0,7571360,0,,,0,0,0,200976,200976,0,5.3,2.9,2.4,2.7,0,0,0
"2026/01/26","2026/01/28","1555","上場インデＡリート","東証およびＰＴＳ",,"確報",0,0,95,0,0,75,20,0,0,239685,0,0,189225,50460,,,0,0,0,3325,2625,0,3.8,5.4,0,10.9,1.8,2,1.9
"2026/01/26","2026/01/28","1557","ＳＰＤＲ５００","東証およびＰＴＳ",,"確報",0,2,160,0,0,0,160,0,212600,17008000,0,0,0,17008000,,,0,0,0,534600,0,0,22.1,16.6,32.7,22.1,0,0,0
"2026/01/26","2026/01/28","1559","ＮＦタイ株","東証およびＰＴＳ",,"確報",0,0,1,0,0,0,1,0,0,4001,0,0,0,4001,,,0,0,0,87,0,0,0,0,0,0,0,0,0
"2026/01/26","2026/01/28","155A","情報戦略テクノロジー","東証およびＰＴＳ",,"確報",19200,15800,93300,1300,900,93300,0,26304000,21646000,127821000,1781000,1233000,127821000,0,,,0,0,0,2607100,2694100,0,12.3,6.7,6.4,6.5,160.9,76.5,103.7
"2026/01/26","2026/01/28","1560","ＮＦマレーシア株","東証およびＰＴＳ",,"確報",0,35,255,0,40,40,215,0,232750,1695750,0,266000,266000,1429750,,,0,0,290,0,0,80,4,2.7,22.3,4.8,1.5,2.8,1.9
"2026/01/26","2026/01/28","1563","東証グロース・コア","東証およびＰＴＳ",,"確報",0,1445,921,0,70,108,813,0,3241135,2065803,0,157010,242244,1823559,,,0,0,0,87542,6586,0,5.6,15.2,3.7,6,5,2.9,3.6
"2026/01/26","2026/01/28","1566","上場ＥＭ債","東証およびＰＴＳ",,"確報",0,33,12,0,45,0,12,0,1782990,648360,0,2431350,0,648360,,,0,0,0,41850,41850,0,1.8,1.9,2.4,2.1,1.4,1.4,1.4
"2026/01/26","2026/01/28","1568","ＴＰレバレッジダブル","東証およびＰＴＳ",,"確報",78680,252100,615370,1100,513330,1110,614260,60780300,194747250,475373325,849750,396547425,857475,474515850,,,0,0,0,26661102,17350892,0,2.6,4.3,2.7,3.3,4,1.2,1.9
"2026/01/26","2026/01/28","1569","トピックスインバース","東証およびＰＴＳ",,"確報",1100,10,25930,0,0,6600,19330,972620,8842,22927306,0,0,5835720,17091586,,,0,0,469476,0,0,124740,4,3.7,2.7,3.1,66,3300,129.4
"2026/01/26","2026/01/28","156A","マテリアルグループ","東証およびＰＴＳ",,"確報",4800,100,15400,2800,0,7000,8400,4478400,93300,14368200,2612400,0,6531000,7837200,,,0,0,42800,0,0,16800,8.6,10.8,26.7,15.3,2.2,7.6,3.4
"2026/01/26","2026/01/28","1570","ＮＦ日経レバ","東証およびＰＴＳ",,"確報",53915,124411,142876,6331,211370,56117,86759,2553953550,5893349070,6768036120,299899470,10012596900,2658262290,4109773830,,,0,0,0,362732400,443965200,0,2.3,3.1,2,2.5,3.5,1.6,2.2
"2026/01/26","2026/01/28","1571","ＮＦ日経インバ","東証およびＰＴＳ",,"確報",0,6724,211757,215,0,784,210973,0,2662704,83855772,85140,0,310464,83545308,,,0,0,1966329,0,0,5121,33.6,47.3,26.3,33.8,4.8,34.7,8.5
"2026/01/26","2026/01/28","1572","Ｈ株レバレッジダブル","東証およびＰＴＳ",,"確報",170,10,3810,0,0,0,3810,1382610,81330,30986730,0,0,0,30986730,,,0,0,0,894250,0,0,7.6,3.9,297,7.6,0,0,0
"2026/01/26","2026/01/28","1573","Ｈ株インバース","東証およびＰＴＳ",,"確報",170,0,1660,10,260,860,800,1308830,0,12780340,76990,2001740,6621140,6159200,,,0,0,0,204130,152070,0,16.2,7,137.8,13.3,75.9,13.3,22.6
"2026/01/26","2026/01/28","1577","ＮＦ日本高配当７０","東証およびＰＴＳ",,"確報",52,0,260,0,0,0,260,2659280,0,13296400,0,0,0,13296400,,,0,0,0,218400,0,0,8.2,4.1,0,8.2,0,0,0
"2026/01/26","2026/01/28","1578","上場インデ２２５ミニ","東証およびＰＴＳ",,"確報",1148,0,3829,0,1,149,3680,4849152,0,16173696,0,4224,629376,15544320,,,0,0,0,174265,9750,0,2.9,2.9,4.1,3.4,107.7,0.3,0.7
"2026/01/26","2026/01/28","1579","日経レバレッジダブル","東証およびＰＴＳ",,"確報",443380,800280,1581740,0,131900,57560,1524180,225902110,407742660,805896530,0,67203050,29326820,776569710,,,0,0,0,36252568,3542902,0,3.8,3.1,4.9,3.8,6.5,2.4,3.5
"2026/01/26","2026/01/28","157A","グリーンモンスター","東証およびＰＴＳ",,"確報",100,3800,35200,0,0,0,35200,122300,4647400,43049600,0,0,0,43049600,,,0,0,0,6768600,0,0,10.7,7.8,17.2,10.7,0,0,0
"2026/01/26","2026/01/28","1580","２２５インバース","東証およびＰＴＳ",,"確報",0,20370,38430,60,10,22730,15700,0,21378315,40332285,62970,10495,23855135,16477150,,,0,0,1117200,0,0,430920,10.1,5.7,7.9,6.6,1628.4,72.1,138.2
"2026/01/26","2026/01/28","1585","ｉＦＥＸ－Ｆ","東証およびＰＴＳ",,"確報",0,0,0,0,0,170,-170,0,0,0,0,0,416075,-416075,,,0,0,0,0,0,0,4.6,0,0,0,2.3,0,4.6
"2026/01/26","2026/01/28","1586","上場ＥＸ－Ｆ","東証およびＰＴＳ",,"確報",15,0,150,0,0,0,150,41295,0,412950,0,0,0,412950,,,0,0,0,6750,0,0,3.3,2.7,5.1,3.5,1,1,1
"2026/01/26","2026/01/28","1591","ＮＦＪＰＸ４００","東証およびＰＴＳ",,"確報",0,0,160,0,100,319,-159,0,0,5137600,0,3211000,10243090,-5105490,,,0,0,0,107200,280730,0,55.3,0,0,0,1992,19.9,39.4
"2026/01/26","2026/01/28","1592","上場ＪＰＸ日経４００","東証およびＰＴＳ",,"確報",0,0,38,0,0,38,0,0,0,111682,0,0,111682,0,,,0,0,0,2432,2432,0,190,95,95,95,0,0,0
"2026/01/26","2026/01/28","1593","ＭＸＳＪＰＸ４００","東証およびＰＴＳ",,"確報",0,0,26,2,0,23,3,0,0,872560,67120,0,771880,100680,,,0,0,0,2080,1680,0,7.3,4,4.5,4.2,29.8,14.9,19.8
"2026/01/26","2026/01/28","1595","ＮＺＡＭ東証ＲＥＩＴ","東証およびＰＴＳ",,"確報",3000,0,6910,0,10,50,6860,6073500,0,13989295,0,20245,101225,13888070,,,0,0,0,50830,780,0,6.5,3.3,99.9,6.5,18.5,7.4,10.6
"2026/01/26","2026/01/28","1596","ＮＺＡＭ　Ｅｘ―Ｆ","東証およびＰＴＳ",,"確報",0,0,0,0,0,0,0,0,0,0,0,0,0,0,,,0,0,0,0,0,0,0,0,0,0,0,0,0
"2026/01/26","2026/01/28","1597","ＭＸＳ　Ｊリート投信","東証およびＰＴＳ",,"確報",100,200,920,0,43,0,920,205800,411600,1893360,0,88494,0,1893360,,,0,0,0,7140,301,0,3.3,6,8.9,7.2,1.1,1,1
"2026/01/26","2026/01/28","1599","ｉＦＪＰＸ日経４００","東証およびＰＴＳ",,"確報",103,0,106,0,0,2,104,3362950,0,3460900,0,0,65300,3395600,,,0,0,0,2220,1480,0,2.4,1.1,58.5,2.2,0,0,0
"2026/01/26","2026/01/28","159A","ＪＰＸプライム１５０","東証およびＰＴＳ",,"確報",0,0,10,0,0,0,10,0,0,6438,0,0,0,6438,,,0,0,0,156,0,0,4,2,0,4,0,0,0
"2026/01/26","2026/01/28","1605","ＩＮＰＥＸ","東証およびＰＴＳ",,"確報",16200,600,135100,300,200,1600,133500,52261200,1935600,435832600,967800,645200,5161600,430671000,,,0,0,0,478000,6000,0,19.5,32.1,16.1,21.4,1.8,2.3,2
"2026/01/26","2026/01/28","160A","アズパートナーズ","東証およびＰＴＳ",,"確報",0,0,5900,0,0,0,5900,0,0,14283900,0,0,0,14283900,,,0,0,0,295000,0,0,37.6,40.3,35.3,37.6,0,0,0
"2026/01/26","2026/01/28","1615","ＮＦ銀行業","東証およびＰＴＳ",,"確報",51270,21890,422380,85250,1500,154450,267930,29787870,12718090,245402780,49530250,871500,89735450,155667330,,,0,0,0,7467000,1343300,0,7.4,4.4,18.3,7.1,4.9,45.6,8.9
"2026/01/26","2026/01/28","1617","ＮＦ食品Ｔ１７","東証およびＰＴＳ",,"確報",96,1,365,24,0,24,341,4076160,42460,15497900,1019040,0,1019040,14478860,,,0,0,0,45900,0,0,4.5,3.4,8.3,4.8,1,1.2,1.1
"2026/01/26","2026/01/28","1618","ＮＦエネ資源Ｔ１７","東証およびＰＴＳ",,"確報",16,0,486,0,67,217,269,514560,0,15629760,0,2154720,6978720,8651040,,,0,0,0,155100,93720,0,6.2,3.6,23.3,6.2,3.9,13.8,6.1
"2026/01/26","2026/01/28","1619","ＮＦ建設資材Ｔ１７","東証およびＰＴＳ",,"確報",15,0,377,5,0,18,359,698250,0,17549350,232750,0,837900,16711450,,,0,0,0,115840,4160,0,7.9,3.9,180.8,7.6,14,0,28
"2026/01/26","2026/01/28","1620","ＮＦ素材化学Ｔ１７","東証およびＰＴＳ",,"確報",0,3,6,0,15,35,-29,0,98730,197460,0,493650,1151850,-954390,,,0,0,0,5850,32500,0,4.1,3.4,10.3,5.2,3.2,5.3,4
"2026/01/26","2026/01/28","1621","ＮＦ医薬品Ｔ１７","東証およびＰＴＳ",,"確報",21,0,235,0,19,0,235,639660,0,7158100,0,578740,0,7158100,,,0,0,0,47080,4180,0,8.4,5,865,10,1,1,1
"2026/01/26","2026/01/28","1622","ＮＦ自動車Ｔ１７","東証およびＰＴＳ",,"確報",21,90,37,45,20,60,-23,775320,3322800,1366040,1661400,738400,2215200,-849160,,,0,0,0,121900,40250,0,3.2,2.6,2.5,2.6,4.5,7,5.5
"2026/01/26","2026/01/28","1623","ＮＦ鉄鋼非鉄Ｔ１７","東証およびＰＴＳ",,"確報",0,58,416,0,0,6,410,0,2860560,20517120,0,0,295920,20221200,,,0,0,0,260700,3300,0,6.9,3.9,30.4,6.9,13,6.5,8.7
"2026/01/26","2026/01/28","1624","ＮＦ機械Ｔ１７","東証およびＰＴＳ",,"確報",18,0,59,0,2,6,53,1500840,0,4919420,0,166760,500280,4419140,,,0,0,0,36900,7200,0,3.7,2.9,4.3,3.4,0,2.5,5
"2026/01/26","2026/01/28","1625","ＮＦ電機精密Ｔ１７","東証およびＰＴＳ",,"確報",32,0,53,1,2,24,29,1634560,0,2707240,51080,102160,1225920,1481320,,,0,0,0,23520,28000,0,4,1.8,4.7,2.6,24.6,8.2,12.3
"2026/01/26","2026/01/28","1626","ＮＦ情通・他Ｔ１７","東証およびＰＴＳ",,"確報",0,0,1,0,0,0,1,0,0,41290,0,0,0,41290,,,0,0,0,690,0,0,5,0,2.5,5,0,0,0
"2026/01/26","2026/01/28","1627","ＮＦ電力ガスＴ１７","東証およびＰＴＳ",,"確報",1,20,68,0,0,1,67,11645,232900,791860,0,0,11645,780215,,,0,0,0,19140,220,0,2,1.9,2.1,2,2,4,2.7
"2026/01/26","2026/01/28","1628","ＮＦ運輸物流Ｔ１７","東証およびＰＴＳ",,"確報",0,3,153,0,0,157,-4,0,63030,3214530,0,0,3298570,-84040,,,0,0,0,10140,10205,0,21.5,7.8,17.4,10.8,0,787,1574
"2026/01/26","2026/01/28","1629","ＮＦ商社卸売Ｔ１７","東証およびＰＴＳ",,"確報",2,25,222,10,0,10,212,244000,3050000,27084000,1220000,0,1220000,25864000,,,0,0,0,771750,0,0,7.8,7.2,9,8,1,0,2
"2026/01/26","2026/01/28","162A","ＡＩセレクトＥＴＮ","東証およびＰＴＳ",,"確報",0,0,0,0,0,0,0,0,0,0,0,0,0,0,,,0,0,0,0,0,0,0,0,0,0,0,0,0
"2026/01/26","2026/01/28","1630","ＮＦ小売Ｔ１７","東証およびＰＴＳ",,"確報",60,0,308,0,0,14,294,2226600,0,11429880,0,0,519540,10910340,,,0,0,0,47120,2660,0,5.4,3.1,15.7,5.2,18.5,18.5,18.5
"2026/01/26","2026/01/28","1631","ＮＦ銀行Ｔ１７","東証およびＰＴＳ",,"確報",5,0,122,0,3,3,119,156250,0,3812500,0,93750,93750,3718750,,,0,0,0,99450,5100,0,6.9,5,23.3,8.3,1.5,1.8,1.7
"2026/01/26","2026/01/28","1632","ＮＦ金融Ｔ１７","東証およびＰＴＳ",,"確報",0,0,9,0,0,3,6,0,0,310680,0,0,103560,207120,,,0,0,0,8280,2760,0,4.7,3.8,5,4.3,3.7,0,7.3
"2026/01/26","2026/01/28","1633","ＮＦ不動産Ｔ１７","東証およびＰＴＳ",,"確報",0,58,35,0,0,4,31,0,3126200,1886500,0,0,215600,1670900,,,0,0,0,46500,2000,0,3.6,2.9,4.5,3.5,4.5,9,6
"2026/01/26","2026/01/28","163A","半導体ＥＴＮ","東証およびＰＴＳ",,"確報",0,43,21,0,0,0,21,0,609310,297570,0,0,0,297570,,,0,0,0,25600,0,0,1.6,1.5,1.7,1.6,0,0,0
"2026/01/26","2026/01/28","1651","ｉＦ高配当４０","東証およびＰＴＳ",,"確報",600,0,2210,0,0,0,2210,1668000,0,6143800,0,0,0,6143800,,,0,0,0,90160,0,0,18.8,10.1,135,18.8,0,0,0
"2026/01/26","2026/01/28","1652","ｉＦ女性活躍ＷＩＮ","東証およびＰＴＳ",,"確報",0,0,0,0,0,0,0,0,0,0,0,0,0,0,,,0,0,0,0,0,0,0,0,0,0,0,0,0
"2026/01/26","2026/01/28","1653","ｉＦＥＳＧセレクト","東証およびＰＴＳ",,"確報",0,0,0,0,90,0,0,0,0,0,0,414900,0,0,,,0,0,0,0,8550,0,2.3,0,0,0,10.5,1.3,2.3
"2026/01/26","2026/01/28","1654","ｉＦブロッサム","東証およびＰＴＳ",,"確報",0,0,0,0,0,0,0,0,0,0,0,0,0,0,,,0,0,0,0,0,0,0,0,0,0,0,0,0
"2026/01/26","2026/01/28","1655","ｉＳＳＰ５００米国株","東証およびＰＴＳ",,"確報",16720,0,87670,0,2020,32050,55620,12876072,0,67514667,0,1555602,24681705,42832962,,,0,0,0,1716990,824494,0,17.5,12.7,36.1,18.7,17.8,13.5,15.4
"2026/01/26","2026/01/28","1656","ｉＳ米国債七十","東証およびＰＴＳ",,"確報",4500,0,6780,0,0,0,6780,1395000,0,2101800,0,0,0,2101800,,,0,0,0,17328,0,0,1.9,1.3,4.8,2,1,1,1
"2026/01/26","2026/01/28","1657","ｉＳＭＳＣＩ先進国株","東証およびＰＴＳ",,"確報",90,0,90,0,0,0,90,584190,0,584190,0,0,0,584190,,,0,0,0,0,0,0,2,1.1,12.3,2,0,0,0
"2026/01/26","2026/01/28","1658","ｉＳＭＳＣＩ新興国株","東証およびＰＴＳ",,"確報",200,0,240,0,0,0,240,764000,0,916800,0,0,0,916800,,,0,0,0,3200,0,0,4,2,0,4,0,0,0
"2026/01/26","2026/01/28","1659","ｉＳ米国リート","東証およびＰＴＳ",,"確報",174,0,175,0,41,19,156,585684,0,589050,0,138006,63954,525096,,,0,0,0,88,5280,0,1.4,1,1.2,1.1,5.2,2,2.9
"2026/01/26","2026/01/28","1660","ＭＸＳ高利Ｊリート","東証およびＰＴＳ",,"確報",2,0,111,0,0,18,93,23380,0,1297590,0,0,210420,1087170,,,0,0,0,2180,360,0,5,3.6,27.3,6.4,2.6,3.4,2.9
"2026/01/26","2026/01/28","1662","石油資源開発","東証およびＰＴＳ",,"確報",8800,400,189900,9200,600,17900,172000,16632000,756000,358911000,17388000,1134000,33831000,325080000,,,0,0,544500,0,0,27900,3,3,2.9,3,3.5,4,3.8
"2026/01/26","2026/01/28","1663","Ｋ＆Ｏエナジー","東証およびＰＴＳ",,"確報",19900,6500,42600,500,0,29700,12900,83978000,27430000,179772000,2110000,0,125334000,54438000,,,0,0,0,146000,146000,0,5.1,2.7,3,2.8,51,54.7,52.8
"2026/01/26","2026/01/28","166A","タスキＨＤ","東証およびＰＴＳ",,"確報",7500,0,82800,0,0,400,82400,6607500,0,72946800,0,0,352400,72594400,,,0,0,0,1280100,6800,0,27.3,16.8,81.7,27.9,2.6,13,4.3
"2026/01/26","2026/01/28","1671","ＷＴＩ原油ＥＴＦ","東証およびＰＴＳ",,"確報",4747,100,6318,0,7820,16115,-9797,14962544,315200,19914336,0,24648640,50794480,-30880144,,,0,0,0,0,0,0,5.2,5,2.9,3.7,6.9,4.8,5.7
"2026/01/26","2026/01/28","1672","金ＥＴＦ","東証およびＰＴＳ",,"確報",0,0,0,0,0,0,0,0,0,0,0,0,0,0,,,0,0,0,0,0,0,0,0,0,0,0,0,0
"2026/01/26","2026/01/28","1673","銀ＥＴＦ","東証およびＰＴＳ",,"確報",0,80,0,0,0,0,0,0,1285200,0,0,0,0,0,,,0,0,136400,0,0,0,1.5,1.6,1.4,1.5,0,0,0
"2026/01/26","2026/01/28","1674","プラチナＥＴＦ","東証およびＰＴＳ",,"確報",0,11,0,0,0,0,0,0,440220,0,0,0,0,0,,,0,0,16610,0,0,0,1,1,1,1,0,0,0
"2026/01/26","2026/01/28","1675","パラジＥＴＦ","東証およびＰＴＳ",,"確報",0,0,0,0,0,0,0,0,0,0,0,0,0,0,,,0,0,0,0,0,0,0,0,0,0,0,0,0
"2026/01/26","2026/01/28","1676","キンゾクＥＴＦ","東証およびＰＴＳ",,"確報",0,0,0,0,0,0,0,0,0,0,0,0,0,0,,,0,0,0,0,0,0,0,0,0,0,0,0,0
"2026/01/26","2026/01/28","1677","上場外債","東証およびＰＴＳ",,"確報",0,0,0,0,0,0,0,0,0,0,0,0,0,0,,,0,0,0,0,0,0,0,0,0,0,0,0,0
"2026/01/26","2026/01/28","1678","ＮＦインド株","東証およびＰＴＳ",,"確報",24060,3050,101800,0,0,0,101800,8096190,1026325,34255700,0,0,0,34255700,,,0,0,0,662478,0,0,17,13.4,23.3,17,0,0,0
"2026/01/26","2026/01/28","1679","ＮＹダウ","東証およびＰＴＳ",,"確報",0,0,0,0,0,0,0,0,0,0,0,0,0,0,,,0,0,0,0,0,0,0,0,0,0,0,0,0
"2026/01/26","2026/01/28","167A","リョーサン菱洋","東証およびＰＴＳ",,"確報",7800,5900,21300,1900,0,21300,0,24414000,18467000,66669000,5947000,0,66669000,0,,,0,0,0,1649000,1649000,0,8.6,5,4.9,5,37.2,31.6,34.2
"2026/01/26","2026/01/28","1680","上場ＭＳコク","東証およびＰＴＳ",,"確報",0,0,0,0,0,0,0,0,0,0,0,0,0,0,,,0,0,0,0,0,0,0,0,0,0,0,0,0
"2026/01/26","2026/01/28","1681","上場ＭＳエマ","東証およびＰＴＳ",,"確報",1,0,30,1,0,30,0,2879,0,86370,2879,0,86370,0,,,0,0,0,2030,2030,0,5.5,7.7,4.3,5.5,7.7,4.3,5.5
"2026/01/26","2026/01/28","1684","商品ＥＴＦ","東証およびＰＴＳ",,"確報",0,0,0,0,0,0,0,0,0,0,0,0,0,0,,,0,0,0,0,0,0,0,0,0,0,0,0,0
"2026/01/26","2026/01/28","1685","エナジーＥＴＦ","東証およびＰＴＳ",,"確報",0,0,0,0,0,0,0,0,0,0,0,0,0,0,,,0,0,0,0,0,0,0,0,0,0,0,0,0
"2026/01/26","2026/01/28","1686","メタルＥＴＦ","東証およびＰＴＳ",,"確報",0,0,0,0,0,0,0,0,0,0,0,0,0,0,,,0,0,0,0,0,0,0,0,0,0,0,0,0
"2026/01/26","2026/01/28","1687","アグリＥＴＦ","東証およびＰＴＳ",,"確報",0,0,0,0,0,0,0,0,0,0,0,0,0,0,,,0,0,0,0,0,0,0,0,0,0,0,0,0
"2026/01/26","2026/01/28","1688","穀物ＥＴＦ","東証およびＰＴＳ",,"確報",0,0,0,0,0,0,0,0,0,0,0,0,0,0,,,0,0,0,0,0,0,0,0,0,0,0,0,0
"2026/01/26","2026/01/28","1689","ガスＥＴＦ","東証およびＰＴＳ",,"確報",0,0,0,0,0,0,0,0,0,0,0,0,0,0,,,0,0,0,0,0,0,0,0,0,0,0,0,0
"2026/01/26","2026/01/28","168A","イタミアート","東証およびＰＴＳ",,"確報",1300,3300,15300,0,0,0,15300,2047500,5197500,24097500,0,0,0,24097500,,,0,0,86500,0,0,0,6.5,6.4,6.7,6.5,0,0,0
"2026/01/26","2026/01/28","1690","原油ＥＴＦ","東証およびＰＴＳ",,"確報",0,0,0,0,0,0,0,0,0,0,0,0,0,0,,,0,0,0,0,0,0,0,0,0,0,0,0,0
"2026/01/26","2026/01/28","1691","ガソリンＥＴＦ","東証およびＰＴＳ",,"確報",0,0,0,0,0,0,0,0,0,0,0,0,0,0,,,0,0,0,0,0,0,0,0,0,0,0,0,0
"2026/01/26","2026/01/28","1692","アルミＥＴＦ","東証およびＰＴＳ",,"確報",0,0,0,0,0,0,0,0,0,0,0,0,0,0,,,0,0,0,0,0,0,0,0,0,0,0,0,0
"2026/01/26","2026/01/28","1693","銅ＥＴＦ","東証およびＰＴＳ",,"確報",0,0,4000,0,0,0,4000,0,0,31960000,0,0,0,31960000,,,0,0,0,508000,0,0,0,0,0,0,0,0,0
"2026/01/26","2026/01/28","1694","ニッケルＥＴＦ","東証およびＰＴＳ",,"確報",0,0,10,0,0,0,10,0,0,25350,0,0,0,25350,,,0,0,0,620,0,0,10,5,0,10,0,0,0
"2026/01/26","2026/01/28","1695","小麦ＥＴＦ","東証およびＰＴＳ",,"確報",0,0,1100,0,0,0,1100,0,0,3042600,0,0,0,3042600,,,0,0,12100,0,0,0,0,0,0,0,0,0,0
"2026/01/26","2026/01/28","1696","コーンＥＴＦ","東証およびＰＴＳ",,"確報",0,0,0,0,0,0,0,0,0,0,0,0,0,0,,,0,0,0,0,0,0,0,0,0,0,0,0,0
"2026/01/26","2026/01/28","1697","大豆ＥＴＦ","東証およびＰＴＳ",,"確報",0,0,0,0,0,0,0,0,0,0,0,0,0,0,,,0,0,0,0,0,0,0,0,0,0,0,0,0
"2026/01/26","2026/01/28","1698","上場配当","東証およびＰＴＳ",,"確報",490,0,1208,0,0,0,1208,1901690,0,4688248,0,0,0,4688248,,,0,0,0,67492,0,0,7.9,4.2,75,7.9,0,0,0
"2026/01/26","2026/01/28","1699","ＮＦ原油先物","東証およびＰＴＳ",,"確報",10420,1000,12700,0,3250,67810,-55110,4219058,404900,5142230,0,1315925,27456269,-22314039,,,0,0,0,1968,42636,0,13.6,2.2,3.7,2.7,14.8,27.8,19.3
"2026/01/26","2026/01/28","170A","ＳＭＴ　日本好配当株","東証およびＰＴＳ",,"確報",0,0,127,0,0,0,127,0,0,340106,0,0,0,340106,,,0,0,0,7620,0,0,9.9,4.9,0,9.9,0,0,0
"2026/01/26","2026/01/28","1711","ＳＤＳＨＤ","東証およびＰＴＳ",,"確報",300,200,24900,0,0,0,24900,77700,51800,6449100,0,0,0,6449100,,,0,0,0,24800,0,0,62.7,37,203.7,62.7,0,0,0
"2026/01/26","2026/01/28","1716","第一カッター興業","東証およびＰＴＳ",,"確報",200,0,107500,400,0,2500,105000,273800,0,147167500,547600,0,3422500,143745000,,,0,0,0,3004400,58800,0,244.7,898.2,538.9,673.6,7.8,8.4,8.1
"2026/01/26","2026/01/28","1717","明豊ファシリワークス","東証およびＰＴＳ",,"確報",1300,0,12100,0,0,0,12100,1452100,0,13515700,0,0,0,13515700,,,0,0,0,129600,0,0,35.5,19,266.5,35.5,0,0,0
"2026/01/26","2026/01/28","1718","美樹工業","東証およびＰＴＳ",,"確報",100,0,2300,0,0,0,2300,855000,0,19665000,0,0,0,19665000,,,0,0,0,440000,0,0,114,114,114,114,0,0,0
"2026/01/26","2026/01/28","1719","安藤・間","東証およびＰＴＳ",,"確報",0,900,31300,6100,0,21400,9900,0,1810800,62975600,12273200,0,43056800,19918800,,,0,0,0,676200,321300,0,11.9,7.1,29.9,11.5,7.2,52.7,12.7
"2026/01/26","2026/01/28","1720","東急建設","東証およびＰＴＳ",,"確報",0,400,13900,200,2500,10900,3000,0,528800,18375800,264400,3305000,14409800,3966000,,,0,0,0,657800,607200,0,4.7,3.1,3,3.1,60.1,12.2,20.3
"2026/01/26","2026/01/28","1721","コムシスＨＤ","東証およびＰＴＳ",,"確報",0,600,8100,800,700,7200,900,0,2934600,39617100,3912800,3423700,35215200,4401900,,,0,0,0,826500,674500,0,8.6,7.9,5.7,6.6,23.2,8.6,12.6
"2026/01/26","2026/01/28","1723","日本電技","東証およびＰＴＳ",,"確報",400,100,8100,0,0,0,8100,4008000,1002000,81162000,0,0,0,81162000,,,0,0,78000,0,0,0,18.8,23.5,15.7,18.8,0,0,0
"2026/01/26","2026/01/28","1724","シンクレイヤ","東証およびＰＴＳ",,"確報",100,200,2500,0,0,0,2500,74400,148800,1860000,0,0,0,1860000,,,0,0,23400,0,0,0,33.4,23.4,58.5,33.4,0,0,0
"2026/01/26","2026/01/28","1726","ＢＲホールディングス","東証およびＰＴＳ",,"確報",0,0,13600,0,0,0,13600,0,0,4814400,0,0,0,4814400,,,0,0,0,68000,0,0,83.6,167.3,55.8,83.6,0,0,0
"2026/01/26","2026/01/28","1736","オーテック","東証およびＰＴＳ",,"確報",200,0,5100,0,0,0,5100,534000,0,13617000,0,0,0,13617000,,,0,0,0,215600,0,0,39.8,29.9,59.8,39.8,0,0,0
"2026/01/26","2026/01/28","173A","ハンモック","東証およびＰＴＳ",,"確報",100,0,1400,0,0,0,1400,160100,0,2241400,0,0,0,2241400,,,0,0,83200,0,0,0,132,66,0,132,0,0,0
"2026/01/26","2026/01/28","1758","太洋基礎工業","東証およびＰＴＳ",,"確報",100,0,700,0,0,0,700,269300,0,1885100,0,0,0,1885100,,,0,0,0,21600,0,0,62,31,0,62,0,0,0
"2026/01/26","2026/01/28","175A","Ｗｉｌｌ　Ｓｍａｒｔ","東証およびＰＴＳ",,"確報",0,0,65900,0,0,0,65900,0,0,55685500,0,0,0,55685500,,,0,0,0,527200,0,0,825.5,1100.7,660.4,825.5,0,0,0
"2026/01/26","2026/01/28","1762","高松コンストラクシＧ","東証およびＰＴＳ",,"確報",1900,200,20000,100,2000,49000,-29000,7467000,786000,78600000,393000,7860000,192570000,-113970000,,,0,0,0,2013000,5599000,0,80.1,35.3,29.8,32.3,843.3,101.2,180.7
"2026/01/26","2026/01/28","1764","工藤建設","東証およびＰＴＳ",,"確報",100,0,200,0,0,0,200,290700,0,581400,0,0,0,581400,,,0,0,0,2200,0,0,6,6,6,6,0,0,0
"2026/01/26","2026/01/28","1766","東建コーポレーション","東証およびＰＴＳ",,"確報",0,0,400,1500,0,8900,-8500,0,0,6056000,22710000,0,134746000,-128690000,,,0,0,84000,0,0,1554000,12.4,8,2.3,3.6,10.9,27.4,15.6
"2026/01/26","2026/01/28","1768","ソネック","東証およびＰＴＳ",,"確報",0,0,2800,0,0,100,2700,0,0,4284000,0,0,153000,4131000,,,0,0,0,50400,1800,0,19.3,157,14.3,26.2,3.5,2.3,2.8
"2026/01/26","2026/01/28","1770","藤田エンジニアリング","東証およびＰＴＳ",,"確報",0,0,300,0,0,0,300,0,0,528000,0,0,0,528000,,,0,0,0,7500,0,0,16,16,16,16,0,0,0
"2026/01/26","2026/01/28","1773","ワイ・ティー・エル","東証およびＰＴＳ",,"確報",0,0,5000,0,0,0,5000,0,0,435000,0,0,0,435000,,,0,0,0,15000,0,0,5.3,0,2.7,5.3,0,0,0
"2026/01/26","2026/01/28","1776","三井住建道路","東証およびＰＴＳ",,"確報",0,0,6800,0,0,0,6800,0,0,10798400,0,0,0,10798400,,,0,0,0,68000,0,0,35,116.7,20.6,35,0,0,0
"2026/01/26","2026/01/28","177A","コージンバイオ","東証およびＰＴＳ",,"確報",0,0,2900,0,0,0,2900,0,0,3920800,0,0,0,3920800,,,0,0,0,46400,0,0,147,0,73.5,147,0,0,0
"2026/01/26","2026/01/28","1780","ヤマウラ","東証およびＰＴＳ",,"確報",0,300,26400,0,6000,6100,20300,0,445800,39230400,0,8916000,9064600,30165800,,,0,0,0,373800,169400,0,14.5,14.4,306.8,27.6,5.8,5.8,5.8
"2026/01/26","2026/01/28","1783","ｆａｎｔａｓｉｓｔａ","東証およびＰＴＳ",,"確報",0,0,0,0,0,0,0,0,0,0,0,0,0,0,,,0,0,0,0,0,0,0,0,0,0,0,0,0
"2026/01/26","2026/01/28","1786","オリエンタル白石","東証およびＰＴＳ",,"確報",30100,8300,71300,1600,0,122000,-50700,12672100,3494300,30017300,673600,0,51362000,-21344700,,,0,0,0,693000,1685600,0,10.9,3.9,5.3,4.5,21.2,0,42.3
"2026/01/26","2026/01/28","1787","ナカボーテック","東証およびＰＴＳ",,"確報",0,0,0,0,0,0,0,0,0,0,0,0,0,0,,,0,0,0,0,0,0,0,0,0,0,0,0,0
"2026/01/26","2026/01/28","1788","三東工業社","東証およびＰＴＳ",,"確報",500,0,600,0,0,0,600,2660000,0,3192000,0,0,0,3192000,,,0,0,11000,0,0,0,4,2,0,4,0,0,0
"2026/01/26","2026/01/28","178A","ＧＸ革新優良企業","東証およびＰＴＳ",,"確報",35,24,13537,0,0,0,13537,52360,35904,20251352,0,0,0,20251352,,,0,0,0,649248,0,0,7.8,4,132.3,7.8,0,0,0
"2026/01/26","2026/01/28","1793","大本組","東証およびＰＴＳ",,"確報",0,0,300,0,0,0,300,0,0,478500,0,0,0,478500,,,0,0,0,0,0,0,0,0,0,0,0,0,0
"2026/01/26","2026/01/28","1795","マサル","東証およびＰＴＳ",,"確報",0,0,0,0,0,0,0,0,0,0,0,0,0,0,,,0,0,0,0,0,0,0,0,0,0,0,0,0
"2026/01/26","2026/01/28","1798","守谷商会","東証およびＰＴＳ",,"確報",0,0,25900,0,0,0,25900,0,0,175343000,0,0,0,175343000,,,0,0,259000,0,0,0,521.6,1304,326,521.6,0,0,0
"2026/01/26","2026/01/28","1799","第一建設工業","東証およびＰＴＳ",,"確報",0,100,8400,0,0,100,8300,0,384500,32298000,0,0,384500,31913500,,,0,0,0,127500,1500,0,84,46.1,415,83,0,0,0
"2026/01/26","2026/01/28","179A","ＧＸ超長期米国債Ｈ","東証およびＰＴＳ",,"確報",0,0,38830,0,0,60,38770,0,0,10289950,0,0,15900,10274050,,,0,0,97075,0,0,150,8.1,4,7778.5,8.1,27,0,54
"2026/01/26","2026/01/28","1801","大成建設","東証およびＰＴＳ",,"確報",44400,2900,77200,500,0,7000,70200,684648000,44718000,1190424000,7710000,0,107940000,1082484000,,,0,0,0,14458500,2632500,0,7.4,4.6,13.1,6.8,16.1,13.8,14.8
"2026/01/26","2026/01/28","1802","大林組","東証およびＰＴＳ",,"確報",20400,600,50500,1000,7100,24600,25900,72542400,2133600,179578000,3556000,25247600,87477600,92100400,,,0,0,0,2149000,2149000,0,8.9,5.2,11,7.1,11.5,15.2,13.1
"2026/01/26","2026/01/28","1803","清水建設","東証およびＰＴＳ",,"確報",3600,0,70600,500,5300,27800,42800,9752400,0,191255400,1354500,14357700,75310200,115945200,,,0,0,0,6432000,3129600,0,10.7,7.2,26,11.2,12.4,8.1,9.8
"2026/01/26","2026/01/28","1807","佐藤渡辺","東証およびＰＴＳ",,"確報",0,0,1800,0,0,0,1800,0,0,3483000,0,0,0,3483000,,,0,0,12600,0,0,0,0,0,0,0,0,0,0
"2026/01/26","2026/01/28","1808","長谷工コーポ","東証およびＰＴＳ",,"確報",15800,300,58400,1700,600,62700,-4300,50702200,962700,187405600,5455300,1925400,201204300,-13798700,,,0,0,0,2187900,3141600,0,8,3.8,4,3.9,52.3,146.8,77.1
"2026/01/26","2026/01/28","180A","ＧＸ超長期米国債","東証およびＰＴＳ",,"確報",10,0,50060,0,0,1190,48870,2946,0,14747676,0,0,350574,14397102,,,0,0,0,335335,7973,0,1092,4170.8,3575,3850,0,18.7,37.5
"2026/01/26","2026/01/28","1810","松井建設","東証およびＰＴＳ",,"確報",0,200,11000,300,0,6400,4600,0,310000,17050000,465000,0,9920000,7130000,,,0,0,0,470400,256200,0,56.1,111.8,186.3,139.8,20.7,38.9,27
"2026/01/26","2026/01/28","1811","銭高組","東証およびＰＴＳ",,"確報",700,100,3800,600,0,3800,0,5684000,812000,30856000,4872000,0,30856000,0,,,0,0,0,1216000,1216000,0,21.4,16.5,20.2,18.2,22.8,30.3,26
"2026/01/26","2026/01/28","1812","鹿島建設","東証およびＰＴＳ",,"確報",500,6200,37600,0,800,4300,33300,3181000,39444400,239211200,0,5089600,27356600,211854600,,,0,0,0,6148600,724200,0,13.2,27,9.3,13.8,10,8.7,9.3
"2026/01/26","2026/01/28","1813","不動テトラ","東証およびＰＴＳ",,"確報",4600,5100,45800,100,600,45800,0,14076000,15606000,140148000,306000,1836000,140148000,0,,,0,0,0,4630000,4630000,0,25.8,14,14.9,14.4,93.2,166.5,119.5
"2026/01/26","2026/01/28","1814","大末建設","東証およびＰＴＳ",,"確報",30500,9200,35700,0,400,14000,21700,117272500,35374000,137266500,0,1538000,53830000,83436500,,,0,0,0,1584000,1584000,0,2.4,1.4,1.5,1.5,357.5,119.2,178.8
"2026/01/26","2026/01/28","1815","鉄建建設","東証およびＰＴＳ",,"確報",800,700,10800,0,2700,7900,2900,3948000,3454500,53298000,0,13324500,38986500,14311500,,,0,0,0,2086500,2067000,0,12.6,14.1,9.8,11.6,33.5,8.8,13.9
"2026/01/26","2026/01/28","181A","ＭＸ米債１－３ヘ無","東証およびＰＴＳ",,"確報",0,0,0,0,0,0,0,0,0,0,0,0,0,0,,,0,0,0,0,0,0,0,0,0,0,0,0,0
"2026/01/26","2026/01/28","1820","西松建設","東証およびＰＴＳ",,"確報",400,200,12300,400,200,12300,0,2336000,1168000,71832000,2336000,1168000,71832000,0,,,0,0,0,1585100,1585100,0,52.3,28.6,50.1,36.4,54.6,300.5,92.5
"2026/01/26","2026/01/28","1822","大豊建設","東証およびＰＴＳ",,"確報",1900,0,33900,4000,0,42200,-8300,1516200,0,27052200,3192000,0,33675600,-6623400,,,0,0,0,416000,496600,0,29.7,22.9,20.1,21.4,24.2,277,44.6
"2026/01/26","2026/01/28","1826","佐田建設","東証およびＰＴＳ",,"確報",0,500,6300,0,0,0,6300,0,600000,7560000,0,0,0,7560000,,,0,0,0,136000,0,0,14.2,70.1,7.9,14.2,0,0,0
"2026/01/26","2026/01/28","1827","ナカノフドー建設","東証およびＰＴＳ",,"確報",1600,300,48900,1300,0,48900,0,1804800,338400,55159200,1466400,0,55159200,0,,,0,0,0,1761200,1761200,0,112.7,83.6,93.2,88.1,142.6,173.1,156.4
"2026/01/26","2026/01/28","1828","田辺工業","東証およびＰＴＳ",,"確報",200,0,5700,0,0,0,5700,545600,0,15549600,0,0,0,15549600,,,0,0,0,231000,0,0,14.2,8.3,49.8,14.2,0,0,0
"2026/01/26","2026/01/28","182A","ＭＸ米債２０超ヘ無","東証およびＰＴＳ",,"確報",0,0,0,0,0,0,0,0,0,0,0,0,0,0,,,0,0,0,0,0,0,0,0,0,0,0,0,0
"2026/01/26","2026/01/28","1833","奥村組","東証およびＰＴＳ",,"確報",1900,6500,6000,0,500,6000,0,12293000,42055000,38820000,0,3235000,38820000,0,,,0,0,0,2544000,1560000,0,8.3,8.2,5.7,6.7,7.9,28.6,12.4
"2026/01/26","2026/01/28","1835","東鉄工業","東証およびＰＴＳ",,"確報",500,200,1900,0,200,400,1500,2360000,944000,8968000,0,944000,1888000,7080000,,,0,0,0,176000,66000,0,9.7,12.3,21.5,15.6,3.5,4.2,3.8
"2026/01/26","2026/01/28","183A","ＭＸ米債２０超ヘ有","東証およびＰＴＳ",,"確報",0,0,0,0,0,0,0,0,0,0,0,0,0,0,,,0,0,0,0,0,0,0,0,0,0,0,0,0
"2026/01/26","2026/01/28","1840","土屋ホールディングス","東証およびＰＴＳ",,"確報",0,600,12400,0,0,0,12400,0,136800,2827200,0,0,0,2827200,,,0,0,0,26000,0,0,79.8,159.5,53.2,79.8,0,0,0
"2026/01/26","2026/01/28","1841","サンユー建設","東証およびＰＴＳ",,"確報",0,0,0,0,0,0,0,0,0,0,0,0,0,0,,,0,0,0,0,0,0,0,0,0,0,0,0,0
"2026/01/26","2026/01/28","1844","大盛工業","東証およびＰＴＳ",,"確報",600,0,58400,0,0,0,58400,375000,0,36500000,0,0,0,36500000,,,0,0,0,924800,0,0,21.9,19.1,25.7,21.9,0,0,0
"2026/01/26","2026/01/28","1847","イチケン","東証およびＰＴＳ",,"確報",0,0,8100,0,0,0,8100,0,0,40054500,0,0,0,40054500,,,0,0,0,324000,0,0,268.7,201.5,403,268.7,0,0,0
"2026/01/26","2026/01/28","1848","富士ピー・エス","東証およびＰＴＳ",,"確報",0,0,4100,300,0,1500,2600,0,0,2546100,186300,0,931500,1614600,,,0,0,0,61500,18000,0,9.6,98.7,5.3,10,13.3,6.2,8.4
"2026/01/26","2026/01/28","184A","学びエイド","東証およびＰＴＳ",,"確報",0,0,3500,0,0,0,3500,0,0,1498000,0,0,0,1498000,,,0,0,3500,0,0,0,352,0,176,352,0,0,0
"2026/01/26","2026/01/28","1850","南海辰村建設","東証およびＰＴＳ",,"確報",1300,0,53500,0,0,0,53500,780000,0,32100000,0,0,0,32100000,,,0,0,0,1409400,0,0,51.4,123.8,32.4,51.4,0,0,0
"2026/01/26","2026/01/28","1852","浅沼組","東証およびＰＴＳ",,"確報",1100,100,38200,300,600,2500,35700,1201200,109200,41714400,327600,655200,2730000,38984400,,,0,0,0,855600,64400,0,30.5,26.9,80.7,40.4,3.5,12.3,5.4
"2026/01/26","2026/01/28","1853","森組","東証およびＰＴＳ",,"確報",0,600,5100,0,0,0,5100,0,206400,1754400,0,0,0,1754400,,,0,0,0,11400,0,0,8.4,47.9,4.6,8.4,0,0,0
"2026/01/26","2026/01/28","1860","戸田建設","東証およびＰＴＳ",,"確報",700,7200,30900,1200,0,41300,-10400,961800,9892800,42456600,1648800,0,56746200,-14289600,,,0,0,0,1159400,1243100,0,22.2,20.4,11.2,14.4,33.9,60.9,43.6
"2026/01/26","2026/01/28","1861","熊谷組","東証およびＰＴＳ",,"確報",74500,0,171100,700,2265600,730100,-559000,131194500,0,301307100,1232700,3989721600,1285706100,-984399000,,,0,0,0,2608200,80865000,0,5.6,6.4,4.5,5.3,6.6,4.9,5.6
"2026/01/26","2026/01/28","1866","北野建設","東証およびＰＴＳ",,"確報",0,0,370700,0,200,10100,360600,0,0,569765900,0,307400,15523700,554242200,,,0,0,0,370700,10300,0,1813,9268.5,9999.9,9999.9,31.2,249.5,55.4
"2026/01/26","2026/01/28","1867","植木組","東証およびＰＴＳ",,"確報",400,100,24400,0,0,100,24300,1136400,284100,69320400,0,0,284100,69036300,,,0,0,0,1180900,4900,0,152.4,242.8,110.4,151.8,0,0,0
"2026/01/26","2026/01/28","186A","アストロスケール","東証およびＰＴＳ",,"確報",323600,314600,876100,9000,0,876100,0,309361600,300757600,837551600,8604000,0,837551600,0,,,0,0,12139400,0,0,12139400,9,4.7,4.6,4.6,332.7,96.2,149.3
"2026/01/26","2026/01/28","1870","矢作建設工業","東証およびＰＴＳ",,"確報",200,500,11500,300,1200,7600,3900,480400,1201000,27623000,720600,2882400,18255200,9367800,,,0,0,0,601800,433500,0,37.7,72.3,57.8,64.2,32.5,19.2,24.1
"2026/01/26","2026/01/28","1871","ピーエス","東証およびＰＴＳ",,"確報",100,500,22100,100,500,22100,0,317000,1585000,70057000,317000,1585000,70057000,0,,,0,0,0,1350000,1350000,0,28.1,18.3,43.2,25.7,20.8,60.1,30.9
"2026/01/26","2026/01/28","1873","日本ハウスＨＤ","東証およびＰＴＳ",,"確報",0,1400,5900,0,0,0,5900,0,450800,1899800,0,0,0,1899800,,,0,0,0,21900,0,0,14.7,12.2,18.3,14.7,0,0,0
"2026/01/26","2026/01/28","1878","大東建託","東証およびＰＴＳ",,"確報",700,1400,27500,1800,0,3200,24300,2160900,4321800,84892500,5556600,0,9878400,75014100,,,0,0,0,846000,42000,0,19.7,28.7,28.7,28.7,2.1,7.3,3.2
"2026/01/26","2026/01/28","1879","新日本建設","東証およびＰＴＳ",,"確報",800,500,5100,300,0,5100,0,1640800,1025500,10460100,615300,0,10460100,0,,,0,0,0,254400,254400,0,12.8,8.5,10.3,9.3,16.9,26.3,20.6
"2026/01/26","2026/01/28","1882","東亜道路工業","東証およびＰＴＳ",,"確報",0,100,15300,2700,0,9000,6300,0,177400,27142200,4789800,0,15966000,11176200,,,0,0,0,369600,151200,0,16.3,38.2,13.6,20.1,7.7,24.5,11.7
"2026/01/26","2026/01/28","1885","東亜建設工業","東証およびＰＴＳ",,"確報",3900,500,69300,0,2200,0,69300,12480000,1600000,221760000,0,7040000,0,221760000,,,0,0,0,3624500,121000,0,26.5,49.2,28.6,36.1,110.5,2.7,5.2
"2026/01/26","2026/01/28","1887","日本国土開発","東証およびＰＴＳ",,"確報",400,6300,68000,30100,6100,51300,16700,253600,3994200,43112000,19083400,3867400,32524200,10587800,,,0,0,0,1478000,546000,0,11.5,166.4,14.2,26.2,3.1,10.4,4.8
"2026/01/26","2026/01/28","1888","若築建設","東証およびＰＴＳ",,"確報",300,0,9300,300,0,4600,4700,1422000,0,44082000,1422000,0,21804000,22278000,,,0,0,0,1125000,537500,0,44.4,64.6,452,113,47.2,13.1,20.5
"2026/01/26","2026/01/28","188A","ＧＸ印度トップ１０＋","東証およびＰＴＳ",,"確報",3010,0,11488,0,0,0,11488,2892610,0,11039968,0,0,0,11039968,,,0,0,0,110214,0,0,6.7,3.5,90.2,6.7,0,0,0
"2026/01/26","2026/01/28","1893","五洋建設","東証およびＰＴＳ",,"確報",3300,2500,168400,0,1000,5600,162800,5529150,4188750,282154200,0,1675500,9382800,272771400,,,0,0,0,1508400,59400,0,38.7,57,29,38.4,105.3,31.6,48.6
"2026/01/26","2026/01/28","1897","金下建設","東証およびＰＴＳ",,"確報",0,100,0,0,0,0,0,0,313000,0,0,0,0,0,,,0,0,0,3500,0,0,1,1,1,1,0,0,0
"2026/01/26","2026/01/28","1898","世紀東急工業","東証およびＰＴＳ",,"確報",0,700,29300,1500,0,7500,21800,0,1176700,49253300,2521500,0,12607500,36645800,,,0,0,0,510000,102000,0,25.7,26.7,59.8,36.9,8.1,13.7,10.2
"2026/01/26","2026/01/28","1899","福田組","東証およびＰＴＳ",,"確報",700,100,6800,0,0,3500,3300,5586000,798000,54264000,0,0,27930000,26334000,,,0,0,0,1674000,945000,0,25.3,24.5,13.6,17.5,0,175,350
"2026/01/26","2026/01/28","189A","Ｄ＆Ｍカンパニー","東証およびＰＴＳ",,"確報",0,100,2400,0,0,0,2400,0,94100,2258400,0,0,0,2258400,,,0,0,0,25000,0,0,82,123,61.5,82,0,0,0
"2026/01/26","2026/01/28","1904","大成温調","東証およびＰＴＳ",,"確報",0,0,3700,0,0,1200,2500,0,0,17556500,0,0,5694000,11862500,,,0,0,0,55500,18000,0,48.2,0,26.7,53.4,27,54,36
"2026/01/26","2026/01/28","1905","テノックス","東証およびＰＴＳ",,"確報",100,0,200,0,0,0,200,137900,0,275800,0,0,0,275800,,,0,0,0,2200,0,0,12,6,0,12,0,0,0
"2026/01/26","2026/01/28","1909","日本ドライケミカル","東証およびＰＴＳ",,"確報",200,300,4200,100,0,1700,2500,2180000,3270000,45780000,1090000,0,18530000,27250000,,,0,0,1290000,0,0,480000,17.2,33,10.5,15.9,15.6,39,22.3
"2026/01/26","2026/01/28","190A","Ｃｈｏｒｄｉａ","東証およびＰＴＳ",,"確報",3800,0,220600,0,0,0,220600,486400,0,28236800,0,0,0,28236800,,,0,0,0,1300800,0,0,41.1,45.6,37.3,41.1,0,0,0
"2026/01/26","2026/01/28","1911","住友林業","東証およびＰＴＳ",,"確報",12200,1000,88000,1000,100,1800,86200,20136100,1650500,145244000,1650500,165050,2970900,142273100,,,0,0,0,2380800,27900,0,10.2,18.1,31.8,23,1.1,1,1.1
"2026/01/26","2026/01/28","1914","日本基礎技術","東証およびＰＴＳ",,"確報",100,0,14300,0,0,4600,9700,68200,0,9752600,0,0,3137200,6615400,,,0,0,0,127800,41400,0,89.1,87.3,232.7,126.9,79.3,34,47.6
"2026/01/26","2026/01/28","1921","巴コーポレーション","東証およびＰＴＳ",,"確報",0,1200,199500,1900,900,72100,127400,0,2727600,453463500,4318700,2045700,163883300,289580200,,,0,0,802800,0,0,284400,233,0,835.3,1670.5,95,53.9,68.8
"2026/01/26","2026/01/28","1925","大和ハウス工業","東証およびＰＴＳ",,"確報",700,3500,9900,800,3000,1700,8200,3699500,18497500,52321500,4228000,15855000,8984500,43337000,,,0,0,0,685800,210600,0,8,8.2,9.9,9,10.3,4.5,6.3
"2026/01/26","2026/01/28","1926","ライト工業","東証およびＰＴＳ",,"確報",6800,100,16800,9600,0,19700,-2900,24446000,359500,60396000,34512000,0,70821500,-10425500,,,0,0,0,555500,555500,0,5,2.9,22.2,5.1,2.5,59.9,4.8
"2026/01/26","2026/01/28","1928","積水ハウス","東証およびＰＴＳ",,"確報",42600,43300,201800,200,900,201800,0,149952000,152416000,710336000,704000,3168000,710336000,0,,,0,0,0,11137500,11137500,0,4.9,2.9,12.9,4.8,2.5,146.5,5
"2026/01/26","2026/01/28","1929","日特建設","東証およびＰＴＳ",,"確報",700,0,14000,0,800,5700,8300,934500,0,18690000,0,1068000,7609500,11080500,,,0,0,0,438900,214500,0,12,28.7,27.6,28.1,7.3,4.7,5.7
"2026/01/26","2026/01/28","192A","インテグループ","東証およびＰＴＳ",,"確報",0,0,2100,0,0,0,2100,0,0,4170600,0,0,0,4170600,,,0,0,6300,0,0,0,210,0,105,210,0,0,0
"2026/01/26","2026/01/28","1930","北陸電気工事","東証およびＰＴＳ",,"確報",22300,5000,29400,0,5100,7000,22400,34342000,7700000,45276000,0,7854000,10780000,34496000,,,0,0,0,556600,556600,0,4.5,2.3,10.3,3.8,5.6,7.6,6.4
"2026/01/26","2026/01/28","1934","ユアテック","東証およびＰＴＳ",,"確報",900,0,7700,900,0,7700,0,2664000,0,22792000,2664000,0,22792000,0,,,0,0,0,272000,272000,0,19.8,11.7,18.8,14.4,17.7,168,32
"2026/01/26","2026/01/28","1938","日本リーテック","東証およびＰＴＳ",,"確報",0,1900,4200,0,0,0,4200,0,4252200,9399600,0,0,0,9399600,,,0,0,0,445300,0,0,12.8,13.7,12,12.8,0,0,0
"2026/01/26","2026/01/28","1939","四電工","東証およびＰＴＳ",,"確報",1700,100,12800,3800,0,15000,-2200,2924000,172000,22016000,6536000,0,25800000,-3784000,,,0,0,0,112000,112000,0,12.5,7.2,65.1,13,6.1,543,12.1
"2026/01/26","2026/01/28","1941","中電工","東証およびＰＴＳ",,"確報",300,400,17200,1600,200,6100,11100,1396500,1862000,80066000,7448000,931000,28395500,51670500,,,0,0,0,2422000,658000,0,45.3,77.5,106.5,89.7,9.8,47.2,16.3
"2026/01/26","2026/01/28","1942","関電工","東証およびＰＴＳ",,"確報",65500,2100,122800,0,100,5500,117300,364180000,11676000,682768000,0,556000,30580000,652188000,,,0,0,0,12295800,1159200,0,8.2,4.3,55.3,8,28.7,7.2,11.5
"2026/01/26","2026/01/28","1944","きんでん","東証およびＰＴＳ",,"確報",3200,0,14600,200,200,5400,9200,24134400,0,110113200,1508400,1508400,40726800,69386400,,,0,0,0,1527600,723600,0,22.1,14.3,27.9,18.9,54.4,27.2,36.3
"2026/01/26","2026/01/28","1945","東京エネシス","東証およびＰＴＳ",,"確報",800,100,24800,0,4300,14700,10100,1500800,187600,46524800,0,8066800,27577200,18947600,,,0,0,0,1638800,1292000,0,3.9,3.7,2,2.6,992,11.7,23.1
"2026/01/26","2026/01/28","1946","トーエネック","東証およびＰＴＳ",,"確報",2700,100,19700,100,0,100,19600,5818500,215500,42453500,215500,0,215500,42238000,,,0,0,0,1145700,0,0,10.9,9.5,18.4,12.5,1.1,1.2,1.1
"2026/01/26","2026/01/28","1948","弘電社","東証およびＰＴＳ",,"確報",600,2200,7800,0,0,0,7800,3888000,14256000,50544000,0,0,0,50544000,,,0,0,0,3572000,0,0,8.2,6.7,10.5,8.2,0,0,0
"2026/01/26","2026/01/28","1949","住友電設","東証およびＰＴＳ",,"確報",0,0,1800,100,0,800,1000,0,0,17460000,970000,0,7760000,9700000,,,0,0,0,0,0,0,9.1,18,4.5,7.2,19,38,25.3
"2026/01/26","2026/01/28","194A","ＷＯＬＶＥＳ","東証およびＰＴＳ",,"確報",500,0,11200,0,0,0,11200,1021000,0,22870400,0,0,0,22870400,,,0,0,1701300,0,0,0,23.8,20.3,28.8,23.8,0,0,0
"2026/01/26","2026/01/28","1950","日本電設工業","東証およびＰＴＳ",,"確報",200,0,6900,0,0,0,6900,721000,0,24874500,0,0,0,24874500,,,0,0,0,402000,0,0,42.1,59.7,32.5,42.1,0,0,0
"2026/01/26","2026/01/28","1951","エクシオグループ","東証およびＰＴＳ",,"確報",0,200,6100,1300,500,3800,2300,0,538100,16412050,3497650,1345250,10223900,6188150,,,0,0,0,315000,150000,0,13.9,30.6,20.4,24.5,5.8,11.9,7.8
"2026/01/26","2026/01/28","1952","新日本空調","東証およびＰＴＳ",,"確報",400,900,20300,0,900,1200,19100,1378000,3100500,69933500,0,3100500,4134000,65799500,,,0,0,0,2392000,241500,0,25.1,40.1,30.1,34.3,7,5.8,6.3
"2026/01/26","2026/01/28","1959","クラフティア","東証およびＰＴＳ",,"確報",0,500,4300,0,0,0,4300,0,4170500,35866300,0,0,0,35866300,,,0,0,0,744000,0,0,14.6,80,18.5,30,1,1,1
"2026/01/26","2026/01/28","195A","ＭＵＳＣＡＴ　Ｇ","東証およびＰＴＳ",,"確報",500,0,900,0,0,0,900,447500,0,805500,0,0,0,805500,,,0,0,2400,0,0,0,5.1,4,7,5.1,0,0,0
"2026/01/26","2026/01/28","1960","サンテック","東証およびＰＴＳ",,"確報",600,1000,4800,0,0,0,4800,859200,1432000,6873600,0,0,0,6873600,,,0,0,0,145600,0,0,15.4,39.6,9.6,15.4,0,0,0
"2026/01/26","2026/01/28","1961","三機工業","東証およびＰＴＳ",,"確報",100,100,4100,700,0,1500,2600,646000,646000,26486000,4522000,0,9690000,16796000,,,0,0,41000,0,0,8000,10.7,16.3,19.5,17.7,3.7,7.3,4.9
"2026/01/26","2026/01/28","1963","日揮ホールディングス","東証およびＰＴＳ",,"確報",1700,800,35800,100,2900,6500,29300,3423800,1611200,72101200,201400,5840600,13091000,59010200,,,0,0,0,1012100,269700,0,10.2,17.8,9.8,12.6,4.6,4.5,4.5
"2026/01/26","2026/01/28","1964","中外炉工業","東証およびＰＴＳ",,"確報",0,200,3400,0,1000,2400,1000,0,894000,15198000,0,4470000,10728000,4470000,,,0,0,0,522000,493000,0,4,2.9,2.6,2.7,47,7,12.1
"2026/01/26","2026/01/28","1965","テクノ菱和","東証およびＰＴＳ",,"確報",5300,1200,12700,200,300,8500,4200,42294000,9576000,101346000,1596000,2394000,67830000,33516000,,,0,0,0,1978000,1978000,0,8.7,4.5,6.6,5.3,39.6,31.1,34.9
"2026/01/26","2026/01/28","1966","高田工業所","東証およびＰＴＳ",,"確報",700,400,1400,0,1100,0,1400,1323700,756400,2647400,0,2080100,0,2647400,,,0,0,0,51700,51700,0,3,3.9,9.4,5.5,1.7,1.7,1.7
"2026/01/26","2026/01/28","1967","ヤマト","東証およびＰＴＳ",,"確報",5200,200,16600,6000,1000,16600,0,12261600,471600,39142800,14148000,2358000,39142800,0,,,0,0,0,928000,928000,0,7.2,4.4,6.6,5.3,8,21.5,11.6
"2026/01/26","2026/01/28","1968","太平電業","東証およびＰＴＳ",,"確報",12400,0,18400,0,5100,9100,9300,28346400,0,42062400,0,11658600,20802600,21259800,,,0,0,0,492000,1164400,0,4.2,2,3.4,2.5,77,5.5,10.2
"2026/01/26","2026/01/28","1969","高砂熱学工業","東証およびＰＴＳ",,"確報",200,400,13900,0,9600,2100,11800,916400,1832800,63689800,0,43987200,9622200,54067600,,,0,0,0,1353600,1123200,0,9.6,20.4,13.1,15.9,24.9,3.5,6.1
"2026/01/26","2026/01/28","196A","ＭＦＳ","東証およびＰＴＳ",,"確報",200,0,44300,0,0,0,44300,56800,0,12581200,0,0,0,12581200,,,0,0,0,132300,0,0,121.4,187.1,89.8,121.4,0,0,0
"2026/01/26","2026/01/28","1972","三晃金属工業","東証およびＰＴＳ",,"確報",500,400,7300,0,0,1100,6200,754500,603600,11015700,0,0,1659900,9355800,,,0,0,0,230400,35200,0,20.1,22,19.7,20.8,19.7,14.8,16.9
"2026/01/26","2026/01/28","1975","朝日工業社","東証およびＰＴＳ",,"確報",200,1200,14400,300,900,1800,12600,764000,4584000,55008000,1146000,3438000,6876000,48132000,,,0,0,0,2002000,312000,0,24.7,38.2,38.2,38.2,9.7,6.6,7.9
"2026/01/26","2026/01/28","1976","明星工業","東証およびＰＴＳ",,"確報",100,600,4400,1800,0,37900,-33500,175700,1054200,7730800,3162600,0,66590300,-58859500,,,0,0,0,122500,902500,0,50.4,11.7,27.8,16.4,34.5,1794,67.7
"2026/01/26","2026/01/28","1979","大氣社","東証およびＰＴＳ",,"確報",400,100,3300,800,100,2800,500,1406000,351500,11599500,2812000,351500,9842000,1757500,,,0,0,0,285000,199500,0,10.1,17.3,19.5,18.4,3.8,15.3,6.1
"2026/01/26","2026/01/28","197A","タウンズ","東証およびＰＴＳ",,"確報",4900,5400,105500,3000,0,105500,0,2616600,2883600,56337000,1602000,0,56337000,0,,,0,0,0,106000,102500,0,10.9,5.7,6.3,5.9,42.6,159.9,67.3
"2026/01/26","2026/01/28","1980","ダイダン","東証およびＰＴＳ",,"確報",5400,0,46700,0,2100,7400,39300,14806800,0,128051400,0,5758200,20290800,107760600,,,0,0,0,3138800,722000,0,3.1,3,2.6,2.8,11.2,4.8,6.7
"2026/01/26","2026/01/28","1981","協和日成","東証およびＰＴＳ",,"確報",0,100,100,0,0,0,100,0,157500,157500,0,0,0,157500,,,0,0,0,6400,0,0,18,0,9,18,0,0,0
"2026/01/26","2026/01/28","1982","日比谷総合設備","東証およびＰＴＳ",,"確報",100,600,3900,900,0,15900,-12000,502000,3012000,19578000,4518000,0,79818000,-60240000,,,0,0,0,484000,1650000,0,32.5,19.2,16.2,17.6,48.8,37.1,42.2
"2026/01/26","2026/01/28","198A","ＰｏｓｔＰｒｉｍｅ","東証およびＰＴＳ",,"確報",9700,5500,84900,0,0,0,84900,2793600,1584000,24451200,0,0,0,24451200,,,0,0,2905200,0,0,0,13.8,12.5,15.4,13.8,0,0,0
"2026/01/26","2026/01/28","1992","神田通信機","東証およびＰＴＳ",,"確報",0,0,0,0,0,0,0,0,0,0,0,0,0,0,,,0,0,0,0,0,0,0,0,0,0,0,0,0
"2026/01/26","2026/01/28","1994","高橋カーテンウォール","東証およびＰＴＳ",,"確報",100,0,400,0,0,0,400,53900,0,215600,0,0,0,215600,,,0,0,0,0,0,0,6.7,3.3,0,6.7,0,0,0
"2026/01/26","2026/01/28","1997","暁飯島工業","東証およびＰＴＳ",,"確報",0,0,1500,0,0,0,1500,0,0,6487500,0,0,0,6487500,,,0,0,0,60000,0,0,39.5,39.5,39.5,39.5,0,0,0
"2026/01/26","2026/01/28","2001","ニップン","東証およびＰＴＳ",,"確報",0,1100,4600,100,1200,4600,0,0,2860000,11960000,260000,3120000,11960000,0,,,0,0,0,57000,57000,0,7.5,6,5.7,5.9,11,10.1,10.5
"2026/01/26","2026/01/28","2002","日清製粉グループ本社","東証およびＰＴＳ",,"確報",4100,2000,14900,2100,0,14900,0,8210250,4005000,29837250,4205250,0,29837250,0,,,0,0,0,51200,51200,0,4.2,3.5,4,3.7,4.5,5.4,4.9
"2026/01/26","2026/01/28","2003","日東富士製粉","東証およびＰＴＳ",,"確報",400,0,3200,0,0,4100,-900,2856000,0,22848000,0,0,29274000,-6426000,,,0,0,196000,0,0,287000,21.5,10.2,16.3,12.5,33.8,101.5,50.8
"2026/01/26","2026/01/28","2004","昭和産業","東証およびＰＴＳ",,"確報",0,100,2900,100,100,2100,800,0,320000,9280000,320000,320000,6720000,2560000,,,0,0,0,105000,73500,0,4.9,5.6,5.1,5.3,3.8,5.2,4.4
"2026/01/26","2026/01/28","2009","鳥越製粉","東証およびＰＴＳ",,"確報",0,400,7400,0,0,0,7400,0,423200,7829200,0,0,0,7829200,,,0,0,0,54600,0,0,11.5,14.2,9.7,11.5,0,0,0
"2026/01/26","2026/01/28","200A","日経半導体株ＥＴＦ","東証およびＰＴＳ",,"確報",350,4610,56160,1428,0,10588,45572,1019550,13428930,163594080,4159764,0,30842844,132751236,,,0,0,0,3746040,567920,0,8.8,4.2,32.9,7.5,26,85.7,39.9
"2026/01/26","2026/01/28","2011","ＳＭＤＡＭ日本高配当","東証およびＰＴＳ",,"確報",0,0,3250,0,0,0,3250,0,0,2497950,0,0,0,2497950,,,0,0,0,55250,0,0,2.5,2.1,3.2,2.5,0,0,0
"2026/01/26","2026/01/28","2012","ｉＳ米国債０３月","東証およびＰＴＳ",,"確報",0,60,10,0,0,0,10,0,13848,2308,0,0,0,2308,,,0,0,0,392,0,0,0.2,1.8,0.1,0.2,1,1,1
"2026/01/26","2026/01/28","2013","ｉＳ米国高配当株","東証およびＰＴＳ",,"確報",40,0,15960,0,0,0,15960,10740,0,4285260,0,0,0,4285260,,,0,0,0,103480,0,0,4.5,3.5,12.2,5.4,3.4,1,1.5
"2026/01/26","2026/01/28","2014","ｉＳ米国連続増配株","東証およびＰＴＳ",,"確報",0,0,100,0,0,0,100,0,0,28150,0,0,0,28150,,,0,0,0,860,0,0,2.7,0,1.7,3.4,0,0,0
"2026/01/26","2026/01/28","2015","ｉＦ米国債７１０Ｈ無","東証およびＰＴＳ",,"確報",0,0,0,0,0,0,0,0,0,0,0,0,0,0,,,0,0,0,0,0,0,0,0,0,0,0,0,0
"2026/01/26","2026/01/28","2016","ｉＦ米国債７１０Ｈ有","東証およびＰＴＳ",,"確報",0,0,0,0,0,0,0,0,0,0,0,0,0,0,,,0,0,0,0,0,0,0,0,0,0,0,0,0
"2026/01/26","2026/01/28","2017","ｉＦＪＰＸプラ１５０","東証およびＰＴＳ",,"確報",0,0,1005,0,0,2,1003,0,0,1349715,0,0,2686,1347029,,,0,0,0,16080,32,0,4.2,2.9,8.1,4.3,0,1.1,2.2
"2026/01/26","2026/01/28","2018","ＧＸＵＳリート２０","東証およびＰＴＳ",,"確報",0,2,0,0,0,0,0,0,2274,0,0,0,0,0,,,0,0,0,60,0,0,2,2,2,2,0,0,0
"2026/01/26","2026/01/28","2019","ＧＸ優先証券隔月","東証およびＰＴＳ",,"確報",0,0,192,0,0,0,192,0,0,203712,0,0,0,203712,,,0,0,0,576,0,0,6.5,3.4,68.8,6.5,0,0,0
"2026/01/26","2026/01/28","201A","ｉＳＮＩＦＴＹ５０","東証およびＰＴＳ",,"確報",21230,0,65130,0,500,2000,63130,4124989,0,12654759,0,97150,388600,12266159,,,0,0,0,140480,8000,0,5.3,2.9,19.2,5,0,24,48
"2026/01/26","2026/01/28","202A","豆蔵","東証およびＰＴＳ",,"確報",9300,34700,48700,0,0,0,48700,32968500,123011500,172641500,0,0,0,172641500,,,0,0,0,35197500,0,0,8,11.7,6.1,8,0,0,0
"2026/01/26","2026/01/28","2031","ハンセンダブルＥＴＮ","東証およびＰＴＳ",,"確報",2,0,6,0,0,0,6,17700,0,53100,0,0,0,53100,,,0,0,0,1084,0,0,3.3,1.7,0,3.3,0,0,0
"2026/01/26","2026/01/28","2032","ハンセン・ベアＥＴＮ","東証およびＰＴＳ",,"確報",0,0,10,0,0,0,10,0,0,56950,0,0,0,56950,,,0,0,0,2160,0,0,8,4,0,8,0,0,0
"2026/01/26","2026/01/28","2033","ＫＯＳＰＩブルＥＴＮ","東証およびＰＴＳ",,"確報",56,0,321,0,0,0,321,2478000,0,14204250,0,0,0,14204250,,,0,0,0,371000,0,0,6.4,3.5,38,6.4,0,0,0
"2026/01/26","2026/01/28","2034","ＫＯＳＰＩベアＥＴＮ","東証およびＰＴＳ",,"確報",0,0,512,0,0,0,512,0,0,1804800,0,0,0,1804800,,,0,0,0,12800,0,0,13.7,6.9,1109.5,13.7,0,0,0
"2026/01/26","2026/01/28","2036","金先物ダブルブル","東証およびＰＴＳ",,"確報",140,50,3821,0,0,0,3821,35175000,12562500,960026250,0,0,0,960026250,,,0,0,932750,0,0,0,7.8,4.1,75.4,7.8,0,0,0
"2026/01/26","2026/01/28","2037","金先物ベア","東証およびＰＴＳ",,"確報",0,0,2390,0,0,0,2390,0,0,2868000,0,0,0,2868000,,,0,0,0,19120,0,0,7.3,3.7,1462.7,7.3,0,0,0
"2026/01/26","2026/01/28","2038","ドバイ原油先物ブル","東証およびＰＴＳ",,"確報",67,0,2767,0,0,0,2767,100634,0,4156034,0,0,0,4156034,,,0,0,0,48600,0,0,29.2,232.3,15.6,29.2,0,0,0
"2026/01/26","2026/01/28","2039","ドバイ原油先物ベア","東証およびＰＴＳ",,"確報",0,424,11084,0,0,0,11084,0,368880,9643080,0,0,0,9643080,,,0,0,34524,0,0,0,7.3,3.8,102,7.3,0,0,0
"2026/01/26","2026/01/28","2040","ＮＹダウブルＥＴＮ","東証およびＰＴＳ",,"確報",16,0,233,0,0,0,233,570400,0,8306450,0,0,0,8306450,,,0,0,0,138880,0,0,6.4,3.6,33.2,6.4,0,0,0
"2026/01/26","2026/01/28","2041","ＮＹダウベアＥＴＮ","東証およびＰＴＳ",,"確報",0,850,2405,0,0,0,2405,0,1774800,5021640,0,0,0,5021640,,,0,0,39060,0,0,0,5.8,4.2,9.2,5.8,0,0,0
"2026/01/26","2026/01/28","2042","グロース２５０ＥＴＮ","東証およびＰＴＳ",,"確報",188,0,522,0,0,0,522,1418460,0,3938490,0,0,0,3938490,,,0,0,0,25050,0,0,4.6,2.3,1209,4.6,0,0,0
"2026/01/26","2026/01/28","2043","アセアン５０ＥＴＮ","東証およびＰＴＳ",,"確報",0,0,5,0,0,0,5,0,0,134875,0,0,0,134875,,,0,0,0,1600,0,0,8,4,0,8,0,0,0
"2026/01/26","2026/01/28","2044","米国配当貴族ＥＴＮ","東証およびＰＴＳ",,"確報",0,0,0,0,0,0,0,0,0,0,0,0,0,0,,,0,0,0,0,0,0,2,2,2,2,0,0,0
"2026/01/26","2026/01/28","2045","シンガポールリート","東証およびＰＴＳ",,"確報",0,0,0,0,0,0,0,0,0,0,0,0,0,0,,,0,0,0,0,0,0,0,0,0,0,0,0,0
"2026/01/26","2026/01/28","2046","インドブルＥＴＮ","東証およびＰＴＳ",,"確報",44,110,1556,0,0,0,1556,1295580,3238950,45816420,0,0,0,45816420,,,0,0,0,1338150,0,0,10,5.5,55.6,10,0,0,0
"2026/01/26","2026/01/28","2047","インドベアＥＴＮ","東証およびＰＴＳ",,"確報",0,0,30,0,0,0,30,0,0,100800,0,0,0,100800,,,0,0,0,1890,0,0,0,0,0,0,0,0,0
"2026/01/26","2026/01/28","2048","高配株ヘッジＥＴＮ","東証およびＰＴＳ",,"確報",80,0,80,0,0,0,80,3776800,0,3776800,0,0,0,3776800,,,0,0,0,0,0,0,2,1,0,2,0,0,0
"2026/01/26","2026/01/28","2050","ニッチトップ中小型","東証およびＰＴＳ",,"確報",0,0,0,0,0,0,0,0,0,0,0,0,0,0,,,0,0,0,0,0,0,0,0,0,0,0,0,0
"2026/01/26","2026/01/28","2053","中部飼料","東証およびＰＴＳ",,"確報",500,700,6200,0,200,6200,0,891500,1248100,11054600,0,356600,11054600,0,,,0,0,96000,0,0,96000,21.2,17.6,12.2,14.4,79.8,26.6,39.9
"2026/01/26","2026/01/28","2055","日和産業","東証およびＰＴＳ",,"確報",32800,1200,34100,0,0,2500,31600,11480000,420000,11935000,0,0,875000,11060000,,,0,0,0,0,0,0,1.6,1.1,2.1,1.5,9.9,109,18.2
"2026/01/26","2026/01/28","205A","ロゴスＨＤ","東証およびＰＴＳ",,"確報",0,500,2300,0,0,0,2300,0,817500,3760500,0,0,0,3760500,,,0,0,0,117600,0,0,18.4,19.7,17.3,18.4,0,0,0
"2026/01/26","2026/01/28","2060","フィード・ワン","東証およびＰＴＳ",,"確報",300,0,11600,0,0,1300,10300,327600,0,12667200,0,0,1419600,11247600,,,0,0,22600,0,0,2600,23.4,27.5,20.3,23.4,0,11.7,23.3
"2026/01/26","2026/01/28","2065","日本株配当貴族ＥＴＮ","東証およびＰＴＳ",,"確報",0,0,6,0,0,0,6,0,0,314340,0,0,0,314340,,,0,0,0,12840,0,0,8,4,0,8,0,0,0
"2026/01/26","2026/01/28","2066","東証リートＥＴＮ","東証およびＰＴＳ",,"確報",0,0,0,0,0,0,0,0,0,0,0,0,0,0,,,0,0,0,0,0,0,0,0,0,0,0,0,0
"2026/01/26","2026/01/28","2067","野村ＡＩ７０ＥＴＮ","東証およびＰＴＳ",,"確報",3,0,3,0,0,0,3,77955,0,77955,0,0,0,77955,,,0,0,0,0,0,0,2,1,0,2,0,0,0
"2026/01/26","2026/01/28","2068","高ベータ３０ＥＴＮ","東証およびＰＴＳ",,"確報",0,0,0,0,0,0,0,0,0,0,0,0,0,0,,,0,0,0,0,0,0,0,0,0,0,0,0,0
"2026/01/26","2026/01/28","2069","低ベータ５０ＥＴＮ","東証およびＰＴＳ",,"確報",0,0,0,0,0,0,0,0,0,0,0,0,0,0,,,0,0,0,0,0,0,0,0,0,0,0,0,0
"2026/01/26","2026/01/28","206A","ＰＲＩＳＭＢｉｏ","東証およびＰＴＳ",,"確報",0,3700,79700,0,0,0,79700,0,669700,14425700,0,0,0,14425700,,,0,0,0,750600,0,0,32.9,58.9,22.9,32.9,0,0,0
"2026/01/26","2026/01/28","2070","ＥＳＧ女性活躍ＥＴＮ","東証およびＰＴＳ",,"確報",0,0,0,0,0,0,0,0,0,0,0,0,0,0,,,0,0,0,0,0,0,0,0,0,0,0,0,0
"2026/01/26","2026/01/28","2071","ＥＳＧ総合ＥＴＮ","東証およびＰＴＳ",,"確報",0,0,0,0,0,0,0,0,0,0,0,0,0,0,,,0,0,0,0,0,0,0,0,0,0,0,0,0
"2026/01/26","2026/01/28","2072","トップシェアＥＴＮ","東証およびＰＴＳ",,"確報",0,0,0,0,0,0,0,0,0,0,0,0,0,0,,,0,0,0,0,0,0,0,0,0,0,0,0,0
"2026/01/26","2026/01/28","2073","ＥＳＧ低カーボン","東証およびＰＴＳ",,"確報",0,0,0,0,0,0,0,0,0,0,0,0,0,0,,,0,0,0,0,0,0,0,0,0,0,0,0,0
"2026/01/26","2026/01/28","2080","ＰＢＲ１倍割れ解消","東証およびＰＴＳ",,"確報",912,570,26497,0,900,21100,5397,1545840,966150,44912415,0,1525500,35764500,9147915,,,0,0,0,863115,726000,0,11.1,5.7,6.8,6.2,0,58,116
"2026/01/26","2026/01/28","2081","政策保有解消","東証およびＰＴＳ",,"確報",0,0,170,0,0,0,170,0,0,307190,0,0,0,307190,,,0,0,0,8160,0,0,7.2,3.8,62.8,7.2,0,0,0
"2026/01/26","2026/01/28","2082","投資家経営者一心同体","東証およびＰＴＳ",,"確報",0,1,0,0,0,0,0,0,1194,0,0,0,0,0,,,0,0,48,0,0,0,1,1,1,1,0,0,0
"2026/01/26","2026/01/28","2083","日本成長株アクティブ","東証およびＰＴＳ",,"確報",0,5,237,0,5,50,187,0,15165,718821,0,15165,151650,567171,,,0,0,484,0,0,110,19.2,25.8,216.6,46.1,8.5,7.1,7.7
"2026/01/26","2026/01/28","2084","日本高配当アクティブ","東証およびＰＴＳ",,"確報",26,0,1178,0,0,0,1178,83018,0,3761354,0,0,0,3761354,,,0,0,0,77184,0,0,5.2,4.2,6.9,5.2,0,0,0
"2026/01/26","2026/01/28","2085","ＭＸ高配日株ア","東証およびＰＴＳ",,"確報",0,0,10,0,0,0,10,0,0,7240,0,0,0,7240,,,0,0,0,18,0,0,6,0,0,0,1,1,1
"2026/01/26","2026/01/28","2086","ＮＺＡＭ　ＳＰ５Ｈ","東証およびＰＴＳ",,"確報",0,0,10,0,0,0,10,0,0,28070,0,0,0,28070,,,0,0,0,120,0,0,0,0,0,0,0,0,0
"2026/01/26","2026/01/28","2087","ＮＺＡＭ　ＮＱ１Ｈ","東証およびＰＴＳ",,"確報",0,0,0,0,0,0,0,0,0,0,0,0,0,0,,,0,0,0,0,0,0,0,0,0,0,0,0,0
"2026/01/26","2026/01/28","2088","ＮＺＡＭ　ＤｏｗＨ","東証およびＰＴＳ",,"確報",0,0,0,0,0,0,0,0,0,0,0,0,0,0,,,0,0,0,0,0,0,0,0,0,0,0,0,0
"2026/01/26","2026/01/28","2089","ＮＺＡＭ　ＤＡＸＨ","東証およびＰＴＳ",,"確報",0,0,0,0,0,0,0,0,0,0,0,0,0,0,,,0,0,0,0,0,0,0,0,0,0,0,0,0
"2026/01/26","2026/01/28","208A","構造計画ＨＤ","東証およびＰＴＳ",,"確報",400,0,1200,0,0,0,1200,1272000,0,3816000,0,0,0,3816000,,,0,0,0,20000,0,0,10,6.7,20,10,0,0,0
"2026/01/26","2026/01/28","2090","ＮＺＡＭ　米７１０Ｈ","東証およびＰＴＳ",,"確報",0,0,0,0,0,0,0,0,0,0,0,0,0,0,,,0,0,0,0,0,0,0,0,0,0,0,0,0
"2026/01/26","2026/01/28","2091","ＮＺＡＭ　独７１０Ｈ","東証およびＰＴＳ",,"確報",0,0,0,0,0,0,0,0,0,0,0,0,0,0,,,0,0,0,0,0,0,0,0,0,0,0,0,0
"2026/01/26","2026/01/28","2092","ＮＺＡＭ　仏７１０Ｈ","東証およびＰＴＳ",,"確報",0,0,0,0,0,0,0,0,0,0,0,0,0,0,,,0,0,0,0,0,0,0,0,0,0,0,0,0
"2026/01/26","2026/01/28","2093","上場Ｔｒ米債０２ラダ","東証およびＰＴＳ",,"確報",20,0,20,0,0,0,20,102640,0,102640,0,0,0,102640,,,0,0,0,0,0,0,2,1,0,2,0,0,0
"2026/01/26","2026/01/28","2094","ＲＥＩＴインバース","東証およびＰＴＳ",,"確報",0,10,30,0,0,0,30,0,7440,22320,0,0,0,22320,,,0,0,240,0,0,0,5.3,0,2.6,5.3,0,0,0
"2026/01/26","2026/01/28","2095","ＧＸＵＳ配当貴族ヘ","東証およびＰＴＳ",,"確報",0,0,0,0,0,0,0,0,0,0,0,0,0,0,,,0,0,0,0,0,0,1,1,1,1,0,0,0
"2026/01/26","2026/01/28","2096","ＧＸオフィスＪリート","東証およびＰＴＳ",,"確報",38,0,51,0,0,0,51,43662,0,58599,0,0,0,58599,,,0,0,0,91,0,0,3.5,1.8,0,3.5,0,0,0
"2026/01/26","2026/01/28","2097","ＧＸ住宅Ｊリート","東証およびＰＴＳ",,"確報",0,4,102,0,0,0,102,0,4372,111486,0,0,0,111486,,,0,0,0,1166,0,0,7,3.8,51.8,7,0,0,0
"2026/01/26","2026/01/28","2098","ＧＸホテリテＪリート","東証およびＰＴＳ",,"確報",0,0,685,0,0,0,685,0,0,772680,0,0,0,772680,,,0,0,0,8220,0,0,5.9,4.6,10.9,6.5,1.4,1,1.2
"2026/01/26","2026/01/28","2108","日本甜菜製糖","東証およびＰＴＳ",,"確報",1600,0,346500,1900,300,35500,311000,6488000,0,1405057500,7704500,1216500,143952500,1261105000,,,0,0,0,39663500,3898500,0,5.5,3.7,7.4,4.9,27.5,98.8,43.1
"2026/01/26","2026/01/28","2109","ＤＭ三井製糖","東証およびＰＴＳ",,"確報",1300,100,2100,0,200,700,1400,4465500,343500,7213500,0,687000,2404500,4809000,,,0,0,0,40500,40500,0,4.3,2.3,3.9,2.9,21.5,8.6,12.3
"2026/01/26","2026/01/28","210A","ｉＦ日経高リート","東証およびＰＴＳ",,"確報",5,0,55,0,0,0,55,8840,0,97240,0,0,0,97240,,,0,0,0,400,0,0,7.2,3.7,206,7.2,0,0,0
"2026/01/26","2026/01/28","2112","塩水港精糖","東証およびＰＴＳ",,"確報",700,100,48600,1100,200,6100,42500,406000,58000,28188000,638000,116000,3538000,24650000,,,0,0,0,240000,26000,0,10.2,8.3,23,12.2,4,5,4.4
"2026/01/26","2026/01/28","2114","フジ日本","東証およびＰＴＳ",,"確報",300,0,4400,1100,0,2400,2000,193200,0,2833600,708400,0,1545600,1288000,,,0,0,32800,0,0,10400,15.2,22.3,22.3,22.3,4.6,36.5,8.1
"2026/01/26","2026/01/28","2117","ウェルネオシュガー","東証およびＰＴＳ",,"確報",0,0,2800,0,0,2800,0,0,0,8120000,0,0,8120000,0,,,0,0,0,67200,67200,0,94,70.5,70.5,70.5,141,141,141
"2026/01/26","2026/01/28","211A","カドス","東証およびＰＴＳ",,"確報",100,100,400,0,0,0,400,433000,433000,1732000,0,0,0,1732000,,,0,0,0,36000,0,0,20,20,20,20,0,0,0
"2026/01/26","2026/01/28","2120","ＬＩＦＵＬＬ","東証およびＰＴＳ",,"確報",10000,6200,94300,200,7900,25300,69000,1760000,1091200,16596800,35200,1390400,4452800,12144000,,,0,0,0,452500,165000,0,12.6,26.6,7.2,11.3,236.1,11.1,21.2
"2026/01/26","2026/01/28","2121","ＭＩＸＩ","東証およびＰＴＳ",,"確報",0,1700,10700,200,0,900,9800,0,4671600,29403600,549600,0,2473200,26930400,,,0,0,0,186000,10500,0,15.8,35,11.3,17.1,2.3,0,4.7
"2026/01/26","2026/01/28","2122","インタースペース","東証およびＰＴＳ",,"確報",100,100,1500,0,0,0,1500,126700,126700,1900500,0,0,0,1900500,,,0,0,0,15000,0,0,36.5,36.5,36.5,36.5,0,0,0
"2026/01/26","2026/01/28","2124","ジェイエイシリクルト","東証およびＰＴＳ",,"確報",500,300,7200,600,200,3400,3800,507500,304500,7308000,609000,203000,3451000,3857000,,,0,0,0,168000,72000,0,13.4,24.5,26.4,25.4,3,13.4,4.9
"2026/01/26","2026/01/28","2127","日本Ｍ＆Ａ","東証およびＰＴＳ",,"確報",200,100,71500,18200,0,55700,15800,143520,71760,51308400,13060320,0,39970320,11338080,,,0,0,0,706860,371250,0,6.1,7,5.6,6.2,9.4,4.4,6
"2026/01/26","2026/01/28","212A","フィットイージー","東証およびＰＴＳ",,"確報",8900,0,54900,0,0,0,54900,22018600,0,135822600,0,0,0,135822600,,,0,0,0,6808000,0,0,31.5,22,55.5,31.5,0,0,0
"2026/01/26","2026/01/28","2130","メンバーズ","東証およびＰＴＳ",,"確報",1500,5000,62000,100,200,3400,58600,2205000,7350000,91140000,147000,294000,4998000,86142000,,,0,0,720500,0,0,38500,20.1,86.7,37.3,52.2,11.7,3.5,5.3
"2026/01/26","2026/01/28","2134","キタハマキャピタル","東証およびＰＴＳ",,"確報",53400,29400,921700,0,0,0,921700,2242800,1234800,38711400,0,0,0,38711400,,,0,0,897700,0,0,0,22.5,24.8,20.5,22.5,0,0,0
"2026/01/26","2026/01/28","2136","ヒップ","東証およびＰＴＳ",,"確報",200,0,1100,0,0,0,1100,328000,0,1804000,0,0,0,1804000,,,0,0,0,3600,0,0,24.5,16.3,49,24.5,0,0,0
"2026/01/26","2026/01/28","2138","クルーズ","東証およびＰＴＳ",,"確報",23500,14700,38400,0,100,38400,0,14100000,8820000,23040000,0,60000,23040000,0,,,0,0,0,88800,115500,0,3.2,1.5,1.6,1.6,28.4,268.1,51.4
"2026/01/26","2026/01/28","2139","中広","東証およびＰＴＳ",,"確報",71500,9800,73700,100,0,12100,61600,32032000,4390400,33017600,44800,0,5420800,27596800,,,0,0,0,24000,24000,0,1.5,1.1,1.4,1.2,151,201.3,172.6
"2026/01/26","2026/01/28","213A","上場日経半導体","東証およびＰＴＳ",,"確報",2770,15350,113530,590,0,1720,111810,743191,4118405,30460099,158297,0,461476,29998623,,,0,0,0,592717,5311,0,6.8,4,24.1,6.9,5.1,3.3,4
"2026/01/26","2026/01/28","2146","ＵＴグループ","東証およびＰＴＳ",,"確報",78300,341700,695400,31000,294400,695400,0,16677900,72782100,148120200,6603000,62707200,148120200,0,,,0,0,0,4794000,4794000,0,9.3,7.7,5.3,6.3,30,12.6,17.7
"2026/01/26","2026/01/28","2148","アイティメディア","東証およびＰＴＳ",,"確報",0,300,7100,0,0,0,7100,0,514800,12183600,0,0,0,12183600,,,0,0,0,148000,0,0,41.6,79,28.2,41.6,0,0,0
"2026/01/26","2026/01/28","2152","幼児活動研究会","東証およびＰＴＳ",,"確報",0,100,500,0,0,0,500,0,154000,770000,0,0,0,770000,,,0,0,30600,0,0,0,30,0,15,30,0,0,0
"2026/01/26","2026/01/28","2153","Ｅ・ＪＨＤ","東証およびＰＴＳ",,"確報",700,0,3300,0,0,0,3300,1255800,0,5920200,0,0,0,5920200,,,0,0,0,208000,0,0,14.1,7.5,120,14.1,0,0,0
"2026/01/26","2026/01/28","2154","オープンアップＧ","東証およびＰＴＳ",,"確報",200,200,5400,0,0,5400,0,378200,378200,10211400,0,0,10211400,0,,,0,0,0,151200,151200,0,21.4,14.1,17.9,15.8,26.8,44.7,33.5
"2026/01/26","2026/01/28","2156","セーラー広告","東証およびＰＴＳ",,"確報",0,200,19000,0,0,0,19000,0,66600,6327000,0,0,0,6327000,,,0,0,0,38400,0,0,18.1,22.4,15.1,18.1,0,0,0
"2026/01/26","2026/01/28","2157","コシダカＨＤ","東証およびＰＴＳ",,"確報",500,22500,18400,6500,0,10600,7800,605500,27247500,22282400,7871500,0,12836600,9445800,,,0,0,1131200,0,0,114800,10.2,106,6.6,12.4,2.2,17.8,3.9
"2026/01/26","2026/01/28","2158","ＦＲＯＮＴＥＯ","東証およびＰＴＳ",,"確報",6600,300,159100,0,0,0,159100,5610000,255000,135235000,0,0,0,135235000,,,0,0,0,5348000,0,0,40.8,22.7,200.9,40.8,0,0,0
"2026/01/26","2026/01/28","215A","タイミー","東証およびＰＴＳ",,"確報",356900,137500,2112400,16300,1000,2112400,0,506441100,195112500,2997495600,23129700,1419000,2997495600,0,,,0,0,32181000,0,0,35650700,23.2,15.3,13.6,14.4,413.3,30.5,56.8
"2026/01/26","2026/01/28","2160","ジーエヌアイグループ","東証およびＰＴＳ",,"確報",21100,14000,518000,7100,0,518000,0,56548000,37520000,1388240000,19028000,0,1388240000,0,,,0,0,0,36273900,36273900,0,35.8,18,19.3,18.6,243.8,3657,457.1
"2026/01/26","2026/01/28","2162","ｎｍｓ　ＨＤ","東証およびＰＴＳ",,"確報",0,0,10200,200,0,1800,8400,0,0,4885800,95800,0,862200,4023600,,,0,0,0,10200,1600,0,28.2,87.2,24.9,38.7,10.9,12.3,11.5
"2026/01/26","2026/01/28","2163","アルトナー","東証およびＰＴＳ",,"確報",300,0,3000,0,0,0,3000,643500,0,6435000,0,0,0,6435000,,,0,0,0,124200,0,0,13.5,11.4,16.4,13.5,0,0,0
"2026/01/26","2026/01/28","2164","地域新聞社","東証およびＰＴＳ",,"確報",0,300,760400,0,0,0,760400,0,88500,224318000,0,0,0,224318000,,,0,0,2282100,0,0,0,3170,2717.1,3804,3170,0,0,0
"2026/01/26","2026/01/28","2168","パソナグループ","東証およびＰＴＳ",,"確報",2300,1200,14800,500,1400,43900,-29100,4703500,2454000,30266000,1022500,2863000,89775500,-59509500,,,0,0,0,548000,1792000,0,8.6,3.5,2.8,3.1,19.3,64.4,29.7
"2026/01/26","2026/01/28","2169","ＣＤＳ","東証およびＰＴＳ",,"確報",100,100,200,0,0,200,0,181600,181600,363200,0,0,363200,0,,,0,0,0,2400,2400,0,20,10,10,10,0,0,0
"2026/01/26","2026/01/28","2170","リンク＆モチベ","東証およびＰＴＳ",,"確報",1800,0,41100,3100,1600,9300,31800,923400,0,21084300,1590300,820800,4770900,16313400,,,0,0,0,589500,117000,0,19.3,29.9,19.9,23.9,8.5,10.5,9.4
"2026/01/26","2026/01/28","2173","博展","東証およびＰＴＳ",,"確報",300,0,6400,600,0,4200,2200,305400,0,6515200,610800,0,4275600,2239600,,,0,0,0,134200,79200,0,27.2,21.1,296,39.5,17.3,20.7,18.8
"2026/01/26","2026/01/28","2175","エス・エム・エス","東証およびＰＴＳ",,"確報",10700,1200,42600,2700,400,111300,-68700,17943900,2012400,71440200,4527900,670800,186650100,-115209900,,,0,0,66200,0,0,218000,5.6,2.9,8.3,4.2,3.3,76.6,6.3
"2026/01/26","2026/01/28","2179","成学社","東証およびＰＴＳ",,"確報",0,0,300,0,0,0,300,0,0,246600,0,0,0,246600,,,0,0,0,900,0,0,0,0,0,0,0,0,0
"2026/01/26","2026/01/28","2180","サニーサイドアップ","東証およびＰＴＳ",,"確報",500,200,8500,0,0,0,8500,438500,175400,7454500,0,0,0,7454500,,,0,0,73800,0,0,0,29.4,51.5,20.6,29.4,0,0,0
"2026/01/26","2026/01/28","2181","パーソルＨＤ","東証およびＰＴＳ",,"確報",3800,1000,58300,3400,0,12400,45900,1056020,277900,16201570,944860,0,3445960,12755610,,,0,0,0,194250,31500,0,5.5,26.3,2.7,4.9,16.5,12.3,14.1
"2026/01/26","2026/01/28","2183","リニカル","東証およびＰＴＳ",,"確報",300,0,5700,0,0,0,5700,95100,0,1806900,0,0,0,1806900,,,0,0,0,5400,0,0,5.3,5.5,5.1,5.3,0,0,0
"2026/01/26","2026/01/28","2185","シイエム・シイ","東証およびＰＴＳ",,"確報",0,0,400,0,0,0,400,0,0,714400,0,0,0,714400,,,0,0,3200,0,0,0,42,0,21,42,0,0,0
"2026/01/26","2026/01/28","2186","ソーバル","東証およびＰＴＳ",,"確報",100,0,100,0,0,0,100,91300,0,91300,0,0,0,91300,,,0,0,0,0,0,0,2,1,0,2,0,0,0
"2026/01/26","2026/01/28","218A","Ｌｉｂｅｒａｗａｒｅ","東証およびＰＴＳ",,"確報",3300,800,153000,0,0,0,153000,4910400,1190400,227664000,0,0,0,227664000,,,0,0,903000,0,0,0,67.8,66.6,69,67.8,0,0,0
"2026/01/26","2026/01/28","2193","クックパッド","東証およびＰＴＳ",,"確報",8500,0,466500,8600,100,466500,0,1317500,0,72307500,1333000,15500,72307500,0,,,0,0,0,1832000,1832000,0,42,21.2,152,37.2,24.5,1544.9,48.2
"2026/01/26","2026/01/28","2195","アミタＨＤ","東証およびＰＴＳ",,"確報",1200,100,4400,0,0,0,4400,457200,38100,1676400,0,0,0,1676400,,,0,0,26400,0,0,0,6,7.6,5,6,0,0,0
"2026/01/26","2026/01/28","2196","エスクリ","東証およびＰＴＳ",,"確報",0,300,142400,0,3000,110300,32100,0,50100,23780800,0,501000,18420100,5360700,,,0,0,0,142700,113300,0,369.7,323.4,646.8,431.2,0,156.7,313.4
"2026/01/26","2026/01/28","2198","アイ・ケイ・ケイＨＤ","東証およびＰＴＳ",,"確報",0,400,23800,0,400,23800,0,0,322000,19159000,0,322000,19159000,0,,,0,0,0,0,0,0,44.1,59.9,27.9,38.1,104.8,34.9,52.4
"2026/01/26","2026/01/28","219A","Ｈｅａｒｔｓｅｅｄ","東証およびＰＴＳ",,"確報",600,4300,429900,1600,0,786900,-357000,1200600,8604300,860229900,3201600,0,1574586900,-714357000,,,0,0,0,15609600,28270800,0,80.2,48,47.5,47.8,836.3,71.3,131.5
"2026/01/26","2026/01/28","2201","森永製菓","東証およびＰＴＳ",,"確報",0,800,3900,0,0,0,3900,0,2203600,10742550,0,0,0,10742550,,,0,0,0,25850,0,0,6.2,8.8,5.2,6.5,1,0.7,0.8
"2026/01/26","2026/01/28","2204","中村屋","東証およびＰＴＳ",,"確報",100,0,1900,100,0,1900,0,313500,0,5956500,313500,0,5956500,0,,,0,0,9000,0,0,9000,19.8,15.8,39.5,22.6,13.2,26.3,17.6
"2026/01/26","2026/01/28","2206","江崎グリコ","東証およびＰＴＳ",,"確報",700,0,10100,200,500,43100,-33000,3799600,0,54822800,1085600,2714000,233946800,-179124000,,,0,0,9400,0,0,43400,24.2,8.9,12.3,10.3,35.7,35.7,35.7
"2026/01/26","2026/01/28","2207","ｍｅｉｔｏ","東証およびＰＴＳ",,"確報",0,100,505900,100,1400,34700,471200,0,250600,1267785400,250600,3508400,86958200,1180827200,,,0,0,0,5060000,360000,0,14.5,6.7,3903.6,13.5,197.2,50.7,80.7
"2026/01/26","2026/01/28","2208","ブルボン","東証およびＰＴＳ",,"確報",0,0,100,0,0,0,100,0,0,275400,0,0,0,275400,,,0,0,1200,0,0,0,3.5,3.5,3.5,3.5,0,0,0
"2026/01/26","2026/01/28","2209","井村屋グループ","東証およびＰＴＳ",,"確報",500,0,900,0,0,0,900,1240000,0,2232000,0,0,0,2232000,,,0,0,0,10400,0,0,4.5,4.1,4.8,4.5,0,0,0
"2026/01/26","2026/01/28","220A","ファベル","東証およびＰＴＳ",,"確報",0,0,4100,0,0,0,4100,0,0,4132800,0,0,0,4132800,,,0,0,0,4100,0,0,0,0,0,0,0,0,0
"2026/01/26","2026/01/28","2211","不二家","東証およびＰＴＳ",,"確報",200,600,23800,2000,0,53300,-29500,511800,1535400,60904200,5118000,0,136394700,-75490500,,,0,0,0,387200,820800,0,29,40.3,9.8,15.8,31.8,106.1,49
"2026/01/26","2026/01/28","2212","山崎製パン","東証およびＰＴＳ",,"確報",800,100,11700,400,300,5100,6600,2744000,343000,40131000,1372000,1029000,17493000,22638000,,,0,0,0,143000,65000,0,3.5,3.9,3.1,3.4,10,2.2,3.6
"2026/01/26","2026/01/28","2215","第一屋製パン","東証およびＰＴＳ",,"確報",300,300,34700,0,200,6800,27900,184200,184200,21305800,0,122800,4175200,17130600,,,0,0,0,104100,21000,0,97.6,102.1,289.2,150.9,72.8,24.3,36.4
"2026/01/26","2026/01/28","2216","カンロ","東証およびＰＴＳ",,"確報",10800,17600,49900,0,8500,49900,0,17776800,28969600,82135400,0,13991000,82135400,0,,,0,0,0,2948400,3036800,0,11.7,7.5,7.2,7.3,31.7,26.4,28.8
"2026/01/26","2026/01/28","2217","モロゾフ","東証およびＰＴＳ",,"確報",0,0,1700,1200,300,42300,-40600,0,0,2689400,1898400,474600,66918600,-64229200,,,0,0,0,13600,331200,0,41.9,18.8,6.3,9.4,36.6,77.3,49.7
"2026/01/26","2026/01/28","221A","ＭＸＳ日経半導体株","東証およびＰＴＳ",,"確報",560,80,24900,1300,0,3720,21180,431032,61576,19165530,1000610,0,2863284,16302246,,,0,0,0,549450,54450,0,8.4,4.3,364.4,8.6,4.8,11.8,6.9
"2026/01/26","2026/01/28","2220","亀田製菓","東証およびＰＴＳ",,"確報",2400,0,69300,800,0,3500,65800,9264000,0,267498000,3088000,0,13510000,253988000,,,0,0,1338000,0,0,54000,23.1,12.1,1040.3,24,10.1,15.8,12.3
"2026/01/26","2026/01/28","2221","岩塚製菓","東証およびＰＴＳ",,"確報",0,0,400,0,0,0,400,0,0,1218000,0,0,0,1218000,,,0,0,2000,0,0,0,12,12,12,12,0,0,0
"2026/01/26","2026/01/28","2222","寿スピリッツ","東証およびＰＴＳ",,"確報",18700,2400,32100,1300,300,16800,15300,33828300,4341600,58068900,2351700,542700,30391200,27677700,,,0,0,0,158000,158000,0,4.8,2.7,4.5,3.4,9.9,24.6,14.1
"2026/01/26","2026/01/28","2224","コモ","東証およびＰＴＳ",,"確報",0,0,1300,0,0,0,1300,0,0,4582500,0,0,0,4582500,,,0,0,0,32500,0,0,130,65,0,130,0,0,0
"2026/01/26","2026/01/28","2226","湖池屋","東証およびＰＴＳ",,"確報",300,100,1500,100,100,2100,-600,1398000,466000,6990000,466000,466000,9786000,-2796000,,,0,0,0,32500,52500,0,23.1,16.3,16.3,16.3,27,36,30.9
"2026/01/26","2026/01/28","2229","カルビー","東証およびＰＴＳ",,"確報",900,0,14300,900,0,14300,0,2760300,0,43858100,2760300,0,43858100,0,,,0,0,227800,0,0,227800,12.9,9,11.3,10,15.1,22.9,18.2
"2026/01/26","2026/01/28","2235","上場ダウヘッジなし","東証およびＰＴＳ",,"確報",0,0,71,0,0,0,71,0,0,233448,0,0,0,233448,,,0,0,0,8520,0,0,3.2,2.5,4.3,3.2,0,0,0
"2026/01/26","2026/01/28","2236","ＧＸＵＳ配当貴族","東証およびＰＴＳ",,"確報",200,8,209,0,0,0,209,274600,10984,286957,0,0,0,286957,,,0,0,0,799,0,0,2.3,1.2,29.1,2.3,0,0,0
"2026/01/26","2026/01/28","2237","ｉＦＳＰ５００ダブル","東証およびＰＴＳ",,"確報",0,225,309,0,0,0,309,0,23625000,32445000,0,0,0,32445000,,,0,0,0,373800,0,0,3.3,2.7,4.2,3.3,0,0,0
"2026/01/26","2026/01/28","2238","ｉＦＳＰ５００ベア","東証およびＰＴＳ",,"確報",0,0,390,0,0,0,390,0,0,2248740,0,0,0,2248740,,,0,0,6630,0,0,0,8.6,6.5,12.6,8.6,0,0,0
"2026/01/26","2026/01/28","2239","上場Ｓ＆Ｐレバ２倍","東証およびＰＴＳ",,"確報",30,0,1240,0,0,0,1240,684900,0,28309200,0,0,0,28309200,,,0,0,0,169400,0,0,16.3,9.8,47.6,16.3,0,0,0
"2026/01/26","2026/01/28","223A","ＧＸＡＩビッグデータ","東証およびＰＴＳ",,"確報",0,1046,4218,0,0,4,4214,0,1513562,6103446,0,0,5788,6097658,,,0,0,0,231616,176,0,6.4,3.9,18.3,6.4,0,0,0
"2026/01/26","2026/01/28","2240","上場Ｓ＆Ｐインバース","東証およびＰＴＳ",,"確報",0,0,9,0,0,0,9,0,0,52695,0,0,0,52695,,,0,0,288,0,0,0,0,0,0,0,0,0,0
"2026/01/26","2026/01/28","2241","ＭＸＳダウ","東証およびＰＴＳ",,"確報",0,0,800,0,0,0,800,0,0,682160,0,0,0,682160,,,0,0,0,13520,0,0,0,0,0,0,0,0,0
"2026/01/26","2026/01/28","2242","ＭＸＳダウヘ有","東証およびＰＴＳ",,"確報",0,0,0,0,0,0,0,0,0,0,0,0,0,0,,,0,0,0,0,0,0,0,0,0,0,0,0,0
"2026/01/26","2026/01/28","2243","ＧＸ半導体","東証およびＰＴＳ",,"確報",1081,260,17874,0,90,60,17814,3138143,754780,51888222,0,261270,174180,51714042,,,0,0,0,2199837,19350,0,6.5,4.2,16.2,6.7,2.4,1.9,2.1
"2026/01/26","2026/01/28","2244","ＧＸＵＳテック２０","東証およびＰＴＳ",,"確報",20,1570,13754,0,400,60,13694,61860,4856010,42541122,0,1237200,185580,42355542,,,0,0,0,1377360,41400,0,31.2,34.8,31.7,33.2,0,4.8,9.5
"2026/01/26","2026/01/28","2245","独債７－１０ヘッジ有","東証およびＰＴＳ",,"確報",0,0,0,0,0,0,0,0,0,0,0,0,0,0,,,0,0,0,0,0,0,0,0,0,0,0,0,0
"2026/01/26","2026/01/28","2246","仏債７－１０ヘッジ有","東証およびＰＴＳ",,"確報",0,0,0,0,0,0,0,0,0,0,0,0,0,0,,,0,0,0,0,0,0,0,0,0,0,0,0,0
"2026/01/26","2026/01/28","2247","ｉＦＳＰ５００Ｈ無","東証およびＰＴＳ",,"確報",2871,0,4142,0,0,0,4142,5759226,0,8308852,0,0,0,8308852,,,0,0,0,207173,0,0,3.9,2,82.8,3.9,0,0,0
"2026/01/26","2026/01/28","2248","ｉＦＳＰ５００Ｈ有","東証およびＰＴＳ",,"確報",259,0,259,1027,0,1027,-768,656565,0,656565,2603445,0,2603445,-1946880,,,0,0,0,0,0,0,2,1,0,2,1,0,2
"2026/01/26","2026/01/28","2249","ｉＦＳＰ５００Ｗベア","東証およびＰＴＳ",,"確報",2,0,1044,0,0,0,1044,23210,0,12115620,0,0,0,12115620,,,0,0,78150,0,0,0,7,3.7,64.9,7,0,0,0
"2026/01/26","2026/01/28","224A","ＧＸウラニウム","東証およびＰＴＳ",,"確報",1381,957,26211,0,0,0,26211,2779953,1926441,52762743,0,0,0,52762743,,,0,0,0,1830877,0,0,7.9,4.7,25.8,7.9,0,0,0
"2026/01/26","2026/01/28","2250","ｉＳＭＳＣＩ日株気候","東証およびＰＴＳ",,"確報",0,0,100,10,10,20,80,0,0,31970,3197,3197,6394,25576,,,0,0,0,780,156,0,7.7,13.5,13.5,13.5,4.8,2.7,3.5
"2026/01/26","2026/01/28","2251","ＪＧＢダブルインバ","東証およびＰＴＳ",,"確報",60,1470,15030,0,0,10,15020,51360,1258320,12865680,0,0,8560,12857120,,,0,0,0,82200,50,0,6.5,3.8,23.3,6.6,1.5,3,2
"2026/01/26","2026/01/28","2252","ＧＸＵＳ中小モート","東証およびＰＴＳ",,"確報",0,0,2004,0,0,0,2004,0,0,2667324,0,0,0,2667324,,,0,0,0,102204,0,0,8,4,0,8,0,0,0
"2026/01/26","2026/01/28","2253","ＧＸＵＳスーパーＤ","東証およびＰＴＳ",,"確報",220,0,320,0,0,0,320,262460,0,381760,0,0,0,381760,,,0,0,0,4200,0,0,2.6,1.3,0,2.6,0,0,0
"2026/01/26","2026/01/28","2254","ＧＸ中国ＥＶバッテリ","東証およびＰＴＳ",,"確報",0,0,3685,0,0,0,3685,0,0,4447795,0,0,0,4447795,,,0,0,0,187935,0,0,8.2,4.1,0,8.2,0,0,0
"2026/01/26","2026/01/28","2255","ｉＳ米国債二十","東証およびＰＴＳ",,"確報",0,30,2000,0,0,60,1940,0,6222,414800,0,0,12444,402356,,,0,0,0,8932,264,0,8.1,4.1,203.3,8,12,0,24
"2026/01/26","2026/01/28","2256","ｉＳ米国総合債券","東証およびＰＴＳ",,"確報",2190,0,2250,0,0,0,2250,487494,0,500850,0,0,0,500850,,,0,0,0,174,0,0,2,1,39.5,2,0,0,0
"2026/01/26","2026/01/28","2257","ｉＳ＄ＩＧ社債","東証およびＰＴＳ",,"確報",0,0,0,0,0,0,0,0,0,0,0,0,0,0,,,0,0,0,0,0,0,0,0,0,0,0,0,0
"2026/01/26","2026/01/28","2258","ｉＳ＄ＨＹ社債","東証およびＰＴＳ",,"確報",0,0,440,0,0,0,440,0,0,98076,0,0,0,98076,,,0,0,0,2948,0,0,8,4,0,8,0,0,0
"2026/01/26","2026/01/28","2259","ｉＳフランス国債ヘジ","東証およびＰＴＳ",,"確報",0,0,10,0,10,0,10,0,0,1895,0,1895,0,1895,,,0,0,11,0,0,11,9,0,0,0,4,4,4
"2026/01/26","2026/01/28","2264","森永乳業","東証およびＰＴＳ",,"確報",1100,0,3000,900,0,1500,1500,4417600,0,12048000,3614400,0,6024000,6024000,,,0,0,57000,0,0,18000,3.6,4.8,6.7,5.6,1.9,2.3,2.1
"2026/01/26","2026/01/28","2266","六甲バター","東証およびＰＴＳ",,"確報",3900,200,17400,100,1700,37700,-20300,4660500,239000,20793000,119500,2031500,45051500,-24258500,,,0,0,95900,0,0,275100,31.8,9.4,102.1,17.2,37.1,63.1,46.8
"2026/01/26","2026/01/28","2267","ヤクルト本社","東証およびＰＴＳ",,"確報",500,9100,47500,1000,800,21400,26100,1276750,23236850,121291250,2553500,2042800,54644900,66646350,,,0,0,0,897600,339200,0,18.8,22.6,14.1,17.4,19.9,30.7,24.1
"2026/01/26","2026/01/28","2268","サーティワン","東証およびＰＴＳ",,"確報",0,0,3300,0,0,0,3300,0,0,13200000,0,0,0,13200000,,,0,0,0,33000,0,0,23.4,11.7,0,23.4,0,0,0
"2026/01/26","2026/01/28","2269","明治ホールディングス","東証およびＰＴＳ",,"確報",2700,4700,14900,3100,200,14900,0,9979200,17371200,55070400,11457600,739200,55070400,0,,,0,0,253500,0,0,180000,6.5,6.9,7.6,7.2,4.8,7.2,5.8
"2026/01/26","2026/01/28","2270","雪印メグミルク","東証およびＰＴＳ",,"確報",300,2600,17400,0,2300,17400,0,1029000,8918000,59682000,0,7889000,59682000,0,,,0,0,0,394000,394000,0,12.4,8.2,9.8,8.9,16.7,25.6,20.2
"2026/01/26","2026/01/28","2281","プリマハム","東証およびＰＴＳ",,"確報",16600,9900,37900,0,700,30500,7400,46978000,28017000,107257000,0,1981000,86315000,20942000,,,0,0,374400,0,0,374400,5.5,3.3,2.8,3,792,40.6,77.3
"2026/01/26","2026/01/28","2282","日本ハム","東証およびＰＴＳ",,"確報",8000,300,8700,300,1700,24900,-16200,55888000,2095800,60778200,2095800,11876200,173951400,-113173200,,,0,0,16000,0,0,420800,3.8,1.3,1.4,1.4,9.1,5.6,6.9
"2026/01/26","2026/01/28","2286","林兼産業","東証およびＰＴＳ",,"確報",300,0,302800,0,0,0,302800,230400,0,232550400,0,0,0,232550400,,,0,0,0,1512500,0,0,1780.9,5046,1081.3,1780.9,0,0,0
"2026/01/26","2026/01/28","2288","丸大食品","東証およびＰＴＳ",,"確報",100,1300,9400,3200,400,13900,-4500,227100,2952300,21347400,7267200,908400,31566900,-10219500,,,0,0,0,169600,177600,0,15.9,18.3,11.5,14.2,17.6,18.2,17.9
"2026/01/26","2026/01/28","228A","オプロ","東証およびＰＴＳ",,"確報",0,100,2100,0,0,0,2100,0,200000,4200000,0,0,0,4200000,,,0,0,0,160600,0,0,28.3,37.7,22.6,28.3,0,0,0
"2026/01/26","2026/01/28","2291","福留ハム","東証およびＰＴＳ",,"確報",0,0,7600,200,700,28200,-20600,0,0,4871600,128200,448700,18076200,-13204600,,,0,0,0,15200,57400,0,83.8,189,0,378,56.9,88.9,69.4
"2026/01/26","2026/01/28","2292","エス　フーズ","東証およびＰＴＳ",,"確報",100,200,3100,0,300,400,2700,308000,616000,9548000,0,924000,1232000,8316000,,,0,0,16000,0,0,3500,6.5,7.2,7.9,7.5,3.3,3.3,3.3
"2026/01/26","2026/01/28","2293","滝沢ハム","東証およびＰＴＳ",,"確報",0,0,0,0,0,0,0,0,0,0,0,0,0,0,,,0,0,0,0,0,0,6,0,3,6,0,0,0
"2026/01/26","2026/01/28","2294","柿安本店","東証およびＰＴＳ",,"確報",14600,0,49800,2000,800,96500,-46700,40427400,0,137896200,5538000,2215200,267208500,-129312300,,,0,0,211200,0,0,571800,30.8,8,21.3,11.6,81.4,295.1,127.6
"2026/01/26","2026/01/28","2296","伊藤ハム米久ＨＤ","東証およびＰＴＳ",,"確報",2800,1700,5800,200,0,4900,900,16828000,10217000,34858000,1202000,0,29449000,5409000,,,0,0,0,0,0,0,4.6,3.5,2.6,3,39.1,6.2,10.7
"2026/01/26","2026/01/28","2300","きょくとう","東証およびＰＴＳ",,"確報",0,2700,800,0,0,0,800,0,1425600,422400,0,0,0,422400,,,0,0,0,3500,0,0,10.6,148,5.5,10.6,0,0,0
"2026/01/26","2026/01/28","2301","学情","東証およびＰＴＳ",,"確報",0,100,31200,100,800,900,30300,0,175500,54756000,175500,1404000,1579500,53176500,,,0,0,0,1345900,68800,0,39.2,115.3,29.3,46.8,24,5.1,8.5
"2026/01/26","2026/01/28","2303","ドーン","東証およびＰＴＳ",,"確報",0,100,1300,0,0,0,1300,0,268700,3493100,0,0,0,3493100,,,0,0,0,28000,0,0,20.9,0,10.4,20.9,0,0,0
"2026/01/26","2026/01/28","2304","ＣＳＳＨＤ","東証およびＰＴＳ",,"確報",100,300,100,100,0,100,0,100300,300900,100300,100300,0,100300,0,,,0,0,0,1200,0,0,4.7,6.5,4.3,5.2,1,0,2
"2026/01/26","2026/01/28","2305","スタジオアリス","東証およびＰＴＳ",,"確報",4900,1000,9300,900,0,9300,0,9824500,2005000,18646500,1804500,0,18646500,0,,,0,0,0,59400,92400,0,7.3,3.2,5.6,4.1,15.1,40.8,22.1
"2026/01/26","2026/01/28","2307","クロスキャット","東証およびＰＴＳ",,"確報",1000,0,5300,0,0,0,5300,1038000,0,5501400,0,0,0,5501400,,,0,0,0,90300,0,0,15.2,13.9,16.9,15.2,0,0,0
"2026/01/26","2026/01/28","2311","エプコ","東証およびＰＴＳ",,"確報",0,800,3500,0,0,0,3500,0,660000,2887500,0,0,0,2887500,,,0,0,0,81700,0,0,26.7,28.6,25,26.7,0,0,0
"2026/01/26","2026/01/28","2315","ＣＡＩＣＡ　Ｄ","東証およびＰＴＳ",,"確報",29000,29400,1967200,400,800,1967200,0,2987000,3028200,202621600,41200,82400,202621600,0,,,0,0,0,0,0,0,8.2,5.2,4.3,4.7,2812.1,22.1,43.9
"2026/01/26","2026/01/28","2317","システナ","東証およびＰＴＳ",,"確報",21100,0,183000,0,2200,13000,170000,10739900,0,93147000,0,1119800,6617000,86530000,,,0,0,0,1457100,136800,0,16.8,23,18.6,20.6,2.9,8.4,4.4
"2026/01/26","2026/01/28","2321","ソフトフロントＨＤ","東証およびＰＴＳ",,"確報",11400,500,78700,0,0,0,78700,2416800,106000,16684400,0,0,0,16684400,,,0,0,0,339000,0,0,19.3,21.6,17.4,19.3,0,0,0
"2026/01/26","2026/01/28","2323","ｆｏｎｆｕｎ","東証およびＰＴＳ",,"確報",900,700,164000,0,0,0,164000,1145700,891100,208772000,0,0,0,208772000,,,0,0,0,6552000,0,0,187.8,181.5,194.5,187.8,0,0,0
"2026/01/26","2026/01/28","2325","ＮＪＳ","東証およびＰＴＳ",,"確報",2600,0,36300,1200,0,38700,-2400,12662000,0,176781000,5844000,0,188469000,-11688000,,,0,0,0,4718000,5250000,0,33.6,15.4,31.5,20.7,49.4,208.7,79.9
"2026/01/26","2026/01/28","2326","デジタルアーツ","東証およびＰＴＳ",,"確報",5000,100,13800,800,0,1500,12300,28800000,576000,79488000,4608000,0,8640000,70848000,,,0,0,267000,0,0,21000,6,4.1,27.8,7.1,2.6,3.4,3
"2026/01/26","2026/01/28","2327","日鉄ソリューションズ","東証およびＰＴＳ",,"確報",3000,900,17100,1500,200,17100,0,13572000,4071600,77360400,6786000,904800,77360400,0,,,0,0,0,1935000,2038200,0,14.8,6.5,22.5,10,22.4,32.2,26.4
"2026/01/26","2026/01/28","2329","東北新社","東証およびＰＴＳ",,"確報",0,200,2300,0,0,0,2300,0,129000,1483500,0,0,0,1483500,,,0,0,0,12500,0,0,29.8,39.7,23.8,29.8,0,0,0
"2026/01/26","2026/01/28","2330","フォーサイド","東証およびＰＴＳ",,"確報",1500,0,202000,0,0,0,202000,258000,0,34744000,0,0,0,34744000,,,0,0,0,601500,0,0,92.5,97.9,87.7,92.5,0,0,0
"2026/01/26","2026/01/28","2331","ＡＬＳＯＫ","東証およびＰＴＳ",,"確報",1300,2900,5900,900,900,9800,-3900,1608750,3588750,7301250,1113750,1113750,12127500,-4826250,,,0,0,0,22500,29400,0,9.4,9.5,7.3,8.3,12.9,8.7,10.4
"2026/01/26","2026/01/28","2332","クエスト","東証およびＰＴＳ",,"確報",1200,500,3400,400,700,1100,2300,2424000,1010000,6868000,808000,1414000,2222000,4646000,,,0,0,461700,0,0,239400,3.2,2.3,15.4,3.9,1.4,3.6,2
"2026/01/26","2026/01/28","2334","イオレ","東証およびＰＴＳ",,"確報",13700,10000,587700,0,0,0,587700,5959500,4350000,255649500,0,0,0,255649500,,,0,0,3504000,0,0,0,46.8,49.8,44.2,46.8,0,0,0
"2026/01/26","2026/01/28","2335","キューブシステム","東証およびＰＴＳ",,"確報",100,0,3100,100,0,3100,0,108100,0,3351100,108100,0,3351100,0,,,0,0,0,60000,60000,0,39.8,79.5,22.7,35.3,159,26.5,45.4
"2026/01/26","2026/01/28","2337","いちご","東証およびＰＴＳ",,"確報",402100,77700,445800,26400,500,266700,179100,163654700,31623900,181440600,10744800,203500,108546900,72893700,,,0,0,0,0,0,0,2.4,1.1,1.6,1.3,17.2,93.2,29.1
"2026/01/26","2026/01/28","2338","クオンタムＳ","東証およびＰＴＳ",,"確報",1100,0,12400,0,0,0,12400,267300,0,3013200,0,0,0,3013200,,,0,0,0,395500,0,0,9,5.7,21.2,9,0,0,0
"2026/01/26","2026/01/28","233A","ｉＦインドＮ５０","東証およびＰＴＳ",,"確報",78,100,1606,0,47,0,1606,156000,200000,3212000,0,94000,0,3212000,,,0,0,0,65120,1880,0,3.6,4.1,4,4.1,22,1,1.9
"2026/01/26","2026/01/28","2340","極楽湯ＨＤ","東証およびＰＴＳ",,"確報",0,500,2200,0,0,0,2200,0,243500,1071400,0,0,0,1071400,,,0,0,2700,0,0,0,38.6,0,19.3,38.6,0,0,0
"2026/01/26","2026/01/28","2341","アルバイトタイムス","東証およびＰＴＳ",,"確報",0,2300,17500,0,0,0,17500,0,434700,3307500,0,0,0,3307500,,,0,0,0,0,0,0,21.7,50.3,13.8,21.7,0,0,0
"2026/01/26","2026/01/28","2342","トランスＧＧ","東証およびＰＴＳ",,"確報",100,200,61000,0,0,0,61000,29800,59600,18178000,0,0,0,18178000,,,0,0,0,1099800,0,0,41.5,123,25,41.5,0,0,0
"2026/01/26","2026/01/28","2344","平安レイサービス","東証およびＰＴＳ",,"確報",0,0,500,0,0,0,500,0,0,470000,0,0,0,470000,,,0,0,0,500,0,0,0,0,0,0,0,0,0
"2026/01/26","2026/01/28","2345","クシム","東証およびＰＴＳ",,"確報",0,400,3200,0,0,0,3200,0,99600,796800,0,0,0,796800,,,0,0,0,3600,0,0,48.9,85.5,34.2,48.9,0,0,0
"2026/01/26","2026/01/28","2349","エヌアイデイ","東証およびＰＴＳ",,"確報",0,0,500,0,0,0,500,0,0,1144000,0,0,0,1144000,,,0,0,0,17000,0,0,0,0,0,0,0,0,0
"2026/01/26","2026/01/28","234A","ＧＸＣＦキング日株","東証およびＰＴＳ",,"確報",0,0,0,0,0,0,0,0,0,0,0,0,0,0,,,0,0,0,0,0,0,1.9,1.9,1.9,1.9,0,0,0
"2026/01/26","2026/01/28","2351","ＡＳＪ","東証およびＰＴＳ",,"確報",0,1200,6200,0,0,0,6200,0,363600,1878600,0,0,0,1878600,,,0,0,7400,0,0,0,59.7,0,29.8,59.7,0,0,0
"2026/01/26","2026/01/28","2353","日本駐車場開発","東証およびＰＴＳ",,"確報",31800,43100,186700,61100,0,259100,-72400,9126600,12369700,53582900,17535700,0,74361700,-20778800,,,0,0,594000,0,0,594000,14.9,11.9,11.1,11.5,12.3,63.1,20.6
"2026/01/26","2026/01/28","2354","ＹＥ　ＤＩＧＩＴＡＬ","東証およびＰＴＳ",,"確報",2000,100,24600,0,0,0,24600,1636000,81800,20122800,0,0,0,20122800,,,0,0,0,703700,0,0,43.6,40.6,47.1,43.6,0,0,0
"2026/01/26","2026/01/28","2359","コア","東証およびＰＴＳ",,"確報",0,100,1400,100,0,800,600,0,209400,2931600,209400,0,1675200,1256400,,,0,0,0,16500,7700,0,16.3,19.3,12.8,15.4,12.3,37,18.5
"2026/01/26","2026/01/28","235A","ＧＸ高配当３０日株","東証およびＰＴＳ",,"確報",57,0,455,0,0,0,455,73644,0,587860,0,0,0,587860,,,0,0,0,9950,0,0,8.3,5.2,20.4,8.3,0,0,0
"2026/01/26","2026/01/28","236A","ｉＳ日本国債七十","東証およびＰＴＳ",,"確報",0,210,9310,20,0,1560,7750,0,95718,4243498,9116,0,711048,3532450,,,0,0,11424,0,0,1848,3.8,3.5,3.1,3.3,94.8,0,189.5
"2026/01/26","2026/01/28","2370","メディネット","東証およびＰＴＳ",,"確報",7600,100,204300,0,0,0,204300,243200,3200,6537600,0,0,0,6537600,,,0,0,0,196800,0,0,44,34,62.2,44,0,0,0
"2026/01/26","2026/01/28","2371","カカクコム","東証およびＰＴＳ",,"確報",0,700,9800,600,0,4500,5300,0,1558900,21824600,1336200,0,10021500,11803100,,,0,0,0,210000,78000,0,26.6,74.6,34.8,47.5,9.5,19,12.7
"2026/01/26","2026/01/28","2373","ケア２１","東証およびＰＴＳ",,"確報",0,0,500,0,0,0,500,0,0,215500,0,0,0,215500,,,0,0,0,500,0,0,7.1,16,4.6,7.1,0,0,0
"2026/01/26","2026/01/28","2374","セントケアＨＤ","東証およびＰＴＳ",,"確報",0,0,100,0,0,0,100,0,0,121100,0,0,0,121100,,,0,0,0,0,0,0,0,0,0,0,0,0,0
"2026/01/26","2026/01/28","2375","ギグワークス","東証およびＰＴＳ",,"確報",0,0,20500,0,0,0,20500,0,0,4633000,0,0,0,4633000,,,0,0,0,20500,0,0,71.6,0,35.8,71.6,0,0,0
"2026/01/26","2026/01/28","2376","サイネックス","東証およびＰＴＳ",,"確報",0,0,3100,0,0,0,3100,0,0,2290900,0,0,0,2290900,,,0,0,0,3100,0,0,0,0,0,0,0,0,0
"2026/01/26","2026/01/28","2378","ルネサンス","東証およびＰＴＳ",,"確報",2100,100,85500,2700,100,109700,-24200,2295300,109300,93451500,2951100,109300,119902100,-26450600,,,0,0,0,2254500,2891700,0,29.8,22.4,37.9,28.1,17.1,179.4,31.3
"2026/01/26","2026/01/28","2379","ディップ","東証およびＰＴＳ",,"確報",0,2200,17500,5100,0,14000,3500,0,4657400,37047500,10796700,0,29638000,7409500,,,0,0,0,59100,26700,0,7,7.5,12.5,9.4,4.6,5.2,4.9
"2026/01/26","2026/01/28","237A","ｉＳ米国債二十五","東証およびＰＴＳ",,"確報",7000,0,28740,0,0,0,28740,1146600,0,4707612,0,0,0,4707612,,,0,0,0,54350,0,0,9.6,5.2,63.2,9.6,0,0,0
"2026/01/26","2026/01/28","2384","ＳＢＳＨＤ","東証およびＰＴＳ",,"確報",0,0,800,0,0,0,800,0,0,3092000,0,0,0,3092000,,,0,0,0,44000,0,0,7.9,20,7.5,10.9,1.5,1,1.2
"2026/01/26","2026/01/28","2385","総医研ＨＤ","東証およびＰＴＳ",,"確報",1000,500,46300,0,0,0,46300,251000,125500,11621300,0,0,0,11621300,,,0,0,0,412200,0,0,44.1,73.2,31.5,44.1,0,0,0
"2026/01/26","2026/01/28","2388","ウェッジＨＤ","東証およびＰＴＳ",,"確報",0,400,57200,0,0,0,57200,0,26000,3718000,0,0,0,3718000,,,0,0,57600,0,0,0,20.7,17.7,24.9,20.7,0,0,0
"2026/01/26","2026/01/28","2389","デジタルＨＤ","東証およびＰＴＳ",,"確報",22500,900,23000,0,0,22600,400,45315000,1812600,46322000,0,0,45516400,805600,,,0,0,5600,0,0,90400,4.1,1.1,1.9,1.4,0,16.7,33.3
"2026/01/26","2026/01/28","238A","ｉＳ米国債二十五ヘジ","東証およびＰＴＳ",,"確報",5000,5440,84510,0,0,0,84510,702000,763776,11865204,0,0,0,11865204,,,0,0,42475,0,0,0,4.7,3.6,6.6,4.7,0,0,0
"2026/01/26","2026/01/28","2391","プラネット","東証およびＰＴＳ",,"確報",0,0,2600,0,0,0,2600,0,0,3354000,0,0,0,3354000,,,0,0,2600,0,0,0,0,0,0,0,0,0,0
"2026/01/26","2026/01/28","2393","日本ケアサプライ","東証およびＰＴＳ",,"確報",0,0,1300,0,0,0,1300,0,0,3109600,0,0,0,3109600,,,0,0,0,0,0,0,67,67,67,67,0,0,0
"2026/01/26","2026/01/28","2395","新日本科学","東証およびＰＴＳ",,"確報",3100,1100,161700,0,0,51600,110100,4994100,1772100,260498700,0,0,83127600,177371100,,,0,0,0,4471600,1444800,0,216.2,148.2,242.5,184,2593,259.3,471.5
"2026/01/26","2026/01/28","2404","鉄人化ＨＤ","東証およびＰＴＳ",,"確報",200,200,7400,0,0,7400,0,102000,102000,3774000,0,0,3774000,0,,,0,0,29600,0,0,29600,68.2,46.9,75,57.7,62.5,125,83.3
"2026/01/26","2026/01/28","2408","ＫＧ情報","東証およびＰＴＳ",,"確報",2100,0,3400,0,0,0,3400,1617000,0,2618000,0,0,0,2618000,,,0,0,33800,0,0,0,5.1,4,6.8,5.1,0,0,0
"2026/01/26","2026/01/28","2410","キャリアＤセンタ","東証およびＰＴＳ",,"確報",300,0,8300,0,0,0,8300,748800,0,20716800,0,0,0,20716800,,,0,0,0,264000,0,0,63.1,136,68,90.7,1,1,1
"2026/01/26","2026/01/28","2411","ゲンダイエージェンシ","東証およびＰＴＳ",,"確報",4000,4400,8700,100,0,3200,5500,1924000,2116400,4184700,48100,0,1539200,2645500,,,0,0,0,200200,68200,0,6.1,5.8,6.6,6.2,3.7,14.9,5.9
"2026/01/26","2026/01/28","2413","エムスリー","東証およびＰＴＳ",,"確報",219800,3100,423700,41000,0,43100,380600,436412900,6155050,841256350,81405500,0,85575050,755681300,,,0,0,0,4243500,43050,0,8.1,4.9,48.5,9,1.2,43.3,2.4
"2026/01/26","2026/01/28","2415","ヒューマンＨＤ","東証およびＰＴＳ",,"確報",0,0,2200,0,0,0,2200,0,0,4252600,0,0,0,4252600,,,0,0,0,17600,0,0,220,0,110,220,0,0,0
"2026/01/26","2026/01/28","2418","ツカダグローバルＨＤ","東証およびＰＴＳ",,"確報",0,700,35200,300,0,5900,29300,0,403900,20310400,173100,0,3404300,16906100,,,0,0,0,179500,28000,0,75.1,185.1,47.5,75.6,57.8,96.3,72.3
"2026/01/26","2026/01/28","241A","ＲＯＸＸ","東証およびＰＴＳ",,"確報",2800,2800,91700,0,0,91700,0,1624000,1624000,53186000,0,0,53186000,0,,,0,0,0,275100,275100,0,52.8,29.8,26.7,28.2,2311.5,231.2,420.3
"2026/01/26","2026/01/28","2424","ブラス","東証およびＰＴＳ",,"確報",0,100,400,0,0,0,400,0,66500,266000,0,0,0,266000,,,0,0,0,0,0,0,25,0,12.5,25,0,0,0
"2026/01/26","2026/01/28","2425","ケアサービス","東証およびＰＴＳ",,"確報",0,0,2300,0,0,0,2300,0,0,1863000,0,0,0,1863000,,,0,0,11500,0,0,0,230,115,0,230,0,0,0
"2026/01/26","2026/01/28","2428","ウェルネット","東証およびＰＴＳ",,"確報",0,0,17000,0,3400,1700,15300,0,0,11203000,0,2240600,1120300,10082700,,,0,0,0,136000,40800,0,12.9,33.2,19.2,24.3,28.3,2.9,5.3
"2026/01/26","2026/01/28","2429","ワールドＨＤ","東証およびＰＴＳ",,"確報",1200,0,17800,0,0,1100,16700,3103200,0,46030800,0,0,2844600,43186200,,,0,0,0,1012600,67100,0,70.2,49.9,141.3,73.7,0,21.3,42.7
"2026/01/26","2026/01/28","2432","ディー・エヌ・エー","東証およびＰＴＳ",,"確報",0,800,145400,100,0,6500,138900,0,2031600,369243300,253950,0,16506750,352736550,,,0,0,0,3362600,147200,0,96.1,262.1,88.4,132.2,38.6,8.7,14.2
"2026/01/26","2026/01/28","2433","博報堂ＤＹＨＤ","東証およびＰＴＳ",,"確報",1000,6100,19700,0,300,24500,-4800,1181500,7207150,23275550,0,354450,28946750,-5671200,,,0,0,0,496000,496000,0,9.4,4.9,8.1,6.1,9.9,42.3,16
"2026/01/26","2026/01/28","2435","シダー","東証およびＰＴＳ",,"確報",0,0,1500,0,0,0,1500,0,0,324000,0,0,0,324000,,,0,0,0,0,0,0,48,36,72,48,0,0,0
"2026/01/26","2026/01/28","2436","共同ピーアール","東証およびＰＴＳ",,"確報",0,100,2700,0,0,0,2700,0,102200,2759400,0,0,0,2759400,,,0,0,0,53200,0,0,278,0,139,278,0,0,0
"2026/01/26","2026/01/28","2437","シンワワイズ","東証およびＰＴＳ",,"確報",5000,400,32400,0,0,0,32400,2630000,210400,17042400,0,0,0,17042400,,,0,0,55600,0,0,0,10.9,10.1,11.8,10.9,0,0,0
"2026/01/26","2026/01/28","2438","アスカネット","東証およびＰＴＳ",,"確報",40900,41500,111900,0,600,111900,0,15828300,16060500,43305300,0,232200,43305300,0,,,0,0,0,1125000,1125000,0,8.8,4.5,4.8,4.7,46.5,206.9,76
"2026/01/26","2026/01/28","2440","ぐるなび","東証およびＰＴＳ",,"確報",87000,293700,223700,14400,0,444800,-221100,14355000,48460500,36910500,2376000,0,73392000,-36481500,,,0,0,0,3443200,3443200,0,3.7,1.6,1.8,1.7,27.1,1590.5,53.2
"2026/01/26","2026/01/28","2445","タカミヤ","東証およびＰＴＳ",,"確報",200,2700,25200,0,0,4800,20400,89200,1204200,11239200,0,0,2140800,9098400,,,0,0,0,470900,81600,0,40.4,172.3,20.6,36.7,59.5,238,95.2
"2026/01/26","2026/01/28","2449","プラップジャパン","東証およびＰＴＳ",,"確報",0,100,1300,0,0,0,1300,0,112800,1466400,0,0,0,1466400,,,0,0,0,9800,0,0,66,66,66,66,0,0,0
"2026/01/26","2026/01/28","244A","グロースエクスパ","東証およびＰＴＳ",,"確報",300,100,4000,0,0,0,4000,441000,147000,5880000,0,0,0,5880000,,,0,0,0,239400,0,0,31.7,19,95,31.7,0,0,0
"2026/01/26","2026/01/28","2454","オールアバウト","東証およびＰＴＳ",,"確報",0,0,2900,0,0,0,2900,0,0,1151300,0,0,0,1151300,,,0,0,0,0,0,0,0,0,0,0,0,0,0
"2026/01/26","2026/01/28","2459","アウンコンサル","東証およびＰＴＳ",,"確報",900,0,29200,0,0,0,29200,214200,0,6949600,0,0,0,6949600,,,0,0,0,56600,0,0,15.1,7.8,273,15.1,0,0,0
"2026/01/26","2026/01/28","245A","ＩＮＧＳ","東証およびＰＴＳ",,"確報",0,200,500,0,0,0,500,0,579000,1447500,0,0,0,1447500,,,0,0,0,12600,0,0,16.5,16.5,16.5,16.5,0,0,0
"2026/01/26","2026/01/28","2461","ファンコミュニ","東証およびＰＴＳ",,"確報",4200,0,36500,4700,500,36500,0,2062200,0,17921500,2307700,245500,17921500,0,,,0,0,0,96900,96900,0,11.4,13.5,9.4,11.1,14.3,9.8,11.7
"2026/01/26","2026/01/28","2462","ライク","東証およびＰＴＳ",,"確報",400,0,5100,0,0,2300,2800,608000,0,7752000,0,0,3496000,4256000,,,0,0,0,79900,39100,0,26.4,16.8,36.3,22.9,125,20.8,35.7
"2026/01/26","2026/01/28","2464","Ａｏｂａ‐ＢＢＴ","東証およびＰＴＳ",,"確報",0,100,2600,0,0,0,2600,0,34000,884000,0,0,0,884000,,,0,0,0,2700,0,0,52.8,33,132,52.8,0,0,0
"2026/01/26","2026/01/28","2469","ヒビノ","東証およびＰＴＳ",,"確報",200,0,3600,0,0,0,3600,637000,0,11466000,0,0,0,11466000,,,0,0,51000,0,0,0,57.3,57.3,57.3,57.3,0,0,0
"2026/01/26","2026/01/28","246A","アスア","東証およびＰＴＳ",,"確報",0,700,2600,0,0,0,2600,0,451500,1677000,0,0,0,1677000,,,0,0,33000,0,0,0,36,0,18,36,0,0,0
"2026/01/26","2026/01/28","2471","エスプール","東証およびＰＴＳ",,"確報",3300,0,127400,94300,0,117600,9800,838200,0,32359600,23952200,0,29870400,2489200,,,0,0,0,1116900,209700,0,10.3,45,18,25.7,1.9,20.8,3.6
"2026/01/26","2026/01/28","2475","ＷＤＢＨＤ","東証およびＰＴＳ",,"確報",100,0,2200,100,0,2200,0,161700,0,3557400,161700,0,3557400,0,,,0,0,0,94500,94500,0,54,36,108,54,36,108,54
"2026/01/26","2026/01/28","2477","手間いらず","東証およびＰＴＳ",,"確報",100,0,3400,100,0,3400,0,317000,0,10778000,317000,0,10778000,0,,,0,0,0,33000,33000,0,34.2,24.4,57,34.2,24.4,57,34.2
"2026/01/26","2026/01/28","2479","ジェイテック","東証およびＰＴＳ",,"確報",0,200,6300,0,0,0,6300,0,50600,1593900,0,0,0,1593900,,,0,0,0,6500,0,0,323,0,161.5,323,0,0,0
"2026/01/26","2026/01/28","247A","Ａｉ　ロボティクス","東証およびＰＴＳ",,"確報",9900,2000,848000,0,0,0,848000,13691700,2766000,1172784000,0,0,0,1172784000,,,0,0,0,57126800,0,0,202.7,141.5,356.9,202.7,0,0,0
"2026/01/26","2026/01/28","2480","システムロケーション","東証およびＰＴＳ",,"確報",0,0,1200,0,0,0,1200,0,0,2100000,0,0,0,2100000,,,0,0,44400,0,0,0,31,31,31,31,0,0,0
"2026/01/26","2026/01/28","2481","タウンニュース社","東証およびＰＴＳ",,"確報",0,0,0,0,0,0,0,0,0,0,0,0,0,0,,,0,0,0,0,0,0,0,0,0,0,0,0,0
"2026/01/26","2026/01/28","2483","翻訳センター","東証およびＰＴＳ",,"確報",100,0,1300,0,0,0,1300,191000,0,2483000,0,0,0,2483000,,,0,0,0,6000,0,0,41.3,31,62,41.3,0,0,0
"2026/01/26","2026/01/28","2484","出前館","東証およびＰＴＳ",,"確報",459300,219200,861200,37400,200,861200,0,63842700,30468800,119706800,5198600,27800,119706800,0,,,0,0,0,621100,824000,0,10.8,4.6,9,6,17.8,315.4,33.6
"2026/01/26","2026/01/28","2485","ティア","東証およびＰＴＳ",,"確報",8800,0,35700,0,0,200,35500,4664000,0,18921000,0,0,106000,18815000,,,0,0,215200,0,0,1600,10.2,5.3,123.6,10.1,0,0,0
"2026/01/26","2026/01/28","2488","ＪＴＰ","東証およびＰＴＳ",,"確報",200,0,13100,0,0,0,13100,271000,0,17750500,0,0,0,17750500,,,0,0,0,296700,0,0,128.2,64.1,0,128.2,0,0,0
"2026/01/26","2026/01/28","2489","アドウェイズ","東証およびＰＴＳ",,"確報",500,71600,154600,0,71100,154600,0,132500,18974000,40969000,0,18841500,40969000,0,,,0,0,0,2257000,2257000,0,14.5,18,10.2,13,25.1,12.1,16.3
"2026/01/26","2026/01/28","248A","キッズスター","東証およびＰＴＳ",,"確報",0,200,4800,0,0,0,4800,0,374000,8976000,0,0,0,8976000,,,0,0,0,85000,0,0,49.2,61.5,41,49.2,0,0,0
"2026/01/26","2026/01/28","2491","バリューコマース","東証およびＰＴＳ",,"確報",205100,100,362000,13800,0,384100,-22100,135366000,66000,238920000,9108000,0,253506000,-14586000,,,0,0,0,1413000,3332700,0,6.7,2.4,3.8,2.9,45.3,640.5,84.6
"2026/01/26","2026/01/28","2492","インフォマート","東証およびＰＴＳ",,"確報",17900,13500,373900,9800,5400,373900,0,8162400,6156000,170498400,4468800,2462400,170498400,0,,,0,0,0,1847500,1847500,0,14.6,10.3,23.7,14.4,10.6,24.9,14.8
"2026/01/26","2026/01/28","2493","イーサポートリンク","東証およびＰＴＳ",,"確報",0,100,1100,0,0,0,1100,0,99700,1096700,0,0,0,1096700,,,0,0,0,7200,0,0,56,56,56,56,0,0,0
"2026/01/26","2026/01/28","2497","ユナイテッド","東証およびＰＴＳ",,"確報",2400,0,124000,1900,20100,234300,-110300,1293600,0,66836000,1024100,10833900,126287700,-59451700,,,0,0,0,729600,1515000,0,28.5,13.7,16.4,14.9,60.3,55.7,57.9
"2026/01/26","2026/01/28","2498","オリコンＨＤ","東証およびＰＴＳ",,"確報",300,0,3800,0,0,0,3800,997500,0,12635000,0,0,0,12635000,,,0,0,402500,0,0,0,32.8,39.4,28.1,32.8,0,0,0
"2026/01/26","2026/01/28","2499","日本和装ＨＤ","東証およびＰＴＳ",,"確報",0,0,100,0,0,0,100,0,0,36600,0,0,0,36600,,,0,0,0,0,0,0,2,2,2,2,0,0,0
"2026/01/26","2026/01/28","2501","サッポロＨＤ","東証およびＰＴＳ",,"確報",200,1300,5000,256100,53600,527500,-522500,344900,2241850,8622500,441644450,92433200,909673750,-901051250,,,0,0,186050,0,0,9912500,8.1,17.2,2.2,3.9,5,22.9,8.2
"2026/01/26","2026/01/28","2502","アサヒグループＨＤ","東証およびＰＴＳ",,"確報",0,22200,295200,2500,0,4600,290600,0,36718800,488260800,4135000,0,7608400,480652400,,,0,0,2221800,0,0,14700,36.9,36.5,58.1,44.8,2.2,2.5,2.3
"2026/01/26","2026/01/28","2503","キリンＨＤ","東証およびＰＴＳ",,"確報",100,2800,20700,4600,300,13300,7400,246950,6914600,51118650,11359700,740850,32844350,18274300,,,0,0,327600,0,0,126000,5.5,19,8.1,11.4,3.8,2.3,2.8
"2026/01/26","2026/01/28","250A","シマダヤ","東証およびＰＴＳ",,"確報",0,0,3500,0,0,0,3500,0,0,6226500,0,0,0,6226500,,,0,0,0,49000,0,0,21.2,38.2,14.7,21.2,0,0,0
"2026/01/26","2026/01/28","2510","ＮＦ国内債券","東証およびＰＴＳ",,"確報",500,0,1880,20,200,18880,-17000,414200,0,1557392,16568,165680,15640192,-14082800,,,0,0,1656,0,0,22872,6.9,2.8,50.7,5.3,4.3,19.3,7
"2026/01/26","2026/01/28","2511","ＮＦ外債ヘッジ無","東証およびＰＴＳ",,"確報",0,0,20,0,10,0,20,0,0,23390,0,11695,0,23390,,,0,0,0,570,285,0,2.5,0,1.7,3.3,27,1.1,2.1
"2026/01/26","2026/01/28","2512","ＮＦ外債ヘッジ有","東証およびＰＴＳ",,"確報",10,0,10,10,0,10,0,7524,0,7524,7524,0,7524,0,,,0,0,0,0,0,0,1.3,1,2,1.3,1,2,1.3
"2026/01/26","2026/01/28","2513","ＮＦ外株ヘッジ無","東証およびＰＴＳ",,"確報",0,0,102,0,50,7,95,0,0,325482,0,159550,22337,303145,,,0,0,0,9282,5187,0,4.6,4.7,4.7,4.7,0,2.3,4.5
"2026/01/26","2026/01/28","2514","ＮＦ外株ヘッジ有","東証およびＰＴＳ",,"確報",6,0,1308,7,0,15,1293,11286,0,2460348,13167,0,28215,2432133,,,0,0,0,6510,40,0,7.5,3.8,703.6,7.5,6.7,0,13.4
"2026/01/26","2026/01/28","2515","ＮＦ外ＲＥＩＴヘ無","東証およびＰＴＳ",,"確報",0,0,20,0,0,20,0,0,0,29780,0,0,29780,0,,,0,0,0,660,660,0,0,0,0,0,0,0,0
"2026/01/26","2026/01/28","2516","東証グロース２５０","東証およびＰＴＳ",,"確報",7500,479310,184990,89890,25030,598360,-413370,4232250,270474633,104389857,50724927,14124429,337654548,-233264691,,,0,0,0,6896400,5601750,0,3,1.9,1.3,1.5,7.4,18.1,10.5
"2026/01/26","2026/01/28","2517","ＭＸＳＪリートコア","東証およびＰＴＳ",,"確報",0,0,0,0,0,0,0,0,0,0,0,0,0,0,,,0,0,0,0,0,0,2,0,0,0,2,2,2
"2026/01/26","2026/01/28","2518","ＮＦ日本株女性活躍","東証およびＰＴＳ",,"確報",0,0,2,0,0,0,2,0,0,4054,0,0,0,4054,,,0,0,0,84,0,0,1.8,2.6,3.3,2.9,1,1,1
"2026/01/26","2026/01/28","2519","ＮＦ新興国債券ヘ無","東証およびＰＴＳ",,"確報",0,0,60,0,10,0,60,0,0,71040,0,11840,0,71040,,,0,0,0,1620,270,0,14,27,0,54,1,0.5,0.7
"2026/01/26","2026/01/28","2520","ＮＦ新興国株式ヘ無","東証およびＰＴＳ",,"確報",0,76,50,0,0,0,50,0,154964,101950,0,0,0,101950,,,0,0,0,5418,0,0,2.2,2.3,2.3,2.3,1,0.4,0.6
"2026/01/26","2026/01/28","2521","上場米国ヘッジあり","東証およびＰＴＳ",,"確報",0,845,2623,0,0,1,2622,0,1673100,5193540,0,0,1980,5191560,,,0,0,0,24276,7,0,5.9,3.7,14.5,5.9,0,0.7,1.4
"2026/01/26","2026/01/28","2522","ｉＳロボット","東証およびＰＴＳ",,"確報",1,11,74,0,58,0,74,6930,76230,512820,0,401940,0,512820,,,0,0,0,21840,15080,0,6.7,681,6.6,13.1,1,1,1
"2026/01/26","2026/01/28","2523","ＭＸＳトピ除く金融","東証およびＰＴＳ",,"確報",0,0,0,0,0,0,0,0,0,0,0,0,0,0,,,0,0,0,0,0,0,0,0,0,0,0,0,0
"2026/01/26","2026/01/28","2524","ＮＺＡＭ　ＴＰＸ","東証およびＰＴＳ",,"確報",0,0,80,0,0,0,80,0,0,293200,0,0,0,293200,,,0,0,0,5680,0,0,10,5,0,10,0,0,0
"2026/01/26","2026/01/28","2525","ＮＺＡＭ　２２５","東証およびＰＴＳ",,"確報",0,0,14,0,0,23,-9,0,0,749280,0,0,1230960,-481680,,,0,0,0,12600,20700,0,191,0,0,0,0,60.5,121
"2026/01/26","2026/01/28","2526","ＮＺＡＭ　４００","東証およびＰＴＳ",,"確報",0,0,0,0,0,0,0,0,0,0,0,0,0,0,,,0,0,0,0,0,0,0,0,0,0,0,0,0
"2026/01/26","2026/01/28","2527","ＮＺＡＭＪリートコア","東証およびＰＴＳ",,"確報",0,0,0,0,40,20,-20,0,0,0,0,48140,24070,-24070,,,0,0,0,0,660,0,1.4,0,0,0,1.3,1.7,1.4
"2026/01/26","2026/01/28","2528","ｉＦＪリートコア","東証およびＰＴＳ",,"確報",0,0,377,0,0,10,367,0,0,453908,0,0,12040,441868,,,0,0,0,4147,110,0,7.9,4,1509,8,2.6,0,5.1
"2026/01/26","2026/01/28","2529","ＮＦ株主還元７０","東証およびＰＴＳ",,"確報",0,0,1220,0,0,0,1220,0,0,2544920,0,0,0,2544920,,,0,0,0,54900,0,0,0,0,0,0,0,0,0
"2026/01/26","2026/01/28","2530","ＭＸＳ中国Ａ株１８０","東証およびＰＴＳ",,"確報",30,0,291,0,0,0,291,522000,0,5063400,0,0,0,5063400,,,0,0,0,100485,0,0,7.2,3.6,0,7.2,0,0,0
"2026/01/26","2026/01/28","2531","宝ホールディングス","東証およびＰＴＳ",,"確報",2300,2300,77800,200,500,136200,-58400,3737500,3737500,126425000,325000,812500,221325000,-94900000,,,0,0,0,816900,1433250,0,82.9,76.4,40.2,52.6,83.5,247.4,124.9
"2026/01/26","2026/01/28","2533","オエノンＨＤ","東証およびＰＴＳ",,"確報",23300,5500,33400,0,1300,25800,7600,11533500,2722500,16533000,0,643500,12771000,3762000,,,0,0,0,202800,352300,0,4.4,2.1,2.3,2.2,50.4,43.7,46.8
"2026/01/26","2026/01/28","253A","ＥＴＳグループ","東証およびＰＴＳ",,"確報",600,2000,24800,800,0,8600,16200,679200,2264000,28073600,905600,0,9735200,18338400,,,0,0,0,733600,218400,0,31,93.5,19.5,32.2,22.5,35.7,27.6
"2026/01/26","2026/01/28","2540","養命酒製造","東証およびＰＴＳ",,"確報",100,600,13700,100,0,400,13300,431000,2586000,59047000,431000,0,1724000,57323000,,,0,0,0,0,0,0,59.1,77,49.5,60.3,16,0,32
"2026/01/26","2026/01/28","254A","ＡＩフュージョンＣＧ","東証およびＰＴＳ",,"確報",0,100,18400,0,0,0,18400,0,88600,16302400,0,0,0,16302400,,,0,0,0,277500,0,0,25.6,13.6,224,25.6,0,0,0
"2026/01/26","2026/01/28","2552","上場ＪリートＭ","東証およびＰＴＳ",,"確報",0,0,0,0,0,0,0,0,0,0,0,0,0,0,,,0,0,0,0,0,0,0,0,0,0,0,0,0
"2026/01/26","2026/01/28","2553","Ｏｎｅ・ＣＳＩ５００","東証およびＰＴＳ",,"確報",2420,250,23920,0,0,0,23920,6164950,636875,60936200,0,0,0,60936200,,,0,0,0,1457250,0,0,7.4,3.8,202,7.4,0,0,0
"2026/01/26","2026/01/28","2554","ＮＦ米社債ヘ有","東証およびＰＴＳ",,"確報",0,0,0,0,0,0,0,0,0,0,0,0,0,0,,,0,0,0,0,0,0,1,0,0,0,1,1,1
"2026/01/26","2026/01/28","2555","東証ＲＥＩＴ－ＥＴＦ","東証およびＰＴＳ",,"確報",50,0,270,0,0,0,270,102125,0,551475,0,0,0,551475,,,0,0,0,3520,0,0,6.6,3.4,0,6.9,2,2,2
"2026/01/26","2026/01/28","2556","Ｏｎｅ・Ｊリート","東証およびＰＴＳ",,"確報",50,20,940,40,0,40,900,102000,40800,1917600,81600,0,81600,1836000,,,0,0,0,8190,0,0,5.9,11.5,70.7,19.7,19.1,1.1,2
"2026/01/26","2026/01/28","2557","ＳＭＤＡＭトピックス","東証およびＰＴＳ",,"確報",120,0,230,0,0,10,220,431760,0,827540,0,0,35980,791560,,,0,0,0,7920,720,0,2.8,2,4.5,2.7,4,4,4
"2026/01/26","2026/01/28","2558","ＭＸＳ米株ＳＰ５００","東証およびＰＴＳ",,"確報",1077,762,5547,0,367,2445,3102,32966970,23324820,169793670,0,11233870,74841450,94952220,,,0,0,0,4813440,2587040,0,8.2,4.3,8.3,5.6,90.6,26.1,40.6
"2026/01/26","2026/01/28","2559","ＭＸＳ全世界株式","東証およびＰＴＳ",,"確報",1453,10,5561,40,105,115,5446,38279285,263450,146504545,1053800,2766225,3029675,143474870,,,0,0,0,2800240,122400,0,6.1,3.3,31.3,6,16.8,5.2,7.9
"2026/01/26","2026/01/28","255A","ジーエルテクノＨＤ","東証およびＰＴＳ",,"確報",0,0,7200,100,0,300,6900,0,0,24264000,337000,0,1011000,23253000,,,0,0,0,324000,9000,0,68.5,363,45.4,80.7,14,14,14
"2026/01/26","2026/01/28","2560","ＭＸＳカーボン日本株","東証およびＰＴＳ",,"確報",0,0,2,0,0,0,2,0,0,94780,0,0,0,94780,,,0,0,0,1700,0,0,0,0,0,0,0,0,0
"2026/01/26","2026/01/28","2561","ｉＳ日本国債","東証およびＰＴＳ",,"確報",2825,0,3728,0,733,17501,-13773,5850575,0,7720688,0,1518043,36244571,-28523883,,,0,0,7224,0,0,145872,5.6,1.7,6.6,2.7,3.4,50,6.3
"2026/01/26","2026/01/28","2562","上場ダウヘッジあり","東証およびＰＴＳ",,"確報",0,100,1744,0,350,1744,0,0,347000,6051680,0,1214500,6051680,0,,,0,0,0,57164,64914,0,17,21,23,22,20.5,10.7,14
"2026/01/26","2026/01/28","2563","ｉＳＳＰ５百米株ヘジ","東証およびＰＴＳ",,"確報",0,0,298190,16180,5500,458160,-159970,0,0,111224870,6035140,2051500,170893680,-59668810,,,0,0,0,268371,402732,0,89.9,324.4,185.8,236.3,67.5,60.8,64
"2026/01/26","2026/01/28","2564","ＧＸスーパーディビ","東証およびＰＴＳ",,"確報",0,0,0,0,0,0,0,0,0,0,0,0,0,0,,,0,0,0,0,0,0,0,0,0,0,0,0,0
"2026/01/26","2026/01/28","2565","ＧＸロジＪリート","東証およびＰＴＳ",,"確報",104,0,578,0,0,0,578,101192,0,562394,0,0,0,562394,,,0,0,0,2370,0,0,7,3.5,0,7,0,0,0
"2026/01/26","2026/01/28","2566","上場ＥＳＧリート","東証およびＰＴＳ",,"確報",0,0,1,0,0,0,1,0,0,1120,0,0,0,1120,,,0,0,0,5,0,0,0,0,0,0,0,0,0
"2026/01/26","2026/01/28","2567","ＮＺＡＭ　カーボン","東証およびＰＴＳ",,"確報",0,0,140,0,0,270,-130,0,0,66346,0,0,127953,-61607,,,0,0,0,2240,4320,0,134.7,22.3,0,44.7,0,0,0
"2026/01/26","2026/01/28","2568","上場ＮＳＱ１００ヘ無","東証およびＰＴＳ",,"確報",628,0,16718,0,8630,518,16200,4260352,0,113414912,0,58545920,3514112,109900800,,,0,0,0,2831840,1610048,0,5.3,3.9,91,7.4,3.3,3.3,3.3
"2026/01/26","2026/01/28","2569","上場ＮＳＱ１００ヘ有","東証およびＰＴＳ",,"確報",0,0,3812,0,0,0,3812,0,0,14462728,0,0,0,14462728,,,0,0,0,7624,0,0,8.2,4.3,0,8.5,0,1,2
"2026/01/26","2026/01/28","256A","飛島ホールディングス","東証およびＰＴＳ",,"確報",55500,6100,72200,0,2300,20500,51700,137917500,15158500,179417000,0,5715500,50942500,128474500,,,0,0,0,2325600,2325600,0,3.3,2,2.5,2.2,38,35.5,36.7
"2026/01/26","2026/01/28","2573","北海道コカ・コーラ","東証およびＰＴＳ",,"確報",0,0,1500,0,0,0,1500,0,0,5962500,0,0,0,5962500,,,0,0,0,7500,0,0,14,7,0,14,0,0,0
"2026/01/26","2026/01/28","2579","コカ・コーラＢＪＨ","東証およびＰＴＳ",,"確報",0,900,13700,6500,200,38000,-24300,0,3051900,46456700,22041500,678200,128858000,-82401300,,,0,0,438000,0,0,951000,10.2,8.6,8.5,8.6,11,11.7,11.4
"2026/01/26","2026/01/28","257A","ＳＭＴ　日本株厳選投","東証およびＰＴＳ",,"確報",0,0,763,0,0,0,763,0,0,2211174,0,0,0,2211174,,,0,0,10682,0,0,0,6.4,4.1,14,6.4,0,0,0
"2026/01/26","2026/01/28","2585","ライフドリンクＣ","東証およびＰＴＳ",,"確報",0,1600,39900,0,100,0,39900,0,2948800,73535700,0,184300,0,73535700,,,0,0,1701500,0,0,4100,35.4,83.5,30.2,44.4,1,0,0.1
"2026/01/26","2026/01/28","2586","フルッタフルッタ","東証およびＰＴＳ",,"確報",1400,46200,985500,0,0,0,985500,208600,6883800,146839500,0,0,0,146839500,,,0,0,2060600,0,0,0,23.9,29.2,20.2,23.9,0,0,0
"2026/01/26","2026/01/28","2587","サントリー食品インタ","東証およびＰＴＳ",,"確報",14000,3100,15000,500,0,5100,9900,70028000,15506200,75030000,2501000,0,25510200,49519800,,,0,0,94300,0,0,105800,1.6,1.1,1.3,1.2,8,4.1,5.4
"2026/01/26","2026/01/28","2588","ＰウォーターＨＤ","東証およびＰＴＳ",,"確報",0,0,2000,0,0,0,2000,0,0,6730000,0,0,0,6730000,,,0,0,30000,0,0,0,38.7,0,19.3,38.7,0,0,0
"2026/01/26","2026/01/28","258A","ＳＭＴ　内リート厳選","東証およびＰＴＳ",,"確報",0,0,3,0,0,0,3,0,0,6783,0,0,0,6783,,,0,0,0,51,0,0,13,6.5,0,13,0,0,0
"2026/01/26","2026/01/28","2590","ＤｙＤｏ","東証およびＰＴＳ",,"確報",6300,0,21900,3500,600,83400,-61500,15724800,0,54662400,8736000,1497600,208166400,-153504000,,,0,0,0,530400,2737000,0,15,9,20.1,12.4,14.8,16.6,15.7
"2026/01/26","2026/01/28","2593","伊藤園","東証およびＰＴＳ",,"確報",19700,700,48100,0,1100,28000,20100,60813900,2160900,148484700,0,3395700,86436000,62048700,,,0,0,145500,0,0,145500,4.9,2.7,3.3,3,53.8,18.6,27.6
"2026/01/26","2026/01/28","25935","伊藤園第１種優先株式","東証およびＰＴＳ",,"確報",0,100,7000,0,0,0,7000,0,183100,12817000,0,0,0,12817000,,,0,0,0,7100,0,0,41.6,39.3,44.3,41.6,0,0,0
"2026/01/26","2026/01/28","2594","キーコーヒー","東証およびＰＴＳ",,"確報",200,600,6000,300,400,60900,-54900,399200,1197600,11976000,598800,798400,121556400,-109580400,,,0,0,0,25600,244000,0,50,24.2,14.3,17.9,36.7,195.9,61.9
"2026/01/26","2026/01/28","2597","ユニカフェ","東証およびＰＴＳ",,"確報",0,0,900,0,0,0,900,0,0,922500,0,0,0,922500,,,0,0,1800,0,0,0,0,0,0,0,0,0,0
"2026/01/26","2026/01/28","2602","日清オイリオグループ","東証およびＰＴＳ",,"確報",9700,2500,17700,100,800,17700,0,54223000,13975000,98943000,559000,4472000,98943000,0,,,0,0,0,420000,736000,0,4.7,2.1,2.7,2.3,41.7,23,29.7
"2026/01/26","2026/01/28","2607","不二製油","東証およびＰＴＳ",,"確報",3300,1600,15600,1800,0,15600,0,13520100,6555200,63913200,7374600,0,63913200,0,,,0,0,208500,0,0,207000,8,4.5,5.5,5,11.6,135,21.4
"2026/01/26","2026/01/28","2612","かどや製油","東証およびＰＴＳ",,"確報",0,0,500,0,0,0,500,0,0,2005000,0,0,0,2005000,,,0,0,0,0,0,0,0,0,0,0,0,0,0
"2026/01/26","2026/01/28","2613","Ｊ－オイルミルズ","東証およびＰＴＳ",,"確報",200,1600,6000,0,500,28200,-22200,405400,3243200,12162000,0,1013500,57161400,-44999400,,,0,0,0,88800,344400,0,31.7,6.8,7.7,7.2,161.7,85.6,111.9
"2026/01/26","2026/01/28","261A","日水コン","東証およびＰＴＳ",,"確報",1200,400,30300,0,0,0,30300,2893200,964400,73053300,0,0,0,73053300,,,0,0,0,1386500,0,0,39.1,37.6,40.8,39.1,0,0,0
"2026/01/26","2026/01/28","2620","ｉＳ米国債一三","東証およびＰＴＳ",,"確報",2200,0,2510,0,900,0,2510,791340,0,902847,0,323730,0,902847,,,0,0,0,2821,8190,0,2.3,1.7,0,3.4,1.6,1.6,1.6
"2026/01/26","2026/01/28","2621","ｉＳ米国債二十へジ","東証およびＰＴＳ",,"確報",401948,4990,484902,2884,0,2884,482018,434103840,5389200,523694160,3114720,0,3114720,520579440,,,0,0,263832,0,0,0,3.3,1.8,17.6,3.3,1,0,2
"2026/01/26","2026/01/28","2622","ｉＳ新興国債券へジ","東証およびＰＴＳ",,"確報",0,0,0,0,0,0,0,0,0,0,0,0,0,0,,,0,0,0,0,0,0,6,0,3,6,0,0,0
"2026/01/26","2026/01/28","2623","ｉＳユロＩＧ社債ヘジ","東証およびＰＴＳ",,"確報",0,0,0,0,0,0,0,0,0,0,0,0,0,0,,,0,0,0,0,0,0,0,0,0,0,0,0,0
"2026/01/26","2026/01/28","2624","ｉＦ２２５年４","東証およびＰＴＳ",,"確報",0,20,300,1,0,1,299,0,106200,1593000,5310,0,5310,1587690,,,0,0,0,30400,0,0,22.5,23.1,23.1,23.1,1,1,1
"2026/01/26","2026/01/28","2625","ｉＦＴＰＸ年４","東証およびＰＴＳ",,"確報",3,224,4,0,2,4,0,10710,799680,14280,0,7140,14280,0,,,0,0,0,16875,450,0,1.2,1.1,1.1,1.1,0,9.7,19.3
"2026/01/26","2026/01/28","2626","ＧＸデジタル日株","東証およびＰＴＳ",,"確報",0,19,50,0,0,0,50,0,56886,149700,0,0,0,149700,,,0,0,0,3036,0,0,16.2,16.2,16.2,16.2,0,0,0
"2026/01/26","2026/01/28","2627","ＧＸｅコマース日株","東証およびＰＴＳ",,"確報",300,0,1960,0,0,0,1960,444900,0,2906680,0,0,0,2906680,,,0,0,0,9960,0,0,6.6,3.3,0,6.6,0,0,0
"2026/01/26","2026/01/28","2628","ｉＦ中国科創板５０","東証およびＰＴＳ",,"確報",1220,160,24595,0,0,0,24595,4029660,528480,81237285,0,0,0,81237285,,,0,0,0,2471175,0,0,10.7,5.4,619.4,10.7,0,0,0
"2026/01/26","2026/01/28","2629","ｉＦ中国ＧＢＡ１００","東証およびＰＴＳ",,"確報",559,0,18690,0,0,0,18690,2107430,0,70461300,0,0,0,70461300,,,0,0,0,1813100,0,0,10.4,5.3,311.4,10.4,0,0,0
"2026/01/26","2026/01/28","262A","インターメスティック","東証およびＰＴＳ",,"確報",100,1100,25700,0,0,0,25700,182900,2011900,47005300,0,0,0,47005300,,,0,0,320400,0,0,0,50.5,37.9,75.8,50.5,0,0,0
"2026/01/26","2026/01/28","2630","ＭＸＳ米株ＳＰ５ヘ有","東証およびＰＴＳ",,"確報",0,0,396,0,0,0,396,0,0,5833080,0,0,0,5833080,,,0,0,0,21780,0,0,7.7,4.6,25.5,7.7,0,0,0
"2026/01/26","2026/01/28","2631","ＭＸＳナス１００","東証およびＰＴＳ",,"確報",3680,0,3702,14,432,2141,1561,103849600,0,104470440,395080,12191040,60419020,44051420,,,0,0,0,18370,2136765,0,2.3,1.1,1.3,1.2,25.3,25.5,25.4
"2026/01/26","2026/01/28","2632","ＭＸＳナス１００ヘ有","東証およびＰＴＳ",,"確報",0,0,1143,17,0,611,532,0,0,18110835,269365,0,9681295,8429540,,,0,0,0,17145,8910,0,77.5,53.6,67.8,59.9,167.6,201.1,182.8
"2026/01/26","2026/01/28","2633","Ｓ＆Ｐ５００ヘッジ無","東証およびＰＴＳ",,"確報",2260,0,49920,1290,300,19690,30230,1112824,0,24580608,635196,147720,9695356,14885252,,,0,0,0,729198,286110,0,52.6,26.7,9999.9,53.4,42,64,50.8
"2026/01/26","2026/01/28","2634","Ｓ＆Ｐ５００ヘッジ有","東証およびＰＴＳ",,"確報",0,0,1460,0,50,690,770,0,0,4250060,0,145550,2008590,2241470,,,0,0,0,18980,9620,0,5,3.1,5.5,3.9,8.1,8.1,8.1
"2026/01/26","2026/01/28","2636","ＧＸガバナンス日株","東証およびＰＴＳ",,"確報",0,0,26,0,0,22,4,0,0,110032,0,0,93104,16928,,,0,0,0,2444,2068,0,20.7,5.5,0,11,107,0,214
"2026/01/26","2026/01/28","2637","ＧＸクリーン日株","東証およびＰＴＳ",,"確報",0,0,1,1,0,1,0,0,0,2117,2117,0,2117,0,,,0,0,0,49,0,0,0,5,0.1,0.1,1,0,0
"2026/01/26","2026/01/28","2638","ＧＸロボ＆ＡＩ日株","東証およびＰＴＳ",,"確報",575,775,17788,0,0,0,17788,1424850,1920450,44078664,0,0,0,44078664,,,0,0,0,953364,0,0,14.4,7.9,85.2,14.4,0,0,0
"2026/01/26","2026/01/28","2639","ＧＸバイオ＆メド日株","東証およびＰＴＳ",,"確報",0,0,2,0,0,0,2,0,0,3436,0,0,0,3436,,,0,0,0,42,0,0,0,0,0,0,0,0,0
"2026/01/26","2026/01/28","2640","ＧＸゲームアニメ日株","東証およびＰＴＳ",,"確報",0,513,2226,35,0,39,2187,0,2186919,9489438,149205,0,166257,9323181,,,0,0,0,128733,188,0,7.1,4.5,17.7,7.2,1.2,16.3,2.2
"2026/01/26","2026/01/28","2641","ＧＸＧリーダーズ日株","東証およびＰＴＳ",,"確報",0,0,0,0,0,0,0,0,0,0,0,0,0,0,,,0,0,0,0,0,0,1,1,1,1,0,0,0
"2026/01/26","2026/01/28","2642","ＳＭＴ低炭素日本株","東証およびＰＴＳ",,"確報",0,0,0,0,0,0,0,0,0,0,0,0,0,0,,,0,0,0,0,0,0,0,0,0,0,0,0,0
"2026/01/26","2026/01/28","2643","日本株セレクトＥＴＦ","東証およびＰＴＳ",,"確報",0,0,0,0,0,0,0,0,0,0,0,0,0,0,,,0,0,0,0,0,0,0,0,0,0,0,0,0
"2026/01/26","2026/01/28","2644","ＧＸ半導体日株","東証およびＰＴＳ",,"確報",370,9647,57202,0,1030,0,57202,1134050,29568055,175324130,0,3156950,0,175324130,,,0,0,0,5717194,88580,0,3.7,3.4,4.5,3.9,14.5,1.8,3.2
"2026/01/26","2026/01/28","2645","ＧＸレジ＆エンタ日株","東証およびＰＴＳ",,"確報",0,0,200,0,0,0,200,0,0,537000,0,0,0,537000,,,0,0,0,6200,0,0,2.8,2.2,3.7,2.8,0,0,0
"2026/01/26","2026/01/28","2646","ＧＸメタルビジ日株","東証およびＰＴＳ",,"確報",4031,0,8619,0,0,0,8619,13137029,0,28089321,0,0,0,28089321,,,0,0,0,96348,0,0,5,2.6,62,5,0,0,0
"2026/01/26","2026/01/28","2647","米債７－１０ヘッジ無","東証およびＰＴＳ",,"確報",0,0,0,0,0,0,0,0,0,0,0,0,0,0,,,0,0,0,0,0,0,0,0,0,0,0,0,0
"2026/01/26","2026/01/28","2648","米債７－１０ヘッジ有","東証およびＰＴＳ",,"確報",0,0,12,0,0,3,9,0,0,42132,0,0,10533,31599,,,0,0,72,0,0,18,12,5.1,51,9.3,0,0,0
"2026/01/26","2026/01/28","2649","ｉＳＧＮＭＡ債ヘジ","東証およびＰＴＳ",,"確報",0,0,0,0,0,0,0,0,0,0,0,0,0,0,,,0,0,0,0,0,0,0,0,0,0,0,0,0
"2026/01/26","2026/01/28","264A","Ｓｃｈｏｏ","東証およびＰＴＳ",,"確報",200,500,358600,0,0,0,358600,125800,314500,225559400,0,0,0,225559400,,,0,0,0,11125900,0,0,8.2,4.2,404.8,8.2,0,0,0
"2026/01/26","2026/01/28","2652","まんだらけ","東証およびＰＴＳ",,"確報",0,1700,16600,0,1400,15500,1100,0,583100,5693800,0,480200,5316500,377300,,,0,0,0,128100,118300,0,59.4,53.9,45.4,49.3,208,46.2,75.6
"2026/01/26","2026/01/28","2653","イオン九州","東証およびＰＴＳ",,"確報",0,200,3600,0,0,0,3600,0,581000,10458000,0,0,0,10458000,,,0,0,0,0,0,0,22.9,15.3,45.8,22.9,0,0,0
"2026/01/26","2026/01/28","2654","アスモ","東証およびＰＴＳ",,"確報",100,0,3100,0,0,0,3100,40100,0,1243100,0,0,0,1243100,,,0,0,3000,0,0,0,302,151,0,302,0,0,0
"2026/01/26","2026/01/28","2656","ベクターＨＤ","東証およびＰＴＳ",,"確報",0,0,41200,0,0,0,41200,0,0,5191200,0,0,0,5191200,,,0,0,0,41200,0,0,312.9,156.5,0,312.9,0,0,0
"2026/01/26","2026/01/28","2659","サンエー","東証およびＰＴＳ",,"確報",200,300,27600,0,0,2500,25100,598800,898200,82634400,0,0,7485000,75149400,,,0,0,0,1274200,115000,0,41.9,136.9,29.8,48.9,10.8,29.8,15.9
"2026/01/26","2026/01/28","265A","Ｈｍｃｏｍｍ","東証およびＰＴＳ",,"確報",0,1600,28800,0,0,0,28800,0,1627200,29289600,0,0,0,29289600,,,0,0,0,1064000,0,0,23.2,24.2,22.4,23.2,0,0,0
"2026/01/26","2026/01/28","2664","カワチ薬品","東証およびＰＴＳ",,"確報",700,500,3700,1400,1100,32600,-28900,2156000,1540000,11396000,4312000,3388000,100408000,-89012000,,,0,0,0,70000,646000,0,25,5,10.3,6.7,23.8,76.1,36.2
"2026/01/26","2026/01/28","2666","オートウェーブ","東証およびＰＴＳ",,"確報",100,0,1300,0,0,0,1300,17200,0,223600,0,0,0,223600,,,0,0,0,1200,0,0,18.3,32,12.8,18.3,0,0,0
"2026/01/26","2026/01/28","2667","イメージ　ワン","東証およびＰＴＳ",,"確報",70000,72000,630500,7000,9000,630500,0,20860000,21456000,187889000,2086000,2682000,187889000,0,,,0,0,9487500,0,0,9487500,8.4,4.2,7.8,5.5,11.2,37.3,17.2
"2026/01/26","2026/01/28","2668","タビオ","東証およびＰＴＳ",,"確報",0,0,800,0,0,0,800,0,0,1048000,0,0,0,1048000,,,0,0,8800,0,0,0,13.3,6.7,0,13.3,0,0,0
"2026/01/26","2026/01/28","2669","カネ美食品","東証およびＰＴＳ",,"確報",900,100,3100,500,200,3700,-600,3208500,356500,11051500,1782500,713000,13190500,-2139000,,,0,0,69000,0,0,102000,9.8,5.8,7.5,6.6,10.4,39,16.4
"2026/01/26","2026/01/28","2670","エービーシー・マート","東証およびＰＴＳ",,"確報",1700,100,42400,0,0,800,41600,4187950,246350,104452400,0,0,1970800,102481600,,,0,0,448800,0,0,8800,36.4,21.8,243,40.1,4.2,21,7
"2026/01/26","2026/01/28","2673","夢みつけ隊","東証およびＰＴＳ",,"確報",4200,0,161900,0,0,0,161900,852600,0,32865700,0,0,0,32865700,,,0,0,315400,0,0,0,58.3,79.1,46.2,58.3,0,0,0
"2026/01/26","2026/01/28","2674","ハードオフ","東証およびＰＴＳ",,"確報",0,400,17400,0,100,1100,16300,0,815200,35461200,0,203800,2241800,33219400,,,0,0,0,445000,30000,0,77.9,902,64.4,120.3,24,10.3,14.4
"2026/01/26","2026/01/28","2676","高千穂交易","東証およびＰＴＳ",,"確報",700,100,12600,700,0,94800,-82200,1435000,205000,25830000,1435000,0,194340000,-168510000,,,0,0,0,600000,4705000,0,81.4,9.3,85,16.7,86.3,388.3,141.2
"2026/01/26","2026/01/28","2678","アスクル","東証およびＰＴＳ",,"確報",1700,0,32100,700,500,13000,19100,2339200,0,44169600,963200,688000,17888000,26281600,,,0,0,0,395200,166400,0,30.1,34.5,114.2,53,17.9,12.4,14.7
"2026/01/26","2026/01/28","2681","ゲオホールディングス","東証およびＰＴＳ",,"確報",1100,0,12800,0,100,3900,8900,2041600,0,23756800,0,185600,7238400,16518400,,,0,0,0,386100,132000,0,19.4,27.1,11.4,16,48.8,195,78
"2026/01/26","2026/01/28","2683","魚喜","東証およびＰＴＳ",,"確報",0,0,0,0,0,0,0,0,0,0,0,0,0,0,,,0,0,0,0,0,0,0,0,0,0,0,0,0
"2026/01/26","2026/01/28","2685","アンドエスティＨＤ","東証およびＰＴＳ",,"確報",1300,0,6300,1300,0,6300,0,3680300,0,17835300,3680300,0,17835300,0,,,0,0,0,135000,135000,0,7.4,4.8,0,9.6,3.5,19.3,5.9
"2026/01/26","2026/01/28","2686","ジーフット","東証およびＰＴＳ",,"確報",0,0,500,0,0,0,500,0,0,147000,0,0,0,147000,,,0,0,1000,0,0,0,25,12.5,0,25,0,0,0
"2026/01/26","2026/01/28","2687","ＣＶＳベイエリア","東証およびＰＴＳ",,"確報",0,0,4900,0,100,2200,2700,0,0,2543100,0,51900,1141800,1401300,,,0,0,0,9800,4600,0,38.7,255,25.5,46.4,28.3,28.3,28.3
"2026/01/26","2026/01/28","2689","オルバヘルスケアＨＤ","東証およびＰＴＳ",,"確報",0,0,500,0,0,400,100,0,0,1050500,0,0,840400,210100,,,0,0,0,5500,4400,0,14.3,24,0,48,6.3,9.5,7.6
"2026/01/26","2026/01/28","268A","リガク","東証およびＰＴＳ",,"確報",12000,2000,59700,0,0,0,59700,14280000,2380000,71043000,0,0,0,71043000,,,0,0,0,2982000,0,0,7.5,6,10.2,7.5,0,0,0
"2026/01/26","2026/01/28","2692","伊藤忠食品","東証およびＰＴＳ",,"確報",1400,1400,11600,0,0,11600,0,16520000,16520000,136880000,0,0,136880000,0,,,0,0,0,928000,928000,0,14.6,8.9,8.9,8.9,41.1,41.1,41.1
"2026/01/26","2026/01/28","2693","ＹＫＴ","東証およびＰＴＳ",,"確報",0,0,7900,0,0,0,7900,0,0,1832800,0,0,0,1832800,,,0,0,0,7900,0,0,35.9,41.3,31.8,35.9,0,0,0
"2026/01/26","2026/01/28","2694","焼肉坂井ＨＤ","東証およびＰＴＳ",,"確報",600,100,10600,5300,0,8300,2300,43200,7200,763200,381600,0,597600,165600,,,0,0,0,0,0,0,5.5,13.4,21.6,16.5,1.3,3.4,1.9
"2026/01/26","2026/01/28","2695","くら寿司","東証およびＰＴＳ",,"確報",10000,1800,29700,2500,200,23800,5900,34450000,6201000,102316500,8612500,689000,81991000,20325500,,,0,0,0,537500,537500,0,9.8,5.2,8.4,6.4,14.3,82.6,24.4
"2026/01/26","2026/01/28","2698","キャンドゥ","東証およびＰＴＳ",,"確報",0,200,2900,0,0,0,2900,0,684000,9918000,0,0,0,9918000,,,0,0,0,0,0,0,15.6,48.5,11.4,18.5,0,0.3,0.5
"2026/01/26","2026/01/28","269A","Ｓａｐｅｅｔ","東証およびＰＴＳ",,"確報",0,0,2400,0,0,0,2400,0,0,5114400,0,0,0,5114400,,,0,0,0,105600,0,0,83.3,0,41.7,83.3,0,0,0
"2026/01/26","2026/01/28","2700","木徳神糧","東証およびＰＴＳ",,"確報",100,0,8400,0,0,0,8400,257600,0,21638400,0,0,0,21638400,,,0,0,0,365200,0,0,67.3,44.9,134.7,67.3,0,0,0
"2026/01/26","2026/01/28","2702","日本マクドナルドＨＤ","東証およびＰＴＳ",,"確報",300,0,2800,1300,4000,52700,-49900,2016000,0,18816000,8736000,26880000,354144000,-335328000,,,0,0,0,75000,1662000,0,7.4,3.8,3.6,3.7,7.7,7.8,7.8
"2026/01/26","2026/01/28","2705","大戸屋ＨＤ","東証およびＰＴＳ",,"確報",600,100,7200,600,100,7200,0,3900000,650000,46800000,3900000,650000,46800000,0,,,0,0,603000,0,0,603000,17.9,11.4,23.7,15.4,14.4,41.5,21.4
"2026/01/26","2026/01/28","2708","久世","東証およびＰＴＳ",,"確報",0,0,2200,0,0,0,2200,0,0,4758600,0,0,0,4758600,,,0,0,0,2200,0,0,55,0,27.5,55,0,0,0
"2026/01/26","2026/01/28","2722","ＩＫホールディングス","東証およびＰＴＳ",,"確報",0,0,2700,0,0,700,2000,0,0,1026000,0,0,266000,760000,,,0,0,0,18900,4900,0,87.5,140,70,93.3,35,0,70
"2026/01/26","2026/01/28","2726","パルグループＨＤ","東証およびＰＴＳ",,"確報",0,15300,105200,5600,1200,5600,99600,0,27172800,186835200,9945600,2131200,9945600,176889600,,,0,0,6627500,0,0,66000,2.7,2.8,2.7,2.7,1,1.7,1.3
"2026/01/26","2026/01/28","2730","エディオン","東証およびＰＴＳ",,"確報",25100,13400,44400,0,3100,29600,14800,54090500,28877000,95682000,0,6680500,63788000,31894000,,,0,0,65400,0,0,65400,3.8,2.1,2.4,2.3,42.4,18.4,25.7
"2026/01/26","2026/01/28","2733","あらた","東証およびＰＴＳ",,"確報",0,200,1600,0,100,0,1600,0,619000,4952000,0,309500,0,4952000,,,0,0,0,90000,5000,0,36.4,0,30,60,1,1,1
"2026/01/26","2026/01/28","2734","サーラコーポ","東証およびＰＴＳ",,"確報",200,2900,26500,0,8400,40900,-14400,219200,3178400,29044000,0,9206400,44826400,-15782400,,,0,0,0,321200,542300,0,16.2,16.4,14.5,15.4,14.7,19.6,16.8
"2026/01/26","2026/01/28","2735","ワッツ","東証およびＰＴＳ",,"確報",1100,0,4200,0,0,0,4200,738100,0,2818200,0,0,0,2818200,,,0,0,34100,0,0,0,17.5,15.1,20.8,17.5,0,0,0
"2026/01/26","2026/01/28","2736","フェスタリアＨＤ","東証およびＰＴＳ",,"確報",0,0,100,0,0,0,100,0,0,60600,0,0,0,60600,,,0,0,300,0,0,0,10,5,0,10,0,0,0
"2026/01/26","2026/01/28","2737","トーメンデバイス","東証およびＰＴＳ",,"確報",300,2200,10400,0,0,0,10400,4179000,30646000,144872000,0,0,0,144872000,,,0,0,0,8364000,0,0,11.9,11.4,12.4,11.9,0,0,0
"2026/01/26","2026/01/28","273A","ＳＢＩサウジ上場投信","東証およびＰＴＳ",,"確報",49,0,112,0,0,0,112,498820,0,1140160,0,0,0,1140160,,,0,0,8190,0,0,0,4.2,2.7,10,4.2,0,0,0
"2026/01/26","2026/01/28","2742","ハローズ","東証およびＰＴＳ",,"確報",0,0,200,0,0,100,100,0,0,941000,0,0,470500,470500,,,0,0,0,2000,1000,0,6,5,0,10,2.5,5,3.3
"2026/01/26","2026/01/28","2747","北雄ラッキー","東証およびＰＴＳ",,"確報",0,0,600,0,0,0,600,0,0,1947000,0,0,0,1947000,,,0,0,0,0,0,0,0,0,0,0,0,0,0
"2026/01/26","2026/01/28","2749","ＪＰホールディングス","東証およびＰＴＳ",,"確報",500,18800,8500,0,0,56100,-47600,354500,13329200,6026500,0,0,39774900,-33748400,,,0,0,0,53600,112200,0,11.1,2.5,2.4,2.5,1404,26.7,52.5
"2026/01/26","2026/01/28","274A","ガーデン","東証およびＰＴＳ",,"確報",0,0,2900,0,0,0,2900,0,0,6765700,0,0,0,6765700,,,0,0,0,63800,0,0,27.8,51,19.1,27.8,0,0,0
"2026/01/26","2026/01/28","2750","石光商事","東証およびＰＴＳ",,"確報",0,200,1800,100,0,800,1000,0,271200,2440800,135600,0,1084800,1356000,,,0,0,0,28000,9800,0,17.9,31.7,31.7,31.7,6.5,13,8.7
"2026/01/26","2026/01/28","2751","テンポスＨＤ","東証およびＰＴＳ",,"確報",100,0,9100,100,0,9100,0,383000,0,34853000,383000,0,34853000,0,,,0,0,360000,0,0,360000,66.8,43.4,217,72.3,39.5,144.7,62
"2026/01/26","2026/01/28","2752","フジオフードＧ本社","東証およびＰＴＳ",,"確報",3500,1000,111900,0,500,347000,-235100,3741500,1069000,119621100,0,534500,370943000,-251321900,,,0,0,0,1094000,3475000,0,87.8,30.5,90.6,45.7,65.6,1141.7,124.1
"2026/01/26","2026/01/28","2753","あみやき亭","東証およびＰＴＳ",,"確報",600,0,5300,0,0,0,5300,835800,0,7382900,0,0,0,7382900,,,0,0,0,61100,0,0,68,34,0,68,0,0,0
"2026/01/26","2026/01/28","2760","東京エレクトロンデバ","東証およびＰＴＳ",,"確報",0,1000,15900,0,200,11000,4900,0,3550000,56445000,0,710000,39050000,17395000,,,0,0,0,1183000,784000,0,17.1,12.9,24.9,17,13.9,22.5,17.2
"2026/01/26","2026/01/28","2762","ＳＡＮＫＯ　ＭＦ","東証およびＰＴＳ",,"確報",100,0,11300,0,0,0,11300,9900,0,1118700,0,0,0,1118700,,,0,0,0,11200,0,0,8.6,12.6,6.5,8.6,0,0,0
"2026/01/26","2026/01/28","2763","エフティグループ","東証およびＰＴＳ",,"確報",0,0,1200,0,0,0,1200,0,0,1514400,0,0,0,1514400,,,0,0,0,18000,0,0,0,0,0,0,0,0,0
"2026/01/26","2026/01/28","2764","ひらまつ","東証およびＰＴＳ",,"確報",0,0,19900,0,0,0,19900,0,0,2587000,0,0,0,2587000,,,0,0,0,59700,0,0,22.5,23.8,21.3,22.5,0,0,0
"2026/01/26","2026/01/28","2767","円谷フィールズＨＤ","東証およびＰＴＳ",,"確報",8200,0,75800,0,0,0,75800,15260200,0,141063800,0,0,0,141063800,,,0,0,676000,0,0,0,44,23.4,373.7,44,0,0,0
"2026/01/26","2026/01/28","2768","双日","東証およびＰＴＳ",,"確報",3700,5600,135400,300,0,600,134800,20549800,31102400,752011600,1666200,0,3332400,748679200,,,0,0,0,19359300,42300,0,18,18.8,17.9,18.3,1.8,1.8,1.8
"2026/01/26","2026/01/28","2769","ヴィレッジヴァンガド","東証およびＰＴＳ",,"確報",0,0,100,0,0,0,100,0,0,97500,0,0,0,97500,,,0,0,0,300,0,0,0,0,0,0,0,0,0
"2026/01/26","2026/01/28","276A","ククレブ","東証およびＰＴＳ",,"確報",100,100,15100,0,0,0,15100,258600,258600,39048600,0,0,0,39048600,,,0,0,241600,0,0,0,41.4,57.3,32.4,41.4,0,0,0
"2026/01/26","2026/01/28","2776","新都ホールディングス","東証およびＰＴＳ",,"確報",0,1400,30500,0,0,0,30500,0,186200,4056500,0,0,0,4056500,,,0,0,31900,0,0,0,110.9,110.9,110.9,110.9,0,0,0
"2026/01/26","2026/01/28","2778","パレモ・ＨＤ","東証およびＰＴＳ",,"確報",16200,21700,238800,0,5500,238800,0,2575800,3450300,37969200,0,874500,37969200,0,,,0,0,244300,0,0,244300,8,4.3,20.3,7.1,5,54.7,9.2
"2026/01/26","2026/01/28","277A","グロービング","東証およびＰＴＳ",,"確報",1700,200,32700,0,0,0,32700,4506700,530200,86687700,0,0,0,86687700,,,0,0,0,1591200,0,0,33.1,45.5,26,33.1,0,0,0
"2026/01/26","2026/01/28","2780","コメ兵ＨＤ","東証およびＰＴＳ",,"確報",400,300,16900,0,0,0,16900,1370000,1027500,57882500,0,0,0,57882500,,,0,0,0,1680000,0,0,40.9,51.7,33.8,40.9,0,0,0
"2026/01/26","2026/01/28","2782","セリア","東証およびＰＴＳ",,"確報",9900,2200,19300,6100,500,19300,0,38758500,8613000,75559500,23881500,1957500,75559500,0,,,0,0,870000,0,0,1027500,8,4.4,10.3,6.2,6.7,32.8,11.1
"2026/01/26","2026/01/28","2784","アルフレッサＨＤ","東証およびＰＴＳ",,"確報",800,600,5600,0,200,14800,-9200,2033200,1524900,14232400,0,508300,37614200,-23381800,,,0,0,0,278100,772500,0,19.6,8.8,11,9.8,19.9,58.2,29.6
"2026/01/26","2026/01/28","2788","アップルインタナショ","東証およびＰＴＳ",,"確報",700,0,15100,0,0,0,15100,248500,0,5360500,0,0,0,5360500,,,0,0,0,72000,0,0,77.8,105.6,61.6,77.8,0,0,0
"2026/01/26","2026/01/28","2789","カルラ","東証およびＰＴＳ",,"確報",0,0,1100,0,0,0,1100,0,0,543400,0,0,0,543400,,,0,0,1100,0,0,0,0,0,0,0,0,0,0
"2026/01/26","2026/01/28","278A","テラドローン","東証およびＰＴＳ",,"確報",300,2800,42800,0,0,0,42800,795900,7428400,113548400,0,0,0,113548400,,,0,0,0,453000,0,0,32.2,34.8,30,32.2,0,0,0
"2026/01/26","2026/01/28","2790","ナフコ","東証およびＰＴＳ",,"確報",0,0,4000,0,0,0,4000,0,0,8896000,0,0,0,8896000,,,0,0,8000,0,0,0,42,37.8,47.3,42,0,0,0
"2026/01/26","2026/01/28","2791","大黒天物産","東証およびＰＴＳ",,"確報",4600,4400,39800,200,0,39800,0,23874000,22836000,206562000,1038000,0,206562000,0,,,0,0,1188000,0,0,1188000,16.9,10.6,10,10.3,53.9,42.4,47.5
"2026/01/26","2026/01/28","2792","ハニーズＨＬＤ","東証およびＰＴＳ",,"確報",400,900,17200,0,500,17200,0,593600,1335600,25524800,0,742000,25524800,0,,,0,0,0,88500,88500,0,15.1,16.6,8.6,11.3,60.4,13.9,22.5
"2026/01/26","2026/01/28","2795","日本プリメックス","東証およびＰＴＳ",,"確報",0,0,0,0,0,0,0,0,0,0,0,0,0,0,,,0,0,0,0,0,0,0,0,0,0,0,0,0
"2026/01/26","2026/01/28","2796","ファーマライズＨＤ","東証およびＰＴＳ",,"確報",700,0,3700,0,0,100,3600,365400,0,1931400,0,0,52200,1879200,,,0,0,0,3000,100,0,12.3,6.5,142,12.3,0,5,10
"2026/01/26","2026/01/28","2798","ワイズテーブル","東証およびＰＴＳ",,"確報",0,0,1700,0,0,0,1700,0,0,5096600,0,0,0,5096600,,,0,0,5100,0,0,0,61.3,0,30.7,61.3,0,0,0
"2026/01/26","2026/01/28","2801","キッコーマン","東証およびＰＴＳ",,"確報",700,4600,30000,600,14000,20200,9800,1018150,6690700,43635000,872700,20363000,29380900,14254100,,,0,0,423750,0,0,420000,6.7,14.2,14.6,14.4,3.8,3.8,3.8
"2026/01/26","2026/01/28","2802","味の素","東証およびＰＴＳ",,"確報",167600,900,676300,9000,2900,9300,667000,586600000,3150000,2367050000,31500000,10150000,32550000,2334500000,,,0,0,0,27008800,169600,0,14.9,11.3,37.6,17.4,1.2,1.1,1.1
"2026/01/26","2026/01/28","2804","ブルドックソース","東証およびＰＴＳ",,"確報",900,1500,29500,9100,9700,29500,0,1713600,2856000,56168000,17326400,18468800,56168000,0,,,0,0,0,1204000,1204000,0,8.6,6.8,66.5,12.4,4.6,11.5,6.6
"2026/01/26","2026/01/28","2805","ヱスビー食品","東証およびＰＴＳ",,"確報",600,6400,35300,0,0,0,35300,2682000,28608000,157791000,0,0,0,157791000,,,0,0,2466000,0,0,0,40.7,183.3,22.9,40.7,0,0,0
"2026/01/26","2026/01/28","2806","ユタカフーズ","東証およびＰＴＳ",,"確報",0,0,100,0,0,0,100,0,0,223000,0,0,0,223000,,,0,0,2000,0,0,0,16,0,8,16,0,0,0
"2026/01/26","2026/01/28","2809","キユーピー","東証およびＰＴＳ",,"確報",0,1800,3400,2000,100,13900,-10500,0,7948800,15014400,8832000,441600,61382400,-46368000,,,0,0,348400,0,0,804000,3.8,2,1.6,1.8,6.2,17,9.1
"2026/01/26","2026/01/28","280A","ＴＭＨ","東証およびＰＴＳ",,"確報",4500,0,20400,0,0,0,20400,6165000,0,27948000,0,0,0,27948000,,,0,0,0,604200,0,0,23,14.7,53.1,23,0,0,0
"2026/01/26","2026/01/28","2810","ハウス食品Ｇ本社","東証およびＰＴＳ",,"確報",300,2400,17500,300,800,87900,-70400,912900,7303200,53252500,912900,2434400,267479700,-214227200,,,0,0,0,98000,442000,0,40.3,13.5,14.3,13.9,52.8,112.6,71.9
"2026/01/26","2026/01/28","2811","カゴメ","東証およびＰＴＳ",,"確報",7800,5600,52300,2200,0,52300,0,21613800,15517600,144923300,6096200,0,144923300,0,,,0,0,0,0,0,0,9.2,5.1,5.3,5.2,34.8,45.9,39.6
"2026/01/26","2026/01/28","2813","和弘食品","東証およびＰＴＳ",,"確報",0,0,3300,0,0,0,3300,0,0,10494000,0,0,0,10494000,,,0,0,0,66000,0,0,112.7,169,84.5,112.7,0,0,0
"2026/01/26","2026/01/28","2814","佐藤食品工業","東証およびＰＴＳ",,"確報",0,0,400,0,0,0,400,0,0,1256000,0,0,0,1256000,,,0,0,0,8000,0,0,46,0,23,46,0,0,0
"2026/01/26","2026/01/28","2815","アリアケジャパン","東証およびＰＴＳ",,"確報",200,400,2200,400,100,2200,0,1128000,2256000,12408000,2256000,564000,12408000,0,,,0,0,0,24000,19000,0,8.4,10.7,17.8,13.4,3,22,5.3
"2026/01/26","2026/01/28","2816","ダイショー","東証およびＰＴＳ",,"確報",100,0,1000,100,0,1000,0,140700,0,1407000,140700,0,1407000,0,,,0,0,0,900,900,0,23.5,23.5,23.5,23.5,23.5,23.5,23.5
"2026/01/26","2026/01/28","2818","ピエトロ","東証およびＰＴＳ",,"確報",0,300,1900,0,300,1900,0,0,530700,3361100,0,530700,3361100,0,,,0,0,6600,0,0,6600,36.3,109,21.8,36.3,109,21.8,36.3
"2026/01/26","2026/01/28","2819","エバラ食品工業","東証およびＰＴＳ",,"確報",0,0,2300,0,100,5600,-3300,0,0,6028300,0,262100,14677600,-8649300,,,0,0,0,78200,193800,0,18.6,16.9,19.7,18.2,10.2,117.5,18.8
"2026/01/26","2026/01/28","281A","インフォメティス","東証およびＰＴＳ",,"確報",0,0,8500,0,0,0,8500,0,0,3119500,0,0,0,3119500,,,0,0,0,34000,0,0,21.8,34.3,16,21.8,0,0,0
"2026/01/26","2026/01/28","2820","やまみ","東証およびＰＴＳ",,"確報",0,0,18100,0,0,0,18100,0,0,88690000,0,0,0,88690000,,,0,0,0,362000,0,0,207.1,0,103.6,207.1,0,0,0
"2026/01/26","2026/01/28","282A","ＧＸ半導体１０日株","東証およびＰＴＳ",,"確報",1331,4221,30045,0,0,4070,25975,2253383,7146153,50866185,0,0,6890510,43975675,,,0,0,0,1547945,191290,0,6.4,3.9,20.1,6.5,4.2,11.1,6.1
"2026/01/26","2026/01/28","2831","はごろもフーズ","東証およびＰＴＳ",,"確報",100,0,400,0,0,0,400,339000,0,1356000,0,0,0,1356000,,,0,0,1500,0,0,0,4.3,5.7,3.4,4.3,0,0,0
"2026/01/26","2026/01/28","2836","ＧＸフィンテック日株","東証およびＰＴＳ",,"確報",0,0,0,300,0,300,-300,0,0,0,931500,0,931500,-931500,,,0,0,0,0,0,0,1.9,1,1,1,1,0,2
"2026/01/26","2026/01/28","2837","ＧＸ中小リーダー日株","東証およびＰＴＳ",,"確報",0,103,1071,0,0,0,1071,0,327849,3408993,0,0,0,3408993,,,0,0,0,38742,0,0,22.5,29.8,18.1,22.5,0,0,0
"2026/01/26","2026/01/28","2838","ＭＸ米債７－１０ヘ無","東証およびＰＴＳ",,"確報",0,0,0,0,0,0,0,0,0,0,0,0,0,0,,,0,0,0,0,0,0,0,0,0,0,0,0,0
"2026/01/26","2026/01/28","2839","ＭＸ米債７－１０ヘ有","東証およびＰＴＳ",,"確報",0,0,0,0,0,0,0,0,0,0,0,0,0,0,,,0,0,0,0,0,0,0,0,0,0,0,0,0
"2026/01/26","2026/01/28","283A","ＧＸＵＳテック配貴族","東証およびＰＴＳ",,"確報",0,0,0,0,0,0,0,0,0,0,0,0,0,0,,,0,0,0,0,0,0,0,0,0,0,0,0,0
"2026/01/26","2026/01/28","2840","ｉＦナス１００Ｈ無","東証およびＰＴＳ",,"確報",1469,60,6974,0,5,5560,1414,3341975,136500,15865850,0,11375,12649000,3216850,,,0,0,0,339465,339465,0,23.3,13.5,22.2,16.8,56.8,30.4,39.6
"2026/01/26","2026/01/28","2841","ｉＦナス１００Ｈ有","東証およびＰＴＳ",,"確報",9600,0,15405,0,0,0,15405,14371200,0,23061285,0,0,0,23061285,,,0,0,145125,0,0,0,4.3,2.7,10.8,4.3,0,0,0
"2026/01/26","2026/01/28","2842","ｉＦナス１００ベア","東証およびＰＴＳ",,"確報",0,5,941,2,0,61,880,0,71625,13479825,28650,0,873825,12606000,,,0,0,227040,0,0,14160,10.2,6.2,23.4,9.8,161,12.9,23.9
"2026/01/26","2026/01/28","2843","上場豪債ヘッジあり","東証およびＰＴＳ",,"確報",0,0,184,0,0,0,184,0,0,700304,0,0,0,700304,,,0,0,0,1288,0,0,8,4,0,8,0,0,0
"2026/01/26","2026/01/28","2844","上場豪債ヘッジなし","東証およびＰＴＳ",,"確報",0,0,0,0,0,0,0,0,0,0,0,0,0,0,,,0,0,0,0,0,0,0,0,0,0,0,0,0
"2026/01/26","2026/01/28","2845","ナスダックヘッジ有","東証およびＰＴＳ",,"確報",10,9,12861,202,0,722,12139,31360,28224,40332096,633472,0,2264192,38067904,,,0,0,0,64300,2600,0,33.6,31.2,46.6,37.4,17.3,8.8,11.6
"2026/01/26","2026/01/28","2846","ダウヘッジ有","東証およびＰＴＳ",,"確報",0,0,100,0,0,100,0,0,0,241200,0,0,241200,0,,,0,0,0,2100,2100,0,0,0,0,0,0,0,0
"2026/01/26","2026/01/28","2847","ＧＸ成長インフラ日株","東証およびＰＴＳ",,"確報",0,0,0,0,0,0,0,0,0,0,0,0,0,0,,,0,0,0,0,0,0,0,0,0,0,0,0,0
"2026/01/26","2026/01/28","2848","ＧＸ気候変動日株","東証およびＰＴＳ",,"確報",0,0,0,0,0,0,0,0,0,0,0,0,0,0,,,0,0,0,0,0,0,0,0,0,0,0,0,0
"2026/01/26","2026/01/28","2849","ＧＸ高配当ＥＳＧ日株","東証およびＰＴＳ",,"確報",0,0,0,5,0,10,-10,0,0,0,25820,0,51640,-51640,,,0,0,0,0,230,0,4,0,0,0,2.7,8,4
"2026/01/26","2026/01/28","2851","ｉＳＭＳＣＩＪＳＲＩ","東証およびＰＴＳ",,"確報",0,0,40,0,10,0,40,0,0,13856,0,3464,0,13856,,,0,0,0,248,62,0,9.6,0,0,0,4,1,1.6
"2026/01/26","2026/01/28","2852","ｉＳグリーンＪリート","東証およびＰＴＳ",,"確報",0,0,180,0,10,0,180,0,0,35082,0,1949,0,35082,,,0,0,0,270,15,0,7.3,4,0,8,1,1,1
"2026/01/26","2026/01/28","2853","ｉＳ気候外国債券ヘジ","東証およびＰＴＳ",,"確報",0,0,0,0,10,0,0,0,0,0,0,6351,0,0,,,0,0,0,0,0,7,2,0,0,0,2,2,2
"2026/01/26","2026/01/28","2854","ＧＸテック２０日株","東証およびＰＴＳ",,"確報",0,0,2130,0,0,0,2130,0,0,4396320,0,0,0,4396320,,,0,0,0,91590,0,0,21.1,14.1,0,28.1,1,1,1
"2026/01/26","2026/01/28","2855","ＧＸグリＪリート","東証およびＰＴＳ",,"確報",0,0,0,0,0,1,-1,0,0,0,0,0,1041,-1041,,,0,0,0,0,8,0,4,0,0,0,2,0,4
"2026/01/26","2026/01/28","2856","ｉＳ米国債三七ヘジ","東証およびＰＴＳ",,"確報",0,370,0,0,10,0,0,0,248418,0,0,6714,0,0,,,0,0,259,0,0,7,2.6,2.5,2.5,2.5,4,4,4
"2026/01/26","2026/01/28","2857","ｉＳドイツ国債ヘジ","東証およびＰＴＳ",,"確報",0,0,140,0,0,0,140,0,0,89614,0,0,0,89614,,,0,0,0,28,0,0,2.6,2.4,3,2.7,1,0.5,0.7
"2026/01/26","2026/01/28","2858","ＧＸ日経カバコ","東証およびＰＴＳ",,"確報",100,0,652,0,0,0,652,135800,0,885416,0,0,0,885416,,,0,0,7176,0,0,0,4.6,2.9,11.1,4.6,0,0,0
"2026/01/26","2026/01/28","2859","ＳＴＯＸＸヘッジ有","東証およびＰＴＳ",,"確報",0,726,2000,0,0,0,2000,0,2176548,5996000,0,0,0,5996000,,,0,0,0,10904,0,0,16.5,16.5,16.5,16.5,0,0,0
"2026/01/26","2026/01/28","285A","キオクシアＨＤ","東証およびＰＴＳ",,"確報",138300,2400,1396900,100,2400,8600,1388300,2413335000,41880000,24375905000,1745000,41880000,150070000,24225835000,,,0,0,145015000,0,0,1253500,5.8,3.7,14.7,5.9,5.8,2.2,3.2
"2026/01/26","2026/01/28","2860","ＤＡＸヘッジ有","東証およびＰＴＳ",,"確報",0,1270,2245,0,0,0,2245,0,4085590,7222165,0,0,0,7222165,,,0,0,0,14060,0,0,8.2,7,10.1,8.3,0,0,0
"2026/01/26","2026/01/28","2861","上場フランス国債Ｈ無","東証およびＰＴＳ",,"確報",0,0,0,0,0,0,0,0,0,0,0,0,0,0,,,0,0,0,0,0,0,0,0,0,0,0,0,0
"2026/01/26","2026/01/28","2862","上場フランス国債Ｈ有","東証およびＰＴＳ",,"確報",0,0,0,0,0,0,0,0,0,0,0,0,0,0,,,0,0,0,0,0,0,0,0,0,0,0,0,0
"2026/01/26","2026/01/28","2864","ＧＸロジリート","東証およびＰＴＳ",,"確報",0,0,163,0,0,0,163,0,0,212063,0,0,0,212063,,,0,0,0,4238,0,0,1632,0,816,1632,0,0,0
"2026/01/26","2026/01/28","2865","ＧＸＮＤＸカバコ","東証およびＰＴＳ",,"確報",28543,0,62912,0,172,3418,59494,34537030,0,76123520,0,208120,4135780,71987740,,,0,0,0,1134177,118470,0,6.8,3.5,59,6.6,181.5,4.9,9.6
"2026/01/26","2026/01/28","2866","ＧＸ優先証券","東証およびＰＴＳ",,"確報",76,0,20771,0,0,0,20771,77368,0,21144878,0,0,0,21144878,,,0,0,0,600155,0,0,8,4,0,8,0,0,0
"2026/01/26","2026/01/28","2867","ＧＸ自動ＥＶ","東証およびＰＴＳ",,"確報",0,0,127,0,0,0,127,0,0,205740,0,0,0,205740,,,0,0,0,3683,0,0,8,4,0,8,0,0,0
"2026/01/26","2026/01/28","2868","ＧＸＳＰＸカバコ","東証およびＰＴＳ",,"確報",1091,0,10623,0,0,0,10623,1188099,0,11568447,0,0,0,11568447,,,0,0,0,285960,0,0,18.1,15.7,98.5,27.1,0,0,0
"2026/01/26","2026/01/28","2869","ｉＦナス１００ダブル","東証およびＰＴＳ",,"確報",5,168,4955,0,0,100,4855,298750,10038000,296061250,0,0,5975000,290086250,,,0,0,0,1074780,21000,0,9.5,5.3,49.4,9.6,2,0,4
"2026/01/26","2026/01/28","286A","ユカリア","東証およびＰＴＳ",,"確報",500,100,746800,2700,0,138800,608000,422000,84400,630299200,2278800,0,117147200,513152000,,,0,0,0,2239200,408300,0,705.3,2487.7,9329,3928,67.7,1127.5,127.6
"2026/01/26","2026/01/28","2870","ｉＦナス１００Ｗベア","東証およびＰＴＳ",,"確報",17,374,2030,119,13,1744,286,179180,3941960,21396200,1254260,137020,18381760,3014440,,,0,0,0,23870,16380,0,28.4,252.7,21.8,40.2,16.3,24.1,19.4
"2026/01/26","2026/01/28","2871","ニチレイ","東証およびＰＴＳ",,"確報",52000,0,58600,5600,3396000,1013100,-954500,99216000,0,111808800,10684800,6479568000,1932994800,-1821186000,,,0,0,178200,0,0,118894500,6.1,2.8,0.7,1.1,8.3,5.1,6.4
"2026/01/26","2026/01/28","2872","セイヒョー","東証およびＰＴＳ",,"確報",0,0,900,0,0,0,900,0,0,1836000,0,0,0,1836000,,,0,0,0,6300,0,0,0,0,0,0,0,0,0
"2026/01/26","2026/01/28","2874","横浜冷凍","東証およびＰＴＳ",,"確報",1600,800,28400,1400,7600,90900,-62500,1977600,988800,35102400,1730400,9393600,112352400,-77250000,,,0,0,303600,0,0,1068100,41.1,16.8,29.6,21.5,56.6,58,57.3
"2026/01/26","2026/01/28","2875","東洋水産","東証およびＰＴＳ",,"確報",1800,0,4900,300,1100,14500,-9600,19665000,0,53532500,3277500,12017500,158412500,-104880000,,,0,0,0,434000,2142000,0,11.8,4.9,14.2,7.3,22.6,9.3,13.2
"2026/01/26","2026/01/28","2876","デルソーレ","東証およびＰＴＳ",,"確報",0,0,600,0,0,0,600,0,0,273600,0,0,0,273600,,,0,0,0,2400,0,0,13.2,16.5,11,13.2,0,0,0
"2026/01/26","2026/01/28","2877","日東ベスト","東証およびＰＴＳ",,"確報",0,0,400,0,0,0,400,0,0,295200,0,0,0,295200,,,0,0,0,2000,0,0,44,0,22,44,0,0,0
"2026/01/26","2026/01/28","287A","黒田グループ","東証およびＰＴＳ",,"確報",12600,0,92000,0,0,0,92000,12423600,0,90712000,0,0,0,90712000,,,0,0,0,1111600,0,0,13.1,10.4,17.7,13.1,0,0,0
"2026/01/26","2026/01/28","2882","イートアンドＨＤ","東証およびＰＴＳ",,"確報",1200,0,13000,500,0,33600,-20600,2467200,0,26728000,1028000,0,69081600,-42353600,,,0,0,0,106200,297900,0,51.1,22.3,34.7,27.2,89.6,65.5,75.6
"2026/01/26","2026/01/28","2883","大冷","東証およびＰＴＳ",,"確報",0,0,200,0,0,0,200,0,0,399600,0,0,0,399600,,,0,0,0,800,0,0,0,0,0,0,0,0,0
"2026/01/26","2026/01/28","2884","ヨシムラフードＨＤ","東証およびＰＴＳ",,"確報",100,400,76800,700,0,86300,-9500,85500,342000,65664000,598500,0,73786500,-8122500,,,0,0,0,385500,428000,0,23.8,9.5,27.1,14.1,98.9,43.6,60.6
"2026/01/26","2026/01/28","288A","ラクサス","東証およびＰＴＳ",,"確報",2900,12000,27400,0,0,0,27400,426300,1764000,4027800,0,0,0,4027800,,,0,0,328500,0,0,0,9.6,16.8,6.8,9.6,0,0,0
"2026/01/26","2026/01/28","2892","日本食品化工","東証およびＰＴＳ",,"確報",200,0,3500,0,0,0,3500,834000,0,14595000,0,0,0,14595000,,,0,0,16500,0,0,0,16.6,14.5,19.3,16.6,0,0,0
"2026/01/26","2026/01/28","2894","石井食品","東証およびＰＴＳ",,"確報",0,0,3200,0,0,0,3200,0,0,1100800,0,0,0,1100800,,,0,0,0,12800,0,0,52.7,39.5,79,52.7,0,0,0
"2026/01/26","2026/01/28","2897","日清食品ＨＤ","東証およびＰＴＳ",,"確報",1300,6500,38000,16800,100,38000,0,4018300,20091500,117458000,51928800,309100,117458000,0,,,0,0,0,129600,63900,0,8.6,9.2,8.2,8.7,5.9,15.6,8.6
"2026/01/26","2026/01/28","2901","ウェルディッシュ","東証およびＰＴＳ",,"確報",0,0,27200,0,0,0,27200,0,0,11070400,0,0,0,11070400,,,0,0,0,108800,0,0,81.1,57.5,137.9,81.1,0,0,0
"2026/01/26","2026/01/28","2903","シノブフーズ","東証およびＰＴＳ",,"確報",0,0,0,0,0,0,0,0,0,0,0,0,0,0,,,0,0,0,0,0,0,1.7,5,1,1.7,0,0,0
"2026/01/26","2026/01/28","2904","一正蒲鉾","東証およびＰＴＳ",,"確報",0,0,2800,0,0,2800,0,0,0,2088800,0,0,2088800,0,,,0,0,0,2800,2800,0,38.3,26.8,67,38.3,26.8,67,38.3
"2026/01/26","2026/01/28","2907","あじかん","東証およびＰＴＳ",,"確報",300,0,600,0,100,100,500,407700,0,815400,0,135900,135900,679500,,,0,0,0,600,400,0,5.1,5,10,6.7,1.5,3,2
"2026/01/26","2026/01/28","2908","フジッコ","東証およびＰＴＳ",,"確報",700,0,14100,1800,0,54500,-40400,1129800,0,22757400,2905200,0,87963000,-65205600,,,0,0,0,53600,210800,0,49.7,19.1,76.6,30.6,31.2,648,59.6
"2026/01/26","2026/01/28","290A","Ｓｙｎｓ","東証およびＰＴＳ",,"確報",6700,1800,389600,0,0,0,389600,7644700,2053800,444533600,0,0,0,444533600,,,0,0,0,0,0,0,43.9,146.2,25.9,43.9,0,0,0
"2026/01/26","2026/01/28","2910","ロック・フィールド","東証およびＰＴＳ",,"確報",2000,0,71200,3000,5000,197700,-126500,2770000,0,98612000,4155000,6925000,273814500,-175202500,,,0,0,0,0,0,0,117.4,115.4,39.7,59.1,269.8,136.7,181.5
"2026/01/26","2026/01/28","2911","旭松食品","東証およびＰＴＳ",,"確報",100,0,700,0,0,0,700,232000,0,1624000,0,0,0,1624000,,,0,0,7800,0,0,0,62,31,0,62,0,0,0
"2026/01/26","2026/01/28","2914","日本たばこ産業","東証およびＰＴＳ",,"確報",87900,13300,190700,2100,800,5500,185200,490921500,74280500,1065059500,11728500,4468000,30717500,1034342000,,,0,0,0,7314300,264600,0,8,4.9,26.3,8.3,3.6,4.5,4
"2026/01/26","2026/01/28","2915","ケンコーマヨネーズ","東証およびＰＴＳ",,"確報",100,500,2000,100,1300,11700,-9700,201600,1008000,4032000,201600,2620800,23587200,-19555200,,,0,0,0,55200,296700,0,11.1,5.8,4.9,5.3,13.5,15.8,14.5
"2026/01/26","2026/01/28","2916","仙波糖化工業","東証およびＰＴＳ",,"確報",0,0,1100,0,0,0,1100,0,0,812900,0,0,0,812900,,,0,0,0,1100,0,0,56,56,56,56,0,0,0
"2026/01/26","2026/01/28","2917","大森屋","東証およびＰＴＳ",,"確報",0,0,0,0,0,0,0,0,0,0,0,0,0,0,,,0,0,0,0,0,0,0,0,0,0,0,0,0
"2026/01/26","2026/01/28","2918","わらべや日洋ＨＤ","東証およびＰＴＳ",,"確報",700,2700,44400,100,0,100,44300,2443000,9423000,154956000,349000,0,349000,154607000,,,0,0,3016000,0,0,0,15.7,53.2,9.5,16.1,3,1.5,2
"2026/01/26","2026/01/28","291A","リスキル","東証およびＰＴＳ",,"確報",0,0,600,0,0,0,600,0,0,2091000,0,0,0,2091000,,,0,0,24000,0,0,0,0,0,0,0,0,0,0
"2026/01/26","2026/01/28","2922","なとり","東証およびＰＴＳ",,"確報",1000,0,6800,100,0,21700,-14900,1890000,0,12852000,189000,0,41013000,-28161000,,,0,0,0,69600,259200,0,35.1,10.7,13.6,12,42,525.5,77.9
"2026/01/26","2026/01/28","2923","サトウ食品","東証およびＰＴＳ",,"確報",0,0,600,0,0,0,600,0,0,4458000,0,0,0,4458000,,,0,0,0,66000,0,0,58,29,0,58,0,0,0
"2026/01/26","2026/01/28","2924","イフジ産業","東証およびＰＴＳ",,"確報",0,0,3800,0,100,200,3600,0,0,7972400,0,209800,419600,7552800,,,0,0,11400,0,0,900,22.3,23.5,37.6,28.9,13,3.3,5.2
"2026/01/26","2026/01/28","2926","篠崎屋","東証およびＰＴＳ",,"確報",5800,2800,66700,5000,0,11900,54800,568400,274400,6536600,490000,0,1166200,5370400,,,0,0,0,63700,6900,0,15.4,16.4,37,22.7,4.6,4.4,4.5
"2026/01/26","2026/01/28","2927","ＡＦＣＨＤアムスライ","東証およびＰＴＳ",,"確報",100,0,4800,0,0,0,4800,90300,0,4334400,0,0,0,4334400,,,0,0,0,18800,0,0,15.8,61.3,9.1,15.8,0,0,0
"2026/01/26","2026/01/28","2929","ファーマフーズ","東証およびＰＴＳ",,"確報",6800,1300,129800,2300,10500,129800,0,4556000,871000,86966000,1541000,7035000,86966000,0,,,0,0,0,2237400,2484000,0,29.9,37.5,42.7,39.9,148,13.4,24.5
"2026/01/26","2026/01/28","2930","北の達人コーポ","東証およびＰＴＳ",,"確報",0,17200,815300,2500,0,899500,-84200,0,2476800,117403200,360000,0,129528000,-12124800,,,0,0,0,0,0,0,76.4,22.3,124.3,37.8,846.4,4077.9,1401.8
"2026/01/26","2026/01/28","2931","ユーグレナ","東証およびＰＴＳ",,"確報",4100,4800,222900,1500,100,219100,3800,1693300,1982400,92057700,619500,41300,90488300,1569400,,,0,0,0,447200,435400,0,14,33.6,4.6,8.1,34.2,249.1,60.1
"2026/01/26","2026/01/28","2932","ＳＴＩフードＨＤ","東証およびＰＴＳ",,"確報",0,0,2700,0,0,0,2700,0,0,3512700,0,0,0,3512700,,,0,0,8100,0,0,0,24.3,73,14.6,24.3,0,0,0
"2026/01/26","2026/01/28","2933","紀文食品","東証およびＰＴＳ",,"確報",0,0,6700,0,0,3000,3700,0,0,7309700,0,0,3273000,4036700,,,0,0,0,73700,33000,0,80.5,111,0,222,25,50,33.3
"2026/01/26","2026/01/28","2934","ジェイフロンティア","東証およびＰＴＳ",,"確報",0,0,1100,0,0,0,1100,0,0,1589500,0,0,0,1589500,,,0,0,22000,0,0,0,11.8,0,5.9,11.8,0,0,0
"2026/01/26","2026/01/28","2935","ピックルスＨＤ","東証およびＰＴＳ",,"確報",100,2400,7900,0,0,0,7900,125000,3000000,9875000,0,0,0,9875000,,,0,0,0,142800,0,0,15.4,13.9,17.3,15.4,0,0,0
"2026/01/26","2026/01/28","2936","ベースフード","東証およびＰＴＳ",,"確報",0,0,7800,22500,21900,332800,-325000,0,0,3330600,9607500,9351300,142105600,-138775000,,,0,0,171600,0,0,7308400,19.3,4.3,4.1,4.2,21,22.6,21.8
"2026/01/26","2026/01/28","2937","サンクゼール","東証およびＰＴＳ",,"確報",300,0,3800,100,0,11900,-8100,520200,0,6589200,173400,0,20634600,-14045400,,,0,0,0,112000,377600,0,44.6,19.5,11.5,14.4,117.2,195.3,146.5
"2026/01/26","2026/01/28","2938","オカムラ食品工業","東証およびＰＴＳ",,"確報",1200,1800,25200,1700,400,114300,-89100,1371600,2057400,28803600,1943100,457200,130644900,-101841300,,,0,0,0,516000,2260000,0,16.5,45.4,3.3,6.1,73.4,1116.4,137.8
"2026/01/26","2026/01/28","294A","気候変動ＥＴＦ","東証およびＰＴＳ",,"確報",0,0,0,0,0,0,0,0,0,0,0,0,0,0,,,0,0,0,0,0,0,0,0,0,0,0,0,0
"2026/01/26","2026/01/28","295A","Ｏｎｅ・サウジ","東証およびＰＴＳ",,"確報",0,0,0,0,0,0,0,0,0,0,0,0,0,0,,,0,0,0,0,0,0,0,0,0,0,0,0,0
"2026/01/26","2026/01/28","2961","日本調理機","東証およびＰＴＳ",,"確報",0,0,200,0,0,0,200,0,0,973000,0,0,0,973000,,,0,0,3000,0,0,0,0,0,0,0,0,0,0
"2026/01/26","2026/01/28","2962","テクニスコ","東証およびＰＴＳ",,"確報",0,500,10800,0,0,0,10800,0,213500,4611600,0,0,0,4611600,,,0,0,0,169500,0,0,32.5,85.9,20,32.5,0,0,0
"2026/01/26","2026/01/28","296A","令和ＡＨ","東証およびＰＴＳ",,"確報",100,0,13200,0,0,0,13200,71800,0,9477600,0,0,0,9477600,,,0,0,0,262000,0,0,7.2,6.3,8.4,7.2,0,0,0
"2026/01/26","2026/01/28","2970","ＧＬＣ　ＧＲＯＵＰ","東証およびＰＴＳ",,"確報",200,0,2700,0,0,0,2700,161800,0,2184300,0,0,0,2184300,,,0,0,0,32500,0,0,127,63.5,0,127,0,0,0
"2026/01/26","2026/01/28","2971","Ｒ－エスコンジャパン","東証およびＰＴＳ",,"確報",13,0,113,0,0,1,112,1679600,0,14599600,0,0,129200,14470400,,,0,0,0,110000,1100,0,28.9,17.3,83.5,28.6,0,0,0
"2026/01/26","2026/01/28","2972","Ｒ－サンケイＲＥ","東証およびＰＴＳ",,"確報",137,5,173,0,0,0,173,18262100,666500,23060900,0,0,0,23060900,,,0,0,328000,0,0,0,1.7,1.5,2.1,1.7,0,0,0
"2026/01/26","2026/01/28","2975","スター・マイカＨＤ","東証およびＰＴＳ",,"確報",0,2900,28800,100,0,4800,24000,0,4219500,41904000,145500,0,6984000,34920000,,,0,0,221900,0,0,32900,23.8,17.9,34.6,23.6,14,119,25.1
"2026/01/26","2026/01/28","2978","ツクルバ","東証およびＰＴＳ",,"確報",0,0,2400,0,0,0,2400,0,0,1099200,0,0,0,1099200,,,0,0,0,16800,0,0,240,0,120,240,0,0,0
"2026/01/26","2026/01/28","2979","Ｒ－ＳＯＳｉＬＡ物流","東証およびＰＴＳ",,"確報",0,1,84,0,0,25,59,0,128500,10794000,0,0,3212500,7581500,,,0,0,0,93500,27500,0,7.4,12.7,18.2,15,2.7,3.4,3
"2026/01/26","2026/01/28","297A","アルピコＨＤ","東証およびＰＴＳ",,"確報",1700,0,26300,0,0,0,26300,408000,0,6312000,0,0,0,6312000,,,0,0,0,0,0,0,7.5,20.9,4.6,7.5,0,0,0
"2026/01/26","2026/01/28","2980","ＳＲＥＨＤ","東証およびＰＴＳ",,"確報",2300,0,213200,200,100,10500,202700,6900000,0,639600000,600000,300000,31500000,608100000,,,0,0,0,6327000,312000,0,54.3,45.1,77,56.9,26,34.2,29.6
"2026/01/26","2026/01/28","2981","ランディックス","東証およびＰＴＳ",,"確報",0,0,4300,0,0,0,4300,0,0,9739500,0,0,0,9739500,,,0,0,0,408500,0,0,217,0,108.5,217,0,0,0
"2026/01/26","2026/01/28","2982","ＡＤワークスグループ","東証およびＰＴＳ",,"確報",67100,116200,501700,0,49100,501700,0,29792400,51592800,222754800,0,21800400,222754800,0,,,0,0,0,7160400,7160400,0,10.7,7.8,5.8,6.7,64.2,17.2,27.1
"2026/01/26","2026/01/28","2983","アールプランナー","東証およびＰＴＳ",,"確報",2000,1300,7200,0,0,0,7200,6220000,4043000,22392000,0,0,0,22392000,,,0,0,682500,0,0,0,19.5,15.8,25.5,19.5,0,0,0
"2026/01/26","2026/01/28","2984","ヤマイチエステート","東証およびＰＴＳ",,"確報",0,0,5300,0,0,200,5100,0,0,4028000,0,0,152000,3876000,,,0,0,0,15900,600,0,37.2,19.3,232,35.7,0,0,0
"2026/01/26","2026/01/28","2986","ＬＡホールディングス","東証およびＰＴＳ",,"確報",500,0,23100,200,0,300,22800,4610000,0,212982000,1844000,0,2766000,210216000,,,0,0,0,2486000,11000,0,135.4,127.1,190.7,152.5,3.5,0,7
"2026/01/26","2026/01/28","2989","Ｒ－東海道リート","東証およびＰＴＳ",,"確報",0,0,73,0,0,0,73,0,0,8489900,0,0,0,8489900,,,0,0,0,36500,0,0,19,30.5,13.8,19,0,0,0
"2026/01/26","2026/01/28","298A","ＧＶＡ　ＴＥＣＨ","東証およびＰＴＳ",,"確報",0,0,3200,0,0,0,3200,0,0,1504000,0,0,0,1504000,,,0,0,0,22400,0,0,108.7,163,81.5,108.7,0,0,0
"2026/01/26","2026/01/28","2991","ランドネット","東証およびＰＴＳ",,"確報",0,0,13700,0,0,0,13700,0,0,8809100,0,0,0,8809100,,,0,0,0,109600,0,0,46.4,29.3,112.2,46.4,0,0,0
"2026/01/26","2026/01/28","2993","長栄","東証およびＰＴＳ",,"確報",0,100,1000,0,0,0,1000,0,239500,2395000,0,0,0,2395000,,,0,0,16500,0,0,0,32,24,48,32,0,0,0
"2026/01/26","2026/01/28","2997","ストレージ王","東証およびＰＴＳ",,"確報",0,100,300,0,0,0,300,0,118100,354300,0,0,0,354300,,,0,0,0,0,0,0,16,0,8,16,0,0,0
"2026/01/26","2026/01/28","2998","クリアル","東証およびＰＴＳ",,"確報",1500,600,418500,0,0,0,418500,1486500,594600,414733500,0,0,0,414733500,,,0,0,0,7934400,0,0,163.4,237.7,124.5,163.4,0,0,0
"2026/01/26","2026/01/28","2999","ホームポジション","東証およびＰＴＳ",,"確報",0,0,1800,0,0,0,1800,0,0,876600,0,0,0,876600,,,0,0,0,10800,0,0,22.9,103,12.9,22.9,0,0,0
"2026/01/26","2026/01/28","299A","クラシル","東証およびＰＴＳ",,"確報",7900,100,29600,0,0,0,29600,9282500,117500,34780000,0,0,0,34780000,,,0,0,0,348800,0,0,12.8,7.1,68.9,12.8,0,0,0
"2026/01/26","2026/01/28","3001","片倉工業","東証およびＰＴＳ",,"確報",1100,0,6000,1300,0,29700,-23700,3311000,0,18060000,3913000,0,89397000,-71337000,,,0,0,0,196000,1136000,0,42.8,15.9,19.6,17.6,30.1,708,57.8
"2026/01/26","2026/01/28","3002","グンゼ","東証およびＰＴＳ",,"確報",3800,3400,18000,900,500,18000,0,17271000,15453000,81810000,4090500,2272500,81810000,0,,,0,0,0,1144000,1144000,0,9.7,6.4,5.8,6.1,28.8,19.4,23.2
"2026/01/26","2026/01/28","3003","ヒューリック","東証およびＰＴＳ",,"確報",22100,18900,80700,3300,100,80700,0,39282750,33594750,143444250,5865750,177750,143444250,0,,,0,0,271250,0,0,271250,6.1,4.9,4.2,4.5,30.4,5.3,9
"2026/01/26","2026/01/28","3004","神栄","東証およびＰＴＳ",,"確報",0,100,6300,0,0,0,6300,0,246600,15535800,0,0,0,15535800,,,0,0,0,294400,0,0,91.1,158.5,105.7,126.8,2,2,2
"2026/01/26","2026/01/28","300A","ＭＩＣ","東証およびＰＴＳ",,"確報",0,800,1100,0,0,0,1100,0,2492000,3426500,0,0,0,3426500,,,0,0,0,123500,0,0,11.4,0,5.7,11.4,0,0,0
"2026/01/26","2026/01/28","3010","ポラリスＨＤ","東証およびＰＴＳ",,"確報",0,100,31100,0,0,0,31100,0,18600,5784600,0,0,0,5784600,,,0,0,0,93600,0,0,23.2,14.8,53.2,23.2,0,0,0
"2026/01/26","2026/01/28","3011","バナーズ","東証およびＰＴＳ",,"確報",0,0,0,0,0,0,0,0,0,0,0,0,0,0,,,0,0,0,0,0,0,0,0,0,0,0,0,0
"2026/01/26","2026/01/28","3020","アプライド","東証およびＰＴＳ",,"確報",200,0,6900,0,0,0,6900,841000,0,29014500,0,0,0,29014500,,,0,0,0,435500,0,0,85.5,68.4,114,85.5,0,0,0
"2026/01/26","2026/01/28","3021","パシフィックネット","東証およびＰＴＳ",,"確報",0,400,5800,0,0,0,5800,0,802400,11634800,0,0,0,11634800,,,0,0,0,210800,0,0,13.6,62.5,7.7,13.6,0,0,0
"2026/01/26","2026/01/28","3023","ラサ商事","東証およびＰＴＳ",,"確報",1300,1300,22700,0,1400,1100,21600,2718300,2718300,47465700,0,2927400,2300100,45165600,,,0,0,0,1135000,125000,0,14.4,14,18.7,16,137,4,7.8
"2026/01/26","2026/01/28","3024","クリエイト","東証およびＰＴＳ",,"確報",200,0,2100,0,0,0,2100,250800,0,2633400,0,0,0,2633400,,,0,0,0,9500,0,0,97,48.5,0,97,0,0,0
"2026/01/26","2026/01/28","3028","アルペン","東証およびＰＴＳ",,"確報",0,2600,12100,0,2600,12100,0,0,5735600,26692600,0,5735600,26692600,0,,,0,0,0,558600,558600,0,19.7,30.9,13.9,19.2,34,14.5,20.3
"2026/01/26","2026/01/28","302A","ビースタイルＨＤ","東証およびＰＴＳ",,"確報",100,0,1500,0,0,0,1500,119500,0,1792500,0,0,0,1792500,,,0,0,0,18200,0,0,47.3,71,35.5,47.3,0,0,0
"2026/01/26","2026/01/28","3030","ハブ","東証およびＰＴＳ",,"確報",400,100,8300,0,0,0,8300,406000,101500,8424500,0,0,0,8424500,,,0,0,0,80000,0,0,57.1,40,100,57.1,0,0,0
"2026/01/26","2026/01/28","3031","ラクーンＨＤ","東証およびＰＴＳ",,"確報",42600,400,150600,700,1300,181700,-31100,27136200,254800,95932200,445900,828100,115742900,-19810700,,,0,0,0,1409200,2369900,0,43.8,11.9,147.4,22,136.1,106.4,119.4
"2026/01/26","2026/01/28","3034","クオールＨＤ","東証およびＰＴＳ",,"確報",9900,0,377000,0,14600,14800,362200,20968200,0,798486000,0,30922800,31346400,767139600,,,0,0,0,1468400,117600,0,45.3,45,567.1,83.3,328.8,4.5,8.9
"2026/01/26","2026/01/28","3035","ケイティケイ","東証およびＰＴＳ",,"確報",200,0,20900,0,0,200,20700,130800,0,13668600,0,0,130800,13537800,,,0,0,0,124200,1200,0,699.3,519.5,1039,692.7,0,0,0
"2026/01/26","2026/01/28","3036","アルコニックス","東証およびＰＴＳ",,"確報",1100,200,25200,900,100,16800,8400,3011800,547600,68997600,2464200,273800,45998400,22999200,,,0,0,0,1506600,992000,0,31.4,52.3,20.6,29.6,34.9,34.9,34.9
"2026/01/26","2026/01/28","3038","神戸物産","東証およびＰＴＳ",,"確報",300,25400,75400,13300,1000,27200,48200,1179600,99872800,296472800,52295600,3932000,106950400,189522400,,,0,0,23818500,0,0,3531300,10.7,15.4,10.4,12.4,5.5,8.4,6.6
"2026/01/26","2026/01/28","303A","ｖｉｓｕｍｏ","東証およびＰＴＳ",,"確報",100,1100,1100,0,0,0,1100,91800,1009800,1009800,0,0,0,1009800,,,0,0,0,58800,0,0,8.8,61.5,4.7,8.8,0,0,0
"2026/01/26","2026/01/28","3040","ソリトンシステムズ","東証およびＰＴＳ",,"確報",100,1300,11800,0,0,0,11800,198100,2575300,23375800,0,0,0,23375800,,,0,0,0,871000,0,0,26.8,22.4,33.6,26.8,0,0,0
"2026/01/26","2026/01/28","3041","ビューティカダンＨＤ","東証およびＰＴＳ",,"確報",0,100,3600,0,100,3600,0,0,47000,1692000,0,47000,1692000,0,,,0,0,3700,0,0,3700,61.7,92.5,46.3,61.7,92.5,46.3,61.7
"2026/01/26","2026/01/28","3042","セキュアヴェイル","東証およびＰＴＳ",,"確報",15000,11400,50900,3600,0,50900,0,5520000,4195200,18731200,1324800,0,18731200,0,,,0,0,0,567600,567600,0,14.5,7.4,11.9,9.1,18.4,390.2,35.2
"2026/01/26","2026/01/28","3045","カワサキ","東証およびＰＴＳ",,"確報",0,0,400,0,0,0,400,0,0,598000,0,0,0,598000,,,0,0,0,400,0,0,18,9,0,18,0,0,0
"2026/01/26","2026/01/28","3046","ＪＩＮＳＨＤ","東証およびＰＴＳ",,"確報",200,400,31900,0,100,400,31500,1010000,2020000,161095000,0,505000,2020000,159075000,,,0,0,0,642000,10000,0,3.2,3.2,3.1,3.1,4.6,7.7,5.8
"2026/01/26","2026/01/28","3048","ビックカメラ","東証およびＰＴＳ",,"確報",400,0,13500,800,3800,99400,-85900,702400,0,23706000,1404800,6672800,174546400,-150840400,,,0,0,0,144100,1126400,0,34.3,67.1,8.4,14.9,34,53.4,41.5
"2026/01/26","2026/01/28","304A","フォルシア","東証およびＰＴＳ",,"確報",0,0,600,0,0,0,600,0,0,1186800,0,0,0,1186800,,,0,0,600,0,0,0,14,0,7,14,0,0,0
"2026/01/26","2026/01/28","3050","ＤＣＭＨＤ","東証およびＰＴＳ",,"確報",100,2500,14500,100,1700,27800,-13300,166700,4167500,24171500,166700,2833900,46342600,-22171100,,,0,0,185900,0,0,323400,24.1,12,14.9,13.3,52.3,38.1,44.1
"2026/01/26","2026/01/28","3053","ペッパーフドサビス","東証およびＰＴＳ",,"確報",74400,19300,287000,17400,0,287000,0,12871200,3338900,49651000,3010200,0,49651000,0,,,0,0,0,0,0,0,26.5,12.7,15.2,13.9,75.7,456.9,129.9
"2026/01/26","2026/01/28","3054","ハイパー","東証およびＰＴＳ",,"確報",200,100,5200,0,0,0,5200,59800,29900,1554800,0,0,0,1554800,,,0,0,0,10200,0,0,31.5,16.9,236,31.5,0,0,0
"2026/01/26","2026/01/28","3058","三洋堂ＨＤ","東証およびＰＴＳ",,"確報",100,0,400,100,100,2600,-2200,68000,0,272000,68000,68000,1768000,-1496000,,,0,0,0,300,2600,0,17.3,2.5,10,4,18.3,32,23.3
"2026/01/26","2026/01/28","3059","ヒラキ","東証およびＰＴＳ",,"確報",200,200,800,0,0,800,0,167000,167000,668000,0,0,668000,0,,,0,0,0,0,0,0,16.4,10.3,8.2,9.1,0,41,82
"2026/01/26","2026/01/28","3063","ジェイグループＨＤ","東証およびＰＴＳ",,"確報",0,100,7400,100,200,7400,0,0,83700,6193800,83700,167400,6193800,0,,,0,0,0,7500,7500,0,34.3,20.9,18.9,19.8,188.5,94.3,125.7
"2026/01/26","2026/01/28","3064","ＭｏｎｏｔａＲＯ","東証およびＰＴＳ",,"確報",600,100,125400,1700,200,19100,106300,1340100,223350,280080900,3796950,446700,42659850,237421050,,,0,0,0,1811050,255200,0,39.4,77.1,44.7,56.6,12.4,13.3,12.9
"2026/01/26","2026/01/28","3065","ライフフーズ","東証およびＰＴＳ",,"確報",0,0,0,0,0,0,0,0,0,0,0,0,0,0,,,0,0,0,0,0,0,0,0,0,0,0,0,0
"2026/01/26","2026/01/28","3067","東京一番フーズ","東証およびＰＴＳ",,"確報",45300,1400,47700,0,300,8900,38800,20385000,630000,21465000,0,135000,4005000,17460000,,,0,0,0,15200,36800,0,1.6,1.1,1.5,1.3,40,40,40
"2026/01/26","2026/01/28","3068","ＷＤＩ","東証およびＰＴＳ",,"確報",0,0,2600,0,0,0,2600,0,0,8411000,0,0,0,8411000,,,0,0,0,0,0,0,254,127,0,254,0,0,0
"2026/01/26","2026/01/28","3069","ＪＦＬＡＨＤ","東証およびＰＴＳ",,"確報",400,200,27600,200,0,27600,0,64400,32200,4443600,32200,0,4443600,0,,,0,0,0,27400,27400,0,69.8,37.8,50.4,43.2,113.5,454,181.6
"2026/01/26","2026/01/28","3070","ジェリービーンズ","東証およびＰＴＳ",,"確報",67900,51800,446500,0,0,0,446500,7944300,6060600,52240500,0,0,0,52240500,,,0,0,12912000,0,0,0,16.3,12.3,24.3,16.3,0,0,0
"2026/01/26","2026/01/28","3071","ストリーム","東証およびＰＴＳ",,"確報",0,0,2100,0,0,0,2100,0,0,239400,0,0,0,239400,,,0,0,2100,0,0,0,0,0,0,0,0,0,0
"2026/01/26","2026/01/28","3075","銚子丸","東証およびＰＴＳ",,"確報",0,0,100,0,0,0,100,0,0,165000,0,0,0,165000,,,0,0,100,0,0,0,3.2,0,1.6,3.2,0,0,0
"2026/01/26","2026/01/28","3076","あいホールディングス","東証およびＰＴＳ",,"確報",400,1600,6300,100,1300,6300,0,1088800,4355200,17148600,272200,3538600,17148600,0,,,0,0,0,585000,585000,0,7,6.2,6.8,6.5,7.3,8,7.6
"2026/01/26","2026/01/28","3077","ホリイフードサービス","東証およびＰＴＳ",,"確報",1000,200,9600,0,0,0,9600,510000,102000,4896000,0,0,0,4896000,,,0,0,0,96800,0,0,25.6,32.9,21,25.6,0,0,0
"2026/01/26","2026/01/28","3079","ディーブイエックス","東証およびＰＴＳ",,"確報",59100,0,59600,0,600,14700,44900,73520400,0,74142400,0,746400,18286800,55855600,,,0,0,4000,0,0,122400,1.7,1,1.5,1.2,808,24.5,47.5
"2026/01/26","2026/01/28","3080","ジェーソン","東証およびＰＴＳ",,"確報",0,1200,700,0,0,0,700,0,984000,574000,0,0,0,574000,,,0,0,0,15200,0,0,12.5,81,6.8,12.5,0,0,0
"2026/01/26","2026/01/28","3082","きちりＨＤ","東証およびＰＴＳ",,"確報",800,100,6100,600,1200,14600,-8500,758400,94800,5782800,568800,1137600,13840800,-8058000,,,0,0,43200,0,0,121600,19,10.2,17.2,12.8,22.7,23.4,23
"2026/01/26","2026/01/28","3083","スターシーズ","東証およびＰＴＳ",,"確報",900,24000,67400,0,0,0,67400,753300,20088000,56413800,0,0,0,56413800,,,0,0,2624500,0,0,0,3,2.4,3.9,3,0,0,0
"2026/01/26","2026/01/28","3086","Ｊ．フロントリテイリ","東証およびＰＴＳ",,"確報",400,0,4700,5900,800,38200,-33500,923200,0,10847600,13617200,1846400,88165600,-77318000,,,0,0,0,0,0,0,10.1,4.6,5.9,5.1,12.8,10.8,11.7
"2026/01/26","2026/01/28","3087","ドトール・日レスＨＤ","東証およびＰＴＳ",,"確報",900,100,8700,800,400,14800,-6100,2569500,285500,24838500,2284000,1142000,42254000,-17415500,,,0,0,221200,0,0,403200,7.2,3.6,4.7,4.1,12.8,22.5,16.3
"2026/01/26","2026/01/28","3088","マツキヨココカラ","東証およびＰＴＳ",,"確報",0,1100,105700,3900,0,4100,101600,0,2810500,270063500,9964500,0,10475500,259588000,,,0,0,2242800,0,0,4200,34,48.3,138.6,71.6,1.1,1.8,1.3
"2026/01/26","2026/01/28","3089","テクノアルファ","東証およびＰＴＳ",,"確報",300,0,8000,0,1000,700,7300,369900,0,9864000,0,1233000,863100,9000900,,,0,0,0,261800,57800,0,15.5,31,16.1,21.2,0,3.8,7.6
"2026/01/26","2026/01/28","3091","ブロンコビリー","東証およびＰＴＳ",,"確報",0,0,2000,0,0,0,2000,0,0,7690000,0,0,0,7690000,,,0,0,0,90000,0,0,11,9.7,12.9,11,0,0,0
"2026/01/26","2026/01/28","3092","ＺＯＺＯ","東証およびＰＴＳ",,"確報",8700,13000,46300,3000,600,89400,-43100,10753200,16068000,57226800,3708000,741600,110498400,-53271600,,,0,0,354200,0,0,609000,5.4,2.2,2.6,2.4,75.6,121.8,93.3
"2026/01/26","2026/01/28","3093","トレジャーファクトリ","東証およびＰＴＳ",,"確報",1000,0,39800,0,4800,27000,12800,1723000,0,68575400,0,8270400,46521000,22054400,,,0,0,0,1901200,1558200,0,32.6,90.3,43.2,58.4,27.1,17.2,21
"2026/01/26","2026/01/28","3096","オーシャンシステム","東証およびＰＴＳ",,"確報",300,0,1800,0,0,0,1800,471600,0,2829600,0,0,0,2829600,,,0,0,13500,0,0,0,52,26,0,52,0,0,0
"2026/01/26","2026/01/28","3097","物語コーポレーション","東証およびＰＴＳ",,"確報",600,1000,2800,400,800,2800,0,2586000,4310000,12068000,1724000,3448000,12068000,0,,,0,0,0,128000,128000,0,4.2,4.8,4.8,4.8,3.7,3.7,3.7
"2026/01/26","2026/01/28","3099","三越伊勢丹ホールディ","東証およびＰＴＳ",,"確報",3300,300,33200,3400,400,33200,0,8584950,780450,86369800,8845100,1040600,86369800,0,,,0,0,0,1932800,1932800,0,2.1,2.8,2.6,2.7,1.6,1.9,1.7
"2026/01/26","2026/01/28","3101","東洋紡","東証およびＰＴＳ",,"確報",17700,9200,35400,4300,700,30500,4900,23682600,12309600,47365200,5753400,936600,40809000,6556200,,,0,0,0,403500,403500,0,3.8,2.3,2.8,2.5,9,20.1,12.4
"2026/01/26","2026/01/28","3103","ユニチカ","東証およびＰＴＳ",,"確報",63300,77100,528100,18500,113000,528100,0,25573200,31148400,213352400,7474000,45652000,213352400,0,,,0,0,7586600,0,0,8716400,7.5,6,8.4,7,6.8,9.9,8.1
"2026/01/26","2026/01/28","3104","富士紡ＨＤ","東証およびＰＴＳ",,"確報",5400,1800,18400,0,400,18400,0,49194000,16398000,167624000,0,3644000,167624000,0,,,0,0,0,2072000,2632000,0,11.4,5.1,7.4,6.1,38.5,115.4,57.7
"2026/01/26","2026/01/28","3105","日清紡ＨＤ","東証およびＰＴＳ",,"確報",0,2000,16400,1100,800,11200,5200,0,2811000,23050200,1546050,1124400,15741600,7308600,,,0,0,0,64400,38150,0,14.4,17.4,10.3,12.9,17.7,17.2,17.4
"2026/01/26","2026/01/28","3106","倉敷紡績","東証およびＰＴＳ",,"確報",1300,0,4600,100,0,19700,-15100,11570000,0,40940000,890000,0,175330000,-134390000,,,0,0,0,594000,3528000,0,22.6,3.9,8.3,5.3,43.4,99.8,60.5
"2026/01/26","2026/01/28","3107","ダイワボウＨＤ","東証およびＰＴＳ",,"確報",2200,0,5900,600,0,1700,4200,6679200,0,17912400,1821600,0,5161200,12751200,,,0,0,0,284900,84700,0,6,4.9,10.4,6.7,3.6,6.1,4.5
"2026/01/26","2026/01/28","3109","シキボウ","東証およびＰＴＳ",,"確報",100,0,12200,0,200,5800,6400,107100,0,13066200,0,214200,6211800,6854400,,,0,0,0,205700,102000,0,61.3,76.5,76.5,76.5,51.3,38.5,44
"2026/01/26","2026/01/28","3110","日東紡績","東証およびＰＴＳ",,"確報",52400,12500,140300,0,6600,16600,123700,823204000,196375000,2204113000,0,103686000,260786000,1943327000,,,0,0,0,136544000,31552000,0,5.3,3.6,7.3,4.8,33.1,5.1,8.8
"2026/01/26","2026/01/28","3111","オーミケンシ","東証およびＰＴＳ",,"確報",200,0,3700,0,0,0,3700,50000,0,925000,0,0,0,925000,,,0,0,0,3500,0,0,2.9,15,1.6,2.9,0,0,0
"2026/01/26","2026/01/28","3113","ＵＮＩＶＡ・Ｏａｋ","東証およびＰＴＳ",,"確報",0,0,38400,0,0,0,38400,0,0,2764800,0,0,0,2764800,,,0,0,38400,0,0,0,26.3,59.7,16.8,26.3,0,0,0
"2026/01/26","2026/01/28","3116","トヨタ紡織","東証およびＰＴＳ",,"確報",2600,1200,4900,2700,100,4900,0,6792500,3135000,12801250,7053750,261250,12801250,0,,,0,0,0,105000,69000,0,2.8,3.6,2.6,3,3.5,2.2,2.7
"2026/01/26","2026/01/28","3121","マーチャントバンカズ","東証およびＰＴＳ",,"確報",454200,100,591000,0,600,179900,411100,104466000,23000,135930000,0,138000,41377000,94553000,,,0,0,0,273800,361000,0,2.4,1.3,2.1,1.6,32.1,743.4,61.5
"2026/01/26","2026/01/28","3123","サイボー","東証およびＰＴＳ",,"確報",100,100,15600,0,0,0,15600,61600,61600,9609600,0,0,0,9609600,,,0,0,0,124800,0,0,311.2,259.3,389,311.2,0,0,0
"2026/01/26","2026/01/28","3131","シンデンハイテク","東証およびＰＴＳ",,"確報",0,500,8100,0,0,0,8100,0,1471500,23838300,0,0,0,23838300,,,0,0,0,576200,0,0,68,68,68,68,0,0,0
"2026/01/26","2026/01/28","3132","マクニカＨＤ","東証およびＰＴＳ",,"確報",2400,500,28400,5500,100,13800,14600,6288000,1310000,74408000,14410000,262000,36156000,38252000,,,0,0,0,556500,176400,0,12.3,15,31.2,20.3,5.9,7.1,6.4
"2026/01/26","2026/01/28","3133","海帆","東証およびＰＴＳ",,"確報",300,300,48000,0,0,0,48000,128700,128700,20592000,0,0,0,20592000,,,0,0,0,336000,0,0,75.8,99.5,61.3,75.8,0,0,0
"2026/01/26","2026/01/28","3134","Ｈａｍｅｅ","東証およびＰＴＳ",,"確報",500,100,50300,0,4000,65400,-15100,240000,48000,24144000,0,1920000,31392000,-7248000,,,0,0,0,49900,69400,0,47.1,140,39.4,61.5,58.3,30.9,40.4
"2026/01/26","2026/01/28","3135","マーケットエンター","東証およびＰＴＳ",,"確報",2100,0,4300,0,0,0,4300,3000900,0,6144700,0,0,0,6144700,,,0,0,0,6600,0,0,9,5.2,32.5,9,0,0,0
"2026/01/26","2026/01/28","3137","ファンデリー","東証およびＰＴＳ",,"確報",100,0,31200,100,0,5000,26200,22800,0,7113600,22800,0,1140000,5973600,,,0,0,0,31100,4900,0,38.5,97.1,129.4,110.9,3.8,20,6.3
"2026/01/26","2026/01/28","3138","富士山マガジン","東証およびＰＴＳ",,"確報",0,0,3100,0,0,0,3100,0,0,3214700,0,0,0,3214700,,,0,0,0,0,0,0,11.4,29.6,7,11.4,0,0,0
"2026/01/26","2026/01/28","3139","ラクト・ジャパン","東証およびＰＴＳ",,"確報",100,0,4700,0,300,2900,1800,351000,0,16497000,0,1053000,10179000,6318000,,,0,0,0,115000,80000,0,27.8,121.5,17.4,30.4,29.2,20.9,24.3
"2026/01/26","2026/01/28","313A","ｉＳＳＰ５００Ｔ２０","東証およびＰＴＳ",,"確報",30790,0,74270,0,0,0,74270,7189465,0,17342045,0,0,0,17342045,,,0,0,0,273924,0,0,5.9,3,96.8,5.9,0,0,0
"2026/01/26","2026/01/28","3140","ＢＲＵＮＯ","東証およびＰＴＳ",,"確報",0,0,13100,400,0,29600,-16500,0,0,13309600,406400,0,30073600,-16764000,,,0,0,26200,0,0,58400,40.4,17.9,33.1,23.2,38.4,157.9,61.8
"2026/01/26","2026/01/28","3143","オーウイル","東証およびＰＴＳ",,"確報",0,0,1900,0,0,0,1900,0,0,1339500,0,0,0,1339500,,,0,0,0,20900,0,0,0,0,0,0,0,0,0
"2026/01/26","2026/01/28","3148","クリエイトＳＤＨＤ","東証およびＰＴＳ",,"確報",1600,100,4700,1500,0,4700,0,5360000,335000,15745000,5025000,0,15745000,0,,,0,0,48000,0,0,48000,6.6,4.7,10,6.4,3.9,23.4,6.7
"2026/01/26","2026/01/28","314A","ｉＳゴールド","東証およびＰＴＳ",,"確報",298910,0,1851020,0,0,0,1851020,110925501,0,686913522,0,0,0,686913522,,,0,0,0,2017743,0,0,8.1,4.8,34.5,8.5,1,1,1
"2026/01/26","2026/01/28","3150","グリムス","東証およびＰＴＳ",,"確報",100,300,1500,0,200,1500,0,244900,734700,3673500,0,489800,3673500,0,,,0,0,0,79900,79900,0,12.5,8.1,7.4,7.7,40.5,27,32.4
"2026/01/26","2026/01/28","3151","バイタルＫＳＫＨＤ","東証およびＰＴＳ",,"確報",300,200,3700,100,0,3700,0,429300,286200,5294700,143100,0,5294700,0,,,0,0,0,104400,104400,0,8.7,7.3,5.5,6.3,20.4,10.7,14.1
"2026/01/26","2026/01/28","3153","八洲電機","東証およびＰＴＳ",,"確報",200,0,12200,0,0,0,12200,629000,0,38369000,0,0,0,38369000,,,0,0,0,300000,0,0,53.9,49.4,59.3,53.9,0,0,0
"2026/01/26","2026/01/28","3154","メディアスＨＤ","東証およびＰＴＳ",,"確報",0,100,3300,0,200,3000,300,0,80100,2643300,0,160200,2403000,240300,,,0,0,0,98600,92800,0,71.6,83,83,83,78,52,62.4
"2026/01/26","2026/01/28","3156","レスター","東証およびＰＴＳ",,"確報",0,400,3400,500,100,2000,1400,0,1182400,10050400,1478000,295600,5912000,4138400,,,0,0,0,106400,44800,0,11,6.2,14.9,8.8,11.6,81,20.3
"2026/01/26","2026/01/28","3157","ジオリーブグループ","東証およびＰＴＳ",,"確報",0,0,2600,0,0,0,2600,0,0,4134000,0,0,0,4134000,,,0,0,0,0,0,0,67,67,67,67,0,0,0
"2026/01/26","2026/01/28","3159","丸善ＣＨＩＨＤ","東証およびＰＴＳ",,"確報",0,0,9200,100,1800,7300,1900,0,0,3155600,34300,617400,2503900,651700,,,0,0,9200,0,0,9000,40.6,0,26.1,52.2,70.7,21.2,32.6
"2026/01/26","2026/01/28","315A","ＧＸ銀行高配当日株","東証およびＰＴＳ",,"確報",1610,11767,21415,0,0,1800,19615,2389240,17462228,31779860,0,0,2671200,29108660,,,0,0,0,1483884,84600,0,6.6,4.9,8.3,6.2,0,0,0
"2026/01/26","2026/01/28","3160","大光","東証およびＰＴＳ",,"確報",0,2200,20800,0,700,34500,-13700,0,1265000,11960000,0,402500,19837500,-7877500,,,0,0,0,23000,35200,0,113.3,125,45,66.2,441,135.7,207.5
"2026/01/26","2026/01/28","3161","アゼアス","東証およびＰＴＳ",,"確報",100,0,4300,0,0,0,4300,65500,0,2816500,0,0,0,2816500,,,0,0,0,12600,0,0,19.4,11.5,61.3,19.4,0,0,0
"2026/01/26","2026/01/28","3166","ＯＣＨＩＨＤ","東証およびＰＴＳ",,"確報",100,0,1500,0,0,300,1200,148600,0,2229000,0,0,445800,1783200,,,0,0,0,19600,4200,0,9.3,6.9,9.5,8,0,17,34
"2026/01/26","2026/01/28","3167","ＴＯＫＡＩ　ＨＤ","東証およびＰＴＳ",,"確報",2600,4600,7800,100,8200,3800,4000,2990000,5290000,8970000,115000,9430000,4370000,4600000,,,0,0,0,166600,202300,0,4.1,3.8,4.7,4.2,4.4,3.5,3.9
"2026/01/26","2026/01/28","3168","ＭＥＲＦ","東証およびＰＴＳ",,"確報",14000,4000,83100,10000,0,83100,0,14756000,4216000,87587400,10540000,0,87587400,0,,,0,0,10965000,0,0,10965000,16.3,9.8,32,15,10.1,82.6,17.9
"2026/01/26","2026/01/28","3169","ミサワ","東証およびＰＴＳ",,"確報",0,0,600,0,0,0,600,0,0,420000,0,0,0,420000,,,0,0,1200,0,0,0,54,27,0,54,0,0,0
"2026/01/26","2026/01/28","316A","ｉＦＦＡＮＧ＋","東証およびＰＴＳ",,"確報",0,7320,169351,4140,0,17472,151879,0,16060080,371556094,9083160,0,38333568,333222526,,,0,0,0,8480208,639936,0,54.5,249.9,43.6,74.2,7.8,31,12.5
"2026/01/26","2026/01/28","3172","ティーライフ","東証およびＰＴＳ",,"確報",0,300,700,10700,100,30600,-29900,0,354300,826700,12636700,118100,36138600,-35311900,,,0,0,0,3000,60000,0,9,14.7,3.4,5.5,4.8,328.7,9.5
"2026/01/26","2026/01/28","3173","Ｃｏｍｉｎｉｘ","東証およびＰＴＳ",,"確報",0,0,300,0,0,0,300,0,0,272700,0,0,0,272700,,,0,0,900,0,0,0,0,0,0,0,0,0,0
"2026/01/26","2026/01/28","3174","ハピネスアンドディ","東証およびＰＴＳ",,"確報",1000,0,2600,0,0,0,2600,621000,0,1614600,0,0,0,1614600,,,0,0,0,3200,0,0,7,3.8,36.5,7,0,0,0
"2026/01/26","2026/01/28","3176","三洋貿易","東証およびＰＴＳ",,"確報",2100,0,8800,1000,0,7500,1300,3273900,0,13719200,1559000,0,11692500,2026700,,,0,0,0,93800,91000,0,11.2,6.1,16.1,8.9,9.3,51.3,15.8
"2026/01/26","2026/01/28","3177","ありがとうサービス","東証およびＰＴＳ",,"確報",0,100,600,0,0,0,600,0,372500,2235000,0,0,0,2235000,,,0,0,0,52500,0,0,18.5,37,12.3,18.5,0,0,0
"2026/01/26","2026/01/28","3178","チムニー","東証およびＰＴＳ",,"確報",0,100,4300,0,500,104300,-100000,0,128800,5538400,0,644000,134338400,-128800000,,,0,0,26400,0,0,628800,13,129,10.3,19.1,6.5,523.1,12.8
"2026/01/26","2026/01/28","3179","シュッピン","東証およびＰＴＳ",,"確報",100,3500,26200,0,1000,57100,-30900,119000,4165000,31178000,0,1190000,67949000,-36771000,,,0,0,0,651200,1278200,0,20.6,22,6.7,10.3,92.2,65.5,76.6
"2026/01/26","2026/01/28","3180","ビューティガレージ","東証およびＰＴＳ",,"確報",5400,100,38800,1400,0,34800,4000,7776000,144000,55872000,2016000,0,50112000,5760000,,,0,0,0,1005000,1002000,0,8.8,6,5,5.5,137.4,13,23.7
"2026/01/26","2026/01/28","3181","買取王国","東証およびＰＴＳ",,"確報",0,0,2700,0,0,0,2700,0,0,2365200,0,0,0,2365200,,,0,0,0,0,0,0,135,0,67.5,135,0,0,0
"2026/01/26","2026/01/28","3182","オイラ大地","東証およびＰＴＳ",,"確報",1300,200,72100,0,500,82500,-10400,1929200,296800,106996400,0,742000,122430000,-15433600,,,0,0,0,1633000,1909000,0,111.1,53.4,182.6,82.6,419.9,95.4,155.5
"2026/01/26","2026/01/28","3183","ウイン・パートナーズ","東証およびＰＴＳ",,"確報",300,400,3800,100,200,3800,0,402000,536000,5092000,134000,268000,5092000,0,,,0,0,0,85800,85800,0,23.2,17.9,17.9,17.9,32.8,32.8,32.8
"2026/01/26","2026/01/28","3184","ＩＣＤＡ　ＨＤ","東証およびＰＴＳ",,"確報",0,0,0,0,0,0,0,0,0,0,0,0,0,0,,,0,0,0,0,0,0,0,0,0,0,0,0,0
"2026/01/26","2026/01/28","3185","夢展望","東証およびＰＴＳ",,"確報",400,0,23500,0,0,0,23500,90000,0,5287500,0,0,0,5287500,,,0,0,0,115500,0,0,207.5,114.1,1141,207.5,0,0,0
"2026/01/26","2026/01/28","3186","ネクステージ","東証およびＰＴＳ",,"確報",1500,0,10600,400,9000,95900,-85300,5107500,0,36093000,1362000,30645000,326539500,-290446500,,,0,0,0,182000,2090000,0,13.3,7.3,60.4,13,35.6,8.2,13.3
"2026/01/26","2026/01/28","3187","ミラタップ","東証およびＰＴＳ",,"確報",700,800,8600,0,100,8600,0,182700,208800,2244600,0,26100,2244600,0,,,0,0,0,52200,52200,0,7.8,4.2,4.2,4.2,52.3,59.7,55.7
"2026/01/26","2026/01/28","3189","ＡＮＡＰ","東証およびＰＴＳ",,"確報",2400,3100,28200,0,0,0,28200,672000,868000,7896000,0,0,0,7896000,,,0,0,0,491300,0,0,24.4,19,34.2,24.4,0,0,0
"2026/01/26","2026/01/28","318A","ＶＩＸ先物ＥＴＦ","東証およびＰＴＳ",,"確報",59340,4160,897440,0,0,0,897440,31972392,2241408,483540672,0,0,0,483540672,,,0,0,1684520,0,0,0,9.1,5,52.6,9.1,0,0,0
"2026/01/26","2026/01/28","3190","ホットマン","東証およびＰＴＳ",,"確報",0,0,300,0,0,0,300,0,0,173700,0,0,0,173700,,,0,0,1200,0,0,0,0,0,0,0,0,0,0
"2026/01/26","2026/01/28","3191","ジョイフル本田","東証およびＰＴＳ",,"確報",200,100,8700,0,2800,28200,-19500,427600,213800,18600600,0,5986400,60291600,-41691000,,,0,0,0,60200,217000,0,11.3,2.4,2.5,2.5,45.6,50.3,47.8
"2026/01/26","2026/01/28","3192","白鳩","東証およびＰＴＳ",,"確報",0,300,1000,0,0,0,1000,0,87900,293000,0,0,0,293000,,,0,0,0,5200,0,0,9.4,6.7,15.7,9.4,0,0,0
"2026/01/26","2026/01/28","3193","エターナルホスピＧ","東証およびＰＴＳ",,"確報",0,2200,2200,18100,1200,51300,-49100,0,7612000,7612000,62626000,4152000,177498000,-169886000,,,0,0,0,22000,172000,0,6.8,23.1,4.1,7,3.5,93,6.7
"2026/01/26","2026/01/28","3195","ジェネレーションパス","東証およびＰＴＳ",,"確報",3000,1300,85400,1300,500,103300,-17900,1569000,679900,44664200,679900,261500,54025900,-9361700,,,0,0,0,1422900,1742500,0,68,43.9,66.2,52.8,51.6,319.4,88.9
"2026/01/26","2026/01/28","3196","ホットランドＨＤ","東証およびＰＴＳ",,"確報",3900,0,36500,100,1500,100800,-64300,7468500,0,69897500,191500,2872500,193032000,-123134500,,,0,0,0,847600,2657200,0,69,16.3,125.5,28.9,141.6,110.8,124.4
"2026/01/26","2026/01/28","3197","すかいらーくＨＤ","東証およびＰＴＳ",,"確報",30100,6800,47400,300,9400,75300,-27900,98577500,22270000,155235000,982500,30785000,246607500,-91372500,,,0,0,0,795300,2785200,0,4.5,2.3,3.2,2.7,6.7,8.6,7.5
"2026/01/26","2026/01/28","3198","ＳＦＰ","東証およびＰＴＳ",,"確報",0,300,1400,0,0,0,1400,0,671100,3131800,0,0,0,3131800,,,0,0,23800,0,0,0,12.7,12.7,12.7,12.7,0,0,0
"2026/01/26","2026/01/28","3199","綿半ホールディングス","東証およびＰＴＳ",,"確報",100,900,3600,0,800,3600,0,145000,1305000,5220000,0,1160000,5220000,0,,,0,0,0,193600,193600,0,31,72.3,19.7,31,72.3,19.7,31
"2026/01/26","2026/01/28","319A","技術承継機構","東証およびＰＴＳ",,"確報",800,100,6100,0,0,0,6100,8712000,1089000,66429000,0,0,0,66429000,,,0,0,2376000,0,0,0,12.3,9,19.4,12.3,0,0,0
"2026/01/26","2026/01/28","3201","日本毛織","東証およびＰＴＳ",,"確報",1200,0,15100,0,6200,76600,-61500,2272800,0,28599400,0,11742800,145080400,-116481000,,,0,0,0,569900,3394800,0,33.6,15.3,117,27,120.5,20.5,35
"2026/01/26","2026/01/28","3202","ダイトウボウ","東証およびＰＴＳ",,"確報",0,4200,18900,0,0,0,18900,0,541800,2438100,0,0,0,2438100,,,0,0,0,23100,0,0,10.6,7.1,20.7,10.6,0,0,0
"2026/01/26","2026/01/28","3204","トーア紡コーポ","東証およびＰＴＳ",,"確報",300,800,96900,100,0,4000,92900,152100,405600,49128300,50700,0,2028000,47100300,,,0,0,876600,0,0,35100,18,12.7,31.2,18.1,11.6,30.8,16.8
"2026/01/26","2026/01/28","3205","ダイドーリミテッド","東証およびＰＴＳ",,"確報",9500,10200,127800,300,1000,127800,0,12730000,13668000,171252000,402000,1340000,171252000,0,,,0,0,0,4240500,4240500,0,21.3,15.5,18,16.6,26.2,34.3,29.7
"2026/01/26","2026/01/28","3221","ヨシックスＨＤ","東証およびＰＴＳ",,"確報",0,0,2400,300,100,34900,-32500,0,0,7644000,955500,318500,111156500,-103512500,,,0,0,0,24000,347000,0,60.9,0,123,246,53.5,63,57.9
"2026/01/26","2026/01/28","3222","Ｕ．Ｓ．Ｍ．Ｈ","東証およびＰＴＳ",,"確報",0,500,14900,100,400,1300,13600,0,479000,14274200,95800,383200,1245400,13028800,,,0,0,138600,0,0,14400,9.3,10,11.2,10.5,8.6,3.4,4.9
"2026/01/26","2026/01/28","3223","エスエルディー","東証およびＰＴＳ",,"確報",0,0,1000,0,0,0,1000,0,0,1040000,0,0,0,1040000,,,0,0,0,4000,0,0,34,51,25.5,34,0,0,0
"2026/01/26","2026/01/28","3224","ゼネラル・オイスター","東証およびＰＴＳ",,"確報",0,200,1300,0,0,0,1300,0,167800,1090700,0,0,0,1090700,,,0,0,4500,0,0,0,47.3,71,35.5,47.3,0,0,0
"2026/01/26","2026/01/28","3226","Ｒ－三井不アコモ","東証およびＰＴＳ",,"確報",5,0,712,0,18,270,442,688000,0,97971200,0,2476800,37152000,60819200,,,0,0,0,636300,259200,0,10.5,4.6,82.7,8.7,16.9,24.9,20.2
"2026/01/26","2026/01/28","3231","野村不動産ＨＤ","東証およびＰＴＳ",,"確報",25700,0,69100,45500,100,88800,-19700,26419600,0,71034800,46774000,102800,91286400,-20251600,,,0,0,0,434000,434000,0,5.5,3.4,6.6,4.5,3.7,69.6,7.1
"2026/01/26","2026/01/28","3232","三重交通グループＨＤ","東証およびＰＴＳ",,"確報",1000,300,27600,0,0,17600,10000,556000,166800,15345600,0,0,9785600,5560000,,,0,0,0,403500,264000,0,74.2,44.9,62,52.1,221.8,177.4,197.1
"2026/01/26","2026/01/28","3234","Ｒ－森ヒルズ","東証およびＰＴＳ",,"確報",101,0,279,19,0,1149,-870,14766200,0,40789800,2777800,0,167983800,-127194000,,,0,0,0,249200,1582000,0,13.6,3.4,67.3,6.6,8.2,0,16.5
"2026/01/26","2026/01/28","3236","プロパスト","東証およびＰＴＳ",,"確報",0,3300,42800,0,0,0,42800,0,1221000,15836000,0,0,0,15836000,,,0,0,0,1060300,0,0,25.6,282.1,13.4,25.6,0,0,0
"2026/01/26","2026/01/28","3237","イントランス","東証およびＰＴＳ",,"確報",0,2000,133200,0,0,0,133200,0,134000,8924400,0,0,0,8924400,,,0,0,0,0,0,0,103.5,148.3,79.4,103.5,0,0,0
"2026/01/26","2026/01/28","3238","セントラル総合開発","東証およびＰＴＳ",,"確報",0,200,3500,0,0,0,3500,0,83600,1463000,0,0,0,1463000,,,0,0,0,7400,0,0,57.7,43.3,86.5,57.7,0,0,0
"2026/01/26","2026/01/28","323A","フライヤー","東証およびＰＴＳ",,"確報",0,0,2700,0,0,0,2700,0,0,1298700,0,0,0,1298700,,,0,0,0,21600,0,0,137,0,68.5,137,0,0,0
"2026/01/26","2026/01/28","3241","ウィル","東証およびＰＴＳ",,"確報",100,0,2300,0,0,500,1800,57700,0,1327100,0,0,288500,1038600,,,0,0,4400,0,0,1000,14.3,14.8,9.8,11.8,0,0,0
"2026/01/26","2026/01/28","3242","アーバネット","東証およびＰＴＳ",,"確報",500,0,18400,1400,400,13800,4600,283000,0,10414400,792400,226400,7810800,2603600,,,0,0,0,232700,166400,0,31.9,16.8,124.9,29.6,32.8,38.6,35.5
"2026/01/26","2026/01/28","3245","ディア・ライフ","東証およびＰＴＳ",,"確報",0,4000,61400,0,0,5400,56000,0,4644000,71285400,0,0,6269400,65016000,,,0,0,0,915600,75600,0,25.7,201.9,44.9,73.4,3.5,4.4,3.9
"2026/01/26","2026/01/28","3246","コーセーアールイー","東証およびＰＴＳ",,"確報",0,2000,5600,0,0,0,5600,0,1518000,4250400,0,0,0,4250400,,,0,0,0,7600,0,0,18.8,46.9,11.7,18.8,0,0,0
"2026/01/26","2026/01/28","3248","アールエイジ","東証およびＰＴＳ",,"確報",0,0,3100,0,0,0,3100,0,0,2666000,0,0,0,2666000,,,0,0,0,0,0,0,314,0,157,314,0,0,0
"2026/01/26","2026/01/28","3249","Ｒ－産業ファ","東証およびＰＴＳ",,"確報",2,3,223,0,1,223,0,308000,462000,34342000,0,154000,34342000,0,,,0,0,22400,0,0,22400,31.9,26.5,18.5,21.8,116.5,40.2,59.7
"2026/01/26","2026/01/28","324A","ブッキングリゾート","東証およびＰＴＳ",,"確報",0,300,10100,0,0,0,10100,0,312300,10514100,0,0,0,10514100,,,0,0,0,72800,0,0,44.5,42.7,46.5,44.5,0,0,0
"2026/01/26","2026/01/28","3252","地主","東証およびＰＴＳ",,"確報",0,1100,51000,0,6900,11500,39500,0,3443000,159630000,0,21597000,35995000,123635000,,,0,0,0,3386500,1196000,0,19.4,941.7,23.5,45.9,51.7,4.8,8.8
"2026/01/26","2026/01/28","325A","ＴＥＮＴＩＡＬ","東証およびＰＴＳ",,"確報",13900,13800,428600,100,0,428600,0,56781500,56373000,1750831000,408500,0,1750831000,0,,,0,0,10712500,0,0,10712500,99.8,87.7,35.7,50.7,9999.9,0,9999.9
"2026/01/26","2026/01/28","3261","グランディーズ","東証およびＰＴＳ",,"確報",300,0,7400,0,0,0,7400,165600,0,4084800,0,0,0,4084800,,,0,0,0,42600,0,0,79.6,51.1,179,79.6,0,0,0
"2026/01/26","2026/01/28","3266","ファンドクリエＧ","東証およびＰＴＳ",,"確報",1100,1000,163400,0,0,0,163400,102300,93000,15196200,0,0,0,15196200,,,0,0,163300,0,0,0,50.1,149.9,30.1,50.1,0,0,0
"2026/01/26","2026/01/28","3267","フィル・カンパニー","東証およびＰＴＳ",,"確報",600,0,7900,0,0,0,7900,645600,0,8500400,0,0,0,8500400,,,0,0,0,233600,0,0,38.3,24.3,91,38.3,0,0,0
"2026/01/26","2026/01/28","3269","Ｒ－ＡＤＲ","東証およびＰＴＳ",,"確報",1,1,118,5,1,40,78,170500,170500,20119000,852500,170500,6820000,13299000,,,0,0,0,94400,28800,0,20.1,16.7,83.4,27.8,31.6,7.1,11.6
"2026/01/26","2026/01/28","3271","ＴＨＥグローバル社","東証およびＰＴＳ",,"確報",800,0,3003500,0,100,9300,2994200,728000,0,2733185000,0,91000,8463000,2724722000,,,0,0,0,39035100,122200,0,9999.9,9999.9,9999.9,9999.9,95.2,95.2,95.2
"2026/01/26","2026/01/28","3276","ＪＰＭＣ","東証およびＰＴＳ",,"確報",600,0,11700,200,0,7000,4700,765600,0,14929200,255200,0,8932000,5997200,,,0,0,0,166500,102000,0,41.7,47,112.8,66.4,12.5,0,25
"2026/01/26","2026/01/28","3277","サンセイランディック","東証およびＰＴＳ",,"確報",0,0,2900,0,100,2100,800,0,0,3886000,0,134000,2814000,1072000,,,0,0,0,113100,85800,0,71.1,143,0,286,35.3,35.3,35.3
"2026/01/26","2026/01/28","3279","アクティビア・プロパ","東証およびＰＴＳ",,"確報",7,160,36,0,1,188,-152,1010100,23088000,5194800,0,144300,27128400,-21933600,,,0,0,0,264600,264600,0,3,1.2,0.9,1,237,237,237
"2026/01/26","2026/01/28","3280","エストラスト","東証およびＰＴＳ",,"確報",0,0,5800,0,0,0,5800,0,0,6612000,0,0,0,6612000,,,0,0,0,5800,0,0,40.7,21.9,285,40.7,0,0,0
"2026/01/26","2026/01/28","3281","ＧＬＰ投法人投資証券","東証およびＰＴＳ",,"確報",15,12,493,0,2,66,427,2154000,1723200,70794800,0,287200,9477600,61317200,,,0,0,0,686000,95200,0,9.8,7.3,24.8,11.3,5.4,5.7,5.5
"2026/01/26","2026/01/28","3282","コンフォリアレジデン","東証およびＰＴＳ",,"確報",8,0,43,22,4,53,-10,2704000,0,14534000,7436000,1352000,17914000,-3380000,,,0,0,0,105000,105000,0,5.8,4,5.3,4.5,5.4,14.4,7.9
"2026/01/26","2026/01/28","3283","日本プロロジスリート","東証およびＰＴＳ",,"確報",0,0,178,55,3,132,46,0,0,16287000,5032500,274500,12078000,4209000,,,0,0,35600,0,0,16000,4.4,4.9,4.8,4.9,5.6,2.9,3.8
"2026/01/26","2026/01/28","3284","フージャースＨＤ","東証およびＰＴＳ",,"確報",0,2500,117800,0,100,2900,114900,0,3302500,155613800,0,132100,3830900,151782900,,,0,0,0,1924800,48000,0,29.1,17,90.4,28.6,74.5,74.5,74.5
"2026/01/26","2026/01/28","3286","トラストホールディン","東証およびＰＴＳ",,"確報",0,0,500,0,0,0,500,0,0,506000,0,0,0,506000,,,0,0,0,2000,0,0,44,22,0,44,0,0,0
"2026/01/26","2026/01/28","3287","星野リゾート・リート","東証およびＰＴＳ",,"確報",9,0,102,0,0,32,70,2297700,0,26040600,0,0,8169600,17871000,,,0,0,0,418500,144000,0,18.4,12.3,43.6,19.2,16.5,16.5,16.5
"2026/01/26","2026/01/28","3288","オープンハウスＧ","東証およびＰＴＳ",,"確報",0,0,1400,1600,1400,41500,-40100,0,0,12843600,14678400,12843600,380721000,-367877400,,,0,0,0,186200,5492900,0,25,3.8,17.7,6.2,27.2,26.8,27
"2026/01/26","2026/01/28","3289","東急不動産ＨＤ","東証およびＰＴＳ",,"確報",16400,20700,40400,0,4300,40400,0,23583200,29766600,58095200,0,6183400,58095200,0,,,0,0,0,625800,625800,0,7.1,4.7,3.9,4.3,41.3,14.2,21.1
"2026/01/26","2026/01/28","328A","ＧＸ価格パワー日株","東証およびＰＴＳ",,"確報",0,0,0,0,0,0,0,0,0,0,0,0,0,0,,,0,0,0,0,0,0,0,0,0,0,0,0,0
"2026/01/26","2026/01/28","3290","Ｒ－Ｏｎｅリート","東証およびＰＴＳ",,"確報",8,4,524,0,0,7,517,721600,360800,47264800,0,0,631400,46633400,,,0,0,0,520000,7000,0,28.4,21.5,40.1,28,0,0,0
"2026/01/26","2026/01/28","3291","飯田グループＨＤ","東証およびＰＴＳ",,"確報",400,1800,10300,3500,200,22400,-12100,1020200,4590900,26270150,8926750,510100,57131200,-30861050,,,0,0,0,274950,448850,0,15.1,18.2,12.2,14.6,8.2,132.3,15.4
"2026/01/26","2026/01/28","3292","イオンリート投資法人","東証およびＰＴＳ",,"確報",1,0,78,0,2,37,41,136100,0,10615800,0,272200,5035700,5580100,,,0,0,0,61600,31200,0,36.4,135.3,16.2,29,97.5,65,78
"2026/01/26","2026/01/28","3293","アズマハウス","東証およびＰＴＳ",,"確報",0,0,400,0,0,0,400,0,0,315200,0,0,0,315200,,,0,0,1200,0,0,0,0,0,0,0,0,0,0
"2026/01/26","2026/01/28","3294","イーグランド","東証およびＰＴＳ",,"確報",200,100,2400,100,0,2400,0,414400,207200,4972800,207200,0,4972800,0,,,0,0,0,20700,20700,0,30.8,19.3,19.3,19.3,57.5,115,76.7
"2026/01/26","2026/01/28","3295","ヒューリックリート","東証およびＰＴＳ",,"確報",9,0,103,0,0,29,74,1566000,0,17922000,0,0,5046000,12876000,,,0,0,0,47000,14500,0,16.4,7.2,53.6,12.6,72.5,0,145
"2026/01/26","2026/01/28","3296","Ｒ－日本リート","東証およびＰＴＳ",,"確報",68,2,629,0,1,7,622,6555200,192800,60635600,0,96400,674800,59960800,,,0,0,0,281500,4000,0,31.4,17.6,144.3,31.3,0,20.5,41
"2026/01/26","2026/01/28","3297","東武住販","東証およびＰＴＳ",,"確報",0,0,5600,0,0,0,5600,0,0,6955200,0,0,0,6955200,,,0,0,0,44800,0,0,19.5,11.7,58.6,19.5,0,0,0
"2026/01/26","2026/01/28","3299","ムゲンエステート","東証およびＰＴＳ",,"確報",0,300,64000,0,0,52400,11600,0,583500,124480000,0,0,101918000,22562000,,,0,0,0,2057600,1676800,0,315.6,321.4,160.7,214.3,0,374.9,749.7
"2026/01/26","2026/01/28","3300","アンビションＤＸ","東証およびＰＴＳ",,"確報",0,600,42200,0,0,0,42200,0,1380600,97102200,0,0,0,97102200,,,0,0,856000,0,0,0,146.6,151.9,141.7,146.6,0,0,0
"2026/01/26","2026/01/28","3302","帝国繊維","東証およびＰＴＳ",,"確報",3500,0,16400,0,700,23400,-7000,10675000,0,50020000,0,2135000,71370000,-21350000,,,0,0,0,1870500,3494500,0,20.2,6.8,15.4,9.5,39.3,73.7,51.3
"2026/01/26","2026/01/28","3306","日本製麻","東証およびＰＴＳ",,"確報",0,0,487400,0,0,0,487400,0,0,344104400,0,0,0,344104400,,,0,0,0,487400,0,0,9999.9,0,8125.3,9999.9,0,0,0
"2026/01/26","2026/01/28","3309","積水ハウスリート","東証およびＰＴＳ",,"確報",0,4,212,0,2,62,150,0,363600,19270800,0,181800,5635800,13635000,,,0,0,0,172800,51200,0,26.6,16.7,42,23.9,55.3,33.2,41.5
"2026/01/26","2026/01/28","330A","ＴａｌｅｎｔＸ","東証およびＰＴＳ",,"確報",100,400,14100,0,0,0,14100,89100,356400,12563100,0,0,0,12563100,,,0,0,0,417600,0,0,32.5,764,16.6,32.5,0,0,0
"2026/01/26","2026/01/28","3315","日本コークス工業","東証およびＰＴＳ",,"確報",32000,22000,151800,10600,600,151800,0,3264000,2244000,15483600,1081200,61200,15483600,0,,,0,0,0,709000,709000,0,6.8,5.2,16.3,7.9,11.1,4.3,6.2
"2026/01/26","2026/01/28","3317","フライングガーデン","東証およびＰＴＳ",,"確報",0,0,300,0,0,0,300,0,0,486300,0,0,0,486300,,,0,0,900,0,0,0,0,0,0,0,0,0,0
"2026/01/26","2026/01/28","331A","メディックス","東証およびＰＴＳ",,"確報",0,400,4800,0,0,0,4800,0,213200,2558400,0,0,0,2558400,,,0,0,0,67600,0,0,24.2,42.3,16.9,24.2,0,0,0
"2026/01/26","2026/01/28","3320","クロスプラス","東証およびＰＴＳ",,"確報",2700,8100,22800,6600,1000,36900,-14100,3920400,11761200,33105600,9583200,1452000,53578800,-20473200,,,0,0,733200,0,0,813800,12,35.9,13.9,20.1,4.5,106.7,8.6
"2026/01/26","2026/01/28","3321","ミタチ産業","東証およびＰＴＳ",,"確報",100,100,11800,0,0,0,11800,216000,216000,25488000,0,0,0,25488000,,,0,0,0,932200,0,0,16,66.4,9.1,16,0,0,0
"2026/01/26","2026/01/28","3323","レカム","東証およびＰＴＳ",,"確報",21600,24600,770900,0,0,0,770900,2354400,2681400,84028100,0,0,0,84028100,,,0,0,0,1547800,0,0,8,5.3,16.5,8,0,0,0
"2026/01/26","2026/01/28","3326","ランシステム","東証およびＰＴＳ",,"確報",300,100,1800,0,0,0,1800,240900,80300,1445400,0,0,0,1445400,,,0,0,0,0,0,0,14,9.6,25.7,14,0,0,0
"2026/01/26","2026/01/28","3329","東和フードサービス","東証およびＰＴＳ",,"確報",0,100,4100,0,100,4100,0,0,211100,8655100,0,211100,8655100,0,,,0,0,0,0,0,0,35.7,26.8,19.5,22.5,214,53.5,85.6
"2026/01/26","2026/01/28","332A","ミーク","東証およびＰＴＳ",,"確報",200,2700,34300,0,0,0,34300,272400,3677400,46716600,0,0,0,46716600,,,0,0,0,1361600,0,0,28.6,41.9,21.7,28.6,0,0,0
"2026/01/26","2026/01/28","3333","あさひ","東証およびＰＴＳ",,"確報",800,1600,13900,0,2300,13900,0,1037600,2075200,18028300,0,2983100,18028300,0,,,0,0,0,191100,210600,0,3.4,2.1,1.8,1.9,839,10.4,20.5
"2026/01/26","2026/01/28","3349","コスモス薬品","東証およびＰＴＳ",,"確報",600,3100,42800,1400,0,3300,39500,4159800,21492300,296732400,9706200,0,22878900,273853500,,,0,0,9286500,0,0,389500,19.1,28.3,19.3,22.9,6.1,3.9,4.7
"2026/01/26","2026/01/28","334A","ＶＰＪ","東証およびＰＴＳ",,"確報",0,0,5500,0,0,0,5500,0,0,11159500,0,0,0,11159500,,,0,0,0,165000,0,0,42.6,92.3,27.7,42.6,0,0,0
"2026/01/26","2026/01/28","3350","メタプラネット","東証およびＰＴＳ",,"確報",148300,3500,4703200,0,0,0,4703200,70590800,1666000,2238723200,0,0,0,2238723200,,,0,0,0,164102400,0,0,71.8,52.1,115.6,71.8,0,0,0
"2026/01/26","2026/01/28","3352","バッファロー","東証およびＰＴＳ",,"確報",0,0,600,0,0,0,600,0,0,972000,0,0,0,972000,,,0,0,0,11400,0,0,56,28,0,56,0,0,0
"2026/01/26","2026/01/28","3353","メディ一光Ｇ","東証およびＰＴＳ",,"確報",0,0,1800,0,0,0,1800,0,0,5383800,0,0,0,5383800,,,0,0,48600,0,0,0,25.7,12.9,0,25.7,0,0,0
"2026/01/26","2026/01/28","3355","クリヤマＨＤ","東証およびＰＴＳ",,"確報",0,800,9400,0,0,0,9400,0,1362400,16008200,0,0,0,16008200,,,0,0,0,397800,0,0,36.7,41.3,33.1,36.7,0,0,0
"2026/01/26","2026/01/28","3358","Ｔｒａｉｌｈｅａｄ","東証およびＰＴＳ",,"確報",0,0,291900,0,0,0,291900,0,0,28606200,0,0,0,28606200,,,0,0,291900,0,0,0,1083.6,0,541.8,1083.6,0,0,0
"2026/01/26","2026/01/28","3359","ｃｏｔｔａ","東証およびＰＴＳ",,"確報",300,0,25400,0,0,2000,23400,150000,0,12700000,0,0,1000000,11700000,,,0,0,0,125500,10000,0,33,48.4,38.5,42.9,112,4.7,9
"2026/01/26","2026/01/28","335A","ミライロ","東証およびＰＴＳ",,"確報",0,600,1300,0,0,0,1300,0,246000,533000,0,0,0,533000,,,0,0,0,13300,0,0,23,0,11.5,23,0,0,0
"2026/01/26","2026/01/28","3360","シップヘルスケアＨＤ","東証およびＰＴＳ",,"確報",200,0,2100,100,600,7300,-5200,537300,0,5641650,268650,1611900,19611450,-13969800,,,0,0,0,80750,331500,0,15.6,32.3,32.3,32.3,11.8,16.4,13.7
"2026/01/26","2026/01/28","3361","トーエル","東証およびＰＴＳ",,"確報",0,0,300,0,0,0,300,0,0,257400,0,0,0,257400,,,0,0,600,0,0,0,0,0,0,0,0,0,0
"2026/01/26","2026/01/28","336A","ダイナミクマップ","東証およびＰＴＳ",,"確報",7300,0,107000,0,0,0,107000,4482200,0,65698000,0,0,0,65698000,,,0,0,0,3988000,0,0,28.4,23.2,36.5,28.4,0,0,0
"2026/01/26","2026/01/28","3370","フジタコーポ","東証およびＰＴＳ",,"確報",0,1300,7000,0,0,0,7000,0,561600,3024000,0,0,0,3024000,,,0,0,0,8300,0,0,12.5,12.9,12.1,12.5,0,0,0
"2026/01/26","2026/01/28","3371","ソフトクリエイトＨＤ","東証およびＰＴＳ",,"確報",0,0,7600,0,0,3700,3900,0,0,15990400,0,0,7784800,8205600,,,0,0,0,471200,229400,0,10.1,5.1,11.1,7,92,184,122.7
"2026/01/26","2026/01/28","3372","関門海","東証およびＰＴＳ",,"確報",0,1400,9500,0,0,0,9500,0,319200,2166000,0,0,0,2166000,,,0,0,0,10900,0,0,13.2,10.4,18.1,13.2,0,0,0
"2026/01/26","2026/01/28","3374","内外テック","東証およびＰＴＳ",,"確報",500,300,2400,200,0,2400,0,1235000,741000,5928000,494000,0,5928000,0,,,0,0,22000,0,0,22000,7.5,3.8,20.8,6.4,4.6,0,9.2
"2026/01/26","2026/01/28","3375","ＺＯＡ","東証およびＰＴＳ",,"確報",0,0,200,0,0,0,200,0,0,373600,0,0,0,373600,,,0,0,0,6000,0,0,11,11,11,11,0,0,0
"2026/01/26","2026/01/28","3377","バイク王＆カンパニー","東証およびＰＴＳ",,"確報",200,0,6700,0,0,0,6700,81000,0,2713500,0,0,0,2713500,,,0,0,0,13000,0,0,163,108.7,326,163,0,0,0
"2026/01/26","2026/01/28","3382","セブン＆アイＨＤ","東証およびＰＴＳ",,"確報",2600,400,111100,2500,0,2800,108300,5708300,878200,243920050,5488750,0,6147400,237772650,,,0,0,0,2613600,7200,0,5.8,10.8,4.2,6.1,2.3,1.3,1.7
"2026/01/26","2026/01/28","3386","コスモ・バイオ","東証およびＰＴＳ",,"確報",0,100,2800,0,0,700,2100,0,131500,3682000,0,0,920500,2761500,,,0,0,0,40600,9800,0,23.8,73,24.3,36.5,22,7.3,11
"2026/01/26","2026/01/28","3387","クリエイトレストラン","東証およびＰＴＳ",,"確報",57600,51200,285700,6400,0,285700,0,43315200,38502400,214846400,4812800,0,214846400,0,,,0,0,279300,0,0,279300,9.8,4.8,6,5.4,31.6,259.4,56.3
"2026/01/26","2026/01/28","3388","明治電機工業","東証およびＰＴＳ",,"確報",0,200,2600,200,400,2600,0,0,474400,6167200,474400,948800,6167200,0,,,0,0,0,142800,142800,0,14.6,10.3,41.3,16.5,8.9,24.8,13.1
"2026/01/26","2026/01/28","338A","ＺｅｎｍｕＴｅｃｈ","東証およびＰＴＳ",,"確報",200,3200,25100,0,0,0,25100,1182000,18912000,148341000,0,0,0,148341000,,,0,0,0,4215000,0,0,24.9,57.9,15.9,24.9,0,0,0
"2026/01/26","2026/01/28","3391","ツルハＨＤ","東証およびＰＴＳ",,"確報",1100,3300,21800,0,0,0,21800,2796200,8388600,55415600,0,0,0,55415600,,,0,0,168000,0,0,0,9.8,14.2,7.5,9.8,0,0,0
"2026/01/26","2026/01/28","3392","デリカフーズＨＤ","東証およびＰＴＳ",,"確報",600,200,6800,0,0,0,6800,543000,181000,6154000,0,0,0,6154000,,,0,0,0,121600,0,0,3,16.2,1.6,3,0,0,0
"2026/01/26","2026/01/28","3393","スターティアＨＤ","東証およびＰＴＳ",,"確報",400,200,1500,0,100,200,1300,1155200,577600,4332000,0,288800,577600,3754400,,,0,0,0,81900,18900,0,12.3,10.5,31.5,15.8,11,3.7,5.5
"2026/01/26","2026/01/28","3395","サンマルクＨＤ","東証およびＰＴＳ",,"確報",300,1200,1800,0,900,1800,0,848100,3392400,5088600,0,2544300,5088600,0,,,0,0,0,64800,64800,0,6.9,5,6.7,5.7,7.1,11.1,8.7
"2026/01/26","2026/01/28","3396","フェリシモ","東証およびＰＴＳ",,"確報",0,100,200,0,0,0,200,0,85700,171400,0,0,0,171400,,,0,0,0,900,0,0,4.4,5.5,3.7,4.4,0,0,0
"2026/01/26","2026/01/28","3397","トリドールＨＤ","東証およびＰＴＳ",,"確報",800,400,9800,2300,600,9800,0,3397600,1698800,41620600,9768100,2548200,41620600,0,,,0,0,432400,0,0,372600,18.7,20.8,34.2,25.9,9,31.3,14
"2026/01/26","2026/01/28","3399","丸千代山岡家","東証およびＰＴＳ",,"確報",7500,2900,58600,4700,100,58600,0,24225000,9367000,189278000,15181000,323000,189278000,0,,,0,0,0,0,0,0,34.1,17.3,24.9,20.4,53.8,1371.5,103.5
"2026/01/26","2026/01/28","339A","プログレス","東証およびＰＴＳ",,"確報",300,400,15100,0,0,0,15100,451800,602400,22740600,0,0,0,22740600,,,0,0,91200,0,0,0,9.1,6,18.1,9.1,0,0,0
"2026/01/26","2026/01/28","3401","帝人","東証およびＰＴＳ",,"確報",11400,9800,38700,2100,500,38700,0,16655400,14317800,56540700,3068100,730500,56540700,0,,,0,0,0,612150,612150,0,10,6,6.1,6,29.1,30.4,29.7
"2026/01/26","2026/01/28","3402","東レ","東証およびＰＴＳ",,"確報",4200,14400,107100,14000,2000,39300,67800,4764900,16336800,121504950,15883000,2269000,44585850,76919100,,,0,0,0,2815200,655200,0,11.6,13.6,18.5,15.7,4.7,7.7,5.8
"2026/01/26","2026/01/28","3405","クラレ","東証およびＰＴＳ",,"確報",300,6200,42600,2800,0,10000,32600,495150,10233100,70311300,4621400,0,16505000,53806300,,,0,0,0,1309500,194400,0,11.3,20,20.1,20,4.5,3.6,4
"2026/01/26","2026/01/28","3407","旭化成","東証およびＰＴＳ",,"確報",6600,15100,59700,1200,200,30600,29100,9797700,22415950,88624650,1781400,296900,45425700,43198950,,,0,0,0,2830300,1228400,0,7.2,14.1,11.4,12.6,4.6,3.5,4
"2026/01/26","2026/01/28","3409","北紡","東証およびＰＴＳ",,"確報",0,0,952700,0,0,0,952700,0,0,133378000,0,0,0,133378000,,,0,0,8574300,0,0,0,0,0,0,0,0,0,0
"2026/01/26","2026/01/28","340A","ジグザグ","東証およびＰＴＳ",,"確報",2200,0,38600,0,0,0,38600,842600,0,14783800,0,0,0,14783800,,,0,0,0,327600,0,0,71.8,37.4,898,71.8,0,0,0
"2026/01/26","2026/01/28","3415","ＴＯＫＹＯ　ＢＡＳＥ","東証およびＰＴＳ",,"確報",10600,2400,113000,7000,700,22200,90800,4589800,1039200,48929000,3031000,303100,9612600,39316400,,,0,0,0,209600,31800,0,17.4,15,24.6,18.6,11.9,13.7,12.7
"2026/01/26","2026/01/28","3416","ピクスタ","東証およびＰＴＳ",,"確報",0,0,1800,0,0,0,1800,0,0,1681200,0,0,0,1681200,,,0,0,12600,0,0,0,182,0,91,182,0,0,0
"2026/01/26","2026/01/28","3417","大木ヘルスケア","東証およびＰＴＳ",,"確報",12000,0,373400,0,0,0,373400,17280000,0,537696000,0,0,0,537696000,,,0,0,3614000,0,0,0,124.4,62.7,8959,124.4,0,0,0
"2026/01/26","2026/01/28","3418","バルニバービ","東証およびＰＴＳ",,"確報",0,1700,30700,0,0,0,30700,0,1864900,33677900,0,0,0,33677900,,,0,0,0,32400,0,0,10,10.7,9.4,10,0,0,0
"2026/01/26","2026/01/28","341A","トヨコー","東証およびＰＴＳ",,"確報",0,300,33600,0,0,0,33600,0,658500,73752000,0,0,0,73752000,,,0,0,0,847500,0,0,65.2,101.6,48,65.2,0,0,0
"2026/01/26","2026/01/28","3420","ケー・エフ・シー","東証およびＰＴＳ",,"確報",0,100,200,0,0,0,200,0,162200,324400,0,0,0,324400,,,0,0,0,3600,0,0,11,11,11,11,0,0,0
"2026/01/26","2026/01/28","3421","稲葉製作所","東証およびＰＴＳ",,"確報",0,300,1800,0,0,0,1800,0,485100,2910600,0,0,0,2910600,,,0,0,0,21000,0,0,40.8,102,25.5,40.8,0,0,0
"2026/01/26","2026/01/28","3422","Ｊ－ＭＡＸ","東証およびＰＴＳ",,"確報",0,300,15600,0,100,800,14800,0,140100,7285200,0,46700,373600,6911600,,,0,0,0,190800,10800,0,17.2,9.9,156.5,18.7,4.5,18,7.2
"2026/01/26","2026/01/28","3423","エスイー","東証およびＰＴＳ",,"確報",0,200,21500,0,0,1300,20200,0,56600,6084500,0,0,367900,5716600,,,0,0,0,0,0,0,163.3,539,134.8,215.6,0,16.3,32.5
"2026/01/26","2026/01/28","3426","アトムリビンテック","東証およびＰＴＳ",,"確報",0,0,4000,0,0,0,4000,0,0,5236000,0,0,0,5236000,,,0,0,0,24000,0,0,36,18,0,36,0,0,0
"2026/01/26","2026/01/28","3431","宮地エンジニアリング","東証およびＰＴＳ",,"確報",600,700,15100,300,400,15100,0,1167000,1361500,29369500,583500,778000,29369500,0,,,0,0,0,532000,532000,0,27.8,19.9,18.5,19.2,55.6,45.8,50.2
"2026/01/26","2026/01/28","3433","トーカロ","東証およびＰＴＳ",,"確報",100,1600,26500,5200,0,20900,5600,248000,3968000,65720000,12896000,0,51832000,13888000,,,0,0,0,1176000,659400,0,20.5,17.4,61.8,27.1,9.8,30.1,14.8
"2026/01/26","2026/01/28","3434","アルファＣｏ","東証およびＰＴＳ",,"確報",0,0,800,0,0,0,800,0,0,1021600,0,0,0,1021600,,,0,0,0,10400,0,0,0,0,0,0,0,0,0
"2026/01/26","2026/01/28","3435","サンコーテクノ","東証およびＰＴＳ",,"確報",0,0,900,0,0,0,900,0,0,1232100,0,0,0,1232100,,,0,0,0,18900,0,0,43,43,43,43,0,0,0
"2026/01/26","2026/01/28","3436","ＳＵＭＣＯ","東証およびＰＴＳ",,"確報",19700,200,228600,27800,13300,101500,127100,30820650,312900,357644700,43493100,20807850,158796750,198847950,,,0,0,0,21223650,8830500,0,10,14.2,16,15.1,4.9,7,5.8
"2026/01/26","2026/01/28","3437","特殊電極","東証およびＰＴＳ",,"確報",0,0,500,0,0,0,500,0,0,1750000,0,0,0,1750000,,,0,0,0,40000,0,0,0,0,0,0,0,0,0
"2026/01/26","2026/01/28","3439","三ツ知","東証およびＰＴＳ",,"確報",800,0,3800,0,0,0,3800,514400,0,2443400,0,0,0,2443400,,,0,0,9000,0,0,0,39.5,19.8,0,39.5,0,0,0
"2026/01/26","2026/01/28","343A","ＩＡＣＥトラベル","東証およびＰＴＳ",,"確報",100,100,3800,0,0,0,3800,139000,139000,5282000,0,0,0,5282000,,,0,0,0,148200,0,0,37,37,37,37,0,0,0
"2026/01/26","2026/01/28","3440","日創グループ","東証およびＰＴＳ",,"確報",0,0,2900,0,0,0,2900,0,0,2842000,0,0,0,2842000,,,0,0,0,17400,0,0,288,144,0,288,0,0,0
"2026/01/26","2026/01/28","3441","山王","東証およびＰＴＳ",,"確報",0,0,9300,0,0,0,9300,0,0,10639200,0,0,0,10639200,,,0,0,0,27900,0,0,187.6,156.3,234.5,187.6,0,0,0
"2026/01/26","2026/01/28","3443","川田テクノロジーズ","東証およびＰＴＳ",,"確報",6700,6300,16100,300,6000,10000,6100,32361000,30429000,77763000,1449000,28980000,48300000,29463000,,,0,0,0,5338000,5338000,0,10.7,7.3,8.8,7.9,36.1,11.1,16.9
"2026/01/26","2026/01/28","3444","菊池製作所","東証およびＰＴＳ",,"確報",5300,4000,47600,3000,1700,47600,0,5543800,4184000,49789600,3138000,1778200,49789600,0,,,0,0,1574200,0,0,1574200,14.3,10.3,22.8,14.1,9,35.7,14.4
"2026/01/26","2026/01/28","3445","ＲＳＴＥＣＨ","東証およびＰＴＳ",,"確報",1200,0,7300,700,0,700,6600,4560000,0,27740000,2660000,0,2660000,25080000,,,0,0,0,610000,0,0,12.7,8.6,71,15.4,1,3.5,1.6
"2026/01/26","2026/01/28","3446","ＪＴＥＣＣＯＲＰ","東証およびＰＴＳ",,"確報",0,4400,42700,2700,100,64300,-21600,0,5574800,54100900,3420900,126700,81468100,-27367200,,,0,0,0,3909300,5121100,0,47.5,81.4,25.1,38.4,30.2,763.5,58.2
"2026/01/26","2026/01/28","3447","信和","東証およびＰＴＳ",,"確報",0,500,7200,0,0,0,7200,0,470000,6768000,0,0,0,6768000,,,0,0,0,115500,0,0,52.3,45.8,61,52.3,0,0,0
"2026/01/26","2026/01/28","3449","テクノフレックス","東証およびＰＴＳ",,"確報",300,400,5800,900,0,2600,3200,681000,908000,13166000,2043000,0,5902000,7264000,,,0,0,0,401200,115600,0,13.2,104.3,20.9,34.8,2.4,4.8,3.2
"2026/01/26","2026/01/28","3451","Ｒ－トーセイ・リート","東証およびＰＴＳ",,"確報",0,3,54,0,0,0,54,0,435600,7840800,0,0,0,7840800,,,0,0,0,11400,0,0,78.9,69,92,78.9,0,0,0
"2026/01/26","2026/01/28","3452","ビーロット","東証およびＰＴＳ",,"確報",5600,100,84100,0,0,2200,81900,8293600,148100,124552100,0,0,3258200,121293900,,,0,0,0,786000,22000,0,31.5,25.9,38.8,31,54.5,109,72.7
"2026/01/26","2026/01/28","3454","ファーストブラザーズ","東証およびＰＴＳ",,"確報",5000,0,11500,0,100,300,11200,5915000,0,13604500,0,118300,354900,13249600,,,0,0,45500,0,0,2800,4.6,2.3,0,4.5,5.8,4.6,5.1
"2026/01/26","2026/01/28","3455","ＨＣＭ","東証およびＰＴＳ",,"確報",43,4,300,1,1,8,292,5258900,489200,36690000,122300,122300,978400,35711600,,,0,0,0,130500,4000,0,27.8,23.3,44.3,30.5,14.8,6.6,9.1
"2026/01/26","2026/01/28","3457","Ａｎｄ　Ｄｏ　ＨＬＤ","東証およびＰＴＳ",,"確報",400,0,41400,1900,0,27200,14200,439600,0,45498600,2088100,0,29892800,15605800,,,0,0,0,82000,50600,0,50.9,95.9,503.5,161.1,13.7,103.8,24.2
"2026/01/26","2026/01/28","3459","サムティレジ","東証およびＰＴＳ",,"確報",1,0,113,1,0,5,108,118700,0,13413100,118700,0,593500,12819600,,,0,0,0,67200,2400,0,32.7,31.5,56.7,40.5,19,5.4,8.4
"2026/01/26","2026/01/28","345A","高配当成長ＥＴＮ","東証およびＰＴＳ",,"確報",0,0,2,0,0,0,2,0,0,27890,0,0,0,27890,,,0,0,0,390,0,0,8,4,0,8,0,0,0
"2026/01/26","2026/01/28","3461","パルマ","東証およびＰＴＳ",,"確報",0,0,1000,0,0,0,1000,0,0,549000,0,0,0,549000,,,0,0,0,2000,0,0,0,0,0,0,0,0,0
"2026/01/26","2026/01/28","3462","野村不動産マスターＦ","東証およびＰＴＳ",,"確報",11,0,51,0,2,36,15,1851300,0,8583300,0,336600,6058800,2524500,,,0,0,0,76000,72200,0,4.8,3.6,4.2,3.9,9.6,5,6.6
"2026/01/26","2026/01/28","3463","いちごホテルリート","東証およびＰＴＳ",,"確報",6,16,181,0,0,0,181,765600,2041600,23095600,0,0,0,23095600,,,0,0,0,95500,0,0,39.9,42.6,37.5,39.9,0,0,0
"2026/01/26","2026/01/28","3465","ケイアイスター不動産","東証およびＰＴＳ",,"確報",0,100,6700,1300,2500,5000,1700,0,630000,42210000,8190000,15750000,31500000,10710000,,,0,0,0,1564000,1426000,0,15,85.5,48.9,62.2,11,6.4,8.1
"2026/01/26","2026/01/28","3466","ラサールロジ投資法人","東証およびＰＴＳ",,"確報",1,48,63,3,1,39,24,156600,7516800,9865800,469800,156600,6107400,3758400,,,0,0,110000,0,0,37000,10.8,7.8,9,8.4,37.8,31.5,34.4
"2026/01/26","2026/01/28","3467","アグレ都市デザイン","東証およびＰＴＳ",,"確報",0,200,4100,0,0,0,4100,0,505200,10356600,0,0,0,10356600,,,0,0,0,206400,0,0,213,0,106.5,213,0,0,0
"2026/01/26","2026/01/28","3468","スターアジア投資法人","東証およびＰＴＳ",,"確報",6,3,490,1,1,13,477,369000,184500,30135000,61500,61500,799500,29335500,,,0,0,0,146100,3900,0,25.7,25.3,26.9,26.1,16.8,16.8,16.8
"2026/01/26","2026/01/28","3469","デュアルタップ","東証およびＰＴＳ",,"確報",0,0,1100,0,0,0,1100,0,0,1056000,0,0,0,1056000,,,0,0,0,0,0,0,0,0,0,0,0,0,0
"2026/01/26","2026/01/28","346A","Ｓ＆Ｐ５００半導体","東証およびＰＴＳ",,"確報",240,70,4663,0,0,0,4663,841680,245490,16353141,0,0,0,16353141,,,0,0,0,507709,0,0,7,3.8,43.9,7,0,0,0
"2026/01/26","2026/01/28","3470","マリモ地方創生リート","東証およびＰＴＳ",,"確報",0,8,264,0,0,0,264,0,850400,28063200,0,0,0,28063200,,,0,0,0,217600,0,0,15.3,16.7,14.1,15.3,0,0,0
"2026/01/26","2026/01/28","3471","三井不ロジパーク","東証およびＰＴＳ",,"確報",0,0,169,2,1,51,118,0,0,19942000,236000,118000,6018000,13924000,,,0,0,0,219700,65000,0,14.3,209.5,52.4,83.8,60.6,2.2,4.3
"2026/01/26","2026/01/28","3472","Ｒ－日本ホテル＆レジ","東証およびＰＴＳ",,"確報",0,0,474,0,0,0,474,0,0,35692200,0,0,0,35692200,,,0,0,0,237000,0,0,203.6,101.8,0,203.6,0,0,0
"2026/01/26","2026/01/28","3474","Ｇ－ＦＡＣＴＯＲＹ","東証およびＰＴＳ",,"確報",0,0,700,0,0,0,700,0,0,399000,0,0,0,399000,,,0,0,0,700,0,0,0,0,0,0,0,0,0
"2026/01/26","2026/01/28","3475","グッドコムアセット","東証およびＰＴＳ",,"確報",17400,7100,150000,0,400,339900,-189900,22202400,9059600,191400000,0,510400,433712400,-242312400,,,0,0,0,558800,1361200,0,39.6,12.5,13,12.7,1889.1,1000.1,1307.8
"2026/01/26","2026/01/28","3476","投資法人みらい","東証およびＰＴＳ",,"確報",1,0,192,0,7,5,187,50000,0,9600000,0,350000,250000,9350000,,,0,0,0,0,0,0,12,7.9,32,12.7,8,6,6.9
"2026/01/26","2026/01/28","3477","フォーライフ","東証およびＰＴＳ",,"確報",0,100,700,0,0,0,700,0,87400,611800,0,0,0,611800,,,0,0,0,21600,0,0,26,39,19.5,26,0,0,0
"2026/01/26","2026/01/28","3479","ティーケーピー","東証およびＰＴＳ",,"確報",4200,23600,228500,17300,0,306800,-78300,9403800,52840400,511611500,38734700,0,686925200,-175313700,,,0,0,12147100,0,0,14185500,45.5,142.6,17.1,30.5,59.6,117.3,79.1
"2026/01/26","2026/01/28","3480","ジェイ・エス・ビー","東証およびＰＴＳ",,"確報",200,0,7900,200,0,7900,0,641000,0,25319500,641000,0,25319500,0,,,0,0,0,308000,308000,0,14.4,7.2,309,14,7.4,0,14.7
"2026/01/26","2026/01/28","3481","Ｒ－三菱地所物流","東証およびＰＴＳ",,"確報",2,9,94,15,12,163,-69,263800,1187100,12398600,1978500,1582800,21499700,-9101100,,,0,0,0,121200,192000,0,7.7,16.9,9.3,12,5.1,8.9,6.5
"2026/01/26","2026/01/28","3482","ロードスター","東証およびＰＴＳ",,"確報",400,200,52900,0,1600,2600,50300,1199600,599800,158647100,0,4798400,7797400,150849700,,,0,0,0,2687700,214200,0,57.2,293.6,48.9,83.9,19.9,8.4,11.8
"2026/01/26","2026/01/28","3484","イノベーションＨＤ","東証およびＰＴＳ",,"確報",100,0,1200,100,0,1200,0,128800,0,1545600,128800,0,1545600,0,,,0,0,0,29700,29700,0,25.8,29.5,19.7,23.6,28.5,28.5,28.5
"2026/01/26","2026/01/28","3486","グローバルリンクＭ","東証およびＰＴＳ",,"確報",300,0,43700,0,0,400,43300,618000,0,90022000,0,0,824000,89198000,,,0,0,0,1822800,16800,0,338,362.7,544,435.2,10.5,21,14
"2026/01/26","2026/01/28","3487","Ｒ－ＣＲＥロジ","東証およびＰＴＳ",,"確報",1,0,63,0,0,4,59,167000,0,10521000,0,0,668000,9853000,,,0,0,0,155000,10000,0,132,102.7,308,154,0,22,44
"2026/01/26","2026/01/28","3488","Ｒ－セントラル","東証およびＰＴＳ",,"確報",3,0,276,0,0,0,276,352800,0,32457600,0,0,0,32457600,,,0,0,0,191100,0,0,17.2,9.3,120.7,17.2,0,0,0
"2026/01/26","2026/01/28","3489","フェイスネットワーク","東証およびＰＴＳ",,"確報",0,400,60400,0,0,0,60400,0,332000,50132000,0,0,0,50132000,,,0,0,0,1216000,0,0,45.9,83.4,53.2,64.9,36,0.9,1.8
"2026/01/26","2026/01/28","348A","ＭＸＳ読売３３３日株","東証およびＰＴＳ",,"確報",0,160,31660,0,0,0,31660,0,41376,8187276,0,0,0,8187276,,,0,0,0,120916,0,0,3.9,3.8,3.9,3.8,12.7,2.6,4.3
"2026/01/26","2026/01/28","3490","アズ企画設計","東証およびＰＴＳ",,"確報",0,0,1100,0,0,0,1100,0,0,3316500,0,0,0,3316500,,,0,0,0,0,0,0,0,0,0,0,0,0,0
"2026/01/26","2026/01/28","3491","ＧＡ　ＴＥＣＨ","東証およびＰＴＳ",,"確報",0,1300,73200,0,0,0,73200,0,2057900,115875600,0,0,0,115875600,,,0,0,149000,0,0,0,52.2,30.1,198.7,52.2,0,0,0
"2026/01/26","2026/01/28","3492","Ｒ－ＭＩＲＡＲＴＨ","東証およびＰＴＳ",,"確報",13,42,697,0,0,5,692,1219400,3939600,65378600,0,0,469000,64909600,,,0,0,0,435600,3000,0,18.2,11.8,37.9,18,0,0,0
"2026/01/26","2026/01/28","3494","マリオン","東証およびＰＴＳ",,"確報",0,2300,29500,0,0,0,29500,0,848700,10885500,0,0,0,10885500,,,0,0,0,254400,0,0,57.3,534.7,30.3,57.3,0,0,0
"2026/01/26","2026/01/28","3495","香陵住販","東証およびＰＴＳ",,"確報",0,0,1200,0,0,0,1200,0,0,2991600,0,0,0,2991600,,,0,0,0,0,0,0,61,61,61,61,0,0,0
"2026/01/26","2026/01/28","3496","アズーム","東証およびＰＴＳ",,"確報",1100,0,13100,0,0,0,13100,5252500,0,62552500,0,0,0,62552500,,,0,0,0,1140000,0,0,17.5,12.2,30.6,17.5,0,0,0
"2026/01/26","2026/01/28","3498","霞ヶ関キャピタル","東証およびＰＴＳ",,"確報",8100,2300,131700,0,1500,45300,86400,59940000,17020000,974580000,0,11100000,335220000,639360000,,,0,0,0,6295000,2340000,0,17.6,13.6,29.5,18.7,131.9,8.5,15.9
"2026/01/26","2026/01/28","349A","ＳＭＤＡＭ日本グロ株","東証およびＰＴＳ",,"確報",0,0,20,0,0,10,10,0,0,13564,0,0,6782,6782,,,0,0,0,326,163,0,8.7,3.5,0,7,0,6,12
"2026/01/26","2026/01/28","3501","ＳＵＭＩＮＯＥ","東証およびＰＴＳ",,"確報",100,0,5200,0,100,200,5000,128300,0,6671600,0,128300,256600,6415000,,,0,0,0,40800,2400,0,10.7,263,6,11.7,3.3,3.3,3.3
"2026/01/26","2026/01/28","350A","デジタルグリッド","東証およびＰＴＳ",,"確報",1100,3400,125100,0,0,0,125100,826100,2553400,93950100,0,0,0,93950100,,,0,0,0,2420600,0,0,34.9,38.4,32,34.9,0,0,0
"2026/01/26","2026/01/28","3512","日本フエルト","東証およびＰＴＳ",,"確報",100,0,683400,0,0,0,683400,90900,0,621210600,0,0,0,621210600,,,0,0,0,10932800,0,0,9999.9,9999.9,0,9999.9,0,0,0
"2026/01/26","2026/01/28","3513","イチカワ","東証およびＰＴＳ",,"確報",0,0,27000,0,0,0,27000,0,0,89910000,0,0,0,89910000,,,0,0,0,810000,0,0,1351,0,675.5,1351,0,0,0
"2026/01/26","2026/01/28","3521","テルマー湯ＨＤ","東証およびＰＴＳ",,"確報",3000,700,230600,100,0,3100,227500,534000,124600,41046800,17800,0,551800,40495000,,,0,0,0,684900,9000,0,378.8,253.3,1266.4,422.1,51.7,38.8,44.3
"2026/01/26","2026/01/28","3524","日東製網","東証およびＰＴＳ",,"確報",0,100,4000,0,0,0,4000,0,159400,6376000,0,0,0,6376000,,,0,0,0,8200,0,0,408,0,204,408,0,0,0
"2026/01/26","2026/01/28","3526","芦森工業","東証およびＰＴＳ",,"確報",0,100,3300,0,0,0,3300,0,411500,13579500,0,0,0,13579500,,,0,0,0,68000,0,0,45.5,166,166,166,0,2.7,5.3
"2026/01/26","2026/01/28","3529","アツギ","東証およびＰＴＳ",,"確報",34800,12600,72900,3300,3000,72900,0,42456000,15372000,88938000,4026000,3660000,88938000,0,,,0,0,0,963300,1379400,0,4.9,2.3,2.8,2.5,25.5,66.6,36.9
"2026/01/26","2026/01/28","352A","ＬＯＩＶＥ","東証およびＰＴＳ",,"確報",0,200,2800,0,0,0,2800,0,200800,2811200,0,0,0,2811200,,,0,0,0,48000,0,0,20.3,18.9,22,20.3,0,0,0
"2026/01/26","2026/01/28","3536","アクサスＨＤ","東証およびＰＴＳ",,"確報",0,700,12100,0,0,0,12100,0,91000,1573000,0,0,0,1573000,,,0,0,0,0,0,0,69.8,62.8,78.5,69.8,0,0,0
"2026/01/26","2026/01/28","3537","昭栄薬品","東証およびＰＴＳ",,"確報",0,0,1200,0,0,0,1200,0,0,1874400,0,0,0,1874400,,,0,0,0,18000,0,0,28,14,0,28,0,0,0
"2026/01/26","2026/01/28","3538","ウイルプラスＨＤ","東証およびＰＴＳ",,"確報",0,0,3500,0,0,100,3400,0,0,3696000,0,0,105600,3590400,,,0,0,0,24500,700,0,59.3,172,57.3,86,6,6,6
"2026/01/26","2026/01/28","3539","ＪＭホールディングス","東証およびＰＴＳ",,"確報",100,38600,10900,1800,0,4100,6800,176500,68129000,19238500,3177000,0,7236500,12002000,,,0,0,839800,0,0,39100,9,282.6,4.8,9.4,4.1,7.9,5.4
"2026/01/26","2026/01/28","3541","農業総合研究所","東証およびＰＴＳ",,"確報",0,5500,400600,0,0,78900,321700,0,4213000,306859600,0,0,60437400,246422200,,,0,0,406100,0,0,78900,31.3,88.6,16.3,27.6,128.6,113.9,120.8
"2026/01/26","2026/01/28","3542","ベガコーポレーション","東証およびＰＴＳ",,"確報",1000,100,36100,0,200,36200,-100,1422000,142200,51334200,0,284400,51476400,-142200,,,0,0,0,211200,218400,0,43.1,22,34.5,26.9,72,199.9,105.8
"2026/01/26","2026/01/28","3543","コメダＨＤ","東証およびＰＴＳ",,"確報",1900,0,17300,400,0,700,16600,5462500,0,49737500,1150000,0,2012500,47725000,,,0,0,0,462000,9000,0,26.8,19,71,30,1.6,0,3.1
"2026/01/26","2026/01/28","3544","サツドラＨＤ","東証およびＰＴＳ",,"確報",0,300,9400,100,0,100,9300,0,254700,7980600,84900,0,84900,7895700,,,0,0,0,9700,0,0,88.4,120,160,137.1,6,2,3
"2026/01/26","2026/01/28","3546","アレンザＨＤ","東証およびＰＴＳ",,"確報",300,0,7400,300,100,5500,1900,330300,0,8147400,330300,110100,6055500,2091900,,,0,0,0,42600,31800,0,35.9,35.9,26.3,30.4,67.5,38.6,49.1
"2026/01/26","2026/01/28","3547","串カツ田中","東証およびＰＴＳ",,"確報",2000,900,44200,700,200,83400,-39200,3716000,1672200,82123600,1300600,371600,154957200,-72833600,,,0,0,172400,0,0,331600,33.7,17.3,14.8,16,76.3,89.3,82.3
"2026/01/26","2026/01/28","3548","バロック","東証およびＰＴＳ",,"確報",4200,1200,136900,2400,0,186900,-50000,3301200,943200,107603400,1886400,0,146903400,-39300000,,,0,0,0,401700,553500,0,38.8,11.9,37.7,18.1,99.8,2295.8,191.3
"2026/01/26","2026/01/28","3549","クスリのアオキＨＤ","東証およびＰＴＳ",,"確報",4300,0,15200,3200,2300,49100,-33900,18554500,0,65588000,13808000,9924500,211866500,-146278500,,,0,0,0,283400,1253200,0,13.6,4.1,12.7,6.2,38.5,11.8,18.1
"2026/01/26","2026/01/28","354A","ｉＦ高配当５０","東証およびＰＴＳ",,"確報",2496,223,3958,0,0,0,3958,7061184,630867,11197182,0,0,0,11197182,,,0,0,0,84250,0,0,5.2,2.8,43.1,5.2,0,0,0
"2026/01/26","2026/01/28","3550","スタジオアタオ","東証およびＰＴＳ",,"確報",0,0,2600,0,0,0,2600,0,0,559000,0,0,0,559000,,,0,0,0,0,0,0,0,0,0,0,0,0,0
"2026/01/26","2026/01/28","3551","ダイニック","東証およびＰＴＳ",,"確報",0,0,1000,0,0,0,1000,0,0,1122000,0,0,0,1122000,,,0,0,0,18000,0,0,0,0,0,0,0,0,0
"2026/01/26","2026/01/28","3553","共和レザー","東証およびＰＴＳ",,"確報",3400,0,16800,25700,0,54000,-37200,3777400,0,18664800,28552700,0,59994000,-41329200,,,0,0,0,107200,226400,0,8.3,7.1,8.3,7.7,4.5,88.8,8.6
"2026/01/26","2026/01/28","3556","リネットジャパングル","東証およびＰＴＳ",,"確報",0,500,38000,0,0,0,38000,0,563000,42788000,0,0,0,42788000,,,0,0,0,693000,0,0,85,112.5,68.3,85,0,0,0
"2026/01/26","2026/01/28","3557","Ｕ＆Ｃ","東証およびＰＴＳ",,"確報",0,100,200,0,0,0,200,0,99300,198600,0,0,0,198600,,,0,0,0,0,0,0,4.8,12,3,4.8,0,0,0
"2026/01/26","2026/01/28","3558","ジェイドグループ","東証およびＰＴＳ",,"確報",1200,1900,106400,0,0,0,106400,2086800,3304100,185029600,0,0,0,185029600,,,0,0,1285200,0,0,0,50.4,39.4,69.8,50.4,0,0,0
"2026/01/26","2026/01/28","3559","ピーバンドットコム","東証およびＰＴＳ",,"確報",6100,1700,50600,4400,0,50600,0,3037800,846600,25198800,2191200,0,25198800,0,,,0,0,0,508200,508200,0,21.6,10.8,27.8,15.6,17.7,0,35.3
"2026/01/26","2026/01/28","3560","ほぼ日","東証およびＰＴＳ",,"確報",0,0,200,0,0,0,200,0,0,714000,0,0,0,714000,,,0,0,9000,0,0,0,10,10,10,10,0,0,0
"2026/01/26","2026/01/28","3561","力の源ＨＤ","東証およびＰＴＳ",,"確報",100,500,73300,1000,300,334300,-261000,143100,715500,104892300,1431000,429300,478383300,-373491000,,,0,0,0,515900,2335200,0,37.3,32.6,113.2,50.7,17.8,925.3,35
"2026/01/26","2026/01/28","3562","Ｎｏ．１","東証およびＰＴＳ",,"確報",800,200,13100,0,0,0,13100,1497600,374400,24523200,0,0,0,24523200,,,0,0,0,350000,0,0,14,11.8,17.3,14,0,0,0
"2026/01/26","2026/01/28","3563","Ｆ＆ＬＣ","東証およびＰＴＳ",,"確報",3900,4700,20500,6700,3200,73200,-52700,34647600,41754800,182122000,59522800,28428800,650308800,-468186800,,,0,0,170400,0,0,557600,5.1,3.5,8.3,5,3.8,8.2,5.2
"2026/01/26","2026/01/28","3565","アセンテック","東証およびＰＴＳ",,"確報",3700,0,54400,0,3000,4800,49600,5668400,0,83340800,0,4596000,7353600,75987200,,,0,0,0,5830500,897000,0,38,52.7,42,46.7,46.1,9.7,16
"2026/01/26","2026/01/28","3566","ユニフォームネクスト","東証およびＰＴＳ",,"確報",0,0,4100,0,0,0,4100,0,0,2771600,0,0,0,2771600,,,0,0,0,36900,0,0,404,202,0,404,0,0,0
"2026/01/26","2026/01/28","3569","セーレン","東証およびＰＴＳ",,"確報",100,200,16300,0,600,200,16100,324000,648000,52812000,0,1944000,648000,52164000,,,0,0,0,1312000,64000,0,16.6,38.4,12.3,18.6,2,2.3,2.2
"2026/01/26","2026/01/28","356A","ＧＸＳＰＣＦ１００","東証およびＰＴＳ",,"確報",77,0,458,0,0,0,458,105721,0,628834,0,0,0,628834,,,0,0,0,16764,0,0,45.5,26,182.2,45.5,0,0,0
"2026/01/26","2026/01/28","3571","ソトー","東証およびＰＴＳ",,"確報",0,0,5000,0,0,1300,3700,0,0,4050000,0,0,1053000,2997000,,,0,0,0,25000,6500,0,72,129,51.6,73.7,66,66,66
"2026/01/26","2026/01/28","3577","東海染工","東証およびＰＴＳ",,"確報",0,0,200,0,0,0,200,0,0,198400,0,0,0,198400,,,0,0,0,0,0,0,0,0,0,0,0,0,0
"2026/01/26","2026/01/28","3580","小松マテーレ","東証およびＰＴＳ",,"確報",2200,0,69700,400,200,22000,47700,1942600,0,61545100,353200,176600,19426000,42119100,,,0,0,0,1350000,436000,0,56.3,131.7,228.3,167,33.4,13,18.7
"2026/01/26","2026/01/28","3583","オーベクス","東証およびＰＴＳ",,"確報",0,0,1400,0,0,0,1400,0,0,1885800,0,0,0,1885800,,,0,0,0,21000,0,0,71,71,71,71,0,0,0
"2026/01/26","2026/01/28","3591","ワコールＨＤ","東証およびＰＴＳ",,"確報",1400,200,29300,2100,1000,86100,-56800,6126400,875200,128216800,9189600,4376000,376773600,-248556800,,,0,0,224800,0,0,680000,47.8,21.1,91.5,34.3,64.4,47.4,54.6
"2026/01/26","2026/01/28","3593","ホギメディカル","東証およびＰＴＳ",,"確報",0,100,2300,0,0,1300,1000,0,669000,15387000,0,0,8697000,6690000,,,0,0,0,0,0,0,3.3,4.2,1.9,2.6,21.7,16.3,18.6
"2026/01/26","2026/01/28","3597","自重堂","東証およびＰＴＳ",,"確報",0,0,300,0,0,0,300,0,0,2997000,0,0,0,2997000,,,0,0,3000,0,0,0,0,0,0,0,0,0,0
"2026/01/26","2026/01/28","3598","山喜","東証およびＰＴＳ",,"確報",100,100,1500,0,0,0,1500,17000,17000,255000,0,0,0,255000,,,0,0,0,1500,0,0,20.6,18,24,20.6,0,0,0
"2026/01/26","2026/01/28","3600","フジックス","東証およびＰＴＳ",,"確報",0,0,300,0,0,0,300,0,0,495300,0,0,0,495300,,,0,0,300,0,0,0,15,15,15,15,0,0,0
"2026/01/26","2026/01/28","3607","クラウディアＨＤ","東証およびＰＴＳ",,"確報",300,0,6200,0,0,0,6200,107700,0,2225800,0,0,0,2225800,,,0,0,0,11800,0,0,75.3,100.3,60.2,75.3,0,0,0
"2026/01/26","2026/01/28","3608","ＴＳＩＨＤ","東証およびＰＴＳ",,"確報",10500,20600,67200,0,10100,67200,0,11119500,21815400,71164800,0,10695900,71164800,0,,,0,0,0,1855200,1855200,0,16.7,10.7,8.4,9.4,3761,37.2,73.7
"2026/01/26","2026/01/28","360A","リートコア","東証およびＰＴＳ",,"確報",0,0,0,0,0,0,0,0,0,0,0,0,0,0,,,0,0,0,0,0,0,0,0,0,0,0,0,0
"2026/01/26","2026/01/28","3611","マツオカ","東証およびＰＴＳ",,"確報",0,0,59800,0,100,800,59000,0,0,146091400,0,244300,1954400,144137000,,,0,0,0,2750800,41400,0,405.9,1001.3,429.1,600.8,20,13.3,16
"2026/01/26","2026/01/28","3612","ワールド","東証およびＰＴＳ",,"確報",0,2600,8300,0,7400,3500,4800,0,8047000,25688500,0,22903000,10832500,14856000,,,0,0,381500,0,0,381500,6.5,15.3,4.1,6.4,0,3.3,6.6
"2026/01/26","2026/01/28","3622","ネットイヤーグループ","東証およびＰＴＳ",,"確報",0,0,15700,0,0,0,15700,0,0,10801600,0,0,0,10801600,,,0,0,125600,0,0,0,226.3,792,132,226.3,0,0,0
"2026/01/26","2026/01/28","3623","ビリングシステム","東証およびＰＴＳ",,"確報",0,0,3600,0,0,0,3600,0,0,3546000,0,0,0,3546000,,,0,0,0,50400,0,0,180,180,180,180,0,0,0
"2026/01/26","2026/01/28","3624","アクセルマーク","東証およびＰＴＳ",,"確報",700,0,157300,0,0,0,157300,58100,0,13055900,0,0,0,13055900,,,0,0,0,626400,0,0,237.4,883.8,137.1,237.4,0,0,0
"2026/01/26","2026/01/28","3625","テックファームＨＤ","東証およびＰＴＳ",,"確報",0,0,9000,0,0,0,9000,0,0,6138000,0,0,0,6138000,,,0,0,0,99000,0,0,127.4,89.2,223,127.4,0,0,0
"2026/01/26","2026/01/28","3626","ＴＩＳ","東証およびＰＴＳ",,"確報",1300,0,3300,0,200,1400,1900,6112600,0,15516600,0,940400,6582800,8933800,,,0,0,0,182000,145600,0,3.6,2.3,2.9,2.6,14.7,6.8,9.3
"2026/01/26","2026/01/28","3627","テクミラ","東証およびＰＴＳ",,"確報",100,500,6200,0,300,1400,4800,25600,128000,1587200,0,76800,358400,1228800,,,0,0,0,26400,6800,0,25.2,34.3,30.9,32.5,11.5,13.8,12.5
"2026/01/26","2026/01/28","3628","データホライゾン","東証およびＰＴＳ",,"確報",0,200,5500,0,0,0,5500,0,102400,2816000,0,0,0,2816000,,,0,0,0,17100,0,0,140,280,93.3,140,0,0,0
"2026/01/26","2026/01/28","3632","グリーＨＤ","東証およびＰＴＳ",,"確報",700,14100,80200,0,800,9700,70500,283500,5710500,32481000,0,324000,3928500,28552500,,,0,0,0,1404000,157500,0,31.6,64.1,21.5,32.2,17.4,60.9,27.1
"2026/01/26","2026/01/28","3633","ＧＭＯペパボ","東証およびＰＴＳ",,"確報",0,100,2900,0,0,0,2900,0,215000,6235000,0,0,0,6235000,,,0,0,0,45000,0,0,51.3,0,25.7,51.3,0,0,0
"2026/01/26","2026/01/28","3634","ソケッツ","東証およびＰＴＳ",,"確報",0,100,600,0,0,0,600,0,64200,385200,0,0,0,385200,,,0,0,0,1400,0,0,8.8,11.7,7,8.8,0,0,0
"2026/01/26","2026/01/28","3635","コーエーテクモＨＤ","東証およびＰＴＳ",,"確報",4100,600,69100,2300,0,6200,62900,7339000,1074000,123689000,4117000,0,11098000,112591000,,,0,0,1115200,0,0,66300,30.4,46.5,32.7,38.4,5.7,12,7.7
"2026/01/26","2026/01/28","3636","三菱総合研究所","東証およびＰＴＳ",,"確報",1300,0,1800,0,100,3100,-1300,6454500,0,8937000,0,496500,15391500,-6454500,,,0,0,0,67500,432000,0,7.6,2.6,3,2.8,20,26.7,22.9
"2026/01/26","2026/01/28","3639","ボルテージ","東証およびＰＴＳ",,"確報",0,600,137100,600,0,104500,32600,0,162600,37154100,162600,0,28319500,8834600,,,0,0,0,1514700,1142900,0,25,11.2,21.7,14.8,526.3,79.7,138.5
"2026/01/26","2026/01/28","363A","ｉＦ英国ＦＴ１００","東証およびＰＴＳ",,"確報",0,0,10,0,0,0,10,0,0,25240,0,0,0,25240,,,0,0,0,460,0,0,10,5,0,10,0,0,0
"2026/01/26","2026/01/28","3640","電算","東証およびＰＴＳ",,"確報",0,0,1900,0,300,200,1700,0,0,5947000,0,939000,626000,5321000,,,0,0,0,123500,32500,0,12.9,46,0,92,2.6,2.3,2.4
"2026/01/26","2026/01/28","3641","パピレス","東証およびＰＴＳ",,"確報",100,100,1800,0,0,0,1800,103700,103700,1866600,0,0,0,1866600,,,0,0,1800,0,0,0,29,21.8,43.5,29,0,0,0
"2026/01/26","2026/01/28","3645","メディカルネット","東証およびＰＴＳ",,"確報",1100,0,5100,0,200,1600,3500,324500,0,1504500,0,59000,472000,1032500,,,0,0,0,36000,16200,0,21.8,18.1,31,22.8,15.4,25.7,19.3
"2026/01/26","2026/01/28","3646","駅探","東証およびＰＴＳ",,"確報",0,0,3700,0,0,0,3700,0,0,1254300,0,0,0,1254300,,,0,0,0,7400,0,0,186,0,93,186,0,0,0
"2026/01/26","2026/01/28","3647","ジースリーＨＤ","東証およびＰＴＳ",,"確報",11300,2000,58700,0,0,0,58700,1367300,242000,7102700,0,0,0,7102700,,,0,0,0,197600,0,0,15.1,11.6,21.5,15.1,0,0,0
"2026/01/26","2026/01/28","3648","ＡＧＳ","東証およびＰＴＳ",,"確報",0,700,9700,700,0,700,9000,0,973000,13483000,973000,0,973000,12510000,,,0,0,0,468000,0,0,16.5,60.8,10.9,18.4,1.1,9,2
"2026/01/26","2026/01/28","3649","ファインデックス","東証およびＰＴＳ",,"確報",2000,2400,13500,100,500,13500,0,1760000,2112000,11880000,88000,440000,11880000,0,,,0,0,0,389200,389200,0,15.4,9.4,15.6,11.7,15.2,41.8,22.3
"2026/01/26","2026/01/28","364A","Ｓ＆Ｐ５００配当貴族","東証およびＰＴＳ",,"確報",10,0,1405,0,0,0,1405,23790,0,3342495,0,0,0,3342495,,,0,0,0,32085,0,0,64.6,32.3,0,64.6,0,0,0
"2026/01/26","2026/01/28","3652","ディジタルメデプロ","東証およびＰＴＳ",,"確報",0,1400,19200,0,0,0,19200,0,3276000,44928000,0,0,0,44928000,,,0,0,0,2595600,0,0,33.8,31.1,37.1,33.8,0,0,0
"2026/01/26","2026/01/28","3653","モルフォ","東証およびＰＴＳ",,"確報",14600,15800,49100,0,1200,49100,0,12030400,13019200,40458400,0,988800,40458400,0,,,0,0,0,804800,804800,0,9.8,5.2,5.5,5.3,43.5,95.3,59.7
"2026/01/26","2026/01/28","3655","ブレインパッド","東証およびＰＴＳ",,"確報",0,0,1000,0,0,500,500,0,0,2690000,0,0,1345000,1345000,,,0,0,0,0,0,0,10,0,3.8,7.6,0,0,0
"2026/01/26","2026/01/28","3656","ＫＬａｂ","東証およびＰＴＳ",,"確報",81200,5200,3678200,114900,38900,3678200,0,29069600,1861600,1316795600,41134200,13926200,1316795600,0,,,0,0,21613200,0,0,21613200,33.2,36.9,45.3,40.7,16.8,84,28
"2026/01/26","2026/01/28","3657","ポールＨＤ","東証およびＰＴＳ",,"確報",100,23600,62400,26700,0,126800,-64400,33900,8000400,21153600,9051300,0,42985200,-21831600,,,0,0,0,429500,500500,0,19.5,76.1,9.4,16.7,17.8,32,22.8
"2026/01/26","2026/01/28","3659","ネクソン","東証およびＰＴＳ",,"確報",0,500,11000,600,10800,25900,-14900,0,2130500,46871000,2556600,46018800,110359900,-63488900,,,0,0,0,1840000,5776000,0,10.3,15.5,27.7,19.8,8,9.6,8.8
"2026/01/26","2026/01/28","365A","伊澤タオル","東証およびＰＴＳ",,"確報",3100,0,17400,0,0,0,17400,2188600,0,12284400,0,0,0,12284400,,,0,0,0,157300,0,0,18.6,12,41.5,18.6,0,0,0
"2026/01/26","2026/01/28","3660","アイスタイル","東証およびＰＴＳ",,"確報",100,9200,571000,21200,0,81800,489200,46000,4232000,262660000,9752000,0,37628000,225032000,,,0,0,0,4060700,424200,0,4.9,4.6,4.7,4.6,17,6.3,9.2
"2026/01/26","2026/01/28","3661","エムアップＨＤ","東証およびＰＴＳ",,"確報",1000,400,191900,2000,400,20600,171300,856000,342400,164266400,1712000,342400,17633600,146632800,,,0,0,382600,0,0,38000,67.4,103.1,57.6,73.9,32.7,39.3,35.7
"2026/01/26","2026/01/28","3662","エイチームＨＤ","東証およびＰＴＳ",,"確報",0,2800,12500,90100,0,356900,-344400,0,3553200,15862500,114336900,0,452906100,-437043600,,,0,0,0,61200,1067200,0,11.9,76.3,14.7,24.6,5.8,1714.7,11.6
"2026/01/26","2026/01/28","3663","セルシス","東証およびＰＴＳ",,"確報",48400,34100,93000,3700,400,93000,0,71148000,50127000,136710000,5439000,588000,136710000,0,,,0,0,0,3698900,4215900,0,14.6,7.4,11.5,9,19.7,232.7,36.3
"2026/01/26","2026/01/28","3664","モブキャストＨＤ","東証およびＰＴＳ",,"確報",10000,1000,945500,100,0,19700,925800,390000,39000,36874500,3900,0,768300,36106200,,,0,0,0,0,0,0,138.5,118.9,165.2,138.3,491,89.3,151.1
"2026/01/26","2026/01/28","3665","エニグモ","東証およびＰＴＳ",,"確報",1000,100,60600,35100,5100,992300,-931700,511000,51100,30966600,17936100,2606100,507065300,-476098700,,,0,0,0,537300,8660700,0,36.2,29.5,5,8.6,39.4,142,61.7
"2026/01/26","2026/01/28","3667","ｅｎｉｓｈ","東証およびＰＴＳ",,"確報",0,110800,209500,600,0,21300,188200,0,7091200,13408000,38400,0,1363200,12044800,,,0,0,0,320300,20700,0,7.4,7.4,6.5,6.9,48.4,72.6,58.1
"2026/01/26","2026/01/28","3668","コロプラ","東証およびＰＴＳ",,"確報",116700,54700,128800,1400,100,101900,26900,53565300,25107300,59119200,642600,45900,46772100,12347100,,,0,0,0,1135600,1710200,0,2.2,1.1,1.3,1.2,23.1,4642,46
"2026/01/26","2026/01/28","366A","ウェルネスＣ","東証およびＰＴＳ",,"確報",16300,0,32000,0,0,0,32000,34621200,0,67968000,0,0,0,67968000,,,0,0,0,926300,0,0,8.5,4.6,51.4,8.5,0,0,0
"2026/01/26","2026/01/28","3670","協立情報通信","東証およびＰＴＳ",,"確報",0,0,6600,0,0,0,6600,0,0,13992000,0,0,0,13992000,,,0,0,0,6600,0,0,222,0,111,222,0,0,0
"2026/01/26","2026/01/28","3671","ソフトマックス","東証およびＰＴＳ",,"確報",2000,0,14100,0,0,0,14100,718000,0,5061900,0,0,0,5061900,,,0,0,0,133100,0,0,12,8.9,18.3,12,0,0,0
"2026/01/26","2026/01/28","3672","オルトプラス","東証およびＰＴＳ",,"確報",5000,700,124500,0,0,0,124500,260000,36400,6474000,0,0,0,6474000,,,0,0,0,120200,0,0,14,22,10.3,14,0,0,0
"2026/01/26","2026/01/28","3673","ブロードリーフ","東証およびＰＴＳ",,"確報",2400,0,31000,15200,1400,159400,-128400,1699200,0,21948000,10761600,991200,112855200,-90907200,,,0,0,0,286000,1456000,0,22,16.6,19.8,18,22.2,24.1,23.1
"2026/01/26","2026/01/28","3674","オークファン","東証およびＰＴＳ",,"確報",0,0,15100,100,0,6200,8900,0,0,5118900,33900,0,2101800,3017100,,,0,0,0,15100,6100,0,135.3,758,758,758,324,24.9,46.3
"2026/01/26","2026/01/28","3675","クロス・マーケティン","東証およびＰＴＳ",,"確報",8600,100,587100,0,0,0,587100,5641600,65600,385137600,0,0,0,385137600,,,0,0,0,5207400,0,0,222.3,111.6,9999.9,222.3,0,0,0
"2026/01/26","2026/01/28","3676","デジハＨＤ","東証およびＰＴＳ",,"確報",900,0,55700,0,0,0,55700,829800,0,51355400,0,0,0,51355400,,,0,0,0,1260400,0,0,40.8,178.6,23,40.8,0,0,0
"2026/01/26","2026/01/28","3678","メディアドゥ","東証およびＰＴＳ",,"確報",800,0,14500,0,500,11000,3500,1316800,0,23867000,0,823000,18106000,5761000,,,0,0,0,95900,80500,0,22.6,38.6,43.4,40.9,11.6,19.7,14.6
"2026/01/26","2026/01/28","3679","じげん","東証およびＰＴＳ",,"確報",7700,12100,23000,0,4400,23000,0,3649800,5735400,10902000,0,2085600,10902000,0,,,0,0,0,274000,274000,0,4.8,3.6,3.1,3.3,11.3,7.2,8.8
"2026/01/26","2026/01/28","367A","プリモＧＨＤ","東証およびＰＴＳ",,"確報",0,100,27400,0,0,0,27400,0,221400,60663600,0,0,0,60663600,,,0,0,935000,0,0,0,42,95.2,26.9,42,0,0,0
"2026/01/26","2026/01/28","3680","ホットリンク","東証およびＰＴＳ",,"確報",2500,0,71800,2500,0,71800,0,675000,0,19386000,675000,0,19386000,0,,,0,0,0,415800,415800,0,39.2,20.6,257.9,38.1,21.2,419.1,40.4
"2026/01/26","2026/01/28","3682","エンカレッジ・テクノ","東証およびＰＴＳ",,"確報",100,300,1000,200,0,800,200,70600,211800,706000,141200,0,564800,141200,,,0,0,0,4800,2400,0,7.8,10.4,8.7,9.5,2.8,0,5.5
"2026/01/26","2026/01/28","3683","サイバーリンクス","東証およびＰＴＳ",,"確報",600,0,66700,100,0,2200,64500,791400,0,87977300,131900,0,2901800,85075500,,,0,0,0,1057600,33600,0,285.5,552.5,301.4,390,27.8,37,31.7
"2026/01/26","2026/01/28","3686","ディー・エル・イー","東証およびＰＴＳ",,"確報",190800,0,482700,16000,0,581400,-98700,24613200,0,62268300,2064000,0,75000600,-12732300,,,0,0,0,291900,565400,0,24.7,6.8,42.4,11.7,44.7,174.8,71.2
"2026/01/26","2026/01/28","3687","フィックスターズ","東証およびＰＴＳ",,"確報",11000,1700,106300,2900,300,81700,24600,16874000,2607800,163064200,4448600,460200,125327800,37736400,,,0,0,0,3492000,2847600,0,41.3,29,119.4,46.6,26.4,58.4,36.3
"2026/01/26","2026/01/28","368A","北里コーポレーション","東証およびＰＴＳ",,"確報",5000,400,52700,0,0,0,52700,7780000,622400,82001200,0,0,0,82001200,,,0,0,0,2260700,0,0,26.5,46.5,18.5,26.5,0,0,0
"2026/01/26","2026/01/28","3690","イルグルム","東証およびＰＴＳ",,"確報",0,0,2100,0,100,1700,400,0,0,1243200,0,59200,1006400,236800,,,0,0,4200,0,0,3600,95.5,51,0,102,0,44.5,89
"2026/01/26","2026/01/28","3691","デジタルプラス","東証およびＰＴＳ",,"確報",0,600,12100,0,0,0,12100,0,1050000,21175000,0,0,0,21175000,,,0,0,0,850900,0,0,53,46.8,60.9,53,0,0,0
"2026/01/26","2026/01/28","3692","ＦＦＲＩセキュ","東証およびＰＴＳ",,"確報",5400,4400,363200,1000,0,363200,0,47844000,38984000,3217952000,8860000,0,3217952000,0,,,0,0,0,47086000,47086000,0,16,16.2,14.1,15.1,18.3,15.7,16.9
"2026/01/26","2026/01/28","3694","オプティム","東証およびＰＴＳ",,"確報",32700,27300,75100,5400,0,75100,0,16448100,13731900,37775300,2716200,0,37775300,0,,,0,0,0,1394000,1394000,0,6.4,3.3,3.8,3.5,21.3,230.3,39
"2026/01/26","2026/01/28","3695","ＧＭＯ－ＰＰ","東証およびＰＴＳ",,"確報",0,0,700,0,0,0,700,0,0,1421700,0,0,0,1421700,,,0,0,0,11900,0,0,70,35,0,70,0,0,0
"2026/01/26","2026/01/28","3696","セレス","東証およびＰＴＳ",,"確報",3300,3200,151500,200,100,151500,0,6121500,5936000,281032500,371000,185500,281032500,0,,,0,0,0,9992400,9992400,0,49.2,34.7,30,32.2,135,84.5,104
"2026/01/26","2026/01/28","3697","ＳＨＩＦＴ","東証およびＰＴＳ",,"確報",3200,8500,603800,18700,100,21400,582400,2695360,7159550,508580740,15751010,84230,18025220,490555520,,,0,0,9441050,0,0,43400,43,69.4,40.6,51.2,1.8,9.4,3
"2026/01/26","2026/01/28","3698","ＣＲＩ・ミドルウェア","東証およびＰＴＳ",,"確報",300,600,4200,0,0,0,4200,325800,651600,4561200,0,0,0,4561200,,,0,0,0,139500,0,0,14.1,19.4,11.1,14.1,0,0,0
"2026/01/26","2026/01/28","369A","エータイ","東証およびＰＴＳ",,"確報",2200,0,11000,0,0,0,11000,6303000,0,31515000,0,0,0,31515000,,,0,0,0,1188000,0,0,22.6,17.6,31.6,22.6,0,0,0
"2026/01/26","2026/01/28","3708","特種東海製紙","東証およびＰＴＳ",,"確報",1300,1700,3800,1100,100,7200,-3400,2199600,2876400,6429600,1861200,169200,12182400,-5752800,,,0,0,0,75600,111600,0,6.8,4.1,3.2,3.6,10.4,97,18.8
"2026/01/26","2026/01/28","3710","ジョルダン","東証およびＰＴＳ",,"確報",300,0,1300,300,0,1300,0,177900,0,770900,177900,0,770900,0,,,0,0,5000,0,0,5000,20,10,0,20,10,0,20
"2026/01/26","2026/01/28","3712","情報企画","東証およびＰＴＳ",,"確報",0,0,0,100,0,1700,-1700,0,0,0,648000,0,11016000,-11016000,,,0,0,0,0,0,128000,41.5,0,0,0,41.5,41.5,41.5
"2026/01/26","2026/01/28","3719","ＡＩストーム","東証およびＰＴＳ",,"確報",1700,0,218500,0,0,0,218500,445400,0,57247000,0,0,0,57247000,,,0,0,0,1517600,0,0,90.9,75.6,113.8,90.9,0,0,0
"2026/01/26","2026/01/28","3723","日本ファルコム","東証およびＰＴＳ",,"確報",200,0,1400,0,0,0,1400,320600,0,2244200,0,0,0,2244200,,,0,0,0,34800,0,0,32,32,32,32,0,0,0
"2026/01/26","2026/01/28","3726","フォーシーズＨＤ","東証およびＰＴＳ",,"確報",0,0,114000,0,0,0,114000,0,0,52896000,0,0,0,52896000,,,0,0,0,0,0,0,952.3,0,476.2,952.3,0,0,0
"2026/01/26","2026/01/28","3727","アプリックス","東証およびＰＴＳ",,"確報",0,3300,34700,0,0,0,34700,0,653400,6870600,0,0,0,6870600,,,0,0,0,228000,0,0,5.8,9.4,4.2,5.8,0,0,0
"2026/01/26","2026/01/28","372A","レント","東証およびＰＴＳ",,"確報",100,0,3200,0,0,0,3200,583000,0,18656000,0,0,0,18656000,,,0,0,0,186000,0,0,16.4,13.9,19.9,16.4,0,0,0
"2026/01/26","2026/01/28","3733","ソフトウェアサビス","東証およびＰＴＳ",,"確報",200,0,1700,0,0,6900,-5200,2614000,0,22219000,0,0,90183000,-67964000,,,0,0,0,495000,2277000,0,168.4,25.3,38,30.4,0,0,0
"2026/01/26","2026/01/28","373A","リップス","東証およびＰＴＳ",,"確報",0,100,9900,0,0,0,9900,0,161700,16008300,0,0,0,16008300,,,0,0,0,300000,0,0,498,498,498,498,0,0,0
"2026/01/26","2026/01/28","3741","セック","東証およびＰＴＳ",,"確報",5000,4800,81500,0,1000,81500,0,17425000,16728000,284027500,0,3485000,284027500,0,,,0,0,0,10975500,11137500,0,33.2,17.3,25.3,20.5,48,398.8,85.8
"2026/01/26","2026/01/28","3744","サイオス","東証およびＰＴＳ",,"確報",21900,4600,27900,100,0,10700,17200,10862400,2281600,13838400,49600,0,5307200,8531200,,,0,0,0,53000,53000,0,2.4,1.4,1.9,1.6,29.1,58.1,38.7
"2026/01/26","2026/01/28","3747","インタートレード","東証およびＰＴＳ",,"確報",2300,20500,82400,4100,0,75500,6900,1761800,15703000,63118400,3140600,0,57833000,5285400,,,0,0,2414400,0,0,1713600,11.8,8.8,7.5,8.1,28,56.4,37.4
"2026/01/26","2026/01/28","3750","ＡＤＲ１２０Ｓ","東証およびＰＴＳ",,"確報",0,0,0,0,0,0,0,0,0,0,0,0,0,0,,,0,0,0,0,0,0,0,0,0,0,0,0,0
"2026/01/26","2026/01/28","3753","フライト","東証およびＰＴＳ",,"確報",5100,0,62600,0,0,0,62600,851700,0,10454200,0,0,0,10454200,,,0,0,172500,0,0,0,67.3,50.2,102.1,67.3,0,0,0
"2026/01/26","2026/01/28","3758","アエリア","東証およびＰＴＳ",,"確報",100,0,13500,0,400,9400,4100,29300,0,3955500,0,117200,2754200,1201300,,,0,0,0,53600,39200,0,74.8,39.9,135.6,61.6,96.2,120.3,106.9
"2026/01/26","2026/01/28","3760","ケイブ","東証およびＰＴＳ",,"確報",1000,300,6700,0,0,0,6700,680000,204000,4556000,0,0,0,4556000,,,0,0,0,36000,0,0,20,25,16.7,20,0,0,0
"2026/01/26","2026/01/28","3762","テクマトリックス","東証およびＰＴＳ",,"確報",6600,100,20700,4300,0,32200,-11500,15034800,227800,47154600,9795400,0,73351600,-26197000,,,0,0,0,596400,1171800,0,8,4.9,5.3,5.1,7.9,50.2,13.6
"2026/01/26","2026/01/28","3763","プロシップ","東証およびＰＴＳ",,"確報",0,0,3200,0,0,0,3200,0,0,5302400,0,0,0,5302400,,,0,0,0,153600,0,0,0,0,0,0,0,0,0
"2026/01/26","2026/01/28","3765","ガンホー・オンライン","東証およびＰＴＳ",,"確報",14400,400,71400,2000,0,71400,0,37670400,1046400,186782400,5232000,0,186782400,0,,,0,0,0,1090600,1318600,0,14.5,6.4,9.7,7.7,44.6,686.6,83.7
"2026/01/26","2026/01/28","3766","システムズ・デザイン","東証およびＰＴＳ",,"確報",0,0,300,0,0,0,300,0,0,414300,0,0,0,414300,,,0,0,3000,0,0,0,17,17,17,17,0,0,0
"2026/01/26","2026/01/28","3768","リスクモンスター","東証およびＰＴＳ",,"確報",0,500,800,0,0,400,400,0,300000,480000,0,0,240000,240000,,,0,0,15600,0,0,4800,17.3,72,8,14.4,0,23,46
"2026/01/26","2026/01/28","3769","ＧＭＯペイメント","東証およびＰＴＳ",,"確報",900,200,8400,200,1600,3900,4500,8285400,1841200,77330400,1841200,14729600,35903400,41427000,,,0,0,0,2209900,1521100,0,9.7,6.6,10.5,8.1,33.1,8.5,13.6
"2026/01/26","2026/01/28","376A","米債７－１０ヘ有７５","東証およびＰＴＳ",,"確報",0,0,0,0,0,0,0,0,0,0,0,0,0,0,,,0,0,0,0,0,0,0,0,0,0,0,0,0
"2026/01/26","2026/01/28","3771","システムリサーチ","東証およびＰＴＳ",,"確報",400,0,28500,1000,0,3900,24600,794000,0,56572500,1985000,0,7741500,48831000,,,0,0,0,843000,87000,0,57.6,128.3,470.3,201.6,6.7,11.5,8.4
"2026/01/26","2026/01/28","3772","ウェルスマネジメント","東証およびＰＴＳ",,"確報",0,0,1800,0,0,0,1800,0,0,1908000,0,0,0,1908000,,,0,0,0,23400,0,0,0,0,0,0,0,0,0
"2026/01/26","2026/01/28","3773","アドバンストメディア","東証およびＰＴＳ",,"確報",0,1100,118600,2100,0,52400,66200,0,1137400,122632400,2171400,0,54181600,68450800,,,0,0,718200,0,0,301800,154.9,283,457.2,349.6,94.7,54.1,68.9
"2026/01/26","2026/01/28","3774","インターネットイニシ","東証およびＰＴＳ",,"確報",3200,200,18100,0,0,0,18100,8259200,516200,46716100,0,0,0,46716100,,,0,0,0,868250,0,0,19.9,12.4,106.3,22.2,1,1,1
"2026/01/26","2026/01/28","3776","ブロードバンドタワー","東証およびＰＴＳ",,"確報",28900,200,141700,0,0,0,141700,5202000,36000,25506000,0,0,0,25506000,,,0,0,0,339000,0,0,25.5,17.4,47.7,25.5,0,0,0
"2026/01/26","2026/01/28","3777","環境フレンドリー","東証およびＰＴＳ",,"確報",25300,70400,857600,0,0,0,857600,1669800,4646400,56601600,0,0,0,56601600,,,0,0,902700,0,0,0,13.9,13.5,14.3,13.9,0,0,0
"2026/01/26","2026/01/28","3778","さくらインターネット","東証およびＰＴＳ",,"確報",2900,11600,867300,7400,1200,1254300,-387000,7946000,31784000,2376402000,20276000,3288000,3436782000,-1060380000,,,0,0,0,19272000,27458200,0,41.7,15.9,32.5,21.4,92.7,178,121.9
"2026/01/26","2026/01/28","3779","Ｊ・エスコムＨＤ","東証およびＰＴＳ",,"確報",0,0,53400,0,0,0,53400,0,0,9024600,0,0,0,9024600,,,0,0,0,106800,0,0,5338,2669,0,5338,0,0,0
"2026/01/26","2026/01/28","3787","テクノマセマティカル","東証およびＰＴＳ",,"確報",0,0,1500,0,0,0,1500,0,0,859500,0,0,0,859500,,,0,0,0,27000,0,0,38,0,19,38,0,0,0
"2026/01/26","2026/01/28","3788","ＧＭＯＧＳＨＤ","東証およびＰＴＳ",,"確報",900,500,9800,400,0,9800,0,2023200,1124000,22030400,899200,0,22030400,0,,,0,0,0,761400,761400,0,22.9,17.8,19.2,18.5,28.3,32.1,30.1
"2026/01/26","2026/01/28","378A","ヒット","東証およびＰＴＳ",,"確報",0,0,4000,0,0,0,4000,0,0,8160000,0,0,0,8160000,,,0,0,88000,0,0,0,33.2,216,18,33.2,0,0,0
"2026/01/26","2026/01/28","3791","ＩＧポート","東証およびＰＴＳ",,"確報",7200,5400,115900,2300,500,115900,0,9259200,6944400,149047400,2957800,643000,149047400,0,,,0,0,3765300,0,0,3765300,16.6,8.6,46.8,14.6,10.1,216.4,19.3
"2026/01/26","2026/01/28","3793","ドリコム","東証およびＰＴＳ",,"確報",0,300,740600,3700,0,257500,483100,0,126000,311052000,1554000,0,108150000,202902000,,,0,0,0,8149900,2791800,0,176.6,9271.8,618.1,1159,127.9,33.3,52.9
"2026/01/26","2026/01/28","3796","いい生活","東証およびＰＴＳ",,"確報",0,100,4400,0,100,4400,0,0,52300,2301200,0,52300,2301200,0,,,0,0,0,36000,36000,0,32.8,17.9,65.7,28.1,21.9,197,39.4
"2026/01/26","2026/01/28","3798","ＵＬＳグループ","東証およびＰＴＳ",,"確報",2000,500,15300,0,0,0,15300,1230000,307500,9409500,0,0,0,9409500,,,0,0,0,96600,0,0,25.2,16,59.5,25.2,0,0,0
"2026/01/26","2026/01/28","3799","キーウェアソリュショ","東証およびＰＴＳ",,"確報",0,200,0,100,300,9300,-9300,0,248800,0,124400,373200,11569200,-11569200,,,0,0,400,0,0,19000,29.8,2,1.3,1.6,122,20.3,34.9
"2026/01/26","2026/01/28","379A","ＧＸＳＰＸプロテクト","東証およびＰＴＳ",,"確報",300,0,710,0,0,0,710,370500,0,876850,0,0,0,876850,,,0,0,0,6560,0,0,7.8,3.9,0,7.8,0,0,0
"2026/01/26","2026/01/28","3800","ユニリタ","東証およびＰＴＳ",,"確報",0,0,0,0,0,0,0,0,0,0,0,0,0,0,,,0,0,0,0,0,0,0,0,0,0,0,0,0
"2026/01/26","2026/01/28","3802","エコミック","東証およびＰＴＳ",,"確報",0,0,100,0,0,0,100,0,0,48000,0,0,0,48000,,,0,0,0,0,0,0,0,0,0,0,0,0,0
"2026/01/26","2026/01/28","3803","イメージ情報開発","東証およびＰＴＳ",,"確報",0,200,4400,0,0,0,4400,0,104400,2296800,0,0,0,2296800,,,0,0,0,55200,0,0,31.1,38.8,25.9,31.1,0,0,0
"2026/01/26","2026/01/28","3804","システム　ディ","東証およびＰＴＳ",,"確報",0,0,0,0,0,0,0,0,0,0,0,0,0,0,,,0,0,0,0,0,0,1,1,1,1,0,0,0
"2026/01/26","2026/01/28","3807","フィスコ","東証およびＰＴＳ",,"確報",4800,700,289600,1200,2600,460800,-171200,600000,87500,36200000,150000,325000,57600000,-21400000,,,0,0,0,1142000,1848800,0,47.8,23.8,39.5,29.7,58.9,112.3,77.3
"2026/01/26","2026/01/28","380A","ＧＸチャイナテック","東証およびＰＴＳ",,"確報",110,0,231,231,50,231,0,129250,0,271425,271425,58750,271425,0,,,0,0,0,5687,2350,0,3.3,5.7,6.3,6,1.9,2,1.9
"2026/01/26","2026/01/28","3810","サイバーステップＨＤ","東証およびＰＴＳ",,"確報",0,1700,352900,0,0,0,352900,0,538900,111869300,0,0,0,111869300,,,0,0,0,0,0,0,95.1,50,958.6,95.1,0,0,0
"2026/01/26","2026/01/28","3815","メディア工房","東証およびＰＴＳ",,"確報",0,0,100,0,0,0,100,0,0,51700,0,0,0,51700,,,0,0,0,100,0,0,3,3,3,3,0,0,0
"2026/01/26","2026/01/28","3816","大和コンピューター","東証およびＰＴＳ",,"確報",0,0,1300,0,0,0,1300,0,0,1457300,0,0,0,1457300,,,0,0,1300,0,0,0,0,0,0,0,0,0,0
"2026/01/26","2026/01/28","3817","ＳＲＡＨＤ","東証およびＰＴＳ",,"確報",200,0,1300,0,0,100,1200,1128000,0,7332000,0,0,564000,6768000,,,0,0,0,99000,9000,0,3.9,4,7,5.1,3.1,2.1,2.5
"2026/01/26","2026/01/28","381A","ｉＦ米国債３５Ｈ無","東証およびＰＴＳ",,"確報",0,0,15,0,0,0,15,0,0,32565,0,0,0,32565,,,0,0,0,900,0,0,8,4,0,8,0,0,0
"2026/01/26","2026/01/28","3823","ＷＨＹ　ＨＯＷ　ＤＯ","東証およびＰＴＳ",,"確報",500,2900,483100,0,0,0,483100,28000,162400,27053600,0,0,0,27053600,,,0,0,485500,0,0,0,49.2,53.9,45.2,49.2,0,0,0
"2026/01/26","2026/01/28","3825","リミックスポイント","東証およびＰＴＳ",,"確報",1600,14700,699700,0,0,0,699700,430400,3954300,188219300,0,0,0,188219300,,,0,0,0,8553600,0,0,42.7,53.8,35.4,42.7,0,0,0
"2026/01/26","2026/01/28","3826","システムインテグレタ","東証およびＰＴＳ",,"確報",0,0,3400,0,200,2600,800,0,0,1696600,0,99800,1297400,399200,,,0,0,0,10200,8400,0,30.5,26.8,53.7,35.8,25.8,25.8,25.8
"2026/01/26","2026/01/28","382A","ｉＦ米国債３５Ｈ有","東証およびＰＴＳ",,"確報",0,0,3,0,0,0,3,0,0,5991,0,0,0,5991,,,0,0,3,0,0,0,8,4,0,8,0,0,0
"2026/01/26","2026/01/28","3834","朝日ネット","東証およびＰＴＳ",,"確報",300,0,5300,0,0,1400,3900,210000,0,3710000,0,0,980000,2730000,,,0,0,0,60000,16800,0,8.3,11.2,4.9,6.8,43.5,10.9,17.4
"2026/01/26","2026/01/28","3835","ｅＢＡＳＥ","東証およびＰＴＳ",,"確報",9900,100000,28300,1900,0,120300,-92000,4474800,45200000,12791600,858800,0,54375600,-41584000,,,0,0,0,592000,592000,0,7.3,2.3,2.2,2.2,135.9,166.1,149.5
"2026/01/26","2026/01/28","3836","アバントグループ","東証およびＰＴＳ",,"確報",1300,5700,15400,800,700,21600,-6200,2379000,10431000,28182000,1464000,1281000,39528000,-11346000,,,0,0,0,1227600,1333000,0,19,15.2,11.4,13.1,19.3,100.6,32.5
"2026/01/26","2026/01/28","3837","アドソル日進","東証およびＰＴＳ",,"確報",0,800,20500,500,100,4300,16200,0,1276000,32697500,797500,159500,6858500,25839000,,,0,0,0,937200,171600,0,22.9,43.8,50.1,46.8,6.7,7.6,7.1
"2026/01/26","2026/01/28","3839","ＯＤＫソリューション","東証およびＰＴＳ",,"確報",0,0,1200,100,0,1100,100,0,0,756000,63000,0,693000,63000,,,0,0,0,2400,2000,0,15.2,0,0,0,6.8,7.7,7.2
"2026/01/26","2026/01/28","383A","ＭＸＳＳＰ５００均等","東証およびＰＴＳ",,"確報",171,0,307,0,0,0,307,399456,0,717152,0,0,0,717152,,,0,0,0,11424,0,0,4.8,2.4,0,4.8,0,0,0
"2026/01/26","2026/01/28","3840","パス","東証およびＰＴＳ",,"確報",100,0,50700,0,0,0,50700,5900,0,2991300,0,0,0,2991300,,,0,0,0,50600,0,0,2531,2531,2531,2531,0,0,0
"2026/01/26","2026/01/28","3841","ジーダット","東証およびＰＴＳ",,"確報",0,0,3300,0,0,0,3300,0,0,4257000,0,0,0,4257000,,,0,0,0,29700,0,0,83.5,83.5,83.5,83.5,0,0,0
"2026/01/26","2026/01/28","3842","ネクストジェン","東証およびＰＴＳ",,"確報",0,100,2300,0,0,0,2300,0,106400,2447200,0,0,0,2447200,,,0,0,9600,0,0,0,58.5,117,39,58.5,0,0,0
"2026/01/26","2026/01/28","3843","フリービット","東証およびＰＴＳ",,"確報",0,200,1600,0,100,100,1500,0,337600,2700800,0,168800,168800,2532000,,,0,0,0,55800,6200,0,7.3,87,21.8,34.8,3.3,1.4,2
"2026/01/26","2026/01/28","3844","コムチュア","東証およびＰＴＳ",,"確報",100,0,4700,100,100,3400,1300,168000,0,7896000,168000,168000,5712000,2184000,,,0,0,0,262200,193800,0,42.7,39,33.4,36,57.3,57.3,57.3
"2026/01/26","2026/01/28","3845","アイフリークモバイル","東証およびＰＴＳ",,"確報",0,100,28900,0,0,0,28900,0,23700,6849300,0,0,0,6849300,,,0,0,290000,0,0,0,58.1,43.1,88.9,58.1,0,0,0
"2026/01/26","2026/01/28","3848","データ・アプリケショ","東証およびＰＴＳ",,"確報",0,1200,2900,0,1700,2400,500,0,1226400,2963800,0,1737400,2452800,511000,,,0,0,0,73800,73800,0,4.4,3.7,6.8,4.8,3,6.2,4.1
"2026/01/26","2026/01/28","3850","ＮＴＴＤイントラマト","東証およびＰＴＳ",,"確報",200,0,7100,0,0,0,7100,798000,0,28329000,0,0,0,28329000,,,0,0,103500,0,0,0,31.5,24.8,43.4,31.5,0,0,0
"2026/01/26","2026/01/28","3851","日本一ソフトウェア","東証およびＰＴＳ",,"確報",400,800,1900,0,400,1900,0,330400,660800,1569400,0,330400,1569400,0,,,0,0,0,6900,6900,0,14,14,7.5,9.7,112,14,24.9
"2026/01/26","2026/01/28","3853","アステリア","東証およびＰＴＳ",,"確報",14000,7800,372300,11200,1700,415900,-43600,19012000,10592400,505583400,15209600,2308600,564792200,-59208800,,,0,0,47959100,0,0,53238400,7.1,3.6,3.4,3.5,114.8,400.7,178.5
"2026/01/26","2026/01/28","3854","アイル","東証およびＰＴＳ",,"確報",300,0,8000,0,0,0,8000,744000,0,19840000,0,0,0,19840000,,,0,0,0,616000,0,0,59.2,38.5,128.3,59.2,0,0,0
"2026/01/26","2026/01/28","3856","Ａｂａｌａｎｃｅ","東証およびＰＴＳ",,"確報",2300,0,56800,0,0,0,56800,1301800,0,32148800,0,0,0,32148800,,,0,0,0,54500,0,0,34.3,37.6,31.5,34.3,0,0,0
"2026/01/26","2026/01/28","3858","ユビキタスＡＩ","東証およびＰＴＳ",,"確報",0,200,11100,0,0,0,11100,0,79800,4428900,0,0,0,4428900,,,0,0,0,146900,0,0,50.6,145.5,30.6,50.6,0,0,0
"2026/01/26","2026/01/28","3861","王子ホールディングス","東証およびＰＴＳ",,"確報",400,800,58600,5700,0,31400,27200,364600,729200,53413900,5195550,0,28621100,24792800,,,0,0,0,548700,239010,0,25.8,75.6,18.5,29.7,12.5,43.6,19.5
"2026/01/26","2026/01/28","3863","日本製紙","東証およびＰＴＳ",,"確報",1000,900,12800,1900,200,4300,8500,1179000,1061100,15091200,2240100,235800,5069700,10021500,,,0,0,0,165100,33800,0,9.3,10.1,14.3,11.9,3.9,5.3,4.5
"2026/01/26","2026/01/28","3864","三菱製紙","東証およびＰＴＳ",,"確報",1000,0,758200,0,200,6300,751900,671000,0,508752200,0,134200,4227300,504524900,,,0,0,0,6057600,52000,0,393.4,1406.6,550.4,791.2,13.2,5.5,7.8
"2026/01/26","2026/01/28","3865","北越コーポレーション","東証およびＰＴＳ",,"確報",1700,0,38800,5900,0,138800,-100000,1584400,0,36161600,5498800,0,129361600,-93200000,,,0,0,0,185500,664500,0,22.5,5.9,9,7.2,33,596.6,62.5
"2026/01/26","2026/01/28","386A","みのや","東証およびＰＴＳ",,"確報",0,200,3100,0,0,0,3100,0,327800,5080900,0,0,0,5080900,,,0,0,0,3300,0,0,23.5,25.1,22,23.5,0,0,0
"2026/01/26","2026/01/28","3877","中越パルプ工業","東証およびＰＴＳ",,"確報",0,0,5700,0,400,1900,3800,0,0,11462700,0,804400,3820900,7641800,,,0,0,0,74100,29900,0,30.7,144.5,144.5,144.5,21,7.4,11
"2026/01/26","2026/01/28","3878","巴川コーポレーション","東証およびＰＴＳ",,"確報",0,100,10500,0,0,0,10500,0,79500,8347500,0,0,0,8347500,,,0,0,0,31800,0,0,216,0,108,216,0,0,0
"2026/01/26","2026/01/28","387A","フラー","東証およびＰＴＳ",,"確報",0,300,6100,0,0,0,6100,0,489000,9943000,0,0,0,9943000,,,0,0,0,128000,0,0,54.7,109.3,36.4,54.7,0,0,0
"2026/01/26","2026/01/28","3880","大王製紙","東証およびＰＴＳ",,"確報",7700,20100,23500,9100,0,23500,0,7607600,19858800,23218000,8990800,0,23218000,0,,,0,0,0,610300,244800,0,9.8,22,7.6,11.2,4.1,68.2,7.7
"2026/01/26","2026/01/28","3891","ニッポン高度紙工業","東証およびＰＴＳ",,"確報",4000,2800,14100,1200,0,14100,0,14000000,9800000,49350000,4200000,0,49350000,0,,,0,0,0,1612500,1612500,0,6.1,3.2,4.2,3.6,12.3,204.7,23.2
"2026/01/26","2026/01/28","3892","岡山製紙","東証およびＰＴＳ",,"確報",100,1300,4500,600,0,10600,-6100,172100,2237300,7744500,1032600,0,18242600,-10498100,,,0,0,0,302100,530000,0,15.7,18.5,6.6,9.7,14.4,230,27.1
"2026/01/26","2026/01/28","3895","ハビックス","東証およびＰＴＳ",,"確報",0,0,7000,0,0,0,7000,0,0,3017000,0,0,0,3017000,,,0,0,49000,0,0,0,26.4,25.4,27.4,26.4,0,0,0
"2026/01/26","2026/01/28","3896","阿波製紙","東証およびＰＴＳ",,"確報",4000,3100,19000,0,0,0,19000,1920000,1488000,9120000,0,0,0,9120000,,,0,0,1013600,0,0,0,4.8,4.4,5.4,4.8,0,0,0
"2026/01/26","2026/01/28","3900","クラウドワークス","東証およびＰＴＳ",,"確報",2300,0,394400,6400,8400,388800,5600,1777900,0,304871200,4947200,6493200,300542400,4328800,,,0,0,0,8234100,8206800,0,202.9,819,1637.9,1091.9,109.6,113.4,111.5
"2026/01/26","2026/01/28","3901","マークラインズ","東証およびＰＴＳ",,"確報",0,100,17800,2200,0,12200,5600,0,152900,27216200,3363800,0,18653800,8562400,,,0,0,0,447500,250000,0,53.6,148.3,222.5,178,13.6,100.6,24
"2026/01/26","2026/01/28","3902","ＭＤＶ","東証およびＰＴＳ",,"確報",800,0,16200,0,300,15100,1100,1352800,0,27394200,0,507300,25534100,1860100,,,0,0,0,0,0,0,18.7,29.9,6.3,10.3,258.7,97,141.1
"2026/01/26","2026/01/28","3903","ｇｕｍｉ","東証およびＰＴＳ",,"確報",12700,6600,2114100,8900,0,1674100,440000,4673600,2428800,777988800,3275200,0,616068800,161920000,,,0,0,0,29512000,23312800,0,156.1,245.1,149,185.3,409.2,77.3,130
"2026/01/26","2026/01/28","3904","カヤック","東証およびＰＴＳ",,"確報",300,0,32700,0,0,0,32700,156600,0,17069400,0,0,0,17069400,,,0,0,0,648000,0,0,146.1,76.5,1607,146.1,0,0,0
"2026/01/26","2026/01/28","3905","データセクション","東証およびＰＴＳ",,"確報",3700,2800,1071800,600,0,1202200,-130400,7499900,5675600,2172538600,1216200,0,2436859400,-264320800,,,0,0,0,0,0,0,194.8,132.4,83.7,102.5,8606.4,547.7,1029.8
"2026/01/26","2026/01/28","3907","シリコンスタジオ","東証およびＰＴＳ",,"確報",100,0,2300,0,0,0,2300,72000,0,1656000,0,0,0,1656000,,,0,0,0,11000,0,0,72.7,54.5,109,72.7,0,0,0
"2026/01/26","2026/01/28","3908","コラボス","東証およびＰＴＳ",,"確報",0,500,17400,0,0,0,17400,0,148500,5167800,0,0,0,5167800,,,0,0,0,71600,0,0,16,9.2,58.3,16,0,0,0
"2026/01/26","2026/01/28","3909","ショーケース","東証およびＰＴＳ",,"確報",0,100,4500,0,0,0,4500,0,29300,1318500,0,0,0,1318500,,,0,0,0,13800,0,0,27.6,58.8,18.1,27.6,0,0,0
"2026/01/26","2026/01/28","3910","エムケイシステム","東証およびＰＴＳ",,"確報",0,100,0,0,0,0,0,0,31300,0,0,0,0,0,,,0,0,0,400,0,0,8,0,4,8,0,0,0
"2026/01/26","2026/01/28","3911","Ａｉｍｉｎｇ","東証およびＰＴＳ",,"確報",5100,0,117900,0,0,0,117900,1167900,0,26999100,0,0,0,26999100,,,0,0,0,451200,0,0,58.6,56.9,60.5,58.6,0,0,0
"2026/01/26","2026/01/28","3912","モバイルファクトリー","東証およびＰＴＳ",,"確報",200,300,1500,0,100,1500,0,216200,324300,1621500,0,108100,1621500,0,,,0,0,0,3200,3200,0,14.8,9.3,10.6,9.9,24.7,37,29.6
"2026/01/26","2026/01/28","3913","ＧｒｅｅｎＢｅｅ","東証およびＰＴＳ",,"確報",1700,700,8800,0,0,0,8800,2568700,1057700,13296800,0,0,0,13296800,,,0,0,0,156000,0,0,7.1,22.1,4.3,7.1,0,0,0
"2026/01/26","2026/01/28","3914","ＪＩＧ－ＳＡＷ","東証およびＰＴＳ",,"確報",0,600,8600,0,0,0,8600,0,1614000,23134000,0,0,0,23134000,,,0,0,0,552000,0,0,76,152,50.7,76,0,0,0
"2026/01/26","2026/01/28","3915","テラスカイ","東証およびＰＴＳ",,"確報",2000,4000,27600,2700,0,111000,-83400,4542000,9084000,62679600,6131700,0,252081000,-189401400,,,0,0,0,828800,3032400,0,29.3,28.4,11.9,16.8,19.7,728.3,38.3
"2026/01/26","2026/01/28","3916","ＤＩＴ","東証およびＰＴＳ",,"確報",1600,800,29400,2800,0,38000,-8600,2123200,1061600,39013800,3715600,0,50426000,-11412200,,,0,0,0,1716000,2112000,0,39.7,21,44.7,28.6,35.1,159.4,57.5
"2026/01/26","2026/01/28","3917","アイリッジ","東証およびＰＴＳ",,"確報",25800,1500,40400,0,4400,5300,35100,17415000,1012500,27270000,0,2970000,3577500,23692500,,,0,0,772800,0,0,465600,5.4,2.4,20,4.2,20.1,9,12.4
"2026/01/26","2026/01/28","3918","ＰＣＩＨＤ","東証およびＰＴＳ",,"確報",0,400,13300,0,0,0,13300,0,626800,20841100,0,0,0,20841100,,,0,0,0,548000,0,0,29.8,24.7,37.7,29.8,0,0,0
"2026/01/26","2026/01/28","3920","アイビーシー","東証およびＰＴＳ",,"確報",0,200,4900,0,200,100,4800,0,193200,4733400,0,193200,96600,4636800,,,0,0,0,122400,7200,0,58.4,125,62.5,83.3,13,6.5,8.7
"2026/01/26","2026/01/28","3921","ネオジャパン","東証およびＰＴＳ",,"確報",0,0,49400,0,0,900,48500,0,0,87289800,0,0,1590300,85699500,,,0,0,0,790400,14400,0,242.5,416.8,166.7,238.2,0,0,0
"2026/01/26","2026/01/28","3922","ＰＲ　ＴＩＭＥＳ","東証およびＰＴＳ",,"確報",1800,0,20100,100,1500,12200,7900,4836600,0,54008700,268700,4030500,32781400,21227300,,,0,0,0,2379000,1768000,0,12.3,17.5,45,25.2,3,20.6,5.3
"2026/01/26","2026/01/28","3923","ラクス","東証およびＰＴＳ",,"確報",900,3300,112700,4500,0,39900,72800,836100,3065700,104698300,4180500,0,37067100,67631200,,,0,0,0,1657440,509760,0,16.4,17.2,50.3,25.7,7.4,9.2,8.2
"2026/01/26","2026/01/28","3924","ランドコンピュータ","東証およびＰＴＳ",,"確報",0,100,2600,800,0,8700,-6100,0,96100,2498600,768800,0,8360700,-5862100,,,0,0,0,18900,55300,0,18.2,12.4,7.6,9.4,19.6,102.8,32.9
"2026/01/26","2026/01/28","3925","ダブルスタンダード","東証およびＰＴＳ",,"確報",3100,2700,108700,0,0,0,108700,5223500,4549500,183159500,0,0,0,183159500,,,0,0,0,2490900,0,0,120.3,112.8,128.9,120.3,0,0,0
"2026/01/26","2026/01/28","3926","オープンドア","東証およびＰＴＳ",,"確報",0,100,20700,0,0,0,20700,0,32500,6727500,0,0,0,6727500,,,0,0,0,228800,0,0,128.4,102.7,171.2,128.4,0,0,0
"2026/01/26","2026/01/28","3927","フーバーブレイン","東証およびＰＴＳ",,"確報",300,0,83500,0,0,0,83500,257100,0,71559500,0,0,0,71559500,,,0,0,0,2579200,0,0,243.5,180,376.4,243.5,0,0,0
"2026/01/26","2026/01/28","3928","マイネット","東証およびＰＴＳ",,"確報",0,1000,28700,700,0,9000,19700,0,299000,8581300,209300,0,2691000,5890300,,,0,0,29700,0,0,8300,20.3,38.1,28.2,32.4,3.7,0,7.4
"2026/01/26","2026/01/28","3929","ソーシャルワイヤー","東証およびＰＴＳ",,"確報",0,0,2100,0,0,0,2100,0,0,585900,0,0,0,585900,,,0,0,0,12600,0,0,21.8,120,12,21.8,0,0,0
"2026/01/26","2026/01/28","392A","ｉＳＱトップ","東証およびＰＴＳ",,"確報",550,0,21800,0,0,0,21800,127710,0,5061960,0,0,0,5061960,,,0,0,0,114750,0,0,7.6,4.2,44.5,7.6,0,0,0
"2026/01/26","2026/01/28","3930","はてな","東証およびＰＴＳ",,"確報",0,100,1800,0,0,0,1800,0,91200,1641600,0,0,0,1641600,,,0,0,0,7600,0,0,8.5,5.2,22.7,8.5,0,0,0
"2026/01/26","2026/01/28","3931","バリューゴルフ","東証およびＰＴＳ",,"確報",0,0,0,0,0,0,0,0,0,0,0,0,0,0,,,0,0,0,0,0,0,0,0,0,0,0,0,0
"2026/01/26","2026/01/28","3932","アカツキ","東証およびＰＴＳ",,"確報",500,100,20700,400,0,20700,0,1310000,262000,54234000,1048000,0,54234000,0,,,0,0,0,913500,913500,0,34.9,23.8,19,21.1,209.2,65.4,99.6
"2026/01/26","2026/01/28","3933","チエル","東証およびＰＴＳ",,"確報",0,0,4300,0,0,400,3900,0,0,2898200,0,0,269600,2628600,,,0,0,0,12900,1200,0,26.1,16.9,67.7,27.1,19,19,19
"2026/01/26","2026/01/28","3934","ベネフィットジャパン","東証およびＰＴＳ",,"確報",0,200,800,0,0,0,800,0,378200,1512800,0,0,0,1512800,,,0,0,0,7000,0,0,12,60,6.7,12,0,0,0
"2026/01/26","2026/01/28","3935","エディア","東証およびＰＴＳ",,"確報",300,200,28900,0,0,0,28900,232200,154800,22368600,0,0,0,22368600,,,0,0,0,489600,0,0,47.8,44.2,52.1,47.8,0,0,0
"2026/01/26","2026/01/28","3936","グローバルウェイ","東証およびＰＴＳ",,"確報",0,4000,130700,0,0,0,130700,0,588000,19212900,0,0,0,19212900,,,0,0,0,269400,0,0,14.9,9.7,32.3,14.9,0,0,0
"2026/01/26","2026/01/28","3937","Ｕｂｉｃｏｍ","東証およびＰＴＳ",,"確報",100,300,13900,0,100,1600,12300,106600,319800,14817400,0,106600,1705600,13111800,,,0,0,0,239700,28900,0,24.6,78.6,54.4,64.3,2.4,3.6,2.9
"2026/01/26","2026/01/28","3939","カナミックＮ","東証およびＰＴＳ",,"確報",7900,700,38500,7200,0,38500,0,3926300,347900,19134500,3578400,0,19134500,0,,,0,0,0,782500,782500,0,11.5,7.7,17.7,10.8,8.6,22.8,12.5
"2026/01/26","2026/01/28","3940","ノムラシステム","東証およびＰＴＳ",,"確報",8000,0,17000,0,0,1800,15200,1072000,0,2278000,0,0,241200,2036800,,,0,0,0,18000,3600,0,5.6,4.1,6.9,5.1,31.7,47.5,38
"2026/01/26","2026/01/28","3941","レンゴー","東証およびＰＴＳ",,"確報",2600,1000,26700,3200,200,26700,0,3326700,1279500,34162650,4094400,255900,34162650,0,,,0,0,0,263550,248850,0,11.8,7,9.4,8,16.7,53.2,25.4
"2026/01/26","2026/01/28","3943","大石産業","東証およびＰＴＳ",,"確報",0,0,3700,0,0,0,3700,0,0,5242900,0,0,0,5242900,,,0,0,0,40700,0,0,0,0,0,0,0,0,0
"2026/01/26","2026/01/28","3944","古林紙工","東証およびＰＴＳ",,"確報",0,0,0,0,0,0,0,0,0,0,0,0,0,0,,,0,0,0,0,0,0,1,1,1,1,0,0,0
"2026/01/26","2026/01/28","3945","スーパーバッグ","東証およびＰＴＳ",,"確報",100,0,500,0,0,0,500,280000,0,1400000,0,0,0,1400000,,,0,0,0,3200,0,0,10,8.3,12.5,10,0,0,0
"2026/01/26","2026/01/28","3946","トーモク","東証およびＰＴＳ",,"確報",0,300,1900,0,0,1800,100,0,1062000,6726000,0,0,6372000,354000,,,0,0,0,88000,72000,0,13.9,7.4,8,7.7,91,91,91
"2026/01/26","2026/01/28","3947","ダイナパック","東証およびＰＴＳ",,"確報",0,100,30700,0,0,0,30700,0,242700,74508900,0,0,0,74508900,,,0,0,0,1016400,0,0,310.4,517.3,221.7,310.4,0,0,0
"2026/01/26","2026/01/28","3948","光ビジネスフォーム","東証およびＰＴＳ",,"確報",0,0,0,0,0,0,0,0,0,0,0,0,0,0,,,0,0,0,0,0,0,0,0,0,0,0,0,0
"2026/01/26","2026/01/28","394A","業界改革厳選テレビ","東証およびＰＴＳ",,"確報",0,0,110,0,0,0,110,0,0,63558,0,0,0,63558,,,0,0,0,792,0,0,8,4,0,8,0,0,0
"2026/01/26","2026/01/28","3950","ザ・パック","東証およびＰＴＳ",,"確報",1900,0,2900,2700,300,20400,-17500,2420600,0,3694600,3439800,382200,25989600,-22295000,,,0,0,0,33000,594000,0,10,3.3,2.3,2.7,14.6,13.4,14
"2026/01/26","2026/01/28","3951","朝日印刷","東証およびＰＴＳ",,"確報",0,0,3200,200,0,300,2900,0,0,2864000,179000,0,268500,2595500,,,0,0,0,32000,1000,0,39.8,77,0,154,1.3,2.5,1.7
"2026/01/26","2026/01/28","3953","大村紙業","東証およびＰＴＳ",,"確報",0,0,1600,0,0,0,1600,0,0,1316800,0,0,0,1316800,,,0,0,0,8000,0,0,26,45.5,18.2,26,0,0,0
"2026/01/26","2026/01/28","3954","昭和パックス","東証およびＰＴＳ",,"確報",0,0,203000,0,0,0,203000,0,0,669900000,0,0,0,669900000,,,0,0,0,1015000,0,0,0,0,0,0,0,0,0
"2026/01/26","2026/01/28","3955","イムラ","東証およびＰＴＳ",,"確報",5200,0,11400,5200,0,11400,0,5330000,0,11685000,5330000,0,11685000,0,,,0,0,0,74400,74400,0,6.9,5.4,8.1,6.5,6.1,9.8,7.5
"2026/01/26","2026/01/28","3958","笹徳印刷","東証およびＰＴＳ",,"確報",0,0,13000,0,0,0,13000,0,0,7280000,0,0,0,7280000,,,0,0,13000,0,0,0,0,0,0,0,0,0,0
"2026/01/26","2026/01/28","395A","業界改革厳選地銀","東証およびＰＴＳ",,"確報",280,10,40320,0,0,0,40320,211624,7558,30473856,0,0,0,30473856,,,0,0,0,809010,0,0,7.8,3.9,254.4,7.8,0,0,0
"2026/01/26","2026/01/28","3961","シルバーエッグ","東証およびＰＴＳ",,"確報",0,0,0,0,0,0,0,0,0,0,0,0,0,0,,,0,0,0,0,0,0,4,6.5,2.9,4,0,0,0
"2026/01/26","2026/01/28","3962","チェンジＨＤ","東証およびＰＴＳ",,"確報",11000,2400,487200,0,0,30700,456500,11814000,2577600,523252800,0,0,32971800,490281000,,,0,0,0,10529200,675400,0,86.9,68.3,115.9,85.9,110.2,102.9,106.4
"2026/01/26","2026/01/28","3963","シンクロ・フード","東証およびＰＴＳ",,"確報",5600,600,84200,0,6300,152000,-67800,3432800,367800,51614600,0,3861900,93176000,-41561400,,,0,0,0,1188000,2374500,0,35.4,9.3,50.1,15.8,161.1,58.5,85.8
"2026/01/26","2026/01/28","3964","オークネット","東証およびＰＴＳ",,"確報",200,100,7300,200,100,7300,0,416400,208200,15198600,416400,208200,15198600,0,,,0,0,0,626400,626400,0,23.9,17.1,14.4,15.6,71.8,39.9,51.3
"2026/01/26","2026/01/28","3965","ＣＡＰ","東証およびＰＴＳ",,"確報",0,100,4300,0,0,0,4300,0,86100,3702300,0,0,0,3702300,,,0,0,22000,0,0,0,36.2,108.5,21.7,36.2,0,0,0
"2026/01/26","2026/01/28","3967","エルテス","東証およびＰＴＳ",,"確報",0,300,7800,0,0,0,7800,0,195000,5070000,0,0,0,5070000,,,0,0,0,64800,0,0,59.1,103.5,41.4,59.1,0,0,0
"2026/01/26","2026/01/28","3968","セグエグループ","東証およびＰＴＳ",,"確報",90400,8400,116900,64400,1800,97500,19400,49720000,4620000,64295000,35420000,990000,53625000,10670000,,,0,0,0,2582600,2582600,0,3.8,2,4.6,2.8,3.5,40.8,6.5
"2026/01/26","2026/01/28","3969","エイトレッド","東証およびＰＴＳ",,"確報",0,0,900,0,0,0,900,0,0,1341900,0,0,0,1341900,,,0,0,0,16200,0,0,0,0,0,0,0,0,0
"2026/01/26","2026/01/28","396A","業界改革厳選ＲＥＩＴ","東証およびＰＴＳ",,"確報",0,0,0,0,0,0,0,0,0,0,0,0,0,0,,,0,0,0,0,0,0,6,0,3,6,0,0,0
"2026/01/26","2026/01/28","3970","イノベーション","東証およびＰＴＳ",,"確報",0,0,600,0,0,0,600,0,0,579000,0,0,0,579000,,,0,0,3600,0,0,0,62,0,31,62,0,0,0
"2026/01/26","2026/01/28","3974","ＳＣＡＴ","東証およびＰＴＳ",,"確報",0,0,1200,0,0,0,1200,0,0,685200,0,0,0,685200,,,0,0,0,2400,0,0,0,0,0,0,0,0,0
"2026/01/26","2026/01/28","3979","うるる","東証およびＰＴＳ",,"確報",0,0,1600,0,0,0,1600,0,0,688000,0,0,0,688000,,,0,0,3200,0,0,0,26.9,0,13.4,26.9,0,0,0
"2026/01/26","2026/01/28","3981","ビーグリー","東証およびＰＴＳ",,"確報",1000,0,33500,0,0,0,33500,1257000,0,42109500,0,0,0,42109500,,,0,0,0,227500,0,0,74,37,0,74,0,0,0
"2026/01/26","2026/01/28","3983","オロ","東証およびＰＴＳ",,"確報",100,200,15100,2500,100,32900,-17800,213900,427800,32298900,5347500,213900,70373100,-38074200,,,0,0,0,623200,1250500,0,16.4,7,8.6,7.7,48.4,30.7,37.6
"2026/01/26","2026/01/28","3984","ユーザーローカル","東証およびＰＴＳ",,"確報",2700,1100,27800,1600,0,27800,0,5259600,2142800,54154400,3116800,0,54154400,0,,,0,0,0,943200,943200,0,31.5,18.9,39,25.5,26.5,94.6,41.4
"2026/01/26","2026/01/28","3985","テモナ","東証およびＰＴＳ",,"確報",0,0,5100,0,0,0,5100,0,0,1142400,0,0,0,1142400,,,0,0,0,10200,0,0,47.7,0,23.8,47.7,0,0,0
"2026/01/26","2026/01/28","3986","ビーブレイク","東証およびＰＴＳ",,"確報",0,0,1600,0,0,0,1600,0,0,758400,0,0,0,758400,,,0,0,0,8000,0,0,27.7,27.7,27.7,27.7,0,0,0
"2026/01/26","2026/01/28","3987","エコモット","東証およびＰＴＳ",,"確報",2700,0,3700,0,0,0,3700,1366200,0,1872200,0,0,0,1872200,,,0,0,1000,0,0,0,4.5,2.3,0,4.5,0,0,0
"2026/01/26","2026/01/28","3988","ＳＹＳＨＤ","東証およびＰＴＳ",,"確報",0,500,300,0,0,0,300,0,289000,173400,0,0,0,173400,,,0,0,3200,0,0,0,2.7,2.7,2.7,2.7,0,0,0
"2026/01/26","2026/01/28","3989","シェアリングＴ","東証およびＰＴＳ",,"確報",0,0,8400,0,0,0,8400,0,0,10122000,0,0,0,10122000,,,0,0,0,100800,0,0,54.7,0,27.4,54.7,0,0,0
"2026/01/26","2026/01/28","3991","ウォンテッドリー","東証およびＰＴＳ",,"確報",0,100,400,0,0,0,400,0,117000,468000,0,0,0,468000,,,0,0,0,14000,0,0,21,21,21,21,0,0,0
"2026/01/26","2026/01/28","3992","ニーズウェル","東証およびＰＴＳ",,"確報",10800,1000,98700,5600,0,314700,-216000,6080400,563000,55568100,3152800,0,177176100,-121608000,,,0,0,0,1155700,4018300,0,20,20.4,50.8,29.1,9.4,378.7,18.3
"2026/01/26","2026/01/28","3993","ＰＫＳＨＡ","東証およびＰＴＳ",,"確報",0,1900,666500,3200,200,256300,410200,0,6260500,2196117500,10544000,659000,844508500,1351609000,,,0,0,0,36762000,13931500,0,77,1112.8,710.3,867.1,11.7,385.7,22.7
"2026/01/26","2026/01/28","3994","マネーフォワード","東証およびＰＴＳ",,"確報",1900,3500,36600,2700,4300,36600,0,7816600,14399000,150572400,11107800,17690200,150572400,0,,,0,0,0,1031400,1031400,0,23,23,19.6,21.1,27.8,23,25.1
"2026/01/26","2026/01/28","3996","サインポスト","東証およびＰＴＳ",,"確報",0,0,63400,100,0,52700,10700,0,0,17498400,27600,0,14545200,2953200,,,0,0,0,253600,210400,0,504.4,453.6,352.8,396.9,656.5,875.3,750.3
"2026/01/26","2026/01/28","3997","トレードワークス","東証およびＰＴＳ",,"確報",84700,0,874800,11300,42900,424900,449900,41079500,0,424278000,5480500,20806500,206076500,218201500,,,0,0,0,36344600,20999000,0,24.1,26.6,25.5,26,21.6,20.7,21.1
"2026/01/26","2026/01/28","3998","すららネット","東証およびＰＴＳ",,"確報",2700,2800,20200,100,200,20200,0,896400,929600,6706400,33200,66400,6706400,0,,,0,0,121800,0,0,121800,34.8,27.9,17.7,21.7,1061,46.1,88.4
"2026/01/26","2026/01/28","399A","上場日経高配当５０","東証およびＰＴＳ",,"確報",661,0,6362,0,0,0,6362,1309441,0,12603122,0,0,0,12603122,,,0,0,0,273648,0,0,9,6.1,17.5,9,0,0,0
"2026/01/26","2026/01/28","4004","レゾナックＨＤ","東証およびＰＴＳ",,"確報",1000,17800,104400,0,7900,71400,33000,8019000,142738200,837183600,0,63350100,572556600,264627000,,,0,0,0,27876000,18239000,0,3.9,3.7,2.7,3.1,12.6,3.9,6
"2026/01/26","2026/01/28","4005","住友化学","東証およびＰＴＳ",,"確報",1900,7800,261000,10100,0,69400,191600,902500,3705000,123975000,4797500,0,32965000,91010000,,,0,0,0,1120980,249060,0,17.2,18.5,25.8,21.6,15.2,6.5,9.1
"2026/01/26","2026/01/28","4008","住友精化","東証およびＰＴＳ",,"確報",0,0,2500,0,900,1100,1400,0,0,13250000,0,4770000,5830000,7420000,,,0,0,0,275000,220000,0,12.5,124,0,248,4.6,4.6,4.6
"2026/01/26","2026/01/28","4011","ヘッドウォータース","東証およびＰＴＳ",,"確報",200,100,8100,0,0,0,8100,666000,333000,26973000,0,0,0,26973000,,,0,0,0,1360000,0,0,28.9,40.5,22.5,28.9,0,0,0
"2026/01/26","2026/01/28","4012","アクシス","東証およびＰＴＳ",,"確報",300,0,2300,100,0,300,2000,443700,0,3401700,147900,0,443700,2958000,,,0,0,0,28000,2800,0,18.7,11.9,0,23.8,2.7,0,5.3
"2026/01/26","2026/01/28","4013","勤次郎","東証およびＰＴＳ",,"確報",13600,700,119500,800,300,47100,72400,16075200,827400,141249000,945600,354600,55672200,85576800,,,0,0,0,3411200,1491200,0,29.9,13.7,126.9,24.7,32.2,180.8,54.7
"2026/01/26","2026/01/28","4014","カラダノート","東証およびＰＴＳ",,"確報",300,0,6000,0,0,0,6000,138600,0,2772000,0,0,0,2772000,,,0,0,0,17100,0,0,74.3,99,59.4,74.3,0,0,0
"2026/01/26","2026/01/28","4015","ペイクラウドＨＤ","東証およびＰＴＳ",,"確報",0,0,13900,0,0,0,13900,0,0,6936100,0,0,0,6936100,,,0,0,0,0,0,0,55.3,57.6,53.2,55.3,0,0,0
"2026/01/26","2026/01/28","4016","ＭＩＴＨＤ","東証およびＰＴＳ",,"確報",0,200,4300,0,0,0,4300,0,194400,4179600,0,0,0,4179600,,,0,0,4500,0,0,0,53.8,53.8,53.8,53.8,0,0,0
"2026/01/26","2026/01/28","4017","クリーマ","東証およびＰＴＳ",,"確報",0,0,4200,0,0,0,4200,0,0,1058400,0,0,0,1058400,,,0,0,0,8400,0,0,101,50.5,0,101,0,0,0
"2026/01/26","2026/01/28","4019","スタメン","東証およびＰＴＳ",,"確報",2700,700,77200,3300,0,86800,-9600,1998000,518000,57128000,2442000,0,64232000,-7104000,,,0,0,0,2331200,2588500,0,66.9,57.9,84.9,68.8,42.9,136.9,65.3
"2026/01/26","2026/01/28","401A","Ｒ－霞ヶ関ホテル","東証およびＰＴＳ",,"確報",0,10,196,0,0,0,196,0,1063000,20834800,0,0,0,20834800,,,0,0,0,0,0,0,10.6,5.8,62.2,10.6,0,0,0
"2026/01/26","2026/01/28","4020","ビートレンド","東証およびＰＴＳ",,"確報",0,0,1700,0,0,0,1700,0,0,1307300,0,0,0,1307300,,,0,0,0,10200,0,0,170,0,85,170,0,0,0
"2026/01/26","2026/01/28","4021","日産化学","東証およびＰＴＳ",,"確報",1000,600,6100,100,100,100,6000,5364000,3218400,32720400,536400,536400,536400,32184000,,,0,0,0,735300,12900,0,7.3,14.8,6.9,9.4,1,0.5,0.7
"2026/01/26","2026/01/28","4022","ラサ工業","東証およびＰＴＳ",,"確報",400,200,17300,0,1200,0,17300,2804000,1402000,121273000,0,8412000,0,121273000,,,0,0,0,4617000,324000,0,21.1,97.7,31.4,47.5,122,2.1,4.2
"2026/01/26","2026/01/28","4023","クレハ","東証およびＰＴＳ",,"確報",100,400,14500,2300,0,13100,1400,440000,1760000,63800000,10120000,0,57640000,6160000,,,0,0,0,1110000,810000,0,12.8,25.4,29.3,27.3,2.8,0,5.6
"2026/01/26","2026/01/28","4025","多木化学","東証およびＰＴＳ",,"確報",300,0,8200,300,0,8200,0,1191000,0,32554000,1191000,0,32554000,0,,,0,0,0,632000,632000,0,25.6,25.6,17.4,20.7,48.3,25.6,33.5
"2026/01/26","2026/01/28","4026","神島化学工業","東証およびＰＴＳ",,"確報",200,0,15900,2200,0,2900,13000,324400,0,25789800,3568400,0,4703800,21086000,,,0,0,0,471000,21000,0,23.7,34.3,197.5,58.5,4.9,4.3,4.6
"2026/01/26","2026/01/28","4027","テイカ","東証およびＰＴＳ",,"確報",76500,800,439400,6500,0,41900,397500,109395000,1144000,628342000,9295000,0,59917000,568425000,,,0,0,0,12002100,1168200,0,7.6,3.8,165.8,7.4,6.1,0,12.2
"2026/01/26","2026/01/28","4028","石原産業","東証およびＰＴＳ",,"確報",400,0,27100,0,0,0,27100,1144000,0,77506000,0,0,0,77506000,,,0,0,0,1815600,0,0,36.4,65.9,25.1,36.4,0,0,0
"2026/01/26","2026/01/28","402A","アクセルスペース","東証およびＰＴＳ",,"確報",100,48800,539000,0,0,0,539000,58500,28548000,315315000,0,0,0,315315000,,,0,0,0,8815500,0,0,2.9,2.8,2.9,2.9,0,0,0
"2026/01/26","2026/01/28","4031","片倉コープアグリ","東証およびＰＴＳ",,"確報",100,100,6100,100,0,3700,2400,97100,97100,5923100,97100,0,3592700,2330400,,,0,0,0,54900,32400,0,48.6,75.5,151,100.7,23,30.7,26.3
"2026/01/26","2026/01/28","4040","南海化学","東証およびＰＴＳ",,"確報",300,0,1900,0,0,0,1900,954000,0,6042000,0,0,0,6042000,,,0,0,0,48000,0,0,7,11,5.1,7,0,0,0
"2026/01/26","2026/01/28","4041","日本曹達","東証およびＰＴＳ",,"確報",1200,0,3700,1200,0,3700,0,4464000,0,13764000,4464000,0,13764000,0,,,0,0,0,100000,100000,0,7.5,6.7,10.8,8.3,3.9,22.8,6.7
"2026/01/26","2026/01/28","4042","東ソー","東証およびＰＴＳ",,"確報",14000,12300,19500,1900,200,19500,0,35385000,31088250,49286250,4802250,505500,49286250,0,,,0,0,0,703100,703100,0,2.6,1.4,1.5,1.5,13,18.5,15.3
"2026/01/26","2026/01/28","4043","トクヤマ","東証およびＰＴＳ",,"確報",500,600,19400,0,0,3000,16400,2237500,2685000,86815000,0,0,13425000,73390000,,,0,0,0,1111500,171000,0,11.7,13.9,25.7,18,5.2,3.9,4.5
"2026/01/26","2026/01/28","4044","セントラル硝子","東証およびＰＴＳ",,"確報",1100,1100,2400,0,0,2400,0,4031500,4031500,8796000,0,0,8796000,0,,,0,0,0,168000,168000,0,6.5,3.6,3.4,3.5,62,31,41.3
"2026/01/26","2026/01/28","4045","東亞合成","東証およびＰＴＳ",,"確報",500,2700,24800,5300,100,44200,-19400,879500,4749300,43623200,9322700,175900,77747800,-34124600,,,0,0,0,675000,975000,0,21.1,18.8,10.5,13.5,28.4,37.5,32.3
"2026/01/26","2026/01/28","4046","大阪ソーダ","東証およびＰＴＳ",,"確報",13200,300,31000,3300,0,33300,-2300,28934400,657600,67952000,7233600,0,72993600,-5041600,,,0,0,0,488700,810000,0,5.5,2.6,2.9,2.7,36.6,80.8,50.4
"2026/01/26","2026/01/28","4047","関東電化工業","東証およびＰＴＳ",,"確報",800,1200,73000,7200,0,135000,-62000,1028000,1542000,93805000,9252000,0,173475000,-79670000,,,0,0,0,1614800,2811600,0,31.5,14,32.9,19.6,26.5,164.7,45.7
"2026/01/26","2026/01/28","404A","ＧＸ中国テック１０","東証およびＰＴＳ",,"確報",0,0,15490,0,0,0,15490,0,0,17596640,0,0,0,17596640,,,0,0,0,697050,0,0,5.9,3.2,34.9,5.9,0,0,0
"2026/01/26","2026/01/28","4051","ＧＭＯ－ＦＧ","東証およびＰＴＳ",,"確報",5500,0,17300,0,0,0,17300,27115000,0,85289000,0,0,0,85289000,,,0,0,0,1652000,0,0,17.5,10.4,54.8,17.5,0,0,0
"2026/01/26","2026/01/28","4052","フィーチャ","東証およびＰＴＳ",,"確報",600,0,1100,0,0,0,1100,175800,0,322300,0,0,0,322300,,,0,0,0,0,0,0,5.9,6.8,5.1,5.9,0,0,0
"2026/01/26","2026/01/28","4053","サンアスタリスク","東証およびＰＴＳ",,"確報",23300,21500,105800,1800,0,105800,0,10554900,9739500,47927400,815400,0,47927400,0,,,0,0,0,1456000,1456000,0,11.5,6.3,7.2,6.7,29.1,66.9,40.5
"2026/01/26","2026/01/28","4054","日本情報クリエイト","東証およびＰＴＳ",,"確報",800,0,46300,0,100,0,46300,522400,0,30233900,0,65300,0,30233900,,,0,0,0,546000,1200,0,68.4,44.2,321.9,77.7,1.3,1.3,1.3
"2026/01/26","2026/01/28","4055","ティアンドエスＧ","東証およびＰＴＳ",,"確報",33100,19000,59300,900,0,46100,13200,59712400,34276000,106977200,1623600,0,83164400,23812800,,,0,0,0,4339200,4339200,0,3.6,1.9,2.1,2,35.2,132.6,55.7
"2026/01/26","2026/01/28","4056","ニューラルグループ","東証およびＰＴＳ",,"確報",0,100,11900,0,0,0,11900,0,41600,4950400,0,0,0,4950400,,,0,0,0,84000,0,0,92.3,60,200,92.3,0,0,0
"2026/01/26","2026/01/28","4057","インターファクトリー","東証およびＰＴＳ",,"確報",0,100,600,0,0,0,600,0,40300,241800,0,0,0,241800,,,0,0,0,7000,0,0,19.3,14.5,29,19.3,0,0,0
"2026/01/26","2026/01/28","4058","トヨクモ","東証およびＰＴＳ",,"確報",14400,6500,26200,1300,0,19600,6600,37209600,16796000,67700800,3359200,0,50646400,17054400,,,0,0,0,1848300,1848300,0,3.3,1.7,2,1.9,20,306,37.5
"2026/01/26","2026/01/28","4059","まぐまぐ","東証およびＰＴＳ",,"確報",0,0,600,0,0,0,600,0,0,315600,0,0,0,315600,,,0,0,1800,0,0,0,18.7,14,28,18.7,0,0,0
"2026/01/26","2026/01/28","4060","ｒａｋｕｍｏ","東証およびＰＴＳ",,"確報",0,100,11400,0,0,1000,10400,0,102500,11685000,0,0,1025000,10660000,,,0,0,0,69000,6000,0,112.4,94.8,284.5,142.3,49,24.5,32.7
"2026/01/26","2026/01/28","4061","デンカ","東証およびＰＴＳ",,"確報",200,1500,17000,1500,0,2100,14900,609800,4573500,51833000,4573500,0,6402900,45430100,,,0,0,0,860100,28200,0,13.8,16,24.4,19.3,2.2,2.9,2.5
"2026/01/26","2026/01/28","4062","イビデン","東証およびＰＴＳ",,"確報",90900,100,224400,0,7100,8200,216200,720018900,792100,1777472400,0,56239100,64952200,1712520200,,,0,0,0,48496800,5553900,0,3.8,3.4,5.6,4.2,4.5,2.4,3.2
"2026/01/26","2026/01/28","4063","信越化学工業","東証およびＰＴＳ",,"確報",25900,0,191500,2700,12900,25100,166400,141129100,0,1043483500,14712300,70292100,136769900,906713600,,,0,0,0,30139200,6424600,0,15.9,21.1,27.8,24,6.6,4.8,5.5
"2026/01/26","2026/01/28","4064","日本カーバイド工業","東証およびＰＴＳ",,"確報",600,100,10100,0,1400,3500,6600,1567800,261300,26391300,0,3658200,9145500,17245800,,,0,0,0,883200,450800,0,22.3,44.3,12.8,19.9,228,16.3,30.4
"2026/01/26","2026/01/28","4068","ベイシス","東証およびＰＴＳ",,"確報",100,0,200,0,0,0,200,176300,0,352600,0,0,0,352600,,,0,0,0,900,0,0,6,6,6,6,0,0,0
"2026/01/26","2026/01/28","4069","ＢｌｕｅＭｅｍｅ","東証およびＰＴＳ",,"確報",0,0,400,0,0,0,400,0,0,584400,0,0,0,584400,,,0,0,7600,0,0,0,8.7,0,4.3,8.7,0,0,0
"2026/01/26","2026/01/28","4071","プラスアルファ","東証およびＰＴＳ",,"確報",0,300,10500,700,0,6800,3700,0,705000,24675000,1645000,0,15980000,8695000,,,0,0,0,0,0,0,33.5,49.6,21.8,30.3,40.6,40.6,40.6
"2026/01/26","2026/01/28","4072","電算システムＨＤ","東証およびＰＴＳ",,"確報",200,0,33900,300,0,4000,29900,672000,0,113904000,1008000,0,13440000,100464000,,,0,0,0,3538500,388500,0,19.3,18.2,41.6,25.3,7.5,6.6,7
"2026/01/26","2026/01/28","4073","ジィ・シィ企画","東証およびＰＴＳ",,"確報",0,0,3500,0,0,0,3500,0,0,2026500,0,0,0,2026500,,,0,0,0,0,0,0,0,0,0,0,0,0,0
"2026/01/26","2026/01/28","4074","ラキール","東証およびＰＴＳ",,"確報",26100,200,74900,2300,0,103600,-28700,18896400,144800,54227600,1665200,0,75006400,-20778800,,,0,0,1029000,0,0,2127300,14.6,4.9,11.3,6.8,22.8,0,45.5
"2026/01/26","2026/01/28","4075","ブレインズ","東証およびＰＴＳ",,"確報",300,0,1900,0,0,0,1900,246300,0,1559900,0,0,0,1559900,,,0,0,0,19200,0,0,19.3,21.8,17.4,19.3,0,0,0
"2026/01/26","2026/01/28","4076","シイエヌエス","東証およびＰＴＳ",,"確報",0,0,1900,0,0,0,1900,0,0,3496000,0,0,0,3496000,,,0,0,0,83600,0,0,27.1,13.6,0,27.1,0,0,0
"2026/01/26","2026/01/28","4078","堺化学工業","東証およびＰＴＳ",,"確報",800,0,8500,0,1300,1200,7300,2684000,0,28517500,0,4361500,4026000,24491500,,,0,0,0,385000,125000,0,17.3,25.3,13.1,17.3,0,8.6,17.2
"2026/01/26","2026/01/28","407A","ＵＮＩＣＯＮ　ＨＤ","東証およびＰＴＳ",,"確報",0,0,3400,0,0,0,3400,0,0,4080000,0,0,0,4080000,,,0,0,68000,0,0,0,28.8,26.7,31.2,28.8,0,0,0
"2026/01/26","2026/01/28","4080","田中化学研究所","東証およびＰＴＳ",,"確報",0,4900,20900,0,0,0,20900,0,2018800,8610800,0,0,0,8610800,,,0,0,0,51600,0,0,3.4,2.9,4.1,3.4,0,0,0
"2026/01/26","2026/01/28","4082","第一稀元素化学工業","東証およびＰＴＳ",,"確報",6300,8100,281500,0,2600,213300,68200,18490500,23773500,826202500,0,7631000,626035500,200167000,,,0,0,8499000,0,0,6477000,26.4,12.4,24.9,16.5,146.8,78.8,102.6
"2026/01/26","2026/01/28","4088","エア・ウォーター","東証およびＰＴＳ",,"確報",2900,100,21700,0,0,4900,16800,6799050,234450,50875650,0,0,11488050,39387600,,,0,0,0,661500,171500,0,10.5,7.1,10.3,8.4,0,245,490
"2026/01/26","2026/01/28","408A","ｉＳベストＡＩ","東証およびＰＴＳ",,"確報",1230,0,14190,0,0,0,14190,273060,0,3150180,0,0,0,3150180,,,0,0,0,90720,0,0,12.1,6.7,63.6,12.1,0,0,0
"2026/01/26","2026/01/28","4091","日本酸素ＨＤ","東証およびＰＴＳ",,"確報",200,0,7100,800,100,5100,2000,920600,0,32681300,3682400,460300,23475300,9206000,,,0,0,0,503700,321200,0,12.8,15.2,22.3,18.1,9.5,8.4,8.9
"2026/01/26","2026/01/28","4092","日本化学工業","東証およびＰＴＳ",,"確報",0,200,11100,600,1200,6200,4900,0,628000,34854000,1884000,3768000,19468000,15386000,,,0,0,0,1017000,612000,0,20.8,18.3,24.9,21.1,44.8,13.3,20.5
"2026/01/26","2026/01/28","4093","東邦アセチレン","東証およびＰＴＳ",,"確報",1400,100,13400,0,0,0,13400,519400,37100,4971400,0,0,0,4971400,,,0,0,0,48400,0,0,22,11.9,137.3,22,0,0,0
"2026/01/26","2026/01/28","4094","日本化学産業","東証およびＰＴＳ",,"確報",0,100,2300,0,0,0,2300,0,269500,6198500,0,0,0,6198500,,,0,0,7200,0,0,0,79.3,119,59.5,79.3,0,0,0
"2026/01/26","2026/01/28","4095","日本パーカライジング","東証およびＰＴＳ",,"確報",300,3700,9900,5300,0,23600,-13700,445200,5490800,14691600,7865200,0,35022400,-20330800,,,0,0,0,252700,347700,0,15.8,12.6,10.8,11.6,11.2,131.4,20.7
"2026/01/26","2026/01/28","4097","高圧ガス工業","東証およびＰＴＳ",,"確報",100,200,9400,0,100,9400,0,110900,221800,10424600,0,110900,10424600,0,,,0,0,0,237500,237500,0,10.1,26.8,8.1,12.4,0,4.3,8.7
"2026/01/26","2026/01/28","4098","チタン工業","東証およびＰＴＳ",,"確報",6300,0,18700,0,0,0,18700,8586900,0,25488100,0,0,0,25488100,,,0,0,0,806000,0,0,5.4,4.3,7.1,5.4,0,0,0
"2026/01/26","2026/01/28","4099","四国化成ＨＤ","東証およびＰＴＳ",,"確報",400,1900,16200,3100,0,32400,-16200,1234000,5861500,49977000,9563500,0,99954000,-49977000,,,0,0,0,708000,1172000,0,11.2,6.9,4.4,5.4,20.7,67.6,31.6
"2026/01/26","2026/01/28","409A","オリオンビール","東証およびＰＴＳ",,"確報",200,1100,57900,0,0,0,57900,274200,1508100,79380900,0,0,0,79380900,,,0,0,470400,0,0,0,51.1,131.1,31.7,51.1,0,0,0
"2026/01/26","2026/01/28","4100","戸田工業","東証およびＰＴＳ",,"確報",5800,600,85500,5200,0,85500,0,8265000,855000,121837500,7410000,0,121837500,0,,,0,0,0,4015000,4015000,0,11.7,5.3,14.7,7.8,13.5,89.5,23.4
"2026/01/26","2026/01/28","4102","丸尾カルシウム","東証およびＰＴＳ",,"確報",0,0,400,0,0,0,400,0,0,572800,0,0,0,572800,,,0,0,0,3600,0,0,0,0,0,0,0,0,0
"2026/01/26","2026/01/28","4107","伊勢化学工業","東証およびＰＴＳ",,"確報",2400,5900,111000,0,0,0,111000,14856000,36521000,687090000,0,0,0,687090000,,,0,0,3435000,0,0,0,18,15.5,21.5,18,0,0,0
"2026/01/26","2026/01/28","4109","ステラ　ケミファ","東証およびＰＴＳ",,"確報",400,14100,12500,1900,0,28100,-15600,2036000,71769000,63625000,9671000,0,143029000,-79404000,,,0,0,0,1834000,1834000,0,13.1,9.2,6,7.3,20.5,143.7,35.9
"2026/01/26","2026/01/28","410A","ＧＭＯコマース","東証およびＰＴＳ",,"確報",300,200,10900,0,0,0,10900,389700,259800,14159100,0,0,0,14159100,,,0,0,21600,0,0,0,54.1,36.1,108.2,54.1,0,0,0
"2026/01/26","2026/01/28","4112","保土谷化学工業","東証およびＰＴＳ",,"確報",700,400,761000,2400,100,77200,683800,1610000,920000,1750300000,5520000,230000,177560000,1572740000,,,0,0,0,28906600,2846200,0,556.4,2925.8,2377.3,2623.2,33.6,336.1,61.1
"2026/01/26","2026/01/28","4113","田岡化学工業","東証およびＰＴＳ",,"確報",900,0,17600,0,0,0,17600,1348200,0,26364800,0,0,0,26364800,,,0,0,0,233800,0,0,32.9,32.9,32.9,32.9,0,0,0
"2026/01/26","2026/01/28","4114","日本触媒","東証およびＰＴＳ",,"確報",600,100,33000,1600,200,15600,17400,1337700,222950,73573500,3567200,445900,34780200,38793300,,,0,0,0,926250,404700,0,16.8,59.5,13.4,21.9,6.8,21,10.3
"2026/01/26","2026/01/28","4116","大日精化工業","東証およびＰＴＳ",,"確報",800,0,6100,200,0,2900,3200,3480000,0,26535000,870000,0,12615000,13920000,,,0,0,0,371000,189000,0,24.3,17.1,54.6,26,30.4,16.9,21.7
"2026/01/26","2026/01/28","4118","カネカ","東証およびＰＴＳ",,"確報",1800,0,21900,1800,600,3800,18100,8404200,0,102251100,8404200,2801400,17742200,84508900,,,0,0,0,1065300,137800,0,26.7,48.1,48.1,48.1,3.9,11.9,5.8
"2026/01/26","2026/01/28","4119","日本ピグメントＨＤ","東証およびＰＴＳ",,"確報",200,0,1500,0,0,0,1500,769000,0,5767500,0,0,0,5767500,,,0,0,0,65000,0,0,4,3.7,4.4,4,0,0,0
"2026/01/26","2026/01/28","4120","スガイ化学工業","東証およびＰＴＳ",,"確報",0,100,100,0,0,0,100,0,245100,245100,0,0,0,245100,,,0,0,0,4400,0,0,1.8,5,1.1,1.8,0,0,0
"2026/01/26","2026/01/28","4124","大阪油化工業","東証およびＰＴＳ",,"確報",100,100,300,0,0,0,300,244700,244700,734100,0,0,0,734100,,,0,0,0,1800,0,0,8.7,6.5,13,8.7,0,0,0
"2026/01/26","2026/01/28","4125","三和油化工業","東証およびＰＴＳ",,"確報",0,600,8900,0,0,0,8900,0,1578000,23407000,0,0,0,23407000,,,0,0,180500,0,0,0,31.8,34.2,29.7,31.8,0,0,0
"2026/01/26","2026/01/28","412A","台湾テック５０","東証およびＰＴＳ",,"確報",0,16,678,0,0,0,678,0,44400,1881450,0,0,0,1881450,,,0,0,0,17350,0,0,27.4,14.8,179.5,27.4,0,0,0
"2026/01/26","2026/01/28","413A","ｉＦ台湾テック","東証およびＰＴＳ",,"確報",300,0,360,0,0,0,360,766800,0,920160,0,0,0,920160,,,0,0,0,2160,0,0,2.6,1.6,7.4,2.6,0,0,0
"2026/01/26","2026/01/28","414A","オーバーラップ","東証およびＰＴＳ",,"確報",300,100,47700,0,0,0,47700,302100,100700,48033900,0,0,0,48033900,,,0,0,0,1045000,0,0,46.8,34.4,73.1,46.8,0,0,0
"2026/01/26","2026/01/28","4151","協和キリン","東証およびＰＴＳ",,"確報",0,1600,11600,500,900,10900,700,0,4178400,30293400,1305750,2350350,28465350,1828050,,,0,0,0,481800,412450,0,14.8,11.9,17.2,14.1,14.1,17.6,15.6
"2026/01/26","2026/01/28","415A","ＧＭＯＴＥ－ＨＤ","東証およびＰＴＳ",,"確報",0,0,700,0,0,0,700,0,0,3304000,0,0,0,3304000,,,0,0,0,17500,0,0,37,37,37,37,0,0,0
"2026/01/26","2026/01/28","4165","プレイド","東証およびＰＴＳ",,"確報",21200,14500,116600,4900,100,114700,1900,17002400,11629000,93513200,3929800,80200,91989400,1523800,,,0,0,0,2417800,2417800,0,11.3,5.8,7.4,6.5,26.3,258.4,47.8
"2026/01/26","2026/01/28","4166","かっこ","東証およびＰＴＳ",,"確報",0,2300,15400,0,0,0,15400,0,1773300,11873400,0,0,0,11873400,,,0,0,0,513300,0,0,30.4,26.9,35,30.4,0,0,0
"2026/01/26","2026/01/28","4167","ココペリ","東証およびＰＴＳ",,"確報",100,0,33900,100,0,33900,0,30300,0,10271700,30300,0,10271700,0,,,0,0,0,0,0,0,375.1,337.6,337.6,337.6,422,422,422
"2026/01/26","2026/01/28","4168","ヤプリ","東証およびＰＴＳ",,"確報",200,300,65200,100,1000,15900,49300,162000,243000,52812000,81000,810000,12879000,39933000,,,0,0,0,1697800,436800,0,49.9,100.6,43.7,60.9,41.5,22.9,29.6
"2026/01/26","2026/01/28","4169","ＥＮＥＣＨＡＮＧＥ","東証およびＰＴＳ",,"確報",1300,200,38000,0,0,0,38000,369200,56800,10792000,0,0,0,10792000,,,0,0,0,516600,0,0,97.5,61.8,231.6,97.5,0,0,0
"2026/01/26","2026/01/28","416A","富士ユナイトＨＤ","東証およびＰＴＳ",,"確報",0,200,10400,0,200,10400,0,0,255000,13260000,0,255000,13260000,0,,,0,0,0,0,0,0,26.9,16.9,43.7,24.4,19.4,65.5,29.9
"2026/01/26","2026/01/28","4170","ＫａｉｚｅｎＰＦ","東証およびＰＴＳ",,"確報",21100,17000,43000,5100,4400,39600,3400,4620900,3723000,9417000,1116900,963600,8672400,744600,,,0,0,1128100,0,0,1128100,13.6,8,9.6,8.7,30.2,33.8,31.9
"2026/01/26","2026/01/28","4171","グローバルＩ","東証およびＰＴＳ",,"確報",0,200,200,0,0,0,200,0,282000,282000,0,0,0,282000,,,0,0,0,3600,0,0,5.6,0,2.8,5.6,0,0,0
"2026/01/26","2026/01/28","4172","Ｈｉクラテス","東証およびＰＴＳ",,"確報",0,0,0,0,0,0,0,0,0,0,0,0,0,0,,,0,0,0,0,0,0,0,0,0,0,0,0,0
"2026/01/26","2026/01/28","4174","アピリッツ","東証およびＰＴＳ",,"確報",0,100,2200,0,0,0,2200,0,68500,1507000,0,0,0,1507000,,,0,0,11500,0,0,0,112,112,112,112,0,0,0
"2026/01/26","2026/01/28","4175","ｃｏｌｙ","東証およびＰＴＳ",,"確報",0,200,7900,0,0,0,7900,0,358000,14141000,0,0,0,14141000,,,0,0,0,153900,0,0,56.9,99.5,39.8,56.9,0,0,0
"2026/01/26","2026/01/28","4176","ココナラ","東証およびＰＴＳ",,"確報",59100,55700,189200,3400,0,189200,0,21630600,20386200,69247200,1244400,0,69247200,0,,,0,0,0,2601200,2601200,0,8.9,4.5,5.5,4.9,25,0,49.9
"2026/01/26","2026/01/28","4177","ｉ‐ｐｌｕｇ","東証およびＰＴＳ",,"確報",0,0,300,0,0,0,300,0,0,551700,0,0,0,551700,,,0,0,16200,0,0,0,0,0,0,0,0,0,0
"2026/01/26","2026/01/28","4178","Ｓイノベーション","東証およびＰＴＳ",,"確報",0,0,2200,0,0,0,2200,0,0,1346400,0,0,0,1346400,,,0,0,8800,0,0,0,0,0,0,0,0,0,0
"2026/01/26","2026/01/28","4179","ジーネクスト","東証およびＰＴＳ",,"確報",0,0,5400,0,0,0,5400,0,0,1900800,0,0,0,1900800,,,0,0,5400,0,0,0,137,0,68.5,137,0,0,0
"2026/01/26","2026/01/28","417A","ブルーゾーンＨＤ","東証およびＰＴＳ",,"確報",3600,1200,9000,100,500,6200,2800,31680000,10560000,79200000,880000,4400000,54560000,24640000,,,0,0,0,396000,396000,0,6.3,3.9,4.5,4.2,15.2,20.3,17.4
"2026/01/26","2026/01/28","4180","Ａｐｐｉｅｒ","東証およびＰＴＳ",,"確報",3700,1600,289600,0,0,0,289600,3977500,1720000,311320000,0,0,0,311320000,,,0,0,0,5175000,0,0,6.5,6.4,6.7,6.5,0,0,0
"2026/01/26","2026/01/28","4182","三菱瓦斯化学","東証およびＰＴＳ",,"確報",3400,200,33000,0,1600,13400,19600,10376800,610400,100716000,0,4883200,40896800,59819200,,,0,0,0,2473400,1245000,0,8.3,6.6,9.2,7.7,31.3,5.8,9.7
"2026/01/26","2026/01/28","4183","三井化学","東証およびＰＴＳ",,"確報",0,7300,19400,1100,0,7000,12400,0,16315500,43359000,2458500,0,15645000,27714000,,,0,0,0,253650,56050,0,7.6,13.8,6.1,8.5,5.1,6.3,5.6
"2026/01/26","2026/01/28","4186","東京応化工業","東証およびＰＴＳ",,"確報",1600,0,35100,800,0,4200,30900,10398400,0,228114900,5199200,0,27295800,200819100,,,0,0,0,3718500,377400,0,9.5,12.4,42.6,19.2,2.4,2.6,2.5
"2026/01/26","2026/01/28","4187","大阪有機化学工業","東証およびＰＴＳ",,"確報",300,0,18600,700,0,10400,8200,1200000,0,74400000,2800000,0,41600000,32800000,,,0,0,0,2379000,1261000,0,21.2,23.9,33.3,27.8,16.2,13.6,14.8
"2026/01/26","2026/01/28","4188","三菱ケミカルグループ","東証およびＰＴＳ",,"確報",6100,1000,30800,600,400,14900,15900,6136600,1006000,30984800,603600,402400,14989400,15995400,,,0,0,0,449750,257250,0,8.9,14.7,7.6,10,7.5,7.1,7.3
"2026/01/26","2026/01/28","4189","ＫＨネオケム","東証およびＰＴＳ",,"確報",100,500,10600,0,200,700,9900,257000,1285000,27242000,0,514000,1799000,25443000,,,0,0,0,495000,40500,0,12.6,56,8.9,15.3,28,2.4,4.5
"2026/01/26","2026/01/28","4192","スパイダープラス","東証およびＰＴＳ",,"確報",48700,25900,227000,100,7100,227000,0,15145700,8054900,70597000,31100,2208100,70597000,0,,,0,0,0,1837800,2106000,0,15.6,7.5,8.7,8.1,191.8,99.1,130.7
"2026/01/26","2026/01/28","4193","ファブリカＨＤ","東証およびＰＴＳ",,"確報",200,0,900,0,0,0,900,409000,0,1840500,0,0,0,1840500,,,0,0,7000,0,0,0,24.7,18.5,37,24.7,0,0,0
"2026/01/26","2026/01/28","4194","ビジョナル","東証およびＰＴＳ",,"確報",400,100,7200,200,0,3100,4100,3477200,869300,62589600,1738600,0,26948300,35641300,,,0,0,0,1959600,823600,0,23.8,16.6,33.2,22.1,83.5,16.7,27.8
"2026/01/26","2026/01/28","4196","ネオマーケティング","東証およびＰＴＳ",,"確報",0,100,700,0,0,0,700,0,122300,856100,0,0,0,856100,,,0,0,2400,0,0,0,9.7,5.8,29,9.7,0,0,0
"2026/01/26","2026/01/28","4197","アスマーク","東証およびＰＴＳ",,"確報",0,0,1200,0,0,0,1200,0,0,2814000,0,0,0,2814000,,,0,0,0,3600,0,0,0,0,0,0,0,0,0
"2026/01/26","2026/01/28","4198","テンダ","東証およびＰＴＳ",,"確報",0,0,13200,0,0,0,13200,0,0,7458000,0,0,0,7458000,,,0,0,79200,0,0,0,659,659,659,659,0,0,0
"2026/01/26","2026/01/28","4199","ワンダープラネット","東証およびＰＴＳ",,"確報",900,0,17800,0,0,0,17800,1312200,0,25952400,0,0,0,25952400,,,0,0,0,1436500,0,0,40,22.7,168.2,40,0,0,0
"2026/01/26","2026/01/28","4202","ダイセル","東証およびＰＴＳ",,"確報",2800,3000,9800,100,300,9800,0,4074000,4365000,14259000,145500,436500,14259000,0,,,0,0,0,275000,275000,0,7.5,5,4.6,4.8,21.7,15.6,18.1
"2026/01/26","2026/01/28","4203","住友ベークライト","東証およびＰＴＳ",,"確報",1900,0,7900,700,0,5000,2900,10070000,0,41870000,3710000,0,26500000,15370000,,,0,0,0,864000,619200,0,3.9,2.1,3.4,2.6,11.5,11,11.3
"2026/01/26","2026/01/28","4204","積水化学工業","東証およびＰＴＳ",,"確報",15100,2200,186600,0,0,0,186600,41706200,6076400,515389200,0,0,0,515389200,,,0,0,0,10508850,0,0,40.1,26.7,80.6,40.1,0,0,0
"2026/01/26","2026/01/28","4205","日本ゼオン","東証およびＰＴＳ",,"確報",800,0,23100,1100,0,10800,12300,1542800,0,44548350,2121350,0,20827800,23720550,,,0,0,0,1003500,436500,0,20.3,23.4,22.5,23,10.3,32.4,15.6
"2026/01/26","2026/01/28","4206","アイカ工業","東証およびＰＴＳ",,"確報",0,300,16500,0,0,0,16500,0,1078800,59334000,0,0,0,59334000,,,0,0,0,84000,0,0,63.8,430.5,34.4,63.8,0,0,0
"2026/01/26","2026/01/28","4208","ＵＢＥ","東証およびＰＴＳ",,"確報",600,2300,24600,1600,0,2200,22400,1614000,6187000,66174000,4304000,0,5918000,60256000,,,0,0,0,894200,20400,0,15.9,21.4,17.5,19.3,2.4,2.5,2.5
"2026/01/26","2026/01/28","4212","積水樹脂","東証およびＰＴＳ",,"確報",6900,2900,8500,100,100,4500,4000,14724600,6188600,18139000,213400,213400,9603000,8536000,,,0,0,0,175500,175500,0,2.2,1.3,1.5,1.4,11.4,13.2,12.2
"2026/01/26","2026/01/28","4216","旭有機材","東証およびＰＴＳ",,"確報",1300,0,3300,1700,1600,43100,-39800,7228000,0,18348000,9452000,8896000,239636000,-221288000,,,0,0,0,180000,3870000,0,29.7,4.6,9.3,6.2,36.7,36.1,36.4
"2026/01/26","2026/01/28","4218","ニチバン","東証およびＰＴＳ",,"確報",0,0,700,1900,100,25700,-25000,0,0,1356600,3682200,193800,49806600,-48450000,,,0,0,0,16100,549700,0,33.8,0,9.8,19.5,23,70.3,34.6
"2026/01/26","2026/01/28","421A","ムービン","東証およびＰＴＳ",,"確報",200,100,5200,0,0,0,5200,590800,295400,15360800,0,0,0,15360800,,,0,0,525300,0,0,0,26,39,19.5,26,0,0,0
"2026/01/26","2026/01/28","4220","リケンテクノス","東証およびＰＴＳ",,"確報",200,0,8900,0,100,0,8900,314400,0,13990800,0,157200,0,13990800,,,0,0,0,452400,5200,0,79.1,72,144,96,3,3,3
"2026/01/26","2026/01/28","4221","大倉工業","東証およびＰＴＳ",,"確報",100,100,3400,800,0,1300,2100,479500,479500,16303000,3836000,0,6233500,10069500,,,0,0,0,510000,75000,0,2.6,2.4,2.2,2.3,8.5,2.6,4
"2026/01/26","2026/01/28","4222","児玉化学工業","東証およびＰＴＳ",,"確報",16500,1600,207600,0,0,0,207600,14223000,1379200,178951200,0,0,0,178951200,,,0,0,0,5781000,0,0,24.9,14.5,86.8,24.9,0,0,0
"2026/01/26","2026/01/28","4224","ロンシール工業","東証およびＰＴＳ",,"確報",100,0,900,0,0,0,900,197300,0,1775700,0,0,0,1775700,,,0,0,0,36000,0,0,16.4,10.3,41,16.4,0,0,0
"2026/01/26","2026/01/28","4228","積水化成品工業","東証およびＰＴＳ",,"確報",12000,300,34700,1100,0,8600,26100,5088000,127200,14712800,466400,0,3646400,11066400,,,0,0,0,322000,105000,0,8.4,5.6,45,9.9,4,11.2,5.9
"2026/01/26","2026/01/28","4229","群栄化学工業","東証およびＰＴＳ",,"確報",1100,0,202000,1200,0,18600,183400,4592500,0,843350000,5010000,0,77655000,765695000,,,0,0,5022500,0,0,435000,192.3,591.9,591.9,591.9,14.8,47.4,22.5
"2026/01/26","2026/01/28","4231","タイガースポリマー","東証およびＰＴＳ",,"確報",100,0,3600,800,0,1300,2300,96600,0,3477600,772800,0,1255800,2221800,,,0,0,0,80500,11500,0,13,46,16.7,24.5,2.6,5.2,3.4
"2026/01/26","2026/01/28","4234","サンエー化研","東証およびＰＴＳ",,"確報",200,1400,13600,0,0,0,13600,166200,1163400,11301600,0,0,0,11301600,,,0,0,0,59200,0,0,31.2,26.8,37.3,31.2,0,0,0
"2026/01/26","2026/01/28","4235","ＵＦＨＤ","東証およびＰＴＳ",,"確報",0,300,3900,0,0,0,3900,0,221700,2882100,0,0,0,2882100,,,0,0,0,67200,0,0,18.4,67.3,10.6,18.4,0,0,0
"2026/01/26","2026/01/28","4237","フジプレアム","東証およびＰＴＳ",,"確報",22400,47500,174500,91300,13200,277700,-103200,9251200,19617500,72068500,37706900,5451600,114690100,-42621600,,,0,0,2195600,0,0,2195600,5.3,3.7,5.2,4.3,4.2,13.1,6.4
"2026/01/26","2026/01/28","4238","ミライアル","東証およびＰＴＳ",,"確報",200,0,17200,0,0,0,17200,266000,0,22876000,0,0,0,22876000,,,0,0,0,561000,0,0,79.4,218.3,48.5,79.4,0,0,0
"2026/01/26","2026/01/28","423A","ライオン事務器","東証およびＰＴＳ",,"確報",0,700,8300,0,0,0,8300,0,251300,2979700,0,0,0,2979700,,,0,0,0,54000,0,0,16.6,14,20.3,16.6,0,0,0
"2026/01/26","2026/01/28","4240","クラスターＴ","東証およびＰＴＳ",,"確報",0,100,21900,0,0,0,21900,0,34200,7489800,0,0,0,7489800,,,0,0,0,88000,0,0,69.4,65.4,74.1,69.4,0,0,0
"2026/01/26","2026/01/28","4241","アテクト","東証およびＰＴＳ",,"確報",600,200,38200,0,0,0,38200,357000,119000,22729000,0,0,0,22729000,,,0,0,415800,0,0,0,35.8,81.3,23,35.8,0,0,0
"2026/01/26","2026/01/28","4242","タカギセイコー","東証およびＰＴＳ",,"確報",0,0,8900,0,0,200,8700,0,0,15085500,0,0,339000,14746500,,,0,0,0,53400,1200,0,230,449,224.5,299.3,0,11,22
"2026/01/26","2026/01/28","4243","ニックス","東証およびＰＴＳ",,"確報",0,100,400,0,0,0,400,0,84500,338000,0,0,0,338000,,,0,0,0,3500,0,0,10.8,27,6.8,10.8,0,0,0
"2026/01/26","2026/01/28","4245","ダイキアクシス","東証およびＰＴＳ",,"確報",5100,2500,7500,900,0,5800,1700,3508800,1720000,5160000,619200,0,3990400,1169600,,,0,0,19600,0,0,19600,7.4,4.5,6.5,5.3,12,13.8,12.8
"2026/01/26","2026/01/28","4246","ダイキョーニシカワ","東証およびＰＴＳ",,"確報",33500,0,52600,0,1279100,32700,19900,27805000,0,43658000,0,1061653000,27141000,16517000,,,0,0,0,420200,28859600,0,4.3,3.1,1.1,1.6,7.3,3.3,4.5
"2026/01/26","2026/01/28","4247","ポバール興業","東証およびＰＴＳ",,"確報",0,0,400,0,0,0,400,0,0,535600,0,0,0,535600,,,0,0,6000,0,0,0,0,0,0,0,0,0,0
"2026/01/26","2026/01/28","4248","竹本容器","東証およびＰＴＳ",,"確報",0,0,3900,100,0,400,3500,0,0,3334500,85500,0,342000,2992500,,,0,0,0,0,0,0,62.6,0,0,0,8,6,6.9
"2026/01/26","2026/01/28","4249","森六","東証およびＰＴＳ",,"確報",1400,900,2900,0,0,2400,500,3414600,2195100,7073100,0,0,5853600,1219500,,,0,0,0,196800,196800,0,8,5.2,6.4,5.8,13.6,13.6,13.6
"2026/01/26","2026/01/28","424A","ＧＸゴールドＨ","東証およびＰＴＳ",,"確報",166210,0,186730,0,0,0,186730,66467379,0,74673327,0,0,0,74673327,,,0,0,213408,0,0,0,2.6,1.3,0,2.6,0,0,0
"2026/01/26","2026/01/28","4251","恵和","東証およびＰＴＳ",,"確報",1400,200,13900,0,200,1300,12600,1856400,265200,18431400,0,265200,1723800,16707600,,,0,0,0,762000,90000,0,24.8,20.8,32.3,25.3,36.5,14.6,20.9
"2026/01/26","2026/01/28","4255","ＴＨＥＣＯＯ","東証およびＰＴＳ",,"確報",0,0,1400,0,0,0,1400,0,0,2976400,0,0,0,2976400,,,0,0,0,0,0,0,47.3,71,35.5,47.3,0,0,0
"2026/01/26","2026/01/28","4256","サインド","東証およびＰＴＳ",,"確報",0,100,1900,0,0,0,1900,0,155600,2956400,0,0,0,2956400,,,0,0,0,8000,0,0,38.4,24,96,38.4,0,0,0
"2026/01/26","2026/01/28","4258","網屋","東証およびＰＴＳ",,"確報",1000,200,25000,800,0,25000,0,3000000,600000,75000000,2400000,0,75000000,0,,,0,0,0,1452000,1452000,0,56.2,38.7,65.1,48.5,49.5,103.1,66.9
"2026/01/26","2026/01/28","4259","エクサウィザーズ","東証およびＰＴＳ",,"確報",1500,1900,98800,0,0,0,98800,960000,1216000,63232000,0,0,0,63232000,,,0,0,694400,0,0,0,72.2,90.5,60,72.2,0,0,0
"2026/01/26","2026/01/28","425A","ＧＸゴールド","東証およびＰＴＳ",,"確報",20800,530,184640,0,0,0,184640,8729760,222441,77493408,0,0,0,77493408,,,0,0,0,230118,0,0,6.8,3.6,85,6.8,0,0,0
"2026/01/26","2026/01/28","4260","ハイブリッドテク","東証およびＰＴＳ",,"確報",0,0,2500,0,0,0,2500,0,0,775000,0,0,0,775000,,,0,0,0,0,0,0,18.4,64.5,10.8,18.4,0,0,0
"2026/01/26","2026/01/28","4261","アジアクエスト","東証およびＰＴＳ",,"確報",0,0,2400,0,0,0,2400,0,0,9804000,0,0,0,9804000,,,0,0,0,192000,0,0,19.1,0,9.6,19.1,0,0,0
"2026/01/26","2026/01/28","4262","ニフティライフ","東証およびＰＴＳ",,"確報",0,0,1600,0,0,0,1600,0,0,2225600,0,0,0,2225600,,,0,0,0,4800,0,0,33.6,0,41,82,2,1,1.3
"2026/01/26","2026/01/28","4263","サスメド","東証およびＰＴＳ",,"確報",33400,28000,117800,5600,200,117800,0,31229000,26180000,110143000,5236000,187000,110143000,0,,,0,0,0,4720800,4720800,0,19.2,10.2,14.3,11.9,29.4,169.1,50
"2026/01/26","2026/01/28","4264","セキュア","東証およびＰＴＳ",,"確報",0,100,6100,0,0,0,6100,0,152000,9272000,0,0,0,9272000,,,0,0,105400,0,0,0,88.9,155.5,62.2,88.9,0,0,0
"2026/01/26","2026/01/28","4265","ＩＧＳ","東証およびＰＴＳ",,"確報",0,0,11600,0,0,0,11600,0,0,3607600,0,0,0,3607600,,,0,0,0,81200,0,0,294.5,0,147.3,294.5,0,0,0
"2026/01/26","2026/01/28","426A","ＳＰ５００ＥＷＨ無","東証およびＰＴＳ",,"確報",0,0,0,0,0,0,0,0,0,0,0,0,0,0,,,0,0,0,0,0,0,0,0,0,0,0,0,0
"2026/01/26","2026/01/28","4270","ＢｅｅＸ","東証およびＰＴＳ",,"確報",0,200,800,0,0,0,800,0,464400,1857600,0,0,0,1857600,,,0,0,0,19000,0,0,24,0,12,24,0,0,0
"2026/01/26","2026/01/28","4272","日本化薬","東証およびＰＴＳ",,"確報",300,200,10300,900,0,2800,7500,541350,360900,18586350,1624050,0,5052600,13533750,,,0,0,0,91800,17100,0,17.3,31.6,25.3,28.1,1.7,0,3.4
"2026/01/26","2026/01/28","4274","細谷火工","東証およびＰＴＳ",,"確報",0,1100,5500,0,0,0,5500,0,1173700,5868500,0,0,0,5868500,,,0,0,92400,0,0,0,14.3,19,11.4,14.3,0,0,0
"2026/01/26","2026/01/28","4275","カーリット","東証およびＰＴＳ",,"確報",1400,1600,74200,0,200,74200,0,3234000,3696000,171402000,0,462000,171402000,0,,,0,0,0,2157600,2157600,0,34,34.9,30.4,32.5,38.4,33.1,35.6
"2026/01/26","2026/01/28","4284","ソルクシーズ","東証およびＰＴＳ",,"確報",600,300,25100,0,0,0,25100,325800,162900,13629300,0,0,0,13629300,,,0,0,272800,0,0,0,83.3,124.9,62.5,83.3,0,0,0
"2026/01/26","2026/01/28","4286","ＣＬホールディングス","東証およびＰＴＳ",,"確報",200,100,2900,200,100,2900,0,216000,108000,3132000,216000,108000,3132000,0,,,0,0,28000,0,0,28000,23.5,20.1,17.6,18.8,35.3,28.2,31.3
"2026/01/26","2026/01/28","4287","ジャストプランニング","東証およびＰＴＳ",,"確報",0,0,4500,0,0,0,4500,0,0,2241000,0,0,0,2241000,,,0,0,0,4500,0,0,0,0,0,0,0,0,0
"2026/01/26","2026/01/28","4288","アズジェント","東証およびＰＴＳ",,"確報",0,200,28200,900,0,11900,16300,0,127800,18019800,575100,0,7604100,10415700,,,0,0,0,568000,220000,0,32.4,99.9,699,174.8,24.7,7.1,11.1
"2026/01/26","2026/01/28","428A","サイプレスＨＤ","東証およびＰＴＳ",,"確報",0,600,2900,0,0,0,2900,0,548400,2650600,0,0,0,2650600,,,0,0,77000,0,0,0,22.1,27.7,18.4,22.1,0,0,0
"2026/01/26","2026/01/28","4290","プレステージＩＮ","東証およびＰＴＳ",,"確報",0,0,79400,0,0,3700,75700,0,0,58438400,0,0,2723200,55715200,,,0,0,0,1032200,48100,0,231.1,3975,567.9,993.8,30.8,8.4,13.2
"2026/01/26","2026/01/28","4293","セプテーニＨＤ","東証およびＰＴＳ",,"確報",7100,8700,138200,28700,0,66700,71500,3280200,4019400,63848400,13259400,0,30815400,33033000,,,0,0,699000,0,0,190000,12.7,19.2,18.6,18.9,2.8,28,5.1
"2026/01/26","2026/01/28","4299","ハイマックス","東証およびＰＴＳ",,"確報",0,0,2500,0,0,0,2500,0,0,3255000,0,0,0,3255000,,,0,0,0,55000,0,0,51.2,0,25.6,51.2,0,0,0
"2026/01/26","2026/01/28","429A","テクセンド","東証およびＰＴＳ",,"確報",6500,2200,132400,0,0,0,132400,19532500,6611000,397862000,0,0,0,397862000,,,0,0,0,6405000,0,0,34.7,41.3,29.9,34.7,0,0,0
"2026/01/26","2026/01/28","4301","アミューズ","東証およびＰＴＳ",,"確報",0,400,8500,200,2300,35800,-27300,0,828800,17612000,414400,4765600,74177600,-56565600,,,0,0,0,186900,795900,0,24.1,19,5.5,8.5,47.2,68.2,55.8
"2026/01/26","2026/01/28","4307","野村総合研究所","東証およびＰＴＳ",,"確報",300,100,15300,300,100,1100,14200,1750500,583500,89275500,1750500,583500,6418500,82857000,,,0,0,0,1434500,85500,0,19.2,23.4,36.7,28.6,3.5,3.1,3.3
"2026/01/26","2026/01/28","4308","Ｊストリーム","東証およびＰＴＳ",,"確報",0,0,2900,0,0,0,2900,0,0,1096200,0,0,0,1096200,,,0,0,0,23200,0,0,32.5,26,43.3,32.5,0,0,0
"2026/01/26","2026/01/28","4310","ドリームインキュベタ","東証およびＰＴＳ",,"確報",300,500,11200,1200,0,83700,-72500,825000,1375000,30800000,3300000,0,230175000,-199375000,,,0,0,0,513000,3712500,0,38.6,29.5,26.8,28.1,140.2,23.7,40.6
"2026/01/26","2026/01/28","4316","ビーマップ","東証およびＰＴＳ",,"確報",900,200,33800,0,0,0,33800,888300,197400,33360600,0,0,0,33360600,,,0,0,0,728200,0,0,98.4,88.1,111.5,98.4,0,0,0
"2026/01/26","2026/01/28","4317","レイ","東証およびＰＴＳ",,"確報",400,0,17100,0,0,0,17100,279600,0,11952900,0,0,0,11952900,,,0,0,0,16700,0,0,82.2,86.3,78.5,82.2,0,0,0
"2026/01/26","2026/01/28","4318","クイック","東証およびＰＴＳ",,"確報",1000,2600,33900,500,4800,29500,4400,897000,2332200,30408300,448500,4305600,26461500,3946800,,,0,0,0,745500,709800,0,23.6,80.4,15.9,26.6,111.8,11.7,21.2
"2026/01/26","2026/01/28","431A","ユーソナー","東証およびＰＴＳ",,"確報",300,700,29600,0,0,0,29600,670500,1564500,66156000,0,0,0,66156000,,,0,0,0,3960000,0,0,62.9,71.9,55.9,62.9,0,0,0
"2026/01/26","2026/01/28","4320","ＣＥホールディングス","東証およびＰＴＳ",,"確報",4100,0,93800,0,0,0,93800,4460800,0,102054400,0,0,0,102054400,,,0,0,1794000,0,0,0,61.4,31.6,1120.5,61.4,0,0,0
"2026/01/26","2026/01/28","4323","日本システム技術","東証およびＰＴＳ",,"確報",1100,0,14600,1800,900,41000,-26400,2822600,0,37463600,4618800,2309400,105206000,-67742400,,,0,0,0,1188000,3528800,0,28.9,13.1,12.3,12.7,33.7,177.5,56.6
"2026/01/26","2026/01/28","4324","電通グループ","東証およびＰＴＳ",,"確報",23800,2800,63700,600,500,42800,20900,72923200,8579200,195176800,1838400,1532000,131139200,64037600,,,0,0,0,2732800,2732800,0,7.3,4.5,4.9,4.6,43.4,16.2,23.6
"2026/01/26","2026/01/28","4326","インテージＨＤ","東証およびＰＴＳ",,"確報",2100,0,15400,1500,300,32000,-16600,3584700,0,26287800,2560500,512100,54624000,-28336200,,,0,0,0,345800,800800,0,27.5,18.6,22.4,20.3,45.5,24.8,32.1
"2026/01/26","2026/01/28","4331","Ｔ＆Ｇニーズ","東証およびＰＴＳ",,"確報",200,200,12300,0,0,0,12300,162200,162200,9975300,0,0,0,9975300,,,0,0,0,172200,0,0,136,122.4,153,136,0,0,0
"2026/01/26","2026/01/28","4333","東邦システムサイエン","東証およびＰＴＳ",,"確報",0,0,500,0,0,0,500,0,0,571500,0,0,0,571500,,,0,0,0,10500,0,0,18,13.5,27,18,0,0,0
"2026/01/26","2026/01/28","4334","ユークス","東証およびＰＴＳ",,"確報",100,0,2700,0,0,0,2700,41200,0,1112400,0,0,0,1112400,,,0,0,5200,0,0,0,131,131,131,131,0,0,0
"2026/01/26","2026/01/28","4335","ＩＰＳＨＤ","東証およびＰＴＳ",,"確報",0,0,2100,0,0,0,2100,0,0,2564100,0,0,0,2564100,,,0,0,0,2100,0,0,0,0,0,0,0,0,0
"2026/01/26","2026/01/28","4337","ぴあ","東証およびＰＴＳ",,"確報",0,100,7100,0,100,6600,500,0,264300,18765300,0,264300,17443800,1321500,,,0,0,0,352800,328300,0,105.5,118.7,178,142.4,55,165,82.5
"2026/01/26","2026/01/28","4341","西菱電機","東証およびＰＴＳ",,"確報",0,100,600,0,0,0,600,0,80600,483600,0,0,0,483600,,,0,0,6300,0,0,0,16,16,16,16,0,0,0
"2026/01/26","2026/01/28","4343","イオンファンタジー","東証およびＰＴＳ",,"確報",3300,200,40100,3100,0,40100,0,9606300,582200,116731100,9024100,0,116731100,0,,,0,0,0,407000,407000,0,19.2,11.8,24.8,16,15.7,52.3,24.1
"2026/01/26","2026/01/28","4344","ソースネクスト","東証およびＰＴＳ",,"確報",358700,265000,858200,93700,0,858200,0,49859300,36835000,119289800,13024300,0,119289800,0,,,0,0,0,3822500,3822500,0,6.4,3.4,3.8,3.6,19.7,63.3,30.1
"2026/01/26","2026/01/28","4345","シーティーエス","東証およびＰＴＳ",,"確報",2300,2400,5500,600,600,28800,-23300,2380500,2484000,5692500,621000,621000,29808000,-24115500,,,0,0,0,263200,1353600,0,9.3,2.4,2.6,2.5,25.8,54.7,35.1
"2026/01/26","2026/01/28","4346","ＮＥＸＹＺ．Ｇ","東証およびＰＴＳ",,"確報",400,0,11600,2600,400,3000,8600,332400,0,9639600,2160600,332400,2493000,7146600,,,0,0,168000,0,0,12000,22.3,141,0,282,2.7,3.6,3.1
"2026/01/26","2026/01/28","4347","ブロードメディア","東証およびＰＴＳ",,"確報",700,2900,118100,0,0,900,117200,1407700,5831900,237499100,0,0,1809900,235689200,,,0,0,0,3969900,29700,0,70,318.3,39,69.5,0,0,0
"2026/01/26","2026/01/28","4350","メディカルシステム","東証およびＰＴＳ",,"確報",4000,0,35000,0,0,0,35000,2076000,0,18165000,0,0,0,18165000,,,0,0,279000,0,0,0,16.2,8.1,0,16.2,0,0,0
"2026/01/26","2026/01/28","4351","山田債権","東証およびＰＴＳ",,"確報",16000,900,17700,0,0,0,17700,17008000,956700,18815100,0,0,0,18815100,,,0,0,390000,0,0,0,2.2,1.2,21.3,2.2,0,0,0
"2026/01/26","2026/01/28","4356","応用技術","東証およびＰＴＳ",,"確報",200,0,1400,0,0,0,1400,370200,0,2591400,0,0,0,2591400,,,0,0,0,0,0,0,23.3,35,17.5,23.3,0,0,0
"2026/01/26","2026/01/28","435A","ｉＦ日本配当ローテ","東証およびＰＴＳ",,"確報",430,11515,50717,0,0,0,50717,961480,25747540,113403212,0,0,0,113403212,,,0,0,0,2224872,0,0,7.5,5.1,14.4,7.5,0,0,0
"2026/01/26","2026/01/28","4360","マナック・ケミカルＰ","東証およびＰＴＳ",,"確報",100,0,5500,0,0,0,5500,81800,0,4499000,0,0,0,4499000,,,0,0,0,118800,0,0,18,13.7,26.1,18,0,0,0
"2026/01/26","2026/01/28","4361","川口化学工業","東証およびＰＴＳ",,"確報",500,0,12800,0,0,0,12800,789500,0,20211200,0,0,0,20211200,,,0,0,0,319800,0,0,7.4,5,13.9,7.4,0,0,0
"2026/01/26","2026/01/28","4362","日本精化","東証およびＰＴＳ",,"確報",100,0,8600,100,0,8600,0,298300,0,25653800,298300,0,25653800,0,,,0,0,0,612000,612000,0,18.3,9.4,183,17.9,9.6,366,18.8
"2026/01/26","2026/01/28","4365","松本油脂製薬","東証およびＰＴＳ",,"確報",100,0,200,0,0,0,200,2018000,0,4036000,0,0,0,4036000,,,0,0,0,32000,0,0,12,6,0,12,0,0,0
"2026/01/26","2026/01/28","4366","ダイトーケミックス","東証およびＰＴＳ",,"確報",0,1200,32900,0,0,0,32900,0,469200,12863900,0,0,0,12863900,,,0,0,0,443300,0,0,9.5,8.5,10.8,9.5,0,0,0
"2026/01/26","2026/01/28","4367","広栄化学","東証およびＰＴＳ",,"確報",500,0,4900,0,0,2800,2100,1129500,0,11069100,0,0,6325200,4743900,,,0,0,0,154000,98000,0,11.1,5.2,14.7,7.7,20.1,141,35.3
"2026/01/26","2026/01/28","4368","扶桑化学工業","東証およびＰＴＳ",,"確報",400,2300,18500,300,200,2200,16300,2976000,17112000,137640000,2232000,1488000,16368000,121272000,,,0,0,0,3672000,378000,0,6.9,4.7,14.9,7.1,7.5,4.7,5.8
"2026/01/26","2026/01/28","4369","トリケミカル研究所","東証およびＰＴＳ",,"確報",300,2400,26800,1100,0,15500,11300,978000,7824000,87368000,3586000,0,50530000,36838000,,,0,0,0,3034500,1512000,0,22.3,59.2,16.3,25.5,14.8,22.1,17.7
"2026/01/26","2026/01/28","436A","サイバーＳＯＬ","東証およびＰＴＳ",,"確報",2600,0,24300,0,0,0,24300,3211000,0,30010500,0,0,0,30010500,,,0,0,0,1171800,0,0,19.2,14.3,29.4,19.2,0,0,0
"2026/01/26","2026/01/28","4370","モビルス","東証およびＰＴＳ",,"確報",200,100,4200,0,0,0,4200,76600,38300,1608600,0,0,0,1608600,,,0,0,0,32800,0,0,32,17.5,192,32,0,0,0
"2026/01/26","2026/01/28","4371","ＣＣＴ","東証およびＰＴＳ",,"確報",1000,0,96700,1500,0,26200,70500,1292000,0,124936400,1938000,0,33850400,91086000,,,0,0,2679600,0,0,691600,86.7,177.3,126,147.3,66.1,23.6,34.8
"2026/01/26","2026/01/28","4372","ユミルリンク","東証およびＰＴＳ",,"確報",0,100,7000,0,0,0,7000,0,142800,9996000,0,0,0,9996000,,,0,0,0,78100,0,0,351,351,351,351,0,0,0
"2026/01/26","2026/01/28","4373","シンプレクスＨＤ","東証およびＰＴＳ",,"確報",10700,0,71900,3500,1000,8800,63100,10261300,0,68952100,3356500,959000,8439200,60512900,,,0,0,612000,0,0,63000,16.4,11.7,58.5,19.6,7.7,6.9,7.3
"2026/01/26","2026/01/28","4374","ロボペイ","東証およびＰＴＳ",,"確報",0,100,2500,0,0,0,2500,0,257700,6442500,0,0,0,6442500,,,0,0,0,166400,0,0,126,126,126,126,0,0,0
"2026/01/26","2026/01/28","4375","セーフィー","東証およびＰＴＳ",,"確報",22600,18300,123200,4300,0,123200,0,20114000,16287000,109648000,3827000,0,109648000,0,,,0,0,0,713400,713400,0,13.2,6.7,8.5,7.5,29.8,346.6,54.8
"2026/01/26","2026/01/28","4376","くふうカンパニー","東証およびＰＴＳ",,"確報",0,100,6100,0,0,0,6100,0,16700,1018700,0,0,0,1018700,,,0,0,0,6200,0,0,86.6,50.5,303,86.6,0,0,0
"2026/01/26","2026/01/28","4377","ワンキャリア","東証およびＰＴＳ",,"確報",100,0,4800,0,0,0,4800,254900,0,12235200,0,0,0,12235200,,,0,0,0,258500,0,0,50.2,83.7,35.9,50.2,0,0,0
"2026/01/26","2026/01/28","4378","ＣＩＮＣ","東証およびＰＴＳ",,"確報",0,0,400,0,0,0,400,0,0,198400,0,0,0,198400,,,0,0,0,3600,0,0,40,0,20,40,0,0,0
"2026/01/26","2026/01/28","4379","Ｐｈｏｔｏｓｙｎｔｈ","東証およびＰＴＳ",,"確報",0,0,4700,0,0,0,4700,0,0,1945800,0,0,0,1945800,,,0,0,0,131600,0,0,41.2,0,20.6,41.2,0,0,0
"2026/01/26","2026/01/28","4380","Ｍマート","東証およびＰＴＳ",,"確報",0,0,1100,0,0,0,1100,0,0,1435500,0,0,0,1435500,,,0,0,3300,0,0,0,110,0,55,110,0,0,0
"2026/01/26","2026/01/28","4381","ビープラッツ","東証およびＰＴＳ",,"確報",0,0,800,0,0,0,800,0,0,464000,0,0,0,464000,,,0,0,0,4000,0,0,16.3,49,9.8,16.3,0,0,0
"2026/01/26","2026/01/28","4382","ＨＥＲＯＺ","東証およびＰＴＳ",,"確報",600,3500,126700,51000,0,208600,-81900,501600,2926000,105921200,42636000,0,174389600,-68468400,,,0,0,0,2592000,3152000,0,31.6,51.8,35.2,41.9,13.9,299,26.5
"2026/01/26","2026/01/28","4384","ラクスル","東証およびＰＴＳ",,"確報",0,600,21800,100,0,6200,15600,0,1182000,42946000,197000,0,12214000,30732000,,,0,0,246400,0,0,67100,11.1,5.5,25.2,9.1,76,43.4,55.3
"2026/01/26","2026/01/28","4385","メルカリ","東証およびＰＴＳ",,"確報",0,7300,1674300,170700,600,760100,914200,0,23798000,5458218000,556482000,1956000,2477926000,2980292000,,,0,0,369952000,0,0,129800000,13.6,6.5,576.1,12.8,14,16.9,15.3
"2026/01/26","2026/01/28","4386","ＳＩＧグループ","東証およびＰＴＳ",,"確報",100,1000,3200,0,0,100,3100,99200,992000,3174400,0,0,99200,3075200,,,0,0,139400,0,0,3400,15,14,15.3,14.6,0,0,0
"2026/01/26","2026/01/28","4387","ＺＵＵ","東証およびＰＴＳ",,"確報",0,0,5700,0,0,0,5700,0,0,3830400,0,0,0,3830400,,,0,0,39900,0,0,0,286,286,286,286,0,0,0
"2026/01/26","2026/01/28","4388","エーアイ","東証およびＰＴＳ",,"確報",100,0,10800,500,0,9000,1800,42700,0,4611600,213500,0,3843000,768600,,,0,0,0,139100,110500,0,36.4,34.7,37,35.8,40.5,34.3,37.2
"2026/01/26","2026/01/28","4389","プロパティＤＢＫ","東証およびＰＴＳ",,"確報",0,0,1900,0,0,0,1900,0,0,1770800,0,0,0,1770800,,,0,0,19000,0,0,0,0,0,0,0,0,0,0
"2026/01/26","2026/01/28","438A","インフキュリオン","東証およびＰＴＳ",,"確報",400,0,19200,0,0,0,19200,565600,0,27148800,0,0,0,27148800,,,0,0,0,1034000,0,0,36.6,85.4,23.3,36.6,0,0,0
"2026/01/26","2026/01/28","4390","ｉｐｓ","東証およびＰＴＳ",,"確報",600,0,17800,100,0,16600,1200,1787400,0,53026200,297900,0,49451400,3574800,,,0,0,0,1479200,1419000,0,28.3,25.3,16.1,19.7,906,26.6,51.8
"2026/01/26","2026/01/28","4391","ロジザード","東証およびＰＴＳ",,"確報",0,0,1000,0,0,0,1000,0,0,1150000,0,0,0,1150000,,,0,0,3000,0,0,0,0,0,0,0,0,0,0
"2026/01/26","2026/01/28","4392","ＦＩＧ","東証およびＰＴＳ",,"確報",7100,32800,78700,0,25700,78700,0,2428200,11217600,26915400,0,8789400,26915400,0,,,0,0,0,1357200,1357200,0,8.7,7.9,6.4,7.1,13.7,9.6,11.3
"2026/01/26","2026/01/28","4393","バンクオブイノベ","東証およびＰＴＳ",,"確報",600,600,42500,0,0,42500,0,3774000,3774000,267325000,0,0,267325000,0,,,0,0,0,11050000,11050000,0,78.9,41.7,39.4,40.6,0,709.7,1419.3
"2026/01/26","2026/01/28","4394","エクスモーション","東証およびＰＴＳ",,"確報",0,0,1300,0,0,0,1300,0,0,1014000,0,0,0,1014000,,,0,0,0,20800,0,0,128,64,0,128,0,0,0
"2026/01/26","2026/01/28","4395","アクリート","東証およびＰＴＳ",,"確報",1200,0,35500,0,0,0,35500,1332000,0,39405000,0,0,0,39405000,,,0,0,0,960400,0,0,28.7,112.1,16.4,28.7,0,0,0
"2026/01/26","2026/01/28","4396","システムサポートＨＤ","東証およびＰＴＳ",,"確報",200,2700,13100,0,2500,13100,0,288200,3890700,18877100,0,3602500,18877100,0,,,0,0,0,405600,405600,0,15.2,14.6,13.4,14,17.7,15.9,16.7
"2026/01/26","2026/01/28","4397","チームスピリット","東証およびＰＴＳ",,"確報",0,0,17800,0,0,0,17800,0,0,8686400,0,0,0,8686400,,,0,0,0,0,0,0,23,13.5,75.8,23,0,0,0
"2026/01/26","2026/01/28","4398","ＢＢＳｅｃ","東証およびＰＴＳ",,"確報",0,300,3500,0,0,0,3500,0,436500,5092500,0,0,0,5092500,,,0,0,0,57000,0,0,32.9,30.2,36.2,32.9,0,0,0
"2026/01/26","2026/01/28","4401","ＡＤＥＫＡ","東証およびＰＴＳ",,"確報",5400,900,13400,1500,0,10400,3000,23916600,3986100,59348600,6643500,0,46061600,13287000,,,0,0,0,596300,596300,0,7.7,4.1,5.9,4.8,16.2,64.9,25.9
"2026/01/26","2026/01/28","4403","日油","東証およびＰＴＳ",,"確報",2600,200,13600,2500,100,13600,0,8008000,616000,41888000,7700000,308000,41888000,0,,,0,0,0,425600,425600,0,9.7,6.2,7.4,6.8,14.2,22.6,17.4
"2026/01/26","2026/01/28","4404","ミヨシ油脂","東証およびＰＴＳ",,"確報",100,100,486600,0,100,64700,421900,252500,252500,1228665000,0,252500,163367500,1065297500,,,0,0,0,26763000,3564000,0,511.5,677.7,595.1,633.7,146.4,357.9,207.8
"2026/01/26","2026/01/28","4406","新日本理化","東証およびＰＴＳ",,"確報",6100,6700,81000,2300,2900,81000,0,1470100,1614700,19521000,554300,698900,19521000,0,,,0,0,0,734400,734400,0,14.5,15.2,9.5,11.7,30.5,13.8,19
"2026/01/26","2026/01/28","4409","東邦化学工業","東証およびＰＴＳ",,"確報",100,0,500,0,0,0,500,75100,0,375500,0,0,0,375500,,,0,0,0,1200,0,0,11,7.3,22,11,0,0,0
"2026/01/26","2026/01/28","4410","ハリマ化成グループ","東証およびＰＴＳ",,"確報",2400,3200,6200,600,0,5100,1100,2246400,2995200,5803200,561600,0,4773600,1029600,,,0,0,0,133000,85500,0,3.4,2.4,1.9,2.2,13.1,21.5,16.3
"2026/01/26","2026/01/28","4412","サイエンスアーツ","東証およびＰＴＳ",,"確報",200,200,4500,0,0,0,4500,423800,423800,9535500,0,0,0,9535500,,,0,0,0,112500,0,0,8.2,15.2,5.7,8.2,0,0,0
"2026/01/26","2026/01/28","4413","ボードルア","東証およびＰＴＳ",,"確報",100,300,15800,0,0,0,15800,209500,628500,33101000,0,0,0,33101000,,,0,0,0,432000,0,0,34.4,49.5,26.4,34.4,0,0,0
"2026/01/26","2026/01/28","4414","フレクト","東証およびＰＴＳ",,"確報",0,0,5000,0,0,0,5000,0,0,8955000,0,0,0,8955000,,,0,0,0,15000,0,0,101.6,254,63.5,101.6,0,0,0
"2026/01/26","2026/01/28","4415","ブロードエンター","東証およびＰＴＳ",,"確報",100,100,1400,0,0,0,1400,123800,123800,1733200,0,0,0,1733200,,,0,0,35000,0,0,0,9.1,12.2,7.3,9.1,0,0,0
"2026/01/26","2026/01/28","4416","ＴｒｕｅＤａｔａ","東証およびＰＴＳ",,"確報",100,0,6500,0,0,0,6500,67800,0,4407000,0,0,0,4407000,,,0,0,0,6400,0,0,33.9,23,64.4,33.9,0,0,0
"2026/01/26","2026/01/28","4417","グローバルセキュ","東証およびＰＴＳ",,"確報",0,100,27000,0,0,0,27000,0,315000,85050000,0,0,0,85050000,,,0,0,0,135500,0,0,106.9,89.1,133.6,106.9,0,0,0
"2026/01/26","2026/01/28","4418","ＪＤＳＣ","東証およびＰＴＳ",,"確報",400,600,54200,500,0,54200,0,436400,654600,59132200,545500,0,59132200,0,,,0,0,0,1468800,1449900,0,3.8,2.4,2.4,2.4,91,109.2,99.3
"2026/01/26","2026/01/28","4419","Ｆｉｎａｔｅｘｔ","東証およびＰＴＳ",,"確報",1100,1200,353700,0,0,0,353700,963600,1051200,309841200,0,0,0,309841200,,,0,0,0,6368400,0,0,280.7,252.6,315.8,280.7,0,0,0
"2026/01/26","2026/01/28","441A","ＮＥ","東証およびＰＴＳ",,"確報",0,500,5700,0,0,0,5700,0,333000,3796200,0,0,0,3796200,,,0,0,0,142600,0,0,48.3,41.4,58,48.3,0,0,0
"2026/01/26","2026/01/28","4420","イーソル","東証およびＰＴＳ",,"確報",1000,1100,27400,100,200,27400,0,536000,589600,14686400,53600,107200,14686400,0,,,0,0,0,357500,357500,0,18.8,14.3,15.8,15,23.2,27.5,25.2
"2026/01/26","2026/01/28","4421","ディ・アイ・システム","東証およびＰＴＳ",,"確報",0,100,1600,0,0,0,1600,0,97100,1553600,0,0,0,1553600,,,0,0,0,10200,0,0,20.5,41,13.7,20.5,0,0,0
"2026/01/26","2026/01/28","4422","ＶＡＬＵＥＮＥＸ","東証およびＰＴＳ",,"確報",5200,200,10300,0,0,0,10300,6193200,238200,12267300,0,0,0,12267300,,,0,0,508800,0,0,0,5,4,6.6,5,0,0,0
"2026/01/26","2026/01/28","4424","Ａｍａｚｉａ","東証およびＰＴＳ",,"確報",1300,7500,91800,1300,0,185100,-93300,360100,2077500,25428600,360100,0,51272700,-25844100,,,0,0,0,882000,1654200,0,27.8,16.1,15,15.5,31.5,101.9,48.1
"2026/01/26","2026/01/28","4425","Ｋｕｄａｎ","東証およびＰＴＳ",,"確報",18700,800,88800,5300,200,195100,-106300,31266400,1337600,148473600,8861600,334400,326207200,-177733600,,,0,0,6877300,0,0,18430000,27.5,8.2,20.7,11.8,46.5,70,55.9
"2026/01/26","2026/01/28","4427","ＥｄｕＬａｂ","東証およびＰＴＳ",,"確報",500,0,12800,0,0,0,12800,134000,0,3430400,0,0,0,3430400,,,0,0,0,12300,0,0,77.9,124.6,56.6,77.9,0,0,0
"2026/01/26","2026/01/28","4428","シノプス","東証およびＰＴＳ",,"確報",0,100,7600,0,0,200,7400,0,78300,5950800,0,0,156600,5794200,,,0,0,0,53900,1400,0,114.3,0,77.6,155.2,0,6,12
"2026/01/26","2026/01/28","4429","リックソフト","東証およびＰＴＳ",,"確報",0,0,1800,0,0,1800,0,0,0,1798200,0,0,1798200,0,,,0,0,0,1800,1800,0,23.8,23.8,13.6,17.3,95,23.8,38
"2026/01/26","2026/01/28","442A","クラシコ","東証およびＰＴＳ",,"確報",200,100,4100,0,0,0,4100,415400,207700,8515700,0,0,0,8515700,,,0,0,0,92000,0,0,56.3,49.3,65.7,56.3,0,0,0
"2026/01/26","2026/01/28","4430","東海ソフト","東証およびＰＴＳ",,"確報",0,300,14000,0,0,0,14000,0,578700,27006000,0,0,0,27006000,,,0,0,0,486200,0,0,18,15.2,22.1,18,0,0,0
"2026/01/26","2026/01/28","4431","スマレジ","東証およびＰＴＳ",,"確報",2100,1300,52500,900,0,127200,-74700,5985000,3705000,149625000,2565000,0,362520000,-212895000,,,0,0,0,1706100,4167900,0,14.9,14.9,48.1,22.8,8.8,25.2,13.1
"2026/01/26","2026/01/28","4432","ウイングアーク１ｓｔ","東証およびＰＴＳ",,"確報",400,100,18600,0,200,2000,16600,1380000,345000,64170000,0,690000,6900000,57270000,,,0,0,0,1921500,231000,0,109.1,184.2,460.5,263.1,38.3,12.8,19.2
"2026/01/26","2026/01/28","4433","ヒトコムＨＤ","東証およびＰＴＳ",,"確報",1000,100,4600,0,0,0,4600,972000,97200,4471200,0,0,0,4471200,,,0,0,0,11100,0,0,27.1,15.8,95,27.1,0,0,0
"2026/01/26","2026/01/28","4434","サーバーワークス","東証およびＰＴＳ",,"確報",1500,600,26800,900,0,26800,0,3013500,1205400,53841200,1808100,0,53841200,0,,,0,0,0,1502200,1502200,0,22.1,18.9,24.6,21.3,20.1,26.6,22.9
"2026/01/26","2026/01/28","4436","ミンカブ","東証およびＰＴＳ",,"確報",6300,900,91300,1900,0,146200,-54900,2853900,407700,41358900,860700,0,66228600,-24869700,,,0,0,0,1374400,2308800,0,87.1,52.6,50.2,51.4,76.5,0,153
"2026/01/26","2026/01/28","4437","ＧＤＨ","東証およびＰＴＳ",,"確報",0,0,3500,0,0,0,3500,0,0,2345000,0,0,0,2345000,,,0,0,21000,0,0,0,0,0,0,0,0,0,0
"2026/01/26","2026/01/28","4438","Ｗｅｌｂｙ","東証およびＰＴＳ",,"確報",100,0,12200,0,0,0,12200,29500,0,3599000,0,0,0,3599000,,,0,0,0,0,0,0,400,200,0,400,0,0,0
"2026/01/26","2026/01/28","4439","東名","東証およびＰＴＳ",,"確報",400,200,6800,700,0,14500,-7700,429600,214800,7303200,751800,0,15573000,-8269800,,,0,0,0,46200,96600,0,18.5,22.5,31.5,26.3,15,18.5,16.6
"2026/01/26","2026/01/28","443A","ｉＦＪリート２","東証およびＰＴＳ",,"確報",0,0,0,0,0,0,0,0,0,0,0,0,0,0,,,0,0,0,0,0,0,0,0,0,0,0,0,0
"2026/01/26","2026/01/28","4440","ヴィッツ","東証およびＰＴＳ",,"確報",100,1200,34500,0,0,0,34500,161700,1940400,55786500,0,0,0,55786500,,,0,0,0,356000,0,0,20.7,16.9,26.6,20.7,0,0,0
"2026/01/26","2026/01/28","4441","トビラシステムズ","東証およびＰＴＳ",,"確報",0,100,1800,0,0,0,1800,0,125900,2266200,0,0,0,2266200,,,0,0,45600,0,0,0,62,93,46.5,62,0,0,0
"2026/01/26","2026/01/28","4442","バルテスＨＤ","東証およびＰＴＳ",,"確報",0,100,10100,0,100,10100,0,0,43000,4343000,0,43000,4343000,0,,,0,0,0,20400,20400,0,127.3,169.7,84.8,113.1,254.5,101.8,145.4
"2026/01/26","2026/01/28","4443","Ｓａｎｓａｎ","東証およびＰＴＳ",,"確報",1600,300,96400,2100,5000,46800,49600,2593600,486300,156264400,3404100,8105000,75862800,80401600,,,0,0,0,3899100,2037700,0,36.7,26.3,83.2,40,54.2,22.6,31.9
"2026/01/26","2026/01/28","4444","インフォネット","東証およびＰＴＳ",,"確報",0,100,200,0,0,0,200,0,92300,184600,0,0,0,184600,,,0,0,0,2100,0,0,11,11,11,11,0,0,0
"2026/01/26","2026/01/28","4445","リビンＴ","東証およびＰＴＳ",,"確報",0,0,200,0,0,0,200,0,0,720000,0,0,0,720000,,,0,0,3000,0,0,0,20,0,10,20,0,0,0
"2026/01/26","2026/01/28","4446","Ｌｉｎｋ－Ｕグループ","東証およびＰＴＳ",,"確報",1000,8200,121200,4400,0,119900,1300,1154000,9462800,139864800,5077600,0,138364600,1500200,,,0,0,0,1797600,1617000,0,51.6,45.7,26.2,33.3,86.3,225.7,124.8
"2026/01/26","2026/01/28","4447","ピー・ビーシステムズ","東証およびＰＴＳ",,"確報",100,0,3400,0,100,100,3300,50500,0,1717000,0,50500,50500,1666500,,,0,0,6600,0,0,400,29.1,31,155,51.7,1.7,2.5,2
"2026/01/26","2026/01/28","4448","ｋｕｂｅｌｌ","東証およびＰＴＳ",,"確報",37400,30100,153200,7400,100,153200,0,13875400,11167100,56837200,2745400,37100,56837200,0,,,0,0,0,437700,437700,0,11.2,5.7,7.6,6.5,21.2,540.3,40.8
"2026/01/26","2026/01/28","4449","ギフティ","東証およびＰＴＳ",,"確報",1300,0,89800,100,0,2100,87700,1764100,0,121858600,135700,0,2849700,119008900,,,0,0,0,1062000,24000,0,152,158.4,233.5,188.8,124,10.3,19.1
"2026/01/26","2026/01/28","4450","ＰＳＯＬ","東証およびＰＴＳ",,"確報",0,0,500,0,0,0,500,0,0,1157500,0,0,0,1157500,,,0,0,13500,0,0,0,0,0,0,0,0,0,0
"2026/01/26","2026/01/28","4452","花王","東証およびＰＴＳ",,"確報",1200,500,24000,0,0,4800,19200,7438800,3099500,148776000,0,0,29755200,119020800,,,0,0,1281500,0,0,264000,29,31.1,23.9,27,60.5,34.6,44
"2026/01/26","2026/01/28","4461","第一工業製薬","東証およびＰＴＳ",,"確報",117500,15200,123100,1600,500,21900,101200,1046925000,135432000,1096821000,14256000,4455000,195129000,901692000,,,0,0,0,3952000,3952000,0,2.5,1.6,2.9,2,10.3,26.7,14.8
"2026/01/26","2026/01/28","4462","石原ケミカル","東証およびＰＴＳ",,"確報",1000,1000,4700,0,0,4700,0,2338000,2338000,10988600,0,0,10988600,0,,,0,0,0,296100,296100,0,15,8.2,8.2,8.2,60.5,60.5,60.5
"2026/01/26","2026/01/28","4463","日華化学","東証およびＰＴＳ",,"確報",0,0,2200,0,0,0,2200,0,0,3636600,0,0,0,3636600,,,0,0,0,33000,0,0,55,55,55,55,0,0,0
"2026/01/26","2026/01/28","4464","ソフト９９","東証およびＰＴＳ",,"確報",0,1000,41000,0,0,0,41000,0,4090000,167690000,0,0,0,167690000,,,0,0,0,0,0,0,24.1,13.9,87.7,24.1,0,0,0
"2026/01/26","2026/01/28","4465","ニイタカ","東証およびＰＴＳ",,"確報",300,100,7900,300,100,7900,0,754500,251500,19868500,754500,251500,19868500,0,,,0,0,169400,0,0,169400,111.7,130.3,130.3,130.3,97.8,97.8,97.8
"2026/01/26","2026/01/28","446A","ノースサンド","東証およびＰＴＳ",,"確報",16400,5400,54600,0,0,0,54600,26945200,8872200,89707800,0,0,0,89707800,,,0,0,4054800,0,0,0,11.2,8.4,16.8,11.2,0,0,0
"2026/01/26","2026/01/28","4471","三洋化成工業","東証およびＰＴＳ",,"確報",2300,300,13600,2000,0,13600,0,12696000,1656000,75072000,11040000,0,75072000,0,,,0,0,0,928000,928000,0,7.3,4.9,5.3,5.1,17.4,10.1,12.8
"2026/01/26","2026/01/28","4475","ＨＥＮＮＧＥ","東証およびＰＴＳ",,"確報",3200,600,120000,0,400,39400,80600,3891200,729600,145920000,0,486400,47910400,98009600,,,0,0,0,4109000,1393000,0,83.4,66.2,173.2,95.7,79.7,49.3,60.9
"2026/01/26","2026/01/28","4476","ＡＩ　ＣＲＯＳＳ","東証およびＰＴＳ",,"確報",100,0,3600,0,0,0,3600,159900,0,5756400,0,0,0,5756400,,,0,0,0,35000,0,0,38.7,24.9,87,38.7,0,0,0
"2026/01/26","2026/01/28","4477","ＢＡＳＥ","東証およびＰＴＳ",,"確報",32200,3000,405200,10700,0,127400,277800,10658200,993000,134121200,3541700,0,42169400,91951800,,,0,0,0,1504000,466800,0,26.7,54.1,23.3,32.6,8.3,128.8,15.6
"2026/01/26","2026/01/28","4478","フリー","東証およびＰＴＳ",,"確報",600,0,27100,1800,200,13300,13800,1743600,0,78752600,5230800,581200,38649800,40102800,,,0,0,0,1378000,608400,0,20.8,34.9,17.2,23.1,12.9,24.2,16.8
"2026/01/26","2026/01/28","4479","マクアケ","東証およびＰＴＳ",,"確報",100,0,19400,0,0,0,19400,99200,0,19244800,0,0,0,19244800,,,0,0,270200,0,0,0,94.4,85.8,104.9,94.4,0,0,0
"2026/01/26","2026/01/28","447A","ＳＳゴールドヘッジ無","東証およびＰＴＳ",,"確報",24840,0,38460,0,0,0,38460,7760016,0,12014904,0,0,0,12014904,,,0,0,0,16344,0,0,2.9,1.8,7.2,2.9,0,0,0
"2026/01/26","2026/01/28","4480","メドレー","東証およびＰＴＳ",,"確報",1800,1900,37100,100,1300,627200,-590100,4473000,4721500,92193500,248500,3230500,1558592000,-1466398500,,,0,0,0,2641200,44616400,0,165.4,29.2,9.7,14.6,326.2,1010.2,493.2
"2026/01/26","2026/01/28","4481","ベース","東証およびＰＴＳ",,"確報",100,100,14200,0,0,1800,12400,317000,317000,45014000,0,0,5706000,39308000,,,0,0,0,1065000,135000,0,228.3,354.5,141.8,202.6,0,0,0
"2026/01/26","2026/01/28","4482","ウィルズ","東証およびＰＴＳ",,"確報",0,0,4400,0,100,400,4000,0,0,3216400,0,73100,292400,2924000,,,0,0,0,52800,6000,0,60.3,217,0,434,12,4.8,6.9
"2026/01/26","2026/01/28","4483","ＪＭＤＣ","東証およびＰＴＳ",,"確報",31700,15900,48200,1200,2100,31500,16700,116180500,58273500,176653000,4398000,7696500,115447500,61205500,,,0,0,0,3240000,3240000,0,3.6,2,2,2,51.4,63.7,56.9
"2026/01/26","2026/01/28","4484","ランサーズ","東証およびＰＴＳ",,"確報",100,500,1600,0,0,0,1600,31600,158000,505600,0,0,0,505600,,,0,0,0,4000,0,0,15.5,14.2,17,15.5,0,0,0
"2026/01/26","2026/01/28","4486","ユナイトアンドグロウ","東証およびＰＴＳ",,"確報",0,0,4800,0,100,0,4800,0,0,3379200,0,70400,0,3379200,,,0,0,0,52800,1100,0,80.3,238,238,238,1.5,1.5,1.5
"2026/01/26","2026/01/28","4487","スペースマーケット","東証およびＰＴＳ",,"確報",0,100,800,0,0,0,800,0,30500,244000,0,0,0,244000,,,0,0,0,2700,0,0,7.5,0,3.8,7.5,0,0,0
"2026/01/26","2026/01/28","4488","ＡＩ　ｉｎｓｉｄｅ","東証およびＰＴＳ",,"確報",500,100,7300,0,0,0,7300,1305000,261000,19053000,0,0,0,19053000,,,0,0,0,524400,0,0,49.3,31.4,115,49.3,0,0,0
"2026/01/26","2026/01/28","448A","ＳＳゴールドヘッジ有","東証およびＰＴＳ",,"確報",40810,0,61260,0,0,0,61260,12757206,0,19149876,0,0,0,19149876,,,0,0,157465,0,0,0,3.7,1.8,0,3.7,0,0,0
"2026/01/26","2026/01/28","4490","ビザスク","東証およびＰＴＳ",,"確報",500,0,9000,0,0,0,9000,320000,0,5760000,0,0,0,5760000,,,0,0,212500,0,0,0,15,16.4,13.8,15,0,0,0
"2026/01/26","2026/01/28","4491","Ｃマネージメント","東証およびＰＴＳ",,"確報",0,0,100,0,0,0,100,0,0,300000,0,0,0,300000,,,0,0,0,500,0,0,0,0,0,0,0,0,0
"2026/01/26","2026/01/28","4492","ゼネテック","東証およびＰＴＳ",,"確報",0,1000,3300,0,0,0,3300,0,466000,1537800,0,0,0,1537800,,,0,0,0,25800,0,0,13,110.5,6.9,13,0,0,0
"2026/01/26","2026/01/28","4493","サイバーセキュリ","東証およびＰＴＳ",,"確報",2400,0,47600,0,0,0,47600,4466400,0,88583600,0,0,0,88583600,,,0,0,0,1446400,0,0,11.6,20.4,68.1,31.4,37,2,3.8
"2026/01/26","2026/01/28","4494","バリオセキュア","東証およびＰＴＳ",,"確報",0,0,2400,0,0,0,2400,0,0,1848000,0,0,0,1848000,,,0,0,0,26400,0,0,234,117,0,234,0,0,0
"2026/01/26","2026/01/28","4495","アイキューブド","東証およびＰＴＳ",,"確報",0,100,1700,0,0,0,1700,0,271000,4607000,0,0,0,4607000,,,0,0,0,37800,0,0,21.8,21.8,21.8,21.8,0,0,0
"2026/01/26","2026/01/28","4496","コマースワン","東証およびＰＴＳ",,"確報",0,0,900,0,0,0,900,0,0,711900,0,0,0,711900,,,0,0,0,2700,0,0,16.5,8.3,0,16.5,0,0,0
"2026/01/26","2026/01/28","4498","サイバートラスト","東証およびＰＴＳ",,"確報",18100,11800,32200,1600,0,27500,4700,22715500,14809000,40411000,2008000,0,34512500,5898500,,,0,0,0,233100,233100,0,4.6,2.7,4.1,3.2,6,20.8,9.3
"2026/01/26","2026/01/28","4499","Ｓｐｅｅｅ","東証およびＰＴＳ",,"確報",21800,3600,216100,3000,700,314900,-98800,55088600,9097200,546084700,7581000,1768900,795752300,-249667600,,,0,0,0,25331200,40012800,0,38.5,17.6,30.4,22.3,40.7,1883,79.7
"2026/01/26","2026/01/28","449A","ＳＳＳＰヘッジ無","東証およびＰＴＳ",,"確報",0,150,1820,0,0,0,1820,0,108165,1312402,0,0,0,1312402,,,0,0,0,44325,0,0,4.6,3.1,9,4.6,0,0,0
"2026/01/26","2026/01/28","4502","武田薬品工業","東証およびＰＴＳ",,"確報",2700,28500,9600,7700,11000,22800,-13200,13740300,145036500,48854400,39185300,55979000,116029200,-67174800,,,0,0,0,955800,704700,0,1.8,1.5,1.5,1.5,3.1,1.9,2.4
"2026/01/26","2026/01/28","4503","アステラス製薬","東証およびＰＴＳ",,"確報",0,3000,69600,0,2700,1200,68400,0,6669000,154720800,0,6002100,2667600,152053200,,,0,0,0,2831400,152100,0,13.8,13.1,20.7,16,13.2,3.3,5.2
"2026/01/26","2026/01/28","4506","住友ファーマ","東証およびＰＴＳ",,"確報",172000,9800,1579100,4500,0,4900,1574200,400932000,22843800,3680882100,10489500,0,11421900,3669460200,,,0,0,96349200,0,0,27200,7.9,4.7,25.5,8,1.6,2.7,2
"2026/01/26","2026/01/28","4507","塩野義製薬","東証およびＰＴＳ",,"確報",2800,29200,81500,300,10800,99900,-18400,8713600,90870400,253628000,933600,33609600,310888800,-57260800,,,0,0,0,4100200,4195200,0,7.4,5.2,4.7,4.9,14.2,13.2,13.7
"2026/01/26","2026/01/28","450A","ＳＳＳＰヘッジ有","東証およびＰＴＳ",,"確報",0,0,10,0,0,0,10,0,0,7212,0,0,0,7212,,,0,0,0,22,0,0,8,4,0,8,0,0,0
"2026/01/26","2026/01/28","4512","わかもと製薬","東証およびＰＴＳ",,"確報",0,3200,56200,0,3200,56200,0,0,1011200,17759200,0,1011200,17759200,0,,,0,0,0,118800,118800,0,18.7,11.1,38.2,17.2,12.3,58.4,20.4
"2026/01/26","2026/01/28","4516","日本新薬","東証およびＰＴＳ",,"確報",100,1200,4600,0,1100,4600,0,532400,6388800,24490400,0,5856400,24490400,0,,,0,0,0,609900,609900,0,5.3,6.8,3.3,4.4,13.8,4.4,6.6
"2026/01/26","2026/01/28","4519","中外製薬","東証およびＰＴＳ",,"確報",2500,200,33200,0,500,1300,31900,21732500,1738600,288607600,0,4346500,11300900,277306700,,,0,0,0,1854000,108000,0,15.6,60,11.5,19.3,1.6,1.6,1.6
"2026/01/26","2026/01/28","451A","ＳＳＳＰ高配当","東証およびＰＴＳ",,"確報",15000,0,15030,0,0,0,15030,3943500,0,3951387,0,0,0,3951387,,,0,0,0,276,0,0,2,1,755.5,2,0,0,0
"2026/01/26","2026/01/28","4521","科研製薬","東証およびＰＴＳ",,"確報",1100,0,12200,1100,0,12200,0,4587000,0,50874000,4587000,0,50874000,0,,,0,0,0,610500,610500,0,8.5,6.3,4.6,5.3,18.7,0,37.3
"2026/01/26","2026/01/28","4523","エーザイ","東証およびＰＴＳ",,"確報",141900,500,191800,700,0,700,191100,638408100,2249500,862908200,3149300,0,3149300,859758900,,,0,0,0,4032000,0,0,5,2.6,86.2,5,1.2,5.5,2
"2026/01/26","2026/01/28","4524","森下仁丹","東証およびＰＴＳ",,"確報",0,0,200,0,0,0,200,0,0,446000,0,0,0,446000,,,0,0,0,4800,0,0,24,0,12,24,0,0,0
"2026/01/26","2026/01/28","4526","理研ビタミン","東証およびＰＴＳ",,"確報",0,0,1000,0,200,0,1000,0,0,3100000,0,620000,0,3100000,,,0,0,0,30000,6000,0,8.9,53,17.7,26.5,1.7,0.8,1.1
"2026/01/26","2026/01/28","4527","ロート製薬","東証およびＰＴＳ",,"確報",10900,1000,19600,900,0,10600,9000,29026700,2663000,52194800,2396700,0,28227800,23967000,,,0,0,0,252200,252200,0,11.9,4.9,20.2,7.9,19,123.3,32.9
"2026/01/26","2026/01/28","4528","小野薬品工業","東証およびＰＴＳ",,"確報",8000,5500,25600,2800,300,25600,0,18292000,12575750,58534400,6402200,685950,58534400,0,,,0,0,0,23100,23100,0,5,2.7,2.9,2.8,22.4,33.9,27
"2026/01/26","2026/01/28","452A","ｉＳＳＰカバコ","東証およびＰＴＳ",,"確報",500,0,1910,0,0,0,1910,400850,0,1531247,0,0,0,1531247,,,0,0,0,21996,0,0,7.4,4.2,33.3,7.4,0,0,0
"2026/01/26","2026/01/28","4530","久光製薬","東証およびＰＴＳ",,"確報",0,100,5000,0,0,4600,400,0,644000,32200000,0,0,29624000,2576000,,,0,0,25500,0,0,23000,87.6,255,63.8,102,75.7,75.7,75.7
"2026/01/26","2026/01/28","4531","有機合成薬品工業","東証およびＰＴＳ",,"確報",17700,2000,130900,0,0,2800,128100,8407500,950000,62177500,0,0,1330000,60847500,,,0,0,0,1958400,47600,0,5.9,4.1,10,5.8,17.5,17.5,17.5
"2026/01/26","2026/01/28","4534","持田製薬","東証およびＰＴＳ",,"確報",1200,100,8900,1500,100,9200,-300,4410000,367500,32707500,5512500,367500,33810000,-1102500,,,0,0,0,507000,507000,0,15.2,11,51.7,18.1,7.3,57.5,13
"2026/01/26","2026/01/28","4536","参天製薬","東証およびＰＴＳ",,"確報",400,300,11700,700,600,11700,0,694200,520650,20305350,1214850,1041300,20305350,0,,,0,0,0,295800,295800,0,16.7,14.7,13.3,14,22.3,19.4,20.8
"2026/01/26","2026/01/28","4538","扶桑薬品工業","東証およびＰＴＳ",,"確報",0,100,2500,0,300,1800,700,0,231000,5775000,0,693000,4158000,1617000,,,0,0,0,119600,96600,0,45,0,129,258,24,19.2,21.3
"2026/01/26","2026/01/28","4539","日本ケミファ","東証およびＰＴＳ",,"確報",0,100,1400,0,0,0,1400,0,168000,2352000,0,0,0,2352000,,,0,0,4500,0,0,0,48.7,73,36.5,48.7,0,0,0
"2026/01/26","2026/01/28","453A","ｉＳ米債カバコ","東証およびＰＴＳ",,"確報",0,0,5510,0,0,0,5510,0,0,4370532,0,0,0,4370532,,,0,0,0,98078,0,0,8,4,0,8,0,0,0
"2026/01/26","2026/01/28","4540","ツムラ","東証およびＰＴＳ",,"確報",0,1000,8100,0,100,1400,6700,0,4126000,33420600,0,412600,5776400,27644200,,,0,0,0,546000,90000,0,16.7,15.6,17.6,16.5,95,9.5,17.3
"2026/01/26","2026/01/28","4543","テルモ","東証およびＰＴＳ",,"確報",6300,900,99100,1300,0,1300,97800,13384350,1912050,210537950,2761850,0,2761850,207776100,,,0,0,0,3279500,0,0,28.5,23.2,49.4,31.6,3.7,2.5,3
"2026/01/26","2026/01/28","4544","ＨＵグループＨＤ","東証およびＰＴＳ",,"確報",5300,0,19700,200,0,21800,-2100,17341600,0,64458400,654400,0,71329600,-6871200,,,0,0,0,720000,1080000,0,22.7,7.3,36.2,12.2,34.6,134,55
"2026/01/26","2026/01/28","4547","キッセイ薬品工業","東証およびＰＴＳ",,"確報",900,0,2200,1500,0,12100,-9900,4243500,0,10373000,7072500,0,57051500,-46678500,,,0,0,0,78000,636000,0,15.2,5.2,8.3,6.4,10.6,162.7,19.9
"2026/01/26","2026/01/28","4548","生化学工業","東証およびＰＴＳ",,"確報",2000,1100,86100,0,1700,78300,7800,1414000,777700,60872700,0,1201900,55358100,5514600,,,0,0,0,1278000,1200000,0,23.4,13.5,15.9,14.6,80.3,60.3,68.9
"2026/01/26","2026/01/28","4549","栄研化学","東証およびＰＴＳ",,"確報",9000,1000,49300,3600,400,49300,0,22266000,2474000,121968200,8906400,989600,121968200,0,,,0,0,0,1569400,1751800,0,11,5.6,6.7,6.1,29.3,123.3,47.3
"2026/01/26","2026/01/28","4552","ＪＣＲファーマ","東証およびＰＴＳ",,"確報",3900,1000,97000,13500,0,97000,0,2644200,678000,65766000,9153000,0,65766000,0,,,0,0,0,1599700,1419500,0,48,70.2,53.4,60.7,27,70.4,39
"2026/01/26","2026/01/28","4553","東和薬品","東証およびＰＴＳ",,"確報",900,100,7700,1300,500,7700,0,3294000,366000,28182000,4758000,1830000,28182000,0,,,0,0,0,517500,517500,0,10.5,8,13.1,9.9,8.8,15.6,11.3
"2026/01/26","2026/01/28","4554","富士製薬工業","東証およびＰＴＳ",,"確報",5700,7100,30300,0,1400,30300,0,10989600,13688800,58418400,0,2699200,58418400,0,,,0,0,0,1394800,1394800,0,12.2,6.7,7.6,7.1,30.6,69.5,42.4
"2026/01/26","2026/01/28","4556","カイノス","東証およびＰＴＳ",,"確報",0,100,700,0,0,0,700,0,135400,947800,0,0,0,947800,,,0,0,6400,0,0,0,78,0,39,78,0,0,0
"2026/01/26","2026/01/28","4558","中京医薬品","東証およびＰＴＳ",,"確報",200,100,13300,0,0,0,13300,41000,20500,2726500,0,0,0,2726500,,,0,0,0,26400,0,0,16.2,47.4,9.8,16.2,0,0,0
"2026/01/26","2026/01/28","4559","ゼリア新薬工業","東証およびＰＴＳ",,"確報",1100,0,1800,1100,0,1800,0,2280300,0,3731400,2280300,0,3731400,0,,,0,0,0,1400,1400,0,5.1,3.7,16,6,2.9,9.2,4.4
"2026/01/26","2026/01/28","4563","アンジェス","東証およびＰＴＳ",,"確報",40000,15100,7843500,0,0,0,7843500,2400000,906000,470610000,0,0,0,470610000,,,0,0,0,0,0,0,362.4,230.6,845.5,362.4,0,0,0
"2026/01/26","2026/01/28","4564","オンコセラピサイエン","東証およびＰＴＳ",,"確報",427400,86700,2653300,128800,343200,128900,2524400,9402800,1907400,58372600,2833600,7550400,2835800,55536800,,,0,0,2312600,0,0,343300,9.5,25.8,10.4,14.8,1,0.9,1
"2026/01/26","2026/01/28","4565","ネクセラファーマ","東証およびＰＴＳ",,"確報",0,4000,151900,8300,100,37200,114700,0,3308000,125621300,6864100,82700,30764400,94856900,,,0,0,0,2338500,435000,0,49.2,973.8,60.4,113.7,11.4,18.2,14
"2026/01/26","2026/01/28","4568","第一三共","東証およびＰＴＳ",,"確報",34600,1000,722500,200,1200,500,722000,107952000,3120000,2254200000,624000,3744000,1560000,2252640000,,,0,0,0,8955700,19500,0,15.3,7.8,802.9,15.4,1.6,1.7,1.6
"2026/01/26","2026/01/28","4569","杏林製薬","東証およびＰＴＳ",,"確報",900,5300,17300,3200,0,26300,-9000,1465200,8628400,28164400,5209600,0,42816400,-14652000,,,0,0,0,260400,277200,0,14.8,10.2,10.5,10.3,11.8,0,23.7
"2026/01/26","2026/01/28","456A","ＨＵＭＡＮ　ＭＡＤＥ","東証およびＰＴＳ",,"確報",100,2000,13600,0,0,0,13600,400000,8000000,54400000,0,0,0,54400000,,,0,0,0,1472500,0,0,17,21.5,14.1,17,0,0,0
"2026/01/26","2026/01/28","4570","免疫生物研究所","東証およびＰＴＳ",,"確報",2500,2400,103800,0,0,0,103800,3740000,3590400,155284800,0,0,0,155284800,,,0,0,0,4977600,0,0,32.1,26.5,40.7,32.1,0,0,0
"2026/01/26","2026/01/28","4571","ＮＡＮＯ","東証およびＰＴＳ",,"確報",2000,300,150100,0,0,0,150100,288000,43200,21614400,0,0,0,21614400,,,0,0,0,0,0,0,81.3,52.2,183.4,81.3,0,0,0
"2026/01/26","2026/01/28","4572","カルナバイオサイエ","東証およびＰＴＳ",,"確報",500,0,60800,0,0,0,60800,211000,0,25657600,0,0,0,25657600,,,0,0,0,844200,0,0,26.4,38.2,20.2,26.4,0,0,0
"2026/01/26","2026/01/28","4574","大幸薬品","東証およびＰＴＳ",,"確報",19700,140500,140600,100,9200,265300,-124700,5693300,40604500,40633400,28900,2658800,76671700,-36038300,,,0,0,0,1568400,1646400,0,5.7,2.6,2.6,2.6,75.1,24.9,37.4
"2026/01/26","2026/01/28","4575","キャンバス","東証およびＰＴＳ",,"確報",4600,100,137000,0,0,0,137000,3992800,86800,118916000,0,0,0,118916000,,,0,0,0,5432500,0,0,104.7,65.9,255.8,104.7,0,0,0
"2026/01/26","2026/01/28","4576","デウエスタンセラピテ","東証およびＰＴＳ",,"確報",0,24400,379800,0,0,0,379800,0,2513200,39119400,0,0,0,39119400,,,0,0,404200,0,0,0,30,65.8,19.4,30,0,0,0
"2026/01/26","2026/01/28","4577","ダイト","東証およびＰＴＳ",,"確報",600,0,7900,1900,200,24800,-16900,813600,0,10712400,2576400,271200,33628800,-22916400,,,0,0,0,102200,323400,0,12,9.9,7.1,8.3,9,40.1,14.7
"2026/01/26","2026/01/28","4578","大塚ホールディングス","東証およびＰＴＳ",,"確報",1900,1100,12600,1400,1600,2900,9700,17975900,10407100,119208600,13245400,15137600,27436900,91771700,,,0,0,1404200,0,0,368900,7.1,9.3,8.9,9.1,3.3,3.8,3.5
"2026/01/26","2026/01/28","4579","ラクオリア創薬","東証およびＰＴＳ",,"確報",10000,1500,103600,0,0,0,103600,10340000,1551000,107122400,0,0,0,107122400,,,0,0,0,6752100,0,0,27.9,21.4,40.2,27.9,0,0,0
"2026/01/26","2026/01/28","4582","シンバイオ製薬","東証およびＰＴＳ",,"確報",1100,10900,251700,0,0,0,251700,97900,970100,22401300,0,0,0,22401300,,,0,0,0,523000,0,0,24.9,24.7,25.1,24.9,0,0,0
"2026/01/26","2026/01/28","4583","カイオムバイオサイエ","東証およびＰＴＳ",,"確報",0,5800,290500,0,0,0,290500,0,655400,32826500,0,0,0,32826500,,,0,0,0,296300,0,0,93.9,99,89.3,93.9,0,0,0
"2026/01/26","2026/01/28","4584","キッズウェル・バイオ","東証およびＰＴＳ",,"確報",35100,14600,344200,0,0,0,344200,9652500,4015000,94655000,0,0,0,94655000,,,0,0,0,8739900,0,0,8.7,6.7,12.5,8.7,0,0,0
"2026/01/26","2026/01/28","4586","メドレックス","東証およびＰＴＳ",,"確報",8100,0,340600,0,0,0,340600,947700,0,39850200,0,0,0,39850200,,,0,0,0,332500,0,0,32.8,30,36.1,32.8,0,0,0
"2026/01/26","2026/01/28","4587","ペプチドリーム","東証およびＰＴＳ",,"確報",4000,0,96300,0,1200,4700,91600,6624000,0,159472800,0,1987200,7783200,151689600,,,0,0,0,4199650,268450,0,49.9,41.5,288.2,72.6,12.9,6,8.2
"2026/01/26","2026/01/28","4588","オンコリスバイオ","東証およびＰＴＳ",,"確報",3200,0,149400,0,0,0,149400,5241600,0,244717200,0,0,0,244717200,,,0,0,0,24854000,0,0,33.4,125.8,19.3,33.4,0,0,0
"2026/01/26","2026/01/28","4591","リボミック","東証およびＰＴＳ",,"確報",16900,200,612700,0,0,0,612700,1470300,17400,53304900,0,0,0,53304900,,,0,0,0,1788000,0,0,30.2,33.9,27.3,30.2,0,0,0
"2026/01/26","2026/01/28","4592","サンバイオ","東証およびＰＴＳ",,"確報",4000,0,301700,0,0,0,301700,7732000,0,583186100,0,0,0,583186100,,,0,0,0,15182700,0,0,71.6,56.8,96.7,71.6,0,0,0
"2026/01/26","2026/01/28","4593","ヘリオス","東証およびＰＴＳ",,"確報",41300,29900,1240800,11500,100,1240800,0,15694000,11362000,471504000,4370000,38000,471504000,0,,,0,0,15982200,0,0,15982200,24.5,13,12.8,12.9,276.4,225.8,248.5
"2026/01/26","2026/01/28","4594","ブライトパス・バイオ","東証およびＰＴＳ",,"確報",99100,34300,1680500,0,0,0,1680500,6837900,2366700,115954500,0,0,0,115954500,,,0,0,6462800,0,0,0,14.1,21.5,10.5,14.1,0,0,0
"2026/01/26","2026/01/28","4595","ミズホメディー","東証およびＰＴＳ",,"確報",200,0,4800,0,0,0,4800,359000,0,8616000,0,0,0,8616000,,,0,0,0,64400,0,0,64.6,37.7,226,64.6,0,0,0
"2026/01/26","2026/01/28","4596","窪田製薬ＨＤ","東証およびＰＴＳ",,"確報",92500,17200,584000,0,0,0,584000,8325000,1548000,52560000,0,0,0,52560000,,,0,0,12208800,0,0,0,12.1,12,12.3,12.1,0,0,0
"2026/01/26","2026/01/28","4597","ソレイジア・ファーマ","東証およびＰＴＳ",,"確報",69200,68300,1461900,0,3800,1006000,455900,2076000,2049000,43857000,0,114000,30180000,13677000,,,0,0,0,0,0,0,31.4,21.9,17.2,19.2,488.5,322.5,388.5
"2026/01/26","2026/01/28","4598","ＤＥＬＴＡ－Ｐ","東証およびＰＴＳ",,"確報",800,600,124800,0,0,0,124800,195200,146400,30451200,0,0,0,30451200,,,0,0,0,498400,0,0,30.1,41.6,23.6,30.1,0,0,0
"2026/01/26","2026/01/28","4599","ステムリム","東証およびＰＴＳ",,"確報",0,200,16600,0,0,0,16600,0,60600,5029800,0,0,0,5029800,,,0,0,201600,0,0,0,42.4,42.4,42.4,42.4,0,0,0
"2026/01/26","2026/01/28","459A","野村高利回りＪリート","東証およびＰＴＳ",,"確報",0,0,25,0,0,0,25,0,0,281250,0,0,0,281250,,,0,0,0,8875,0,0,14.7,7.3,0,14.7,0,0,0
"2026/01/26","2026/01/28","460A","ＢＲＡＮＵ","東証およびＰＴＳ",,"確報",300,1000,21400,0,0,0,21400,303000,1010000,21614000,0,0,0,21614000,,,0,0,0,375700,0,0,35.7,67.1,24.3,35.7,0,0,0
"2026/01/26","2026/01/28","4611","大日本塗料","東証およびＰＴＳ",,"確報",800,700,6900,100,0,6900,0,1107200,968800,9549600,138400,0,9549600,0,,,0,0,0,224400,224400,0,16.7,12.5,10.4,11.4,41.7,25,31.3
"2026/01/26","2026/01/28","4612","日本ペイントＨＤ","東証およびＰＴＳ",,"確報",1100,1500,140000,7100,0,48700,91300,1106600,1509000,140840000,7142600,0,48992200,91847800,,,0,0,0,3369600,998400,0,63.9,96.3,74,83.7,19.3,268.4,36.1
"2026/01/26","2026/01/28","4613","関西ペイント","東証およびＰＴＳ",,"確報",800,200,4200,900,0,3100,1100,2040000,510000,10710000,2295000,0,7905000,2805000,,,0,0,0,61200,37400,0,8.9,15.5,12.4,13.8,3.8,9.4,5.4
"2026/01/26","2026/01/28","4615","神東塗料","東証およびＰＴＳ",,"確報",0,3100,52300,0,0,0,52300,0,390600,6589800,0,0,0,6589800,,,0,0,0,0,0,0,39.2,43.2,35.8,39.2,0,0,0
"2026/01/26","2026/01/28","4616","川上塗料","東証およびＰＴＳ",,"確報",0,0,400,0,0,0,400,0,0,796000,0,0,0,796000,,,0,0,0,0,0,0,21,21,21,21,0,0,0
"2026/01/26","2026/01/28","4617","中国塗料","東証およびＰＴＳ",,"確報",700,500,39200,100,0,3000,36200,3160500,2257500,176988000,451500,0,13545000,163443000,,,0,0,0,3315000,246500,0,35.7,55.1,41.9,47.6,10.5,8.9,9.6
"2026/01/26","2026/01/28","4619","日本特殊塗料","東証およびＰＴＳ",,"確報",400,100,8500,600,0,600,7900,947600,236900,20136500,1421400,0,1421400,18715100,,,0,0,0,418200,0,0,37.8,69,69,69,3.5,4.2,3.8
"2026/01/26","2026/01/28","461A","ＭＸ日株高配ＳＭＡＲ","東証およびＰＴＳ",,"確報",0,0,490,0,0,0,490,0,0,1097110,0,0,0,1097110,,,0,0,0,21560,0,0,6.9,3.6,79,6.9,0,0,0
"2026/01/26","2026/01/28","4620","藤倉化成","東証およびＰＴＳ",,"確報",3600,0,22200,0,200,10800,11400,2224800,0,13719600,0,123600,6674400,7045200,,,0,0,0,409200,242000,0,16.8,9.7,16.1,12.1,142.8,33.6,54.4
"2026/01/26","2026/01/28","4623","アサヒペン","東証およびＰＴＳ",,"確報",0,0,3200,0,0,0,3200,0,0,5539200,0,0,0,5539200,,,0,0,0,3200,0,0,314,157,0,314,0,0,0
"2026/01/26","2026/01/28","4624","イサム塗料","東証およびＰＴＳ",,"確報",0,100,200,0,0,0,200,0,366500,733000,0,0,0,733000,,,0,0,0,16500,0,0,4.7,4.7,4.7,4.7,0,0,0
"2026/01/26","2026/01/28","4625","アトミクス","東証およびＰＴＳ",,"確報",0,500,7000,0,0,0,7000,0,379000,5306000,0,0,0,5306000,,,0,0,0,37500,0,0,35.6,93.5,22,35.6,0,0,0
"2026/01/26","2026/01/28","4626","太陽ホールディングス","東証およびＰＴＳ",,"確報",400,5900,54700,900,1300,86500,-31800,2023600,29848100,276727300,4553100,6576700,437603500,-160876200,,,0,0,0,2287600,3302200,0,10.5,6.1,16.4,8.9,6.5,70.4,11.8
"2026/01/26","2026/01/28","4627","ナトコ","東証およびＰＴＳ",,"確報",0,0,0,0,0,0,0,0,0,0,0,0,0,0,,,0,0,0,0,0,0,6,0,3,6,0,0,0
"2026/01/26","2026/01/28","4628","エスケー化研","東証およびＰＴＳ",,"確報",0,0,300,0,0,0,300,0,0,3225000,0,0,0,3225000,,,0,0,0,36000,0,0,24,12,0,24,0,0,0
"2026/01/26","2026/01/28","4629","大伸化学","東証およびＰＴＳ",,"確報",200,0,2100,0,0,0,2100,346200,0,3635100,0,0,0,3635100,,,0,0,0,28500,0,0,63.3,31.7,0,63.3,0,0,0
"2026/01/26","2026/01/28","462A","ＦＵＮＤＩＮＮＯ","東証およびＰＴＳ",,"確報",3300,400,60900,0,0,0,60900,2963400,359200,54688200,0,0,0,54688200,,,0,0,0,4930000,0,0,30.7,25.7,38.1,30.7,0,0,0
"2026/01/26","2026/01/28","4631","ＤＩＣ","東証およびＰＴＳ",,"確報",900,0,16100,400,0,400,15700,3382200,0,60503800,1503200,0,1503200,59000600,,,0,0,0,288800,0,0,17.3,13.9,37.7,20.4,1,1.8,1.3
"2026/01/26","2026/01/28","4633","サカタインクス","東証およびＰＴＳ",,"確報",300,0,15100,0,0,0,15100,719400,0,36209800,0,0,0,36209800,,,0,0,0,458800,0,0,107,74.9,187.3,107,0,0,0
"2026/01/26","2026/01/28","4634","ａｒｔｉｅｎｃｅ","東証およびＰＴＳ",,"確報",4600,700,5300,100,0,3000,2300,16652000,2534000,19186000,362000,0,10860000,8326000,,,0,0,0,91000,188500,0,2.8,1.3,1.8,1.5,33.6,16.8,22.4
"2026/01/26","2026/01/28","4635","東京インキ","東証およびＰＴＳ",,"確報",0,800,6300,0,0,0,6300,0,1204800,9487800,0,0,0,9487800,,,0,0,0,120700,0,0,27.1,56.5,17.8,27.1,0,0,0
"2026/01/26","2026/01/28","463A","インテリックスＨＤ","東証およびＰＴＳ",,"確報",800,100,6400,0,0,0,6400,772000,96500,6176000,0,0,0,6176000,,,0,0,0,114000,0,0,25.4,21.8,30.5,25.4,0,0,0
"2026/01/26","2026/01/28","4641","アルプス技研","東証およびＰＴＳ",,"確報",600,0,6000,0,0,2100,3900,1584000,0,15840000,0,0,5544000,10296000,,,0,0,0,388800,151200,0,12.4,45,7,12.1,13.1,13.1,13.1
"2026/01/26","2026/01/28","4642","オリジナル設計","東証およびＰＴＳ",,"確報",200,0,2500,0,0,0,2500,307800,0,3847500,0,0,0,3847500,,,0,0,0,2300,0,0,19.8,13.6,36.3,19.8,0,0,0
"2026/01/26","2026/01/28","4644","イマジニア","東証およびＰＴＳ",,"確報",100,600,1600,200,0,1500,100,109900,659400,1758400,219800,0,1648500,109900,,,0,0,16800,0,0,10400,15.2,10.2,13.1,11.5,22.7,34,27.2
"2026/01/26","2026/01/28","4645","市進ホールディングス","東証およびＰＴＳ",,"確報",0,1000,300,0,0,0,300,0,454000,136200,0,0,0,136200,,,0,0,0,3900,0,0,9.3,56,5.1,9.3,0,0,0
"2026/01/26","2026/01/28","464A","ＱＰＳＨＤ","東証およびＰＴＳ",,"確報",199800,200700,740100,0,900,740100,0,337861800,339383700,1251509100,0,1521900,1251509100,0,,,0,0,0,22230000,22230000,0,5.8,3,3,3,4118.8,1544.5,2246.6
"2026/01/26","2026/01/28","4650","ＳＤエンター","東証およびＰＴＳ",,"確報",0,0,3500,0,0,0,3500,0,0,1053500,0,0,0,1053500,,,0,0,0,0,0,0,0,0,0,0,0,0,0
"2026/01/26","2026/01/28","4651","サニックスＨＤ","東証およびＰＴＳ",,"確報",1900,900,69400,0,200,8500,60900,421800,199800,15406800,0,44400,1887000,13519800,,,0,0,0,205200,26100,0,119.8,126.6,310.8,179.9,24.4,46.1,31.9
"2026/01/26","2026/01/28","4657","環境管理センター","東証およびＰＴＳ",,"確報",100,200,2400,0,0,0,2400,44400,88800,1065600,0,0,0,1065600,,,0,0,0,10000,0,0,10.3,19.7,6.9,10.3,0,0,0
"2026/01/26","2026/01/28","4658","日本空調サービス","東証およびＰＴＳ",,"確報",8500,5000,46700,0,300,42900,3800,12418500,7305000,68228700,0,438300,62676900,5551800,,,0,0,0,1468800,1468800,0,19.3,15.1,36.6,21.4,9.9,74.2,17.5
"2026/01/26","2026/01/28","4659","エイジス","東証およびＰＴＳ",,"確報",200,0,1000,0,0,0,1000,608000,0,3040000,0,0,0,3040000,,,0,0,34400,0,0,0,42,21,0,42,0,0,0
"2026/01/26","2026/01/28","465A","ＧＸ日経株主還元","東証およびＰＴＳ",,"確報",10,0,3403,0,0,0,3403,11220,0,3818166,0,0,0,3818166,,,0,0,0,71253,0,0,9.7,5.2,74.2,9.7,0,0,0
"2026/01/26","2026/01/28","4661","オリエンタルランド","東証およびＰＴＳ",,"確報",22800,15300,380600,3500,6000,27600,353000,64421400,43230150,1075385300,9889250,16953000,77983800,997401500,,,0,0,11379550,0,0,918050,44.9,51,62.2,56.1,14.6,12,13.2
"2026/01/26","2026/01/28","4662","フォーカスシステムズ","東証およびＰＴＳ",,"確報",0,1700,24600,0,0,0,24600,0,3104200,44919600,0,0,0,44919600,,,0,0,0,1946200,0,0,64.6,86.1,51.7,64.6,0,0,0
"2026/01/26","2026/01/28","4664","アール・エス・シー","東証およびＰＴＳ",,"確報",0,700,16300,0,0,0,16300,0,767900,17881100,0,0,0,17881100,,,0,0,153000,0,0,0,29.6,25.8,34.8,29.6,0,0,0
"2026/01/26","2026/01/28","4665","ダスキン","東証およびＰＴＳ",,"確報",700,0,2500,0,0,30500,-28000,3070900,0,10967500,0,0,133803500,-122836000,,,0,0,0,59400,1006500,0,52.9,5.6,7.4,6.4,64.8,212.9,99.3
"2026/01/26","2026/01/28","4666","パーク二四","東証およびＰＴＳ",,"確報",1700,100,39900,400,200,15900,24000,3851350,226550,90393450,906200,453100,36021450,54372000,,,0,0,0,746850,306150,0,11.4,6,36,10.3,17.2,13.6,15.2
"2026/01/26","2026/01/28","4667","アイサンテクノロジー","東証およびＰＴＳ",,"確報",2000,400,11100,0,0,0,11100,4216000,843200,23398800,0,0,0,23398800,,,0,0,0,1168500,0,0,14,13.7,14.4,14,0,0,0
"2026/01/26","2026/01/28","4668","明光ネットワクジャパ","東証およびＰＴＳ",,"確報",53500,4300,55400,0,200,6000,49400,38359500,3083100,39721800,0,143400,4302000,35419800,,,0,0,0,37200,37200,0,1.4,1.1,1.5,1.2,104.7,34.9,52.3
"2026/01/26","2026/01/28","466A","ＧＸ防衛テック","東証およびＰＴＳ",,"確報",3013,32652,102964,0,0,0,102964,3709003,40194612,126748684,0,0,0,126748684,,,0,0,0,3049869,0,0,6.2,4.5,10.2,6.2,0,0,0
"2026/01/26","2026/01/28","4671","ファルコＨＤ","東証およびＰＴＳ",,"確報",200,1000,1700,0,0,2500,-800,540000,2700000,4590000,0,0,6750000,-2160000,,,0,0,0,62500,62500,0,11.3,6.3,4.4,5.2,125,0,250
"2026/01/26","2026/01/28","4673","川崎地質","東証およびＰＴＳ",,"確報",200,0,4700,0,0,0,4700,959000,0,22536500,0,0,0,22536500,,,0,0,0,427500,0,0,22.8,15.5,43.4,22.8,0,0,0
"2026/01/26","2026/01/28","4674","クレスコ","東証およびＰＴＳ",,"確報",500,100,7600,900,200,1900,5700,856000,171200,13011200,1540800,342400,3252800,9758400,,,0,0,0,230400,38400,0,20,23.5,352,44,3.7,8.4,5.2
"2026/01/26","2026/01/28","4676","フジ・メディア・ＨＤ","東証およびＰＴＳ",,"確報",3400,100,20400,0,0,0,20400,13385800,393700,80314800,0,0,0,80314800,,,0,0,0,136800,0,0,17.5,13.4,25.1,17.5,0,0,0
"2026/01/26","2026/01/28","4678","秀英予備校","東証およびＰＴＳ",,"確報",0,0,2400,600,0,14500,-12100,0,0,756000,189000,0,4567500,-3811500,,,0,0,4800,0,0,27800,18.7,0,122,244,13,21.6,16.2
"2026/01/26","2026/01/28","4679","田谷","東証およびＰＴＳ",,"確報",0,100,3700,0,0,0,3700,0,32700,1209900,0,0,0,1209900,,,0,0,0,26600,0,0,15.4,8.5,81,15.4,0,0,0
"2026/01/26","2026/01/28","467A","ＧＸＵＳ社債Ｈ","東証およびＰＴＳ",,"確報",0,0,0,0,0,0,0,0,0,0,0,0,0,0,,,0,0,0,0,0,0,0,0,0,0,0,0,0
"2026/01/26","2026/01/28","4680","ラウンドワン","東証およびＰＴＳ",,"確報",3700,19400,201200,0,0,100,201100,4119950,21601900,224036200,0,0,111350,223924850,,,0,0,0,6507000,3000,0,26.7,56.7,29.5,38.8,1,1,1
"2026/01/26","2026/01/28","4681","リゾートトラスト","東証およびＰＴＳ",,"確報",0,52200,600,5300,3100,23900,-23300,0,98971200,1137600,10048800,5877600,45314400,-44176800,,,0,0,0,1267200,520800,0,2,1.2,1.2,1.2,6.2,4.2,5
"2026/01/26","2026/01/28","4684","オービック","東証およびＰＴＳ",,"確報",9500,0,45000,0,0,0,45000,43700000,0,207000000,0,0,0,207000000,,,0,0,0,2662500,0,0,25.2,13.4,200.2,25.2,0,0,0
"2026/01/26","2026/01/28","4685","菱友システムズ","東証およびＰＴＳ",,"確報",100,0,13100,0,0,0,13100,376500,0,49321500,0,0,0,49321500,,,0,0,0,1235000,0,0,63.9,335.5,35.3,63.9,0,0,0
"2026/01/26","2026/01/28","4686","ジャストシステム","東証およびＰＴＳ",,"確報",23500,4400,36500,400,200,17600,18900,115855000,21692000,179945000,1972000,986000,86768000,93177000,,,0,0,0,2262000,2262000,0,3.9,2,3,2.4,27.2,60.2,37.5
"2026/01/26","2026/01/28","4687","ＴＤＣソフト","東証およびＰＴＳ",,"確報",500,0,14700,0,400,16900,-2200,634500,0,18654300,0,507600,21446100,-2791800,,,0,0,0,440200,536300,0,28.4,32.8,65.5,43.7,37,15.9,22.3
"2026/01/26","2026/01/28","4689","ＬＩＮＥヤフー","東証およびＰＴＳ",,"確報",26400,0,1370300,5000,0,8700,1361600,10570560,0,548668120,2002000,0,3483480,545184640,,,0,0,0,7525840,20720,0,23,16.3,41.6,23.4,3.1,6.9,4.2
"2026/01/26","2026/01/28","468A","ＧＸＵＳ社債","東証およびＰＴＳ",,"確報",0,0,0,0,0,0,0,0,0,0,0,0,0,0,,,0,0,0,0,0,0,1,1,1,1,0,0,0
"2026/01/26","2026/01/28","4690","日本パレットプール","東証およびＰＴＳ",,"確報",0,0,2000,0,0,0,2000,0,0,3444000,0,0,0,3444000,,,0,0,0,16000,0,0,103,0,51.5,103,0,0,0
"2026/01/26","2026/01/28","4691","ワシントンホテル","東証およびＰＴＳ",,"確報",0,100,7800,0,0,0,7800,0,131800,10280400,0,0,0,10280400,,,0,0,0,197500,0,0,197.5,0,98.8,197.5,0,0,0
"2026/01/26","2026/01/28","4694","ビー・エム・エル","東証およびＰＴＳ",,"確報",2600,0,4900,800,0,31400,-26500,10153000,0,19134500,3124000,0,122617000,-103482500,,,0,0,23000,0,0,306000,45.5,5.2,16.1,7.9,56.3,253.5,92.2
"2026/01/26","2026/01/28","469A","フィットクルー","東証およびＰＴＳ",,"確報",800,100,8900,0,0,0,8900,2255200,281900,25089100,0,0,0,25089100,,,0,0,631400,0,0,0,18.4,23,15.3,18.4,0,0,0
"2026/01/26","2026/01/28","4704","トレンドマイクロ","東証およびＰＴＳ",,"確報",7600,300,53300,500,0,800,52500,46952800,1853400,329287400,3089000,0,4942400,324345000,,,0,0,0,4554000,29700,0,24.9,19.3,45.4,27.1,1.8,4.8,2.7
"2026/01/26","2026/01/28","4705","クリップコーポ","東証およびＰＴＳ",,"確報",0,0,0,0,0,0,0,0,0,0,0,0,0,0,,,0,0,0,0,0,0,0,0,0,0,0,0,0
"2026/01/26","2026/01/28","4707","キタック","東証およびＰＴＳ",,"確報",0,1000,7800,0,0,0,7800,0,342000,2667600,0,0,0,2667600,,,0,0,0,105600,0,0,11,10.9,11.1,11,0,0,0
"2026/01/26","2026/01/28","4709","ＩＤホールディングス","東証およびＰＴＳ",,"確報",200,0,5400,100,0,2600,2800,422600,0,11410200,211300,0,5493800,5916400,,,0,0,0,161200,77500,0,49.9,24.8,0,49.6,42,63,50.4
"2026/01/26","2026/01/28","4712","ＫｅｙＨｏｌｄｅｒ","東証およびＰＴＳ",,"確報",0,0,7500,0,0,0,7500,0,0,5452500,0,0,0,5452500,,,0,0,0,7500,0,0,754,0,377,754,0,0,0
"2026/01/26","2026/01/28","4714","リソー教育グループ","東証およびＰＴＳ",,"確報",9400,200,190900,19200,0,186200,4700,1964600,41800,39898100,4012800,0,38915800,982300,,,0,0,0,363400,334000,0,31.8,30.6,78.7,44,19.8,32.7,24.7
"2026/01/26","2026/01/28","4716","日本オラクル","東証およびＰＴＳ",,"確報",100,100,11000,500,100,2100,8900,1089500,1089500,119845000,5447500,1089500,22879500,96965500,,,0,0,0,3520000,544000,0,9.2,8.8,80.8,15.9,2.8,4.5,3.4
"2026/01/26","2026/01/28","4718","早稲田アカデミー","東証およびＰＴＳ",,"確報",100,100,10100,100,100,10100,0,218500,218500,22068500,218500,218500,22068500,0,,,0,0,0,434300,434300,0,17.4,17,10.5,13,45.8,17.7,25.5
"2026/01/26","2026/01/28","4719","アルファシステムズ","東証およびＰＴＳ",,"確報",400,400,900,0,0,900,0,1542000,1542000,3469500,0,0,3469500,0,,,0,0,0,76500,76500,0,2.9,1.7,1.7,1.7,0,7.5,15
"2026/01/26","2026/01/28","471A","ＮＳ　グループ","東証およびＰＴＳ",,"確報",0,600,21800,0,0,0,21800,0,873000,31719000,0,0,0,31719000,,,0,0,0,134400,0,0,22.6,38.9,15.9,22.6,0,0,0
"2026/01/26","2026/01/28","4720","城南進学研究社","東証およびＰＴＳ",,"確報",0,100,8000,0,0,0,8000,0,28200,2256000,0,0,0,2256000,,,0,0,0,24300,0,0,20,13.3,40,20,0,0,0
"2026/01/26","2026/01/28","4722","フューチャー","東証およびＰＴＳ",,"確報",0,0,4300,800,0,3000,1300,0,0,8436600,1569600,0,5886000,2550600,,,0,0,0,0,0,0,15.6,0,10.2,20.5,9.8,13.7,11.4
"2026/01/26","2026/01/28","4725","ＣＡＣＨＤ","東証およびＰＴＳ",,"確報",2100,0,24800,100,0,29900,-5100,4260900,0,50319200,202900,0,60667100,-10347900,,,0,0,0,454000,596000,0,27.5,13.4,28.3,18.2,43,48.4,45.5
"2026/01/26","2026/01/28","4728","トーセ","東証およびＰＴＳ",,"確報",0,0,1200,0,0,0,1200,0,0,789600,0,0,0,789600,,,0,0,0,3600,0,0,19.3,29,14.5,19.3,0,0,0
"2026/01/26","2026/01/28","472A","ミラティブ","東証およびＰＴＳ",,"確報",200,900,11700,0,0,0,11700,127400,573300,7452900,0,0,0,7452900,,,0,0,0,235600,0,0,18.8,58.8,11.2,18.8,0,0,0
"2026/01/26","2026/01/28","4732","ユー・エス・エス","東証およびＰＴＳ",,"確報",0,100,6600,1700,0,3000,3600,0,172600,11391600,2934200,0,5178000,6213600,,,0,0,0,103850,20150,0,20.7,170.5,31,52.5,5.7,8.6,6.9
"2026/01/26","2026/01/28","4733","オービックＢＣ","東証およびＰＴＳ",,"確報",1400,0,3700,0,0,0,3700,10809400,0,28567700,0,0,0,28567700,,,0,0,0,271400,0,0,5.4,3.1,17.8,5.4,0,0,0
"2026/01/26","2026/01/28","4735","京進","東証およびＰＴＳ",,"確報",0,800,1700,0,0,0,1700,0,259200,550800,0,0,0,550800,,,0,0,2500,0,0,0,29.3,0,14.6,29.3,0,0,0
"2026/01/26","2026/01/28","4736","日本ラッド","東証およびＰＴＳ",,"確報",0,400,10400,0,0,0,10400,0,260400,6770400,0,0,0,6770400,,,0,0,0,108000,0,0,47.8,275,26.2,47.8,0,0,0
"2026/01/26","2026/01/28","473A","ＮＡＭ日経２２５イン","東証およびＰＴＳ",,"確報",0,0,710,0,0,0,710,0,0,754730,0,0,0,754730,,,0,0,0,13490,0,0,8,4,0,8,0,0,0
"2026/01/26","2026/01/28","4743","アイティフォー","東証およびＰＴＳ",,"確報",300,100,3500,0,200,2000,1500,517200,172400,6034000,0,344800,3448000,2586000,,,0,0,0,99000,66000,0,28.3,35.2,25.1,29.3,107,15.3,26.8
"2026/01/26","2026/01/28","4746","東計電算","東証およびＰＴＳ",,"確報",800,500,3000,0,100,2600,400,3456000,2160000,12960000,0,432000,11232000,1728000,,,0,0,0,324000,324000,0,13.7,8.6,10.4,9.4,28.4,23.7,25.8
"2026/01/26","2026/01/28","4750","ダイサン","東証およびＰＴＳ",,"確報",100,300,2900,700,0,1200,1700,59500,178500,1725500,416500,0,714000,1011500,,,0,0,12400,0,0,2000,24,80,22.9,35.6,4.6,0,9.1
"2026/01/26","2026/01/28","4751","サイバーエージェント","東証およびＰＴＳ",,"確報",600,600,163800,0,0,2300,161500,873600,873600,238492800,0,0,3348800,235144000,,,0,0,0,2538900,35650,0,43.2,39.3,49.9,44,42,12.6,19.4
"2026/01/26","2026/01/28","4752","昭和システム","東証およびＰＴＳ",,"確報",0,0,0,0,0,0,0,0,0,0,0,0,0,0,,,0,0,0,0,0,0,0,0,0,0,0,0,0
"2026/01/26","2026/01/28","4754","トスネット","東証およびＰＴＳ",,"確報",0,0,0,0,0,0,0,0,0,0,0,0,0,0,,,0,0,0,0,0,0,0,0,0,0,0,0,0
"2026/01/26","2026/01/28","4755","楽天グループ","東証およびＰＴＳ",,"確報",443200,4700,3155100,7600,59500,53000,3102100,415234080,4403430,2956013190,7120440,55745550,49655700,2906357490,,,0,0,0,13854660,534990,0,13.1,7.8,55.5,13.7,12.7,4.2,6.4
"2026/01/26","2026/01/28","475A","ギミック","東証およびＰＴＳ",,"確報",0,100,4400,0,0,0,4400,0,113000,4972000,0,0,0,4972000,,,0,0,0,94500,0,0,42.7,0,21.4,42.7,0,0,0
"2026/01/26","2026/01/28","4760","アルファ","東証およびＰＴＳ",,"確報",0,0,1700,0,0,0,1700,0,0,2708100,0,0,0,2708100,,,0,0,0,28900,0,0,0,0,0,0,0,0,0
"2026/01/26","2026/01/28","4761","さくらケーシーエス","東証およびＰＴＳ",,"確報",0,0,4000,0,0,0,4000,0,0,5224000,0,0,0,5224000,,,0,0,0,84000,0,0,102,0,51,102,0,0,0
"2026/01/26","2026/01/28","4762","エックスネット","東証およびＰＴＳ",,"確報",0,0,400,0,0,0,400,0,0,627600,0,0,0,627600,,,0,0,19200,0,0,0,0,0,0,0,0,0,0
"2026/01/26","2026/01/28","4763","クリーク＆リバー社","東証およびＰＴＳ",,"確報",1100,0,11200,0,0,0,11200,1673100,0,17035200,0,0,0,17035200,,,0,0,0,363600,0,0,28.4,32.8,104.8,49.9,0,0.1,0.1
"2026/01/26","2026/01/28","4765","ＳＢＩＧアセットＭ","東証およびＰＴＳ",,"確報",12200,0,132400,8000,0,32900,99500,7673800,0,83279600,5032000,0,20694100,62585500,,,0,0,0,1322200,273900,0,12.5,15.3,12.9,14,4.6,19.7,7.5
"2026/01/26","2026/01/28","4766","ピーエイ","東証およびＰＴＳ",,"確報",200,0,5400,0,0,0,5400,54800,0,1479600,0,0,0,1479600,,,0,0,0,15600,0,0,41.7,25,125,41.7,0,0,0
"2026/01/26","2026/01/28","4767","テーオーダブリュー","東証およびＰＴＳ",,"確報",0,100,51500,0,0,0,51500,0,37800,19467000,0,0,0,19467000,,,0,0,0,464400,0,0,151.4,160.9,143,151.4,0,0,0
"2026/01/26","2026/01/28","4768","大塚商会","東証およびＰＴＳ",,"確報",7500,500,8300,0,800,2800,5500,23640000,1576000,26161600,0,2521600,8825600,17336000,,,0,0,0,92300,255600,0,2.5,1.8,1.6,1.7,12.7,4.3,6.5
"2026/01/26","2026/01/28","4769","ＩＣ","東証およびＰＴＳ",,"確報",0,0,0,0,0,0,0,0,0,0,0,0,0,0,,,0,0,0,0,0,0,0,0,0,0,0,0,0
"2026/01/26","2026/01/28","476A","辻・本郷ＩＴコンサル","東証およびＰＴＳ",,"確報",400,200,4600,0,0,0,4600,919200,459600,10570800,0,0,0,10570800,,,0,0,162800,0,0,0,21.5,41.2,14.5,21.5,0,0,0
"2026/01/26","2026/01/28","4771","エフアンドエム","東証およびＰＴＳ",,"確報",4900,5000,11300,0,100,11300,0,11554200,11790000,26645400,0,235800,26645400,0,,,0,0,0,228000,228000,0,4,2.1,2.2,2.2,23.7,74.6,36
"2026/01/26","2026/01/28","4772","ＳＭ　ＥＮＴＥＲ","東証およびＰＴＳ",,"確報",3800,900,51800,0,0,0,51800,399000,94500,5439000,0,0,0,5439000,,,0,0,0,48900,0,0,61.4,39.1,142.7,61.4,0,0,0
"2026/01/26","2026/01/28","4776","サイボウズ","東証およびＰＴＳ",,"確報",1400,4900,101100,3200,300,5100,96000,3532200,12362700,255075300,8073600,756900,12867300,242208000,,,0,0,0,1987400,41800,0,21.1,31.3,19.3,23.9,3.9,6.3,4.8
"2026/01/26","2026/01/28","4777","ガーラ","東証およびＰＴＳ",,"確報",0,0,17100,0,0,0,17100,0,0,3625200,0,0,0,3625200,,,0,0,0,0,0,0,343.2,286,429,343.2,0,0,0
"2026/01/26","2026/01/28","477A","スタートライン","東証およびＰＴＳ",,"確報",0,2000,300500,0,0,0,300500,0,1558000,234089500,0,0,0,234089500,,,0,0,0,18452500,0,0,152.6,139.2,168.9,152.6,0,0,0
"2026/01/26","2026/01/28","4783","ＮＣＤ","東証およびＰＴＳ",,"確報",3800,500,4100,0,0,800,3300,12274000,1615000,13243000,0,0,2584000,10659000,,,0,0,0,16000,16000,0,1.7,1.5,1.4,1.4,2.5,10,4
"2026/01/26","2026/01/28","4784","ＧＭＯインターネット","東証およびＰＴＳ",,"確報",600,10700,444900,0,0,0,444900,492000,8774000,364818000,0,0,0,364818000,,,0,0,3185000,0,0,0,5.4,5.5,5.3,5.4,0,0,0
"2026/01/26","2026/01/28","478A","フツパー","東証およびＰＴＳ",,"確報",200,0,62200,0,0,0,62200,224800,0,69912800,0,0,0,69912800,,,0,0,0,4154000,0,0,33.3,92.6,20.3,33.3,0,0,0
"2026/01/26","2026/01/28","4792","山田コンサルティング","東証およびＰＴＳ",,"確報",100,0,5300,100,200,3900,1400,173900,0,9216700,173900,347800,6782100,2434600,,,0,0,0,161200,124000,0,43.3,43.3,130,65,21.7,48.8,30
"2026/01/26","2026/01/28","479A","ＰＲＯＮＩ","東証およびＰＴＳ",,"確報",0,600,13300,0,0,0,13300,0,1122000,24871000,0,0,0,24871000,,,0,0,0,125100,0,0,13.2,10.8,16.9,13.2,0,0,0
"2026/01/26","2026/01/28","4800","オリコン","東証およびＰＴＳ",,"確報",1000,100,23700,0,0,0,23700,875000,87500,20737500,0,0,0,20737500,,,0,0,0,45600,0,0,135.6,104.5,383,164.1,4,2,2.7
"2026/01/26","2026/01/28","4801","セントラルスポーツ","東証およびＰＴＳ",,"確報",0,0,1200,0,0,0,1200,0,0,2950800,0,0,0,2950800,,,0,0,0,31200,0,0,41.3,62,31,41.3,0,0,0
"2026/01/26","2026/01/28","4809","パラカ","東証およびＰＴＳ",,"確報",0,500,5700,0,0,0,5700,0,1014500,11565300,0,0,0,11565300,,,0,0,0,55800,0,0,42,49,36.8,42,0,0,0
"2026/01/26","2026/01/28","480A","リブコンサル","東証およびＰＴＳ",,"確報",100,100,56800,0,0,0,56800,113800,113800,64638400,0,0,0,64638400,,,0,0,0,1704000,0,0,43.7,32.9,65,43.7,0,0,0
"2026/01/26","2026/01/28","4811","ドリーム・アーツ","東証およびＰＴＳ",,"確報",0,200,400,0,0,0,400,0,242400,484800,0,0,0,484800,,,0,0,0,5400,0,0,7.7,9,6.8,7.7,0,0,0
"2026/01/26","2026/01/28","4812","電通総研","東証およびＰＴＳ",,"確報",0,500,3300,14300,0,30200,-26900,0,1275000,8415000,36465000,0,77010000,-68595000,,,0,0,0,167200,699600,0,1.6,1.1,1.1,1.1,3.2,14.2,5.3
"2026/01/26","2026/01/28","4813","ＡＣＣＥＳＳ","東証およびＰＴＳ",,"確報",9000,400,261100,8600,0,261100,0,5382000,239200,156137800,5142800,0,156137800,0,,,0,0,0,4292500,4292500,0,70.7,44,163.7,69.4,45.1,179.8,72.1
"2026/01/26","2026/01/28","4814","ネクストウェア","東証およびＰＴＳ",,"確報",2000,1000,98900,0,0,0,98900,432000,216000,21362400,0,0,0,21362400,,,0,0,0,391600,0,0,50.4,70.4,39.3,50.4,0,0,0
"2026/01/26","2026/01/28","4816","東映アニメーション","東証およびＰＴＳ",,"確報",600,0,29500,1300,100,4900,24600,1643400,0,80800500,3560700,273900,13421100,67379400,,,0,0,0,3034500,388500,0,28.9,70.1,27.1,39,5,35,8.8
"2026/01/26","2026/01/28","4819","デジタルガレージ","東証およびＰＴＳ",,"確報",100,0,13500,3900,0,13200,300,251800,0,33993000,9820200,0,33237600,755400,,,0,0,0,629800,437100,0,19.5,17.2,81.8,28.4,9,30.3,13.9
"2026/01/26","2026/01/28","4820","イーエムシステムズ","東証およびＰＴＳ",,"確報",8500,900,41700,700,300,41700,0,6426000,680400,31525200,529200,226800,31525200,0,,,0,0,0,886600,1073800,0,23.1,11.8,31,17,18.8,146.7,33.4
"2026/01/26","2026/01/28","4825","ウェザーニューズ","東証およびＰＴＳ",,"確報",14900,8800,36800,2700,0,33400,3400,60419500,35684000,149224000,10948500,0,135437000,13787000,,,0,0,0,767500,767500,0,6.4,3.6,3.6,3.6,19.6,254.7,36.4
"2026/01/26","2026/01/28","4826","シー・アイ・ジェイ","東証およびＰＴＳ",,"確報",16900,900,126800,0,17800,47400,79400,8957000,477000,67204000,0,9434000,25122000,42082000,,,0,0,0,1440400,847600,0,24.9,17.7,61.4,27.4,35.5,15.2,21.3
"2026/01/26","2026/01/28","4828","ビーエンジ","東証およびＰＴＳ",,"確報",335500,3700,343200,0,21100,15500,327700,503250000,5550000,514800000,0,31650000,23250000,491550000,,,0,0,0,900600,2891400,0,1.6,1,2,1.4,21.9,6.1,9.5
"2026/01/26","2026/01/28","4829","日本エンタープライズ","東証およびＰＴＳ",,"確報",3800,0,37900,0,100,12400,25500,459800,0,4585900,0,12100,1500400,3085500,,,0,0,0,68200,25000,0,13,22.3,76.2,34.6,2.1,6.6,3.2
"2026/01/26","2026/01/28","4832","ＪＦＥシステムズ","東証およびＰＴＳ",,"確報",0,300,2400,0,0,0,2400,0,705000,5640000,0,0,0,5640000,,,0,0,0,43200,0,0,19,22.2,16.6,19,0,0,0
"2026/01/26","2026/01/28","4833","Ｄｅｆコンサル","東証およびＰＴＳ",,"確報",23900,41700,1185300,0,0,0,1185300,2294400,4003200,113788800,0,0,0,113788800,,,0,0,3609300,0,0,0,10.7,15.2,8.3,10.7,0,0,0
"2026/01/26","2026/01/28","4838","ＳＳＳＫ　ＨＤ","東証およびＰＴＳ",,"確報",1100,0,13100,0,0,0,13100,876700,0,10440700,0,0,0,10440700,,,0,0,0,96000,0,0,23.2,12.4,189.7,23.2,0,0,0
"2026/01/26","2026/01/28","4839","ワウワウ","東証およびＰＴＳ",,"確報",51300,49800,89900,1500,0,89900,0,75411000,73206000,132153000,2205000,0,132153000,0,,,0,0,88400,0,0,88400,7.6,3.8,4.3,4,33.2,543.8,62.6
"2026/01/26","2026/01/28","483A","テラテクノロジー","東証およびＰＴＳ",,"確報",0,300,5800,0,0,0,5800,0,722700,13972200,0,0,0,13972200,,,0,0,0,280600,0,0,24.6,166,13.3,24.6,0,0,0
"2026/01/26","2026/01/28","4840","トライアイズ","東証およびＰＴＳ",,"確報",0,1400,700,0,0,0,700,0,686000,343000,0,0,0,343000,,,0,0,0,29400,0,0,4.4,4.2,4.6,4.4,0,0,0
"2026/01/26","2026/01/28","4845","スカラ","東証およびＰＴＳ",,"確報",0,0,13000,0,100,4800,8200,0,0,4940000,0,38000,1824000,3116000,,,0,0,0,13000,4900,0,21.1,9.1,116.8,16.9,50.2,50.2,50.2
"2026/01/26","2026/01/28","4847","インテリジェントウェ","東証およびＰＴＳ",,"確報",2200,100,27100,0,0,0,27100,2125200,96600,26178600,0,0,0,26178600,,,0,0,0,425000,0,0,84.5,52.8,211.3,84.5,0,0,0
"2026/01/26","2026/01/28","4848","フルキャストＨＤ","東証およびＰＴＳ",,"確報",400,400,10400,0,0,10400,0,684000,684000,17784000,0,0,17784000,0,,,0,0,0,530400,530400,0,22.8,18,21,19.3,34.7,22.7,27.4
"2026/01/26","2026/01/28","4849","エン","東証およびＰＴＳ",,"確報",600,200,28200,4900,2000,124800,-96600,893400,297800,41989800,7296100,2978000,185827200,-143837400,,,0,0,0,695000,3047500,0,62.2,23.4,221.8,42.3,47.3,129.7,69.3
"2026/01/26","2026/01/28","485A","パワーエックス","東証およびＰＴＳ",,"確報",8400,900,315800,0,0,0,315800,18782400,2012400,706128800,0,0,0,706128800,,,0,0,5857700,0,0,0,4,4.1,4,4,0,0,0
"2026/01/26","2026/01/28","486A","ＳＴＯＸＸヘッジ無","東証およびＰＴＳ",,"確報",23,0,301,0,0,0,301,47472,0,621264,0,0,0,621264,,,0,0,0,15568,0,0,7.6,3.8,0,7.6,0,0,0
"2026/01/26","2026/01/28","4875","メディシノバ・インク","東証およびＰＴＳ",,"確報",3000,0,3300,0,0,0,3300,879000,0,966900,0,0,0,966900,,,0,0,0,600,0,0,2.3,1.2,39,2.3,0,0,0
"2026/01/26","2026/01/28","487A","ＤＡＸヘッジ無","東証およびＰＴＳ",,"確報",20,0,46,0,0,0,46,41020,0,94346,0,0,0,94346,,,0,0,0,988,0,0,4.2,2.5,13.5,4.2,0,0,0
"2026/01/26","2026/01/28","4880","セルソース","東証およびＰＴＳ",,"確報",44900,15700,154900,0,4900,183000,-28100,18004900,6295700,62114900,0,1964900,73383000,-11268100,,,0,0,0,2765400,4133800,0,14.5,5.8,9.1,7.1,69,49.1,57.3
"2026/01/26","2026/01/28","4881","ファンペップ","東証およびＰＴＳ",,"確報",3900,3600,72800,0,0,0,72800,347100,320400,6479200,0,0,0,6479200,,,0,0,0,362500,0,0,7.8,9.2,6.8,7.8,0,0,0
"2026/01/26","2026/01/28","4882","ペルセウス","東証およびＰＴＳ",,"確報",0,300,35400,0,0,0,35400,0,74400,8779200,0,0,0,8779200,,,0,0,0,249900,0,0,29.3,0,14.6,29.3,0,0,0
"2026/01/26","2026/01/28","4883","モダリス","東証およびＰＴＳ",,"確報",400,6300,438000,0,0,0,438000,25200,396900,27594000,0,0,0,27594000,,,0,0,0,0,0,0,40.4,28.6,68.9,40.4,0,0,0
"2026/01/26","2026/01/28","4884","クリングルファーマ","東証およびＰＴＳ",,"確報",700,1000,10900,0,0,0,10900,279300,399000,4349100,0,0,0,4349100,,,0,0,0,56000,0,0,10.7,60.6,5.9,10.7,0,0,0
"2026/01/26","2026/01/28","4885","室町ケミカル","東証およびＰＴＳ",,"確報",0,200,21600,0,100,1700,19900,0,190600,20584800,0,95300,1620100,18964700,,,0,0,0,414200,34200,0,51,34.4,86.1,49.2,89,89,89
"2026/01/26","2026/01/28","4886","あすか製薬ＨＤ","東証およびＰＴＳ",,"確報",100,2300,24800,0,2200,24800,0,215600,4958800,53468800,0,4743200,53468800,0,,,0,0,0,1350000,1350000,0,16.1,14.5,12,13.1,24.8,18.3,21
"2026/01/26","2026/01/28","4887","サワイグループＨＤ","東証およびＰＴＳ",,"確報",500,1400,10100,3400,400,75600,-65500,1209500,3386600,24431900,8224600,967600,182876400,-158444500,,,0,0,0,66000,435600,0,46.8,26.7,26.7,26.7,41.6,70.7,52.4
"2026/01/26","2026/01/28","4888","ステラファーマ","東証およびＰＴＳ",,"確報",25800,10000,123000,0,0,0,123000,6656400,2580000,31734000,0,0,0,31734000,,,0,0,1822400,0,0,0,14.9,9.7,32.6,14.9,0,0,0
"2026/01/26","2026/01/28","4889","レナサイエンス","東証およびＰＴＳ",,"確報",0,2100,81900,0,0,0,81900,0,3139500,122440500,0,0,0,122440500,,,0,0,0,840000,0,0,63.6,51.4,83.3,63.6,0,0,0
"2026/01/26","2026/01/28","488A","ｉＳ円高フォーカス","東証およびＰＴＳ",,"確報",910,0,6060,0,0,0,6060,733005,0,4881330,0,0,0,4881330,,,0,0,111755,0,0,0,5.5,2.7,0,5.5,0,0,0
"2026/01/26","2026/01/28","4890","坪田ラボ","東証およびＰＴＳ",,"確報",3000,5500,26600,0,0,0,26600,966000,1771000,8565200,0,0,0,8565200,,,0,0,0,261900,0,0,7.7,11.4,5.8,7.7,0,0,0
"2026/01/26","2026/01/28","4891","ティムス","東証およびＰＴＳ",,"確報",15900,1100,134100,0,0,0,134100,2385000,165000,20115000,0,0,0,20115000,,,0,0,0,119300,0,0,30.3,19.7,65.6,30.3,0,0,0
"2026/01/26","2026/01/28","4892","サイフューズ","東証およびＰＴＳ",,"確報",2900,0,33700,0,0,0,33700,1890800,0,21972400,0,0,0,21972400,,,0,0,0,1139600,0,0,25.1,15.4,68,25.1,0,0,0
"2026/01/26","2026/01/28","4893","ノイルイミューン","東証およびＰＴＳ",,"確報",1200,0,211900,8400,0,267400,-55500,171600,0,30301700,1201200,0,38238200,-7936500,,,0,0,0,1264200,1554000,0,43.6,45.3,83.8,58.8,17.8,0,35.6
"2026/01/26","2026/01/28","4894","クオリプス","東証およびＰＴＳ",,"確報",1200,0,42600,0,0,0,42600,9600000,0,340800000,0,0,0,340800000,,,0,0,3312000,0,0,0,22.7,20.3,25.6,22.7,0,0,0
"2026/01/26","2026/01/28","4896","ケイファーマ","東証およびＰＴＳ",,"確報",0,200,11400,0,0,0,11400,0,140200,7991400,0,0,0,7991400,,,0,0,0,0,0,0,35.1,596,18.1,35.1,0,0,0
"2026/01/26","2026/01/28","489A","物流フォーカス","東証およびＰＴＳ",,"確報",0,0,0,0,0,0,0,0,0,0,0,0,0,0,,,0,0,0,0,0,0,0,0,0,0,0,0,0
"2026/01/26","2026/01/28","4901","富士フイルムＨＤ","東証およびＰＴＳ",,"確報",18200,5200,294400,100,1500,100,294300,57730400,16494400,933836800,317200,4758000,317200,933519600,,,0,0,0,19135200,102000,0,27.8,18.9,59.5,28.6,1,1.1,1
"2026/01/26","2026/01/28","4902","コニカミノルタ","東証およびＰＴＳ",,"確報",2500,6500,62900,0,100,2500,60400,1699500,4418700,42759420,0,67980,1699500,41059920,,,0,0,0,1940100,75400,0,32.8,45.5,24.9,32.2,129,43,64.5
"2026/01/26","2026/01/28","4911","資生堂","東証およびＰＴＳ",,"確報",1000,6600,46200,4800,26300,215500,-169300,2669500,17618700,123330900,12813600,70207850,575277250,-451946350,,,0,0,0,4118100,18841500,0,6,2.1,1.9,2,16.6,27.6,20.7
"2026/01/26","2026/01/28","4912","ライオン","東証およびＰＴＳ",,"確報",500,1000,19600,5200,200,29700,-10100,850750,1701500,33349400,8847800,340300,50534550,-17185150,,,0,0,0,60300,74100,0,4.1,2.1,2.4,2.2,10.4,49,17.1
"2026/01/26","2026/01/28","4914","高砂香料工業","東証およびＰＴＳ",,"確報",0,1300,54300,800,0,40500,13800,0,1986400,82970400,1222400,0,61884000,21086400,,,0,0,0,1779200,1270400,0,63.6,398.4,111.6,174.3,33.5,35.2,34.3
"2026/01/26","2026/01/28","4917","マンダム","東証およびＰＴＳ",,"確報",900,1200,13500,0,0,13500,0,2821500,3762000,42322500,0,0,42322500,0,,,0,0,0,207000,202500,0,22.8,16.6,11.8,13.8,347,36.5,66.1
"2026/01/26","2026/01/28","4918","アイビー化粧品","東証およびＰＴＳ",,"確報",0,0,3500,0,0,0,3500,0,0,1347500,0,0,0,1347500,,,0,0,0,3500,0,0,87.5,0,43.8,87.5,0,0,0
"2026/01/26","2026/01/28","4919","ミルボン","東証およびＰＴＳ",,"確報",100,500,10700,2100,300,52900,-42200,254400,1272000,27220800,5342400,763200,134577600,-107356800,,,0,0,0,388500,1788500,0,17.4,5.6,5.5,5.6,20.4,350.4,38.6
"2026/01/26","2026/01/28","4920","日本色材工業研究所","東証およびＰＴＳ",,"確報",0,0,400,0,0,0,400,0,0,478800,0,0,0,478800,,,0,0,0,400,0,0,0,0,0,0,0,0,0
"2026/01/26","2026/01/28","4922","コーセーＨＤ","東証およびＰＴＳ",,"確報",7900,1700,21000,1400,0,21000,0,43908200,9448600,116718000,7781200,0,116718000,0,,,0,0,0,754800,999600,0,8,4,5.5,4.6,14.1,158,26
"2026/01/26","2026/01/28","4923","コタ","東証およびＰＴＳ",,"確報",500,0,13700,1400,100,70800,-57100,579500,0,15878300,1622600,115900,82057200,-66178900,,,0,0,0,145200,764500,0,54.2,64.8,13.5,22.3,43.4,343.2,77.1
"2026/01/26","2026/01/28","4925","ハーバー研究所","東証およびＰＴＳ",,"確報",0,0,1700,0,0,0,1700,0,0,2895100,0,0,0,2895100,,,0,0,0,20400,0,0,0,0,0,0,0,0,0
"2026/01/26","2026/01/28","4926","シーボン","東証およびＰＴＳ",,"確報",0,0,0,0,0,0,0,0,0,0,0,0,0,0,,,0,0,0,0,0,0,1,1,1,1,0,0,0
"2026/01/26","2026/01/28","4927","ポーラオルビスＨＤ","東証およびＰＴＳ",,"確報",0,800,12200,6800,0,34000,-21800,0,1092400,16659100,9285400,0,46427000,-29767900,,,0,0,0,338000,707200,0,6.1,4.3,24.8,7.3,8.3,4.4,5.8
"2026/01/26","2026/01/28","4928","ノエビアＨＤ","東証およびＰＴＳ",,"確報",1100,0,5700,600,0,9200,-3500,5170000,0,26790000,2820000,0,43240000,-16450000,,,0,0,0,253000,473000,0,8.2,4.8,5.1,4.9,9.2,99.3,16.9
"2026/01/26","2026/01/28","4929","アジュバンＨＤ","東証およびＰＴＳ",,"確報",0,0,13500,0,0,7400,6100,0,0,10719000,0,0,5875600,4843400,,,0,0,0,0,0,0,68.2,683,136.6,227.7,23.4,41.6,29.9
"2026/01/26","2026/01/28","492A","ＯｎｅＪ高クーポン","東証およびＰＴＳ",,"確報",0,0,0,0,0,0,0,0,0,0,0,0,0,0,,,0,0,0,0,0,0,0,0,0,0,0,0,0
"2026/01/26","2026/01/28","4931","新日本製薬","東証およびＰＴＳ",,"確報",100,0,7300,200,100,7300,0,206300,0,15059900,412600,206300,15059900,0,,,0,0,0,136800,136800,0,32.7,19.1,114.3,32.7,19.1,114.3,32.7
"2026/01/26","2026/01/28","4932","アルマード","東証およびＰＴＳ",,"確報",100,0,5500,0,0,0,5500,115100,0,6330500,0,0,0,6330500,,,0,0,0,16200,0,0,93.7,281,56.2,93.7,0,0,0
"2026/01/26","2026/01/28","4933","Ｉ－ｎｅ","東証およびＰＴＳ",,"確報",5600,100,27700,4300,0,40500,-12800,7560000,135000,37395000,5805000,0,54675000,-17280000,,,0,0,0,288600,470600,0,6.6,4.7,2.8,3.5,22,12.3,15.8
"2026/01/26","2026/01/28","4934","Ｐアンチエイジ","東証およびＰＴＳ",,"確報",1600,1500,14400,100,0,14400,0,1139200,1068000,10252800,71200,0,10252800,0,,,0,0,0,100100,100100,0,13.3,6.7,15.4,9.3,11.8,0,23.6
"2026/01/26","2026/01/28","4935","リベルタ","東証およびＰＴＳ",,"確報",4200,3100,94900,0,0,0,94900,1260000,930000,28470000,0,0,0,28470000,,,0,0,0,1219400,0,0,51,79.8,37.4,51,0,0,0
"2026/01/26","2026/01/28","4936","アクシージア","東証およびＰＴＳ",,"確報",700,2900,12800,52600,100,75600,-62800,280000,1160000,5120000,21040000,40000,30240000,-25120000,,,0,0,0,30000,46200,0,6.7,21.3,9.4,13,2.7,122.8,5.3
"2026/01/26","2026/01/28","4937","Ｗａｑｏｏ","東証およびＰＴＳ",,"確報",0,0,100,0,0,0,100,0,0,140000,0,0,0,140000,,,0,0,0,100,0,0,4.7,7,3.5,4.7,0,0,0
"2026/01/26","2026/01/28","493A","ＯｎｅＪ１－３年","東証およびＰＴＳ",,"確報",20,0,20,0,0,0,20,20000,0,20000,0,0,0,20000,,,0,0,0,0,0,0,2,1,0,2,0,0,0
"2026/01/26","2026/01/28","494A","ＯｎｅＪ３－７年","東証およびＰＴＳ",,"確報",0,0,0,0,0,0,0,0,0,0,0,0,0,0,,,0,0,0,0,0,0,0,0,0,0,0,0,0
"2026/01/26","2026/01/28","4951","エステー","東証およびＰＴＳ",,"確報",100,100,3900,600,0,14500,-10600,153200,153200,5974800,919200,0,22214000,-16239200,,,0,0,0,74100,264100,0,31.6,15.8,13.7,14.6,29.5,135.8,48.5
"2026/01/26","2026/01/28","4956","コニシ","東証およびＰＴＳ",,"確報",700,500,7000,100,1500,20200,-13200,935200,668000,9352000,133600,2004000,26987200,-17635200,,,0,0,0,278800,885600,0,20.7,17.4,14.6,15.9,37.9,16.5,23
"2026/01/26","2026/01/28","4957","ヤスハラケミカル","東証およびＰＴＳ",,"確報",0,100,300,0,0,500,-200,0,136700,410100,0,0,683500,-273400,,,0,0,0,0,0,0,25.3,6.5,13,8.7,0,0,0
"2026/01/26","2026/01/28","4958","長谷川香料","東証およびＰＴＳ",,"確報",0,3000,24800,900,100,33300,-8500,0,8571000,70853600,2571300,285700,95138100,-24284500,,,0,0,0,1473400,1722500,0,20,13.4,11.2,12.2,22.3,267.5,41.2
"2026/01/26","2026/01/28","495A","ＯｎｅＪ７－１０年","東証およびＰＴＳ",,"確報",0,0,0,0,0,0,0,0,0,0,0,0,0,0,,,0,0,0,0,0,0,0,0,0,0,0,0,0
"2026/01/26","2026/01/28","4960","ケミプロ化成","東証およびＰＴＳ",,"確報",11900,29800,55600,0,0,0,55600,10591000,26522000,49484000,0,0,0,49484000,,,0,0,18963000,0,0,0,6.5,6.7,6.3,6.5,0,0,0
"2026/01/26","2026/01/28","4966","上村工業","東証およびＰＴＳ",,"確報",300,0,1100,0,0,0,1100,5172000,0,18964000,0,0,0,18964000,,,0,0,0,416000,0,0,5.7,3.1,34,5.7,0,0,0
"2026/01/26","2026/01/28","4967","小林製薬","東証およびＰＴＳ",,"確報",2000,1000,33100,2100,0,41700,-8600,10908000,5454000,180527400,11453400,0,227431800,-46904400,,,0,0,0,1765500,2178000,0,19.1,8.8,16.7,11.5,35,49.8,41.1
"2026/01/26","2026/01/28","4968","荒川化学工業","東証およびＰＴＳ",,"確報",0,900,6500,600,500,5800,700,0,1178100,8508500,785400,654500,7592200,916300,,,0,0,0,207200,159600,0,12.9,19.6,11.8,14.7,11.8,10.6,11.2
"2026/01/26","2026/01/28","496A","ＯｎｅＪ１７－２０年","東証およびＰＴＳ",,"確報",0,0,0,0,0,0,0,0,0,0,0,0,0,0,,,0,0,0,0,0,0,0,0,0,0,0,0,0
"2026/01/26","2026/01/28","4970","東洋合成工業","東証およびＰＴＳ",,"確報",0,300,6300,0,0,0,6300,0,2466000,51786000,0,0,0,51786000,,,0,0,0,198000,0,0,19.4,19.4,19.4,19.4,0,0,0
"2026/01/26","2026/01/28","4971","メック","東証およびＰＴＳ",,"確報",3200,200,30600,0,1100,6400,24200,17280000,1080000,165240000,0,5940000,34560000,130680000,,,0,0,0,7452000,2025000,0,6.6,4.9,11,6.8,8,4.7,5.9
"2026/01/26","2026/01/28","4972","綜研化学","東証およびＰＴＳ",,"確報",100,0,3700,0,0,0,3700,277200,0,10256400,0,0,0,10256400,,,0,0,0,28800,0,0,17.4,15.8,19.3,17.4,0,0,0
"2026/01/26","2026/01/28","4973","日本高純度化学","東証およびＰＴＳ",,"確報",600,2300,5500,0,0,0,5500,2496000,9568000,22880000,0,0,0,22880000,,,0,0,252000,0,0,0,11.1,12.8,9.7,11.1,0,0,0
"2026/01/26","2026/01/28","4974","タカラバイオ","東証およびＰＴＳ",,"確報",46600,3700,148700,10800,1700,148700,0,37699400,2993300,120298300,8737200,1375300,120298300,0,,,0,0,0,2645000,3490000,0,10.2,4.5,6.8,5.4,28.9,239.1,51.5
"2026/01/26","2026/01/28","4975","ＪＣＵ","東証およびＰＴＳ",,"確報",900,500,7600,1100,0,30400,-22800,4905000,2725000,41420000,5995000,0,165680000,-124260000,,,0,0,0,1800000,7325000,0,21.8,5.4,6.7,6,59.9,49.9,54.5
"2026/01/26","2026/01/28","4976","東洋ドライルーブ","東証およびＰＴＳ",,"確報",0,100,300,0,0,0,300,0,152700,458100,0,0,0,458100,,,0,0,0,1200,0,0,6.5,4.3,13,6.5,0,0,0
"2026/01/26","2026/01/28","4977","新田ゼラチン","東証およびＰＴＳ",,"確報",1300,0,12000,0,100,3100,8900,1682200,0,15528000,0,129400,4011400,11516600,,,0,0,0,74900,22400,0,37.1,25.5,134,42.9,18.9,37.8,25.2
"2026/01/26","2026/01/28","4978","リプロセル","東証およびＰＴＳ",,"確報",2500,0,299000,0,0,0,299000,410000,0,49036000,0,0,0,49036000,,,0,0,0,1779000,0,0,36.9,33.3,41.3,36.9,0,0,0
"2026/01/26","2026/01/28","4979","ＯＡＴアグリオ","東証およびＰＴＳ",,"確報",0,0,900,0,0,0,900,0,0,1884600,0,0,0,1884600,,,0,0,0,71100,0,0,90,45,0,90,0,0,0
"2026/01/26","2026/01/28","497A","インバウンドＥＴＮ","東証およびＰＴＳ",,"確報",100,0,100,0,0,0,100,1001500,0,1001500,0,0,0,1001500,,,0,0,0,0,0,0,9999.9,9999.9,9999.9,9999.9,9999.9,9999.9,9999.9
"2026/01/26","2026/01/28","4980","デクセリアルズ","東証およびＰＴＳ",,"確報",6300,700,103200,0,0,700,102500,17469900,1941100,286173600,0,0,1941100,284232500,,,0,0,0,9272000,66500,0,24.1,40.8,28.2,33.4,1.2,1.3,1.3
"2026/01/26","2026/01/28","4985","アース製薬","東証およびＰＴＳ",,"確報",200,0,2700,400,0,1900,800,996000,0,13446000,1992000,0,9462000,3984000,,,0,0,0,100000,60000,0,18.7,18.6,43.3,26,10.6,17,13.1
"2026/01/26","2026/01/28","498A","防衛航空宇宙欧州株","東証およびＰＴＳ",,"確報",505,0,505,0,0,0,505,5151000,0,5151000,0,0,0,5151000,,,0,0,0,0,0,0,9999.9,9999.9,9999.9,9999.9,9999.9,9999.9,9999.9
"2026/01/26","2026/01/28","4990","昭和化学工業","東証およびＰＴＳ",,"確報",0,0,1000,0,0,0,1000,0,0,512000,0,0,0,512000,,,0,0,0,8000,0,0,51,0,25.5,51,0,0,0
"2026/01/26","2026/01/28","4992","北興化学工業","東証およびＰＴＳ",,"確報",1400,0,4700,0,0,0,4700,2399600,0,8055800,0,0,0,8055800,,,0,0,0,115500,0,0,15.2,9.9,44.8,16.3,3,3,3
"2026/01/26","2026/01/28","4994","大成ラミックグループ","東証およびＰＴＳ",,"確報",0,0,1200,0,0,3400,-2200,0,0,3211200,0,0,9098400,-5887200,,,0,0,0,16800,47600,0,24.1,59,4.2,7.9,170,56.7,85
"2026/01/26","2026/01/28","4996","クミアイ化学工業","東証およびＰＴＳ",,"確報",6700,0,116900,6600,0,54100,62800,4663200,0,81362400,4593600,0,37653600,43708800,,,0,0,0,661200,285000,0,18.4,41.8,43.7,42.7,4.5,17.6,7.2
"2026/01/26","2026/01/28","4997","日本農薬","東証およびＰＴＳ",,"確報",400,500,26200,0,2100,4500,21700,402800,503500,26383400,0,2114700,4531500,21851900,,,0,0,0,604900,151800,0,27.9,193,26,45.8,9.8,10.1,10
"2026/01/26","2026/01/28","4998","フマキラー","東証およびＰＴＳ",,"確報",0,0,5900,100,0,400,5500,0,0,6873500,116500,0,466000,6407500,,,0,0,0,35400,1800,0,16.3,0,8.7,17.4,7.3,7.3,7.3
"2026/01/26","2026/01/28","499A","ラグジュアリー欧州株","東証およびＰＴＳ",,"確報",0,0,0,0,0,0,0,0,0,0,0,0,0,0,,,0,0,0,0,0,0,9999.9,9999.9,9999.9,9999.9,9999.9,9999.9,9999.9
"2026/01/26","2026/01/28","5010","日本精蝋","東証およびＰＴＳ",,"確報",0,100,30400,0,0,0,30400,0,19700,5988800,0,0,0,5988800,,,0,0,0,0,0,0,27.4,16.5,82.3,27.4,0,0,0
"2026/01/26","2026/01/28","5011","ニチレキグループ","東証およびＰＴＳ",,"確報",1900,0,22900,1900,0,22900,0,4658800,0,56150800,4658800,0,56150800,0,,,0,0,0,756000,756000,0,39.1,19.5,1035,38.3,19.9,0,39.8
"2026/01/26","2026/01/28","5013","ユシロ","東証およびＰＴＳ",,"確報",600,0,2800,100,0,2300,500,1839000,0,8582000,306500,0,7049500,1532500,,,0,0,0,187000,187000,0,6.4,3.5,4.3,3.9,36.3,109,54.5
"2026/01/26","2026/01/28","5015","ビーピーカストロール","東証およびＰＴＳ",,"確報",0,0,600,0,0,0,600,0,0,559200,0,0,0,559200,,,0,0,0,600,0,0,29,29,29,29,0,0,0
"2026/01/26","2026/01/28","5016","ＪＸ金属","東証およびＰＴＳ",,"確報",24100,4300,990200,21300,2800,47600,942600,61792400,11025200,2538872800,54613200,7179200,122046400,2416826400,,,0,0,0,89276800,2677200,0,14.7,18.8,13.4,15.6,5,6.4,5.6
"2026/01/26","2026/01/28","5018","ＭＯＲＥＳＣＯ","東証およびＰＴＳ",,"確報",0,100,8200,100,200,4800,3400,0,189200,15514400,189200,378400,9081600,6432800,,,0,0,0,539500,318500,0,10.1,10.9,18.2,13.6,4.1,17.2,6.7
"2026/01/26","2026/01/28","5019","出光興産","東証およびＰＴＳ",,"確報",0,800,20500,0,1600,8200,12300,0,1024000,26240000,0,2048000,10496000,15744000,,,0,0,0,234300,107800,0,7.6,16.1,10.8,12.9,3.4,4.4,3.8
"2026/01/26","2026/01/28","5020","ＥＮＥＯＳ","東証およびＰＴＳ",,"確報",34700,9100,195500,0,21300,42800,152700,42923900,11256700,241833500,0,26348100,52943600,188889900,,,0,0,0,3398000,1282000,0,8,11.8,11.4,11.6,4.2,3.6,3.9
"2026/01/26","2026/01/28","5021","コスモエネルギーＨＤ","東証およびＰＴＳ",,"確報",500,0,3900,900,0,900,3000,2255500,0,17592900,4059900,0,4059900,13533000,,,0,0,0,132600,0,0,4.4,30.7,2.6,4.7,1,10,1.8
"2026/01/26","2026/01/28","5025","マーキュリー","東証およびＰＴＳ",,"確報",0,0,400,0,0,0,400,0,0,294000,0,0,0,294000,,,0,0,0,4800,0,0,38,19,0,38,0,0,0
"2026/01/26","2026/01/28","5026","トリプルアイズ","東証およびＰＴＳ",,"確報",800,0,11600,0,0,0,11600,600000,0,8700000,0,0,0,8700000,,,0,0,0,280800,0,0,23.9,18.1,35.1,23.9,0,0,0
"2026/01/26","2026/01/28","5027","ＡｎｙＭｉｎｄ","東証およびＰＴＳ",,"確報",100,500,36100,0,0,0,36100,61800,309000,22309800,0,0,0,22309800,,,0,0,0,438000,0,0,66.6,43,147,66.6,0,0,0
"2026/01/26","2026/01/28","5028","セカンドサイト","東証およびＰＴＳ",,"確報",400,0,11300,0,0,0,11300,162000,0,4576500,0,0,0,4576500,,,0,0,0,207100,0,0,60.2,45.2,90.3,60.2,0,0,0
"2026/01/26","2026/01/28","5029","サークレイス","東証およびＰＴＳ",,"確報",0,100,1800,0,0,0,1800,0,100400,1807200,0,0,0,1807200,,,0,0,0,91200,0,0,21.8,17.4,29,21.8,0,0,0
"2026/01/26","2026/01/28","5031","モイ","東証およびＰＴＳ",,"確報",100,0,3200,0,0,0,3200,36300,0,1161600,0,0,0,1161600,,,0,0,9300,0,0,0,8.5,10.5,7.1,8.5,0,0,0
"2026/01/26","2026/01/28","5032","ＡＮＹＣＯＬＯＲ","東証およびＰＴＳ",,"確報",4700,1000,372400,0,300,500,371900,21244000,4520000,1683248000,0,1356000,2260000,1680988000,,,0,0,0,55305000,120000,0,78.7,66.7,100.2,80.1,4.6,5.8,5.1
"2026/01/26","2026/01/28","5033","ヌーラボ","東証およびＰＴＳ",,"確報",100,400,15600,100,0,6600,9000,75100,300400,11715600,75100,0,4956600,6759000,,,0,0,0,143100,58500,0,172.2,396.5,158.6,226.6,81.5,163,108.7
"2026/01/26","2026/01/28","5034","ｕｎｅｒｒｙ","東証およびＰＴＳ",,"確報",0,300,11000,0,0,0,11000,0,816600,29942000,0,0,0,29942000,,,0,0,0,542400,0,0,40.9,148.3,23.7,40.9,0,0,0
"2026/01/26","2026/01/28","5035","ＨＯＵＳＥＩ","東証およびＰＴＳ",,"確報",0,0,200,0,0,0,200,0,0,85200,0,0,0,85200,,,0,0,0,1000,0,0,3.4,3.4,3.4,3.4,0,0,0
"2026/01/26","2026/01/28","5036","日本ビジネスシステム","東証およびＰＴＳ",,"確報",20600,6100,31300,500,100,17600,13700,38027600,11260600,57779800,923000,184600,32489600,25290200,,,0,0,0,739200,756800,0,4.4,2.3,4.2,3,7.6,183.5,14.5
"2026/01/26","2026/01/28","5038","ｅＷｅＬＬ","東証およびＰＴＳ",,"確報",100,0,15800,0,0,0,15800,276000,0,43608000,0,0,0,43608000,,,0,0,31400,0,0,0,10.5,6,45.5,10.5,0,0,0
"2026/01/26","2026/01/28","5071","ヴィス","東証およびＰＴＳ",,"確報",0,0,300,0,0,0,300,0,0,438900,0,0,0,438900,,,0,0,0,6300,0,0,12.7,16,16,16,0,3,6
"2026/01/26","2026/01/28","5074","テスホールディングス","東証およびＰＴＳ",,"確報",3000,0,169500,1700,0,35900,133600,1140000,0,64410000,646000,0,13642000,50768000,,,0,0,0,1332000,273600,0,47.7,74.8,48.2,58.6,29,22.8,25.5
"2026/01/26","2026/01/28","5076","インフロニアＨＤ","東証およびＰＴＳ",,"確報",5500,2400,63500,0,100,7300,56200,12650000,5520000,146050000,0,230000,16790000,129260000,,,0,0,0,1177800,144300,0,23,32.2,18.1,23.2,11.7,158,21.8
"2026/01/26","2026/01/28","50765","インフロニア－優","東証およびＰＴＳ",,"確報",0,0,0,0,0,0,0,0,0,0,0,0,0,0,,,0,0,0,0,0,0,0,0,0,0,0,0,0
"2026/01/26","2026/01/28","5078","セレコーポレーション","東証およびＰＴＳ",,"確報",0,0,300,0,0,0,300,0,0,1450500,0,0,0,1450500,,,0,0,0,1500,0,0,0,0,0,0,0,0,0
"2026/01/26","2026/01/28","5079","ノバック","東証およびＰＴＳ",,"確報",100,0,5600,0,0,0,5600,282600,0,15825600,0,0,0,15825600,,,0,0,0,99000,0,0,35.9,22.8,83.7,35.9,0,0,0
"2026/01/26","2026/01/28","5101","横浜ゴム","東証およびＰＴＳ",,"確報",600,100,14000,700,0,4500,9500,3696000,616000,86240000,4312000,0,27720000,58520000,,,0,0,0,3172500,893000,0,24.9,24.4,35.4,28.9,25.1,13.3,17.4
"2026/01/26","2026/01/28","5103","昭和ホールディングス","東証およびＰＴＳ",,"確報",0,0,10000,0,0,0,10000,0,0,450000,0,0,0,450000,,,0,0,0,10000,0,0,0,0,0,0,0,0,0
"2026/01/26","2026/01/28","5105","ＴＯＹＯ　ＴＩＲＥ","東証およびＰＴＳ",,"確報",7200,0,11200,0,2400,0,11200,30348000,0,47208000,0,10116000,0,47208000,,,0,0,0,924000,554400,0,5.8,3.2,19.3,5.6,22.8,3.8,6.5
"2026/01/26","2026/01/28","5108","ブリヂストン","東証およびＰＴＳ",,"確報",1900,100,32100,0,1900,8000,24100,6615800,348200,111772200,0,6615800,27856000,83916200,,,0,0,0,1908900,623700,0,18.4,33.9,31.8,32.8,9.8,6.5,7.8
"2026/01/26","2026/01/28","5110","住友ゴム工業","東証およびＰＴＳ",,"確報",2000,2300,62800,100,0,4500,58300,5101000,5866150,160171400,255050,0,11477250,148694150,,,0,0,0,3123450,217800,0,35.5,35.9,45.2,40,33.6,9,14.2
"2026/01/26","2026/01/28","5121","藤倉コンポジット","東証およびＰＴＳ",,"確報",600,200,45800,0,500,12700,33100,1312200,437400,100164600,0,1093500,27774900,72389700,,,0,0,0,1952200,567600,0,33.2,51.6,28.2,36.5,36.1,19.6,25.4
"2026/01/26","2026/01/28","5122","オカモト","東証およびＰＴＳ",,"確報",0,100,200,400,100,12300,-12100,0,565000,1130000,2260000,565000,69495000,-68365000,,,0,0,0,66000,2640000,0,24.4,4,6,4.8,32.8,22.3,26.5
"2026/01/26","2026/01/28","5125","ファインズ","東証およびＰＴＳ",,"確報",0,500,4100,0,0,0,4100,0,393000,3222600,0,0,0,3222600,,,0,0,0,110400,0,0,12,29.9,7.5,12,0,0,0
"2026/01/26","2026/01/28","5126","ポーターズ","東証およびＰＴＳ",,"確報",0,0,300,0,0,0,300,0,0,509100,0,0,0,509100,,,0,0,0,1200,0,0,0,0,0,0,0,0,0
"2026/01/26","2026/01/28","5129","ＦＩＸＥＲ","東証およびＰＴＳ",,"確報",3000,12500,79700,2500,4300,311300,-231600,1212000,5050000,32198800,1010000,1737200,125765200,-93566400,,,0,0,267600,0,0,939300,40.3,10.7,10.7,10.7,133.5,177.5,152.4
"2026/01/26","2026/01/28","5131","リンカーズ","東証およびＰＴＳ",,"確報",0,29700,636100,0,29700,636100,0,0,4692600,100503800,0,4692600,100503800,0,,,0,0,0,1331600,1331600,0,17,6.5,15.2,9.1,196.8,46.6,75.4
"2026/01/26","2026/01/28","5132","ｐｌｕｓｚｅｒｏ","東証およびＰＴＳ",,"確報",21900,2100,41300,3800,0,141400,-100100,56742900,5441100,107008300,9845800,0,366367400,-259359100,,,0,0,0,365500,2339200,0,25.9,7.3,7.2,7.2,114.9,63,81.4
"2026/01/26","2026/01/28","5133","テリロジーＨＤ","東証およびＰＴＳ",,"確報",100,0,12700,0,0,0,12700,32700,0,4152900,0,0,0,4152900,,,0,0,0,25200,0,0,106.5,106.5,106.5,106.5,0,0,0
"2026/01/26","2026/01/28","5134","ＰＯＰＥＲ","東証およびＰＴＳ",,"確報",0,0,2900,0,0,0,2900,0,0,1638500,0,0,0,1638500,,,0,0,0,81200,0,0,25.2,50.3,16.8,25.2,0,0,0
"2026/01/26","2026/01/28","5136","ｔｒｉｐｌａ","東証およびＰＴＳ",,"確報",200,700,7000,0,0,0,7000,364600,1276100,12761000,0,0,0,12761000,,,0,0,0,577500,0,0,27.6,53.1,18.6,27.6,0,0,0
"2026/01/26","2026/01/28","5137","スマートドライブ","東証およびＰＴＳ",,"確報",85600,12600,152900,3200,0,83100,69800,32528000,4788000,58102000,1216000,0,31578000,26524000,,,0,0,0,1598000,1598000,0,3.8,2.1,2.7,2.4,43.5,29.3,35
"2026/01/26","2026/01/28","5138","Ｒｅｂａｓｅ","東証およびＰＴＳ",,"確報",0,100,300,0,0,0,300,0,88100,264300,0,0,0,264300,,,0,0,13200,0,0,0,16,16,16,16,0,0,0
"2026/01/26","2026/01/28","5139","オープンワーク","東証およびＰＴＳ",,"確報",200,100,8800,0,0,0,8800,224400,112200,9873600,0,0,0,9873600,,,0,0,113100,0,0,0,50,28.3,212.5,50,0,0,0
"2026/01/26","2026/01/28","5142","アキレス","東証およびＰＴＳ",,"確報",300,0,7800,0,100,6400,1400,430200,0,11185200,0,143400,9177600,2007600,,,0,0,0,495000,429000,0,19.1,48.8,24.4,32.5,8.8,22.6,12.7
"2026/01/26","2026/01/28","5161","西川ゴム工業","東証およびＰＴＳ",,"確報",0,7500,4600,0,0,0,4600,0,28762500,17641000,0,0,0,17641000,,,0,0,0,1028500,0,0,7.6,19.7,4.7,7.6,0,0,0
"2026/01/26","2026/01/28","5162","朝日ラバー","東証およびＰＴＳ",,"確報",0,0,1300,100,0,600,700,0,0,898300,69100,0,414600,483700,,,0,0,1300,0,0,500,91,0,0,0,13,0,26
"2026/01/26","2026/01/28","5184","ニチリン","東証およびＰＴＳ",,"確報",0,100,600,100,200,600,0,0,371000,2226000,371000,742000,2226000,0,,,0,0,0,56000,56000,0,7,7,5,5.8,11.7,7,8.8
"2026/01/26","2026/01/28","5185","フコク","東証およびＰＴＳ",,"確報",0,1200,6600,100,0,3600,3000,0,2398800,13193400,199900,0,7196400,5997000,,,0,0,0,374400,168000,0,17.7,30.3,11,16.2,88.5,12.6,22.1
"2026/01/26","2026/01/28","5186","ニッタ","東証およびＰＴＳ",,"確報",0,300,600,0,100,600,0,0,1248000,2496000,0,416000,2496000,0,,,0,0,0,108000,84000,0,6.9,13.5,4.5,6.8,16.3,4.5,7
"2026/01/26","2026/01/28","5187","クリエートメディック","東証およびＰＴＳ",,"確報",100,0,800,0,0,0,800,109200,0,873600,0,0,0,873600,,,0,0,13300,0,0,0,9.4,11.8,7.8,9.4,0,0,0
"2026/01/26","2026/01/28","5189","櫻護謨","東証およびＰＴＳ",,"確報",0,0,1100,0,0,0,1100,0,0,2891900,0,0,0,2891900,,,0,0,0,39600,0,0,11.5,6.6,46,11.5,0,0,0
"2026/01/26","2026/01/28","5191","住友理工","東証およびＰＴＳ",,"確報",0,0,200,0,0,100,100,0,0,518200,0,0,259100,259100,,,0,0,0,200,100,0,4.4,0,6,12,8,1.3,2.3
"2026/01/26","2026/01/28","5192","三ツ星ベルト","東証およびＰＴＳ",,"確報",1500,0,7300,1600,0,7400,-100,6067500,0,29528500,6472000,0,29933000,-404500,,,0,0,0,377000,377000,0,13.4,10.5,17.7,13.2,10.6,18.8,13.5
"2026/01/26","2026/01/28","5194","相模ゴム工業","東証およびＰＴＳ",,"確報",0,200,12700,0,0,0,12700,0,142200,9029700,0,0,0,9029700,,,0,0,0,38700,0,0,99.2,129,80.6,99.2,0,0,0
"2026/01/26","2026/01/28","5195","バンドー化学","東証およびＰＴＳ",,"確報",200,100,300,0,100,0,300,415200,207600,622800,0,207600,0,622800,,,0,0,0,8400,4200,0,1.7,4,1.1,1.8,2,1,1.3
"2026/01/26","2026/01/28","5199","不二ラテックス","東証およびＰＴＳ",,"確報",0,0,0,0,0,0,0,0,0,0,0,0,0,0,,,0,0,0,0,0,0,0,0,0,0,0,0,0
"2026/01/26","2026/01/28","5201","ＡＧＣ","東証およびＰＴＳ",,"確報",400,0,24200,0,0,100,24100,2202800,0,133269400,0,0,550700,132718700,,,0,0,0,2023000,8500,0,17.5,29.3,34.3,31.6,1.2,0.9,1
"2026/01/26","2026/01/28","5202","日本板硝子","東証およびＰＴＳ",,"確報",0,24300,463100,15400,8900,76600,386500,0,16086600,306572200,10194800,5891800,50709200,255863000,,,0,0,0,487400,70100,0,3.6,3.5,3.4,3.4,6.1,6.8,6.4
"2026/01/26","2026/01/28","5204","石塚硝子","東証およびＰＴＳ",,"確報",0,100,1900,0,100,200,1700,0,338500,6431500,0,338500,677000,5754500,,,0,0,0,120000,18000,0,13.7,8.8,88,16,4,8,5.3
"2026/01/26","2026/01/28","5208","有沢製作所","東証およびＰＴＳ",,"確報",1800,900,20100,2000,1100,20100,0,3222000,1611000,35979000,3580000,1969000,35979000,0,,,0,0,0,652800,652800,0,11.6,10.7,9,9.8,16.3,12.5,14.1
"2026/01/26","2026/01/28","5210","日本山村硝子","東証およびＰＴＳ",,"確報",0,0,5100,0,0,200,4900,0,0,15810000,0,0,620000,15190000,,,0,0,0,306000,12000,0,32.8,271,18.1,33.9,8,0,16
"2026/01/26","2026/01/28","5214","日本電気硝子","東証およびＰＴＳ",,"確報",400,900,30100,0,1100,24600,5500,2613600,5880600,196673400,0,7187400,160736400,35937000,,,0,0,0,5140800,4317600,0,24.4,28.1,10,14.8,320.8,55.8,95
"2026/01/26","2026/01/28","5216","倉元製作所","東証およびＰＴＳ",,"確報",18000,48200,102600,0,0,0,102600,3870000,10363000,22059000,0,0,0,22059000,,,0,0,929600,0,0,0,3.4,2.8,4.3,3.4,0,0,0
"2026/01/26","2026/01/28","5218","オハラ","東証およびＰＴＳ",,"確報",38800,16400,68300,1200,0,68300,0,40352000,17056000,71032000,1248000,0,71032000,0,,,0,0,0,1560600,2281400,0,4.6,2,2.4,2.2,45.8,98.1,62.4
"2026/01/26","2026/01/28","5232","住友大阪セメント","東証およびＰＴＳ",,"確報",1400,1200,7900,300,100,7900,0,5776400,4951200,32595400,1237800,412600,32595400,0,,,0,0,0,446600,446600,0,9.2,5.2,9,6.6,9.5,42.8,15.5
"2026/01/26","2026/01/28","5233","太平洋セメント","東証およびＰＴＳ",,"確報",0,3300,22500,800,2500,3400,19100,0,13982100,95332500,3389600,10592500,14405800,80926700,,,0,0,0,1677000,331500,0,13.8,76.9,22.4,34.6,4.3,2.4,3.1
"2026/01/26","2026/01/28","5237","ノザワ","東証およびＰＴＳ",,"確報",100,100,425000,0,600,0,425000,110000,110000,467500000,0,660000,0,467500000,,,0,0,425000,0,0,600,1849.5,7086,2657.3,3865.1,1.8,1.8,1.8
"2026/01/26","2026/01/28","5240","ｍｏｎｏＡＩ","東証およびＰＴＳ",,"確報",18100,300,562200,17900,100,562200,0,4760300,78900,147858600,4707700,26300,147858600,0,,,0,0,4899600,0,0,4899600,37.1,19.2,214.4,35.2,20.3,554.7,39.2
"2026/01/26","2026/01/28","5242","アイズ","東証およびＰＴＳ",,"確報",200,100,800,0,0,0,800,214200,107100,856800,0,0,0,856800,,,0,0,0,8400,0,0,16.5,11,33,16.5,0,0,0
"2026/01/26","2026/01/28","5243","ｎｏｔｅ","東証およびＰＴＳ",,"確報",4900,10700,104100,0,0,0,104100,13465200,29403600,286066800,0,0,0,286066800,,,0,0,0,24507700,0,0,18.6,14.5,26,18.6,0,0,0
"2026/01/26","2026/01/28","5244","ｊｉｇ．ｊｐ","東証およびＰＴＳ",,"確報",1300,0,121600,0,400,1800,119800,291200,0,27238400,0,89600,403200,26835200,,,0,0,0,721800,13200,0,9.8,27,6,9.8,6.6,16.1,9.4
"2026/01/26","2026/01/28","5246","ＥＬＥＭＥＮＴＳ","東証およびＰＴＳ",,"確報",5400,2000,181500,0,0,0,181500,4077000,1510000,137032500,0,0,0,137032500,,,0,0,0,890500,0,0,30.6,27.5,34.5,30.6,0,0,0
"2026/01/26","2026/01/28","5247","ＢＴＭ","東証およびＰＴＳ",,"確報",0,0,9800,0,0,0,9800,0,0,7144200,0,0,0,7144200,,,0,0,0,107800,0,0,139.4,162.7,122,139.4,0,0,0
"2026/01/26","2026/01/28","5248","テクノロジーズ","東証およびＰＴＳ",,"確報",0,0,10300,0,0,0,10300,0,0,6159400,0,0,0,6159400,,,0,0,20600,0,0,0,30.3,0,15.2,30.3,0,0,0
"2026/01/26","2026/01/28","5250","プライムストラテジー","東証およびＰＴＳ",,"確報",200,100,900,0,0,0,900,218000,109000,981000,0,0,0,981000,,,0,0,29600,0,0,0,14.4,9,36,14.4,0,0,0
"2026/01/26","2026/01/28","5252","日本ナレッジ","東証およびＰＴＳ",,"確報",1000,0,21100,0,0,0,21100,614000,0,12955400,0,0,0,12955400,,,0,0,40200,0,0,0,46.8,24,959,46.8,0,0,0
"2026/01/26","2026/01/28","5253","カバー","東証およびＰＴＳ",,"確報",153300,8000,607700,1700,300,1187000,-579300,256470900,13384000,1016682100,2844100,501900,1985851000,-969168900,,,0,0,0,31905600,81806400,0,33.7,8.9,16.8,11.6,1292.7,219.4,375.2
"2026/01/26","2026/01/28","5254","Ａｒｅｎｔ","東証およびＰＴＳ",,"確報",0,400,11100,0,0,0,11100,0,1434000,39793500,0,0,0,39793500,,,0,0,0,1322500,0,0,29.2,99.8,17.1,29.2,0,0,0
"2026/01/26","2026/01/28","5256","Ｆｕｓｉｃ","東証およびＰＴＳ",,"確報",0,100,1700,0,0,0,1700,0,247000,4199000,0,0,0,4199000,,,0,0,0,0,0,0,89,0,44.5,89,0,0,0
"2026/01/26","2026/01/28","5257","ノバシステム","東証およびＰＴＳ",,"確報",0,200,0,0,0,0,0,0,544600,0,0,0,0,0,,,0,0,0,13600,0,0,8,0,4,8,0,0,0
"2026/01/26","2026/01/28","5258","ＴＭＮ","東証およびＰＴＳ",,"確報",600,0,757300,5200,0,196900,560400,274800,0,346843400,2381600,0,90180200,256663200,,,0,0,0,13620600,3450600,0,80.2,91.6,90.3,91,31.2,216.4,54.6
"2026/01/26","2026/01/28","5259","ＢＢＤイニシアティブ","東証およびＰＴＳ",,"確報",0,0,2500,0,0,0,2500,0,0,3757500,0,0,0,3757500,,,0,0,0,220000,0,0,254,0,127,254,0,0,0
"2026/01/26","2026/01/28","5261","リソルＨＤ","東証およびＰＴＳ",,"確報",100,300,3100,0,0,0,3100,785000,2355000,24335000,0,0,0,24335000,,,0,0,330000,0,0,0,24.3,31.6,19.8,24.3,0,0,0
"2026/01/26","2026/01/28","5262","日本ヒューム","東証およびＰＴＳ",,"確報",5500,4300,744900,4600,2100,1335200,-590300,8811000,6888600,1193329800,7369200,3364200,2138990400,-945660600,,,0,0,0,19336200,34650200,0,25.2,32.1,19.7,24.4,12.9,1666,25.6
"2026/01/26","2026/01/28","5268","旭コンクリート工業","東証およびＰＴＳ",,"確報",1000,200,60900,0,0,0,60900,1048000,209600,63823200,0,0,0,63823200,,,0,0,0,1742900,0,0,130.6,96.9,200.2,130.6,0,0,0
"2026/01/26","2026/01/28","5269","日本コンクリート工業","東証およびＰＴＳ",,"確報",12400,400,178700,18100,100,185100,-6400,4178800,134800,60221900,6099700,33700,62378700,-2156800,,,0,0,0,1667000,1671000,0,14.9,7.7,10.2,8.8,24.7,927.6,48.1
"2026/01/26","2026/01/28","5271","トーヨーアサノ","東証およびＰＴＳ",,"確報",200,0,200,0,0,0,200,483400,0,483400,0,0,0,483400,,,0,0,0,0,0,0,1.3,1,2,1.3,0,0,0
"2026/01/26","2026/01/28","5273","三谷セキサン","東証およびＰＴＳ",,"確報",2100,200,2300,200,0,600,1700,16611000,1582000,18193000,1582000,0,4746000,13447000,,,0,0,0,44000,44000,0,1.7,1.1,1.6,1.4,5.8,23,9.2
"2026/01/26","2026/01/28","5279","日本興業","東証およびＰＴＳ",,"確報",100,0,1700,0,0,0,1700,148400,0,2522800,0,0,0,2522800,,,0,0,0,105600,0,0,38.5,25.7,77,38.5,0,0,0
"2026/01/26","2026/01/28","5280","ヨシコン","東証およびＰＴＳ",,"確報",500,0,5600,0,0,0,5600,1494000,0,16732800,0,0,0,16732800,,,0,0,0,137700,0,0,74,43.2,259,74,0,0,0
"2026/01/26","2026/01/28","5282","ジオスター","東証およびＰＴＳ",,"確報",0,1100,43400,0,0,0,43400,0,490600,19356400,0,0,0,19356400,,,0,0,0,400500,0,0,15.6,8.5,96.1,15.6,0,0,0
"2026/01/26","2026/01/28","5283","高見澤","東証およびＰＴＳ",,"確報",0,0,500,0,0,0,500,0,0,1730000,0,0,0,1730000,,,0,0,20000,0,0,0,56,0,28,56,0,0,0
"2026/01/26","2026/01/28","5284","ヤマウＨＤ","東証およびＰＴＳ",,"確報",200,0,900,0,0,0,900,501200,0,2255400,0,0,0,2255400,,,0,0,0,8400,0,0,16,8,0,16,0,0,0
"2026/01/26","2026/01/28","5285","ヤマックス","東証およびＰＴＳ",,"確報",900,0,10200,0,1300,5500,4700,1881900,0,21328200,0,2718300,11500500,9827700,,,0,0,0,753300,550800,0,22.3,43.7,60.1,50.6,7.8,18.9,11
"2026/01/26","2026/01/28","5287","イトーヨーギョー","東証およびＰＴＳ",,"確報",0,400,17800,0,0,0,17800,0,485200,21591400,0,0,0,21591400,,,0,0,0,473200,0,0,18.9,22.3,16.5,18.9,0,0,0
"2026/01/26","2026/01/28","5288","アジアパイルＨＤ","東証およびＰＴＳ",,"確報",1200,0,20500,0,0,0,20500,1736400,0,29663500,0,0,0,29663500,,,0,0,0,810600,0,0,36.3,32.6,41,36.3,0,0,0
"2026/01/26","2026/01/28","5290","ベルテクス","東証およびＰＴＳ",,"確報",10300,9200,33300,1100,0,33300,0,14090400,12585600,45554400,1504800,0,45554400,0,,,0,0,0,708400,708400,0,8.8,4.7,5.2,4.9,29.5,73.8,42.2
"2026/01/26","2026/01/28","5301","東海カーボン","東証およびＰＴＳ",,"確報",7500,1200,75000,1100,9500,1100,73900,7852500,1256400,78525000,1151700,9946500,1151700,77373300,,,0,0,0,446550,61750,0,9.5,9.9,26.3,14.3,1.1,1.2,1.1
"2026/01/26","2026/01/28","5302","日本カーボン","東証およびＰＴＳ",,"確報",1200,0,3000,1200,0,3000,0,5442000,0,13605000,5442000,0,13605000,0,,,0,0,0,117000,117000,0,7,4.8,7.5,5.8,4.5,0,9
"2026/01/26","2026/01/28","5304","ＳＥＣカーボン","東証およびＰＴＳ",,"確報",800,500,2400,300,0,2400,0,2188000,1367500,6564000,820500,0,6564000,0,,,0,0,0,132300,132300,0,7.5,4.5,7.6,5.7,7.3,23.8,11.2
"2026/01/26","2026/01/28","5310","東洋炭素","東証およびＰＴＳ",,"確報",0,400,8000,200,100,2500,5500,0,2180000,43600000,1090000,545000,13625000,29975000,,,0,0,0,1260000,360000,0,15.3,48.7,12.5,19.9,7.4,8.5,7.9
"2026/01/26","2026/01/28","5331","ノリタケ","東証およびＰＴＳ",,"確報",4000,2700,5100,400,0,5100,0,24720000,16686000,31518000,2472000,0,31518000,0,,,0,0,0,608000,752000,0,3.2,1.5,1.8,1.7,22.2,61,32.5
"2026/01/26","2026/01/28","5332","ＴＯＴＯ","東証およびＰＴＳ",,"確報",32800,800,49300,3600,1100,30500,18800,168657600,4113600,253500600,18511200,5656200,156831000,96669600,,,0,0,34600,0,0,56000,2.5,1.6,1.8,1.7,5.2,7.9,6.3
"2026/01/26","2026/01/28","5333","日本碍子","東証およびＰＴＳ",,"確報",0,3200,21000,800,0,9400,11600,0,11862400,77847000,2965600,0,34845800,43001200,,,0,0,0,2831400,1006200,0,22.3,17.3,17.9,17.6,44.9,74.8,56.1
"2026/01/26","2026/01/28","5334","日本特殊陶業","東証およびＰＴＳ",,"確報",4100,0,18200,200,900,2000,16200,28609800,0,126999600,1395600,6280200,13956000,113043600,,,0,0,0,2227800,426600,0,10.1,10.1,12.6,11.2,4.5,7.5,5.6
"2026/01/26","2026/01/28","5337","ダントーＨＤ","東証およびＰＴＳ",,"確報",0,0,3000,0,0,0,3000,0,0,1608000,0,0,0,1608000,,,0,0,0,3000,0,0,296,148,0,296,0,0,0
"2026/01/26","2026/01/28","5341","ＡＳＡＨＩ　ＥＩＴＯ","東証およびＰＴＳ",,"確報",0,400,7100,0,0,0,7100,0,86400,1533600,0,0,0,1533600,,,0,0,0,22500,0,0,123,184.5,92.3,123,0,0,0
"2026/01/26","2026/01/28","5344","ＭＡＲＵＷＡ","東証およびＰＴＳ",,"確報",3300,0,3700,100,6300,3700,0,161205000,0,180745000,4885000,307755000,180745000,0,,,0,0,0,948000,23463000,0,2.9,1.4,3.8,2.1,3.5,2.9,3.2
"2026/01/26","2026/01/28","5351","品川リフラ","東証およびＰＴＳ",,"確報",12100,3700,12900,0,500,4000,8900,26148100,7995700,27876900,0,1080500,8644000,19232900,,,0,0,0,193500,193500,0,1.9,1.2,1.6,1.4,16.4,28.1,20.7
"2026/01/26","2026/01/28","5352","黒崎播磨","東証およびＰＴＳ",,"確報",100,3500,900,0,0,0,900,418000,14630000,3762000,0,0,0,3762000,,,0,0,21500,0,0,0,7,14.4,4.7,7.1,0,2.7,5.3
"2026/01/26","2026/01/28","5355","日本坩堝","東証およびＰＴＳ",,"確報",0,0,1000,0,0,0,1000,0,0,642000,0,0,0,642000,,,0,0,5000,0,0,0,47,23.5,0,47,0,0,0
"2026/01/26","2026/01/28","5356","美濃窯業","東証およびＰＴＳ",,"確報",0,0,6700,200,100,200,6500,0,0,7966300,237800,118900,237800,7728500,,,0,0,0,6700,100,0,135.2,0,0,0,1,1.5,1.2
"2026/01/26","2026/01/28","5357","ヨータイ","東証およびＰＴＳ",,"確報",1400,500,7500,1000,100,7500,0,2549400,910500,13657500,1821000,182100,13657500,0,,,0,0,0,217800,217800,0,15.2,11.8,15.5,13.4,14.9,21.4,17.5
"2026/01/26","2026/01/28","5363","東京窯業","東証およびＰＴＳ",,"確報",700,0,5300,0,300,700,4600,442400,0,3349600,0,189600,442400,2907200,,,0,0,0,87400,19000,0,21.2,31.1,22.6,26.2,12,9.6,10.7
"2026/01/26","2026/01/28","5367","ニッカトー","東証およびＰＴＳ",,"確報",0,300,1800,200,0,1800,0,0,200400,1202400,133600,0,1202400,0,,,0,0,10500,0,0,8000,8,24,5.1,8.5,3.9,35.5,7.1
"2026/01/26","2026/01/28","5368","日本インシュレ","東証およびＰＴＳ",,"確報",100,0,4400,0,0,0,4400,111500,0,4906000,0,0,0,4906000,,,0,0,0,86000,0,0,46.2,34.7,69.3,46.2,0,0,0
"2026/01/26","2026/01/28","5380","新東","東証およびＰＴＳ",,"確報",0,200,2300,0,0,0,2300,0,326000,3749000,0,0,0,3749000,,,0,0,0,12500,0,0,64.5,0,32.3,64.5,0,0,0
"2026/01/26","2026/01/28","5381","マイポックス","東証およびＰＴＳ",,"確報",2100,5900,126500,7000,46700,65400,61100,1056300,2967700,63629500,3521000,23490100,32896200,30733300,,,0,0,0,6254400,5044800,0,7.8,5.3,7.8,6.3,16.6,8.1,10.8
"2026/01/26","2026/01/28","5384","フジミイン","東証およびＰＴＳ",,"確報",200,300,16100,3200,0,16100,0,543400,815100,43743700,8694400,0,43743700,0,,,0,0,0,729000,580500,0,15.7,37.9,46.8,41.9,4.5,40.2,8
"2026/01/26","2026/01/28","5386","鶴弥","東証およびＰＴＳ",,"確報",0,0,0,0,0,0,0,0,0,0,0,0,0,0,,,0,0,0,0,0,0,0,0,0,0,0,0,0
"2026/01/26","2026/01/28","5388","クニミネ工業","東証およびＰＴＳ",,"確報",0,0,500,0,0,200,300,0,0,657500,0,0,263000,394500,,,0,0,0,7500,3000,0,20,0,25,50,0,5,10
"2026/01/26","2026/01/28","5391","Ａ＆Ａマテリアル","東証およびＰＴＳ",,"確報",0,0,5800,0,0,200,5600,0,0,8311400,0,0,286600,8024800,,,0,0,0,23200,800,0,197.3,290,0,580,3,0,6
"2026/01/26","2026/01/28","5393","ニチアス","東証およびＰＴＳ",,"確報",300,900,8500,100,400,8500,0,2360700,7082100,66886500,786900,3147600,66886500,0,,,0,0,0,2375100,2296800,0,6,7.1,6.6,6.9,5,5.8,5.4
"2026/01/26","2026/01/28","5401","日本製鉄","東証およびＰＴＳ",,"確報",183500,20500,2841900,100,0,200,2841700,120265900,13435700,1862581260,65540,0,131080,1862450180,,,0,0,0,44201850,1650,0,20.8,23.8,31.2,27,1.4,0.9,1.1
"2026/01/26","2026/01/28","5406","神戸製鋼所","東証およびＰＴＳ",,"確報",6200,2500,123900,0,4200,16200,107700,14123600,5695000,282244200,0,9567600,36903600,245340600,,,0,0,0,4808000,816000,0,13.5,13.8,15.1,14.4,10.1,9.3,9.7
"2026/01/26","2026/01/28","5408","中山製鋼所","東証およびＰＴＳ",,"確報",0,8600,128100,0,8600,128100,0,0,5538400,82496400,0,5538400,82496400,0,,,0,0,0,2050500,2050500,0,11.7,6.7,7.1,6.9,32.4,46.2,38.1
"2026/01/26","2026/01/28","5410","合同製鐵","東証およびＰＴＳ",,"確報",0,1200,5600,0,200,0,5600,0,4878000,22764000,0,813000,0,22764000,,,0,0,0,578000,17000,0,17.7,26.5,14.3,18.6,0,3,6
"2026/01/26","2026/01/28","5411","ＪＦＥ","東証およびＰＴＳ",,"確報",1300,3300,87000,500,800,13900,73100,2744300,6966300,183657000,1055500,1688800,29342900,154314100,,,0,0,0,2492000,397600,0,0.6,4.7,3.8,4.2,3.6,0.1,0.1
"2026/01/26","2026/01/28","5423","東京製鐵","東証およびＰＴＳ",,"確報",2900,100,10600,11500,12200,71600,-61000,4480500,154500,16377000,17767500,18849000,110622000,-94245000,,,0,0,140400,0,0,1301400,8.9,2.8,21.6,5,15.6,6.7,9.3
"2026/01/26","2026/01/28","5440","共英製鋼","東証およびＰＴＳ",,"確報",1200,7100,5500,1200,400,12500,-7000,3157200,18680100,14470500,3157200,1052400,32887500,-18417000,,,0,0,0,615600,631800,0,4,2,1.5,1.7,22.8,142.3,39.2
"2026/01/26","2026/01/28","5444","大和工業","東証およびＰＴＳ",,"確報",200,1200,4700,0,1000,4700,0,2308000,13848000,54238000,0,11540000,54238000,0,,,0,0,0,1482000,1482000,0,17.4,18,15.8,16.8,19.4,16.8,18
"2026/01/26","2026/01/28","5445","東京鐵鋼","東証およびＰＴＳ",,"確報",500,0,8600,0,0,0,8600,3225000,0,55470000,0,0,0,55470000,,,0,0,0,972000,0,0,31.4,26.1,39.2,31.4,0,0,0
"2026/01/26","2026/01/28","5446","北越メタル","東証およびＰＴＳ",,"確報",0,100,1000,0,0,0,1000,0,126800,1268000,0,0,0,1268000,,,0,0,1100,0,0,0,52,52,52,52,0,0,0
"2026/01/26","2026/01/28","5449","大阪製鐵","東証およびＰＴＳ",,"確報",300,0,939100,2100,0,65900,873200,928500,0,2906514500,6499500,0,203960500,2702554000,,,0,0,0,164290000,11165000,0,1207.8,2468.9,0,4937.9,74.7,153,100.4
"2026/01/26","2026/01/28","5451","ヨドコウ","東証およびＰＴＳ",,"確報",700,3900,16700,4700,0,57500,-40800,1000300,5573100,23864300,6716300,0,82167500,-58303200,,,0,0,0,358200,950400,0,19.5,10.4,9.3,9.8,15.2,500.2,29.4
"2026/01/26","2026/01/28","5458","高砂鐵工","東証およびＰＴＳ",,"確報",100,0,1800,0,0,0,1800,113200,0,2037600,0,0,0,2037600,,,0,0,0,15300,0,0,26.3,46,18.4,26.3,0,0,0
"2026/01/26","2026/01/28","5461","中部鋼鈑","東証およびＰＴＳ",,"確報",800,0,14700,3100,0,32300,-17600,1811200,0,33280800,7018400,0,73127200,-39846400,,,0,0,0,417000,876000,0,18.6,9.6,9.7,9.6,26,59.2,36.1
"2026/01/26","2026/01/28","5463","丸一鋼管","東証およびＰＴＳ",,"確報",700,2600,21500,4400,100,49600,-28100,1080450,4013100,33185250,6791400,154350,76557600,-43372350,,,0,0,0,514800,996600,0,17.6,9.8,9.1,9.4,16.7,249.1,31.4
"2026/01/26","2026/01/28","5464","モリ工業","東証およびＰＴＳ",,"確報",4700,12000,8400,500,0,12100,-3700,4812800,12288000,8601600,512000,0,12390400,-3788800,,,0,0,0,157000,116000,0,3,1.6,1.3,1.4,31.7,43.1,36.5
"2026/01/26","2026/01/28","5471","大同特殊鋼","東証およびＰＴＳ",,"確報",1700,5200,168400,0,4000,13800,154600,3360050,10277800,332842600,0,7906000,27275700,305566900,,,0,0,0,9454500,979000,0,16.1,31.3,12.9,18.3,11,6.5,8.2
"2026/01/26","2026/01/28","5476","日本高周波鋼業","東証およびＰＴＳ",,"確報",0,0,1000,0,0,0,1000,0,0,590000,0,0,0,590000,,,0,0,0,11000,0,0,6,70.2,3.2,6,0,0,0
"2026/01/26","2026/01/28","5480","日本冶金工業","東証およびＰＴＳ",,"確報",2700,2000,23800,0,100,24900,-1100,12933000,9580000,114002000,0,479000,119271000,-5269000,,,0,0,0,1963500,2125000,0,13.3,9.1,8.8,8.9,24.4,26.6,25.5
"2026/01/26","2026/01/28","5482","愛知製鋼","東証およびＰＴＳ",,"確報",1000,200,24800,5000,100,6300,18500,3285000,657000,81468000,16425000,328500,20695500,60772500,,,0,0,0,1920000,112000,0,10.2,34.4,9.5,14.9,2.5,6.2,3.6
"2026/01/26","2026/01/28","5484","東北特殊鋼","東証およびＰＴＳ",,"確報",0,0,0,0,0,0,0,0,0,0,0,0,0,0,,,0,0,0,0,0,0,0,0,0,0,0,0,0
"2026/01/26","2026/01/28","5491","日本金属","東証およびＰＴＳ",,"確報",1000,1000,42800,0,200,13300,29500,1001000,1001000,42842800,0,200200,13313300,29529500,,,0,0,0,770400,243000,0,29.3,26.6,35.3,30.4,17.3,53.3,26.1
"2026/01/26","2026/01/28","5527","ｐｒｏｐｅｔｅｃ","東証およびＰＴＳ",,"確報",300,0,27700,0,0,0,27700,221100,0,20414900,0,0,0,20414900,,,0,0,0,191800,0,0,15,134.1,7.9,15,0,0,0
"2026/01/26","2026/01/28","5532","リアルゲイト","東証およびＰＴＳ",,"確報",500,100,14300,0,0,0,14300,1337500,267500,38252500,0,0,0,38252500,,,0,0,0,375300,0,0,24.6,18.7,35.6,24.6,0,0,0
"2026/01/26","2026/01/28","5533","エリッツＨＤ","東証およびＰＴＳ",,"確報",0,0,500,0,0,0,500,0,0,984000,0,0,0,984000,,,0,0,2000,0,0,0,14,10.5,21,14,0,0,0
"2026/01/26","2026/01/28","5535","ミガロＨＤ","東証およびＰＴＳ",,"確報",0,1700,101000,0,0,0,101000,0,697000,41410000,0,0,0,41410000,,,0,0,0,308100,0,0,67.5,78.2,59.3,67.5,0,0,0
"2026/01/26","2026/01/28","5537","ＡｌｂａＬｉｎｋ","東証およびＰＴＳ",,"確報",1800,500,39600,0,0,0,39600,3664800,1018000,80625600,0,0,0,80625600,,,0,0,0,3217200,0,0,22.4,13.5,67.3,22.4,0,0,0
"2026/01/26","2026/01/28","5541","大平洋金属","東証およびＰＴＳ",,"確報",54900,15700,105700,3100,300,69300,36400,160472700,45891100,308961100,9061300,876900,202563900,106397200,,,0,0,1130500,0,0,1130500,5,2.7,3,2.9,34.5,93.6,50.4
"2026/01/26","2026/01/28","5542","新報国マテリアル","東証およびＰＴＳ",,"確報",0,100,1000,0,0,0,1000,0,76300,763000,0,0,0,763000,,,0,0,0,6600,0,0,14.3,14.3,14.3,14.3,0,0,0
"2026/01/26","2026/01/28","5563","新日本電工","東証およびＰＴＳ",,"確報",382700,36600,472600,18000,5000,472600,0,150018400,14347200,185259200,7056000,1960000,185259200,0,,,0,0,1012000,0,0,3676800,9.6,2.4,7.2,3.6,30.9,149.2,51.2
"2026/01/26","2026/01/28","5570","ジェノバ","東証およびＰＴＳ",,"確報",0,400,7400,0,0,0,7400,0,290400,5372400,0,0,0,5372400,,,0,0,0,85800,0,0,23.5,29.8,19.4,23.5,0,0,0
"2026/01/26","2026/01/28","5571","エキサイトＨＤ","東証およびＰＴＳ",,"確報",200,0,2000,0,0,0,2000,262400,0,2624000,0,0,0,2624000,,,0,0,9000,0,0,0,45,30,90,45,0,0,0
"2026/01/26","2026/01/28","5572","Ｒｉｄｇｅ－ｉ","東証およびＰＴＳ",,"確報",0,2000,13200,0,0,0,13200,0,4172000,27535200,0,0,0,27535200,,,0,0,0,957600,0,0,21.9,16.7,31.8,21.9,0,0,0
"2026/01/26","2026/01/28","5574","ＡＢＥＪＡ","東証およびＰＴＳ",,"確報",100,2600,41000,0,0,0,41000,275300,7157800,112873000,0,0,0,112873000,,,0,0,0,5437500,0,0,20,26.2,16.2,20,0,0,0
"2026/01/26","2026/01/28","5575","Ｇｌｏｂｅｅ","東証およびＰＴＳ",,"確報",0,200,3700,0,0,0,3700,0,134800,2493800,0,0,0,2493800,,,0,0,0,27300,0,0,31.8,63.7,21.2,31.8,0,0,0
"2026/01/26","2026/01/28","5576","オービーシステム","東証およびＰＴＳ",,"確報",200,100,1100,0,0,0,1100,597000,298500,3283500,0,0,0,3283500,,,0,0,0,100000,0,0,9.8,6.1,24.5,9.8,0,0,0
"2026/01/26","2026/01/28","5578","ＡＲアドバンスト","東証およびＰＴＳ",,"確報",100,200,9400,0,0,0,9400,121300,242600,11402200,0,0,0,11402200,,,0,0,0,361000,0,0,24.4,38.4,17.9,24.4,0,0,0
"2026/01/26","2026/01/28","5580","プロディライト","東証およびＰＴＳ",,"確報",100,0,700,0,0,0,700,175000,0,1225000,0,0,0,1225000,,,0,0,0,34200,0,0,21.3,16,32,21.3,0,0,0
"2026/01/26","2026/01/28","5582","グリッド","東証およびＰＴＳ",,"確報",700,0,9800,0,0,0,9800,1732500,0,24255000,0,0,0,24255000,,,0,0,0,1010100,0,0,13.1,8.4,29.9,13.1,0,0,0
"2026/01/26","2026/01/28","5586","Ｌａｂｏｒｏ．ＡＩ","東証およびＰＴＳ",,"確報",600,0,27600,0,0,0,27600,540000,0,24840000,0,0,0,24840000,,,0,0,0,648000,0,0,57.1,53.8,60.8,57.1,0,0,0
"2026/01/26","2026/01/28","5587","インバウンドＰＦ","東証およびＰＴＳ",,"確報",0,300,2600,0,0,0,2600,0,280200,2428400,0,0,0,2428400,,,0,0,0,2900,0,0,25.3,76,15.2,25.3,0,0,0
"2026/01/26","2026/01/28","5588","ファーストＡ","東証およびＰＴＳ",,"確報",100,100,5500,0,0,0,5500,105700,105700,5813500,0,0,0,5813500,,,0,0,82500,0,0,0,16.8,13.2,23.1,16.8,0,0,0
"2026/01/26","2026/01/28","5589","オートサーバー","東証およびＰＴＳ",,"確報",0,0,2200,200,0,900,1300,0,0,5753000,523000,0,2353500,3399500,,,0,0,61600,0,0,19600,42.6,108,0,216,10.3,20.5,13.7
"2026/01/26","2026/01/28","5590","ネットスターズ","東証およびＰＴＳ",,"確報",4500,100,153200,10200,0,79600,73600,3978000,88400,135428800,9016800,0,70366400,65062400,,,0,0,0,6844800,3192400,0,50.5,39.1,191.5,65,22.9,74.8,35.1
"2026/01/26","2026/01/28","5591","ＡＶＩＬＥＮ","東証およびＰＴＳ",,"確報",0,100,6600,0,0,0,6600,0,131500,8679000,0,0,0,8679000,,,0,0,0,67000,0,0,51.2,55.5,47.6,51.2,0,0,0
"2026/01/26","2026/01/28","5592","くすりの窓口","東証およびＰＴＳ",,"確報",0,100,15800,0,0,0,15800,0,272800,43102400,0,0,0,43102400,,,0,0,0,445200,0,0,55.3,0,27.7,55.3,0,0,0
"2026/01/26","2026/01/28","5596","アウトルック","東証およびＰＴＳ",,"確報",0,0,200,0,0,0,200,0,0,356800,0,0,0,356800,,,0,0,0,2800,0,0,0,0,0,0,0,0,0
"2026/01/26","2026/01/28","5597","ブルーイノベーション","東証およびＰＴＳ",,"確報",0,1900,21800,0,0,0,21800,0,3098900,35555800,0,0,0,35555800,,,0,0,0,1516800,0,0,21,32.9,15.4,21,0,0,0
"2026/01/26","2026/01/28","5599","Ｓ＆Ｊ","東証およびＰＴＳ",,"確報",500,100,6000,0,0,0,6000,1185500,237100,14226000,0,0,0,14226000,,,0,0,0,347200,0,0,9.5,7.8,12.1,9.5,0,0,0
"2026/01/26","2026/01/28","5602","栗本鐵工所","東証およびＰＴＳ",,"確報",600,200,33400,2500,0,23300,10100,1085400,361800,60420600,4522500,0,42149700,18270900,,,0,0,0,858000,540800,0,36.5,39.4,39.4,39.4,31.1,34.9,32.9
"2026/01/26","2026/01/28","5603","虹技","東証およびＰＴＳ",,"確報",5800,0,10000,0,0,100,9900,7980800,0,13760000,0,0,137600,13622400,,,0,0,0,46200,1100,0,7.9,4.3,87.3,8.2,1.5,3,2
"2026/01/26","2026/01/28","5609","日本鋳造","東証およびＰＴＳ",,"確報",0,700,8600,0,0,0,8600,0,590800,7258400,0,0,0,7258400,,,0,0,0,158100,0,0,18.4,10.9,57.7,18.4,0,0,0
"2026/01/26","2026/01/28","5612","日本鋳鉄管","東証およびＰＴＳ",,"確報",0,200,15100,0,0,0,15100,0,364400,27512200,0,0,0,27512200,,,0,0,0,994500,0,0,20.5,34.4,14.6,20.5,0,0,0
"2026/01/26","2026/01/28","5616","雨風太陽","東証およびＰＴＳ",,"確報",100,100,10200,0,0,0,10200,91700,91700,9353400,0,0,0,9353400,,,0,0,0,448800,0,0,53.1,36,100.8,53.1,0,0,0
"2026/01/26","2026/01/28","5618","ナイル","東証およびＰＴＳ",,"確報",0,0,6000,0,0,0,6000,0,0,1896000,0,0,0,1896000,,,0,0,0,6000,0,0,301,0,150.5,301,0,0,0
"2026/01/26","2026/01/28","5619","マーソ","東証およびＰＴＳ",,"確報",100,0,100,0,0,0,100,88700,0,88700,0,0,0,88700,,,0,0,0,0,0,0,2,1,0,2,0,0,0
"2026/01/26","2026/01/28","5621","ヒューマンＴ","東証およびＰＴＳ",,"確報",100,0,1900,0,0,0,1900,183300,0,3482700,0,0,0,3482700,,,0,0,0,43200,0,0,32,32,32,32,0,0,0
"2026/01/26","2026/01/28","5631","日本製鋼所","東証およびＰＴＳ",,"確報",46100,500,141900,100,1100,75300,66600,410843200,4456000,1264612800,891200,9803200,671073600,593539200,,,0,0,0,8955900,7095900,0,20.4,7.4,42.4,12.6,120.3,124.3,122.2
"2026/01/26","2026/01/28","5632","三菱製鋼","東証およびＰＴＳ",,"確報",500,100,20300,0,2400,5200,15100,949000,189800,38529400,0,4555200,9869600,28659800,,,0,0,0,1253700,478800,0,25.1,77.1,77.1,77.1,61.8,5.8,10.6
"2026/01/26","2026/01/28","5644","メタルアート","東証およびＰＴＳ",,"確報",0,200,4000,0,0,0,4000,0,1120000,22400000,0,0,0,22400000,,,0,0,0,378000,0,0,21,15,35,21,0,0,0
"2026/01/26","2026/01/28","5658","日亜鋼業","東証およびＰＴＳ",,"確報",0,11300,8200,600,11900,8200,0,0,4463500,3239000,237000,4700500,3239000,0,,,0,0,19500,0,0,19500,3.3,3,3.7,3.3,3,3.7,3.3
"2026/01/26","2026/01/28","5659","日本精線","東証およびＰＴＳ",,"確報",1900,100,13900,0,200,9000,4900,2321800,122200,16985800,0,244400,10998000,5987800,,,0,0,0,314600,239200,0,25.5,18.6,25,21.3,34.6,34.6,34.6
"2026/01/26","2026/01/28","5660","神鋼鋼線工業","東証およびＰＴＳ",,"確報",600,500,7300,0,0,0,7300,880200,733500,10709100,0,0,0,10709100,,,0,0,0,21600,0,0,31.4,41.9,25.1,31.4,0,0,0
"2026/01/26","2026/01/28","5695","パウダーテック","東証およびＰＴＳ",,"確報",0,0,400,0,0,0,400,0,0,950000,0,0,0,950000,,,0,0,0,17600,0,0,8.7,4.3,0,8.7,0,0,0
"2026/01/26","2026/01/28","5697","サンユウ","東証およびＰＴＳ",,"確報",500,0,3100,0,0,0,3100,400000,0,2480000,0,0,0,2480000,,,0,0,0,15600,0,0,10.5,8.6,13.4,10.5,0,0,0
"2026/01/26","2026/01/28","5698","エンビプロＨＤ","東証およびＰＴＳ",,"確報",4600,9000,56000,0,0,0,56000,4163000,8145000,50680000,0,0,0,50680000,,,0,0,1932800,0,0,0,9.6,16.2,6.9,9.6,0,0,0
"2026/01/26","2026/01/28","5699","イボキン","東証およびＰＴＳ",,"確報",200,0,9200,0,0,0,9200,318600,0,14655600,0,0,0,14655600,,,0,0,0,63000,0,0,32.7,45.8,25.4,32.7,0,0,0
"2026/01/26","2026/01/28","5702","大紀アルミニウム工業","東証およびＰＴＳ",,"確報",40900,3900,89300,0,5900,46400,42900,53579000,5109000,116983000,0,7729000,60784000,56199000,,,0,0,0,2039700,2039700,0,12.1,5.6,17.8,8.5,21.6,37.4,27.4
"2026/01/26","2026/01/28","5703","日本軽金属ＨＤ","東証およびＰＴＳ",,"確報",2500,36500,5400,2100,500,24500,-19100,7055000,103003000,15238800,5926200,1411000,69139000,-53900200,,,0,0,39400,0,0,22900,2,1.3,0.9,1,15.4,37.6,21.8
"2026/01/26","2026/01/28","5704","ＪＭＣ","東証およびＰＴＳ",,"確報",0,100,7400,0,0,0,7400,0,40000,2960000,0,0,0,2960000,,,0,0,37500,0,0,0,371,371,371,371,0,0,0
"2026/01/26","2026/01/28","5706","三井金属","東証およびＰＴＳ",,"確報",109200,10700,140600,4200,1200,126100,14500,2370186000,232243500,3051723000,91161000,26046000,2737000500,314722500,,,0,0,0,4631000,13541000,0,3.4,1.7,2,1.8,50.5,7.2,12.6
"2026/01/26","2026/01/28","5707","東邦亜鉛","東証およびＰＴＳ",,"確報",268400,22500,513900,5100,16100,356900,157000,511033600,42840000,978465600,9710400,30654400,679537600,298928000,,,0,0,46632000,0,0,64014600,10.3,4.1,14.4,6.4,26.4,18,21.4
"2026/01/26","2026/01/28","5711","三菱マテリアル","東証およびＰＴＳ",,"確報",82500,53400,172600,500,3900,140100,32500,364815000,236134800,763237200,2211000,17245800,619522200,143715000,,,0,0,0,6170500,6170500,0,5.2,2.8,4,3.3,7.7,78.1,14
"2026/01/26","2026/01/28","5713","住友金属鉱山","東証およびＰＴＳ",,"確報",19800,5000,326500,2300,100,5100,321400,168478200,42545000,2778188500,19570700,850900,43395900,2734792600,,,0,0,6545700,0,0,60900,20.3,15.4,48.7,23.4,2.1,2.8,2.4
"2026/01/26","2026/01/28","5714","ＤＯＷＡＨＤ","東証およびＰＴＳ",,"確報",3600,3000,26800,2000,200,6200,20600,33145200,27621000,246747600,18414000,1841400,57083400,189664200,,,0,0,2122200,0,0,356400,11.7,18.6,14.1,16,4.5,4.9,4.7
"2026/01/26","2026/01/28","5715","古河機械金属","東証およびＰＴＳ",,"確報",1500,300,93700,500,100,50800,42900,6915000,1383000,431957000,2305000,461000,234188000,197769000,,,0,0,0,10637500,5796000,0,48.4,83.3,69.6,75.9,18,74.2,29
"2026/01/26","2026/01/28","5721","エス・サイエンス","東証およびＰＴＳ",,"確報",11100,874600,810800,0,0,0,810800,1498500,118071000,109458000,0,0,0,109458000,,,0,0,0,11720100,0,0,11.2,32.3,6.8,11.2,0,0,0
"2026/01/26","2026/01/28","5724","アサカ理研","東証およびＰＴＳ",,"確報",0,2400,30800,0,0,0,30800,0,9600000,123200000,0,0,0,123200000,,,0,0,0,664000,0,0,6.8,10.8,5,6.8,0,0,0
"2026/01/26","2026/01/28","5726","大阪チタニウムテクノ","東証およびＰＴＳ",,"確報",30100,12800,784500,0,0,1309300,-524800,67725000,28800000,1765125000,0,0,2945925000,-1180800000,,,0,0,0,37592800,64155700,0,95.3,20.9,105.3,34.8,6548.9,1637.2,2619.6
"2026/01/26","2026/01/28","5727","東邦チタニウム","東証およびＰＴＳ",,"確報",7700,3500,78900,3200,5200,49600,29300,13598200,6181000,139337400,5651200,9183200,87593600,51743800,,,0,0,0,2091600,1444800,0,9,14.8,5.9,8.4,58.8,5.3,9.8
"2026/01/26","2026/01/28","5729","日本精鉱","東証およびＰＴＳ",,"確報",200,300,3600,0,0,0,3600,2470000,3705000,44460000,0,0,0,44460000,,,0,0,0,666000,0,0,36.2,25.9,60.3,36.2,0,0,0
"2026/01/26","2026/01/28","5741","ＵＡＣＪ","東証およびＰＴＳ",,"確報",2000,0,41000,8800,100,25200,15800,4880000,0,100040000,21472000,244000,61488000,38552000,,,0,0,1521000,0,0,643500,16.3,22.4,44.8,29.9,4.3,57.9,8.1
"2026/01/26","2026/01/28","5742","エヌアイシ・オート","東証およびＰＴＳ",,"確報",0,0,4200,0,0,200,4000,0,0,3355800,0,0,159800,3196000,,,0,0,0,0,0,0,446,0,0,0,0,13,26
"2026/01/26","2026/01/28","5753","日本伸銅","東証およびＰＴＳ",,"確報",0,100,8900,0,0,0,8900,0,246900,21974100,0,0,0,21974100,,,0,0,603000,0,0,0,129.4,226.5,90.6,129.4,0,0,0
"2026/01/26","2026/01/28","5757","ＣＫサンエツ","東証およびＰＴＳ",,"確報",100,0,2300,0,0,0,2300,430000,0,9890000,0,0,0,9890000,,,0,0,0,66000,0,0,112,112,112,112,0,0,0
"2026/01/26","2026/01/28","5801","古河電気工業","東証およびＰＴＳ",,"確報",17800,4300,88700,2600,2300,22200,66500,223835000,54072500,1115402500,32695000,28922500,279165000,836237500,,,0,0,27824000,0,0,8103000,5.1,4.7,4.7,4.7,6,9.5,7.4
"2026/01/26","2026/01/28","5802","住友電気工業","東証およびＰＴＳ",,"確報",108000,100,252100,200,0,2200,249900,707076000,654700,1650498700,1309400,0,14403400,1636095300,,,0,0,0,25667600,356000,0,9.1,5.8,22.7,9.3,3.7,3.8,3.8
"2026/01/26","2026/01/28","5803","フジクラ","東証およびＰＴＳ",,"確報",212000,33600,600900,1500,1500,84500,516400,3807520000,603456000,10792164000,26940000,26940000,1517620000,9274544000,,,0,0,23237500,0,0,4647500,7.2,5.6,7.8,6.5,16,31,21.1
"2026/01/26","2026/01/28","5805","ＳＷＣＣ","東証およびＰＴＳ",,"確報",8800,0,45000,1300,2100,61500,-16500,99968000,0,511200000,14768000,23856000,698640000,-187440000,,,0,0,0,3620000,6230000,0,19.8,7.9,20.1,11.3,39.2,32.1,35.3
"2026/01/26","2026/01/28","5816","オーナンバ","東証およびＰＴＳ",,"確報",308200,0,312500,0,0,2900,309600,452437600,0,458750000,0,0,4257200,454492800,,,0,0,0,141900,95700,0,2.2,1.1,826,2.1,0,10.8,21.5
"2026/01/26","2026/01/28","5817","ＪＭＡＣＳ","東証およびＰＴＳ",,"確報",100,100,15600,0,0,0,15600,115100,115100,17955600,0,0,0,17955600,,,0,0,0,452400,0,0,8,7.7,8.4,8,0,0,0
"2026/01/26","2026/01/28","5819","カナレ電気","東証およびＰＴＳ",,"確報",0,200,2200,0,0,0,2200,0,375400,4129400,0,0,0,4129400,,,0,0,0,151200,0,0,18.2,21.8,15.6,18.2,0,0,0
"2026/01/26","2026/01/28","5820","三ッ星","東証およびＰＴＳ",,"確報",400,1100,145800,0,0,0,145800,287200,789800,104684400,0,0,0,104684400,,,0,0,2490500,0,0,0,563.3,1046.1,385.4,563.3,0,0,0
"2026/01/26","2026/01/28","5821","平河ヒューテック","東証およびＰＴＳ",,"確報",0,6200,149500,0,0,0,149500,0,16603600,400361000,0,0,0,400361000,,,0,0,0,23822100,0,0,190,427.6,122.2,190,0,0,0
"2026/01/26","2026/01/28","5830","いよぎんＨＤ","東証およびＰＴＳ",,"確報",700,800,42100,4200,0,37500,4600,1924300,2199200,115732900,11545800,0,103087500,12645400,,,0,0,0,3629200,2863800,0,16.1,18.4,15.8,17,8.2,87.4,14.9
"2026/01/26","2026/01/28","5831","しずおかＦＧ","東証およびＰＴＳ",,"確報",700,1400,37100,2100,0,5600,31500,1732500,3465000,91822500,5197500,0,13860000,77962500,,,0,0,0,2835000,262500,0,14.3,13.1,21.7,16.3,7.8,6.5,7.1
"2026/01/26","2026/01/28","5832","ちゅうぎんＦＧ","東証およびＰＴＳ",,"確報",1100,200,5200,0,0,1800,3400,2982650,542300,14099800,0,0,4880700,9219100,,,0,0,0,399900,167400,0,10.8,13.8,7.7,9.9,10.4,27.7,15.1
"2026/01/26","2026/01/28","5834","ＳＢＩリーシング","東証およびＰＴＳ",,"確報",1900,0,49600,0,100,300,49300,11229000,0,293136000,0,591000,1773000,291363000,,,0,0,0,7155000,60000,0,85.2,70.8,114.6,87.5,0,10,20
"2026/01/26","2026/01/28","5838","楽天銀行","東証およびＰＴＳ",,"確報",102600,0,453800,0,1800,2700,451100,689779800,0,3050897400,0,12101400,18152100,3032745300,,,0,0,0,143992000,1845000,0,17.7,13.4,28.4,18.2,6,4.3,5
"2026/01/26","2026/01/28","5842","インテグラル","東証およびＰＴＳ",,"確報",600,400,11500,0,0,0,11500,2115000,1410000,40537500,0,0,0,40537500,,,0,0,0,113000,0,0,13,7.8,38.5,13,0,0,0
"2026/01/26","2026/01/28","5843","ニッポンインシュア","東証およびＰＴＳ",,"確報",200,0,7600,0,0,0,7600,485400,0,18445200,0,0,0,18445200,,,0,0,0,429200,0,0,21.4,12.3,83,21.4,0,0,0
"2026/01/26","2026/01/28","5844","京都ＦＧ","東証およびＰＴＳ",,"確報",19000,10700,41200,8300,0,41200,0,70167000,39515100,152151600,30651900,0,152151600,0,,,0,0,0,2599100,2599100,0,4.4,2.4,2.6,2.5,12.4,99.1,22
"2026/01/26","2026/01/28","5845","全保連","東証およびＰＴＳ",,"確報",1300,0,15000,0,0,1600,13400,1290900,0,14895000,0,0,1588800,13306200,,,0,0,0,41100,4800,0,20.1,15.5,22.5,18.3,0,81,162
"2026/01/26","2026/01/28","5851","リョービ","東証およびＰＴＳ",,"確報",1400,0,7500,200,300,1400,6100,3836000,0,20550000,548000,822000,3836000,16714000,,,0,0,0,695400,171000,0,20.8,17.1,28.4,21.3,18.5,18.5,18.5
"2026/01/26","2026/01/28","5852","アーレスティ","東証およびＰＴＳ",,"確報",2000,0,32000,0,0,0,32000,1666000,0,26656000,0,0,0,26656000,,,0,0,0,930000,0,0,88.8,48.7,1509,94.3,1,1,1
"2026/01/26","2026/01/28","5856","エルアイイーエイチ","東証およびＰＴＳ",,"確報",0,0,10000,0,0,0,10000,0,0,300000,0,0,0,300000,,,0,0,0,0,0,0,0,0,0,0,0,0,0
"2026/01/26","2026/01/28","5857","ＡＲＥＨＤ","東証およびＰＴＳ",,"確報",2800,200,81500,0,0,0,81500,10528000,752000,306440000,0,0,0,306440000,,,0,0,0,1183500,0,0,25.5,17.4,119.4,30.3,24.8,2,3.7
"2026/01/26","2026/01/28","5858","ＳＴＧ","東証およびＰＴＳ",,"確報",0,0,400,0,0,0,400,0,0,686400,0,0,0,686400,,,0,0,1200,0,0,0,5.8,32,3.2,5.8,0,0,0
"2026/01/26","2026/01/28","5867","エスネットワークス","東証およびＰＴＳ",,"確報",0,0,200,0,0,0,200,0,0,261200,0,0,0,261200,,,0,0,8600,0,0,0,11,11,11,11,0,0,0
"2026/01/26","2026/01/28","5868","ロココ","東証およびＰＴＳ",,"確報",200,100,4300,0,0,0,4300,231600,115800,4979400,0,0,0,4979400,,,0,0,0,29400,0,0,19.2,43.2,12.3,19.2,0,0,0
"2026/01/26","2026/01/28","5869","早稲田学習研究会","東証およびＰＴＳ",,"確報",0,100,800,0,0,100,700,0,125600,1004800,0,0,125600,879200,,,0,0,2700,0,0,300,13.1,21.5,14.3,17.2,3,3,3
"2026/01/26","2026/01/28","5870","ナルネット","東証およびＰＴＳ",,"確報",100,1000,14400,0,0,0,14400,106600,1066000,15350400,0,0,0,15350400,,,0,0,0,382500,0,0,63.3,190,38,63.3,0,0,0
"2026/01/26","2026/01/28","5871","ＳＯＬＩＺＥ　ＨＤ","東証およびＰＴＳ",,"確報",300,0,2400,0,300,200,2200,431700,0,3453600,0,431700,287800,3165800,,,0,0,0,16800,4000,0,17,41.3,20.7,27.6,3,4,3.4
"2026/01/26","2026/01/28","5884","クラダシ","東証およびＰＴＳ",,"確報",0,0,3200,0,0,0,3200,0,0,1350400,0,0,0,1350400,,,0,0,0,3200,0,0,0,0,0,0,0,0,0
"2026/01/26","2026/01/28","5885","ジーデップアドバンス","東証およびＰＴＳ",,"確報",0,200,8000,0,0,0,8000,0,583200,23328000,0,0,0,23328000,,,0,0,0,975800,0,0,25,30.4,21.3,25,0,0,0
"2026/01/26","2026/01/28","5888","ダイワサイクル","東証およびＰＴＳ",,"確報",0,300,2000,0,0,0,2000,0,1044000,6960000,0,0,0,6960000,,,0,0,0,115000,0,0,55.5,111,37,55.5,0,0,0
"2026/01/26","2026/01/28","5889","ＪＥＨ","東証およびＰＴＳ",,"確報",1000,0,35900,0,0,0,35900,2005000,0,71979500,0,0,0,71979500,,,0,0,0,1151700,0,0,21.1,89.4,12,21.1,0,0,0
"2026/01/26","2026/01/28","5891","魁力屋","東証およびＰＴＳ",,"確報",100,0,2200,0,0,0,2200,160500,0,3531000,0,0,0,3531000,,,0,0,0,23100,0,0,68,34,0,68,0,0,0
"2026/01/26","2026/01/28","5892","ｙｕｔｏｒｉ","東証およびＰＴＳ",,"確報",200,200,27900,0,0,0,27900,555000,555000,77422500,0,0,0,77422500,,,0,0,0,1171800,0,0,58.1,484,30.9,58.1,0,0,0
"2026/01/26","2026/01/28","5900","ダイケン","東証およびＰＴＳ",,"確報",0,0,0,0,0,0,0,0,0,0,0,0,0,0,,,0,0,0,0,0,0,1.3,2,1,1.3,0,0,0
"2026/01/26","2026/01/28","5901","東洋製罐グループＨＤ","東証およびＰＴＳ",,"確報",4100,100,22200,4000,0,22200,0,16031000,391000,86802000,15640000,0,86802000,0,,,0,0,0,1073800,1073800,0,18.5,12.7,30.8,18,13.2,34.3,19.1
"2026/01/26","2026/01/28","5902","ホッカンＨＤ","東証およびＰＴＳ",,"確報",200,0,1000,200,0,1000,0,468200,0,2341000,468200,0,2341000,0,,,0,0,0,48000,48000,0,6.6,5.9,5.9,5.9,7.6,7.6,7.6
"2026/01/26","2026/01/28","5903","シンポ","東証およびＰＴＳ",,"確報",0,0,300,0,0,0,300,0,0,362400,0,0,0,362400,,,0,0,0,300,0,0,15,7.5,0,15,0,0,0
"2026/01/26","2026/01/28","5905","日本製罐","東証およびＰＴＳ",,"確報",0,0,2700,0,0,0,2700,0,0,3593700,0,0,0,3593700,,,0,0,0,27000,0,0,24,156,13,24,0,0,0
"2026/01/26","2026/01/28","5906","エムケー精工","東証およびＰＴＳ",,"確報",0,800,15100,0,0,0,15100,0,548000,10343500,0,0,0,10343500,,,0,0,0,206700,0,0,20.5,12.2,64.9,20.5,0,0,0
"2026/01/26","2026/01/28","5909","コロナ","東証およびＰＴＳ",,"確報",0,0,100,0,0,0,100,0,0,97700,0,0,0,97700,,,0,0,1100,0,0,0,10,5,0,10,0,0,0
"2026/01/26","2026/01/28","5911","横河ブリッジＨＤ","東証およびＰＴＳ",,"確報",1800,5500,11200,800,1000,14700,-3500,5652000,17270000,35168000,2512000,3140000,46158000,-10990000,,,0,0,0,894000,894000,0,6.4,3.4,3.1,3.2,30.5,52.3,38.5
"2026/01/26","2026/01/28","5915","駒井ハルテック","東証およびＰＴＳ",,"確報",0,400,1200,0,400,1200,0,0,786800,2360400,0,786800,2360400,0,,,0,0,0,48000,48000,0,13.5,0,6.8,13.5,0,6.8,13.5
"2026/01/26","2026/01/28","5918","瀧上工業","東証およびＰＴＳ",,"確報",0,0,100,0,0,0,100,0,0,726000,0,0,0,726000,,,0,0,0,0,0,0,0,0,0,0,0,0,0
"2026/01/26","2026/01/28","5921","川岸工業","東証およびＰＴＳ",,"確報",0,0,1000,0,0,0,1000,0,0,4400000,0,0,0,4400000,,,0,0,0,15000,0,0,0,0,0,0,0,0,0
"2026/01/26","2026/01/28","5922","那須電機鉄工","東証およびＰＴＳ",,"確報",100,0,200,0,0,0,200,1728000,0,3456000,0,0,0,3456000,,,0,0,0,12000,0,0,12,6,0,12,0,0,0
"2026/01/26","2026/01/28","5923","高田機工","東証およびＰＴＳ",,"確報",0,0,1600,0,0,0,1600,0,0,1960000,0,0,0,1960000,,,0,0,9600,0,0,0,0,0,0,0,0,0,0
"2026/01/26","2026/01/28","5928","アルメタックス","東証およびＰＴＳ",,"確報",0,0,8800,0,0,5100,3700,0,0,2464000,0,0,1428000,1036000,,,0,0,8800,0,0,5100,154,87,0,174,86,258,129
"2026/01/26","2026/01/28","5929","三和ホールディングス","東証およびＰＴＳ",,"確報",700,0,3100,600,400,1200,1900,2811200,0,12449600,2409600,1606400,4819200,7630400,,,0,0,0,312000,130000,0,6.1,14.8,7.4,9.9,2.7,2.6,2.6
"2026/01/26","2026/01/28","5930","文化シヤッター","東証およびＰＴＳ",,"確報",100,100,10200,0,0,0,10200,204400,204400,20848800,0,0,0,20848800,,,0,0,0,428400,0,0,78.6,127.8,56.8,78.6,0,0,0
"2026/01/26","2026/01/28","5932","三協立山","東証およびＰＴＳ",,"確報",1500,2600,23300,600,1700,23300,0,993000,1721200,15424600,397200,1125400,15424600,0,,,0,0,292800,0,0,292800,39.6,49.9,26.6,34.7,78,32.8,46.2
"2026/01/26","2026/01/28","5933","アルインコ","東証およびＰＴＳ",,"確報",300,0,13700,0,0,0,13700,337500,0,15412500,0,0,0,15412500,,,0,0,0,308200,0,0,59.8,61.4,337.5,103.8,6.5,1.6,2.6
"2026/01/26","2026/01/28","5936","東洋シヤッター","東証およびＰＴＳ",,"確報",100,100,2600,0,200,100,2500,95700,95700,2488200,0,191400,95700,2392500,,,0,0,0,20800,2400,0,10.5,11.3,22.5,15,1.8,1.4,1.6
"2026/01/26","2026/01/28","5938","ＬＩＸＩＬ","東証およびＰＴＳ",,"確報",14400,2200,31000,3600,0,5400,25600,26424000,4037000,56885000,6606000,0,9909000,46976000,,,0,0,0,620400,59400,0,6.5,4.8,14.2,7.1,4.1,4.5,4.3
"2026/01/26","2026/01/28","5939","大谷工業","東証およびＰＴＳ",,"確報",0,100,3000,0,0,0,3000,0,687000,20610000,0,0,0,20610000,,,0,0,0,124000,0,0,41.7,29.2,73,41.7,0,0,0
"2026/01/26","2026/01/28","5940","不二サッシ","東証およびＰＴＳ",,"確報",0,700,18700,0,0,0,18700,0,650300,17372300,0,0,0,17372300,,,0,0,0,465600,0,0,95.2,79.3,119,95.2,0,0,0
"2026/01/26","2026/01/28","5941","中西製作所","東証およびＰＴＳ",,"確報",0,0,300,0,100,0,300,0,0,806100,0,268700,0,806100,,,0,0,1800,0,0,600,6.8,0,0,0,1,0.7,0.8
"2026/01/26","2026/01/28","5942","日本フイルコン","東証およびＰＴＳ",,"確報",1000,0,26400,0,0,0,26400,567000,0,14968800,0,0,0,14968800,,,0,0,0,50800,0,0,40.9,22.7,211.5,40.9,0,0,0
"2026/01/26","2026/01/28","5943","ノーリツ","東証およびＰＴＳ",,"確報",300,300,4400,2700,0,59200,-54800,626700,626700,9191600,5640300,0,123668800,-114477200,,,0,0,0,83600,1073500,0,47.1,34.7,11.6,17.4,30.7,282.1,55.3
"2026/01/26","2026/01/28","5945","天龍製鋸","東証およびＰＴＳ",,"確報",100,0,200,0,0,0,200,233500,0,467000,0,0,0,467000,,,0,0,1200,0,0,0,3.5,2.3,7,3.5,0,0,0
"2026/01/26","2026/01/28","5946","長府製作所","東証およびＰＴＳ",,"確報",64000,0,943300,1600,100,61600,881700,128000000,0,1886600000,3200000,200000,123200000,1763400000,,,0,0,0,7913700,540900,0,112.3,58.3,0,116.6,42.7,249.1,72.9
"2026/01/26","2026/01/28","5947","リンナイ","東証およびＰＴＳ",,"確報",300,0,2300,300,300,11400,-9100,1223700,0,9381700,1223700,1223700,46500600,-37118900,,,0,0,0,76000,433200,0,25.7,17.2,14.7,15.8,25.7,33.8,29.2
"2026/01/26","2026/01/28","5949","ユニプレス","東証およびＰＴＳ",,"確報",0,13200,17500,0,26800,3900,13600,0,18070800,23957500,0,36689200,5339100,18618400,,,0,0,0,982400,982400,0,10.6,32.2,9.5,14.7,36.8,4.5,8
"2026/01/26","2026/01/28","5950","日本パワー","東証およびＰＴＳ",,"確報",0,400,3600,0,0,0,3600,0,76000,684000,0,0,0,684000,,,0,0,0,4000,0,0,21.9,39.4,15.2,21.9,0,0,0
"2026/01/26","2026/01/28","5951","ダイニチ工業","東証およびＰＴＳ",,"確報",200,100,2900,300,200,2900,0,181000,90500,2624500,271500,181000,2624500,0,,,0,0,0,72800,72800,0,23.5,19,13.8,16,47.3,47.3,47.3
"2026/01/26","2026/01/28","5952","アマテイ","東証およびＰＴＳ",,"確報",100,100,15600,0,0,0,15600,21400,21400,3338400,0,0,0,3338400,,,0,0,0,0,0,0,9.6,292.3,4.9,9.6,0,0,0
"2026/01/26","2026/01/28","5955","ワイズＨＤ","東証およびＰＴＳ",,"確報",30300,3000,414900,0,0,14100,400800,3060300,303000,41904900,0,0,1424100,40480800,,,0,0,1938000,0,0,70500,14.5,39.7,8.7,14.3,13.2,0,26.4
"2026/01/26","2026/01/28","5956","トーソー","東証およびＰＴＳ",,"確報",100,0,3100,100,0,3100,0,64700,0,2005700,64700,0,2005700,0,,,0,0,0,39000,39000,0,14.7,54,9.5,16.2,32.4,8.5,13.5
"2026/01/26","2026/01/28","5957","日東精工","東証およびＰＴＳ",,"確報",685200,4500,691400,1200,2000,32100,659300,497455200,3267000,501956400,871200,1452000,23304600,478651800,,,0,0,0,149800,460600,0,2.4,1,150.4,2.1,15.9,6.8,9.6
"2026/01/26","2026/01/28","5958","三洋工業","東証およびＰＴＳ",,"確報",0,100,100,0,200,0,100,0,457000,457000,0,914000,0,457000,,,0,0,0,2000,2000,0,6.8,9,9,9,8,4,5.3
"2026/01/26","2026/01/28","5959","岡部","東証およびＰＴＳ",,"確報",600,0,17500,0,200,8700,8800,576600,0,16817500,0,192200,8360700,8456800,,,0,0,0,473200,249200,0,24.1,40.3,13.6,20.4,50.6,28.4,36.4
"2026/01/26","2026/01/28","5962","浅香工業","東証およびＰＴＳ",,"確報",0,0,600,0,0,0,600,0,0,1080000,0,0,0,1080000,,,0,0,4200,0,0,0,0,0,0,0,0,0,0
"2026/01/26","2026/01/28","5965","フジマック","東証およびＰＴＳ",,"確報",100,0,3700,0,0,0,3700,111400,0,4121800,0,0,0,4121800,,,0,0,0,25200,0,0,28.3,20.4,46,28.3,0,0,0
"2026/01/26","2026/01/28","5966","京都機械工具","東証およびＰＴＳ",,"確報",0,0,500,0,0,0,500,0,0,1267000,0,0,0,1267000,,,0,0,28000,0,0,0,0,0,0,0,0,0,0
"2026/01/26","2026/01/28","5967","ＴＯＮＥ","東証およびＰＴＳ",,"確報",200,0,5300,0,0,0,5300,97200,0,2575800,0,0,0,2575800,,,0,0,0,20400,0,0,74.3,86.7,65,74.3,0,0,0
"2026/01/26","2026/01/28","5969","ロブテックス","東証およびＰＴＳ",,"確報",0,0,700,0,0,0,700,0,0,865900,0,0,0,865900,,,0,0,0,0,0,0,36,36,36,36,0,0,0
"2026/01/26","2026/01/28","5970","ジーテクト","東証およびＰＴＳ",,"確報",1400,0,20600,300,0,2900,17700,2795800,0,41138200,599100,0,5791300,35346900,,,0,0,0,480000,65000,0,50,37,192.4,62.1,19.9,23.2,21.4
"2026/01/26","2026/01/28","5971","共和工業所","東証およびＰＴＳ",,"確報",0,0,700,0,0,0,700,0,0,5124000,0,0,0,5124000,,,0,0,119000,0,0,0,0,0,0,0,0,0,0
"2026/01/26","2026/01/28","5973","トーアミ","東証およびＰＴＳ",,"確報",0,0,0,0,0,0,0,0,0,0,0,0,0,0,,,0,0,0,0,0,0,0,0,0,0,0,0,0
"2026/01/26","2026/01/28","5974","中国工業","東証およびＰＴＳ",,"確報",0,100,1000,0,0,0,1000,0,85700,857000,0,0,0,857000,,,0,0,0,17600,0,0,4.9,11.3,3.2,4.9,0,0,0
"2026/01/26","2026/01/28","5975","東プレ","東証およびＰＴＳ",,"確報",0,200,2700,0,0,500,2200,0,503600,6798600,0,0,1259000,5539600,,,0,0,0,92800,16000,0,14.6,76.5,25.5,38.3,4.6,3.7,4.1
"2026/01/26","2026/01/28","5976","高周波熱錬","東証およびＰＴＳ",,"確報",4000,600,24200,1000,400,32600,-8400,5276000,791400,31919800,1319000,527600,42999400,-11079600,,,0,0,0,624000,960000,0,23.8,10.2,23.2,14.2,33.1,66.3,44.2
"2026/01/26","2026/01/28","5981","東京製綱","東証およびＰＴＳ",,"確報",100,600,6600,0,100,2100,4500,167900,1007400,11081400,0,167900,3525900,7555500,,,0,0,0,170400,52800,0,23.2,37.9,28.4,32.5,11.2,15.4,12.9
"2026/01/26","2026/01/28","5982","マルゼン","東証およびＰＴＳ",,"確報",0,0,100,0,0,0,100,0,0,376500,0,0,0,376500,,,0,0,1500,0,0,0,6,6,6,6,0,0,0
"2026/01/26","2026/01/28","5983","イワブチ","東証およびＰＴＳ",,"確報",0,0,700,0,0,0,700,0,0,8428000,0,0,0,8428000,,,0,0,0,210000,0,0,0,0,0,0,0,0,0
"2026/01/26","2026/01/28","5984","兼房","東証およびＰＴＳ",,"確報",100,0,500,0,0,0,500,81000,0,405000,0,0,0,405000,,,0,0,2800,0,0,0,12.5,12.5,12.5,12.5,0,0,0
"2026/01/26","2026/01/28","5985","サンコール","東証およびＰＴＳ",,"確報",7000,0,209500,0,0,0,209500,6678000,0,199863000,0,0,0,199863000,,,0,0,0,7087500,0,0,43.1,91,28.2,43.1,0,0,0
"2026/01/26","2026/01/28","5986","モリテック　スチール","東証およびＰＴＳ",,"確報",3300,0,162100,0,0,0,162100,653400,0,32095800,0,0,0,32095800,,,0,0,0,158800,0,0,24.8,14.7,79.3,24.8,0,0,0
"2026/01/26","2026/01/28","5987","オーネックス","東証およびＰＴＳ",,"確報",0,0,1300,0,0,0,1300,0,0,2158000,0,0,0,2158000,,,0,0,0,0,0,0,0,0,0,0,0,0,0
"2026/01/26","2026/01/28","5988","パイオラックス","東証およびＰＴＳ",,"確報",2800,100,26500,4600,0,75000,-48500,4908400,175300,46454500,8063800,0,131475000,-85020500,,,0,0,0,856800,2534400,0,35.8,20.1,19,19.5,27,701.2,51.9
"2026/01/26","2026/01/28","5989","エイチワン","東証およびＰＴＳ",,"確報",700,0,29400,0,0,0,29400,1008000,0,42336000,0,0,0,42336000,,,0,0,0,975800,0,0,69.6,104.4,52.2,69.6,0,0,0
"2026/01/26","2026/01/28","5990","スーパーツール","東証およびＰＴＳ",,"確報",100,0,300,0,0,0,300,198000,0,594000,0,0,0,594000,,,0,0,0,2000,0,0,8,6,12,8,0,0,0
"2026/01/26","2026/01/28","5991","日本発条","東証およびＰＴＳ",,"確報",1000,1600,30200,1500,2100,30200,0,2671500,4274400,80679300,4007250,5610150,80679300,0,,,0,0,0,3033800,3033800,0,18.1,12.6,28.5,17.4,13.3,32.6,18.9
"2026/01/26","2026/01/28","5992","中央発條","東証およびＰＴＳ",,"確報",200,200,910900,2300,2300,43700,867200,680000,680000,3097060000,7820000,7820000,148580000,2948480000,,,0,0,0,86535500,4151500,0,486.3,9999.9,1169.8,2122,44.6,22.1,29.6
"2026/01/26","2026/01/28","5994","ファインシンター","東証およびＰＴＳ",,"確報",700,0,9300,0,0,0,9300,1195600,0,15884400,0,0,0,15884400,,,0,0,0,825600,0,0,57.5,28.7,0,57.5,0,0,0
"2026/01/26","2026/01/28","5997","協立エアテック","東証およびＰＴＳ",,"確報",0,0,700,0,0,0,700,0,0,523600,0,0,0,523600,,,0,0,0,4200,0,0,0,0,0,0,0,0,0
"2026/01/26","2026/01/28","5998","アドバネクス","東証およびＰＴＳ",,"確報",100,100,4300,0,0,0,4300,182200,182200,7834600,0,0,0,7834600,,,0,0,0,318200,0,0,26.5,75,16.1,26.5,0,0,0
"2026/01/26","2026/01/28","6005","三浦工業","東証およびＰＴＳ",,"確報",10800,4900,18800,3600,200,16300,2500,34668000,15729000,60348000,11556000,642000,52323000,8025000,,,0,0,0,270900,270900,0,2.9,1.6,1.8,1.7,11.6,27.2,16.3
"2026/01/26","2026/01/28","6013","タクマ","東証およびＰＴＳ",,"確報",0,500,5800,500,700,4000,1800,0,1266500,14691400,1266500,1773100,10132000,4559400,,,0,0,0,283500,189000,0,14,41.3,22.2,28.9,5.5,10.6,7.2
"2026/01/26","2026/01/28","6016","ジャパンエンジン","東証およびＰＴＳ",,"確報",1700,200,16600,0,0,0,16600,22950000,2700000,224100000,0,0,0,224100000,,,0,0,0,3926000,0,0,9.1,7,12.7,9.1,0,0,0
"2026/01/26","2026/01/28","6018","阪神内燃機工業","東証およびＰＴＳ",,"確報",0,0,700,0,0,0,700,0,0,2873500,0,0,0,2873500,,,0,0,0,59500,0,0,33,33,33,33,0,0,0
"2026/01/26","2026/01/28","6022","赤阪鐵工所","東証およびＰＴＳ",,"確報",0,0,1100,0,0,0,1100,0,0,5027000,0,0,0,5027000,,,0,0,0,0,0,0,0,0,0,0,0,0,0
"2026/01/26","2026/01/28","6023","ダイハツインフィ","東証およびＰＴＳ",,"確報",700,300,47800,0,900,6600,41200,1872500,802500,127865000,0,2407500,17655000,110210000,,,0,0,0,3460200,547500,0,30.3,38.5,39.8,39.1,12.3,11.4,11.8
"2026/01/26","2026/01/28","6027","弁護士ドットコム","東証およびＰＴＳ",,"確報",900,100,44200,2000,0,19500,24700,2691900,299100,132202200,5982000,0,58324500,73877700,,,0,0,0,2126600,857500,0,25.6,25.9,29.1,27.4,17.5,29.7,22
"2026/01/26","2026/01/28","6029","アトラグループ","東証およびＰＴＳ",,"確報",4200,0,71200,0,0,0,71200,730800,0,12388800,0,0,0,12388800,,,0,0,0,134000,0,0,30.7,20.6,60.2,30.7,0,0,0
"2026/01/26","2026/01/28","6030","アドベンチャー","東証およびＰＴＳ",,"確報",0,0,10800,0,0,0,10800,0,0,18878400,0,0,0,18878400,,,0,0,0,205200,0,0,154,269.5,107.8,154,0,0,0
"2026/01/26","2026/01/28","6031","ＺＥＴＡ","東証およびＰＴＳ",,"確報",11500,1500,57600,25000,0,57600,0,3956000,516000,19814400,8600000,0,19814400,0,,,0,0,761600,0,0,521600,11.5,12.3,103,21.9,3.4,525.7,6.7
"2026/01/26","2026/01/28","6033","エクストリーム","東証およびＰＴＳ",,"確報",0,0,6100,0,0,0,6100,0,0,8552200,0,0,0,8552200,,,0,0,0,12200,0,0,0,0,0,0,0,0,0
"2026/01/26","2026/01/28","6034","ＭＲＴ","東証およびＰＴＳ",,"確報",0,0,2900,0,0,2900,0,0,0,1896600,0,0,1896600,0,,,0,0,17400,0,0,17400,75,0,37.5,75,0,37.5,75
"2026/01/26","2026/01/28","6035","ＩＲジャパンＨＤ","東証およびＰＴＳ",,"確報",2400,100,69100,400,0,97500,-28400,1903200,79300,54796300,317200,0,77317500,-22521200,,,0,0,0,1202400,1747800,0,8.5,3.2,3.2,3.2,69.6,4731,137.1
"2026/01/26","2026/01/28","6036","ＫｅｅＰｅｒ技研","東証およびＰＴＳ",,"確報",3600,600,59400,0,1400,17600,41800,11610000,1935000,191565000,0,4515000,56760000,134805000,,,0,0,0,1692000,570000,0,49.9,46.1,142.9,69.7,33.2,22.9,27.1
"2026/01/26","2026/01/28","6037","楽待","東証およびＰＴＳ",,"確報",800,300,25100,0,200,18200,6900,851200,319200,26706400,0,212800,19364800,7341600,,,0,0,0,836400,625600,0,35.6,29,65.6,40.2,30,31,30.5
"2026/01/26","2026/01/28","6038","イード","東証およびＰＴＳ",,"確報",0,100,1400,100,0,300,1100,0,96100,1345400,96100,0,288300,1057100,,,0,0,0,4500,600,0,21.3,0,74,148,7.3,4.4,5.5
"2026/01/26","2026/01/28","6039","日本動物高度医療","東証およびＰＴＳ",,"確報",1800,2100,26100,0,0,0,26100,2354400,2746800,34138800,0,0,0,34138800,,,0,0,0,1003200,0,0,25.2,18.8,38.2,25.2,0,0,0
"2026/01/26","2026/01/28","6040","日本スキー場開発","東証およびＰＴＳ",,"確報",0,300,27000,0,0,0,27000,0,159900,14391000,0,0,0,14391000,,,0,0,136500,0,0,0,59,231.2,33.8,59,0,0,0
"2026/01/26","2026/01/28","6042","ニッキ","東証およびＰＴＳ",,"確報",0,100,400,0,0,0,400,0,379000,1516000,0,0,0,1516000,,,0,0,2500,0,0,0,8,12,6,8,0,0,0
"2026/01/26","2026/01/28","6044","三機サービス","東証およびＰＴＳ",,"確報",0,0,3400,0,0,0,3400,0,0,6242400,0,0,0,6242400,,,0,0,0,20400,0,0,16.4,16.4,16.4,16.4,0,0,0
"2026/01/26","2026/01/28","6045","レントラックス","東証およびＰＴＳ",,"確報",1600,100,8100,1500,0,8100,0,2956800,184800,14968800,2772000,0,14968800,0,,,0,0,26400,0,0,26400,5.5,3.3,7.1,4.5,4.4,22.2,7.3
"2026/01/26","2026/01/28","6046","リンクバル","東証およびＰＴＳ",,"確報",6200,6200,399300,0,0,399300,0,843200,843200,54304800,0,0,54304800,0,,,0,0,0,798600,798600,0,55.1,34,27.6,30.4,0,146.1,292.1
"2026/01/26","2026/01/28","6047","Ｇｕｎｏｓｙ","東証およびＰＴＳ",,"確報",16600,2400,191700,19100,0,191700,0,9511800,1375200,109844100,10944300,0,109844100,0,,,0,0,0,1597500,1553400,0,43.4,28.3,190.5,49.2,20.9,253.2,38.7
"2026/01/26","2026/01/28","6049","イトクロ","東証およびＰＴＳ",,"確報",400,300,3100,0,0,0,3100,104800,78600,812200,0,0,0,812200,,,0,0,0,6000,0,0,8.1,5.5,15.7,8.1,0,0,0
"2026/01/26","2026/01/28","6050","イー・ガーディアン","東証およびＰＴＳ",,"確報",2900,100,31800,900,0,151700,-119900,4956100,170900,54346200,1538100,0,259255300,-204909100,,,0,0,0,783000,4071600,0,20.1,32.3,61.9,42.4,9.2,623.8,18.2
"2026/01/26","2026/01/28","6054","リブセンス","東証およびＰＴＳ",,"確報",0,0,8800,0,0,6900,1900,0,0,1047200,0,0,821100,226100,,,0,0,0,17600,13800,0,21.5,21,9.7,13.3,0,347,694
"2026/01/26","2026/01/28","6055","ジャパンマテリアル","東証およびＰＴＳ",,"確報",30100,1000,130500,200,5200,32900,97600,50146600,1666000,217413000,333200,8663200,54811400,162601600,,,0,0,0,5374200,2008700,0,9,4.8,30.4,8.3,7.8,27.8,12.2
"2026/01/26","2026/01/28","6058","ベクトル","東証およびＰＴＳ",,"確報",500,17600,29700,2200,19300,29700,0,726500,25572800,43154100,3196600,28042900,43154100,0,,,0,0,0,3556800,3556800,0,4.6,4.9,3.9,4.3,4.5,5.5,5
"2026/01/26","2026/01/28","6059","ウチヤマＨＤ","東証およびＰＴＳ",,"確報",0,0,4900,100,100,3300,1600,0,0,1915900,39100,39100,1290300,625600,,,0,0,0,4900,3300,0,28.4,121,242,161.3,7.4,28.2,11.8
"2026/01/26","2026/01/28","6060","こころネット","東証およびＰＴＳ",,"確報",0,800,600,0,0,0,600,0,1063200,797400,0,0,0,797400,,,0,0,0,12600,0,0,15.5,0,7.8,15.5,0,0,0
"2026/01/26","2026/01/28","6061","ユニバーサル園芸社","東証およびＰＴＳ",,"確報",200,300,1100,0,0,0,1100,641000,961500,3525500,0,0,0,3525500,,,0,0,54000,0,0,0,9.3,9.3,9.3,9.3,0,0,0
"2026/01/26","2026/01/28","6062","チャームケアコーポ","東証およびＰＴＳ",,"確報",800,300,15300,500,0,15300,0,1020000,382500,19507500,637500,0,19507500,0,,,0,0,0,429200,429200,0,7.3,10.6,5.2,6.9,12.7,5.6,7.8
"2026/01/26","2026/01/28","6063","日本エマージェンシー","東証およびＰＴＳ",,"確報",0,200,600,0,0,0,600,0,189600,568800,0,0,0,568800,,,0,0,2400,0,0,0,3.3,3,3.7,3.3,0,0,0
"2026/01/26","2026/01/28","6069","トレンダーズ","東証およびＰＴＳ",,"確報",1300,100,14200,0,0,0,14200,1370200,105400,14966800,0,0,0,14966800,,,0,0,0,195000,0,0,55.3,34.9,132.6,55.3,0,0,0
"2026/01/26","2026/01/28","6070","キャリアリンク","東証およびＰＴＳ",,"確報",100,0,5400,0,0,100,5300,265300,0,14326200,0,0,265300,14060900,,,0,0,0,222600,4200,0,68.3,66.8,267,106.8,6,3,4
"2026/01/26","2026/01/28","6071","ＩＢＪ","東証およびＰＴＳ",,"確報",15400,13800,43200,2100,500,43200,0,11103400,9949800,31147200,1514100,360500,31147200,0,,,0,0,0,416000,416000,0,13,13.8,7,9.3,86.7,12.3,21.6
"2026/01/26","2026/01/28","6072","地盤ネットＨＤ","東証およびＰＴＳ",,"確報",16700,68500,308200,46200,19400,498700,-190500,3239800,13289000,59790800,8962800,3763600,96747800,-36957000,,,0,0,0,1440000,1887600,0,20.3,14.3,11.6,12.8,28.4,47.8,35.6
"2026/01/26","2026/01/28","6073","アサンテ","東証およびＰＴＳ",,"確報",1000,100,5100,500,0,15800,-10700,1603000,160300,8175300,801500,0,25327400,-17152100,,,0,0,0,67200,244800,0,32.1,15.3,19.2,17,27.9,97.8,43.4
"2026/01/26","2026/01/28","6074","ジェイエスエス","東証およびＰＴＳ",,"確報",0,100,600,0,0,0,600,0,55000,330000,0,0,0,330000,,,0,0,3500,0,0,0,31,31,31,31,0,0,0
"2026/01/26","2026/01/28","6078","バリューＨＲ","東証およびＰＴＳ",,"確報",2100,0,11900,3500,0,165100,-153200,2944200,0,16683800,4907000,0,231470200,-214786400,,,0,0,0,88200,1454400,0,68.6,3.1,167.5,6.1,72,350.7,119.5
"2026/01/26","2026/01/28","6080","Ｍ＆Ａキャピタル","東証およびＰＴＳ",,"確報",21800,3100,38700,500,0,20500,18200,72376000,10292000,128484000,1660000,0,68060000,60424000,,,0,0,0,2100000,2100000,0,5.4,2.7,5.1,3.5,12.3,114,22.2
"2026/01/26","2026/01/28","6081","アライドアーキテクツ","東証およびＰＴＳ",,"確報",35500,39300,298500,0,3800,298500,0,11786000,13047600,99102000,0,1261600,99102000,0,,,0,0,0,906900,906900,0,10.3,6.2,5.2,5.7,284.3,30.4,54.9
"2026/01/26","2026/01/28","6082","ライドオンＥＸＨＤ","東証およびＰＴＳ",,"確報",0,0,3600,0,0,0,3600,0,0,3718800,0,0,0,3718800,,,0,0,0,10800,0,0,19.4,14.6,29.2,19.4,0,0,0
"2026/01/26","2026/01/28","6083","ＥＲＩ　ＨＤ","東証およびＰＴＳ",,"確報",5700,1700,11200,0,1100,6100,5100,24937500,7437500,49000000,0,4812500,26687500,22312500,,,0,0,0,2016000,2016000,0,4.5,2.5,3.2,2.8,41.4,15,22.1
"2026/01/26","2026/01/28","6085","アーキテクツＳＪ","東証およびＰＴＳ",,"確報",300,0,2800,0,0,0,2800,125400,0,1170400,0,0,0,1170400,,,0,0,110000,0,0,0,5.3,47,2.8,5.3,0,0,0
"2026/01/26","2026/01/28","6086","シンメンテＨＤ","東証およびＰＴＳ",,"確報",0,600,11400,0,0,0,11400,0,723000,13737000,0,0,0,13737000,,,0,0,0,288000,0,0,48.7,64.9,38.9,48.7,0,0,0
"2026/01/26","2026/01/28","6087","アビスト","東証およびＰＴＳ",,"確報",0,0,1200,0,0,0,1200,0,0,4074000,0,0,0,4074000,,,0,0,0,0,0,0,41.3,31,62,41.3,0,0,0
"2026/01/26","2026/01/28","6088","シグマクシスＨＤ","東証およびＰＴＳ",,"確報",200,800,49600,300,0,12400,37200,166800,667200,41366400,250200,0,10341600,31024800,,,0,0,0,753000,181500,0,34.1,44.6,28.9,35.1,165.5,17,30.8
"2026/01/26","2026/01/28","6089","ウィルグループ","東証およびＰＴＳ",,"確報",300,200,3900,100,0,3900,0,356400,237600,4633200,118800,0,4633200,0,,,0,0,0,53200,53200,0,16.2,10.2,10.8,10.5,32.3,38.8,35.3
"2026/01/26","2026/01/28","6090","ヒューマンＭＴ","東証およびＰＴＳ",,"確報",0,100,4400,0,0,0,4400,0,69900,3075600,0,0,0,3075600,,,0,0,4500,0,0,0,56,74.7,44.8,56,0,0,0
"2026/01/26","2026/01/28","6091","ウエスコＨＤ","東証およびＰＴＳ",,"確報",200,100,3100,100,0,3100,0,167200,83600,2591600,83600,0,2591600,0,,,0,0,0,27000,27000,0,7.5,8.6,40,14.1,2.1,64,4
"2026/01/26","2026/01/28","6092","エンバイオＨＤ","東証およびＰＴＳ",,"確報",0,100,8500,0,0,0,8500,0,61000,5185000,0,0,0,5185000,,,0,0,0,111800,0,0,168.8,140.7,211,168.8,0,0,0
"2026/01/26","2026/01/28","6093","エスクローＡＪ","東証およびＰＴＳ",,"確報",10400,700,144100,9700,0,144100,0,1809600,121800,25073400,1687800,0,25073400,0,,,0,0,0,134400,134400,0,40.4,21.6,73.6,33.4,27.8,301,50.9
"2026/01/26","2026/01/28","6094","フリークアウト・ホー","東証およびＰＴＳ",,"確報",0,100,1500,0,0,0,1500,0,53800,807000,0,0,0,807000,,,0,0,0,1600,0,0,21.8,87,12.4,21.8,0,0,0
"2026/01/26","2026/01/28","6096","レアジョブ","東証およびＰＴＳ",,"確報",0,100,4700,100,700,2900,1800,0,33800,1588600,33800,236600,980200,608400,,,0,0,62400,0,0,45500,81.8,0,239,478,170,21.3,37.8
"2026/01/26","2026/01/28","6098","リクルートＨＤ","東証およびＰＴＳ",,"確報",62000,0,149500,200,0,900,148600,518816000,0,1251016000,1673600,0,7531200,1243484800,,,0,0,0,19250000,154000,0,3.3,3.3,9.8,4.9,1.4,0.2,0.3
"2026/01/26","2026/01/28","6099","エラン","東証およびＰＴＳ",,"確報",900,0,20900,500,0,15200,5700,613800,0,14253800,341000,0,10366400,3887400,,,0,0,0,320000,235200,0,12.8,17.9,9.4,12.3,108.4,7.2,13.5
"2026/01/26","2026/01/28","6101","ツガミ","東証およびＰＴＳ",,"確報",600,1500,8500,0,0,500,8000,1830000,4575000,25925000,0,0,1525000,24400000,,,0,0,0,987000,52500,0,14.3,19.1,14.3,16.4,7,4.4,5.4
"2026/01/26","2026/01/28","6103","オークマ","東証およびＰＴＳ",,"確報",200,200,15600,600,300,21500,-5900,763000,763000,59514000,2289000,1144500,82022500,-22508500,,,0,0,0,2418000,3286000,0,16.8,24.8,33.4,28.4,36.9,7.8,12.8
"2026/01/26","2026/01/28","6104","芝浦機械","東証およびＰＴＳ",,"確報",700,500,10300,0,200,13500,-3200,3010000,2150000,44290000,0,860000,58050000,-13760000,,,0,0,0,1212000,1644000,0,20.9,13.4,16.3,14.7,18,111.2,31
"2026/01/26","2026/01/28","6113","アマダ","東証およびＰＴＳ",,"確報",6800,1500,23900,900,400,34700,-10800,13341600,2943000,46891800,1765800,784800,68081400,-21189600,,,0,0,0,1283400,2359800,0,9.9,3.8,6.7,4.9,18.9,51.9,27.7
"2026/01/26","2026/01/28","6118","アイダエンジニア","東証およびＰＴＳ",,"確報",21300,2500,61800,1200,0,72100,-10300,25964700,3047500,75334200,1462800,0,87889900,-12555700,,,0,0,0,1763000,2906900,0,15.8,7.4,10.9,8.8,29.8,79.8,43.4
"2026/01/26","2026/01/28","6125","岡本工作機械製作所","東証およびＰＴＳ",,"確報",1600,300,132900,0,0,0,132900,7760000,1455000,644565000,0,0,0,644565000,,,0,0,0,30268000,0,0,241.9,139,933,241.9,0,0,0
"2026/01/26","2026/01/28","6134","ＦＵＪＩ","東証およびＰＴＳ",,"確報",2500,900,14800,1600,0,14800,0,9935000,3576600,58815200,6358400,0,58815200,0,,,0,0,0,1069200,1069200,0,9.8,7.7,11.4,9.2,8.6,13.5,10.5
"2026/01/26","2026/01/28","6135","牧野フライス製作所","東証およびＰＴＳ",,"確報",800,0,69300,0,0,0,69300,8928000,0,773388000,0,0,0,773388000,,,0,0,0,6850000,0,0,115.6,320.5,70.5,115.6,0,0,0
"2026/01/26","2026/01/28","6136","オーエスジー","東証およびＰＴＳ",,"確報",400,700,2000,700,0,2000,0,1024000,1792000,5120000,1792000,0,5120000,0,,,0,0,0,67850,38350,0,4.7,12.1,4.5,6.5,5.1,2.5,3.4
"2026/01/26","2026/01/28","6137","小池酸素工業","東証およびＰＴＳ",,"確報",1700,0,8300,1700,0,8300,0,3299700,0,16110300,3299700,0,16110300,0,,,0,0,0,178200,178200,0,10.6,10.7,8,9.1,15.6,10.4,12.5
"2026/01/26","2026/01/28","6138","ダイジヱット工業","東証およびＰＴＳ",,"確報",0,0,1600,0,0,0,1600,0,0,1633600,0,0,0,1633600,,,0,0,0,25600,0,0,55.3,83,41.5,55.3,0,0,0
"2026/01/26","2026/01/28","6140","旭ダイヤモンド工業","東証およびＰＴＳ",,"確報",500,300,75900,200,4100,42300,33600,429000,257400,65122200,171600,3517800,36293400,28828800,,,0,0,0,2573800,1570800,0,34.8,39.9,86.1,54.5,20.2,22.1,21.1
"2026/01/26","2026/01/28","6141","ＤＭＧ森精機","東証およびＰＴＳ",,"確報",2300,700,92700,200,1300,51600,41100,6277850,1910650,253024650,545900,3548350,140842200,112182450,,,0,0,0,9519950,5507150,0,22.4,15.2,38.9,21.9,32.3,18,23.1
"2026/01/26","2026/01/28","6143","ソディック","東証およびＰＴＳ",,"確報",18600,23800,60700,0,12200,53700,7000,19734600,25251800,64402700,0,12944200,56975700,7427000,,,0,0,0,3097300,3097300,0,7.9,5.4,9.5,6.9,6.5,16.5,9.3
"2026/01/26","2026/01/28","6144","西部電機","東証およびＰＴＳ",,"確報",0,0,7500,0,0,0,7500,0,0,21022500,0,0,0,21022500,,,0,0,0,457500,0,0,67.8,62.2,74.6,67.8,0,0,0
"2026/01/26","2026/01/28","6145","ＮＩＴＴＯＫＵ","東証およびＰＴＳ",,"確報",100,100,12000,0,100,0,12000,243800,243800,29256000,0,243800,0,29256000,,,0,0,0,828000,6900,0,27.4,106.8,16,27.9,0,4,8
"2026/01/26","2026/01/28","6146","ディスコ","東証およびＰＴＳ",,"確報",11400,2300,24200,800,129500,197100,-172900,758100000,152950000,1609300000,53200000,8611750000,13107150000,-11497850000,,,0,0,0,21895000,472410000,0,2.3,2.4,2.9,2.6,2.5,2.1,2.3
"2026/01/26","2026/01/28","6147","ヤマザキ","東証およびＰＴＳ",,"確報",0,0,600,0,0,0,600,0,0,196800,0,0,0,196800,,,0,0,0,1800,0,0,60,30,0,60,0,0,0
"2026/01/26","2026/01/28","6149","小田原エンジニア","東証およびＰＴＳ",,"確報",0,100,14700,0,0,0,14700,0,216500,31825500,0,0,0,31825500,,,0,0,0,1317200,0,0,161.3,145.2,181.5,161.3,0,0,0
"2026/01/26","2026/01/28","6150","タケダ機械","東証およびＰＴＳ",,"確報",0,0,700,0,0,0,700,0,0,2278500,0,0,0,2278500,,,0,0,0,10500,0,0,0,0,0,0,0,0,0
"2026/01/26","2026/01/28","6151","日東工器","東証およびＰＴＳ",,"確報",300,0,27400,1700,0,36200,-8800,571200,0,52169600,3236800,0,68924800,-16755200,,,0,0,0,650400,828000,0,54.2,48.6,56.4,52.2,37.4,109.9,55.8
"2026/01/26","2026/01/28","6155","高松機械工業","東証およびＰＴＳ",,"確報",0,0,1500,0,0,0,1500,0,0,721500,0,0,0,721500,,,0,0,0,0,0,0,0,0,0,0,0,0,0
"2026/01/26","2026/01/28","6156","エーワン精密","東証およびＰＴＳ",,"確報",0,0,1500,0,0,0,1500,0,0,2847000,0,0,0,2847000,,,0,0,0,19500,0,0,43.5,0,21.8,43.5,0,0,0
"2026/01/26","2026/01/28","6157","日進工具","東証およびＰＴＳ",,"確報",2400,100,40800,1900,0,59800,-19000,2066400,86100,35128800,1635900,0,51487800,-16359000,,,0,0,0,924000,1389600,0,60.7,65,41.1,50.4,39.3,358.9,70.9
"2026/01/26","2026/01/28","6158","和井田製作所","東証およびＰＴＳ",,"確報",200,100,3000,200,0,700,2300,182200,91100,2733000,182200,0,637700,2095300,,,0,0,0,2900,500,0,20.5,28.6,23.8,26,7.8,15.5,10.3
"2026/01/26","2026/01/28","6159","ミクロン精密","東証およびＰＴＳ",,"確報",0,0,0,0,0,0,0,0,0,0,0,0,0,0,,,0,0,0,0,0,0,0.7,1,0.5,0.7,0,0,0
"2026/01/26","2026/01/28","6161","エスティック","東証およびＰＴＳ",,"確報",0,0,7700,0,0,0,7700,0,0,8000300,0,0,0,8000300,,,0,0,123200,0,0,0,154,0,77,154,0,0,0
"2026/01/26","2026/01/28","6165","パンチ工業","東証およびＰＴＳ",,"確報",10600,0,349100,0,0,0,349100,5141000,0,169313500,0,0,0,169313500,,,0,0,0,5077500,0,0,115,88.1,165.3,115,0,0,0
"2026/01/26","2026/01/28","6166","中村超硬","東証およびＰＴＳ",,"確報",3700,600,58400,0,0,0,58400,2294000,372000,36208000,0,0,0,36208000,,,0,0,0,1106000,0,0,4.4,3.6,5.6,4.4,0,0,0
"2026/01/26","2026/01/28","6167","冨士ダイス","東証およびＰＴＳ",,"確報",33900,31800,173800,2100,0,173800,0,34883100,32722200,178840200,2160900,0,178840200,0,,,0,0,0,5322700,5322700,0,11.4,5.9,8.4,6.9,17.9,213.4,33
"2026/01/26","2026/01/28","6171","土木管理総合試験所","東証およびＰＴＳ",,"確報",200,800,52200,0,600,52200,0,89400,357600,23333400,0,268200,23333400,0,,,0,0,0,580800,580800,0,39.7,25.1,19.8,22.2,0,94.3,188.6
"2026/01/26","2026/01/28","6176","ブランジスタ","東証およびＰＴＳ",,"確報",4200,200,51800,0,0,0,51800,2973600,141600,36674400,0,0,0,36674400,,,0,0,382400,0,0,0,41.2,39.3,43.3,41.2,0,0,0
"2026/01/26","2026/01/28","6177","ＡｐｐＢａｎｋ","東証およびＰＴＳ",,"確報",0,3900,262600,0,0,0,262600,0,507000,34138000,0,0,0,34138000,,,0,0,0,799500,0,0,22.5,22.8,22.3,22.5,0,0,0
"2026/01/26","2026/01/28","6178","日本郵政","東証およびＰＴＳ",,"確報",102500,35100,129700,1700,10900,53100,76600,181886250,62284950,230152650,3016650,19342050,94225950,135926700,,,0,0,0,3488800,3488800,0,4.5,2.5,4.3,3.1,13.9,6.3,8.7
"2026/01/26","2026/01/28","6180","ＧＭＯメディア","東証およびＰＴＳ",,"確報",0,0,1500,0,0,0,1500,0,0,8220000,0,0,0,8220000,,,0,0,0,0,0,0,40.5,0,20.3,40.5,0,0,0
"2026/01/26","2026/01/28","6182","メタリアル","東証およびＰＴＳ",,"確報",100,3000,110100,4700,13000,207100,-97000,53200,1596000,58573200,2500400,6916000,110177200,-51604000,,,0,0,0,904000,1723200,0,17.3,16.2,12,13.8,13.5,37.2,19.8
"2026/01/26","2026/01/28","6183","ベル２４ＨＤ","東証およびＰＴＳ",,"確報",1600,0,11500,0,100,7100,4400,2281600,0,16399000,0,142600,10124600,6274400,,,0,0,0,336600,244800,0,16,12.5,17.5,14.6,32.1,12.5,18
"2026/01/26","2026/01/28","6184","鎌倉新書","東証およびＰＴＳ",,"確報",29100,27800,51500,1400,100,51500,0,17489100,16707800,30951500,841400,60100,30951500,0,,,0,0,0,502000,502000,0,5,3,3.1,3,12.4,16,14
"2026/01/26","2026/01/28","6185","ＳＭＮ","東証およびＰＴＳ",,"確報",100,0,49200,100,0,7300,41900,47200,0,23222400,47200,0,3445600,19776800,,,0,0,0,638300,93600,0,102.9,273.2,111.8,158.6,13.8,0,27.7
"2026/01/26","2026/01/28","6186","一蔵","東証およびＰＴＳ",,"確報",0,0,2500,0,0,0,2500,0,0,962500,0,0,0,962500,,,0,0,2500,0,0,0,23,16.4,38.3,23,0,0,0
"2026/01/26","2026/01/28","6189","グローバルキッズＣ","東証およびＰＴＳ",,"確報",0,0,12800,0,0,100,12700,0,0,10009600,0,0,78200,9931400,,,0,0,0,12800,100,0,214.3,638,127.6,212.7,0,0,0
"2026/01/26","2026/01/28","6190","フェニックスバイオ","東証およびＰＴＳ",,"確報",0,0,11100,0,0,0,11100,0,0,5205900,0,0,0,5205900,,,0,0,0,111000,0,0,59.8,94.7,43.7,59.8,0,0,0
"2026/01/26","2026/01/28","6191","エアトリ","東証およびＰＴＳ",,"確報",2000,900,400900,0,2500,187000,213900,1494000,672300,299472300,0,1867500,139689000,159783300,,,0,0,0,8395800,3979500,0,206,322.1,1331.2,518.6,3234.3,46.6,92
"2026/01/26","2026/01/28","6193","バーチャレクス","東証およびＰＴＳ",,"確報",0,100,2200,0,0,0,2200,0,105400,2318800,0,0,0,2318800,,,0,0,34500,0,0,0,33.1,116,19.3,33.1,0,0,0
"2026/01/26","2026/01/28","6194","アトラエ","東証およびＰＴＳ",,"確報",5700,700,88200,5000,0,88200,0,3995700,490700,61828200,3505000,0,61828200,0,,,0,0,0,332800,332800,0,65.1,37.8,174.9,62.2,40,233.2,68.2
"2026/01/26","2026/01/28","6195","ホープ","東証およびＰＴＳ",,"確報",40000,600,84100,0,0,0,84100,10080000,151200,21193200,0,0,0,21193200,,,0,0,44700,0,0,0,12.1,6.2,368.3,12.1,0,0,0
"2026/01/26","2026/01/28","6196","ストライク","東証およびＰＴＳ",,"確報",0,0,37200,600,0,7800,29400,0,0,156426000,2523000,0,32799000,123627000,,,0,0,0,2046000,396000,0,84.8,309.3,928,464,14,18.4,15.9
"2026/01/26","2026/01/28","6197","ソラスト","東証およびＰＴＳ",,"確報",4500,700,148100,5300,1500,148100,0,3996000,621600,131512800,4706400,1332000,131512800,0,,,0,0,0,1154400,1154400,0,46.2,26.4,48.4,34.2,44.2,183.6,71.2
"2026/01/26","2026/01/28","6198","キャリア","東証およびＰＴＳ",,"確報",0,100,13700,0,0,0,13700,0,24500,3356500,0,0,0,3356500,,,0,0,0,96600,0,0,686,686,686,686,0,0,0
"2026/01/26","2026/01/28","6199","セラク","東証およびＰＴＳ",,"確報",0,300,6400,800,0,11800,-5400,0,497700,10617600,1327200,0,19576200,-8958600,,,0,0,221100,0,0,363000,20.6,12.2,79.3,21.1,32,14.8,20.3
"2026/01/26","2026/01/28","6200","インソース","東証およびＰＴＳ",,"確報",5200,10000,110200,0,700,10400,99800,4206800,8090000,89151800,0,566300,8413600,80738200,,,0,0,0,2530000,244200,0,30.6,58,19.9,29.7,288,25,46.1
"2026/01/26","2026/01/28","6201","豊田自動織機","東証およびＰＴＳ",,"確報",1800,200,5000,0,0,0,5000,34848000,3872000,96800000,0,0,0,96800000,,,0,0,0,731000,0,0,4.5,3.7,5.5,4.5,0,0,0
"2026/01/26","2026/01/28","6203","豊和工業","東証およびＰＴＳ",,"確報",6200,1300,53000,2900,9100,69500,-16500,8475400,1777100,72451000,3964300,12439700,95006500,-22555500,,,0,0,0,2886000,4542000,0,13.7,10.6,7.1,8.5,21.3,28.9,24.5
"2026/01/26","2026/01/28","6208","石川製作所","東証およびＰＴＳ",,"確報",4600,200,53100,4400,0,53100,0,7433600,323200,85809600,7110400,0,85809600,0,,,0,0,0,1509700,1509700,0,31.7,18.9,45,26.6,24.5,99,39.3
"2026/01/26","2026/01/28","6209","リケンＮＰＲ","東証およびＰＴＳ",,"確報",700,0,12900,900,0,3900,9000,2583000,0,47601000,3321000,0,14391000,33210000,,,0,0,0,793000,195000,0,32,31.4,99.3,47.7,8.3,35.3,13.4
"2026/01/26","2026/01/28","6210","ＴＯＹＯイノベックス","東証およびＰＴＳ",,"確報",3300,1200,17900,2100,0,17900,0,2250600,818400,12207800,1432200,0,12207800,0,,,0,0,0,142200,142200,0,21.1,11.3,41.1,17.8,13.9,195.3,26
"2026/01/26","2026/01/28","6217","津田駒工業","東証およびＰＴＳ",,"確報",500,400,39600,0,2300,9100,30500,275000,220000,21780000,0,1265000,5005000,16775000,,,0,0,0,158000,45600,0,10.4,7.4,46,12.8,11.2,5.3,7.2
"2026/01/26","2026/01/28","6218","エンシュウ","東証およびＰＴＳ",,"確報",0,100,4700,0,0,2600,2100,0,54800,2575600,0,0,1424800,1150800,,,0,0,9600,0,0,5200,123.7,0,239,478,132,33,52.8
"2026/01/26","2026/01/28","6222","島精機製作所","東証およびＰＴＳ",,"確報",11400,4800,39300,6900,300,39300,0,11799000,4968000,40675500,7141500,310500,40675500,0,,,0,0,0,850200,850200,0,5.7,3.1,3.4,3.2,18.2,47.6,26.3
"2026/01/26","2026/01/28","6223","西部技研","東証およびＰＴＳ",,"確報",0,900,11800,0,0,0,11800,0,1554300,20378600,0,0,0,20378600,,,0,0,0,736600,0,0,15.6,10.3,36.1,16.1,1,1,1
"2026/01/26","2026/01/28","6224","ＪＲＣ","東証およびＰＴＳ",,"確報",400,2100,24300,0,0,0,24300,532800,2797200,32367600,0,0,0,32367600,,,0,0,0,364000,0,0,19.7,15.7,26.5,19.7,0,0,0
"2026/01/26","2026/01/28","6226","守谷輸送機工業","東証およびＰＴＳ",,"確報",8800,4500,15800,1000,0,12500,3300,46552000,23805000,83582000,5290000,0,66125000,17457000,,,0,0,0,920000,920000,0,3.8,2,2.4,2.2,20,111.8,33.9
"2026/01/26","2026/01/28","6227","ＡＩメカテック","東証およびＰＴＳ",,"確報",1000,1500,26100,100,1900,400,25700,8750000,13125000,228375000,875000,16625000,3500000,224875000,,,0,0,2660000,0,0,220000,12.3,22.9,16.5,19.1,19.3,3,5.2
"2026/01/26","2026/01/28","6228","ジェイ・イー・ティ","東証およびＰＴＳ",,"確報",800,600,25400,0,0,0,25400,620000,465000,19685000,0,0,0,19685000,,,0,0,0,554400,0,0,11.8,11.7,12,11.8,0,0,0
"2026/01/26","2026/01/28","6229","オーケーエム","東証およびＰＴＳ",,"確報",1100,0,6100,0,0,0,6100,2048200,0,11358200,0,0,0,11358200,,,0,0,0,260000,0,0,22.4,23.3,21.5,22.4,0,0,0
"2026/01/26","2026/01/28","6230","ＳＡＮＥＩ","東証およびＰＴＳ",,"確報",300,0,2700,0,0,0,2700,668100,0,6012900,0,0,0,6012900,,,0,0,0,43200,0,0,82,41,0,82,0,0,0
"2026/01/26","2026/01/28","6231","木村工機","東証およびＰＴＳ",,"確報",100,0,800,0,0,0,800,1340000,0,10720000,0,0,0,10720000,,,0,0,224000,0,0,0,11.3,11.3,11.3,11.3,0,0,0
"2026/01/26","2026/01/28","6232","ＡＣＳＬ","東証およびＰＴＳ",,"確報",62900,1800,644100,12100,0,892200,-248100,67617500,1935000,692407500,13007500,0,959115000,-266707500,,,0,0,0,19239000,29043300,0,52.6,19,33.3,24.2,147.4,899.2,253.2
"2026/01/26","2026/01/28","6233","ＫＬＡＳＳ","東証およびＰＴＳ",,"確報",0,0,3300,0,0,0,3300,0,0,1376100,0,0,0,1376100,,,0,0,0,3300,0,0,165,0,82.5,165,0,0,0
"2026/01/26","2026/01/28","6235","オプトラン","東証およびＰＴＳ",,"確報",3300,100,56200,4800,100,73900,-17700,6768300,205100,115266200,9844800,205100,151568900,-36302700,,,0,0,0,2862000,3736800,0,25.9,8.8,48.8,14.9,31.9,125.5,50.9
"2026/01/26","2026/01/28","6237","イワキポンプ","東証およびＰＴＳ",,"確報",2000,2300,5200,0,300,5200,0,5202000,5982300,13525200,0,780300,13525200,0,,,0,0,0,341000,341000,0,13.2,7.2,8.4,7.7,31.4,83.7,45.6
"2026/01/26","2026/01/28","6238","フリュー","東証およびＰＴＳ",,"確報",2300,100,69600,0,1400,3400,66200,2378200,103400,71966400,0,1447600,3515600,68450800,,,0,0,0,2359000,168000,0,53.6,58.4,71.8,64.4,15.2,12.3,13.6
"2026/01/26","2026/01/28","6239","ナガオカ","東証およびＰＴＳ",,"確報",1300,300,41700,0,0,0,41700,1882400,434400,60381600,0,0,0,60381600,,,0,0,40700,0,0,0,63.9,34.7,402.4,63.9,0,0,0
"2026/01/26","2026/01/28","6240","ヤマシンフィルタ","東証およびＰＴＳ",,"確報",92000,41700,197300,12400,100,159300,38000,54188000,24561300,116209700,7303600,58900,93827700,22382000,,,0,0,0,2940000,2940000,0,5.1,2.6,3.2,2.9,21.2,86,34
"2026/01/26","2026/01/28","6245","ヒラノテクシード","東証およびＰＴＳ",,"確報",200,100,27000,300,100,9700,17300,364400,182200,49194000,546600,182200,17673400,31520600,,,0,0,0,1587100,560500,0,66.3,54.7,656,100.9,28.1,43.4,34.1
"2026/01/26","2026/01/28","6246","テクノスマート","東証およびＰＴＳ",,"確報",400,0,5200,0,0,1800,3400,824000,0,10712000,0,0,3708000,7004000,,,0,0,0,96000,36000,0,55.8,40.8,49,44.5,0,90,180
"2026/01/26","2026/01/28","6247","日阪製作所","東証およびＰＴＳ",,"確報",4000,1800,19400,100,1100,19400,0,6124000,2755800,29701400,153100,1684100,29701400,0,,,0,0,0,602000,714000,0,8.1,4.8,4.8,4.8,22.8,23.9,23.3
"2026/01/26","2026/01/28","6248","横田製作所","東証およびＰＴＳ",,"確報",0,0,800,0,0,0,800,0,0,1354400,0,0,0,1354400,,,0,0,0,9600,0,0,27.3,0,13.7,27.3,0,0,0
"2026/01/26","2026/01/28","6249","ゲームカードＨＤ","東証およびＰＴＳ",,"確報",300,0,3800,0,0,0,3800,922500,0,11685000,0,0,0,11685000,,,0,0,0,227500,0,0,25.5,20.8,33.2,25.5,0,0,0
"2026/01/26","2026/01/28","6250","やまびこ","東証およびＰＴＳ",,"確報",100,300,2600,200,0,300,2300,324000,972000,8424000,648000,0,972000,7452000,,,0,0,0,322000,11500,0,9.3,33.8,22.5,27,1.6,1.7,1.7
"2026/01/26","2026/01/28","6254","野村マイクロ・Ｓ","東証およびＰＴＳ",,"確報",11800,12600,350000,0,800,350000,0,40710000,43470000,1207500000,0,2760000,1207500000,0,,,0,0,0,47358000,47358000,0,34.2,17.6,17.6,17.6,584.3,584.3,584.3
"2026/01/26","2026/01/28","6255","エヌ・ピー・シー","東証およびＰＴＳ",,"確報",56600,1000,140400,500,5400,160300,-19900,42789600,756000,106142400,378000,4082400,121186800,-15044400,,,0,0,0,1187200,2312800,0,10.8,4.8,7,5.7,25.7,41.8,31.8
"2026/01/26","2026/01/28","6257","藤商事","東証およびＰＴＳ",,"確報",0,500,5600,200,200,3400,2200,0,543500,6087200,217400,217400,3695800,2391400,,,0,0,0,48800,27200,0,44.1,49,49,49,33.8,42.3,37.6
"2026/01/26","2026/01/28","6258","平田機工","東証およびＰＴＳ",,"確報",500,1100,22000,1900,200,6700,15300,1296500,2852300,57046000,4926700,518600,17373100,39672900,,,0,0,0,1604600,355000,0,17.2,33.7,31,32.3,8.2,4.4,5.7
"2026/01/26","2026/01/28","6262","ＰＥＧＡＳＵＳ","東証およびＰＴＳ",,"確報",32000,0,1591000,1500,900,67000,1524000,23840000,0,1185295000,1117500,670500,49915000,1135380000,,,0,0,0,21826000,929600,0,218.1,131.5,9999.9,261.3,55.5,37.4,44.7
"2026/01/26","2026/01/28","6264","マルマエ","東証およびＰＴＳ",,"確報",15600,12600,92700,3100,100,92700,0,41386800,33427800,245933100,8224300,265300,245933100,0,,,0,0,0,9508200,9508200,0,6.8,3.4,3.7,3.6,28.2,62.1,38.8
"2026/01/26","2026/01/28","6265","コンバム","東証およびＰＴＳ",,"確報",0,0,100,0,0,0,100,0,0,250400,0,0,0,250400,,,0,0,0,1400,0,0,4.7,7,3.5,4.7,0,0,0
"2026/01/26","2026/01/28","6266","タツモ","東証およびＰＴＳ",,"確報",11300,9200,60900,2600,500,60900,0,30171000,24564000,162603000,6942000,1335000,162603000,0,,,0,0,0,8232000,8232000,0,16.3,11,12,11.5,25.2,30.7,27.6
"2026/01/26","2026/01/28","6267","ゼネラルパッカー","東証およびＰＴＳ",,"確報",0,0,0,0,0,0,0,0,0,0,0,0,0,0,,,0,0,0,0,0,0,0,0,0,0,0,0,0
"2026/01/26","2026/01/28","6268","ナブテスコ","東証およびＰＴＳ",,"確報",3900,1100,33900,400,800,3200,30700,15611700,4403300,135701700,1601200,3202400,12809600,122892100,,,0,0,0,4602800,532800,0,16.2,22.9,20.4,21.6,8.3,5.5,6.6
"2026/01/26","2026/01/28","6269","三井海洋開発","東証およびＰＴＳ",,"確報",17000,500,466000,0,200,600,465400,237490000,6985000,6510020000,0,2794000,8382000,6501638000,,,0,0,31465000,0,0,56000,10.8,6.5,32.1,10.8,4.8,4.8,4.8
"2026/01/26","2026/01/28","6272","レオン自動機","東証およびＰＴＳ",,"確報",100,300,7500,0,0,3900,3600,151100,453300,11332500,0,0,5892900,5439600,,,0,0,0,231000,117000,0,51.7,79.2,28.3,41.7,99,99,99
"2026/01/26","2026/01/28","6273","エスエムシー","東証およびＰＴＳ",,"確報",200,400,2000,0,900,900,1100,12428000,24856000,124280000,0,55926000,55926000,68354000,,,0,0,0,2068000,1692000,0,3,2.9,2.4,2.6,10.1,2.1,3.5
"2026/01/26","2026/01/28","6276","シリウスビジョン","東証およびＰＴＳ",,"確報",200,400,31400,0,0,0,31400,61200,122400,9608400,0,0,0,9608400,,,0,0,0,347600,0,0,15,10.3,27.5,15,0,0,0
"2026/01/26","2026/01/28","6277","ホソカワミクロン","東証およびＰＴＳ",,"確報",0,0,138100,1200,900,20300,117800,0,0,828600000,7200000,5400000,121800000,706800000,,,0,0,0,31763000,4600000,0,297.9,6905,0,9999.9,27.5,61.8,38
"2026/01/26","2026/01/28","6278","ユニオンツール","東証およびＰＴＳ",,"確報",0,1600,6600,1900,200,21000,-14400,0,15920000,65670000,18905000,1990000,208950000,-143280000,,,0,0,0,2378000,5597000,0,5.2,2,2.1,2.1,19.1,41.4,26.1
"2026/01/26","2026/01/28","6279","瑞光","東証およびＰＴＳ",,"確報",300,0,36900,900,0,47900,-11000,303300,0,37305900,909900,0,48426900,-11121000,,,0,0,0,402600,517000,0,62.7,131.7,30.9,50,42.2,773,80
"2026/01/26","2026/01/28","6282","オイレス工業","東証およびＰＴＳ",,"確報",500,100,8900,0,1600,23800,-14900,1220000,244000,21716000,0,3904000,58072000,-36356000,,,0,0,0,544000,1625600,0,34,49.8,32,39,29.6,35.9,32.4
"2026/01/26","2026/01/28","6284","日精エーエスビー機械","東証およびＰＴＳ",,"確報",0,100,9000,0,300,300,8700,0,643000,57870000,0,1929000,1929000,55941000,,,0,0,0,1274000,84000,0,55.5,87.8,109.8,97.6,16.5,5.5,8.3
"2026/01/26","2026/01/28","6286","靜甲","東証およびＰＴＳ",,"確報",0,0,1700,0,0,0,1700,0,0,2453100,0,0,0,2453100,,,0,0,0,1700,0,0,80,40,0,80,0,0,0
"2026/01/26","2026/01/28","6287","サトー","東証およびＰＴＳ",,"確報",400,0,5800,0,1100,500,5300,934400,0,13548800,0,2569600,1168000,12380800,,,0,0,0,351000,104000,0,9.8,13.4,9.8,11.3,26,3.9,6.8
"2026/01/26","2026/01/28","6289","技研製作所","東証およびＰＴＳ",,"確報",5000,0,40700,0,100,42600,-1900,10090000,0,82132600,0,201800,85966800,-3834200,,,0,0,0,2748900,3287900,0,44.1,26.5,20.9,23.4,266.3,236.7,250.6
"2026/01/26","2026/01/28","6291","日本エアーテック","東証およびＰＴＳ",,"確報",2200,0,31000,0,0,0,31000,2642200,0,37231000,0,0,0,37231000,,,0,0,0,864000,0,0,58.5,48.1,74.6,58.5,0,0,0
"2026/01/26","2026/01/28","6292","カワタ","東証およびＰＴＳ",,"確報",0,0,1600,0,0,0,1600,0,0,1302400,0,0,0,1302400,,,0,0,0,3200,0,0,35,17.5,0,35,0,0,0
"2026/01/26","2026/01/28","6293","日精樹脂工業","東証およびＰＴＳ",,"確報",20300,8700,30400,1100,800,30400,0,17843700,7647300,26721600,966900,703200,26721600,0,,,0,0,0,300800,481600,0,3.3,1.5,1.7,1.6,26.1,74.4,38.6
"2026/01/26","2026/01/28","6294","オカダアイヨン","東証およびＰＴＳ",,"確報",0,500,7500,0,0,400,7100,0,1177500,17662500,0,0,942000,16720500,,,0,0,0,256000,12800,0,82.4,0,49.5,99,8,0,16
"2026/01/26","2026/01/28","6298","ワイエイシイＨＤ","東証およびＰＴＳ",,"確報",1100,100,16400,400,5800,8000,8400,1164900,105900,17367600,423600,6142200,8472000,8895600,,,0,0,0,708400,616400,0,5.2,3.6,4,3.8,30.8,8.5,13.4
"2026/01/26","2026/01/28","6301","小松製作所","東証およびＰＴＳ",,"確報",3600,2000,37300,0,4200,3000,34300,19994400,11108000,207164200,0,23326800,16662000,190502200,,,0,0,0,4319700,871200,0,8.2,10.9,15.1,12.6,2.1,2.6,2.3
"2026/01/26","2026/01/28","6302","住友重機械工業","東証およびＰＴＳ",,"確報",0,2000,39500,900,200,8200,31300,0,9450000,186637500,4252500,945000,38745000,147892500,,,0,0,0,3154000,570000,0,13.7,29.3,10.2,15.1,8.4,10.1,9.2
"2026/01/26","2026/01/28","6305","日立建機","東証およびＰＴＳ",,"確報",2200,1200,6500,300,0,2300,4200,11134200,6073200,32896500,1518300,0,11640300,21256200,,,0,0,0,808500,294000,0,6.4,5.7,7.1,6.3,17.1,4.2,6.7
"2026/01/26","2026/01/28","6306","日工","東証およびＰＴＳ",,"確報",116000,500,122600,0,200,6900,115700,93728000,404000,99060800,0,161600,5575200,93485600,,,0,0,0,71000,71000,0,1.4,1.1,1.7,1.3,51.3,27.6,35.9
"2026/01/26","2026/01/28","6307","サンセイ","東証およびＰＴＳ",,"確報",300,0,6200,0,0,0,6200,174300,0,3602200,0,0,0,3602200,,,0,0,0,82600,0,0,29.4,16.4,139.5,29.4,0,0,0
"2026/01/26","2026/01/28","6309","巴工業","東証およびＰＴＳ",,"確報",0,100,6900,0,0,0,6900,0,190800,13165200,0,0,0,13165200,,,0,0,0,364000,0,0,31.5,49.6,23.1,31.5,0,0,0
"2026/01/26","2026/01/28","6310","井関農機","東証およびＰＴＳ",,"確報",4000,1500,62200,0,7700,5300,56900,6992000,2622000,108725600,0,13459600,9264400,99461200,,,0,0,0,3880500,845000,0,23.7,59.8,135.8,83,5.8,4.9,5.3
"2026/01/26","2026/01/28","6312","フロイント産業","東証およびＰＴＳ",,"確報",0,0,0,0,0,0,0,0,0,0,0,0,0,0,,,0,0,0,0,0,0,0,0,0,0,0,0,0
"2026/01/26","2026/01/28","6315","ＴＯＷＡ","東証およびＰＴＳ",,"確報",22300,2400,369300,200,3400,151200,218100,66900000,7200000,1107900000,600000,10200000,453600000,654300000,,,0,0,0,0,0,0,22.5,16.2,20,17.9,65.7,46.9,54.7
"2026/01/26","2026/01/28","6316","丸山製作所","東証およびＰＴＳ",,"確報",0,600,500,0,0,0,500,0,1411200,1176000,0,0,0,1176000,,,0,0,0,40700,0,0,6.3,6.8,5.9,6.3,0,0,0
"2026/01/26","2026/01/28","6317","北川鉄工所","東証およびＰＴＳ",,"確報",2700,0,8100,0,100,400,7700,4824900,0,14474700,0,178700,714800,13759900,,,0,0,0,334800,31000,0,8.1,9.6,6.8,7.9,12,12,12
"2026/01/26","2026/01/28","6322","タクミナ","東証およびＰＴＳ",,"確報",0,0,300,0,0,0,300,0,0,477600,0,0,0,477600,,,0,0,0,1800,0,0,16,16,16,16,0,0,0
"2026/01/26","2026/01/28","6323","ローツェ","東証およびＰＴＳ",,"確報",4600,18300,242800,4200,3900,19400,223400,16141400,64214700,851985200,14737800,13685100,68074600,783910600,,,0,0,0,13851000,1031400,0,14.7,30.6,36.4,33.3,2.8,2.6,2.7
"2026/01/26","2026/01/28","6324","ハーモニックドライブ","東証およびＰＴＳ",,"確報",53400,58300,182800,0,5300,182400,400,188502000,205799000,645284000,0,18709000,643872000,1412000,,,0,0,0,25339500,25339500,0,5.2,3.7,3.2,3.4,14.4,8.8,10.9
"2026/01/26","2026/01/28","6325","タカキタ","東証およびＰＴＳ",,"確報",0,0,16300,100,900,12200,4100,0,0,6634100,40700,366300,4965400,1668700,,,0,0,0,48900,39000,0,57.1,61.3,199.3,93.8,30,52.5,38.2
"2026/01/26","2026/01/28","6326","クボタ","東証およびＰＴＳ",,"確報",2200,100,64000,0,27100,26500,37500,5151300,234150,149856000,0,63454650,62049750,87806250,,,0,0,0,1980800,1715200,0,5.7,6.5,6.4,6.4,8.4,3.5,4.9
"2026/01/26","2026/01/28","6327","北川精機","東証およびＰＴＳ",,"確報",500,200,22100,0,0,0,22100,530000,212000,23426000,0,0,0,23426000,,,0,0,1111800,0,0,0,25.1,17.7,43.2,25.1,0,0,0
"2026/01/26","2026/01/28","6328","荏原実業","東証およびＰＴＳ",,"確報",1100,500,7500,300,100,9700,-2200,2450800,1114000,16710000,668400,222800,21611600,-4901600,,,0,0,0,676200,931000,0,4,3.7,2.4,2.9,8.3,3.9,5.3
"2026/01/26","2026/01/28","6330","東洋エンジニアリング","東証およびＰＴＳ",,"確報",41900,18500,434100,0,293800,2028800,-1594700,222070000,98050000,2300730000,0,1557140000,10752640000,-8451910000,,,0,0,0,73926000,418068000,0,21.6,7.9,7.6,7.7,82.6,22.3,35.1
"2026/01/26","2026/01/28","6331","三菱化工機","東証およびＰＴＳ",,"確報",100,600,109400,0,0,700,108700,334500,2007000,365943000,0,0,2341500,363601500,,,0,0,0,10990000,70000,0,144.9,615.8,81.5,143.9,0,0,0
"2026/01/26","2026/01/28","6332","月島ホールディングス","東証およびＰＴＳ",,"確報",500,600,14100,2900,500,8400,5700,1507500,1809000,42511500,8743500,1507500,25326000,17185500,,,0,0,0,497000,210000,0,15.7,26.6,35,30.2,4.9,19.8,7.8
"2026/01/26","2026/01/28","6333","帝国電機製作所","東証およびＰＴＳ",,"確報",300,0,5200,300,0,5200,0,915000,0,15860000,915000,0,15860000,0,,,0,0,0,392000,392000,0,9.1,9.7,3.9,5.5,14.9,74.7,24.9
"2026/01/26","2026/01/28","6334","明治機械","東証およびＰＴＳ",,"確報",0,0,1000,0,0,0,1000,0,0,403000,0,0,0,403000,,,0,0,1000,0,0,0,21.5,14.3,43,21.5,0,0,0
"2026/01/26","2026/01/28","6335","東京機械製作所","東証およびＰＴＳ",,"確報",100,0,17000,0,0,0,17000,51400,0,8738000,0,0,0,8738000,,,0,0,0,253500,0,0,136.5,74.5,819,136.5,0,0,0
"2026/01/26","2026/01/28","6336","石井表記","東証およびＰＴＳ",,"確報",100,0,2300,0,0,0,2300,78600,0,1807800,0,0,0,1807800,,,0,0,0,17600,0,0,15.6,36.3,9.9,15.6,0,0,0
"2026/01/26","2026/01/28","6337","テセック","東証およびＰＴＳ",,"確報",0,0,9600,0,0,0,9600,0,0,23616000,0,0,0,23616000,,,0,0,0,384000,0,0,21.5,11,397,21.5,0,0,0
"2026/01/26","2026/01/28","6338","タカトリ","東証およびＰＴＳ",,"確報",4700,200,24000,0,0,0,24000,6885500,293000,35160000,0,0,0,35160000,,,0,0,0,1287000,0,0,10.8,8.8,13.8,10.8,0,0,0
"2026/01/26","2026/01/28","6339","新東工業","東証およびＰＴＳ",,"確報",5400,600,14300,0,1400,28200,-13900,6145200,682800,16273400,0,1593200,32091600,-15818200,,,0,0,0,275500,858400,0,10.2,2.8,5.2,3.6,18.5,89.9,30.7
"2026/01/26","2026/01/28","6340","澁谷工業","東証およびＰＴＳ",,"確報",0,200,900,0,200,900,0,0,700000,3150000,0,700000,3150000,0,,,0,0,0,121000,121000,0,11.6,15.3,15.3,15.3,8.2,10.3,9.1
"2026/01/26","2026/01/28","6342","太平製作所","東証およびＰＴＳ",,"確報",100,200,200,0,0,0,200,346000,692000,692000,0,0,0,692000,,,0,0,150000,0,0,0,4.6,16,2.7,4.6,0,0,0
"2026/01/26","2026/01/28","6343","フリージア・マクロス","東証およびＰＴＳ",,"確報",2900,5000,77300,400,0,22100,55200,507500,875000,13527500,70000,0,3867500,9660000,,,0,0,0,476400,130200,0,54,39.4,66.5,49.5,138.3,55.3,79
"2026/01/26","2026/01/28","6345","アイチコーポ","東証およびＰＴＳ",,"確報",1900,300,22600,3000,0,13400,9200,2627700,414900,31255800,4149000,0,18532200,12723600,,,0,0,0,294000,145600,0,16.4,23.9,43.8,30.9,5.9,12.2,8
"2026/01/26","2026/01/28","6346","キクカワエンタ","東証およびＰＴＳ",,"確報",0,0,0,0,0,0,0,0,0,0,0,0,0,0,,,0,0,0,0,0,0,0,0,0,0,0,0,0
"2026/01/26","2026/01/28","6347","プラコー","東証およびＰＴＳ",,"確報",0,0,413200,0,0,0,413200,0,0,154950000,0,0,0,154950000,,,0,0,0,2892400,0,0,1116.3,688.4,2950.1,1116.3,0,0,0
"2026/01/26","2026/01/28","6349","小森コーポレーション","東証およびＰＴＳ",,"確報",0,1700,5900,0,0,2300,3600,0,2709800,9404600,0,0,3666200,5738400,,,0,0,0,296400,89700,0,10,7.6,11,9,9.5,47.5,15.8
"2026/01/26","2026/01/28","6351","鶴見製作所","東証およびＰＴＳ",,"確報",700,100,4000,600,0,4000,0,1554700,222100,8884000,1332600,0,8884000,0,,,0,0,0,163200,163200,0,11.2,10.5,8.1,9.2,17.9,11.9,14.3
"2026/01/26","2026/01/28","6356","日本ギア工業","東証およびＰＴＳ",,"確報",200,2300,41200,0,400,400,40800,183200,2106800,37739200,0,366400,366400,37372800,,,0,0,0,1299000,24000,0,24.2,66.5,43.4,52.5,0,2.3,4.6
"2026/01/26","2026/01/28","6357","三精テクノロジーズ","東証およびＰＴＳ",,"確報",0,600,9500,0,0,0,9500,0,1527600,24187000,0,0,0,24187000,,,0,0,0,757500,0,0,43.5,43.5,43.5,43.5,0,0,0
"2026/01/26","2026/01/28","6358","酒井重工業","東証およびＰＴＳ",,"確報",12100,2700,18800,0,1500,7900,10900,26450600,5902200,41096800,0,3279000,17269400,23827400,,,0,0,0,404200,404200,0,2.8,1.6,2.2,1.9,12.3,22.6,15.9
"2026/01/26","2026/01/28","6360","東京自働機械製作所","東証およびＰＴＳ",,"確報",0,0,800,0,0,0,800,0,0,3148000,0,0,0,3148000,,,0,0,0,168000,0,0,0,0,0,0,0,0,0
"2026/01/26","2026/01/28","6361","荏原製作所","東証およびＰＴＳ",,"確報",1200,14100,61800,300,700,9100,52700,5779200,67905600,297628800,1444800,3371200,43825600,253803200,,,0,0,0,11279700,1434500,0,8.8,11.1,9.7,10.4,4.2,4.8,4.5
"2026/01/26","2026/01/28","6363","酉島製作所","東証およびＰＴＳ",,"確報",2000,0,32300,0,2600,3200,29100,4166000,0,67280900,0,5415800,6665600,60615300,,,0,0,0,2333100,446600,0,14.8,23.1,13.7,17.2,30.7,5.1,8.8
"2026/01/26","2026/01/28","6364","ＡＩＲＭＡＮ","東証およびＰＴＳ",,"確報",6100,2200,8400,0,100,4400,4000,10998300,3966600,15145200,0,180300,7933200,7212000,,,0,0,0,184500,184500,0,3.8,2,2.6,2.3,222,44.4,74
"2026/01/26","2026/01/28","6365","電業社機械製作所","東証およびＰＴＳ",,"確報",0,0,600,0,0,0,600,0,0,3390000,0,0,0,3390000,,,0,0,0,12000,0,0,20,15,30,20,0,0,0
"2026/01/26","2026/01/28","6366","千代田化工建設","東証およびＰＴＳ",,"確報",6600,9900,552700,0,6700,169300,383400,5821200,8731800,487481400,0,5909400,149322600,338158800,,,0,0,0,6672000,2112000,0,41.7,44.3,33,37.8,49.8,91.5,64.5
"2026/01/26","2026/01/28","6367","ダイキン工業","東証およびＰＴＳ",,"確報",2700,0,22000,0,5600,1900,20100,52177500,0,425150000,0,108220000,36717500,388432500,,,0,0,0,8299000,3225000,0,9.5,9.2,46,15.3,6.9,3,4.2
"2026/01/26","2026/01/28","6368","オルガノ","東証およびＰＴＳ",,"確報",700,1300,9200,400,200,5100,4100,11042500,20507500,145130000,6310000,3155000,80452500,64677500,,,0,0,0,6125000,3062500,0,10.8,7.3,13,9.3,13.6,16.3,14.8
"2026/01/26","2026/01/28","6369","トーヨーカネツ","東証およびＰＴＳ",,"確報",1000,0,7000,0,100,2900,4100,2611000,0,18277000,0,261100,7571900,10705100,,,0,0,0,300000,150000,0,12.4,14.5,12.5,13.4,10.9,10.2,10.5
"2026/01/26","2026/01/28","6370","栗田工業","東証およびＰＴＳ",,"確報",0,1900,9800,0,1900,9800,0,0,13744600,70893200,0,13744600,70893200,0,,,0,0,0,1719900,1719900,0,7.6,5.1,5.5,5.3,12.5,14.7,13.5
"2026/01/26","2026/01/28","6371","椿本チエイン","東証およびＰＴＳ",,"確報",0,1700,28200,2100,3800,28200,0,0,4054500,67257000,5008500,9063000,67257000,0,,,0,0,0,1794000,1794000,0,20.1,40.2,22.3,28.7,18.2,13.3,15.4
"2026/01/26","2026/01/28","6376","日機装","東証およびＰＴＳ",,"確報",500,100,12900,0,0,5400,7500,894000,178800,23065200,0,0,9655200,13410000,,,0,0,0,475000,205200,0,19.4,22.4,10.8,14.6,134,89.3,107.2
"2026/01/26","2026/01/28","6378","木村化工機","東証およびＰＴＳ",,"確報",1400,900,27700,0,800,20800,6900,1747200,1123200,34569600,0,998400,25958400,8611200,,,0,0,0,1224000,972000,0,29.6,49.7,20.2,28.7,34.5,28,30.9
"2026/01/26","2026/01/28","6379","レイズネクスト","東証およびＰＴＳ",,"確報",0,600,6200,100,0,300,5900,0,1500000,15500000,250000,0,750000,14750000,,,0,0,0,401200,11800,0,27.2,25.1,36.2,29.6,14,7,9.3
"2026/01/26","2026/01/28","6380","オリエンタルチエン","東証およびＰＴＳ",,"確報",600,0,56500,0,0,0,56500,2151000,0,202552500,0,0,0,202552500,,,0,0,0,6987500,0,0,622.7,400.3,1401,622.7,0,0,0
"2026/01/26","2026/01/28","6381","アネスト岩田","東証およびＰＴＳ",,"確報",400,100,1300,100,100,100,1200,668000,167000,2171000,167000,167000,167000,2004000,,,0,0,0,35000,3500,0,4.9,9.6,5.9,7.3,2,0.6,0.9
"2026/01/26","2026/01/28","6382","トリニティ工業","東証およびＰＴＳ",,"確報",0,100,5900,0,0,0,5900,0,136500,8053500,0,0,0,8053500,,,0,0,0,36000,0,0,118.4,148,98.7,118.4,0,0,0
"2026/01/26","2026/01/28","6383","ダイフク","東証およびＰＴＳ",,"確報",2700,28100,189700,0,3500,700,189000,14531400,151234200,1020965400,0,18837000,3767400,1017198000,,,0,0,0,30974400,604800,0,8.3,5.1,23.5,8.3,191,2.8,5.5
"2026/01/26","2026/01/28","6384","昭和真空","東証およびＰＴＳ",,"確報",0,0,3000,0,0,0,3000,0,0,4776000,0,0,0,4776000,,,0,0,0,18000,0,0,77,0,38.5,77,0,0,0
"2026/01/26","2026/01/28","6387","サムコ","東証およびＰＴＳ",,"確報",100,600,5900,0,0,0,5900,481000,2886000,28379000,0,0,0,28379000,,,0,0,0,608000,0,0,14.9,11.4,21.8,14.9,0,0,0
"2026/01/26","2026/01/28","6390","加藤製作所","東証およびＰＴＳ",,"確報",1400,500,128700,1700,0,43600,85100,1878800,671000,172715400,2281400,0,58511200,114204200,,,0,0,0,4984200,1634100,0,81,130.3,56.5,78.8,81.4,96.2,88.2
"2026/01/26","2026/01/28","6391","加地テック","東証およびＰＴＳ",,"確報",0,0,500,0,0,0,500,0,0,1890000,0,0,0,1890000,,,0,0,7500,0,0,0,26,26,26,26,0,0,0
"2026/01/26","2026/01/28","6392","ヤマダコーポ","東証およびＰＴＳ",,"確報",0,0,300,0,0,0,300,0,0,2043000,0,0,0,2043000,,,0,0,0,0,0,0,0,0,0,0,0,0,0
"2026/01/26","2026/01/28","6393","油研工業","東証およびＰＴＳ",,"確報",0,0,600,0,0,200,400,0,0,1962000,0,0,654000,1308000,,,0,0,0,24000,8000,0,9.1,15,7.5,10,11,5.5,7.3
"2026/01/26","2026/01/28","6395","タダノ","東証およびＰＴＳ",,"確報",2000,2700,31400,1300,2000,31400,0,2276000,3072600,35733200,1479400,2276000,35733200,0,,,0,0,0,963000,963000,0,12,15.3,22.5,18.2,8.5,10.1,9.3
"2026/01/26","2026/01/28","6396","宇野澤組鐵工所","東証およびＰＴＳ",,"確報",0,0,300,0,0,0,300,0,0,1230000,0,0,0,1230000,,,0,0,0,31500,0,0,0,0,0,0,0,0,0
"2026/01/26","2026/01/28","6400","不二精機","東証およびＰＴＳ",,"確報",1700,100,19400,200,0,500,18900,506600,29800,5781200,59600,0,149000,5632200,,,0,0,0,0,0,0,23.9,14.3,102.1,25.1,4.5,18,7.2
"2026/01/26","2026/01/28","6402","兼松エンジニアリング","東証およびＰＴＳ",,"確報",0,0,7400,0,0,0,7400,0,0,12565200,0,0,0,12565200,,,0,0,0,22200,0,0,185,185,185,185,0,0,0
"2026/01/26","2026/01/28","6403","水道機工","東証およびＰＴＳ",,"確報",100,0,3200,0,0,0,3200,344500,0,11024000,0,0,0,11024000,,,0,0,0,201500,0,0,45.4,39.8,53,45.4,0,0,0
"2026/01/26","2026/01/28","6405","鈴茂器工","東証およびＰＴＳ",,"確報",200,400,5100,0,0,0,5100,279600,559200,7129800,0,0,0,7129800,,,0,0,0,222600,0,0,29.4,66.3,18.9,29.4,0,0,0
"2026/01/26","2026/01/28","6406","フジテック","東証およびＰＴＳ",,"確報",0,0,400,0,0,0,400,0,0,2265600,0,0,0,2265600,,,0,0,0,0,0,0,0.9,22,0.4,0.9,0,0,0
"2026/01/26","2026/01/28","6407","ＣＫＤ","東証およびＰＴＳ",,"確報",300,13700,15700,3400,100,65900,-50200,1188000,54252000,62172000,13464000,396000,260964000,-198792000,,,0,0,0,2473500,5321000,0,15.3,9.2,5.8,7.1,21.2,35,26.4
"2026/01/26","2026/01/28","6408","小倉クラッチ","東証およびＰＴＳ",,"確報",0,0,0,0,0,0,0,0,0,0,0,0,0,0,,,0,0,0,0,0,0,0,0,0,0,0,0,0
"2026/01/26","2026/01/28","6412","平和","東証およびＰＴＳ",,"確報",200,100,19400,0,0,0,19400,410000,205000,39770000,0,0,0,39770000,,,0,0,0,270200,0,0,96,159.8,73.8,100.9,0,1,2
"2026/01/26","2026/01/28","6413","理想科学工業","東証およびＰＴＳ",,"確報",2500,1700,8300,800,0,8300,0,3100000,2108000,10292000,992000,0,10292000,0,,,0,0,0,180000,180000,0,12.3,6.9,16.8,9.7,9.7,61.7,16.8
"2026/01/26","2026/01/28","6417","ＳＡＮＫＹＯ","東証およびＰＴＳ",,"確報",100,200,7800,200,0,1100,6700,243250,486500,18973500,486500,0,2675750,16297750,,,0,0,0,296250,33750,0,8.4,36.2,4.8,8.5,8.4,5.3,6.5
"2026/01/26","2026/01/28","6418","日本金銭機械","東証およびＰＴＳ",,"確報",101300,27300,112300,100,100,50800,61500,101806500,27436500,112861500,100500,100500,51054000,61807500,,,0,0,0,1149000,1524000,0,2,1.1,1.4,1.3,42.9,2487,84.3
"2026/01/26","2026/01/28","6419","マースグループＨＤ","東証およびＰＴＳ",,"確報",0,700,7500,200,0,3200,4300,0,2331000,24975000,666000,0,10656000,14319000,,,0,0,0,41000,15000,0,9.1,65.3,39.2,49,3.1,3.6,3.3
"2026/01/26","2026/01/28","6420","ガリレイ","東証およびＰＴＳ",,"確報",0,300,16200,100,1900,800,15400,0,1167000,63018000,389000,7391000,3112000,59906000,,,0,0,0,742500,117000,0,34,413,118,183.6,2.7,2.6,2.7
"2026/01/26","2026/01/28","6424","高見沢サイバ","東証およびＰＴＳ",,"確報",0,0,1100,0,0,0,1100,0,0,1056000,0,0,0,1056000,,,0,0,1100,0,0,0,49,24.5,0,49,0,0,0
"2026/01/26","2026/01/28","6425","ユニバーサルエンタ","東証およびＰＴＳ",,"確報",3800,800,122300,4600,1600,122300,0,3002000,632000,96617000,3634000,1264000,96617000,0,,,0,0,0,4772000,4772000,0,39,33,27.2,29.8,39.1,102.4,56.6
"2026/01/26","2026/01/28","6428","オーイズミ","東証およびＰＴＳ",,"確報",200,0,7100,0,0,0,7100,68400,0,2428200,0,0,0,2428200,,,0,0,0,0,0,0,32.7,16.4,0,32.7,0,0,0
"2026/01/26","2026/01/28","6430","ダイコク電機","東証およびＰＴＳ",,"確報",0,300,8500,0,400,3100,5400,0,852900,24165500,0,1137200,8813300,15352200,,,0,0,0,554400,220500,0,24.2,34.1,40.3,36.9,13.7,10.8,12.1
"2026/01/26","2026/01/28","6432","竹内製作所","東証およびＰＴＳ",,"確報",2800,5400,38500,0,400,2600,35900,17528000,33804000,241010000,0,2504000,16276000,224734000,,,0,0,0,9864000,720000,0,3,3.5,2.5,2.9,13.1,21.8,16.4
"2026/01/26","2026/01/28","6433","ヒーハイスト","東証およびＰＴＳ",,"確報",900,6100,21900,0,0,0,21900,821700,5569300,19994700,0,0,0,19994700,,,0,0,352300,0,0,0,12.4,25.6,8.2,12.4,0,0,0
"2026/01/26","2026/01/28","6436","アマノ","東証およびＰＴＳ",,"確報",1400,100,2900,1600,300,2900,0,5747000,410500,11904500,6568000,1231500,11904500,0,,,0,0,0,88000,88000,0,3.6,2.3,12.8,3.9,2.1,9.1,3.4
"2026/01/26","2026/01/28","6440","ジューキ","東証およびＰＴＳ",,"確報",38400,15800,93300,200,5400,82300,11000,20044800,8247600,48702600,104400,2818800,42960600,5742000,,,0,0,0,1908900,2362500,0,9.4,2.8,12,4.6,25,23.4,24.1
"2026/01/26","2026/01/28","6444","サンデン","東証およびＰＴＳ",,"確報",2000,200,282000,100,100,80500,201500,292000,29200,41172000,14600,14600,11753000,29419000,,,0,0,0,560400,161000,0,279.5,172.9,424.3,245.7,365.6,1005.5,536.3
"2026/01/26","2026/01/28","6445","ジャノメ","東証およびＰＴＳ",,"確報",700,200,24800,0,200,29200,-4400,843500,241000,29884000,0,241000,35186000,-5302000,,,0,0,0,607500,735000,0,55.9,45.4,51,48,34.9,477,65
"2026/01/26","2026/01/28","6448","ブラザー工業","東証およびＰＴＳ",,"確報",1200,700,4000,600,100,4000,0,3786000,2208500,12620000,1893000,315500,12620000,0,,,0,0,0,276500,276500,0,4.6,4.2,2.5,3.2,20.4,5.6,8.8
"2026/01/26","2026/01/28","6454","マックス","東証およびＰＴＳ",,"確報",100,0,1200,2100,0,26700,-25500,663000,0,7956000,13923000,0,177021000,-169065000,,,0,0,0,33000,738000,0,22,9.8,3.5,5.2,20.6,32.6,25.3
"2026/01/26","2026/01/28","6455","モリタＨＤ","東証およびＰＴＳ",,"確報",2200,0,7800,2400,200,7800,0,6322800,0,22417200,6897600,574800,22417200,0,,,0,0,0,308000,308000,0,6.5,3.9,15.7,6.2,3.7,36.8,6.8
"2026/01/26","2026/01/28","6457","グローリー","東証およびＰＴＳ",,"確報",3400,0,7100,0,3400,10800,-3700,13589800,0,28378700,0,13589800,43167600,-14788900,,,0,0,0,510600,1959600,0,10.5,2.8,50,5.3,25.6,10.3,14.7
"2026/01/26","2026/01/28","6458","新晃工業","東証およびＰＴＳ",,"確報",9600,0,92800,6500,0,8500,84300,14486400,0,140035200,9808500,0,12826500,127208700,,,0,0,0,416000,10000,0,17.7,13.5,379.3,26.1,3.6,3.8,3.7
"2026/01/26","2026/01/28","6459","大和冷機工業","東証およびＰＴＳ",,"確報",3000,200,9100,500,0,9300,-200,4719000,314600,14314300,786500,0,14628900,-314600,,,0,0,0,233100,325600,0,4.3,2.2,2.7,2.4,10.1,15.5,12.2
"2026/01/26","2026/01/28","6460","セガサミーＨＤ","東証およびＰＴＳ",,"確報",5300,0,76500,0,300,2200,74300,12669650,0,182873250,0,717150,5259100,177614150,,,0,0,0,4414400,155000,0,44.1,37.1,59.9,45.8,40.3,13.4,20.2
"2026/01/26","2026/01/28","6463","ＴＰＲ","東証およびＰＴＳ",,"確報",13200,200,57800,1200,0,64300,-6500,17965200,272200,78665800,1633200,0,87512300,-8846500,,,0,0,0,1120000,1577500,0,13.3,5.8,7,6.4,143.3,630.6,233.6
"2026/01/26","2026/01/28","6464","ツバキ・ナカシマ","東証およびＰＴＳ",,"確報",66000,0,191900,8200,0,205800,-13900,23298000,0,67740700,2894600,0,72647400,-4906700,,,0,0,0,1762600,2766400,0,15.7,5.3,16.9,8,28.2,0,56.4
"2026/01/26","2026/01/28","6465","ホシザキ","東証およびＰＴＳ",,"確報",800,400,18000,100,0,100,17900,4048000,2024000,91080000,506000,0,506000,90574000,,,0,0,0,2640000,0,0,88.6,88.3,110.4,98.1,3,3,3
"2026/01/26","2026/01/28","6466","ＴＶＥ","東証およびＰＴＳ",,"確報",0,200,4600,0,0,0,4600,0,581600,13376800,0,0,0,13376800,,,0,0,0,67200,0,0,21.7,16.3,32.6,21.7,0,0,0
"2026/01/26","2026/01/28","6467","ニチダイ","東証およびＰＴＳ",,"確報",0,0,2000,0,0,0,2000,0,0,700000,0,0,0,700000,,,0,0,0,0,0,0,2.5,2.2,2.9,2.5,0,0,0
"2026/01/26","2026/01/28","6469","放電精密加工研究所","東証およびＰＴＳ",,"確報",500,2900,22400,0,0,0,22400,1557500,9033500,69776000,0,0,0,69776000,,,0,0,248000,0,0,0,14.2,10.3,22.7,14.2,0,0,0
"2026/01/26","2026/01/28","6470","大豊工業","東証およびＰＴＳ",,"確報",0,4000,89900,200,2700,37600,52300,0,3376000,75875600,168800,2278800,31734400,44141200,,,0,0,0,3004800,1283200,0,38.1,675.9,52,96.6,11.7,22,15.2
"2026/01/26","2026/01/28","6471","日本精工","東証およびＰＴＳ",,"確報",2700,2400,33900,0,300,10400,23500,2936250,2610000,36866250,0,326250,11310000,25556250,,,0,0,0,789600,251450,0,12.2,15.2,15.1,15.2,9.4,6.8,7.9
"2026/01/26","2026/01/28","6472","ＮＴＮ","東証およびＰＴＳ",,"確報",10000,40800,86500,2400,21700,221200,-134700,3705000,15116400,32048250,889200,8039850,81954600,-49906350,,,0,0,0,1419330,2910050,0,11.5,37.7,4.6,8.3,26.2,9.5,13.9
"2026/01/26","2026/01/28","6473","ジェイテクト","東証およびＰＴＳ",,"確報",4300,2300,14800,3100,1100,14800,0,7952850,4253850,27372600,5733450,2034450,27372600,0,,,0,0,0,665600,665600,0,5.6,4.2,3.4,3.7,16.1,8.7,11.3
"2026/01/26","2026/01/28","6474","不二越","東証およびＰＴＳ",,"確報",12100,12100,25400,0,0,25400,0,59955500,59955500,125857000,0,0,125857000,0,,,0,0,0,5207000,5207000,0,5.9,3.1,3.2,3.2,31.8,46.5,37.8
"2026/01/26","2026/01/28","6479","ミネベアミツミ","東証およびＰＴＳ",,"確報",2100,300,40100,400,1400,17100,23000,6757800,965400,129041800,1287200,4505200,55027800,74014000,,,0,0,0,5208800,2461600,0,17,35.2,20.5,25.9,9.1,9.7,9.4
"2026/01/26","2026/01/28","6480","日本トムソン","東証およびＰＴＳ",,"確報",100,2400,37400,600,500,16300,21100,88500,2124000,33099000,531000,442500,14425500,18673500,,,0,0,0,1230700,502200,0,27.7,98.9,23.5,38,17.7,16,16.8
"2026/01/26","2026/01/28","6481","ＴＨＫ","東証およびＰＴＳ",,"確報",200,1400,27800,2700,6300,16300,11500,853800,5976600,118678200,11526300,26894700,69584700,49093500,,,0,0,0,3045000,2089500,0,10.9,58.1,24.2,34.2,2.5,8.2,3.9
"2026/01/26","2026/01/28","6482","ＹＵＳＨＩＮ","東証およびＰＴＳ",,"確報",2400,900,39800,5800,0,79000,-39200,1780800,667800,29531600,4303600,0,58618000,-29086400,,,0,0,38300,0,0,73200,34.3,38.9,17.3,23.9,25.3,193.3,44.8
"2026/01/26","2026/01/28","6484","ケーブイケー","東証およびＰＴＳ",,"確報",0,0,300,0,0,0,300,0,0,736500,0,0,0,736500,,,0,0,0,22500,0,0,0,0,0,0,0,0,0
"2026/01/26","2026/01/28","6485","前澤給装工業","東証およびＰＴＳ",,"確報",700,0,10800,800,100,10800,0,1151500,0,17766000,1316000,164500,17766000,0,,,0,0,0,555500,555500,0,32.7,23.8,29.1,26.2,37.4,52.3,43.6
"2026/01/26","2026/01/28","6486","イーグル工業","東証およびＰＴＳ",,"確報",1300,100,9100,0,0,3800,5300,4101500,315500,28710500,0,0,11989000,16721500,,,0,0,0,790000,380000,0,4.1,5.4,7.1,6.1,2.3,2.9,2.6
"2026/01/26","2026/01/28","6488","ヨシタケ","東証およびＰＴＳ",,"確報",0,0,0,0,0,0,0,0,0,0,0,0,0,0,,,0,0,0,0,0,0,0,0,0,0,0,0,0
"2026/01/26","2026/01/28","6489","前澤工業","東証およびＰＴＳ",,"確報",1000,200,6500,0,2000,1800,4700,2143000,428600,13929500,0,4286000,3857400,10072100,,,0,0,0,285000,190000,0,10.6,9.8,19.5,13,22.2,5.1,8.3
"2026/01/26","2026/01/28","6490","ＰＩＬＬＡＲ","東証およびＰＴＳ",,"確報",0,400,1500,2100,300,15800,-14300,0,2436000,9135000,12789000,1827000,96222000,-87087000,,,0,0,0,133000,980000,0,11.9,14.9,3.4,5.5,13.4,27.3,18
"2026/01/26","2026/01/28","6492","岡野バルブ製造","東証およびＰＴＳ",,"確報",0,300,3900,0,0,0,3900,0,2094000,27222000,0,0,0,27222000,,,0,0,0,1890000,0,0,13.4,13.4,13.4,13.4,0,0,0
"2026/01/26","2026/01/28","6493","ＮＩＴＴＡＮ","東証およびＰＴＳ",,"確報",4400,0,62800,0,0,0,62800,3383600,0,48293200,0,0,0,48293200,,,0,0,0,2160800,0,0,23.4,21.2,26.1,23.4,0,0,0
"2026/01/26","2026/01/28","6494","ＮＦＫＨＤ","東証およびＰＴＳ",,"確報",3900,3000,148600,0,0,0,148600,518700,399000,19763800,0,0,0,19763800,,,0,0,0,443100,0,0,69.7,73.9,66,69.7,0,0,0
"2026/01/26","2026/01/28","6495","宮入バルブ製作所","東証およびＰＴＳ",,"確報",1000,45800,22700,0,0,0,22700,161000,7373800,3654700,0,0,0,3654700,,,0,0,0,135000,0,0,11.2,53,6.3,11.2,0,0,0
"2026/01/26","2026/01/28","6496","中北製作所","東証およびＰＴＳ",,"確報",400,0,10100,0,100,6900,3200,2680000,0,67670000,0,670000,46230000,21440000,,,0,0,0,1552000,1120000,0,16.1,7.4,13.4,9.6,0,88.3,176.5
"2026/01/26","2026/01/28","6497","ハマイ","東証およびＰＴＳ",,"確報",200,0,2600,0,0,0,2600,246000,0,3198000,0,0,0,3198000,,,0,0,0,57600,0,0,30.8,61.5,20.5,30.8,0,0,0
"2026/01/26","2026/01/28","6498","キッツ","東証およびＰＴＳ",,"確報",300,4700,39300,200,4600,39300,0,590400,9249600,77342400,393600,9052800,77342400,0,,,0,0,87400,0,0,87400,27,27.9,24,25.8,30.9,26.1,28.3
"2026/01/26","2026/01/28","6501","日立製作所","東証およびＰＴＳ",,"確報",51700,0,451000,0,23400,13500,437500,264031900,0,2303257000,0,119503800,68944500,2234312500,,,0,0,0,76665600,7084800,0,19,23.4,37.5,28.8,2.8,2.4,2.6
"2026/01/26","2026/01/28","6503","三菱電機","東証およびＰＴＳ",,"確報",116900,3000,369500,0,1400,100,369400,568835400,14598000,1797987000,0,6812400,486600,1797500400,,,0,0,0,25560000,150000,0,11,6.1,86.1,11.3,1.6,1.6,1.6
"2026/01/26","2026/01/28","6504","富士電機","東証およびＰＴＳ",,"確報",400,500,25400,600,300,5100,20300,4508000,5635000,286258000,6762000,3381000,57477000,228781000,,,0,0,0,5992500,1128000,0,12.6,16.4,18.5,17.4,3.7,3.9,3.8
"2026/01/26","2026/01/28","6505","東洋電機製造","東証およびＰＴＳ",,"確報",500,0,4400,200,0,4000,400,997500,0,8778000,399000,0,7980000,798000,,,0,0,0,58500,57000,0,15.2,23.5,6.2,9.8,32.8,65.7,43.8
"2026/01/26","2026/01/28","6506","安川電機","東証およびＰＴＳ",,"確報",59400,3100,398700,200,2200,3200,395500,293139000,15298500,1967584500,987000,10857000,15792000,1951792500,,,0,0,0,70192000,1066000,0,23.1,17.2,46.8,25.2,1.9,1.7,1.8
"2026/01/26","2026/01/28","6507","シンフォニアテクノ","東証およびＰＴＳ",,"確報",2500,2300,8300,500,300,8300,0,26300000,24196000,87316000,5260000,3156000,87316000,0,,,0,0,0,2025000,2025000,0,8.8,6.7,6.2,6.4,14.7,12.6,13.5
"2026/01/26","2026/01/28","6508","明電舎","東証およびＰＴＳ",,"確報",100,2200,18500,0,1600,700,17800,606000,13332000,112110000,0,9696000,4242000,107868000,,,0,0,0,3914000,437000,0,10.8,17.9,11,13.6,1.5,1.8,1.6
"2026/01/26","2026/01/28","6513","オリジン","東証およびＰＴＳ",,"確報",0,0,800,0,0,0,800,0,0,868800,0,0,0,868800,,,0,0,0,2400,0,0,18,9,0,18,0,0,0
"2026/01/26","2026/01/28","6516","山洋電気","東証およびＰＴＳ",,"確報",3500,500,21300,3100,100,21300,0,14927500,2132500,90844500,13221500,426500,90844500,0,,,0,0,0,1464000,1464000,0,17,11.8,18.8,14.5,15.5,30.1,20.5
"2026/01/26","2026/01/28","6517","デンヨー","東証およびＰＴＳ",,"確報",1300,0,4800,1400,100,4800,0,4719000,0,17424000,5082000,363000,17424000,0,,,0,0,0,227500,227500,0,14,15.1,14,14.5,14,13.1,13.5
"2026/01/26","2026/01/28","6518","三相電機","東証およびＰＴＳ",,"確報",0,0,8500,0,0,0,8500,0,0,8704000,0,0,0,8704000,,,0,0,0,170000,0,0,429,0,214.5,429,0,0,0
"2026/01/26","2026/01/28","6521","オキサイド","東証およびＰＴＳ",,"確報",1300,100,43100,0,0,0,43100,2262000,174000,74994000,0,0,0,74994000,,,0,0,0,3352000,0,0,24.4,23.2,25.8,24.4,0,0,0
"2026/01/26","2026/01/28","6522","アスタリスク","東証およびＰＴＳ",,"確報",500,500,46800,0,0,46800,0,207500,207500,19422000,0,0,19422000,0,,,0,0,0,140400,140400,0,9.5,4.9,7.2,5.8,14.8,91.8,25.5
"2026/01/26","2026/01/28","6523","ＰＨＣＨＤ","東証およびＰＴＳ",,"確報",300,0,4700,0,0,0,4700,339900,0,5325100,0,0,0,5325100,,,0,0,0,158400,0,0,19.2,20,18.5,19.2,0,0,0
"2026/01/26","2026/01/28","6524","湖北工業","東証およびＰＴＳ",,"確報",700,16300,23900,0,19000,17500,6400,2163000,50367000,73851000,0,58710000,54075000,19776000,,,0,0,395000,0,0,365000,5,4,2.6,3.1,33,6.6,11
"2026/01/26","2026/01/28","6525","ＫＯＫＵＳＡＩ","東証およびＰＴＳ",,"確報",40600,13600,95000,3900,56300,20500,74500,253750000,85000000,593750000,24375000,351875000,128125000,465625000,,,0,0,0,24820000,26608500,0,2.6,2.1,2.3,2.2,4.7,2.8,3.6
"2026/01/26","2026/01/28","6526","ソシオネクスト","東証およびＰＴＳ",,"確報",273100,700,627800,400,3000,400,627400,615157750,1576750,1414119500,901000,6757500,901000,1413218500,,,0,0,0,43181100,364500,0,11.8,6.7,57.7,12,2.4,2.4,2.4
"2026/01/26","2026/01/28","6532","ベイカレント","東証およびＰＴＳ",,"確報",2100,1400,90200,0,1300,1300,88900,12833100,8555400,551212200,0,7944300,7944300,543267900,,,0,0,4117000,0,0,119600,17.8,18.2,19.6,18.9,13.3,4.1,6.2
"2026/01/26","2026/01/28","6533","オーケストラＨＤ","東証およびＰＴＳ",,"確報",0,0,8700,0,0,0,8700,0,0,9926700,0,0,0,9926700,,,0,0,0,504600,0,0,109,145.3,87.2,109,0,0,0
"2026/01/26","2026/01/28","6535","アイモバイル","東証およびＰＴＳ",,"確報",6000,0,26000,0,100,6800,19200,3096000,0,13416000,0,51600,3508800,9907200,,,0,0,0,100000,34500,0,29.1,16,53.6,24.6,70.6,58.8,64.2
"2026/01/26","2026/01/28","6537","ＷＡＳＨハウス","東証およびＰＴＳ",,"確報",1000,1300,37400,0,0,18100,19300,370000,481000,13838000,0,0,6697000,7141000,,,0,0,37700,0,0,18100,45.5,83.3,29.5,43.5,25.3,0,50.6
"2026/01/26","2026/01/28","6538","ディスラプターズ","東証およびＰＴＳ",,"確報",800,100,9100,0,100,1500,7600,273600,34200,3112200,0,34200,513000,2599200,,,0,0,0,142800,27200,0,29.9,23.1,415,43.7,11.6,13.3,12.4
"2026/01/26","2026/01/28","6539","ＭＳ－Ｊａｐａｎ","東証およびＰＴＳ",,"確報",1700,100,9900,1600,0,9900,0,1768000,104000,10296000,1664000,0,10296000,0,,,0,0,0,116200,116200,0,13.7,7.6,12.3,9.4,15.5,69.7,25.3
"2026/01/26","2026/01/28","6540","船場","東証およびＰＴＳ",,"確報",500,1300,2100,0,800,2100,0,910000,2366000,3822000,0,1456000,3822000,0,,,0,0,0,168200,168200,0,14.2,15,8.4,10.8,45,13.5,20.8
"2026/01/26","2026/01/28","6543","日宣","東証およびＰＴＳ",,"確報",0,100,3800,0,0,0,3800,0,128300,4875400,0,0,0,4875400,,,0,0,19500,0,0,0,38.6,48.3,32.2,38.6,0,0,0
"2026/01/26","2026/01/28","6544","ＪＥＳＨＤ","東証およびＰＴＳ",,"確報",25200,34500,52700,2600,700,63900,-11200,41277600,56511000,86322600,4258800,1146600,104668200,-18345600,,,0,0,0,1364000,1364000,0,5.2,2.3,2.6,2.5,35.2,168.1,58.2
"2026/01/26","2026/01/28","6545","ＩＩＦ","東証およびＰＴＳ",,"確報",500,0,1500,100,0,400,1100,337000,0,1011000,67400,0,269600,741400,,,0,0,0,27000,8100,0,9.3,6.9,27.5,11,6.3,6.3,6.3
"2026/01/26","2026/01/28","6546","フルテック","東証およびＰＴＳ",,"確報",3600,100,3700,1200,300,4800,-1100,4366800,121300,4488100,1455600,363900,5822400,-1334300,,,0,0,4600,0,0,89700,6.8,1.3,23.5,2.4,9.2,16.9,11.9
"2026/01/26","2026/01/28","6547","グリーンズ","東証およびＰＴＳ",,"確報",0,0,21200,300,0,300,20900,0,0,46958000,664500,0,664500,46293500,,,0,0,0,1060000,0,0,60.5,183.3,73.3,104.8,3.2,1.9,2.4
"2026/01/26","2026/01/28","6548","旅工房","東証およびＰＴＳ",,"確報",0,2000,10000,0,0,0,10000,0,322000,1610000,0,0,0,1610000,,,0,0,120000,0,0,0,16.9,19,15.2,16.9,0,0,0
"2026/01/26","2026/01/28","6549","ディーエムソリュ","東証およびＰＴＳ",,"確報",0,0,500,0,0,0,500,0,0,800000,0,0,0,800000,,,0,0,0,4500,0,0,0,0,0,0,0,0,0
"2026/01/26","2026/01/28","6551","ツナグＧＨＤ","東証およびＰＴＳ",,"確報",1500,1100,54300,100,0,100,54200,1134000,831600,41050800,75600,0,75600,40975200,,,0,0,0,1509200,0,0,48.2,41.8,59.1,49,3,3,3
"2026/01/26","2026/01/28","6552","ＧａｍｅＷｉｔｈ","東証およびＰＴＳ",,"確報",1100,200,15300,0,0,0,15300,198000,36000,2754000,0,0,0,2754000,,,0,0,0,43200,0,0,16.9,9.9,57.3,16.9,0,0,0
"2026/01/26","2026/01/28","6554","エスユーエス","東証およびＰＴＳ",,"確報",2000,0,10600,0,0,0,10600,2384000,0,12635200,0,0,0,12635200,,,0,0,0,43000,0,0,13.5,7.2,108,13.5,0,0,0
"2026/01/26","2026/01/28","6555","ＭＳコンサル","東証およびＰＴＳ",,"確報",0,0,4100,0,0,0,4100,0,0,1726100,0,0,0,1726100,,,0,0,0,16400,0,0,40.4,28.9,67.3,40.4,0,0,0
"2026/01/26","2026/01/28","6557","ＡＩＡＩグループ","東証およびＰＴＳ",,"確報",0,500,1900,0,0,0,1900,0,709500,2696100,0,0,0,2696100,,,0,0,0,7200,0,0,28.5,38,22.8,28.5,0,0,0
"2026/01/26","2026/01/28","6558","クックビズ","東証およびＰＴＳ",,"確報",200,100,3500,0,0,0,3500,166200,83100,2908500,0,0,0,2908500,,,0,0,0,125800,0,0,13.1,9.8,19.7,13.1,0,0,0
"2026/01/26","2026/01/28","6560","エル・ティー・エス","東証およびＰＴＳ",,"確報",200,200,700,0,0,700,0,419000,419000,1466500,0,0,1466500,0,,,0,0,0,26600,26600,0,18.5,18.5,9.3,12.3,0,18.5,37
"2026/01/26","2026/01/28","6561","ＨＡＮＡＴＯＵＲ","東証およびＰＴＳ",,"確報",800,100,17800,0,0,0,17800,721600,90200,16055600,0,0,0,16055600,,,0,0,0,153900,0,0,22.3,40.6,15.4,22.3,0,0,0
"2026/01/26","2026/01/28","6562","ジーニー","東証およびＰＴＳ",,"確報",3900,100,207600,4000,0,82200,125400,4102800,105200,218395200,4208000,0,86474400,131920800,,,0,0,0,7948200,3049800,0,97.6,120.2,283.8,168.9,27.5,151.2,46.5
"2026/01/26","2026/01/28","6563","みらいワークス","東証およびＰＴＳ",,"確報",0,100,3100,0,100,3100,0,0,64800,2008800,0,64800,2008800,0,,,0,0,0,6400,6400,0,38.5,22,30.8,25.7,51.3,154,77
"2026/01/26","2026/01/28","6564","ミダックＨＤ","東証およびＰＴＳ",,"確報",0,2100,65100,0,0,0,65100,0,4151700,128702700,0,0,0,128702700,,,0,0,0,470400,0,0,257,1670.5,139.2,257,0,0,0
"2026/01/26","2026/01/28","6565","ＡＢホテル","東証およびＰＴＳ",,"確報",100,0,5400,0,0,0,5400,162500,0,8775000,0,0,0,8775000,,,0,0,0,0,0,0,75.4,44,264,75.4,0,0,0
"2026/01/26","2026/01/28","6566","要興業","東証およびＰＴＳ",,"確報",0,0,1400,0,0,1400,0,0,0,2030000,0,0,2030000,0,,,0,0,0,5600,5600,0,138,69,0,138,69,0,138
"2026/01/26","2026/01/28","6568","神戸天然物化学","東証およびＰＴＳ",,"確報",0,0,10500,0,0,0,10500,0,0,12957000,0,0,0,12957000,,,0,0,0,304500,0,0,35.2,27.8,48,35.2,0,0,0
"2026/01/26","2026/01/28","6570","共和コーポレーション","東証およびＰＴＳ",,"確報",0,200,5000,0,0,0,5000,0,244800,6120000,0,0,0,6120000,,,0,0,0,72800,0,0,36,0,20.7,41.4,1,1,1
"2026/01/26","2026/01/28","6571","キュービーネットＨＤ","東証およびＰＴＳ",,"確報",0,0,7600,0,0,0,7600,0,0,10480400,0,0,0,10480400,,,0,0,0,15200,0,0,46.5,28.6,124,46.5,0,0,0
"2026/01/26","2026/01/28","6572","オープングループ","東証およびＰＴＳ",,"確報",12700,12400,113600,300,0,113600,0,3302000,3224000,29536000,78000,0,29536000,0,,,0,0,0,1359600,1359600,0,20.1,10.1,12.4,11.1,116.1,82.4,96.4
"2026/01/26","2026/01/28","6573","ＣＲＡＶＩＡ","東証およびＰＴＳ",,"確報",0,600,216000,0,0,0,216000,0,48000,17280000,0,0,0,17280000,,,0,0,0,433200,0,0,34.7,41.4,29.9,34.7,0,0,0
"2026/01/26","2026/01/28","6574","コンヴァノ","東証およびＰＴＳ",,"確報",21600,0,493400,0,0,0,493400,2678400,0,61181600,0,0,0,61181600,,,0,0,0,2359000,0,0,36.2,66.8,24.8,36.2,0,0,0
"2026/01/26","2026/01/28","6577","ベストワンドットコム","東証およびＰＴＳ",,"確報",0,0,400,0,0,0,400,0,0,801600,0,0,0,801600,,,0,0,6800,0,0,0,0,0,0,0,0,0,0
"2026/01/26","2026/01/28","6578","コレックＨＤ","東証およびＰＴＳ",,"確報",0,0,800,0,0,0,800,0,0,379200,0,0,0,379200,,,0,0,3200,0,0,0,10,5,0,10,0,0,0
"2026/01/26","2026/01/28","6579","ログリー","東証およびＰＴＳ",,"確報",0,0,900,0,0,0,900,0,0,285300,0,0,0,285300,,,0,0,0,0,0,0,86,43,0,86,0,0,0
"2026/01/26","2026/01/28","6580","ライトアップ","東証およびＰＴＳ",,"確報",700,200,16500,500,0,16500,0,1883000,538000,44385000,1345000,0,44385000,0,,,0,0,0,2160000,2160000,0,22.5,23.7,21.2,22.4,13.5,72.3,22.7
"2026/01/26","2026/01/28","6584","三櫻工業","東証およびＰＴＳ",,"確報",2800,1200,52900,0,0,0,52900,2382800,1021200,45017900,0,0,0,45017900,,,0,0,0,1487700,0,0,51.4,34.8,97.8,51.4,0,0,0
"2026/01/26","2026/01/28","6586","マキタ","東証およびＰＴＳ",,"確報",200,600,4300,0,500,2400,1900,942200,2826600,20257300,0,2355500,11306400,8950900,,,0,0,0,756700,466900,0,8,18.8,10.7,13.6,7,3.7,4.9
"2026/01/26","2026/01/28","6588","東芝テック","東証およびＰＴＳ",,"確報",6600,6900,17700,0,300,17700,0,18552600,19395900,49754700,0,843300,49754700,0,,,0,0,0,3294000,3294000,0,7.6,3.9,4,4,63.6,148.5,89.1
"2026/01/26","2026/01/28","6590","芝浦メカトロニクス","東証およびＰＴＳ",,"確報",9000,0,28800,300,13400,13500,15300,238950000,0,764640000,7965000,355770000,358425000,406215000,,,0,0,0,26136000,35112000,0,5,3,6.6,4.2,15.2,3.3,5.5
"2026/01/26","2026/01/28","6592","マブチモーター","東証およびＰＴＳ",,"確報",800,200,78800,300,25600,32200,46600,1158800,289700,114141800,434550,37081600,46641700,67500100,,,0,0,0,3597200,2645000,0,15.5,70.5,143.6,94.6,6.8,5.4,6
"2026/01/26","2026/01/28","6594","ニデック","東証およびＰＴＳ",,"確報",21400,100,677900,100,0,100,677800,48813400,228100,1546289900,228100,0,228100,1546061800,,,0,0,0,64346800,0,0,46.8,43.3,55.5,48.7,1.1,1.1,1.1
"2026/01/26","2026/01/28","6597","ＨＰＣシステムズ","東証およびＰＴＳ",,"確報",0,300,18300,0,0,0,18300,0,591000,36051000,0,0,0,36051000,,,0,0,0,1357800,0,0,84.9,488,46.5,84.9,0,0,0
"2026/01/26","2026/01/28","6599","エブレン","東証およびＰＴＳ",,"確報",200,100,1500,0,0,0,1500,584000,292000,4380000,0,0,0,4380000,,,0,0,0,8400,0,0,17.8,17.8,17.8,17.8,0,0,0
"2026/01/26","2026/01/28","6612","バルミューダ","東証およびＰＴＳ",,"確報",0,0,700,0,0,0,700,0,0,441700,0,0,0,441700,,,0,0,0,2100,0,0,37,0,18.5,37,0,0,0
"2026/01/26","2026/01/28","6613","ＱＤレーザ","東証およびＰＴＳ",,"確報",8400,500,113700,0,0,0,113700,3494400,208000,47299200,0,0,0,47299200,,,0,0,0,1269600,0,0,15.1,15.7,14.6,15.1,0,0,0
"2026/01/26","2026/01/28","6614","シキノハイテック","東証およびＰＴＳ",,"確報",0,500,9100,100,100,15500,-6400,0,374000,6806800,74800,74800,11594000,-4787200,,,0,0,0,163200,263500,0,17.3,16.4,7.9,10.7,164.8,15.3,27.9
"2026/01/26","2026/01/28","6615","ＵＭＣエレ","東証およびＰＴＳ",,"確報",4200,2200,33800,0,0,100,33700,1436400,752400,11559600,0,0,34200,11525400,,,0,0,0,445200,1400,0,15.1,11.1,23.9,15.1,2,0,4
"2026/01/26","2026/01/28","6616","トレックス・セミコン","東証およびＰＴＳ",,"確報",100,0,2800,0,0,0,2800,149700,0,4191600,0,0,0,4191600,,,0,0,0,170100,0,0,53.2,44.3,66.5,53.2,0,0,0
"2026/01/26","2026/01/28","6617","東光高岳","東証およびＰＴＳ",,"確報",0,800,20100,1300,100,10700,9400,0,3492000,87736500,5674500,436500,46705500,41031000,,,0,0,0,2508000,1140000,0,22.8,34.3,28,30.8,10,28.3,14.8
"2026/01/26","2026/01/28","6619","ダブル・スコープ","東証およびＰＴＳ",,"確報",24600,7100,417600,36500,25400,383500,34100,3763800,1086300,63892800,5584500,3886200,58675500,5217300,,,0,0,0,4001000,3724000,0,21.8,17.5,26.3,21,22.2,23.1,22.6
"2026/01/26","2026/01/28","6620","宮越ホールディングス","東証およびＰＴＳ",,"確報",6700,200,76000,3800,100,160700,-84700,5534200,165200,62776000,3138800,82600,132738200,-69962200,,,0,0,0,1737500,3925000,0,74.2,26.5,96.5,41.6,72.6,255.2,113
"2026/01/26","2026/01/28","6622","ダイヘン","東証およびＰＴＳ",,"確報",1200,300,16600,0,200,7000,9600,13956000,3489000,193058000,0,2326000,81410000,111648000,,,0,0,0,6751000,3096000,0,40.1,19.6,123.8,33.8,59.8,71.8,65.3
"2026/01/26","2026/01/28","6625","ＪＡＬＣＯ　ＨＤ","東証およびＰＴＳ",,"確報",7200,7200,600600,0,0,600600,0,2894400,2894400,241441200,0,0,241441200,0,,,0,0,0,2402400,2402400,0,7.7,3.8,4.7,4.2,20,0,40
"2026/01/26","2026/01/28","6626","ＳＥＭＩＴＥＣ","東証およびＰＴＳ",,"確報",0,300,1700,0,0,0,1700,0,715800,4056200,0,0,0,4056200,,,0,0,0,78000,0,0,30.3,30.3,30.3,30.3,0,0,0
"2026/01/26","2026/01/28","6627","テラプローブ","東証およびＰＴＳ",,"確報",1000,0,4800,0,0,0,4800,7300000,0,35040000,0,0,0,35040000,,,0,0,0,570000,0,0,13.8,14.3,13.4,13.8,0,0,0
"2026/01/26","2026/01/28","6629","テクノホライゾン","東証およびＰＴＳ",,"確報",134100,54900,387000,22000,17400,387000,0,169100100,69228900,488007000,27742000,21941400,488007000,0,,,0,0,22161600,0,0,27532800,16.6,7.2,11.8,8.9,49.9,75.1,59.9
"2026/01/26","2026/01/28","6630","ヤーマン","東証およびＰＴＳ",,"確報",10400,0,36700,6800,300,245100,-208400,7134400,0,25176200,4664800,205800,168138600,-142962400,,,0,0,0,473400,4294800,0,41.7,5.2,26.9,8.7,40.5,240.5,69.3
"2026/01/26","2026/01/28","6632","ＪＶＣケンウッド","東証およびＰＴＳ",,"確報",41900,32500,78300,3900,100,72700,5600,52731150,40901250,98540550,4908150,125850,91492950,7047600,,,0,0,0,2170350,2170350,0,5.4,4,8.1,5.3,2.8,67.5,5.4
"2026/01/26","2026/01/28","6633","ＣＧＳＨＤ","東証およびＰＴＳ",,"確報",0,0,6200,0,0,0,6200,0,0,2318800,0,0,0,2318800,,,0,0,0,37200,0,0,0,0,0,0,0,0,0
"2026/01/26","2026/01/28","6634","ネクスグループ","東証およびＰＴＳ",,"確報",100,1000,161300,0,0,0,161300,12800,128000,20646400,0,0,0,20646400,,,0,0,0,486600,0,0,336.7,367.3,310.8,336.7,0,0,0
"2026/01/26","2026/01/28","6635","大日光・エンジニア","東証およびＰＴＳ",,"確報",0,300,9300,0,0,100,9200,0,156000,4836000,0,0,52000,4784000,,,0,0,0,67200,700,0,25.8,27.8,37.1,31.8,1.8,2.3,2
"2026/01/26","2026/01/28","6637","寺崎電気産業","東証およびＰＴＳ",,"確報",1200,0,18000,0,0,0,18000,5250000,0,78750000,0,0,0,78750000,,,0,0,0,1680000,0,0,73.8,44.7,212.3,73.8,0,0,0
"2026/01/26","2026/01/28","6638","ミマキエンジニア","東証およびＰＴＳ",,"確報",500,0,10800,1300,0,7900,2900,882500,0,19062000,2294500,0,13943500,5118500,,,0,0,0,103000,66000,0,28.9,48.5,41,44.4,10.7,64,18.3
"2026/01/26","2026/01/28","6643","戸上電機製作所","東証およびＰＴＳ",,"確報",0,1000,4100,0,0,700,3400,0,4800000,19680000,0,0,3360000,16320000,,,0,0,841500,0,0,115500,26.6,46.4,21.1,29,17,17,17
"2026/01/26","2026/01/28","6644","大崎電気工業","東証およびＰＴＳ",,"確報",700,100,20900,0,0,5600,15300,815500,116500,24348500,0,0,6524000,17824500,,,0,0,0,791700,218400,0,82.3,103.7,74.1,86.4,69.8,69.8,69.8
"2026/01/26","2026/01/28","6645","オムロン","東証およびＰＴＳ",,"確報",2900,300,66300,800,0,1200,65100,11373800,1176600,260028600,3137600,0,4706400,255322200,,,0,0,0,5414500,34000,0,36.9,48.6,33.5,39.7,2,7.3,3.1
"2026/01/26","2026/01/28","6647","森尾電機","東証およびＰＴＳ",,"確報",0,100,0,0,0,0,0,0,236000,0,0,0,0,0,,,0,0,0,8000,0,0,1,1,1,1,0,0,0
"2026/01/26","2026/01/28","6648","かわでん","東証およびＰＴＳ",,"確報",0,200,15200,0,0,0,15200,0,438600,33333600,0,0,0,33333600,,,0,0,0,492800,0,0,69.2,76.1,63.4,69.2,0,0,0
"2026/01/26","2026/01/28","6651","日東工業","東証およびＰＴＳ",,"確報",1900,600,11200,3300,0,21900,-10700,8018000,2532000,47264000,13926000,0,92418000,-45154000,,,0,0,0,495000,930000,0,10.3,5.7,5.9,5.8,8.6,305.3,16.8
"2026/01/26","2026/01/28","6652","ＩＤＥＣ","東証およびＰＴＳ",,"確報",2600,0,8700,0,0,200,8500,7542600,0,25238700,0,0,580200,24658500,,,0,0,0,555100,18200,0,8.4,8.9,15.6,11.3,16,0.6,1.2
"2026/01/26","2026/01/28","6653","正興電機製作所","東証およびＰＴＳ",,"確報",200,1500,34000,0,200,2000,32000,443800,3328500,75446000,0,443800,4438000,71008000,,,0,0,0,1200200,74800,0,15.7,114.6,31.6,49.5,15.2,2.7,4.6
"2026/01/26","2026/01/28","6654","不二電機工業","東証およびＰＴＳ",,"確報",0,300,1700,12000,1300,52000,-50300,0,337500,1912500,13500000,1462500,58500000,-56587500,,,0,0,0,6000,123900,0,13,0,16.7,33.3,8,29.9,12.7
"2026/01/26","2026/01/28","6656","インスペック","東証およびＰＴＳ",,"確報",0,900,86300,2300,0,40400,45900,0,540000,51780000,1380000,0,24240000,27540000,,,0,0,0,1656800,723900,0,114.5,101.8,388.6,161.3,35.3,1907,69.3
"2026/01/26","2026/01/28","6658","シライ電子工業","東証およびＰＴＳ",,"確報",500,500,9400,0,0,0,9400,376500,376500,7078200,0,0,0,7078200,,,0,0,0,141000,0,0,27.5,26.6,28.3,27.5,0,0,0
"2026/01/26","2026/01/28","6659","メディアリンクス","東証およびＰＴＳ",,"確報",6900,6900,644700,0,0,644700,0,351900,351900,32879700,0,0,32879700,0,,,0,0,0,0,0,0,169.9,97.5,97.5,97.5,658.9,658.9,658.9
"2026/01/26","2026/01/28","6662","ユビテック","東証およびＰＴＳ",,"確報",0,200,1700,0,0,0,1700,0,49400,419900,0,0,0,419900,,,0,0,0,15200,0,0,19,19,19,19,0,0,0
"2026/01/26","2026/01/28","6663","太洋テクノレックス","東証およびＰＴＳ",,"確報",5500,2400,29800,0,0,0,29800,1628000,710400,8820800,0,0,0,8820800,,,0,0,0,0,0,0,20.2,18.2,22.7,20.2,0,0,0
"2026/01/26","2026/01/28","6664","オプトエレク","東証およびＰＴＳ",,"確報",2500,300,125900,2300,100,125900,0,817500,98100,41169300,752100,32700,41169300,0,,,0,0,0,371100,371100,0,19.6,9.9,209.1,19,10.1,5856,20.3
"2026/01/26","2026/01/28","6666","リバーエレテック","東証およびＰＴＳ",,"確報",100,400,19400,0,0,0,19400,45000,180000,8730000,0,0,0,8730000,,,0,0,0,98500,0,0,70.4,89.5,57.9,70.4,0,0,0
"2026/01/26","2026/01/28","6668","アドテックプラズマ","東証およびＰＴＳ",,"確報",60000,2700,160500,0,0,0,160500,94560000,4255200,252948000,0,0,0,252948000,,,0,0,10320000,0,0,0,18.2,9.5,185.1,18.2,0,0,0
"2026/01/26","2026/01/28","6670","ＭＣＪ","東証およびＰＴＳ",,"確報",0,600,100500,0,0,13600,86900,0,969600,162408000,0,0,21977600,140430400,,,0,0,0,3841800,516800,0,74,1698.7,108.4,203.8,17.8,11.3,13.9
"2026/01/26","2026/01/28","6674","ジーエス・ユアサ","東証およびＰＴＳ",,"確報",107800,3600,144300,0,0,100,144200,397674200,13280400,532322700,0,0,368900,531953800,,,0,0,0,3769400,9400,0,4.8,2.6,33.3,4.8,5,0,10
"2026/01/26","2026/01/28","6675","サクサ","東証およびＰＴＳ",,"確報",200,500,11000,1900,0,9700,1300,1288000,3220000,70840000,12236000,0,62468000,8372000,,,0,0,0,678000,468000,0,5.8,3.7,3.8,3.8,13.4,26.7,17.8
"2026/01/26","2026/01/28","6676","バッファロー","東証およびＰＴＳ",,"確報",2200,0,11200,0,1800,44900,-33700,9900000,0,50400000,0,8100000,202050000,-151650000,,,0,0,0,1980000,10274000,0,13.4,12.6,51.7,20.2,13.6,11.7,12.6
"2026/01/26","2026/01/28","6677","エスケーエレク","東証およびＰＴＳ",,"確報",100,0,3300,0,0,0,3300,336500,0,11104500,0,0,0,11104500,,,0,0,80000,0,0,0,28.8,16,144,28.8,0,0,0
"2026/01/26","2026/01/28","6678","テクノメディカ","東証およびＰＴＳ",,"確報",0,0,2700,0,0,0,2700,0,0,5994000,0,0,0,5994000,,,0,0,0,156600,0,0,33.5,134,19.1,33.5,0,0,0
"2026/01/26","2026/01/28","6694","ズーム","東証およびＰＴＳ",,"確報",0,600,1700,0,0,0,1700,0,395400,1120300,0,0,0,1120300,,,0,0,32200,0,0,0,13.2,19.8,9.9,13.2,0,0,0
"2026/01/26","2026/01/28","6696","トラースＯＰ","東証およびＰＴＳ",,"確報",200,0,7600,0,0,0,7600,64200,0,2439600,0,0,0,2439600,,,0,0,0,118400,0,0,47.9,54.7,42.6,47.9,0,0,0
"2026/01/26","2026/01/28","6699","ダイヤＨＤ","東証およびＰＴＳ",,"確報",1400,0,27400,0,0,0,27400,827400,0,16193400,0,0,0,16193400,,,0,0,0,182000,0,0,61.7,33.2,432,61.7,0,0,0
"2026/01/26","2026/01/28","6701","日本電気","東証およびＰＴＳ",,"確報",23700,200,280900,0,7200,17800,263100,132980700,1122200,1576129900,0,40399200,99875800,1476254100,,,0,0,0,57657600,5600000,0,15.9,9.1,58.1,15.8,27.9,12.8,17.6
"2026/01/26","2026/01/28","6702","富士通","東証およびＰＴＳ",,"確報",189100,500,455700,0,2800,0,455700,763396700,2018500,1839660900,0,11303600,0,1839660900,,,0,0,0,91615300,960400,0,10.3,5.4,320.5,10.5,1.2,1.1,1.2
"2026/01/26","2026/01/28","6703","沖電気工業","東証およびＰＴＳ",,"確報",16100,700,44900,0,4800,6000,38900,33053300,1437100,92179700,0,9854400,12318000,79861700,,,0,0,0,2301000,842400,0,8.2,7.2,23,10.9,20.4,3,5.3
"2026/01/26","2026/01/28","6706","電気興業","東証およびＰＴＳ",,"確報",5300,8100,12400,8500,200,32600,-20200,14294100,21845700,33442800,22924500,539400,87922200,-54479400,,,0,0,0,1900000,3037500,0,7.7,2.1,4.4,2.8,11.2,17.1,13.5
"2026/01/26","2026/01/28","6707","サンケン電気","東証およびＰＴＳ",,"確報",6400,0,27100,1300,600,49100,-22000,43520000,0,184280000,8840000,4080000,333880000,-149600000,,,0,0,0,3249900,7598800,0,31.6,15.4,16,15.7,55,86.5,67.3
"2026/01/26","2026/01/28","6718","アイホン","東証およびＰＴＳ",,"確報",500,0,4000,500,0,4000,0,1500000,0,12000000,1500000,0,12000000,0,,,0,0,0,262500,262500,0,24.1,25.9,22.6,24.1,25.9,22.6,24.1
"2026/01/26","2026/01/28","6721","ウインテスト","東証およびＰＴＳ",,"確報",31800,5800,275200,0,0,0,275200,3657000,667000,31648000,0,0,0,31648000,,,0,0,0,747600,0,0,16,16.6,15.4,16,0,0,0
"2026/01/26","2026/01/28","6723","ルネサスエレク","東証およびＰＴＳ",,"確報",114900,76700,221700,0,62000,121500,100200,270589500,180628500,522103500,0,146010000,286132500,235971000,,,0,0,0,29084750,29084750,0,4.1,2.8,3.1,2.9,7.7,6.8,7.2
"2026/01/26","2026/01/28","6724","セイコーエプソン","東証およびＰＴＳ",,"確報",2600,4600,10600,0,2600,10000,600,5163600,9135600,21051600,0,5163600,19860000,1191600,,,0,0,0,888300,888300,0,3.7,2.6,2.5,2.6,10.1,8,8.9
"2026/01/26","2026/01/28","6727","ワコム","東証およびＰＴＳ",,"確報",4300,0,18700,4300,0,18700,0,3319600,0,14436400,3319600,0,14436400,0,,,0,0,0,475200,475200,0,16.7,10.8,40.8,17,10.5,36.9,16.3
"2026/01/26","2026/01/28","6728","アルバック","東証およびＰＴＳ",,"確報",1900,0,6600,3100,400,6600,0,15372900,0,53400600,25082100,3236400,53400600,0,,,0,0,0,1034000,858000,0,2.4,1.9,1.4,1.6,6.9,6.6,6.7
"2026/01/26","2026/01/28","6730","アクセル","東証およびＰＴＳ",,"確報",200,0,19800,0,300,2600,17200,245400,0,24294600,0,368100,3190200,21104400,,,0,0,0,744800,110200,0,106.5,138.9,972,243,29.2,18.3,22.5
"2026/01/26","2026/01/28","6731","ピクセラ","東証およびＰＴＳ",,"確報",11000,111800,550600,0,0,0,550600,561000,5701800,28080600,0,0,0,28080600,,,0,0,0,1302800,0,0,31.9,61.6,21.6,31.9,0,0,0
"2026/01/26","2026/01/28","6734","ニューテック","東証およびＰＴＳ",,"確報",0,200,200,0,0,0,200,0,529400,529400,0,0,0,529400,,,0,0,400,0,0,0,3.8,0,1.9,3.8,0,0,0
"2026/01/26","2026/01/28","6736","サン電子","東証およびＰＴＳ",,"確報",200,300,8100,700,0,16300,-8200,1636000,2454000,66258000,5726000,0,133334000,-67076000,,,0,0,0,574000,1092000,0,18.9,7.1,13.5,9.3,22.7,375,42.9
"2026/01/26","2026/01/28","6737","ＥＩＺＯ","東証およびＰＴＳ",,"確報",7900,300,17800,4300,100,17800,0,18162100,689700,40922200,9885700,229900,40922200,0,,,0,0,0,714000,952000,0,4,2.3,2.5,2.4,8.9,14.2,10.9
"2026/01/26","2026/01/28","6740","ジャパンディスプレイ","東証およびＰＴＳ",,"確報",87200,1340000,3963100,9800,577400,3963100,0,1918400,29480000,87188200,215600,12702800,87188200,0,,,0,0,0,5215900,4530700,0,7.9,6.1,4.6,5.2,25.7,15.1,19
"2026/01/26","2026/01/28","6741","日本信号","東証およびＰＴＳ",,"確報",0,300,4500,1400,0,1900,2600,0,404700,6070500,1888600,0,2563100,3507400,,,0,0,0,158400,16500,0,3.9,2.8,9.2,4.3,2.4,4,3
"2026/01/26","2026/01/28","6742","京三製作所","東証およびＰＴＳ",,"確報",2300,3300,9600,0,200,9600,0,1478900,2121900,6172800,0,128600,6172800,0,,,0,0,0,95400,88200,0,9,4.7,5.4,5.1,28.6,228.5,50.8
"2026/01/26","2026/01/28","6743","大同信号","東証およびＰＴＳ",,"確報",500,0,2000,0,0,0,2000,402000,0,1608000,0,0,0,1608000,,,0,0,0,3000,0,0,12.3,8.2,24.7,12.3,0,0,0
"2026/01/26","2026/01/28","6744","能美防災","東証およびＰＴＳ",,"確報",13400,9200,23000,4200,0,23000,0,53600000,36800000,92000000,16800000,0,92000000,0,,,0,0,0,94000,94000,0,3.4,1.8,2,1.9,13.6,81.4,23.3
"2026/01/26","2026/01/28","6745","ホーチキ","東証およびＰＴＳ",,"確報",1700,300,18000,1500,100,18000,0,8313000,1467000,88020000,7335000,489000,88020000,0,,,0,0,0,249000,249000,0,15.7,8.6,11.2,9.8,32.3,51.4,39.7
"2026/01/26","2026/01/28","6748","星和電機","東証およびＰＴＳ",,"確報",0,100,7800,0,0,1300,6500,0,86200,6723600,0,0,1120600,5603000,,,0,0,0,94800,15600,0,39.2,132.3,39.7,61.1,46.5,9.3,15.5
"2026/01/26","2026/01/28","6750","エレコム","東証およびＰＴＳ",,"確報",200,0,3700,0,0,0,3700,332000,0,6142000,0,0,0,6142000,,,0,0,0,126000,0,0,26.1,36.4,22.8,28,0,1,2
"2026/01/26","2026/01/28","6752","パナソニックＨＤ","東証およびＰＴＳ",,"確報",65200,600,158000,100,112800,382600,-224600,142625000,1312500,345625000,218750,246750000,836937500,-491312500,,,0,0,0,10040500,53244750,0,7.6,3.3,8.9,4.8,39,4.9,8.6
"2026/01/26","2026/01/28","6753","シャープ","東証およびＰＴＳ",,"確報",12800,300,151600,0,13600,8900,142700,9034240,211740,106999280,0,9598880,6281620,100717660,,,0,0,0,3366220,544500,0,15.1,21,20.2,20.6,3.6,3.7,3.6
"2026/01/26","2026/01/28","6754","アンリツ","東証およびＰＴＳ",,"確報",500,100,18400,3400,600,11100,7300,1142250,228450,42034800,7767300,1370700,25357950,16676850,,,0,0,0,1377000,634950,0,14.3,32.5,21.6,26,5.4,9.7,6.9
"2026/01/26","2026/01/28","6757","ＯＳＧコーポ","東証およびＰＴＳ",,"確報",200,0,1300,0,0,0,1300,199800,0,1298700,0,0,0,1298700,,,0,0,2200,0,0,0,10.3,8.9,12.4,10.3,0,0,0
"2026/01/26","2026/01/28","6758","ソニーグループ","東証およびＰＴＳ",,"確報",198300,25800,1521600,100,2000,100,1521500,703171800,91486800,5395593600,354600,7092000,354600,5395239000,,,0,0,0,91738800,136000,0,24.6,14.6,85.6,24.9,2.2,1.7,1.9
"2026/01/26","2026/01/28","6762","ＴＤＫ","東証およびＰＴＳ",,"確報",33000,900,418900,0,0,900,418000,63327000,1727100,803869100,0,0,1727100,802142000,,,0,0,0,31330800,72900,0,23.4,18.2,33.5,23.6,25.5,2.6,4.6
"2026/01/26","2026/01/28","6763","帝国通信工業","東証およびＰＴＳ",,"確報",300,400,4400,300,0,7400,-3000,806400,1075200,11827200,806400,0,19891200,-8064000,,,0,0,0,495000,781000,0,8.9,5,4.6,4.8,9.9,63.2,17.1
"2026/01/26","2026/01/28","6768","タムラ製作所","東証およびＰＴＳ",,"確報",43700,10500,90700,11500,100,68900,21800,26307400,6321000,54601400,6923000,60200,41477800,13123600,,,0,0,0,1725000,1725000,0,3.8,2.2,2.3,2.3,26.2,13.8,18
"2026/01/26","2026/01/28","6769","ザインエレク","東証およびＰＴＳ",,"確報",0,0,4400,0,0,0,4400,0,0,3590400,0,0,0,3590400,,,0,0,0,74800,0,0,107,53.5,0,107,0,0,0
"2026/01/26","2026/01/28","6770","アルプスアルパイン","東証およびＰＴＳ",,"確報",1300,200,31400,0,1000,9900,21500,2546050,391700,61496900,0,1958500,19389150,42107750,,,0,0,0,1333200,479600,0,35.5,41.2,117.2,61,28.4,11.8,16.7
"2026/01/26","2026/01/28","6771","池上通信機","東証およびＰＴＳ",,"確報",0,0,7800,0,0,1700,6100,0,0,5226000,0,0,1139000,4087000,,,0,0,0,15600,3400,0,52.9,0,46,92,12.7,29.7,17.8
"2026/01/26","2026/01/28","6772","東京コスモス電機","東証およびＰＴＳ",,"確報",0,0,619800,0,0,0,619800,0,0,887553600,0,0,0,887553600,,,0,0,0,0,0,0,526.7,263.4,0,526.7,0,0,0
"2026/01/26","2026/01/28","6775","ＴＢグループ","東証およびＰＴＳ",,"確報",100,2000,53200,0,0,0,53200,12100,242000,6437200,0,0,0,6437200,,,0,0,0,110200,0,0,177.2,457.7,109.8,177.2,0,0,0
"2026/01/26","2026/01/28","6776","天昇電気工業","東証およびＰＴＳ",,"確報",0,0,42900,0,0,0,42900,0,0,11454300,0,0,0,11454300,,,0,0,0,128700,0,0,614.3,537.5,716.7,614.3,0,0,0
"2026/01/26","2026/01/28","6777","ｓａｎｔｅｃＨＤ","東証およびＰＴＳ",,"確報",4300,1000,14900,0,0,0,14900,41710000,9700000,144530000,0,0,0,144530000,,,0,0,0,5568000,0,0,12.9,9.3,20.6,12.9,0,0,0
"2026/01/26","2026/01/28","6778","アルチザＮＷ","東証およびＰＴＳ",,"確報",0,0,14900,0,0,3200,11700,0,0,8820800,0,0,1894400,6926400,,,0,0,0,14900,3200,0,108.4,745,0,1490,22,22,22
"2026/01/26","2026/01/28","6779","日本電波工業","東証およびＰＴＳ",,"確報",4900,200,45600,0,0,0,45600,4841200,197600,45052800,0,0,0,45052800,,,0,0,0,1717800,0,0,24.7,24.3,25.1,24.7,0,0,0
"2026/01/26","2026/01/28","6785","鈴木","東証およびＰＴＳ",,"確報",2200,0,6100,0,1000,2100,4000,5178800,0,14359400,0,2354000,4943400,9416000,,,0,0,0,370500,294500,0,9.8,7.2,12.2,9.1,18.1,8.1,11.2
"2026/01/26","2026/01/28","6786","ＲＶＨ","東証およびＰＴＳ",,"確報",0,0,22000,0,0,0,22000,0,0,1320000,0,0,0,1320000,,,0,0,22000,0,0,0,110,55,0,110,0,0,0
"2026/01/26","2026/01/28","6787","メイコー","東証およびＰＴＳ",,"確報",5000,100,30700,0,0,0,30700,47850000,957000,293799000,0,0,0,293799000,,,0,0,0,18318000,0,0,12.7,14.4,42.4,21.5,1,1,1
"2026/01/26","2026/01/28","6788","日本トリム","東証およびＰＴＳ",,"確報",800,0,2000,0,200,9300,-7300,3908000,0,9770000,0,977000,45430500,-35660500,,,0,0,0,138000,1092500,0,20.5,7.7,34.5,12.5,18.3,29.1,22.5
"2026/01/26","2026/01/28","6794","フォスター電機","東証およびＰＴＳ",,"確報",23700,10500,31500,5300,100,23500,8000,63681900,28213500,84640500,14241100,268700,63144500,21496000,,,0,0,0,311100,311100,0,2.7,1.6,2,1.7,6.5,14.5,9
"2026/01/26","2026/01/28","6797","名古屋電機工業","東証およびＰＴＳ",,"確報",0,0,500,0,0,0,500,0,0,630500,0,0,0,630500,,,0,0,0,4000,0,0,50,0,25,50,0,0,0
"2026/01/26","2026/01/28","6798","ＳＭＫ","東証およびＰＴＳ",,"確報",0,200,2300,0,100,2200,100,0,544200,6258300,0,272100,5986200,272100,,,0,0,0,205000,188600,0,36,40,40,40,28.5,38,32.6
"2026/01/26","2026/01/28","6800","ヨコオ","東証およびＰＴＳ",,"確報",2900,100,4300,100,6600,26000,-21700,6307500,217500,9352500,217500,14355000,56550000,-47197500,,,0,0,0,169500,3672500,0,13.4,2.4,8.5,3.7,29.8,11,16.1
"2026/01/26","2026/01/28","6803","ティアック","東証およびＰＴＳ",,"確報",7600,2400,125600,100,0,8500,117100,760000,240000,12560000,10000,0,850000,11710000,,,0,0,0,0,0,0,13.3,28.9,10.6,15.5,4.7,4.6,4.7
"2026/01/26","2026/01/28","6804","ホシデン","東証およびＰＴＳ",,"確報",700,1000,4300,100,0,400,3900,1859900,2657000,11425100,265700,0,1062800,10362300,,,0,0,0,418600,27300,0,6,7.5,4.7,5.8,20,10,13.3
"2026/01/26","2026/01/28","6806","ヒロセ電機","東証およびＰＴＳ",,"確報",400,0,5800,0,0,100,5700,6816000,0,98832000,0,0,1704000,97128000,,,0,0,0,3105000,57500,0,63.1,55.6,139,79.4,6,6,6
"2026/01/26","2026/01/28","6807","日本航空電子工業","東証およびＰＴＳ",,"確報",6300,1100,26100,1900,0,26100,0,15926400,2780800,65980800,4803200,0,65980800,0,,,0,0,0,1755600,2032800,0,11.8,8.4,9.1,8.7,19.3,16.5,17.8
"2026/01/26","2026/01/28","6809","ティーオーエー","東証およびＰＴＳ",,"確報",0,500,8600,0,0,3600,5000,0,831500,14301800,0,0,5986800,8315000,,,0,0,0,327600,129600,0,6.1,6,4.1,4.9,181,181,181
"2026/01/26","2026/01/28","6810","マクセル","東証およびＰＴＳ",,"確報",1500,0,16600,0,0,2600,14000,3529500,0,39059800,0,0,6117800,32942000,,,0,0,0,1510000,260000,0,37.4,29.2,189.8,50.6,19.7,12.5,15.3
"2026/01/26","2026/01/28","6814","古野電気","東証およびＰＴＳ",,"確報",4500,4500,153700,0,1400,1300,152400,31050000,31050000,1060530000,0,9660000,8970000,1051560000,,,0,0,0,24592000,432000,0,5.1,4.6,5.7,5.1,5.1,3.2,3.9
"2026/01/26","2026/01/28","6817","スミダコーポ","東証およびＰＴＳ",,"確報",13500,300,60700,100,2700,100,60600,15673500,348300,70472700,116100,3134700,116100,70356600,,,0,0,0,2755000,156600,0,13.8,11,38.2,17.1,1.9,1.1,1.4
"2026/01/26","2026/01/28","6819","伊豆シャボテン","東証およびＰＴＳ",,"確報",0,100,21800,0,0,0,21800,0,50000,10900000,0,0,0,10900000,,,0,0,0,0,0,0,157.6,0,78.8,157.6,0,0,0
"2026/01/26","2026/01/28","6820","アイコム","東証およびＰＴＳ",,"確報",100,0,503200,500,0,14200,489000,302500,0,1522180000,1512500,0,42955000,1479225000,,,0,0,0,17608500,479500,0,2584.8,9999.9,4192.8,6289.3,69.1,345.5,115.2
"2026/01/26","2026/01/28","6822","大井電気","東証およびＰＴＳ",,"確報",200,100,2300,0,0,0,2300,757000,378500,8705500,0,0,0,8705500,,,0,0,0,176000,0,0,36.7,36.7,36.7,36.7,0,0,0
"2026/01/26","2026/01/28","6823","リオン","東証およびＰＴＳ",,"確報",3000,0,26900,3000,0,26900,0,8247000,0,73948100,8247000,0,73948100,0,,,0,0,0,1242800,1242800,0,38.3,19.1,37.1,25.2,39.5,0,79
"2026/01/26","2026/01/28","6824","新コスモス電機","東証およびＰＴＳ",,"確報",200,0,2200,0,0,0,2200,871000,0,9581000,0,0,0,9581000,,,0,0,0,420000,0,0,66,33,0,66,0,0,0
"2026/01/26","2026/01/28","6832","アオイ電子","東証およびＰＴＳ",,"確報",100,500,2500,0,0,0,2500,269400,1347000,6735000,0,0,0,6735000,,,0,0,0,316100,0,0,6.9,5.4,9.7,6.9,0,0,0
"2026/01/26","2026/01/28","6834","精工技研","東証およびＰＴＳ",,"確報",200,2600,20600,500,0,15400,5200,2380000,30940000,245140000,5950000,0,183260000,61880000,,,0,0,0,10120000,6556000,0,27,40.9,14.6,21.6,27.6,172.5,47.6
"2026/01/26","2026/01/28","6835","アライドテレシスＨＤ","東証およびＰＴＳ",,"確報",6000,0,42900,0,0,0,42900,1818000,0,12998700,0,0,0,12998700,,,0,0,0,221400,0,0,16.9,15.9,18,16.9,0,0,0
"2026/01/26","2026/01/28","6836","ぷらっとホーム","東証およびＰＴＳ",,"確報",100,100,18600,0,0,0,18600,96100,96100,17874600,0,0,0,17874600,,,0,0,0,520800,0,0,70.6,476.5,38.1,70.6,0,0,0
"2026/01/26","2026/01/28","6837","京写","東証およびＰＴＳ",,"確報",0,100,3100,0,0,0,3100,0,30500,945500,0,0,0,945500,,,0,0,3200,0,0,0,47.1,165,27.5,47.1,0,0,0
"2026/01/26","2026/01/28","6838","多摩川ＨＤ","東証およびＰＴＳ",,"確報",300,0,4600,0,0,0,4600,220500,0,3381000,0,0,0,3381000,,,0,0,0,77400,0,0,30.1,75.3,18.8,30.1,0,0,0
"2026/01/26","2026/01/28","6840","ＡＫＩＢＡＨＤ","東証およびＰＴＳ",,"確報",1700,4800,45900,0,0,0,45900,804100,2270400,21710700,0,0,0,21710700,,,0,0,0,1225000,0,0,11.3,9.1,14.9,11.3,0,0,0
"2026/01/26","2026/01/28","6841","横河電機","東証およびＰＴＳ",,"確報",4100,700,13200,1200,800,13200,0,21385600,3651200,68851200,6259200,4172800,68851200,0,,,0,0,0,666400,870400,0,6.6,3.7,3.8,3.7,23.5,23.5,23.5
"2026/01/26","2026/01/28","6844","新電元工業","東証およびＰＴＳ",,"確報",1500,1000,11200,0,100,2300,8900,5370000,3580000,40096000,0,358000,8234000,31862000,,,0,0,0,1979500,444000,0,19.1,15.5,23.3,18.6,45.7,13.7,21.1
"2026/01/26","2026/01/28","6845","アズビル","東証およびＰＴＳ",,"確報",23500,10100,28900,100,2200,13400,15500,32089250,13791550,39462950,136550,3004100,18297700,21165250,,,0,0,0,790500,790500,0,3.6,1.9,3,2.3,11.4,21.2,14.8
"2026/01/26","2026/01/28","6848","東亜ディーケーケー","東証およびＰＴＳ",,"確報",0,0,2500,100,0,700,1800,0,0,2195000,87800,0,614600,1580400,,,0,0,2500,0,0,600,26.5,63,31.5,42,11,11,11
"2026/01/26","2026/01/28","6849","日本光電工業","東証およびＰＴＳ",,"確報",8700,5400,16500,1300,1900,16500,0,15303300,9498600,29023500,2286700,3342100,29023500,0,,,0,0,0,963600,1248300,0,2.8,1.5,1.8,1.7,17.7,9.8,12.6
"2026/01/26","2026/01/28","6850","チノー","東証およびＰＴＳ",,"確報",10300,4200,12500,100,500,8400,4100,14275800,5821200,17325000,138600,693000,11642400,5682600,,,0,0,0,307200,422400,0,6.8,2.2,6.1,3.2,26.8,35.7,30.6
"2026/01/26","2026/01/28","6853","共和電業","東証およびＰＴＳ",,"確報",0,400,17900,0,200,23100,-5200,0,296000,13246000,0,148000,17094000,-3848000,,,0,0,0,201300,256300,0,17.6,23,24.1,23.5,41.4,9.3,15.2
"2026/01/26","2026/01/28","6855","日本電子材料","東証およびＰＴＳ",,"確報",600,2800,17300,900,200,3200,14100,2841000,13258000,81915500,4261500,947000,15152000,66763500,,,0,0,0,1852500,237500,0,8,9,10.3,9.6,2.9,5.4,3.7
"2026/01/26","2026/01/28","6856","堀場製作所","東証およびＰＴＳ",,"確報",700,500,1500,200,0,1500,0,12537000,8955000,26865000,3582000,0,26865000,0,,,0,0,0,481000,481000,0,3.5,2.7,2.3,2.5,5.9,4.5,5.1
"2026/01/26","2026/01/28","6857","アドバンテスト","東証およびＰＴＳ",,"確報",112200,5600,190100,1000,69800,324600,-134500,2645115000,132020000,4481607500,23575000,1645535000,7652445000,-3170837500,,,0,0,3757500,0,0,17703000,3.9,3.9,2.3,2.9,3.5,7.6,4.8
"2026/01/26","2026/01/28","6858","小野測器","東証およびＰＴＳ",,"確報",2000,0,15200,0,0,0,15200,1376000,0,10457600,0,0,0,10457600,,,0,0,0,66000,0,0,16.7,12.1,27.3,16.7,0,0,0
"2026/01/26","2026/01/28","6859","エスペック","東証およびＰＴＳ",,"確報",200,200,3400,0,300,3400,0,687000,687000,11679000,0,1030500,11679000,0,,,0,0,0,425000,462500,0,11.1,12.6,16.1,14.2,8.8,10.1,9.4
"2026/01/26","2026/01/28","6861","キーエンス","東証およびＰＴＳ",,"確報",6300,2400,9200,100,2000,2600,6600,367857000,140136000,537188000,5839000,116780000,151814000,385374000,,,0,0,0,5830000,4950000,0,2.1,2.4,1.7,2,9,1.3,2.3
"2026/01/26","2026/01/28","6862","ミナトＨＤ","東証およびＰＴＳ",,"確報",100,3400,37000,0,0,0,37000,178100,6055400,65897000,0,0,0,65897000,,,0,0,0,1934400,0,0,25.2,16.9,49.7,25.2,0,0,0
"2026/01/26","2026/01/28","6863","ニレコ","東証およびＰＴＳ",,"確報",0,0,1400,0,0,0,1400,0,0,3039400,0,0,0,3039400,,,0,0,0,9800,0,0,19.7,11.8,59,19.7,0,0,0
"2026/01/26","2026/01/28","6864","エヌエフＨＤ","東証およびＰＴＳ",,"確報",200,0,22400,0,0,0,22400,237200,0,26566400,0,0,0,26566400,,,0,0,0,488400,0,0,56.2,590,29.5,56.2,0,0,0
"2026/01/26","2026/01/28","6866","日置電機","東証およびＰＴＳ",,"確報",12300,0,15100,12500,200,15100,0,77982000,0,95734000,79250000,1268000,95734000,0,,,0,0,0,1148000,1148000,0,3.9,2.4,11.5,4,2.3,10.3,3.8
"2026/01/26","2026/01/28","6867","リーダー電子","東証およびＰＴＳ",,"確報",0,0,1200,0,0,0,1200,0,0,601200,0,0,0,601200,,,0,0,0,0,0,0,14.9,7.4,0,14.9,0,0,0
"2026/01/26","2026/01/28","6869","シスメックス","東証およびＰＴＳ",,"確報",4700,3900,213000,0,0,800,212200,7136950,5922150,323440500,0,0,1214800,322225700,,,0,0,0,9761200,36800,0,77.4,69.5,89.6,78.3,7.3,0,14.5
"2026/01/26","2026/01/28","6870","日本フェンオール","東証およびＰＴＳ",,"確報",0,0,400,0,0,0,400,0,0,730400,0,0,0,730400,,,0,0,0,2000,0,0,42,0,21,42,0,0,0
"2026/01/26","2026/01/28","6871","日本マイクロニクス","東証およびＰＴＳ",,"確報",2500,5600,55600,200,1300,2300,53300,21850000,48944000,485944000,1748000,11362000,20102000,465842000,,,0,0,0,15849000,918000,0,11.2,44.8,7.2,12.4,2.8,3.6,3.1
"2026/01/26","2026/01/28","6874","協立電機","東証およびＰＴＳ",,"確報",400,0,20400,0,0,0,20400,1124000,0,57324000,0,0,0,57324000,,,0,0,0,0,0,0,50.4,68.9,39.7,50.4,0,0,0
"2026/01/26","2026/01/28","6875","メガチップス","東証およびＰＴＳ",,"確報",2300,1300,20600,2300,1300,20600,0,19435000,10985000,174070000,19435000,10985000,174070000,0,,,0,0,0,8428000,8428000,0,15.1,9.7,32,14.8,10.3,30.8,15.4
"2026/01/26","2026/01/28","6877","ＯＢＡＲＡＧ","東証およびＰＴＳ",,"確報",0,500,7000,100,100,2300,4700,0,1882500,26355000,376500,376500,8659500,17695500,,,0,0,0,375000,115000,0,24.8,16.7,33.4,22.3,37.3,37.3,37.3
"2026/01/26","2026/01/28","6882","三社電機製作所","東証およびＰＴＳ",,"確報",2400,200,23500,2800,0,3800,19700,2452800,204400,24017000,2861600,0,3883600,20133400,,,0,0,0,553800,26000,0,17.7,16.4,49.1,24.6,2.3,22.3,4.1
"2026/01/26","2026/01/28","6888","アクモス","東証およびＰＴＳ",,"確報",0,0,2200,0,0,0,2200,0,0,1256200,0,0,0,1256200,,,0,0,0,4400,0,0,42.3,0,21.2,42.3,0,0,0
"2026/01/26","2026/01/28","6890","フェローテック","東証およびＰＴＳ",,"確報",1000,6300,74700,200,6200,8100,66600,6660000,41958000,497502000,1332000,41292000,53946000,443556000,,,0,0,0,8000000,1410000,0,16.1,23.5,29.4,26.1,3.4,4.3,3.8
"2026/01/26","2026/01/28","6894","パルステック工業","東証およびＰＴＳ",,"確報",0,0,0,0,0,0,0,0,0,0,0,0,0,0,,,0,0,0,0,0,0,2,0,1,2,0,0,0
"2026/01/26","2026/01/28","6897","ツインバード","東証およびＰＴＳ",,"確報",0,2300,1100,0,0,0,1100,0,966000,462000,0,0,0,462000,,,0,0,0,0,0,0,11.1,150,5.8,11.1,0,0,0
"2026/01/26","2026/01/28","6898","トミタ電機","東証およびＰＴＳ",,"確報",0,0,4700,0,0,0,4700,0,0,17390000,0,0,0,17390000,,,0,0,0,47000,0,0,0,0,0,0,0,0,0
"2026/01/26","2026/01/28","6899","ＡＳＴＩ","東証およびＰＴＳ",,"確報",0,200,6200,0,0,0,6200,0,536000,16616000,0,0,0,16616000,,,0,0,0,185600,0,0,106.7,0,53.3,106.7,0,0,0
"2026/01/26","2026/01/28","6901","澤藤電機","東証およびＰＴＳ",,"確報",0,200,47000,0,0,1100,45900,0,260200,61147000,0,0,1431100,59715900,,,0,0,0,0,0,0,13.6,6.7,786,13.2,0,0,0
"2026/01/26","2026/01/28","6902","デンソー","東証およびＰＴＳ",,"確報",23200,300,92500,600,11800,20400,72100,49508800,640200,197395000,1280400,25181200,43533600,153861400,,,0,0,0,5324400,2417400,0,5.9,10.4,30.2,15.5,3.3,2.3,2.7
"2026/01/26","2026/01/28","6904","原田工業","東証およびＰＴＳ",,"確報",400,0,3800,0,0,0,3800,193600,0,1839200,0,0,0,1839200,,,0,0,0,27200,0,0,26.5,19.1,43,26.5,0,0,0
"2026/01/26","2026/01/28","6905","コーセル","東証およびＰＴＳ",,"確報",1800,3400,43900,10600,0,146800,-102900,2066400,3903200,50397200,12168800,0,168526400,-118129200,,,0,0,0,2002000,5992800,0,39.8,34.3,24.5,28.6,28.3,118.1,45.7
"2026/01/26","2026/01/28","6907","ジオマテック","東証およびＰＴＳ",,"確報",0,300,8900,0,0,0,8900,0,389700,11561100,0,0,0,11561100,,,0,0,0,230000,0,0,28.1,47.8,19.9,28.1,0,0,0
"2026/01/26","2026/01/28","6908","イリソ電子工業","東証およびＰＴＳ",,"確報",400,0,22600,500,0,13100,9500,1364000,0,77066000,1705000,0,44671000,32395000,,,0,0,0,2220000,1260000,0,25.8,21.1,68.4,32.2,86.1,11.4,20.1
"2026/01/26","2026/01/28","6912","菊水ホールディングス","東証およびＰＴＳ",,"確報",300,0,600,0,0,0,600,557700,0,1115400,0,0,0,1115400,,,0,0,0,9000,0,0,12,6,0,12,0,0,0
"2026/01/26","2026/01/28","6914","オプテックスグループ","東証およびＰＴＳ",,"確報",52400,12300,60700,900,300,31400,29300,127803600,29999700,148047300,2195100,731700,76584600,71462700,,,0,0,0,1709800,2556400,0,3.4,1.6,2.4,1.9,24.2,32.2,27.6
"2026/01/26","2026/01/28","6915","千代田インテグレ","東証およびＰＴＳ",,"確報",100,0,7300,0,1000,3900,3400,320000,0,23360000,0,3200000,12480000,10880000,,,0,0,0,792000,539000,0,42.2,131.7,30.4,49.4,238,18.3,34
"2026/01/26","2026/01/28","6918","アバールデータ","東証およびＰＴＳ",,"確報",100,0,1400,0,0,0,1400,284000,0,3976000,0,0,0,3976000,,,0,0,0,117000,0,0,25.6,21.3,32,25.6,0,0,0
"2026/01/26","2026/01/28","6919","ケル","東証およびＰＴＳ",,"確報",0,300,0,0,0,0,0,0,461100,0,0,0,0,0,,,0,0,0,3900,0,0,4.4,0,2.2,4.4,0,0,0
"2026/01/26","2026/01/28","6920","レーザーテック","東証およびＰＴＳ",,"確報",13500,10700,131300,3300,5200,21600,109700,481950000,381990000,4687410000,117810000,185640000,771120000,3916290000,,,0,0,0,101515000,18565000,0,2.3,2.2,2.5,2.3,3.7,1.5,2.1
"2026/01/26","2026/01/28","6923","スタンレー電気","東証およびＰＴＳ",,"確報",1600,500,8500,1100,0,8500,0,4905600,1533000,26061000,3372600,0,26061000,0,,,0,0,0,666000,666000,0,16.5,13.6,14.1,13.8,20,21.1,20.5
"2026/01/26","2026/01/28","6925","ウシオ電機","東証およびＰＴＳ",,"確報",1600,1000,13000,1600,200,13800,-800,4449600,2781000,36153000,4449600,556200,38377800,-2224800,,,0,0,0,905200,905200,0,11.4,9.8,12.3,10.9,10,15,12
"2026/01/26","2026/01/28","6926","岡谷電機産業","東証およびＰＴＳ",,"確報",200,800,18000,100,700,18000,0,39600,158400,3564000,19800,138600,3564000,0,,,0,0,18600,0,0,18600,67.4,188.8,39.3,65.1,236,41,69.9
"2026/01/26","2026/01/28","6927","ヘリオステクノＨＤ","東証およびＰＴＳ",,"確報",900,200,6200,0,0,0,6200,929700,206600,6404600,0,0,0,6404600,,,0,0,0,93500,0,0,19.8,13.7,35.9,19.8,0,0,0
"2026/01/26","2026/01/28","6928","エノモト","東証およびＰＴＳ",,"確報",1200,300,13400,0,0,0,13400,2942400,735600,32856800,0,0,0,32856800,,,0,0,0,2225000,0,0,32.8,24,52,32.8,0,0,0
"2026/01/26","2026/01/28","6929","日本セラミック","東証およびＰＴＳ",,"確報",900,0,80800,500,0,2200,78600,3379500,0,303404000,1877500,0,8261000,295143000,,,0,0,0,9188500,195500,0,82.4,137.6,81.4,102.3,6.4,12.9,8.6
"2026/01/26","2026/01/28","6932","遠藤照明","東証およびＰＴＳ",,"確報",300,0,4600,200,0,1800,2800,726600,0,11141200,484400,0,4359600,6781600,,,0,0,0,150500,56000,0,29.4,28.1,22.5,25,42,84,56
"2026/01/26","2026/01/28","6941","山一電機","東証およびＰＴＳ",,"確報",3100,900,25600,3000,800,25600,0,18414000,5346000,152064000,17820000,4752000,152064000,0,,,0,0,0,6084000,6084000,0,16,12.7,12.1,12.4,23.7,21.6,22.6
"2026/01/26","2026/01/28","6942","ソフィアＨＤ","東証およびＰＴＳ",,"確報",100,0,2100,0,0,0,2100,125800,0,2641800,0,0,0,2641800,,,0,0,58000,0,0,0,66.7,33.3,0,66.7,0,0,0
"2026/01/26","2026/01/28","6943","ＮＫＫスイッチズ","東証およびＰＴＳ",,"確報",0,0,10000,0,0,0,10000,0,0,46850000,0,0,0,46850000,,,0,0,0,0,0,0,0,0,0,0,0,0,0
"2026/01/26","2026/01/28","6946","日本アビオニクス","東証およびＰＴＳ",,"確報",2300,300,34500,0,0,0,34500,12121000,1581000,181815000,0,0,0,181815000,,,0,0,0,4875000,0,0,3.7,3.6,3.9,3.7,0,0,0
"2026/01/26","2026/01/28","6947","図研","東証およびＰＴＳ",,"確報",11900,300,17500,1800,0,17500,0,59321500,1495500,87237500,8973000,0,87237500,0,,,0,0,0,1032500,2747500,0,4.8,2.3,2.5,2.4,21.7,57.3,31.5
"2026/01/26","2026/01/28","6951","日本電子","東証およびＰＴＳ",,"確報",0,0,52300,1100,0,14100,38200,0,0,317251800,6672600,0,85530600,231721200,,,0,0,0,5962200,1482000,0,35.9,524,201.5,291.1,7,9.6,8.1
"2026/01/26","2026/01/28","6952","カシオ計算機","東証およびＰＴＳ",,"確報",3600,100,18000,200,1100,18000,0,4649400,129150,23247000,258300,1420650,23247000,0,,,0,0,0,420500,548100,0,7.5,3.9,82.9,7.5,15.5,4.9,7.5
"2026/01/26","2026/01/28","6954","ファナック","東証およびＰＴＳ",,"確報",68400,19900,447400,1300,100,25600,421800,437349600,127240600,2860675600,8312200,639400,163686400,2696989200,,,0,0,0,71802000,4392000,0,22.4,15.2,37.3,21.6,53.1,47.2,50
"2026/01/26","2026/01/28","6955","エフ・ディー・ケイ","東証およびＰＴＳ",,"確報",0,4200,23500,0,0,0,23500,0,1743000,9752500,0,0,0,9752500,,,0,0,0,332400,0,0,13.4,13.4,13.4,13.4,0,0,0
"2026/01/26","2026/01/28","6958","日本シイエムケイ","東証およびＰＴＳ",,"確報",200,11700,80500,7000,0,51700,28800,104000,6084000,41860000,3640000,0,26884000,14976000,,,0,0,0,2024000,983400,0,29,62.6,20.7,31.1,24.3,27.7,25.8
"2026/01/26","2026/01/28","6960","フクダ電子","東証およびＰＴＳ",,"確報",100,10600,300,4100,0,13600,-13300,889000,94234000,2667000,36449000,0,120904000,-118237000,,,0,0,0,4536000,3990000,0,3,1,1,1,10,21.6,13.7
"2026/01/26","2026/01/28","6961","エンプラス","東証およびＰＴＳ",,"確報",100,200,36500,2100,700,8600,27900,926000,1852000,337990000,19446000,6482000,79636000,258354000,,,0,0,0,10980000,2160000,0,35.1,97.2,92.3,94.7,9.3,8.1,8.6
"2026/01/26","2026/01/28","6962","大真空","東証およびＰＴＳ",,"確報",5600,300,63000,1300,1800,22800,40200,3225600,172800,36288000,748800,1036800,13132800,23155200,,,0,0,0,1327100,535900,0,24.5,31.4,91.3,46.7,13,10.9,11.8
"2026/01/26","2026/01/28","6963","ローム","東証およびＰＴＳ",,"確報",3900,11000,127800,2900,24100,38100,89700,10524150,29683500,344868300,7825650,65033850,102812850,242055450,,,0,0,0,4384250,1927250,0,8.8,6.5,23.6,10.2,5.6,7.8,6.6
"2026/01/26","2026/01/28","6964","サンコー","東証およびＰＴＳ",,"確報",400,0,400,0,0,0,400,255600,0,255600,0,0,0,255600,,,0,0,0,0,0,0,1.7,2.9,1.2,1.7,0,0,0
"2026/01/26","2026/01/28","6965","浜松ホトニクス","東証およびＰＴＳ",,"確報",10000,1200,164800,5700,0,79200,85600,17105000,2052600,281890400,9749850,0,135471600,146418800,,,0,0,0,7176000,3381000,0,24.1,18.6,28.8,22.6,19.5,46.9,27.5
"2026/01/26","2026/01/28","6966","三井ハイテック","東証およびＰＴＳ",,"確報",239700,258600,534500,43700,10100,846100,-311600,180973500,195243000,403547500,32993500,7625500,638805500,-235258000,,,0,0,0,20475800,30062500,0,6,5.4,8.7,6.6,2.9,42.6,5.5
"2026/01/26","2026/01/28","6969","松尾電機","東証およびＰＴＳ",,"確報",0,100,10200,0,0,0,10200,0,82000,8364000,0,0,0,8364000,,,0,0,10300,0,0,0,51.7,35.1,98.2,51.7,0,0,0
"2026/01/26","2026/01/28","6971","京セラ","東証およびＰＴＳ",,"確報",30300,12300,51500,0,17100,16400,35100,69008250,28013250,117291250,0,38945250,37351000,79940250,,,0,0,0,1926250,1926250,0,3.1,2.5,3,2.7,5.8,3,4
"2026/01/26","2026/01/28","6976","太陽誘電","東証およびＰＴＳ",,"確報",19000,100,92600,2400,0,15500,77100,64429000,339100,314006600,8138400,0,52560500,261446100,,,0,0,0,14003000,2489000,0,14.4,13.1,17.5,15,9.3,15,11.5
"2026/01/26","2026/01/28","6977","日本抵抗器製作所","東証およびＰＴＳ",,"確報",700,100,5100,0,0,0,5100,707000,101000,5151000,0,0,0,5151000,,,0,0,18000,0,0,0,25.6,23,28.8,25.6,0,0,0
"2026/01/26","2026/01/28","6981","村田製作所","東証およびＰＴＳ",,"確報",33600,3000,165600,200,3200,5400,160200,106814400,9537000,526442400,635800,10172800,17166600,509275800,,,0,0,0,20655000,1285200,0,18.1,13.4,39.7,20.1,5.8,5.6,5.7
"2026/01/26","2026/01/28","6982","リード","東証およびＰＴＳ",,"確報",0,0,0,0,0,0,0,0,0,0,0,0,0,0,,,0,0,0,0,0,0,0,0,0,0,0,0,0
"2026/01/26","2026/01/28","6986","双葉電子工業","東証およびＰＴＳ",,"確報",17500,0,201500,15900,0,236100,-34600,11270000,0,129766000,10239600,0,152048400,-22282400,,,0,0,0,6440000,7707000,0,22,10.5,22.6,14.4,22.7,205.1,40.9
"2026/01/26","2026/01/28","6988","日東電工","東証およびＰＴＳ",,"確報",9400,0,46700,0,1000,9700,37000,34103200,0,169427600,0,3628000,35191600,134236000,,,0,0,0,2909400,834600,0,16.8,14.7,115.5,26,17.6,5.5,8.4
"2026/01/26","2026/01/28","6989","北陸電気工業","東証およびＰＴＳ",,"確報",0,0,13900,0,100,2800,11100,0,0,41116200,0,295800,8282400,32833800,,,0,0,0,569900,118900,0,165,136,0,272,72.5,48.3,58
"2026/01/26","2026/01/28","6993","大黒屋ＨＤ","東証およびＰＴＳ",,"確報",90400,183700,4328300,1116600,15500,8500500,-4172200,14012000,28473500,670886500,173073000,2402500,1317577500,-646691000,,,0,0,66324000,0,0,110991000,12.3,14.8,18.7,16.5,10.4,11.2,10.8
"2026/01/26","2026/01/28","6994","指月電機製作所","東証およびＰＴＳ",,"確報",200,2200,33400,3500,0,3500,29900,176000,1936000,29392000,3080000,0,3080000,26312000,,,0,0,0,424800,0,0,18.1,25.5,59.2,35.7,1,2.1,1.4
"2026/01/26","2026/01/28","6995","東海理化電機製作所","東証およびＰＴＳ",,"確報",3400,800,12600,0,3300,6700,5900,10914000,2568000,40446000,0,10593000,21507000,18939000,,,0,0,0,900000,900000,0,10.7,6.2,12.6,8.3,21,13,16
"2026/01/26","2026/01/28","6996","ニチコン","東証およびＰＴＳ",,"確報",800,6100,23600,200,5500,23600,0,1336000,10187000,39412000,334000,9185000,39412000,0,,,0,0,0,2051900,2051900,0,12.3,95.1,7.6,14.1,33,6.6,11
"2026/01/26","2026/01/28","6997","日本ケミコン","東証およびＰＴＳ",,"確報",26800,3600,108400,1900,100,108400,0,39958800,5367600,161624400,2832900,149100,161624400,0,,,0,0,0,6730800,8421400,0,21.8,8.9,16.9,11.7,69.8,158.1,96.8
"2026/01/26","2026/01/28","6998","日本タングステン","東証およびＰＴＳ",,"確報",1700,100,7400,1600,0,7400,0,3260600,191800,14193200,3068800,0,14193200,0,,,0,0,0,179800,179800,0,11.8,9,23.2,12.9,6.3,38.7,10.8
"2026/01/26","2026/01/28","6999","コーア","東証およびＰＴＳ",,"確報",1100,800,37500,0,0,1000,36500,1577400,1147200,53775000,0,0,1434000,52341000,,,0,0,0,2529600,68000,0,29,46.8,20.2,28.2,0,0,0
"2026/01/26","2026/01/28","7003","三井Ｅ＆Ｓ","東証およびＰＴＳ",,"確報",40600,800,684400,800,1000,244600,439800,261707600,5156800,4411642400,5156800,6446000,1576691600,2834950800,,,0,0,54791000,0,0,20808000,16.5,6.4,89.8,12,149.7,53.5,78.8
"2026/01/26","2026/01/28","7004","カナデビア","東証およびＰＴＳ",,"確報",900,100,164600,0,800,2200,162400,910800,101200,166575200,0,809600,2226400,164348800,,,0,0,0,4258800,78000,0,71.5,112.3,69.2,85.7,3.8,12.3,5.9
"2026/01/26","2026/01/28","7011","三菱重工業","東証およびＰＴＳ",,"確報",34700,13700,1398100,59900,2500,237300,1160800,158197300,62458300,6373937900,273084100,11397500,1081850700,5292087200,,,0,0,0,57838200,7555800,0,20.5,19.1,44.5,26.7,12.3,6.2,8.3
"2026/01/26","2026/01/28","7012","川崎重工業","東証およびＰＴＳ",,"確報",9900,1200,196100,1300,2100,6000,190100,129195000,15660000,2559105000,16965000,27405000,78300000,2480805000,,,0,0,0,40291000,1462000,0,8,6.3,30.4,10.5,4.9,1.5,2.3
"2026/01/26","2026/01/28","7013","ＩＨＩ","東証およびＰＴＳ",,"確報",31300,33500,760800,17800,500,433900,326900,112680000,120600000,2738880000,64080000,1800000,1562040000,1176840000,,,0,0,79352000,0,0,43326400,16.4,12.2,17.8,14.5,49.4,13,20.6
"2026/01/26","2026/01/28","7014","名村造船所","東証およびＰＴＳ",,"確報",140800,300,426500,0,21100,575300,-148800,599104000,1276500,1814757500,0,89780500,2447901500,-633144000,,,0,0,0,40040000,83496000,0,7.6,3.5,3.7,3.6,141,47.9,71.5
"2026/01/26","2026/01/28","7018","内海造船","東証およびＰＴＳ",,"確報",400,100,9500,0,0,0,9500,6228000,1557000,147915000,0,0,0,147915000,,,0,0,0,4324000,0,0,15.5,17.3,14.1,15.5,0,0,0
"2026/01/26","2026/01/28","7021","ニッチツ","東証およびＰＴＳ",,"確報",0,100,3700,0,0,0,3700,0,235400,8709800,0,0,0,8709800,,,0,0,0,368600,0,0,95,190,63.3,95,0,0,0
"2026/01/26","2026/01/28","7022","サノヤスＨＤ","東証およびＰＴＳ",,"確報",17200,761700,24200,5700,0,54000,-29800,5022400,222416400,7066400,1664400,0,15768000,-8701600,,,0,0,0,768700,48300,0,0.9,1,0.7,0.8,17.3,301.1,32.8
"2026/01/26","2026/01/28","7030","スプリックス","東証およびＰＴＳ",,"確報",100,0,3900,0,0,2100,1800,136000,0,5304000,0,0,2856000,2448000,,,0,0,0,60800,33600,0,98.3,191,63.7,95.5,104,104,104
"2026/01/26","2026/01/28","7031","インバウンドテック","東証およびＰＴＳ",,"確報",0,100,200,0,0,0,200,0,58800,117600,0,0,0,117600,,,0,0,0,2700,0,0,11,11,11,11,0,0,0
"2026/01/26","2026/01/28","7033","ＭＳＯＬ","東証およびＰＴＳ",,"確報",300,0,12700,0,5900,2600,10100,398700,0,16878300,0,7841100,3455400,13422900,,,0,0,0,434000,297500,0,8.7,24.3,8.4,12.5,27.5,3.6,6.4
"2026/01/26","2026/01/28","7034","プロレド","東証およびＰＴＳ",,"確報",300,0,12800,0,0,0,12800,172500,0,7360000,0,0,0,7360000,,,0,0,0,225000,0,0,63.5,63.5,63.5,63.5,0,0,0
"2026/01/26","2026/01/28","7035","ａｎｆａｃ","東証およびＰＴＳ",,"確報",25300,29200,80700,0,3900,80700,0,5414200,6248800,17269800,0,834600,17269800,0,,,0,0,0,84600,84600,0,6.4,3.5,3.1,3.3,4432,30.6,60.7
"2026/01/26","2026/01/28","7036","イーエムネットＪ","東証およびＰＴＳ",,"確報",0,100,2600,0,0,0,2600,0,94600,2459600,0,0,0,2459600,,,0,0,2700,0,0,0,26.4,66,16.5,26.4,0,0,0
"2026/01/26","2026/01/28","7037","テノ．","東証およびＰＴＳ",,"確報",100,0,600,0,0,0,600,90900,0,545400,0,0,0,545400,,,0,0,0,5000,0,0,7.7,9,6.8,7.7,0,0,0
"2026/01/26","2026/01/28","7038","フロンティアＭ","東証およびＰＴＳ",,"確報",300,0,4700,0,0,0,4700,172500,0,2702500,0,0,0,2702500,,,0,0,0,96800,0,0,48.9,27.5,220,48.9,0,0,0
"2026/01/26","2026/01/28","7039","ブリッジグループ","東証およびＰＴＳ",,"確報",100,0,800,0,100,600,200,199000,0,1592000,0,199000,1194000,398000,,,0,0,0,2800,2800,0,18,12.3,18.5,14.8,35,17.5,23.3
"2026/01/26","2026/01/28","7040","サン・ライフＨＤ","東証およびＰＴＳ",,"確報",0,0,5900,0,0,0,5900,0,0,6053400,0,0,0,6053400,,,0,0,0,23600,0,0,594,0,297,594,0,0,0
"2026/01/26","2026/01/28","7041","ＣＲＧＨＤ","東証およびＰＴＳ",,"確報",100,0,400,0,0,0,400,32500,0,130000,0,0,0,130000,,,0,0,0,2400,0,0,32,16,0,32,0,0,0
"2026/01/26","2026/01/28","7042","アクセスグループ","東証およびＰＴＳ",,"確報",0,100,3200,0,0,0,3200,0,68900,2204800,0,0,0,2204800,,,0,0,0,9900,0,0,21.5,53.7,13.4,21.5,0,0,0
"2026/01/26","2026/01/28","7043","アルー","東証およびＰＴＳ",,"確報",0,100,500,0,0,0,500,0,94200,471000,0,0,0,471000,,,0,0,0,3000,0,0,16,12,24,16,0,0,0
"2026/01/26","2026/01/28","7044","ピアラ","東証およびＰＴＳ",,"確報",100,0,3600,0,0,0,3600,54900,0,1976400,0,0,0,1976400,,,0,0,0,17500,0,0,19.6,22.9,17.2,19.6,0,0,0
"2026/01/26","2026/01/28","7046","ＴＤＳＥ","東証およびＰＴＳ",,"確報",0,0,400,0,0,0,400,0,0,615600,0,0,0,615600,,,0,0,0,2400,0,0,20,20,20,20,0,0,0
"2026/01/26","2026/01/28","7047","ポート","東証およびＰＴＳ",,"確報",0,1500,48400,100,0,1300,47100,0,3285000,105996000,219000,0,2847000,103149000,,,0,0,0,2594800,62400,0,73.9,119.7,62.8,82.4,37.5,10.7,16.7
"2026/01/26","2026/01/28","7048","ベルトラ","東証およびＰＴＳ",,"確報",1000,0,119200,2900,0,198000,-78800,190000,0,22648000,551000,0,37620000,-14972000,,,0,0,0,0,0,0,59.5,29.4,59,39.2,47.3,562.4,87.3
"2026/01/26","2026/01/28","7049","識学","東証およびＰＴＳ",,"確報",0,700,19400,0,500,91400,-72000,0,655900,18177800,0,468500,85641800,-67464000,,,0,0,40200,0,0,183800,32.2,6.5,27.4,10.6,27.8,450.9,52.4
"2026/01/26","2026/01/28","7050","フロンティアＩ","東証およびＰＴＳ",,"確報",2300,0,3800,0,0,0,3800,6814900,0,11259400,0,0,0,11259400,,,0,0,0,16500,0,0,5.6,3.3,18.6,5.6,0,0,0
"2026/01/26","2026/01/28","7057","エヌ・シー・エヌ","東証およびＰＴＳ",,"確報",100,100,2600,0,0,0,2600,114800,114800,2984800,0,0,0,2984800,,,0,0,0,62400,0,0,42,31.5,63,42,0,0,0
"2026/01/26","2026/01/28","7058","共栄セキュリティ","東証およびＰＴＳ",,"確報",0,0,2300,0,0,0,2300,0,0,6890800,0,0,0,6890800,,,0,0,0,0,0,0,0,0,0,0,0,0,0
"2026/01/26","2026/01/28","7059","コプロＨＤ","東証およびＰＴＳ",,"確報",0,800,23200,0,3500,1100,22100,0,908800,26355200,0,3976000,1249600,25105600,,,0,0,0,528000,101200,0,24.9,202.2,57.8,89.9,11.9,2.4,4
"2026/01/26","2026/01/28","7060","ギークス","東証およびＰＴＳ",,"確報",0,0,3800,200,0,300,3500,0,0,2131800,112200,0,168300,1963500,,,0,0,7600,0,0,200,99,0,192,384,2,0,4
"2026/01/26","2026/01/28","7061","日本ホスピス","東証およびＰＴＳ",,"確報",1400,300,56800,0,1800,41500,15300,1458800,312600,59185600,0,1875600,43243000,15942600,,,0,0,0,2172300,1688700,0,39.4,96,214.2,132.6,11.2,63.4,19.1
"2026/01/26","2026/01/28","7062","フレアス","東証およびＰＴＳ",,"確報",0,0,200,0,0,0,200,0,0,166000,0,0,0,166000,,,0,0,200,0,0,0,6,12,4,6,0,0,0
"2026/01/26","2026/01/28","7063","Ｂｉｒｄｍａｎ","東証およびＰＴＳ",,"確報",6900,0,99500,0,0,0,99500,862500,0,12437500,0,0,0,12437500,,,0,0,0,555600,0,0,34.2,20.6,100.7,34.2,0,0,0
"2026/01/26","2026/01/28","7064","ハウテレビジョン","東証およびＰＴＳ",,"確報",0,0,700,0,0,0,700,0,0,840700,0,0,0,840700,,,0,0,0,10500,0,0,30,15,0,30,0,0,0
"2026/01/26","2026/01/28","7065","ユーピーアール","東証およびＰＴＳ",,"確報",100,300,7600,100,0,800,6800,108100,324300,8215600,108100,0,864800,7350800,,,0,0,0,109200,9800,0,8.4,16.2,11.3,13.3,2.7,1.6,2
"2026/01/26","2026/01/28","7066","ピアズ","東証およびＰＴＳ",,"確報",300,0,12500,0,0,0,12500,138000,0,5750000,0,0,0,5750000,,,0,0,0,97600,0,0,121.6,86.9,202.7,121.6,0,0,0
"2026/01/26","2026/01/28","7067","ブランディング","東証およびＰＴＳ",,"確報",100,0,3700,0,0,0,3700,108600,0,4018200,0,0,0,4018200,,,0,0,0,111600,0,0,123.3,185,92.5,123.3,0,0,0
"2026/01/26","2026/01/28","7068","ＦフォースＧ","東証およびＰＴＳ",,"確報",22900,9500,40500,0,100,27000,13500,14518600,6023000,25677000,0,63400,17118000,8559000,,,0,0,0,352300,352300,0,3.8,2,2.3,2.2,286.6,37.7,66.7
"2026/01/26","2026/01/28","7069","サイバー・バズ","東証およびＰＴＳ",,"確報",0,100,600,0,0,0,600,0,90300,541800,0,0,0,541800,,,0,0,0,4900,0,0,14,9.3,28,14,0,0,0
"2026/01/26","2026/01/28","7071","アンビス","東証およびＰＴＳ",,"確報",98800,96700,221000,9300,7200,221000,0,46238400,45255600,103428000,4352400,3369600,103428000,0,,,0,0,0,2626800,2626800,0,6.3,3.4,3.3,3.4,57.5,40.1,47.2
"2026/01/26","2026/01/28","7072","インテＭ","東証およびＰＴＳ",,"確報",0,600,3600,0,0,0,3600,0,663600,3981600,0,0,0,3981600,,,0,0,0,75600,0,0,31.5,102.5,18.6,31.5,0,0,0
"2026/01/26","2026/01/28","7073","ジェイック","東証およびＰＴＳ",,"確報",0,100,600,0,0,0,600,0,276600,1659600,0,0,0,1659600,,,0,0,18200,0,0,0,10,50,5.6,10,0,0,0
"2026/01/26","2026/01/28","7074","２４７ＨＤ","東証およびＰＴＳ",,"確報",0,100,3800,0,0,0,3800,0,22500,855000,0,0,0,855000,,,0,0,0,0,0,0,10.6,0,5.3,10.6,0,0,0
"2026/01/26","2026/01/28","7075","ＱＬＳ","東証およびＰＴＳ",,"確報",0,100,3200,0,0,0,3200,0,77100,2467200,0,0,0,2467200,,,0,0,0,0,0,0,80,80,80,80,0,0,0
"2026/01/26","2026/01/28","7077","ＡＬｉＮＫ","東証およびＰＴＳ",,"確報",0,0,400,0,0,0,400,0,0,430400,0,0,0,430400,,,0,0,0,0,0,0,0,0,0,0,0,0,0
"2026/01/26","2026/01/28","7078","ＩＮＣ　ＨＤ","東証およびＰＴＳ",,"確報",300,100,15900,0,0,0,15900,124800,41600,6614400,0,0,0,6614400,,,0,0,0,125600,0,0,36.7,28.1,52.5,36.7,0,0,0
"2026/01/26","2026/01/28","7079","ＷＤＢココ","東証およびＰＴＳ",,"確報",800,0,4300,0,0,0,4300,2226400,0,11966900,0,0,0,11966900,,,0,0,38500,0,0,0,7.8,3.9,0,7.8,0,0,0
"2026/01/26","2026/01/28","7080","スポーツフィールド","東証およびＰＴＳ",,"確報",0,0,2200,0,0,0,2200,0,0,1793000,0,0,0,1793000,,,0,0,0,17600,0,0,35.1,0,17.6,35.1,0,0,0
"2026/01/26","2026/01/28","7081","コーユーレンティア","東証およびＰＴＳ",,"確報",100,0,400,0,0,0,400,135000,0,540000,0,0,0,540000,,,0,0,0,7800,0,0,6.8,9,5.4,6.8,0,0,0
"2026/01/26","2026/01/28","7082","ジモティー","東証およびＰＴＳ",,"確報",0,100,12700,0,0,0,12700,0,96200,12217400,0,0,0,12217400,,,0,0,0,204800,0,0,39.4,325,21,39.4,0,0,0
"2026/01/26","2026/01/28","7083","ＡＨＣグループ","東証およびＰＴＳ",,"確報",100,300,400,0,0,0,400,83400,250200,333600,0,0,0,333600,,,0,0,0,2400,0,0,14,28,9.3,14,0,0,0
"2026/01/26","2026/01/28","7084","ＳｍｉｌｅＨＤ","東証およびＰＴＳ",,"確報",0,0,800,0,0,0,800,0,0,2456000,0,0,0,2456000,,,0,0,0,16000,0,0,38,19,0,38,0,0,0
"2026/01/26","2026/01/28","7085","カーブスＨＤ","東証およびＰＴＳ",,"確報",2200,0,164800,1000,0,23000,141800,1652200,0,123764800,751000,0,17273000,106491800,,,0,0,0,813000,110000,0,63.1,84.6,8038,167.5,99.5,6.9,12.9
"2026/01/26","2026/01/28","7087","ウイルテック","東証およびＰＴＳ",,"確報",0,100,100,0,0,100,0,0,137800,137800,0,0,137800,0,,,0,0,0,200,100,0,1.8,3.8,2.7,3.2,1.2,1.3,1.2
"2026/01/26","2026/01/28","7088","フォーラムエンジニア","東証およびＰＴＳ",,"確報",0,0,100,0,0,0,100,0,0,170000,0,0,0,170000,,,0,0,0,100,0,0,0,0,0,0,0,0,0
"2026/01/26","2026/01/28","7089","フォースタ","東証およびＰＴＳ",,"確報",0,3800,103900,0,0,0,103900,0,3534000,96627000,0,0,0,96627000,,,0,0,0,2692500,0,0,181.7,2680.5,94.1,181.7,0,0,0
"2026/01/26","2026/01/28","7090","リグア","東証およびＰＴＳ",,"確報",0,0,200,0,0,0,200,0,0,183800,0,0,0,183800,,,0,0,0,1600,0,0,20,0,10,20,0,0,0
"2026/01/26","2026/01/28","7091","ＬＰＦ","東証およびＰＴＳ",,"確報",0,0,1300,0,0,0,1300,0,0,1502800,0,0,0,1502800,,,0,0,0,0,0,0,66,66,66,66,0,0,0
"2026/01/26","2026/01/28","7092","ＦＦＪ","東証およびＰＴＳ",,"確報",0,1000,300,0,0,22200,-21900,0,2300000,690000,0,0,51060000,-50370000,,,0,0,0,0,0,0,99.8,0,4.1,8.2,0,187.2,374.3
"2026/01/26","2026/01/28","7093","アディッシュ","東証およびＰＴＳ",,"確報",0,0,1800,0,0,0,1800,0,0,1033200,0,0,0,1033200,,,0,0,9000,0,0,0,58,29,0,58,0,0,0
"2026/01/26","2026/01/28","7094","ＮｅｘＴｏｎｅ","東証およびＰＴＳ",,"確報",66900,27800,103100,0,1200,62800,40300,116004600,48205200,178775400,0,2080800,108895200,69880200,,,0,0,0,2624000,2624000,0,3.7,2.1,2.1,2.1,45,81,57.9
"2026/01/26","2026/01/28","7095","ＭａｃｂｅｅＰ","東証およびＰＴＳ",,"確報",0,400,17300,0,0,0,17300,0,609200,26347900,0,0,0,26347900,,,0,0,0,584100,0,0,69.5,54.3,96.6,69.5,0,0,0
"2026/01/26","2026/01/28","7096","ステムセル研究所","東証およびＰＴＳ",,"確報",12500,9500,21000,100,0,18100,2900,10462500,7951500,17577000,83700,0,15149700,2427300,,,0,0,0,72000,72000,0,3.3,1.7,1.8,1.7,101.2,47.9,65.1
"2026/01/26","2026/01/28","7097","さくらさくプラス","東証およびＰＴＳ",,"確報",200,0,1800,0,0,0,1800,640000,0,5760000,0,0,0,5760000,,,0,0,8000,0,0,0,32.4,20.3,81,32.4,0,0,0
"2026/01/26","2026/01/28","7102","日本車輌製造","東証およびＰＴＳ",,"確報",0,2200,15100,0,200,1100,14000,0,8217000,56398500,0,747000,4108500,52290000,,,0,0,0,2768000,208000,0,47.5,432,25.4,48,0,21,42
"2026/01/26","2026/01/28","7105","三菱ロジスネクスト","東証およびＰＴＳ",,"確報",45100,5000,54800,0,0,23000,31800,69634400,7720000,84611200,0,0,35512000,49099200,,,0,0,88200,0,0,138000,4.2,1.7,3.5,2.3,0,0,0
"2026/01/26","2026/01/28","7110","クラシコム","東証およびＰＴＳ",,"確報",0,0,8600,0,400,900,7700,0,0,19341400,0,899600,2024100,17317300,,,0,0,0,223600,33800,0,81.8,144.3,144.3,144.3,58,11.6,19.3
"2026/01/26","2026/01/28","7111","ＩＮＥＳＴ","東証およびＰＴＳ",,"確報",0,0,4900,0,0,0,4900,0,0,2611700,0,0,0,2611700,,,0,0,34300,0,0,0,63.5,84.7,50.8,63.5,0,0,0
"2026/01/26","2026/01/28","7112","キューブ","東証およびＰＴＳ",,"確報",100,0,2800,0,0,0,2800,72600,0,2032800,0,0,0,2032800,,,0,0,29700,0,0,0,26.2,48,18,26.2,0,0,0
"2026/01/26","2026/01/28","7114","フーディソン","東証およびＰＴＳ",,"確報",0,0,800,0,0,0,800,0,0,691200,0,0,0,691200,,,0,0,2400,0,0,0,0,0,0,0,0,0,0
"2026/01/26","2026/01/28","7115","アルファパーチェス","東証およびＰＴＳ",,"確報",0,100,2300,0,0,0,2300,0,222500,5117500,0,0,0,5117500,,,0,0,0,69600,0,0,15.6,15.6,15.6,15.6,0,0,0
"2026/01/26","2026/01/28","7116","ダイワ通信","東証およびＰＴＳ",,"確報",0,0,800,0,0,0,800,0,0,937600,0,0,0,937600,,,0,0,800,0,0,0,6.4,0,3.2,6.4,0,0,0
"2026/01/26","2026/01/28","7119","ハルメクＨＤ","東証およびＰＴＳ",,"確報",0,200,800,0,200,800,0,0,267400,1069600,0,267400,1069600,0,,,0,0,0,3000,3000,0,14.7,22,11,14.7,22,11,14.7
"2026/01/26","2026/01/28","7120","ＳＨＩＮＫＯ","東証およびＰＴＳ",,"確報",100,0,6700,0,0,0,6700,92900,0,6224300,0,0,0,6224300,,,0,0,0,52800,0,0,44,36.7,55,44,0,0,0
"2026/01/26","2026/01/28","7122","近畿車輛","東証およびＰＴＳ",,"確報",700,900,2100,0,200,2100,0,1754900,2256300,5264700,0,501400,5264700,0,,,0,0,0,64400,64400,0,13.8,13.8,7.3,9.5,124,13.8,24.8
"2026/01/26","2026/01/28","7126","グローバルスタイル","東証およびＰＴＳ",,"確報",0,0,300,0,0,0,300,0,0,462000,0,0,0,462000,,,0,0,0,0,0,0,11.3,0,5.7,11.3,0,0,0
"2026/01/26","2026/01/28","7127","一家ホールディングス","東証およびＰＴＳ",,"確報",100,0,4300,0,0,0,4300,69100,0,2971300,0,0,0,2971300,,,0,0,4200,0,0,0,208,104,0,208,0,0,0
"2026/01/26","2026/01/28","7128","ユニソルＨＤ","東証およびＰＴＳ",,"確報",600,0,8600,0,2100,13700,-5100,1381200,0,19797200,0,4834200,31537400,-11740200,,,0,0,0,272000,537200,0,12.6,9.8,43.7,16,13.9,9.7,11.4
"2026/01/26","2026/01/28","7129","ミアヘルサＨＤ","東証およびＰＴＳ",,"確報",0,0,5400,0,0,0,5400,0,0,6323400,0,0,0,6323400,,,0,0,0,0,0,0,534,267,0,534,0,0,0
"2026/01/26","2026/01/28","7130","ヤマエグループＨＤ","東証およびＰＴＳ",,"確報",100,2800,58000,0,0,0,58000,287800,8058400,166924000,0,0,0,166924000,,,0,0,3217100,0,0,0,87,608.8,46.8,87,0,0,0
"2026/01/26","2026/01/28","7131","のむら産業","東証およびＰＴＳ",,"確報",200,0,3100,0,0,0,3100,668000,0,10354000,0,0,0,10354000,,,0,0,246500,0,0,0,46.3,27.8,139,46.3,0,0,0
"2026/01/26","2026/01/28","7133","ヒュウガプライマ","東証およびＰＴＳ",,"確報",200,0,2500,0,0,0,2500,239400,0,2992500,0,0,0,2992500,,,0,0,0,6900,0,0,56.5,28.3,0,56.5,0,0,0
"2026/01/26","2026/01/28","7134","アップガレージＧ","東証およびＰＴＳ",,"確報",0,400,2500,0,0,0,2500,0,444800,2780000,0,0,0,2780000,,,0,0,0,0,0,0,7.2,24.2,13.2,17.1,31,1,1.9
"2026/01/26","2026/01/28","7135","ジャパンクラフトＨＤ","東証およびＰＴＳ",,"確報",294700,49200,299000,200,400,78200,220800,68075700,11365200,69069000,46200,92400,18064200,51004800,,,0,0,53500,0,0,78400,1.7,1,1.4,1.2,138.9,243.1,176.8
"2026/01/26","2026/01/28","7138","ＴＯＲＩＣＯ","東証およびＰＴＳ",,"確報",200,6700,110800,0,0,0,110800,77800,2606300,43101200,0,0,0,43101200,,,0,0,0,2346000,0,0,8.2,8,8.4,8.2,0,0,0
"2026/01/26","2026/01/28","7140","ペットゴー","東証およびＰＴＳ",,"確報",0,0,1200,0,0,0,1200,0,0,976800,0,0,0,976800,,,0,0,0,0,0,0,13.3,17.7,10.6,13.3,0,0,0
"2026/01/26","2026/01/28","7148","ＦＰＧ","東証およびＰＴＳ",,"確報",200,20200,143000,100,600,113400,29600,412200,41632200,294723000,206100,1236600,233717400,61005600,,,0,0,0,2119000,1480700,0,31.8,27.6,21.7,24.3,45.8,70.2,55.5
"2026/01/26","2026/01/28","7150","島根銀行","東証およびＰＴＳ",,"確報",2300,1500,59300,0,0,6700,52600,1331700,868500,34334700,0,0,3879300,30455400,,,0,0,0,58500,6700,0,56.6,48.9,59.7,53.7,55,0,110
"2026/01/26","2026/01/28","7157","ライフネット生命保険","東証およびＰＴＳ",,"確報",4400,100,74200,11200,0,113500,-39300,8980400,204100,151442200,22859200,0,231653500,-80211300,,,0,0,0,6850200,10025400,0,36.5,26.4,35.1,30.1,22.3,511.5,42.8
"2026/01/26","2026/01/28","7161","じもとＨＤ","東証およびＰＴＳ",,"確報",1800,9000,123400,0,2100,59200,64200,826200,4131000,56640600,0,963900,27172800,29467800,,,0,0,0,2612000,1226000,0,32.4,42.3,19.4,26.6,76.1,54.8,63.7
"2026/01/26","2026/01/28","7162","アストマックス","東証およびＰＴＳ",,"確報",600,0,61700,0,0,0,61700,130200,0,13388900,0,0,0,13388900,,,0,0,61100,0,0,0,127,78.5,331.6,127,0,0,0
"2026/01/26","2026/01/28","7164","全国保証","東証およびＰＴＳ",,"確報",1900,100,7400,3800,0,7400,0,5884300,309700,22917800,11768600,0,22917800,0,,,0,0,0,100800,64800,0,8,8.1,11.9,9.6,3.8,21.6,6.4
"2026/01/26","2026/01/28","7167","めぶきＦＧ","東証およびＰＴＳ",,"確報",32200,4900,73800,3000,500,49000,24800,36128400,5497800,82803600,3366000,561000,54978000,27825600,,,0,0,0,1185750,1185750,0,4.5,3.2,3.1,3.2,25.4,6.6,10.5
"2026/01/26","2026/01/28","7172","ＪＩＡ","東証およびＰＴＳ",,"確報",55200,19400,93400,100,3200,54500,38900,120336000,42292000,203612000,218000,6976000,118810000,84802000,,,0,0,0,3168000,3168000,0,3.9,2.3,2.4,2.3,31.8,35.4,33.5
"2026/01/26","2026/01/28","7173","東京きらぼしＦＧ","東証およびＰＴＳ",,"確報",600,400,8600,400,300,2500,6100,5838000,3892000,83678000,3892000,2919000,24325000,59353000,,,0,0,0,2520000,720000,0,18.8,21.3,22.4,21.8,11,15.1,12.7
"2026/01/26","2026/01/28","7175","今村証券","東証およびＰＴＳ",,"確報",500,0,2100,0,0,0,2100,634000,0,2662800,0,0,0,2662800,,,0,0,0,43200,0,0,8.8,27.4,5.3,8.8,0,0,0
"2026/01/26","2026/01/28","7177","ＧＭＯＦＨＤ","東証およびＰＴＳ",,"確報",1000,1100,103500,0,0,0,103500,870000,957000,90045000,0,0,0,90045000,,,0,0,0,1243200,0,0,119,77.5,255.8,119,0,0,0
"2026/01/26","2026/01/28","7180","九州ＦＧ","東証およびＰＴＳ",,"確報",500,200,51900,12200,200,51900,0,573750,229500,59555250,13999500,229500,59555250,0,,,0,0,0,1083600,837900,0,25.3,144.5,33.1,53.8,8.6,56.4,14.9
"2026/01/26","2026/01/28","7181","かんぽ生命保険","東証およびＰＴＳ",,"確報",6400,16800,9200,600,15100,5100,4100,29734400,78052800,42743200,2787600,70154600,23694600,19048600,,,0,0,0,2430400,2430400,0,2.8,3.1,2.4,2.7,3.4,2.4,2.8
"2026/01/26","2026/01/28","7182","ゆうちょ銀行","東証およびＰＴＳ",,"確報",25600,1800,92600,4500,6600,31200,61400,63193600,4443300,228583100,11108250,16292100,77017200,151565900,,,0,0,0,4919200,2380950,0,6.5,7.1,11.8,8.9,4.2,3.9,4.1
"2026/01/26","2026/01/28","7183","あんしん保証","東証およびＰＴＳ",,"確報",100,200,38600,0,0,31200,7400,16200,32400,6253200,0,0,5054400,1198800,,,0,0,0,154800,124800,0,139.8,77,128.4,96.3,523,224.1,313.8
"2026/01/26","2026/01/28","7184","富山第一銀行","東証およびＰＴＳ",,"確報",27200,26600,43400,0,10100,43400,0,62152000,60781000,99169000,0,23078500,99169000,0,,,0,0,0,5906400,7383000,0,3.4,1.8,2.1,1.9,8,13.8,10.1
"2026/01/26","2026/01/28","7185","ヒロセ通商","東証およびＰＴＳ",,"確報",0,0,400,0,0,0,400,0,0,1476000,0,0,0,1476000,,,0,0,0,16000,0,0,0,0,0,0,0,0,0
"2026/01/26","2026/01/28","7186","横浜ＦＧ","東証およびＰＴＳ",,"確報",500,1000,144100,0,0,200,143900,691000,1382000,199146200,0,0,276400,198869800,,,0,0,0,4193400,5800,0,120,95.5,275.6,141.9,4.3,3.1,3.6
"2026/01/26","2026/01/28","7187","ジェイリース","東証およびＰＴＳ",,"確報",1300,0,16600,400,0,11000,5600,1860300,0,23754600,572400,0,15741000,8013600,,,0,0,0,749700,519400,0,18.7,9.9,77.3,17.6,11.7,82,20.5
"2026/01/26","2026/01/28","7189","西日本ＦＨＤ","東証およびＰＴＳ",,"確報",140200,200,165600,400,0,500,165100,505841600,721600,597484800,1443200,0,1804000,595680800,,,0,0,0,2534400,9900,0,3.7,1.9,77.6,3.8,1.8,2.3,2
"2026/01/26","2026/01/28","7191","イントラスト","東証およびＰＴＳ",,"確報",700,0,6900,200,300,5000,1900,809900,0,7983300,231400,347100,5785000,2198300,,,0,0,0,142600,117300,0,16.7,20.1,107,33.8,7.7,15.4,10.3
"2026/01/26","2026/01/28","7192","日本モーゲージサービ","東証およびＰＴＳ",,"確報",0,200,19100,0,500,2700,16400,0,103200,9855600,0,258000,1393200,8462400,,,0,0,0,154400,25600,0,50.3,41.3,105.4,59.3,26.2,26.2,26.2
"2026/01/26","2026/01/28","7196","Ｃａｓａ","東証およびＰＴＳ",,"確報",0,0,10400,0,0,0,10400,0,0,7852000,0,0,0,7852000,,,0,0,0,10400,0,0,0,0,0,0,0,0,0
"2026/01/26","2026/01/28","7198","ＳＢＩアルヒ","東証およびＰＴＳ",,"確報",1100,1500,229000,9900,0,99500,129500,985600,1344000,205184000,8870400,0,89152000,116032000,,,0,0,0,4129200,1612800,0,38.3,59,54.9,56.9,15.4,34.8,21.3
"2026/01/26","2026/01/28","7199","プレミアグループ","東証およびＰＴＳ",,"確報",0,3700,263200,600,0,16700,246500,0,6826500,485604000,1107000,0,30811500,454792500,,,0,0,0,12010500,724500,0,77.6,179.4,79.6,110.3,5.6,126.6,10.6
"2026/01/26","2026/01/28","7201","日産自動車","東証およびＰＴＳ",,"確報",229900,305300,886900,0,78500,297700,589200,88189640,117113080,340214840,0,30112600,114197720,226017120,,,0,0,0,16070410,6282540,0,3.3,4.1,3.2,3.6,11,1.8,3.1
"2026/01/26","2026/01/28","7202","いすゞ自動車","東証およびＰＴＳ",,"確報",2500,0,9900,200,6600,21000,-11100,6233750,0,24685650,498700,16457100,52363500,-27677850,,,0,0,0,536500,1986500,0,6,3.2,4.5,3.8,12.6,5.1,7.3
"2026/01/26","2026/01/28","7203","トヨタ自動車","東証およびＰＴＳ",,"確報",157400,500,440500,1700,368900,555600,-115100,547279800,1738500,1531618500,5910900,1282665300,1931821200,-400202700,,,0,0,0,41689200,135651600,0,6.6,6.1,5.2,5.6,15,4.9,7.3
"2026/01/26","2026/01/28","7205","日野自動車","東証およびＰＴＳ",,"確報",49500,2000,356100,12000,0,142400,213700,19503000,788000,140303400,4728000,0,56105600,84197800,,,0,0,0,2777400,1173600,0,3.6,2.8,2.5,2.7,23.7,7.5,11.3
"2026/01/26","2026/01/28","7208","カネミツ","東証およびＰＴＳ",,"確報",0,0,100,0,0,0,100,0,0,112800,0,0,0,112800,,,0,0,0,1600,0,0,2.7,4,2,2.7,0,0,0
"2026/01/26","2026/01/28","7211","三菱自動車工業","東証およびＰＴＳ",,"確報",5200,14100,214100,0,27000,3800,210300,1960920,5317110,80737110,0,10181700,1432980,79304130,,,0,0,0,3278100,452760,0,14,72.1,28.3,40.7,1.4,1.1,1.2
"2026/01/26","2026/01/28","7212","エフテック","東証およびＰＴＳ",,"確報",0,1600,17100,1000,0,1000,16100,0,1276800,13645800,798000,0,798000,12847800,,,0,0,0,355300,0,0,44.4,134.9,36.3,57.2,1,0,2
"2026/01/26","2026/01/28","7213","レシップＨＤ","東証およびＰＴＳ",,"確報",0,0,6600,100,0,100,6500,0,0,2956800,44800,0,44800,2912000,,,0,0,0,13200,0,0,53.3,29,0,58,1,0,2
"2026/01/26","2026/01/28","7214","ＧＭＢ","東証およびＰＴＳ",,"確報",100,200,3500,0,0,0,3500,92300,184600,3230500,0,0,0,3230500,,,0,0,0,43200,0,0,20.7,15.5,31,20.7,0,0,0
"2026/01/26","2026/01/28","7215","ファルテック","東証およびＰＴＳ",,"確報",0,0,2300,0,0,0,2300,0,0,878600,0,0,0,878600,,,0,0,0,6900,0,0,236,0,118,236,0,0,0
"2026/01/26","2026/01/28","7217","テイン","東証およびＰＴＳ",,"確報",0,0,400,0,0,0,400,0,0,166800,0,0,0,166800,,,0,0,0,1600,0,0,3.6,4.5,3,3.6,0,0,0
"2026/01/26","2026/01/28","7218","田中精密工業","東証およびＰＴＳ",,"確報",0,0,400,0,0,0,400,0,0,506400,0,0,0,506400,,,0,0,6800,0,0,0,5.5,3.7,11,5.5,0,0,0
"2026/01/26","2026/01/28","7219","エッチ・ケー・エス","東証およびＰＴＳ",,"確報",0,0,300,0,0,0,300,0,0,665400,0,0,0,665400,,,0,0,0,6000,0,0,0,0,0,0,0,0,0
"2026/01/26","2026/01/28","7220","武蔵精密工業","東証およびＰＴＳ",,"確報",100,5400,35500,27100,0,32400,3100,276000,14904000,97980000,74796000,0,89424000,8556000,,,0,0,0,1468800,190800,0,8.8,15.6,16.8,16.2,1.6,479,3.2
"2026/01/26","2026/01/28","7222","日産車体","東証およびＰＴＳ",,"確報",3200,0,33400,5100,0,69500,-36100,3225600,0,33667200,5140800,0,70056000,-36388800,,,0,0,0,875800,1867600,0,25.9,9.9,24.7,14.1,21.7,3188,43.1
"2026/01/26","2026/01/28","7224","新明和工業","東証およびＰＴＳ",,"確報",1400,1000,22900,5600,0,22900,0,3045000,2175000,49807500,12180000,0,49807500,0,,,0,0,0,1417500,1089900,0,14,40.6,25.6,31.4,4,35.9,7.2
"2026/01/26","2026/01/28","7226","極東開発工業","東証およびＰＴＳ",,"確報",0,1100,27100,0,0,5700,21400,0,3652000,89972000,0,0,18924000,71048000,,,0,0,0,1833000,370500,0,73.5,100.4,43.9,61.1,0,0,0
"2026/01/26","2026/01/28","7228","デイトナ","東証およびＰＴＳ",,"確報",100,0,400,0,0,0,400,381500,0,1526000,0,0,0,1526000,,,0,0,0,9000,0,0,32,16,0,32,0,0,0
"2026/01/26","2026/01/28","7229","ユタカ技研","東証およびＰＴＳ",,"確報",0,100,3100,0,0,0,3100,0,317500,9842500,0,0,0,9842500,,,0,0,0,112000,0,0,37.5,30,50,37.5,0,0,0
"2026/01/26","2026/01/28","7231","トピー工業","東証およびＰＴＳ",,"確報",3300,700,16700,2600,0,16700,0,10560000,2240000,53440000,8320000,0,53440000,0,,,0,0,0,916500,916500,0,15.4,8.9,18.6,12.1,13.1,54.4,21.1
"2026/01/26","2026/01/28","7235","東京ラヂエーター製造","東証およびＰＴＳ",,"確報",2600,0,21500,0,0,0,21500,4175600,0,34529000,0,0,0,34529000,,,0,0,0,548100,0,0,30.8,22.4,49.3,30.8,0,0,0
"2026/01/26","2026/01/28","7236","ティラド","東証およびＰＴＳ",,"確報",0,0,2300,0,100,1200,1100,0,0,19688000,0,856000,10272000,9416000,,,0,0,0,253000,143000,0,26.3,0,17.4,34.9,15.5,20.7,17.7
"2026/01/26","2026/01/28","7238","曙ブレーキ工業","東証およびＰＴＳ",,"確報",15100,1700,416100,0,157100,164500,251600,1736500,195500,47851500,0,18066500,18917500,28934000,,,0,0,0,2416200,1929600,0,19.7,67.1,14.1,23.3,68.3,9.1,16.1
"2026/01/26","2026/01/28","7239","タチエス","東証およびＰＴＳ",,"確報",800,500,8700,100,100,3600,5100,1700000,1062500,18487500,212500,212500,7650000,10837500,,,0,0,0,294000,126000,0,19.2,12,20.4,15.1,35.6,89,50.9
"2026/01/26","2026/01/28","7240","エヌオーケー","東証およびＰＴＳ",,"確報",3800,100,43300,6600,600,62200,-18900,11540600,303700,131502100,20044200,1822200,188901400,-57399300,,,0,0,0,5385600,7643200,0,8.7,5.2,13.5,7.6,5.3,77.8,9.9
"2026/01/26","2026/01/28","7241","フタバ産業","東証およびＰＴＳ",,"確報",200,100,11400,200,800,200,11200,213600,106800,12175200,213600,854400,213600,11961600,,,0,0,0,372900,26400,0,11.3,29.7,40.4,34.2,12.7,2.6,4.3
"2026/01/26","2026/01/28","7242","カヤバ","東証およびＰＴＳ",,"確報",0,400,7000,1800,0,5600,1400,0,1830000,32025000,8235000,0,25620000,6405000,,,0,0,0,407000,209000,0,25.1,44.4,35.5,39.4,10,35,15.6
"2026/01/26","2026/01/28","7244","市光工業","東証およびＰＴＳ",,"確報",48600,20600,84600,5100,200,61500,23100,24931800,10567800,43399800,2616300,102600,31549500,11850300,,,0,0,0,1075400,1075400,0,3.7,2,2.4,2.2,25,48.7,33
"2026/01/26","2026/01/28","7245","大同メタル工業","東証およびＰＴＳ",,"確報",300,1500,138200,2300,0,13900,124300,307800,1539000,141793200,2359800,0,14261400,127531800,,,0,0,0,2927400,243600,0,30.1,40.2,49.7,44.5,32.7,4.6,8.1
"2026/01/26","2026/01/28","7246","プレス工業","東証およびＰＴＳ",,"確報",200,1000,13300,0,1800,0,13300,177400,887000,11797100,0,1596600,0,11797100,,,0,0,0,211500,27000,0,19.4,21.5,27.8,24.3,35.5,3.7,6.8
"2026/01/26","2026/01/28","7247","ミクニ","東証およびＰＴＳ",,"確報",100,0,58700,0,0,0,58700,38800,0,22775600,0,0,0,22775600,,,0,0,0,410200,0,0,123.4,90.6,193.3,123.4,0,0,0
"2026/01/26","2026/01/28","7250","太平洋工業","東証およびＰＴＳ",,"確報",0,0,4100,0,0,0,4100,0,0,12484500,0,0,0,12484500,,,0,0,0,164000,0,0,138,0,69,138,0,0,0
"2026/01/26","2026/01/28","7254","ユニバンス","東証およびＰＴＳ",,"確報",4300,0,279500,0,0,0,279500,3483000,0,226395000,0,0,0,226395000,,,0,0,0,0,0,0,84.4,42.2,0,84.4,0,0,0
"2026/01/26","2026/01/28","7255","桜井製作所","東証およびＰＴＳ",,"確報",0,0,0,0,0,0,0,0,0,0,0,0,0,0,,,0,0,0,0,0,0,0,0,0,0,0,0,0
"2026/01/26","2026/01/28","7256","河西工業","東証およびＰＴＳ",,"確報",16800,75000,172900,1700,0,28800,144100,2520000,11250000,25935000,255000,0,4320000,21615000,,,0,0,0,462200,54200,0,13.4,37.5,7.3,12.2,54.8,72.1,62.2
"2026/01/26","2026/01/28","7259","アイシン","東証およびＰＴＳ",,"確報",900,1400,33700,900,6800,2900,30800,2475450,3850700,92691850,2475450,18703400,7976450,84715400,,,0,0,0,3539700,910800,0,8.6,9.9,24.6,14.1,6.5,2.5,3.6
"2026/01/26","2026/01/28","7261","マツダ","東証およびＰＴＳ",,"確報",25100,88100,168000,2600,77700,168000,0,29492500,103517500,197400000,3055000,91297500,197400000,0,,,0,0,0,9702000,10210200,0,4.4,2.4,3.2,2.7,11.9,3.9,5.9
"2026/01/26","2026/01/28","7264","ムロコーポレーション","東証およびＰＴＳ",,"確報",200,0,300,0,0,0,300,282200,0,423300,0,0,0,423300,,,0,0,300,0,0,0,5.3,4,8,5.3,0,0,0
"2026/01/26","2026/01/28","7265","エイケン工業","東証およびＰＴＳ",,"確報",0,0,700,0,0,0,700,0,0,2555000,0,0,0,2555000,,,0,0,0,14000,0,0,0,0,0,0,0,0,0
"2026/01/26","2026/01/28","7266","今仙電機製作所","東証およびＰＴＳ",,"確報",1300,200,82800,400,0,4100,78700,1176500,181000,74934000,362000,0,3710500,71223500,,,0,0,0,1634000,74000,0,71,146.5,51.2,75.9,18.9,63,29.1
"2026/01/26","2026/01/28","7267","本田技研工業","東証およびＰＴＳ",,"確報",113600,2000,334800,0,20700,0,334800,175455200,3089000,517098600,0,31971150,0,517098600,,,0,0,0,15958800,1480050,0,4.7,5.2,31.3,8.8,1.1,0.7,0.9
"2026/01/26","2026/01/28","7269","スズキ","東証およびＰＴＳ",,"確報",36300,1700,139000,3800,3300,8700,130300,79224750,3710250,303367500,8293500,7202250,18987750,284379750,,,0,0,0,8352000,656000,0,12.2,11.8,22.2,15.4,3.4,3.9,3.6
"2026/01/26","2026/01/28","7270","ＳＵＢＡＲＵ","東証およびＰＴＳ",,"確報",26800,10200,43600,100,20400,6700,36900,87421600,33272400,142223200,326200,66544800,21855400,120367800,,,0,0,0,4023000,4023000,0,2.5,1.8,2.1,1.9,6.3,2.2,3.3
"2026/01/26","2026/01/28","7271","安永","東証およびＰＴＳ",,"確報",0,300,6300,0,0,0,6300,0,368700,7742700,0,0,0,7742700,,,0,0,0,171600,0,0,38,38,38,38,0,0,0
"2026/01/26","2026/01/28","7272","ヤマハ発動機","東証およびＰＴＳ",,"確報",7800,0,377300,0,12300,8000,369300,9122100,0,441252350,0,14384850,9356000,431896350,,,0,0,0,12193500,669900,0,9.8,8.1,54.6,14.1,4.4,0.7,1.3
"2026/01/26","2026/01/28","7273","イクヨ","東証およびＰＴＳ",,"確報",1700,400,34600,0,0,0,34600,1315800,309600,26780400,0,0,0,26780400,,,0,0,0,499500,0,0,74.6,83.9,67.1,74.6,0,0,0
"2026/01/26","2026/01/28","7276","小糸製作所","東証およびＰＴＳ",,"確報",1400,1000,11700,5700,1900,37500,-25800,3346000,2390000,27963000,13623000,4541000,89625000,-61662000,,,0,0,0,824900,2460100,0,10.9,5.7,15.6,8.4,9,17.4,11.9
"2026/01/26","2026/01/28","7277","ＴＢＫ","東証およびＰＴＳ",,"確報",0,1100,52800,200,0,39200,13600,0,421300,20222400,76600,0,15013600,5208800,,,0,0,0,107800,78000,0,185.8,223.4,111.7,148.9,982.5,163.8,280.7
"2026/01/26","2026/01/28","7278","エクセディ","東証およびＰＴＳ",,"確報",1400,0,12300,2800,600,10300,2000,8050000,0,70725000,16100000,3450000,59225000,11500000,,,0,0,0,1853000,1377000,0,17.2,17.3,35.7,23.3,7.9,33.4,12.7
"2026/01/26","2026/01/28","7279","ハイレックス","東証およびＰＴＳ",,"確報",1400,5200,14300,1600,700,33600,-19300,5208000,19344000,53196000,5952000,2604000,124992000,-71796000,,,0,0,0,452500,817500,0,26.3,14,13.3,13.6,34.3,91.4,49.9
"2026/01/26","2026/01/28","7280","ミツバ","東証およびＰＴＳ",,"確報",21500,3900,188300,2700,24400,12300,176000,28810000,5226000,252322000,3618000,32696000,16482000,235840000,,,0,0,0,5803800,1156000,0,3,2.9,4.3,3.4,1.8,1.9,1.9
"2026/01/26","2026/01/28","7282","豊田合成","東証およびＰＴＳ",,"確報",400,1800,15900,200,300,11900,4000,1690400,7606800,67193400,845200,1267800,50289400,16904000,,,0,0,0,2145200,1488000,0,34.1,42.6,18.9,26.2,41.6,116.4,61.3
"2026/01/26","2026/01/28","7283","愛三工業","東証およびＰＴＳ",,"確報",5900,0,14900,13900,100,22800,-7900,13021300,0,32884300,30677300,220700,50319600,-17435300,,,0,0,0,567000,567000,0,9.9,7.7,72.3,13.9,4.1,117,7.9
"2026/01/26","2026/01/28","7284","盟和産業","東証およびＰＴＳ",,"確報",0,0,187500,0,0,0,187500,0,0,228937500,0,0,0,228937500,,,0,0,0,375000,0,0,0,0,0,0,0,0,0
"2026/01/26","2026/01/28","7287","日本精機","東証およびＰＴＳ",,"確報",11300,7800,37300,4000,500,37300,0,29662500,20475000,97912500,10500000,1312500,97912500,0,,,0,0,0,946400,946400,0,8.2,4.2,5.9,4.9,13.5,111.3,24
"2026/01/26","2026/01/28","7291","日本プラスト","東証およびＰＴＳ",,"確報",0,0,4100,0,0,0,4100,0,0,1857300,0,0,0,1857300,,,0,0,0,36900,0,0,6.7,208,41.6,69.3,1,1,1
"2026/01/26","2026/01/28","7292","村上開明堂","東証およびＰＴＳ",,"確報",0,0,52500,0,0,0,52500,0,0,349650000,0,0,0,349650000,,,0,0,0,1575000,0,0,0,0,0,0,0,0,0
"2026/01/26","2026/01/28","7294","ヨロズ","東証およびＰＴＳ",,"確報",400,0,33500,0,200,45000,-11500,412400,0,34538500,0,206200,46395000,-11856500,,,0,0,0,1390200,1898400,0,55.3,42.9,34.9,38.5,44,732.7,82.9
"2026/01/26","2026/01/28","7296","エフ・シー・シー","東証およびＰＴＳ",,"確報",2400,0,12600,4900,1000,26300,-13700,9192000,0,48258000,18767000,3830000,100729000,-52471000,,,0,0,0,714000,1568000,0,4.6,2.4,3.5,2.8,3.5,68.8,6.7
"2026/01/26","2026/01/28","7297","カーメイト","東証およびＰＴＳ",,"確報",0,0,100,0,0,0,100,0,0,87400,0,0,0,87400,,,0,0,0,1300,0,0,0,0,0,0,0,0,0
"2026/01/26","2026/01/28","7299","フジオーゼックス","東証およびＰＴＳ",,"確報",0,0,1800,0,0,0,1800,0,0,3846600,0,0,0,3846600,,,0,0,12600,0,0,0,84,42,0,84,0,0,0
"2026/01/26","2026/01/28","7305","新家工業","東証およびＰＴＳ",,"確報",9200,6100,12400,100,1400,8000,4400,48852000,32391000,65844000,531000,7434000,42480000,23364000,,,0,0,0,558000,558000,0,2.5,1.4,1.6,1.5,20.6,22.9,21.7
"2026/01/26","2026/01/28","7309","シマノ","東証およびＰＴＳ",,"確報",300,400,3300,800,0,800,2500,5211000,6948000,57321000,13896000,0,13896000,43425000,,,0,0,646000,0,0,0,9.7,19.3,10.2,13.4,1.2,3.7,1.8
"2026/01/26","2026/01/28","7313","テイ・エス　テック","東証およびＰＴＳ",,"確報",500,400,18700,19600,0,100500,-81800,951750,761400,35595450,37308600,0,191301750,-155706300,,,0,0,0,818400,3559600,0,10.4,20.7,18.2,19.4,4.9,85.3,9.2
"2026/01/26","2026/01/28","7314","小田原機器","東証およびＰＴＳ",,"確報",0,0,1100,0,0,0,1100,0,0,1282600,0,0,0,1282600,,,0,0,0,0,0,0,0,0,0,0,0,0,0
"2026/01/26","2026/01/28","7317","松屋アールアンドディ","東証およびＰＴＳ",,"確報",800,1200,13300,0,100,41600,-28300,866400,1299600,14403900,0,108300,45052800,-30648900,,,0,0,13700,0,0,41700,25.8,23.3,4.1,7,519,2076,830.4
"2026/01/26","2026/01/28","7318","セレンディップ","東証およびＰＴＳ",,"確報",500,1300,69800,0,0,0,69800,540500,1405300,75453800,0,0,0,75453800,,,0,0,0,917800,0,0,71.4,73.7,69.3,71.4,0,0,0
"2026/01/26","2026/01/28","7320","Ｓｏｌｖｖｙ","東証およびＰＴＳ",,"確報",500,0,20400,0,0,0,20400,732500,0,29886000,0,0,0,29886000,,,0,0,0,0,0,0,95.2,83.3,111.1,95.2,0,0,0
"2026/01/26","2026/01/28","7322","３３ＦＧ","東証およびＰＴＳ",,"確報",300,0,10100,200,1000,1700,8400,1491000,0,50197000,994000,4970000,8449000,41748000,,,0,0,0,1470000,375000,0,16.8,45.2,26.2,33.1,6.6,5,5.7
"2026/01/26","2026/01/28","7325","アイリック","東証およびＰＴＳ",,"確報",0,1700,3300,0,0,0,3300,0,1436500,2788500,0,0,0,2788500,,,0,0,40000,0,0,0,18.1,253,9.4,18.1,0,0,0
"2026/01/26","2026/01/28","7326","ＳＢＩインシュ","東証およびＰＴＳ",,"確報",400,900,23700,0,0,0,23700,840400,1890900,49793700,0,0,0,49793700,,,0,0,242000,0,0,0,25.4,29.2,22.6,25.4,0,0,0
"2026/01/26","2026/01/28","7327","第四北越ＦＧ","東証およびＰＴＳ",,"確報",16700,400,26000,2000,0,11700,14300,29943100,717200,46618000,3586000,0,20978100,25639900,,,0,0,0,582000,582000,0,4.2,2.5,4,3.1,10.9,7.6,8.9
"2026/01/26","2026/01/28","7337","ひろぎんＨＤ","東証およびＰＴＳ",,"確報",11700,1700,26500,0,11200,5300,21200,19749600,2869600,44732000,0,18905600,8946400,35785600,,,0,0,0,643500,643500,0,7.5,5.5,14.5,8,11.6,5,6.9
"2026/01/26","2026/01/28","7343","ブロードマインド","東証およびＰＴＳ",,"確報",0,100,2400,0,0,0,2400,0,136200,3268800,0,0,0,3268800,,,0,0,0,65000,0,0,121,121,121,121,0,0,0
"2026/01/26","2026/01/28","7345","アイパートナーズ","東証およびＰＴＳ",,"確報",100,0,200,0,0,0,200,81400,0,162800,0,0,0,162800,,,0,0,1300,0,0,0,5.6,14,3.5,5.6,0,0,0
"2026/01/26","2026/01/28","7347","マーキュリアＨＤ","東証およびＰＴＳ",,"確報",9000,100,123100,7900,0,23200,99900,7299000,81100,99834100,6406900,0,18815200,81018900,,,0,0,0,1027800,137700,0,21.3,14,783.7,27.6,3.8,343,7.6
"2026/01/26","2026/01/28","7350","おきなわＦＧ","東証およびＰＴＳ",,"確報",400,200,2400,0,800,1400,1000,2084000,1042000,12504000,0,4168000,7294000,5210000,,,0,0,0,418000,418000,0,6.3,10.3,11.2,10.7,2.4,5.1,3.3
"2026/01/26","2026/01/28","7351","グッドパッチ","東証およびＰＴＳ",,"確報",200,0,5800,0,0,0,5800,110200,0,3195800,0,0,0,3195800,,,0,0,0,44800,0,0,70.5,94,56.4,70.5,0,0,0
"2026/01/26","2026/01/28","7352","ＴＷＯＳＴＯＮＥ","東証およびＰＴＳ",,"確報",2600,0,74500,0,0,0,74500,1874600,0,53714500,0,0,0,53714500,,,0,0,0,2372700,0,0,71.4,67.5,75.8,71.4,0,0,0
"2026/01/26","2026/01/28","7353","ＫＩＹＯラーニング","東証およびＰＴＳ",,"確報",0,0,2500,0,0,0,2500,0,0,1700000,0,0,0,1700000,,,0,0,0,20000,0,0,0,0,0,0,0,0,0
"2026/01/26","2026/01/28","7354","ＤｍＭｉＸ","東証およびＰＴＳ",,"確報",0,0,71000,0,1500,10800,60200,0,0,22223000,0,469500,3380400,18842600,,,0,0,0,639000,110700,0,34.2,502.6,19.3,37.2,20.3,25.1,22.4
"2026/01/26","2026/01/28","7356","Ｒｅｔｔｙ","東証およびＰＴＳ",,"確報",1700,2300,62600,0,0,900,61700,256700,347300,9452600,0,0,135900,9316700,,,0,0,0,126400,1800,0,31.1,82.1,19.1,31,20.5,0,41
"2026/01/26","2026/01/28","7357","ジオコード","東証およびＰＴＳ",,"確報",300,1800,2800,0,0,0,2800,500700,3004200,4673200,0,0,0,4673200,,,0,0,348300,0,0,0,11.7,13.4,10.4,11.7,0,0,0
"2026/01/26","2026/01/28","7358","ポピンズ","東証およびＰＴＳ",,"確報",0,0,600,0,0,0,600,0,0,825000,0,0,0,825000,,,0,0,0,16200,0,0,17,34,11.3,17,0,0,0
"2026/01/26","2026/01/28","7359","東京通信グループ","東証およびＰＴＳ",,"確報",1400,0,16100,0,0,0,16100,499800,0,5747700,0,0,0,5747700,,,0,0,411600,0,0,0,23.8,37.6,17.5,23.8,0,0,0
"2026/01/26","2026/01/28","7360","オンデック","東証およびＰＴＳ",,"確報",0,200,1700,0,0,0,1700,0,159200,1353200,0,0,0,1353200,,,0,0,0,19000,0,0,27.3,20.5,41,27.3,0,0,0
"2026/01/26","2026/01/28","7361","ＨＣＨ","東証およびＰＴＳ",,"確報",0,0,900,0,0,0,900,0,0,1259100,0,0,0,1259100,,,0,0,0,2700,0,0,47,0,23.5,47,0,0,0
"2026/01/26","2026/01/28","7362","Ｔ．Ｓ．Ｉ","東証およびＰＴＳ",,"確報",0,0,400,0,0,0,400,0,0,326400,0,0,0,326400,,,0,0,0,1200,0,0,0,0,0,0,0,0,0
"2026/01/26","2026/01/28","7363","ベビーカレンダー","東証およびＰＴＳ",,"確報",0,0,1200,0,0,0,1200,0,0,1920000,0,0,0,1920000,,,0,0,0,18000,0,0,25.6,32,21.3,25.6,0,0,0
"2026/01/26","2026/01/28","7366","ＬＩＴＡＬＩＣＯ","東証およびＰＴＳ",,"確報",12200,2700,105200,16600,1600,105200,0,15396400,3407400,132762400,20949200,2019200,132762400,0,,,0,0,0,4785000,4510000,0,17.2,9.7,20.4,13.2,13.7,166.1,25.3
"2026/01/26","2026/01/28","7367","セルム","東証およびＰＴＳ",,"確報",0,800,6700,0,0,0,6700,0,279200,2338300,0,0,0,2338300,,,0,0,0,22500,0,0,22.4,32.6,17.1,22.4,0,0,0
"2026/01/26","2026/01/28","7368","表示灯","東証およびＰＴＳ",,"確報",0,0,0,0,0,0,0,0,0,0,0,0,0,0,,,0,0,0,0,0,0,0,0,0,0,0,0,0
"2026/01/26","2026/01/28","7369","メイホーＨＤ","東証およびＰＴＳ",,"確報",400,0,5300,0,0,0,5300,235200,0,3116400,0,0,0,3116400,,,0,0,0,0,0,0,35.7,35.7,35.7,35.7,0,0,0
"2026/01/26","2026/01/28","7370","Ｅｎｊｉｎ","東証およびＰＴＳ",,"確報",500,100,17600,400,0,4300,13300,413500,82700,14555200,330800,0,3556100,10999100,,,0,0,0,137600,31200,0,18.2,9.6,75.2,17.1,14.4,67.3,23.8
"2026/01/26","2026/01/28","7371","Ｚｅｎｋｅｎ","東証およびＰＴＳ",,"確報",0,100,12700,0,0,3300,9400,0,69400,8813800,0,0,2290200,6523600,,,0,0,0,179200,46200,0,32.4,15.5,318.5,29.6,43.3,57.7,49.4
"2026/01/26","2026/01/28","7372","デコルテＨＤ","東証およびＰＴＳ",,"確報",800,400,53900,0,0,0,53900,337600,168800,22745800,0,0,0,22745800,,,0,0,0,160500,0,0,124.5,121.7,127.5,124.5,0,0,0
"2026/01/26","2026/01/28","7373","アイドマＨＤ","東証およびＰＴＳ",,"確報",900,900,18000,0,600,2400,15600,1967400,1967400,39348000,0,1311600,5246400,34101600,,,0,0,0,2052000,342000,0,23.6,26.5,38.7,31.5,13.2,6.9,9.1
"2026/01/26","2026/01/28","7374","コンフィデンスＩ","東証およびＰＴＳ",,"確報",0,0,300,0,0,0,300,0,0,507900,0,0,0,507900,,,0,0,0,11100,0,0,21,0,10.5,21,0,0,0
"2026/01/26","2026/01/28","7375","リファインバスＧ","東証およびＰＴＳ",,"確報",100,0,3200,0,0,0,3200,91600,0,2931200,0,0,0,2931200,,,0,0,0,55800,0,0,20.5,22,19.3,20.5,0,0,0
"2026/01/26","2026/01/28","7376","ＢＣＣ","東証およびＰＴＳ",,"確報",0,3000,48800,0,0,0,48800,0,5730000,93208000,0,0,0,93208000,,,0,0,259000,0,0,0,170.7,0,85.3,170.7,0,0,0
"2026/01/26","2026/01/28","7377","ＤＮホールディングス","東証およびＰＴＳ",,"確報",0,0,600,0,0,0,600,0,0,1239600,0,0,0,1239600,,,0,0,0,8400,0,0,54,27,0,54,0,0,0
"2026/01/26","2026/01/28","7378","アシロ","東証およびＰＴＳ",,"確報",0,300,20700,0,3200,18900,1800,0,573600,39578400,0,6118400,36136800,3441600,,,0,0,0,525000,552500,0,11.9,28.9,10.6,15.5,15,7.3,9.8
"2026/01/26","2026/01/28","7380","十六ＦＧ","東証およびＰＴＳ",,"確報",4600,100,113300,400,10300,4300,109000,37812000,822000,931326000,3288000,84666000,35346000,895980000,,,0,0,0,31552000,4118000,0,4.2,2.3,45.5,4.3,3.6,3.5,3.5
"2026/01/26","2026/01/28","7381","ＣＣＩグループ","東証およびＰＴＳ",,"確報",46700,700,191000,19400,5600,191000,0,43804600,656600,179158000,18197200,5252800,179158000,0,,,0,0,0,5510000,6733600,0,15.1,7.4,16.8,10.3,26.9,21.7,24
"2026/01/26","2026/01/28","7383","ネットプロＨＤ","東証およびＰＴＳ",,"確報",11300,0,145300,15500,0,123500,21800,5740400,0,73812400,7874000,0,62738000,11074400,,,0,0,0,4020000,3240000,0,27.2,19.7,41.4,26.7,15.6,133.4,28
"2026/01/26","2026/01/28","7384","プロクレアＨＤ","東証およびＰＴＳ",,"確報",4300,1300,43200,17200,400,81200,-38000,11433700,3456700,114868800,45734800,1063600,215910800,-101042000,,,0,0,0,4623000,7406000,0,12.8,11.2,9.5,10.3,8.3,76.8,15
"2026/01/26","2026/01/28","7388","ＦＰパートナー","東証およびＰＴＳ",,"確報",1100,300,38900,100,4700,48800,-9900,2484900,677700,87875100,225900,10617300,110239200,-22364100,,,0,0,0,762000,1068000,0,20.3,32,58,41.2,14.6,15.1,14.9
"2026/01/26","2026/01/28","7389","あいちＦＧ","東証およびＰＴＳ",,"確報",200,700,8800,300,900,4800,4000,1094000,3829000,48136000,1641000,4923000,26256000,21880000,,,0,0,0,1488000,864000,0,13.8,16.7,29.9,21.4,8.9,8.6,8.7
"2026/01/26","2026/01/28","7399","ナンシン","東証およびＰＴＳ",,"確報",0,0,3000,0,0,0,3000,0,0,1785000,0,0,0,1785000,,,0,0,0,30000,0,0,0,0,0,0,0,0,0
"2026/01/26","2026/01/28","7409","ＡｅｒｏＥｄｇｅ","東証およびＰＴＳ",,"確報",500,600,13700,0,0,0,13700,1627500,1953000,44593500,0,0,0,44593500,,,0,0,0,2760000,0,0,15,12.3,19.3,15,0,0,0
"2026/01/26","2026/01/28","7412","アトム","東証およびＰＴＳ",,"確報",0,0,12100,15300,0,867800,-855700,0,0,7296300,9225900,0,523283400,-515987100,,,0,0,0,12100,852500,0,49.9,3.8,4.5,4.1,58.9,62.7,60.7
"2026/01/26","2026/01/28","7413","創健社","東証およびＰＴＳ",,"確報",0,0,0,0,0,0,0,0,0,0,0,0,0,0,,,0,0,0,0,0,0,0,0,0,0,0,0,0
"2026/01/26","2026/01/28","7414","小野建","東証およびＰＴＳ",,"確報",23300,7300,24800,100,0,8900,15900,33016100,10344100,35141600,141700,0,12611300,22530300,,,0,0,0,246400,246400,0,3,1.7,2.4,2,222.5,74.2,111.3
"2026/01/26","2026/01/28","7416","はるやまＨＤ","東証およびＰＴＳ",,"確報",200,100,3400,800,0,1500,1900,166400,83200,2828800,665600,0,1248000,1580800,,,0,0,95700,0,0,20300,12.3,14,15.3,14.6,4.1,41,7.5
"2026/01/26","2026/01/28","7417","南陽","東証およびＰＴＳ",,"確報",100,100,5200,0,100,200,5000,149800,149800,7789600,0,149800,299600,7490000,,,0,0,0,62400,3600,0,50.4,88,66,75.4,6.5,6.5,6.5
"2026/01/26","2026/01/28","7419","ノジマ","東証およびＰＴＳ",,"確報",500,0,19000,0,0,0,19000,615500,0,23389000,0,0,0,23389000,,,0,0,0,111000,0,0,25.6,25.6,25.6,25.6,0,0,0
"2026/01/26","2026/01/28","7420","佐鳥電機","東証およびＰＴＳ",,"確報",500,200,5400,0,0,0,5400,927000,370800,10011600,0,0,0,10011600,,,0,0,0,239700,0,0,16,12.1,38.2,18.3,0,0.8,1.5
"2026/01/26","2026/01/28","7421","カッパ・クリエイト","東証およびＰＴＳ",,"確報",1800,0,13700,4000,1300,82200,-68500,2826000,0,21509000,6280000,2041000,129054000,-107545000,,,0,0,0,95200,636000,0,23.2,9.1,6.1,7.3,22.9,253.9,42.1
"2026/01/26","2026/01/28","7422","東邦レマック","東証およびＰＴＳ",,"確報",0,100,300,0,0,0,300,0,48700,146100,0,0,0,146100,,,0,0,0,2400,0,0,8,0,4,8,0,0,0
"2026/01/26","2026/01/28","7425","初穂商事","東証およびＰＴＳ",,"確報",100,0,900,0,0,0,900,229900,0,2069100,0,0,0,2069100,,,0,0,0,41600,0,0,82,41,0,82,0,0,0
"2026/01/26","2026/01/28","7426","山大","東証およびＰＴＳ",,"確報",0,0,4000,0,0,0,4000,0,0,4908000,0,0,0,4908000,,,0,0,0,4000,0,0,17.7,24.4,13.9,17.7,0,0,0
"2026/01/26","2026/01/28","7427","エコートレーディング","東証およびＰＴＳ",,"確報",0,100,2500,0,100,500,2000,0,94300,2357500,0,94300,471500,1886000,,,0,0,13000,0,0,3000,23,131,26.2,43.7,5,15,7.5
"2026/01/26","2026/01/28","7433","伯東","東証およびＰＴＳ",,"確報",1300,700,6300,600,0,6300,0,5089500,2740500,24664500,2349000,0,24664500,0,,,0,0,0,541500,541500,0,9.5,5.3,8.5,6.5,10.7,46.5,17.4
"2026/01/26","2026/01/28","7434","オータケ","東証およびＰＴＳ",,"確報",0,0,100,0,0,0,100,0,0,193800,0,0,0,193800,,,0,0,0,1200,0,0,0,0,0,0,0,0,0
"2026/01/26","2026/01/28","7435","ナ・デックス","東証およびＰＴＳ",,"確報",0,0,400,0,0,0,400,0,0,390000,0,0,0,390000,,,0,0,1600,0,0,0,0,0,0,0,0,0,0
"2026/01/26","2026/01/28","7438","コンドーテック","東証およびＰＴＳ",,"確報",300,0,5700,300,0,5700,0,450600,0,8561400,450600,0,8561400,0,,,0,0,0,108000,108000,0,51.5,56.6,47.2,51.5,56.6,47.2,51.5
"2026/01/26","2026/01/28","7442","中山福","東証およびＰＴＳ",,"確報",0,0,2600,100,100,4400,-1800,0,0,1240200,47700,47700,2098800,-858600,,,0,0,0,7800,13200,0,13,8.7,4.5,5.9,53.8,107.5,71.7
"2026/01/26","2026/01/28","7443","横浜魚類","東証およびＰＴＳ",,"確報",100,0,1300,100,0,1300,0,65500,0,851500,65500,0,851500,0,,,0,0,0,6000,6000,0,16.3,9.5,19,12.7,14.3,57,22.8
"2026/01/26","2026/01/28","7444","ハリマ共和物産","東証およびＰＴＳ",,"確報",0,0,1400,0,0,0,1400,0,0,2921800,0,0,0,2921800,,,0,0,14000,0,0,0,12.2,33.5,7.4,12.2,0,0,0
"2026/01/26","2026/01/28","7445","ライトオン","東証およびＰＴＳ",,"確報",0,0,2100,0,0,0,2100,0,0,642600,0,0,0,642600,,,0,0,8400,0,0,0,42.8,107,26.8,42.8,0,0,0
"2026/01/26","2026/01/28","7446","東北化学薬品","東証およびＰＴＳ",,"確報",0,0,500,0,0,0,500,0,0,1960000,0,0,0,1960000,,,0,0,0,45000,0,0,8.6,0,4.3,8.6,0,0,0
"2026/01/26","2026/01/28","7447","ナガイレーベン","東証およびＰＴＳ",,"確報",1600,200,34900,1900,0,48000,-13100,2913600,364200,63552900,3459900,0,87408000,-23855100,,,0,0,0,871000,1198600,0,46.3,72.6,51.3,60.1,41.8,37.9,39.7
"2026/01/26","2026/01/28","7450","サンデー","東証およびＰＴＳ",,"確報",0,0,2000,0,0,0,2000,0,0,2552000,0,0,0,2552000,,,0,0,0,0,0,0,0,0,0,0,0,0,0
"2026/01/26","2026/01/28","7453","良品計画","東証およびＰＴＳ",,"確報",6200,26100,283800,600,2600,700,283100,18829400,79265700,861900600,1822200,7896200,2125900,859774700,,,0,0,911100,0,0,8100,18.2,21.6,18.3,19.8,2.8,1.9,2.3
"2026/01/26","2026/01/28","7455","パリミキＨＤ","東証およびＰＴＳ",,"確報",0,1100,400,0,0,0,400,0,633600,230400,0,0,0,230400,,,0,0,0,1500,0,0,10,0,5,10,0,0,0
"2026/01/26","2026/01/28","7456","松田産業","東証およびＰＴＳ",,"確報",600,300,15700,0,200,6100,9600,3684000,1842000,96398000,0,1228000,37454000,58944000,,,0,0,0,1232000,504000,0,16,22,24.8,23.3,8.2,8.7,8.4
"2026/01/26","2026/01/28","7458","第一興商","東証およびＰＴＳ",,"確報",0,1600,10600,1100,0,4300,6300,0,2702400,17903400,1857900,0,7262700,10640700,,,0,0,0,170800,44800,0,20.6,41.4,26.4,32.2,6.7,19.4,9.9
"2026/01/26","2026/01/28","7459","メディパルＨＤ","東証およびＰＴＳ",,"確報",300,600,6700,0,300,6700,0,858900,1717800,19182100,0,858900,19182100,0,,,0,0,0,420000,420000,0,11.3,10.1,10.1,10.1,34.8,7.6,12.5
"2026/01/26","2026/01/28","7460","ヤギ","東証およびＰＴＳ",,"確報",100,0,11800,0,200,800,11000,352500,0,41595000,0,705000,2820000,38775000,,,0,0,0,526500,45000,0,126.2,586,0,1172,11.3,9,10
"2026/01/26","2026/01/28","7461","キムラ","東証およびＰＴＳ",,"確報",0,100,1300,0,0,0,1300,0,50400,655200,0,0,0,655200,,,0,0,0,21000,0,0,67,67,67,67,0,0,0
"2026/01/26","2026/01/28","7462","ＣＡＰＩＴＡ","東証およびＰＴＳ",,"確報",0,0,200,0,0,0,200,0,0,119400,0,0,0,119400,,,0,0,0,600,0,0,20,10,0,20,0,0,0
"2026/01/26","2026/01/28","7463","アドヴァングループ","東証およびＰＴＳ",,"確報",100,0,13400,2500,0,26500,-13100,99200,0,13292800,2480000,0,26288000,-12995200,,,0,0,0,13300,24000,0,21.6,25.4,30.5,27.7,10.8,100.4,19.4
"2026/01/26","2026/01/28","7464","セフテック","東証およびＰＴＳ",,"確報",100,0,1300,0,0,0,1300,163700,0,2128100,0,0,0,2128100,,,0,0,0,10800,0,0,122,61,0,122,0,0,0
"2026/01/26","2026/01/28","7466","エスピーケイ","東証およびＰＴＳ",,"確報",0,0,1600,0,0,1600,0,0,0,3761600,0,0,3761600,0,,,0,0,0,48000,48000,0,17.8,20,5.7,8.9,0,0,0
"2026/01/26","2026/01/28","7467","萩原電気ＨＤ","東証およびＰＴＳ",,"確報",1100,0,7200,0,0,2100,5100,3993000,0,26136000,0,0,7623000,18513000,,,0,0,0,793000,273000,0,37,17.9,76,29,103,0,206
"2026/01/26","2026/01/28","7472","鳥羽洋行","東証およびＰＴＳ",,"確報",100,0,200,100,0,200,0,401500,0,803000,401500,0,803000,0,,,0,0,0,3500,3500,0,4,10,2.5,4,10,2.5,4
"2026/01/26","2026/01/28","7475","アルビス","東証およびＰＴＳ",,"確報",0,600,4200,100,200,7600,-3400,0,1614000,11298000,269000,538000,20444000,-9146000,,,0,0,0,168000,269500,0,33.1,41,10.7,17,63.7,127.3,84.9
"2026/01/26","2026/01/28","7476","アズワン","東証およびＰＴＳ",,"確報",600,400,10500,1500,100,28800,-18300,1440600,960400,25210500,3601500,240100,69148800,-43938300,,,0,0,0,283250,753500,0,19.5,17,21.8,19.1,14.2,31.7,19.6
"2026/01/26","2026/01/28","7477","ムラキ","東証およびＰＴＳ",,"確報",200,0,7200,0,0,0,7200,368200,0,13255200,0,0,0,13255200,,,0,0,0,259000,0,0,16.6,18.4,15.2,16.6,0,0,0
"2026/01/26","2026/01/28","7480","スズデン","東証およびＰＴＳ",,"確報",1900,10000,2900,0,200,4400,-1500,3275600,17240000,4999600,0,344800,7585600,-2586000,,,0,0,0,286000,119600,0,1.8,1.2,0.9,1,38.7,29,33.1
"2026/01/26","2026/01/28","7481","尾家産業","東証およびＰＴＳ",,"確報",0,0,1200,0,0,0,1200,0,0,3069600,0,0,0,3069600,,,0,0,6000,0,0,0,40.7,61,30.5,40.7,0,0,0
"2026/01/26","2026/01/28","7482","シモジマ","東証およびＰＴＳ",,"確報",200,300,4900,100,0,3500,1400,276600,414900,6776700,138300,0,4840500,1936200,,,0,0,0,105000,71400,0,35,52,20,28.9,59,44.3,50.6
"2026/01/26","2026/01/28","7483","ドウシシャ","東証およびＰＴＳ",,"確報",100,0,37900,1500,0,1500,36400,335500,0,127154500,5032500,0,5032500,122122000,,,0,0,0,2646000,0,0,62.1,170.4,58.6,87.2,1.3,6.3,2.1
"2026/01/26","2026/01/28","7486","サンリン","東証およびＰＴＳ",,"確報",0,0,9900,0,0,0,9900,0,0,7722000,0,0,0,7722000,,,0,0,0,39600,0,0,0,0,0,0,0,0,0
"2026/01/26","2026/01/28","7487","小津産業","東証およびＰＴＳ",,"確報",200,200,4100,0,0,4100,0,361000,361000,7400500,0,0,7400500,0,,,0,0,4100,0,0,4100,52.3,52.3,26.1,34.8,0,52.3,104.5
"2026/01/26","2026/01/28","7490","日新商事","東証およびＰＴＳ",,"確報",0,0,16800,0,0,0,16800,0,0,22041600,0,0,0,22041600,,,0,0,33600,0,0,0,1684,0,842,1684,0,0,0
"2026/01/26","2026/01/28","7494","コナカ","東証およびＰＴＳ",,"確報",100,0,9300,100,0,9300,0,25100,0,2334300,25100,0,2334300,0,,,0,0,0,9200,9200,0,108.7,232.5,116.3,155,91.8,76.5,83.5
"2026/01/26","2026/01/28","7500","西川計測","東証およびＰＴＳ",,"確報",100,0,200,0,0,0,200,1070000,0,2140000,0,0,0,2140000,,,0,0,0,31000,0,0,12,6,0,12,0,0,0
"2026/01/26","2026/01/28","7501","ティムコ","東証およびＰＴＳ",,"確報",0,0,300,0,0,0,300,0,0,500100,0,0,0,500100,,,0,0,9600,0,0,0,10,20,6.7,10,0,0,0
"2026/01/26","2026/01/28","7502","プラザＨＤ","東証およびＰＴＳ",,"確報",900,0,1000,0,0,0,1000,1614600,0,1794000,0,0,0,1794000,,,0,0,0,5400,0,0,3,1.7,15,3,0,0,0
"2026/01/26","2026/01/28","7504","高速","東証およびＰＴＳ",,"確報",1000,100,15200,300,100,32600,-17400,3090000,309000,46968000,927000,309000,100734000,-53766000,,,0,0,0,929500,2106000,0,38.1,35.7,102,52.9,17.6,387.8,33.7
"2026/01/26","2026/01/28","7505","扶桑電通","東証およびＰＴＳ",,"確報",0,100,7600,0,0,0,7600,0,197000,14972000,0,0,0,14972000,,,0,0,0,284900,0,0,151.6,126.3,189.5,151.6,0,0,0
"2026/01/26","2026/01/28","7506","ハウス　オブ　ローゼ","東証およびＰＴＳ",,"確報",200,0,8800,200,0,8800,0,279800,0,12311200,279800,0,12311200,0,,,0,0,0,17200,17200,0,8.6,4.3,52.7,8,4.7,369,9.2
"2026/01/26","2026/01/28","7508","Ｇ－７ＨＤ","東証およびＰＴＳ",,"確報",0,800,4000,200,0,3400,600,0,1196800,5984000,299200,0,5086400,897600,,,0,0,0,24000,16000,0,17.2,29.8,18.3,22.7,11.4,13.5,12.3
"2026/01/26","2026/01/28","7509","アイエーグループ","東証およびＰＴＳ",,"確報",0,0,100,0,0,0,100,0,0,417500,0,0,0,417500,,,0,0,1000,0,0,0,4,2,0,4,0,0,0
"2026/01/26","2026/01/28","7510","たけびし","東証およびＰＴＳ",,"確報",0,0,3900,500,100,3100,800,0,0,9204000,1180000,236000,7316000,1888000,,,0,0,0,35100,24300,0,17.6,26.1,91.5,40.7,8.9,11.8,10.1
"2026/01/26","2026/01/28","7512","イオン北海道","東証およびＰＴＳ",,"確報",800,1700,39800,0,900,39800,0,760800,1616700,37849800,0,855900,37849800,0,,,0,0,0,162800,162800,0,12.3,7.3,13.9,9.5,11.1,40.4,17.4
"2026/01/26","2026/01/28","7513","コジマ","東証およびＰＴＳ",,"確報",400,32900,47600,3400,0,123100,-75500,510800,42013300,60785200,4341800,0,157198700,-96413500,,,0,0,240300,0,0,359100,19.9,11.1,9.3,10.1,23.8,342.9,44.5
"2026/01/26","2026/01/28","7514","ヒマラヤ","東証およびＰＴＳ",,"確報",0,0,2200,0,0,0,2200,0,0,1940400,0,0,0,1940400,,,0,0,2200,0,0,0,0,0,0,0,0,0,0
"2026/01/26","2026/01/28","7515","マルヨシセンター","東証およびＰＴＳ",,"確報",0,0,300,0,0,0,300,0,0,1407000,0,0,0,1407000,,,0,0,12000,0,0,0,0,0,0,0,0,0,0
"2026/01/26","2026/01/28","7516","コーナン商事","東証およびＰＴＳ",,"確報",0,100,32000,0,4300,18400,13600,0,390500,124960000,0,16791500,71852000,53108000,,,0,0,0,160500,113500,0,59.6,803.5,178.6,292.2,68.9,17.2,27.6
"2026/01/26","2026/01/28","7520","エコス","東証およびＰＴＳ",,"確報",0,0,2300,0,0,0,2300,0,0,7095500,0,0,0,7095500,,,0,0,0,126500,0,0,113,56.5,0,113,0,0,0
"2026/01/26","2026/01/28","7521","ムサシ","東証およびＰＴＳ",,"確報",0,0,4800,0,0,0,4800,0,0,12172800,0,0,0,12172800,,,0,0,0,72000,0,0,29.4,21.4,47,29.4,0,0,0
"2026/01/26","2026/01/28","7522","ワタミ","東証およびＰＴＳ",,"確報",0,1300,4900,0,0,200,4700,0,1233700,4650100,0,0,189800,4460300,,,0,0,0,86800,2800,0,9.4,15.6,14.7,15.1,7,0.3,0.6
"2026/01/26","2026/01/28","7523","アールビバン","東証およびＰＴＳ",,"確報",4400,0,14600,0,0,0,14600,7321600,0,24294400,0,0,0,24294400,,,0,0,0,816000,0,0,25.2,12.6,0,25.2,0,0,0
"2026/01/26","2026/01/28","7524","マルシェ","東証およびＰＴＳ",,"確報",100,700,369500,0,400,15300,354200,19300,135100,71313500,0,77200,2952900,68360600,,,0,0,0,740200,31400,0,758.6,9999.9,2642.7,4624.8,0,19.7,39.3
"2026/01/26","2026/01/28","7525","リックス","東証およびＰＴＳ",,"確報",0,200,500,0,200,500,0,0,750000,1875000,0,750000,1875000,0,,,0,0,0,73500,73500,0,7.8,6.2,6.2,6.2,10.3,10.3,10.3
"2026/01/26","2026/01/28","7527","システムソフト","東証およびＰＴＳ",,"確報",3900,0,396100,0,0,0,396100,261300,0,26538700,0,0,0,26538700,,,0,0,0,392200,0,0,23,16.7,37,23,0,0,0
"2026/01/26","2026/01/28","7531","清和中央ＨＤ","東証およびＰＴＳ",,"確報",0,0,1200,0,0,0,1200,0,0,1892400,0,0,0,1892400,,,0,0,0,15600,0,0,120,0,60,120,0,0,0
"2026/01/26","2026/01/28","7532","パンパシフィックＨＤ","東証およびＰＴＳ",,"確報",3000,11900,594200,2600,3100,15900,578300,2783100,11039630,551239340,2412020,2875870,14750430,536488910,,,0,0,0,723720,19680,0,12.4,25.9,8.5,12.8,11.1,4.2,6.1
"2026/01/26","2026/01/28","7537","丸文","東証およびＰＴＳ",,"確報",1200,600,21600,1300,700,21600,0,1650000,825000,29700000,1787500,962500,29700000,0,,,0,0,0,798000,798000,0,5.3,3.5,2.6,3,18.8,29.3,22.9
"2026/01/26","2026/01/28","7538","大水","東証およびＰＴＳ",,"確報",0,0,2700,0,0,0,2700,0,0,1053000,0,0,0,1053000,,,0,0,0,24300,0,0,16.5,8.2,0,16.5,0,0,0
"2026/01/26","2026/01/28","7539","アイナボＨＤ","東証およびＰＴＳ",,"確報",0,0,3300,0,0,0,3300,0,0,2494800,0,0,0,2494800,,,0,0,0,6600,0,0,22.3,16.9,152,30.4,2,2,2
"2026/01/26","2026/01/28","7544","スリーエフ","東証およびＰＴＳ",,"確報",0,0,6400,0,0,0,6400,0,0,3763200,0,0,0,3763200,,,0,0,0,0,0,0,0,0,0,0,0,0,0
"2026/01/26","2026/01/28","7545","西松屋チェーン","東証およびＰＴＳ",,"確報",17300,400,49800,200,28800,49800,0,37714000,872000,108564000,436000,62784000,108564000,0,,,0,0,756700,0,0,1803200,7.9,3.8,5.1,4.3,39.8,10.9,17.1
"2026/01/26","2026/01/28","7550","ゼンショーＨＤ","東証およびＰＴＳ",,"確報",5400,0,22900,200,500,2100,20800,46164600,0,195772100,1709800,4274500,17952900,177819200,,,0,0,70000,0,0,9600,17.3,9.7,149.3,18.3,9.9,15.6,12.1
"2026/01/26","2026/01/28","75505","ゼンショーＨＤ－優","東証およびＰＴＳ",,"確報",0,0,0,0,0,0,0,0,0,0,0,0,0,0,,,0,0,0,0,0,0,0,0,0,0,0,0,0
"2026/01/26","2026/01/28","7551","ウェッズ","東証およびＰＴＳ",,"確報",100,200,200,0,100,200,0,67600,135200,135200,0,67600,135200,0,,,0,0,0,2100,2100,0,6.5,6.5,4.3,5.2,13,6.5,8.7
"2026/01/26","2026/01/28","7552","ハピネット","東証およびＰＴＳ",,"確報",500,0,27900,200,200,10100,17800,1435000,0,80073000,574000,574000,28987000,51086000,,,0,0,0,1287800,474700,0,36.4,32.4,442.7,60.4,22.6,16.1,18.8
"2026/01/26","2026/01/28","7554","幸楽苑","東証およびＰＴＳ",,"確報",200,200,10700,500,0,29100,-18400,229600,229600,12283600,574000,0,33406800,-21123200,,,0,0,0,53500,143000,0,34.6,40.8,59,48.3,59.8,21.3,31.5
"2026/01/26","2026/01/28","7555","大田花き","東証およびＰＴＳ",,"確報",0,0,0,0,0,0,0,0,0,0,0,0,0,0,,,0,0,0,0,0,0,0,0,0,0,0,0,0
"2026/01/26","2026/01/28","7561","ハークスレイ","東証およびＰＴＳ",,"確報",0,300,8700,0,100,100,8600,0,209100,6063900,0,69700,69700,5994200,,,0,0,0,45000,1000,0,34.5,30.5,45.8,36.6,8,8,8
"2026/01/26","2026/01/28","7562","安楽亭","東証およびＰＴＳ",,"確報",200,100,1100,0,0,0,1100,748000,374000,4114000,0,0,0,4114000,,,0,0,5000,0,0,0,34,25.5,51,34,0,0,0
"2026/01/26","2026/01/28","7564","ワークマン","東証およびＰＴＳ",,"確報",1300,1500,19000,300,1700,3700,15300,8515000,9825000,124450000,1965000,11135000,24235000,100215000,,,0,0,384000,0,0,102000,12.2,10.3,23.2,14.2,13.6,6.1,8.4
"2026/01/26","2026/01/28","7565","萬世電機","東証およびＰＴＳ",,"確報",0,0,0,0,0,0,0,0,0,0,0,0,0,0,,,0,0,0,0,0,0,0,0,0,0,0,0,0
"2026/01/26","2026/01/28","7567","栄電子","東証およびＰＴＳ",,"確報",0,0,2300,0,0,0,2300,0,0,1154600,0,0,0,1154600,,,0,0,4600,0,0,0,0,0,0,0,0,0,0
"2026/01/26","2026/01/28","7570","橋本総業ＨＤ","東証およびＰＴＳ",,"確報",0,0,4000,100,0,2200,1800,0,0,5284000,132100,0,2906200,2377800,,,0,0,0,80000,42000,0,53.2,207,69,103.5,28,28,28
"2026/01/26","2026/01/28","7571","ヤマノＨＤ","東証およびＰＴＳ",,"確報",51900,1000,106300,5100,100,5100,101200,6020400,116000,12330800,591600,11600,591600,11739200,,,0,0,498600,0,0,900,6.4,3.7,186.1,7.3,1,0.9,0.9
"2026/01/26","2026/01/28","7575","日本ライフライン","東証およびＰＴＳ",,"確報",0,900,11300,0,400,100,11200,0,1410300,17707100,0,626800,156700,17550400,,,0,0,0,305000,12500,0,28.3,623,28.3,54.2,2.5,2.3,2.3
"2026/01/26","2026/01/28","7578","ニチリョク","東証およびＰＴＳ",,"確報",100,100,27600,0,0,0,27600,12400,12400,3422400,0,0,0,3422400,,,0,0,0,55200,0,0,21.6,10.9,1168,21.6,0,0,0
"2026/01/26","2026/01/28","7581","サイゼリヤ","東証およびＰＴＳ",,"確報",100,1600,8000,800,4800,18100,-10100,634000,10144000,50720000,5072000,30432000,114754000,-64034000,,,0,0,665000,0,0,1547000,4.7,4.6,1.9,2.6,6.4,9,7.5
"2026/01/26","2026/01/28","7585","かんなん丸","東証およびＰＴＳ",,"確報",0,0,100,0,0,0,100,0,0,41500,0,0,0,41500,,,0,0,0,100,0,0,0,0,0,0,0,0,0
"2026/01/26","2026/01/28","7590","タカショー","東証およびＰＴＳ",,"確報",100,100,6600,0,0,0,6600,40300,40300,2659800,0,0,0,2659800,,,0,0,0,19800,0,0,13.3,12.6,14,13.3,0,0,0
"2026/01/26","2026/01/28","7593","ＶＴホールディングス","東証およびＰＴＳ",,"確報",300,0,19500,0,800,13100,6400,164400,0,10686000,0,438400,7178800,3507200,,,0,0,0,57600,41700,0,30.7,46,15.1,22.8,67.3,74.8,70.8
"2026/01/26","2026/01/28","7595","アルゴグラフィックス","東証およびＰＴＳ",,"確報",0,8800,18700,0,8800,18700,0,0,13508000,28704500,0,13508000,28704500,0,,,0,0,0,1567500,1567500,0,8.6,9.3,6.9,7.9,11.2,7.9,9.3
"2026/01/26","2026/01/28","7596","魚力","東証およびＰＴＳ",,"確報",0,0,500,0,0,0,500,0,0,1170500,0,0,0,1170500,,,0,0,0,7000,0,0,0,0,0,0,0,0,0
"2026/01/26","2026/01/28","7599","ＩＤＯＭ","東証およびＰＴＳ",,"確報",37100,0,49100,38100,1000,49100,0,55798400,0,73846400,57302400,1504000,73846400,0,,,0,0,1608000,0,0,1608000,2.9,1.8,16.1,3.3,1.5,10.1,2.6
"2026/01/26","2026/01/28","7600","日本エム・ディ・エム","東証およびＰＴＳ",,"確報",700,0,91800,1700,100,57500,34300,341600,0,44798400,829600,48800,28060000,16738400,,,0,0,0,819900,503100,0,88.1,570.4,4563,1014,21.7,96.4,35.4
"2026/01/26","2026/01/28","7601","ポプラ","東証およびＰＴＳ",,"確報",0,0,27000,0,0,0,27000,0,0,5022000,0,0,0,5022000,,,0,0,0,27000,0,0,540.8,1352,338,540.8,0,0,0
"2026/01/26","2026/01/28","7602","レダックス","東証およびＰＴＳ",,"確報",46500,73800,139400,189200,69300,806000,-666600,12694500,20147400,38056200,51651600,18918900,220038000,-181981800,,,0,0,8501700,0,0,34991100,10.3,8.5,5.2,6.5,7.7,32.1,12.4
"2026/01/26","2026/01/28","7603","ジーイエット","東証およびＰＴＳ",,"確報",4400,106100,188100,0,0,0,188100,1254000,30238500,53608500,0,0,0,53608500,,,0,0,23184000,0,0,0,18.9,54.2,11.4,18.9,0,0,0
"2026/01/26","2026/01/28","7604","梅の花グループ","東証およびＰＴＳ",,"確報",0,100,600,0,0,0,600,0,84900,509400,0,0,0,509400,,,0,0,700,0,0,0,9,9,9,9,0,0,0
"2026/01/26","2026/01/28","7606","ユナイテッドアローズ","東証およびＰＴＳ",,"確報",0,600,10600,3400,900,15600,-5000,0,1456800,25736800,8255200,2185200,37876800,-12140000,,,0,0,0,0,0,0,12.9,15.6,21.1,18,9.2,13.5,11
"2026/01/26","2026/01/28","7607","進和","東証およびＰＴＳ",,"確報",400,700,2200,0,300,2200,0,1238000,2166500,6809000,0,928500,6809000,0,,,0,0,0,287500,287500,0,15.1,13.4,8.6,10.5,60.5,17.3,26.9
"2026/01/26","2026/01/28","7608","エスケイジャパン","東証およびＰＴＳ",,"確報",1700,100,32600,0,500,2300,30300,2645200,155600,50725600,0,778000,3578800,47146800,,,0,0,0,1364000,123200,0,19.1,18.1,25.5,21.1,6.2,10.6,7.8
"2026/01/26","2026/01/28","7609","ダイトロン","東証およびＰＴＳ",,"確報",4400,100,15600,0,300,4200,11400,10942800,248700,38797200,0,746100,10445400,28351800,,,0,0,0,1378600,549000,0,20,10.9,47.7,17.7,27.3,36.3,31.1
"2026/01/26","2026/01/28","7610","テイツー","東証およびＰＴＳ",,"確報",3600,0,355700,0,300,17600,338100,522000,0,51576500,0,43500,2552000,49024500,,,0,0,0,352100,17900,0,8.9,53.8,4.8,8.7,356.3,9.9,19.3
"2026/01/26","2026/01/28","7611","ハイデイ日高","東証およびＰＴＳ",,"確報",1000,400,15900,400,800,4100,11800,3210000,1284000,51039000,1284000,2568000,13161000,37878000,,,0,0,0,76500,22500,0,24.7,24.3,45.8,31.8,24.5,10.2,14.4
"2026/01/26","2026/01/28","7613","シークス","東証およびＰＴＳ",,"確報",700,1000,11500,0,300,11500,0,885500,1265000,14547500,0,379500,14547500,0,,,0,0,0,554600,554600,0,8.6,7.9,7,7.4,11.3,9.4,10.2
"2026/01/26","2026/01/28","7614","オーエムツーＮＷ","東証およびＰＴＳ",,"確報",100,0,9700,0,0,0,9700,159600,0,15481200,0,0,0,15481200,,,0,0,0,105600,0,0,962,481,0,962,0,0,0
"2026/01/26","2026/01/28","7615","京都きもの友禅ＨＤ","東証およびＰＴＳ",,"確報",200,700,255200,0,0,0,255200,30200,105700,38535200,0,0,0,38535200,,,0,0,0,511400,0,0,64.9,67.1,62.8,64.9,0,0,0
"2026/01/26","2026/01/28","7616","コロワイド","東証およびＰＴＳ",,"確報",400,500,15100,500,600,15100,0,712000,890000,26878000,890000,1068000,26878000,0,,,0,0,83600,0,0,83600,22.7,18,17.2,17.6,33.5,30.8,32.1
"2026/01/26","2026/01/28","7619","田中商事","東証およびＰＴＳ",,"確報",0,200,800,0,0,0,800,0,182400,729600,0,0,0,729600,,,0,0,0,3000,0,0,6.9,8.8,7.3,8,1,1,1
"2026/01/26","2026/01/28","7621","うかい","東証およびＰＴＳ",,"確報",0,0,0,0,0,0,0,0,0,0,0,0,0,0,,,0,0,0,0,0,0,0,0,0,0,0,0,0
"2026/01/26","2026/01/28","7624","ＮａＩＴＯ","東証およびＰＴＳ",,"確報",0,0,3900,0,0,0,3900,0,0,553800,0,0,0,553800,,,0,0,0,7800,0,0,9.7,23.3,6.1,9.7,0,0,0
"2026/01/26","2026/01/28","7625","グローバルダイニング","東証およびＰＴＳ",,"確報",0,0,2600,0,0,400,2200,0,0,1037400,0,0,159600,877800,,,0,0,0,5200,800,0,296,0,0,0,18,0,36
"2026/01/26","2026/01/28","7628","オーハシテクニカ","東証およびＰＴＳ",,"確報",200,200,5300,0,100,10200,-4900,239600,239600,6349400,0,119800,12219600,-5870200,,,0,0,0,116600,226600,0,24.8,12.9,19.8,15.6,48.5,26.7,34.5
"2026/01/26","2026/01/28","7630","壱番屋","東証およびＰＴＳ",,"確報",5000,2100,88200,400,0,90400,-2200,4545000,1908900,80173800,363600,0,82173600,-1999800,,,0,0,0,0,0,0,24,13.5,16.2,14.8,39.7,115.1,59
"2026/01/26","2026/01/28","7634","星医療酸器","東証およびＰＴＳ",,"確報",0,0,0,0,0,0,0,0,0,0,0,0,0,0,,,0,0,0,0,0,0,0,0,0,0,0,0,0
"2026/01/26","2026/01/28","7635","杉田エース","東証およびＰＴＳ",,"確報",0,0,0,0,0,0,0,0,0,0,0,0,0,0,,,0,0,0,0,0,0,0,0,0,0,0,0,0
"2026/01/26","2026/01/28","7636","ハンズマン","東証およびＰＴＳ",,"確報",0,0,300,0,0,0,300,0,0,247800,0,0,0,247800,,,0,0,0,1200,0,0,8.7,6.5,13,8.7,0,0,0
"2026/01/26","2026/01/28","7637","白銅","東証およびＰＴＳ",,"確報",7400,200,10600,100,0,10600,0,17612000,476000,25228000,238000,0,25228000,0,,,0,0,0,187000,577500,0,3.6,1.4,1.9,1.6,28.7,86,43
"2026/01/26","2026/01/28","7638","ＮＥＷ　ＡＲＴ","東証およびＰＴＳ",,"確報",0,0,2100,0,0,2100,0,0,0,3032400,0,0,3032400,0,,,0,0,0,48300,48300,0,42.4,26.5,26.5,26.5,106,106,106
"2026/01/26","2026/01/28","7640","トップカルチャー","東証およびＰＴＳ",,"確報",4800,5000,89600,0,200,89600,0,974400,1015000,18188800,0,40600,18188800,0,,,0,0,0,359200,359200,0,62.9,42.3,32.6,36.8,906,122.4,215.7
"2026/01/26","2026/01/28","7643","ダイイチ","東証およびＰＴＳ",,"確報",0,0,400,0,0,0,400,0,0,720400,0,0,0,720400,,,0,0,0,7600,0,0,0,0,0,0,0,0,0
"2026/01/26","2026/01/28","7646","ＰＬＡＮＴ","東証およびＰＴＳ",,"確報",0,0,2000,0,0,0,2000,0,0,4210000,0,0,0,4210000,,,0,0,2000,0,0,0,35.3,53,26.5,35.3,0,0,0
"2026/01/26","2026/01/28","7649","スギホールディングス","東証およびＰＴＳ",,"確報",3900,3800,19400,500,400,19400,0,14804400,14424800,73642400,1898000,1518400,73642400,0,,,0,0,0,540400,540400,0,6.3,4.3,4.3,4.3,11.7,12.4,12.1
"2026/01/26","2026/01/28","7670","オーウエル","東証およびＰＴＳ",,"確報",100,0,2600,0,0,0,2600,109400,0,2844400,0,0,0,2844400,,,0,0,0,15000,0,0,124,62,0,124,0,0,0
"2026/01/26","2026/01/28","7673","ダイコー通産","東証およびＰＴＳ",,"確報",0,0,6200,0,0,0,6200,0,0,10502800,0,0,0,10502800,,,0,0,18600,0,0,0,61.2,34,306,61.2,0,0,0
"2026/01/26","2026/01/28","7674","ＮＡＴＴＹＨＤ","東証およびＰＴＳ",,"確報",0,0,600,0,0,0,600,0,0,1824000,0,0,0,1824000,,,0,0,0,3000,0,0,0,0,0,0,0,0,0
"2026/01/26","2026/01/28","7677","ヤシマキザイ","東証およびＰＴＳ",,"確報",0,0,100,0,0,0,100,0,0,286000,0,0,0,286000,,,0,0,0,0,0,0,4,6,3,4,0,0,0
"2026/01/26","2026/01/28","7678","あさくま","東証およびＰＴＳ",,"確報",0,500,900,11900,500,58000,-57100,0,2432500,4378500,57893500,2432500,282170000,-277791500,,,0,0,0,7000,233000,0,19.3,0,8.3,16.7,10.3,161.9,19.4
"2026/01/26","2026/01/28","7679","薬王堂ＨＤ","東証およびＰＴＳ",,"確報",3000,7700,28500,0,1500,31300,-2800,6213000,15946700,59023500,0,3106500,64822300,-5798800,,,0,0,0,33200,32800,0,9.5,6.1,4.8,5.3,33.2,37.9,35.4
"2026/01/26","2026/01/28","7681","レオクラン","東証およびＰＴＳ",,"確報",0,0,1200,0,0,0,1200,0,0,1213200,0,0,0,1213200,,,0,0,0,26400,0,0,61,61,61,61,0,0,0
"2026/01/26","2026/01/28","7682","浜木綿","東証およびＰＴＳ",,"確報",0,0,100,0,0,0,100,0,0,407000,0,0,0,407000,,,0,0,500,0,0,0,0,0,0,0,0,0,0
"2026/01/26","2026/01/28","7683","ダブルエー","東証およびＰＴＳ",,"確報",0,0,400,0,0,0,400,0,0,568800,0,0,0,568800,,,0,0,1600,0,0,0,22,0,11,22,0,0,0
"2026/01/26","2026/01/28","7685","ＢＵＹＳＥＬＬ","東証およびＰＴＳ",,"確報",2700,500,9500,0,0,0,9500,13581000,2515000,47785000,0,0,0,47785000,,,0,0,328500,0,0,0,15.2,9.8,34.6,15.2,0,0,0
"2026/01/26","2026/01/28","7686","ひとまいる","東証およびＰＴＳ",,"確報",0,100,17600,0,0,0,17600,0,44400,7814400,0,0,0,7814400,,,0,0,0,35400,0,0,104,441,67.8,117.6,2,2,2
"2026/01/26","2026/01/28","7687","ミクリード","東証およびＰＴＳ",,"確報",200,0,2300,0,0,0,2300,105000,0,1207500,0,0,0,1207500,,,0,0,0,31500,0,0,6.1,6.8,5.6,6.1,0,0,0
"2026/01/26","2026/01/28","7689","コパ","東証およびＰＴＳ",,"確報",0,100,300,0,0,0,300,0,41900,125700,0,0,0,125700,,,0,0,0,4800,0,0,5.3,5.3,5.3,5.3,0,0,0
"2026/01/26","2026/01/28","7692","アースインフィニティ","東証およびＰＴＳ",,"確報",22600,0,249900,0,0,0,249900,2350400,0,25989600,0,0,0,25989600,,,0,0,0,227300,0,0,50.6,26.7,489.3,50.6,0,0,0
"2026/01/26","2026/01/28","7694","いつも","東証およびＰＴＳ",,"確報",1000,0,5600,0,0,0,5600,657000,0,3679200,0,0,0,3679200,,,0,0,0,101200,0,0,17,8.8,229,17,0,0,0
"2026/01/26","2026/01/28","7695","交換できるくん","東証およびＰＴＳ",,"確報",0,0,7000,0,0,0,7000,0,0,5614000,0,0,0,5614000,,,0,0,0,14000,0,0,698,349,0,698,0,0,0
"2026/01/26","2026/01/28","7698","アイスコ","東証およびＰＴＳ",,"確報",0,0,2300,0,0,0,2300,0,0,5973100,0,0,0,5973100,,,0,0,0,119600,0,0,113,113,113,113,0,0,0
"2026/01/26","2026/01/28","7699","ＯＰＳ","東証およびＰＴＳ",,"確報",0,0,0,0,0,0,0,0,0,0,0,0,0,0,,,0,0,0,0,0,0,0,0,0,0,0,0,0
"2026/01/26","2026/01/28","7701","島津製作所","東証およびＰＴＳ",,"確報",6800,2200,14300,100,200,9600,4700,29484800,9539200,62004800,433600,867200,41625600,20379200,,,0,0,0,805100,805100,0,8.7,4.1,12.4,6.1,9.9,79,17.6
"2026/01/26","2026/01/28","7702","ジェイ・エム・エス","東証およびＰＴＳ",,"確報",32000,5900,33200,200,0,7300,25900,14336000,2643200,14873600,89600,0,3270400,11603200,,,0,0,0,35500,35500,0,1.5,1.1,1.3,1.2,73.2,6.7,12.2
"2026/01/26","2026/01/28","7707","プレシジョンＳＳ","東証およびＰＴＳ",,"確報",25900,7700,201800,8600,0,201800,0,5853400,1740200,45606800,1943600,0,45606800,0,,,0,0,0,918000,966000,0,17.3,8.9,15.4,11.3,19.7,212.4,36
"2026/01/26","2026/01/28","7709","クボテック","東証およびＰＴＳ",,"確報",600,500,48100,100,0,48100,0,113400,94500,9090900,18900,0,9090900,0,,,0,0,0,96000,96000,0,120.3,68.7,80.2,74,240.6,481.2,320.8
"2026/01/26","2026/01/28","7711","助川電気工業","東証およびＰＴＳ",,"確報",1300,4200,74900,0,0,0,74900,9568000,30912000,551264000,0,0,0,551264000,,,0,0,0,14782000,0,0,31.2,50.6,22.5,31.2,0,0,0
"2026/01/26","2026/01/28","7713","シグマ光機","東証およびＰＴＳ",,"確報",500,0,20400,0,0,0,20400,787000,0,32109600,0,0,0,32109600,,,0,0,0,378100,0,0,47.2,207.6,26.6,47.2,0,0,0
"2026/01/26","2026/01/28","7715","長野計器","東証およびＰＴＳ",,"確報",5700,6300,14800,100,900,14800,0,15224700,16827300,39530800,267100,2403900,39530800,0,,,0,0,0,1170400,1185600,0,7,3.9,3.8,3.8,39.8,32.9,36
"2026/01/26","2026/01/28","7716","ナカニシ","東証およびＰＴＳ",,"確報",1000,0,10300,1200,200,10300,0,2184000,0,22495200,2620800,436800,22495200,0,,,0,0,0,399900,399900,0,13.5,11.4,28.2,16.2,6.1,72.7,11.3
"2026/01/26","2026/01/28","7717","ブイ・テクノロジー","東証およびＰＴＳ",,"確報",2200,700,15300,600,0,600,14700,6787000,2159500,47200500,1851000,0,1851000,45349500,,,0,0,0,2070000,0,0,15.2,10.8,32,16.2,1,0,2
"2026/01/26","2026/01/28","7718","スター精密","東証およびＰＴＳ",,"確報",0,0,1800,0,0,1800,0,0,0,3954600,0,0,3954600,0,,,0,0,0,0,0,0,90,45,45,45,0,0,0
"2026/01/26","2026/01/28","7719","東京衡機","東証およびＰＴＳ",,"確報",600,0,19000,0,0,0,19000,189000,0,5985000,0,0,0,5985000,,,0,0,0,128800,0,0,34.6,42.8,29,34.6,0,0,0
"2026/01/26","2026/01/28","7721","東京計器","東証およびＰＴＳ",,"確報",5400,500,50500,1700,500,8600,41900,36288000,3360000,339360000,11424000,3360000,57792000,281568000,,,0,0,2736000,0,0,444000,13,16.4,16.6,16.5,11.7,4,5.9
"2026/01/26","2026/01/28","7722","国際計測器","東証およびＰＴＳ",,"確報",300,0,10600,0,0,0,10600,295200,0,10430400,0,0,0,10430400,,,0,0,0,226600,0,0,128.5,73.4,514,128.5,0,0,0
"2026/01/26","2026/01/28","7723","愛知時計電機","東証およびＰＴＳ",,"確報",300,0,5100,300,0,5100,0,843000,0,14331000,843000,0,14331000,0,,,0,0,0,321600,321600,0,27.9,17.9,25.1,20.9,31.4,62.8,41.8
"2026/01/26","2026/01/28","7725","インターアクション","東証およびＰＴＳ",,"確報",7400,600,51300,2900,21700,68100,-16800,10493200,850800,72743400,4112200,30770600,96565800,-23822400,,,0,0,0,2091500,4084300,0,10.3,5.6,6.7,6.1,27.6,15,19.4
"2026/01/26","2026/01/28","7726","黒田精工","東証およびＰＴＳ",,"確報",1000,4600,38800,0,0,79400,-40600,995000,4577000,38606000,0,0,79003000,-40397000,,,0,0,0,2120000,3970000,0,40.2,34.7,21.1,26.2,147.8,33,53.9
"2026/01/26","2026/01/28","7727","オーバル","東証およびＰＴＳ",,"確報",800,9300,32200,6400,35000,80000,-47800,606400,7049400,24407600,4851200,26530000,60640000,-36232400,,,0,0,0,1139600,3040800,0,11.5,12.2,10.3,11.2,12.1,11.2,11.6
"2026/01/26","2026/01/28","7729","東京精密","東証およびＰＴＳ",,"確報",700,800,8600,0,3500,4500,4100,9166500,10476000,112617000,0,45832500,58927500,53689500,,,0,0,0,4350000,4000000,0,5.5,5.9,7.8,6.7,5.4,4,4.6
"2026/01/26","2026/01/28","7730","マニー","東証およびＰＴＳ",,"確報",0,800,16000,300,4300,11800,4200,0,1262400,25248000,473400,6785400,18620400,6627600,,,0,0,0,705600,663600,0,5.3,5.2,3.1,3.9,128.2,4.7,9
"2026/01/26","2026/01/28","7731","ニコン","東証およびＰＴＳ",,"確報",4100,0,46400,2100,47200,56300,-9900,7857650,0,88925600,4024650,90458800,107898950,-18973350,,,0,0,0,1417050,3396900,0,3.8,3.4,4.2,3.8,3.4,4.3,3.8
"2026/01/26","2026/01/28","7733","オリンパス","東証およびＰＴＳ",,"確報",8600,0,49000,300,3400,3800,45200,15879900,0,90478500,553950,6278100,7016700,83461800,,,0,0,0,2201800,376050,0,8.9,6.9,60.9,12.4,4,2.6,3.2
"2026/01/26","2026/01/28","7734","理研計器","東証およびＰＴＳ",,"確報",400,0,9100,3400,0,41700,-32600,1346000,0,30621500,11441000,0,140320500,-109699000,,,0,0,0,217500,957500,0,29.8,14.1,22.6,17.4,21.4,107.1,35.7
"2026/01/26","2026/01/28","7735","ＳＣＲＥＥＮ　ＨＤ","東証およびＰＴＳ",,"確報",2200,7300,46300,2300,600,30000,16300,41866000,138919000,881089000,43769000,11418000,570900000,310189000,,,0,0,0,25443000,14008500,0,10.1,12.4,14.4,13.3,4.9,12.3,7
"2026/01/26","2026/01/28","7739","キヤノン電子","東証およびＰＴＳ",,"確報",1000,2100,14300,0,0,0,14300,3625000,7612500,51837500,0,0,0,51837500,,,0,0,0,0,0,0,4,3.7,4.4,4,0,0,0
"2026/01/26","2026/01/28","7740","タムロン","東証およびＰＴＳ",,"確報",300,0,16100,0,0,100,16000,312300,0,16760100,0,0,104100,16656000,,,0,0,0,331800,2100,0,14.2,22.3,21.8,22,1.3,1.3,1.3
"2026/01/26","2026/01/28","7741","ＨＯＹＡ","東証およびＰＴＳ",,"確報",9900,100,16800,200,2400,16800,0,245817000,2483000,417144000,4966000,59592000,417144000,0,,,0,0,0,4270000,11590000,0,7.8,2.8,9.5,4.3,15.3,9.3,11.5
"2026/01/26","2026/01/28","7743","シード","東証およびＰＴＳ",,"確報",0,200,4300,100,0,900,3400,0,117600,2528400,58800,0,529200,1999200,,,0,0,0,9000,1600,0,38.9,225,32.1,56.3,23.5,11.8,15.7
"2026/01/26","2026/01/28","7744","ノーリツ鋼機","東証およびＰＴＳ",,"確報",300,600,6200,0,0,1600,4600,634800,1269600,13119200,0,0,3385600,9733600,,,0,0,208000,0,0,51200,15.4,34.2,11.4,17.1,13.9,9.7,11.4
"2026/01/26","2026/01/28","7745","Ａ＆ＤホロンＨＤ","東証およびＰＴＳ",,"確報",21500,10900,31700,2400,300,23200,8500,50331500,25516900,74209700,5618400,702300,54311200,19898500,,,0,0,0,717400,717400,0,3.2,1.7,2.1,1.9,13.6,58.6,22
"2026/01/26","2026/01/28","7746","岡本硝子","東証およびＰＴＳ",,"確報",29200,3000,439400,0,30900,154600,284800,33492400,3441000,503991800,0,35442300,177326200,326665600,,,0,0,0,34295600,15396500,0,12.6,10,10.6,10.3,61.6,16,25.4
"2026/01/26","2026/01/28","7747","朝日インテック","東証およびＰＴＳ",,"確報",1800,200,37000,2000,500,20100,16900,4922100,546900,101176500,5469000,1367250,54963450,46213050,,,0,0,0,2318700,1218300,0,30.1,21,67.1,32,22.4,34.4,27.2
"2026/01/26","2026/01/28","7749","メディキット","東証およびＰＴＳ",,"確報",0,0,0,0,0,0,0,0,0,0,0,0,0,0,,,0,0,0,0,0,0,1,1,1,1,0,0,0
"2026/01/26","2026/01/28","7751","キヤノン","東証およびＰＴＳ",,"確報",96800,2200,170500,400,900,400,170100,435019200,9886800,766227000,1797600,4044600,1797600,764429400,,,0,0,0,11309100,134100,0,7.3,4.7,21.1,7.6,1.5,0.8,1
"2026/01/26","2026/01/28","7752","リコー","東証およびＰＴＳ",,"確報",18500,0,65700,0,0,0,65700,25187750,0,89450550,0,0,0,89450550,,,0,0,0,1911600,0,0,9.5,6,69.8,11,0,0.8,1.7
"2026/01/26","2026/01/28","7760","ＩＭＶ","東証およびＰＴＳ",,"確報",600,900,7600,0,0,0,7600,1761600,2642400,22313600,0,0,0,22313600,,,0,0,671500,0,0,0,12.9,11.5,14.9,12.9,0,0,0
"2026/01/26","2026/01/28","7762","シチズン時計","東証およびＰＴＳ",,"確報",1600,600,17600,2900,6100,59800,-42200,2180800,817800,23988800,3952700,8314300,81507400,-57518600,,,0,0,0,730400,2772000,0,11.9,8.2,34.2,13.2,9.3,15.3,11.6
"2026/01/26","2026/01/28","7769","リズム","東証およびＰＴＳ",,"確報",200,1500,588500,1300,0,19400,569100,808000,6060000,2377540000,5252000,0,78376000,2299164000,,,0,0,0,38337000,1176500,0,262.5,1978,195.2,355.3,14.9,181.6,27.5
"2026/01/26","2026/01/28","7771","日本精密","東証およびＰＴＳ",,"確報",0,3800,47300,0,0,0,47300,0,1147600,14284600,0,0,0,14284600,,,0,0,0,255500,0,0,8.1,13.6,5.8,8.1,0,0,0
"2026/01/26","2026/01/28","7774","Ｊ・ＴＥＣ","東証およびＰＴＳ",,"確報",7100,37200,140900,3700,2800,208100,-67200,4132200,21650400,82003800,2153400,1629600,121114200,-39110400,,,0,0,684000,0,0,828800,20.2,7.4,15,9.9,40.3,125.1,60.9
"2026/01/26","2026/01/28","7775","大研医器","東証およびＰＴＳ",,"確報",0,0,5700,0,0,0,5700,0,0,2661900,0,0,0,2661900,,,0,0,0,17100,0,0,0,0,0,0,0,0,0
"2026/01/26","2026/01/28","7776","セルシード","東証およびＰＴＳ",,"確報",800,500,141800,0,0,0,141800,252000,157500,44667000,0,0,0,44667000,,,0,0,0,141500,0,0,59.9,98.9,42.9,59.9,0,0,0
"2026/01/26","2026/01/28","7777","スリーディーＭ","東証およびＰＴＳ",,"確報",21700,0,974300,0,0,0,974300,9830100,0,441357900,0,0,0,441357900,,,0,0,0,10478600,0,0,34.3,34.2,34.4,34.3,0,0,0
"2026/01/26","2026/01/28","7779","サイバーダイン","東証およびＰＴＳ",,"確報",47900,0,564900,0,29000,178300,386600,12549800,0,148003800,0,7598000,46714600,101289200,,,0,0,0,9823000,3938700,0,9.2,8.2,13.7,10.3,24.4,4.7,7.9
"2026/01/26","2026/01/28","7780","メニコン","東証およびＰＴＳ",,"確報",700,5100,38600,0,4400,38600,0,1113700,8114100,61412600,0,7000400,61412600,0,,,0,0,0,1677000,1677000,0,19,17.9,17.5,17.7,20.8,20.4,20.6
"2026/01/26","2026/01/28","7781","平山ホールディングス","東証およびＰＴＳ",,"確報",0,0,2800,0,0,0,2800,0,0,3690400,0,0,0,3690400,,,0,0,0,2800,0,0,72,144,48,72,0,0,0
"2026/01/26","2026/01/28","7782","シンシア","東証およびＰＴＳ",,"確報",0,0,5200,100,0,2500,2700,0,0,2579200,49600,0,1240000,1339200,,,0,0,0,15600,7200,0,23,86,129,103.2,4.6,36.7,8.1
"2026/01/26","2026/01/28","7791","ドリームベッド","東証およびＰＴＳ",,"確報",0,0,600,0,0,0,600,0,0,513600,0,0,0,513600,,,0,0,0,1200,0,0,0,0,0,0,0,0,0
"2026/01/26","2026/01/28","7792","コラントッテ","東証およびＰＴＳ",,"確報",0,300,1300,0,0,0,1300,0,452700,1961700,0,0,0,1961700,,,0,0,0,33600,0,0,9.9,54.5,5.5,9.9,0,0,0
"2026/01/26","2026/01/28","7793","イメージ・マジック","東証およびＰＴＳ",,"確報",0,0,1600,0,0,0,1600,0,0,2480000,0,0,0,2480000,,,0,0,3200,0,0,0,160,0,80,160,0,0,0
"2026/01/26","2026/01/28","7794","イーディーピー","東証およびＰＴＳ",,"確報",1400,1800,49500,0,0,0,49500,669200,860400,23661000,0,0,0,23661000,,,0,0,0,1447100,0,0,14.1,22.6,10.2,14.1,0,0,0
"2026/01/26","2026/01/28","7795","ＫＹＯＲＩＴＳＵ","東証およびＰＴＳ",,"確報",1500,2400,13000,400,100,9100,3900,333000,532800,2886000,88800,22200,2020200,865800,,,0,0,27800,0,0,17600,14.2,9,13.9,10.9,31.6,21,25.3
"2026/01/26","2026/01/28","7800","アミファ","東証およびＰＴＳ",,"確報",0,0,900,0,0,0,900,0,0,621000,0,0,0,621000,,,0,0,2700,0,0,0,32,48,24,32,0,0,0
"2026/01/26","2026/01/28","7803","ブシロード","東証およびＰＴＳ",,"確報",0,2000,194000,0,900,27700,166300,0,594000,57618000,0,267300,8226900,49391100,,,0,0,0,784000,114400,0,58.8,56,86.2,67.9,1485,15.8,31.3
"2026/01/26","2026/01/28","7804","ビーアンドピー","東証およびＰＴＳ",,"確報",0,100,2100,0,0,0,2100,0,252700,5306700,0,0,0,5306700,,,0,0,8800,0,0,0,54,108,36,54,0,0,0
"2026/01/26","2026/01/28","7805","プリントネット","東証およびＰＴＳ",,"確報",0,0,1400,0,0,100,1300,0,0,977200,0,0,69800,907400,,,0,0,0,4200,300,0,28.3,0,19.5,39,7,7,7
"2026/01/26","2026/01/28","7806","ＭＴＧ","東証およびＰＴＳ",,"確報",1200,100,19200,600,300,6600,12600,5322000,443500,85152000,2661000,1330500,29271000,55881000,,,0,0,1719500,0,0,598500,36.6,32.4,69.8,44.3,19.9,31.8,24.5
"2026/01/26","2026/01/28","7807","幸和製作所","東証およびＰＴＳ",,"確報",0,0,600,0,0,0,600,0,0,512400,0,0,0,512400,,,0,0,4200,0,0,0,8.5,8.5,8.5,8.5,0,0,0
"2026/01/26","2026/01/28","7808","シー・エス・ランバー","東証およびＰＴＳ",,"確報",0,100,1200,0,0,0,1200,0,302000,3624000,0,0,0,3624000,,,0,0,0,13000,0,0,35.5,0,17.8,35.5,0,0,0
"2026/01/26","2026/01/28","7809","壽屋","東証およびＰＴＳ",,"確報",100,0,1200,0,0,0,1200,149400,0,1792800,0,0,0,1792800,,,0,0,0,0,0,0,112,56,0,112,0,0,0
"2026/01/26","2026/01/28","7810","クロスフォー","東証およびＰＴＳ",,"確報",100,300,14600,0,200,14600,0,14600,43800,2131600,0,29200,2131600,0,,,0,0,0,29600,29600,0,38.8,29.1,99.7,45,24.1,58.2,34
"2026/01/26","2026/01/28","7811","中本パックス","東証およびＰＴＳ",,"確報",800,0,3100,0,1200,400,2700,1596800,0,6187600,0,2395200,798400,5389200,,,0,0,0,39100,27200,0,8.2,9.8,58.5,16.7,3.2,3.5,3.4
"2026/01/26","2026/01/28","7812","クレステック","東証およびＰＴＳ",,"確報",100,0,2000,0,0,100,1900,198900,0,3978000,0,0,198900,3779100,,,0,0,0,51300,2700,0,202,96,0,192,0,0,0
"2026/01/26","2026/01/28","7813","プラッツ","東証およびＰＴＳ",,"確報",0,0,0,0,0,0,0,0,0,0,0,0,0,0,,,0,0,0,0,0,0,0,0,0,0,0,0,0
"2026/01/26","2026/01/28","7814","日本創発グループ","東証およびＰＴＳ",,"確報",100,1000,10300,0,200,239800,-229500,75900,759000,7817700,0,151800,182008200,-174190500,,,0,0,0,11200,240000,0,143.8,184.3,46.1,73.7,84.2,703.2,150.4
"2026/01/26","2026/01/28","7815","東京ボード工業","東証およびＰＴＳ",,"確報",200,0,300,0,0,0,300,75000,0,112500,0,0,0,112500,,,0,0,0,300,0,0,4.5,3,9,4.5,0,0,0
"2026/01/26","2026/01/28","7817","パラマウントＢＨＤ","東証およびＰＴＳ",,"確報",0,0,400,0,0,0,400,0,0,1404000,0,0,0,1404000,,,0,0,0,2000,0,0,0.3,10,0.4,0.9,0,0,0
"2026/01/26","2026/01/28","7818","トランザクション","東証およびＰＴＳ",,"確報",10300,1900,65900,7400,0,77800,-11900,12463000,2299000,79739000,8954000,0,94138000,-14399000,,,0,0,345000,0,0,422400,11.7,5.9,9.4,7.2,13.6,81.8,23.4
"2026/01/26","2026/01/28","7819","粧美堂","東証およびＰＴＳ",,"確報",0,0,9300,100,0,100,9200,0,0,7746900,83300,0,83300,7663600,,,0,0,0,139500,0,0,62.3,0,33.3,66.6,1,0,2
"2026/01/26","2026/01/28","7820","ニホンフラッシュ","東証およびＰＴＳ",,"確報",1000,600,10700,200,3600,5900,4800,822000,493200,8795400,164400,2959200,4849800,3945600,,,0,0,0,154500,139500,0,10.7,12.5,10.3,11.3,13.4,8.1,10.1
"2026/01/26","2026/01/28","7821","前田工繊","東証およびＰＴＳ",,"確報",900,0,28100,3100,0,59700,-31600,1734300,0,54148700,5973700,0,115041900,-60893200,,,0,0,0,163200,339600,0,39.9,14.7,63.5,23.8,32.4,285.5,58.3
"2026/01/26","2026/01/28","7822","永大産業","東証およびＰＴＳ",,"確報",0,4100,34800,200,0,4000,30800,0,984000,8352000,48000,0,960000,7392000,,,0,0,0,38900,3800,0,21.1,45.6,33.2,38.4,41.2,2.2,4.2
"2026/01/26","2026/01/28","7823","アートネイチャー","東証およびＰＴＳ",,"確報",200,600,4400,600,300,6900,-2500,167800,503400,3691600,503400,251700,5789100,-2097500,,,0,0,100800,0,0,138600,10.9,7.2,5.3,6.1,18.2,77.5,29.5
"2026/01/26","2026/01/28","7826","フルヤ金属","東証およびＰＴＳ",,"確報",13000,1800,77200,4900,0,16300,60900,52585000,7281000,312274000,19820500,0,65933500,246340500,,,0,0,6270000,0,0,1083000,18.9,16.6,45.4,24.3,8,8.8,8.4
"2026/01/26","2026/01/28","7827","オービス","東証およびＰＴＳ",,"確報",0,0,600,0,0,0,600,0,0,976800,0,0,0,976800,,,0,0,0,4800,0,0,0,0,0,0,0,0,0
"2026/01/26","2026/01/28","7831","ウイルコホールディン","東証およびＰＴＳ",,"確報",100,0,40000,0,0,0,40000,9000,0,3600000,0,0,0,3600000,,,0,0,0,0,0,0,49.8,25.5,983,49.8,0,0,0
"2026/01/26","2026/01/28","7832","バンダイナムコ","東証およびＰＴＳ",,"確報",1800,0,46100,0,0,1000,45100,7320600,0,187488700,0,0,4067000,183421700,,,0,0,0,1772000,40000,0,21,50.9,14.2,22.2,9.4,5.5,6.9
"2026/01/26","2026/01/28","7833","アイフィスジャパン","東証およびＰＴＳ",,"確報",200,0,5000,0,0,0,5000,138600,0,3465000,0,0,0,3465000,,,0,0,0,28800,0,0,41.2,61.5,41,49.2,1,1,1
"2026/01/26","2026/01/28","7836","アビックス","東証およびＰＴＳ",,"確報",0,4800,101000,0,0,0,101000,0,432000,9090000,0,0,0,9090000,,,0,0,105800,0,0,0,61.8,64,59.6,61.8,0,0,0
"2026/01/26","2026/01/28","7837","アールシーコア","東証およびＰＴＳ",,"確報",0,0,2600,0,0,0,2600,0,0,988000,0,0,0,988000,,,0,0,0,0,0,0,70,0,35,70,0,0,0
"2026/01/26","2026/01/28","7839","ＳＨＯＥＩ","東証およびＰＴＳ",,"確報",1700,200,5700,1500,0,5700,0,3015800,354800,10111800,2661000,0,10111800,0,,,0,0,0,105000,105000,0,4.5,3.9,3.5,3.7,6.4,5.5,5.9
"2026/01/26","2026/01/28","7840","フランスベッドＨＤ","東証およびＰＴＳ",,"確報",800,0,5000,1000,100,16100,-11100,1057600,0,6610000,1322000,132200,21284200,-14674200,,,0,0,0,33600,121600,0,30.6,10,16.1,12.4,43.6,78.4,56
"2026/01/26","2026/01/28","7841","遠藤製作所","東証およびＰＴＳ",,"確報",1600,0,11700,0,0,0,11700,2108800,0,15420600,0,0,0,15420600,,,0,0,121200,0,0,0,65.1,32.6,0,65.1,0,0,0
"2026/01/26","2026/01/28","7844","マーベラス","東証およびＰＴＳ",,"確報",5600,0,49200,4800,200,96200,-47000,2755200,0,24206400,2361600,98400,47330400,-23124000,,,0,0,0,479600,1007600,0,21.1,9.6,9.5,9.5,33.9,229.2,59.1
"2026/01/26","2026/01/28","7846","パイロット","東証およびＰＴＳ",,"確報",300,0,4400,100,900,16300,-11900,1458900,0,21397200,486300,4376700,79266900,-57869700,,,0,0,0,377200,1573200,0,22.6,8.6,6.7,7.5,49.2,44.1,46.5
"2026/01/26","2026/01/28","7847","グラファイトデザイン","東証およびＰＴＳ",,"確報",0,0,900,0,0,0,900,0,0,604800,0,0,0,604800,,,0,0,1800,0,0,0,0,0,0,0,0,0,0
"2026/01/26","2026/01/28","7849","スターツ出版","東証およびＰＴＳ",,"確報",100,0,500,0,0,0,500,377500,0,1887500,0,0,0,1887500,,,0,0,0,6000,0,0,21,21,21,21,0,0,0
"2026/01/26","2026/01/28","7850","総合商研","東証およびＰＴＳ",,"確報",0,200,600,0,0,0,600,0,178400,535200,0,0,0,535200,,,0,0,4000,0,0,0,10.7,16,8,10.7,0,0,0
"2026/01/26","2026/01/28","7851","カワセコンピュ","東証およびＰＴＳ",,"確報",0,0,3400,0,0,0,3400,0,0,880600,0,0,0,880600,,,0,0,0,3400,0,0,6.5,3.4,91,6.5,0,0,0
"2026/01/26","2026/01/28","7856","萩原工業","東証およびＰＴＳ",,"確報",600,400,13900,400,600,33300,-19400,1015200,676800,23518800,676800,1015200,56343600,-32824800,,,0,0,0,328800,804000,0,27.4,27.7,34.6,30.8,57.9,17,26.3
"2026/01/26","2026/01/28","7857","セキ","東証およびＰＴＳ",,"確報",0,0,0,0,0,0,0,0,0,0,0,0,0,0,,,0,0,0,0,0,0,0,0,0,0,0,0,0
"2026/01/26","2026/01/28","7859","アルメディオ","東証およびＰＴＳ",,"確報",47100,19300,699600,28400,600,699600,0,8430900,3454700,125228400,5083600,107400,125228400,0,,,0,0,0,7389800,7389800,0,42.3,22.5,52.5,31.5,35.5,361.6,64.6
"2026/01/26","2026/01/28","7860","エイベックス","東証およびＰＴＳ",,"確報",5100,500,42100,200,21100,82400,-40300,6109800,599000,50435800,239600,25277800,98715200,-48279400,,,0,0,0,1275000,3512200,0,22.2,14.2,27.1,18.7,64.8,14.8,24
"2026/01/26","2026/01/28","7863","平賀","東証およびＰＴＳ",,"確報",0,0,0,0,0,0,0,0,0,0,0,0,0,0,,,0,0,0,0,0,0,0,0,0,0,0,0,0
"2026/01/26","2026/01/28","7864","フジシール","東証およびＰＴＳ",,"確報",100,1200,1500,0,1100,1500,0,321000,3852000,4815000,0,3531000,4815000,0,,,0,0,0,208000,208000,0,2.9,2,2,2,5.4,5.4,5.4
"2026/01/26","2026/01/28","7865","ピープル","東証およびＰＴＳ",,"確報",300,0,800,0,0,0,800,128400,0,342400,0,0,0,342400,,,0,0,0,1000,0,0,18.7,9.3,0,18.7,0,0,0
"2026/01/26","2026/01/28","7867","タカラトミー","東証およびＰＴＳ",,"確報",0,5100,26400,0,0,900,25500,0,14325900,74157600,0,0,2528100,71629500,,,0,0,0,1197000,34200,0,26.2,109.1,15.3,26.8,0,7.9,15.7
"2026/01/26","2026/01/28","7868","広済堂ＨＤ","東証およびＰＴＳ",,"確報",36500,0,1566300,11800,0,141000,1425300,17374000,0,745558800,5616800,0,67116000,678442800,,,0,0,0,7649000,646000,0,11.6,9.2,15.2,11.4,55.6,8,14.1
"2026/01/26","2026/01/28","7871","フクビ化学工業","東証およびＰＴＳ",,"確報",0,0,3900,0,0,0,3900,0,0,3619200,0,0,0,3619200,,,0,0,0,23400,0,0,0,0,0,0,0,0,0
"2026/01/26","2026/01/28","7872","エステールＨＤ","東証およびＰＴＳ",,"確報",0,0,900,0,0,0,900,0,0,562500,0,0,0,562500,,,0,0,7200,0,0,0,0,0,0,0,0,0,0
"2026/01/26","2026/01/28","7874","レック","東証およびＰＴＳ",,"確報",0,200,22800,2100,0,9100,13700,0,206800,23575200,2171400,0,9409400,14165800,,,0,0,138000,0,0,42000,46.8,102.6,564.5,173.7,13,19.9,15.7
"2026/01/26","2026/01/28","7875","竹田ｉＰ","東証およびＰＴＳ",,"確報",0,0,700,0,0,0,700,0,0,821800,0,0,0,821800,,,0,0,4900,0,0,0,70,0,35,70,0,0,0
"2026/01/26","2026/01/28","7877","永大化工","東証およびＰＴＳ",,"確報",0,0,700,0,0,0,700,0,0,1309000,0,0,0,1309000,,,0,0,0,21700,0,0,0,0,0,0,0,0,0
"2026/01/26","2026/01/28","7878","光・彩","東証およびＰＴＳ",,"確報",0,0,2300,0,0,0,2300,0,0,2426500,0,0,0,2426500,,,0,0,57500,0,0,0,118,118,118,118,0,0,0
"2026/01/26","2026/01/28","7879","ノダ","東証およびＰＴＳ",,"確報",0,0,12400,400,0,2400,10000,0,0,8481600,273600,0,1641600,6840000,,,0,0,12400,0,0,2000,63.4,207,621,310.5,35,8.8,14
"2026/01/26","2026/01/28","7883","サンメッセ","東証およびＰＴＳ",,"確報",0,0,3000,0,0,0,3000,0,0,1098000,0,0,0,1098000,,,0,0,0,9000,0,0,52,156,31.2,52,0,0,0
"2026/01/26","2026/01/28","7885","タカノ","東証およびＰＴＳ",,"確報",1200,200,1900,300,100,1100,800,996000,166000,1577000,249000,83000,913000,664000,,,0,0,8100,0,0,8100,5.8,3.3,13.3,5.3,4.8,10.8,6.6
"2026/01/26","2026/01/28","7886","ヤマトモビＭｆｇ","東証およびＰＴＳ",,"確報",0,0,100,0,0,0,100,0,0,90900,0,0,0,90900,,,0,0,500,0,0,0,0,0,0,0,0,0,0
"2026/01/26","2026/01/28","7887","南海プライウッド","東証およびＰＴＳ",,"確報",100,0,600,0,0,0,600,1005000,0,6030000,0,0,0,6030000,,,0,0,80000,0,0,0,18,27,13.5,18,0,0,0
"2026/01/26","2026/01/28","7888","三光合成","東証およびＰＴＳ",,"確報",5300,800,13800,0,2000,7300,6500,5146300,776800,13399800,0,1942000,7088300,6311500,,,0,0,0,465000,465000,0,7.7,8.9,4.5,6,69,6.6,12.1
"2026/01/26","2026/01/28","7893","プロネクサス","東証およびＰＴＳ",,"確報",200,0,12600,100,0,6300,6300,230600,0,14527800,115300,0,7263900,7263900,,,0,0,0,12400,6200,0,207.1,207,621,310.5,77.8,311,124.4
"2026/01/26","2026/01/28","7896","セブン工業","東証およびＰＴＳ",,"確報",0,0,1500,0,0,0,1500,0,0,807000,0,0,0,807000,,,0,0,0,0,0,0,0,0,0,0,0,0,0
"2026/01/26","2026/01/28","7897","ホクシン","東証およびＰＴＳ",,"確報",0,100,114700,100,200,114700,0,0,11400,13075800,11400,22800,13075800,0,,,0,0,0,229600,229600,0,234.5,239.4,119.7,159.6,5746,229.8,442
"2026/01/26","2026/01/28","7898","ウッドワン","東証およびＰＴＳ",,"確報",0,0,2600,0,400,1900,700,0,0,2636400,0,405600,1926600,709800,,,0,0,0,65000,57500,0,27.9,0,0,0,10.7,15.3,12.6
"2026/01/26","2026/01/28","7901","マツモト","東証およびＰＴＳ",,"確報",0,500,3700,0,0,0,3700,0,369500,2734300,0,0,0,2734300,,,0,0,92400,0,0,0,35.5,32.5,39,35.5,0,0,0
"2026/01/26","2026/01/28","7902","ソノコム","東証およびＰＴＳ",,"確報",100,0,700,0,0,0,700,109900,0,769300,0,0,0,769300,,,0,0,0,39600,0,0,28,14,0,28,0,0,0
"2026/01/26","2026/01/28","7906","ヨネックス","東証およびＰＴＳ",,"確報",1000,2200,5700,0,9200,4400,1300,3280000,7216000,18696000,0,30176000,14432000,4264000,,,0,0,0,517500,1020000,0,2.7,1.8,1.8,1.8,106.2,2.9,5.6
"2026/01/26","2026/01/28","7908","きもと","東証およびＰＴＳ",,"確報",400,0,16000,0,0,0,16000,110800,0,4432000,0,0,0,4432000,,,0,0,0,78000,0,0,10,8.5,12.2,10,0,0,0
"2026/01/26","2026/01/28","7911","ＴＯＰＰＡＮ　ＨＤ","東証およびＰＴＳ",,"確報",400,1800,22500,0,1600,7300,15200,1898000,8541000,106762500,0,7592000,34638500,72124000,,,0,0,0,3202600,1192600,0,8.3,17.4,6.4,9.4,5.6,6.3,6
"2026/01/26","2026/01/28","7912","大日本印刷","東証およびＰＴＳ",,"確報",400,1000,43300,100,200,8500,34800,1110000,2775000,120157500,277500,555000,23587500,96570000,,,0,0,0,3468100,679400,0,40.9,52,64.2,57.4,10.6,30.1,15.6
"2026/01/26","2026/01/28","7914","共同印刷","東証およびＰＴＳ",,"確報",1600,0,38100,200,700,19600,18500,2603200,0,61988700,325400,1138900,31889200,30099500,,,0,0,0,657000,361800,0,30.3,27.4,78.7,40.7,23,19.2,20.9
"2026/01/26","2026/01/28","7915","ＮＩＳＳＨＡ","東証およびＰＴＳ",,"確報",13100,16000,19100,0,2900,19100,0,16492900,20144000,24046900,0,3651100,24046900,0,,,0,0,0,1188000,1188000,0,5.3,3.1,2.8,3,40.1,17,23.9
"2026/01/26","2026/01/28","7916","光村印刷","東証およびＰＴＳ",,"確報",1500,3200,1700,0,0,2100,-400,2911500,6211200,3299700,0,0,4076100,-776400,,,0,0,0,122400,75600,0,2.1,1.1,0.9,1,0,0,0
"2026/01/26","2026/01/28","7917","ＺＡＣＲＯＳ","東証およびＰＴＳ",,"確報",0,0,2800,1300,0,2400,400,0,0,3318000,1540500,0,2844000,474000,,,0,0,0,53200,20900,0,6.5,35.6,8.1,13.2,5.6,3,3.9
"2026/01/26","2026/01/28","7918","ヴィアＨＤ","東証およびＰＴＳ",,"確報",0,0,9900,0,0,0,9900,0,0,1079100,0,0,0,1079100,,,0,0,0,0,0,0,496,496,496,496,0,0,0
"2026/01/26","2026/01/28","7919","野崎印刷紙業","東証およびＰＴＳ",,"確報",0,0,5500,0,0,0,5500,0,0,1221000,0,0,0,1221000,,,0,0,0,0,0,0,11.5,11.2,11.8,11.5,0,0,0
"2026/01/26","2026/01/28","7921","ＴＡＫＡＲＡ＆ＣＯ","東証およびＰＴＳ",,"確報",300,400,5600,200,0,16700,-11100,1281000,1708000,23912000,854000,0,71309000,-47397000,,,0,0,0,456000,1320000,0,41.4,16.4,29.2,21,41.7,113.3,61
"2026/01/26","2026/01/28","7922","三光産業","東証およびＰＴＳ",,"確報",100,0,8000,0,0,0,8000,43900,0,3512000,0,0,0,3512000,,,0,0,0,102700,0,0,792,396,0,792,0,0,0
"2026/01/26","2026/01/28","7923","トーイン","東証およびＰＴＳ",,"確報",0,100,300,0,0,0,300,0,118500,355500,0,0,0,355500,,,0,0,0,0,0,0,5.5,22,3.1,5.5,0,0,0
"2026/01/26","2026/01/28","7925","前澤化成工業","東証およびＰＴＳ",,"確報",1800,0,10800,1400,300,47500,-36700,4194000,0,25164000,3262000,699000,110675000,-85511000,,,0,0,0,630000,3248000,0,43,12.1,44.1,19,58.4,57,57.7
"2026/01/26","2026/01/28","7927","ムトー精工","東証およびＰＴＳ",,"確報",500,0,9000,0,700,4600,4400,1113000,0,20034000,0,1558200,10239600,9794400,,,0,0,0,561000,349800,0,18.3,34.5,0,69,5.9,12.5,8
"2026/01/26","2026/01/28","7928","旭化学工業","東証およびＰＴＳ",,"確報",100,0,4200,0,0,0,4200,61700,0,2591400,0,0,0,2591400,,,0,0,0,0,0,0,137.3,68.7,0,137.3,0,0,0
"2026/01/26","2026/01/28","7931","未来工業","東証およびＰＴＳ",,"確報",4900,4900,10600,0,0,10600,0,16464000,16464000,35616000,0,0,35616000,0,,,0,0,0,795000,795000,0,5.8,3,3.3,3.2,22.2,85,35.2
"2026/01/26","2026/01/28","7932","ニッピ","東証およびＰＴＳ",,"確報",0,0,1800,0,0,0,1800,0,0,24912000,0,0,0,24912000,,,0,0,0,414000,0,0,27.7,32.3,24.3,27.7,0,0,0
"2026/01/26","2026/01/28","7936","アシックス","東証およびＰＴＳ",,"確報",4500,3000,115900,100,200,100,115800,17613000,11742000,453632600,391400,782800,391400,453241200,,,0,0,0,8580000,15000,0,12.5,11.6,30.8,16.9,1.1,0.8,0.9
"2026/01/26","2026/01/28","7937","ツツミ","東証およびＰＴＳ",,"確報",100,0,8500,100,0,1700,6800,270400,0,22984000,270400,0,4596800,18387200,,,0,0,0,92400,17600,0,21.2,14.1,39.4,20.7,20.5,27.3,23.4
"2026/01/26","2026/01/28","7938","リーガルコーポ","東証およびＰＴＳ",,"確報",0,100,400,0,0,0,400,0,246100,984400,0,0,0,984400,,,0,0,0,0,0,0,16.7,25,12.5,16.7,0,0,0
"2026/01/26","2026/01/28","7939","研創","東証およびＰＴＳ",,"確報",100,200,1900,0,0,0,1900,62000,124000,1178000,0,0,0,1178000,,,0,0,12000,0,0,0,33.7,101,20.2,33.7,0,0,0
"2026/01/26","2026/01/28","7940","ウェーブロックＨＤ","東証およびＰＴＳ",,"確報",1200,0,84400,0,0,0,84400,1621200,0,114024400,0,0,0,114024400,,,0,0,998400,0,0,0,49.1,28.9,162.9,49.1,0,0,0
"2026/01/26","2026/01/28","7942","ジェイ　エス　ピー","東証およびＰＴＳ",,"確報",1200,1100,10900,3700,2900,44800,-33900,3000000,2750000,27250000,9250000,7250000,112000000,-84750000,,,0,0,0,820800,3344000,0,29.9,16.4,24.2,19.5,33.2,34.8,34
"2026/01/26","2026/01/28","7943","ニチハ","東証およびＰＴＳ",,"確報",400,0,2800,0,1200,4500,-1700,1384000,0,9688000,0,4152000,15570000,-5882000,,,0,0,0,204000,484500,0,16.8,8.3,15.6,10.9,57.4,13.7,22.1
"2026/01/26","2026/01/28","7944","ローランド","東証およびＰＴＳ",,"確報",700,200,900,300,400,600,300,2663500,761000,3424500,1141500,1522000,2283000,1141500,,,0,0,0,36000,63000,0,3.1,2.5,2.8,2.6,4,3.6,3.8
"2026/01/26","2026/01/28","7946","光陽社","東証およびＰＴＳ",,"確報",0,0,400,0,0,0,400,0,0,908000,0,0,0,908000,,,0,0,0,5600,0,0,14.7,0,7.3,14.7,0,0,0
"2026/01/26","2026/01/28","7947","エフピコ","東証およびＰＴＳ",,"確報",800,200,5700,1600,0,5200,500,2201600,550400,15686400,4403200,0,14310400,1376000,,,0,0,0,20400,14400,0,8.3,5.8,8.2,6.8,7.8,34,12.8
"2026/01/26","2026/01/28","7949","小松ウオール工業","東証およびＰＴＳ",,"確報",4700,0,25800,0,1200,25800,0,13456100,0,73865400,0,3435600,73865400,0,,,0,0,0,1920100,2457000,0,13,6.7,12.5,8.8,13.5,78.8,23.1
"2026/01/26","2026/01/28","7951","ヤマハ","東証およびＰＴＳ",,"確報",2600,1000,18500,0,4100,50400,-31900,2948400,1134000,20979000,0,4649400,57153600,-36174600,,,0,0,0,447850,1444250,0,25.3,8.4,30.6,13.2,32.9,35,33.9
"2026/01/26","2026/01/28","7952","河合楽器製作所","東証およびＰＴＳ",,"確報",200,0,10000,800,600,10000,0,548000,0,27400000,2192000,1644000,27400000,0,,,0,0,0,460600,460600,0,15.3,30.2,12.7,17.9,19.3,10.3,13.4
"2026/01/26","2026/01/28","7953","菊水化学工業","東証およびＰＴＳ",,"確報",5300,0,10000,0,0,0,10000,2093500,0,3950000,0,0,0,3950000,,,0,0,0,0,0,0,9,5.9,18.5,9,0,0,0
"2026/01/26","2026/01/28","7955","クリナップ","東証およびＰＴＳ",,"確報",300,300,4600,0,0,4600,0,261000,261000,4002000,0,0,4002000,0,,,0,0,0,23000,23000,0,17.3,11.1,9.7,10.4,77.7,38.8,51.8
"2026/01/26","2026/01/28","7956","ピジョン","東証およびＰＴＳ",,"確報",900,100,20700,100,0,700,20000,1449000,161000,33327000,161000,0,1127000,32200000,,,0,0,0,477600,14400,0,22.6,21.9,22.4,22.2,31,0,62
"2026/01/26","2026/01/28","7957","フジコピアン","東証およびＰＴＳ",,"確報",0,0,100,0,0,0,100,0,0,146200,0,0,0,146200,,,0,0,700,0,0,0,16,0,8,16,0,0,0
"2026/01/26","2026/01/28","7962","キングジム","東証およびＰＴＳ",,"確報",6000,0,19200,2300,200,230300,-211100,4860000,0,15552000,1863000,162000,186543000,-170991000,,,0,0,0,118800,2053800,0,98.2,5.3,28,8.9,156,406.8,225.6
"2026/01/26","2026/01/28","7963","興研","東証およびＰＴＳ",,"確報",0,0,2700,0,0,100,2600,0,0,5103000,0,0,189000,4914000,,,0,0,0,48600,1800,0,274,0,0,0,2,0,4
"2026/01/26","2026/01/28","7965","象印マホービン","東証およびＰＴＳ",,"確報",12800,200,73800,10700,8400,216600,-142800,20083200,313800,115792200,16788300,13179600,339845400,-224053200,,,0,0,0,979200,3428800,0,25.1,13.7,19.4,16.1,29.6,31.7,30.6
"2026/01/26","2026/01/28","7966","リンテック","東証およびＰＴＳ",,"確報",100,900,2500,1000,0,4300,-1800,479500,4315500,11987500,4795000,0,20618500,-8631000,,,0,0,0,132000,132000,0,5.6,5.5,9.2,6.9,2.9,12.7,4.7
"2026/01/26","2026/01/28","7970","信越ポリマー","東証およびＰＴＳ",,"確報",18800,4600,58300,1000,0,58300,0,39386000,9637000,122138500,2095000,0,122138500,0,,,0,0,0,2116800,2750400,0,18.8,8.1,12.9,10,48.1,257.9,81.1
"2026/01/26","2026/01/28","7971","東リ","東証およびＰＴＳ",,"確報",0,1000,11100,100,0,5100,6000,0,778000,8635800,77800,0,3967800,4668000,,,0,0,0,133100,55000,0,39,19.6,44.1,27.1,251,0,502
"2026/01/26","2026/01/28","7972","イトーキ","東証およびＰＴＳ",,"確報",600,400,16100,1100,0,20900,-4800,1516800,1011200,40700800,2780800,0,52835200,-12134400,,,0,0,0,429300,534600,0,23.7,12.5,29.5,17.5,32.3,32.3,32.3
"2026/01/26","2026/01/28","7974","任天堂","東証およびＰＴＳ",,"確報",32700,2500,740900,200,3800,2500,738400,340570500,26037500,7716473500,2083000,39577000,26037500,7690436000,,,0,0,10660500,0,0,91500,34,22.5,93,36.3,1.5,1.8,1.7
"2026/01/26","2026/01/28","7975","リヒトラブ","東証およびＰＴＳ",,"確報",0,0,2900,0,0,0,2900,0,0,3712000,0,0,0,3712000,,,0,0,0,31900,0,0,0,0,0,0,0,0,0
"2026/01/26","2026/01/28","7976","三菱鉛筆","東証およびＰＴＳ",,"確報",300,0,4200,0,1900,34600,-30400,681000,0,9534000,0,4313000,78542000,-69008000,,,0,0,0,312000,2920000,0,38.1,14.8,10.7,12.4,58.9,41.5,48.7
"2026/01/26","2026/01/28","7979","松風","東証およびＰＴＳ",,"確報",200,100,8500,0,100,3700,4800,368800,184400,15674000,0,184400,6822800,8851200,,,0,0,0,361200,163400,0,54.5,106.8,61,77.6,40,28.6,33.3
"2026/01/26","2026/01/28","7980","重松製作所","東証およびＰＴＳ",,"確報",100,0,1000,0,0,0,1000,79600,0,796000,0,0,0,796000,,,0,0,900,0,0,0,43,21.5,0,43,0,0,0
"2026/01/26","2026/01/28","7981","タカラスタンダード","東証およびＰＴＳ",,"確報",0,0,39900,3900,800,20500,19400,0,0,120498000,11778000,2416000,61910000,58588000,,,0,0,0,1795500,783000,0,52.1,0,0,0,14.7,20.3,17.1
"2026/01/26","2026/01/28","7983","ミロク","東証およびＰＴＳ",,"確報",0,0,1700,0,0,0,1700,0,0,1915900,0,0,0,1915900,,,0,0,0,6800,0,0,34.8,87,21.8,34.8,0,0,0
"2026/01/26","2026/01/28","7984","コクヨ","東証およびＰＴＳ",,"確報",0,8500,32400,12300,1200,103400,-71000,0,7760500,29581200,11229900,1095600,94404200,-64823000,,,0,0,0,466260,1052220,0,20.6,12.1,11.3,11.7,19.9,55.2,29.3
"2026/01/26","2026/01/28","7985","ネポン","東証およびＰＴＳ",,"確報",0,0,600,0,0,0,600,0,0,930600,0,0,0,930600,,,0,0,0,9600,0,0,9.2,0,4.6,9.2,0,0,0
"2026/01/26","2026/01/28","7986","日本アイ・エス・ケイ","東証およびＰＴＳ",,"確報",0,0,300,0,0,0,300,0,0,530400,0,0,0,530400,,,0,0,0,5100,0,0,24,12,0,24,0,0,0
"2026/01/26","2026/01/28","7987","ナカバヤシ","東証およびＰＴＳ",,"確報",900,1200,8600,100,0,7300,1300,531900,709200,5082600,59100,0,4314300,768300,,,0,0,0,44500,36000,0,26.1,23.3,18.4,20.6,73.6,26.3,38.7
"2026/01/26","2026/01/28","7988","ニフコ","東証およびＰＴＳ",,"確報",0,500,1800,1200,300,19400,-17600,0,2450500,8821800,5881200,1470300,95079400,-86257600,,,0,0,0,287500,2312500,0,24.8,7.9,4.7,5.9,24,110.9,39.4
"2026/01/26","2026/01/28","7989","立川ブラインド工業","東証およびＰＴＳ",,"確報",100,400,3200,0,300,3200,0,195000,780000,6240000,0,585000,6240000,0,,,0,0,0,122500,122500,0,17.8,18.8,24.1,21.1,14.1,16.9,15.4
"2026/01/26","2026/01/28","7990","グローブライド","東証およびＰＴＳ",,"確報",400,0,10700,300,0,18900,-8200,886000,0,23700500,664500,0,41863500,-18163000,,,0,0,0,267800,483600,0,30.2,59.9,27,37.2,151.3,15.1,27.5
"2026/01/26","2026/01/28","7991","マミヤ・オーピー","東証およびＰＴＳ",,"確報",0,0,19900,500,900,21800,-1900,0,0,33730500,847500,1525500,36951000,-3220500,,,0,0,0,656700,732600,0,17.1,12,11.1,11.5,23.5,33.4,27.6
"2026/01/26","2026/01/28","7992","セーラー万年筆","東証およびＰＴＳ",,"確報",0,2500,24600,0,0,0,24600,0,290000,2853600,0,0,0,2853600,,,0,0,27100,0,0,0,30,0,15,30,0,0,0
"2026/01/26","2026/01/28","7994","オカムラ","東証およびＰＴＳ",,"確報",2400,0,13900,300,100,1600,12300,5712000,0,33082000,714000,238000,3808000,29274000,,,0,0,0,425500,51800,0,18.2,13.5,198,25.3,6.2,5.7,5.9
"2026/01/26","2026/01/28","7995","バルカー","東証およびＰＴＳ",,"確報",4100,4100,17700,300,3900,17400,300,18101500,18101500,78145500,1324500,17218500,76821000,1324500,,,0,0,0,1947000,2310000,0,7.2,4.9,8.3,6.1,6.3,13.5,8.6
"2026/01/26","2026/01/28","7997","くろがね工作所","東証およびＰＴＳ",,"確報",0,0,1600,0,0,0,1600,0,0,1518400,0,0,0,1518400,,,0,0,0,3200,0,0,0,0,0,0,0,0,0
"2026/01/26","2026/01/28","7999","ＭＵＴＯＨ－ＨＤ","東証およびＰＴＳ",,"確報",100,0,6100,0,0,1300,4800,297200,0,18129200,0,0,3863600,14265600,,,0,0,0,132000,28600,0,732,301,0,602,0,0,0
"2026/01/26","2026/01/28","8001","伊藤忠商事","東証およびＰＴＳ",,"確報",446100,0,963800,1500,5900,431500,532300,883947150,0,1909769700,2972250,11690850,855017250,1054752450,,,0,0,0,30285450,25500150,0,18.6,5.8,182.2,11.3,183.2,107.2,135.2
"2026/01/26","2026/01/28","8002","丸紅","東証およびＰＴＳ",,"確報",79300,12000,198900,100,7000,41500,157400,389759500,58980000,977593500,491500,34405000,203972500,773621000,,,0,0,0,27767600,10212400,0,13.8,7.8,27.6,12.2,28.3,22.8,25.2
"2026/01/26","2026/01/28","8005","スクロール","東証およびＰＴＳ",,"確報",400,100,6900,200,1500,11000,-4100,536000,134000,9246000,268000,2010000,14740000,-5494000,,,0,0,0,6600,12300,0,4.2,6.2,18.9,9.3,27.5,2,3.7
"2026/01/26","2026/01/28","8006","ユアサ・フナショク","東証およびＰＴＳ",,"確報",0,0,1900,0,0,0,1900,0,0,3273700,0,0,0,3273700,,,0,0,0,3800,0,0,12.4,7.2,46.5,12.4,0,0,0
"2026/01/26","2026/01/28","8007","高島","東証およびＰＴＳ",,"確報",26900,6600,43100,0,3400,19400,23700,24344500,5973000,39005500,0,3077000,17557000,21448500,,,0,0,0,410400,410400,0,7.5,3.5,13.6,5.5,9.2,22.9,13.1
"2026/01/26","2026/01/28","8008","ヨンドシーホールディ","東証およびＰＴＳ",,"確報",9200,7100,13700,1100,100,12600,1100,16845200,13000100,25084700,2014100,183100,23070600,2014100,,,0,0,0,185600,185600,0,2.8,1.5,1.6,1.5,20.4,95.3,33.6
"2026/01/26","2026/01/28","8011","三陽商会","東証およびＰＴＳ",,"確報",200,0,17400,400,3900,33100,-15700,830000,0,72210000,1660000,16185000,137365000,-65155000,,,0,0,0,430000,915000,0,25.8,63.5,19.4,29.8,28.5,20.8,24.1
"2026/01/26","2026/01/28","8012","長瀬産業","東証およびＰＴＳ",,"確報",13000,12800,25400,2200,3200,25400,0,52611000,51801600,102793800,8903400,12950400,102793800,0,,,0,0,0,1965600,2059200,0,4.9,2.8,3.1,2.9,14.9,12.9,13.8
"2026/01/26","2026/01/28","8013","ナイガイ","東証およびＰＴＳ",,"確報",0,0,180900,0,0,0,180900,0,0,55898100,0,0,0,55898100,,,0,0,0,542700,0,0,345.8,2291.3,187,345.8,0,0,0
"2026/01/26","2026/01/28","8014","蝶理","東証およびＰＴＳ",,"確報",100,100,2500,0,1200,1100,1400,407500,407500,10187500,0,4890000,4482500,5705000,,,0,0,0,175000,161000,0,11.8,25.6,18.3,21.3,19.2,4.6,7.4
"2026/01/26","2026/01/28","8015","豊田通商","東証およびＰＴＳ",,"確報",9500,2000,64800,0,200,800,64000,52972000,11152000,361324800,0,1115200,4460800,356864000,,,0,0,0,10428600,182000,0,20.7,13.5,72.1,22.8,12.5,3.6,5.6
"2026/01/26","2026/01/28","8016","オンワードＨＤ","東証およびＰＴＳ",,"確報",8800,1500,34000,800,0,8800,25200,6529600,1113000,25228000,593600,0,6529600,18698400,,,0,0,0,427200,128000,0,11,7.9,16.5,10.7,13.9,10.3,11.9
"2026/01/26","2026/01/28","8018","三共生興","東証およびＰＴＳ",,"確報",0,900,153300,1100,0,14800,138500,0,675000,114975000,825000,0,11100000,103875000,,,0,0,0,154200,13700,0,94.3,139.3,101.3,117.3,17.5,85.4,29.1
"2026/01/26","2026/01/28","8020","兼松","東証およびＰＴＳ",,"確報",100,3000,51200,100,100,100,51100,203100,6093000,103987200,203100,203100,203100,103784100,,,0,0,0,2353350,4350,0,22.4,23,23,23,1,1.3,1.1
"2026/01/26","2026/01/28","8022","美津濃","東証およびＰＴＳ",,"確報",700,2100,16000,0,200,7700,8300,2243500,6730500,51280000,0,641000,24678500,26601500,,,0,0,0,1305000,592500,0,2,2,1.9,1.9,3.2,1.6,2.1
"2026/01/26","2026/01/28","8023","ＤＡＩＫＯＸＴ","東証およびＰＴＳ",,"確報",0,0,6900,0,0,0,6900,0,0,7707300,0,0,0,7707300,,,0,0,0,89700,0,0,31.5,43.4,24.8,31.5,0,0,0
"2026/01/26","2026/01/28","8025","ツカモトコーポ","東証およびＰＴＳ",,"確報",100,100,100,0,0,0,100,135200,135200,135200,0,0,0,135200,,,0,0,0,2000,0,0,1.2,1,1.5,1.2,0,0,0
"2026/01/26","2026/01/28","8029","ルックＨＤ","東証およびＰＴＳ",,"確報",3100,2000,9700,0,1500,9700,0,7672500,4950000,24007500,0,3712500,24007500,0,,,0,0,0,215000,280000,0,5.4,2.5,2.9,2.7,38.5,18.6,25.1
"2026/01/26","2026/01/28","8030","中央魚類","東証およびＰＴＳ",,"確報",0,0,2900,0,0,0,2900,0,0,10686500,0,0,0,10686500,,,0,0,58000,0,0,0,27.6,19.4,68,30.2,0,2,4
"2026/01/26","2026/01/28","8031","三井物産","東証およびＰＴＳ",,"確報",10500,4000,95900,0,3500,29100,66800,52185000,19880000,476623000,0,17395000,144627000,331996000,,,0,0,0,15645000,5705000,0,18.9,21.4,14,16.9,60.3,20.6,30.8
"2026/01/26","2026/01/28","8032","日本紙パルプ商事","東証およびＰＴＳ",,"確報",800,1800,8300,3100,1800,105900,-97600,765600,1722600,7943100,2966700,1722600,101346300,-93403200,,,0,0,0,186000,2092000,0,25.7,18.3,5.1,8,34.3,32.6,33.4
"2026/01/26","2026/01/28","8035","東京エレクトロン","東証およびＰＴＳ",,"確報",22500,1700,50400,800,2400,14300,36100,924525000,69853000,2070936000,32872000,98616000,587587000,1483349000,,,0,0,0,18648000,10017000,0,2.8,3,4.8,3.7,4,1.4,2.1
"2026/01/26","2026/01/28","8037","カメイ","東証およびＰＴＳ",,"確報",3800,500,4200,100,0,1000,3200,12179000,1602500,13461000,320500,0,3205000,10256000,,,0,0,0,40500,40500,0,1.6,1.2,1.5,1.3,9,4.5,6
"2026/01/26","2026/01/28","8039","築地魚市場","東証およびＰＴＳ",,"確報",0,0,1200,0,0,0,1200,0,0,4734000,0,0,0,4734000,,,0,0,0,18000,0,0,118,59,0,118,0,0,0
"2026/01/26","2026/01/28","8040","東京ソワール","東証およびＰＴＳ",,"確報",0,100,2400,0,0,0,2400,0,109000,2616000,0,0,0,2616000,,,0,0,0,47500,0,0,30.3,17.7,106,30.3,0,0,0
"2026/01/26","2026/01/28","8041","ＯＵＧＨＤ","東証およびＰＴＳ",,"確報",200,300,4400,0,0,100,4300,790000,1185000,17380000,0,0,395000,16985000,,,0,0,0,22500,500,0,45.6,75,45,56.3,3,3,3
"2026/01/26","2026/01/28","8043","スターゼン","東証およびＰＴＳ",,"確報",300,200,3700,0,0,0,3700,391200,260800,4824800,0,0,0,4824800,,,0,0,0,54000,0,0,15.5,19.1,14.7,16.6,3,3,3
"2026/01/26","2026/01/28","8045","横浜丸魚","東証およびＰＴＳ",,"確報",0,0,400,0,0,0,400,0,0,616400,0,0,0,616400,,,0,0,0,28000,0,0,0,0,0,0,0,0,0
"2026/01/26","2026/01/28","8046","丸藤シートパイル","東証およびＰＴＳ",,"確報",100,0,6700,0,0,0,6700,423000,0,28341000,0,0,0,28341000,,,0,0,0,132000,0,0,218.7,109.3,0,218.7,0,0,0
"2026/01/26","2026/01/28","8050","セイコーグループ","東証およびＰＴＳ",,"確報",400,0,1700,300,4000,8200,-6500,2904000,0,12342000,2178000,29040000,59532000,-47190000,,,0,0,0,312000,2856000,0,11.1,6.2,6.2,6.2,20.1,9,12.4
"2026/01/26","2026/01/28","8051","山善","東証およびＰＴＳ",,"確報",2500,200,14600,1600,0,19700,-5100,3642500,291400,21272200,2331200,0,28702900,-7430700,,,0,0,0,282900,416300,0,28.9,14,39.5,20.7,22.5,179.8,40
"2026/01/26","2026/01/28","8052","椿本興業","東証およびＰＴＳ",,"確報",0,800,3000,100,900,3000,0,0,2307200,8652000,288400,2595600,8652000,0,,,0,0,0,311600,311600,0,12.8,34.6,13.3,19.2,12.4,7.9,9.6
"2026/01/26","2026/01/28","8053","住友商事","東証およびＰＴＳ",,"確報",1500,900,75200,0,10100,8600,66600,9087000,5452200,455561600,0,61185800,52098800,403462800,,,0,0,0,17008800,4263600,0,18,43.6,23.3,30.3,30.8,3.8,6.7
"2026/01/26","2026/01/28","8056","ＢＩＰＲＯＧＹ","東証およびＰＴＳ",,"確報",400,0,4100,0,0,600,3500,2085200,0,21373300,0,0,3127800,18245500,,,0,0,0,355200,57600,0,16.4,29.1,17,21.5,4.2,8.3,5.6
"2026/01/26","2026/01/28","8057","内田洋行","東証およびＰＴＳ",,"確報",200,100,38200,0,0,6100,32100,420400,210200,80296400,0,0,12822200,67474200,,,0,0,0,1714500,274500,0,34.5,49,23.3,31.6,50.8,305,87.1
"2026/01/26","2026/01/28","8058","三菱商事","東証およびＰＴＳ",,"確報",57300,0,642100,0,25800,252400,389700,224043000,0,2510611000,0,100878000,986884000,1523727000,,,0,0,0,70760800,33662200,0,28.2,21.3,43.7,28.7,45.9,19.3,27.2
"2026/01/26","2026/01/28","8059","第一実業","東証およびＰＴＳ",,"確報",0,300,3900,0,0,1200,2700,0,946500,12304500,0,0,3786000,8518500,,,0,0,0,294000,84000,0,29.2,72.3,15.5,25.5,30,0,60
"2026/01/26","2026/01/28","8060","キヤノンＭＪ","東証およびＰＴＳ",,"確報",400,0,3500,100,0,300,3200,2678800,0,23439500,669700,0,2009100,21430400,,,0,0,0,722300,46600,0,7.5,10.8,14,12.2,51,1.9,3.6
"2026/01/26","2026/01/28","8061","西華産業","東証およびＰＴＳ",,"確報",500,2100,12200,200,300,2800,9400,1225500,5147100,29902200,490200,735300,6862800,23039400,,,0,0,0,676200,142100,0,12.9,12,18.8,14.6,93,4.8,9.1
"2026/01/26","2026/01/28","8065","佐藤商事","東証およびＰＴＳ",,"確報",100,0,12300,200,100,3000,9300,231100,0,28425300,462200,231100,6933000,21492300,,,0,0,0,658800,156600,0,49.7,77.8,36.6,49.8,49.3,49.3,49.3
"2026/01/26","2026/01/28","8066","三谷商事","東証およびＰＴＳ",,"確報",0,100,1000,0,100,200,800,0,219900,2199000,0,219900,439800,1759200,,,0,0,0,17600,4800,0,10.8,16,24,19.2,8.5,3.4,4.9
"2026/01/26","2026/01/28","8070","東京産業","東証およびＰＴＳ",,"確報",3200,0,12500,0,100,6300,6200,3075200,0,12012500,0,96100,6054300,5958200,,,0,0,0,353400,243200,0,17.3,6.2,32.9,10.5,319,319,319
"2026/01/26","2026/01/28","8074","ユアサ商事","東証およびＰＴＳ",,"確報",400,0,2900,0,400,0,2900,2300000,0,16675000,0,2300000,0,16675000,,,0,0,0,325000,52000,0,9.5,25.3,9.5,13.8,1.7,1.7,1.7
"2026/01/26","2026/01/28","8075","神鋼商事","東証およびＰＴＳ",,"確報",800,0,10700,200,400,5000,5700,2076800,0,27777200,519200,1038400,12980000,14797200,,,0,0,0,693000,364000,0,30.7,21,44,28.5,36,36,36
"2026/01/26","2026/01/28","8076","カノークス","東証およびＰＴＳ",,"確報",0,0,3300,300,0,300,3000,0,0,6953100,632100,0,632100,6321000,,,0,0,3300,0,0,0,67.6,0,0,0,1,4,1.6
"2026/01/26","2026/01/28","8077","トルク","東証およびＰＴＳ",,"確報",0,0,9500,0,0,1200,8300,0,0,2289500,0,0,289200,2000300,,,0,0,0,9500,1200,0,47.7,27,153,45.9,0,33,66
"2026/01/26","2026/01/28","8078","阪和興業","東証およびＰＴＳ",,"確報",700,0,12000,700,0,5400,6600,5474000,0,93840000,5474000,0,42228000,51612000,,,0,0,0,1921000,799000,0,28.3,20.8,112.4,35.1,22.3,17.5,19.6
"2026/01/26","2026/01/28","8079","正栄食品工業","東証およびＰＴＳ",,"確報",1200,100,10500,3300,0,12700,-2200,4884000,407000,42735000,13431000,0,51689000,-8954000,,,0,0,0,141000,141000,0,17,19,20.6,19.8,14,16.2,15
"2026/01/26","2026/01/28","8081","カナデン","東証およびＰＴＳ",,"確報",0,100,1200,0,0,0,1200,0,215500,2586000,0,0,0,2586000,,,0,0,0,53300,0,0,22,18.3,27.5,22,0,0,0
"2026/01/26","2026/01/28","8084","ＲＹＯＤＥＮ","東証およびＰＴＳ",,"確報",1400,0,7600,1400,0,7600,0,5215000,0,28310000,5215000,0,28310000,0,,,0,0,0,713000,713000,0,10.9,7.6,17.2,10.5,8,19.2,11.2
"2026/01/26","2026/01/28","8085","ナラサキ産業","東証およびＰＴＳ",,"確報",0,0,700,0,0,0,700,0,0,2835000,0,0,0,2835000,,,0,0,0,52500,0,0,70,0,35,70,0,0,0
"2026/01/26","2026/01/28","8086","ニプロ","東証およびＰＴＳ",,"確報",3300,4700,21200,17600,0,82300,-61100,4748700,6763300,30506800,25326400,0,118429700,-87922900,,,0,0,0,293800,841100,0,16.3,8.5,10.8,9.5,15.4,34.7,21.3
"2026/01/26","2026/01/28","8088","岩谷産業","東証およびＰＴＳ",,"確報",2000,700,44200,0,0,900,43300,3613000,1264550,79847300,0,0,1625850,78221450,,,0,0,0,729300,15300,0,23.7,16.8,54.9,25.7,3.6,4,3.8
"2026/01/26","2026/01/28","8089","ナイス","東証およびＰＴＳ",,"確報",200,0,2900,100,200,400,2500,392000,0,5684000,196000,392000,784000,4900000,,,0,0,0,78300,14500,0,29.3,71,35.5,47.3,6.3,9.5,7.6
"2026/01/26","2026/01/28","8091","ニチモウ","東証およびＰＴＳ",,"確報",200,100,2900,0,0,1500,1400,503200,251600,7296400,0,0,3774000,3522400,,,0,0,0,98000,52500,0,29.9,19.3,33.8,24.5,24.7,0,49.3
"2026/01/26","2026/01/28","8093","極東貿易","東証およびＰＴＳ",,"確報",1400,0,5300,0,0,2100,3200,2657200,0,10059400,0,0,3985800,6073600,,,0,0,0,167700,90300,0,23.9,12.8,36.3,19,26,0,52
"2026/01/26","2026/01/28","8095","アステナＨＤ","東証およびＰＴＳ",,"確報",3700,1800,22400,0,1100,12800,9600,1764900,858600,10684800,0,524700,6105600,4579200,,,0,0,0,205000,139000,0,7.4,6,8.1,6.9,10.4,6.8,8.2
"2026/01/26","2026/01/28","8097","三愛オブリ","東証およびＰＴＳ",,"確報",200,200,11800,1200,800,12700,-900,439800,439800,25948200,2638800,1759200,27927300,-1979100,,,0,0,0,342200,356700,0,22.8,16.3,111,28.5,11.7,52.2,19.1
"2026/01/26","2026/01/28","8098","稲畑産業","東証およびＰＴＳ",,"確報",500,0,2400,300,700,4900,-2500,1967500,0,9444000,1180500,2754500,19281500,-9837500,,,0,0,0,161500,450500,0,11.1,8.7,11.6,9.9,13.1,10.4,11.6
"2026/01/26","2026/01/28","8101","ＧＳＩクレオス","東証およびＰＴＳ",,"確報",100,0,4400,100,0,4400,0,251700,0,11074800,251700,0,11074800,0,,,0,0,0,240800,240800,0,22,24.9,16.6,19.9,129,13.6,24.6
"2026/01/26","2026/01/28","8103","明和産業","東証およびＰＴＳ",,"確報",3000,1100,20300,0,600,200,20100,2961000,1085700,20036100,0,592200,197400,19838700,,,0,0,0,441600,19200,0,11.5,15.8,14.9,15.3,6,1.3,2.1
"2026/01/26","2026/01/28","8104","クワザワＨＤ","東証およびＰＴＳ",,"確報",100,0,4700,0,0,0,4700,62600,0,2942200,0,0,0,2942200,,,0,0,0,27600,0,0,33.9,26.3,47.4,33.9,0,0,0
"2026/01/26","2026/01/28","8105","ＢｉｔｃｏｉｎＪＰＮ","東証およびＰＴＳ",,"確報",30400,600,805100,0,0,0,805100,5745600,113400,152163900,0,0,0,152163900,,,0,0,0,4651800,0,0,25.3,43.4,17.8,25.3,0,0,0
"2026/01/26","2026/01/28","8107","キムラタン","東証およびＰＴＳ",,"確報",0,0,124000,0,0,0,124000,0,0,4216000,0,0,0,4216000,,,0,0,0,0,0,0,183.4,183.4,183.4,183.4,0,0,0
"2026/01/26","2026/01/28","8111","ゴールドウィン","東証およびＰＴＳ",,"確報",400,400,24600,0,0,2000,22600,1016600,1016600,62520900,0,0,5083000,57437900,,,0,0,0,1107000,90000,0,59,68.2,45.4,54.5,0,0,0
"2026/01/26","2026/01/28","8113","ユニ・チャーム","東証およびＰＴＳ",,"確報",2800,500,370900,4500,0,4700,366200,2631720,469950,348608910,4229550,0,4417530,344191380,,,0,0,2285320,0,0,1240,33.9,49.8,47.7,48.8,2.8,1.2,1.7
"2026/01/26","2026/01/28","8115","ムーンバット","東証およびＰＴＳ",,"確報",0,0,3800,0,0,0,3800,0,0,5399800,0,0,0,5399800,,,0,0,0,7600,0,0,0,0,0,0,0,0,0
"2026/01/26","2026/01/28","8117","中央自動車工業","東証およびＰＴＳ",,"確報",3000,200,11700,2900,100,11700,0,6468000,431200,25225200,6252400,215600,25225200,0,,,0,0,169100,0,0,169100,7.3,4.5,11.6,6.5,4.3,91.3,8.3
"2026/01/26","2026/01/28","8118","キング","東証およびＰＴＳ",,"確報",0,0,12000,200,200,6200,5800,0,0,11328000,188800,188800,5852800,5475200,,,0,0,12000,0,0,6200,72.2,0,63,126,38.5,38.5,38.5
"2026/01/26","2026/01/28","8119","三栄コーポレーション","東証およびＰＴＳ",,"確報",0,0,700,0,0,0,700,0,0,585200,0,0,0,585200,,,0,0,3500,0,0,0,0,0,0,0,0,0,0
"2026/01/26","2026/01/28","8123","川辺","東証およびＰＴＳ",,"確報",0,0,1800,0,0,0,1800,0,0,2631600,0,0,0,2631600,,,0,0,0,50400,0,0,0,0,0,0,0,0,0
"2026/01/26","2026/01/28","8125","ワキタ","東証およびＰＴＳ",,"確報",41700,10800,49300,12100,0,30500,18800,82899600,21470400,98008400,24054800,0,60634000,37374400,,,0,0,0,938400,938400,0,1.6,1.2,1.4,1.3,5.6,475.5,11.1
"2026/01/26","2026/01/28","8127","ヤマトインタ","東証およびＰＴＳ",,"確報",300,0,4700,0,700,78600,-73900,179700,0,2815300,0,419300,47081400,-44266100,,,0,0,0,13200,237900,0,101.6,24.9,28,26.4,142.6,105.1,121
"2026/01/26","2026/01/28","8129","東邦ホールディングス","東証およびＰＴＳ",,"確報",600,200,8300,0,0,8300,0,2898000,966000,40089000,0,0,40089000,0,,,0,0,0,94800,99600,0,22.3,11.4,11.7,11.5,135.3,203,162.4
"2026/01/26","2026/01/28","8130","サンゲツ","東証およびＰＴＳ",,"確報",200,0,6900,1000,0,5200,1700,639000,0,22045500,3195000,0,16614000,5431500,,,0,0,0,167500,105000,0,27.4,46.9,82,59.6,9.6,36.7,15.2
"2026/01/26","2026/01/28","8131","ミツウロコＧＨＤ","東証およびＰＴＳ",,"確報",0,800,5100,800,0,7500,-2400,0,1768800,11276100,1768800,0,16582500,-5306400,,,0,0,0,147500,167500,0,21.3,26.9,20.7,23.4,12.5,49.9,19.9
"2026/01/26","2026/01/28","8132","シナネンＨＤ","東証およびＰＴＳ",,"確報",400,0,700,300,2000,7600,-6900,2508000,0,4389000,1881000,12540000,47652000,-43263000,,,0,0,0,45000,1395000,0,27.4,4.8,19,7.6,55.9,21.3,30.8
"2026/01/26","2026/01/28","8133","伊藤忠エネクス","東証およびＰＴＳ",,"確報",1400,200,14800,1200,0,14800,0,2832200,404600,29940400,2427600,0,29940400,0,,,0,0,0,285600,285600,0,24.9,19.5,42.8,26.8,12.7,131.6,23.1
"2026/01/26","2026/01/28","8135","ゼット","東証およびＰＴＳ",,"確報",0,800,57300,0,0,0,57300,0,440000,31515000,0,0,0,31515000,,,0,0,0,290500,0,0,86.7,96.8,78.5,86.7,0,0,0
"2026/01/26","2026/01/28","8136","サンリオ","東証およびＰＴＳ",,"確報",24300,37700,1468500,0,0,2600,1465900,115813800,179678200,6998871000,0,0,12391600,6986479400,,,0,0,57794100,0,0,101400,56.7,86,44.9,59,4.2,3.1,3.5
"2026/01/26","2026/01/28","8137","サンワテクノス","東証およびＰＴＳ",,"確報",1600,800,3700,800,0,3700,0,4800000,2400000,11100000,2400000,0,11100000,0,,,0,0,0,232000,232000,0,10.5,5.6,8.9,6.9,12.7,76,21.7
"2026/01/26","2026/01/28","8138","三京化成","東証およびＰＴＳ",,"確報",0,0,0,0,0,0,0,0,0,0,0,0,0,0,,,0,0,0,0,0,0,0,0,0,0,0,0,0
"2026/01/26","2026/01/28","8139","ナガホリ","東証およびＰＴＳ",,"確報",100,100,546500,0,0,0,546500,217800,217800,1190277000,0,0,0,1190277000,,,0,0,12023000,0,0,0,9999.9,9999.9,9109.7,9999.9,0,0,0
"2026/01/26","2026/01/28","8141","新光商事","東証およびＰＴＳ",,"確報",9000,0,54400,5500,100,47200,7200,9621000,0,58153600,5879500,106900,50456800,7696800,,,0,0,0,272400,250800,0,14.1,7.2,16,9.9,15.9,65.5,25.6
"2026/01/26","2026/01/28","8142","トーホー","東証およびＰＴＳ",,"確報",30200,0,39100,0,581500,112500,-73400,118686000,0,153663000,0,2285295000,442125000,-288462000,,,0,0,0,534000,41640000,0,3.7,1.9,4.5,2.7,4.3,3.4,3.8
"2026/01/26","2026/01/28","8143","ラピーヌ","東証およびＰＴＳ",,"確報",0,0,1500,0,0,0,1500,0,0,331500,0,0,0,331500,,,0,0,0,6000,0,0,0,0,0,0,0,0,0
"2026/01/26","2026/01/28","8144","デンキョーグループ","東証およびＰＴＳ",,"確報",0,0,0,0,0,0,0,0,0,0,0,0,0,0,,,0,0,0,0,0,0,0,0,0,0,0,0,0
"2026/01/26","2026/01/28","8147","トミタ","東証およびＰＴＳ",,"確報",0,0,3200,0,0,0,3200,0,0,4480000,0,0,0,4480000,,,0,0,12800,0,0,0,0,0,0,0,0,0,0
"2026/01/26","2026/01/28","8150","三信電気","東証およびＰＴＳ",,"確報",1100,200,12600,0,0,0,12600,3410000,620000,39060000,0,0,0,39060000,,,0,0,0,1345500,0,0,32.4,25.6,43.9,32.4,0,0,0
"2026/01/26","2026/01/28","8151","東陽テクニカ","東証およびＰＴＳ",,"確報",1000,0,11900,1000,0,11900,0,1801000,0,21431900,1801000,0,21431900,0,,,0,0,0,588600,588600,0,14.2,9.5,28.1,14.2,9.5,28.1,14.2
"2026/01/26","2026/01/28","8152","ソマール","東証およびＰＴＳ",,"確報",0,0,3800,0,0,0,3800,0,0,22648000,0,0,0,22648000,,,0,0,76000,0,0,0,186,93,0,186,0,0,0
"2026/01/26","2026/01/28","8153","モスフードサービス","東証およびＰＴＳ",,"確報",200,400,4000,200,200,14400,-10400,861000,1722000,17220000,861000,861000,61992000,-44772000,,,0,0,42000,0,0,144000,19.4,10.9,9.5,10.1,26.9,27.9,27.4
"2026/01/26","2026/01/28","8154","加賀電子","東証およびＰＴＳ",,"確報",5000,4700,7800,300,400,7800,0,19350000,18189000,30186000,1161000,1548000,30186000,0,,,0,0,0,1050000,1106000,0,8,5.9,4.7,5.2,24.9,12.1,16.3
"2026/01/26","2026/01/28","8157","都築電気","東証およびＰＴＳ",,"確報",2000,0,15000,0,800,4100,10900,6850000,0,51375000,0,2740000,14042500,37332500,,,0,0,0,1755000,661500,0,37.6,26.8,335.5,49.7,23.2,21.1,22.1
"2026/01/26","2026/01/28","8158","ソーダニッカ","東証およびＰＴＳ",,"確報",0,1800,14100,0,0,5000,9100,0,2059200,16130400,0,0,5720000,10410400,,,0,0,0,365700,115000,0,30.6,161.4,15.2,27.8,62.3,35.6,45.3
"2026/01/26","2026/01/28","8159","立花エレテック","東証およびＰＴＳ",,"確報",800,200,4200,700,100,4200,0,2448000,612000,12852000,2142000,306000,12852000,0,,,0,0,0,216000,216000,0,8.7,6.1,6.7,6.4,12.3,14.9,13.5
"2026/01/26","2026/01/28","8160","木曽路","東証およびＰＴＳ",,"確報",800,200,8200,200,100,32600,-24400,2028800,507200,20795200,507200,253600,82673600,-61878400,,,0,0,0,22800,97500,0,34.4,12,16,13.7,34.7,122.6,54
"2026/01/26","2026/01/28","8163","ＳＲＳＨＤ","東証およびＰＴＳ",,"確報",2500,1400,34600,600,0,63400,-28800,3100000,1736000,42904000,744000,0,78616000,-35712000,,,0,0,134000,0,0,251200,18.9,9.4,14.5,11.4,23.3,38.9,29.1
"2026/01/26","2026/01/28","8165","千趣会","東証およびＰＴＳ",,"確報",1300,10200,134100,6400,0,701200,-567100,266500,2091000,27490500,1312000,0,143746000,-116255500,,,0,0,0,286000,1389600,0,117,19.7,33.7,24.8,278.1,1053.3,440
"2026/01/26","2026/01/28","8166","タカキュー","東証およびＰＴＳ",,"確報",0,1000,68900,0,0,0,68900,0,88000,6063200,0,0,0,6063200,,,0,0,69900,0,0,0,95.9,116.7,81.4,95.9,0,0,0
"2026/01/26","2026/01/28","8167","リテールパートナーズ","東証およびＰＴＳ",,"確報",4000,800,40700,200,100,9300,31400,5420000,1084000,55148500,271000,135500,12601500,42547000,,,0,0,0,637500,156400,0,9.3,4.4,34.3,7.8,20.4,112.3,34.5
"2026/01/26","2026/01/28","8173","上新電機","東証およびＰＴＳ",,"確報",200,200,200,0,1800,20900,-20700,538400,538400,538400,0,4845600,56262800,-55724400,,,0,0,0,5200,590200,0,8.1,7.3,1.2,2.1,9.9,7.8,8.7
"2026/01/26","2026/01/28","8174","日本瓦斯","東証およびＰＴＳ",,"確報",200,0,1400,0,0,4800,-3400,587900,0,4115300,0,0,14109600,-9994300,,,0,0,0,55800,223200,0,13.2,15,3.5,5.6,48.2,18.5,26.8
"2026/01/26","2026/01/28","8179","ロイヤルＨＤ","東証およびＰＴＳ",,"確報",400,300,35400,100,2600,130100,-94700,535600,401700,47400600,133900,3481400,174203900,-126803300,,,0,0,0,35300,132600,0,31.4,11.1,21.7,14.7,79.3,29.6,43.1
"2026/01/26","2026/01/28","8181","東天紅","東証およびＰＴＳ",,"確報",0,0,400,0,0,0,400,0,0,458800,0,0,0,458800,,,0,0,4400,0,0,0,0,0,0,0,0,0,0
"2026/01/26","2026/01/28","8185","チヨダ","東証およびＰＴＳ",,"確報",22000,19700,68200,2300,0,68200,0,24156000,21630600,74883600,2525400,0,74883600,0,,,0,0,0,659000,659000,0,9.8,4.4,5.8,5,34.6,361.4,63.2
"2026/01/26","2026/01/28","8194","ライフコーポ","東証およびＰＴＳ",,"確報",200,600,11900,0,3900,300,11600,528200,1584600,31427900,0,10299900,792300,30635600,,,0,0,0,12300,4200,0,6.1,8.1,7.4,7.7,9,2.8,4.3
"2026/01/26","2026/01/28","8198","マックスバリュ東海","東証およびＰＴＳ",,"確報",0,200,3100,0,0,0,3100,0,772000,11966000,0,0,0,11966000,,,0,0,99000,0,0,0,33.8,33.8,33.8,33.8,0,0,0
"2026/01/26","2026/01/28","8200","リンガーハット","東証およびＰＴＳ",,"確報",0,1100,32700,0,200,51100,-18400,0,2486000,73902000,0,452000,115486000,-41584000,,,0,0,236600,0,0,359100,45.5,93.4,19.8,32.7,40.1,138.1,62.1
"2026/01/26","2026/01/28","8202","ラオックスＨＤ","東証およびＰＴＳ",,"確報",900,0,71300,7800,0,55100,16200,134100,0,10623700,1162200,0,8209900,2413800,,,0,0,0,0,0,0,48.9,69.3,160.6,96.8,30.2,27.3,28.7
"2026/01/26","2026/01/28","8203","ＭｒＭａｘＨＤ","東証およびＰＴＳ",,"確報",400,1400,11600,0,200,1200,10400,314400,1100400,9117600,0,157200,943200,8174400,,,0,0,0,138600,15400,0,14.8,12.3,22.3,15.8,24,6,9.6
"2026/01/26","2026/01/28","8207","テンアライド","東証およびＰＴＳ",,"確報",0,700,1000,0,0,0,1000,0,203700,291000,0,0,0,291000,,,0,0,0,1700,0,0,9.9,10.6,9.3,9.9,0,0,0
"2026/01/26","2026/01/28","8214","ＡＯＫＩＨＤ","東証およびＰＴＳ",,"確報",0,1700,7600,0,1700,7600,0,0,3175600,14196800,0,3175600,14196800,0,,,0,0,0,93000,93000,0,14.4,139,7.2,13.7,0,7.6,15.2
"2026/01/26","2026/01/28","8217","オークワ","東証およびＰＴＳ",,"確報",0,1900,21300,0,1900,21300,0,0,1662500,18637500,0,1662500,18637500,0,,,0,0,0,232000,232000,0,11.6,8.5,8.9,8.7,16.6,18.1,17.3
"2026/01/26","2026/01/28","8218","コメリ","東証およびＰＴＳ",,"確報",1100,200,15800,900,0,15800,0,3833500,697000,55063000,3136500,0,55063000,0,,,0,0,0,596000,596000,0,29.1,20.8,33.5,25.7,25.7,48.2,33.5
"2026/01/26","2026/01/28","8219","青山商事","東証およびＰＴＳ",,"確報",0,1300,26900,0,4000,32000,-5100,0,3411200,70585600,0,10496000,83968000,-13382400,,,0,0,0,366600,468000,0,18.4,18.2,14.4,16.1,29.1,16.7,21.2
"2026/01/26","2026/01/28","8225","タカチホ","東証およびＰＴＳ",,"確報",0,0,1100,0,0,0,1100,0,0,4070000,0,0,0,4070000,,,0,0,0,0,0,0,0,0,0,0,0,0,0
"2026/01/26","2026/01/28","8226","理経","東証およびＰＴＳ",,"確報",8200,400,151400,0,0,0,151400,4173800,203600,77062600,0,0,0,77062600,,,0,0,0,2154000,0,0,26.3,31.5,22.6,26.3,0,0,0
"2026/01/26","2026/01/28","8227","しまむら","東証およびＰＴＳ",,"確報",2000,0,8400,0,400,5000,3400,21240000,0,89208000,0,4248000,53100000,36108000,,,0,0,0,896000,756000,0,4.5,3.6,2.8,3.1,14.4,11,12.5
"2026/01/26","2026/01/28","8230","はせがわ","東証およびＰＴＳ",,"確報",0,200,1500,0,0,600,900,0,66000,495000,0,0,198000,297000,,,0,0,0,3400,1200,0,5.1,8.7,3.5,5,0,2.6,5.2
"2026/01/26","2026/01/28","8233","高島屋","東証およびＰＴＳ",,"確報",200,0,588700,24400,300,360100,228600,382600,0,1126183100,46677200,573900,688871300,437311800,,,0,0,0,4708000,2688000,0,47.3,36.9,0,73.8,20.4,52.9,29.4
"2026/01/26","2026/01/28","8237","松屋","東証およびＰＴＳ",,"確報",0,200,500,2100,6900,326000,-325500,0,378200,945500,3971100,13047900,616466000,-615520500,,,0,0,0,6300,2977200,0,64.4,0,16.5,33,62.3,66.9,64.5
"2026/01/26","2026/01/28","8242","Ｈ２Ｏリテイリング","東証およびＰＴＳ",,"確報",100,0,3500,100,200,700,2800,216200,0,7567000,216200,432400,1513400,6053600,,,0,0,0,88400,20800,0,11.3,20.8,11,14.4,3.4,11.3,5.2
"2026/01/26","2026/01/28","8244","近鉄百貨店","東証およびＰＴＳ",,"確報",11000,8700,17800,0,1700,15600,2200,20438000,16164600,33072400,0,3158600,28984800,4087600,,,0,0,0,124000,138400,0,6.4,3.5,4.2,3.8,16.4,26.5,20.2
"2026/01/26","2026/01/28","8247","大和","東証およびＰＴＳ",,"確報",0,0,500,0,0,0,500,0,0,194000,0,0,0,194000,,,0,0,0,3000,0,0,6.9,8,6,6.9,0,0,0
"2026/01/26","2026/01/28","8252","丸井グループ","東証およびＰＴＳ",,"確報",3700,200,33100,1000,0,4900,28200,11270200,609200,100822600,3046000,0,14925400,85897200,,,0,0,0,1036000,136500,0,21.5,16.4,96.5,28.1,7.8,10.5,8.9
"2026/01/26","2026/01/28","8253","クレディセゾン","東証およびＰＴＳ",,"確報",4500,2600,7600,1000,3900,2800,4800,18693000,10800400,31570400,4154000,16200600,11631200,19939200,,,0,0,0,701100,701100,0,3.9,3.6,2.7,3.1,15.5,3.5,5.7
"2026/01/26","2026/01/28","8254","さいか屋","東証およびＰＴＳ",,"確報",0,100,24800,0,0,0,24800,0,42800,10614400,0,0,0,10614400,,,0,0,323700,0,0,0,310.5,207,621,310.5,0,0,0
"2026/01/26","2026/01/28","8255","アクシアル　リテ","東証およびＰＴＳ",,"確報",0,0,3400,100,0,1700,1700,0,0,4080000,120000,0,2040000,2040000,,,0,0,0,17000,8000,0,46.9,175,35,58.3,27.7,41.5,33.2
"2026/01/26","2026/01/28","8260","井筒屋","東証およびＰＴＳ",,"確報",72100,600,487700,7700,2300,11600,476100,34896400,290400,236046800,3726800,1113200,5614400,230432400,,,0,0,2497200,0,0,37200,20,10.8,1869.6,21.4,1.9,9.6,3.2
"2026/01/26","2026/01/28","8267","イオン","東証およびＰＴＳ",,"確報",186100,10700,449900,8800,1700,126400,323500,416584850,23951950,1007101150,19698800,3805450,282946400,724154750,,,0,0,0,411750,178950,0,4.5,2.8,6.7,3.9,6.9,5.7,6.2
"2026/01/26","2026/01/28","8273","イズミ","東証およびＰＴＳ",,"確報",400,0,3800,0,100,0,3800,1250000,0,11875000,0,312500,0,11875000,,,0,0,0,68000,2000,0,3.5,5.5,5.7,5.6,1.9,0.6,1
"2026/01/26","2026/01/28","8275","フォーバル","東証およびＰＴＳ",,"確報",200,0,1800,200,0,1800,0,232200,0,2089800,232200,0,2089800,0,,,0,0,0,16000,16000,0,21.8,17.4,29,21.8,17.4,29,21.8
"2026/01/26","2026/01/28","8276","平和堂","東証およびＰＴＳ",,"確報",0,0,1100,3900,0,21100,-20000,0,0,3283500,11641500,0,62983500,-59700000,,,0,0,0,1100,17200,0,11.2,34,11.3,17,10,11.9,10.9
"2026/01/26","2026/01/28","8278","フジ","東証およびＰＴＳ",,"確報",2100,500,49100,0,800,86300,-37200,4462500,1062500,104337500,0,1700000,183387500,-79050000,,,0,0,0,47500,87100,0,41.4,16.4,31.8,21.6,45.5,464.8,82.8
"2026/01/26","2026/01/28","8281","ゼビオＨＤ","東証およびＰＴＳ",,"確報",300,300,22000,0,4100,32300,-10300,324000,324000,23760000,0,4428000,34884000,-11124000,,,0,0,0,220000,364000,0,42.2,30.1,32.6,31.3,181,31.8,54
"2026/01/26","2026/01/28","8282","ケーズホールディング","東証およびＰＴＳ",,"確報",0,0,12200,2800,0,41500,-29300,0,0,19910400,4569600,0,67728000,-47817600,,,0,0,6100,0,0,19350,12.2,12.4,11.8,12.1,11.7,12.9,12.2
"2026/01/26","2026/01/28","8283","ＰＡＬＴＡＣ","東証およびＰＴＳ",,"確報",500,700,4300,0,100,4800,-500,2462500,3447500,21177500,0,492500,23640000,-2462500,,,0,0,0,423000,460600,0,9.1,6.9,5.4,6,22.2,13.1,16.5
"2026/01/26","2026/01/28","8285","三谷産業","東証およびＰＴＳ",,"確報",1100,100,1225400,1000,0,56800,1168600,671000,61000,747494000,610000,0,34648000,712846000,,,0,0,0,24488000,1116000,0,351.1,297.5,6775.6,569.9,23.6,83,36.8
"2026/01/26","2026/01/28","8289","Ｏｌｙｍｐｉｃグルー","東証およびＰＴＳ",,"確報",900,0,5100,1300,400,5100,0,423900,0,2402100,612300,188400,2402100,0,,,0,0,16800,0,0,16800,15.7,18.2,16.9,17.6,10.9,19.7,14
"2026/01/26","2026/01/28","8291","日産東京販売ＨＤ","東証およびＰＴＳ",,"確報",400,0,62100,500,200,22000,40100,216000,0,33534000,270000,108000,11880000,21654000,,,0,0,0,678700,238700,0,203.7,618.2,343.4,441.6,54.2,154.9,80.3
"2026/01/26","2026/01/28","8303","ＳＢＩ新生銀行","東証およびＰＴＳ",,"確報",156300,28800,4234600,0,0,0,4234600,292593600,53913600,7927171200,0,0,0,7927171200,,,0,0,0,217676300,0,0,22.5,14.5,49.7,22.5,0,0,0
"2026/01/26","2026/01/28","8304","あおぞら銀行","東証およびＰＴＳ",,"確報",767400,1200,794700,500,1600,4800,789900,1911209700,2988600,1979200350,1245250,3984800,11954400,1967245950,,,0,0,0,1026000,212400,0,2.6,1.3,23.1,2.5,14.1,5.3,7.7
"2026/01/26","2026/01/28","8306","三菱ＵＦＪＦＧ","東証およびＰＴＳ",,"確報",767500,0,3134600,0,79400,533600,2601000,2095275000,0,8557458000,0,216762000,1456728000,7100730000,,,0,0,0,249729050,64671500,0,15.3,7.9,52.9,13.7,107.9,16.4,28.4
"2026/01/26","2026/01/28","8308","りそなＨＤ","東証およびＰＴＳ",,"確報",193600,0,261400,8400,116300,94800,166600,344511200,0,465161300,14947800,206955850,168696600,296464700,,,0,0,0,2542500,7601250,0,3.7,4.8,4.6,4.7,2.1,2.6,2.3
"2026/01/26","2026/01/28","8309","三井住友トラストＧ","東証およびＰＴＳ",,"確報",42100,1000,97000,0,1000,54900,42100,209700100,4981000,483157000,0,4981000,273456900,209700100,,,0,0,0,3633500,3633500,0,5.8,3.1,4,3.5,59.3,32.4,41.9
"2026/01/26","2026/01/28","8316","三井住友ＦＧ","東証およびＰＴＳ",,"確報",104500,0,1674200,100,43600,277200,1397000,562941500,0,9018915400,538700,234873200,1493276400,7525639000,,,0,0,0,241733800,49387800,0,22.1,17.2,32.6,22.6,21.5,18.6,19.9
"2026/01/26","2026/01/28","8331","千葉銀行","東証およびＰＴＳ",,"確報",1200,29900,34800,400,41400,22500,12300,2404800,59919600,69739200,801600,82965600,45090000,24649200,,,0,0,0,2921000,2921000,0,1.8,2.1,2.2,2.1,1.7,1.7,1.7
"2026/01/26","2026/01/28","8334","群馬銀行","東証およびＰＴＳ",,"確報",4700,800,24800,400,1300,7600,17200,8814850,1500400,46512400,750200,2438150,14253800,32258600,,,0,0,0,1546600,629000,0,11.6,8.8,20.1,12.3,14.9,7.8,10.3
"2026/01/26","2026/01/28","8336","武蔵野銀行","東証およびＰＴＳ",,"確報",200,0,7700,0,0,100,7600,1092000,0,42042000,0,0,546000,41496000,,,0,0,0,1200000,16000,0,52.6,30.4,365,56.2,3,0,6
"2026/01/26","2026/01/28","8337","千葉興業銀行","東証およびＰＴＳ",,"確報",0,100,6800,0,100,6800,0,0,189700,12899600,0,189700,12899600,0,,,0,0,0,289800,289800,0,15.5,8.8,8,8.4,114.7,86,98.3
"2026/01/26","2026/01/28","8338","筑波銀行","東証およびＰＴＳ",,"確報",165100,151000,363000,18100,4000,363000,0,82384900,75349000,181137000,9031900,1996000,181137000,0,,,0,0,0,9769200,9769200,0,6.3,3.3,3.6,3.4,28,62.8,38.8
"2026/01/26","2026/01/28","8341","七十七銀行","東証およびＰＴＳ",,"確報",1900,200,8500,0,2500,2600,5900,15977100,1681800,71476500,0,21022500,21863400,49613100,,,0,0,0,2162400,1621800,0,7.2,8.7,15.4,11.1,3.6,4.5,4
"2026/01/26","2026/01/28","8343","秋田銀行","東証およびＰＴＳ",,"確報",3300,15300,21400,100,10900,22600,-1200,15262500,70762500,98975000,462500,50412500,104525000,-5550000,,,0,0,0,3340000,3340000,0,3.5,2.3,1.9,2.1,12.2,6.4,8.4
"2026/01/26","2026/01/28","8344","山形銀行","東証およびＰＴＳ",,"確報",900,7400,19700,4200,10700,19700,0,1925100,15828600,42138300,8983800,22887300,42138300,0,,,0,0,0,1388600,1388600,0,5.5,6.5,6.2,6.3,4.9,4.7,4.8
"2026/01/26","2026/01/28","8345","岩手銀行","東証およびＰＴＳ",,"確報",1000,100,3800,0,200,900,2900,6100000,610000,23180000,0,1220000,5490000,17690000,,,0,0,0,522000,198000,0,5.9,6.6,7.7,7.1,2.3,3.1,2.6
"2026/01/26","2026/01/28","8346","東邦銀行","東証およびＰＴＳ",,"確報",73100,300,213800,1100,6000,248700,-34900,43129000,177000,126142000,649000,3540000,146733000,-20591000,,,0,0,0,2538000,4564800,0,9.1,3.5,5,4.1,167.1,73.8,102.4
"2026/01/26","2026/01/28","8349","東北銀行","東証およびＰＴＳ",,"確報",0,200,7200,500,100,4300,2900,0,309000,11124000,772500,154500,6643500,4480500,,,0,0,0,207200,109200,0,19.2,32.1,23.5,27.2,7.3,35.2,12.1
"2026/01/26","2026/01/28","8354","ふくおかＦＧ","東証およびＰＴＳ",,"確報",200,700,11300,1100,700,6400,4900,1108800,3880800,62647200,6098400,3880800,35481600,27165600,,,0,0,0,944000,480000,0,6.2,6.5,5.3,5.8,7.6,7.3,7.4
"2026/01/26","2026/01/28","8358","スルガ銀行","東証およびＰＴＳ",,"確報",3700,2600,25100,2200,1100,25100,0,7085500,4979000,48066500,4213000,2106500,48066500,0,,,0,0,0,1632000,1632000,0,12.8,7.2,9.1,8,22.1,57.8,31.9
"2026/01/26","2026/01/28","8359","八十二長野銀行","東証およびＰＴＳ",,"確報",2700,10000,32400,2100,2300,18000,14400,5089500,18850000,61074000,3958500,4335500,33930000,27144000,,,0,0,0,2719450,1246700,0,8,9.6,7.6,8.5,8.2,6.2,7.1
"2026/01/26","2026/01/28","8360","山梨中央銀行","東証およびＰＴＳ",,"確報",8400,300,28700,1000,0,28700,0,39606000,1414500,135320500,4715000,0,135320500,0,,,0,0,0,3708000,4986000,0,8.7,3.8,6.5,4.8,23.7,147.6,40.9
"2026/01/26","2026/01/28","8361","大垣共立銀行","東証およびＰＴＳ",,"確報",7200,2100,23000,0,1100,16800,6200,40968000,11949000,130870000,0,6259000,95592000,35278000,,,0,0,0,3043000,3043000,0,11.1,7.4,8.4,7.9,15.8,28.2,20.3
"2026/01/26","2026/01/28","8362","福井銀行","東証およびＰＴＳ",,"確報",0,100,12100,600,0,20700,-8600,0,283500,34303500,1701000,0,58684500,-24381000,,,0,0,0,536800,884400,0,33.1,15.6,22.3,18.4,37.7,195.8,63.2
"2026/01/26","2026/01/28","8364","清水銀行","東証およびＰＴＳ",,"確報",300,0,279900,1400,0,29300,250600,746700,0,696671100,3484600,0,72927700,623743400,,,0,0,0,10904400,1088100,0,473.1,1998.9,4664,2798.4,28.3,230.8,50.4
"2026/01/26","2026/01/28","8365","富山銀行","東証およびＰＴＳ",,"確報",0,1000,29800,0,1000,29800,0,0,2193000,65351400,0,2193000,65351400,0,,,0,0,0,616000,616000,0,74.1,56.3,54.3,55.2,116.8,108.5,112.5
"2026/01/26","2026/01/28","8366","滋賀銀行","東証およびＰＴＳ",,"確報",1800,2600,19800,2700,1400,26000,-6200,14436000,20852000,158796000,21654000,11228000,208520000,-49724000,,,0,0,0,3914000,4693000,0,12.3,6.5,9.1,7.6,22.3,24.9,23.5
"2026/01/26","2026/01/28","8367","南都銀行","東証およびＰＴＳ",,"確報",30700,6400,34000,1500,500,11400,22600,204155000,42560000,226100000,9975000,3325000,75810000,150290000,,,0,0,0,1552000,1664000,0,4.3,1.8,5.6,2.8,11.8,28.8,16.7
"2026/01/26","2026/01/28","8368","百五銀行","東証およびＰＴＳ",,"確報",26200,60100,168500,2100,36000,168500,0,36837200,84500600,236911000,2952600,50616000,236911000,0,,,0,0,0,15787200,15787200,0,12.9,9.8,9.7,9.8,19,18.6,18.8
"2026/01/26","2026/01/28","8370","紀陽銀行","東証およびＰＴＳ",,"確報",0,600,8700,100,700,8700,0,0,2175000,31537500,362500,2537500,31537500,0,,,0,0,0,790500,790500,0,7.7,7.8,7.7,7.7,7.7,7.5,7.6
"2026/01/26","2026/01/28","8377","ほくほくＦＧ","東証およびＰＴＳ",,"確報",7600,7600,39100,3200,3200,39100,0,39436400,39436400,202889900,16604800,16604800,202889900,0,,,0,0,0,6529700,6529700,0,6.7,3.7,4.3,4,15,39.6,21.7
"2026/01/26","2026/01/28","8381","山陰合同銀行","東証およびＰＴＳ",,"確報",1400,0,9200,0,1500,6300,2900,2186800,0,14370400,0,2343000,9840600,4529800,,,0,0,0,397800,397800,0,4.1,3.5,3.2,3.3,9.3,4.4,5.9
"2026/01/26","2026/01/28","8383","鳥取銀行","東証およびＰＴＳ",,"確報",300,0,2900,100,0,2700,200,508500,0,4915500,169500,0,4576500,339000,,,0,0,0,96200,96200,0,13.1,8.5,11.2,9.7,17.9,23.8,20.4
"2026/01/26","2026/01/28","8386","百十四銀行","東証およびＰＴＳ",,"確報",2500,0,9600,1500,200,6700,2900,20575000,0,79008000,12345000,1646000,55141000,23867000,,,0,0,0,1065000,810000,0,11.3,9.5,37.9,15.2,4.6,30.8,8.1
"2026/01/26","2026/01/28","8387","四国銀行","東証およびＰＴＳ",,"確報",200,300,11400,800,100,5200,6200,397400,596100,22651800,1589600,198700,10332400,12319400,,,0,0,0,598000,234000,0,16.2,90,8.1,14.8,13.8,55.3,22.1
"2026/01/26","2026/01/28","8388","阿波銀行","東証およびＰＴＳ",,"確報",5900,17000,14300,0,1100,14300,0,29087000,83810000,70499000,0,5423000,70499000,0,,,0,0,0,3302000,2002000,0,5.2,2.9,3.3,3.1,14.7,44.9,22.1
"2026/01/26","2026/01/28","8392","大分銀行","東証およびＰＴＳ",,"確報",66900,6500,72800,800,2400,10800,62000,531186000,51610000,578032000,6352000,19056000,85752000,492280000,,,0,0,0,1488000,1488000,0,1.9,1.2,2.2,1.6,7,19.4,10.3
"2026/01/26","2026/01/28","8393","宮崎銀行","東証およびＰＴＳ",,"確報",3200,4100,7500,0,1300,7100,400,24832000,31816000,58200000,0,10088000,55096000,3104000,,,0,0,0,2100000,2100000,0,4.3,2.5,2.5,2.5,23.6,18,20.4
"2026/01/26","2026/01/28","8395","佐賀銀行","東証およびＰＴＳ",,"確報",3800,0,143500,200,0,500,143000,17005000,0,642162500,895000,0,2237500,639925000,,,0,0,0,28638500,61500,0,137.5,123.9,214,156.9,2.2,5,3.1
"2026/01/26","2026/01/28","8399","琉球銀行","東証およびＰＴＳ",,"確報",10600,16200,15600,300,5900,15600,0,23139800,35364600,34054800,654900,12879700,34054800,0,,,0,0,0,1971600,1971600,0,3.5,2.1,2.1,2.1,8.7,9.4,9.1
"2026/01/26","2026/01/28","8410","セブン銀行","東証およびＰＴＳ",,"確報",7700,0,199700,0,4000,69100,130600,2288440,0,59350840,0,1188800,20536520,38814320,,,0,0,38400,0,0,14620,42.3,37.5,361.8,67.9,25.5,17.3,20.6
"2026/01/26","2026/01/28","8411","みずほＦＧ","東証およびＰＴＳ",,"確報",426100,62700,731900,0,20300,394600,337300,2779450300,408992100,4774183700,0,132416900,2573975800,2200207900,,,0,0,0,76648000,86299200,0,4.3,2.6,5.4,3.5,4.3,16,6.8
"2026/01/26","2026/01/28","8416","高知銀行","東証およびＰＴＳ",,"確報",2200,0,10600,0,500,4300,6300,2384800,0,11490400,0,542000,4661200,6829200,,,0,0,0,302400,172800,0,23.6,14.3,428,27.6,63.8,11.1,18.9
"2026/01/26","2026/01/28","8418","山口ＦＧ","東証およびＰＴＳ",,"確報",1100,1600,11600,400,900,11600,0,2653200,3859200,27979200,964800,2170800,27979200,0,,,0,0,0,683650,683650,0,8.1,7.6,8.5,8.1,7.2,9.4,8.2
"2026/01/26","2026/01/28","8421","信金中央金庫","東証およびＰＴＳ",,"確報",1,0,28,0,0,132,-104,193300,0,5412400,0,0,25515600,-20103200,,,0,0,0,5400,26400,0,45,10.6,9.9,10.3,110.2,661,188.9
"2026/01/26","2026/01/28","8424","芙蓉総合リース","東証およびＰＴＳ",,"確報",300,200,4300,300,500,3500,800,1316700,877800,18872700,1316700,2194500,15361500,3511200,,,0,0,0,294000,259000,0,12.2,20.8,8.8,12.4,12.5,11.7,12.1
"2026/01/26","2026/01/28","8425","みずほリース","東証およびＰＴＳ",,"確報",1700,0,13900,2200,0,6300,7600,2449700,0,20029900,3170200,0,9078300,10951600,,,0,0,0,268400,90200,0,11.9,11.8,24.5,15.9,4.6,15,7.1
"2026/01/26","2026/01/28","8439","東京センチュリー","東証およびＰＴＳ",,"確報",800,900,34100,5800,0,16200,17900,1717200,1931850,73195650,12449700,0,34773300,38422350,,,0,0,0,684000,208000,0,16.5,59.7,64.1,61.8,4.8,5.7,5.2
"2026/01/26","2026/01/28","8473","ＳＢＩＨＤ","東証およびＰＴＳ",,"確報",107000,16100,2603700,0,0,0,2603700,373858000,56253400,9097327800,0,0,0,9097327800,,,0,0,0,206049600,0,0,33.6,18.3,224.2,33.8,1,1,1
"2026/01/26","2026/01/28","8508","Ｊトラスト","東証およびＰＴＳ",,"確報",3200,200,88400,1400,0,7100,81300,1532800,95800,42343600,670600,0,3400900,38942700,,,0,0,0,1366400,91200,0,40.3,27.6,160.6,47.2,12.4,16.8,14.3
"2026/01/26","2026/01/28","8511","日本証券金融","東証およびＰＴＳ",,"確報",12600,300,49000,2700,100,50700,-1700,26775000,637500,104125000,5737500,212500,107737500,-3612500,,,0,0,0,2018500,2645500,0,10.3,4.9,6.6,5.6,20.7,475,39.6
"2026/01/26","2026/01/28","8515","アイフル","東証およびＰＴＳ",,"確報",20100,12900,385000,900,3300,52500,332500,11075100,7107900,212135000,495900,1818300,28927500,183207500,,,0,0,0,5289200,768600,0,36.3,24.1,62.3,34.8,123.7,32.4,51.4
"2026/01/26","2026/01/28","8518","日本アジア投資","東証およびＰＴＳ",,"確報",3100,100,81900,0,0,0,81900,626200,20200,16543800,0,0,0,16543800,,,0,0,0,394500,0,0,157.7,91.7,563.1,157.7,0,0,0
"2026/01/26","2026/01/28","8522","名古屋銀行","東証およびＰＴＳ",,"確報",4400,300,16600,1400,0,9400,7200,21296000,1452000,80344000,6776000,0,45496000,34848000,,,0,0,0,3125000,2000000,0,20.1,10.2,33.1,15.6,23.3,104.8,38.1
"2026/01/26","2026/01/28","8524","北洋銀行","東証およびＰＴＳ",,"確報",66200,84000,461100,0,17800,461100,0,59977200,76104000,417756600,0,16126800,417756600,0,,,0,0,0,16761500,16761500,0,24.4,16.2,12.9,14.3,221.1,49.6,81.1
"2026/01/26","2026/01/28","8537","大光銀行","東証およびＰＴＳ",,"確報",900,0,22500,0,300,2100,20400,2148300,0,53707500,0,716100,5012700,48694800,,,0,0,0,2268000,252000,0,35.4,46,32.9,38.3,18,21.6,19.6
"2026/01/26","2026/01/28","8541","愛媛銀行","東証およびＰＴＳ",,"確報",30200,19200,46900,2100,0,46900,0,50917200,32371200,79073400,3540600,0,79073400,0,,,0,0,0,1974500,2464000,0,5,2.5,2.7,2.6,21.5,102.8,35.6
"2026/01/26","2026/01/28","8542","トマト銀行","東証およびＰＴＳ",,"確報",700,0,1600,0,0,700,900,1116500,0,2552000,0,0,1116500,1435500,,,0,0,0,36900,28700,0,11.3,5.6,25,9.1,9.7,0,19.3
"2026/01/26","2026/01/28","8544","京葉銀行","東証およびＰＴＳ",,"確報",7200,300,46200,4700,1000,58100,-11900,13118400,546600,84176400,8563400,1822000,105858200,-21681800,,,0,0,0,2436600,3372800,0,14.7,9.2,9.1,9.1,19.4,105.9,32.8
"2026/01/26","2026/01/28","8550","栃木銀行","東証およびＰＴＳ",,"確報",29000,900,182900,3600,3900,102700,80200,25259000,783900,159305900,3135600,3396900,89451700,69854200,,,0,0,0,6811200,4532000,0,15.6,12.5,26.6,17,8.4,34.3,13.4
"2026/01/26","2026/01/28","8551","北日本銀行","東証およびＰＴＳ",,"確報",400,400,2500,0,0,2500,0,1952000,1952000,12200000,0,0,12200000,0,,,0,0,0,500000,500000,0,10.9,6.9,8.3,7.6,15.6,25,19.2
"2026/01/26","2026/01/28","8558","東和銀行","東証およびＰＴＳ",,"確報",1300,0,37600,100,1900,17400,20200,1498900,0,43352800,115300,2190700,20062200,23290600,,,0,0,0,1887600,998400,0,59.5,44.7,297.7,77.7,59.3,31.6,41.3
"2026/01/26","2026/01/28","8562","福島銀行","東証およびＰＴＳ",,"確報",170400,1800,370200,11400,5100,309900,60300,55720800,588600,121055400,3727800,1667700,101337300,19718100,,,0,0,0,1612800,2428800,0,7,2.5,4.8,3.3,53,101.4,69.7
"2026/01/26","2026/01/28","8563","大東銀行","東証およびＰＴＳ",,"確報",0,1100,91400,200,100,500,90900,0,1071400,89023600,194800,97400,487000,88536600,,,0,0,0,1110000,4800,0,60.6,55.3,71.5,62.4,4.8,19,7.6
"2026/01/26","2026/01/28","8566","リコーリース","東証およびＰＴＳ",,"確報",1400,0,2800,1500,0,14800,-12000,8386000,0,16772000,8985000,0,88652000,-71880000,,,0,0,0,84000,798000,0,19.1,3.7,15.6,6,16.4,57.3,25.4
"2026/01/26","2026/01/28","8570","イオンＦＳ","東証およびＰＴＳ",,"確報",3900,1000,36600,3000,100,36600,0,6532500,1675000,61305000,5025000,167500,61305000,0,,,0,0,0,1061550,1061550,0,25,16,17.8,16.9,42,56.9,48.4
"2026/01/26","2026/01/28","8572","アコム","東証およびＰＴＳ",,"確報",600,3200,138800,4300,0,47400,91400,308220,1643840,71301560,2208910,0,24349380,46952180,,,0,0,0,1626100,495650,0,57.4,111.1,114.7,112.9,15.6,37.9,22.1
"2026/01/26","2026/01/28","8584","ジャックス","東証およびＰＴＳ",,"確報",6500,6000,11700,0,500,10700,1000,27690000,25560000,49842000,0,2130000,45582000,4260000,,,0,0,0,952000,952000,0,3.9,2.1,2.1,2.1,73.3,27.9,40.4
"2026/01/26","2026/01/28","8585","オリエントコーポ","東証およびＰＴＳ",,"確報",1400,0,22200,2000,100,12000,10200,1561000,0,24753000,2230000,111500,13380000,11373000,,,0,0,0,228800,111100,0,13.3,10.4,22.6,14.3,6.2,79.8,11.5
"2026/01/26","2026/01/28","8591","オリックス","東証およびＰＴＳ",,"確報",6400,0,87900,4700,100,5000,82900,29696000,0,407856000,21808000,464000,23200000,384656000,,,0,0,0,11899000,58400,0,16.5,17.9,19.4,18.6,1.3,5.8,2.1
"2026/01/26","2026/01/28","8593","三菱ＨＣキャピタル","東証およびＰＴＳ",,"確報",3500,500,109800,9600,0,63800,46000,4637500,662500,145485000,12720000,0,84535000,60950000,,,0,0,0,2403000,1219500,0,36,44.8,38.8,41.6,24.2,35.9,28.9
"2026/01/26","2026/01/28","8595","ジャフコ　グループ","東証およびＰＴＳ",,"確報",10800,5800,17600,1800,0,14400,3200,26411400,14183900,43040800,4401900,0,35215200,7825600,,,0,0,0,491400,491400,0,3.7,1.9,2.4,2.2,11.8,63.8,19.9
"2026/01/26","2026/01/28","8596","九州リースサービス","東証およびＰＴＳ",,"確報",0,1000,4400,0,0,2900,1500,0,1411000,6208400,0,0,4091900,2116500,,,0,0,0,75600,40600,0,18.6,11.5,18,14,37,49.3,42.3
"2026/01/26","2026/01/28","8600","トモニＨＤ","東証およびＰＴＳ",,"確報",3900,100,62400,400,200,5000,57400,3322800,85200,53164800,340800,170400,4260000,48904800,,,0,0,0,1289200,105600,0,34.5,37.5,32.1,34.6,26.2,47.2,33.7
"2026/01/26","2026/01/28","8601","大和証券グループ本社","東証およびＰＴＳ",,"確報",4600,200,66800,200,20800,39400,27400,6798800,295600,98730400,295600,30742400,58233200,40497200,,,0,0,0,2371200,2280000,0,3.1,2.6,2.1,2.3,11.5,5.7,7.6
"2026/01/26","2026/01/28","8604","野村ホールディングス","東証およびＰＴＳ",,"確報",40100,0,455800,0,23200,276800,179000,55538500,0,631283000,0,32132000,383368000,247915000,,,0,0,0,16628000,12000000,0,6.9,4,5.3,4.6,86.1,27,41.1
"2026/01/26","2026/01/28","8609","岡三証券グループ","東証およびＰＴＳ",,"確報",8700,4900,36500,10800,3300,115500,-79000,7316700,4120900,30696500,9082800,2775300,97135500,-66439000,,,0,0,0,915600,3024000,0,10.8,5.3,7.3,6.1,12.3,14.3,13.2
"2026/01/26","2026/01/28","8613","丸三証券","東証およびＰＴＳ",,"確報",11500,8100,42000,3400,1100,40900,1100,12086500,8513100,44142000,3573400,1156100,42985900,1156100,,,0,0,0,772000,772000,0,6.8,4.5,5.9,5.1,8.2,13.7,10.2
"2026/01/26","2026/01/28","8614","東洋証券","東証およびＰＴＳ",,"確報",31600,3200,284000,19200,1000,117500,166500,23605200,2390400,212148000,14342400,747000,87772500,124375500,,,0,0,0,6390000,2482500,0,25,24.9,41.8,31.2,9.5,56,16.3
"2026/01/26","2026/01/28","8616","東海東京ＦＨＤ","東証およびＰＴＳ",,"確報",0,1600,19400,9600,2500,28100,-8700,0,1169600,14181400,7017600,1827500,20541100,-6359700,,,0,0,0,252000,252000,0,3.1,2.9,1.7,2.2,6,4.4,5.1
"2026/01/26","2026/01/28","8617","光世証券","東証およびＰＴＳ",,"確報",5000,2000,16300,12400,500,39500,-23200,2800000,1120000,9128000,6944000,280000,22120000,-12992000,,,0,0,611800,0,0,1269600,2.7,1.9,1.1,1.4,8.1,110.4,15
"2026/01/26","2026/01/28","8622","水戸証券","東証およびＰＴＳ",,"確報",74000,32700,140400,13100,10900,112200,28200,43660000,19293000,82836000,7729000,6431000,66198000,16638000,,,0,0,0,1090100,1210000,0,7,3.7,8,5,7.6,24.2,11.5
"2026/01/26","2026/01/28","8624","いちよし証券","東証およびＰＴＳ",,"確報",13600,0,41900,13500,14800,73000,-31100,16360800,0,50405700,16240500,17804400,87819000,-37413300,,,0,0,0,962200,2526200,0,9.6,8.4,44.2,14.1,6.1,12.5,8.2
"2026/01/26","2026/01/28","8628","松井証券","東証およびＰＴＳ",,"確報",57900,74400,125300,11800,400,153200,-27900,51415200,66067200,111266400,10478400,355200,136041600,-24775200,,,0,0,0,1559800,1559800,0,5.3,2.7,2.7,2.7,23.3,78.3,35.9
"2026/01/26","2026/01/28","8630","ＳＯＭＰＯＨＤ","東証およびＰＴＳ",,"確報",300,600,17800,0,1800,4900,12900,1609500,3219000,95497000,0,9657000,26288500,69208500,,,0,0,0,2986500,1105500,0,12.4,30.6,9.4,14.3,18.2,5.6,8.6
"2026/01/26","2026/01/28","8697","日本取引所グループ","東証およびＰＴＳ",,"確報",2900,100,50400,3300,13200,213500,-163100,5022800,173200,87292800,5715600,22862400,369782000,-282489200,,,0,0,0,1475600,6925400,0,30.3,7,17.4,10,46.1,57.6,51.2
"2026/01/26","2026/01/28","8698","マネックスグループ","東証およびＰＴＳ",,"確報",101300,0,1292200,0,0,0,1292200,71112600,0,907124400,0,0,0,907124400,,,0,0,0,20245300,0,0,31.5,19.1,92.3,31.7,1,0.9,0.9
"2026/01/26","2026/01/28","8699","ＨＳホールディングス","東証およびＰＴＳ",,"確報",0,0,6200,0,0,2200,4000,0,0,7998000,0,0,2838000,5160000,,,0,0,0,93000,33000,0,29.2,78.8,105,90,54,5.4,9.8
"2026/01/26","2026/01/28","8700","丸八証券","東証およびＰＴＳ",,"確報",0,0,1400,0,0,0,1400,0,0,2438800,0,0,0,2438800,,,0,0,0,53200,0,0,66,33,0,66,0,0,0
"2026/01/26","2026/01/28","8704","トレイダーズＨＤ","東証およびＰＴＳ",,"確報",1700,3700,41400,200,0,2200,39200,1700000,3700000,41400000,200000,0,2200000,39200000,,,0,0,0,86800,4000,0,25.3,125.8,14.1,25.3,36.3,18.2,24.2
"2026/01/26","2026/01/28","8705","日産証券グループ","東証およびＰＴＳ",,"確報",14900,200,83300,2600,0,167100,-83800,3173700,42600,17742900,553800,0,35592300,-17849400,,,0,0,0,754600,1809500,0,11.2,6.1,5.4,5.7,11.7,2509.3,23.3
"2026/01/26","2026/01/28","8706","極東証券","東証およびＰＴＳ",,"確報",6300,1800,15200,0,1600,4800,10400,10791900,3083400,26037600,0,2740800,8222400,17815200,,,0,0,0,674100,403200,0,6.8,6.2,5.4,5.8,18.6,9,12.1
"2026/01/26","2026/01/28","8707","岩井コスモＨＤ","東証およびＰＴＳ",,"確報",2700,2300,9900,0,700,3600,6300,9571500,8153500,35095500,0,2481500,12762000,22333500,,,0,0,0,617500,279500,0,7.8,8.9,8.3,8.6,7.9,5.5,6.5
"2026/01/26","2026/01/28","8708","アイザワ証券グループ","東証およびＰＴＳ",,"確報",3300,1500,35100,6400,0,74600,-39500,4623300,2101500,49175100,8966400,0,104514600,-55339500,,,0,0,0,1465200,3000800,0,27,22.8,12.2,15.9,23.3,244.7,42.6
"2026/01/26","2026/01/28","8713","フィデアＨＤ","東証およびＰＴＳ",,"確報",700,400,20500,300,0,20500,0,1395100,797200,40856500,597900,0,40856500,0,,,0,0,0,1393800,1393800,0,58.8,31.3,45.5,37,83.3,500,142.9
"2026/01/26","2026/01/28","8714","池田泉州ＨＤ","東証およびＰＴＳ",,"確報",73000,78900,125200,8500,20900,118700,6500,60663000,65565900,104041200,7063500,17367900,98639700,5401500,,,0,0,0,4195200,4195200,0,4.2,2.3,2.2,2.2,36.5,24.7,29.5
"2026/01/26","2026/01/28","8715","アニコムＨＤ","東証およびＰＴＳ",,"確報",0,6000,60000,10500,0,119400,-59400,0,6288000,62880000,11004000,0,125131200,-62251200,,,0,0,0,1188000,1960200,0,26.3,24.5,14.7,18.4,19.4,223.4,35.7
"2026/01/26","2026/01/28","8725","ＭＳ＆ＡＤ","東証およびＰＴＳ",,"確報",106100,22000,252600,0,1300,700,251900,413790000,85800000,985140000,0,5070000,2730000,982410000,,,0,0,0,13480000,160000,0,10.2,6.9,27.3,11,1.9,1.6,1.8
"2026/01/26","2026/01/28","8729","ソニーＦＧ","東証およびＰＴＳ",,"確報",106000,202900,6697800,0,0,0,6697800,16271000,31145150,1028112300,0,0,0,1028112300,,,0,0,0,17666220,0,0,23.7,14,76.7,23.7,0,0,0
"2026/01/26","2026/01/28","8737","あかつき本社","東証およびＰＴＳ",,"確報",0,300,15000,0,0,0,15000,0,183900,9195000,0,0,0,9195000,,,0,0,0,214200,0,0,32.1,61.7,21.7,32.1,0,0,0
"2026/01/26","2026/01/28","8739","スパークス・グループ","東証およびＰＴＳ",,"確報",4000,4500,14300,0,500,14300,0,6656000,7488000,23795200,0,832000,23795200,0,,,0,0,0,636400,636400,0,18.7,18.7,9.7,12.7,274,18.7,35
"2026/01/26","2026/01/28","8742","小林洋行","東証およびＰＴＳ",,"確報",0,100,61100,1100,0,24700,36400,0,48100,29389100,529100,0,11880700,17508400,,,0,0,0,367200,141600,0,31.2,153.1,382.6,218.6,5.5,14.3,8
"2026/01/26","2026/01/28","8746","ｕｎｂａｎｋｅｄ","東証およびＰＴＳ",,"確報",200,4400,580700,0,0,0,580700,104200,2292400,302544700,0,0,0,302544700,,,0,0,4094300,0,0,0,51.1,35,94.6,51.1,0,0,0
"2026/01/26","2026/01/28","8747","豊トラスティ証券","東証およびＰＴＳ",,"確報",1900,0,14900,0,0,0,14900,4493500,0,35238500,0,0,0,35238500,,,0,0,0,195000,0,0,35.8,17.9,0,35.8,0,0,0
"2026/01/26","2026/01/28","8750","第一生命ＨＤ","東証およびＰＴＳ",,"確報",1400,4000,73500,1900,27500,11700,61800,1863400,5324000,97828500,2528900,36602500,15572700,82255800,,,0,0,0,1674200,820600,0,2.3,2.4,2.9,2.6,2,1.4,1.6
"2026/01/26","2026/01/28","8766","東京海上ＨＤ","東証およびＰＴＳ",,"確報",54000,0,240200,30300,0,34000,206200,306612000,0,1363855600,172043400,0,193052000,1170803600,,,0,0,0,33888400,673400,0,10.8,8.3,27.7,12.8,1.2,13.9,2.2
"2026/01/26","2026/01/28","8769","アドバンテッジリスク","東証およびＰＴＳ",,"確報",17300,7200,37700,2900,0,37700,0,11245000,4680000,24505000,1885000,0,24505000,0,,,0,0,0,358800,452400,0,2.8,1.5,2.2,1.7,4.1,136.8,7.9
"2026/01/26","2026/01/28","8771","イー・ギャランティ","東証およびＰＴＳ",,"確報",200,4600,10000,2100,100,19000,-9000,353800,8137400,17690000,3714900,176900,33611000,-15921000,,,0,0,0,662400,782000,0,16.4,40.4,8,13.4,17,25.8,20.5
"2026/01/26","2026/01/28","8772","アサックス","東証およびＰＴＳ",,"確報",0,500,6300,0,0,0,6300,0,437000,5506200,0,0,0,5506200,,,0,0,68000,0,0,0,96.3,337,56.2,96.3,0,0,0
"2026/01/26","2026/01/28","8783","ａｂｃ","東証およびＰＴＳ",,"確報",0,2300,33700,0,0,0,33700,0,586500,8593500,0,0,0,8593500,,,0,0,216000,0,0,0,12.7,34.2,7.8,12.7,0,0,0
"2026/01/26","2026/01/28","8789","フィンテック","東証およびＰＴＳ",,"確報",11100,0,458200,3800,400,43300,414900,1587300,0,65522600,543400,57200,6191900,59330700,,,0,0,0,1341300,119700,0,32.6,69.7,21,32.3,20.6,168.6,36.8
"2026/01/26","2026/01/28","8793","ＮＥＣキャピタル","東証およびＰＴＳ",,"確報",200,100,3500,100,0,3500,0,818000,409000,14315000,409000,0,14315000,0,,,0,0,0,170000,170000,0,15.7,20.9,13.4,16.3,18.8,12.5,15
"2026/01/26","2026/01/28","8795","Ｔ＆ＤＨＤ","東証およびＰＴＳ",,"確報",27800,14800,30100,5600,0,22700,7400,103388200,55041200,111941900,20826400,0,84421300,27520600,,,0,0,0,1248300,1248300,0,2.6,1.5,1.9,1.6,6.8,3.8,4.9
"2026/01/26","2026/01/28","8798","アドバンスクリエイト","東証およびＰＴＳ",,"確報",800,6400,71300,0,0,0,71300,161600,1292800,14402600,0,0,0,14402600,,,0,0,0,538300,0,0,20.7,26.1,17.2,20.7,0,0,0
"2026/01/26","2026/01/28","8801","三井不動産","東証およびＰＴＳ",,"確報",6500,800,120400,800,20000,153800,-33400,11605750,1428400,214974200,1428400,35710000,274609900,-59635700,,,0,0,0,3154250,4757500,0,8.5,6.2,14.5,8.6,10.8,6.9,8.4
"2026/01/26","2026/01/28","8802","三菱地所","東証およびＰＴＳ",,"確報",4100,0,53900,1100,300,18500,35400,15920300,0,209293700,4271300,1164900,71835500,137458200,,,0,0,0,2340600,831900,0,13.3,19.5,15.6,17.4,19.5,5.3,8.3
"2026/01/26","2026/01/28","8803","平和不動産","東証およびＰＴＳ",,"確報",100,0,24400,3100,500,24100,300,221300,0,53997200,6860300,1106500,53333300,663900,,,0,0,0,947700,838500,0,41.5,612,153,244.8,11.4,99.5,20.5
"2026/01/26","2026/01/28","8804","東京建物","東証およびＰＴＳ",,"確報",1200,4700,8800,1100,3400,24100,-15300,4353600,17051600,31926400,3990800,12335200,87434800,-55508400,,,0,0,0,270600,580800,0,7.6,3.6,2.8,3.1,17.1,17.3,17.2
"2026/01/26","2026/01/28","8818","京阪神ビルディング","東証およびＰＴＳ",,"確報",3700,1000,22800,2900,0,56600,-33800,7074400,1912000,43593600,5544800,0,108219200,-64625600,,,0,0,0,1266300,3383100,0,30.2,7.8,37.7,12.9,37,142.3,58.8
"2026/01/26","2026/01/28","8830","住友不動産","東証およびＰＴＳ",,"確報",1100,0,13700,3800,200,57700,-44000,4610100,0,57416700,15925800,838200,241820700,-184404000,,,0,0,0,113400,486900,0,10.5,16.7,13.8,15.1,7.4,14.8,9.9
"2026/01/26","2026/01/28","8835","太平洋興発","東証およびＰＴＳ",,"確報",200,0,14500,200,0,14500,0,181400,0,13151500,181400,0,13151500,0,,,0,0,0,28600,28600,0,38.4,59.1,33.4,42.7,45.2,28.4,34.9
"2026/01/26","2026/01/28","8836","ＲＩＳＥ","東証およびＰＴＳ",,"確報",0,0,0,0,0,0,0,0,0,0,0,0,0,0,,,0,0,0,0,0,0,1.3,0,0.7,1.3,0,0,0
"2026/01/26","2026/01/28","8841","テーオーシー","東証およびＰＴＳ",,"確報",100,400,32000,5300,100,103100,-71100,85700,342800,27424000,4542100,85700,88356700,-60932700,,,0,0,0,452200,1370600,0,41.2,37.6,23.8,29.1,26,286.4,47.7
"2026/01/26","2026/01/28","8844","コスモスイニシア","東証およびＰＴＳ",,"確報",2100,500,19700,200,0,1800,17900,2396100,570500,22477700,228200,0,2053800,20423900,,,0,0,0,524900,46400,0,19.6,18.9,21.1,20,13.3,20,16
"2026/01/26","2026/01/28","8848","レオパレス２１","東証およびＰＴＳ",,"確報",14300,7200,298000,0,0,124100,173900,9766900,4917600,203534000,0,0,84760300,118773700,,,0,0,0,1454500,620500,0,4.4,3.4,3.4,3.4,618,1545,882.9
"2026/01/26","2026/01/28","8850","スターツコーポ","東証およびＰＴＳ",,"確報",900,0,3500,300,0,14100,-10600,4419000,0,17185000,1473000,0,69231000,-52046000,,,0,0,0,182000,966000,0,16.3,6.1,10.1,7.6,10.8,603,21.2
"2026/01/26","2026/01/28","8860","フジ住宅","東証およびＰＴＳ",,"確報",100,0,5200,1000,0,4100,1100,80800,0,4201600,808000,0,3312800,888800,,,0,0,0,56100,34100,0,15.8,19.2,12.2,14.9,10.5,52.3,17.4
"2026/01/26","2026/01/28","8864","空港施設","東証およびＰＴＳ",,"確報",1700,0,18600,0,0,0,18600,1728900,0,18916200,0,0,0,18916200,,,0,0,0,422500,0,0,23.4,19.6,29.1,23.4,0,0,0
"2026/01/26","2026/01/28","8869","明和地所","東証およびＰＴＳ",,"確報",0,0,20900,0,0,4500,16400,0,0,24348500,0,0,5242500,19106000,,,0,0,0,334400,72000,0,70.9,104.2,130.3,115.8,26,26,26
"2026/01/26","2026/01/28","8871","ゴールドクレスト","東証およびＰＴＳ",,"確報",0,0,3000,1100,0,26800,-23800,0,0,9840000,3608000,0,87904000,-78064000,,,0,0,0,90000,771000,0,51.8,19.9,139,34.8,29.3,419.7,54.7
"2026/01/26","2026/01/28","8876","リログループ","東証およびＰＴＳ",,"確報",0,100,77500,1800,400,21100,56400,0,179300,138957500,3227400,717200,37832300,101125200,,,0,0,0,1358000,344750,0,53,322.5,276.4,297.7,5.3,59.8,9.8
"2026/01/26","2026/01/28","8877","エスリード","東証およびＰＴＳ",,"確報",0,700,3400,0,800,3400,0,0,4935000,23970000,0,5640000,23970000,0,,,0,0,0,656000,672000,0,12.9,15.2,10.4,12.4,16.9,11.3,13.5
"2026/01/26","2026/01/28","8881","日神グループＨＤ","東証およびＰＴＳ",,"確報",100,0,20600,100,0,9400,11200,79000,0,16274000,79000,0,7426000,8848000,,,0,0,0,246000,111600,0,45.1,149.4,34.9,56.5,22.1,51.7,31
"2026/01/26","2026/01/28","8887","シーラＨＤ","東証およびＰＴＳ",,"確報",8600,9800,149100,3700,0,154000,-4900,3448600,3929800,59789100,1483700,0,61754000,-1964900,,,0,0,0,1503000,1503000,0,38.3,20.9,39.4,27.4,33.2,750.2,63.6
"2026/01/26","2026/01/28","8891","ＡＭＧＨＤ","東証およびＰＴＳ",,"確報",0,100,10800,0,0,0,10800,0,229600,24796800,0,0,0,24796800,,,0,0,0,152600,0,0,153.1,89.3,536,153.1,0,0,0
"2026/01/26","2026/01/28","8892","エスコン","東証およびＰＴＳ",,"確報",11900,18100,31000,0,100,37100,-6100,14529900,22100100,37851000,0,122100,45299100,-7448100,,,0,0,37200,0,0,37200,6.1,2.9,3,2.9,1869,207.7,373.8
"2026/01/26","2026/01/28","8894","ＲＥＶＯＬＵＴＩＯＮ","東証およびＰＴＳ",,"確報",0,40800,693800,0,0,0,693800,0,2244000,38159000,0,0,0,38159000,,,0,0,0,0,0,0,78.1,172.6,50.5,78.1,0,0,0
"2026/01/26","2026/01/28","8897","ミラースＨＤ","東証およびＰＴＳ",,"確報",0,1100,65400,400,0,31500,33900,0,429000,25506000,156000,0,12285000,13221000,,,0,0,0,199500,93300,0,23,26.7,12.2,16.7,103.1,515.3,171.8
"2026/01/26","2026/01/28","8898","センチュリー２１","東証およびＰＴＳ",,"確報",0,0,100,0,0,0,100,0,0,113500,0,0,0,113500,,,0,0,200,0,0,0,4,2,0,4,0,0,0
"2026/01/26","2026/01/28","8904","ＡＶＡＮＴＩＡ","東証およびＰＴＳ",,"確報",0,0,2500,0,0,100,2400,0,0,2162500,0,0,86500,2076000,,,0,0,0,20000,800,0,86.7,0,41.7,83.3,0,0,0
"2026/01/26","2026/01/28","8908","毎日コムネット","東証およびＰＴＳ",,"確報",0,0,8800,100,100,100,8700,0,0,7840800,89100,89100,89100,7751700,,,0,0,0,35200,400,0,106.8,85,0,170,1,2,1.3
"2026/01/26","2026/01/28","8912","エリアクエスト","東証およびＰＴＳ",,"確報",3100,0,46800,0,100,9100,37700,480500,0,7254000,0,15500,1410500,5843500,,,0,0,0,43700,9200,0,40.5,27,70.9,39.1,26.2,445,49.4
"2026/01/26","2026/01/28","8914","エリアリンク","東証およびＰＴＳ",,"確報",200,0,57400,1600,0,48500,8900,219200,0,62910400,1753600,0,53156000,9754400,,,0,0,0,114400,93800,0,78.3,218.7,218.7,218.7,22,1124.5,43.3
"2026/01/26","2026/01/28","8917","ファースト住建","東証およびＰＴＳ",,"確報",100,0,12800,0,200,8900,3900,118700,0,15193600,0,237400,10564300,4629300,,,0,0,0,101600,72800,0,41.5,31,68.8,42.7,68.7,28.3,40.1
"2026/01/26","2026/01/28","8918","ランド","東証およびＰＴＳ",,"確報",20500,0,2309900,0,0,0,2309900,184500,0,20789100,0,0,0,20789100,,,0,0,0,0,0,0,295,241.3,379.6,295,0,0,0
"2026/01/26","2026/01/28","8919","カチタス","東証およびＰＴＳ",,"確報",2800,4700,18100,4000,100,27200,-9100,8862000,14875500,57286500,12660000,316500,86088000,-28801500,,,0,0,0,100000,116500,0,20.4,14,13.8,13.9,18.4,196.7,33.7
"2026/01/26","2026/01/28","8920","東祥","東証およびＰＴＳ",,"確報",700,0,12400,200,0,1000,11400,532000,0,9424000,152000,0,760000,8664000,,,0,0,0,210600,14400,0,9.4,19.6,19,19.3,2.4,2.5,2.4
"2026/01/26","2026/01/28","8923","トーセイ","東証およびＰＴＳ",,"確報",800,0,8600,0,0,1200,7400,1298400,0,13957800,0,0,1947600,12010200,,,0,0,0,70200,10800,0,9,20.2,28.9,23.8,7.5,1.5,2.5
"2026/01/26","2026/01/28","8927","明豊エンタープライズ","東証およびＰＴＳ",,"確報",19600,0,172000,0,0,2900,169100,8584800,0,75336000,0,0,1270200,74065800,,,0,0,0,914400,17400,0,32.2,19.3,86.8,31.6,0,0,0
"2026/01/26","2026/01/28","8928","穴吹興産","東証およびＰＴＳ",,"確報",0,0,2500,0,0,0,2500,0,0,5830000,0,0,0,5830000,,,0,0,70000,0,0,0,130,0,128,256,0,2,4
"2026/01/26","2026/01/28","8929","青山財産ＮＷ","東証およびＰＴＳ",,"確報",500,0,10500,0,0,0,10500,761500,0,15991500,0,0,0,15991500,,,0,0,80000,0,0,0,91.8,56.1,252.5,91.8,0,0,0
"2026/01/26","2026/01/28","8931","和田興産","東証およびＰＴＳ",,"確報",0,0,5500,100,0,600,4900,0,0,9603000,174600,0,1047600,8555400,,,0,0,22000,0,0,2000,21.5,14.6,62.3,23.7,5,0,10
"2026/01/26","2026/01/28","8934","サンフロンティア","東証およびＰＴＳ",,"確報",100,100,39700,0,300,2600,37100,246300,246300,97781100,0,738900,6403800,91377300,,,0,0,0,1985000,145000,0,50.6,282.4,1977,494.3,4.5,4.4,4.5
"2026/01/26","2026/01/28","8935","ＦＪネクストＨＤ","東証およびＰＴＳ",,"確報",200,0,9200,0,0,4700,4500,296000,0,13616000,0,0,6956000,6660000,,,0,0,0,216000,112800,0,41.1,75.3,41.1,53.2,247,15.4,29.1
"2026/01/26","2026/01/28","8938","グロームＨＤ","東証およびＰＴＳ",,"確報",0,200,8200,0,0,0,8200,0,82400,3378400,0,0,0,3378400,,,0,0,109200,0,0,0,164.4,137,205.5,164.4,0,0,0
"2026/01/26","2026/01/28","8944","ランドビジネス","東証およびＰＴＳ",,"確報",1500,0,6800,0,0,0,6800,361500,0,1638800,0,0,0,1638800,,,0,0,0,15900,0,0,19.6,12,55,19.6,0,0,0
"2026/01/26","2026/01/28","8945","サンネクスタグループ","東証およびＰＴＳ",,"確報",100,200,200,0,0,0,200,110100,220200,220200,0,0,0,220200,,,0,0,600,0,0,0,2.2,2,2.5,2.2,0,0,0
"2026/01/26","2026/01/28","8946","ＡＳＩＡＮ　ＳＴＡＲ","東証およびＰＴＳ",,"確報",1200,0,48000,0,0,0,48000,98400,0,3936000,0,0,0,3936000,,,0,0,93600,0,0,0,126.3,73,467.4,126.3,0,0,0
"2026/01/26","2026/01/28","8951","Ｒ－ビルＦ","東証およびＰＴＳ",,"確報",18,0,224,51,33,224,0,2566800,0,31942400,7272600,4705800,31942400,0,,,0,0,0,164800,164800,0,2.1,2.7,53.2,5.1,5.4,1.2,2
"2026/01/26","2026/01/28","8952","Ｒ－ジャパン","東証およびＰＴＳ",,"確報",0,3,346,0,7,51,295,0,374700,43215400,0,874300,6369900,36845500,,,0,0,0,558400,92800,0,34,73,109.6,87.7,14.7,5.7,8.2
"2026/01/26","2026/01/28","8953","Ｒ－都市ファンド","東証およびＰＴＳ",,"確報",107,0,706,0,3,56,650,12936300,0,85355400,0,362700,6770400,78585000,,,0,0,0,658900,64900,0,12.4,6.6,43.3,11.5,99.3,42.6,59.6
"2026/01/26","2026/01/28","8954","Ｒ－オリックスＦ","東証およびＰＴＳ",,"確報",0,3,85,0,3,85,0,0,314700,8916500,0,314700,8916500,0,,,0,0,44000,0,0,44000,8.5,5.2,4.5,4.8,87.6,23.1,36.5
"2026/01/26","2026/01/28","8955","Ｒ－Ｊプライム","東証およびＰＴＳ",,"確報",25,11,260,12,1,392,-132,2612500,1149500,27170000,1254000,104500,40964000,-13794000,,,0,0,0,172200,266700,0,13.4,6.9,10.1,8.2,12.3,238.6,23.4
"2026/01/26","2026/01/28","8956","Ｒ－ＮＴＴ都市開発Ｒ","東証およびＰＴＳ",,"確報",9,0,112,0,1,10,102,1287900,0,16027200,0,143100,1431000,14596200,,,0,0,0,133900,14300,0,9,9.7,8.3,8.9,28,6.2,10.2
"2026/01/26","2026/01/28","8957","Ｒ－東急ＲＥ","東証およびＰＴＳ",,"確報",46,0,46,0,47,289,-243,9471400,0,9471400,0,9677300,59505100,-50033700,,,0,0,0,0,1142400,0,14.1,1.2,1.9,1.5,26.9,21.1,23.6
"2026/01/26","2026/01/28","8958","Ｒ－グロバル","東証およびＰＴＳ",,"確報",0,8,120,0,0,2,118,0,1079200,16188000,0,0,269800,15918200,,,0,0,0,166400,2600,0,30.9,29.3,38.4,33.2,0,4.5,9
"2026/01/26","2026/01/28","8960","Ｒ－ユナイテド","東証およびＰＴＳ",,"確報",3,7,212,31,1,72,140,540600,1261400,38202400,5586200,180200,12974400,25228000,,,0,0,0,367200,71400,0,15.8,20.9,32,25.3,4.3,11.2,6.2
"2026/01/26","2026/01/28","8961","Ｒ－森トラスト","東証およびＰＴＳ",,"確報",82,0,242,0,1,351,-109,6453400,0,19045400,0,78700,27623700,-8578300,,,0,0,0,128000,281600,0,13,3.8,7.8,5.1,40,880.5,76.6
"2026/01/26","2026/01/28","8963","Ｒ－ＩＮＶ","東証およびＰＴＳ",,"確報",219,0,1095,0,53,94,1001,14213100,0,71065500,0,3439700,6100600,64964900,,,0,0,0,1138800,191100,0,12.1,9,20.2,12.5,9.8,9.6,9.7
"2026/01/26","2026/01/28","8964","Ｒ－フロンティア","東証およびＰＴＳ",,"確報",0,2,77,0,2,77,0,0,183200,7053200,0,183200,7053200,0,,,0,0,0,15800,15800,0,79.6,66.3,66.3,66.3,99.5,99.5,99.5
"2026/01/26","2026/01/28","8966","平和不動産リート投資","東証およびＰＴＳ",,"確報",3,3,213,0,0,213,0,462300,462300,32823300,0,0,32823300,0,,,0,0,0,255600,255600,0,39.9,54.1,19.9,29.2,0,31.6,63.2
"2026/01/26","2026/01/28","8967","日本ロジＦ投資","東証およびＰＴＳ",,"確報",53,142,60,0,1,60,0,5485500,14697000,6210000,0,103500,6210000,0,,,0,0,0,29800,12200,0,1.8,1.3,0.9,1.1,3.7,3.7,3.7
"2026/01/26","2026/01/28","8968","Ｒ－福岡","東証およびＰＴＳ",,"確報",45,42,83,0,5,75,8,8397000,7837200,15487800,0,933000,13995000,1492800,,,0,0,0,200000,200000,0,5.8,2.8,3.6,3.1,39.1,20.6,27
"2026/01/26","2026/01/28","8972","Ｒ－ＫＤＸ不動産","東証およびＰＴＳ",,"確報",1,0,334,0,2,33,301,169200,0,56512800,0,338400,5583600,50929200,,,0,0,0,233100,24500,0,45.4,22.7,1522,44.8,89.5,35.8,51.1
"2026/01/26","2026/01/28","8975","いちごオフィスリート","東証およびＰＴＳ",,"確報",2,0,24,0,0,14,10,191000,0,2292000,0,0,1337000,955000,,,0,0,0,22000,14000,0,2,64,1.1,2.2,166,0.9,1.8
"2026/01/26","2026/01/28","8976","大和証券オフィス投資","東証およびＰＴＳ",,"確報",12,0,29,1,1,35,-6,4434000,0,10715500,369500,369500,12932500,-2217000,,,0,0,0,59500,122500,0,9.2,3.3,5.1,4,60,15,24
"2026/01/26","2026/01/28","8977","Ｒ－阪急阪神","東証およびＰＴＳ",,"確報",3,13,83,0,0,12,71,492000,2132000,13612000,0,0,1968000,11644000,,,0,0,0,0,0,0,6.4,4,10.9,5.8,0,9.3,18.6
"2026/01/26","2026/01/28","8979","Ｒ－スターツＰＲ","東証およびＰＴＳ",,"確報",0,0,19,0,0,0,19,0,0,3978600,0,0,0,3978600,,,0,0,0,15200,0,0,0,0,0,0,0,0,0
"2026/01/26","2026/01/28","8984","大和ハウスリート","東証およびＰＴＳ",,"確報",22,0,457,0,2,39,418,2989800,0,62106300,0,271800,5300100,56806200,,,0,0,0,739500,69700,0,5.6,2.9,23.6,5.2,15.5,5.3,7.8
"2026/01/26","2026/01/28","8985","ジャパンホテルリート","東証およびＰＴＳ",,"確報",495,10,1463,0,4,64,1399,41233500,833000,121867900,0,333200,5331200,116536700,,,0,0,0,2640600,183600,0,16.8,10.2,38.1,16.1,55.7,55.7,55.7
"2026/01/26","2026/01/28","8986","Ｒ－大和証券リビング","東証およびＰＴＳ",,"確報",0,0,78,0,6,25,53,0,0,8907600,0,685200,2855000,6052600,,,0,0,0,23400,9300,0,61.4,0,132,264,0,10.5,20.9
"2026/01/26","2026/01/28","8987","Ｒ－エクセレント","東証およびＰＴＳ",,"確報",1,0,63,0,1,234,-171,149900,0,9443700,0,149900,35076600,-25632900,,,0,0,0,74400,282000,0,30.2,12.5,9.7,10.9,60.9,64.3,62.5
"2026/01/26","2026/01/28","8995","誠建設工業","東証およびＰＴＳ",,"確報",100,0,3700,0,0,0,3700,124800,0,4617600,0,0,0,4617600,,,0,0,0,108000,0,0,20,21.1,19,20,0,0,0
"2026/01/26","2026/01/28","8996","ハウスフリーダム","東証およびＰＴＳ",,"確報",0,0,2900,100,0,1100,1800,0,0,2694100,92900,0,1021900,1672200,,,0,0,0,0,0,0,53.4,33.8,135,54,52,52,52
"2026/01/26","2026/01/28","8999","グランディハウス","東証およびＰＴＳ",,"確報",0,0,10200,0,800,4100,6100,0,0,6385200,0,500800,2566600,3818600,,,0,0,0,71400,34300,0,28.5,61.1,22.9,33.3,21.9,19.9,20.9
"2026/01/26","2026/01/28","9001","東武鉄道","東証およびＰＴＳ",,"確報",800,500,5800,1900,0,5800,0,2204400,1377750,15981900,5235450,0,15981900,0,,,0,0,0,46750,33150,0,8.8,18.9,12.1,14.7,4.1,8.9,5.6
"2026/01/26","2026/01/28","9003","相鉄ホールディングス","東証およびＰＴＳ",,"確報",0,0,19100,0,3100,23900,-4800,0,0,54320400,0,8816400,67971600,-13651200,,,0,0,0,76400,108000,0,22,80.3,64.2,71.3,21.5,11.1,14.6
"2026/01/26","2026/01/28","9005","東急","東証およびＰＴＳ",,"確報",500,2000,27000,1800,7000,21000,6000,885000,3540000,47790000,3186000,12390000,37170000,10620000,,,0,0,0,171000,157200,0,6.1,6.5,8.6,7.4,4.8,5.4,5.1
"2026/01/26","2026/01/28","9006","京浜急行電鉄","東証およびＰＴＳ",,"確報",200,59100,3300,2000,1800,8900,-5600,308800,91250400,5095200,3088000,2779200,13741600,-8646400,,,0,0,0,279900,39150,0,1.5,1.1,1.1,1.1,7.7,7.7,7.7
"2026/01/26","2026/01/28","9007","小田急電鉄","東証およびＰＴＳ",,"確報",57700,23700,63100,3000,0,32100,31000,97801500,40171500,106954500,5085000,0,54409500,52545000,,,0,0,0,58200,58200,0,2,1.1,1.4,1.2,7.8,7.7,7.8
"2026/01/26","2026/01/28","9008","京王電鉄","東証およびＰＴＳ",,"確報",400,100,2600,400,0,900,1700,1568000,392000,10192000,1568000,0,3528000,6664000,,,0,0,0,57500,12500,0,3.2,3.1,2.9,3,9.6,2.5,3.9
"2026/01/26","2026/01/28","9009","京成電鉄","東証およびＰＴＳ",,"確報",200,2000,65200,1600,0,40700,24500,253000,2530000,82478000,2024000,0,51485500,30992500,,,0,0,0,134000,78200,0,46.5,45.9,67.9,54.7,48.7,30,37.1
"2026/01/26","2026/01/28","9010","富士急行","東証およびＰＴＳ",,"確報",7700,5600,28700,2100,0,28700,0,16293200,11849600,60729200,4443600,0,60729200,0,,,0,0,0,691600,691600,0,9.2,5.1,6.6,5.8,15.1,45.4,22.7
"2026/01/26","2026/01/28","9012","秩父鉄道","東証およびＰＴＳ",,"確報",0,0,0,0,0,0,0,0,0,0,0,0,0,0,,,0,0,0,0,0,0,0,0,0,0,0,0,0
"2026/01/26","2026/01/28","9017","新潟交通","東証およびＰＴＳ",,"確報",0,0,200,0,0,0,200,0,0,427600,0,0,0,427600,,,0,0,2400,0,0,0,0,0,0,0,0,0,0
"2026/01/26","2026/01/28","9020","東日本旅客鉄道","東証およびＰＴＳ",,"確報",500,3000,45000,0,0,900,44100,1984000,11904000,178560000,0,0,3571200,174988800,,,0,0,332500,0,0,6300,10,16.9,9.4,12.1,2,2.1,2.1
"2026/01/26","2026/01/28","9021","西日本旅客鉄道","東証およびＰＴＳ",,"確報",100,3900,33800,700,7500,2300,31500,315900,12320100,106774200,2211300,23692500,7265700,99508500,,,0,0,0,150400,36400,0,8.1,13,11.8,12.3,1.9,2.1,2
"2026/01/26","2026/01/28","9022","東海旅客鉄道","東証およびＰＴＳ",,"確報",3600,6300,60100,5300,2000,12900,47200,15480000,27090000,258430000,22790000,8600000,55470000,202960000,,,0,0,2449200,0,0,374400,16.2,24.2,20.5,22.2,5.1,7.3,6
"2026/01/26","2026/01/28","9023","東京地下鉄","東証およびＰＴＳ",,"確報",5400,28900,518700,26400,1600,1233500,-714800,9026100,48306350,867007050,44127600,2674400,2061795250,-1194788200,,,0,0,12470600,0,0,27800100,35.2,76.7,7.2,13.2,143.9,268.7,187.4
"2026/01/26","2026/01/28","9024","西武ホールディングス","東証およびＰＴＳ",,"確報",400,300,12500,5800,2800,219900,-207400,1639600,1229700,51237500,23774200,11477200,901370100,-850132600,,,0,0,37200,0,0,650700,23.4,3.7,4.2,3.9,54.2,23.4,32.7
"2026/01/26","2026/01/28","9025","鴻池運輸","東証およびＰＴＳ",,"確報",0,0,3200,0,0,200,3000,0,0,10496000,0,0,656000,9840000,,,0,0,0,160000,10000,0,25.8,13.2,132,24,0,0,0
"2026/01/26","2026/01/28","9028","ゼロ","東証およびＰＴＳ",,"確報",0,300,5200,0,0,0,5200,0,1173000,20332000,0,0,0,20332000,,,0,0,0,302500,0,0,14.1,16.7,83.7,27.9,4.8,1.5,2.3
"2026/01/26","2026/01/28","9029","ヒガシＨＤ","東証およびＰＴＳ",,"確報",2600,1100,5200,0,0,0,5200,5527600,2338600,11055200,0,0,0,11055200,,,0,0,355200,0,0,0,5.6,3.9,9.5,5.6,0,0,0
"2026/01/26","2026/01/28","9031","西日本鉄道","東証およびＰＴＳ",,"確報",0,200,800,0,2500,18800,-18000,0,579000,2316000,0,7237500,54426000,-52110000,,,0,0,0,14500,308850,0,10.7,32,2,3.8,21.3,8.3,12
"2026/01/26","2026/01/28","9033","広島電鉄","東証およびＰＴＳ",,"確報",0,0,400,0,0,0,400,0,0,253200,0,0,0,253200,,,0,0,0,400,0,0,0,0,0,0,0,0,0
"2026/01/26","2026/01/28","9034","南総通運","東証およびＰＴＳ",,"確報",0,0,300,0,0,0,300,0,0,474600,0,0,0,474600,,,0,0,0,7800,0,0,0,0,0,0,0,0,0
"2026/01/26","2026/01/28","9036","東部ネットワーク","東証およびＰＴＳ",,"確報",0,0,2200,0,0,0,2200,0,0,2673000,0,0,0,2673000,,,0,0,0,11000,0,0,226,0,113,226,0,0,0
"2026/01/26","2026/01/28","9037","ハマキョウレックス","東証およびＰＴＳ",,"確報",900,0,29400,800,0,32000,-2600,1663200,0,54331200,1478400,0,59136000,-4804800,,,0,0,0,741000,811200,0,105.4,75.2,109.9,89.3,175,98.4,126
"2026/01/26","2026/01/28","9039","サカイ引越センター","東証およびＰＴＳ",,"確報",0,500,1800,0,1500,13600,-11800,0,1479500,5326200,0,4438500,40242400,-34916200,,,0,0,0,62100,407700,0,8,3,4.1,3.5,8,12,9.6
"2026/01/26","2026/01/28","9041","近鉄グループＨＤ","東証およびＰＴＳ",,"確報",81600,1700,383200,0,0,800,382400,264873600,5518200,1243867200,0,0,2596800,1241270400,,,0,0,0,3639600,9600,0,35,18.1,612.3,35.1,12.7,38,19
"2026/01/26","2026/01/28","9042","阪急阪神ＨＤ","東証およびＰＴＳ",,"確報",200,1500,19000,2500,0,13500,5500,854600,6409500,81187000,10682500,0,57685500,23501500,,,0,0,771400,0,0,418000,23.6,59.3,12.7,20.9,15.8,570,30.8
"2026/01/26","2026/01/28","9044","南海電気鉄道","東証およびＰＴＳ",,"確報",800,1100,9000,1200,1100,29800,-20800,2419200,3326400,27216000,3628800,3326400,90115200,-62899200,,,0,0,0,186000,594000,0,19,5.9,8.8,7,33.8,36.2,35
"2026/01/26","2026/01/28","9045","京阪ホールディングス","東証およびＰＴＳ",,"確報",0,200,2900,100,1000,2200,700,0,691400,10025300,345700,3457000,7605400,2419900,,,0,0,0,142600,142600,0,9.2,20,13.3,16,5.5,6.1,5.8
"2026/01/26","2026/01/28","9046","神戸電鉄","東証およびＰＴＳ",,"確報",1300,0,7800,1000,200,17600,-9800,3274700,0,19648200,2519000,503800,44334400,-24686200,,,0,0,0,240500,621600,0,38.1,19.1,68.6,29.8,26.4,117,43.1
"2026/01/26","2026/01/28","9048","名古屋鉄道","東証およびＰＴＳ",,"確報",33500,15600,45100,0,9500,17700,27400,58357000,27175200,78564200,0,16549000,30833400,47730800,,,0,0,54400,0,0,54400,2.6,1.7,1.6,1.7,35.2,6.5,11
"2026/01/26","2026/01/28","9049","京福電気鉄道","東証およびＰＴＳ",,"確報",0,0,0,0,0,0,0,0,0,0,0,0,0,0,,,0,0,0,0,0,0,0,0,0,0,0,0,0
"2026/01/26","2026/01/28","9051","センコン物流","東証およびＰＴＳ",,"確報",0,0,200,0,0,0,200,0,0,298400,0,0,0,298400,,,0,0,0,0,0,0,0,0,0,0,0,0,0
"2026/01/26","2026/01/28","9052","山陽電気鉄道","東証およびＰＴＳ",,"確報",300,200,2200,0,700,8100,-5900,607200,404800,4452800,0,1416800,16394400,-11941600,,,0,0,0,42000,176000,0,22.9,7.8,12.8,9.7,87,20.7,33.5
"2026/01/26","2026/01/28","9057","遠州トラック","東証およびＰＴＳ",,"確報",0,0,2600,0,0,0,2600,0,0,9672000,0,0,0,9672000,,,0,0,0,52000,0,0,66,66,66,66,0,0,0
"2026/01/26","2026/01/28","9059","カンダＨＤ","東証およびＰＴＳ",,"確報",0,0,6000,0,0,200,5800,0,0,5682000,0,0,189400,5492600,,,0,0,108000,0,0,3600,620,0,0,0,10,0,20
"2026/01/26","2026/01/28","9060","日本ロジテム","東証およびＰＴＳ",,"確報",0,0,600,0,0,0,600,0,0,2901000,0,0,0,2901000,,,0,0,0,39000,0,0,0,0,0,0,0,0,0
"2026/01/26","2026/01/28","9063","岡山県貨物運送","東証およびＰＴＳ",,"確報",0,0,400,0,0,0,400,0,0,1726000,0,0,0,1726000,,,0,0,22000,0,0,0,46,0,23,46,0,0,0
"2026/01/26","2026/01/28","9064","ヤマトＨＤ","東証およびＰＴＳ",,"確報",400,7100,24100,2100,300,13200,10900,831800,14764450,50115950,4366950,623850,27449400,22666550,,,0,0,107800,0,0,39900,14.5,12,14,12.9,12.5,48.8,19.9
"2026/01/26","2026/01/28","9065","山九","東証およびＰＴＳ",,"確報",0,700,3300,1200,100,6500,-3200,0,6272000,29568000,10752000,896000,58240000,-28672000,,,0,0,0,380000,513000,0,12.1,12.7,8.1,9.9,8.7,37.4,14.2
"2026/01/26","2026/01/28","9067","丸運","東証およびＰＴＳ",,"確報",0,27300,4800,0,0,0,4800,0,25853100,4545600,0,0,0,4545600,,,0,0,64200,0,0,0,9.8,0,4.9,9.8,0,0,0
"2026/01/26","2026/01/28","9068","丸全昭和運輸","東証およびＰＴＳ",,"確報",200,200,6800,300,0,12000,-5200,1684000,1684000,57256000,2526000,0,101040000,-43784000,,,0,0,272000,0,0,468000,45.5,87.8,39,54,50.3,35.5,41.7
"2026/01/26","2026/01/28","9069","センコーグループＨＤ","東証およびＰＴＳ",,"確報",10200,7600,35300,200,600,35300,0,20670300,15401400,71535450,405300,1215900,71535450,0,,,0,0,0,1504200,1642200,0,15.6,6.8,18.1,9.9,44.4,26.2,33
"2026/01/26","2026/01/28","9072","ニッコンＨＤ","東証およびＰＴＳ",,"確報",3800,4400,11500,2700,100,76600,-65100,13873800,16064400,41986500,9857700,365100,279666600,-237680100,,,0,0,12100,0,0,74000,8.1,2.2,2.8,2.5,53.5,4.8,8.8
"2026/01/26","2026/01/28","9073","京極運輸商事","東証およびＰＴＳ",,"確報",0,0,0,0,0,0,0,0,0,0,0,0,0,0,,,0,0,0,0,0,0,0,0,0,0,0,0,0
"2026/01/26","2026/01/28","9074","日本石油輸送","東証およびＰＴＳ",,"確報",300,0,2600,0,0,900,1700,1635000,0,14170000,0,0,4905000,9265000,,,0,0,0,391000,153000,0,16.5,12.9,16.6,14.5,20.5,41,27.3
"2026/01/26","2026/01/28","9075","福山通運","東証およびＰＴＳ",,"確報",2500,1500,21400,1000,0,21400,0,11750000,7050000,100580000,4700000,0,100580000,0,,,0,0,0,1326000,1326000,0,19.8,10.7,14.1,12.2,33.2,128.6,52.8
"2026/01/26","2026/01/28","9076","セイノーＨＤ","東証およびＰＴＳ",,"確報",900,500,17900,0,100,0,17900,2185650,1214250,43470150,0,242850,0,43470150,,,0,0,0,446250,2550,0,26.1,49.5,18.4,26.9,1,1,1
"2026/01/26","2026/01/28","9081","神奈川中央交通","東証およびＰＴＳ",,"確報",600,0,3000,100,1000,2100,900,2211000,0,11055000,368500,3685000,7738500,3316500,,,0,0,0,180000,225000,0,8.6,4.6,7.2,5.7,36,10.3,16
"2026/01/26","2026/01/28","9082","大和自動車交通","東証およびＰＴＳ",,"確報",0,0,400,0,0,0,400,0,0,528800,0,0,0,528800,,,0,0,0,5200,0,0,40,0,20,40,0,0,0
"2026/01/26","2026/01/28","9083","神姫バス","東証およびＰＴＳ",,"確報",0,100,200,0,0,0,200,0,200800,401600,0,0,0,401600,,,0,0,0,3600,0,0,13,13,13,13,0,0,0
"2026/01/26","2026/01/28","9087","タカセ","東証およびＰＴＳ",,"確報",0,0,300,0,0,0,300,0,0,410700,0,0,0,410700,,,0,0,0,5700,0,0,0,0,0,0,0,0,0
"2026/01/26","2026/01/28","9090","ＡＺ－ＣＯＭ丸和ＨＤ","東証およびＰＴＳ",,"確報",2600,0,43600,1400,0,16200,27400,2581800,0,43294800,1390200,0,16086600,27208200,,,0,0,0,820000,296000,0,40.8,53.8,105,71.2,11.3,44.6,18.1
"2026/01/26","2026/01/28","9101","日本郵船","東証およびＰＴＳ",,"確報",178000,5600,554200,0,4700,27200,527000,878074000,27624800,2733868600,0,23185100,134177600,2599691000,,,0,0,0,33598400,2807200,0,17,8.8,316.3,17.2,127.6,8.1,15.2
"2026/01/26","2026/01/28","9104","商船三井","東証およびＰＴＳ",,"確報",6000,3200,170900,100,0,2800,168100,28122000,14998400,801008300,468700,0,13123600,787884700,,,0,0,0,6892100,110700,0,34.4,54.3,30.1,38.7,17.1,2.4,4.2
"2026/01/26","2026/01/28","9107","川崎汽船","東証およびＰＴＳ",,"確報",19800,400,226200,2500,12800,23000,203200,43193700,872600,493455300,5453750,27923200,50174500,443280800,,,0,0,0,6410800,1032300,0,18.3,34,41.7,37.4,7.3,3.1,4.3
"2026/01/26","2026/01/28","9110","ＮＳユナイテッド海運","東証およびＰＴＳ",,"確報",1700,500,9500,1600,400,9500,0,11390000,3350000,63650000,10720000,2680000,63650000,0,,,0,0,0,1411000,1411000,0,9.9,5.5,10.2,7.1,11.1,23.4,15.1
"2026/01/26","2026/01/28","9115","明海グループ","東証およびＰＴＳ",,"確報",0,0,79900,0,0,0,79900,0,0,54971200,0,0,0,54971200,,,0,0,0,319600,0,0,399.5,199.8,0,399.5,0,0,0
"2026/01/26","2026/01/28","9119","飯野海運","東証およびＰＴＳ",,"確報",1400,9100,30700,15900,1000,87100,-56400,2147600,13959400,47093800,24390600,1534000,133611400,-86517600,,,0,0,0,345600,649800,0,17.7,23.8,12.8,16.7,10.8,59.8,18.3
"2026/01/26","2026/01/28","9127","玉井商船","東証およびＰＴＳ",,"確報",800,100,3100,0,0,0,3100,2880000,360000,11160000,0,0,0,11160000,,,0,0,600000,0,0,0,19.2,12.5,41.7,19.2,0,0,0
"2026/01/26","2026/01/28","9130","共栄タンカー","東証およびＰＴＳ",,"確報",100,100,16900,1900,0,12100,4800,115000,115000,19435000,2185000,0,13915000,5520000,,,0,0,67600,0,0,40800,29.1,36.8,80.9,50.6,8.8,242.5,17
"2026/01/26","2026/01/28","9142","九州旅客鉄道","東証およびＰＴＳ",,"確報",200,500,4700,100,0,100,4600,800000,2000000,18800000,400000,0,400000,18400000,,,0,0,0,100000,0,0,9.1,10.2,15.9,12.4,1,1.1,1.1
"2026/01/26","2026/01/28","9143","ＳＧホールディングス","東証およびＰＴＳ",,"確報",500,3800,62000,1600,800,2200,59800,756500,5749400,93806000,2420800,1210400,3328600,90477400,,,0,0,261200,0,0,5600,18.5,66.6,15.7,25.4,1.7,2.2,1.9
"2026/01/26","2026/01/28","9145","ビーイングＨＤ","東証およびＰＴＳ",,"確報",0,200,27700,0,900,11600,16100,0,183400,25400900,0,825300,10637200,14763700,,,0,0,0,502200,225000,0,64.5,107.2,199,139.3,23.4,38,29
"2026/01/26","2026/01/28","9147","ＮＸＨＤ","東証およびＰＴＳ",,"確報",2700,300,6500,1700,400,11100,-4600,9315000,1035000,22425000,5865000,1380000,38295000,-15870000,,,0,0,0,28700,68600,0,4.8,2,2.1,2.1,14.1,37.8,20.5
"2026/01/26","2026/01/28","9158","シーユーシー","東証およびＰＴＳ",,"確報",1900,1400,32700,600,100,32700,0,1673900,1233400,28808700,528600,88100,28808700,0,,,0,0,0,901600,901600,0,25.4,16.9,22.2,19.2,28,56,37.3
"2026/01/26","2026/01/28","9159","Ｗ　ＴＯＫＹＯ","東証およびＰＴＳ",,"確報",100,0,3700,0,0,0,3700,167400,0,6193800,0,0,0,6193800,,,0,0,0,21600,0,0,91.5,91.5,91.5,91.5,0,0,0
"2026/01/26","2026/01/28","9160","ノバレーゼ","東証およびＰＴＳ",,"確報",3100,100,27900,400,900,38000,-10100,961000,31000,8649000,124000,279000,11780000,-3131000,,,0,0,0,0,0,0,17.9,15.9,10.7,12.8,91.1,13.6,23.6
"2026/01/26","2026/01/28","9162","ブリーチ","東証およびＰＴＳ",,"確報",0,100,6100,0,0,0,6100,0,30500,1860500,0,0,0,1860500,,,0,0,0,31000,0,0,51.5,0,25.8,51.5,0,0,0
"2026/01/26","2026/01/28","9163","ナレルグループ","東証およびＰＴＳ",,"確報",500,0,16400,0,0,0,16400,1183000,0,38802400,0,0,0,38802400,,,0,0,0,318000,0,0,55.2,48.3,64.4,55.2,0,0,0
"2026/01/26","2026/01/28","9165","クオルテック","東証およびＰＴＳ",,"確報",0,0,1700,0,0,0,1700,0,0,2407200,0,0,0,2407200,,,0,0,1700,0,0,0,9.2,9.2,9.2,9.2,0,0,0
"2026/01/26","2026/01/28","9166","ＧＥＮＤＡ","東証およびＰＴＳ",,"確報",5600,2000,639800,0,0,0,639800,4340000,1550000,495845000,0,0,0,495845000,,,0,0,0,13360200,0,0,142.4,190.6,113.7,142.4,0,0,0
"2026/01/26","2026/01/28","9168","ライズ","東証およびＰＴＳ",,"確報",54200,0,182700,0,0,0,182700,30568800,0,103042800,0,0,0,103042800,,,0,0,0,1799000,0,0,11,8,17.4,11,0,0,0
"2026/01/26","2026/01/28","9171","栗林商船","東証およびＰＴＳ",,"確報",0,100,338900,0,0,0,338900,0,183200,620864800,0,0,0,620864800,,,0,0,0,33561000,0,0,970.7,9999.9,499.6,970.7,0,0,0
"2026/01/26","2026/01/28","9173","東海汽船","東証およびＰＴＳ",,"確報",0,0,100,0,0,0,100,0,0,318000,0,0,0,318000,,,0,0,0,4000,0,0,10,0,5,10,0,0,0
"2026/01/26","2026/01/28","9193","東京汽船","東証およびＰＴＳ",,"確報",300,0,3000,0,0,0,3000,361200,0,3612000,0,0,0,3612000,,,0,0,0,37800,0,0,8,5.9,12.4,8,0,0,0
"2026/01/26","2026/01/28","9201","ＪＡＬ","東証およびＰＴＳ",,"確報",4000,0,32800,0,0,100,32700,11772000,0,96530400,0,0,294300,96236100,,,0,0,0,489600,1700,0,14.6,16.9,13.1,14.8,2,4,2.7
"2026/01/26","2026/01/28","9202","ＡＮＡＨＤ","東証およびＰＴＳ",,"確報",100,500,63300,6800,500,35900,27400,305100,1525500,193128300,20746800,1525500,109530900,83597400,,,0,0,254800,0,0,118400,22.9,36.2,40.5,38.3,10.5,16.5,12.8
"2026/01/26","2026/01/28","92025","ＡＮＡ－優","東証およびＰＴＳ",,"確報",0,0,0,0,0,0,0,0,0,0,0,0,0,0,,,0,0,0,0,0,0,0,0,0,0,0,0,0
"2026/01/26","2026/01/28","9204","スカイマーク","東証およびＰＴＳ",,"確報",1400,0,71900,0,0,0,71900,557200,0,28616200,0,0,0,28616200,,,0,0,0,0,0,0,29.7,20,58,29.7,0,0,0
"2026/01/26","2026/01/28","9206","スターフライヤー","東証およびＰＴＳ",,"確報",0,0,800,0,0,0,800,0,0,1759200,0,0,0,1759200,,,0,0,23200,0,0,0,0,0,0,0,0,0,0
"2026/01/26","2026/01/28","9211","エフ・コード","東証およびＰＴＳ",,"確報",1200,1400,69100,0,0,0,69100,1890000,2205000,108832500,0,0,0,108832500,,,0,0,831600,0,0,0,82,98.5,70.3,82,0,0,0
"2026/01/26","2026/01/28","9212","ＧＥＩ","東証およびＰＴＳ",,"確報",700,0,2900,0,0,0,2900,270900,0,1122300,0,0,0,1122300,,,0,0,0,19800,0,0,33.4,16.7,0,33.4,0,0,0
"2026/01/26","2026/01/28","9213","セイファート","東証およびＰＴＳ",,"確報",0,100,3900,0,0,0,3900,0,76500,2983500,0,0,0,2983500,,,0,0,0,4000,0,0,100.5,0,50.3,100.5,0,0,0
"2026/01/26","2026/01/28","9214","リカバリー","東証およびＰＴＳ",,"確報",0,100,700,0,0,0,700,0,136000,952000,0,0,0,952000,,,0,0,0,15200,0,0,78,0,39,78,0,0,0
"2026/01/26","2026/01/28","9215","ＣａＳｙ","東証およびＰＴＳ",,"確報",0,100,700,0,0,0,700,0,91800,642600,0,0,0,642600,,,0,0,0,5600,0,0,13.6,11.3,17,13.6,0,0,0
"2026/01/26","2026/01/28","9216","ビーウィズ","東証およびＰＴＳ",,"確報",12900,12600,96800,300,0,96800,0,21852600,21344400,163979200,508200,0,163979200,0,,,0,0,0,4246000,4246000,0,43.6,22.8,31.1,26.3,72.7,479.5,126.2
"2026/01/26","2026/01/28","9218","メンタルヘルスＴ","東証およびＰＴＳ",,"確報",0,100,5500,0,2400,69500,-64000,0,79900,4394500,0,1917600,55530500,-51136000,,,0,0,0,84000,1078500,0,54.5,92,138,110.4,59.5,46.9,52.5
"2026/01/26","2026/01/28","9219","ギックス","東証およびＰＴＳ",,"確報",100,100,3400,0,0,3400,0,98400,98400,3345600,0,0,3345600,0,,,0,0,0,20400,20400,0,69.2,43.3,43.3,43.3,173,173,173
"2026/01/26","2026/01/28","9220","エフビー介護サービス","東証およびＰＴＳ",,"確報",0,0,1400,0,0,0,1400,0,0,1645000,0,0,0,1645000,,,0,0,0,30800,0,0,72,72,72,72,0,0,0
"2026/01/26","2026/01/28","9221","フルハシＥＰＯ","東証およびＰＴＳ",,"確報",0,200,8200,0,0,0,8200,0,289200,11857200,0,0,0,11857200,,,0,0,0,42000,0,0,43.1,37.2,51.1,43.1,0,0,0
"2026/01/26","2026/01/28","9223","ＡＳＮＯＶＡ","東証およびＰＴＳ",,"確報",100,0,2500,0,0,0,2500,55500,0,1387500,0,0,0,1387500,,,0,0,0,2400,0,0,79.3,59.5,119,79.3,0,0,0
"2026/01/26","2026/01/28","9225","ブリッジコンサル","東証およびＰＴＳ",,"確報",0,0,0,0,0,0,0,0,0,0,0,0,0,0,,,0,0,0,0,0,0,0,0,0,0,0,0,0
"2026/01/26","2026/01/28","9227","マイクロ波化学","東証およびＰＴＳ",,"確報",11100,500,122700,3500,1800,211500,-88800,12110100,545500,133865700,3818500,1963800,230746500,-96880800,,,0,0,0,1793600,3356800,0,24.9,11.3,13.9,12.4,70.2,48.1,57.1
"2026/01/26","2026/01/28","9229","サンウェルズ","東証およびＰＴＳ",,"確報",4800,1000,30100,0,0,0,30100,1737600,362000,10896200,0,0,0,10896200,,,0,0,0,762700,0,0,28,21.9,38.8,28,0,0,0
"2026/01/26","2026/01/28","9233","アジア航測","東証およびＰＴＳ",,"確報",900,0,19900,1400,0,1400,18500,1126800,0,24914800,1752800,0,1752800,23162000,,,0,0,0,209000,0,0,55.8,68.7,137.4,91.6,1,0,2
"2026/01/26","2026/01/28","9235","売れるネットＧ","東証およびＰＴＳ",,"確報",900,0,20500,0,0,0,20500,591300,0,13468500,0,0,0,13468500,,,0,0,0,411600,0,0,23.4,26,21.4,23.4,0,0,0
"2026/01/26","2026/01/28","9236","ジャパンＭ＆Ａ","東証およびＰＴＳ",,"確報",0,100,200,0,0,0,200,0,103900,207800,0,0,0,207800,,,0,0,0,3000,0,0,11,11,11,11,0,0,0
"2026/01/26","2026/01/28","9237","笑美面","東証およびＰＴＳ",,"確報",0,400,7900,0,0,0,7900,0,346000,6833500,0,0,0,6833500,,,0,0,0,99600,0,0,47.4,50.4,44.8,47.4,0,0,0
"2026/01/26","2026/01/28","9238","バリューＣ","東証およびＰＴＳ",,"確報",0,1200,1600,0,0,0,1600,0,1444800,1926400,0,0,0,1926400,,,0,0,0,22400,0,0,14,126,7.4,14,0,0,0
"2026/01/26","2026/01/28","9240","デリバリコンサル","東証およびＰＴＳ",,"確報",100,200,3100,0,0,0,3100,56100,112200,1739100,0,0,0,1739100,,,0,0,0,51200,0,0,20.5,19.3,22,20.5,0,0,0
"2026/01/26","2026/01/28","9241","ＦＬＮ","東証およびＰＴＳ",,"確報",0,0,2000,0,0,0,2000,0,0,3498000,0,0,0,3498000,,,0,0,0,106000,0,0,200,0,100,200,0,0,0
"2026/01/26","2026/01/28","9242","メディア総研","東証およびＰＴＳ",,"確報",0,0,200,0,0,0,200,0,0,420200,0,0,0,420200,,,0,0,9000,0,0,0,0,0,0,0,0,0,0
"2026/01/26","2026/01/28","9244","デジタリフト","東証およびＰＴＳ",,"確報",0,0,200,0,0,0,200,0,0,211200,0,0,0,211200,,,0,0,5600,0,0,0,7.3,11,5.5,7.3,0,0,0
"2026/01/26","2026/01/28","9245","リベロ","東証およびＰＴＳ",,"確報",0,0,300,0,0,0,300,0,0,686700,0,0,0,686700,,,0,0,0,8100,0,0,32,0,16,32,0,0,0
"2026/01/26","2026/01/28","9246","プロジェクトＨＤ","東証およびＰＴＳ",,"確報",100,0,2900,0,0,0,2900,119900,0,3477100,0,0,0,3477100,,,0,0,0,11200,0,0,94.7,71,142,94.7,0,0,0
"2026/01/26","2026/01/28","9247","ＴＲＥＨＤ","東証およびＰＴＳ",,"確報",400,0,34300,100,0,6500,27800,685200,0,58755900,171300,0,11134500,47621400,,,0,0,0,576300,108800,0,16.4,35.3,39.5,37.3,2,2,2
"2026/01/26","2026/01/28","9248","人・夢・技術グループ","東証およびＰＴＳ",,"確報",1200,0,3500,0,0,0,3500,1899600,0,5540500,0,0,0,5540500,,,0,0,0,92000,0,0,9.5,5.4,38,9.5,0,0,0
"2026/01/26","2026/01/28","9249","日本エコシステム","東証およびＰＴＳ",,"確報",0,0,300,0,0,0,300,0,0,477600,0,0,0,477600,,,0,0,0,0,0,0,0,0,0,0,0,0,0
"2026/01/26","2026/01/28","9250","ＧＲＣＳ","東証およびＰＴＳ",,"確報",200,400,6600,0,0,0,6600,264600,529200,8731800,0,0,0,8731800,,,0,0,0,931600,0,0,7.6,4.9,17.2,7.6,0,0,0
"2026/01/26","2026/01/28","9251","ＡＢ＆Ｃｏｍｐａｎｙ","東証およびＰＴＳ",,"確報",1000,100,2300,0,0,0,2300,1211000,121100,2785300,0,0,0,2785300,,,0,0,5600,0,0,0,10.9,6.3,38,10.9,0,0,0
"2026/01/26","2026/01/28","9252","ラストワンマイル","東証およびＰＴＳ",,"確報",0,0,5000,0,0,0,5000,0,0,22700000,0,0,0,22700000,,,0,0,0,650000,0,0,82.3,49.4,247,82.3,0,0,0
"2026/01/26","2026/01/28","9253","スローガン","東証およびＰＴＳ",,"確報",0,0,600,0,0,0,600,0,0,469800,0,0,0,469800,,,0,0,1800,0,0,0,36,0,18,36,0,0,0
"2026/01/26","2026/01/28","9254","ラバブルマーケ","東証およびＰＴＳ",,"確報",0,100,1300,0,0,0,1300,0,117500,1527500,0,0,0,1527500,,,0,0,1400,0,0,0,33.5,67,22.3,33.5,0,0,0
"2026/01/26","2026/01/28","9256","サクシード","東証およびＰＴＳ",,"確報",0,0,400,0,0,0,400,0,0,325200,0,0,0,325200,,,0,0,0,0,0,0,0,0,0,0,0,0,0
"2026/01/26","2026/01/28","9257","ＹＣＰ","東証およびＰＴＳ",,"確報",0,0,4240000,0,0,0,4240000,0,0,3561600000,0,0,0,3561600000,,,0,0,0,0,0,0,0,0,0,0,0,0,0
"2026/01/26","2026/01/28","9258","ＣＳ－Ｃ","東証およびＰＴＳ",,"確報",0,0,100,0,0,0,100,0,0,36400,0,0,0,36400,,,0,0,400,0,0,0,0,0,0,0,0,0,0
"2026/01/26","2026/01/28","9259","タカヨシＨＤ","東証およびＰＴＳ",,"確報",0,200,3700,0,0,0,3700,0,165000,3052500,0,0,0,3052500,,,0,0,0,31200,0,0,15.9,20.7,12.9,15.9,0,0,0
"2026/01/26","2026/01/28","9262","シルバーライフ","東証およびＰＴＳ",,"確報",300,1400,10300,5400,0,14700,-4400,244500,1141000,8394500,4401000,0,11980500,-3586000,,,0,0,0,34200,27900,0,12.7,146.5,18.9,33.5,3.3,184.5,6.4
"2026/01/26","2026/01/28","9264","ポエック","東証およびＰＴＳ",,"確報",0,100,5700,0,0,4600,1100,0,175800,10020600,0,0,8086800,1933800,,,0,0,0,278400,220800,0,30.1,18.2,17.2,17.7,0,0,0
"2026/01/26","2026/01/28","9265","ヤマシタヘルスケア","東証およびＰＴＳ",,"確報",0,0,0,0,0,0,0,0,0,0,0,0,0,0,,,0,0,0,0,0,0,0,0,0,0,0,0,0
"2026/01/26","2026/01/28","9267","ゲンキードラッグ","東証およびＰＴＳ",,"確報",8900,2800,31200,8100,500,32700,-1500,40050000,12600000,140400000,36450000,2250000,147150000,-6750000,,,0,0,376500,0,0,376500,4.7,2.9,10.6,4.6,3,13.3,4.8
"2026/01/26","2026/01/28","9268","オプティマス","東証およびＰＴＳ",,"確報",400,300,78600,100,0,78600,0,139600,104700,27431400,34900,0,27431400,0,,,0,0,0,628000,628000,0,53.1,29.8,27.5,28.6,785.6,245.5,374.1
"2026/01/26","2026/01/28","9270","バリュエンスＨＤ","東証およびＰＴＳ",,"確報",100,4800,60500,500,5200,60500,0,179100,8596800,108355500,895500,9313200,108355500,0,,,0,0,0,2282000,2282000,0,24.3,56.1,15,23.6,64.9,15.5,25.1
"2026/01/26","2026/01/28","9271","和心","東証およびＰＴＳ",,"確報",100,0,10900,0,0,0,10900,90000,0,9810000,0,0,0,9810000,,,0,0,0,129600,0,0,180.7,108.4,542,180.7,0,0,0
"2026/01/26","2026/01/28","9272","ブティックス","東証およびＰＴＳ",,"確報",0,0,7400,0,0,0,7400,0,0,10582000,0,0,0,10582000,,,0,0,0,133200,0,0,248.7,0,124.3,248.7,0,0,0
"2026/01/26","2026/01/28","9273","コーア商事ＨＤ","東証およびＰＴＳ",,"確報",500,200,4600,300,0,4600,0,421500,168600,3877800,252900,0,3877800,0,,,0,0,0,77400,77400,0,11.4,8.6,9.3,9,14.6,16.6,15.5
"2026/01/26","2026/01/28","9274","ＫＰＰグループＨＤ","東証およびＰＴＳ",,"確報",100,2800,23500,100,100,75300,-51800,85700,2399600,20139500,85700,85700,64532100,-44392600,,,0,0,0,471600,1355400,0,36.8,19.1,13.9,16.1,68,53.3,59.8
"2026/01/26","2026/01/28","9278","ブックオフＧＨＤ","東証およびＰＴＳ",,"確報",1400,100,8000,100,3700,23900,-15900,2234400,159600,12768000,159600,5905200,38144400,-25376400,,,0,0,0,288100,1182500,0,13.9,9.8,8,8.8,23.3,12.5,16.3
"2026/01/26","2026/01/28","9279","ギフトＨＤ","東証およびＰＴＳ",,"確報",1000,0,2200,1100,4700,38300,-36100,3745000,0,8239000,4119500,17601500,143433500,-135194500,,,0,0,0,84000,2933000,0,26.6,6,24,9.6,30.6,26.6,28.4
"2026/01/26","2026/01/28","9282","いちごグリーン","東証およびＰＴＳ",,"確報",0,0,55,0,0,0,55,0,0,2898500,0,0,0,2898500,,,0,0,27500,0,0,0,6.8,6.6,6.9,6.8,0,0,0
"2026/01/26","2026/01/28","9284","カナディアンソラ","東証およびＰＴＳ",,"確報",0,0,190,0,0,0,190,0,0,17271000,0,0,0,17271000,,,0,0,0,57000,0,0,28.6,32.5,25.6,28.6,0,0,0
"2026/01/26","2026/01/28","9285","東京インフラＦ","東証およびＰＴＳ",,"確報",4,0,276,0,0,0,276,198800,0,13717200,0,0,0,13717200,,,0,0,13600,0,0,0,86.5,78.9,95.8,86.5,0,0,0
"2026/01/26","2026/01/28","9286","エネクスインフラ","東証およびＰＴＳ",,"確報",210,3,2600,0,0,0,2600,11991000,171300,148460000,0,0,0,148460000,,,0,0,717900,0,0,0,10.7,5.5,191.7,10.7,0,0,0
"2026/01/26","2026/01/28","9287","ＪＩＦ","東証およびＰＴＳ",,"確報",279,739,3461,0,0,0,3461,18553500,49143500,230156500,0,0,0,230156500,,,0,0,12547200,0,0,0,19.1,19.8,18.4,19.1,0,0,0
"2026/01/26","2026/01/28","9301","三菱倉庫","東証およびＰＴＳ",,"確報",7000,2700,42300,4900,600,42300,0,9362500,3611250,56576250,6553750,802500,56576250,0,,,0,0,0,494000,494000,0,11.1,6,9.5,7.4,13.3,76.7,22.7
"2026/01/26","2026/01/28","9302","三井倉庫ＨＤ","東証およびＰＴＳ",,"確報",11400,0,11600,2200,400,18900,-7300,42123000,0,42862000,8129000,1478000,69835500,-26973500,,,0,0,0,5400,461700,0,3.8,1,1.6,1.2,15.9,15.9,15.9
"2026/01/26","2026/01/28","9303","住友倉庫","東証およびＰＴＳ",,"確報",1600,2400,5400,900,100,7000,-1600,5944000,8916000,20061000,3343500,371500,26005000,-5944000,,,0,0,0,217000,217000,0,8.5,5.2,5.1,5.2,12.3,26.4,16.7
"2026/01/26","2026/01/28","9304","澁澤倉庫","東証およびＰＴＳ",,"確報",6900,3600,26600,0,3800,26600,0,9080400,4737600,35005600,0,5000800,35005600,0,,,0,0,0,163100,212800,0,6.6,3.1,4.4,3.6,24.9,18.1,21
"2026/01/26","2026/01/28","9305","ヤマタネ","東証およびＰＴＳ",,"確報",1400,100,10200,0,100,800,9400,3186400,227600,23215200,0,227600,1820800,21394400,,,0,0,0,80100,8100,0,20.7,14.8,53.5,23.1,11.8,9.4,10.4
"2026/01/26","2026/01/28","9306","東陽倉庫","東証およびＰＴＳ",,"確報",300,100,118100,100,100,100,118000,621300,207100,244585100,207100,207100,207100,244378000,,,0,0,0,235800,200,0,1073.1,1474.8,1966.3,1685.4,1.5,1.5,1.5
"2026/01/26","2026/01/28","9307","杉村倉庫","東証およびＰＴＳ",,"確報",400,0,12400,0,500,7500,4900,390800,0,12114800,0,488500,7327500,4787300,,,0,0,0,372000,248000,0,94.7,120.2,0,240.4,39.3,65.5,49.1
"2026/01/26","2026/01/28","9308","乾汽船","東証およびＰＴＳ",,"確報",100,2900,8800,1400,0,43800,-35000,131000,3799000,11528000,1834000,0,57378000,-45850000,,,0,0,0,290000,1060000,0,23.6,9.3,8.6,8.9,26.8,64.2,37.8
"2026/01/26","2026/01/28","9310","日本トランスシティ","東証およびＰＴＳ",,"確報",0,1200,4200,300,0,400,3800,0,1484400,5195400,371100,0,494800,4700600,,,0,0,0,5400,100,0,15.3,0,19.8,39.7,5.5,1.7,2.6
"2026/01/26","2026/01/28","9311","アサガミ","東証およびＰＴＳ",,"確報",0,0,0,0,0,0,0,0,0,0,0,0,0,0,,,0,0,0,0,0,0,0,0,0,0,0,0,0
"2026/01/26","2026/01/28","9312","ケイヒン","東証およびＰＴＳ",,"確報",0,0,1200,0,0,0,1200,0,0,3598800,0,0,0,3598800,,,0,0,55200,0,0,0,41.3,62,62,62,0,0,0
"2026/01/26","2026/01/28","9313","丸八倉庫","東証およびＰＴＳ",,"確報",0,0,1500,0,0,0,1500,0,0,1557000,0,0,0,1557000,,,0,0,0,19500,0,0,0,0,0,0,0,0,0
"2026/01/26","2026/01/28","9319","中央倉庫","東証およびＰＴＳ",,"確報",200,0,85400,300,0,7200,78200,343200,0,146546400,514800,0,12355200,134191200,,,0,0,0,1533600,124200,0,171,175.5,468,255.3,18.8,106.3,31.9
"2026/01/26","2026/01/28","9322","川西倉庫","東証およびＰＴＳ",,"確報",0,100,8800,0,0,0,8800,0,288000,25344000,0,0,0,25344000,,,0,0,249200,0,0,0,221,221,221,221,0,0,0
"2026/01/26","2026/01/28","9324","安田倉庫","東証およびＰＴＳ",,"確報",0,1100,3700,100,100,4900,-1200,0,2435400,8191800,221400,221400,10848600,-2656800,,,0,0,0,225600,230300,0,8,6.3,3.3,4.3,62,31,41.3
"2026/01/26","2026/01/28","9325","ファイズＨＤ","東証およびＰＴＳ",,"確報",0,0,4400,0,0,0,4400,0,0,4901600,0,0,0,4901600,,,0,0,0,13200,0,0,29.7,20.8,52,29.7,0,0,0
"2026/01/26","2026/01/28","9326","関通","東証およびＰＴＳ",,"確報",0,0,3200,0,0,0,3200,0,0,1488000,0,0,0,1488000,,,0,0,0,16000,0,0,108,162,81,108,0,0,0
"2026/01/26","2026/01/28","9327","イー・ロジット","東証およびＰＴＳ",,"確報",0,100,13600,0,0,0,13600,0,23500,3196000,0,0,0,3196000,,,0,0,0,68500,0,0,23.2,15.9,42.7,23.2,0,0,0
"2026/01/26","2026/01/28","9330","揚羽","東証およびＰＴＳ",,"確報",500,0,3700,0,0,0,3700,406500,0,3008100,0,0,0,3008100,,,0,0,0,0,0,0,28,14,0,28,0,0,0
"2026/01/26","2026/01/28","9331","キャスター","東証およびＰＴＳ",,"確報",0,0,300,0,0,0,300,0,0,255600,0,0,0,255600,,,0,0,5400,0,0,0,30,0,15,30,0,0,0
"2026/01/26","2026/01/28","9332","ＮＩＳＳＯＨＤ","東証およびＰＴＳ",,"確報",50500,2800,55800,0,1400,6700,49100,35047000,1943200,38725200,0,971600,4649800,34075400,,,0,0,0,113400,113400,0,1.6,1.2,1.6,1.3,115.3,6.5,12.3
"2026/01/26","2026/01/28","9336","大栄環境","東証およびＰＴＳ",,"確報",3100,800,17000,2400,100,17000,0,12896000,3328000,70720000,9984000,416000,70720000,0,,,0,0,367500,0,0,367500,10.9,6.6,8.1,7.2,16.9,33.1,22.4
"2026/01/26","2026/01/28","9337","トリドリ","東証およびＰＴＳ",,"確報",0,700,2600,0,0,0,2600,0,2460500,9139000,0,0,0,9139000,,,0,0,0,99000,0,0,9.6,22.9,6.1,9.6,0,0,0
"2026/01/26","2026/01/28","9338","ＩＮＦＯＲＩＣＨ","東証およびＰＴＳ",,"確報",400,0,78700,0,0,0,78700,728400,0,143312700,0,0,0,143312700,,,0,0,0,1957500,0,0,117,189.4,84.6,117,0,0,0
"2026/01/26","2026/01/28","9339","コーチ・エィ","東証およびＰＴＳ",,"確報",0,0,0,0,0,0,0,0,0,0,0,0,0,0,,,0,0,0,0,0,0,0,0,0,0,0,0,0
"2026/01/26","2026/01/28","9340","アソインター","東証およびＰＴＳ",,"確報",100,0,6700,0,0,0,6700,73600,0,4931200,0,0,0,4931200,,,0,0,39600,0,0,0,21.9,197.5,11.6,21.9,0,0,0
"2026/01/26","2026/01/28","9341","ＧＥＮＯＶＡ","東証およびＰＴＳ",,"確報",0,0,9000,0,0,0,9000,0,0,5400000,0,0,0,5400000,,,0,0,0,126000,0,0,60,35,210,60,0,0,0
"2026/01/26","2026/01/28","9342","スマサポ","東証およびＰＴＳ",,"確報",0,100,800,0,0,0,800,0,122800,982400,0,0,0,982400,,,0,0,0,8100,0,0,15.1,53,8.8,15.1,0,0,0
"2026/01/26","2026/01/28","9343","アイビス","東証およびＰＴＳ",,"確報",300,0,3000,0,0,0,3000,216300,0,2163000,0,0,0,2163000,,,0,0,0,48600,0,0,16.8,40,10.7,16.8,0,0,0
"2026/01/26","2026/01/28","9344","アクシスＣ","東証およびＰＴＳ",,"確報",100,0,800,0,0,0,800,93000,0,744000,0,0,0,744000,,,0,0,0,1400,0,0,17,11.3,34,17,0,0,0
"2026/01/26","2026/01/28","9345","ビズメイツ","東証およびＰＴＳ",,"確報",0,0,1600,0,0,0,1600,0,0,1131200,0,0,0,1131200,,,0,0,1600,0,0,0,154,77,0,154,0,0,0
"2026/01/26","2026/01/28","9346","ココルポート","東証およびＰＴＳ",,"確報",0,0,4700,0,0,0,4700,0,0,7943000,0,0,0,7943000,,,0,0,0,65800,0,0,0,0,0,0,0,0,0
"2026/01/26","2026/01/28","9347","日本管財ＨＤ","東証およびＰＴＳ",,"確報",200,100,7200,200,0,21800,-14600,559000,279500,20124000,559000,0,60931000,-40807000,,,0,0,0,85200,259200,0,36.4,13.8,41.3,20.6,36.4,68.2,47.4
"2026/01/26","2026/01/28","9348","ｉｓｐａｃｅ","東証およびＰＴＳ",,"確報",2800,1900,239900,0,0,0,239900,1526000,1035500,130745500,0,0,0,130745500,,,0,0,0,1195000,0,0,28.6,131.1,16.1,28.6,0,0,0
"2026/01/26","2026/01/28","9351","東洋埠頭","東証およびＰＴＳ",,"確報",0,0,4100,0,0,200,3900,0,0,7252900,0,0,353800,6899100,,,0,0,0,65600,3200,0,142.7,204,0,408,0,5,10
"2026/01/26","2026/01/28","9353","櫻島埠頭","東証およびＰＴＳ",,"確報",400,200,6500,0,0,0,6500,1038400,519200,16874000,0,0,0,16874000,,,0,0,0,201600,0,0,18.2,13.4,28.2,18.2,0,0,0
"2026/01/26","2026/01/28","9355","リンコーコーポ","東証およびＰＴＳ",,"確報",0,0,0,0,0,0,0,0,0,0,0,0,0,0,,,0,0,0,0,0,0,0,0,0,0,0,0,0
"2026/01/26","2026/01/28","9360","鈴与シンワート","東証およびＰＴＳ",,"確報",200,0,300,0,0,0,300,622000,0,933000,0,0,0,933000,,,0,0,0,5000,0,0,5.3,4,8,5.3,0,0,0
"2026/01/26","2026/01/28","9361","伏木海陸運送","東証およびＰＴＳ",,"確報",0,100,0,0,0,0,0,0,218600,0,0,0,0,0,,,0,0,15000,0,0,0,1,1,1,1,0,0,0
"2026/01/26","2026/01/28","9362","兵機海運","東証およびＰＴＳ",,"確報",0,0,100,0,0,0,100,0,0,378000,0,0,0,378000,,,0,0,0,0,0,0,0,0,0,0,0,0,0
"2026/01/26","2026/01/28","9363","大運","東証およびＰＴＳ",,"確報",200,0,9300,0,0,0,9300,96200,0,4473300,0,0,0,4473300,,,0,0,0,91000,0,0,22.4,17.4,31.1,22.4,0,0,0
"2026/01/26","2026/01/28","9364","上組","東証およびＰＴＳ",,"確報",200,0,3000,400,300,2300,700,1083600,0,16254000,2167200,1625400,12461400,3792600,,,0,0,0,61600,48400,0,13.7,12.8,16.6,14.4,10.7,15.3,12.6
"2026/01/26","2026/01/28","9365","トレーディア","東証およびＰＴＳ",,"確報",0,100,1000,0,0,0,1000,0,156400,1564000,0,0,0,1564000,,,0,0,0,26400,0,0,54,0,27,54,0,0,0
"2026/01/26","2026/01/28","9366","サンリツ","東証およびＰＴＳ",,"確報",0,100,300,0,0,0,300,0,90900,272700,0,0,0,272700,,,0,0,0,800,0,0,5.2,0,2.6,5.2,0,0,0
"2026/01/26","2026/01/28","9367","大東港運","東証およびＰＴＳ",,"確報",0,100,900,0,0,0,900,0,228000,2052000,0,0,0,2052000,,,0,0,0,20000,0,0,14.8,9.3,37,14.8,0,0,0
"2026/01/26","2026/01/28","9368","キムラユニティー","東証およびＰＴＳ",,"確報",100,600,1100,0,0,0,1100,90300,541800,993300,0,0,0,993300,,,0,0,0,17600,0,0,5.2,5.4,6.6,5.9,1,0.5,0.7
"2026/01/26","2026/01/28","9369","キユーソー流通Ｓ","東証およびＰＴＳ",,"確報",0,0,57300,1500,0,39100,18200,0,0,179635500,4702500,0,122578500,57057000,,,0,0,0,2292000,1504000,0,102.7,135.3,167.2,149.6,43.7,171,69.7
"2026/01/26","2026/01/28","9376","ユーラシア旅行社","東証およびＰＴＳ",,"確報",0,0,1200,0,0,0,1200,0,0,1053600,0,0,0,1053600,,,0,0,28800,0,0,0,0,0,0,0,0,0,0
"2026/01/26","2026/01/28","9380","東海運","東証およびＰＴＳ",,"確報",5100,0,8200,100,100,7100,1100,2106300,0,3386600,41300,41300,2932300,454300,,,0,0,0,15500,35500,0,7.1,3.8,3.1,3.4,23.4,328,43.7
"2026/01/26","2026/01/28","9381","エーアイテイー","東証およびＰＴＳ",,"確報",200,0,2100,0,0,0,2100,448200,0,4706100,0,0,0,4706100,,,0,0,0,95000,0,0,25.3,16.8,50.5,25.3,0,0,0
"2026/01/26","2026/01/28","9385","ショーエイコーポ","東証およびＰＴＳ",,"確報",0,0,2200,0,0,1700,500,0,0,1430000,0,0,1105000,325000,,,0,0,0,0,0,0,19.4,0,37.7,75.3,4.8,0,9.5
"2026/01/26","2026/01/28","9399","ビート","東証およびＰＴＳ",,"確報",0,0,0,0,0,0,0,0,0,0,0,0,0,0,,,0,0,0,0,0,0,0,0,0,0,0,0,0
"2026/01/26","2026/01/28","9401","ＴＢＳＨＤ","東証およびＰＴＳ",,"確報",800,0,3800,1200,3200,22600,-18800,4996800,0,23734800,7495200,19987200,141159600,-117424800,,,0,0,0,297000,2435400,0,18.2,3.9,18.4,6.5,23.5,22.2,22.8
"2026/01/26","2026/01/28","9404","日本テレビＨＤ","東証およびＰＴＳ",,"確報",1700,200,5200,300,2700,44700,-39500,6466800,760800,19780800,1141200,10270800,170038800,-150258000,,,0,0,0,203500,2590500,0,14.4,2.8,3.7,3.2,32.7,19.5,24.4
"2026/01/26","2026/01/28","9405","朝日放送グループＨＤ","東証およびＰＴＳ",,"確報",0,200,7200,100,300,7200,0,0,167600,6033600,83800,251400,6033600,0,,,0,0,0,22200,22200,0,31.1,27.5,59.7,37.7,21.1,35.8,26.5
"2026/01/26","2026/01/28","9408","ＢＳＮメディアＨＤ","東証およびＰＴＳ",,"確報",0,0,0,0,0,0,0,0,0,0,0,0,0,0,,,0,0,0,0,0,0,0,0,0,0,0,0,0
"2026/01/26","2026/01/28","9409","テレビ朝日ＨＤ","東証およびＰＴＳ",,"確報",1500,4300,3200,1300,3800,20400,-17200,5332500,15286500,11376000,4621500,13509000,72522000,-61146000,,,0,0,0,360000,1374000,0,9.3,4.1,2.4,3,16,24.4,19.3
"2026/01/26","2026/01/28","9412","スカパーＪＳＡＴ","東証およびＰＴＳ",,"確報",7100,400,50100,2000,0,7200,42900,15243700,858800,107564700,4294000,0,15458400,92106300,,,0,0,0,130200,15600,0,16.5,18.3,18.1,18.2,8.7,11.2,9.8
"2026/01/26","2026/01/28","9413","テレ東ＨＤ","東証およびＰＴＳ",,"確報",200,0,1600,0,0,400,1200,930000,0,7440000,0,0,1860000,5580000,,,0,0,0,28000,8000,0,6.7,6.7,6.7,6.7,8,5.3,6.4
"2026/01/26","2026/01/28","9414","日本ＢＳ放送","東証およびＰＴＳ",,"確報",0,700,19300,0,700,19300,0,0,669900,18470100,0,669900,18470100,0,,,0,0,0,20000,20000,0,26,110.6,13.5,24,368.7,14.7,28.4
"2026/01/26","2026/01/28","9416","ビジョン","東証およびＰＴＳ",,"確報",300,0,5000,100,0,2100,2900,375600,0,6260000,125200,0,2629200,3630800,,,0,0,0,28200,12000,0,14.6,19.9,10.3,13.5,62.5,10.4,17.9
"2026/01/26","2026/01/28","9417","スマートバリュー","東証およびＰＴＳ",,"確報",300,0,9400,200,0,12600,-3200,117000,0,3666000,78000,0,4914000,-1248000,,,0,0,0,18200,24800,0,108.5,118,67.4,85.8,76.6,613,136.2
"2026/01/26","2026/01/28","9418","Ｕ－ＮＥＸＴ","東証およびＰＴＳ",,"確報",2000,0,72100,2900,0,9800,62300,3798000,0,136917900,5507100,0,18610200,118307700,,,0,0,1261800,0,0,124200,23.1,17,3290,33.7,6.8,5.6,6.2
"2026/01/26","2026/01/28","9419","ワイヤレスゲート","東証およびＰＴＳ",,"確報",300,100,4500,0,0,0,4500,82200,27400,1233000,0,0,0,1233000,,,0,0,4300,0,0,0,10.1,5.4,91,10.1,0,0,0
"2026/01/26","2026/01/28","9421","エヌジェイＨＤ","東証およびＰＴＳ",,"確報",0,0,2600,0,0,0,2600,0,0,1635400,0,0,0,1635400,,,0,0,7800,0,0,0,258,129,0,258,0,0,0
"2026/01/26","2026/01/28","9423","フォーバルＲＳ","東証およびＰＴＳ",,"確報",200,3000,41400,8200,0,18400,23000,22400,336000,4636800,918400,0,2060800,2576000,,,0,0,0,0,0,0,15.3,157.8,38.1,61.4,3.6,6.2,4.6
"2026/01/26","2026/01/28","9424","日本通信","東証およびＰＴＳ",,"確報",103200,0,518500,28100,0,330700,187800,14860800,0,74664000,4046400,0,47620800,27043200,,,0,0,0,1661200,1210400,0,19.6,10.9,27.9,15.6,22.1,55.9,31.6
"2026/01/26","2026/01/28","9425","ＲｅＹｕｕＪａｐａｎ","東証およびＰＴＳ",,"確報",0,100,50100,0,0,0,50100,0,42500,21292500,0,0,0,21292500,,,0,0,0,1204800,0,0,174.2,1263,93.6,174.2,0,0,0
"2026/01/26","2026/01/28","9428","クロップス","東証およびＰＴＳ",,"確報",100,100,600,0,0,600,0,140100,140100,840600,0,0,840600,0,,,0,0,0,7200,7200,0,30,15,15,15,0,0,0
"2026/01/26","2026/01/28","9432","ＮＴＴ","東証およびＰＴＳ",,"確報",80400,398300,12248100,376100,0,450000,11798100,12614760,62493270,1921726890,59010090,0,70605000,1851121890,,,0,0,0,7539600,44340,0,11.1,9.7,16.7,12.3,1.1,2.4,1.5
"2026/01/26","2026/01/28","9433","ＫＤＤＩ","東証およびＰＴＳ",,"確報",10100,4300,92400,0,2200,8600,83800,26765000,11395000,244860000,0,5830000,22790000,222070000,,,0,0,0,1428900,178200,0,8.3,10.4,13.4,11.7,4.3,3.1,3.6
"2026/01/26","2026/01/28","9434","ソフトバンク","東証およびＰＴＳ",,"確報",192800,50000,2650200,200,9600,5200,2645000,41162800,10675000,565817700,42700,2049600,1110200,564707500,,,0,0,0,2758140,16060,0,24.6,13.8,137.6,25.1,3.8,4,3.9
"2026/01/26","2026/01/28","94345","ソフトバンク－優","東証およびＰＴＳ",,"確報",0,0,0,0,0,0,0,0,0,0,0,0,0,0,,,0,0,0,0,0,0,0,0,0,0,0,0,0
"2026/01/26","2026/01/28","94346","ソフトバンク－２優","東証およびＰＴＳ",,"確報",0,0,0,0,0,0,0,0,0,0,0,0,0,0,,,0,0,0,0,0,0,0,0,0,0,0,0,0
"2026/01/26","2026/01/28","9435","光通信","東証およびＰＴＳ",,"確報",400,0,4000,0,100,500,3500,17164000,0,171640000,0,4291000,21455000,150185000,,,0,0,0,2880000,480000,0,4.3,3,6.3,4.1,0,2.9,5.8
"2026/01/26","2026/01/28","9436","沖縄セルラー電話","東証およびＰＴＳ",,"確報",700,100,7100,500,300,34700,-27600,2166500,309500,21974500,1547500,928500,107396500,-85422000,,,0,0,0,260000,1380000,0,44.1,12.4,14.8,13.5,59,190.1,90.1
"2026/01/26","2026/01/28","9438","エムティーアイ","東証およびＰＴＳ",,"確報",600,0,18100,600,0,18100,0,442800,0,13357800,442800,0,13357800,0,,,0,0,0,262500,262500,0,37.3,37.7,43.1,40.2,21.6,88.4,34.7
"2026/01/26","2026/01/28","9439","ＭＨグループ","東証およびＰＴＳ",,"確報",0,200,2200,0,0,0,2200,0,46200,508200,0,0,0,508200,,,0,0,0,2400,0,0,21.3,19.5,23.4,21.3,0,0,0
"2026/01/26","2026/01/28","9441","ベルパーク","東証およびＰＴＳ",,"確報",0,0,300,0,900,0,300,0,0,786300,0,2358900,0,786300,,,0,0,0,5700,17100,0,6.3,0,0,0,11.7,2.7,4.4
"2026/01/26","2026/01/28","9444","トーシンＨＤ","東証およびＰＴＳ",,"確報",100,0,1000,0,0,0,1000,44900,0,449000,0,0,0,449000,,,0,0,0,0,0,0,46,46,46,46,0,0,0
"2026/01/26","2026/01/28","9445","フォーバルテレコム","東証およびＰＴＳ",,"確報",100,0,200,100,0,200,0,56900,0,113800,56900,0,113800,0,,,0,0,100,0,0,100,6.7,51,3.4,6.4,6,0,12
"2026/01/26","2026/01/28","9446","サカイＨＤ","東証およびＰＴＳ",,"確報",0,0,6200,0,0,0,6200,0,0,4346200,0,0,0,4346200,,,0,0,0,0,0,0,316,0,158,316,0,0,0
"2026/01/26","2026/01/28","9449","ＧＭＯ","東証およびＰＴＳ",,"確報",7600,3300,12600,200,8800,1600,11000,30027600,13038300,49782600,790200,34768800,6321600,43461000,,,0,0,0,821700,1009800,0,2.4,2.5,4.1,3.1,1.7,1.7,1.7
"2026/01/26","2026/01/28","9450","ファイバーゲート","東証およびＰＴＳ",,"確報",200,1200,235000,0,0,100,234900,135400,812400,159095000,0,0,67700,159027300,,,0,0,0,1888000,800,0,843.1,1311,621,842.8,0,0,0
"2026/01/26","2026/01/28","9466","アイドマＭＣ","東証およびＰＴＳ",,"確報",0,0,9200,0,0,0,9200,0,0,2263200,0,0,0,2263200,,,0,0,0,9200,0,0,0,0,0,0,0,0,0
"2026/01/26","2026/01/28","9467","アルファポリス","東証およびＰＴＳ",,"確報",200,100,20100,100,0,20100,0,311600,155800,31315800,155800,0,31315800,0,,,0,0,0,200000,200000,0,24.3,23.2,13.2,16.9,149.3,25.5,43.5
"2026/01/26","2026/01/28","9468","ＫＡＤＯＫＡＷＡ","東証およびＰＴＳ",,"確報",5900,2500,34200,3400,0,34200,0,19180900,8127500,111184200,11053400,0,111184200,0,,,0,0,0,92400,92400,0,14.6,7.9,11.2,9.2,21,102.3,34.9
"2026/01/26","2026/01/28","9470","学研ホールディングス","東証およびＰＴＳ",,"確報",0,2900,12600,0,6200,9300,3300,0,3071100,13343400,0,6565800,9848700,3494700,,,0,0,0,124000,124000,0,11.3,20.2,6.5,9.8,737,6.7,13.3
"2026/01/26","2026/01/28","9474","ゼンリン","東証およびＰＴＳ",,"確報",1000,100,12800,4000,0,21100,-8300,1064000,106400,13619200,4256000,0,22450400,-8831200,,,0,0,0,190400,273600,0,9.2,7.6,5.2,6.2,11.2,25.8,15.6
"2026/01/26","2026/01/28","9475","昭文社ＨＤ","東証およびＰＴＳ",,"確報",0,0,4600,0,0,2300,2300,0,0,2254000,0,0,1127000,1127000,,,0,0,0,13800,6900,0,172.5,0,57.5,115,0,0,0
"2026/01/26","2026/01/28","9476","中央経済社ＨＤ","東証およびＰＴＳ",,"確報",0,0,100,0,0,0,100,0,0,82800,0,0,0,82800,,,0,0,0,1100,0,0,0,0,0,0,0,0,0
"2026/01/26","2026/01/28","9478","ＳＥＨＤ＆Ｉ","東証およびＰＴＳ",,"確報",0,0,1500,0,0,0,1500,0,0,616500,0,0,0,616500,,,0,0,0,4500,0,0,150,75,0,150,0,0,0
"2026/01/26","2026/01/28","9501","東京電力ＨＤ","東証およびＰＴＳ",,"確報",134700,4900,5067000,12000,46700,294900,4772100,89171400,3243800,3354354000,7944000,30915400,195223800,3159130200,,,0,0,0,128367200,8569600,0,33.1,22.8,85.9,36,13.2,16,14.4
"2026/01/26","2026/01/28","9502","中部電力","東証およびＰＴＳ",,"確報",0,2000,103400,0,200,3100,100300,0,4492000,232236400,0,449200,6962600,225273800,,,0,0,0,3636300,113850,0,26.4,67.7,17.8,28.2,6,12.1,8.1
"2026/01/26","2026/01/28","9503","関西電力","東証およびＰＴＳ",,"確報",0,1800,139200,0,0,68200,71000,0,4443300,343615200,0,0,168351700,175263500,,,0,0,0,8248500,3989700,0,55.2,56.9,119.7,77.1,16.7,0,33.5
"2026/01/26","2026/01/28","9504","中国電力","東証およびＰＴＳ",,"確報",173600,28700,187900,1000,1700,42300,145600,173600000,28700000,187900000,1000000,1700000,42300000,145600000,,,0,0,0,688000,688000,0,1.7,1.1,1.5,1.3,31.1,18.1,22.8
"2026/01/26","2026/01/28","9505","北陸電力","東証およびＰＴＳ",,"確報",13700,13200,127500,1800,1300,127500,0,13608210,13111560,126645750,1787940,1291290,126645750,0,,,0,0,0,1358900,1358900,0,42,33.1,25.5,28.8,117.5,57.2,76.9
"2026/01/26","2026/01/28","9506","東北電力","東証およびＰＴＳ",,"確報",3000,5700,514300,600,300,2600,511700,3426000,6509400,587330600,685200,342600,2969200,584361400,,,0,0,0,13442000,59800,0,139.3,186.8,203.1,194.6,3.2,3.3,3.3
"2026/01/26","2026/01/28","9507","四国電力","東証およびＰＴＳ",,"確報",15300,300,96700,5100,100,228000,-131300,23799150,466650,150416850,7933050,155550,354654000,-204237150,,,0,0,0,1879100,5129000,0,32.5,6,65.7,10.9,45.6,354.9,80.9
"2026/01/26","2026/01/28","9508","九州電力","東証およびＰＴＳ",,"確報",1700,400,57500,0,100,900,56600,2931650,689800,99158750,0,172450,1552050,97606700,,,0,0,0,1629800,29000,0,16.4,27.1,38.6,31.8,2.3,2.2,2.3
"2026/01/26","2026/01/28","9509","北海道電力","東証およびＰＴＳ",,"確報",6900,3000,441800,600,500,2100,439700,7507200,3264000,480678400,652800,544000,2284800,478393600,,,0,0,0,9195900,42000,0,28.5,19.7,55.3,29.1,1.6,8.2,2.6
"2026/01/26","2026/01/28","9511","沖縄電力","東証およびＰＴＳ",,"確報",800,900,25200,800,900,25200,0,886400,997200,27921600,886400,997200,27921600,0,,,0,0,0,455400,455400,0,23,28.9,17.9,22.1,32.3,19.1,24
"2026/01/26","2026/01/28","9513","電源開発","東証およびＰＴＳ",,"確報",2400,4100,79000,3800,0,12500,66500,7910400,13513600,260384000,12524800,0,41200000,219184000,,,0,0,0,5245500,565500,0,40.1,64.4,48.1,55.1,6.2,113,11.7
"2026/01/26","2026/01/28","9514","エフオン","東証およびＰＴＳ",,"確報",0,1300,45200,0,0,0,45200,0,473200,16452800,0,0,0,16452800,,,0,0,0,744000,0,0,47.4,29.6,118.5,47.4,0,0,0
"2026/01/26","2026/01/28","9517","イーレックス","東証およびＰＴＳ",,"確報",1400,800,78000,7000,0,75000,3000,880600,503200,49062000,4403000,0,47175000,1887000,,,0,0,0,928800,816000,0,52.4,93.4,48.4,63.7,38.4,50.5,43.7
"2026/01/26","2026/01/28","9519","レノバ","東証およびＰＴＳ",,"確報",0,5200,178900,6000,200,137300,41600,0,3619200,124514400,4176000,139200,95560800,28953600,,,0,0,0,5891200,4208000,0,35.6,100.1,45.6,62.6,35.3,16.1,22.1
"2026/01/26","2026/01/28","9531","東京瓦斯","東証およびＰＴＳ",,"確報",4900,200,23800,0,2600,28700,-4900,32854500,1341000,159579000,0,17433000,192433500,-32854500,,,0,0,0,897700,1471100,0,9.7,8.6,33.6,13.8,7.4,9.1,8.2
"2026/01/26","2026/01/28","9532","大阪瓦斯","東証およびＰＴＳ",,"確報",8900,600,17600,2200,3200,39200,-21600,51166100,3449400,101182400,12647800,18396800,225360800,-124178400,,,0,0,0,260400,1125600,0,8.8,3.2,7.7,4.5,9.6,18.4,12.6
"2026/01/26","2026/01/28","9533","東邦瓦斯","東証およびＰＴＳ",,"確報",3600,100,15700,1600,0,25900,-10200,19000800,527800,82864600,8444800,0,136700200,-53835600,,,0,0,0,305000,607500,0,10,4.8,8.8,6.2,7.3,549.5,14.5
"2026/01/26","2026/01/28","9534","北海道瓦斯","東証およびＰＴＳ",,"確報",0,100,6000,0,0,900,5100,0,81500,4890000,0,0,733500,4156500,,,0,0,0,36600,5400,0,17.8,11.1,53.2,18.3,22.5,11.3,15
"2026/01/26","2026/01/28","9535","広島ガス","東証およびＰＴＳ",,"確報",11300,190800,21200,3500,100,55100,-33900,4158400,70214400,7801600,1288000,36800,20276800,-12475200,,,0,0,0,602100,155100,0,1.8,1.2,1.2,1.2,21.7,209.4,39.3
"2026/01/26","2026/01/28","9536","西部ガスＨＤ","東証およびＰＴＳ",,"確報",5800,400,13000,1400,1300,17700,-4700,13403800,924400,30043000,3235400,3004300,40904700,-10861700,,,0,0,0,136800,316800,0,3.1,5.9,3.2,4.2,2.9,2.7,2.8
"2026/01/26","2026/01/28","9537","北陸瓦斯","東証およびＰＴＳ",,"確報",0,0,100,0,0,0,100,0,0,382000,0,0,0,382000,,,0,0,0,1500,0,0,0,0,0,0,0,0,0
"2026/01/26","2026/01/28","9539","京葉瓦斯","東証およびＰＴＳ",,"確報",0,0,17400,600,100,8600,8800,0,0,20340600,701400,116900,10053400,10287200,,,0,0,0,243600,113400,0,26.9,215.5,0,431,3.6,293,7.1
"2026/01/26","2026/01/28","9543","静岡ガス","東証およびＰＴＳ",,"確報",0,0,6500,0,0,1200,5300,0,0,7936500,0,0,1465200,6471300,,,0,0,0,104000,19200,0,46.1,84,30.5,44.8,28,0,56
"2026/01/26","2026/01/28","9551","メタウォーター","東証およびＰＴＳ",,"確報",2500,0,46000,1300,2000,13900,32100,8600000,0,158240000,4472000,6880000,47816000,110424000,,,0,0,0,6090000,2044000,0,31.2,17.2,1043,33.9,24.9,25.8,25.3
"2026/01/26","2026/01/28","9552","クオンツ総研ＨＤ","東証およびＰＴＳ",,"確報",11500,11700,84900,300,10200,84900,0,13696500,13934700,101115900,357300,12148200,101115900,0,,,0,0,0,5276200,5877600,0,17.2,15.1,13.3,14.2,55.6,13.4,21.5
"2026/01/26","2026/01/28","9553","マイクロアド","東証およびＰＴＳ",,"確報",3400,18200,194200,7900,600,316200,-122000,2665600,14268800,152252800,6193600,470400,247900800,-95648000,,,0,0,418000,0,0,617800,26.3,9.5,17.7,12.4,72.5,162.4,100.3
"2026/01/26","2026/01/28","9554","ＡＶｉＣ","東証およびＰＴＳ",,"確報",100,500,2000,0,0,0,2000,212000,1060000,4240000,0,0,0,4240000,,,0,0,0,184800,0,0,13.7,11.4,17.2,13.7,0,0,0
"2026/01/26","2026/01/28","9556","ＩＮＴＬＯＯＰ","東証およびＰＴＳ",,"確報",500,0,38400,0,0,0,38400,1827500,0,140352000,0,0,0,140352000,,,0,0,0,2653000,0,0,119,105.8,136,119,0,0,0
"2026/01/26","2026/01/28","9557","エアークローゼット","東証およびＰＴＳ",,"確報",1000,0,26200,0,0,0,26200,269000,0,7047800,0,0,0,7047800,,,0,0,0,126000,0,0,32.9,19.5,105.4,32.9,0,0,0
"2026/01/26","2026/01/28","9558","ジャパニアス","東証およびＰＴＳ",,"確報",200,0,3400,0,0,0,3400,439000,0,7463000,0,0,0,7463000,,,0,0,0,76800,0,0,162,81,0,162,0,0,0
"2026/01/26","2026/01/28","9560","プログリット","東証およびＰＴＳ",,"確報",600,0,42100,0,100,72700,-30600,556800,0,39068800,0,92800,67465600,-28396800,,,0,0,0,456500,800800,0,13.2,7.9,23.7,11.9,7.3,229.1,14.2
"2026/01/26","2026/01/28","9561","グラッドキューブ","東証およびＰＴＳ",,"確報",100,300,8200,0,0,0,8200,45200,135600,3706400,0,0,0,3706400,,,0,0,0,142800,0,0,20.5,56.5,12.6,20.5,0,0,0
"2026/01/26","2026/01/28","9562","ビジネスコーチ","東証およびＰＴＳ",,"確報",0,0,10400,0,0,0,10400,0,0,26540800,0,0,0,26540800,,,0,0,228800,0,0,0,0,0,0,0,0,0,0
"2026/01/26","2026/01/28","9563","Ａｔｌａｓ","東証およびＰＴＳ",,"確報",0,0,1100,0,0,0,1100,0,0,325600,0,0,0,325600,,,0,0,0,3300,0,0,28,18.7,56,28,0,0,0
"2026/01/26","2026/01/28","9564","ＦＣＥ","東証およびＰＴＳ",,"確報",500,0,5200,0,0,0,5200,336500,0,3499600,0,0,0,3499600,,,0,0,0,47000,0,0,21.2,40.7,14.4,21.2,0,0,0
"2026/01/26","2026/01/28","9565","ＧＬＯＥ","東証およびＰＴＳ",,"確報",0,0,6400,0,0,0,6400,0,0,5280000,0,0,0,5280000,,,0,0,0,38400,0,0,324,0,162,324,0,0,0
"2026/01/26","2026/01/28","9600","アイネット","東証およびＰＴＳ",,"確報",0,0,500,0,0,0,500,0,0,1256000,0,0,0,1256000,,,0,0,0,1000,0,0,0,0,0,0,0,0,0
"2026/01/26","2026/01/28","9601","松竹","東証およびＰＴＳ",,"確報",7300,2700,8900,100,0,4400,4500,86870000,32130000,105910000,1190000,0,52360000,53550000,,,0,0,0,387000,387000,0,2.6,1.7,1.6,1.6,16.3,32.5,21.7
"2026/01/26","2026/01/28","9602","東宝","東証およびＰＴＳ",,"確報",58200,1400,104800,0,300,3500,101300,469848600,11302200,846050400,0,2421900,28255500,817794900,,,0,0,0,2064000,163400,0,8.9,5,27.8,8.5,97,24.3,38.8
"2026/01/26","2026/01/28","9603","エイチ・アイ・エス","東証およびＰＴＳ",,"確報",2200,0,71900,100,3600,6000,65900,2899600,0,94764200,131800,4744800,7908000,86856200,,,0,0,0,1394000,190000,0,28.8,43.1,55.8,48.6,7.4,4.6,5.7
"2026/01/26","2026/01/28","9605","東映","東証およびＰＴＳ",,"確報",1000,0,3500,1000,0,6600,-3100,5620000,0,19670000,5620000,0,37092000,-17422000,,,0,0,0,50000,112000,0,14.3,4.8,16.3,7.4,12.4,272,23.7
"2026/01/26","2026/01/28","9610","ウィルソン・ラーニン","東証およびＰＴＳ",,"確報",900,0,64900,0,0,0,64900,188100,0,13564100,0,0,0,13564100,,,0,0,0,448000,0,0,52.8,44.2,65.8,52.8,0,0,0
"2026/01/26","2026/01/28","9612","ラックランド","東証およびＰＴＳ",,"確報",300,0,16400,0,0,0,16400,550500,0,30094000,0,0,0,30094000,,,0,0,0,756700,0,0,163.4,272.3,116.7,163.4,0,0,0
"2026/01/26","2026/01/28","9616","共立メンテナンス","東証およびＰＴＳ",,"確報",1200,1800,61200,1200,8600,47400,13800,3462000,5193000,176562000,3462000,24811000,136749000,39813000,,,0,0,0,1854000,1644000,0,42.9,67.2,68.6,67.9,47.1,22,30
"2026/01/26","2026/01/28","9619","イチネンＨＤ","東証およびＰＴＳ",,"確報",100,0,3300,100,0,3300,0,210000,0,6930000,210000,0,6930000,0,,,0,0,0,89600,89600,0,23,11.5,12.4,11.9,161,0,322
"2026/01/26","2026/01/28","9621","建設技術研究所","東証およびＰＴＳ",,"確報",900,0,7900,800,100,11900,-4000,2692800,0,23636800,2393600,299200,35604800,-11968000,,,0,0,0,371000,593600,0,11.3,6,5.8,5.9,55.8,23.6,33.2
"2026/01/26","2026/01/28","9622","スペース","東証およびＰＴＳ",,"確報",200,0,4500,0,200,3100,1400,316000,0,7110000,0,316000,4898000,2212000,,,0,0,0,249400,191400,0,15.5,44,13.8,21,13,10.7,11.7
"2026/01/26","2026/01/28","9625","セレスポ","東証およびＰＴＳ",,"確報",100,0,800,0,0,0,800,110200,0,881600,0,0,0,881600,,,0,0,0,0,0,0,9.8,49,5.4,9.8,0,0,0
"2026/01/26","2026/01/28","9627","アインＨＤ","東証およびＰＴＳ",,"確報",4200,3600,5800,600,0,5800,0,28001400,24001200,38668600,4000200,0,38668600,0,,,0,0,0,161200,161200,0,2.5,1.3,1.4,1.3,13.4,19.1,15.7
"2026/01/26","2026/01/28","9628","燦ホールディングス","東証およびＰＴＳ",,"確報",7000,0,100500,2500,200,75400,25100,10409000,0,149443500,3717500,297400,112119800,37323700,,,0,0,0,841500,657900,0,62.7,30.5,0,61,37.6,240.5,65
"2026/01/26","2026/01/28","9629","ピー・シー・エー","東証およびＰＴＳ",,"確報",0,0,2100,0,0,0,2100,0,0,4111800,0,0,0,4111800,,,0,0,0,46200,0,0,32.3,19.4,97,32.3,0,0,0
"2026/01/26","2026/01/28","9632","スバル興業","東証およびＰＴＳ",,"確報",100,0,2800,0,0,0,2800,311500,0,8722000,0,0,0,8722000,,,0,0,0,94500,0,0,54.8,68.5,45.7,54.8,0,0,0
"2026/01/26","2026/01/28","9633","東京テアトル","東証およびＰＴＳ",,"確報",0,0,337300,0,0,15200,322100,0,0,503926200,0,0,22708800,481217400,,,0,0,337300,0,0,15200,9999.9,0,0,0,761,380.5,507.3
"2026/01/26","2026/01/28","9635","武蔵野興業","東証およびＰＴＳ",,"確報",0,0,100,0,0,0,100,0,0,248300,0,0,0,248300,,,0,0,3300,0,0,0,0,0,0,0,0,0,0
"2026/01/26","2026/01/28","9636","きんえい","東証およびＰＴＳ",,"確報",0,0,0,0,0,0,0,0,0,0,0,0,0,0,,,0,0,0,0,0,0,0,0,0,0,0,0,0
"2026/01/26","2026/01/28","9639","三協フロンテア","東証およびＰＴＳ",,"確報",0,300,1100,0,0,0,1100,0,638700,2341900,0,0,0,2341900,,,0,0,0,7000,0,0,33,66,22,33,0,0,0
"2026/01/26","2026/01/28","9640","セゾンテクノロジー","東証およびＰＴＳ",,"確報",100,0,5100,0,0,0,5100,247500,0,12622500,0,0,0,12622500,,,0,0,235000,0,0,0,60.3,30.1,0,60.3,0,0,0
"2026/01/26","2026/01/28","9644","タナベコンサルＧ","東証およびＰＴＳ",,"確報",0,100,1100,0,0,0,1100,0,74400,818400,0,0,0,818400,,,0,0,0,13200,0,0,5.1,4,7.1,5.1,0,0,0
"2026/01/26","2026/01/28","9647","協和コンサルタンツ","東証およびＰＴＳ",,"確報",0,100,3400,0,0,0,3400,0,915000,31110000,0,0,0,31110000,,,0,0,0,280000,0,0,28.2,61,18.3,28.2,0,0,0
"2026/01/26","2026/01/28","9651","日本プロセス","東証およびＰＴＳ",,"確報",0,0,1000,0,0,0,1000,0,0,1828000,0,0,0,1828000,,,0,0,0,6000,0,0,51,51,51,51,0,0,0
"2026/01/26","2026/01/28","9656","グリーンランドリゾー","東証およびＰＴＳ",,"確報",0,100,0,0,0,0,0,0,61000,0,0,0,0,0,,,0,0,0,0,0,0,2,2,2,2,0,0,0
"2026/01/26","2026/01/28","9658","ビジネス太田昭和","東証およびＰＴＳ",,"確報",0,1000,1900,0,0,0,1900,0,3415000,6488500,0,0,0,6488500,,,0,0,0,246500,0,0,8.6,0,4.3,8.6,0,0,0
"2026/01/26","2026/01/28","9661","歌舞伎座","東証およびＰＴＳ",,"確報",100,0,1100,0,0,0,1100,473000,0,5203000,0,0,0,5203000,,,0,0,20000,0,0,0,24.5,16.3,49,24.5,0,0,0
"2026/01/26","2026/01/28","9663","ナガワ","東証およびＰＴＳ",,"確報",600,0,3300,0,700,20600,-17300,3696000,0,20328000,0,4312000,126896000,-106568000,,,0,0,0,162000,1278000,0,45.6,11.8,43.3,18.6,43.1,79.5,55.9
"2026/01/26","2026/01/28","9672","東京都競馬","東証およびＰＴＳ",,"確報",100,1300,5000,100,1900,5000,0,558000,7254000,27900000,558000,10602000,27900000,0,,,0,0,0,248000,272000,0,7.7,6.6,7.6,7.1,7.8,9.2,8.4
"2026/01/26","2026/01/28","9678","カナモト","東証およびＰＴＳ",,"確報",0,500,1900,0,500,1900,0,0,1917500,7286500,0,1917500,7286500,0,,,0,0,0,216000,216000,0,3.7,4.4,3.3,3.8,4.2,3.2,3.6
"2026/01/26","2026/01/28","9679","ホウライ","東証およびＰＴＳ",,"確報",0,0,3600,0,0,0,3600,0,0,7308000,0,0,0,7308000,,,0,0,86400,0,0,0,0,0,0,0,0,0,0
"2026/01/26","2026/01/28","9682","ＤＴＳ","東証およびＰＴＳ",,"確報",2800,200,8500,2700,100,8500,0,3584000,256000,10880000,3456000,128000,10880000,0,,,0,0,0,59000,59000,0,5.3,3.1,9.4,4.7,3.7,19.4,6.3
"2026/01/26","2026/01/28","9684","スクエニＨＤ","東証およびＰＴＳ",,"確報",38800,30600,65800,1500,4800,54300,11500,106816400,84241800,181147400,4129500,13214400,149487900,31659500,,,0,0,0,720000,720000,0,3.2,1.7,1.9,1.8,23.9,23.5,23.7
"2026/01/26","2026/01/28","9685","ＫＹＣＯＭＨＤ","東証およびＰＴＳ",,"確報",0,100,500,0,0,0,500,0,65500,327500,0,0,0,327500,,,0,0,0,9000,0,0,58,0,29,58,0,0,0
"2026/01/26","2026/01/28","9686","東洋テック","東証およびＰＴＳ",,"確報",0,100,1500,0,0,0,1500,0,168700,2530500,0,0,0,2530500,,,0,0,24000,0,0,0,51.3,38.5,77,51.3,0,0,0
"2026/01/26","2026/01/28","9687","ＫＳＫ","東証およびＰＴＳ",,"確報",200,0,9300,300,100,400,8900,967000,0,44965500,1450500,483500,1934000,43031500,,,0,0,0,728000,16000,0,51.3,45.3,151,69.7,2.3,9,3.6
"2026/01/26","2026/01/28","9691","両毛システムズ","東証およびＰＴＳ",,"確報",100,0,900,0,0,0,900,473500,0,4261500,0,0,0,4261500,,,0,0,16000,0,0,0,44,44,44,44,0,0,0
"2026/01/26","2026/01/28","9692","シーイーシー","東証およびＰＴＳ",,"確報",800,0,3800,2100,100,3800,0,1840000,0,8740000,4830000,230000,8740000,0,,,0,0,0,183000,109800,0,16.1,15.8,0,31.6,4.9,107,9.3
"2026/01/26","2026/01/28","9697","カプコン","東証およびＰＴＳ",,"確報",300,2500,117700,4100,2000,12600,105100,1093200,9110000,428898800,14940400,7288000,45914400,382984400,,,0,0,12229800,0,0,1071000,29.8,42.1,36.7,39.2,5.6,11.5,7.6
"2026/01/26","2026/01/28","9698","クレオ","東証およびＰＴＳ",,"確報",0,0,1900,0,0,0,1900,0,0,2449100,0,0,0,2449100,,,0,0,13300,0,0,0,11.3,45.3,6.5,11.3,0,0,0
"2026/01/26","2026/01/28","9699","ニシオＨＤ","東証およびＰＴＳ",,"確報",0,0,3200,100,0,800,2400,0,0,15312000,478500,0,3828000,11484000,,,0,0,0,256000,56000,0,18.6,25.8,77.5,38.8,5.7,6.7,6.2
"2026/01/26","2026/01/28","9701","東京會舘","東証およびＰＴＳ",,"確報",0,100,100,0,0,0,100,0,456500,456500,0,0,0,456500,,,0,0,0,10000,0,0,2,1.5,3,2,0,0,0
"2026/01/26","2026/01/28","9702","アイ・エス・ビー","東証およびＰＴＳ",,"確報",600,100,39300,100,0,2000,37300,1083000,180500,70936500,180500,0,3610000,67326500,,,0,0,0,194000,9500,0,44.6,25.2,638.7,48.5,15.5,18.6,16.9
"2026/01/26","2026/01/28","9704","アゴーラＨＧ","東証およびＰＴＳ",,"確報",45900,0,520600,0,0,0,520600,2570400,0,29153600,0,0,0,29153600,,,0,0,949400,0,0,0,62.9,32,1844.9,62.9,0,0,0
"2026/01/26","2026/01/28","9706","日本空港ビルデング","東証およびＰＴＳ",,"確報",300,0,4200,700,400,4200,0,1421700,0,19903800,3317300,1895600,19903800,0,,,0,0,0,140400,140400,0,3.1,1.9,1.9,1.9,8.6,10.3,9.4
"2026/01/26","2026/01/28","9708","帝国ホテル","東証およびＰＴＳ",,"確報",200,0,18600,100,400,17200,1400,276800,0,25742400,138400,553600,23804800,1937600,,,0,0,0,276000,262500,0,13.6,10.2,23.7,14.2,17,10.6,13.1
"2026/01/26","2026/01/28","9709","ＮＣＳ＆Ａ","東証およびＰＴＳ",,"確報",100,0,16900,0,0,100,16800,166500,0,28138500,0,0,166500,27972000,,,0,0,0,520800,3100,0,86.6,286.3,57.3,95.4,0,3.5,7
"2026/01/26","2026/01/28","9713","ロイヤルホテル","東証およびＰＴＳ",,"確報",0,0,19600,0,0,0,19600,0,0,18698400,0,0,0,18698400,,,0,0,0,509600,0,0,218.4,163.8,327.7,218.4,0,0,0
"2026/01/26","2026/01/28","9715","トランス・コスモス","東証およびＰＴＳ",,"確報",50300,2300,50500,2300,100,4700,45800,196421500,8981500,197202500,8981500,390500,18353500,178849000,,,0,0,0,62500,62500,0,1.3,1,1.5,1.2,3.6,10.7,5.4
"2026/01/26","2026/01/28","9716","乃村工藝社","東証およびＰＴＳ",,"確報",600,600,44300,0,0,44300,0,837000,837000,61798500,0,0,61798500,0,,,0,0,0,88600,88600,0,21.6,10.8,10.8,10.8,0,0,0
"2026/01/26","2026/01/28","9719","ＳＣＳＫ","東証およびＰＴＳ",,"確報",0,0,4400,0,0,0,4400,0,0,24952400,0,0,0,24952400,,,0,0,26400,0,0,0,5.9,6,5.8,5.9,0,0,0
"2026/01/26","2026/01/28","9720","ホテルニューグランド","東証およびＰＴＳ",,"確報",0,0,0,0,0,0,0,0,0,0,0,0,0,0,,,0,0,0,0,0,0,0,0,0,0,0,0,0
"2026/01/26","2026/01/28","9722","藤田観光","東証およびＰＴＳ",,"確報",1300,0,6200,2300,6200,200800,-194600,3503500,0,16709000,6198500,16709000,541156000,-524447000,,,0,0,0,102900,4298700,0,29.3,11.7,2.9,4.7,32.4,42.3,36.7
"2026/01/26","2026/01/28","9723","京都ホテル","東証およびＰＴＳ",,"確報",0,100,2400,0,0,0,2400,0,63600,1526400,0,0,0,1526400,,,0,0,0,17500,0,0,37.7,0,18.9,37.7,0,0,0
"2026/01/26","2026/01/28","9726","ＫＮＴ－ＣＴＨＤ","東証およびＰＴＳ",,"確報",3300,1300,7900,0,0,0,7900,5854200,2306200,14014600,0,0,0,14014600,,,0,0,0,578200,0,0,3.7,2.3,8.4,3.7,0,0,0
"2026/01/26","2026/01/28","9729","トーカイ","東証およびＰＴＳ",,"確報",200,0,4700,600,0,3400,1300,505600,0,11881600,1516800,0,8595200,3286400,,,0,0,0,193500,120400,0,20.1,58.3,116.5,77.7,6,17.4,9
"2026/01/26","2026/01/28","9731","白洋舎","東証およびＰＴＳ",,"確報",0,0,1400,0,0,0,1400,0,0,4347000,0,0,0,4347000,,,0,0,0,28000,0,0,24.7,37,18.5,24.7,0,0,0
"2026/01/26","2026/01/28","9733","ナガセ","東証およびＰＴＳ",,"確報",300,1800,4600,0,0,0,4600,801300,4807800,12286600,0,0,0,12286600,,,0,0,0,140300,0,0,12.1,40,7.1,12.1,0,0,0
"2026/01/26","2026/01/28","9735","セコム","東証およびＰＴＳ",,"確報",0,0,1300,400,700,9300,-8000,0,0,7546500,2322000,4063500,53986500,-46440000,,,0,0,0,39000,288000,0,5.4,2,1.9,1.9,17.4,9.9,12.6
"2026/01/26","2026/01/28","9739","ＮＳＷ","東証およびＰＴＳ",,"確報",0,0,1100,0,0,0,1100,0,0,2743400,0,0,0,2743400,,,0,0,0,55000,0,0,110,0,55,110,0,0,0
"2026/01/26","2026/01/28","9740","セントラル警備保障","東証およびＰＴＳ",,"確報",300,800,3800,0,0,2900,900,867900,2314400,10993400,0,0,8389700,2603700,,,0,0,0,301000,203000,0,20.4,70,26.3,38.2,14.3,11.2,12.6
"2026/01/26","2026/01/28","9742","アイネス","東証およびＰＴＳ",,"確報",100,1200,15800,1500,0,21000,-5200,188800,2265600,29830400,2832000,0,39648000,-9817600,,,0,0,33800,0,0,39000,23,30.7,12.2,17.5,74.1,18.8,30
"2026/01/26","2026/01/28","9743","丹青社","東証およびＰＴＳ",,"確報",4600,0,16400,0,6100,4200,12200,7277200,0,25944800,0,9650200,6644400,19300400,,,0,0,0,377600,329600,0,5.5,8.3,4.7,6,44.5,2.6,4.9
"2026/01/26","2026/01/28","9744","メイテックＧＨＤ","東証およびＰＴＳ",,"確報",6100,3200,8100,0,500,4700,3400,22021000,11552000,29241000,0,1805000,16967000,12274000,,,0,0,0,275600,275600,0,2.5,1.4,1.5,1.5,257,28.6,51.4
"2026/01/26","2026/01/28","9746","ＴＫＣ","東証およびＰＴＳ",,"確報",100,0,2200,0,1100,16700,-14500,415500,0,9141000,0,4570500,69388500,-60247500,,,0,0,0,115500,979000,0,21.3,8.4,92,15.3,19.4,26.2,22.3
"2026/01/26","2026/01/28","9753","アイエックスナレッジ","東証およびＰＴＳ",,"確報",100,0,28900,0,0,0,28900,139600,0,40344400,0,0,0,40344400,,,0,0,0,316800,0,0,413.1,723,289.2,413.1,0,0,0
"2026/01/26","2026/01/28","9755","応用地質","東証およびＰＴＳ",,"確報",7500,1600,35600,1400,0,35600,0,21727500,4635200,103133200,4055800,0,103133200,0,,,0,0,0,1871100,2154600,0,16.5,8.1,10.6,9.2,35.9,0,71.8
"2026/01/26","2026/01/28","9757","船井総研ＨＤ","東証およびＰＴＳ",,"確報",100,19300,48200,0,19200,48200,0,113900,21982700,54899800,0,21868800,54899800,0,,,0,0,0,1280600,1280600,0,20.9,47.6,12.4,19.7,65.4,13.4,22.2
"2026/01/26","2026/01/28","9759","ＮＳＤ","東証およびＰＴＳ",,"確報",1100,1000,5500,600,500,5500,0,3699300,3363000,18496500,2017800,1681500,18496500,0,,,0,0,0,183600,183600,0,4.8,2.8,6.2,3.9,3.6,25.4,6.2
"2026/01/26","2026/01/28","9760","進学会ＨＤ","東証およびＰＴＳ",,"確報",0,0,4200,200,700,12200,-8000,0,0,688800,32800,114800,2000800,-1312000,,,0,0,0,4200,12700,0,48.5,21.3,42.6,28.4,211.7,37.4,63.5
"2026/01/26","2026/01/28","9761","東海リース","東証およびＰＴＳ",,"確報",100,200,3800,0,0,0,3800,258600,517200,9826800,0,0,0,9826800,,,0,0,0,152100,0,0,47.8,63.7,38.2,47.8,0,0,0
"2026/01/26","2026/01/28","9763","丸建リース","東証およびＰＴＳ",,"確報",0,300,3300,0,100,1000,2300,0,1410000,15510000,0,470000,4700000,10810000,,,0,0,0,342000,104500,0,10,8.7,15.6,11.1,10,7,8.2
"2026/01/26","2026/01/28","9765","オオバ","東証およびＰＴＳ",,"確報",1000,900,2700,100,600,2100,600,1153000,1037700,3113100,115300,691800,2421300,691800,,,0,0,0,62400,62400,0,9.5,7.2,6.2,6.6,43.3,10.8,17.3
"2026/01/26","2026/01/28","9766","コナミグループ","東証およびＰＴＳ",,"確報",500,400,12300,600,200,3500,8800,10670000,8536000,262482000,12804000,4268000,74690000,187792000,,,0,0,2379000,0,0,604500,16.7,18.5,28.6,22.5,8.7,8.3,8.5
"2026/01/26","2026/01/28","9767","日建工学","東証およびＰＴＳ",,"確報",100,0,700,0,0,0,700,164500,0,1151500,0,0,0,1151500,,,0,0,1200,0,0,0,15.5,31,10.3,15.5,0,0,0
"2026/01/26","2026/01/28","9768","いであ","東証およびＰＴＳ",,"確報",500,0,8000,0,0,0,8000,2090000,0,33440000,0,0,0,33440000,,,0,0,0,975000,0,0,26.1,28.2,24.4,26.1,0,0,0
"2026/01/26","2026/01/28","9769","学究社","東証およびＰＴＳ",,"確報",0,0,100,0,0,0,100,0,0,245300,0,0,0,245300,,,0,0,1800,0,0,0,8,4,0,8,0,0,0
"2026/01/26","2026/01/28","9776","札幌臨床検査センター","東証およびＰＴＳ",,"確報",0,0,0,0,0,0,0,0,0,0,0,0,0,0,,,0,0,0,0,0,0,0,0,0,0,0,0,0
"2026/01/26","2026/01/28","9778","昴","東証およびＰＴＳ",,"確報",0,100,300,0,0,0,300,0,669000,2007000,0,0,0,2007000,,,0,0,4000,0,0,0,38,0,19,38,0,0,0
"2026/01/26","2026/01/28","9780","ハリマビステム","東証およびＰＴＳ",,"確報",100,0,13300,0,0,0,13300,91700,0,12196100,0,0,0,12196100,,,0,0,0,39600,0,0,444.7,667,333.5,444.7,0,0,0
"2026/01/26","2026/01/28","9782","ディーエムエス","東証およびＰＴＳ",,"確報",800,0,7600,0,0,0,7600,2992000,0,28424000,0,0,0,28424000,,,0,0,0,918000,0,0,54.3,44.1,70.6,54.3,0,0,0
"2026/01/26","2026/01/28","9788","ナック","東証およびＰＴＳ",,"確報",100,100,4500,0,0,4500,0,54500,54500,2452500,0,0,2452500,0,,,0,0,0,45000,45000,0,4.5,3.3,3.3,3.3,6.5,6.4,6.4
"2026/01/26","2026/01/28","9790","福井コンピュータＨＤ","東証およびＰＴＳ",,"確報",400,700,9900,100,400,9900,0,1300000,2275000,32175000,325000,1300000,32175000,0,,,0,0,0,1326000,1326000,0,24.1,18.1,17.5,17.8,39,36.2,37.6
"2026/01/26","2026/01/28","9791","ビケンテクノ","東証およびＰＴＳ",,"確報",0,0,30200,0,0,0,30200,0,0,42249800,0,0,0,42249800,,,0,0,0,362400,0,0,276,1518,151.8,276,0,0,0
"2026/01/26","2026/01/28","9793","ダイセキ","東証およびＰＴＳ",,"確報",2500,2400,4000,100,0,4000,0,8600000,8256000,13760000,344000,0,13760000,0,,,0,0,0,136500,136500,0,4.2,3.5,4,3.7,3,21.2,5.3
"2026/01/26","2026/01/28","9795","ステップ","東証およびＰＴＳ",,"確報",0,100,1200,0,0,1300,-100,0,254900,3058800,0,0,3313700,-254900,,,0,0,0,40300,40300,0,6,8.9,10.1,9.5,4.9,4.4,4.6
"2026/01/26","2026/01/28","9799","旭情報サービス","東証およびＰＴＳ",,"確報",0,0,1500,0,0,0,1500,0,0,1920000,0,0,0,1920000,,,0,0,0,48000,0,0,16.7,8.3,0,16.7,0,0,0
"2026/01/26","2026/01/28","9812","テーオーＨＤ","東証およびＰＴＳ",,"確報",0,0,3000,0,0,0,3000,0,0,816000,0,0,0,816000,,,0,0,3000,0,0,0,20.9,20.9,20.9,20.9,0,0,0
"2026/01/26","2026/01/28","9816","ストライダーズ","東証およびＰＴＳ",,"確報",0,0,500,0,0,0,500,0,0,147000,0,0,0,147000,,,0,0,0,0,0,0,12.5,6.3,0,12.5,0,0,0
"2026/01/26","2026/01/28","9818","大丸エナウィン","東証およびＰＴＳ",,"確報",0,0,300,0,0,0,300,0,0,616200,0,0,0,616200,,,0,0,0,28800,0,0,1.6,1.9,1.4,1.6,0,0,0
"2026/01/26","2026/01/28","9820","エムティジェネックス","東証およびＰＴＳ",,"確報",0,0,0,0,0,0,0,0,0,0,0,0,0,0,,,0,0,0,0,0,0,6,0,3,6,0,0,0
"2026/01/26","2026/01/28","9823","マミーマートＨＤ","東証およびＰＴＳ",,"確報",0,500,44700,0,0,0,44700,0,756000,67586400,0,0,0,67586400,,,0,0,1130000,0,0,0,226.1,251.2,205.5,226.1,0,0,0
"2026/01/26","2026/01/28","9824","泉州電業","東証およびＰＴＳ",,"確報",7900,1100,12400,1000,100,8900,3500,45109000,6281000,70804000,5710000,571000,50819000,19985000,,,0,0,0,112000,160000,0,3.2,1.6,2.1,1.8,12.9,100,22.9
"2026/01/26","2026/01/28","9827","リリカラ","東証およびＰＴＳ",,"確報",0,300,4200,0,0,0,4200,0,196500,2751000,0,0,0,2751000,,,0,0,0,54000,0,0,39.8,73,27.4,39.8,0,0,0
"2026/01/26","2026/01/28","9828","ゲンキＧＤＣ","東証およびＰＴＳ",,"確報",400,0,5600,0,300,2500,3100,1240000,0,17360000,0,930000,7750000,9610000,,,0,0,0,260000,140000,0,23.5,33.6,33.6,33.6,35.5,9.5,14.9
"2026/01/26","2026/01/28","9830","トラスコ中山","東証およびＰＴＳ",,"確報",100,0,1300,0,400,0,1300,244400,0,3177200,0,977600,0,3177200,,,0,0,0,49200,16400,0,11.6,21.3,32,25.6,5.7,2.8,3.8
"2026/01/26","2026/01/28","9831","ヤマダＨＤ","東証およびＰＴＳ",,"確報",20500,100,194400,28300,7900,194400,0,11238100,54820,106570080,15514060,4330780,106570080,0,,,0,0,713400,0,0,713400,11,7.1,7.3,7.2,20.1,22.4,21.2
"2026/01/26","2026/01/28","9832","オートバックスセブン","東証およびＰＴＳ",,"確報",400,0,4900,700,300,4900,0,667200,0,8173200,1167600,500400,8173200,0,,,0,0,0,31500,31500,0,4.2,3.4,3.9,3.6,4.6,5.6,5
"2026/01/26","2026/01/28","9835","ジュンテンドー","東証およびＰＴＳ",,"確報",0,0,100,0,0,100,0,0,0,51200,0,0,51200,0,,,0,0,0,100,100,0,5.6,10,3.3,5,4,0,8
"2026/01/26","2026/01/28","9837","モリト","東証およびＰＴＳ",,"確報",600,0,8500,0,0,3700,4800,1051800,0,14900500,0,0,6486100,8414400,,,0,0,0,237000,111000,0,3.1,15,1.2,2.3,101.5,5.6,10.7
"2026/01/26","2026/01/28","9842","アークランズ","東証およびＰＴＳ",,"確報",900,1000,18700,100,3000,61200,-42500,1709100,1899000,35511300,189900,5697000,116218800,-80707500,,,0,0,0,94000,320500,0,27.6,14.6,9.5,11.5,40.7,69.3,51.3
"2026/01/26","2026/01/28","9843","ニトリＨＤ","東証およびＰＴＳ",,"確報",61100,33900,150500,8900,0,11800,138700,169002600,93767400,416283000,24617400,0,32638800,383644200,,,0,0,15844050,0,0,372650,7.4,8,7.4,7.7,2.4,9.6,3.9
"2026/01/26","2026/01/28","9845","パーカーコーポ","東証およびＰＴＳ",,"確報",300,1000,5700,0,0,0,5700,451800,1506000,8584200,0,0,0,8584200,,,0,0,0,243200,0,0,30.2,63.4,19.8,30.2,0,0,0
"2026/01/26","2026/01/28","9846","天満屋ストア","東証およびＰＴＳ",,"確報",0,0,1200,0,0,0,1200,0,0,1164000,0,0,0,1164000,,,0,0,0,13200,0,0,42,63,31.5,42,0,0,0
"2026/01/26","2026/01/28","9849","共同紙販ＨＤ","東証およびＰＴＳ",,"確報",0,0,100,0,0,0,100,0,0,462000,0,0,0,462000,,,0,0,4000,0,0,0,0,0,0,0,0,0,0
"2026/01/26","2026/01/28","9850","グルメ杵屋","東証およびＰＴＳ",,"確報",200,100,17100,1900,0,99900,-82800,200000,100000,17100000,1900000,0,99900000,-82800000,,,0,0,34000,0,0,196000,97.6,41.3,48.2,44.5,69.2,605.5,124.2
"2026/01/26","2026/01/28","9853","銀座ルノアール","東証およびＰＴＳ",,"確報",100,0,900,0,0,0,900,95400,0,858600,0,0,0,858600,,,0,0,2400,0,0,0,82,41,0,82,0,0,0
"2026/01/26","2026/01/28","9854","愛眼","東証およびＰＴＳ",,"確報",400,0,10300,0,0,0,10300,86400,0,2224800,0,0,0,2224800,,,0,0,0,69300,0,0,17.6,39.1,11.4,17.6,0,0,0
"2026/01/26","2026/01/28","9856","ケーユーＨＤ","東証およびＰＴＳ",,"確報",100,100,3500,0,0,3500,0,126300,126300,4420500,0,0,4420500,0,,,0,0,0,94500,94500,0,35,35,21.9,26.9,87.5,35,50
"2026/01/26","2026/01/28","9857","英和","東証およびＰＴＳ",,"確報",0,100,800,0,0,0,800,0,265500,2124000,0,0,0,2124000,,,0,0,5400,0,0,0,18,45,11.3,18,0,0,0
"2026/01/26","2026/01/28","9861","吉野家ＨＤ","東証およびＰＴＳ",,"確報",14700,11000,39200,100,1700,33900,5300,44967300,33649000,119912800,305900,5200300,103700100,16212700,,,0,0,284000,0,0,284000,5.6,4.3,3.8,4,15,7.5,10
"2026/01/26","2026/01/28","9867","ソレキア","東証およびＰＴＳ",,"確報",0,100,700,0,0,0,700,0,1011000,7077000,0,0,0,7077000,,,0,0,0,40000,0,0,18,36,12,18,0,0,0
"2026/01/26","2026/01/28","9869","加藤産業","東証およびＰＴＳ",,"確報",500,800,4000,0,400,12000,-8000,3290000,5264000,26320000,0,2632000,78960000,-52640000,,,0,0,0,129000,372000,0,23,6.4,15.5,9.1,46.7,40.5,43.4
"2026/01/26","2026/01/28","9872","北恵","東証およびＰＴＳ",,"確報",500,100,11600,0,200,17100,-5500,446500,89300,10358800,0,178600,15270300,-4911500,,,0,0,0,33600,51900,0,31.7,36.3,34.1,35.2,0,14.9,29.9
"2026/01/26","2026/01/28","9876","コックス","東証およびＰＴＳ",,"確報",0,0,4100,0,0,0,4100,0,0,1025000,0,0,0,1025000,,,0,0,0,24600,0,0,78,39,0,78,0,0,0
"2026/01/26","2026/01/28","9878","セキド","東証およびＰＴＳ",,"確報",0,600,7600,0,0,0,7600,0,325200,4119200,0,0,0,4119200,,,0,0,0,57400,0,0,16.2,53.2,9.6,16.2,0,0,0
"2026/01/26","2026/01/28","9880","イノテック","東証およびＰＴＳ",,"確報",5500,0,16200,0,0,0,16200,11665500,0,34360200,0,0,0,34360200,,,0,0,0,1112800,0,0,9.7,10.2,9.2,9.7,0,0,0
"2026/01/26","2026/01/28","9882","イエローハット","東証およびＰＴＳ",,"確報",500,3100,6700,0,4800,6700,0,849500,5266900,11383300,0,8155200,11383300,0,,,0,0,0,102300,126500,0,4.9,4.6,8,5.9,3.5,5.6,4.3
"2026/01/26","2026/01/28","9885","シャルレ","東証およびＰＴＳ",,"確報",0,0,2700,0,0,0,2700,0,0,974700,0,0,0,974700,,,0,0,5400,0,0,0,45.3,45.3,45.3,45.3,0,0,0
"2026/01/26","2026/01/28","9887","松屋フーズＨＤ","東証およびＰＴＳ",,"確報",4100,4000,8000,1000,200,8700,-700,27593000,26920000,53840000,6730000,1346000,58551000,-4711000,,,0,0,553000,0,0,553000,7.2,3.8,4.8,4.2,12.6,75.8,21.7
"2026/01/26","2026/01/28","9888","ＵＥＸ","東証およびＰＴＳ",,"確報",1300,0,5200,0,0,0,5200,1089400,0,4357600,0,0,0,4357600,,,0,0,0,54600,0,0,16.9,13.2,23.4,16.9,0,0,0
"2026/01/26","2026/01/28","9889","ＪＢＣＣＨＤ","東証およびＰＴＳ",,"確報",300,4900,36800,100,4700,36800,0,478500,7815500,58696000,159500,7496500,58696000,0,,,0,0,0,2691000,2691000,0,19.5,19.2,19.2,19.2,19.8,19.8,19.8
"2026/01/26","2026/01/28","9890","マキヤ","東証およびＰＴＳ",,"確報",0,0,0,0,0,0,0,0,0,0,0,0,0,0,,,0,0,0,0,0,0,0,0,0,0,0,0,0
"2026/01/26","2026/01/28","9895","コンセック","東証およびＰＴＳ",,"確報",0,0,500,0,0,0,500,0,0,625500,0,0,0,625500,,,0,0,0,0,0,0,0,0,0,0,0,0,0
"2026/01/26","2026/01/28","9896","ＪＫホールディングス","東証およびＰＴＳ",,"確報",200,100,2600,100,0,2600,0,288600,144300,3751800,144300,0,3751800,0,,,0,0,0,32500,32500,0,5.7,4.4,2.4,3.1,26.6,44.3,33.3
"2026/01/26","2026/01/28","9900","サガミＨＤ","東証およびＰＴＳ",,"確報",100,0,4300,400,900,32600,-28300,193000,0,8299000,772000,1737000,62918000,-54619000,,,0,0,0,12600,99300,0,15.6,272,7.2,13.9,9.5,50.4,16
"2026/01/26","2026/01/28","9902","日伝","東証およびＰＴＳ",,"確報",9800,2100,10200,700,0,5800,4400,24617600,5275200,25622400,1758400,0,14569600,11052800,,,0,0,0,160000,326400,0,2,1.1,1.3,1.2,27.5,27.5,27.5
"2026/01/26","2026/01/28","9903","カンセキ","東証およびＰＴＳ",,"確報",0,100,500,0,0,900,-400,0,87700,438500,0,0,789300,-350800,,,0,0,1200,0,0,1800,20,0,29,58,61,8.7,15.3
"2026/01/26","2026/01/28","9904","ベリテ","東証およびＰＴＳ",,"確報",0,0,700,0,0,0,700,0,0,272300,0,0,0,272300,,,0,0,0,0,0,0,7.7,3.8,0,7.7,0,0,0
"2026/01/26","2026/01/28","9906","藤井産業","東証およびＰＴＳ",,"確報",0,100,2000,0,0,0,2000,0,436000,8720000,0,0,0,8720000,,,0,0,0,178500,0,0,68,102,51,68,0,0,0
"2026/01/26","2026/01/28","9908","日本電計","東証およびＰＴＳ",,"確報",0,0,1200,0,0,0,1200,0,0,2847600,0,0,0,2847600,,,0,0,0,50400,0,0,24.4,20.3,30.5,24.4,0,0,0
"2026/01/26","2026/01/28","9913","日邦産業","東証およびＰＴＳ",,"確報",0,100,2000,0,0,2600,-600,0,280000,5600000,0,0,7280000,-1680000,,,0,0,10500,0,0,13000,26.8,18.5,9.3,12.3,0,0,0
"2026/01/26","2026/01/28","9914","植松商会","東証およびＰＴＳ",,"確報",0,0,0,0,0,0,0,0,0,0,0,0,0,0,,,0,0,0,0,0,0,0,0,0,0,0,0,0
"2026/01/26","2026/01/28","9927","ワットマン","東証およびＰＴＳ",,"確報",0,0,0,0,0,0,0,0,0,0,0,0,0,0,,,0,0,0,0,0,0,0,0,0,0,0,0,0
"2026/01/26","2026/01/28","9928","ミロク情報サービス","東証およびＰＴＳ",,"確報",100,300,3800,0,200,3800,0,192400,577200,7311200,0,384800,7311200,0,,,0,0,0,192000,192000,0,33,24.8,16.5,19.8,0,49.5,99
"2026/01/26","2026/01/28","9929","平和紙業","東証およびＰＴＳ",,"確報",0,0,0,0,0,0,0,0,0,0,0,0,0,0,,,0,0,0,0,0,0,0,0,0,0,0,0,0
"2026/01/26","2026/01/28","9930","北沢産業","東証およびＰＴＳ",,"確報",1800,0,239600,0,100,1000,238600,639000,0,85058000,0,35500,355000,84703000,,,0,0,475600,0,0,2200,885.8,567.1,5954.5,1035.6,24.5,24.5,24.5
"2026/01/26","2026/01/28","9932","杉本商事","東証およびＰＴＳ",,"確報",400,100,5400,300,0,5400,0,566800,141700,7651800,425100,0,7651800,0,,,0,0,0,127500,127500,0,13.7,14,10.8,12.2,18.7,13.3,15.6
"2026/01/26","2026/01/28","9934","因幡電機産業","東証およびＰＴＳ",,"確報",300,600,6200,100,400,6200,0,790650,1581300,16340100,263550,1054200,16340100,0,,,0,0,0,318500,318500,0,12.7,12.5,9.3,10.7,20.3,13,15.8
"2026/01/26","2026/01/28","9936","王将フードサービス","東証およびＰＴＳ",,"確報",1300,600,8000,700,0,8000,0,4205500,1941000,25880000,2264500,0,25880000,0,,,0,0,0,36500,36500,0,19.2,18.1,12.7,14.9,14.3,357,27.5
"2026/01/26","2026/01/28","9941","太洋物産","東証およびＰＴＳ",,"確報",0,0,5000,0,0,0,5000,0,0,3385000,0,0,0,3385000,,,0,0,0,5000,0,0,84,50.4,252,84,0,0,0
"2026/01/26","2026/01/28","9946","ミニストップ","東証およびＰＴＳ",,"確報",0,0,300,5300,400,91500,-91200,0,0,619500,10944500,826000,188947500,-188328000,,,0,0,600,0,0,173200,23.1,8.5,1.3,2.3,20.8,28.2,23.9
"2026/01/26","2026/01/28","9948","アークス","東証およびＰＴＳ",,"確報",200,300,7600,800,900,7600,0,704000,1056000,26752000,2816000,3168000,26752000,0,,,0,0,0,115500,115500,0,9.6,5.9,6.7,6.3,17,24.9,20.2
"2026/01/26","2026/01/28","9950","ハチバン","東証およびＰＴＳ",,"確報",0,0,0,0,0,0,0,0,0,0,0,0,0,0,,,0,0,0,0,0,0,0,0,0,0,0,0,0
"2026/01/26","2026/01/28","9955","ヨンキュウ","東証およびＰＴＳ",,"確報",0,0,100,0,0,0,100,0,0,311500,0,0,0,311500,,,0,0,0,4000,0,0,0,0,0,0,0,0,0
"2026/01/26","2026/01/28","9956","バローＨＤ","東証およびＰＴＳ",,"確報",500,0,16500,0,400,700,15800,1785000,0,58905000,0,1428000,2499000,56406000,,,0,0,720000,0,0,49500,13.8,15.6,24.3,19,5.5,2.6,3.5
"2026/01/26","2026/01/28","9959","アシードＨＤ","東証およびＰＴＳ",,"確報",0,0,1200,0,0,100,1100,0,0,954000,0,0,79500,874500,,,0,0,9600,0,0,800,32,60,0,120,4,2,2.7
"2026/01/26","2026/01/28","9960","東テク","東証およびＰＴＳ",,"確報",0,1500,9500,800,0,14300,-4800,0,6285000,39805000,3352000,0,59917000,-20112000,,,0,0,0,715000,877500,0,18.9,14.5,12.7,13.6,16,94,27.4
"2026/01/26","2026/01/28","9962","ミスミグループ本社","東証およびＰＴＳ",,"確報",3300,100,14300,3700,1600,52900,-38600,8334150,252550,36114650,9344350,4040800,133598950,-97484300,,,0,0,0,888000,4064000,0,14.9,5.4,4.4,4.8,24.6,84.1,38.1
"2026/01/26","2026/01/28","9969","ショクブン","東証およびＰＴＳ",,"確報",200,0,3700,200,0,3700,0,51600,0,954600,51600,0,954600,0,,,0,0,0,0,0,0,42.5,24.3,0,48.6,21.3,170,37.8
"2026/01/26","2026/01/28","9972","アルテック","東証およびＰＴＳ",,"確報",5200,100,877000,200,1900,6400,870600,1497600,28800,252576000,57600,547200,1843200,250732800,,,0,0,2615700,0,0,24300,578.2,378.5,9999.9,750.6,102.8,12.8,22.8
"2026/01/26","2026/01/28","9973","ＫＯＺＯＨＤ","東証およびＰＴＳ",,"確報",95500,0,2224900,0,0,0,2224900,2769500,0,64522100,0,0,0,64522100,,,0,0,0,0,0,0,48,42.9,54.4,48,0,0,0
"2026/01/26","2026/01/28","9974","ベルク","東証およびＰＴＳ",,"確報",200,200,1400,100,100,1400,0,1568000,1568000,10976000,784000,784000,10976000,0,,,0,0,0,0,0,0,4.8,3.7,3.3,3.5,8.3,6.8,7.5
"2026/01/26","2026/01/28","9976","セキチュー","東証およびＰＴＳ",,"確報",0,0,0,0,0,0,0,0,0,0,0,0,0,0,,,0,0,0,0,0,0,0,0,0,0,0,0,0
"2026/01/26","2026/01/28","9978","文教堂グループＨＤ","東証およびＰＴＳ",,"確報",0,0,44800,0,0,0,44800,0,0,2284800,0,0,0,2284800,,,0,0,0,0,0,0,174.8,87.4,0,174.8,0,0,0
"2026/01/26","2026/01/28","9979","大庄","東証およびＰＴＳ",,"確報",800,0,12100,2100,0,33100,-21000,920800,0,13927100,2417100,0,38098100,-24171000,,,0,0,0,0,0,0,23.8,14.5,10.9,12.4,20.4,251.3,37.7
"2026/01/26","2026/01/28","9980","ＭＲＫ　ＨＬＤ","東証およびＰＴＳ",,"確報",21800,20000,235700,0,0,0,235700,2071000,1900000,22391500,0,0,0,22391500,,,0,0,0,0,0,0,39,36.2,42.4,39,0,0,0
"2026/01/26","2026/01/28","9982","タキヒヨー","東証およびＰＴＳ",,"確報",3500,0,265900,0,0,0,265900,7266000,0,552008400,0,0,0,552008400,,,0,0,1312000,0,0,0,232.5,119.4,4378.3,232.5,0,0,0
"2026/01/26","2026/01/28","9983","ファーストリテイリン","東証およびＰＴＳ",,"確報",3800,100,16700,3000,1200,32900,-16200,226100000,5950000,993650000,178500000,71400000,1957550000,-963900000,,,0,0,0,13000000,31100000,0,4.3,2.4,4.1,3,18.5,2.6,4.6
"2026/01/26","2026/01/28","9984","ソフトバンクグループ","東証およびＰＴＳ",,"確報",236700,80900,5366800,700,13800,46100,5320700,962185500,328858500,21816042000,2845500,56097000,187396500,21628645500,,,0,0,0,1089099000,12372800,0,31.1,31.7,39,35,2.5,3.1,2.8
"2026/01/26","2026/01/28","9986","蔵王産業","東証およびＰＴＳ",,"確報",0,0,1900,0,0,0,1900,0,0,4871600,0,0,0,4871600,,,0,0,26600,0,0,0,0,0,0,0,0,0,0
"2026/01/26","2026/01/28","9987","スズケン","東証およびＰＴＳ",,"確報",0,100,300,100,1800,10800,-10500,0,631000,1893000,631000,11358000,68148000,-66255000,,,0,0,0,44000,1375000,0,14.2,17,5.7,8.5,17.6,12.3,14.4
"2026/01/26","2026/01/28","9989","サンドラッグ","東証およびＰＴＳ",,"確報",200,100,1800,400,0,800,1000,841200,420600,7570800,1682400,0,3364800,4206000,,,0,0,0,103700,24400,0,6.6,7.4,9.9,8.5,2.5,5,3.3
"2026/01/26","2026/01/28","9990","サックスバー　ＨＤ","東証およびＰＴＳ",,"確報",28000,12000,34600,0,3700,27300,7300,22764000,9756000,28129800,0,3008100,22194900,5934900,,,0,0,0,167400,279000,0,10.5,3.7,7.9,5,136.5,32.6,52.7
"2026/01/26","2026/01/28","9991","ジェコス","東証およびＰＴＳ",,"確報",0,700,6200,0,4000,2900,3300,0,1061200,9399200,0,6064000,4396400,5002800,,,0,0,0,241500,241500,0,7.6,26.6,35.4,30.4,3.6,3.7,3.7
"2026/01/26","2026/01/28","9993","ヤマザワ","東証およびＰＴＳ",,"確報",0,0,500,0,0,0,500,0,0,601000,0,0,0,601000,,,0,0,0,2500,0,0,46,23,0,46,0,0,0
"2026/01/26","2026/01/28","9994","やまや","東証およびＰＴＳ",,"確報",0,0,22300,0,100,700,21600,0,0,49907400,0,223800,1566600,48340800,,,0,0,0,535200,19200,0,81.7,0,140.4,280.8,0,3,5.9
"2026/01/26","2026/01/28","9996","サトー商会","東証およびＰＴＳ",,"確報",0,100,200,0,0,200,0,0,237000,474000,0,0,474000,0,,,0,0,0,3000,2000,0,9,14,4.7,7,0,6.5,13
"2026/01/26","2026/01/28","9997","ベルーナ","東証およびＰＴＳ",,"確報",0,0,35400,0,0,0,35400,0,0,34621200,0,0,0,34621200,,,0,0,0,318600,0,0,71.5,57,285.2,95.1,6,0.5,1
"2026/01/26","2026/01/28","1319","ＮＦ日経３００","名証",,"確報",0,0,0,0,0,0,0,0,0,0,0,0,0,0,,,0,0,0,0,0,0,0,0,0,0,0,0,0
"2026/01/26","2026/01/28","138A","光フードサービス","名証",,"確報",0,0,0,0,0,0,0,0,0,0,0,0,0,0,,,0,0,0,0,0,0,0,0,0,0,0,0,0
"2026/01/26","2026/01/28","1438","岐阜造園","名証",,"確報",0,0,0,0,0,0,0,0,0,0,0,0,0,0,,,0,0,0,0,0,0,0,0,0,0,0,0,0
"2026/01/26","2026/01/28","1444","ニッソウ","名証",,"確報",0,0,0,0,0,0,0,0,0,0,0,0,0,0,,,0,0,0,0,0,0,0,0,0,0,0,0,0
"2026/01/26","2026/01/28","1553","ＭＸＳＳ＆Ｐ東海投信","名証",,"確報",0,0,0,0,0,0,0,0,0,0,0,0,0,0,,,0,0,0,0,0,0,0,0,0,0,0,0,0
"2026/01/26","2026/01/28","1738","ニットー","名証",,"確報",0,0,100,0,0,0,100,0,0,60600,0,0,0,60600,,,0,0,700,0,0,0,0,0,0,0,0,0,0
"2026/01/26","2026/01/28","1766","東建コーポレーション","名証",,"確報",0,0,0,0,0,0,0,0,0,0,0,0,0,0,,,0,0,0,0,0,0,0,0,0,0,0,0,0
"2026/01/26","2026/01/28","1777","川崎設備工業","名証",,"確報",100,200,19900,0,0,0,19900,273200,546400,54366800,0,0,0,54366800,,,0,0,0,460000,0,0,37,30.1,48.1,37,0,0,0
"2026/01/26","2026/01/28","1780","ヤマウラ","名証",,"確報",0,0,0,0,0,0,0,0,0,0,0,0,0,0,,,0,0,0,0,0,0,0,0,0,0,0,0,0
"2026/01/26","2026/01/28","1801","大成建設","名証",,"確報",0,0,0,0,0,0,0,0,0,0,0,0,0,0,,,0,0,0,0,0,0,0,0,0,0,0,0,0
"2026/01/26","2026/01/28","1803","清水建設","名証",,"確報",0,0,0,0,0,0,0,0,0,0,0,0,0,0,,,0,0,0,0,0,0,0,0,0,0,0,0,0
"2026/01/26","2026/01/28","1811","銭高組","名証",,"確報",0,0,0,0,0,0,0,0,0,0,0,0,0,0,,,0,0,0,0,0,0,0,0,0,0,0,0,0
"2026/01/26","2026/01/28","1812","鹿島建設","名証",,"確報",0,0,0,0,0,0,0,0,0,0,0,0,0,0,,,0,0,0,0,0,0,0,0,0,0,0,0,0
"2026/01/26","2026/01/28","1869","名工建設","名証",,"確報",0,100,2900,100,0,300,2600,0,175800,5098200,175800,0,527400,4570800,,,0,0,90000,0,0,6000,80.5,147,147,147,14,14,14
"2026/01/26","2026/01/28","1870","矢作建設工業","名証",,"確報",0,0,0,0,0,0,0,0,0,0,0,0,0,0,,,0,0,0,0,0,0,0,0,0,0,0,0,0
"2026/01/26","2026/01/28","1878","大東建託","名証",,"確報",0,0,0,0,0,0,0,0,0,0,0,0,0,0,,,0,0,0,0,0,0,0,0,0,0,0,0,0
"2026/01/26","2026/01/28","1892","徳倉建設","名証",,"確報",0,0,1100,0,0,0,1100,0,0,7612000,0,0,0,7612000,,,0,0,220000,0,0,0,0,0,0,0,0,0,0
"2026/01/26","2026/01/28","1893","五洋建設","名証",,"確報",0,0,0,0,0,0,0,0,0,0,0,0,0,0,,,0,0,0,0,0,0,0,0,0,0,0,0,0
"2026/01/26","2026/01/28","1928","積水ハウス","名証",,"確報",0,0,0,0,0,0,0,0,0,0,0,0,0,0,,,0,0,0,0,0,0,0,0,0,0,0,0,0
"2026/01/26","2026/01/28","1946","トーエネック","名証",,"確報",0,0,0,0,0,0,0,0,0,0,0,0,0,0,,,0,0,0,0,0,0,0,0,0,0,0,0,0
"2026/01/26","2026/01/28","2053","中部飼料","名証",,"確報",0,0,0,0,0,0,0,0,0,0,0,0,0,0,,,0,0,0,0,0,0,0,0,0,0,0,0,0
"2026/01/26","2026/01/28","212A","フィットイージー","名証",,"確報",0,0,0,0,0,0,0,0,0,0,0,0,0,0,,,0,0,0,0,0,0,0,0,0,0,0,0,0
"2026/01/26","2026/01/28","2139","中広","名証",,"確報",0,0,0,0,0,0,0,0,0,0,0,0,0,0,,,0,0,0,0,0,0,0,0,0,0,0,0,0
"2026/01/26","2026/01/28","2169","ＣＤＳ","名証",,"確報",0,0,0,0,0,0,0,0,0,0,0,0,0,0,,,0,0,0,0,0,0,0,0,0,0,0,0,0
"2026/01/26","2026/01/28","2185","シイエム・シイ","名証",,"確報",0,0,0,0,0,0,0,0,0,0,0,0,0,0,,,0,0,0,0,0,0,0,0,0,0,0,0,0
"2026/01/26","2026/01/28","2207","ｍｅｉｔｏ","名証",,"確報",0,0,0,0,0,0,0,0,0,0,0,0,0,0,,,0,0,0,0,0,0,0,0,0,0,0,0,0
"2026/01/26","2026/01/28","2209","井村屋グループ","名証",,"確報",0,0,0,0,0,0,0,0,0,0,0,0,0,0,,,0,0,0,0,0,0,0,0,0,0,0,0,0
"2026/01/26","2026/01/28","2224","コモ","名証",,"確報",0,0,0,0,0,0,0,0,0,0,0,0,0,0,,,0,0,0,0,0,0,0,0,0,0,0,0,0
"2026/01/26","2026/01/28","2327","日鉄ソリューションズ","名証",,"確報",0,0,0,0,0,0,0,0,0,0,0,0,0,0,,,0,0,0,0,0,0,0,0,0,0,0,0,0
"2026/01/26","2026/01/28","2329","東北新社","名証",,"確報",0,0,0,0,0,0,0,0,0,0,0,0,0,0,,,0,0,0,0,0,0,0,0,0,0,0,0,0
"2026/01/26","2026/01/28","2376","サイネックス","名証",,"確報",0,0,0,0,0,0,0,0,0,0,0,0,0,0,,,0,0,0,0,0,0,0,0,0,0,0,0,0
"2026/01/26","2026/01/28","2424","ブラス","名証",,"確報",0,0,0,0,0,0,0,0,0,0,0,0,0,0,,,0,0,0,0,0,0,0,0,0,0,0,0,0
"2026/01/26","2026/01/28","2435","シダー","名証",,"確報",0,0,0,0,0,0,0,0,0,0,0,0,0,0,,,0,0,0,0,0,0,0,0,0,0,0,0,0
"2026/01/26","2026/01/28","246A","アスア","名証",,"確報",0,0,0,0,0,0,0,0,0,0,0,0,0,0,,,0,0,0,0,0,0,0,0,0,0,0,0,0
"2026/01/26","2026/01/28","2479","ジェイテック","名証",,"確報",0,0,0,0,0,0,0,0,0,0,0,0,0,0,,,0,0,0,0,0,0,0,0,0,0,0,0,0
"2026/01/26","2026/01/28","2485","ティア","名証",,"確報",0,0,0,0,0,0,0,0,0,0,0,0,0,0,,,0,0,0,0,0,0,0,0,0,0,0,0,0
"2026/01/26","2026/01/28","2551","マルサンアイ","名証",,"確報",0,0,600,0,0,0,600,0,0,2130000,0,0,0,2130000,,,0,0,0,0,0,0,0,0,0,0,0,0,0
"2026/01/26","2026/01/28","259A","ケイ・ウノ","名証",,"確報",0,0,100,0,0,0,100,0,0,142600,0,0,0,142600,,,0,0,3400,0,0,0,0,0,0,0,0,0,0
"2026/01/26","2026/01/28","2686","ジーフット","名証",,"確報",0,0,0,0,0,0,0,0,0,0,0,0,0,0,,,0,0,0,0,0,0,0,0,0,0,0,0,0
"2026/01/26","2026/01/28","2722","ＩＫホールディングス","名証",,"確報",0,0,0,0,0,0,0,0,0,0,0,0,0,0,,,0,0,0,0,0,0,0,0,0,0,0,0,0
"2026/01/26","2026/01/28","2734","サーラコーポ","名証",,"確報",0,0,0,0,0,0,0,0,0,0,0,0,0,0,,,0,0,0,0,0,0,0,0,0,0,0,0,0
"2026/01/26","2026/01/28","2753","あみやき亭","名証",,"確報",0,0,0,0,0,0,0,0,0,0,0,0,0,0,,,0,0,0,0,0,0,0,0,0,0,0,0,0
"2026/01/26","2026/01/28","275A","ハンワホームズ","名証",,"確報",0,0,3600,0,0,0,3600,0,0,1447200,0,0,0,1447200,,,0,0,0,21600,0,0,23.3,99,13.2,23.3,0,0,0
"2026/01/26","2026/01/28","2778","パレモ・ＨＤ","名証",,"確報",0,0,0,0,0,0,0,0,0,0,0,0,0,0,,,0,0,0,0,0,0,0,0,0,0,0,0,0
"2026/01/26","2026/01/28","2780","コメ兵ＨＤ","名証",,"確報",0,0,0,0,0,0,0,0,0,0,0,0,0,0,,,0,0,0,0,0,0,0,0,0,0,0,0,0
"2026/01/26","2026/01/28","2806","ユタカフーズ","名証",,"確報",0,0,0,0,0,0,0,0,0,0,0,0,0,0,,,0,0,0,0,0,0,0,0,0,0,0,0,0
"2026/01/26","2026/01/28","2811","カゴメ","名証",,"確報",0,0,0,0,0,0,0,0,0,0,0,0,0,0,,,0,0,0,0,0,0,0,0,0,0,0,0,0
"2026/01/26","2026/01/28","2902","太陽化学","名証",,"確報",0,0,3800,0,0,1300,2500,0,0,10028200,0,0,3430700,6597500,,,0,0,0,114000,39000,0,57.6,0,21.6,43.1,0,0,0
"2026/01/26","2026/01/28","2983","アールプランナー","名証",,"確報",0,0,0,0,0,0,0,0,0,0,0,0,0,0,,,0,0,0,0,0,0,0,0,0,0,0,0,0
"2026/01/26","2026/01/28","2986","ＬＡホールディングス","名証",,"確報",0,0,0,0,0,0,0,0,0,0,0,0,0,0,,,0,0,0,0,0,0,0,0,0,0,0,0,0
"2026/01/26","2026/01/28","3028","アルペン","名証",,"確報",0,0,0,0,0,0,0,0,0,0,0,0,0,0,,,0,0,0,0,0,0,0,0,0,0,0,0,0
"2026/01/26","2026/01/28","3032","ゴルフ・ドゥ","名証",,"確報",0,0,7300,0,0,0,7300,0,0,1511100,0,0,0,1511100,,,0,0,0,14600,0,0,0,0,0,0,0,0,0
"2026/01/26","2026/01/28","3035","ケイティケイ","名証",,"確報",0,0,0,0,0,0,0,0,0,0,0,0,0,0,,,0,0,0,0,0,0,0,0,0,0,0,0,0
"2026/01/26","2026/01/28","3066","ＪＢイレブン","名証",,"確報",500,0,7500,0,0,0,7500,320000,0,4800000,0,0,0,4800000,,,0,0,0,21000,0,0,142,71,0,142,0,0,0
"2026/01/26","2026/01/28","3086","Ｊ．フロントリテイリ","名証",,"確報",0,0,0,0,0,0,0,0,0,0,0,0,0,0,,,0,0,0,0,0,0,0,0,0,0,0,0,0
"2026/01/26","2026/01/28","3091","ブロンコビリー","名証",,"確報",0,0,0,0,0,0,0,0,0,0,0,0,0,0,,,0,0,0,0,0,0,0,0,0,0,0,0,0
"2026/01/26","2026/01/28","3116","トヨタ紡織","名証",,"確報",0,0,0,0,0,0,0,0,0,0,0,0,0,0,,,0,0,0,0,0,0,0,0,0,0,0,0,0
"2026/01/26","2026/01/28","3138","富士山マガジン","名証",,"確報",0,0,0,0,0,0,0,0,0,0,0,0,0,0,,,0,0,0,0,0,0,0,0,0,0,0,0,0
"2026/01/26","2026/01/28","3184","ＩＣＤＡ　ＨＤ","名証",,"確報",0,0,0,0,0,0,0,0,0,0,0,0,0,0,,,0,0,0,0,0,0,0,0,0,0,0,0,0
"2026/01/26","2026/01/28","3186","ネクステージ","名証",,"確報",0,0,0,0,0,0,0,0,0,0,0,0,0,0,,,0,0,0,0,0,0,0,0,0,0,0,0,0
"2026/01/26","2026/01/28","3202","ダイトウボウ","名証",,"確報",0,0,0,0,0,0,0,0,0,0,0,0,0,0,,,0,0,0,0,0,0,0,0,0,0,0,0,0
"2026/01/26","2026/01/28","3205","ダイドーリミテッド","名証",,"確報",0,0,0,0,0,0,0,0,0,0,0,0,0,0,,,0,0,0,0,0,0,0,0,0,0,0,0,0
"2026/01/26","2026/01/28","3221","ヨシックスＨＤ","名証",,"確報",0,0,0,0,0,0,0,0,0,0,0,0,0,0,,,0,0,0,0,0,0,0,0,0,0,0,0,0
"2026/01/26","2026/01/28","3232","三重交通グループＨＤ","名証",,"確報",0,0,0,0,0,0,0,0,0,0,0,0,0,0,,,0,0,0,0,0,0,0,0,0,0,0,0,0
"2026/01/26","2026/01/28","3320","クロスプラス","名証",,"確報",0,0,0,0,0,0,0,0,0,0,0,0,0,0,,,0,0,0,0,0,0,0,0,0,0,0,0,0
"2026/01/26","2026/01/28","3321","ミタチ産業","名証",,"確報",0,0,0,0,0,0,0,0,0,0,0,0,0,0,,,0,0,0,0,0,0,0,0,0,0,0,0,0
"2026/01/26","2026/01/28","3384","アークコア","名証",,"確報",0,0,2400,0,0,0,2400,0,0,1764000,0,0,0,1764000,,,0,0,12000,0,0,0,16.6,47,10.1,16.6,0,0,0
"2026/01/26","2026/01/28","3422","Ｊ－ＭＡＸ","名証",,"確報",0,0,0,0,0,0,0,0,0,0,0,0,0,0,,,0,0,0,0,0,0,0,0,0,0,0,0,0
"2026/01/26","2026/01/28","3439","三ツ知","名証",,"確報",0,0,0,0,0,0,0,0,0,0,0,0,0,0,,,0,0,0,0,0,0,0,0,0,0,0,0,0
"2026/01/26","2026/01/28","3442","ＭＩＥコーポ","名証",,"確報",0,0,900,0,0,0,900,0,0,1351800,0,0,0,1351800,,,0,0,0,10800,0,0,0,0,0,0,0,0,0
"2026/01/26","2026/01/28","3447","信和","名証",,"確報",0,0,0,0,0,0,0,0,0,0,0,0,0,0,,,0,0,0,0,0,0,0,0,0,0,0,0,0
"2026/01/26","2026/01/28","3461","パルマ","名証",,"確報",0,0,0,0,0,0,0,0,0,0,0,0,0,0,,,0,0,0,0,0,0,0,0,0,0,0,0,0
"2026/01/26","2026/01/28","3469","デュアルタップ","名証",,"確報",0,0,0,0,0,0,0,0,0,0,0,0,0,0,,,0,0,0,0,0,0,0,0,0,0,0,0,0
"2026/01/26","2026/01/28","3494","マリオン","名証",,"確報",0,0,0,0,0,0,0,0,0,0,0,0,0,0,,,0,0,0,0,0,0,0,0,0,0,0,0,0
"2026/01/26","2026/01/28","3504","丸八ホールディングス","名証",,"確報",400,800,57900,0,0,0,57900,450800,901600,65253300,0,0,0,65253300,,,0,0,0,116600,0,0,31,16.3,343.4,31,0,0,0
"2026/01/26","2026/01/28","3524","日東製網","名証",,"確報",0,0,0,0,0,0,0,0,0,0,0,0,0,0,,,0,0,0,0,0,0,0,0,0,0,0,0,0
"2026/01/26","2026/01/28","3543","コメダＨＤ","名証",,"確報",0,0,0,0,0,0,0,0,0,0,0,0,0,0,,,0,0,0,0,0,0,0,0,0,0,0,0,0
"2026/01/26","2026/01/28","3556","リネットジャパングル","名証",,"確報",0,0,0,0,0,0,0,0,0,0,0,0,0,0,,,0,0,0,0,0,0,0,0,0,0,0,0,0
"2026/01/26","2026/01/28","3559","ピーバンドットコム","名証",,"確報",0,0,0,0,0,0,0,0,0,0,0,0,0,0,,,0,0,0,0,0,0,0,0,0,0,0,0,0
"2026/01/26","2026/01/28","3571","ソトー","名証",,"確報",0,0,0,0,0,0,0,0,0,0,0,0,0,0,,,0,0,0,0,0,0,0,0,0,0,0,0,0
"2026/01/26","2026/01/28","3577","東海染工","名証",,"確報",0,0,0,0,0,0,0,0,0,0,0,0,0,0,,,0,0,0,0,0,0,0,0,0,0,0,0,0
"2026/01/26","2026/01/28","3670","協立情報通信","名証",,"確報",0,0,0,0,0,0,0,0,0,0,0,0,0,0,,,0,0,0,0,0,0,0,0,0,0,0,0,0
"2026/01/26","2026/01/28","3739","コムシード","名証",,"確報",100,0,36200,0,0,0,36200,16000,0,5792000,0,0,0,5792000,,,0,0,0,0,0,0,195,97.5,0,195,0,0,0
"2026/01/26","2026/01/28","3771","システムリサーチ","名証",,"確報",0,0,0,0,0,0,0,0,0,0,0,0,0,0,,,0,0,0,0,0,0,0,0,0,0,0,0,0
"2026/01/26","2026/01/28","3775","ガイアックス","名証",,"確報",0,100,33800,0,0,0,33800,0,41100,13891800,0,0,0,13891800,,,0,0,101700,0,0,0,1129.3,847,1694,1129.3,0,0,0
"2026/01/26","2026/01/28","377A","エージェントＩＧＨＤ","名証",,"確報",0,0,200,0,0,0,200,0,0,262000,0,0,0,262000,,,0,0,0,0,0,0,0,0,0,0,0,0,0
"2026/01/26","2026/01/28","3842","ネクストジェン","名証",,"確報",0,0,0,0,0,0,0,0,0,0,0,0,0,0,,,0,0,0,0,0,0,0,0,0,0,0,0,0
"2026/01/26","2026/01/28","391A","山忠","名証",,"確報",0,0,8200,0,0,0,8200,0,0,20778800,0,0,0,20778800,,,0,0,41000,0,0,0,406,203,0,406,0,0,0
"2026/01/26","2026/01/28","3922","ＰＲ　ＴＩＭＥＳ","名証",,"確報",0,0,0,0,0,0,0,0,0,0,0,0,0,0,,,0,0,0,0,0,0,0,0,0,0,0,0,0
"2026/01/26","2026/01/28","3947","ダイナパック","名証",,"確報",0,0,0,0,0,0,0,0,0,0,0,0,0,0,,,0,0,0,0,0,0,0,0,0,0,0,0,0
"2026/01/26","2026/01/28","3958","笹徳印刷","名証",,"確報",0,0,0,0,0,0,0,0,0,0,0,0,0,0,,,0,0,0,0,0,0,0,0,0,0,0,0,0
"2026/01/26","2026/01/28","3974","ＳＣＡＴ","名証",,"確報",0,0,0,0,0,0,0,0,0,0,0,0,0,0,,,0,0,0,0,0,0,0,0,0,0,0,0,0
"2026/01/26","2026/01/28","4062","イビデン","名証",,"確報",0,0,0,0,0,0,0,0,0,0,0,0,0,0,,,0,0,0,0,0,0,0,0,0,0,0,0,0
"2026/01/26","2026/01/28","4063","信越化学工業","名証",,"確報",0,0,0,0,0,0,0,0,0,0,0,0,0,0,,,0,0,0,0,0,0,0,0,0,0,0,0,0
"2026/01/26","2026/01/28","4072","電算システムＨＤ","名証",,"確報",0,0,0,0,0,0,0,0,0,0,0,0,0,0,,,0,0,0,0,0,0,0,0,0,0,0,0,0
"2026/01/26","2026/01/28","4125","三和油化工業","名証",,"確報",0,0,0,0,0,0,0,0,0,0,0,0,0,0,,,0,0,0,0,0,0,0,0,0,0,0,0,0
"2026/01/26","2026/01/28","418A","ウリドキ","名証",,"確報",300,0,52000,0,0,0,52000,265800,0,46072000,0,0,0,46072000,,,0,0,0,1240800,0,0,303.4,171.9,1289.5,303.4,0,0,0
"2026/01/26","2026/01/28","4196","ネオマーケティング","名証",,"確報",0,0,0,0,0,0,0,0,0,0,0,0,0,0,,,0,0,0,0,0,0,0,0,0,0,0,0,0
"2026/01/26","2026/01/28","4206","アイカ工業","名証",,"確報",0,0,0,0,0,0,0,0,0,0,0,0,0,0,,,0,0,0,0,0,0,0,0,0,0,0,0,0
"2026/01/26","2026/01/28","4240","クラスターＴ","名証",,"確報",0,0,0,0,0,0,0,0,0,0,0,0,0,0,,,0,0,0,0,0,0,0,0,0,0,0,0,0
"2026/01/26","2026/01/28","4247","ポバール興業","名証",,"確報",0,0,0,0,0,0,0,0,0,0,0,0,0,0,,,0,0,0,0,0,0,0,0,0,0,0,0,0
"2026/01/26","2026/01/28","4361","川口化学工業","名証",,"確報",0,0,0,0,0,0,0,0,0,0,0,0,0,0,,,0,0,0,0,0,0,0,0,0,0,0,0,0
"2026/01/26","2026/01/28","4430","東海ソフト","名証",,"確報",0,0,0,0,0,0,0,0,0,0,0,0,0,0,,,0,0,0,0,0,0,0,0,0,0,0,0,0
"2026/01/26","2026/01/28","4439","東名","名証",,"確報",0,0,0,0,0,0,0,0,0,0,0,0,0,0,,,0,0,0,0,0,0,0,0,0,0,0,0,0
"2026/01/26","2026/01/28","4445","リビンＴ","名証",,"確報",0,0,0,0,0,0,0,0,0,0,0,0,0,0,,,0,0,0,0,0,0,0,0,0,0,0,0,0
"2026/01/26","2026/01/28","4463","日華化学","名証",,"確報",0,0,0,0,0,0,0,0,0,0,0,0,0,0,,,0,0,0,0,0,0,0,0,0,0,0,0,0
"2026/01/26","2026/01/28","4502","武田薬品工業","名証",,"確報",0,0,0,0,0,0,0,0,0,0,0,0,0,0,,,0,0,0,0,0,0,0,0,0,0,0,0,0
"2026/01/26","2026/01/28","4530","久光製薬","名証",,"確報",0,0,0,0,0,0,0,0,0,0,0,0,0,0,,,0,0,0,0,0,0,0,0,0,0,0,0,0
"2026/01/26","2026/01/28","4616","川上塗料","名証",,"確報",0,0,0,0,0,0,0,0,0,0,0,0,0,0,,,0,0,0,0,0,0,0,0,0,0,0,0,0
"2026/01/26","2026/01/28","4658","日本空調サービス","名証",,"確報",0,0,0,0,0,0,0,0,0,0,0,0,0,0,,,0,0,0,0,0,0,0,0,0,0,0,0,0
"2026/01/26","2026/01/28","4667","アイサンテクノロジー","名証",,"確報",0,0,0,0,0,0,0,0,0,0,0,0,0,0,,,0,0,0,0,0,0,0,0,0,0,0,0,0
"2026/01/26","2026/01/28","4681","リゾートトラスト","名証",,"確報",0,0,0,0,0,0,0,0,0,0,0,0,0,0,,,0,0,0,0,0,0,0,0,0,0,0,0,0
"2026/01/26","2026/01/28","4691","ワシントンホテル","名証",,"確報",0,0,0,0,0,0,0,0,0,0,0,0,0,0,,,0,0,0,0,0,0,0,0,0,0,0,0,0
"2026/01/26","2026/01/28","4732","ユー・エス・エス","名証",,"確報",0,0,0,0,0,0,0,0,0,0,0,0,0,0,,,0,0,0,0,0,0,0,0,0,0,0,0,0
"2026/01/26","2026/01/28","4760","アルファ","名証",,"確報",0,0,0,0,0,0,0,0,0,0,0,0,0,0,,,0,0,0,0,0,0,0,0,0,0,0,0,0
"2026/01/26","2026/01/28","5020","ＥＮＥＯＳ","名証",,"確報",0,0,0,0,0,0,0,0,0,0,0,0,0,0,,,0,0,0,0,0,0,0,0,0,0,0,0,0
"2026/01/26","2026/01/28","5075","アップコン","名証",,"確報",0,200,9300,0,0,0,9300,0,238000,11067000,0,0,0,11067000,,,0,0,9500,0,0,0,317.3,0,158.7,317.3,0,0,0
"2026/01/26","2026/01/28","5191","住友理工","名証",,"確報",0,100,0,0,0,0,0,0,259100,0,0,0,0,0,,,0,0,0,100,0,0,8,0,4,8,0,0,0
"2026/01/26","2026/01/28","5204","石塚硝子","名証",,"確報",0,0,0,0,0,0,0,0,0,0,0,0,0,0,,,0,0,0,0,0,0,0,0,0,0,0,0,0
"2026/01/26","2026/01/28","5241","日本オーエー研究所","名証",,"確報",0,0,3700,0,0,0,3700,0,0,3644500,0,0,0,3644500,,,0,0,0,92500,0,0,0,0,0,0,0,0,0
"2026/01/26","2026/01/28","5271","トーヨーアサノ","名証",,"確報",0,0,0,0,0,0,0,0,0,0,0,0,0,0,,,0,0,0,0,0,0,0,0,0,0,0,0,0
"2026/01/26","2026/01/28","5287","イトーヨーギョー","名証",,"確報",0,0,0,0,0,0,0,0,0,0,0,0,0,0,,,0,0,0,0,0,0,0,0,0,0,0,0,0
"2026/01/26","2026/01/28","5331","ノリタケ","名証",,"確報",0,0,0,0,0,0,0,0,0,0,0,0,0,0,,,0,0,0,0,0,0,0,0,0,0,0,0,0
"2026/01/26","2026/01/28","5332","ＴＯＴＯ","名証",,"確報",0,0,0,0,0,0,0,0,0,0,0,0,0,0,,,0,0,0,0,0,0,0,0,0,0,0,0,0
"2026/01/26","2026/01/28","5333","日本碍子","名証",,"確報",0,0,0,0,0,0,0,0,0,0,0,0,0,0,,,0,0,0,0,0,0,0,0,0,0,0,0,0
"2026/01/26","2026/01/28","5334","日本特殊陶業","名証",,"確報",0,0,0,0,0,0,0,0,0,0,0,0,0,0,,,0,0,0,0,0,0,0,0,0,0,0,0,0
"2026/01/26","2026/01/28","5342","ジャニス工業","名証",,"確報",0,0,0,0,0,0,0,0,0,0,0,0,0,0,,,0,0,0,0,0,0,0,0,0,0,0,0,0
"2026/01/26","2026/01/28","5343","ニッコー","名証",,"確報",0,0,10100,0,0,0,10100,0,0,1454400,0,0,0,1454400,,,0,0,0,0,0,0,339.3,509,254.5,339.3,0,0,0
"2026/01/26","2026/01/28","5344","ＭＡＲＵＷＡ","名証",,"確報",0,0,0,0,0,0,0,0,0,0,0,0,0,0,,,0,0,0,0,0,0,0,0,0,0,0,0,0
"2026/01/26","2026/01/28","5356","美濃窯業","名証",,"確報",0,0,0,0,0,0,0,0,0,0,0,0,0,0,,,0,0,0,0,0,0,0,0,0,0,0,0,0
"2026/01/26","2026/01/28","5384","フジミイン","名証",,"確報",0,0,0,0,0,0,0,0,0,0,0,0,0,0,,,0,0,0,0,0,0,0,0,0,0,0,0,0
"2026/01/26","2026/01/28","5386","鶴弥","名証",,"確報",0,0,0,0,0,0,0,0,0,0,0,0,0,0,,,0,0,0,0,0,0,0,0,0,0,0,0,0
"2026/01/26","2026/01/28","5401","日本製鉄","名証",,"確報",0,0,0,0,0,0,0,0,0,0,0,0,0,0,,,0,0,0,0,0,0,0,0,0,0,0,0,0
"2026/01/26","2026/01/28","5406","神戸製鋼所","名証",,"確報",0,0,0,0,0,0,0,0,0,0,0,0,0,0,,,0,0,0,0,0,0,0,0,0,0,0,0,0
"2026/01/26","2026/01/28","5461","中部鋼鈑","名証",,"確報",0,0,0,0,0,0,0,0,0,0,0,0,0,0,,,0,0,0,0,0,0,0,0,0,0,0,0,0
"2026/01/26","2026/01/28","5471","大同特殊鋼","名証",,"確報",0,0,0,0,0,0,0,0,0,0,0,0,0,0,,,0,0,0,0,0,0,0,0,0,0,0,0,0
"2026/01/26","2026/01/28","5482","愛知製鋼","名証",,"確報",0,0,0,0,0,0,0,0,0,0,0,0,0,0,,,0,0,0,0,0,0,0,0,0,0,0,0,0
"2026/01/26","2026/01/28","5530","日本システムバンク","名証",,"確報",0,0,800,0,0,0,800,0,0,788800,0,0,0,788800,,,0,0,800,0,0,0,12,0,6,12,0,0,0
"2026/01/26","2026/01/28","5589","オートサーバー","名証",,"確報",0,0,0,0,0,0,0,0,0,0,0,0,0,0,,,0,0,0,0,0,0,0,0,0,0,0,0,0
"2026/01/26","2026/01/28","5607","中央可鍛工業","名証",,"確報",1500,400,64900,0,0,0,64900,1089000,290400,47117400,0,0,0,47117400,,,0,0,382800,0,0,0,57.2,49.8,67.1,57.2,0,0,0
"2026/01/26","2026/01/28","5802","住友電気工業","名証",,"確報",0,0,0,0,0,0,0,0,0,0,0,0,0,0,,,0,0,0,0,0,0,0,0,0,0,0,0,0
"2026/01/26","2026/01/28","5918","瀧上工業","名証",,"確報",0,0,0,0,0,0,0,0,0,0,0,0,0,0,,,0,0,0,0,0,0,0,0,0,0,0,0,0
"2026/01/26","2026/01/28","5938","ＬＩＸＩＬ","名証",,"確報",0,0,0,0,0,0,0,0,0,0,0,0,0,0,,,0,0,0,0,0,0,0,0,0,0,0,0,0
"2026/01/26","2026/01/28","5947","リンナイ","名証",,"確報",0,0,0,0,0,0,0,0,0,0,0,0,0,0,,,0,0,0,0,0,0,0,0,0,0,0,0,0
"2026/01/26","2026/01/28","5952","アマテイ","名証",,"確報",0,0,0,0,0,0,0,0,0,0,0,0,0,0,,,0,0,0,0,0,0,0,0,0,0,0,0,0
"2026/01/26","2026/01/28","5979","カネソウ","名証",,"確報",0,0,1200,0,0,0,1200,0,0,6252000,0,0,0,6252000,,,0,0,0,36000,0,0,122,0,61,122,0,0,0
"2026/01/26","2026/01/28","5984","兼房","名証",,"確報",0,0,0,0,0,0,0,0,0,0,0,0,0,0,,,0,0,0,0,0,0,0,0,0,0,0,0,0
"2026/01/26","2026/01/28","5992","中央発條","名証",,"確報",0,0,0,0,0,0,0,0,0,0,0,0,0,0,,,0,0,0,0,0,0,0,0,0,0,0,0,0
"2026/01/26","2026/01/28","5994","ファインシンター","名証",,"確報",0,0,0,0,0,0,0,0,0,0,0,0,0,0,,,0,0,0,0,0,0,0,0,0,0,0,0,0
"2026/01/26","2026/01/28","6025","日本ＰＣサービス","名証",,"確報",0,0,1400,0,0,0,1400,0,0,973000,0,0,0,973000,,,0,0,0,0,0,0,0,0,0,0,0,0,0
"2026/01/26","2026/01/28","6036","ＫｅｅＰｅｒ技研","名証",,"確報",0,0,0,0,0,0,0,0,0,0,0,0,0,0,,,0,0,0,0,0,0,0,0,0,0,0,0,0
"2026/01/26","2026/01/28","6055","ジャパンマテリアル","名証",,"確報",0,0,0,0,0,0,0,0,0,0,0,0,0,0,,,0,0,0,0,0,0,0,0,0,0,0,0,0
"2026/01/26","2026/01/28","6074","ジェイエスエス","名証",,"確報",0,0,0,0,0,0,0,0,0,0,0,0,0,0,,,0,0,0,0,0,0,0,0,0,0,0,0,0
"2026/01/26","2026/01/28","6103","オークマ","名証",,"確報",0,0,0,0,0,0,0,0,0,0,0,0,0,0,,,0,0,0,0,0,0,0,0,0,0,0,0,0
"2026/01/26","2026/01/28","6111","旭精機工業","名証",,"確報",400,300,1600,0,0,0,1600,962800,722100,3851200,0,0,0,3851200,,,0,0,229500,0,0,0,8.7,7.2,10.8,8.7,0,0,0
"2026/01/26","2026/01/28","6134","ＦＵＪＩ","名証",,"確報",0,0,0,0,0,0,0,0,0,0,0,0,0,0,,,0,0,0,0,0,0,0,0,0,0,0,0,0
"2026/01/26","2026/01/28","6136","オーエスジー","名証",,"確報",0,0,0,0,0,0,0,0,0,0,0,0,0,0,,,0,0,0,0,0,0,0,0,0,0,0,0,0
"2026/01/26","2026/01/28","6142","富士精工","名証",,"確報",0,200,3500,0,0,0,3500,0,323800,5666500,0,0,0,5666500,,,0,0,0,3700,0,0,60.7,60.7,60.7,60.7,0,0,0
"2026/01/26","2026/01/28","6201","豊田自動織機","名証",,"確報",0,0,0,0,0,0,0,0,0,0,0,0,0,0,,,0,0,0,0,0,0,0,0,0,0,0,0,0
"2026/01/26","2026/01/28","6203","豊和工業","名証",,"確報",0,0,0,0,0,0,0,0,0,0,0,0,0,0,,,0,0,0,0,0,0,0,0,0,0,0,0,0
"2026/01/26","2026/01/28","6225","エコム","名証",,"確報",0,0,6200,0,0,0,6200,0,0,12325600,0,0,0,12325600,,,0,0,0,148800,0,0,304,152,0,304,0,0,0
"2026/01/26","2026/01/28","6267","ゼネラルパッカー","名証",,"確報",0,0,0,0,0,0,0,0,0,0,0,0,0,0,,,0,0,0,0,0,0,0,0,0,0,0,0,0
"2026/01/26","2026/01/28","6293","日精樹脂工業","名証",,"確報",0,0,0,0,0,0,0,0,0,0,0,0,0,0,,,0,0,0,0,0,0,0,0,0,0,0,0,0
"2026/01/26","2026/01/28","6325","タカキタ","名証",,"確報",0,0,0,0,0,0,0,0,0,0,0,0,0,0,,,0,0,0,0,0,0,0,0,0,0,0,0,0
"2026/01/26","2026/01/28","6339","新東工業","名証",,"確報",0,0,0,0,0,0,0,0,0,0,0,0,0,0,,,0,0,0,0,0,0,0,0,0,0,0,0,0
"2026/01/26","2026/01/28","6340","澁谷工業","名証",,"確報",0,0,0,0,0,0,0,0,0,0,0,0,0,0,,,0,0,0,0,0,0,0,0,0,0,0,0,0
"2026/01/26","2026/01/28","6342","太平製作所","名証",,"確報",0,0,0,0,0,0,0,0,0,0,0,0,0,0,,,0,0,0,0,0,0,0,0,0,0,0,0,0
"2026/01/26","2026/01/28","6345","アイチコーポ","名証",,"確報",0,0,0,0,0,0,0,0,0,0,0,0,0,0,,,0,0,0,0,0,0,0,0,0,0,0,0,0
"2026/01/26","2026/01/28","6346","キクカワエンタ","名証",,"確報",0,0,0,0,0,0,0,0,0,0,0,0,0,0,,,0,0,0,0,0,0,0,0,0,0,0,0,0
"2026/01/26","2026/01/28","6396","宇野澤組鐵工所","名証",,"確報",0,0,0,0,0,0,0,0,0,0,0,0,0,0,,,0,0,0,0,0,0,0,0,0,0,0,0,0
"2026/01/26","2026/01/28","6407","ＣＫＤ","名証",,"確報",0,0,0,0,0,0,0,0,0,0,0,0,0,0,,,0,0,0,0,0,0,0,0,0,0,0,0,0
"2026/01/26","2026/01/28","6430","ダイコク電機","名証",,"確報",0,0,0,0,0,0,0,0,0,0,0,0,0,0,,,0,0,0,0,0,0,0,0,0,0,0,0,0
"2026/01/26","2026/01/28","6439","中日本鋳工","名証",,"確報",0,0,5000,0,0,0,5000,0,0,2055000,0,0,0,2055000,,,0,0,0,0,0,0,6,3,0,6,0,0,0
"2026/01/26","2026/01/28","6448","ブラザー工業","名証",,"確報",0,0,0,0,0,0,0,0,0,0,0,0,0,0,,,0,0,0,0,0,0,0,0,0,0,0,0,0
"2026/01/26","2026/01/28","6465","ホシザキ","名証",,"確報",0,0,0,0,0,0,0,0,0,0,0,0,0,0,,,0,0,0,0,0,0,0,0,0,0,0,0,0
"2026/01/26","2026/01/28","6470","大豊工業","名証",,"確報",0,0,0,0,0,0,0,0,0,0,0,0,0,0,,,0,0,0,0,0,0,0,0,0,0,0,0,0
"2026/01/26","2026/01/28","6473","ジェイテクト","名証",,"確報",0,0,0,0,0,0,0,0,0,0,0,0,0,0,,,0,0,0,0,0,0,0,0,0,0,0,0,0
"2026/01/26","2026/01/28","6501","日立製作所","名証",,"確報",0,0,0,0,0,0,0,0,0,0,0,0,0,0,,,0,0,0,0,0,0,0,0,0,0,0,0,0
"2026/01/26","2026/01/28","6504","富士電機","名証",,"確報",0,0,0,0,0,0,0,0,0,0,0,0,0,0,,,0,0,0,0,0,0,0,0,0,0,0,0,0
"2026/01/26","2026/01/28","6508","明電舎","名証",,"確報",0,0,0,0,0,0,0,0,0,0,0,0,0,0,,,0,0,0,0,0,0,0,0,0,0,0,0,0
"2026/01/26","2026/01/28","6547","グリーンズ","名証",,"確報",0,0,0,0,0,0,0,0,0,0,0,0,0,0,,,0,0,0,0,0,0,0,0,0,0,0,0,0
"2026/01/26","2026/01/28","6564","ミダックＨＤ","名証",,"確報",0,0,0,0,0,0,0,0,0,0,0,0,0,0,,,0,0,0,0,0,0,0,0,0,0,0,0,0
"2026/01/26","2026/01/28","6565","ＡＢホテル","名証",,"確報",0,0,0,0,0,0,0,0,0,0,0,0,0,0,,,0,0,0,0,0,0,0,0,0,0,0,0,0
"2026/01/26","2026/01/28","6586","マキタ","名証",,"確報",0,0,0,0,0,0,0,0,0,0,0,0,0,0,,,0,0,0,0,0,0,0,0,0,0,0,0,0
"2026/01/26","2026/01/28","6615","ＵＭＣエレ","名証",,"確報",0,0,0,0,0,0,0,0,0,0,0,0,0,0,,,0,0,0,0,0,0,0,0,0,0,0,0,0
"2026/01/26","2026/01/28","6623","愛知電機","名証",,"確報",1100,100,26400,0,0,0,26400,8107000,737000,194568000,0,0,0,194568000,,,0,0,0,508000,0,0,67.3,38.9,249,67.3,0,0,0
"2026/01/26","2026/01/28","6651","日東工業","名証",,"確報",0,0,0,0,0,0,0,0,0,0,0,0,0,0,,,0,0,0,0,0,0,0,0,0,0,0,0,0
"2026/01/26","2026/01/28","6655","東洋電機","名証",,"確報",0,0,2600,0,0,0,2600,0,0,2033200,0,0,0,2033200,,,0,0,5200,0,0,0,35.1,17.6,0,35.1,0,0,0
"2026/01/26","2026/01/28","6676","バッファロー","名証",,"確報",0,0,0,0,0,0,0,0,0,0,0,0,0,0,,,0,0,0,0,0,0,0,0,0,0,0,0,0
"2026/01/26","2026/01/28","6702","富士通","名証",,"確報",0,0,0,0,0,0,0,0,0,0,0,0,0,0,,,0,0,0,0,0,0,0,0,0,0,0,0,0
"2026/01/26","2026/01/28","6718","アイホン","名証",,"確報",0,0,0,0,0,0,0,0,0,0,0,0,0,0,,,0,0,0,0,0,0,0,0,0,0,0,0,0
"2026/01/26","2026/01/28","6797","名古屋電機工業","名証",,"確報",0,0,0,0,0,0,0,0,0,0,0,0,0,0,,,0,0,0,0,0,0,0,0,0,0,0,0,0
"2026/01/26","2026/01/28","6846","中央製作所","名証",,"確報",0,0,1800,0,0,0,1800,0,0,2413800,0,0,0,2413800,,,0,0,0,0,0,0,0,0,0,0,0,0,0
"2026/01/26","2026/01/28","6902","デンソー","名証",,"確報",0,0,0,0,0,0,0,0,0,0,0,0,0,0,,,0,0,0,0,0,0,0,0,0,0,0,0,0
"2026/01/26","2026/01/28","6995","東海理化電機製作所","名証",,"確報",0,0,0,0,0,0,0,0,0,0,0,0,0,0,,,0,0,0,0,0,0,0,0,0,0,0,0,0
"2026/01/26","2026/01/28","6999","コーア","名証",,"確報",0,0,0,0,0,0,0,0,0,0,0,0,0,0,,,0,0,0,0,0,0,0,0,0,0,0,0,0
"2026/01/26","2026/01/28","7011","三菱重工業","名証",,"確報",0,0,0,0,0,0,0,0,0,0,0,0,0,0,,,0,0,0,0,0,0,0,0,0,0,0,0,0
"2026/01/26","2026/01/28","7012","川崎重工業","名証",,"確報",0,0,100,0,0,0,100,0,0,1305000,0,0,0,1305000,,,0,0,0,21500,0,0,0,0,0,0,0,0,0
"2026/01/26","2026/01/28","7059","コプロＨＤ","名証",,"確報",0,0,0,0,0,0,0,0,0,0,0,0,0,0,,,0,0,0,0,0,0,0,0,0,0,0,0,0
"2026/01/26","2026/01/28","7073","ジェイック","名証",,"確報",0,0,0,0,0,0,0,0,0,0,0,0,0,0,,,0,0,0,0,0,0,0,0,0,0,0,0,0
"2026/01/26","2026/01/28","7075","ＱＬＳ","名証",,"確報",0,0,0,0,0,0,0,0,0,0,0,0,0,0,,,0,0,0,0,0,0,0,0,0,0,0,0,0
"2026/01/26","2026/01/28","7076","名南Ｍ＆Ａ","名証",,"確報",300,0,6100,0,0,3600,2500,270300,0,5496100,0,0,3243600,2252500,,,0,0,0,40600,25200,0,106,99.7,74.8,85.4,178,178,178
"2026/01/26","2026/01/28","7102","日本車輌製造","名証",,"確報",0,0,0,0,0,0,0,0,0,0,0,0,0,0,,,0,0,0,0,0,0,0,0,0,0,0,0,0
"2026/01/26","2026/01/28","7129","ミアヘルサＨＤ","名証",,"確報",0,0,0,0,0,0,0,0,0,0,0,0,0,0,,,0,0,0,0,0,0,0,0,0,0,0,0,0
"2026/01/26","2026/01/28","7135","ジャパンクラフトＨＤ","名証",,"確報",0,0,0,0,0,0,0,0,0,0,0,0,0,0,,,0,0,0,0,0,0,0,0,0,0,0,0,0
"2026/01/26","2026/01/28","7203","トヨタ自動車","名証",,"確報",0,0,0,0,0,0,0,0,0,0,0,0,0,0,,,0,0,0,0,0,0,0,0,0,0,0,0,0
"2026/01/26","2026/01/28","7205","日野自動車","名証",,"確報",0,0,0,0,0,0,0,0,0,0,0,0,0,0,,,0,0,0,0,0,0,0,0,0,0,0,0,0
"2026/01/26","2026/01/28","7213","レシップＨＤ","名証",,"確報",0,0,0,0,0,0,0,0,0,0,0,0,0,0,,,0,0,0,0,0,0,0,0,0,0,0,0,0
"2026/01/26","2026/01/28","7220","武蔵精密工業","名証",,"確報",0,0,0,0,0,0,0,0,0,0,0,0,0,0,,,0,0,0,0,0,0,0,0,0,0,0,0,0
"2026/01/26","2026/01/28","7227","アスカ","名証",,"確報",0,0,700,0,0,0,700,0,0,1358000,0,0,0,1358000,,,0,0,8400,0,0,0,10,7.5,15,10,0,0,0
"2026/01/26","2026/01/28","7231","トピー工業","名証",,"確報",0,0,0,0,0,0,0,0,0,0,0,0,0,0,,,0,0,0,0,0,0,0,0,0,0,0,0,0
"2026/01/26","2026/01/28","7241","フタバ産業","名証",,"確報",0,0,0,0,0,0,0,0,0,0,0,0,0,0,,,0,0,0,0,0,0,0,0,0,0,0,0,0
"2026/01/26","2026/01/28","7245","大同メタル工業","名証",,"確報",0,0,0,0,0,0,0,0,0,0,0,0,0,0,,,0,0,0,0,0,0,0,0,0,0,0,0,0
"2026/01/26","2026/01/28","7250","太平洋工業","名証",,"確報",0,0,0,0,0,0,0,0,0,0,0,0,0,0,,,0,0,0,0,0,0,0,0,0,0,0,0,0
"2026/01/26","2026/01/28","7259","アイシン","名証",,"確報",0,0,0,0,0,0,0,0,0,0,0,0,0,0,,,0,0,0,0,0,0,0,0,0,0,0,0,0
"2026/01/26","2026/01/28","7266","今仙電機製作所","名証",,"確報",0,0,0,0,0,0,0,0,0,0,0,0,0,0,,,0,0,0,0,0,0,0,0,0,0,0,0,0
"2026/01/26","2026/01/28","7282","豊田合成","名証",,"確報",0,0,0,0,0,0,0,0,0,0,0,0,0,0,,,0,0,0,0,0,0,0,0,0,0,0,0,0
"2026/01/26","2026/01/28","7283","愛三工業","名証",,"確報",0,0,0,0,0,0,0,0,0,0,0,0,0,0,,,0,0,0,0,0,0,0,0,0,0,0,0,0
"2026/01/26","2026/01/28","7322","３３ＦＧ","名証",,"確報",0,0,0,0,0,0,0,0,0,0,0,0,0,0,,,0,0,0,0,0,0,0,0,0,0,0,0,0
"2026/01/26","2026/01/28","7362","Ｔ．Ｓ．Ｉ","名証",,"確報",0,0,0,0,0,0,0,0,0,0,0,0,0,0,,,0,0,0,0,0,0,0,0,0,0,0,0,0
"2026/01/26","2026/01/28","7369","メイホーＨＤ","名証",,"確報",0,0,0,0,0,0,0,0,0,0,0,0,0,0,,,0,0,0,0,0,0,0,0,0,0,0,0,0
"2026/01/26","2026/01/28","7380","十六ＦＧ","名証",,"確報",0,0,0,0,0,0,0,0,0,0,0,0,0,0,,,0,0,0,0,0,0,0,0,0,0,0,0,0
"2026/01/26","2026/01/28","7389","あいちＦＧ","名証",,"確報",0,0,0,0,0,0,0,0,0,0,0,0,0,0,,,0,0,0,0,0,0,0,0,0,0,0,0,0
"2026/01/26","2026/01/28","7412","アトム","名証",,"確報",0,0,0,0,0,0,0,0,0,0,0,0,0,0,,,0,0,0,0,0,0,0,0,0,0,0,0,0
"2026/01/26","2026/01/28","7467","萩原電気ＨＤ","名証",,"確報",0,0,0,0,0,0,0,0,0,0,0,0,0,0,,,0,0,0,0,0,0,0,0,0,0,0,0,0
"2026/01/26","2026/01/28","7485","岡谷鋼機","名証",,"確報",300,0,14400,0,0,0,14400,2850000,0,136800000,0,0,0,136800000,,,0,0,0,1269000,0,0,200.6,117,702,200.6,0,0,0
"2026/01/26","2026/01/28","7488","ヤガミ","名証",,"確報",0,0,1200,0,0,0,1200,0,0,6444000,0,0,0,6444000,,,0,0,24000,0,0,0,0,0,0,0,0,0,0
"2026/01/26","2026/01/28","7514","ヒマラヤ","名証",,"確報",0,0,0,0,0,0,0,0,0,0,0,0,0,0,,,0,0,0,0,0,0,0,0,0,0,0,0,0
"2026/01/26","2026/01/28","7593","ＶＴホールディングス","名証",,"確報",0,0,0,0,0,0,0,0,0,0,0,0,0,0,,,0,0,0,0,0,0,0,0,0,0,0,0,0
"2026/01/26","2026/01/28","7607","進和","名証",,"確報",0,0,0,0,0,0,0,0,0,0,0,0,0,0,,,0,0,0,0,0,0,0,0,0,0,0,0,0
"2026/01/26","2026/01/28","7630","壱番屋","名証",,"確報",0,0,0,0,0,0,0,0,0,0,0,0,0,0,,,0,0,0,0,0,0,0,0,0,0,0,0,0
"2026/01/26","2026/01/28","7649","スギホールディングス","名証",,"確報",0,0,0,0,0,0,0,0,0,0,0,0,0,0,,,0,0,0,0,0,0,0,0,0,0,0,0,0
"2026/01/26","2026/01/28","7675","セントラルフォレスト","名証",,"確報",0,0,0,0,0,0,0,0,0,0,0,0,0,0,,,0,0,0,0,0,0,0,0,0,0,0,0,0
"2026/01/26","2026/01/28","7682","浜木綿","名証",,"確報",0,0,0,0,0,0,0,0,0,0,0,0,0,0,,,0,0,0,0,0,0,0,0,0,0,0,0,0
"2026/01/26","2026/01/28","7723","愛知時計電機","名証",,"確報",0,0,0,0,0,0,0,0,0,0,0,0,0,0,,,0,0,0,0,0,0,0,0,0,0,0,0,0
"2026/01/26","2026/01/28","7747","朝日インテック","名証",,"確報",0,0,0,0,0,0,0,0,0,0,0,0,0,0,,,0,0,0,0,0,0,0,0,0,0,0,0,0
"2026/01/26","2026/01/28","7751","キヤノン","名証",,"確報",0,0,0,0,0,0,0,0,0,0,0,0,0,0,,,0,0,0,0,0,0,0,0,0,0,0,0,0
"2026/01/26","2026/01/28","7780","メニコン","名証",,"確報",0,0,0,0,0,0,0,0,0,0,0,0,0,0,,,0,0,0,0,0,0,0,0,0,0,0,0,0
"2026/01/26","2026/01/28","7790","バルコス","名証",,"確報",0,0,1700,0,0,0,1700,0,0,1805400,0,0,0,1805400,,,0,0,0,0,0,0,0,0,0,0,0,0,0
"2026/01/26","2026/01/28","7805","プリントネット","名証",,"確報",0,0,0,0,0,0,0,0,0,0,0,0,0,0,,,0,0,0,0,0,0,0,0,0,0,0,0,0
"2026/01/26","2026/01/28","7870","福島印刷","名証",,"確報",0,0,7500,0,0,0,7500,0,0,2880000,0,0,0,2880000,,,0,0,0,7500,0,0,27.3,13.6,0,27.3,0,0,0
"2026/01/26","2026/01/28","7871","フクビ化学工業","名証",,"確報",0,0,0,0,0,0,0,0,0,0,0,0,0,0,,,0,0,0,0,0,0,0,0,0,0,0,0,0
"2026/01/26","2026/01/28","7875","竹田ｉＰ","名証",,"確報",0,0,0,0,0,0,0,0,0,0,0,0,0,0,,,0,0,0,0,0,0,0,0,0,0,0,0,0
"2026/01/26","2026/01/28","7878","光・彩","名証",,"確報",0,0,0,0,0,0,0,0,0,0,0,0,0,0,,,0,0,0,0,0,0,0,0,0,0,0,0,0
"2026/01/26","2026/01/28","7896","セブン工業","名証",,"確報",0,0,0,0,0,0,0,0,0,0,0,0,0,0,,,0,0,0,0,0,0,0,0,0,0,0,0,0
"2026/01/26","2026/01/28","7928","旭化学工業","名証",,"確報",0,0,0,0,0,0,0,0,0,0,0,0,0,0,,,0,0,0,0,0,0,0,0,0,0,0,0,0
"2026/01/26","2026/01/28","7931","未来工業","名証",,"確報",0,0,0,0,0,0,0,0,0,0,0,0,0,0,,,0,0,0,0,0,0,0,0,0,0,0,0,0
"2026/01/26","2026/01/28","7943","ニチハ","名証",,"確報",0,0,0,0,0,0,0,0,0,0,0,0,0,0,,,0,0,0,0,0,0,0,0,0,0,0,0,0
"2026/01/26","2026/01/28","7946","光陽社","名証",,"確報",0,0,0,0,0,0,0,0,0,0,0,0,0,0,,,0,0,0,0,0,0,0,0,0,0,0,0,0
"2026/01/26","2026/01/28","7950","日本デコラックス","名証",,"確報",0,0,100,0,0,0,100,0,0,860000,0,0,0,860000,,,0,0,0,24000,0,0,6,3,0,6,0,0,0
"2026/01/26","2026/01/28","7953","菊水化学工業","名証",,"確報",0,0,0,0,0,0,0,0,0,0,0,0,0,0,,,0,0,0,0,0,0,0,0,0,0,0,0,0
"2026/01/26","2026/01/28","7975","リヒトラブ","名証",,"確報",0,0,0,0,0,0,0,0,0,0,0,0,0,0,,,0,0,0,0,0,0,0,0,0,0,0,0,0
"2026/01/26","2026/01/28","8015","豊田通商","名証",,"確報",0,0,0,0,0,0,0,0,0,0,0,0,0,0,,,0,0,0,0,0,0,0,0,0,0,0,0,0
"2026/01/26","2026/01/28","8031","三井物産","名証",,"確報",0,0,0,0,0,0,0,0,0,0,0,0,0,0,,,0,0,0,0,0,0,0,0,0,0,0,0,0
"2026/01/26","2026/01/28","8071","東海エレクトロニクス","名証",,"確報",0,0,500,0,0,0,500,0,0,1500000,0,0,0,1500000,,,0,0,20000,0,0,0,0,0,0,0,0,0,0
"2026/01/26","2026/01/28","8076","カノークス","名証",,"確報",0,0,0,0,0,0,0,0,0,0,0,0,0,0,,,0,0,0,0,0,0,0,0,0,0,0,0,0
"2026/01/26","2026/01/28","8130","サンゲツ","名証",,"確報",0,0,0,0,0,0,0,0,0,0,0,0,0,0,,,0,0,0,0,0,0,0,0,0,0,0,0,0
"2026/01/26","2026/01/28","8145","中部水産","名証",,"確報",0,0,800,0,0,0,800,0,0,2356800,0,0,0,2356800,,,0,0,0,3200,0,0,26,39,19.5,26,0,0,0
"2026/01/26","2026/01/28","8160","木曽路","名証",,"確報",0,0,0,0,0,0,0,0,0,0,0,0,0,0,,,0,0,0,0,0,0,0,0,0,0,0,0,0
"2026/01/26","2026/01/28","8190","ヤマナカ","名証",,"確報",500,0,3900,0,0,0,3900,265500,0,2070900,0,0,0,2070900,,,0,0,0,20400,0,0,30.4,18.6,83.5,30.4,0,0,0
"2026/01/26","2026/01/28","8225","タカチホ","名証",,"確報",0,0,0,0,0,0,0,0,0,0,0,0,0,0,,,0,0,0,0,0,0,0,0,0,0,0,0,0
"2026/01/26","2026/01/28","8228","マルイチ産商","名証",,"確報",0,0,100,0,0,0,100,0,0,121400,0,0,0,121400,,,0,0,200,0,0,0,6,6,6,6,0,0,0
"2026/01/26","2026/01/28","8285","三谷産業","名証",,"確報",0,0,0,0,0,0,0,0,0,0,0,0,0,0,,,0,0,0,0,0,0,0,0,0,0,0,0,0
"2026/01/26","2026/01/28","8306","三菱ＵＦＪＦＧ","名証",,"確報",0,0,0,0,0,0,0,0,0,0,0,0,0,0,,,0,0,0,0,0,0,1,1,1,1,0,0,0
"2026/01/26","2026/01/28","8309","三井住友トラストＧ","名証",,"確報",0,0,0,0,0,0,0,0,0,0,0,0,0,0,,,0,0,0,0,0,0,0,0,0,0,0,0,0
"2026/01/26","2026/01/28","8316","三井住友ＦＧ","名証",,"確報",0,0,0,0,0,0,0,0,0,0,0,0,0,0,,,0,0,0,0,0,0,0,0,0,0,0,0,0
"2026/01/26","2026/01/28","8361","大垣共立銀行","名証",,"確報",0,0,0,0,0,0,0,0,0,0,0,0,0,0,,,0,0,0,0,0,0,0,0,0,0,0,0,0
"2026/01/26","2026/01/28","8368","百五銀行","名証",,"確報",0,0,0,0,0,0,0,0,0,0,0,0,0,0,,,0,0,0,0,0,0,0,0,0,0,0,0,0
"2026/01/26","2026/01/28","8522","名古屋銀行","名証",,"確報",0,0,0,0,0,0,0,0,0,0,0,0,0,0,,,0,0,0,0,0,0,0,0,0,0,0,0,0
"2026/01/26","2026/01/28","8601","大和証券グループ本社","名証",,"確報",0,0,0,0,0,0,0,0,0,0,0,0,0,0,,,0,0,0,0,0,0,0,0,0,0,0,0,0
"2026/01/26","2026/01/28","8604","野村ホールディングス","名証",,"確報",0,0,100,0,0,0,100,0,0,138500,0,0,0,138500,,,0,0,0,4000,0,0,0,0,0,0,0,0,0
"2026/01/26","2026/01/28","8609","岡三証券グループ","名証",,"確報",0,0,0,0,0,0,0,0,0,0,0,0,0,0,,,0,0,0,0,0,0,0,0,0,0,0,0,0
"2026/01/26","2026/01/28","8616","東海東京ＦＨＤ","名証",,"確報",0,0,0,0,0,0,0,0,0,0,0,0,0,0,,,0,0,0,0,0,0,0,0,0,0,0,0,0
"2026/01/26","2026/01/28","8725","ＭＳ＆ＡＤ","名証",,"確報",0,0,0,0,0,0,0,0,0,0,0,0,0,0,,,0,0,0,0,0,0,0,0,0,0,0,0,0
"2026/01/26","2026/01/28","8803","平和不動産","名証",,"確報",0,0,0,0,0,0,0,0,0,0,0,0,0,0,,,0,0,0,0,0,0,0,0,0,0,0,0,0
"2026/01/26","2026/01/28","8891","ＡＭＧＨＤ","名証",,"確報",0,0,0,0,0,0,0,0,0,0,0,0,0,0,,,0,0,0,0,0,0,0,0,0,0,0,0,0
"2026/01/26","2026/01/28","8904","ＡＶＡＮＴＩＡ","名証",,"確報",0,0,0,0,0,0,0,0,0,0,0,0,0,0,,,0,0,0,0,0,0,0,0,0,0,0,0,0
"2026/01/26","2026/01/28","8920","東祥","名証",,"確報",0,0,0,0,0,0,0,0,0,0,0,0,0,0,,,0,0,0,0,0,0,0,0,0,0,0,0,0
"2026/01/26","2026/01/28","8995","誠建設工業","名証",,"確報",0,0,0,0,0,0,0,0,0,0,0,0,0,0,,,0,0,0,0,0,0,0,0,0,0,0,0,0
"2026/01/26","2026/01/28","9022","東海旅客鉄道","名証",,"確報",0,0,0,0,0,0,0,0,0,0,0,0,0,0,,,0,0,0,0,0,0,0,0,0,0,0,0,0
"2026/01/26","2026/01/28","9040","大宝運輸","名証",,"確報",0,0,1000,0,0,0,1000,0,0,4055000,0,0,0,4055000,,,0,0,0,20000,0,0,49,49,49,49,0,0,0
"2026/01/26","2026/01/28","9048","名古屋鉄道","名証",,"確報",0,0,0,0,0,0,0,0,0,0,0,0,0,0,,,0,0,0,0,0,0,0,0,0,0,0,0,0
"2026/01/26","2026/01/28","9073","京極運輸商事","名証",,"確報",0,0,0,0,0,0,0,0,0,0,0,0,0,0,,,0,0,0,0,0,0,0,0,0,0,0,0,0
"2026/01/26","2026/01/28","9076","セイノーＨＤ","名証",,"確報",0,0,0,0,0,0,0,0,0,0,0,0,0,0,,,0,0,0,0,0,0,0,0,0,0,0,0,0
"2026/01/26","2026/01/28","9170","成友興業","名証",,"確報",0,0,0,0,0,0,0,0,0,0,0,0,0,0,,,0,0,0,0,0,0,0,0,0,0,0,0,0
"2026/01/26","2026/01/28","9221","フルハシＥＰＯ","名証",,"確報",0,0,0,0,0,0,0,0,0,0,0,0,0,0,,,0,0,0,0,0,0,0,0,0,0,0,0,0
"2026/01/26","2026/01/28","9223","ＡＳＮＯＶＡ","名証",,"確報",0,0,0,0,0,0,0,0,0,0,0,0,0,0,,,0,0,0,0,0,0,0,0,0,0,0,0,0
"2026/01/26","2026/01/28","9249","日本エコシステム","名証",,"確報",0,0,0,0,0,0,0,0,0,0,0,0,0,0,,,0,0,0,0,0,0,0,0,0,0,0,0,0
"2026/01/26","2026/01/28","9306","東陽倉庫","名証",,"確報",0,0,0,0,0,0,0,0,0,0,0,0,0,0,,,0,0,0,0,0,0,0,0,0,0,0,0,0
"2026/01/26","2026/01/28","9310","日本トランスシティ","名証",,"確報",0,0,0,0,0,0,0,0,0,0,0,0,0,0,,,0,0,0,0,0,0,0,0,0,0,0,0,0
"2026/01/26","2026/01/28","9330","揚羽","名証",,"確報",0,0,0,0,0,0,0,0,0,0,0,0,0,0,,,0,0,0,0,0,0,0,0,0,0,0,0,0
"2026/01/26","2026/01/28","9357","名港海運","名証",,"確報",0,200,1300,0,0,0,1300,0,420200,2731300,0,0,0,2731300,,,0,0,27000,0,0,0,28.4,35.5,23.7,28.4,0,0,0
"2026/01/26","2026/01/28","9359","伊勢湾海運","名証",,"確報",300,0,3400,0,0,0,3400,285000,0,3230000,0,0,0,3230000,,,0,0,0,21700,0,0,18.3,9.1,0,18.3,0,0,0
"2026/01/26","2026/01/28","9368","キムラユニティー","名証",,"確報",0,0,0,0,0,0,0,0,0,0,0,0,0,0,,,0,0,0,0,0,0,0,0,0,0,0,0,0
"2026/01/26","2026/01/28","9402","中部日本放送","名証",,"確報",800,300,21400,0,0,0,21400,818400,306900,21892200,0,0,0,21892200,,,0,0,41800,0,0,0,30.6,58.6,20.7,30.6,0,0,0
"2026/01/26","2026/01/28","9428","クロップス","名証",,"確報",0,0,0,0,0,0,0,0,0,0,0,0,0,0,,,0,0,0,0,0,0,0,0,0,0,0,0,0
"2026/01/26","2026/01/28","9471","文溪堂","名証",,"確報",0,0,200,0,0,0,200,0,0,232800,0,0,0,232800,,,0,0,1000,0,0,0,2,2,2,2,0,0,0
"2026/01/26","2026/01/28","9502","中部電力","名証",,"確報",0,0,0,0,0,0,0,0,0,0,0,0,0,0,,,0,0,0,0,0,0,0,0,0,0,0,0,0
"2026/01/26","2026/01/28","9531","東京瓦斯","名証",,"確報",0,0,0,0,0,0,0,0,0,0,0,0,0,0,,,0,0,0,0,0,0,0,0,0,0,0,0,0
"2026/01/26","2026/01/28","9533","東邦瓦斯","名証",,"確報",0,0,0,0,0,0,0,0,0,0,0,0,0,0,,,0,0,0,0,0,0,0,0,0,0,0,0,0
"2026/01/26","2026/01/28","9643","中日本興業","名証",,"確報",0,0,100,0,0,0,100,0,0,1115000,0,0,0,1115000,,,0,0,0,3000,0,0,0,0,0,0,0,0,0
"2026/01/26","2026/01/28","9664","御園座","名証",,"確報",100,0,400,0,0,0,400,164300,0,657200,0,0,0,657200,,,0,0,300,0,0,0,32,16,0,32,0,0,0
"2026/01/26","2026/01/28","9793","ダイセキ","名証",,"確報",0,0,0,0,0,0,0,0,0,0,0,0,0,0,,,0,0,0,0,0,0,0,0,0,0,0,0,0
"2026/01/26","2026/01/28","9900","サガミＨＤ","名証",,"確報",0,0,0,0,0,0,0,0,0,0,0,0,0,0,,,0,0,0,0,0,0,0,0,0,0,0,0,0
"2026/01/26","2026/01/28","9913","日邦産業","名証",,"確報",0,0,0,0,0,0,0,0,0,0,0,0,0,0,,,0,0,0,0,0,0,0,0,0,0,0,0,0
"2026/01/26","2026/01/28","9914","植松商会","名証",,"確報",0,0,0,0,0,0,0,0,0,0,0,0,0,0,,,0,0,0,0,0,0,0,0,0,0,0,0,0
"2026/01/26","2026/01/28","9956","バローＨＤ","名証",,"確報",0,0,0,0,0,0,0,0,0,0,0,0,0,0,,,0,0,0,0,0,0,0,0,0,0,0,0,0
"2026/01/26","2026/01/28","9969","ショクブン","名証",,"確報",0,0,0,0,0,0,0,0,0,0,0,0,0,0,,,0,0,0,0,0,0,0,0,0,0,0,0,0
"2026/01/26","2026/01/28","9982","タキヒヨー","名証",,"確報",0,0,0,0,0,0,0,0,0,0,0,0,0,0,,,0,0,0,0,0,0,0,0,0,0,0,0,0
"2026/01/26","2026/01/28","9987","スズケン","名証",,"確報",0,0,0,0,0,0,0,0,0,0,0,0,0,0,,,0,0,0,0,0,0,0,0,0,0,0,0,0
"2026/01/26","2026/01/28","1319","ＮＦ日経３００","福証",,"確報",0,0,0,0,0,0,0,0,0,0,0,0,0,0,,,0,0,0,0,0,0,0,0,0,0,0,0,0
"2026/01/26","2026/01/28","1401","エムビーエス","福証",,"確報",0,0,0,0,0,0,0,0,0,0,0,0,0,0,,,0,0,0,0,0,0,0,0,0,0,0,0,0
"2026/01/26","2026/01/28","1419","タマホーム","福証",,"確報",0,0,0,0,0,0,0,0,0,0,0,0,0,0,,,0,0,0,0,0,0,0,0,0,0,0,0,0
"2026/01/26","2026/01/28","1431","Ｌｉｂ　Ｗｏｒｋ","福証",,"確報",0,0,0,0,0,0,0,0,0,0,0,0,0,0,,,0,0,0,0,0,0,0,0,0,0,0,0,0
"2026/01/26","2026/01/28","1518","三井松島ＨＤ","福証",,"確報",0,0,0,0,0,0,0,0,0,0,0,0,0,0,,,0,0,0,0,0,0,0,0,0,0,0,0,0
"2026/01/26","2026/01/28","1771","日本乾溜工業","福証",,"確報",0,100,500,0,0,0,500,0,95000,475000,0,0,0,475000,,,0,0,10200,0,0,0,20.7,31,15.5,20.7,0,0,0
"2026/01/26","2026/01/28","1848","富士ピー・エス","福証",,"確報",0,0,0,0,0,0,0,0,0,0,0,0,0,0,,,0,0,0,0,0,0,0,0,0,0,0,0,0
"2026/01/26","2026/01/28","1959","クラフティア","福証",,"確報",0,0,0,0,0,0,0,0,0,0,0,0,0,0,,,0,0,0,0,0,0,0,0,0,0,0,0,0
"2026/01/26","2026/01/28","1966","高田工業所","福証",,"確報",0,0,0,0,0,0,0,0,0,0,0,0,0,0,,,0,0,0,0,0,0,0,0,0,0,0,0,0
"2026/01/26","2026/01/28","1999","サイタＨＤ","福証",,"確報",0,0,100,0,0,0,100,0,0,430000,0,0,0,430000,,,0,0,0,0,0,0,0,0,0,0,0,0,0
"2026/01/26","2026/01/28","2009","鳥越製粉","福証",,"確報",0,0,0,0,0,0,0,0,0,0,0,0,0,0,,,0,0,0,0,0,0,0,0,0,0,0,0,0
"2026/01/26","2026/01/28","2058","ヒガシマル","福証",,"確報",0,0,0,0,0,0,0,0,0,0,0,0,0,0,,,0,0,0,0,0,0,0,0,0,0,0,0,0
"2026/01/26","2026/01/28","231A","Ｃｒｏｓｓ　Ｅ","福証",,"確報",100,0,4300,0,0,0,4300,117700,0,5061100,0,0,0,5061100,,,0,0,0,12600,0,0,105,105,105,105,0,0,0
"2026/01/26","2026/01/28","2327","日鉄ソリューションズ","福証",,"確報",0,0,0,0,0,0,0,0,0,0,0,0,0,0,,,0,0,0,0,0,0,0,0,0,0,0,0,0
"2026/01/26","2026/01/28","242A","リプライオリティ","福証",,"確報",0,0,2900,0,0,0,2900,0,0,3349500,0,0,0,3349500,,,0,0,0,0,0,0,29,0,14.5,29,0,0,0
"2026/01/26","2026/01/28","272A","グリーンクロスＨＤ","福証",,"確報",0,0,0,0,0,0,0,0,0,0,0,0,0,0,,,0,0,0,0,0,0,0,0,0,0,0,0,0
"2026/01/26","2026/01/28","280A","ＴＭＨ","福証",,"確報",0,0,0,0,0,0,0,0,0,0,0,0,0,0,,,0,0,0,0,0,0,0,0,0,0,0,0,0
"2026/01/26","2026/01/28","2919","マルタイ","福証",,"確報",0,0,0,0,0,0,0,0,0,0,0,0,0,0,,,0,0,0,0,0,0,0,0,0,0,0,0,0
"2026/01/26","2026/01/28","2924","イフジ産業","福証",,"確報",0,0,0,0,0,0,0,0,0,0,0,0,0,0,,,0,0,0,0,0,0,0,0,0,0,0,0,0
"2026/01/26","2026/01/28","2974","大英産業","福証",,"確報",0,0,900,0,0,0,900,0,0,843300,0,0,0,843300,,,0,0,7200,0,0,0,0,0,0,0,0,0,0
"2026/01/26","2026/01/28","2986","ＬＡホールディングス","福証",,"確報",0,0,0,0,0,0,0,0,0,0,0,0,0,0,,,0,0,0,0,0,0,0,0,0,0,0,0,0
"2026/01/26","2026/01/28","3047","ＴＲＵＣＫ－ＯＮＥ","福証",,"確報",0,0,1300,0,0,0,1300,0,0,683800,0,0,0,683800,,,0,0,0,0,0,0,44,33,66,44,0,0,0
"2026/01/26","2026/01/28","3166","ＯＣＨＩＨＤ","福証",,"確報",0,0,0,0,0,0,0,0,0,0,0,0,0,0,,,0,0,0,0,0,0,0,0,0,0,0,0,0
"2026/01/26","2026/01/28","3246","コーセーアールイー","福証",,"確報",0,0,0,0,0,0,0,0,0,0,0,0,0,0,,,0,0,0,0,0,0,0,0,0,0,0,0,0
"2026/01/26","2026/01/28","3261","グランディーズ","福証",,"確報",0,0,0,0,0,0,0,0,0,0,0,0,0,0,,,0,0,0,0,0,0,0,0,0,0,0,0,0
"2026/01/26","2026/01/28","3280","エストラスト","福証",,"確報",0,0,0,0,0,0,0,0,0,0,0,0,0,0,,,0,0,0,0,0,0,0,0,0,0,0,0,0
"2026/01/26","2026/01/28","3286","トラストホールディン","福証",,"確報",0,0,0,0,0,0,0,0,0,0,0,0,0,0,,,0,0,0,0,0,0,0,0,0,0,0,0,0
"2026/01/26","2026/01/28","3297","東武住販","福証",,"確報",0,0,0,0,0,0,0,0,0,0,0,0,0,0,,,0,0,0,0,0,0,0,0,0,0,0,0,0
"2026/01/26","2026/01/28","3359","ｃｏｔｔａ","福証",,"確報",0,0,0,0,0,0,0,0,0,0,0,0,0,0,,,0,0,0,0,0,0,0,0,0,0,0,0,0
"2026/01/26","2026/01/28","3440","日創グループ","福証",,"確報",0,0,0,0,0,0,0,0,0,0,0,0,0,0,,,0,0,0,0,0,0,0,0,0,0,0,0,0
"2026/01/26","2026/01/28","3475","グッドコムアセット","福証",,"確報",0,0,0,0,0,0,0,0,0,0,0,0,0,0,,,0,0,0,0,0,0,0,0,0,0,0,0,0
"2026/01/26","2026/01/28","3494","マリオン","福証",,"確報",0,0,0,0,0,0,0,0,0,0,0,0,0,0,,,0,0,0,0,0,0,0,0,0,0,0,0,0
"2026/01/26","2026/01/28","3824","メディアファイブ","福証",,"確報",0,100,600,0,0,0,600,0,75000,450000,0,0,0,450000,,,0,0,0,7000,0,0,2.8,2.6,3,2.8,0,0,0
"2026/01/26","2026/01/28","3943","大石産業","福証",,"確報",0,0,0,0,0,0,0,0,0,0,0,0,0,0,,,0,0,0,0,0,0,0,0,0,0,0,0,0
"2026/01/26","2026/01/28","4018","ジオロケ","福証",,"確報",0,0,200,0,0,0,200,0,0,210000,0,0,0,210000,,,0,0,0,5600,0,0,0,0,0,0,0,0,0
"2026/01/26","2026/01/28","4250","フロンティア","福証",,"確報",0,0,0,0,0,0,0,0,0,0,0,0,0,0,,,0,0,0,0,0,0,0,0,0,0,0,0,0
"2026/01/26","2026/01/28","4392","ＦＩＧ","福証",,"確報",0,0,0,0,0,0,0,0,0,0,0,0,0,0,,,0,0,0,0,0,0,0,0,0,0,0,0,0
"2026/01/26","2026/01/28","4447","ピー・ビーシステムズ","福証",,"確報",0,0,0,0,0,0,0,0,0,0,0,0,0,0,,,0,0,0,0,0,0,0,0,0,0,0,0,0
"2026/01/26","2026/01/28","4502","武田薬品工業","福証",,"確報",0,0,0,0,0,0,0,0,0,0,0,0,0,0,,,0,0,0,0,0,0,0,0,0,0,0,0,0
"2026/01/26","2026/01/28","4530","久光製薬","福証",,"確報",0,0,0,0,0,0,0,0,0,0,0,0,0,0,,,0,0,0,0,0,0,0,0,0,0,0,0,0
"2026/01/26","2026/01/28","4651","サニックスＨＤ","福証",,"確報",0,0,0,0,0,0,0,0,0,0,0,0,0,0,,,0,0,0,0,0,0,0,0,0,0,0,0,0
"2026/01/26","2026/01/28","4827","ビジネス・ワンＨＤ","福証",,"確報",0,0,1700,0,0,0,1700,0,0,1526600,0,0,0,1526600,,,0,0,0,3400,0,0,0,0,0,0,0,0,0
"2026/01/26","2026/01/28","4892","サイフューズ","福証",,"確報",0,0,0,0,0,0,0,0,0,0,0,0,0,0,,,0,0,0,0,0,0,0,0,0,0,0,0,0
"2026/01/26","2026/01/28","4995","サンケイ化学","福証",,"確報",100,0,4400,0,0,0,4400,163300,0,7185200,0,0,0,7185200,,,0,0,0,245100,0,0,86.4,216,54,86.4,0,0,0
"2026/01/26","2026/01/28","5108","ブリヂストン","福証",,"確報",0,0,0,0,0,0,0,0,0,0,0,0,0,0,,,0,0,0,0,0,0,0,0,0,0,0,0,0
"2026/01/26","2026/01/28","5233","太平洋セメント","福証",,"確報",0,0,0,0,0,0,0,0,0,0,0,0,0,0,,,0,0,0,0,0,0,0,0,0,0,0,0,0
"2026/01/26","2026/01/28","5256","Ｆｕｓｉｃ","福証",,"確報",0,0,0,0,0,0,0,0,0,0,0,0,0,0,,,0,0,0,0,0,0,0,0,0,0,0,0,0
"2026/01/26","2026/01/28","5332","ＴＯＴＯ","福証",,"確報",0,0,0,0,0,0,0,0,0,0,0,0,0,0,,,0,0,0,0,0,0,0,0,0,0,0,0,0
"2026/01/26","2026/01/28","5352","黒崎播磨","福証",,"確報",0,0,0,0,0,0,0,0,0,0,0,0,0,0,,,0,0,0,0,0,0,0,0,0,0,0,0,0
"2026/01/26","2026/01/28","5401","日本製鉄","福証",,"確報",0,0,0,0,0,0,0,0,0,0,0,0,0,0,,,0,0,0,0,0,0,0,0,0,0,0,0,0
"2026/01/26","2026/01/28","5449","大阪製鐵","福証",,"確報",0,0,0,0,0,0,0,0,0,0,0,0,0,0,,,0,0,0,0,0,0,0,0,0,0,0,0,0
"2026/01/26","2026/01/28","5802","住友電気工業","福証",,"確報",0,0,0,0,0,0,0,0,0,0,0,0,0,0,,,0,0,0,0,0,0,0,0,0,0,0,0,0
"2026/01/26","2026/01/28","5953","昭和鉄工","福証",,"確報",0,0,3600,0,0,0,3600,0,0,19980000,0,0,0,19980000,,,0,0,0,0,0,0,362,0,181,362,0,0,0
"2026/01/26","2026/01/28","6076","アメイズ","福証",,"確報",0,0,16400,0,0,0,16400,0,0,20500000,0,0,0,20500000,,,0,0,0,0,0,0,180.7,271,135.5,180.7,0,0,0
"2026/01/26","2026/01/28","6144","西部電機","福証",,"確報",0,0,0,0,0,0,0,0,0,0,0,0,0,0,,,0,0,0,0,0,0,0,0,0,0,0,0,0
"2026/01/26","2026/01/28","6147","ヤマザキ","福証",,"確報",0,0,0,0,0,0,0,0,0,0,0,0,0,0,,,0,0,0,0,0,0,0,0,0,0,0,0,0
"2026/01/26","2026/01/28","6195","ホープ","福証",,"確報",0,0,0,0,0,0,0,0,0,0,0,0,0,0,,,0,0,0,0,0,0,0,0,0,0,0,0,0
"2026/01/26","2026/01/28","6504","富士電機","福証",,"確報",0,0,0,0,0,0,0,0,0,0,0,0,0,0,,,0,0,0,0,0,0,0,0,0,0,0,0,0
"2026/01/26","2026/01/28","6506","安川電機","福証",,"確報",0,0,0,0,0,0,0,0,0,0,0,0,0,0,,,0,0,0,0,0,0,0,0,0,0,0,0,0
"2026/01/26","2026/01/28","6537","ＷＡＳＨハウス","福証",,"確報",0,0,0,0,0,0,0,0,0,0,0,0,0,0,,,0,0,0,0,0,0,0,0,0,0,0,0,0
"2026/01/26","2026/01/28","6622","ダイヘン","福証",,"確報",0,0,0,0,0,0,0,0,0,0,0,0,0,0,,,0,0,0,0,0,0,0,0,0,0,0,0,0
"2026/01/26","2026/01/28","6653","正興電機製作所","福証",,"確報",0,0,0,0,0,0,0,0,0,0,0,0,0,0,,,0,0,0,0,0,0,0,0,0,0,0,0,0
"2026/01/26","2026/01/28","6966","三井ハイテック","福証",,"確報",0,0,0,0,0,0,0,0,0,0,0,0,0,0,,,0,0,0,0,0,0,0,0,0,0,0,0,0
"2026/01/26","2026/01/28","6982","リード","福証",,"確報",0,0,0,0,0,0,0,0,0,0,0,0,0,0,,,0,0,0,0,0,0,0,0,0,0,0,0,0
"2026/01/26","2026/01/28","6998","日本タングステン","福証",,"確報",0,0,0,0,0,0,0,0,0,0,0,0,0,0,,,0,0,0,0,0,0,0,0,0,0,0,0,0
"2026/01/26","2026/01/28","7011","三菱重工業","福証",,"確報",0,0,0,0,0,0,0,0,0,0,0,0,0,0,,,0,0,0,0,0,0,0,0,0,0,0,0,0
"2026/01/26","2026/01/28","7037","テノ．","福証",,"確報",0,0,0,0,0,0,0,0,0,0,0,0,0,0,,,0,0,0,0,0,0,0,0,0,0,0,0,0
"2026/01/26","2026/01/28","7042","アクセスグループ","福証",,"確報",0,0,0,0,0,0,0,0,0,0,0,0,0,0,,,0,0,0,0,0,0,0,0,0,0,0,0,0
"2026/01/26","2026/01/28","7047","ポート","福証",,"確報",0,0,0,0,0,0,0,0,0,0,0,0,0,0,,,0,0,0,0,0,0,0,0,0,0,0,0,0
"2026/01/26","2026/01/28","7130","ヤマエグループＨＤ","福証",,"確報",0,0,0,0,0,0,0,0,0,0,0,0,0,0,,,0,0,0,0,0,0,0,0,0,0,0,0,0
"2026/01/26","2026/01/28","7180","九州ＦＧ","福証",,"確報",0,0,0,0,0,0,0,0,0,0,0,0,0,0,,,0,0,0,0,0,0,0,0,0,0,0,0,0
"2026/01/26","2026/01/28","7189","西日本ＦＨＤ","福証",,"確報",0,0,0,0,0,0,0,0,0,0,0,0,0,0,,,0,0,0,0,0,0,0,0,0,0,0,0,0
"2026/01/26","2026/01/28","7350","おきなわＦＧ","福証",,"確報",0,0,0,0,0,0,0,0,0,0,0,0,0,0,,,0,0,0,0,0,0,0,0,0,0,0,0,0
"2026/01/26","2026/01/28","7414","小野建","福証",,"確報",0,0,0,0,0,0,0,0,0,0,0,0,0,0,,,0,0,0,0,0,0,0,0,0,0,0,0,0
"2026/01/26","2026/01/28","7417","南陽","福証",,"確報",0,0,0,0,0,0,0,0,0,0,0,0,0,0,,,0,0,0,0,0,0,0,0,0,0,0,0,0
"2026/01/26","2026/01/28","7441","Ｍｉｓｕｍｉ","福証",,"確報",0,0,0,0,0,0,0,0,0,0,0,0,0,0,,,0,0,0,0,0,0,0,0,0,0,0,0,0
"2026/01/26","2026/01/28","7525","リックス","福証",,"確報",0,0,0,0,0,0,0,0,0,0,0,0,0,0,,,0,0,0,0,0,0,0,0,0,0,0,0,0
"2026/01/26","2026/01/28","7751","キヤノン","福証",,"確報",0,0,0,0,0,0,0,0,0,0,0,0,0,0,,,0,0,0,0,0,0,0,0,0,0,0,0,0
"2026/01/26","2026/01/28","7813","プラッツ","福証",,"確報",0,0,0,0,0,0,0,0,0,0,0,0,0,0,,,0,0,0,0,0,0,0,0,0,0,0,0,0
"2026/01/26","2026/01/28","7851","カワセコンピュ","福証",,"確報",0,0,0,0,0,0,0,0,0,0,0,0,0,0,,,0,0,0,0,0,0,0,0,0,0,0,0,0
"2026/01/26","2026/01/28","7894","丸東産業","福証",,"確報",0,0,0,0,0,0,0,0,0,0,0,0,0,0,,,0,0,0,0,0,0,0,0,0,0,0,0,0
"2026/01/26","2026/01/28","7957","フジコピアン","福証",,"確報",0,0,0,0,0,0,0,0,0,0,0,0,0,0,,,0,0,0,0,0,0,0,0,0,0,0,0,0
"2026/01/26","2026/01/28","7985","ネポン","福証",,"確報",0,0,0,0,0,0,0,0,0,0,0,0,0,0,,,0,0,0,0,0,0,0,0,0,0,0,0,0
"2026/01/26","2026/01/28","8031","三井物産","福証",,"確報",0,0,0,0,0,0,0,0,0,0,0,0,0,0,,,0,0,0,0,0,0,0,0,0,0,0,0,0
"2026/01/26","2026/01/28","8179","ロイヤルＨＤ","福証",,"確報",0,0,0,0,0,0,0,0,0,0,0,0,0,0,,,0,0,0,0,0,0,0,0,0,0,0,0,0
"2026/01/26","2026/01/28","8200","リンガーハット","福証",,"確報",0,0,0,0,0,0,0,0,0,0,0,0,0,0,,,0,0,0,0,0,0,0,0,0,0,0,0,0
"2026/01/26","2026/01/28","8203","ＭｒＭａｘＨＤ","福証",,"確報",0,0,0,0,0,0,0,0,0,0,0,0,0,0,,,0,0,0,0,0,0,0,0,0,0,0,0,0
"2026/01/26","2026/01/28","8230","はせがわ","福証",,"確報",0,0,0,0,0,0,0,0,0,0,0,0,0,0,,,0,0,0,0,0,0,0,0,0,0,0,0,0
"2026/01/26","2026/01/28","8260","井筒屋","福証",,"確報",0,0,0,0,0,0,0,0,0,0,0,0,0,0,,,0,0,0,0,0,0,0,0,0,0,0,0,0
"2026/01/26","2026/01/28","8354","ふくおかＦＧ","福証",,"確報",0,0,0,0,0,0,0,0,0,0,0,0,0,0,,,0,0,0,0,0,0,0,0,0,0,0,0,0
"2026/01/26","2026/01/28","8392","大分銀行","福証",,"確報",0,0,0,0,0,0,0,0,0,0,0,0,0,0,,,0,0,0,0,0,0,0,0,0,0,0,0,0
"2026/01/26","2026/01/28","8393","宮崎銀行","福証",,"確報",0,0,0,0,0,0,0,0,0,0,0,0,0,0,,,0,0,0,0,0,0,0,0,0,0,0,0,0
"2026/01/26","2026/01/28","8395","佐賀銀行","福証",,"確報",0,0,0,0,0,0,0,0,0,0,0,0,0,0,,,0,0,0,0,0,0,0,0,0,0,0,0,0
"2026/01/26","2026/01/28","8398","筑邦銀行","福証",,"確報",0,0,600,0,0,0,600,0,0,978000,0,0,0,978000,,,0,0,0,22200,0,0,66,0,33,66,0,0,0
"2026/01/26","2026/01/28","8399","琉球銀行","福証",,"確報",0,0,0,0,0,0,0,0,0,0,0,0,0,0,,,0,0,0,0,0,0,0,0,0,0,0,0,0
"2026/01/26","2026/01/28","8554","南日本銀行","福証",,"確報",0,500,14700,0,0,0,14700,0,577500,16978500,0,0,0,16978500,,,0,0,0,76000,0,0,27.8,15.5,133.4,27.8,0,0,0
"2026/01/26","2026/01/28","8559","豊和銀行","福証",,"確報",0,0,0,0,0,0,0,0,0,0,0,0,0,0,,,0,0,0,0,0,0,0,0,0,0,0,0,0
"2026/01/26","2026/01/28","8560","宮崎太陽銀行","福証",,"確報",0,0,0,0,0,0,0,0,0,0,0,0,0,0,,,0,0,0,0,0,0,2,2,2,2,0,0,0
"2026/01/26","2026/01/28","8596","九州リースサービス","福証",,"確報",0,0,0,0,0,0,0,0,0,0,0,0,0,0,,,0,0,0,0,0,0,0,0,0,0,0,0,0
"2026/01/26","2026/01/28","8803","平和不動産","福証",,"確報",0,0,0,0,0,0,0,0,0,0,0,0,0,0,,,0,0,0,0,0,0,0,0,0,0,0,0,0
"2026/01/26","2026/01/28","8968","Ｒ－福岡","福証",,"確報",0,0,0,0,0,0,0,0,0,0,0,0,0,0,,,0,0,0,0,0,0,0,0,0,0,0,0,0
"2026/01/26","2026/01/28","8996","ハウスフリーダム","福証",,"確報",0,0,0,0,0,0,0,0,0,0,0,0,0,0,,,0,0,0,0,0,0,0,0,0,0,0,0,0
"2026/01/26","2026/01/28","9031","西日本鉄道","福証",,"確報",0,0,0,0,0,0,0,0,0,0,0,0,0,0,,,0,0,0,0,0,0,0,0,0,0,0,0,0
"2026/01/26","2026/01/28","9035","第一交通産業","福証",,"確報",0,0,2500,0,0,0,2500,0,0,1847500,0,0,0,1847500,,,0,0,0,2500,0,0,0,0,0,0,0,0,0
"2026/01/26","2026/01/28","9065","山九","福証",,"確報",0,0,0,0,0,0,0,0,0,0,0,0,0,0,,,0,0,0,0,0,0,0,0,0,0,0,0,0
"2026/01/26","2026/01/28","9142","九州旅客鉄道","福証",,"確報",0,0,0,0,0,0,0,0,0,0,0,0,0,0,,,0,0,0,0,0,0,0,0,0,0,0,0,0
"2026/01/26","2026/01/28","9242","メディア総研","福証",,"確報",0,0,0,0,0,0,0,0,0,0,0,0,0,0,,,0,0,0,0,0,0,0,0,0,0,0,0,0
"2026/01/26","2026/01/28","9407","ＲＫＢ毎日ＨＤ","福証",,"確報",0,0,400,0,0,0,400,0,0,2280000,0,0,0,2280000,,,0,0,0,0,0,0,0,0,0,0,0,0,0
"2026/01/26","2026/01/28","9474","ゼンリン","福証",,"確報",0,0,0,0,0,0,0,0,0,0,0,0,0,0,,,0,0,0,0,0,0,0,0,0,0,0,0,0
"2026/01/26","2026/01/28","9508","九州電力","福証",,"確報",0,0,0,0,0,0,0,0,0,0,0,0,0,0,,,0,0,0,0,0,0,0,0,0,0,0,0,0
"2026/01/26","2026/01/28","9511","沖縄電力","福証",,"確報",0,0,0,0,0,0,0,0,0,0,0,0,0,0,,,0,0,0,0,0,0,0,0,0,0,0,0,0
"2026/01/26","2026/01/28","9536","西部ガスＨＤ","福証",,"確報",0,0,0,0,0,0,0,0,0,0,0,0,0,0,,,0,0,0,0,0,0,0,0,0,0,0,0,0
"2026/01/26","2026/01/28","9601","松竹","福証",,"確報",0,0,0,0,0,0,0,0,0,0,0,0,0,0,,,0,0,0,0,0,0,0,0,0,0,0,0,0
"2026/01/26","2026/01/28","9602","東宝","福証",,"確報",0,0,0,0,0,0,0,0,0,0,0,0,0,0,,,0,0,0,0,0,0,0,0,0,0,0,0,0
"2026/01/26","2026/01/28","9635","武蔵野興業","福証",,"確報",0,0,0,0,0,0,0,0,0,0,0,0,0,0,,,0,0,0,0,0,0,0,0,0,0,0,0,0
"2026/01/26","2026/01/28","9656","グリーンランドリゾー","福証",,"確報",0,0,0,0,0,0,0,0,0,0,0,0,0,0,,,0,0,0,0,0,0,0,0,0,0,0,0,0
"2026/01/26","2026/01/28","9942","ジョイフル","福証",,"確報",0,0,1900,0,0,0,1900,0,0,2302800,0,0,0,2302800,,,0,0,1900,0,0,0,90,45,0,90,0,0,0
"2026/01/26","2026/01/28","1319","ＮＦ日経３００","札証",,"確報",0,0,0,0,0,0,0,0,0,0,0,0,0,0,,,0,0,0,0,0,0,0,0,0,0,0,0,0
"2026/01/26","2026/01/28","1449","ＦＵＪＩジャパン","札証",,"確報",0,0,300,0,0,0,300,0,0,75900,0,0,0,75900,,,0,0,0,600,0,0,0,0,0,0,0,0,0
"2026/01/26","2026/01/28","1832","北海電工","札証",,"確報",0,0,5200,0,0,0,5200,0,0,5766800,0,0,0,5766800,,,0,0,0,57200,0,0,10.2,5.1,0,10.2,0,0,0
"2026/01/26","2026/01/28","1840","土屋ホールディングス","札証",,"確報",0,0,0,0,0,0,0,0,0,0,0,0,0,0,,,0,0,0,0,0,0,0,0,0,0,0,0,0
"2026/01/26","2026/01/28","1885","東亜建設工業","札証",,"確報",0,0,0,0,0,0,0,0,0,0,0,0,0,0,,,0,0,0,0,0,0,0,0,0,0,0,0,0
"2026/01/26","2026/01/28","1921","巴コーポレーション","札証",,"確報",0,0,0,0,0,0,0,0,0,0,0,0,0,0,,,0,0,0,0,0,0,0,0,0,0,0,0,0
"2026/01/26","2026/01/28","2137","光ハイツ・ヴェラス","札証",,"確報",0,0,200,0,0,0,200,0,0,138600,0,0,0,138600,,,0,0,0,0,0,0,0,0,0,0,0,0,0
"2026/01/26","2026/01/28","2172","インサイト","札証",,"確報",0,0,0,0,0,0,0,0,0,0,0,0,0,0,,,0,0,0,0,0,0,0,0,0,0,0,0,0
"2026/01/26","2026/01/28","2218","日糧製パン","札証",,"確報",0,0,0,0,0,0,0,0,0,0,0,0,0,0,,,0,0,0,0,0,0,0,0,0,0,0,0,0
"2026/01/26","2026/01/28","2270","雪印メグミルク","札証",,"確報",0,0,0,0,0,0,0,0,0,0,0,0,0,0,,,0,0,0,0,0,0,0,0,0,0,0,0,0
"2026/01/26","2026/01/28","2428","ウェルネット","札証",,"確報",0,0,0,0,0,0,0,0,0,0,0,0,0,0,,,0,0,0,0,0,0,0,0,0,0,0,0,0
"2026/01/26","2026/01/28","2501","サッポロＨＤ","札証",,"確報",0,0,0,0,0,0,0,0,0,0,0,0,0,0,,,0,0,0,0,0,0,0,0,0,0,0,0,0
"2026/01/26","2026/01/28","2573","北海道コカ・コーラ","札証",,"確報",0,0,0,0,0,0,0,0,0,0,0,0,0,0,,,0,0,0,0,0,0,0,0,0,0,0,0,0
"2026/01/26","2026/01/28","2747","北雄ラッキー","札証",,"確報",0,0,0,0,0,0,0,0,0,0,0,0,0,0,,,0,0,0,0,0,0,0,0,0,0,0,0,0
"2026/01/26","2026/01/28","2813","和弘食品","札証",,"確報",0,0,0,0,0,0,0,0,0,0,0,0,0,0,,,0,0,0,0,0,0,0,0,0,0,0,0,0
"2026/01/26","2026/01/28","2928","ＲＩＺＡＰグループ","札証",,"確報",5300,0,213800,0,0,0,213800,1065300,0,42973800,0,0,0,42973800,,,0,0,0,417000,0,0,112.8,142.9,93.2,112.8,0,0,0
"2026/01/26","2026/01/28","2930","北の達人コーポ","札証",,"確報",0,0,0,0,0,0,0,0,0,0,0,0,0,0,,,0,0,0,0,0,0,0,0,0,0,0,0,0
"2026/01/26","2026/01/28","2976","日本グランデ","札証",,"確報",0,0,100,0,0,0,100,0,0,72900,0,0,0,72900,,,0,0,500,0,0,0,0,0,0,0,0,0,0
"2026/01/26","2026/01/28","2986","ＬＡホールディングス","札証",,"確報",0,0,0,0,0,0,0,0,0,0,0,0,0,0,,,0,0,0,0,0,0,0,0,0,0,0,0,0
"2026/01/26","2026/01/28","3055","ほくやく・竹山ＨＤ","札証",,"確報",0,0,1000,0,0,0,1000,0,0,935000,0,0,0,935000,,,0,0,11000,0,0,0,25.5,51,17,25.5,0,0,0
"2026/01/26","2026/01/28","3544","サツドラＨＤ","札証",,"確報",0,0,0,0,0,0,0,0,0,0,0,0,0,0,,,0,0,0,0,0,0,0,0,0,0,0,0,0
"2026/01/26","2026/01/28","3802","エコミック","札証",,"確報",0,0,0,0,0,0,0,0,0,0,0,0,0,0,,,0,0,0,0,0,0,0,0,0,0,0,0,0
"2026/01/26","2026/01/28","3849","日本テクノ・ラボ","札証",,"確報",0,0,400,0,0,0,400,0,0,218000,0,0,0,218000,,,0,0,0,400,0,0,0,0,0,0,0,0,0
"2026/01/26","2026/01/28","3946","トーモク","札証",,"確報",0,0,0,0,0,0,0,0,0,0,0,0,0,0,,,0,0,0,0,0,0,0,0,0,0,0,0,0
"2026/01/26","2026/01/28","3977","フュージョン","札証",,"確報",0,0,200,0,0,0,200,0,0,109600,0,0,0,109600,,,0,0,3600,0,0,0,0,0,0,0,0,0,0
"2026/01/26","2026/01/28","3987","エコモット","札証",,"確報",0,0,0,0,0,0,0,0,0,0,0,0,0,0,,,0,0,0,0,0,0,0,0,0,0,0,0,0
"2026/01/26","2026/01/28","4088","エア・ウォーター","札証",,"確報",0,0,0,0,0,0,0,0,0,0,0,0,0,0,,,0,0,0,0,0,0,0,0,0,0,0,0,0
"2026/01/26","2026/01/28","4320","ＣＥホールディングス","札証",,"確報",0,0,0,0,0,0,0,0,0,0,0,0,0,0,,,0,0,0,0,0,0,0,0,0,0,0,0,0
"2026/01/26","2026/01/28","4502","武田薬品工業","札証",,"確報",0,0,0,0,0,0,0,0,0,0,0,0,0,0,,,0,0,0,0,0,0,0,0,0,0,0,0,0
"2026/01/26","2026/01/28","4766","ピーエイ","札証",,"確報",0,0,0,0,0,0,0,0,0,0,0,0,0,0,,,0,0,0,0,0,0,0,0,0,0,0,0,0
"2026/01/26","2026/01/28","4834","キャリアバンク","札証",,"確報",0,0,1000,0,0,0,1000,0,0,1179000,0,0,0,1179000,,,0,0,0,19000,0,0,0,0,0,0,0,0,0
"2026/01/26","2026/01/28","5039","キットアライブ","札証",,"確報",0,0,400,0,0,0,400,0,0,620000,0,0,0,620000,,,0,0,12800,0,0,0,12,0,6,12,0,0,0
"2026/01/26","2026/01/28","5351","品川リフラ","札証",,"確報",0,0,0,0,0,0,0,0,0,0,0,0,0,0,,,0,0,0,0,0,0,0,0,0,0,0,0,0
"2026/01/26","2026/01/28","5380","新東","札証",,"確報",0,0,0,0,0,0,0,0,0,0,0,0,0,0,,,0,0,0,0,0,0,0,0,0,0,0,0,0
"2026/01/26","2026/01/28","5401","日本製鉄","札証",,"確報",0,0,0,0,0,0,0,0,0,0,0,0,0,0,,,0,0,0,0,0,0,0,0,0,0,0,0,0
"2026/01/26","2026/01/28","5902","ホッカンＨＤ","札証",,"確報",0,0,0,0,0,0,0,0,0,0,0,0,0,0,,,0,0,0,0,0,0,0,0,0,0,0,0,0
"2026/01/26","2026/01/28","6147","ヤマザキ","札証",,"確報",0,0,0,0,0,0,0,0,0,0,0,0,0,0,,,0,0,0,0,0,0,0,0,0,0,0,0,0
"2026/01/26","2026/01/28","6546","フルテック","札証",,"確報",0,0,0,0,0,0,0,0,0,0,0,0,0,0,,,0,0,0,0,0,0,0,0,0,0,0,0,0
"2026/01/26","2026/01/28","7011","三菱重工業","札証",,"確報",0,0,0,0,0,0,0,0,0,0,0,0,0,0,,,0,0,0,0,0,0,0,0,0,0,0,0,0
"2026/01/26","2026/01/28","7512","イオン北海道","札証",,"確報",0,0,0,0,0,0,0,0,0,0,0,0,0,0,,,0,0,0,0,0,0,0,0,0,0,0,0,0
"2026/01/26","2026/01/28","7531","清和中央ＨＤ","札証",,"確報",0,0,0,0,0,0,0,0,0,0,0,0,0,0,,,0,0,0,0,0,0,0,0,0,0,0,0,0
"2026/01/26","2026/01/28","7643","ダイイチ","札証",,"確報",0,0,0,0,0,0,0,0,0,0,0,0,0,0,,,0,0,0,0,0,0,0,0,0,0,0,0,0
"2026/01/26","2026/01/28","7751","キヤノン","札証",,"確報",0,0,0,0,0,0,0,0,0,0,0,0,0,0,,,0,0,0,0,0,0,0,0,0,0,0,0,0
"2026/01/26","2026/01/28","8031","三井物産","札証",,"確報",0,0,0,0,0,0,0,0,0,0,0,0,0,0,,,0,0,0,0,0,0,0,0,0,0,0,0,0
"2026/01/26","2026/01/28","8085","ナラサキ産業","札証",,"確報",0,0,0,0,0,0,0,0,0,0,0,0,0,0,,,0,0,0,0,0,0,0,0,0,0,0,0,0
"2026/01/26","2026/01/28","8104","クワザワＨＤ","札証",,"確報",0,0,0,0,0,0,0,0,0,0,0,0,0,0,,,0,0,0,0,0,0,0,0,0,0,0,0,0
"2026/01/26","2026/01/28","8341","七十七銀行","札証",,"確報",0,0,0,0,0,0,0,0,0,0,0,0,0,0,,,0,0,0,0,0,0,0,0,0,0,0,0,0
"2026/01/26","2026/01/28","8377","ほくほくＦＧ","札証",,"確報",0,0,0,0,0,0,0,0,0,0,0,0,0,0,,,0,0,0,0,0,0,0,0,0,0,0,0,0
"2026/01/26","2026/01/28","8524","北洋銀行","札証",,"確報",0,0,0,0,0,0,0,0,0,0,0,0,0,0,,,0,0,0,0,0,0,0,0,0,0,0,0,0
"2026/01/26","2026/01/28","8594","中道リース","札証",,"確報",0,0,0,0,0,0,0,0,0,0,0,0,0,0,,,0,0,0,0,0,0,0,0,0,0,0,0,0
"2026/01/26","2026/01/28","8803","平和不動産","札証",,"確報",0,0,0,0,0,0,0,0,0,0,0,0,0,0,,,0,0,0,0,0,0,0,0,0,0,0,0,0
"2026/01/26","2026/01/28","9027","ロジネット　ジャパン","札証",,"確報",0,0,200,0,0,0,200,0,0,799000,0,0,0,799000,,,0,0,0,0,0,0,0,0,0,0,0,0,0
"2026/01/26","2026/01/28","9085","北海道中央バス","札証",,"確報",0,0,400,0,0,0,400,0,0,2472000,0,0,0,2472000,,,0,0,48000,0,0,0,0,0,0,0,0,0,0
"2026/01/26","2026/01/28","9450","ファイバーゲート","札証",,"確報",0,0,0,0,0,0,0,0,0,0,0,0,0,0,,,0,0,0,0,0,0,0,0,0,0,0,0,0
"2026/01/26","2026/01/28","9509","北海道電力","札証",,"確報",0,0,0,0,0,0,0,0,0,0,0,0,0,0,,,0,0,0,0,0,0,0,0,0,0,0,0,0
"2026/01/26","2026/01/28","9534","北海道瓦斯","札証",,"確報",0,0,0,0,0,0,0,0,0,0,0,0,0,0,,,0,0,0,0,0,0,0,0,0,0,0,0,0
"2026/01/26","2026/01/28","9601","松竹","札証",,"確報",0,0,0,0,0,0,0,0,0,0,0,0,0,0,,,0,0,0,0,0,0,0,0,0,0,0,0,0
"2026/01/26","2026/01/28","9627","アインＨＤ","札証",,"確報",0,0,0,0,0,0,0,0,0,0,0,0,0,0,,,0,0,0,0,0,0,0,0,0,0,0,0,0
"2026/01/26","2026/01/28","9678","カナモト","札証",,"確報",0,0,0,0,0,0,0,0,0,0,0,0,0,0,,,0,0,0,0,0,0,0,0,0,0,0,0,0
"2026/01/26","2026/01/28","9776","札幌臨床検査センター","札証",,"確報",0,0,0,0,0,0,0,0,0,0,0,0,0,0,,,0,0,0,0,0,0,0,0,0,0,0,0,0
"2026/01/26","2026/01/28","9812","テーオーＨＤ","札証",,"確報",0,0,0,0,0,0,0,0,0,0,0,0,0,0,,,0,0,0,0,0,0,0,0,0,0,0,0,0
"2026/01/26","2026/01/28","9843","ニトリＨＤ","札証",,"確報",0,0,0,0,0,0,0,0,0,0,0,0,0,0,,,0,0,0,0,0,0,0,0,0,0,0,0,0
"2026/01/26","2026/01/28","9948","アークス","札証",,"確報",0,0,0,0,0,0,0,0,0,0,0,0,0,0,,,0,0,0,0,0,0,0,0,0,0,0,0,0
"2026/01/26","2026/01/28","9987","スズケン","札証",,"確報",0,0,0,0,0,0,0,0,0,0,0,0,0,0,,,0,0,0,0,0,0,0,0,0,0,0,0,0
