品貸料率一覧,,,,,,,,,,,,,,,
（注）取引所区分「東証」の貸株超過株数は東証およびPTSの貸借残高を合算した貸株超過株数です。最高料率および前日品貸料率は１日１株・口当り、また当日品貸料率は１日１株・口当りの品貸料率に当日品貸日数を乗じて表示してあります。,,,,,,,,,,,,,,,
抽出条件,全体,,,,,,,,,,,,,,
貸借申込日,決済日,コード,銘柄名,取引所区分,決算事由,決算等,貸借値段（円）,貸株超過株数,最高料率（円）,当日品貸料率（円）,当日品貸日数,前日品貸料率（円）,備考,制限,応札倍率ランク
20260212,20260216,1305,ｉＦＴＰＸ年１,東証,決算,20260710,4118.00,1300,10.00,0.50,1,*****,,,F
20260212,20260216,1306,ＮＦＴＯＰＩＸ,東証,決算,20260710,4077.00,10710,10.00,0.00,1,*****,,,F
20260212,20260216,1308,上場ＴＯＰＩＸ,東証,決算,20260708,4025.00,5175,60.00,0.00,1,0.00,,,F
20260212,20260216,1320,ｉＦ２２５年１,東証,決算,20260710,59710.00,11190,120.00,5.00,1,5.00,,,F
20260212,20260216,1321,ＮＦ日経２２５,東証,決算,20260708,59910.00,49508,120.00,5.00,1,5.00,,,F
20260212,20260216,1330,上場２２５,東証,決算,20260708,59970.00,7266,120.00,5.00,1,5.00,,,F
20260212,20260216,1332,ニッスイ,東証,決算,20260331,1543.50,0,3.20,*****,*****,*****,満額,,
20260212,20260216,1346,ＭＸＳ２２５,東証,決算,20260716,59570.00,1899,120.00,5.00,1,5.00,,,F
20260212,20260216,1358,上場日経２倍,東証,決算,20260710,106250.00,3906,440.00,5.00,1,5.00,,注意,B
20260212,20260216,135A,ＶＲＡＩＮ,東証,決算,20260228,2555.00,0,5.20,*****,*****,*****,満額,,
20260212,20260216,1364,ｉＳＪＰＸ日経４００,東証,決算,20260809,3570.00,0,60.00,*****,*****,*****,満額,,
20260212,20260216,1365,ｉＦ２２５ダブル,東証,決算,20270110,85950.00,2325,360.00,5.00,1,5.00,,注意,D
20260212,20260216,1367,ｉＦＴＰＸダブル,東証,決算,20270110,70910.00,90,160.00,0.00,1,0.00,,,F
20260212,20260216,1369,Ｏｎｅ・日経２２５,東証,決算,20260708,57830.00,440,120.00,5.00,1,5.00,,,F
20260212,20260216,1377,サカタのタネ,東証,決算,20260531,4325.00,0,8.80,*****,*****,0.05,満額,,
20260212,20260216,1398,ＳＭＤＡＭ　Ｊリート,東証,決算,20260308,2074.00,2280,8.00,0.50,1,*****,,,F
20260212,20260216,1418,インターライフＨＤ,東証,決算,20260228,595.00,8400,2.40,0.05,1,0.05,,停止,F
20260212,20260216,1419,タマホーム,東証,決算,20260228,3880.00,302800,15.60,0.20,1,0.20,,停止,D
20260212,20260216,141A,トライアル,東証,決算,20260630,3190.00,89600,6.40,0.05,1,0.00,,,F
20260212,20260216,1431,Ｌｉｂ　Ｗｏｒｋ,東証,決算,20260331,650.00,20100,1.40,0.05,1,0.00,,,F
20260212,20260216,1433,ベステラ,東証,決算,20260731,1224.00,0,2.60,*****,*****,*****,満額,,
20260212,20260216,1458,楽天２２５ダブルブル,東証,決算,20260315,66670.00,2378,140.00,5.00,1,5.00,,,E
20260212,20260216,1474,Ｏｎｅ・ＪＰＸ４００,東証,決算,20260708,35460.00,0,90.00,*****,*****,*****,満額,,
20260212,20260216,1477,ｉＳＭＳＣＩ最小分散,東証,決算,20260809,3312.00,13,60.00,0.00,1,5.00,,,F
20260212,20260216,147A,ソラコム,東証,決算,20260430,1171.00,49500,2.40,0.05,1,0.05,,,E
20260212,20260216,1487,上場米債ヘッジあり,東証,決算,20260710,12415.00,0,70.00,*****,*****,*****,満額,,
20260212,20260216,1493,Ｏｎｅ・中小型,東証,決算,20260708,24685.00,0,80.00,*****,*****,5.00,満額,,
20260212,20260216,1497,ｉＳ米＄ＨＹ社債ヘジ,東証,決算,20260411,1793.00,0,60.00,*****,*****,*****,満額,,
20260212,20260216,1514,住石ホールディングス,東証,決算,20260331,962.00,0,4.00,*****,*****,*****,満額,停止,
20260212,20260216,153A,カウリス,東証,決算,20260630,1364.00,53400,2.80,0.10,1,0.10,,,D
20260212,20260216,1545,ナスダックヘッジ無,東証,決算,20260810,39090.00,2681,90.00,0.00,1,0.00,,,F
20260212,20260216,1546,ダウヘッジ無,東証,決算,20260810,75230.00,0,160.00,*****,*****,*****,満額,,
20260212,20260216,1554,上場インデＭＳ世界,東証,決算,20270120,6060.00,621,60.00,5.00,1,*****,,,F
20260212,20260216,1555,上場インデＡリート,東証,決算,20260310,2491.00,13,60.00,5.00,1,5.00,,,F
20260212,20260216,155A,情報戦略テクノロジー,東証,決算,20260630,1293.00,0,2.60,*****,*****,*****,満額,,
20260212,20260216,1560,ＮＦマレーシア株,東証,決算,20260810,6850.00,0,60.00,*****,*****,*****,満額,,
20260212,20260216,1568,ＴＰレバレッジダブル,東証,決算,20260220,919.40,815850,12.00,0.50,1,*****,,,D
20260212,20260216,1569,トピックスインバース,東証,決算,20260220,807.50,0,12.00,*****,*****,*****,満額,,
20260212,20260216,1573,Ｈ株インバース,東証,決算,20261204,7574.00,390,32.00,0.50,1,*****,,注意,D
20260212,20260216,1578,上場インデ２２５ミニ,東証,決算,20260708,4607.00,2296,60.00,5.00,1,5.00,,,E
20260212,20260216,1579,日経レバレッジダブル,東証,決算,20260220,603.50,514710,12.00,0.50,1,0.00,,,F
20260212,20260216,1585,ｉＦＥＸ－Ｆ,東証,決算,20260710,2540.00,10,8.00,0.50,1,0.50,,,F
20260212,20260216,1591,ＮＦＪＰＸ４００,東証,決算,20260407,35150.00,13,90.00,5.00,1,5.00,,,F
20260212,20260216,1592,上場ＪＰＸ日経４００,東証,決算,20260708,3223.00,0,60.00,*****,*****,*****,満額,,
20260212,20260216,1593,ＭＸＳＪＰＸ４００,東証,決算,20260716,36000.00,0,90.00,*****,*****,*****,満額,,
20260212,20260216,1596,ＮＺＡＭ　Ｅｘ―Ｆ,東証,決算,20260715,2800.00,0,8.00,*****,*****,*****,満額,,
20260212,20260216,1617,ＮＦ食品Ｔ１７,東証,決算,20260715,45420.00,0,100.00,*****,*****,*****,満額,,
20260212,20260216,1622,ＮＦ自動車Ｔ１７,東証,決算,20260715,39250.00,6,90.00,5.00,1,5.00,,,F
20260212,20260216,1624,ＮＦ機械Ｔ１７,東証,決算,20260715,94840.00,0,200.00,*****,*****,*****,満額,,
20260212,20260216,1625,ＮＦ電機精密Ｔ１７,東証,決算,20260715,53820.00,58,120.00,5.00,1,5.00,,,F
20260212,20260216,1626,ＮＦ情通・他Ｔ１７,東証,決算,20260715,40150.00,0,100.00,*****,*****,*****,満額,,
20260212,20260216,1627,ＮＦ電力ガスＴ１７,東証,決算,20260715,13090.00,0,70.00,*****,*****,*****,満額,,
20260212,20260216,1629,ＮＦ商社卸売Ｔ１７,東証,決算,20260715,143350.00,0,300.00,*****,*****,*****,満額,,
20260212,20260216,1630,ＮＦ小売Ｔ１７,東証,決算,20260715,39880.00,0,90.00,*****,*****,*****,満額,,
20260212,20260216,1633,ＮＦ不動産Ｔ１７,東証,決算,20260715,64490.00,0,140.00,*****,*****,*****,満額,,
20260212,20260216,1653,ｉＦＥＳＧセレクト,東証,決算,20260710,5003.00,1000,12.00,0.50,1,0.50,,,E
20260212,20260216,1659,ｉＳ米国リート,東証,決算,20260509,3521.00,45,60.00,0.00,1,0.00,,,F
20260212,20260216,1660,ＭＸＳ高利Ｊリート,東証,決算,20260410,11705.00,0,70.00,*****,*****,*****,満額,,
20260212,20260216,1663,Ｋ＆Ｏエナジー,東証,決算,20260630,4775.00,0,9.60,*****,*****,*****,満額,,
20260212,20260216,1671,ＷＴＩ原油ＥＴＦ,東証,決算,20260715,3300.00,6808,60.00,0.00,1,0.00,,,F
20260212,20260216,167A,リョーサン菱洋,東証,決算,20260331,3350.00,0,6.80,*****,*****,*****,満額,,
20260212,20260216,1681,上場ＭＳエマ,東証,決算,20270120,2981.00,0,60.00,*****,*****,*****,満額,,
20260212,20260216,1699,ＮＦ原油先物,東証,決算,20270210,422.90,29040,6.00,0.00,1,0.50,,,F
20260212,20260216,1721,コムシスＨＤ,東証,決算,20260331,5427.00,0,11.00,*****,*****,*****,満額,,
20260212,20260216,1762,高松コンストラクシＧ,東証,決算,20260331,4340.00,24000,8.80,0.10,1,0.20,,,F
20260212,20260216,1766,東建コーポレーション,東証,決算,20260430,15130.00,6500,30.40,0.65,1,0.65,,,F
20260212,20260216,1786,オリエンタル白石,東証,決算,20260331,437.00,116000,1.00,0.05,1,0.00,,,F
20260212,20260216,1808,長谷工コーポ,東証,決算,20260331,3491.00,3800,7.00,0.00,1,0.00,,,F
20260212,20260216,1811,銭高組,東証,決算,20260331,9300.00,0,18.60,*****,*****,*****,満額,,
20260212,20260216,1813,不動テトラ,東証,決算,20260331,3850.00,0,7.80,*****,*****,*****,満額,,
20260212,20260216,1814,大末建設,東証,決算,20260331,4345.00,0,8.80,*****,*****,*****,満額,,
20260212,20260216,1820,西松建設,東証,決算,20260331,6595.00,600,13.20,0.00,1,*****,,,F
20260212,20260216,1822,大豊建設,東証,決算,20260331,830.00,0,1.80,*****,*****,*****,満額,,
20260212,20260216,1833,奥村組,東証,決算,20260331,7400.00,0,14.80,*****,*****,*****,満額,,
20260212,20260216,1860,戸田建設,東証,決算,20260331,1580.50,0,3.20,*****,*****,*****,満額,,
20260212,20260216,1861,熊谷組,東証,決算,20260331,2014.00,0,4.20,*****,*****,*****,満額,,
20260212,20260216,186A,アストロスケール,東証,決算,20260430,1045.00,0,2.20,*****,*****,*****,満額,,
20260212,20260216,1879,新日本建設,東証,決算,20260331,2139.00,0,4.40,*****,*****,*****,満額,,
20260212,20260216,1925,大和ハウス工業,東証,決算,20260331,5710.00,0,11.60,*****,*****,0.00,満額,,
20260212,20260216,1926,ライト工業,東証,決算,20260331,4005.00,0,8.20,*****,*****,*****,満額,,
20260212,20260216,1939,四電工,東証,決算,20260331,2055.00,0,4.20,*****,*****,*****,満額,,
20260212,20260216,1941,中電工,東証,決算,20260331,4940.00,100,10.00,0.00,1,*****,,,F
20260212,20260216,1942,関電工,東証,決算,20260331,6408.00,369900,13.00,0.30,1,0.25,,,F
20260212,20260216,1949,住友電設,東証,決算,20260331,9700.00,100,19.40,0.20,1,0.05,,,F
20260212,20260216,1961,三機工業,東証,決算,20260331,7870.00,0,15.80,*****,*****,*****,満額,,
20260212,20260216,1965,テクノ菱和,東証,決算,20260331,8790.00,0,17.60,*****,*****,*****,満額,,
20260212,20260216,1976,明星工業,東証,決算,20260331,1907.00,42400,4.00,0.10,1,0.10,,,F
20260212,20260216,1979,大氣社,東証,決算,20260331,3920.00,0,8.00,*****,*****,*****,満額,,
20260212,20260216,197A,タウンズ,東証,決算,20260331,564.00,0,1.20,*****,*****,*****,満額,,
20260212,20260216,2001,ニップン,東証,決算,20260331,2834.00,0,5.80,*****,*****,*****,満額,,
20260212,20260216,2002,日清製粉グループ本社,東証,決算,20260331,2152.50,0,4.40,*****,*****,*****,満額,,
20260212,20260216,2003,日東富士製粉,東証,臨時,20260331,7200.00,2000,14.40,0.30,1,0.15,,,F
20260212,20260216,200A,日経半導体株ＥＴＦ,東証,決算,20260407,3216.00,0,60.00,*****,*****,*****,満額,,
20260212,20260216,2017,ｉＦＪＰＸプラ１５０,東証,決算,20260410,1427.00,240,60.00,5.00,1,*****,,,E
20260212,20260216,201A,ｉＳＮＩＦＴＹ５０,東証,決算,20260809,196.00,0,6.00,*****,*****,*****,満額,,
20260212,20260216,2053,中部飼料,東証,決算,20260331,1977.00,0,4.00,*****,*****,*****,満額,,
20260212,20260216,2080,ＰＢＲ１倍割れ解消,東証,決算,20260910,1905.00,0,60.00,*****,*****,*****,満額,,
20260212,20260216,2085,ＭＸ高配日株ア,東証,決算,20260410,762.30,110,6.00,0.00,1,*****,,,F
20260212,20260216,2086,ＮＺＡＭ　ＳＰ５Ｈ,東証,決算,20260415,2827.00,10,120.00,5.00,1,5.00,,注意,F
20260212,20260216,2109,ＤＭ三井製糖,東証,決算,20260331,3535.00,0,7.20,*****,*****,*****,満額,,
20260212,20260216,2117,ウェルネオシュガー,東証,決算,20260331,3005.00,0,6.20,*****,*****,*****,満額,,
20260212,20260216,2138,クルーズ,東証,決算,20260331,611.00,12600,1.40,0.05,1,0.05,,,F
20260212,20260216,2139,中広,東証,決算,20260331,489.00,0,1.00,*****,*****,*****,満額,,
20260212,20260216,2146,ＵＴグループ,東証,決算,20260331,210.00,0,1.00,*****,*****,*****,満額,,
20260212,20260216,215A,タイミー,東証,決算,20260430,1298.00,174000,2.60,0.00,1,0.05,,,F
20260212,20260216,2160,ジーエヌアイグループ,東証,決算,20260331,2550.00,0,5.20,*****,*****,*****,満額,,
20260212,20260216,2168,パソナグループ,東証,決算,20260531,2054.00,36300,4.20,0.10,1,0.10,,,F
20260212,20260216,2169,ＣＤＳ,東証,決算,20260630,1832.00,0,3.80,*****,*****,*****,満額,,
20260212,20260216,2175,エス・エム・エス,東証,決算,20260331,1777.00,39100,3.60,0.05,1,0.05,,,F
20260212,20260216,2193,クックパッド,東証,決算,20260630,152.00,175900,1.00,0.00,1,0.00,,,F
20260212,20260216,2198,アイ・ケイ・ケイＨＤ,東証,決算,20260430,806.00,0,1.80,*****,*****,*****,満額,,
20260212,20260216,219A,Ｈｅａｒｔｓｅｅｄ,東証,決算,20260630,1960.00,397600,8.00,0.10,1,0.10,,停止,C
20260212,20260216,2204,中村屋,東証,決算,20260331,3185.00,100,6.40,0.00,1,0.00,,,F
20260212,20260216,2206,江崎グリコ,東証,決算,20260630,5833.00,37000,11.80,0.25,1,0.25,,,E
20260212,20260216,2211,不二家,東証,決算,20260630,2535.00,31100,5.20,0.10,1,0.10,,,F
20260212,20260216,2212,山崎製パン,東証,決算,20260630,3585.00,0,7.20,*****,*****,*****,満額,,
20260212,20260216,2216,カンロ,東証,決算,20260630,1584.00,0,3.20,*****,*****,*****,満額,,
20260212,20260216,2217,モロゾフ,東証,決算,20260731,1502.00,66200,3.20,0.10,1,0.10,,,E
20260212,20260216,221A,ＭＸＳ日経半導体株,東証,決算,20260726,840.00,5740,12.00,0.50,1,*****,,注意,C
20260212,20260216,2222,寿スピリッツ,東証,決算,20260331,2076.00,18100,4.20,0.05,1,0.05,,,F
20260212,20260216,2226,湖池屋,東証,決算,20260331,4660.00,700,9.40,0.00,1,0.10,,,F
20260212,20260216,2229,カルビー,東証,決算,20260331,3078.00,0,6.20,*****,*****,0.00,満額,,
20260212,20260216,223A,ＧＸＡＩビッグデータ,東証,決算,20260724,1391.00,0,60.00,*****,*****,*****,満額,,
20260212,20260216,2259,ｉＳフランス国債ヘジ,東証,決算,20260411,189.90,10,6.00,0.00,1,*****,,,E
20260212,20260216,2266,六甲バター,東証,決算,20260630,1227.00,17800,2.60,0.05,1,0.05,,,F
20260212,20260216,2269,明治ホールディングス,東証,決算,20260331,3835.00,0,7.80,*****,*****,*****,満額,,
20260212,20260216,2270,雪印メグミルク,東証,決算,20260331,3580.00,0,7.20,*****,*****,*****,満額,,
20260212,20260216,2282,日本ハム,東証,決算,20260331,6826.00,17500,13.80,0.05,1,0.00,,,F
20260212,20260216,2288,丸大食品,東証,決算,20260331,2385.00,2400,4.80,0.00,1,*****,,,F
20260212,20260216,2291,福留ハム,東証,決算,20260331,641.00,17600,1.40,0.05,1,0.00,,,E
20260212,20260216,2292,エス　フーズ,東証,決算,20260228,3210.00,0,6.60,*****,*****,*****,満額,,
20260212,20260216,2294,柿安本店,東証,決算,20260430,2886.00,0,5.80,*****,*****,*****,満額,,
20260212,20260216,2296,伊藤ハム米久ＨＤ,東証,決算,20260331,6260.00,0,12.60,*****,*****,*****,満額,,
20260212,20260216,2305,スタジオアリス,東証,決算,20260228,2000.00,14700,4.00,0.05,1,0.05,,,F
20260212,20260216,2325,ＮＪＳ,東証,決算,20260630,5000.00,5500,10.00,0.05,1,0.20,,,F
20260212,20260216,2327,日鉄ソリューションズ,東証,決算,20260331,3712.00,0,7.60,*****,*****,0.00,満額,,
20260212,20260216,2335,キューブシステム,東証,決算,20260331,1106.00,0,2.40,*****,*****,*****,満額,,
20260212,20260216,2337,いちご,東証,決算,20260228,449.00,206800,1.00,0.05,1,0.00,,,F
20260212,20260216,2353,日本駐車場開発,東証,決算,20260731,289.00,172800,1.00,0.05,1,0.00,,,F
20260212,20260216,236A,ｉＳ日本国債七十,東証,決算,20260411,455.60,2610,6.00,0.00,1,*****,,,E
20260212,20260216,2371,カカクコム,東証,決算,20260331,1768.00,24600,3.60,0.00,1,0.00,,,F
20260212,20260216,2378,ルネサンス,東証,決算,20260331,1106.00,76700,2.40,0.05,1,0.05,,,F
20260212,20260216,2389,デジタルＨＤ,東証,決算,20260331,2012.00,3800,8.40,0.05,1,0.10,,停止,F
20260212,20260216,2404,鉄人化ＨＤ,東証,決算,20260228,501.00,0,1.20,*****,*****,*****,満額,,
20260212,20260216,241A,ＲＯＸＸ,東証,決算,20260331,570.00,0,2.40,*****,*****,*****,満額,停止,
20260212,20260216,2433,博報堂ＤＹＨＤ,東証,決算,20260331,1131.50,13600,2.40,0.05,1,0.05,,,F
20260212,20260216,2438,アスカネット,東証,決算,20260430,386.00,0,1.00,*****,*****,*****,満額,,
20260212,20260216,2440,ぐるなび,東証,決算,20260331,157.00,210700,1.00,0.00,1,0.05,,,E
20260212,20260216,2461,ファンコミュニ,東証,決算,20260630,482.00,75300,1.00,0.05,1,0.05,,,E
20260212,20260216,2471,エスプール,東証,決算,20260531,261.00,0,1.00,*****,*****,*****,満額,,
20260212,20260216,2475,ＷＤＢＨＤ,東証,決算,20260331,1626.00,0,3.40,*****,*****,*****,満額,,
20260212,20260216,2477,手間いらず,東証,決算,20260630,3160.00,0,6.40,*****,*****,*****,満額,,
20260212,20260216,2484,出前館,東証,決算,20260228,137.00,487000,1.00,0.05,1,0.00,,,E
20260212,20260216,2489,アドウェイズ,東証,決算,20260630,290.00,0,1.00,*****,*****,*****,満額,,
20260212,20260216,2491,バリューコマース,東証,決算,20260630,464.00,0,1.00,*****,*****,0.05,満額,,
20260212,20260216,2492,インフォマート,東証,決算,20260630,401.00,0,1.00,*****,*****,*****,満額,,
20260212,20260216,2497,ユナイテッド,東証,決算,20260331,533.00,109700,1.20,0.05,1,0.05,,,F
20260212,20260216,2501,サッポロＨＤ,東証,決算,20260630,1757.00,300400,3.60,0.10,1,0.10,,,F
20260212,20260216,2510,ＮＦ国内債券,東証,決算,20260307,832.20,0,6.00,*****,*****,*****,満額,,
20260212,20260216,2512,ＮＦ外債ヘッジ有,東証,決算,20260307,755.10,0,6.00,*****,*****,*****,満額,,
20260212,20260216,2514,ＮＦ外株ヘッジ有,東証,決算,20260307,1898.00,15,60.00,5.00,1,*****,,,E
20260212,20260216,2516,東証グロース２５０,東証,決算,20260708,577.80,248960,6.00,0.50,1,*****,,,E
20260212,20260216,2517,ＭＸＳＪリートコア,東証,決算,20260510,1207.50,0,7.00,*****,*****,*****,満額,,
20260212,20260216,2518,ＮＦ日本株女性活躍,東証,決算,20260420,2203.00,12,60.00,5.00,1,*****,,,F
20260212,20260216,2520,ＮＦ新興国株式ヘ無,東証,決算,20260307,2122.00,206,60.00,0.00,1,0.00,,,F
20260212,20260216,2527,ＮＺＡＭＪリートコア,東証,決算,20260715,1216.00,0,60.00,*****,*****,*****,満額,,
20260212,20260216,2528,ｉＦＪリートコア,東証,決算,20260310,1217.00,6,60.00,5.00,1,*****,,,F
20260212,20260216,2531,宝ホールディングス,東証,決算,20260331,1581.00,91600,3.20,0.10,1,0.10,,,F
20260212,20260216,2533,オエノンＨＤ,東証,決算,20260630,466.00,0,1.00,*****,*****,*****,満額,,
20260212,20260216,253A,ＥＴＳグループ,東証,決算,20260331,1304.00,0,2.80,*****,*****,*****,満額,,
20260212,20260216,2554,ＮＦ米社債ヘ有,東証,決算,20260307,779.80,10,6.00,0.00,1,0.00,,,F
20260212,20260216,2558,ＭＸＳ米株ＳＰ５００,東証,臨時,20260608,30610.00,0,90.00,*****,*****,*****,満額,,
20260212,20260216,2561,ｉＳ日本国債,東証,決算,20260411,2086.00,0,60.00,*****,*****,*****,満額,,
20260212,20260216,2562,上場ダウヘッジあり,東証,決算,20260708,3557.00,1440,60.00,5.00,1,5.00,,,F
20260212,20260216,2563,ｉＳＳＰ５百米株ヘジ,東証,決算,20260809,374.00,120230,6.00,0.00,1,0.00,,,F
20260212,20260216,2567,ＮＺＡＭ　カーボン,東証,決算,20260815,506.00,250,6.00,0.50,1,0.50,,,F
20260212,20260216,2569,上場ＮＳＱ１００ヘ有,東証,決算,20260708,3743.00,0,60.00,*****,*****,*****,満額,,
20260212,20260216,256A,飛島ホールディングス,東証,決算,20260331,2650.00,0,5.40,*****,*****,*****,満額,,
20260212,20260216,2579,コカ・コーラＢＪＨ,東証,決算,20260331,3579.00,38800,7.20,0.00,1,0.00,,,F
20260212,20260216,2587,サントリー食品インタ,東証,決算,20260331,4786.00,0,9.60,*****,*****,0.15,満額,,
20260212,20260216,2590,ＤｙＤｏ,東証,決算,20260720,2559.00,92200,5.20,0.10,1,0.10,,,E
20260212,20260216,2593,伊藤園,東証,決算,20260430,3085.00,200,6.20,0.00,1,*****,,,F
20260212,20260216,2594,キーコーヒー,東証,決算,20260331,2013.00,78800,4.20,0.05,1,0.05,,,F
20260212,20260216,2602,日清オイリオグループ,東証,決算,20260331,5900.00,10700,11.80,0.25,1,0.25,,,F
20260212,20260216,2607,不二製油,東証,決算,20260331,4034.00,0,8.20,*****,*****,*****,満額,,
20260212,20260216,2613,Ｊ－オイルミルズ,東証,決算,20260331,2049.00,16300,4.20,0.10,1,0.05,,,F
20260212,20260216,2620,ｉＳ米国債一三,東証,決算,20260411,358.10,230,6.00,0.00,1,0.00,,,F
20260212,20260216,2624,ｉＦ２２５年４,東証,決算,20260410,5790.00,454,60.00,5.00,1,5.00,,,F
20260212,20260216,2626,ＧＸデジタル日株,東証,決算,20260724,2945.00,0,60.00,*****,*****,*****,満額,,
20260212,20260216,2631,ＭＸＳナス１００,東証,決算,20260608,27670.00,55,80.00,0.00,1,5.00,,,F
20260212,20260216,2632,ＭＸＳナス１００ヘ有,東証,決算,20260608,15600.00,0,70.00,*****,*****,*****,満額,,
20260212,20260216,2636,ＧＸガバナンス日株,東証,決算,20260324,4665.00,18,60.00,5.00,1,5.00,,,F
20260212,20260216,2637,ＧＸクリーン日株,東証,決算,20260324,2365.00,4,60.00,5.00,1,5.00,,,F
20260212,20260216,2640,ＧＸゲームアニメ日株,東証,決算,20260624,4005.00,0,60.00,*****,*****,*****,満額,,
20260212,20260216,2648,米債７－１０ヘッジ有,東証,決算,20260307,3526.00,0,120.00,*****,*****,*****,満額,注意,
20260212,20260216,2664,カワチ薬品,東証,決算,20260315,3110.00,20200,6.40,0.00,1,0.00,,,F
20260212,20260216,2667,イメージ　ワン,東証,決算,20260331,298.00,0,2.00,*****,*****,*****,満額,注意,
20260212,20260216,2669,カネ美食品,東証,決算,20260228,3555.00,5800,14.40,0.05,1,0.05,,注意,F
20260212,20260216,2676,高千穂交易,東証,決算,20260331,2117.00,100100,4.40,0.10,1,0.10,,,E
20260212,20260216,2678,アスクル,東証,決算,20260520,1370.00,0,2.80,*****,*****,*****,満額,,
20260212,20260216,2685,アンドエスティＨＤ,東証,決算,20260228,2995.00,0,6.00,*****,*****,*****,満額,,
20260212,20260216,2692,伊藤忠食品,東証,決算,20260331,12010.00,3400,24.20,0.05,1,0.00,,,F
20260212,20260216,2694,焼肉坂井ＨＤ,東証,決算,20260331,74.00,0,1.00,*****,*****,*****,満額,,
20260212,20260216,2695,くら寿司,東証,決算,20260430,3530.00,0,7.20,*****,*****,*****,満額,,
20260212,20260216,2702,日本マクドナルドＨＤ,東証,決算,20260630,7030.00,64400,14.20,0.30,1,0.30,,,F
20260212,20260216,2705,大戸屋ＨＤ,東証,決算,20260331,6760.00,0,27.20,*****,*****,*****,満額,注意,
20260212,20260216,2730,エディオン,東証,決算,20260331,2261.00,0,4.60,*****,*****,*****,満額,,
20260212,20260216,2734,サーラコーポ,東証,決算,20260531,1176.00,35900,2.40,0.05,1,0.05,,,F
20260212,20260216,2742,ハローズ,東証,決算,20260228,4915.00,0,10.00,*****,*****,*****,満額,,
20260212,20260216,2749,ＪＰホールディングス,東証,決算,20260331,738.00,42700,1.60,0.00,1,0.00,,,F
20260212,20260216,2751,テンポスＨＤ,東証,決算,20260430,3825.00,0,7.80,*****,*****,*****,満額,,
20260212,20260216,2752,フジオフードＧ本社,東証,決算,20260630,1074.00,252400,2.20,0.05,1,0.05,,,D
20260212,20260216,2778,パレモ・ＨＤ,東証,決算,20260220,151.00,0,4.00,*****,*****,*****,満額,停止,
20260212,20260216,2782,セリア,東証,決算,20260331,4300.00,0,8.60,*****,*****,*****,満額,,
20260212,20260216,2784,アルフレッサＨＤ,東証,決算,20260331,2537.50,9300,5.20,0.05,1,0.10,,,F
20260212,20260216,2791,大黒天物産,東証,決算,20260531,5580.00,18500,11.20,0.10,1,0.00,,,F
20260212,20260216,2792,ハニーズＨＬＤ,東証,決算,20260531,1523.00,700,3.20,0.00,1,*****,,,F
20260212,20260216,2801,キッコーマン,東証,決算,20260331,1495.50,0,3.00,*****,*****,*****,満額,,
20260212,20260216,2804,ブルドックソース,東証,決算,20260331,1942.00,10300,4.00,0.05,1,0.05,,,F
20260212,20260216,2809,キユーピー,東証,決算,20260531,4626.00,45800,9.40,0.20,1,0.20,,,F
20260212,20260216,2810,ハウス食品Ｇ本社,東証,決算,20260331,3106.00,40000,6.40,0.15,1,0.15,,,F
20260212,20260216,2811,カゴメ,東証,決算,20260630,2877.00,300,5.80,0.00,1,0.00,,,F
20260212,20260216,2815,アリアケジャパン,東証,決算,20260331,5900.00,0,11.80,*****,*****,*****,満額,,
20260212,20260216,2818,ピエトロ,東証,決算,20260331,1773.00,2300,3.60,0.10,1,0.05,,,F
20260212,20260216,2819,エバラ食品工業,東証,決算,20260331,2753.00,400,5.60,0.10,1,0.05,,,F
20260212,20260216,2837,ＧＸ中小リーダー日株,東証,決算,20260624,3333.00,0,60.00,*****,*****,*****,満額,,
20260212,20260216,2851,ｉＳＭＳＣＩＪＳＲＩ,東証,決算,20260809,363.90,10,6.00,0.00,1,*****,,,F
20260212,20260216,2852,ｉＳグリーンＪリート,東証,決算,20260509,194.70,0,6.00,*****,*****,*****,満額,,
20260212,20260216,2853,ｉＳ気候外国債券ヘジ,東証,決算,20260411,634.30,20,6.00,0.50,1,*****,,,E
20260212,20260216,2855,ＧＸグリＪリート,東証,決算,20260224,1052.00,0,120.00,*****,*****,*****,満額,,
20260212,20260216,2871,ニチレイ,東証,決算,20260331,2051.50,318200,4.20,0.05,1,0.05,,,F
20260212,20260216,2874,横浜冷凍,東証,決算,20260331,1390.00,101600,2.80,0.05,1,0.05,,,F
20260212,20260216,2875,東洋水産,東証,決算,20260331,11975.00,11100,24.00,0.50,1,0.25,,,F
20260212,20260216,2882,イートアンドＨＤ,東証,決算,20260228,2092.00,54500,8.40,0.10,1,0.05,,注意,E
20260212,20260216,2884,ヨシムラフードＨＤ,東証,決算,20260228,1018.00,36500,4.40,0.05,1,0.05,,注意,F
20260212,20260216,2908,フジッコ,東証,決算,20260331,1631.00,56100,3.40,0.10,1,0.10,,,E
20260212,20260216,2910,ロック・フィールド,東証,決算,20260430,1415.00,50600,3.00,0.05,1,0.05,,,F
20260212,20260216,2915,ケンコーマヨネーズ,東証,決算,20260331,2142.00,12900,4.40,0.05,1,0.05,,,F
20260212,20260216,2922,なとり,東証,決算,20260331,1935.00,49600,4.00,0.10,1,0.10,,,E
20260212,20260216,2930,北の達人コーポ,東証,決算,20260228,145.00,156700,2.00,0.05,1,0.05,,注意,F
20260212,20260216,2931,ユーグレナ,東証,決算,20260630,415.00,0,1.00,*****,*****,*****,満額,,
20260212,20260216,2936,ベースフード,東証,決算,20260228,359.00,314000,2.00,0.05,1,0.05,,注意,D
20260212,20260216,2937,サンクゼール,東証,決算,20260331,1745.00,4700,3.60,0.10,1,0.10,,,F
20260212,20260216,2938,オカムラ食品工業,東証,決算,20260630,1143.00,107500,2.40,0.05,1,0.05,,,D
20260212,20260216,2982,ＡＤワークスグループ,東証,決算,20260331,435.00,0,1.00,*****,*****,*****,満額,,
20260212,20260216,3001,片倉工業,東証,決算,20260630,3145.00,26200,6.40,0.15,1,0.15,,,F
20260212,20260216,3002,グンゼ,東証,決算,20260331,4570.00,15600,9.20,0.00,1,0.00,,,F
20260212,20260216,3003,ヒューリック,東証,決算,20260331,2038.50,5000,4.20,0.00,1,*****,,,F
20260212,20260216,3028,アルペン,東証,決算,20260630,2236.00,0,4.60,*****,*****,*****,満額,,
20260212,20260216,3031,ラクーンＨＤ,東証,決算,20260430,665.00,0,1.40,*****,*****,*****,満額,,
20260212,20260216,3036,アルコニックス,東証,決算,20260331,3200.00,0,6.40,*****,*****,*****,満額,,
20260212,20260216,3041,ビューティカダンＨＤ,東証,決算,20260630,481.00,0,1.00,*****,*****,*****,満額,,
20260212,20260216,3042,セキュアヴェイル,東証,決算,20260331,384.00,0,1.00,*****,*****,*****,満額,,
20260212,20260216,3048,ビックカメラ,東証,決算,20260228,1785.00,101200,3.60,0.05,1,0.10,,,F
20260212,20260216,3050,ＤＣＭＨＤ,東証,決算,20260228,1711.00,9500,3.60,0.05,1,0.05,,,F
20260212,20260216,3053,ペッパーフドサビス,東証,決算,20260630,175.00,333100,1.00,0.05,1,0.05,,,F
20260212,20260216,3058,三洋堂ＨＤ,東証,決算,20260331,695.00,2400,1.40,0.05,1,0.05,,,E
20260212,20260216,3063,ジェイグループＨＤ,東証,決算,20260228,847.00,15800,3.60,0.05,1,0.05,,注意,F
20260212,20260216,3067,東京一番フーズ,東証,決算,20260331,453.00,5100,1.00,0.05,1,0.00,,,F
20260212,20260216,3076,あいホールディングス,東証,決算,20260630,2805.00,0,5.80,*****,*****,*****,満額,,
20260212,20260216,3079,ディーブイエックス,東証,決算,20260331,1232.00,8100,2.60,0.00,1,0.00,,,E
20260212,20260216,3082,きちりＨＤ,東証,決算,20260630,939.00,2100,2.00,0.05,1,0.05,,,F
20260212,20260216,3086,Ｊ．フロントリテイリ,東証,決算,20260228,2732.00,52200,5.60,0.10,1,0.10,,,F
20260212,20260216,3087,ドトール・日レスＨＤ,東証,決算,20260228,2976.00,6500,6.00,0.00,1,0.00,,,F
20260212,20260216,3092,ＺＯＺＯ,東証,決算,20260331,1156.50,9700,2.40,0.00,1,0.00,,,F
20260212,20260216,3097,物語コーポレーション,東証,決算,20260630,4955.00,11000,10.00,0.10,1,0.20,,,F
20260212,20260216,3099,三越伊勢丹ホールディ,東証,決算,20260331,3149.00,58300,6.40,0.10,1,0.10,,,F
20260212,20260216,3103,ユニチカ,東証,決算,20260331,1372.00,40600,2.80,0.00,1,*****,,,F
20260212,20260216,3104,富士紡ＨＤ,東証,臨時,20260331,10370.00,0,20.80,*****,*****,*****,満額,,
20260212,20260216,3105,日清紡ＨＤ,東証,決算,20260630,1582.00,55400,3.20,0.00,1,*****,,,F
20260212,20260216,3106,倉敷紡績,東証,決算,20260331,10350.00,14100,20.80,0.45,1,0.40,,,E
20260212,20260216,3116,トヨタ紡織,東証,決算,20260331,3176.00,0,6.40,*****,*****,*****,満額,,
20260212,20260216,3121,マーチャントバンカズ,東証,決算,20260430,229.00,27300,2.00,0.05,1,*****,,注意,F
20260212,20260216,3134,Ｈａｍｅｅ,東証,決算,20260430,488.00,0,1.00,*****,*****,*****,満額,,
20260212,20260216,3140,ＢＲＵＮＯ,東証,決算,20260630,1036.00,4600,2.20,0.00,1,0.00,,,F
20260212,20260216,3148,クリエイトＳＤＨＤ,東証,決算,20260531,3385.00,0,6.80,*****,*****,0.10,満額,,
20260212,20260216,3151,バイタルＫＳＫＨＤ,東証,決算,20260331,1379.00,0,2.80,*****,*****,*****,満額,,
20260212,20260216,3156,レスター,東証,決算,20260331,3050.00,2600,6.20,0.10,1,0.00,,,F
20260212,20260216,3160,大光,東証,決算,20260531,578.00,3700,1.20,0.00,1,0.00,,,F
20260212,20260216,3167,ＴＯＫＡＩ　ＨＤ,東証,決算,20260331,1206.00,600,2.60,0.05,1,0.05,,,F
20260212,20260216,3168,ＭＥＲＦ,東証,決算,20260228,1130.00,10300,2.40,0.00,1,*****,,,F
20260212,20260216,3172,ティーライフ,東証,決算,20260731,1157.00,0,4.80,*****,*****,0.05,満額,注意,
20260212,20260216,3178,チムニー,東証,決算,20260331,1315.00,105000,5.60,0.10,1,0.10,,注意,E
20260212,20260216,3179,シュッピン,東証,決算,20260331,1282.00,0,2.60,*****,*****,*****,満額,,
20260212,20260216,3182,オイラ大地,東証,決算,20260331,1446.00,0,3.00,*****,*****,*****,満額,,
20260212,20260216,3183,ウイン・パートナーズ,東証,決算,20260331,1449.00,0,3.00,*****,*****,*****,満額,,
20260212,20260216,3186,ネクステージ,東証,決算,20260531,3555.00,15400,7.20,0.10,1,*****,,,F
20260212,20260216,3191,ジョイフル本田,東証,決算,20260620,2218.00,52400,4.60,0.05,1,0.05,,,F
20260212,20260216,3193,エターナルホスピＧ,東証,決算,20260731,3455.00,3000,7.00,0.10,1,*****,,,F
20260212,20260216,3195,ジェネレーションパス,東証,決算,20260430,569.00,80400,1.20,0.05,1,0.05,,,E
20260212,20260216,3196,ホットランドＨＤ,東証,決算,20260630,1977.00,59100,4.00,0.05,1,0.05,,,F
20260212,20260216,3197,すかいらーくＨＤ,東証,決算,20260331,3457.00,83900,7.00,0.10,1,0.15,,,F
20260212,20260216,3199,綿半ホールディングス,東証,決算,20260331,1495.00,0,3.00,*****,*****,*****,満額,,
20260212,20260216,3201,日本毛織,東証,決算,20260531,2010.00,25900,4.20,0.05,1,0.05,,,F
20260212,20260216,3205,ダイドーリミテッド,東証,決算,20260331,1232.00,406000,2.60,0.10,1,0.05,,,D
20260212,20260216,3221,ヨシックスＨＤ,東証,決算,20260331,3510.00,26500,7.20,0.10,1,0.10,,,F
20260212,20260216,3226,Ｒ－三井不アコモ,東証,決算,20260228,140100.00,308,300.00,5.00,1,*****,,,F
20260212,20260216,3234,Ｒ－森ヒルズ,東証,決算,20260731,147900.00,998,300.00,0.00,1,0.00,,,F
20260212,20260216,3242,アーバネット,東証,決算,20260331,576.00,0,1.20,*****,*****,*****,満額,,
20260212,20260216,325A,ＴＥＮＴＩＡＬ,東証,決算,20260228,3920.00,0,16.00,*****,*****,*****,満額,注意,
20260212,20260216,3276,ＪＰＭＣ,東証,決算,20260331,1321.00,0,2.80,*****,*****,*****,満額,,
20260212,20260216,3279,アクティビア・プロパ,東証,決算,20260531,146400.00,72,300.00,5.00,1,5.00,,,F
20260212,20260216,3282,コンフォリアレジデン,東証,決算,20260731,112200.00,0,240.00,*****,*****,*****,満額,,
20260212,20260216,3288,オープンハウスＧ,東証,決算,20260331,11045.00,40500,22.20,0.50,1,0.40,,,F
20260212,20260216,3289,東急不動産ＨＤ,東証,決算,20260331,1582.00,0,3.20,*****,*****,*****,満額,,
20260212,20260216,3291,飯田グループＨＤ,東証,決算,20260331,2704.00,5900,5.60,0.05,1,0.05,,,F
20260212,20260216,3294,イーグランド,東証,決算,20260331,2232.00,0,4.60,*****,*****,*****,満額,,
20260212,20260216,3302,帝国繊維,東証,決算,20260331,3285.00,17900,6.60,0.15,1,0.15,,,F
20260212,20260216,3315,日本コークス工業,東証,決算,20260331,130.00,67200,1.00,0.00,1,0.05,,,F
20260212,20260216,3320,クロスプラス,東証,決算,20260731,1450.00,0,3.00,*****,*****,*****,満額,,
20260212,20260216,3329,東和フードサービス,東証,決算,20260430,2120.00,0,4.40,*****,*****,*****,満額,,
20260212,20260216,3333,あさひ,東証,決算,20260220,1310.00,3600,5.60,0.00,1,0.00,,,F
20260212,20260216,3374,内外テック,東証,決算,20260331,2496.00,0,5.00,*****,*****,*****,満額,,
20260212,20260216,3382,セブン＆アイＨＤ,東証,決算,20260228,2355.50,0,4.80,*****,*****,*****,満額,,
20260212,20260216,3387,クリエイトレストラン,東証,決算,20260228,770.00,107700,1.60,0.00,1,0.00,,,F
20260212,20260216,3388,明治電機工業,東証,決算,20260331,2507.00,0,5.20,*****,*****,*****,満額,,
20260212,20260216,3395,サンマルクＨＤ,東証,決算,20260331,3075.00,1800,6.20,0.10,1,0.05,,,F
20260212,20260216,3397,トリドールＨＤ,東証,決算,20260331,4328.00,0,8.80,*****,*****,*****,満額,,
20260212,20260216,3399,丸千代山岡家,東証,決算,20260731,3630.00,0,7.40,*****,*****,*****,満額,,
20260212,20260216,3401,帝人,東証,決算,20260331,1688.50,0,3.40,*****,*****,*****,満額,,
20260212,20260216,3407,旭化成,東証,決算,20260331,1763.00,0,3.60,*****,*****,*****,満額,,
20260212,20260216,3431,宮地エンジニアリング,東証,決算,20260331,1972.00,0,4.00,*****,*****,0.05,満額,,
20260212,20260216,3446,ＪＴＥＣＣＯＲＰ,東証,決算,20260630,1751.00,18500,7.20,0.05,1,0.10,,注意,F
20260212,20260216,3449,テクノフレックス,東証,決算,20260630,2453.00,0,5.00,*****,*****,*****,満額,,
20260212,20260216,3462,野村不動産マスターＦ,東証,決算,20260228,169100.00,0,340.00,*****,*****,*****,満額,,
20260212,20260216,3466,ラサールロジ投資法人,東証,決算,20260228,156600.00,6,320.00,0.00,1,*****,,,F
20260212,20260216,3471,三井不ロジパーク,東証,決算,20260731,117900.00,0,240.00,*****,*****,*****,満額,,
20260212,20260216,3475,グッドコムアセット,東証,決算,20260430,1417.00,119600,3.00,0.05,1,0.05,,,F
20260212,20260216,3479,ティーケーピー,東証,決算,20260228,2376.00,34300,9.60,0.05,1,0.05,,停止,F
20260212,20260216,3480,ジェイ・エス・ビー,東証,決算,20260430,3450.00,7500,7.00,0.15,1,0.15,,,F
20260212,20260216,3481,Ｒ－三菱地所物流,東証,決算,20260228,131700.00,181,280.00,5.00,1,5.00,,,F
20260212,20260216,3484,イノベーションＨＤ,東証,決算,20260331,1308.00,0,2.80,*****,*****,*****,満額,,
20260212,20260216,349A,ＳＭＤＡＭ日本グロ株,東証,決算,20260220,752.50,20,12.00,0.00,1,0.00,,,E
20260212,20260216,3529,アツギ,東証,決算,20260331,1084.00,41000,2.20,0.05,1,*****,,,F
20260212,20260216,3539,ＪＭホールディングス,東証,決算,20260430,1797.00,0,3.60,*****,*****,*****,満額,,
20260212,20260216,3542,ベガコーポレーション,東証,決算,20260331,1518.00,22000,3.20,0.10,1,0.10,,,F
20260212,20260216,3546,アレンザＨＤ,東証,決算,20260228,1212.00,4800,2.60,0.00,1,*****,,,F
20260212,20260216,3547,串カツ田中,東証,決算,20260531,2039.00,38600,4.20,0.05,1,0.05,,,F
20260212,20260216,3548,バロック,東証,決算,20260228,800.00,124300,3.20,0.05,1,0.05,,停止,F
20260212,20260216,3549,クスリのアオキＨＤ,東証,決算,20260220,4372.00,21000,35.20,0.05,1,0.10,,注意,F
20260212,20260216,3553,共和レザー,東証,決算,20260331,1148.00,17100,2.40,0.05,1,0.05,,,F
20260212,20260216,3559,ピーバンドットコム,東証,決算,20260331,501.00,0,2.40,*****,*****,*****,満額,注意,
20260212,20260216,3561,力の源ＨＤ,東証,決算,20260331,1537.00,260800,3.20,0.10,1,0.10,,,D
20260212,20260216,3591,ワコールＨＤ,東証,決算,20260331,4710.00,58300,9.60,0.20,1,0.20,,,E
20260212,20260216,3608,ＴＳＩＨＤ,東証,決算,20260228,1129.00,0,2.40,*****,*****,*****,満額,,
20260212,20260216,3632,グリーＨＤ,東証,決算,20260630,392.00,0,1.00,*****,*****,*****,満額,,
20260212,20260216,3636,三菱総合研究所,東証,決算,20260331,5220.00,4300,10.60,0.10,1,0.15,,,F
20260212,20260216,3649,ファインデックス,東証,決算,20260630,922.00,0,2.00,*****,*****,*****,満額,,
20260212,20260216,3653,モルフォ,東証,決算,20260430,816.00,0,1.80,*****,*****,*****,満額,,
20260212,20260216,3656,ＫＬａｂ,東証,決算,20260630,323.00,0,2.00,*****,*****,*****,満額,注意,
20260212,20260216,3657,ポールＨＤ,東証,決算,20260731,300.00,0,1.00,*****,*****,*****,満額,,
20260212,20260216,3659,ネクソン,東証,決算,20260630,3756.00,0,7.60,*****,*****,0.10,満額,,
20260212,20260216,3662,エイチームＨＤ,東証,決算,20260430,1065.00,121500,2.20,0.05,1,0.05,,,F
20260212,20260216,3663,セルシス,東証,決算,20260630,1424.00,13000,3.00,0.05,1,0.05,,,F
20260212,20260216,3665,エニグモ,東証,決算,20260731,410.00,297600,2.00,0.05,1,0.05,,注意,E
20260212,20260216,3668,コロプラ,東証,決算,20260331,444.00,73000,1.00,0.05,1,0.05,,,F
20260212,20260216,3673,ブロードリーフ,東証,決算,20260630,635.00,68300,1.40,0.05,1,0.05,,,F
20260212,20260216,3678,メディアドゥ,東証,決算,20260228,1640.00,0,6.80,*****,*****,*****,満額,注意,
20260212,20260216,3680,ホットリンク,東証,決算,20260630,248.00,0,1.00,*****,*****,*****,満額,,
20260212,20260216,3686,ディー・エル・イー,東証,決算,20260331,126.00,43600,1.00,0.00,1,0.05,,,F
20260212,20260216,3687,フィックスターズ,東証,決算,20260331,1482.00,0,3.00,*****,*****,*****,満額,,
20260212,20260216,3692,ＦＦＲＩセキュ,東証,決算,20260331,9300.00,57700,37.20,0.05,1,0.40,,停止,F
20260212,20260216,3694,オプティム,東証,決算,20260331,496.00,0,1.00,*****,*****,*****,満額,,
20260212,20260216,3708,特種東海製紙,東証,決算,20260331,1665.00,1100,3.40,0.05,1,0.00,,,F
20260212,20260216,3710,ジョルダン,東証,決算,20260331,596.00,0,1.20,*****,*****,*****,満額,,
20260212,20260216,3712,情報企画,東証,臨時,20260331,5980.00,2000,12.00,0.25,1,0.25,,,F
20260212,20260216,3733,ソフトウェアサビス,東証,決算,20260430,12550.00,3100,25.20,0.45,1,0.50,,,F
20260212,20260216,3741,セック,東証,決算,20260331,3995.00,0,8.00,*****,*****,*****,満額,,
20260212,20260216,3747,インタートレード,東証,決算,20260331,686.00,5000,1.40,0.00,1,0.00,,,F
20260212,20260216,3765,ガンホー・オンライン,東証,決算,20260630,2600.00,0,5.20,*****,*****,*****,満額,,
20260212,20260216,3778,さくらインターネット,東証,決算,20260331,2895.00,677500,5.80,0.15,1,0.15,,,D
20260212,20260216,3788,ＧＭＯＧＳＨＤ,東証,決算,20260331,2145.00,0,4.40,*****,*****,*****,満額,,
20260212,20260216,3791,ＩＧポート,東証,決算,20260531,1167.00,25600,2.40,0.05,1,0.00,,,F
20260212,20260216,3799,キーウェアソリュショ,東証,決算,20260331,1244.00,9500,2.60,0.05,1,0.05,,,F
20260212,20260216,3807,フィスコ,東証,決算,20260630,121.00,0,1.00,*****,*****,*****,満額,,
20260212,20260216,380A,ＧＸチャイナテック,東証,決算,20260710,1104.00,0,60.00,*****,*****,*****,満額,,
20260212,20260216,3835,ｅＢＡＳＥ,東証,決算,20260331,442.00,0,1.00,*****,*****,0.05,満額,,
20260212,20260216,3836,アバントグループ,東証,決算,20260331,1506.00,7500,3.20,0.05,1,0.05,,,F
20260212,20260216,3837,アドソル日進,東証,決算,20260331,1850.00,39700,3.80,0.10,1,*****,,,E
20260212,20260216,3848,データ・アプリケショ,東証,決算,20260331,980.00,0,2.00,*****,*****,*****,満額,,
20260212,20260216,3853,アステリア,東証,決算,20260331,1352.00,65500,2.80,0.00,1,0.00,,,F
20260212,20260216,3861,王子ホールディングス,東証,決算,20260331,973.80,0,2.00,*****,*****,*****,満額,,
20260212,20260216,3865,北越コーポレーション,東証,決算,20260331,964.00,141700,2.00,0.05,1,0.05,,,F
20260212,20260216,3880,大王製紙,東証,決算,20260331,1042.00,6500,2.20,0.00,1,0.05,,,F
20260212,20260216,3892,岡山製紙,東証,決算,20260531,1815.00,4500,3.80,0.00,1,0.00,,,F
20260212,20260216,3900,クラウドワークス,東証,決算,20260331,794.00,251100,1.60,0.05,1,0.05,,,E
20260212,20260216,3905,データセクション,東証,決算,20260331,2059.00,51800,8.40,0.05,1,0.05,,注意,F
20260212,20260216,3915,テラスカイ,東証,決算,20260228,1988.00,101600,8.00,0.10,1,0.05,,注意,E
20260212,20260216,3916,ＤＩＴ,東証,決算,20260630,1192.00,20600,2.40,0.05,1,0.00,,,F
20260212,20260216,3924,ランドコンピュータ,東証,決算,20260331,1010.00,5100,2.20,0.05,1,0.05,,,F
20260212,20260216,3939,カナミックＮ,東証,決算,20260331,543.00,64900,1.20,0.05,1,0.00,,,F
20260212,20260216,3940,ノムラシステム,東証,決算,20260331,135.00,0,1.00,*****,*****,*****,満額,,
20260212,20260216,3946,トーモク,東証,決算,20260331,3690.00,0,7.40,*****,*****,*****,満額,,
20260212,20260216,3950,ザ・パック,東証,決算,20260630,1370.00,33100,2.80,0.05,1,0.05,,,F
20260212,20260216,3963,シンクロ・フード,東証,決算,20260331,576.00,24500,1.20,0.05,1,0.05,,,F
20260212,20260216,3983,オロ,東証,決算,20260630,1994.00,23400,4.00,0.05,1,0.05,,,F
20260212,20260216,3984,ユーザーローカル,東証,決算,20260630,1740.00,0,3.60,*****,*****,*****,満額,,
20260212,20260216,3992,ニーズウェル,東証,決算,20260331,560.00,267100,2.40,0.05,1,0.05,,注意,D
20260212,20260216,3994,マネーフォワード,東証,決算,20260531,3263.00,17200,6.60,0.00,1,*****,,,F
20260212,20260216,3998,すららネット,東証,決算,20260630,328.00,0,2.00,*****,*****,*****,満額,注意,
20260212,20260216,4004,レゾナックＨＤ,東証,決算,20260630,10135.00,132600,20.40,0.40,1,0.35,,,F
20260212,20260216,4012,アクシス,東証,決算,20260630,1652.00,0,3.40,*****,*****,*****,満額,,
20260212,20260216,4013,勤次郎,東証,決算,20260630,811.00,17300,1.80,0.00,1,*****,,,F
20260212,20260216,4019,スタメン,東証,決算,20260630,666.00,61500,1.40,0.05,1,0.05,,,F
20260212,20260216,4023,クレハ,東証,決算,20260331,4740.00,0,9.60,*****,*****,*****,満額,,
20260212,20260216,4041,日本曹達,東証,決算,20260331,3900.00,0,7.80,*****,*****,*****,満額,,
20260212,20260216,4042,東ソー,東証,決算,20260331,2650.50,0,5.40,*****,*****,*****,満額,,
20260212,20260216,4045,東亞合成,東証,決算,20260630,1830.50,42700,3.80,0.05,1,0.10,,,F
20260212,20260216,4046,大阪ソーダ,東証,決算,20260331,2392.00,24400,4.80,0.10,1,0.10,,,F
20260212,20260216,4047,関東電化工業,東証,決算,20260331,1435.00,137000,3.00,0.10,1,0.10,,,E
20260212,20260216,4053,サンアスタリスク,東証,決算,20260630,458.00,0,1.00,*****,*****,*****,満額,,
20260212,20260216,4055,ティアンドエスＧ,東証,決算,20260331,1881.00,0,3.80,*****,*****,*****,満額,,
20260212,20260216,4058,トヨクモ,東証,決算,20260630,2198.00,0,4.40,*****,*****,*****,満額,,
20260212,20260216,4071,プラスアルファ,東証,決算,20260331,2063.00,0,4.20,*****,*****,*****,満額,,
20260212,20260216,4074,ラキール,東証,決算,20260630,803.00,0,1.80,*****,*****,0.00,満額,,
20260212,20260216,4088,エア・ウォーター,東証,決算,20260331,2524.50,20900,5.20,0.05,1,0.00,,,F
20260212,20260216,4091,日本酸素ＨＤ,東証,決算,20260331,5538.00,700,11.20,0.00,1,*****,,,F
20260212,20260216,4095,日本パーカライジング,東証,決算,20260331,1574.00,24700,3.20,0.10,1,0.05,,,F
20260212,20260216,4097,高圧ガス工業,東証,決算,20260331,1178.00,0,2.40,*****,*****,*****,満額,,
20260212,20260216,4099,四国化成ＨＤ,東証,決算,20260630,4570.00,34800,9.20,0.20,1,0.20,,,E
20260212,20260216,4100,戸田工業,東証,決算,20260331,1466.00,37200,6.00,0.05,1,0.05,,注意,E
20260212,20260216,4109,ステラ　ケミファ,東証,決算,20260331,5470.00,8200,11.00,0.20,1,0.05,,,F
20260212,20260216,4165,プレイド,東証,臨時,20260331,714.00,0,1.60,*****,*****,*****,満額,,
20260212,20260216,4167,ココペリ,東証,決算,20260331,303.00,0,1.00,*****,*****,*****,満額,,
20260212,20260216,4168,ヤプリ,東証,決算,20260331,847.00,0,1.80,*****,*****,*****,満額,,
20260212,20260216,4170,ＫａｉｚｅｎＰＦ,東証,決算,20260630,199.00,126700,1.00,0.00,1,0.00,,,F
20260212,20260216,4176,ココナラ,東証,決算,20260228,305.00,0,1.00,*****,*****,*****,満額,,
20260212,20260216,417A,ブルーゾーンＨＤ,東証,臨時,20260331,9441.00,0,19.00,*****,*****,*****,満額,,
20260212,20260216,4188,三菱ケミカルグループ,東証,決算,20260331,1133.00,0,2.40,*****,*****,*****,満額,,
20260212,20260216,4192,スパイダープラス,東証,決算,20260630,331.00,0,1.00,*****,*****,*****,満額,,
20260212,20260216,4202,ダイセル,東証,決算,20260331,1618.00,0,3.40,*****,*****,*****,満額,,
20260212,20260216,4203,住友ベークライト,東証,決算,20260331,5850.00,0,11.80,*****,*****,*****,満額,,
20260212,20260216,4212,積水樹脂,東証,決算,20260331,2315.00,1900,4.80,0.05,1,0.05,,,F
20260212,20260216,4216,旭有機材,東証,決算,20260331,5060.00,35600,10.20,0.25,1,0.25,,,D
20260212,20260216,4218,ニチバン,東証,決算,20260331,1970.00,33400,4.00,0.10,1,0.10,,,E
20260212,20260216,4237,フジプレアム,東証,決算,20260331,442.00,150100,2.00,0.05,1,0.05,,注意,D
20260212,20260216,4249,森六,東証,決算,20260331,2550.00,0,5.20,*****,*****,*****,満額,,
20260212,20260216,4258,網屋,東証,決算,20260630,2932.00,0,6.00,*****,*****,*****,満額,,
20260212,20260216,4263,サスメド,東証,決算,20260630,1038.00,0,2.20,*****,*****,*****,満額,,
20260212,20260216,4275,カーリット,東証,決算,20260331,2672.00,0,5.40,*****,*****,*****,満額,,
20260212,20260216,4301,アミューズ,東証,決算,20260331,2079.00,28300,4.20,0.10,1,0.10,,,F
20260212,20260216,4310,ドリームインキュベタ,東証,決算,20260331,2883.00,38700,11.60,0.15,1,0.15,,注意,E
20260212,20260216,4323,日本システム技術,東証,決算,20260331,2446.00,27900,5.00,0.10,1,0.15,,,E
20260212,20260216,4324,電通グループ,東証,決算,20260331,2945.50,79000,6.00,0.10,1,0.00,,,F
20260212,20260216,4326,インテージＨＤ,東証,決算,20260331,1636.00,18300,3.40,0.10,1,0.05,,,F
20260212,20260216,4337,ぴあ,東証,決算,20260331,2746.00,0,5.60,*****,*****,*****,満額,,
20260212,20260216,4343,イオンファンタジー,東証,決算,20260228,2722.00,0,11.20,*****,*****,*****,満額,注意,
20260212,20260216,4344,ソースネクスト,東証,決算,20260630,146.00,182200,1.00,0.00,1,0.00,,,F
20260212,20260216,4345,シーティーエス,東証,決算,20260331,1050.00,6100,2.20,0.00,1,*****,,,F
20260212,20260216,4362,日本精化,東証,決算,20260331,2680.00,3700,5.40,0.00,1,0.00,,,F
20260212,20260216,4375,セーフィー,東証,決算,20260630,873.00,0,1.80,*****,*****,*****,満額,,
20260212,20260216,4382,ＨＥＲＯＺ,東証,決算,20260430,833.00,93400,3.60,0.05,1,0.05,,注意,D
20260212,20260216,4390,ｉｐｓ,東証,決算,20260331,3140.00,0,6.40,*****,*****,*****,満額,,
20260212,20260216,4392,ＦＩＧ,東証,決算,20260630,348.00,0,1.00,*****,*****,*****,満額,,
20260212,20260216,4393,バンクオブイノベ,東証,決算,20260331,6100.00,0,12.20,*****,*****,*****,満額,,
20260212,20260216,4403,日油,東証,決算,20260331,3202.00,0,6.60,*****,*****,*****,満額,,
20260212,20260216,4418,ＪＤＳＣ,東証,決算,20260630,1096.00,31300,2.20,0.00,1,0.00,,,F
20260212,20260216,4420,イーソル,東証,決算,20260630,582.00,0,1.20,*****,*****,*****,満額,,
20260212,20260216,4424,Ａｍａｚｉａ,東証,決算,20260331,296.00,121000,2.00,0.05,1,0.05,,注意,C
20260212,20260216,4425,Ｋｕｄａｎ,東証,決算,20260331,2032.00,175400,8.40,0.15,1,0.10,,注意,B
20260212,20260216,4429,リックソフト,東証,決算,20260228,971.00,0,2.00,*****,*****,*****,満額,,
20260212,20260216,4431,スマレジ,東証,決算,20260430,2346.00,15300,4.80,0.00,1,0.00,,,F
20260212,20260216,4434,サーバーワークス,東証,決算,20260228,1983.00,700,4.00,0.00,1,*****,,,F
20260212,20260216,4436,ミンカブ,東証,決算,20260331,462.00,86600,2.00,0.05,1,0.05,,注意,E
20260212,20260216,4439,東名,東証,決算,20260228,1080.00,37500,4.40,0.05,1,0.05,,注意,F
20260212,20260216,4442,バルテスＨＤ,東証,決算,20260331,426.00,0,1.00,*****,*****,*****,満額,,
20260212,20260216,4446,Ｌｉｎｋ－Ｕグループ,東証,決算,20260731,1117.00,0,2.40,*****,*****,*****,満額,,
20260212,20260216,4448,ｋｕｂｅｌｌ,東証,決算,20260630,344.00,28900,1.00,0.00,1,*****,,,F
20260212,20260216,4452,花王,東証,臨時,20260630,6691.00,20700,13.40,0.00,1,0.00,,,F
20260212,20260216,4462,石原ケミカル,東証,決算,20260331,2641.00,15000,5.40,0.15,1,0.10,,,F
20260212,20260216,4465,ニイタカ,東証,決算,20260531,2504.00,300,5.20,0.00,1,0.00,,,F
20260212,20260216,4471,三洋化成工業,東証,決算,20260331,6030.00,0,12.20,*****,*****,0.15,満額,,
20260212,20260216,4475,ＨＥＮＮＧＥ,東証,決算,20260331,1000.00,0,2.00,*****,*****,*****,満額,,
20260212,20260216,4478,フリー,東証,決算,20260630,2352.00,120200,4.80,0.00,1,*****,,,F
20260212,20260216,4480,メドレー,東証,決算,20260630,2352.00,367800,4.80,0.10,1,0.10,,,D
20260212,20260216,4483,ＪＭＤＣ,東証,決算,20260331,3690.00,0,7.40,*****,*****,*****,満額,,
20260212,20260216,4499,Ｓｐｅｅｅ,東証,決算,20260331,2455.00,182300,5.00,0.15,1,0.10,,,C
20260212,20260216,4502,武田薬品工業,東証,決算,20260331,5609.00,80200,11.40,0.00,1,0.00,,,F
20260212,20260216,4507,塩野義製薬,東証,決算,20260331,3535.00,23600,7.20,0.10,1,*****,,,F
20260212,20260216,4512,わかもと製薬,東証,決算,20260331,324.00,43500,1.00,0.00,1,0.00,,,F
20260212,20260216,4516,日本新薬,東証,決算,20260331,5004.00,1000,10.20,0.10,1,0.15,,,F
20260212,20260216,4521,科研製薬,東証,決算,20260331,4220.00,6200,8.60,0.05,1,0.20,,,F
20260212,20260216,4526,理研ビタミン,東証,決算,20260331,3275.00,7100,6.60,0.05,1,0.05,,,F
20260212,20260216,4527,ロート製薬,東証,決算,20260331,2602.50,0,5.40,*****,*****,*****,満額,,
20260212,20260216,4528,小野薬品工業,東証,決算,20260331,2505.00,0,5.20,*****,*****,*****,満額,,
20260212,20260216,4534,持田製薬,東証,決算,20260331,3745.00,4100,7.60,0.10,1,0.00,,,F
20260212,20260216,4536,参天製薬,東証,決算,20260331,1717.50,0,3.60,*****,*****,*****,満額,,
20260212,20260216,4538,扶桑薬品工業,東証,決算,20260331,2375.00,0,4.80,*****,*****,*****,満額,,
20260212,20260216,4544,ＨＵグループＨＤ,東証,決算,20260331,3202.00,37400,6.60,0.10,1,0.15,,,F
20260212,20260216,4547,キッセイ薬品工業,東証,決算,20260331,4630.00,0,9.40,*****,*****,0.10,満額,,
20260212,20260216,4548,生化学工業,東証,決算,20260331,683.00,56600,1.40,0.05,1,0.00,,,F
20260212,20260216,4549,栄研化学,東証,決算,20260331,2568.00,23100,5.20,0.10,1,0.10,,,F
20260212,20260216,4552,ＪＣＲファーマ,東証,決算,20260331,666.00,0,1.40,*****,*****,*****,満額,,
20260212,20260216,4553,東和薬品,東証,決算,20260331,3790.00,3000,7.60,0.05,1,0.10,,,F
20260212,20260216,4554,富士製薬工業,東証,決算,20260331,2262.00,0,4.60,*****,*****,*****,満額,,
20260212,20260216,4569,杏林製薬,東証,決算,20260331,1670.00,5500,3.40,0.00,1,0.00,,,F
20260212,20260216,4574,大幸薬品,東証,決算,20260630,302.00,207200,1.00,0.05,1,0.05,,,E
20260212,20260216,4577,ダイト,東証,決算,20260531,1370.00,29200,2.80,0.05,1,0.05,,,F
20260212,20260216,4578,大塚ホールディングス,東証,決算,20260630,9871.00,0,19.80,*****,*****,0.00,満額,,
20260212,20260216,4593,ヘリオス,東証,決算,20260630,376.00,0,1.00,*****,*****,*****,満額,,
20260212,20260216,4611,大日本塗料,東証,決算,20260331,1482.00,13700,3.00,0.05,1,0.05,,,F
20260212,20260216,4612,日本ペイントＨＤ,東証,決算,20260630,1085.00,0,2.20,*****,*****,*****,満額,,
20260212,20260216,4626,太陽ホールディングス,東証,決算,20260331,5612.00,51000,22.80,0.10,1,0.05,,注意,F
20260212,20260216,464A,ＱＰＳＨＤ,東証,決算,20260531,2004.00,0,4.20,*****,*****,0.00,満額,,
20260212,20260216,4658,日本空調サービス,東証,決算,20260331,1515.00,24200,3.20,0.05,1,0.05,,,F
20260212,20260216,4665,ダスキン,東証,決算,20260331,4325.00,47000,8.80,0.20,1,0.20,,,F
20260212,20260216,4668,明光ネットワクジャパ,東証,決算,20260228,726.00,6000,1.60,0.05,1,0.00,,,F
20260212,20260216,4671,ファルコＨＤ,東証,決算,20260331,2732.00,600,5.60,0.00,1,*****,,,F
20260212,20260216,4678,秀英予備校,東証,決算,20260331,326.00,5700,1.00,0.05,1,0.05,,,F
20260212,20260216,4681,リゾートトラスト,東証,決算,20260331,1813.00,0,3.80,*****,*****,*****,満額,,
20260212,20260216,4686,ジャストシステム,東証,決算,20260331,4195.00,0,8.40,*****,*****,*****,満額,,
20260212,20260216,4694,ビー・エム・エル,東証,決算,20260331,4050.00,38000,8.20,0.20,1,0.20,,,E
20260212,20260216,4714,リソー教育グループ,東証,決算,20260228,212.00,0,1.00,*****,*****,*****,満額,,
20260212,20260216,4718,早稲田アカデミー,東証,決算,20260331,2090.00,7000,4.20,0.05,1,0.05,,,F
20260212,20260216,4719,アルファシステムズ,東証,決算,20260331,3835.00,0,7.80,*****,*****,*****,満額,,
20260212,20260216,4725,ＣＡＣＨＤ,東証,決算,20260630,1997.00,26900,4.00,0.10,1,0.10,,,F
20260212,20260216,4732,ユー・エス・エス,東証,決算,20260331,1858.00,1100,3.80,0.00,1,*****,,,F
20260212,20260216,4768,大塚商会,東証,決算,20260630,3096.00,15100,6.20,0.10,1,0.10,,,F
20260212,20260216,4771,エフアンドエム,東証,決算,20260331,2359.00,0,4.80,*****,*****,*****,満額,,
20260212,20260216,4783,ＮＣＤ,東証,決算,20260331,3430.00,0,7.00,*****,*****,*****,満額,,
20260212,20260216,4813,ＡＣＣＥＳＳ,東証,決算,20260731,637.00,0,1.40,*****,*****,*****,満額,,
20260212,20260216,4819,デジタルガレージ,東証,決算,20260331,2201.00,0,4.60,*****,*****,*****,満額,,
20260212,20260216,4820,イーエムシステムズ,東証,決算,20260331,749.00,42400,1.60,0.05,1,0.05,,,F
20260212,20260216,4825,ウェザーニューズ,東証,臨時,20260228,4190.00,0,8.40,*****,*****,*****,満額,,
20260212,20260216,4828,ビーエンジ,東証,決算,20260331,1412.00,0,3.00,*****,*****,*****,満額,,
20260212,20260216,4839,ワウワウ,東証,決算,20260331,1409.00,18900,3.00,0.00,1,*****,,,F
20260212,20260216,4849,エン,東証,決算,20260331,1424.00,87000,3.00,0.10,1,0.10,,,E
20260212,20260216,4880,セルソース,東証,決算,20260430,410.00,59900,1.00,0.00,1,0.00,,,F
20260212,20260216,4887,サワイグループＨＤ,東証,決算,20260331,2400.50,68100,5.00,0.10,1,0.10,,,F
20260212,20260216,4893,ノイルイミューン,東証,決算,20260630,162.00,82700,1.00,0.00,1,0.00,,,E
20260212,20260216,4911,資生堂,東証,決算,20260630,3223.00,231400,6.60,0.10,1,0.10,,,F
20260212,20260216,4914,高砂香料工業,東証,決算,20260331,1581.00,0,3.20,*****,*****,*****,満額,,
20260212,20260216,4919,ミルボン,東証,決算,20260630,2735.00,59900,5.60,0.15,1,0.15,,,F
20260212,20260216,4922,コーセーＨＤ,東証,決算,20260331,6052.00,7900,12.20,0.15,1,0.25,,,F
20260212,20260216,4923,コタ,東証,臨時,20260331,1297.00,62200,5.20,0.05,1,0.05,,停止,F
20260212,20260216,4927,ポーラオルビスＨＤ,東証,決算,20260630,1408.00,35600,3.00,0.05,1,0.05,,,F
20260212,20260216,4928,ノエビアＨＤ,東証,決算,20260331,4655.00,11800,9.40,0.20,1,0.20,,,F
20260212,20260216,4931,新日本製薬,東証,決算,20260331,2095.00,0,4.20,*****,*****,*****,満額,,
20260212,20260216,4933,Ｉ－ｎｅ,東証,決算,20260630,1382.00,5200,2.80,0.00,1,0.00,,,F
20260212,20260216,4934,Ｐアンチエイジ,東証,決算,20260731,717.00,1200,1.60,0.00,1,0.00,,,F
20260212,20260216,4936,アクシージア,東証,決算,20260731,391.00,0,1.00,*****,*****,*****,満額,,
20260212,20260216,4951,エステー,東証,決算,20260331,1575.00,17200,3.20,0.10,1,0.10,,,F
20260212,20260216,4957,ヤスハラケミカル,東証,決算,20260331,1368.00,300,2.80,0.05,1,0.05,,,F
20260212,20260216,4958,長谷川香料,東証,決算,20260331,2903.00,41400,6.00,0.15,1,0.15,,,F
20260212,20260216,4967,小林製薬,東証,決算,20260630,5492.00,19000,11.00,0.25,1,0.10,,,F
20260212,20260216,4968,荒川化学工業,東証,決算,20260331,1514.00,0,3.20,*****,*****,*****,満額,,
20260212,20260216,4974,タカラバイオ,東証,決算,20260331,819.00,119700,1.80,0.05,1,0.00,,,F
20260212,20260216,4975,ＪＣＵ,東証,決算,20260331,6050.00,4200,12.20,0.10,1,0.25,,,F
20260212,20260216,4985,アース製薬,東証,決算,20260630,4995.00,600,10.00,0.00,1,0.00,,,F
20260212,20260216,4994,大成ラミックグループ,東証,決算,20260331,2682.00,2900,5.40,0.10,1,0.10,,,F
20260212,20260216,5011,ニチレキグループ,東証,決算,20260331,2525.00,8300,5.20,0.05,1,0.05,,,F
20260212,20260216,5013,ユシロ,東証,決算,20260331,3115.00,0,6.40,*****,*****,*****,満額,,
20260212,20260216,5019,出光興産,東証,決算,20260331,1422.50,0,3.00,*****,*****,*****,満額,,
20260212,20260216,5101,横浜ゴム,東証,決算,20260331,6877.00,0,13.80,*****,*****,*****,満額,,
20260212,20260216,5108,ブリヂストン,東証,決算,20260630,3754.00,16500,7.60,0.00,1,0.10,,,F
20260212,20260216,5121,藤倉コンポジット,東証,決算,20260331,2582.00,0,5.20,*****,*****,*****,満額,,
20260212,20260216,5122,オカモト,東証,決算,20260331,5450.00,17600,11.00,0.25,1,0.25,,,D
20260212,20260216,5129,ＦＩＸＥＲ,東証,決算,20260228,398.00,237900,2.00,0.05,1,2.00,,注意,D
20260212,20260216,5131,リンカーズ,東証,決算,20260731,153.00,164000,1.00,0.05,1,0.05,,,E
20260212,20260216,5132,ｐｌｕｓｚｅｒｏ,東証,決算,20260430,2421.00,121700,5.00,0.50,1,0.15,,,C
20260212,20260216,5137,スマートドライブ,東証,決算,20260331,342.00,0,1.00,*****,*****,*****,満額,,
20260212,20260216,5142,アキレス,東証,決算,20260331,1695.00,0,3.40,*****,*****,*****,満額,,
20260212,20260216,5192,三ツ星ベルト,東証,決算,20260331,4210.00,6100,8.60,0.15,1,0.15,,,F
20260212,20260216,5195,バンドー化学,東証,決算,20260331,2342.00,0,4.80,*****,*****,*****,満額,,
20260212,20260216,5208,有沢製作所,東証,決算,20260331,2319.00,0,4.80,*****,*****,*****,満額,,
20260212,20260216,5218,オハラ,東証,決算,20260430,1160.00,45200,2.40,0.00,1,*****,,,E
20260212,20260216,5232,住友大阪セメント,東証,決算,20260331,4367.00,4300,8.80,0.10,1,*****,,,F
20260212,20260216,5233,太平洋セメント,東証,決算,20260331,4823.00,0,9.80,*****,*****,*****,満額,,
20260212,20260216,5240,ｍｏｎｏＡＩ,東証,決算,20260630,238.00,0,2.00,*****,*****,*****,満額,注意,
20260212,20260216,5253,カバー,東証,決算,20260331,1547.00,678600,3.20,0.10,1,0.10,,,D
20260212,20260216,5262,日本ヒューム,東証,決算,20260331,1686.00,425700,3.40,0.05,1,0.05,,,D
20260212,20260216,5269,日本コンクリート工業,東証,決算,20260331,365.00,45700,2.00,0.05,1,0.00,,注意,F
20260212,20260216,5273,三谷セキサン,東証,決算,20260331,8180.00,0,16.40,*****,*****,0.05,満額,,
20260212,20260216,5290,ベルテクス,東証,決算,20260331,1364.00,6500,2.80,0.00,1,*****,,,F
20260212,20260216,5302,日本カーボン,東証,決算,20260630,4930.00,11700,10.00,0.10,1,*****,,,F
20260212,20260216,5304,ＳＥＣカーボン,東証,決算,20260331,2871.00,0,5.80,*****,*****,*****,満額,,
20260212,20260216,5332,ＴＯＴＯ,東証,決算,20260331,5713.00,19000,11.60,0.10,1,0.00,,,F
20260212,20260216,5333,日本碍子,東証,決算,20260331,4184.00,0,8.40,*****,*****,*****,満額,,
20260212,20260216,5344,ＭＡＲＵＷＡ,東証,決算,20260331,50620.00,3800,101.40,1.00,1,2.10,,,F
20260212,20260216,5351,品川リフラ,東証,決算,20260331,2404.00,0,5.00,*****,*****,*****,満額,,
20260212,20260216,5357,ヨータイ,東証,決算,20260331,1948.00,0,4.00,*****,*****,*****,満額,,
20260212,20260216,5393,ニチアス,東証,決算,20260331,8312.00,2000,16.80,0.00,1,*****,,,F
20260212,20260216,5411,ＪＦＥ,東証,決算,20260331,2359.00,919900,4.80,0.10,1,0.00,,,F
20260212,20260216,5423,東京製鐵,東証,決算,20260331,1628.00,136700,3.40,0.10,1,0.10,,,F
20260212,20260216,5440,共英製鋼,東証,決算,20260331,2623.00,0,5.40,*****,*****,0.05,満額,,
20260212,20260216,5444,大和工業,東証,決算,20260331,12955.00,0,26.00,*****,*****,*****,満額,,
20260212,20260216,5451,ヨドコウ,東証,決算,20260331,1439.00,84400,3.00,0.10,1,0.10,,,F
20260212,20260216,5461,中部鋼鈑,東証,決算,20260331,2560.00,8200,5.20,0.05,1,0.05,,,F
20260212,20260216,5463,丸一鋼管,東証,決算,20260331,1643.50,42100,3.40,0.05,1,0.10,,,F
20260212,20260216,5464,モリ工業,東証,決算,20260331,1018.00,0,2.20,*****,*****,*****,満額,,
20260212,20260216,5480,日本冶金工業,東証,決算,20260331,4925.00,0,10.00,*****,*****,*****,満額,,
20260212,20260216,5541,大平洋金属,東証,決算,20260331,3240.00,0,6.60,*****,*****,*****,満額,,
20260212,20260216,5563,新日本電工,東証,決算,20260630,407.00,481000,1.00,0.00,1,0.00,,,F
20260212,20260216,5658,日亜鋼業,東証,決算,20260331,400.00,0,1.00,*****,*****,*****,満額,,
20260212,20260216,5659,日本精線,東証,決算,20260331,1322.00,15900,2.80,0.05,1,0.05,,,F
20260212,20260216,5703,日本軽金属ＨＤ,東証,決算,20260331,3130.00,0,6.40,*****,*****,*****,満額,,
20260212,20260216,5706,三井金属,東証,決算,20260331,25990.00,129300,52.00,1.10,1,0.90,,,F
20260212,20260216,5711,三菱マテリアル,東証,決算,20260331,5250.00,0,10.60,*****,*****,0.00,満額,,
20260212,20260216,5715,古河機械金属,東証,決算,20260331,6600.00,0,13.20,*****,*****,*****,満額,,
20260212,20260216,5726,大阪チタニウムテクノ,東証,決算,20260331,3035.00,1093800,12.40,0.15,1,0.15,,注意,C
20260212,20260216,5727,東邦チタニウム,東証,決算,20260331,2080.00,41300,4.20,0.00,1,0.00,,,F
20260212,20260216,5801,古河電気工業,東証,決算,20260331,22145.00,129300,44.40,0.95,1,0.90,,,F
20260212,20260216,5805,ＳＷＣＣ,東証,決算,20260331,14470.00,29100,29.00,0.60,1,0.50,,,F
20260212,20260216,5845,全保連,東証,決算,20260331,1046.00,0,2.20,*****,*****,*****,満額,,
20260212,20260216,5901,東洋製罐グループＨＤ,東証,決算,20260331,4022.00,0,8.20,*****,*****,*****,満額,,
20260212,20260216,5902,ホッカンＨＤ,東証,決算,20260331,2339.00,0,4.80,*****,*****,*****,満額,,
20260212,20260216,5911,横河ブリッジＨＤ,東証,決算,20260331,3230.00,2100,6.60,0.00,1,0.00,,,F
20260212,20260216,5915,駒井ハルテック,東証,決算,20260331,2153.00,0,4.40,*****,*****,*****,満額,,
20260212,20260216,5932,三協立山,東証,決算,20260531,731.00,0,1.60,*****,*****,*****,満額,,
20260212,20260216,5943,ノーリツ,東証,決算,20260331,2526.00,58400,5.20,0.15,1,0.10,,,E
20260212,20260216,5947,リンナイ,東証,決算,20260331,4227.00,0,8.60,*****,*****,0.10,満額,,
20260212,20260216,5955,ワイズＨＤ,東証,決算,20260331,141.00,0,1.00,*****,*****,*****,満額,,
20260212,20260216,5956,トーソー,東証,決算,20260331,762.00,0,1.60,*****,*****,0.00,満額,,
20260212,20260216,5958,三洋工業,東証,決算,20260331,4845.00,100,9.80,0.00,1,*****,,,F
20260212,20260216,5976,高周波熱錬,東証,決算,20260331,1447.00,5900,3.00,0.05,1,0.00,,,F
20260212,20260216,5988,パイオラックス,東証,決算,20260331,1800.00,67900,3.60,0.05,1,0.10,,,E
20260212,20260216,5991,日本発条,東証,決算,20260331,3227.00,18100,6.60,0.05,1,0.15,,,F
20260212,20260216,6005,三浦工業,東証,決算,20260331,3525.00,1700,7.20,0.00,1,*****,,,F
20260212,20260216,6013,タクマ,東証,決算,20260331,2681.00,0,5.40,*****,*****,*****,満額,,
20260212,20260216,6027,弁護士ドットコム,東証,決算,20260331,2675.00,326100,10.80,0.15,1,0.15,,注意,C
20260212,20260216,6031,ＺＥＴＡ,東証,決算,20260630,297.00,0,1.00,*****,*****,*****,満額,,
20260212,20260216,6035,ＩＲジャパンＨＤ,東証,決算,20260331,860.00,38600,1.80,0.05,1,0.05,,,E
20260212,20260216,6037,楽待,東証,決算,20260731,1050.00,0,2.20,*****,*****,*****,満額,,
20260212,20260216,6045,レントラックス,東証,決算,20260331,1873.00,0,3.80,*****,*****,*****,満額,,
20260212,20260216,6046,リンクバル,東証,決算,20260331,203.00,0,2.00,*****,*****,*****,満額,停止,
20260212,20260216,6047,Ｇｕｎｏｓｙ,東証,決算,20260531,564.00,0,1.20,*****,*****,*****,満額,,
20260212,20260216,6050,イー・ガーディアン,東証,決算,20260331,1636.00,140300,3.40,0.10,1,0.10,,,D
20260212,20260216,6054,リブセンス,東証,決算,20260630,123.00,0,1.00,*****,*****,*****,満額,,
20260212,20260216,6059,ウチヤマＨＤ,東証,決算,20260331,407.00,0,1.00,*****,*****,*****,満額,,
20260212,20260216,6062,チャームケアコーポ,東証,決算,20260630,1393.00,0,2.80,*****,*****,*****,満額,,
20260212,20260216,6071,ＩＢＪ,東証,決算,20260630,731.00,0,1.60,*****,*****,*****,満額,,
20260212,20260216,6072,地盤ネットＨＤ,東証,決算,20260331,328.00,58100,2.00,0.05,1,0.05,,停止,F
20260212,20260216,6073,アサンテ,東証,決算,20260331,1617.00,13200,3.40,0.10,1,0.10,,,F
20260212,20260216,6078,バリューＨＲ,東証,決算,20260630,1405.00,163900,3.00,0.05,1,0.05,,,D
20260212,20260216,6080,Ｍ＆Ａキャピタル,東証,決算,20260331,3515.00,39000,7.20,0.15,1,0.15,,,F
20260212,20260216,6081,アライドアーキテクツ,東証,決算,20260630,347.00,0,2.00,*****,*****,*****,満額,停止,
20260212,20260216,6083,ＥＲＩ　ＨＤ,東証,決算,20260531,4475.00,0,9.00,*****,*****,*****,満額,,
20260212,20260216,6093,エスクローＡＪ,東証,決算,20260228,185.00,0,1.00,*****,*****,*****,満額,,
20260212,20260216,6099,エラン,東証,決算,20260630,708.00,17600,1.60,0.00,1,0.00,,,F
20260212,20260216,6103,オークマ,東証,決算,20260331,4565.00,18300,9.20,0.00,1,0.00,,,F
20260212,20260216,6104,芝浦機械,東証,決算,20260331,4425.00,6100,9.00,0.10,1,0.10,,,F
20260212,20260216,6113,アマダ,東証,決算,20260331,2311.50,11200,4.80,0.05,1,0.05,,,F
20260212,20260216,6118,アイダエンジニア,東証,決算,20260331,1249.00,40500,2.60,0.05,1,0.10,,,F
20260212,20260216,6136,オーエスジー,東証,決算,20260531,2786.00,200,5.60,0.00,1,*****,,,F
20260212,20260216,6141,ＤＭＧ森精機,東証,決算,20260331,3114.00,0,6.40,*****,*****,*****,満額,,
20260212,20260216,6143,ソディック,東証,決算,20260630,1203.00,0,2.60,*****,*****,*****,満額,,
20260212,20260216,6146,ディスコ,東証,決算,20260331,72830.00,148000,145.80,3.00,1,3.10,,,E
20260212,20260216,6151,日東工器,東証,決算,20260331,1874.00,13800,3.80,0.05,1,0.05,,,F
20260212,20260216,6157,日進工具,東証,決算,20260331,915.00,16200,2.00,0.00,1,0.00,,,F
20260212,20260216,6158,和井田製作所,東証,決算,20260331,1064.00,0,2.20,*****,*****,*****,満額,,
20260212,20260216,6167,冨士ダイス,東証,決算,20260331,1310.00,53000,2.80,0.00,1,*****,,,F
20260212,20260216,6171,土木管理総合試験所,東証,決算,20260331,465.00,0,1.00,*****,*****,*****,満額,,
20260212,20260216,6178,日本郵政,東証,決算,20260331,2091.50,21800,4.20,0.00,1,0.00,,,F
20260212,20260216,6182,メタリアル,東証,決算,20260228,543.00,196200,2.40,0.05,1,0.05,,注意,D
20260212,20260216,6183,ベル２４ＨＤ,東証,決算,20260228,1431.00,0,3.00,*****,*****,*****,満額,,
20260212,20260216,6184,鎌倉新書,東証,決算,20260731,569.00,0,1.20,*****,*****,*****,満額,,
20260212,20260216,6194,アトラエ,東証,決算,20260430,707.00,0,1.60,*****,*****,*****,満額,,
20260212,20260216,6199,セラク,東証,決算,20260228,1644.00,22400,3.40,0.10,1,0.10,,,F
20260212,20260216,6203,豊和工業,東証,決算,20260331,1755.00,19000,3.60,0.05,1,*****,,,F
20260212,20260216,6208,石川製作所,東証,決算,20260331,2325.00,0,4.80,*****,*****,*****,満額,,
20260212,20260216,6210,ＴＯＹＯイノベックス,東証,決算,20260331,685.00,0,1.40,*****,*****,*****,満額,,
20260212,20260216,6222,島精機製作所,東証,決算,20260331,1019.00,300,2.20,0.00,1,*****,,,F
20260212,20260216,6226,守谷輸送機工業,東証,決算,20260331,5540.00,0,11.20,*****,*****,*****,満額,,
20260212,20260216,6232,ＡＣＳＬ,東証,決算,20260630,1162.00,334900,4.80,0.10,1,0.05,,注意,C
20260212,20260216,6235,オプトラン,東証,決算,20260630,2196.00,0,4.40,*****,*****,0.00,満額,,
20260212,20260216,6237,イワキポンプ,東証,決算,20260331,2815.00,800,5.80,0.05,1,0.05,,,F
20260212,20260216,6240,ヤマシンフィルタ,東証,決算,20260331,660.00,48500,1.40,0.00,1,0.00,,,F
20260212,20260216,6247,日阪製作所,東証,決算,20260331,1670.00,10600,3.40,0.05,1,0.05,,,F
20260212,20260216,6254,野村マイクロ・Ｓ,東証,決算,20260331,3690.00,0,7.40,*****,*****,*****,満額,,
20260212,20260216,6255,エヌ・ピー・シー,東証,決算,20260228,762.00,73000,1.60,0.00,1,0.00,,,F
20260212,20260216,6257,藤商事,東証,決算,20260331,1055.00,23700,2.20,0.05,1,0.05,,,F
20260212,20260216,6264,マルマエ,東証,決算,20260228,3250.00,21900,6.60,0.15,1,0.00,,,F
20260212,20260216,6266,タツモ,東証,決算,20260630,2813.00,0,5.80,*****,*****,*****,満額,,
20260212,20260216,6273,エスエムシー,東証,決算,20260331,71740.00,14100,143.60,2.60,1,2.85,,,F
20260212,20260216,6279,瑞光,東証,決算,20260220,1026.00,87900,4.40,0.05,1,0.05,,,E
20260212,20260216,6282,オイレス工業,東証,決算,20260331,2625.00,6900,5.40,0.10,1,0.10,,,F
20260212,20260216,6284,日精エーエスビー機械,東証,決算,20260331,6750.00,0,13.60,*****,*****,*****,満額,,
20260212,20260216,6287,サトー,東証,決算,20260331,2416.00,0,5.00,*****,*****,0.00,満額,,
20260212,20260216,6289,技研製作所,東証,決算,20260228,2332.00,0,9.60,*****,*****,0.05,満額,注意,
20260212,20260216,6293,日精樹脂工業,東証,決算,20260331,916.00,19800,2.00,0.05,1,0.05,,,F
20260212,20260216,6301,小松製作所,東証,決算,20260331,7799.00,308200,15.60,0.30,1,0.35,,,F
20260212,20260216,6305,日立建機,東証,決算,20260331,6535.00,0,13.20,*****,*****,*****,満額,,
20260212,20260216,6317,北川鉄工所,東証,決算,20260331,1936.00,0,4.00,*****,*****,*****,満額,,
20260212,20260216,6324,ハーモニックドライブ,東証,決算,20260331,3910.00,47300,8.00,0.00,1,*****,,,F
20260212,20260216,6325,タカキタ,東証,決算,20260331,405.00,0,1.00,*****,*****,0.05,満額,,
20260212,20260216,6326,クボタ,東証,決算,20260630,3242.00,0,6.60,*****,*****,*****,満額,,
20260212,20260216,6330,東洋エンジニアリング,東証,決算,20260331,5150.00,1395600,20.80,0.50,1,0.35,,停止,B
20260212,20260216,6333,帝国電機製作所,東証,決算,20260331,3145.00,0,6.40,*****,*****,*****,満額,,
20260212,20260216,6339,新東工業,東証,決算,20260331,1184.00,41600,2.40,0.05,1,0.05,,,F
20260212,20260216,6340,澁谷工業,東証,決算,20260630,3870.00,2200,7.80,0.10,1,0.00,,,F
20260212,20260216,6345,アイチコーポ,東証,決算,20260331,1396.00,8500,2.80,0.00,1,0.00,,,F
20260212,20260216,6351,鶴見製作所,東証,決算,20260331,2507.00,3500,5.20,0.05,1,0.05,,,F
20260212,20260216,6358,酒井重工業,東証,決算,20260331,2375.00,0,4.80,*****,*****,*****,満額,,
20260212,20260216,6364,ＡＩＲＭＡＮ,東証,決算,20260331,2134.00,0,4.40,*****,*****,*****,満額,,
20260212,20260216,6370,栗田工業,東証,決算,20260331,8284.00,0,16.60,*****,*****,*****,満額,,
20260212,20260216,6371,椿本チエイン,東証,決算,20260331,2622.00,3300,5.40,0.00,1,*****,,,F
20260212,20260216,6378,木村化工機,東証,決算,20260331,1317.00,0,2.80,*****,*****,*****,満額,,
20260212,20260216,6381,アネスト岩田,東証,決算,20260331,1758.00,0,3.60,*****,*****,*****,満額,,
20260212,20260216,6407,ＣＫＤ,東証,決算,20260331,4645.00,50000,9.40,0.20,1,0.20,,,F
20260212,20260216,6413,理想科学工業,東証,決算,20260331,1279.00,4400,2.60,0.05,1,0.05,,,F
20260212,20260216,6418,日本金銭機械,東証,決算,20260331,1158.00,20100,2.40,0.05,1,0.00,,,F
20260212,20260216,6425,ユニバーサルエンタ,東証,決算,20260630,792.00,0,1.60,*****,*****,*****,満額,,
20260212,20260216,6432,竹内製作所,東証,決算,20260228,7460.00,6800,15.00,0.00,1,*****,,,F
20260212,20260216,6445,ジャノメ,東証,決算,20260331,1347.00,37400,2.80,0.05,1,0.05,,,F
20260212,20260216,6454,マックス,東証,臨時,20260331,6740.00,12300,13.60,0.25,1,0.25,,,F
20260212,20260216,6455,モリタＨＤ,東証,決算,20260331,2952.00,9500,6.00,0.10,1,0.05,,,F
20260212,20260216,6457,グローリー,東証,決算,20260331,4102.00,3500,8.40,0.10,1,0.10,,,F
20260212,20260216,6459,大和冷機工業,東証,決算,20260630,1832.00,8500,3.80,0.05,1,0.05,,,F
20260212,20260216,6463,ＴＰＲ,東証,決算,20260331,1422.00,14900,3.00,0.05,1,0.05,,,F
20260212,20260216,6464,ツバキ・ナカシマ,東証,決算,20260331,361.00,122200,1.00,0.00,1,0.05,,,F
20260212,20260216,6465,ホシザキ,東証,決算,20260630,5602.00,0,11.40,*****,*****,*****,満額,,
20260212,20260216,6471,日本精工,東証,決算,20260331,1296.50,0,2.60,*****,*****,*****,満額,,
20260212,20260216,6472,ＮＴＮ,東証,決算,20260331,410.50,0,1.00,*****,*****,0.00,満額,,
20260212,20260216,6473,ジェイテクト,東証,決算,20260331,2060.00,0,4.20,*****,*****,*****,満額,,
20260212,20260216,6479,ミネベアミツミ,東証,決算,20260331,3497.00,0,7.00,*****,*****,*****,満額,,
20260212,20260216,6481,ＴＨＫ,東証,決算,20260331,5200.00,0,10.40,*****,*****,*****,満額,,
20260212,20260216,6482,ＹＵＳＨＩＮ,東証,決算,20260331,823.00,60700,1.80,0.05,1,0.05,,,E
20260212,20260216,6485,前澤給装工業,東証,決算,20260331,1675.00,7200,3.40,0.05,1,*****,,,F
20260212,20260216,6486,イーグル工業,東証,決算,20260331,3430.00,2900,7.00,0.10,1,0.10,,,F
20260212,20260216,6490,ＰＩＬＬＡＲ,東証,決算,20260331,7930.00,11900,16.00,0.35,1,0.35,,,F
20260212,20260216,6498,キッツ,東証,決算,20260331,2306.00,0,4.80,*****,*****,0.05,満額,,
20260212,20260216,6507,シンフォニアテクノ,東証,決算,20260331,11630.00,2700,23.40,0.00,1,0.00,,,F
20260212,20260216,6516,山洋電気,東証,決算,20260331,4775.00,0,9.60,*****,*****,*****,満額,,
20260212,20260216,6517,デンヨー,東証,決算,20260331,3910.00,3100,8.00,0.10,1,*****,,,F
20260212,20260216,6522,アスタリスク,東証,決算,20260228,398.00,0,2.00,*****,*****,*****,満額,停止,
20260212,20260216,6539,ＭＳ－Ｊａｐａｎ,東証,決算,20260331,1062.00,9600,2.20,0.05,1,0.05,,,F
20260212,20260216,6540,船場,東証,決算,20260630,1803.00,0,3.80,*****,*****,*****,満額,,
20260212,20260216,6544,ＪＥＳＨＤ,東証,決算,20260331,1623.00,76400,3.40,0.05,1,*****,,,F
20260212,20260216,6546,フルテック,東証,決算,20260630,1167.00,5500,2.40,0.05,1,*****,,,E
20260212,20260216,6566,要興業,東証,決算,20260331,1560.00,0,3.20,*****,*****,*****,満額,,
20260212,20260216,6572,オープングループ,東証,決算,20260228,240.00,0,1.00,*****,*****,*****,満額,,
20260212,20260216,6580,ライトアップ,東証,決算,20260331,2674.00,0,5.40,*****,*****,*****,満額,,
20260212,20260216,6586,マキタ,東証,決算,20260331,6106.00,28000,12.40,0.15,1,0.15,,,F
20260212,20260216,6588,東芝テック,東証,決算,20260331,3045.00,14600,6.20,0.05,1,*****,,,F
20260212,20260216,6614,シキノハイテック,東証,決算,20260331,1360.00,15700,2.80,0.00,1,0.05,,,D
20260212,20260216,6617,東光高岳,東証,決算,20260331,5330.00,0,10.80,*****,*****,*****,満額,,
20260212,20260216,6619,ダブル・スコープ,東証,決算,20260731,177.00,0,1.00,*****,*****,*****,満額,,
20260212,20260216,6620,宮越ホールディングス,東証,決算,20260331,859.00,133600,1.80,0.05,1,0.05,,,D
20260212,20260216,6625,ＪＡＬＣＯ　ＨＤ,東証,決算,20260331,425.00,0,1.00,*****,*****,*****,満額,,
20260212,20260216,6629,テクノホライゾン,東証,決算,20260331,1146.00,0,4.80,*****,*****,*****,満額,注意,
20260212,20260216,6630,ヤーマン,東証,決算,20260630,704.00,243300,1.60,0.05,1,0.05,,,D
20260212,20260216,6638,ミマキエンジニア,東証,決算,20260331,1856.00,0,3.80,*****,*****,*****,満額,,
20260212,20260216,6645,オムロン,東証,決算,20260331,4820.00,0,9.80,*****,*****,*****,満額,,
20260212,20260216,6651,日東工業,東証,決算,20260331,4455.00,4800,9.00,0.05,1,0.10,,,F
20260212,20260216,6653,正興電機製作所,東証,決算,20260630,2731.00,0,5.60,*****,*****,*****,満額,,
20260212,20260216,6654,不二電機工業,東証,決算,20260731,1108.00,0,2.40,*****,*****,*****,満額,,
20260212,20260216,6656,インスペック,東証,決算,20260430,673.00,70100,2.80,0.05,1,0.05,,注意,C
20260212,20260216,6664,オプトエレク,東証,決算,20260531,332.00,0,2.00,*****,*****,*****,満額,注意,
20260212,20260216,6675,サクサ,東証,臨時,20260331,7430.00,0,15.00,*****,*****,*****,満額,,
20260212,20260216,6676,バッファロー,東証,決算,20260331,4720.00,24700,9.60,0.10,1,0.10,,,E
20260212,20260216,6703,沖電気工業,東証,決算,20260331,2782.00,0,5.60,*****,*****,*****,満額,,
20260212,20260216,6706,電気興業,東証,決算,20260331,2942.00,12000,6.00,0.15,1,0.15,,,F
20260212,20260216,6707,サンケン電気,東証,決算,20260331,8500.00,35100,17.00,0.35,1,0.35,,,E
20260212,20260216,6718,アイホン,東証,決算,20260331,2897.00,0,5.80,*****,*****,*****,満額,,
20260212,20260216,6723,ルネサスエレク,東証,決算,20260331,3015.00,0,6.20,*****,*****,*****,満額,,
20260212,20260216,6724,セイコーエプソン,東証,決算,20260331,2144.50,0,4.40,*****,*****,*****,満額,,
20260212,20260216,6727,ワコム,東証,決算,20260331,879.00,0,1.80,*****,*****,*****,満額,,
20260212,20260216,6736,サン電子,東証,決算,20260331,8450.00,15700,17.00,0.35,1,0.40,,,E
20260212,20260216,6737,ＥＩＺＯ,東証,決算,20260331,2225.00,29100,4.60,0.05,1,0.10,,,F
20260212,20260216,6740,ジャパンディスプレイ,東証,決算,20260331,24.00,817200,2.00,0.05,1,*****,,注意,F
20260212,20260216,6742,京三製作所,東証,決算,20260331,760.00,0,1.60,*****,*****,*****,満額,,
20260212,20260216,6745,ホーチキ,東証,臨時,20260331,5620.00,20100,11.40,0.25,1,0.25,,,F
20260212,20260216,6752,パナソニックＨＤ,東証,決算,20260331,2554.50,576700,5.20,0.10,1,0.10,,,F
20260212,20260216,6763,帝国通信工業,東証,決算,20260331,2911.00,500,6.00,0.05,1,0.10,,,F
20260212,20260216,6768,タムラ製作所,東証,決算,20260331,673.00,0,1.40,*****,*****,*****,満額,,
20260212,20260216,6787,メイコー,東証,決算,20260331,18660.00,0,37.40,*****,*****,*****,満額,,
20260212,20260216,6788,日本トリム,東証,決算,20260331,5160.00,14800,10.40,0.25,1,0.25,,,E
20260212,20260216,6794,フォスター電機,東証,決算,20260331,2951.00,0,6.00,*****,*****,*****,満額,,
20260212,20260216,6800,ヨコオ,東証,決算,20260331,2971.00,6100,6.00,0.10,1,*****,,,F
20260212,20260216,6806,ヒロセ電機,東証,決算,20260331,21295.00,2600,42.60,0.05,1,0.05,,,F
20260212,20260216,6807,日本航空電子工業,東証,決算,20260331,2668.00,0,5.40,*****,*****,*****,満額,,
20260212,20260216,6823,リオン,東証,決算,20260331,2952.00,10700,6.00,0.10,1,0.10,,,F
20260212,20260216,6834,精工技研,東証,決算,20260331,18940.00,0,38.00,*****,*****,*****,満額,,
20260212,20260216,6845,アズビル,東証,決算,20260331,1287.00,0,2.60,*****,*****,*****,満額,,
20260212,20260216,6848,東亜ディーケーケー,東証,決算,20260331,863.00,0,1.80,*****,*****,0.00,満額,,
20260212,20260216,6849,日本光電工業,東証,決算,20260331,1779.50,5800,3.60,0.00,1,0.00,,,F
20260212,20260216,6850,チノー,東証,決算,20260331,1590.00,0,3.20,*****,*****,0.05,満額,,
20260212,20260216,6853,共和電業,東証,決算,20260630,761.00,34500,1.60,0.00,1,0.05,,,F
20260212,20260216,6856,堀場製作所,東証,決算,20260630,20280.00,0,40.60,*****,*****,*****,満額,,
20260212,20260216,6857,アドバンテスト,東証,決算,20260331,26810.00,52700,53.80,0.00,1,1.15,,,F
20260212,20260216,6859,エスペック,東証,決算,20260331,3655.00,3400,7.40,0.10,1,0.10,,,F
20260212,20260216,6866,日置電機,東証,決算,20260630,7050.00,1500,14.20,0.00,1,0.00,,,F
20260212,20260216,6875,メガチップス,東証,決算,20260331,8990.00,8300,18.00,0.35,1,0.35,,,F
20260212,20260216,6905,コーセル,東証,決算,20260220,1204.00,115700,5.20,0.05,1,0.05,,,E
20260212,20260216,6915,千代田インテグレ,東証,決算,20260630,3460.00,1300,7.00,0.10,1,0.10,,,F
20260212,20260216,6919,ケル,東証,決算,20260331,1531.00,0,3.20,*****,*****,*****,満額,,
20260212,20260216,6923,スタンレー電気,東証,決算,20260331,3139.00,400,6.40,0.00,1,0.00,,,F
20260212,20260216,6925,ウシオ電機,東証,決算,20260331,3037.00,13800,6.20,0.05,1,0.05,,,F
20260212,20260216,6926,岡谷電機産業,東証,決算,20260331,199.00,0,1.00,*****,*****,*****,満額,,
20260212,20260216,6941,山一電機,東証,決算,20260331,8850.00,0,17.80,*****,*****,*****,満額,,
20260212,20260216,6947,図研,東証,決算,20260331,4665.00,2900,9.40,0.10,1,0.10,,,F
20260212,20260216,6952,カシオ計算機,東証,決算,20260331,1633.00,12400,3.40,0.00,1,0.00,,,F
20260212,20260216,6960,フクダ電子,東証,臨時,20260220,9160.00,5100,36.80,0.40,1,0.35,,,F
20260212,20260216,6961,エンプラス,東証,決算,20260331,13740.00,6000,27.60,0.00,1,*****,,,F
20260212,20260216,6986,双葉電子工業,東証,決算,20260331,734.00,103000,1.60,0.05,1,0.05,,,F
20260212,20260216,6993,大黒屋ＨＤ,東証,決算,20260331,155.00,874100,2.00,0.05,1,0.05,,停止,E
20260212,20260216,6996,ニチコン,東証,決算,20260331,1924.00,17800,4.00,0.05,1,0.05,,,F
20260212,20260216,6997,日本ケミコン,東証,決算,20260331,1557.00,0,3.20,*****,*****,*****,満額,,
20260212,20260216,6998,日本タングステン,東証,決算,20260331,2018.00,0,4.20,*****,*****,*****,満額,,
20260212,20260216,7014,名村造船所,東証,決算,20260331,4875.00,285300,9.80,0.05,1,0.05,,,E
20260212,20260216,7033,ＭＳＯＬ,東証,決算,20260331,1288.00,0,2.60,*****,*****,*****,満額,,
20260212,20260216,7035,ａｎｆａｃ,東証,決算,20260228,214.00,0,2.00,*****,*****,*****,満額,注意,
20260212,20260216,7048,ベルトラ,東証,決算,20260630,184.00,128100,1.00,0.00,1,0.00,,,F
20260212,20260216,7049,識学,東証,決算,20260228,926.00,130800,4.00,0.05,1,0.05,,注意,D
20260212,20260216,7068,ＦフォースＧ,東証,決算,20260531,643.00,0,1.40,*****,*****,*****,満額,,
20260212,20260216,7071,アンビス,東証,決算,20260331,511.00,61900,1.20,0.00,1,0.00,,,F
20260212,20260216,7087,ウイルテック,東証,決算,20260331,1376.00,0,2.80,*****,*****,0.00,満額,,
20260212,20260216,7092,ＦＦＪ,東証,決算,20260331,2300.00,20900,9.20,0.10,1,0.10,,停止,C
20260212,20260216,7094,ＮｅｘＴｏｎｅ,東証,決算,20260331,1650.00,0,3.40,*****,*****,*****,満額,,
20260212,20260216,7096,ステムセル研究所,東証,決算,20260331,860.00,0,1.80,*****,*****,*****,満額,,
20260212,20260216,7105,三菱ロジスネクスト,東証,決算,20260331,1546.00,0,6.40,*****,*****,*****,満額,停止,
20260212,20260216,7122,近畿車輛,東証,決算,20260331,2497.00,0,5.00,*****,*****,*****,満額,,
20260212,20260216,7128,ユニソルＨＤ,東証,決算,20260630,2430.00,9400,5.00,0.05,1,0.05,,,F
20260212,20260216,7135,ジャパンクラフトＨＤ,東証,決算,20260630,229.00,0,1.00,*****,*****,*****,満額,,
20260212,20260216,7157,ライフネット生命保険,東証,決算,20260331,2056.00,55500,4.20,0.10,1,0.10,,,F
20260212,20260216,7164,全国保証,東証,決算,20260331,3181.00,12800,6.40,0.05,1,0.00,,,F
20260212,20260216,7167,めぶきＦＧ,東証,決算,20260331,1342.50,19200,2.80,0.05,1,0.05,,,F
20260212,20260216,7173,東京きらぼしＦＧ,東証,決算,20260331,12220.00,0,24.60,*****,*****,*****,満額,,
20260212,20260216,7181,かんぽ生命保険,東証,臨時,20260331,5143.00,0,10.40,*****,*****,*****,満額,,
20260212,20260216,7182,ゆうちょ銀行,東証,決算,20260331,3160.00,0,6.40,*****,*****,*****,満額,,
20260212,20260216,7184,富山第一銀行,東証,決算,20260331,2850.00,24400,5.80,0.10,1,*****,,,F
20260212,20260216,7187,ジェイリース,東証,決算,20260331,1437.00,0,3.00,*****,*****,*****,満額,,
20260212,20260216,7191,イントラスト,東証,決算,20260331,1187.00,0,2.40,*****,*****,*****,満額,,
20260212,20260216,7202,いすゞ自動車,東証,決算,20260331,2844.00,30500,5.80,0.10,1,0.10,,,F
20260212,20260216,7203,トヨタ自動車,東証,決算,20260331,3705.00,496200,7.60,0.00,1,0.00,,,F
20260212,20260216,7211,三菱自動車工業,東証,決算,20260331,453.60,853400,1.00,0.05,1,0.00,,,F
20260212,20260216,7222,日産車体,東証,決算,20260331,1046.00,54900,2.20,0.05,1,0.05,,,E
20260212,20260216,7224,新明和工業,東証,決算,20260331,2646.00,0,5.40,*****,*****,*****,満額,,
20260212,20260216,7231,トピー工業,東証,決算,20260331,3525.00,0,7.20,*****,*****,*****,満額,,
20260212,20260216,7240,エヌオーケー,東証,決算,20260331,3231.00,27300,6.60,0.10,1,0.05,,,F
20260212,20260216,7244,市光工業,東証,決算,20260630,557.00,0,1.20,*****,*****,*****,満額,,
20260212,20260216,7261,マツダ,東証,決算,20260331,1315.00,260000,2.80,0.00,1,0.00,,,F
20260212,20260216,7267,本田技研工業,東証,決算,20260331,1611.00,0,3.40,*****,*****,0.00,満額,,
20260212,20260216,7276,小糸製作所,東証,決算,20260331,2674.00,0,5.40,*****,*****,*****,満額,,
20260212,20260216,7279,ハイレックス,東証,決算,20260430,3745.00,15800,7.60,0.15,1,0.15,,,F
20260212,20260216,7282,豊田合成,東証,決算,20260331,5125.00,15300,10.40,0.10,1,0.05,,,F
20260212,20260216,7283,愛三工業,東証,決算,20260331,2234.00,2100,4.60,0.00,1,0.00,,,F
20260212,20260216,7287,日本精機,東証,決算,20260331,2724.00,0,5.60,*****,*****,*****,満額,,
20260212,20260216,7294,ヨロズ,東証,決算,20260331,1133.00,0,2.40,*****,*****,*****,満額,,
20260212,20260216,7296,エフ・シー・シー,東証,決算,20260331,3790.00,8400,7.60,0.10,1,0.15,,,F
20260212,20260216,7305,新家工業,東証,決算,20260331,5730.00,0,11.60,*****,*****,*****,満額,,
20260212,20260216,7309,シマノ,東証,決算,20260630,17755.00,21500,35.60,0.35,1,0.80,,,E
20260212,20260216,7313,テイ・エス　テック,東証,決算,20260331,1997.00,56800,4.00,0.10,1,0.10,,,F
20260212,20260216,7317,松屋アールアンドディ,東証,決算,20260331,1091.00,23400,4.40,0.05,1,0.05,,停止,F
20260212,20260216,7366,ＬＩＴＡＬＩＣＯ,東証,決算,20260331,1304.00,34700,2.80,0.10,1,0.10,,,F
20260212,20260216,7378,アシロ,東証,決算,20260430,1813.00,300,3.80,0.00,1,*****,,,F
20260212,20260216,7381,ＣＣＩグループ,東証,決算,20260331,1006.00,0,2.20,*****,*****,*****,満額,,
20260212,20260216,7384,プロクレアＨＤ,東証,決算,20260331,2868.00,19200,5.80,0.15,1,0.15,,,F
20260212,20260216,7388,ＦＰパートナー,東証,決算,20260531,2360.00,0,4.80,*****,*****,*****,満額,,
20260212,20260216,7389,あいちＦＧ,東証,決算,20260331,6520.00,0,13.20,*****,*****,*****,満額,,
20260212,20260216,7412,アトム,東証,決算,20260331,614.00,878400,2.80,0.05,1,0.05,,注意,E
20260212,20260216,7414,小野建,東証,決算,20260331,1483.00,0,3.00,*****,*****,*****,満額,,
20260212,20260216,7421,カッパ・クリエイト,東証,決算,20260331,1566.00,122700,3.20,0.10,1,0.10,,,F
20260212,20260216,7433,伯東,東証,決算,20260331,4420.00,0,9.00,*****,*****,*****,満額,,
20260212,20260216,7438,コンドーテック,東証,決算,20260331,1552.00,0,3.20,*****,*****,0.05,満額,,
20260212,20260216,7442,中山福,東証,決算,20260331,488.00,0,1.00,*****,*****,*****,満額,,
20260212,20260216,7443,横浜魚類,東証,決算,20260331,681.00,0,1.40,*****,*****,*****,満額,,
20260212,20260216,7447,ナガイレーベン,東証,決算,20260228,1829.00,24700,3.80,0.10,1,0.10,,,E
20260212,20260216,7453,良品計画,東証,決算,20260228,3527.00,30100,7.20,0.00,1,*****,,,F
20260212,20260216,7459,メディパルＨＤ,東証,決算,20260331,2970.00,3100,6.00,0.05,1,0.05,,,F
20260212,20260216,7463,アドヴァングループ,東証,決算,20260331,989.00,16500,2.00,0.05,1,0.05,,,F
20260212,20260216,7472,鳥羽洋行,東証,決算,20260331,4030.00,0,8.20,*****,*****,*****,満額,,
20260212,20260216,7475,アルビス,東証,決算,20260331,2721.00,4300,5.60,0.10,1,0.10,,,F
20260212,20260216,7476,アズワン,東証,決算,20260331,2345.00,21300,4.80,0.05,1,0.10,,,F
20260212,20260216,7480,スズデン,東証,決算,20260331,1777.00,100,3.60,0.00,1,*****,,,F
20260212,20260216,7487,小津産業,東証,決算,20260531,1829.00,0,3.80,*****,*****,*****,満額,,
20260212,20260216,7504,高速,東証,決算,20260331,3265.00,37500,6.60,0.15,1,0.15,,,F
20260212,20260216,7506,ハウス　オブ　ローゼ,東証,決算,20260331,1414.00,3900,3.00,0.00,1,0.00,,,F
20260212,20260216,7510,たけびし,東証,決算,20260331,2476.00,0,5.00,*****,*****,*****,満額,,
20260212,20260216,7512,イオン北海道,東証,決算,20260228,942.00,40700,4.00,0.05,1,0.05,,注意,F
20260212,20260216,7513,コジマ,東証,決算,20260228,1322.00,124600,2.80,0.05,1,0.05,,,F
20260212,20260216,7525,リックス,東証,決算,20260331,3950.00,0,8.00,*****,*****,*****,満額,,
20260212,20260216,7537,丸文,東証,決算,20260331,1307.00,0,2.80,*****,*****,*****,満額,,
20260212,20260216,7545,西松屋チェーン,東証,決算,20260220,2260.00,62100,9.20,0.10,1,0.10,,,F
20260212,20260216,7550,ゼンショーＨＤ,東証,決算,20260331,9440.00,0,19.00,*****,*****,*****,満額,,
20260212,20260216,7554,幸楽苑,東証,決算,20260331,1223.00,29200,2.60,0.00,1,0.00,,,F
20260212,20260216,7570,橋本総業ＨＤ,東証,決算,20260331,1422.00,0,3.00,*****,*****,*****,満額,,
20260212,20260216,7581,サイゼリヤ,東証,決算,20260228,6690.00,38800,13.40,0.25,1,0.25,,,F
20260212,20260216,7595,アルゴグラフィックス,東証,決算,20260331,1581.00,0,3.20,*****,*****,*****,満額,,
20260212,20260216,7599,ＩＤＯＭ,東証,決算,20260228,1515.00,0,3.20,*****,*****,*****,満額,,
20260212,20260216,7602,レダックス,東証,決算,20260331,270.00,214300,2.00,0.05,1,0.05,,停止,D
20260212,20260216,7606,ユナイテッドアローズ,東証,決算,20260331,2603.00,12700,5.40,0.00,1,0.00,,,F
20260212,20260216,7607,進和,東証,決算,20260228,3310.00,1300,6.80,0.10,1,0.05,,,F
20260212,20260216,7613,シークス,東証,決算,20260630,1391.00,1400,2.80,0.05,1,0.05,,,F
20260212,20260216,7616,コロワイド,東証,決算,20260331,1869.00,0,3.80,*****,*****,*****,満額,,
20260212,20260216,7628,オーハシテクニカ,東証,決算,20260331,1284.00,2900,2.60,0.05,1,*****,,,F
20260212,20260216,7630,壱番屋,東証,決算,20260228,930.00,70800,2.00,0.05,1,0.05,,,F
20260212,20260216,7637,白銅,東証,決算,20260331,2597.00,4100,5.20,0.00,1,0.05,,,F
20260212,20260216,7640,トップカルチャー,東証,決算,20260430,214.00,0,2.00,*****,*****,*****,満額,注意,
20260212,20260216,7649,スギホールディングス,東証,決算,20260228,3745.00,37900,7.60,0.15,1,0.05,,,F
20260212,20260216,7678,あさくま,東証,決算,20260731,4825.00,37200,9.80,0.30,1,0.80,,,B
20260212,20260216,7679,薬王堂ＨＤ,東証,決算,20260228,2110.00,0,4.40,*****,*****,0.05,満額,,
20260212,20260216,7707,プレシジョンＳＳ,東証,決算,20260630,239.00,106400,2.00,0.05,1,0.05,,注意,F
20260212,20260216,7709,クボテック,東証,決算,20260331,176.00,8700,1.00,0.00,1,0.00,,,F
20260212,20260216,7715,長野計器,東証,決算,20260331,2954.00,0,6.00,*****,*****,0.05,満額,,
20260212,20260216,7716,ナカニシ,東証,決算,20260331,2266.00,200,4.60,0.00,1,0.00,,,F
20260212,20260216,7721,東京計器,東証,決算,20260331,7970.00,0,16.00,*****,*****,*****,満額,,
20260212,20260216,7723,愛知時計電機,東証,決算,20260331,3320.00,0,6.80,*****,*****,*****,満額,,
20260212,20260216,7725,インターアクション,東証,決算,20260531,1504.00,62700,3.20,0.10,1,0.10,,,E
20260212,20260216,7726,黒田精工,東証,決算,20260331,1039.00,20400,4.40,0.05,1,0.05,,注意,F
20260212,20260216,7727,オーバル,東証,決算,20260331,748.00,53500,1.60,0.05,1,0.05,,,F
20260212,20260216,7729,東京精密,東証,決算,20260331,17120.00,10200,34.40,0.35,1,0.05,,,F
20260212,20260216,7730,マニー,東証,決算,20260228,1630.00,0,3.40,*****,*****,*****,満額,,
20260212,20260216,7731,ニコン,東証,決算,20260331,1954.50,79400,4.00,0.10,1,0.05,,,F
20260212,20260216,7733,オリンパス,東証,決算,20260331,1954.50,0,4.00,*****,*****,*****,満額,,
20260212,20260216,7734,理研計器,東証,決算,20260331,3305.00,36600,6.80,0.15,1,0.15,,,E
20260212,20260216,7735,ＳＣＲＥＥＮ　ＨＤ,東証,臨時,20260331,21375.00,3900,42.80,0.00,1,*****,,,F
20260212,20260216,7740,タムロン,東証,決算,20260630,1024.00,0,2.20,*****,*****,*****,満額,,
20260212,20260216,7741,ＨＯＹＡ,東証,決算,20260331,28460.00,41500,57.00,0.60,1,1.05,,,F
20260212,20260216,7743,シード,東証,決算,20260331,537.00,0,1.20,*****,*****,*****,満額,,
20260212,20260216,7746,岡本硝子,東証,決算,20260331,1389.00,334800,5.60,0.10,1,0.05,,注意,E
20260212,20260216,7774,Ｊ・ＴＥＣ,東証,決算,20260331,590.00,115800,1.20,0.05,1,0.05,,,E
20260212,20260216,7779,サイバーダイン,東証,決算,20260331,320.00,0,1.00,*****,*****,*****,満額,,
20260212,20260216,7780,メニコン,東証,決算,20260331,1745.00,4400,3.60,0.05,1,*****,,,F
20260212,20260216,7795,ＫＹＯＲＩＴＳＵ,東証,決算,20260331,242.00,0,1.00,*****,*****,*****,満額,,
20260212,20260216,7814,日本創発グループ,東証,決算,20260331,757.00,322800,1.60,0.10,1,0.10,,,B
20260212,20260216,7818,トランザクション,東証,決算,20260228,1289.00,62000,2.60,0.05,1,0.05,,,F
20260212,20260216,7821,前田工繊,東証,決算,20260630,2026.00,58800,4.20,0.10,1,0.10,,,F
20260212,20260216,7823,アートネイチャー,東証,決算,20260331,842.00,0,1.80,*****,*****,0.00,満額,,
20260212,20260216,7839,ＳＨＯＥＩ,東証,決算,20260331,1742.00,20600,3.60,0.10,1,0.05,,,F
20260212,20260216,7840,フランスベッドＨＤ,東証,決算,20260331,1335.00,24100,2.80,0.10,1,0.10,,,F
20260212,20260216,7844,マーベラス,東証,決算,20260331,521.00,82300,1.20,0.05,1,0.05,,,F
20260212,20260216,7846,パイロット,東証,決算,20260630,5091.00,14400,10.20,0.20,1,0.20,,,F
20260212,20260216,7856,萩原工業,東証,決算,20260430,1763.00,15700,3.60,0.05,1,0.05,,,F
20260212,20260216,7859,アルメディオ,東証,決算,20260331,209.00,0,1.00,*****,*****,*****,満額,,
20260212,20260216,7860,エイベックス,東証,決算,20260331,1188.00,45500,2.40,0.00,1,0.00,,,F
20260212,20260216,7897,ホクシン,東証,決算,20260331,113.00,0,1.00,*****,*****,*****,満額,,
20260212,20260216,7914,共同印刷,東証,決算,20260331,1727.00,0,3.60,*****,*****,*****,満額,,
20260212,20260216,7915,ＮＩＳＳＨＡ,東証,決算,20260331,1377.00,5000,2.80,0.00,1,0.00,,,F
20260212,20260216,7916,光村印刷,東証,決算,20260331,1915.00,0,4.00,*****,*****,0.00,満額,,
20260212,20260216,7917,ＺＡＣＲＯＳ,東証,決算,20260331,1405.00,0,3.00,*****,*****,*****,満額,,
20260212,20260216,7921,ＴＡＫＡＲＡ＆ＣＯ,東証,決算,20260531,4250.00,14500,8.60,0.20,1,0.20,,,F
20260212,20260216,7925,前澤化成工業,東証,決算,20260331,2358.00,30600,9.60,0.05,1,0.05,,注意,F
20260212,20260216,7931,未来工業,東証,決算,20260320,3510.00,5200,7.20,0.10,1,0.10,,,F
20260212,20260216,7942,ジェイ　エス　ピー,東証,決算,20260331,2851.00,24800,5.80,0.10,1,0.10,,,F
20260212,20260216,7943,ニチハ,東証,決算,20260331,3685.00,11700,7.40,0.10,1,0.10,,,F
20260212,20260216,7944,ローランド,東証,決算,20260630,3985.00,0,8.00,*****,*****,*****,満額,,
20260212,20260216,7947,エフピコ,東証,決算,20260331,2795.00,0,5.60,*****,*****,*****,満額,,
20260212,20260216,7949,小松ウオール工業,東証,決算,20260331,3020.00,9800,6.20,0.10,1,0.15,,,F
20260212,20260216,7951,ヤマハ,東証,決算,20260331,1221.00,533400,2.60,0.05,1,0.05,,,E
20260212,20260216,7952,河合楽器製作所,東証,決算,20260331,2939.00,0,6.00,*****,*****,*****,満額,,
20260212,20260216,7955,クリナップ,東証,決算,20260331,952.00,7100,2.00,0.00,1,0.00,,,F
20260212,20260216,7962,キングジム,東証,決算,20260620,818.00,213500,1.80,0.05,1,0.05,,,D
20260212,20260216,7965,象印マホービン,東証,決算,20260520,1604.00,145000,3.40,0.05,1,0.10,,,E
20260212,20260216,7966,リンテック,東証,決算,20260331,4895.00,1900,9.80,0.05,1,0.00,,,F
20260212,20260216,7970,信越ポリマー,東証,決算,20260331,2138.00,22900,4.40,0.05,1,0.00,,,F
20260212,20260216,7972,イトーキ,東証,決算,20260630,2850.00,600,5.80,0.00,1,0.05,,,F
20260212,20260216,7976,三菱鉛筆,東証,決算,20260331,2401.00,47700,5.00,0.10,1,0.10,,,D
20260212,20260216,7981,タカラスタンダード,東証,決算,20260331,3090.00,34300,6.20,0.15,1,0.15,,,F
20260212,20260216,7984,コクヨ,東証,決算,20260630,962.80,94900,2.00,0.05,1,0.05,,,F
20260212,20260216,7988,ニフコ,東証,決算,20260331,5133.00,19400,10.40,0.25,1,0.20,,,F
20260212,20260216,7989,立川ブラインド工業,東証,決算,20260630,2566.00,0,5.20,*****,*****,*****,満額,,
20260212,20260216,7990,グローブライド,東証,決算,20260331,2357.00,8500,4.80,0.05,1,0.05,,,F
20260212,20260216,7994,オカムラ,東証,決算,20260331,2613.00,0,5.40,*****,*****,*****,満額,,
20260212,20260216,8001,伊藤忠商事,東証,決算,20260331,2233.00,0,4.60,*****,*****,*****,満額,,
20260212,20260216,8005,スクロール,東証,決算,20260331,1371.00,0,2.80,*****,*****,*****,満額,,
20260212,20260216,8007,高島,東証,決算,20260331,911.00,0,2.00,*****,*****,*****,満額,,
20260212,20260216,8008,ヨンドシーホールディ,東証,決算,20260228,1848.00,0,3.80,*****,*****,*****,満額,,
20260212,20260216,8011,三陽商会,東証,決算,20260228,4655.00,18000,9.40,0.20,1,0.20,,,F
20260212,20260216,8012,長瀬産業,東証,臨時,20260331,4707.00,0,9.60,*****,*****,*****,満額,,
20260212,20260216,8014,蝶理,東証,決算,20260331,4545.00,0,9.20,*****,*****,*****,満額,,
20260212,20260216,8016,オンワードＨＤ,東証,決算,20260228,776.00,500,1.60,0.00,1,*****,,,F
20260212,20260216,8022,美津濃,東証,決算,20260331,4285.00,5400,8.60,0.00,1,*****,,,F
20260212,20260216,8029,ルックＨＤ,東証,決算,20260630,2533.00,800,10.40,0.05,1,*****,,注意,F
20260212,20260216,8032,日本紙パルプ商事,東証,決算,20260331,1134.00,77300,2.40,0.05,1,0.05,,,F
20260212,20260216,8051,山善,東証,決算,20260331,1485.00,18100,3.00,0.05,1,0.05,,,F
20260212,20260216,8052,椿本興業,東証,決算,20260331,3020.00,0,6.20,*****,*****,*****,満額,,
20260212,20260216,8058,三菱商事,東証,決算,20260331,5164.00,138500,10.40,0.10,1,0.10,,,F
20260212,20260216,8066,三谷商事,東証,決算,20260331,2799.00,0,5.60,*****,*****,*****,満額,,
20260212,20260216,8079,正栄食品工業,東証,決算,20260430,4135.00,7800,8.40,0.10,1,0.10,,,F
20260212,20260216,8084,ＲＹＯＤＥＮ,東証,決算,20260331,3725.00,0,7.60,*****,*****,*****,満額,,
20260212,20260216,8086,ニプロ,東証,決算,20260331,1518.50,50800,3.20,0.05,1,0.05,,,F
20260212,20260216,8097,三愛オブリ,東証,決算,20260331,2425.00,1800,5.00,0.05,1,0.05,,,F
20260212,20260216,8098,稲畑産業,東証,決算,20260331,4110.00,3700,8.40,0.10,1,0.10,,,F
20260212,20260216,8101,ＧＳＩクレオス,東証,決算,20260331,2749.00,0,5.60,*****,*****,*****,満額,,
20260212,20260216,8117,中央自動車工業,東証,決算,20260331,2180.00,0,4.40,*****,*****,*****,満額,,
20260212,20260216,8125,ワキタ,東証,決算,20260228,2125.00,40100,4.40,0.00,1,0.00,,,F
20260212,20260216,8127,ヤマトインタ,東証,決算,20260228,607.00,56700,2.80,0.05,1,0.05,,注意,E
20260212,20260216,8129,東邦ホールディングス,東証,決算,20260331,4638.00,100,18.80,0.05,1,0.05,,停止,F
20260212,20260216,8130,サンゲツ,東証,決算,20260331,3285.00,0,6.60,*****,*****,*****,満額,,
20260212,20260216,8131,ミツウロコＧＨＤ,東証,決算,20260331,2361.00,11400,4.80,0.05,1,0.05,,,F
20260212,20260216,8132,シナネンＨＤ,東証,決算,20260331,6730.00,11900,13.60,0.30,1,0.30,,,D
20260212,20260216,8137,サンワテクノス,東証,決算,20260331,3300.00,0,6.60,*****,*****,*****,満額,,
20260212,20260216,8151,東陽テクニカ,東証,決算,20260331,1952.00,0,4.00,*****,*****,*****,満額,,
20260212,20260216,8153,モスフードサービス,東証,決算,20260331,4370.00,23900,8.80,0.20,1,0.20,,,F
20260212,20260216,8159,立花エレテック,東証,決算,20260331,3215.00,2600,6.60,0.05,1,*****,,,F
20260212,20260216,8160,木曽路,東証,決算,20260331,2594.00,41400,5.20,0.10,1,0.10,,,F
20260212,20260216,8163,ＳＲＳＨＤ,東証,決算,20260331,1278.00,37400,5.20,0.05,1,0.05,,注意,F
20260212,20260216,8165,千趣会,東証,決算,20260630,208.00,601600,1.00,0.05,1,0.05,,,D
20260212,20260216,8173,上新電機,東証,決算,20260331,2799.00,29600,5.60,0.15,1,0.15,,,F
20260212,20260216,8174,日本瓦斯,東証,決算,20260331,2990.00,0,6.00,*****,*****,*****,満額,,
20260212,20260216,8179,ロイヤルＨＤ,東証,決算,20260630,1419.00,109400,3.00,0.05,1,0.05,,,F
20260212,20260216,8185,チヨダ,東証,決算,20260228,1129.00,52800,2.40,0.05,1,0.00,,,F
20260212,20260216,8200,リンガーハット,東証,決算,20260228,2287.00,49900,9.20,0.05,1,0.05,,注意,F
20260212,20260216,8217,オークワ,東証,決算,20260220,907.00,10700,4.00,0.05,1,0.05,,,F
20260212,20260216,8218,コメリ,東証,決算,20260331,3505.00,0,7.20,*****,*****,*****,満額,,
20260212,20260216,8219,青山商事,東証,臨時,20260331,2756.00,51400,5.60,0.10,1,0.10,,,F
20260212,20260216,8227,しまむら,東証,臨時,20260220,11080.00,0,44.40,*****,*****,*****,満額,,
20260212,20260216,8237,松屋,東証,決算,20260228,2383.00,349100,4.80,0.15,1,0.10,,,C
20260212,20260216,8242,Ｈ２Ｏリテイリング,東証,決算,20260331,2463.00,0,5.00,*****,*****,0.05,満額,,
20260212,20260216,8244,近鉄百貨店,東証,決算,20260228,1834.00,0,3.80,*****,*****,0.05,満額,,
20260212,20260216,8253,クレディセゾン,東証,決算,20260331,4549.00,0,9.20,*****,*****,*****,満額,,
20260212,20260216,8267,イオン,東証,決算,20260228,2300.00,372400,4.60,0.05,1,0.00,,,F
20260212,20260216,8275,フォーバル,東証,決算,20260331,1130.00,0,2.40,*****,*****,*****,満額,,
20260212,20260216,8276,平和堂,東証,決算,20260220,3100.00,37500,12.40,0.10,1,0.10,,,F
20260212,20260216,8278,フジ,東証,決算,20260228,2165.00,72500,4.40,0.05,1,0.10,,,F
20260212,20260216,8281,ゼビオＨＤ,東証,決算,20260331,1110.00,8400,2.40,0.05,1,0.05,,,F
20260212,20260216,8282,ケーズホールディング,東証,決算,20260331,1684.00,23600,3.40,0.05,1,0.05,,,F
20260212,20260216,8283,ＰＡＬＴＡＣ,東証,決算,20260331,5009.00,3900,10.20,0.10,1,0.10,,,F
20260212,20260216,8304,あおぞら銀行,東証,決算,20260331,2876.00,0,5.80,*****,*****,*****,満額,,
20260212,20260216,8308,りそなＨＤ,東証,決算,20260331,2170.00,225500,4.40,0.05,1,*****,,,F
20260212,20260216,8309,三井住友トラストＧ,東証,決算,20260331,5770.00,0,11.60,*****,*****,*****,満額,,
20260212,20260216,8334,群馬銀行,東証,決算,20260331,2324.00,0,4.80,*****,*****,*****,満額,,
20260212,20260216,8337,千葉興業銀行,東証,決算,20260331,2411.00,0,5.00,*****,*****,*****,満額,,
20260212,20260216,8338,筑波銀行,東証,決算,20260331,733.00,0,1.60,*****,*****,*****,満額,,
20260212,20260216,8343,秋田銀行,東証,決算,20260331,5730.00,35700,11.60,0.15,1,*****,,,F
20260212,20260216,8344,山形銀行,東証,決算,20260331,2762.00,85400,5.60,0.15,1,0.10,,,E
20260212,20260216,8346,東邦銀行,東証,決算,20260331,763.00,111100,1.60,0.00,1,0.00,,,F
20260212,20260216,8354,ふくおかＦＧ,東証,決算,20260331,7293.00,0,14.60,*****,*****,*****,満額,,
20260212,20260216,8358,スルガ銀行,東証,決算,20260331,2161.00,0,4.40,*****,*****,*****,満額,,
20260212,20260216,8360,山梨中央銀行,東証,決算,20260331,5600.00,0,11.20,*****,*****,0.00,満額,,
20260212,20260216,8362,福井銀行,東証,決算,20260331,3510.00,3700,7.20,0.05,1,0.05,,,F
20260212,20260216,8365,富山銀行,東証,決算,20260331,2569.00,0,10.40,*****,*****,*****,満額,注意,
20260212,20260216,8366,滋賀銀行,東証,臨時,20260331,9200.00,0,18.40,*****,*****,0.40,満額,,
20260212,20260216,8367,南都銀行,東証,臨時,20260331,7690.00,1000,15.40,0.00,1,*****,,,F
20260212,20260216,8368,百五銀行,東証,決算,20260331,1636.00,0,3.40,*****,*****,*****,満額,,
20260212,20260216,8377,ほくほくＦＧ,東証,決算,20260331,6465.00,0,13.00,*****,*****,*****,満額,,
20260212,20260216,8388,阿波銀行,東証,決算,20260331,6010.00,0,12.20,*****,*****,*****,満額,,
20260212,20260216,8392,大分銀行,東証,臨時,20260331,10190.00,0,20.40,*****,*****,*****,満額,,
20260212,20260216,8416,高知銀行,東証,決算,20260331,1345.00,0,2.80,*****,*****,*****,満額,,
20260212,20260216,8418,山口ＦＧ,東証,決算,20260331,2855.50,0,5.80,*****,*****,*****,満額,,
20260212,20260216,8421,信金中央金庫,東証,決算,20260331,198300.00,398,400.00,10.00,1,10.00,,,E
20260212,20260216,8424,芙蓉総合リース,東証,決算,20260331,4579.00,0,9.20,*****,*****,*****,満額,,
20260212,20260216,8439,東京センチュリー,東証,決算,20260331,2255.50,0,4.60,*****,*****,*****,満額,,
20260212,20260216,8511,日本証券金融,東証,決算,20260331,2212.00,19300,4.60,0.05,1,0.10,,,F
20260212,20260216,8524,北洋銀行,東証,決算,20260331,1025.00,190800,2.20,0.00,1,0.00,,,F
20260212,20260216,8541,愛媛銀行,東証,決算,20260331,2020.00,22000,4.20,0.05,1,*****,,,F
20260212,20260216,8542,トマト銀行,東証,決算,20260331,1863.00,0,3.80,*****,*****,*****,満額,,
20260212,20260216,8544,京葉銀行,東証,決算,20260331,2295.00,8200,4.60,0.00,1,*****,,,F
20260212,20260216,8551,北日本銀行,東証,決算,20260331,5430.00,0,11.00,*****,*****,*****,満額,,
20260212,20260216,8562,福島銀行,東証,決算,20260331,424.00,345700,1.00,0.05,1,0.00,,,D
20260212,20260216,8566,リコーリース,東証,決算,20260331,6300.00,15800,12.60,0.30,1,0.30,,,F
20260212,20260216,8570,イオンＦＳ,東証,決算,20260228,1791.50,0,3.60,*****,*****,*****,満額,,
20260212,20260216,8584,ジャックス,東証,決算,20260331,4340.00,0,8.80,*****,*****,*****,満額,,
20260212,20260216,8595,ジャフコ　グループ,東証,決算,20260331,2472.00,0,5.00,*****,*****,*****,満額,,
20260212,20260216,8600,トモニＨＤ,東証,決算,20260331,984.00,0,2.00,*****,*****,*****,満額,,
20260212,20260216,8601,大和証券グループ本社,東証,決算,20260331,1674.00,29500,3.40,0.00,1,0.00,,,F
20260212,20260216,8609,岡三証券グループ,東証,決算,20260331,981.00,12500,2.00,0.00,1,0.05,,,F
20260212,20260216,8613,丸三証券,東証,決算,20260331,1097.00,3700,2.20,0.00,1,*****,,,F
20260212,20260216,8616,東海東京ＦＨＤ,東証,決算,20260331,776.00,34600,1.60,0.00,1,0.00,,,F
20260212,20260216,8617,光世証券,東証,決算,20260331,574.00,1200,1.20,0.05,1,0.05,,,F
20260212,20260216,8622,水戸証券,東証,決算,20260331,637.00,1100,1.40,0.00,1,*****,,,F
20260212,20260216,8624,いちよし証券,東証,決算,20260331,1403.00,114200,3.00,0.10,1,0.10,,,F
20260212,20260216,8628,松井証券,東証,決算,20260331,926.00,39700,2.00,0.00,1,*****,,,F
20260212,20260216,8630,ＳＯＭＰＯＨＤ,東証,決算,20260331,6029.00,0,12.20,*****,*****,*****,満額,,
20260212,20260216,8697,日本取引所グループ,東証,決算,20260331,1808.50,210100,3.80,0.05,1,0.05,,,F
20260212,20260216,8705,日産証券グループ,東証,決算,20260331,221.00,0,1.00,*****,*****,*****,満額,,
20260212,20260216,8706,極東証券,東証,決算,20260331,1786.00,0,3.60,*****,*****,*****,満額,,
20260212,20260216,8708,アイザワ証券グループ,東証,決算,20260331,1463.00,76600,3.00,0.10,1,0.10,,,D
20260212,20260216,8713,フィデアＨＤ,東証,決算,20260331,2296.00,0,4.60,*****,*****,*****,満額,,
20260212,20260216,8714,池田泉州ＨＤ,東証,決算,20260331,952.00,0,2.00,*****,*****,*****,満額,,
20260212,20260216,8715,アニコムＨＤ,東証,決算,20260331,1100.00,46300,2.20,0.05,1,0.05,,,F
20260212,20260216,8739,スパークス・グループ,東証,決算,20260331,2046.00,39000,4.20,0.05,1,0.05,,,F
20260212,20260216,8742,小林洋行,東証,決算,20260331,487.00,0,1.00,*****,*****,*****,満額,,
20260212,20260216,8750,第一生命ＨＤ,東証,決算,20260331,1467.00,239500,3.00,0.05,1,0.05,,,F
20260212,20260216,8769,アドバンテッジリスク,東証,決算,20260331,614.00,0,1.40,*****,*****,*****,満額,,
20260212,20260216,8793,ＮＥＣキャピタル,東証,決算,20260331,4340.00,0,8.80,*****,*****,*****,満額,,
20260212,20260216,8795,Ｔ＆ＤＨＤ,東証,決算,20260331,4210.00,41900,8.60,0.10,1,0.10,,,F
20260212,20260216,8801,三井不動産,東証,決算,20260331,2147.50,184500,4.40,0.00,1,0.00,,,F
20260212,20260216,8803,平和不動産,東証,決算,20260331,2485.00,26100,5.00,0.10,1,0.05,,,F
20260212,20260216,8804,東京建物,東証,決算,20260630,4331.00,3200,8.80,0.10,1,0.10,,,F
20260212,20260216,8818,京阪神ビルディング,東証,決算,20260331,2043.00,55100,4.20,0.10,1,0.10,,,E
20260212,20260216,8830,住友不動産,東証,決算,20260331,5120.00,0,10.40,*****,*****,*****,満額,,
20260212,20260216,8835,太平洋興発,東証,決算,20260331,890.00,0,1.80,*****,*****,*****,満額,,
20260212,20260216,8841,テーオーシー,東証,決算,20260331,867.00,79200,1.80,0.05,1,0.05,,,F
20260212,20260216,8850,スターツコーポ,東証,決算,20260331,5180.00,14300,10.40,0.20,1,0.20,,,F
20260212,20260216,8860,フジ住宅,東証,決算,20260331,847.00,0,1.80,*****,*****,*****,満額,,
20260212,20260216,8871,ゴールドクレスト,東証,決算,20260331,3400.00,22500,6.80,0.15,1,0.15,,,F
20260212,20260216,8881,日神グループＨＤ,東証,決算,20260331,817.00,0,1.80,*****,*****,*****,満額,,
20260212,20260216,8887,シーラＨＤ,東証,決算,20260531,413.00,44000,1.00,0.00,1,0.00,,,F
20260212,20260216,8892,エスコン,東証,決算,20260331,1186.00,0,2.40,*****,*****,*****,満額,,
20260212,20260216,8914,エリアリンク,東証,決算,20260630,1113.00,0,2.40,*****,*****,*****,満額,,
20260212,20260216,8920,東祥,東証,決算,20260331,918.00,0,2.00,*****,*****,*****,満額,,
20260212,20260216,8928,穴吹興産,東証,決算,20260630,2369.00,0,4.80,*****,*****,*****,満額,,
20260212,20260216,8935,ＦＪネクストＨＤ,東証,決算,20260331,1870.00,0,3.80,*****,*****,*****,満額,,
20260212,20260216,8951,Ｒ－ビルＦ,東証,決算,20260630,145300.00,103,300.00,5.00,1,5.00,,,F
20260212,20260216,8954,Ｒ－オリックスＦ,東証,決算,20260228,104700.00,0,220.00,*****,*****,*****,満額,,
20260212,20260216,8955,Ｒ－Ｊプライム,東証,決算,20260630,106600.00,201,220.00,5.00,1,5.00,,,F
20260212,20260216,8957,Ｒ－東急ＲＥ,東証,決算,20260731,211400.00,341,440.00,5.00,1,5.00,,,F
20260212,20260216,8961,Ｒ－森トラスト,東証,決算,20260228,77800.00,85,160.00,0.00,1,5.00,,,F
20260212,20260216,8968,Ｒ－福岡,東証,決算,20260228,185300.00,0,380.00,*****,*****,*****,満額,,
20260212,20260216,8976,大和証券オフィス投資,東証,決算,20260531,370000.00,5,740.00,5.00,1,*****,,,F
20260212,20260216,8987,Ｒ－エクセレント,東証,決算,20260630,151000.00,164,320.00,5.00,1,5.00,,,F
20260212,20260216,9001,東武鉄道,東証,決算,20260331,3015.00,0,6.20,*****,*****,*****,満額,,
20260212,20260216,9003,相鉄ホールディングス,東証,決算,20260331,2912.00,18600,6.00,0.05,1,0.05,,,F
20260212,20260216,9005,東急,東証,決算,20260331,1947.50,90100,4.00,0.05,1,0.05,,,F
20260212,20260216,9006,京浜急行電鉄,東証,決算,20260331,1612.00,29500,3.40,0.05,1,*****,,,F
20260212,20260216,9007,小田急電鉄,東証,決算,20260331,1740.50,0,3.60,*****,*****,*****,満額,,
20260212,20260216,9010,富士急行,東証,決算,20260331,2211.00,0,4.60,*****,*****,0.00,満額,,
20260212,20260216,9021,西日本旅客鉄道,東証,決算,20260331,3413.00,0,7.00,*****,*****,*****,満額,,
20260212,20260216,9022,東海旅客鉄道,東証,決算,20260331,4665.00,0,9.40,*****,*****,0.00,満額,,
20260212,20260216,9023,東京地下鉄,東証,決算,20260331,1717.00,1036800,3.60,0.10,1,0.10,,,E
20260212,20260216,9024,西武ホールディングス,東証,決算,20260331,4500.00,179100,9.00,0.20,1,0.20,,,F
20260212,20260216,9031,西日本鉄道,東証,決算,20260331,3037.00,21500,6.20,0.15,1,0.15,,,F
20260212,20260216,9037,ハマキョウレックス,東証,決算,20260331,1928.00,13800,4.00,0.05,1,0.00,,,F
20260212,20260216,9039,サカイ引越センター,東証,決算,20260331,2944.00,10600,6.00,0.10,1,0.15,,,F
20260212,20260216,9042,阪急阪神ＨＤ,東証,決算,20260331,4653.00,13700,9.40,0.05,1,*****,,,F
20260212,20260216,9044,南海電気鉄道,東証,決算,20260331,3060.00,30500,6.20,0.10,1,0.15,,,F
20260212,20260216,9046,神戸電鉄,東証,決算,20260331,2495.00,25100,10.00,0.10,1,0.10,,注意,E
20260212,20260216,9052,山陽電気鉄道,東証,決算,20260331,2086.00,5900,4.20,0.05,1,0.05,,,F
20260212,20260216,9064,ヤマトＨＤ,東証,臨時,20260228,1935.00,0,4.00,*****,*****,*****,満額,,
20260212,20260216,9065,山九,東証,決算,20260331,9759.00,4600,19.60,0.20,1,0.20,,,F
20260212,20260216,9068,丸全昭和運輸,東証,決算,20260331,9400.00,11100,18.80,0.40,1,0.35,,,F
20260212,20260216,9072,ニッコンＨＤ,東証,決算,20260331,3972.00,73200,8.00,0.10,1,0.10,,,F
20260212,20260216,9075,福山通運,東証,決算,20260331,5350.00,24100,10.80,0.25,1,0.10,,,F
20260212,20260216,9107,川崎汽船,東証,決算,20260331,2342.00,0,4.80,*****,*****,*****,満額,,
20260212,20260216,9110,ＮＳユナイテッド海運,東証,決算,20260331,7650.00,6100,15.40,0.15,1,0.15,,,F
20260212,20260216,9119,飯野海運,東証,決算,20260331,1661.00,65900,3.40,0.10,1,0.10,,,F
20260212,20260216,9130,共栄タンカー,東証,決算,20260331,1177.00,0,4.80,*****,*****,*****,満額,注意,
20260212,20260216,9147,ＮＸＨＤ,東証,決算,20260630,3775.00,11300,7.60,0.10,1,0.10,,,F
20260212,20260216,9160,ノバレーゼ,東証,決算,20260630,314.00,0,1.00,*****,*****,*****,満額,,
20260212,20260216,9216,ビーウィズ,東証,決算,20260531,1724.00,16800,3.60,0.05,1,0.00,,,F
20260212,20260216,9218,メンタルヘルスＴ,東証,決算,20260630,800.00,44200,1.60,0.05,1,0.05,,,E
20260212,20260216,9219,ギックス,東証,決算,20260630,952.00,0,2.00,*****,*****,*****,満額,,
20260212,20260216,9227,マイクロ波化学,東証,決算,20260630,1320.00,39900,5.60,0.05,1,0.05,,停止,F
20260212,20260216,9267,ゲンキードラッグ,東証,決算,20260620,4700.00,36000,9.40,0.20,1,0.20,,,E
20260212,20260216,9268,オプティマス,東証,決算,20260331,365.00,0,1.00,*****,*****,*****,満額,,
20260212,20260216,9270,バリュエンスＨＤ,東証,決算,20260228,1755.00,0,7.20,*****,*****,*****,満額,注意,
20260212,20260216,9273,コーア商事ＨＤ,東証,決算,20260630,843.00,0,1.80,*****,*****,*****,満額,,
20260212,20260216,9274,ＫＰＰグループＨＤ,東証,決算,20260331,929.00,60200,2.00,0.05,1,0.05,,,F
20260212,20260216,9278,ブックオフＧＨＤ,東証,決算,20260531,1667.00,5700,3.40,0.05,1,0.05,,,F
20260212,20260216,9279,ギフトＨＤ,東証,決算,20260430,3955.00,48900,8.00,0.10,1,0.10,,,F
20260212,20260216,9301,三菱倉庫,東証,決算,20260331,1361.00,0,2.80,*****,*****,*****,満額,,
20260212,20260216,9303,住友倉庫,東証,決算,20260331,3815.00,900,7.80,0.10,1,0.10,,,F
20260212,20260216,9304,澁澤倉庫,東証,決算,20260331,1393.00,11000,2.80,0.05,1,0.05,,,F
20260212,20260216,9307,杉村倉庫,東証,決算,20260331,1040.00,0,2.20,*****,*****,*****,満額,,
20260212,20260216,9308,乾汽船,東証,決算,20260331,1474.00,47700,3.00,0.05,1,0.10,,,F
20260212,20260216,9336,大栄環境,東証,決算,20260331,4110.00,0,8.40,*****,*****,*****,満額,,
20260212,20260216,9347,日本管財ＨＤ,東証,決算,20260331,2849.00,26300,5.80,0.15,1,0.15,,,F
20260212,20260216,9380,東海運,東証,決算,20260331,429.00,0,1.00,*****,*****,*****,満額,,
20260212,20260216,9401,ＴＢＳＨＤ,東証,決算,20260331,5931.00,0,12.00,*****,*****,0.15,満額,,
20260212,20260216,9404,日本テレビＨＤ,東証,決算,20260331,3512.00,0,7.20,*****,*****,*****,満額,,
20260212,20260216,9409,テレビ朝日ＨＤ,東証,決算,20260331,3710.00,3800,7.60,0.15,1,0.15,,,F
20260212,20260216,9414,日本ＢＳ放送,東証,決算,20260228,964.00,0,2.00,*****,*****,*****,満額,,
20260212,20260216,9417,スマートバリュー,東証,決算,20260630,397.00,3300,1.00,0.00,1,0.00,,,F
20260212,20260216,9428,クロップス,東証,決算,20260331,1561.00,0,3.20,*****,*****,0.10,満額,,
20260212,20260216,9436,沖縄セルラー電話,東証,決算,20260331,3240.00,5000,6.60,0.00,1,0.00,,,F
20260212,20260216,9438,エムティーアイ,東証,決算,20260331,739.00,7800,1.60,0.00,1,0.00,,,F
20260212,20260216,9467,アルファポリス,東証,決算,20260331,1464.00,0,3.00,*****,*****,*****,満額,,
20260212,20260216,9468,ＫＡＤＯＫＡＷＡ,東証,決算,20260331,3139.00,0,6.40,*****,*****,0.00,満額,,
20260212,20260216,9470,学研ホールディングス,東証,決算,20260331,1097.00,0,2.20,*****,*****,*****,満額,,
20260212,20260216,9474,ゼンリン,東証,決算,20260331,1019.00,0,2.20,*****,*****,*****,満額,,
20260212,20260216,9505,北陸電力,東証,決算,20260331,1052.00,0,2.20,*****,*****,*****,満額,,
20260212,20260216,9507,四国電力,東証,決算,20260331,1716.00,176200,3.60,0.10,1,0.10,,,F
20260212,20260216,9508,九州電力,東証,決算,20260331,1880.50,0,3.80,*****,*****,*****,満額,,
20260212,20260216,9509,北海道電力,東証,決算,20260331,1091.50,507200,2.20,0.00,1,*****,,,F
20260212,20260216,9511,沖縄電力,東証,決算,20260331,1203.00,6200,2.60,0.05,1,0.00,,,F
20260212,20260216,9531,東京瓦斯,東証,決算,20260331,7780.00,10000,15.60,0.05,1,*****,,,F
20260212,20260216,9532,大阪瓦斯,東証,決算,20260331,6737.00,29000,13.60,0.15,1,0.15,,,F
20260212,20260216,9533,東邦瓦斯,東証,臨時,20260331,5596.00,22100,11.20,0.15,1,0.20,,,F
20260212,20260216,9535,広島ガス,東証,決算,20260331,383.00,36900,1.00,0.05,1,*****,,,F
20260212,20260216,9539,京葉瓦斯,東証,決算,20260331,1241.00,1000,2.60,0.00,1,0.00,,,F
20260212,20260216,9543,静岡ガス,東証,決算,20260630,1334.00,21400,2.80,0.05,1,*****,,,F
20260212,20260216,9552,クオンツ総研ＨＤ,東証,決算,20260331,1080.00,0,2.20,*****,*****,*****,満額,,
20260212,20260216,9553,マイクロアド,東証,決算,20260331,768.00,0,3.20,*****,*****,*****,満額,注意,
20260212,20260216,9560,プログリット,東証,決算,20260228,827.00,30800,1.80,0.00,1,0.00,,,F
20260212,20260216,9601,松竹,東証,決算,20260228,11950.00,0,48.00,*****,*****,0.00,満額,注意,
20260212,20260216,9605,東映,東証,決算,20260331,5750.00,10100,11.60,0.25,1,0.25,,,F
20260212,20260216,9619,イチネンＨＤ,東証,決算,20260331,2233.00,0,4.60,*****,*****,*****,満額,,
20260212,20260216,9621,建設技術研究所,東証,決算,20260630,3370.00,8700,6.80,0.15,1,0.15,,,F
20260212,20260216,9622,スペース,東証,決算,20260630,1653.00,0,3.40,*****,*****,*****,満額,,
20260212,20260216,9627,アインＨＤ,東証,決算,20260430,6437.00,1000,13.00,0.00,1,0.05,,,F
20260212,20260216,9663,ナガワ,東証,決算,20260331,5890.00,12600,11.80,0.05,1,0.05,,,F
20260212,20260216,9672,東京都競馬,東証,決算,20260630,5580.00,0,11.20,*****,*****,*****,満額,,
20260212,20260216,9682,ＤＴＳ,東証,決算,20260331,1161.00,2200,2.40,0.05,1,0.05,,,F
20260212,20260216,9706,日本空港ビルデング,東証,決算,20260331,5590.00,19600,11.20,0.20,1,0.25,,,F
20260212,20260216,9715,トランス・コスモス,東証,決算,20260331,4040.00,0,8.20,*****,*****,*****,満額,,
20260212,20260216,9716,乃村工藝社,東証,決算,20260228,1436.00,0,3.00,*****,*****,*****,満額,,
20260212,20260216,9722,藤田観光,東証,決算,20260331,2370.00,0,4.80,*****,*****,0.10,満額,,
20260212,20260216,9729,トーカイ,東証,決算,20260331,2649.00,0,5.40,*****,*****,*****,満額,,
20260212,20260216,9735,セコム,東証,決算,20260331,6190.00,25700,12.40,0.15,1,0.15,,,F
20260212,20260216,9742,アイネス,東証,決算,20260331,2000.00,10800,4.00,0.05,1,0.05,,,F
20260212,20260216,9744,メイテックＧＨＤ,東証,決算,20260331,3489.00,0,7.00,*****,*****,*****,満額,,
20260212,20260216,9746,ＴＫＣ,東証,決算,20260331,4165.00,38500,8.40,0.20,1,0.20,,,F
20260212,20260216,9755,応用地質,東証,決算,20260331,2996.00,2800,6.00,0.00,1,*****,,,F
20260212,20260216,9757,船井総研ＨＤ,東証,決算,20260630,1115.00,0,2.40,*****,*****,*****,満額,,
20260212,20260216,9759,ＮＳＤ,東証,決算,20260331,3087.00,0,6.20,*****,*****,*****,満額,,
20260212,20260216,9760,進学会ＨＤ,東証,決算,20260331,163.00,600,1.00,0.00,1,0.00,,,F
20260212,20260216,9763,丸建リース,東証,臨時,20260331,4685.00,0,9.40,*****,*****,*****,満額,,
20260212,20260216,9765,オオバ,東証,決算,20260228,1216.00,0,2.60,*****,*****,*****,満額,,
20260212,20260216,9788,ナック,東証,決算,20260331,551.00,0,1.20,*****,*****,*****,満額,,
20260212,20260216,9793,ダイセキ,東証,決算,20260228,3815.00,0,7.80,*****,*****,*****,満額,,
20260212,20260216,9795,ステップ,東証,決算,20260331,2528.00,1500,5.20,0.00,1,0.00,,,F
20260212,20260216,9824,泉州電業,東証,決算,20260430,6530.00,6200,13.20,0.15,1,0.15,,,F
20260212,20260216,9830,トラスコ中山,東証,決算,20260630,2719.00,0,5.60,*****,*****,*****,満額,,
20260212,20260216,9831,ヤマダＨＤ,東証,決算,20260331,555.30,0,1.20,*****,*****,0.00,満額,,
20260212,20260216,9832,オートバックスセブン,東証,決算,20260331,1685.00,0,3.40,*****,*****,*****,満額,,
20260212,20260216,9835,ジュンテンドー,東証,決算,20260228,524.00,900,1.20,0.00,1,0.00,,,F
20260212,20260216,9837,モリト,東証,決算,20260228,1986.00,0,4.00,*****,*****,*****,満額,,
20260212,20260216,9842,アークランズ,東証,決算,20260228,2030.00,46800,4.20,0.05,1,0.05,,,F
20260212,20260216,9843,ニトリＨＤ,東証,決算,20260331,3042.00,142800,6.20,0.10,1,0.10,,,F
20260212,20260216,9850,グルメ杵屋,東証,決算,20260331,1017.00,84900,2.20,0.05,1,0.05,,,F
20260212,20260216,9856,ケーユーＨＤ,東証,決算,20260331,1313.00,3000,2.80,0.05,1,0.00,,,F
20260212,20260216,9861,吉野家ＨＤ,東証,決算,20260228,3117.00,0,6.40,*****,*****,*****,満額,,
20260212,20260216,9869,加藤産業,東証,決算,20260331,6820.00,14300,13.80,0.30,1,0.30,,,F
20260212,20260216,9872,北恵,東証,決算,20260520,896.00,0,1.80,*****,*****,*****,満額,,
20260212,20260216,9887,松屋フーズＨＤ,東証,決算,20260331,6800.00,0,13.60,*****,*****,0.05,満額,,
20260212,20260216,9889,ＪＢＣＣＨＤ,東証,決算,20260331,1426.00,0,3.00,*****,*****,*****,満額,,
20260212,20260216,9900,サガミＨＤ,東証,決算,20260331,2014.00,30200,4.20,0.05,1,0.05,,,F
20260212,20260216,9902,日伝,東証,決算,20260331,2571.00,70200,10.40,0.15,1,0.05,,注意,E
20260212,20260216,9903,カンセキ,東証,決算,20260228,883.00,100,3.60,0.05,1,*****,,注意,F
20260212,20260216,9913,日邦産業,東証,決算,20260331,2922.00,0,6.00,*****,*****,*****,満額,,
20260212,20260216,9932,杉本商事,東証,決算,20260331,1479.00,0,3.00,*****,*****,*****,満額,,
20260212,20260216,9934,因幡電機産業,東証,決算,20260331,2817.50,0,5.80,*****,*****,0.00,満額,,
20260212,20260216,9936,王将フードサービス,東証,決算,20260331,3235.00,0,6.60,*****,*****,*****,満額,,
20260212,20260216,9946,ミニストップ,東証,決算,20260228,2028.00,116100,8.40,0.05,1,0.05,,注意,F
20260212,20260216,9948,アークス,東証,決算,20260228,3775.00,6400,7.60,0.00,1,0.00,,,F
20260212,20260216,9960,東テク,東証,決算,20260331,4455.00,4200,9.00,0.10,1,0.10,,,F
20260212,20260216,9962,ミスミグループ本社,東証,決算,20260331,3179.00,29700,6.40,0.10,1,0.10,,,F
20260212,20260216,9969,ショクブン,東証,決算,20260331,260.00,0,1.00,*****,*****,*****,満額,,
20260212,20260216,9979,大庄,東証,決算,20260228,1177.00,56300,4.80,0.05,1,0.05,,注意,F
20260212,20260216,9983,ファーストリテイリン,東証,決算,20260228,68300.00,268400,136.60,1.15,1,2.80,,,E
20260212,20260216,9987,スズケン,東証,決算,20260331,6330.00,14400,12.80,0.25,1,0.25,,,F
20260212,20260216,9990,サックスバー　ＨＤ,東証,決算,20260331,826.00,0,1.80,*****,*****,*****,満額,,
