"申込日","決済日","銘柄コード","銘柄名","取引所区分名","上場区分","速報／確報","融資新規株数","融資返済株数","融資残高株数","貸株新規株数","貸株返済株数","貸株残高株数","差引残高株数","融資新規金額","融資返済金額","融資残高金額","貸株新規金額","貸株返済金額","貸株残高金額","差引残高金額","制度信用・買残高株数","制度信用・売残高株数","融資権利落額","貸株権利落額","合計・更新差金融資値上り","合計・更新差金融資値下り","合計・更新差金貸株値下り","合計・更新差金貸株値上り","総合回転日数","融資・新規回転日数","融資・返済回転日数","融資・残高回転日数","貸株・新規回転日数","貸株・返済回転日数","貸株・残高回転日数"
"2026/02/09","2026/02/12","1301","極洋","東証およびＰＴＳ",,"確報",0,100,3200,0,200,400,2800,0,520000,16640000,0,1040000,2080000,14560000,,,0,0,66000,0,0,12000,8.5,7.1,10.9,8.6,58,4.5,8.3
"2026/02/09","2026/02/12","1305","ｉＦＴＰＸ年１","東証およびＰＴＳ",,"確報",80,710,11930,2920,150,11160,770,320880,2847810,47851230,11712120,601650,44762760,3088470,,,0,0,1117840,0,0,746710,14.3,21.4,20.5,21,8.1,14.6,10.4
"2026/02/09","2026/02/12","1306","ＮＦＴＯＰＩＸ","東証およびＰＴＳ",,"確報",35410,10500,80860,12940,5350,28680,52180,140683930,41716500,321256780,51410620,21255550,113945640,207311140,,,0,0,4923600,0,0,1855920,4.9,3.5,7.3,4.7,4.4,7.1,5.4
"2026/02/09","2026/02/12","1308","上場ＴＯＰＩＸ","東証およびＰＴＳ",,"確報",80,4004,7955,459,291,6651,1304,314400,15735720,31263150,1803870,1143630,26138430,5124720,,,0,0,1069110,0,0,583470,3,3.7,1.6,2.2,3.7,4,3.8
"2026/02/09","2026/02/12","1309","ＮＦ中国株上証５０","東証およびＰＴＳ",,"確報",1,0,45,0,0,0,45,56060,0,2522700,0,0,0,2522700,,,0,0,27720,0,0,0,20.5,78.7,11.8,20.5,0,0,0
"2026/02/09","2026/02/12","130A","ＶＩＳ","東証およびＰＴＳ",,"確報",100,600,18600,0,0,0,18600,48900,293400,9095400,0,0,0,9095400,,,0,0,19100,0,0,0,43.2,88.3,28.6,43.2,0,0,0
"2026/02/09","2026/02/12","1311","ＮＦＴＰＸ３０","東証およびＰＴＳ",,"確報",420,6130,4355,500,0,1325,3030,826980,12069970,8574995,984500,0,2608925,5966070,,,0,0,422730,0,0,34650,5.1,5.5,5.1,5.3,2.6,8.7,4
"2026/02/09","2026/02/12","1319","ＮＦ日経３００","東証およびＰＴＳ",,"確報",0,0,0,0,0,0,0,0,0,0,0,0,0,0,,,0,0,0,0,0,0,0,0,0,0,0,0,0
"2026/02/09","2026/02/12","1320","ｉＦ２２５年１","東証およびＰＴＳ",,"確報",7,865,1565,2112,74,10996,-9431,408870,50524650,91411650,123361920,4322340,642276360,-550864710,,,0,0,5475980,0,0,20245080,10.8,10.3,10.4,10.4,13.7,9.1,10.9
"2026/02/09","2026/02/12","1321","ＮＦ日経２２５","東証およびＰＴＳ",,"確報",15,16677,9747,10561,2744,47301,-37554,878100,976271580,570589380,618240940,160633760,2769000540,-2198411160,,,0,0,56779350,0,0,84890600,6,4,4.1,4,6.1,7.9,6.9
"2026/02/09","2026/02/12","1322","上場パンタ","東証およびＰＴＳ",,"確報",2,0,619,0,0,0,619,23050,0,7133975,0,0,0,7133975,,,0,0,138825,0,0,0,16,13.4,19.8,16,0,0,0
"2026/02/09","2026/02/12","1325","ＮＦブラジル株","東証およびＰＴＳ",,"確報",350,350,11870,0,0,0,11870,105770,105770,3587114,0,0,0,3587114,,,0,0,28488,0,0,0,16.5,20.6,19.5,20,0,3,6
"2026/02/09","2026/02/12","1326","ＳＰＤＲゴール","東証およびＰＴＳ",,"確報",180,0,664,0,0,0,664,13005000,0,47974000,0,0,0,47974000,,,0,0,1103520,0,0,0,6.4,3.9,19,6.4,0,0,0
"2026/02/09","2026/02/12","1328","ＮＦ金価格","東証およびＰＴＳ",,"確報",1399,1159,17843,0,0,0,17843,26091350,21615350,332771950,0,0,0,332771950,,,0,0,10297755,0,0,0,18.1,14.7,23.8,18.1,0,0,0
"2026/02/09","2026/02/12","1329","ｉＳ２２５","東証およびＰＴＳ",,"確報",14946,8772,28722,796,0,1360,27362,87120234,51131988,167420538,4639884,0,7927440,159493098,,,0,0,4983108,0,0,124644,3,4,3.9,3.9,1.6,1.2,1.4
"2026/02/09","2026/02/12","1330","上場２２５","東証およびＰＴＳ",,"確報",3,2294,2009,2389,247,7115,-5106,176070,134634860,117908210,140210410,14496430,417579350,-299671140,,,0,0,9589000,0,0,11089790,3.2,3.1,3,3,3,3.4,3.2
"2026/02/09","2026/02/12","1332","ニッスイ","東証およびＰＴＳ",,"確報",0,13600,26100,1000,10500,25700,400,0,20508800,39358800,1508000,15834000,38755600,603200,,,0,0,3295100,0,0,2921600,6,5,5.6,5.3,6.6,7.5,7
"2026/02/09","2026/02/12","1333","マルハニチロ","東証およびＰＴＳ",,"確報",4000,300,17900,0,900,0,17900,5854000,439050,26196650,0,1317150,0,26196650,,,0,0,0,42600,2700,0,2.1,3.2,3.5,3.3,1,1,1
"2026/02/09","2026/02/12","133A","ＧＸ超短期米国債","東証およびＰＴＳ",,"確報",0,0,28,0,0,28,0,0,0,29568,0,0,29568,0,,,0,0,0,112,112,0,2,433.9,1,2,3.2,12.2,5.1
"2026/02/09","2026/02/12","1343","ＮＦＪ－ＲＥＩＴ","東証およびＰＴＳ",,"確報",76940,0,187860,0,310270,33790,154070,165305590,0,403617210,0,666615095,72597815,331019395,,,0,0,0,2883920,8945560,0,3.4,9.3,11.1,10.1,1.6,1.5,1.6
"2026/02/09","2026/02/12","1345","上場Ｊリート","東証およびＰＴＳ",,"確報",1600,0,15700,0,0,0,15700,3253600,0,31925950,0,0,0,31925950,,,0,0,49350,0,0,0,23.1,16.9,53.4,25.7,0,0,0
"2026/02/09","2026/02/12","1346","ＭＸＳ２２５","東証およびＰＴＳ",,"確報",24,380,1583,640,209,2895,-1312,1398960,22150200,92273070,37305600,12182610,168749550,-76476480,,,0,0,4401530,0,0,5593280,10.6,21.5,20.4,20.9,7,9.9,8.2
"2026/02/09","2026/02/12","1348","ＭＸＳトピクス","東証およびＰＴＳ",,"確報",0,16,4830,170,407,3349,1481,0,62704,18928770,666230,1595033,13124731,5804039,,,0,0,421602,0,0,311982,35.9,1729.3,672.5,968.4,24.2,11.9,16
"2026/02/09","2026/02/12","1349","アジア債券","東証およびＰＴＳ",,"確報",0,0,0,0,0,0,0,0,0,0,0,0,0,0,,,0,0,0,0,0,0,0,0,0,0,0,0,0
"2026/02/09","2026/02/12","1356","ＴＰダブルインバース","東証およびＰＴＳ",,"確報",145990,20990,395840,10300,3650,10300,385540,20044427,2881927,54348832,1414190,501145,1414190,52934642,,,0,0,0,1733376,23360,0,6.9,5.1,19.3,8,7.6,1.7,2.8
"2026/02/09","2026/02/12","1357","ＮＦ日経ダブインバ","東証およびＰＴＳ",,"確報",315082,6700,951562,5934,38814,437690,513872,1434568346,30505100,4332461786,27017502,176720142,1992802570,2339659216,,,0,0,0,251483380,183992870,0,8.6,5.3,8,6.4,29.5,24.2,26.6
"2026/02/09","2026/02/12","1358","上場日経２倍","東証およびＰＴＳ",,"確報",442,1512,891,1115,0,3376,-2485,44973500,153846000,90659250,113451250,0,343508000,-252848750,,,0,0,14609450,0,0,16844450,4.1,1.8,1.7,1.8,5.4,9.3,6.8
"2026/02/09","2026/02/12","135A","ＶＲＡＩＮ","東証およびＰＴＳ",,"確報",700,800,76500,0,100,76500,0,1696800,1939200,185436000,0,242400,185436000,0,,,0,0,2834200,0,0,2834200,19.6,10.1,12.3,11.1,48.7,284.9,83.2
"2026/02/09","2026/02/12","1360","ダブルインバース日経","東証およびＰＴＳ",,"確報",2819730,549060,9699430,0,14900,5030,9694400,315527787,61439814,1085366217,0,1667310,562857,1084803360,,,0,0,0,71316096,191328,0,7.2,6.4,8.2,7.2,4.9,4.3,4.6
"2026/02/09","2026/02/12","1364","ｉＳＪＰＸ日経４００","東証およびＰＴＳ",,"確報",0,53,1030,2,0,12,1018,0,183963,3575130,6942,0,41652,3533478,,,0,0,86640,0,0,800,2.2,3.9,79.4,7.5,1,1,1
"2026/02/09","2026/02/12","1365","ｉＦ２２５ダブル","東証およびＰＴＳ",,"確報",235,1333,450,324,72,961,-511,19309950,109532610,36976500,26623080,5916240,78965370,-41988870,,,0,0,9179640,0,0,4204370,2.4,3.1,1.1,1.6,3.2,3.4,3.3
"2026/02/09","2026/02/12","1366","ｉＦ２２５Ｗベア","東証およびＰＴＳ",,"確報",108058,3258,783144,0,0,0,783144,12318612,371412,89278416,0,0,0,89278416,,,0,0,0,7461784,0,0,12,12.1,12,12,0,0,0
"2026/02/09","2026/02/12","1367","ｉＦＴＰＸダブル","東証およびＰＴＳ",,"確報",306,1178,488,4,18,488,0,20615220,79361860,32876560,269480,1212660,32876560,0,,,0,0,3658400,0,0,1350380,3.4,2.2,2,2.1,21,29.1,24.4
"2026/02/09","2026/02/12","1368","ｉＦＴＰＸＷベア","東証およびＰＴＳ",,"確報",693,0,46707,33,0,274,46433,138600,0,9341400,6600,0,54800,9286600,,,0,0,0,414126,2169,0,25.8,21.6,34.9,26.7,7.8,3.4,4.7
"2026/02/09","2026/02/12","1369","Ｏｎｅ・日経２２５","東証およびＰＴＳ",,"確報",0,0,0,47,87,279,-279,0,0,0,2658320,4920720,15780240,-15780240,,,0,0,0,0,0,657140,3.9,2.6,1.1,1.6,7,5.7,6.3
"2026/02/09","2026/02/12","1375","ユキグニファクトリー","東証およびＰＴＳ",,"確報",0,900,1300,0,0,0,1300,0,966600,1396200,0,0,0,1396200,,,0,0,0,4400,0,0,8.4,14.4,5.9,8.4,0,0,0
"2026/02/09","2026/02/12","1376","カネコ種苗","東証およびＰＴＳ",,"確報",0,0,600,0,0,0,600,0,0,912000,0,0,0,912000,,,0,0,10200,0,0,0,0,0,0,0,0,0,0
"2026/02/09","2026/02/12","1377","サカタのタネ","東証およびＰＴＳ",,"確報",0,500,6100,0,500,6100,0,0,2075000,25315000,0,2075000,25315000,0,,,0,0,231000,0,0,231000,7.8,8.5,5.1,6.3,10.8,9.5,10.1
"2026/02/09","2026/02/12","1379","ホクト","東証およびＰＴＳ",,"確報",100,0,500,200,0,400,100,203900,0,1019500,407800,0,815600,203900,,,0,0,1600,0,0,800,6.2,8,12,9.6,2,10,3.3
"2026/02/09","2026/02/12","137A","Ｃｏｃｏｌｉｖｅ","東証およびＰＴＳ",,"確報",0,0,3000,0,0,0,3000,0,0,2310000,0,0,0,2310000,,,0,0,9000,0,0,0,75.5,151,50.3,75.5,0,0,0
"2026/02/09","2026/02/12","1380","秋川牧園","東証およびＰＴＳ",,"確報",0,0,200,0,0,0,200,0,0,205200,0,0,0,205200,,,0,0,0,2800,0,0,0,0,0,0,0,0,0
"2026/02/09","2026/02/12","1381","アクシーズ","東証およびＰＴＳ",,"確報",0,0,1000,0,0,0,1000,0,0,3905000,0,0,0,3905000,,,0,0,55000,0,0,0,23,23,23,23,0,0,0
"2026/02/09","2026/02/12","1382","ホーブ","東証およびＰＴＳ",,"確報",100,0,2800,0,0,0,2800,181300,0,5076400,0,0,0,5076400,,,0,0,0,24300,0,0,69.5,69.5,69.5,69.5,0,0,0
"2026/02/09","2026/02/12","1383","ベルグアース","東証およびＰＴＳ",,"確報",0,0,3200,0,0,0,3200,0,0,10240000,0,0,0,10240000,,,0,0,0,0,0,0,0,0,0,0,0,0,0
"2026/02/09","2026/02/12","1384","ホクリヨウ","東証およびＰＴＳ",,"確報",0,500,19300,0,0,0,19300,0,1522500,58768500,0,0,0,58768500,,,0,0,891000,0,0,0,73.6,47.9,159.5,73.6,0,0,0
"2026/02/09","2026/02/12","138A","光フードサービス","東証およびＰＴＳ",,"確報",0,0,0,0,0,0,0,0,0,0,0,0,0,0,,,0,0,0,0,0,0,2,0,1,2,0,0,0
"2026/02/09","2026/02/12","1397","ＳＭＤＡＭ　２２５","東証およびＰＴＳ",,"確報",0,0,14,0,0,19,-5,0,0,798140,0,0,1083190,-285050,,,0,0,31360,0,0,42560,4.2,4,0,8,2.7,4.2,3.3
"2026/02/09","2026/02/12","1398","ＳＭＤＡＭ　Ｊリート","東証およびＰＴＳ",,"確報",0,0,5750,190,10,2280,3470,0,0,11870875,392255,20645,4707060,7163815,,,0,0,0,2875,1050,0,10.1,3.4,0,6.9,53.5,178.3,82.3
"2026/02/09","2026/02/12","1399","上場高配当低ボラ","東証およびＰＴＳ",,"確報",230,0,340,0,563,0,340,690230,0,1020340,0,1689563,0,1020340,,,0,0,5060,0,0,25898,2.1,1.3,0,2.7,2,2,2
"2026/02/09","2026/02/12","1401","エムビーエス","東証およびＰＴＳ",,"確報",300,0,1600,0,0,0,1600,456300,0,2433600,0,0,0,2433600,,,0,0,7800,0,0,0,21,12.6,63,21,0,0,0
"2026/02/09","2026/02/12","1407","ウエストＨＤ","東証およびＰＴＳ",,"確報",0,2700,30300,0,0,2000,28300,0,4376700,49116300,0,0,3242000,45874300,,,0,0,66000,0,0,4000,20.7,81.5,11.1,19.5,0,0,0
"2026/02/09","2026/02/12","140A","ｉＦ米１０国債ベア","東証およびＰＴＳ",,"確報",0,1,0,0,0,0,0,0,1961,0,0,0,0,0,,,0,0,7,0,0,0,8,0,4,8,0,0,0
"2026/02/09","2026/02/12","1414","ショーボンドＨＤ","東証およびＰＴＳ",,"確報",800,4100,104700,300,3600,104700,0,1207200,6186900,157992300,452700,5432400,157992300,0,,,0,0,2592000,0,0,2592000,16.1,24.6,9,13.2,74.1,11.9,20.5
"2026/02/09","2026/02/12","1417","ミライト・ワン","東証およびＰＴＳ",,"確報",1000,5600,13400,3200,0,10700,2700,4029000,22562400,53988600,12892800,0,43110300,10878300,,,0,0,1584000,0,0,660000,10.1,8.5,9,8.8,8.2,37.1,13.4
"2026/02/09","2026/02/12","1418","インターライフＨＤ","東証およびＰＴＳ",,"確報",1300,1100,39700,0,600,60500,-20800,778700,658900,23780300,0,359400,36239500,-12459200,,,0,0,0,276500,427700,0,38.6,10,58.1,17.1,111.9,251.8,155
"2026/02/09","2026/02/12","1419","タマホーム","東証およびＰＴＳ",,"確報",0,0,14100,1700,3200,321400,-307300,0,0,54496500,6570500,12368000,1242211000,-1187714500,,,0,0,211500,0,0,4843500,85.9,707,353.5,471.3,292.9,48.4,83.1
"2026/02/09","2026/02/12","141A","トライアル","東証およびＰＴＳ",,"確報",1200,24100,324000,500,11600,352600,-28600,3618000,72661500,976860000,1507500,34974000,1063089000,-86229000,,,0,0,15610500,0,0,16366500,46.4,28.7,26.9,27.8,1132.6,65.7,124.1
"2026/02/09","2026/02/12","1420","サンヨーホームズ","東証およびＰＴＳ",,"確報",0,200,3800,100,0,100,3700,0,145200,2758800,72600,0,72600,2686200,,,0,0,8000,0,0,0,16.8,41.7,11.9,18.5,1,2,1.3
"2026/02/09","2026/02/12","1429","日本アクア","東証およびＰＴＳ",,"確報",0,2200,8300,0,2200,8300,0,0,1911800,7212700,0,1911800,7212700,0,,,0,0,0,21000,21000,0,18.8,55.4,10.5,17.6,92.3,11.3,20.1
"2026/02/09","2026/02/12","142A","ジンジブ","東証およびＰＴＳ",,"確報",0,0,3600,0,0,0,3600,0,0,2584800,0,0,0,2584800,,,0,0,28800,0,0,0,181,181,181,181,0,0,0
"2026/02/09","2026/02/12","1430","ファーストコーポ","東証およびＰＴＳ",,"確報",0,0,32900,0,200,0,32900,0,0,34808200,0,211600,0,34808200,,,0,0,0,65800,400,0,73.6,96.9,86.7,91.5,2,1.6,1.8
"2026/02/09","2026/02/12","1431","Ｌｉｂ　Ｗｏｒｋ","東証およびＰＴＳ",,"確報",2200,2000,79600,500,7200,89200,-9600,1436600,1306000,51978800,326500,4701600,58247600,-6268800,,,0,0,79400,0,0,95900,80.6,147,128,136.9,101.6,42.6,60.1
"2026/02/09","2026/02/12","1433","ベステラ","東証およびＰＴＳ",,"確報",400,4700,42500,300,4600,42500,0,478800,5625900,50872500,359100,5506200,50872500,0,,,0,0,0,0,0,0,15.5,16.3,12.1,13.9,21.6,14.9,17.6
"2026/02/09","2026/02/12","1434","ＪＥＳＣＯ　ＨＤ","東証およびＰＴＳ",,"確報",0,1500,13300,800,0,1500,11800,0,3000000,26600000,1600000,0,3000000,23600000,,,0,0,1480000,0,0,70000,9.5,13.2,18.7,15.5,2.4,2.5,2.5
"2026/02/09","2026/02/12","1435","ｒｏｂｏｔ　ｈｏｍｅ","東証およびＰＴＳ",,"確報",100,1200,79500,0,0,0,79500,16700,200400,13276500,0,0,0,13276500,,,0,0,80600,0,0,0,16.7,33.3,11.1,16.7,0,0,0
"2026/02/09","2026/02/12","1436","グリーンエナジー","東証およびＰＴＳ",,"確報",0,100,9100,0,0,0,9100,0,249000,22659000,0,0,0,22659000,,,0,0,0,138000,0,0,72.5,117.8,52.3,72.5,0,0,0
"2026/02/09","2026/02/12","1438","岐阜造園","東証およびＰＴＳ",,"確報",0,100,300,0,0,0,300,0,179000,537000,0,0,0,537000,,,0,0,7600,0,0,0,16,16,16,16,0,0,0
"2026/02/09","2026/02/12","143A","イシン","東証およびＰＴＳ",,"確報",0,0,500,0,0,0,500,0,0,420000,0,0,0,420000,,,0,0,0,13500,0,0,14,28,9.3,14,0,0,0
"2026/02/09","2026/02/12","1443","技研ホールディングス","東証およびＰＴＳ",,"確報",0,1900,30700,0,0,0,30700,0,657400,10622200,0,0,0,10622200,,,0,0,0,554200,0,0,8.6,8.9,8.3,8.6,0,0,0
"2026/02/09","2026/02/12","1444","ニッソウ","東証およびＰＴＳ",,"確報",0,0,0,0,0,0,0,0,0,0,0,0,0,0,,,0,0,0,0,0,0,0,0,0,0,0,0,0
"2026/02/09","2026/02/12","1446","キャンディル","東証およびＰＴＳ",,"確報",100,200,4600,0,900,1400,3200,58400,116800,2686400,0,525600,817600,1868800,,,0,0,4700,0,0,2300,23.2,234,117,156,16.3,5.7,8.4
"2026/02/09","2026/02/12","1447","ＳＡＡＦＨＤ","東証およびＰＴＳ",,"確報",1800,0,304200,0,0,0,304200,765000,0,129285000,0,0,0,129285000,,,0,0,3628800,0,0,0,7.4,10.5,5.7,7.4,0,0,0
"2026/02/09","2026/02/12","1450","ＴＡＮＡＫＥＮ","東証およびＰＴＳ",,"確報",0,0,9200,0,0,0,9200,0,0,13606800,0,0,0,13606800,,,0,0,46000,0,0,0,920,0,460,920,0,0,0
"2026/02/09","2026/02/12","1456","ｉＦ２２５ベア","東証およびＰＴＳ",,"確報",430,550,4052,0,0,0,4052,675530,864050,6365692,0,0,0,6365692,,,0,0,0,258664,0,0,8.9,12.4,6.9,8.9,0,0,0
"2026/02/09","2026/02/12","1457","ｉＦＴＰＸベア","東証およびＰＴＳ",,"確報",0,0,150,0,0,150,0,0,0,295800,0,0,295800,0,,,0,0,0,8100,8100,0,6.4,5.3,7.9,6.3,5.3,8,6.4
"2026/02/09","2026/02/12","1458","楽天２２５ダブルブル","東証およびＰＴＳ",,"確報",0,5542,4296,683,20,1933,2363,0,352526620,273268560,43445630,1272200,122958130,150310430,,,0,0,45156420,0,0,5829300,3.6,7.4,3.9,5.1,2,2.2,2.1
"2026/02/09","2026/02/12","1459","楽天２２５ダブルベア","東証およびＰＴＳ",,"確報",1670697,36224,4851318,0,10521,69215,4782103,307408248,6665216,892642512,0,1935864,12735560,879906952,,,0,0,0,48252675,1196040,0,6.8,5.6,8.4,6.7,15.4,20.8,17.7
"2026/02/09","2026/02/12","145A","Ｌ　ｉｓ　Ｂ","東証およびＰＴＳ",,"確報",0,100,4000,0,0,0,4000,0,99000,3960000,0,0,0,3960000,,,0,0,65600,0,0,0,103.5,207,69,103.5,0,0,0
"2026/02/09","2026/02/12","1466","ｉＦＪ４００Ｗベア","東証およびＰＴＳ",,"確報",1,1,1070,0,0,0,1070,277,277,296390,0,0,0,296390,,,0,0,5350,0,0,0,3567.3,5351,2675.5,3567.3,0,0,0
"2026/02/09","2026/02/12","1469","４００ベア２倍","東証およびＰＴＳ",,"確報",0,30,12040,0,0,0,12040,0,7377,2960636,0,0,0,2960636,,,0,0,0,170187,0,0,929.1,6035,1508.8,2414,1,1,1
"2026/02/09","2026/02/12","146A","コロンビア・ワークス","東証およびＰＴＳ",,"確報",3200,100,19000,0,0,0,19000,10880000,340000,64600000,0,0,0,64600000,,,0,0,874500,0,0,0,25.4,24.4,26.6,25.4,0,0,0
"2026/02/09","2026/02/12","1472","ＮＦＪ４００Ｄインバ","東証およびＰＴＳ",,"確報",1,0,2518,0,0,0,2518,103,0,259354,0,0,0,259354,,,0,0,0,10068,0,0,8.5,4.6,60.4,8.5,0,0,0
"2026/02/09","2026/02/12","1473","Ｏｎｅ・トピックス","東証およびＰＴＳ",,"確報",0,500,140,0,0,0,140,0,1926000,539280,0,0,0,539280,,,0,0,55040,0,0,0,4.6,8.3,4,5.4,136,2,3.9
"2026/02/09","2026/02/12","1474","Ｏｎｅ・ＪＰＸ４００","東証およびＰＴＳ",,"確報",1,0,5,0,0,3,2,34520,0,172600,0,0,103560,69040,,,0,0,3840,0,0,2880,14.4,4.2,0,8.4,0,0,0
"2026/02/09","2026/02/12","1475","ｉＳＴＯＰＩＸ","東証およびＰＴＳ",,"確報",60350,15230,264810,0,1500,0,264810,23403730,5906194,102693318,0,581700,0,102693318,,,0,0,1889334,0,0,12900,3.7,8.9,9.3,9.1,1,1,1
"2026/02/09","2026/02/12","1476","ｉＳＪリート","東証およびＰＴＳ",,"確報",0,10,4131,0,0,0,4131,0,20570,8497467,0,0,0,8497467,,,0,0,0,20705,0,0,2.6,9.2,12.6,10.6,1.3,1.3,1.3
"2026/02/09","2026/02/12","1477","ｉＳＭＳＣＩ最小分散","東証およびＰＴＳ",,"確報",0,1,22,10,0,49,-27,0,3216,70752,32160,0,157584,-86832,,,0,0,1035,0,0,1755,5.7,2.1,48,4,3.3,0,6.6
"2026/02/09","2026/02/12","1478","ｉＳＭＳＣＩ高配当","東証およびＰＴＳ",,"確報",39,0,1692,0,0,0,1692,197535,0,8569980,0,0,0,8569980,,,0,0,80997,0,0,0,2.6,7.3,6.3,6.8,1,1,1
"2026/02/09","2026/02/12","1479","ｉＦＭＳＣＩ人材設備","東証およびＰＴＳ",,"確報",0,0,0,0,0,0,0,0,0,0,0,0,0,0,,,0,0,0,0,0,0,5.9,0,3,6,0,3,5.9
"2026/02/09","2026/02/12","147A","ソラコム","東証およびＰＴＳ",,"確報",3600,0,78000,600,0,126700,-48700,4042800,0,87594000,673800,0,142284100,-54690100,,,0,0,446400,0,0,756600,50.6,42.3,27,32.9,77.7,71.6,74.5
"2026/02/09","2026/02/12","1480","ＮＦ企業価値","東証およびＰＴＳ",,"確報",0,0,0,0,0,0,0,0,0,0,0,0,0,0,,,0,0,0,0,0,0,0,0,0,0,0,0,0
"2026/02/09","2026/02/12","1481","上場日本経済貢献","東証およびＰＴＳ",,"確報",0,0,0,0,0,0,0,0,0,0,0,0,0,0,,,0,0,0,0,0,0,0,0,0,0,0,0,0
"2026/02/09","2026/02/12","1482","ｉＳ米国債七十円へジ","東証およびＰＴＳ",,"確報",1,1,2446,1,0,2,2444,1614,1614,3947844,1614,0,3228,3944616,,,0,0,0,14676,6,0,3.8,3.3,4.9,3.9,1.2,1.2,1.2
"2026/02/09","2026/02/12","1483","ＩＳ設備人材","東証およびＰＴＳ",,"確報",0,0,0,0,0,0,0,0,0,0,0,0,0,0,,,0,0,0,0,0,0,0,0,0,0,0,0,0
"2026/02/09","2026/02/12","1484","Ｏｎｅ・設備人材投資","東証およびＰＴＳ",,"確報",0,0,0,0,0,0,0,0,0,0,0,0,0,0,,,0,0,0,0,0,0,0,0,0,0,0,0,0
"2026/02/09","2026/02/12","1485","ＭＸＳＪ積極投資","東証およびＰＴＳ",,"確報",0,0,0,0,0,0,0,0,0,0,0,0,0,0,,,0,0,0,0,0,0,0,0,0,0,0,0,0
"2026/02/09","2026/02/12","1486","上場米債ヘッジなし","東証およびＰＴＳ",,"確報",11,15,11,0,0,11,0,266035,362775,266035,0,0,266035,0,,,0,0,0,2400,1760,0,2.7,2.4,1.3,1.7,56,56,56
"2026/02/09","2026/02/12","1487","上場米債ヘッジあり","東証およびＰＴＳ",,"確報",1,0,1,1,0,1,0,12360,0,12360,12360,0,12360,0,,,0,0,0,0,0,0,2,1,0,2,1,0,2
"2026/02/09","2026/02/12","1488","ｉＦＪリート","東証およびＰＴＳ",,"確報",0,0,2851,0,0,20,2831,0,0,5932931,0,0,41620,5891311,,,0,0,0,0,0,0,11.3,9.8,1278.5,19.4,1.1,1.2,1.1
"2026/02/09","2026/02/12","1489","ＮＦ日経高配当５０","東証およびＰＴＳ",,"確報",1840,552,24841,600,0,1300,23541,5959760,1787928,80459999,1943400,0,4210700,76249299,,,0,0,918567,0,0,27300,10.1,10.4,9.6,10,6.8,0,13.7
"2026/02/09","2026/02/12","148A","ハッチ・ワーク","東証およびＰＴＳ",,"確報",500,0,9200,0,0,0,9200,1048500,0,19292400,0,0,0,19292400,,,0,0,200100,0,0,0,57,50.7,65.1,57,0,0,0
"2026/02/09","2026/02/12","1490","上場ベータヘッジ","東証およびＰＴＳ",,"確報",0,0,0,0,0,0,0,0,0,0,0,0,0,0,,,0,0,0,0,0,0,0,0,0,0,0,0,0
"2026/02/09","2026/02/12","1491","中外鉱業","東証およびＰＴＳ",,"確報",800,200,63900,0,0,0,63900,856800,214200,68436900,0,0,0,68436900,,,0,0,633000,0,0,0,109.6,79.4,176.5,109.6,0,0,0
"2026/02/09","2026/02/12","1493","Ｏｎｅ・中小型","東証およびＰＴＳ",,"確報",0,68,4,0,0,6,-2,0,1617720,95160,0,0,142740,-47580,,,0,0,41040,0,0,3420,6.9,17.8,3.9,6.4,0,30,60
"2026/02/09","2026/02/12","1494","Ｏｎｅ・高配当日本株","東証およびＰＴＳ",,"確報",51,0,594,0,3,0,594,2229720,0,25969680,0,131160,0,25969680,,,0,0,374670,0,0,2070,20.2,18.3,28.1,22.1,16.5,2.5,4.4
"2026/02/09","2026/02/12","1495","上場アジアリート","東証およびＰＴＳ",,"確報",0,0,30,0,0,0,30,0,0,351900,0,0,0,351900,,,0,0,0,600,0,0,4.5,10.2,2.9,4.5,0,0,0
"2026/02/09","2026/02/12","1496","ｉＳ米＄ＩＧ社債ヘジ","東証およびＰＴＳ",,"確報",0,1,1500,0,0,0,1500,0,1725,2587500,0,0,0,2587500,,,0,0,0,3002,0,0,115.3,116.3,114.5,115.3,0,0,0
"2026/02/09","2026/02/12","1497","ｉＳ米＄ＨＹ社債ヘジ","東証およびＰＴＳ",,"確報",0,1015,700,0,0,1,699,0,1816850,1253000,0,0,1790,1251210,,,0,0,5145,0,0,3,4.4,6.5,3.3,4.4,0,0,0
"2026/02/09","2026/02/12","1498","Ｏｎｅ・ＥＳＧ","東証およびＰＴＳ",,"確報",0,0,0,0,0,0,0,0,0,0,0,0,0,0,,,0,0,0,0,0,0,0,0,0,0,0,0,0
"2026/02/09","2026/02/12","1499","ＭＸＳ高配当７０ＭＮ","東証およびＰＴＳ",,"確報",0,0,14,0,0,0,14,0,0,130928,0,0,0,130928,,,0,0,0,14,0,0,2.9,0,5.2,10.4,0,0.5,0.9
"2026/02/09","2026/02/12","149A","シンカ","東証およびＰＴＳ",,"確報",0,0,1000,0,0,0,1000,0,0,768000,0,0,0,768000,,,0,0,0,6000,0,0,36,54,27,36,0,0,0
"2026/02/09","2026/02/12","150A","ＪＳＨ","東証およびＰＴＳ",,"確報",0,0,300,0,0,0,300,0,0,121800,0,0,0,121800,,,0,0,900,0,0,0,5.3,10.5,3.5,5.3,0,0,0
"2026/02/09","2026/02/12","1514","住石ホールディングス","東証およびＰＴＳ",,"確報",45300,52600,537500,0,7300,537500,0,36783600,42711200,436450000,0,5927600,436450000,0,,,0,0,0,13620000,13620000,0,17.5,10.6,9.2,9.8,170.2,50,77.2
"2026/02/09","2026/02/12","1515","日鉄鉱業","東証およびＰＴＳ",,"確報",1200,63300,775500,500,7000,55700,719800,4686000,247186500,3028327500,1952500,27335000,217508500,2810819000,,,0,0,0,37692000,2799000,0,5.8,5.4,5.6,5.5,20,16,17.8
"2026/02/09","2026/02/12","1518","三井松島ＨＤ","東証およびＰＴＳ",,"確報",0,2800,45900,100,1900,24100,21800,0,4242000,69538500,151500,2878500,36511500,33027000,,,0,0,1120100,0,0,595700,21.1,27.8,24.8,26.2,8.7,55.7,15
"2026/02/09","2026/02/12","151A","ダイブ","東証およびＰＴＳ",,"確報",1400,600,14600,0,0,0,14600,945000,405000,9855000,0,0,0,9855000,,,0,0,0,441600,0,0,55.8,38.7,99.6,55.8,0,0,0
"2026/02/09","2026/02/12","153A","カウリス","東証およびＰＴＳ",,"確報",4400,900,69700,700,0,124100,-54400,5275600,1079100,83570300,839300,0,148795900,-65225600,,,0,0,1456400,0,0,2714800,43.6,23.8,17.7,20.3,55.2,3011,108.5
"2026/02/09","2026/02/12","1540","純金信託","東証およびＰＴＳ",,"確報",3630,4672,110474,4,20,69,110405,88426800,113809920,2691146640,97440,487200,1680840,2689465800,,,0,0,79733940,0,0,60775,18.6,15,24.4,18.6,13.1,6.5,8.7
"2026/02/09","2026/02/12","1541","純プラ信","東証およびＰＴＳ",,"確報",2179,2159,56405,11,881,200,56205,22291170,22086570,577023150,112530,9012630,2046000,574977150,,,0,0,24809400,0,0,470800,7.6,10.1,53.1,17,7,0.8,1.5
"2026/02/09","2026/02/12","1542","純銀信託","東証およびＰＴＳ",,"確報",196,2293,45795,10,450,10090,35705,7602840,88945470,1776388050,387900,17455500,391391100,1384996950,,,0,0,124040280,0,0,27272700,10.2,14.2,10.9,12.3,5.1,7,5.9
"2026/02/09","2026/02/12","1543","純パラ信","東証およびＰＴＳ",,"確報",8,134,519,0,0,0,519,615840,10315320,39952620,0,0,0,39952620,,,0,0,1870500,0,0,0,16.4,40.4,10.3,16.4,0,0,0
"2026/02/09","2026/02/12","1545","ナスダックヘッジ無","東証およびＰＴＳ",,"確報",5,349,4324,98,769,7513,-3189,198100,13827380,171316880,3882760,30467780,297665060,-126348180,,,0,0,3734400,0,0,6547200,8.4,7.3,8.9,8,6.6,12.5,8.7
"2026/02/09","2026/02/12","1546","ダウヘッジ無","東証およびＰＴＳ",,"確報",20,17,369,260,5,651,-282,1529800,1300330,28224810,19887400,382450,49794990,-21570180,,,0,0,636840,0,0,689040,10,8,10.7,9.1,5.9,58.9,10.8
"2026/02/09","2026/02/12","1547","上場米国Ｓ＆Ｐ５００","東証およびＰＴＳ",,"確報",392,34,3864,40,0,448,3416,4602080,399160,45363360,469600,0,5259520,40103840,,,0,0,718730,0,0,83640,8.3,6.1,10.3,7.6,17.2,21.7,19.2
"2026/02/09","2026/02/12","1550","ＭＸＳ外株ＭＳＣＩ","東証およびＰＴＳ",,"確報",0,2,6,0,2,6,0,0,14658,43974,0,14658,43974,0,,,0,0,936,0,0,936,7.5,10,6,7.5,10,6,7.5
"2026/02/09","2026/02/12","1551","スタンダドＴＯＰ２０","東証およびＰＴＳ",,"確報",970,0,1170,0,0,0,1170,6305000,0,7605000,0,0,0,7605000,,,0,0,29800,0,0,0,3.6,1.8,92.5,3.6,0,0,0
"2026/02/09","2026/02/12","1554","上場インデＭＳ世界","東証およびＰＴＳ",,"確報",77,627,1257,0,7,1257,0,471240,3837240,7692840,0,42840,7692840,0,,,0,0,202384,0,0,141568,5.7,2.9,2.9,2.9,0,901.9,1803.7
"2026/02/09","2026/02/12","1555","上場インデＡリート","東証およびＰＴＳ",,"確報",0,16,85,68,0,79,6,0,40720,216325,173060,0,201055,15270,,,0,0,7777,0,0,847,6.1,120.8,30.2,48.3,4.5,3.1,3.7
"2026/02/09","2026/02/12","1557","ＳＰＤＲ５００","東証およびＰＴＳ",,"確報",2,0,219,0,0,0,219,216200,0,23673900,0,0,0,23673900,,,0,0,390600,0,0,0,52.7,67.5,43.2,52.7,0,0,0
"2026/02/09","2026/02/12","1559","ＮＦタイ株","東証およびＰＴＳ",,"確報",4,0,5,5,0,5,0,17180,0,21475,21475,0,21475,0,,,0,0,146,0,0,0,3.1,2.3,0,4.5,1,0,2
"2026/02/09","2026/02/12","155A","情報戦略テクノロジー","東証およびＰＴＳ",,"確報",6700,5900,48400,1300,500,48400,0,8388400,7386800,60596800,1627600,626000,60596800,0,,,0,0,0,2237200,2237200,0,20.5,10.7,13.5,12,42.1,235.7,71.4
"2026/02/09","2026/02/12","1560","ＮＦマレーシア株","東証およびＰＴＳ",,"確報",110,2,112,16,0,20,92,764500,13900,778400,111200,0,139000,639400,,,0,0,80,0,0,80,2.1,1.4,3.9,2.1,1.8,2.7,2.1
"2026/02/09","2026/02/12","1563","東証グロース・コア","東証およびＰＴＳ",,"確報",184,184,1038,0,0,1038,0,403144,403144,2274258,0,0,2274258,0,,,0,0,0,0,0,0,4,8.7,1.5,2.6,7.1,258.2,13.9
"2026/02/09","2026/02/12","1566","上場ＥＭ債","東証およびＰＴＳ",,"確報",1,4,18,0,3,18,0,54650,218600,983700,0,163950,983700,0,,,0,0,0,1470,1470,0,4.6,3,3.6,3.3,6.2,11.1,7.9
"2026/02/09","2026/02/12","1568","ＴＰレバレッジダブル","東証およびＰＴＳ",,"確報",4800,177960,547300,2140,59670,3140,544160,4188000,155270100,477519250,1867150,52062075,2739650,474779600,,,0,0,26080652,0,0,2196254,3,4.1,4.7,4.4,1.9,1.9,1.9
"2026/02/09","2026/02/12","1569","トピックスインバース","東証およびＰＴＳ",,"確報",310,20,14430,0,0,6600,7830,256525,16550,11940825,0,0,5461500,6479325,,,0,0,0,299768,139920,0,30.1,36.1,15.3,21.5,0,0,0
"2026/02/09","2026/02/12","156A","マテリアルグループ","東証およびＰＴＳ",,"確報",400,2000,13300,0,300,1200,12100,330000,1650000,10972500,0,247500,990000,9982500,,,0,0,372500,0,0,37500,7.4,35.1,12.3,18.2,12.7,1.2,2.2
"2026/02/09","2026/02/12","1570","ＮＦ日経レバ","東証およびＰＴＳ",,"確報",215423,166960,297835,115590,13247,133378,164457,11505742430,8917333600,15907367350,6173661900,707522270,7123718980,8783648370,,,0,0,930157560,0,0,115760550,1.8,1.7,2.3,2,1.5,1.8,1.6
"2026/02/09","2026/02/12","1571","ＮＦ日経インバ","東証およびＰＴＳ",,"確報",201801,200,407578,19000,0,19000,388578,74262768,73600,149988704,6992000,0,6992000,142996704,,,0,0,0,3295632,0,0,9.1,5.2,66.9,9.7,1.1,25.4,2.2
"2026/02/09","2026/02/12","1572","Ｈ株レバレッジダブル","東証およびＰＴＳ",,"確報",150,10,3630,0,0,0,3630,1230900,82060,29787780,0,0,0,29787780,,,0,0,593300,0,0,0,43.5,46.3,41,43.5,0,0,0
"2026/02/09","2026/02/12","1573","Ｈ株インバース","東証およびＰＴＳ",,"確報",30,0,1570,10,0,1040,530,231600,0,12120400,77200,0,8028800,4091600,,,0,0,0,170940,114330,0,34.4,113.9,38,56.9,13.9,47.9,21.5
"2026/02/09","2026/02/12","1577","ＮＦ日本高配当７０","東証およびＰＴＳ",,"確報",0,90,134,0,0,4,130,0,4997700,7441020,0,0,222120,7218900,,,0,0,150080,0,0,2680,11.1,21.8,7.5,11.2,3.5,0,7
"2026/02/09","2026/02/12","1578","上場インデ２２５ミニ","東証およびＰＴＳ",,"確報",100,575,299,2911,6,3060,-2761,448800,2580600,1341912,13064568,26928,13733280,-12391368,,,0,0,119196,0,0,23870,1.3,3.6,0.4,0.7,1.3,459.1,2.5
"2026/02/09","2026/02/12","1579","日経レバレッジダブル","東証およびＰＴＳ",,"確報",2000,2375570,785040,125310,0,164530,620510,1152600,1369040991,452418552,72216153,0,94818639,357599913,,,0,0,129503010,0,0,1608020,3.6,4.6,3.1,3.7,1.7,2.7,2.1
"2026/02/09","2026/02/12","157A","グリーンモンスター","東証およびＰＴＳ",,"確報",200,1900,24200,0,0,0,24200,184200,1749900,22288200,0,0,0,22288200,,,0,0,0,1269100,0,0,23.9,34.6,18.3,23.9,0,0,0
"2026/02/09","2026/02/12","1580","２２５インバース","東証およびＰＴＳ",,"確報",16210,7900,32940,0,9500,15130,17810,15871211,7734890,32251554,0,9301450,14813783,17437771,,,0,0,0,995052,995052,0,8.4,5.3,6.6,5.9,45,10.8,17.4
"2026/02/09","2026/02/12","1585","ｉＦＥＸ－Ｆ","東証およびＰＴＳ",,"確報",0,0,0,0,0,10,-10,0,0,0,0,0,25355,-25355,,,0,0,0,0,0,985,6.6,0,0,0,0,3.3,6.6
"2026/02/09","2026/02/12","1586","上場ＥＸ－Ｆ","東証およびＰＴＳ",,"確報",0,0,0,0,0,0,0,0,0,0,0,0,0,0,,,0,0,0,0,0,0,2,0,1,2,0,0,0
"2026/02/09","2026/02/12","1591","ＮＦＪＰＸ４００","東証およびＰＴＳ",,"確報",96,0,350,0,141,230,120,3288960,0,11991000,0,4830660,7879800,4111200,,,0,0,246380,0,0,359870,17.4,9.3,0,18.7,30.8,11.3,16.6
"2026/02/09","2026/02/12","1592","上場ＪＰＸ日経４００","東証およびＰＴＳ",,"確報",1,1,38,0,0,38,0,3130,3130,118940,0,0,118940,0,,,0,0,2888,0,0,2888,380,190,190,190,0,0,0
"2026/02/09","2026/02/12","1593","ＭＸＳＪＰＸ４００","東証およびＰＴＳ",,"確報",0,0,20,0,0,20,0,0,0,700800,0,0,700800,0,,,0,0,18800,0,0,18800,5,2.5,2.5,2.5,0,0,0
"2026/02/09","2026/02/12","1595","ＮＺＡＭ東証ＲＥＩＴ","東証およびＰＴＳ",,"確報",0,0,7050,0,0,50,7000,0,0,14382000,0,0,102000,14280000,,,0,0,0,14100,100,0,58,61,54.5,57.6,0,0,0
"2026/02/09","2026/02/12","1596","ＮＺＡＭ　Ｅｘ―Ｆ","東証およびＰＴＳ",,"確報",0,0,0,0,0,0,0,0,0,0,0,0,0,0,,,0,0,0,0,0,0,0,0,0,0,0,0,0
"2026/02/09","2026/02/12","1597","ＭＸＳ　Ｊリート投信","東証およびＰＴＳ",,"確報",0,1,380,0,0,0,380,0,2061,783180,0,0,0,783180,,,0,0,0,3048,0,0,4.7,0,2.3,4.7,0,3,6
"2026/02/09","2026/02/12","1599","ｉＦＪＰＸ日経４００","東証およびＰＴＳ",,"確報",1,0,5,0,1,1,4,34840,0,174200,0,34840,34840,139360,,,0,0,3920,0,0,1960,15,21,10.5,14,0,9,18
"2026/02/09","2026/02/12","159A","ＪＰＸプライム１５０","東証およびＰＴＳ",,"確報",0,0,0,0,0,0,0,0,0,0,0,0,0,0,,,0,0,0,0,0,0,0,0,0,0,0,0,0
"2026/02/09","2026/02/12","1605","ＩＮＰＥＸ","東証およびＰＴＳ",,"確報",9800,4800,118900,2800,0,3500,115400,36514800,17884800,443021400,10432800,0,13041000,429980400,,,0,0,6947900,0,0,42700,7.3,8.4,7.7,8.1,1.9,1.6,1.7
"2026/02/09","2026/02/12","160A","アズパートナーズ","東証およびＰＴＳ",,"確報",0,0,6800,0,0,0,6800,0,0,16088800,0,0,0,16088800,,,0,0,6800,0,0,0,74.7,56,112,74.7,0,0,0
"2026/02/09","2026/02/12","1615","ＮＦ銀行業","東証およびＰＴＳ",,"確報",26610,5400,300930,1500,7410,26500,274430,17392296,3529440,196687848,980400,4843176,17320400,179367448,,,0,0,2965032,0,0,343546,14.3,25.1,22.3,23.6,39.4,3,5.6
"2026/02/09","2026/02/12","1617","ＮＦ食品Ｔ１７","東証およびＰＴＳ",,"確報",0,11,25,15,0,15,10,0,499840,1136000,681600,0,681600,454400,,,0,0,21600,0,0,0,5.4,85,2.9,5.6,1,0,2
"2026/02/09","2026/02/12","1618","ＮＦエネ資源Ｔ１７","東証およびＰＴＳ",,"確報",180,1,483,0,5,24,459,6541200,36340,17552220,0,181700,872160,16680060,,,0,0,51680,0,0,4930,5.3,2.5,1112,5,10.1,18.5,13.1
"2026/02/09","2026/02/12","1619","ＮＦ建設資材Ｔ１７","東証およびＰＴＳ",,"確報",49,9,325,0,0,13,312,2481850,455850,16461250,0,0,658450,15802800,,,0,0,478800,0,0,21840,12.7,15.8,9.9,12.1,0,0,0
"2026/02/09","2026/02/12","1620","ＮＦ素材化学Ｔ１７","東証およびＰＴＳ",,"確報",5,5,10,0,39,1,9,172000,172000,344000,0,1341600,34400,309600,,,0,0,6700,0,0,26800,5.2,3.3,5,4,17.1,3.4,5.7
"2026/02/09","2026/02/12","1621","ＮＦ医薬品Ｔ１７","東証およびＰＴＳ",,"確報",0,11,273,19,8,20,253,0,350460,8697780,605340,254880,637200,8060580,,,0,0,213000,0,0,6750,12.8,12.7,23.3,16.5,1.2,2.1,1.5
"2026/02/09","2026/02/12","1622","ＮＦ自動車Ｔ１７","東証およびＰＴＳ",,"確報",9,0,56,0,8,60,-4,353970,0,2202480,0,314640,2359800,-157320,,,0,0,0,14570,21080,0,17.6,12.2,20,15.1,79.6,11.4,19.9
"2026/02/09","2026/02/12","1623","ＮＦ鉄鋼非鉄Ｔ１７","東証およびＰＴＳ",,"確報",268,109,550,0,0,11,539,14975840,6090920,30734000,0,0,614680,30119320,,,0,0,934490,0,0,26290,7.1,5,11.8,7,8.5,51,14.6
"2026/02/09","2026/02/12","1624","ＮＦ機械Ｔ１７","東証およびＰＴＳ",,"確報",4,3,67,6,0,12,55,368360,276270,6170030,552540,0,1105080,5064950,,,0,0,231000,0,0,21000,17.3,20.6,32.9,25.3,4,7.3,5.2
"2026/02/09","2026/02/12","1625","ＮＦ電機精密Ｔ１７","東証およびＰＴＳ",,"確報",14,0,103,1,0,154,-51,747740,0,5501230,53410,0,8225140,-2723910,,,0,0,141510,0,0,243270,9.6,4.8,0,9.6,4.9,0,9.7
"2026/02/09","2026/02/12","1626","ＮＦ情通・他Ｔ１７","東証およびＰＴＳ",,"確報",0,47,8,1,48,8,0,0,1850390,314960,39370,1889760,314960,0,,,0,0,31350,0,0,31350,3.4,3.2,3.5,3.3,3.2,3.6,3.4
"2026/02/09","2026/02/12","1627","ＮＦ電力ガスＴ１７","東証およびＰＴＳ",,"確報",25,25,300,0,0,300,0,308750,308750,3705000,0,0,3705000,0,,,0,0,36000,0,0,36000,30.9,25.2,17.2,20.4,156.2,40.1,63.8
"2026/02/09","2026/02/12","1628","ＮＦ運輸物流Ｔ１７","東証およびＰＴＳ",,"確報",2,5,78,0,7,0,78,43850,109625,1710150,0,153475,0,1710150,,,0,0,405,0,0,35,4.3,4.4,4.9,4.7,1,1,1
"2026/02/09","2026/02/12","1629","ＮＦ商社卸売Ｔ１７","東証およびＰＴＳ",,"確報",1,31,210,0,0,0,210,135650,4205150,28486500,0,0,0,28486500,,,0,0,924000,0,0,0,24.2,25.6,23,24.2,0,0,0
"2026/02/09","2026/02/12","162A","ＡＩセレクトＥＴＮ","東証およびＰＴＳ",,"確報",0,0,0,0,0,0,0,0,0,0,0,0,0,0,,,0,0,0,0,0,0,0,0,0,0,0,0,0
"2026/02/09","2026/02/12","1630","ＮＦ小売Ｔ１７","東証およびＰＴＳ",,"確報",4,4,15,0,0,15,0,155880,155880,584550,0,0,584550,0,,,0,0,9000,0,0,9000,6.6,14.2,3.2,5.3,36.5,73,48.7
"2026/02/09","2026/02/12","1631","ＮＦ銀行Ｔ１７","東証およびＰＴＳ",,"確報",80,9,129,0,0,0,129,2772000,311850,4469850,0,0,0,4469850,,,0,0,13920,0,0,0,4.2,4.3,4.4,4.3,0,0,0
"2026/02/09","2026/02/12","1632","ＮＦ金融Ｔ１７","東証およびＰＴＳ",,"確報",0,0,24,0,0,24,0,0,0,876000,0,0,876000,0,,,0,0,6240,0,0,6240,11.5,6.1,98,11.5,6.1,98,11.5
"2026/02/09","2026/02/12","1633","ＮＦ不動産Ｔ１７","東証およびＰＴＳ",,"確報",0,32,53,0,0,4,49,0,1916800,3174700,0,0,239600,2935100,,,0,0,225250,0,0,10600,2.7,1.8,3.8,2.4,25,5,8.3
"2026/02/09","2026/02/12","163A","半導体ＥＴＮ","東証およびＰＴＳ",,"確報",20,0,20,0,0,0,20,305100,0,305100,0,0,0,305100,,,0,0,0,0,0,0,1,1,1,1,0,0,0
"2026/02/09","2026/02/12","1651","ｉＦ高配当４０","東証およびＰＴＳ",,"確報",0,608,3346,0,0,0,3346,0,1838592,10118304,0,0,0,10118304,,,0,0,134436,0,0,0,14.1,32.8,9,14.1,0,0,0
"2026/02/09","2026/02/12","1652","ｉＦ女性活躍ＷＩＮ","東証およびＰＴＳ",,"確報",0,0,0,0,0,0,0,0,0,0,0,0,0,0,,,0,0,0,0,0,0,0,0,0,0,0,0,0
"2026/02/09","2026/02/12","1653","ｉＦＥＳＧセレクト","東証およびＰＴＳ",,"確報",0,0,0,100,0,800,-800,0,0,0,490000,0,3920000,-3920000,,,0,0,0,0,0,91000,2.4,0,0,0,1.7,3.7,2.4
"2026/02/09","2026/02/12","1654","ｉＦブロッサム","東証およびＰＴＳ",,"確報",0,0,0,0,0,0,0,0,0,0,0,0,0,0,,,0,0,0,0,0,0,0,0,0,0,0,0,0
"2026/02/09","2026/02/12","1655","ｉＳＳＰ５００米国株","東証およびＰＴＳ",,"確報",0,32460,365240,90,20,5010,360230,0,25322046,284923724,70209,15602,3908301,281015423,,,0,0,5329180,0,0,66196,11.2,15.4,9.2,11.5,64.6,3.3,6.3
"2026/02/09","2026/02/12","1656","ｉＳ米国債七十","東証およびＰＴＳ",,"確報",0,790,13820,10,0,10,13810,0,248139,4340862,3141,0,3141,4337721,,,0,0,0,27759,0,0,1.9,1.8,2.1,1.9,1,1,1
"2026/02/09","2026/02/12","1657","ｉＳＭＳＣＩ先進国株","東証およびＰＴＳ",,"確報",5,0,6,0,0,0,6,32905,0,39486,0,0,0,39486,,,0,0,102,0,0,0,4,2,0,4,0,0,0
"2026/02/09","2026/02/12","1658","ｉＳＭＳＣＩ新興国株","東証およびＰＴＳ",,"確報",0,0,110,0,0,0,110,0,0,428340,0,0,0,428340,,,0,0,7700,0,0,0,13,0,30.5,61,1,1,1
"2026/02/09","2026/02/12","1659","ｉＳ米国リート","東証およびＰＴＳ",,"確報",19,2,42,90,0,147,-105,66690,7020,147420,315900,0,515970,-368550,,,0,0,1250,0,0,2850,2.3,1.9,2.3,2.1,1.6,0,3.1
"2026/02/09","2026/02/12","1660","ＭＸＳ高利Ｊリート","東証およびＰＴＳ",,"確報",5,0,120,0,0,19,101,58350,0,1400400,0,0,221730,1178670,,,0,0,0,9775,1615,0,5.3,4.1,4.8,4.4,48,96,64
"2026/02/09","2026/02/12","1662","石油資源開発","東証およびＰＴＳ",,"確報",23500,61300,448000,1000,4600,28200,419800,47987000,125174600,914816000,2042000,9393200,57584400,857231600,,,0,0,0,3886400,254400,0,4.3,4.9,3.5,4.1,8,12.9,9.9
"2026/02/09","2026/02/12","1663","Ｋ＆Ｏエナジー","東証およびＰＴＳ",,"確報",4400,3100,36400,1400,100,36400,0,20724000,14601000,171444000,6594000,471000,171444000,0,,,0,0,5089500,0,0,5089500,5.7,3.3,3.3,3.3,22.3,23.1,22.7
"2026/02/09","2026/02/12","166A","タスキＨＤ","東証およびＰＴＳ",,"確報",1500,600,94700,0,0,0,94700,1254000,501600,79169200,0,0,0,79169200,,,0,0,281400,0,0,0,41.9,36.4,79.8,50,1,1,1
"2026/02/09","2026/02/12","1671","ＷＴＩ原油ＥＴＦ","東証およびＰＴＳ",,"確報",1535,1690,1913,762,9833,13967,-12054,5016380,5522920,6251684,2490216,32134244,45644156,-39392472,,,0,0,0,142692,1589622,0,3.2,3,0.7,1.2,3.9,4,3.9
"2026/02/09","2026/02/12","1672","金ＥＴＦ","東証およびＰＴＳ",,"確報",0,0,0,0,0,0,0,0,0,0,0,0,0,0,,,0,0,0,0,0,0,0,0,0,0,0,0,0
"2026/02/09","2026/02/12","1673","銀ＥＴＦ","東証およびＰＴＳ",,"確報",0,0,60,0,0,0,60,0,0,699600,0,0,0,699600,,,0,0,65100,0,0,0,6,3,0,6,0,0,0
"2026/02/09","2026/02/12","1674","プラチナＥＴＦ","東証およびＰＴＳ",,"確報",0,0,0,0,0,0,0,0,0,0,0,0,0,0,,,0,0,0,0,0,0,0,0,0,0,0,0,0
"2026/02/09","2026/02/12","1675","パラジＥＴＦ","東証およびＰＴＳ",,"確報",0,0,0,0,0,0,0,0,0,0,0,0,0,0,,,0,0,0,0,0,0,0,0,0,0,0,0,0
"2026/02/09","2026/02/12","1676","キンゾクＥＴＦ","東証およびＰＴＳ",,"確報",0,0,0,0,0,0,0,0,0,0,0,0,0,0,,,0,0,0,0,0,0,0,0,0,0,0,0,0
"2026/02/09","2026/02/12","1677","上場外債","東証およびＰＴＳ",,"確報",0,0,0,0,0,0,0,0,0,0,0,0,0,0,,,0,0,0,0,0,0,0,0,0,0,0,0,0
"2026/02/09","2026/02/12","1678","ＮＦインド株","東証およびＰＴＳ",,"確報",1000,17380,72270,0,0,0,72270,351100,6102118,25373997,0,0,0,25373997,,,0,0,150705,0,0,0,16.7,42.9,10.3,16.7,0,0,0
"2026/02/09","2026/02/12","1679","ＮＹダウ","東証およびＰＴＳ",,"確報",0,0,0,0,0,0,0,0,0,0,0,0,0,0,,,0,0,0,0,0,0,0,0,0,0,0,0,0
"2026/02/09","2026/02/12","167A","リョーサン菱洋","東証およびＰＴＳ",,"確報",900,3300,29600,0,2400,29600,0,2853000,10461000,93832000,0,7608000,93832000,0,,,0,0,640000,0,0,640000,19.6,15.7,19.8,17.5,19.5,26.1,22.3
"2026/02/09","2026/02/12","1680","上場ＭＳコク","東証およびＰＴＳ",,"確報",0,0,0,0,0,0,0,0,0,0,0,0,0,0,,,0,0,0,0,0,0,0,0,0,0,0,0,0
"2026/02/09","2026/02/12","1681","上場ＭＳエマ","東証およびＰＴＳ",,"確報",31,0,60,31,0,60,0,91915,0,177900,91915,0,177900,0,,,0,0,1798,0,0,1798,3.5,2.8,4.5,3.5,2.8,4.5,3.5
"2026/02/09","2026/02/12","1684","商品ＥＴＦ","東証およびＰＴＳ",,"確報",0,0,0,0,0,0,0,0,0,0,0,0,0,0,,,0,0,0,0,0,0,0,0,0,0,0,0,0
"2026/02/09","2026/02/12","1685","エナジーＥＴＦ","東証およびＰＴＳ",,"確報",0,0,0,0,0,0,0,0,0,0,0,0,0,0,,,0,0,0,0,0,0,0,0,0,0,0,0,0
"2026/02/09","2026/02/12","1686","メタルＥＴＦ","東証およびＰＴＳ",,"確報",0,0,0,0,0,0,0,0,0,0,0,0,0,0,,,0,0,0,0,0,0,0,0,0,0,0,0,0
"2026/02/09","2026/02/12","1687","アグリＥＴＦ","東証およびＰＴＳ",,"確報",0,0,0,0,0,0,0,0,0,0,0,0,0,0,,,0,0,0,0,0,0,0,0,0,0,0,0,0
"2026/02/09","2026/02/12","1688","穀物ＥＴＦ","東証およびＰＴＳ",,"確報",0,0,0,0,0,0,0,0,0,0,0,0,0,0,,,0,0,0,0,0,0,0,0,0,0,0,0,0
"2026/02/09","2026/02/12","1689","ガスＥＴＦ","東証およびＰＴＳ",,"確報",0,0,0,0,0,0,0,0,0,0,0,0,0,0,,,0,0,0,0,0,0,0,0,0,0,0,0,0
"2026/02/09","2026/02/12","168A","イタミアート","東証およびＰＴＳ",,"確報",0,14000,13200,0,0,0,13200,0,18368000,17318400,0,0,0,17318400,,,0,0,0,598400,0,0,12.6,28.2,8.1,12.6,0,0,0
"2026/02/09","2026/02/12","1690","原油ＥＴＦ","東証およびＰＴＳ",,"確報",0,0,0,0,0,0,0,0,0,0,0,0,0,0,,,0,0,0,0,0,0,0,0,0,0,0,0,0
"2026/02/09","2026/02/12","1691","ガソリンＥＴＦ","東証およびＰＴＳ",,"確報",0,0,0,0,0,0,0,0,0,0,0,0,0,0,,,0,0,0,0,0,0,0,0,0,0,0,0,0
"2026/02/09","2026/02/12","1692","アルミＥＴＦ","東証およびＰＴＳ",,"確報",0,0,0,0,0,0,0,0,0,0,0,0,0,0,,,0,0,0,0,0,0,0,0,0,0,0,0,0
"2026/02/09","2026/02/12","1693","銅ＥＴＦ","東証およびＰＴＳ",,"確報",0,0,4300,0,0,0,4300,0,0,34653700,0,0,0,34653700,,,0,0,533200,0,0,0,0,0,0,0,0,0,0
"2026/02/09","2026/02/12","1694","ニッケルＥＴＦ","東証およびＰＴＳ",,"確報",0,0,10,0,0,0,10,0,0,23895,0,0,0,23895,,,0,0,450,0,0,0,0,0,0,0,0,0,0
"2026/02/09","2026/02/12","1695","小麦ＥＴＦ","東証およびＰＴＳ",,"確報",0,0,1100,0,0,0,1100,0,0,3060200,0,0,0,3060200,,,0,0,0,35200,0,0,0,0,0,0,0,0,0
"2026/02/09","2026/02/12","1696","コーンＥＴＦ","東証およびＰＴＳ",,"確報",0,0,0,0,0,0,0,0,0,0,0,0,0,0,,,0,0,0,0,0,0,0,0,0,0,0,0,0
"2026/02/09","2026/02/12","1697","大豆ＥＴＦ","東証およびＰＴＳ",,"確報",0,0,0,0,0,0,0,0,0,0,0,0,0,0,,,0,0,0,0,0,0,0,0,0,0,0,0,0
"2026/02/09","2026/02/12","1698","上場配当","東証およびＰＴＳ",,"確報",0,391,451,121,0,121,330,0,1632425,1882925,505175,0,505175,1377750,,,0,0,12630,0,0,0,6.9,16.9,4.8,7.5,1,0,2
"2026/02/09","2026/02/12","1699","ＮＦ原油先物","東証およびＰＴＳ",,"確報",9150,4010,14530,0,67790,38420,-23890,3837510,1681794,6093882,0,28431126,16113348,-10019466,,,0,0,0,61035,690365,0,3.4,3.8,5.8,4.6,4.1,2.7,3.3
"2026/02/09","2026/02/12","170A","ＳＭＴ　日本好配当株","東証およびＰＴＳ",,"確報",0,68,38,0,0,0,38,0,196792,109972,0,0,0,109972,,,0,0,6784,0,0,0,7.9,33.2,4.5,7.9,0,0,0
"2026/02/09","2026/02/12","1711","ＳＤＳＨＤ","東証およびＰＴＳ",,"確報",300,0,20200,0,0,0,20200,79200,0,5332800,0,0,0,5332800,,,0,0,19900,0,0,0,16.9,28.2,12.1,16.9,0,0,0
"2026/02/09","2026/02/12","1716","第一カッター興業","東証およびＰＴＳ",,"確報",0,100,475300,0,300,4200,471100,0,145500,691561500,0,436500,6111000,685450500,,,0,0,18540600,0,0,175500,522.1,3961.5,9999.9,6791.1,5.5,6.2,5.8
"2026/02/09","2026/02/12","1717","明豊ファシリワークス","東証およびＰＴＳ",,"確報",100,200,14200,0,0,0,14200,108600,217200,15421200,0,0,0,15421200,,,0,0,0,414700,0,0,98.9,62.9,230.7,98.9,0,0,0
"2026/02/09","2026/02/12","1718","美樹工業","東証およびＰＴＳ",,"確報",0,800,2100,0,0,0,2100,0,7552000,19824000,0,0,0,19824000,,,0,0,1131000,0,0,0,13.6,14.5,12.9,13.6,0,0,0
"2026/02/09","2026/02/12","1719","安藤・間","東証およびＰＴＳ",,"確報",100,1000,31900,800,1700,31900,0,218200,2182000,69605800,1745600,3709400,69605800,0,,,0,0,1443200,0,0,1443200,9.9,6.4,8.5,7.3,11.9,21.5,15.3
"2026/02/09","2026/02/12","1720","東急建設","東証およびＰＴＳ",,"確報",5600,3500,25600,0,4000,7000,18600,8243200,5152000,37683200,0,5888000,10304000,27379200,,,0,0,3008000,0,0,1408000,3.8,6.2,12.8,8.4,14,1,1.9
"2026/02/09","2026/02/12","1721","コムシスＨＤ","東証およびＰＴＳ",,"確報",1500,4600,14000,3300,6400,14000,0,7773000,23837200,72548000,17100600,33164800,72548000,0,,,0,0,957600,0,0,957600,7.2,6.5,8.4,7.4,6.3,8,7
"2026/02/09","2026/02/12","1723","日本電技","東証およびＰＴＳ",,"確報",100,900,5300,0,0,0,5300,1179000,10611000,62487000,0,0,0,62487000,,,0,0,0,427000,0,0,3.7,3.6,3.8,3.7,0,0,0
"2026/02/09","2026/02/12","1724","シンクレイヤ","東証およびＰＴＳ",,"確報",0,100,2100,0,0,0,2100,0,72000,1512000,0,0,0,1512000,,,0,0,22000,0,0,0,19.1,24.8,15.5,19.1,0,0,0
"2026/02/09","2026/02/12","1726","ＢＲホールディングス","東証およびＰＴＳ",,"確報",27000,25600,57500,0,0,0,57500,14283000,13542400,30417500,0,0,0,30417500,,,0,0,673200,0,0,0,3.6,2.5,6.5,3.6,0,0,0
"2026/02/09","2026/02/12","1736","オーテック","東証およびＰＴＳ",,"確報",400,1400,4100,0,0,0,4100,1086800,3803800,11139700,0,0,0,11139700,,,0,0,311100,0,0,0,20.3,48.8,12.8,20.3,0,0,0
"2026/02/09","2026/02/12","173A","ハンモック","東証およびＰＴＳ",,"確報",0,0,1600,0,0,0,1600,0,0,2344000,0,0,0,2344000,,,0,0,0,22400,0,0,154,77,0,154,0,0,0
"2026/02/09","2026/02/12","1758","太洋基礎工業","東証およびＰＴＳ",,"確報",0,0,600,0,0,0,600,0,0,1560600,0,0,0,1560600,,,0,0,0,3600,0,0,0,0,0,0,0,0,0
"2026/02/09","2026/02/12","175A","Ｗｉｌｌ　Ｓｍａｒｔ","東証およびＰＴＳ",,"確報",1300,0,68500,0,0,0,68500,1094600,0,57677000,0,0,0,57677000,,,0,0,0,537600,0,0,238.6,133.6,1113.3,238.6,0,0,0
"2026/02/09","2026/02/12","1762","高松コンストラクシＧ","東証およびＰＴＳ",,"確報",700,700,26400,4900,100,45000,-18600,2915500,2915500,109956000,20408500,416500,187425000,-77469000,,,0,0,1716000,0,0,2613000,47.3,42.1,35.4,38.5,40.4,89.5,55.6
"2026/02/09","2026/02/12","1764","工藤建設","東証およびＰＴＳ",,"確報",0,0,200,0,0,0,200,0,0,617000,0,0,0,617000,,,0,0,6000,0,0,0,16,8,0,16,0,0,0
"2026/02/09","2026/02/12","1766","東建コーポレーション","東証およびＰＴＳ",,"確報",0,500,900,400,200,9100,-8200,0,7640000,13752000,6112000,3056000,139048000,-125296000,,,0,0,196000,0,0,1246000,17,85,4.3,8.1,24.7,18.8,21.3
"2026/02/09","2026/02/12","1768","ソネック","東証およびＰＴＳ",,"確報",1200,400,3000,400,100,600,2400,2038800,679600,5097000,679600,169900,1019400,4077600,,,0,0,275000,0,0,37500,6.7,5.4,10.4,7.1,2.7,16,4.6
"2026/02/09","2026/02/12","1770","藤田エンジニアリング","東証およびＰＴＳ",,"確報",0,0,300,0,0,0,300,0,0,552000,0,0,0,552000,,,0,0,0,0,0,0,0,0,0,0,0,0,0
"2026/02/09","2026/02/12","1773","ワイ・ティー・エル","東証およびＰＴＳ",,"確報",0,0,15000,0,0,0,15000,0,0,1200000,0,0,0,1200000,,,0,0,0,30000,0,0,0,0,0,0,0,0,0
"2026/02/09","2026/02/12","1776","三井住建道路","東証およびＰＴＳ",,"確報",200,0,7000,0,0,0,7000,332400,0,11634000,0,0,0,11634000,,,0,0,74800,0,0,0,77.1,69.4,86.8,77.1,0,0,0
"2026/02/09","2026/02/12","177A","コージンバイオ","東証およびＰＴＳ",,"確報",200,0,3100,0,0,0,3100,236600,0,3667300,0,0,0,3667300,,,0,0,0,55100,0,0,147,73.5,0,147,0,0,0
"2026/02/09","2026/02/12","1780","ヤマウラ","東証およびＰＴＳ",,"確報",300,2900,27100,1300,0,7400,19700,466500,4509500,42140500,2021500,0,11507000,30633500,,,0,0,1811700,0,0,372100,52.9,162,48.6,74.8,26.2,21.3,23.5
"2026/02/09","2026/02/12","1783","ｆａｎｔａｓｉｓｔａ","東証およびＰＴＳ",,"確報",0,0,0,0,0,0,0,0,0,0,0,0,0,0,,,0,0,0,0,0,0,0,0,0,0,0,0,0
"2026/02/09","2026/02/12","1786","オリエンタル白石","東証およびＰＴＳ",,"確報",100,63300,39200,1200,7400,147900,-108700,43200,27345600,16934400,518400,3196800,63892800,-46958400,,,0,0,307200,0,0,462300,12,6.6,3.4,4.5,87.3,46.2,60.4
"2026/02/09","2026/02/12","1787","ナカボーテック","東証およびＰＴＳ",,"確報",0,0,0,0,0,0,0,0,0,0,0,0,0,0,,,0,0,0,0,0,0,0,0,0,0,0,0,0
"2026/02/09","2026/02/12","1788","三東工業社","東証およびＰＴＳ",,"確報",0,0,100,0,0,0,100,0,0,598000,0,0,0,598000,,,0,0,16000,0,0,0,0,0,0,0,0,0,0
"2026/02/09","2026/02/12","178A","ＧＸ革新優良企業","東証およびＰＴＳ",,"確報",0,628,15196,0,0,0,15196,0,921276,22292532,0,0,0,22292532,,,0,0,648784,0,0,0,42.5,30.3,71.7,42.5,0,0,0
"2026/02/09","2026/02/12","1793","大本組","東証およびＰＴＳ",,"確報",0,300,1300,0,0,0,1300,0,497700,2156700,0,0,0,2156700,,,0,0,68800,0,0,0,23,23,23,23,0,0,0
"2026/02/09","2026/02/12","1795","マサル","東証およびＰＴＳ",,"確報",0,0,0,0,0,0,0,0,0,0,0,0,0,0,,,0,0,0,0,0,0,0,0,0,0,0,0,0
"2026/02/09","2026/02/12","1798","守谷商会","東証およびＰＴＳ",,"確報",400,1100,25600,0,0,0,25600,2620000,7205000,167680000,0,0,0,167680000,,,0,0,0,4997000,0,0,124.8,327.5,77.1,124.8,0,0,0
"2026/02/09","2026/02/12","1799","第一建設工業","東証およびＰＴＳ",,"確報",0,200,4900,0,0,3800,1100,0,850000,20825000,0,0,16150000,4675000,,,0,0,459000,0,0,342000,15.8,21.1,16.9,18.7,6.8,74.5,12.4
"2026/02/09","2026/02/12","179A","ＧＸ超長期米国債Ｈ","東証およびＰＴＳ",,"確報",1600,0,45080,0,0,50,45030,416960,0,11747848,0,0,13030,11734818,,,0,0,0,47828,55,0,32.7,26.5,42.5,32.7,26,26,26
"2026/02/09","2026/02/12","1801","大成建設","東証およびＰＴＳ",,"確報",3700,7900,33400,6000,600,12800,20600,68690500,146663500,620071000,111390000,11139000,237632000,382439000,,,0,0,30080000,0,0,5920000,8.4,7.9,11.7,9.4,4,12,6
"2026/02/09","2026/02/12","1802","大林組","東証およびＰＴＳ",,"確報",32000,1600,113200,13800,6900,30100,83100,137280000,6864000,485628000,59202000,29601000,129129000,356499000,,,0,0,26661600,0,0,7470400,5.6,3.2,10.9,5,7.9,6.7,7.3
"2026/02/09","2026/02/12","1803","清水建設","東証およびＰＴＳ",,"確報",900,10300,42700,5200,5300,42700,0,3098700,35462900,147016100,17903600,18247900,147016100,0,,,0,0,6460400,0,0,5307200,5.8,7.1,4.6,5.6,5.6,6.7,6.1
"2026/02/09","2026/02/12","1807","佐藤渡辺","東証およびＰＴＳ",,"確報",0,600,1200,0,0,0,1200,0,1171200,2342400,0,0,0,2342400,,,0,0,0,59400,0,0,28,0,14,28,0,0,0
"2026/02/09","2026/02/12","1808","長谷工コーポ","東証およびＰＴＳ",,"確報",1400,4800,50800,12900,2100,65300,-14500,4776800,16377600,173329600,44014800,7165200,222803600,-49474000,,,0,0,3414600,0,0,3433500,18.4,24.3,20,21.9,17.2,15.4,16.3
"2026/02/09","2026/02/12","180A","ＧＸ超長期米国債","東証およびＰＴＳ",,"確報",0,0,50000,0,10,990,49010,0,0,14775000,0,2955,292545,14482455,,,0,0,0,115000,2300,0,1594.2,0,0,0,42.3,25.4,31.7
"2026/02/09","2026/02/12","1810","松井建設","東証およびＰＴＳ",,"確報",0,400,11500,100,100,3600,7900,0,654000,18802500,163500,163500,5886000,12916500,,,0,0,368900,0,0,111600,52.3,72,57.6,64,30.5,36.6,33.3
"2026/02/09","2026/02/12","1811","銭高組","東証およびＰＴＳ",,"確報",600,200,4300,400,0,4300,0,5298000,1766000,37969000,3532000,0,37969000,0,,,0,0,390000,0,0,390000,12.1,8.4,7,7.7,42.2,21.1,28.1
"2026/02/09","2026/02/12","1812","鹿島建設","東証およびＰＴＳ",,"確報",8800,200,56300,4500,0,10800,45500,66334400,1507600,424389400,33921000,0,81410400,342979000,,,0,0,27427500,0,0,3622500,6.9,6.2,15.5,8.9,2,3.9,2.7
"2026/02/09","2026/02/12","1813","不動テトラ","東証およびＰＴＳ",,"確報",1000,19500,32000,100,18600,32000,0,3855000,75172500,123360000,385500,71703000,123360000,0,,,0,0,2272500,0,0,2272500,12.1,12.6,6.6,8.7,59.3,11.6,19.4
"2026/02/09","2026/02/12","1814","大末建設","東証およびＰＴＳ",,"確報",2200,2500,13600,0,300,13600,0,9075000,10312500,56100000,0,1237500,56100000,0,,,0,0,208500,0,0,208500,17.5,9.1,8.8,8.9,0,230.7,461.3
"2026/02/09","2026/02/12","1815","鉄建建設","東証およびＰＴＳ",,"確報",26000,900,35800,0,700,7200,28600,143780000,4977000,197974000,0,3871000,39816000,158158000,,,0,0,1177000,0,0,869000,3.3,1.8,3.6,2.4,16.3,8.6,11.2
"2026/02/09","2026/02/12","181A","ＭＸ米債１－３ヘ無","東証およびＰＴＳ",,"確報",0,0,0,0,0,0,0,0,0,0,0,0,0,0,,,0,0,0,0,0,0,0,0,0,0,0,0,0
"2026/02/09","2026/02/12","1820","西松建設","東証およびＰＴＳ",,"確報",600,400,13400,200,0,13400,0,3760200,2506800,83977800,1253400,0,83977800,0,,,0,0,1293600,0,0,1293600,28.9,15.8,15.4,15.6,221.3,166,189.7
"2026/02/09","2026/02/12","1822","大豊建設","東証およびＰＴＳ",,"確報",1000,4900,44900,0,3900,44900,0,813000,3983700,36503700,0,3170700,36503700,0,,,0,0,48800,0,0,48800,21.2,11.4,13,12.1,227.7,32.1,56.3
"2026/02/09","2026/02/12","1826","佐田建設","東証およびＰＴＳ",,"確報",1200,100,6400,0,0,0,6400,1497600,124800,7987200,0,0,0,7987200,,,0,0,174900,0,0,0,13.7,13.3,17.2,15,1,1,1
"2026/02/09","2026/02/12","1827","ナカノフドー建設","東証およびＰＴＳ",,"確報",1600,400,64200,0,3200,57800,6400,2238400,559600,89815800,0,4476800,80862200,8953600,,,0,0,1701000,0,0,1647000,2.3,4.1,0.7,1.1,63,87,73.1
"2026/02/09","2026/02/12","1828","田辺工業","東証およびＰＴＳ",,"確報",0,1100,4500,0,0,0,4500,0,2971100,12154500,0,0,0,12154500,,,0,0,0,1338400,0,0,48.9,0,24.5,48.9,0,0,0
"2026/02/09","2026/02/12","182A","ＭＸ米債２０超ヘ無","東証およびＰＴＳ",,"確報",0,0,0,0,0,0,0,0,0,0,0,0,0,0,,,0,0,0,0,0,0,0,0,0,0,0,0,0
"2026/02/09","2026/02/12","1833","奥村組","東証およびＰＴＳ",,"確報",700,200,10100,600,100,10100,0,4998000,1428000,72114000,4284000,714000,72114000,0,,,0,0,1632000,0,0,1632000,4.9,2.7,3,2.9,17.9,51.7,26.6
"2026/02/09","2026/02/12","1835","東鉄工業","東証およびＰＴＳ",,"確報",200,300,600,100,200,600,0,1036000,1554000,3108000,518000,1036000,3108000,0,,,0,0,147000,0,0,147000,5.3,5.3,3.4,4.1,5.3,16,8
"2026/02/09","2026/02/12","183A","ＭＸ米債２０超ヘ有","東証およびＰＴＳ",,"確報",0,0,0,0,0,0,0,0,0,0,0,0,0,0,,,0,0,0,0,0,0,0,0,0,0,0,0,0
"2026/02/09","2026/02/12","1840","土屋ホールディングス","東証およびＰＴＳ",,"確報",0,0,13000,0,0,0,13000,0,0,3042000,0,0,0,3042000,,,0,0,39000,0,0,0,57,46.8,72.8,57,0,0,0
"2026/02/09","2026/02/12","1841","サンユー建設","東証およびＰＴＳ",,"確報",0,0,0,0,0,0,0,0,0,0,0,0,0,0,,,0,0,0,0,0,0,0,0,0,0,0,0,0
"2026/02/09","2026/02/12","1844","大盛工業","東証およびＰＴＳ",,"確報",10700,0,53800,0,0,0,53800,6516300,0,32764200,0,0,0,32764200,,,0,0,0,905100,0,0,23,15,49.5,23,0,0,0
"2026/02/09","2026/02/12","1847","イチケン","東証およびＰＴＳ",,"確報",0,0,7800,0,0,0,7800,0,0,41418000,0,0,0,41418000,,,0,0,858000,0,0,0,196.5,131,393,196.5,0,0,0
"2026/02/09","2026/02/12","1848","富士ピー・エス","東証およびＰＴＳ",,"確報",0,0,2900,0,200,2100,800,0,0,1998100,0,137800,1446900,551200,,,0,0,20300,0,0,16100,38.5,0,75.5,151,12.4,33,18
"2026/02/09","2026/02/12","184A","学びエイド","東証およびＰＴＳ",,"確報",0,0,2900,0,0,0,2900,0,0,1116500,0,0,0,1116500,,,0,0,0,29000,0,0,73.5,0,36.8,73.5,0,0,0
"2026/02/09","2026/02/12","1850","南海辰村建設","東証およびＰＴＳ",,"確報",400,1500,43200,0,0,0,43200,231200,867000,24969600,0,0,0,24969600,,,0,0,531600,0,0,0,2.4,2.4,2.4,2.4,0,0,0
"2026/02/09","2026/02/12","1852","浅沼組","東証およびＰＴＳ",,"確報",7700,0,51100,1800,0,18200,32900,9047500,0,60042500,2115000,0,21385000,38657500,,,0,0,1085000,0,0,410000,3.3,2.6,2.9,2.8,7.7,54.9,13.5
"2026/02/09","2026/02/12","1853","森組","東証およびＰＴＳ",,"確報",100,10000,1800,0,0,0,1800,34600,3460000,622800,0,0,0,622800,,,0,0,0,23400,0,0,3.9,5,3.2,3.9,0,0,0
"2026/02/09","2026/02/12","1860","戸田建設","東証およびＰＴＳ",,"確報",2000,2800,43800,200,1000,43800,0,3060000,4284000,67014000,306000,1530000,67014000,0,,,0,0,2653700,0,0,2653700,4.7,2.5,2.6,2.6,40.9,32.6,36.3
"2026/02/09","2026/02/12","1861","熊谷組","東証およびＰＴＳ",,"確報",19300,23500,83300,200,900,83300,0,37982400,46248000,163934400,393600,1771200,163934400,0,,,0,0,4637500,0,0,4452000,9.8,6.8,5.1,5.8,198.9,29.8,51.8
"2026/02/09","2026/02/12","1866","北野建設","東証およびＰＴＳ",,"確報",0,0,370400,0,600,11200,359200,0,0,604492800,0,979200,18278400,586214400,,,0,0,12964000,0,0,413000,833.8,9999.9,9261.5,9999.9,218.3,16.4,30.5
"2026/02/09","2026/02/12","1867","植木組","東証およびＰＴＳ",,"確報",3400,400,26200,700,0,700,25500,10557000,1242000,81351000,2173500,0,2173500,79177500,,,0,0,232000,0,0,0,33.7,31.2,55.2,39.8,1.6,4.7,2.3
"2026/02/09","2026/02/12","186A","アストロスケール","東証およびＰＴＳ",,"確報",67100,81500,885000,0,14400,885000,0,73810000,89650000,973500000,0,15840000,973500000,0,,,0,0,0,38674200,38674200,0,17.3,9.2,8.7,9,1050,153.6,268
"2026/02/09","2026/02/12","1870","矢作建設工業","東証およびＰＴＳ",,"確報",2300,800,17700,200,0,3500,14200,5543000,1928000,42657000,482000,0,8435000,34222000,,,0,0,162000,0,0,33000,13.3,19.9,13.2,15.9,6.9,8.3,7.5
"2026/02/09","2026/02/12","1871","ピーエス","東証およびＰＴＳ",,"確報",39200,17600,45500,4100,0,30800,14700,130928000,58784000,151970000,13694000,0,102872000,49098000,,,0,0,3346000,0,0,3738000,2.3,1.2,1.5,1.4,24.4,74.6,36.8
"2026/02/09","2026/02/12","1873","日本ハウスＨＤ","東証およびＰＴＳ",,"確報",200,0,5300,0,0,0,5300,64400,0,1706600,0,0,0,1706600,,,0,0,0,0,0,0,13.9,26.5,9.4,13.9,0,0,0
"2026/02/09","2026/02/12","1878","大東建託","東証およびＰＴＳ",,"確報",1000,500,34200,800,600,4900,29300,3445000,1722500,117819000,2756000,2067000,16880500,100938500,,,0,0,2022000,0,0,282000,10.9,12.4,20.7,15.5,2,4.9,2.9
"2026/02/09","2026/02/12","1879","新日本建設","東証およびＰＴＳ",,"確報",0,2600,4100,0,2600,4100,0,0,5480800,8642800,0,5480800,8642800,0,,,0,0,241200,0,0,241200,6.8,5.9,5.7,5.8,8.6,8.1,8.3
"2026/02/09","2026/02/12","1882","東亜道路工業","東証およびＰＴＳ",,"確報",1500,100,18800,0,4200,7800,11000,2784000,185600,34892800,0,7795200,14476800,20416000,,,0,0,348000,0,0,240000,14.5,33.3,14.1,19.8,10.8,8.7,9.6
"2026/02/09","2026/02/12","1885","東亜建設工業","東証およびＰＴＳ",,"確報",11700,5000,64100,100,11400,7000,57100,49140000,21000000,269220000,420000,47880000,29400000,239820000,,,0,0,26117000,0,0,8326500,11.7,13.6,12.8,13.2,12.3,6.4,8.4
"2026/02/09","2026/02/12","1887","日本国土開発","東証およびＰＴＳ",,"確報",4200,2400,102100,0,800,12700,89400,2881200,1646400,70040600,0,548800,8712200,61328400,,,0,0,802400,0,0,108000,15,7.6,64.1,13.6,98,19.6,32.7
"2026/02/09","2026/02/12","1888","若築建設","東証およびＰＴＳ",,"確報",2500,6400,5800,0,200,5800,0,12650000,32384000,29348000,0,1012000,29348000,0,,,0,0,776000,0,0,480000,10.4,8.6,5.8,6.9,31.3,70.5,43.4
"2026/02/09","2026/02/12","188A","ＧＸ印度トップ１０＋","東証およびＰＴＳ",,"確報",0,5140,8429,0,0,0,8429,0,5093740,8353139,0,0,0,8353139,,,0,0,54276,0,0,0,17.7,6723.8,8.9,17.7,0,0,0
"2026/02/09","2026/02/12","1893","五洋建設","東証およびＰＴＳ",,"確報",33700,9400,183300,11500,1700,15200,168100,65041000,18142000,353769000,22195000,3281000,29336000,324433000,,,0,0,14787000,0,0,502200,14,11.8,21.1,15.2,3.2,17.8,5.4
"2026/02/09","2026/02/12","1897","金下建設","東証およびＰＴＳ",,"確報",0,0,0,0,0,0,0,0,0,0,0,0,0,0,,,0,0,0,0,0,0,1,1,1,1,0,0,0
"2026/02/09","2026/02/12","1898","世紀東急工業","東証およびＰＴＳ",,"確報",100,300,26600,0,100,8700,17900,169700,509100,45140200,0,169700,14763900,30376300,,,0,0,107200,0,0,35200,51.5,69.9,29.7,41.7,144,432,216
"2026/02/09","2026/02/12","1899","福田組","東証およびＰＴＳ",,"確報",500,0,7400,0,0,1700,5700,4205000,0,62234000,0,0,14297000,47937000,,,0,0,414000,0,0,102000,25.7,31.8,20.6,25,17.4,87,29
"2026/02/09","2026/02/12","189A","Ｄ＆Ｍカンパニー","東証およびＰＴＳ",,"確報",0,0,2200,0,0,0,2200,0,0,2079000,0,0,0,2079000,,,0,0,11000,0,0,0,222,0,111,222,0,0,0
"2026/02/09","2026/02/12","1904","大成温調","東証およびＰＴＳ",,"確報",0,200,5200,100,0,1300,3900,0,982000,25532000,491000,0,6383000,19149000,,,0,0,189000,0,0,42000,2.2,2,2.1,2.1,5,15,7.5
"2026/02/09","2026/02/12","1905","テノックス","東証およびＰＴＳ",,"確報",100,0,300,0,0,0,300,146900,0,440700,0,0,0,440700,,,0,0,0,8200,0,0,8,4,0,8,0,0,0
"2026/02/09","2026/02/12","1909","日本ドライケミカル","東証およびＰＴＳ",,"確報",100,100,8400,1100,0,3100,5300,1148000,1148000,96432000,12628000,0,35588000,60844000,,,0,0,6972000,0,0,1660000,10.3,5.3,93.3,10,8.9,13.9,10.9
"2026/02/09","2026/02/12","190A","Ｃｈｏｒｄｉａ","東証およびＰＴＳ",,"確報",800,9200,150200,0,0,0,150200,92800,1067200,17423200,0,0,0,17423200,,,0,0,0,0,0,0,30.7,88.5,18.6,30.7,0,0,0
"2026/02/09","2026/02/12","1911","住友林業","東証およびＰＴＳ",,"確報",600,7300,76200,0,3900,3500,72700,1048500,12756750,133159500,0,6815250,6116250,127043250,,,0,0,0,2984400,266400,0,9.2,64.8,20.1,30.7,1.7,1.8,1.7
"2026/02/09","2026/02/12","1914","日本基礎技術","東証およびＰＴＳ",,"確報",400,2500,11100,100,0,2800,8300,277200,1732500,7692300,69300,0,1940400,5751900,,,0,0,171600,0,0,35100,29.5,107.7,20.2,34,165,10.3,19.4
"2026/02/09","2026/02/12","1921","巴コーポレーション","東証およびＰＴＳ",,"確報",0,0,202700,2800,1400,73800,128900,0,0,425264600,5874400,2937200,154832400,270432200,,,0,0,7702600,0,0,2751200,119.1,337,9999.9,652.2,53,28.3,36.9
"2026/02/09","2026/02/12","1925","大和ハウス工業","東証およびＰＴＳ",,"確報",8900,2300,17100,6700,0,17100,0,49608600,12820200,95315400,37345800,0,95315400,0,,,0,0,483000,0,0,478400,7.5,5.4,11.8,7.4,3.9,473,7.7
"2026/02/09","2026/02/12","1926","ライト工業","東証およびＰＴＳ",,"確報",2400,4500,24200,200,3700,24200,0,9480000,17775000,95590000,790000,14615000,95590000,0,,,0,0,789000,0,0,831000,5.9,4,7.2,5.2,5,10.6,6.8
"2026/02/09","2026/02/12","1928","積水ハウス","東証およびＰＴＳ",,"確報",1000,28800,38700,200,0,2200,36500,3640000,104832000,140868000,728000,0,8008000,132860000,,,0,0,1130500,0,0,34000,5.3,22.2,3.5,6.1,1.7,1.5,1.6
"2026/02/09","2026/02/12","1929","日特建設","東証およびＰＴＳ",,"確報",4300,100,20400,0,1400,10100,10300,5891000,137000,27948000,0,1918000,13837000,14111000,,,0,0,48600,0,0,34500,13.3,10.2,31,15.4,8.3,16.5,11
"2026/02/09","2026/02/12","192A","インテグループ","東証およびＰＴＳ",,"確報",100,0,2600,0,0,0,2600,199600,0,5189600,0,0,0,5189600,,,0,0,35000,0,0,0,126,126,126,126,0,0,0
"2026/02/09","2026/02/12","1930","北陸電気工事","東証およびＰＴＳ",,"確報",0,9900,7400,100,12200,5200,2200,0,16335000,12210000,165000,20130000,8580000,3630000,,,0,0,519000,0,0,519000,2.2,2.3,1.9,2.1,2.5,2,2.2
"2026/02/09","2026/02/12","1934","ユアテック","東証およびＰＴＳ",,"確報",100,700,3400,0,0,2300,1100,289500,2026500,9843000,0,0,6658500,3184500,,,0,0,204000,0,0,117300,7.6,19.8,5.5,8.6,55.7,3.5,6.5
"2026/02/09","2026/02/12","1938","日本リーテック","東証およびＰＴＳ",,"確報",0,500,4000,0,0,0,4000,0,1282000,10256000,0,0,0,10256000,,,0,0,171000,0,0,0,13.9,12.9,14.9,13.9,0,0,0
"2026/02/09","2026/02/12","1939","四電工","東証およびＰＴＳ",,"確報",3300,3500,17600,1100,1300,17600,0,6695700,7101500,35710400,2231900,2637700,35710400,0,,,0,0,1263800,0,0,1263800,7.1,7.1,7.7,7.4,7.9,6.1,6.9
"2026/02/09","2026/02/12","1941","中電工","東証およびＰＴＳ",,"確報",600,400,2400,200,0,2400,0,2883000,1922000,11532000,961000,0,11532000,0,,,0,0,319000,0,0,319000,3.9,4.7,2.9,3.6,6.2,3.3,4.3
"2026/02/09","2026/02/12","1942","関電工","東証およびＰＴＳ",,"確報",100,47600,13400,105800,300,120900,-107500,597200,284267200,80024800,631837600,1791600,722014800,-641990000,,,0,0,13337100,0,0,3372600,3.5,19.3,3.8,6.3,1.3,4.6,2.1
"2026/02/09","2026/02/12","1944","きんでん","東証およびＰＴＳ",,"確報",0,4000,27700,1800,100,5500,22200,0,31540000,218414500,14193000,788500,43367500,175047000,,,0,0,18639600,0,0,2234400,13.3,54.6,12.2,20,1.8,2.8,2.2
"2026/02/09","2026/02/12","1945","東京エネシス","東証およびＰＴＳ",,"確報",6800,1800,22500,0,2400,4600,17900,12688800,3358800,41985000,0,4478400,8583600,33401400,,,0,0,0,245000,98000,0,9.8,8.3,14.7,10.6,29.1,4.8,8.3
"2026/02/09","2026/02/12","1946","トーエネック","東証およびＰＴＳ",,"確報",0,1300,19700,0,600,100,19600,0,2823600,42788400,0,1303200,217200,42571200,,,0,0,798000,0,0,26600,6.4,56.7,3.5,6.6,3.4,2.4,2.8
"2026/02/09","2026/02/12","1948","弘電社","東証およびＰＴＳ",,"確報",0,500,3500,0,0,0,3500,0,3285000,22995000,0,0,0,22995000,,,0,0,0,440000,0,0,13,69.3,7.2,13,0,0,0
"2026/02/09","2026/02/12","1949","住友電設","東証およびＰＴＳ",,"確報",0,100,200,100,0,300,-100,0,971000,1942000,971000,0,2913000,-971000,,,0,0,0,3000,2000,0,3.6,9.7,1.6,2.8,11,0,22
"2026/02/09","2026/02/12","194A","ＷＯＬＶＥＳ","東証およびＰＴＳ",,"確報",200,0,8200,0,0,0,8200,414800,0,17006800,0,0,0,17006800,,,0,0,112000,0,0,0,14.4,23.4,10.3,14.4,0,0,0
"2026/02/09","2026/02/12","1950","日本電設工業","東証およびＰＴＳ",,"確報",100,0,6000,300,1700,1700,4300,432500,0,25950000,1297500,7352500,7352500,18597500,,,0,0,29500,0,0,15500,7.8,11.3,11.3,11.3,3.2,5.3,4
"2026/02/09","2026/02/12","1951","エクシオグループ","東証およびＰＴＳ",,"確報",700,9300,32600,165000,500,232000,-199400,1949500,25900500,90791000,459525000,1392500,646120000,-555329000,,,0,0,3481400,0,0,5703750,3.2,3.2,10.4,4.8,1.4,152,2.9
"2026/02/09","2026/02/12","1952","新日本空調","東証およびＰＴＳ",,"確報",0,1300,19000,700,0,8100,10900,0,4901000,71630000,2639000,0,30537000,41093000,,,0,0,2131500,0,0,777000,25.5,24.3,25.6,24.9,22.2,34.4,27
"2026/02/09","2026/02/12","1959","クラフティア","東証およびＰＴＳ",,"確報",600,0,4000,0,200,1000,3000,5496600,0,36644000,0,1832200,9161000,27483000,,,0,0,972400,0,0,343200,4.8,14.8,17.7,16.1,1.3,1.7,1.5
"2026/02/09","2026/02/12","195A","ＭＵＳＣＡＴ　Ｇ","東証およびＰＴＳ",,"確報",0,0,500,0,0,0,500,0,0,444500,0,0,0,444500,,,0,0,0,4000,0,0,0,0,0,0,0,0,0
"2026/02/09","2026/02/12","1960","サンテック","東証およびＰＴＳ",,"確報",0,700,4100,0,0,0,4100,0,1099000,6437000,0,0,0,6437000,,,0,0,187200,0,0,0,28.8,38.3,23,28.8,0,0,0
"2026/02/09","2026/02/12","1961","三機工業","東証およびＰＴＳ",,"確報",1100,8300,8300,0,8600,6900,1400,8327000,62831000,62831000,0,65102000,52233000,10598000,,,0,0,2170000,0,0,2170000,3.9,3.4,4.6,3.9,3.5,4.2,3.8
"2026/02/09","2026/02/12","1963","日揮ホールディングス","東証およびＰＴＳ",,"確報",14200,2000,54500,12800,0,13900,40600,33299000,4690000,127802500,30016000,0,32595500,95207000,,,0,0,4526100,0,0,117700,7.8,10.3,11.2,10.7,1.3,5,2.1
"2026/02/09","2026/02/12","1964","中外炉工業","東証およびＰＴＳ",,"確報",0,400,4900,200,0,1800,3100,0,1916000,23471000,958000,0,8622000,14849000,,,0,0,344500,0,0,104000,26.2,89.7,26.9,41.4,7.7,28.3,12.1
"2026/02/09","2026/02/12","1965","テクノ菱和","東証およびＰＴＳ",,"確報",400,1200,8000,400,100,7900,100,3572000,10716000,71440000,3572000,893000,70547000,893000,,,0,0,2904000,0,0,2508000,7.9,6.6,3.7,4.8,44.7,16.8,24.4
"2026/02/09","2026/02/12","1966","高田工業所","東証およびＰＴＳ",,"確報",0,100,600,0,0,100,500,0,185000,1110000,0,0,185000,925000,,,0,0,37100,0,0,5300,8.4,34,4.9,8.5,4,0,8
"2026/02/09","2026/02/12","1967","ヤマト","東証およびＰＴＳ",,"確報",0,500,7800,100,0,2700,5100,0,1139500,17776200,227900,0,6153300,11622900,,,0,0,340300,0,0,106600,3.6,6,2.8,3.8,110,1.6,3.2
"2026/02/09","2026/02/12","1968","太平電業","東証およびＰＴＳ",,"確報",300,1300,7800,100,100,6300,1500,774900,3357900,20147400,258300,258300,16272900,3874500,,,0,0,1364000,0,0,976500,12.8,25.3,27,26.1,7.2,7.2,7.2
"2026/02/09","2026/02/12","1969","高砂熱学工業","東証およびＰＴＳ",,"確報",6000,5000,16900,4200,0,16900,0,31650000,26375000,89147500,22155000,0,89147500,0,,,0,0,4865400,0,0,3886200,5.7,5.9,5.5,5.7,3.3,22.3,5.7
"2026/02/09","2026/02/12","196A","ＭＦＳ","東証およびＰＴＳ",,"確報",0,1600,37500,0,0,0,37500,0,449600,10537500,0,0,0,10537500,,,0,0,78200,0,0,0,134.2,216.2,97.3,134.2,0,0,0
"2026/02/09","2026/02/12","1972","三晃金属工業","東証およびＰＴＳ",,"確報",0,0,7100,100,0,100,7000,0,0,10479600,147600,0,147600,10332000,,,0,0,21300,0,0,0,29.4,189.5,19.9,36.1,1,1.5,1.2
"2026/02/09","2026/02/12","1975","朝日工業社","東証およびＰＴＳ",,"確報",0,200,11800,900,100,7600,4200,0,816000,48144000,3672000,408000,31008000,17136000,,,0,0,1740000,0,0,986000,13.4,20.5,8.6,12.1,10.3,37.9,16.2
"2026/02/09","2026/02/12","1976","明星工業","東証およびＰＴＳ",,"確報",800,200,11200,400,1900,43000,-31800,1452000,363000,20328000,726000,3448500,78045000,-57717000,,,0,0,487600,0,0,2047000,30.3,13.8,13.2,13.5,37.2,53.9,44
"2026/02/09","2026/02/12","1979","大氣社","東証およびＰＴＳ",,"確報",1100,1000,6600,200,100,6600,0,4218500,3835000,25311000,767000,383500,25311000,0,,,0,0,1105000,0,0,1105000,19,11.9,12.3,12.1,41.6,47.6,44.4
"2026/02/09","2026/02/12","197A","タウンズ","東証およびＰＴＳ",,"確報",13800,9000,110200,4800,0,110200,0,7728000,5040000,61712000,2688000,0,61712000,0,,,0,0,1054000,0,0,1054000,26.8,15.9,15.8,15.9,89.1,87.6,88.3
"2026/02/09","2026/02/12","1980","ダイダン","東証およびＰＴＳ",,"確報",5700,30100,111300,1000,7300,9300,102000,17499000,92407000,341691000,3070000,22411000,28551000,313140000,,,0,0,8142000,0,0,936000,4,4.3,3.6,3.9,3.7,6,4.6
"2026/02/09","2026/02/12","1981","協和日成","東証およびＰＴＳ",,"確報",1300,100,1800,0,0,0,1800,2034500,156500,2817000,0,0,0,2817000,,,0,0,18000,0,0,0,6,3.2,42,6,0,0,0
"2026/02/09","2026/02/12","1982","日比谷総合設備","東証およびＰＴＳ",,"確報",200,400,4300,100,100,21300,-17000,1064000,2128000,22876000,532000,532000,113316000,-90440000,,,0,0,630000,0,0,2982000,37.1,20.1,11.1,14.3,53.9,56.7,55.3
"2026/02/09","2026/02/12","198A","ＰｏｓｔＰｒｉｍｅ","東証およびＰＴＳ",,"確報",0,3500,64300,0,0,0,64300,0,791000,14531800,0,0,0,14531800,,,0,0,339000,0,0,0,23.4,153.3,12.7,23.4,0,0,0
"2026/02/09","2026/02/12","1992","神田通信機","東証およびＰＴＳ",,"確報",0,0,0,0,0,0,0,0,0,0,0,0,0,0,,,0,0,0,0,0,0,0,0,0,0,0,0,0
"2026/02/09","2026/02/12","1994","高橋カーテンウォール","東証およびＰＴＳ",,"確報",0,0,0,0,0,0,0,0,0,0,0,0,0,0,,,0,0,0,0,0,0,0,0,0,0,0,0,0
"2026/02/09","2026/02/12","1997","暁飯島工業","東証およびＰＴＳ",,"確報",0,0,1500,0,0,0,1500,0,0,6217500,0,0,0,6217500,,,0,0,0,15000,0,0,0,0,0,0,0,0,0
"2026/02/09","2026/02/12","2001","ニップン","東証およびＰＴＳ",,"確報",3900,3700,11300,300,100,11300,0,10869300,10311900,31493100,836100,278700,31493100,0,,,0,0,399600,0,0,399600,8.4,5.6,6.1,5.8,13.5,16.3,14.8
"2026/02/09","2026/02/12","2002","日清製粉グループ本社","東証およびＰＴＳ",,"確報",500,4000,8800,0,3500,8800,0,1063500,8508000,18717600,0,7444500,18717600,0,,,0,0,172200,0,0,172200,4,10.2,2.7,4.3,11.5,2.2,3.7
"2026/02/09","2026/02/12","2003","日東富士製粉","東証およびＰＴＳ",,"確報",300,100,3900,0,300,5400,-1500,2163000,721000,28119000,0,2163000,38934000,-10815000,,,0,0,185000,0,0,285000,20.7,13.7,32,19.2,16.3,32.7,21.8
"2026/02/09","2026/02/12","2004","昭和産業","東証およびＰＴＳ",,"確報",800,100,3400,1900,100,3400,0,2664000,333000,11322000,6327000,333000,11322000,0,,,0,0,148500,0,0,88000,6,18.1,36.3,24.2,2.3,4.4,3
"2026/02/09","2026/02/12","2009","鳥越製粉","東証およびＰＴＳ",,"確報",0,0,6600,0,0,0,6600,0,0,7035600,0,0,0,7035600,,,0,0,0,26400,0,0,70.2,0,35.1,70.2,0,0,0
"2026/02/09","2026/02/12","200A","日経半導体株ＥＴＦ","東証およびＰＴＳ",,"確報",4671,2880,32740,2219,0,19580,13160,14480100,8928000,101494000,6878900,0,60698000,40796000,,,0,0,3621033,0,0,2031237,9.7,6.3,24.1,10,5.1,36.7,9
"2026/02/09","2026/02/12","2011","ＳＭＤＡＭ日本高配当","東証およびＰＴＳ",,"確報",0,0,250,0,0,0,250,0,0,202700,0,0,0,202700,,,0,0,2975,0,0,0,4,4,4,4,0,0,0
"2026/02/09","2026/02/12","2012","ｉＳ米国債０３月","東証およびＰＴＳ",,"確報",0,3850,500,320,0,330,170,0,898590,116700,74688,0,77022,39678,,,0,0,0,1740,4,0,2.2,2.1,2.3,2.2,1,11.3,1.9
"2026/02/09","2026/02/12","2013","ｉＳ米国高配当株","東証およびＰＴＳ",,"確報",1090,10,15730,0,0,0,15730,313920,2880,4530240,0,0,0,4530240,,,0,0,29300,0,0,0,19.4,26.4,25.1,25.7,1,1,1
"2026/02/09","2026/02/12","2014","ｉＳ米国連続増配株","東証およびＰＴＳ",,"確報",0,0,100,0,0,0,100,0,0,29560,0,0,0,29560,,,0,0,360,0,0,0,1.3,1.6,1.6,1.6,1,1,1
"2026/02/09","2026/02/12","2015","ｉＦ米国債７１０Ｈ無","東証およびＰＴＳ",,"確報",0,3,0,0,0,0,0,0,6504,0,0,0,0,0,,,0,0,0,42,0,0,8,0,4,8,0,0,0
"2026/02/09","2026/02/12","2016","ｉＦ米国債７１０Ｈ有","東証およびＰＴＳ",,"確報",0,0,0,0,0,0,0,0,0,0,0,0,0,0,,,0,0,0,0,0,0,0,0,0,0,0,0,0
"2026/02/09","2026/02/12","2017","ｉＦＪＰＸプラ１５０","東証およびＰＴＳ",,"確報",0,2545,0,43,0,45,-45,0,3573180,0,60372,0,63180,-63180,,,0,0,117070,0,0,92,2.5,3.2,2,2.5,1.2,0,2.5
"2026/02/09","2026/02/12","2018","ＧＸＵＳリート２０","東証およびＰＴＳ",,"確報",0,0,0,0,0,0,0,0,0,0,0,0,0,0,,,0,0,0,0,0,0,0,0,0,0,0,0,0
"2026/02/09","2026/02/12","2019","ＧＸ優先証券隔月","東証およびＰＴＳ",,"確報",0,0,100,0,0,0,100,0,0,104500,0,0,0,104500,,,0,0,100,0,0,0,8.8,0,4.4,8.8,0,0,0
"2026/02/09","2026/02/12","201A","ｉＳＮＩＦＴＹ５０","東証およびＰＴＳ",,"確報",750,0,58590,0,0,0,58590,150300,0,11741436,0,0,0,11741436,,,0,0,92544,0,0,0,14.1,92.8,8.1,14.8,0,0,0
"2026/02/09","2026/02/12","202A","豆蔵","東証およびＰＴＳ",,"確報",700,3700,15200,0,0,0,15200,2481500,13116500,53884000,0,0,0,53884000,,,0,0,0,0,0,0,14.5,29.1,9.7,14.5,0,0,0
"2026/02/09","2026/02/12","2031","ハンセンダブルＥＴＮ","東証およびＰＴＳ",,"確報",5,0,7,0,0,0,7,45590,0,63826,0,0,0,63826,,,0,0,350,0,0,0,6,3,0,6,0,0,0
"2026/02/09","2026/02/12","2032","ハンセン・ベアＥＴＮ","東証およびＰＴＳ",,"確報",0,0,27,0,0,0,27,0,0,155682,0,0,0,155682,,,0,0,0,2781,0,0,42.6,0,21.3,42.6,0,0,0
"2026/02/09","2026/02/12","2033","ＫＯＳＰＩブルＥＴＮ","東証およびＰＴＳ",,"確報",47,0,307,0,0,0,307,2350470,0,15353070,0,0,0,15353070,,,0,0,803400,0,0,0,15.1,9.7,33.9,15.1,0,0,0
"2026/02/09","2026/02/12","2034","ＫＯＳＰＩベアＥＴＮ","東証およびＰＴＳ",,"確報",0,100,652,0,0,0,652,0,322200,2100744,0,0,0,2100744,,,0,0,0,69936,0,0,34.5,34.5,34.5,34.5,0,0,0
"2026/02/09","2026/02/12","2036","金先物ダブルブル","東証およびＰＴＳ",,"確報",10,79,6995,0,0,0,6995,2313000,18272700,1617943500,0,0,0,1617943500,,,0,0,76997600,0,0,0,44.2,37.1,54.6,44.2,0,0,0
"2026/02/09","2026/02/12","2037","金先物ベア","東証およびＰＴＳ",,"確報",1160,0,4571,0,0,0,4571,1323560,0,5215511,0,0,0,5215511,,,0,0,0,153495,0,0,3.8,29.7,2,3.8,0,0,0
"2026/02/09","2026/02/12","2038","ドバイ原油先物ブル","東証およびＰＴＳ",,"確報",3257,1200,20509,0,0,0,20509,5230742,1927200,32937454,0,0,0,32937454,,,0,0,0,848792,0,0,8,22.1,4.9,8,0,0,0
"2026/02/09","2026/02/12","2039","ドバイ原油先物ベア","東証およびＰＴＳ",,"確報",295,0,10308,0,0,0,10308,248095,0,8669028,0,0,0,8669028,,,0,0,30039,0,0,0,29.3,18.7,67.1,29.3,0,0,0
"2026/02/09","2026/02/12","2040","ＮＹダウブルＥＴＮ","東証およびＰＴＳ",,"確報",0,88,103,0,0,0,103,0,3255120,3809970,0,0,0,3809970,,,0,0,309420,0,0,0,14,0,7,14,0,0,0
"2026/02/09","2026/02/12","2041","ＮＹダウベアＥＴＮ","東証およびＰＴＳ",,"確報",0,148,2043,0,0,0,2043,0,302660,4177935,0,0,0,4177935,,,0,0,0,107359,0,0,26.3,181.2,14.2,26.3,0,0,0
"2026/02/09","2026/02/12","2042","グロース２５０ＥＴＮ","東証およびＰＴＳ",,"確報",372,0,698,0,0,0,698,2792604,0,5239886,0,0,0,5239886,,,0,0,24776,0,0,0,7.8,6.1,10.7,7.8,0,0,0
"2026/02/09","2026/02/12","2043","アセアン５０ＥＴＮ","東証およびＰＴＳ",,"確報",0,0,0,0,0,0,0,0,0,0,0,0,0,0,,,0,0,0,0,0,0,0,0,0,0,0,0,0
"2026/02/09","2026/02/12","2044","米国配当貴族ＥＴＮ","東証およびＰＴＳ",,"確報",0,0,0,0,0,0,0,0,0,0,0,0,0,0,,,0,0,0,0,0,0,4,0,2,4,0,0,0
"2026/02/09","2026/02/12","2045","シンガポールリート","東証およびＰＴＳ",,"確報",0,0,0,0,0,0,0,0,0,0,0,0,0,0,,,0,0,0,0,0,0,0,0,0,0,0,0,0
"2026/02/09","2026/02/12","2046","インドブルＥＴＮ","東証およびＰＴＳ",,"確報",0,152,1609,0,0,0,1609,0,4743920,50216890,0,0,0,50216890,,,0,0,898110,0,0,0,42.4,1491.8,21.5,42.4,0,0,0
"2026/02/09","2026/02/12","2047","インドベアＥＴＮ","東証およびＰＴＳ",,"確報",0,0,0,0,0,0,0,0,0,0,0,0,0,0,,,0,0,0,0,0,0,0,0,0,0,0,0,0
"2026/02/09","2026/02/12","2048","高配株ヘッジＥＴＮ","東証およびＰＴＳ",,"確報",0,0,0,0,0,0,0,0,0,0,0,0,0,0,,,0,0,0,0,0,0,4.5,0,2.2,4.5,0,0,0
"2026/02/09","2026/02/12","2050","ニッチトップ中小型","東証およびＰＴＳ",,"確報",0,0,0,0,0,0,0,0,0,0,0,0,0,0,,,0,0,0,0,0,0,0,0,0,0,0,0,0
"2026/02/09","2026/02/12","2053","中部飼料","東証およびＰＴＳ",,"確報",0,300,5000,100,400,5000,0,0,579600,9660000,193200,772800,9660000,0,,,0,0,212000,0,0,212000,2.5,2.6,2.7,2.7,2.4,2.4,2.4
"2026/02/09","2026/02/12","2055","日和産業","東証およびＰＴＳ",,"確報",200,200,2100,0,0,2100,0,72400,72400,760200,0,0,760200,0,,,0,0,0,10500,10500,0,21.6,12,10.8,11.4,0,108,216
"2026/02/09","2026/02/12","205A","ロゴスＨＤ","東証およびＰＴＳ",,"確報",0,0,1700,0,0,0,1700,0,0,2907000,0,0,0,2907000,,,0,0,13600,0,0,0,89,0,44.5,89,0,0,0
"2026/02/09","2026/02/12","2060","フィード・ワン","東証およびＰＴＳ",,"確報",0,1100,12500,0,900,1100,11400,0,1347500,15312500,0,1102500,1347500,13965000,,,0,0,353600,0,0,52000,2,4,3.7,3.9,1.1,1.1,1.1
"2026/02/09","2026/02/12","2065","日本株配当貴族ＥＴＮ","東証およびＰＴＳ",,"確報",0,0,0,0,0,0,0,0,0,0,0,0,0,0,,,0,0,0,0,0,0,2,0,1,2,0,0,0
"2026/02/09","2026/02/12","2066","東証リートＥＴＮ","東証およびＰＴＳ",,"確報",0,0,0,0,0,0,0,0,0,0,0,0,0,0,,,0,0,0,0,0,0,0,0,0,0,0,0,0
"2026/02/09","2026/02/12","2067","野村ＡＩ７０ＥＴＮ","東証およびＰＴＳ",,"確報",0,0,0,0,0,0,0,0,0,0,0,0,0,0,,,0,0,0,0,0,0,0,0,0,0,0,0,0
"2026/02/09","2026/02/12","2068","高ベータ３０ＥＴＮ","東証およびＰＴＳ",,"確報",0,0,0,0,0,0,0,0,0,0,0,0,0,0,,,0,0,0,0,0,0,0,0,0,0,0,0,0
"2026/02/09","2026/02/12","2069","低ベータ５０ＥＴＮ","東証およびＰＴＳ",,"確報",0,0,0,0,0,0,0,0,0,0,0,0,0,0,,,0,0,0,0,0,0,0,0,0,0,0,0,0
"2026/02/09","2026/02/12","206A","ＰＲＩＳＭＢｉｏ","東証およびＰＴＳ",,"確報",0,4300,73500,0,0,0,73500,0,799800,13671000,0,0,0,13671000,,,0,0,0,0,0,0,34.4,51.8,25.7,34.4,0,0,0
"2026/02/09","2026/02/12","2070","ＥＳＧ女性活躍ＥＴＮ","東証およびＰＴＳ",,"確報",0,0,0,0,0,0,0,0,0,0,0,0,0,0,,,0,0,0,0,0,0,0,0,0,0,0,0,0
"2026/02/09","2026/02/12","2071","ＥＳＧ総合ＥＴＮ","東証およびＰＴＳ",,"確報",0,0,0,0,0,0,0,0,0,0,0,0,0,0,,,0,0,0,0,0,0,0,0,0,0,0,0,0
"2026/02/09","2026/02/12","2072","トップシェアＥＴＮ","東証およびＰＴＳ",,"確報",0,0,0,0,0,0,0,0,0,0,0,0,0,0,,,0,0,0,0,0,0,0,0,0,0,0,0,0
"2026/02/09","2026/02/12","2073","ＥＳＧ低カーボン","東証およびＰＴＳ",,"確報",0,0,0,0,0,0,0,0,0,0,0,0,0,0,,,0,0,0,0,0,0,0,0,0,0,0,0,0
"2026/02/09","2026/02/12","2080","ＰＢＲ１倍割れ解消","東証およびＰＴＳ",,"確報",1110,890,15069,596,1000,13800,1269,2051280,1644720,27847512,1101408,1848000,25502400,2345112,,,0,0,415772,0,0,397712,23.4,23.2,26.8,24.9,18.3,27.8,22.1
"2026/02/09","2026/02/12","2081","政策保有解消","東証およびＰＴＳ",,"確報",550,0,820,0,0,0,820,1093950,0,1630980,0,0,0,1630980,,,0,0,14310,0,0,0,6.6,3.3,0,6.6,0,0,0
"2026/02/09","2026/02/12","2082","投資家経営者一心同体","東証およびＰＴＳ",,"確報",0,1,0,0,0,0,0,0,1194,0,0,0,0,0,,,0,0,21,0,0,0,1.5,2,2,2,1,1,1
"2026/02/09","2026/02/12","2083","日本成長株アクティブ","東証およびＰＴＳ",,"確報",0,70,800,0,7,30,770,0,215320,2460800,0,21532,92280,2368520,,,0,0,26100,0,0,1110,103.2,0,61.1,122.3,0,12.2,24.5
"2026/02/09","2026/02/12","2084","日本高配当アクティブ","東証およびＰＴＳ",,"確報",80,580,3412,0,0,155,3257,279040,2023040,11901056,0,0,540640,11360416,,,0,0,324696,0,0,12865,3.3,2.3,5.9,3.3,2,0,4
"2026/02/09","2026/02/12","2085","ＭＸ高配日株ア","東証およびＰＴＳ",,"確報",10,0,600,0,120,0,600,7450,0,447000,0,89400,0,447000,,,0,0,0,295,60,0,2.5,6.3,1.5,2.5,2.6,2.6,2.6
"2026/02/09","2026/02/12","2086","ＮＺＡＭ　ＳＰ５Ｈ","東証およびＰＴＳ",,"確報",0,0,10,0,0,0,10,0,0,28200,0,0,0,28200,,,0,0,730,0,0,0,0,0,0,0,0,0,0
"2026/02/09","2026/02/12","2087","ＮＺＡＭ　ＮＱ１Ｈ","東証およびＰＴＳ",,"確報",0,0,0,0,0,0,0,0,0,0,0,0,0,0,,,0,0,0,0,0,0,0,0,0,0,0,0,0
"2026/02/09","2026/02/12","2088","ＮＺＡＭ　ＤｏｗＨ","東証およびＰＴＳ",,"確報",0,0,0,0,0,0,0,0,0,0,0,0,0,0,,,0,0,0,0,0,0,0,0,0,0,0,0,0
"2026/02/09","2026/02/12","2089","ＮＺＡＭ　ＤＡＸＨ","東証およびＰＴＳ",,"確報",0,0,0,0,0,0,0,0,0,0,0,0,0,0,,,0,0,0,0,0,0,0,0,0,0,0,0,0
"2026/02/09","2026/02/12","208A","構造計画ＨＤ","東証およびＰＴＳ",,"確報",100,0,1100,0,0,0,1100,315000,0,3465000,0,0,0,3465000,,,0,0,75000,0,0,0,17,10.2,51,17,0,0,0
"2026/02/09","2026/02/12","2090","ＮＺＡＭ　米７１０Ｈ","東証およびＰＴＳ",,"確報",0,0,0,0,0,0,0,0,0,0,0,0,0,0,,,0,0,0,0,0,0,0,0,0,0,0,0,0
"2026/02/09","2026/02/12","2091","ＮＺＡＭ　独７１０Ｈ","東証およびＰＴＳ",,"確報",0,0,0,0,0,0,0,0,0,0,0,0,0,0,,,0,0,0,0,0,0,0,0,0,0,0,0,0
"2026/02/09","2026/02/12","2092","ＮＺＡＭ　仏７１０Ｈ","東証およびＰＴＳ",,"確報",0,0,0,0,0,0,0,0,0,0,0,0,0,0,,,0,0,0,0,0,0,0,0,0,0,0,0,0
"2026/02/09","2026/02/12","2093","上場Ｔｒ米債０２ラダ","東証およびＰＴＳ",,"確報",0,0,20,0,0,0,20,0,0,103740,0,0,0,103740,,,0,0,0,1080,0,0,0,0,0,0,0,0,0
"2026/02/09","2026/02/12","2094","ＲＥＩＴインバース","東証およびＰＴＳ",,"確報",0,0,430,0,0,0,430,0,0,313900,0,0,0,313900,,,0,0,0,2580,0,0,0,0,0,0,0,0,0
"2026/02/09","2026/02/12","2095","ＧＸＵＳ配当貴族ヘ","東証およびＰＴＳ",,"確報",0,0,0,0,0,0,0,0,0,0,0,0,0,0,,,0,0,0,0,0,0,0,0,0,0,0,0,0
"2026/02/09","2026/02/12","2096","ＧＸオフィスＪリート","東証およびＰＴＳ",,"確報",0,0,0,0,0,0,0,0,0,0,0,0,0,0,,,0,0,0,0,0,0,0,0,0,0,0,0,0
"2026/02/09","2026/02/12","2097","ＧＸ住宅Ｊリート","東証およびＰＴＳ",,"確報",0,0,241,0,0,0,241,0,0,266305,0,0,0,266305,,,0,0,0,1928,0,0,19,19.2,18.9,19,0,0,0
"2026/02/09","2026/02/12","2098","ＧＸホテリテＪリート","東証およびＰＴＳ",,"確報",0,371,165,0,0,0,165,0,427763,190245,0,0,0,190245,,,0,0,5360,0,0,0,8.8,161.3,4.5,8.8,0,0,0
"2026/02/09","2026/02/12","2108","日本甜菜製糖","東証およびＰＴＳ",,"確報",316100,0,367800,500,2300,39100,328700,1333942000,0,1552116000,2110000,9706000,165002000,1387114000,,,0,0,2843500,0,0,2249500,2,1.4,1.5,1.5,205.7,46.8,76.2
"2026/02/09","2026/02/12","2109","ＤＭ三井製糖","東証およびＰＴＳ",,"確報",0,0,700,0,0,600,100,0,0,2418500,0,0,2073000,345500,,,0,0,28000,0,0,24000,8,43,5.4,9.6,8.3,5.5,6.6
"2026/02/09","2026/02/12","210A","ｉＦ日経高リート","東証およびＰＴＳ",,"確報",0,2,50,0,0,0,50,0,3564,89100,0,0,0,89100,,,0,0,0,364,0,0,2.9,3,2.8,2.9,0,0,0
"2026/02/09","2026/02/12","2112","塩水港精糖","東証およびＰＴＳ",,"確報",400,2300,34200,400,0,4700,29500,222400,1278800,19015200,222400,0,2613200,16402000,,,0,0,433200,0,0,51600,12.1,49.5,6.6,11.7,14.6,41,21.6
"2026/02/09","2026/02/12","2114","フジ日本","東証およびＰＴＳ",,"確報",0,200,2800,100,0,700,2100,0,131600,1842400,65800,0,460600,1381800,,,0,0,9000,0,0,1800,20.4,148,37,59.2,15.3,4.2,6.6
"2026/02/09","2026/02/12","2117","ウェルネオシュガー","東証およびＰＴＳ",,"確報",800,1000,3800,0,200,3800,0,2353600,2942000,11179600,0,588400,11179600,0,,,0,0,64000,0,0,64000,12.6,7.6,10.1,8.7,16.5,36.4,22.8
"2026/02/09","2026/02/12","211A","カドス","東証およびＰＴＳ",,"確報",0,600,200,0,0,0,200,0,2766000,922000,0,0,0,922000,,,0,0,0,56000,0,0,4.5,5,4.2,4.5,0,0,0
"2026/02/09","2026/02/12","2120","ＬＩＦＵＬＬ","東証およびＰＴＳ",,"確報",0,9500,73100,0,600,35100,38000,0,1662500,12792500,0,105000,6142500,6650000,,,0,0,330400,0,0,142800,16.1,35.1,12.2,18.1,12.2,13.1,12.6
"2026/02/09","2026/02/12","2121","ＭＩＸＩ","東証およびＰＴＳ",,"確報",2000,900,11900,0,0,0,11900,5282000,2376900,31427900,0,0,0,31427900,,,0,0,259200,0,0,0,16.2,12.2,28.5,17.1,0,1,2
"2026/02/09","2026/02/12","2122","インタースペース","東証およびＰＴＳ",,"確報",0,0,1400,0,0,0,1400,0,0,1734600,0,0,0,1734600,,,0,0,5600,0,0,0,71,71,71,71,0,0,0
"2026/02/09","2026/02/12","2124","ジェイエイシリクルト","東証およびＰＴＳ",,"確報",100,0,11900,1500,0,5200,6700,101400,0,12066600,1521000,0,5272800,6793800,,,0,0,200600,0,0,62900,26.9,74,148,98.7,5.2,18.8,8.2
"2026/02/09","2026/02/12","2127","日本Ｍ＆Ａ","東証およびＰＴＳ",,"確報",8500,100,182900,0,9000,88200,94700,6172700,72620,132821980,0,6535800,64050840,68771140,,,0,0,0,837600,466560,0,9.2,44.7,17.6,25.3,4.2,5.4,4.7
"2026/02/09","2026/02/12","212A","フィットイージー","東証およびＰＴＳ",,"確報",3400,500,54000,0,0,0,54000,8370800,1231000,132948000,0,0,0,132948000,,,0,0,0,408800,0,0,21.4,16.9,29.2,21.4,0,0,0
"2026/02/09","2026/02/12","2130","メンバーズ","東証およびＰＴＳ",,"確報",300,1500,52100,0,500,0,52100,365100,1825500,63405700,0,608500,0,63405700,,,0,0,0,0,0,0,30.1,38.9,34.4,36.5,2.7,1.2,1.6
"2026/02/09","2026/02/12","2134","キタハマキャピタル","東証およびＰＴＳ",,"確報",16300,163700,673900,0,0,0,673900,684600,6875400,28303800,0,0,0,28303800,,,0,0,821300,0,0,0,9.6,48.6,5.4,9.6,0,0,0
"2026/02/09","2026/02/12","2136","ヒップ","東証およびＰＴＳ",,"確報",100,0,900,0,0,0,900,158300,0,1424700,0,0,0,1424700,,,0,0,10400,0,0,0,9.6,14.3,7.2,9.6,0,0,0
"2026/02/09","2026/02/12","2138","クルーズ","東証およびＰＴＳ",,"確報",1100,0,25000,500,0,46300,-21300,684200,0,15550000,311000,0,28798600,-13248600,,,0,0,406300,0,0,778600,65.6,89.5,21.7,34.9,74.4,1116.5,139.6
"2026/02/09","2026/02/12","2139","中広","東証およびＰＴＳ",,"確報",0,100,12500,100,200,12500,0,0,45900,5737500,45900,91800,5737500,0,,,0,0,50400,0,0,50400,2.9,6.1,0.9,1.5,50.8,152.5,76.3
"2026/02/09","2026/02/12","213A","上場日経半導体","東証およびＰＴＳ",,"確報",0,34400,15960,1110,200,4200,11760,0,9914080,4599672,319902,57640,1210440,3389232,,,0,0,564032,0,0,36848,5.9,14.2,3.8,6,3.8,8.5,5.2
"2026/02/09","2026/02/12","2146","ＵＴグループ","東証およびＰＴＳ",,"確報",1700,17500,797700,500,16300,797700,0,363800,3745000,170707800,107000,3488200,170707800,0,,,0,0,1627000,0,0,1627000,75.4,46.8,93,62.3,63.5,194.1,95.6
"2026/02/09","2026/02/12","2148","アイティメディア","東証およびＰＴＳ",,"確報",500,0,6600,0,0,0,6600,865500,0,11424600,0,0,0,11424600,,,0,0,97600,0,0,0,28.4,54.5,19.2,28.4,0,0,0
"2026/02/09","2026/02/12","2152","幼児活動研究会","東証およびＰＴＳ",,"確報",100,0,200,0,0,0,200,152500,0,305000,0,0,0,305000,,,0,0,3200,0,0,0,6,12,4,6,0,0,0
"2026/02/09","2026/02/12","2153","Ｅ・ＪＨＤ","東証およびＰＴＳ",,"確報",0,700,3300,0,0,0,3300,0,1280300,6035700,0,0,0,6035700,,,0,0,36000,0,0,0,12.7,13.2,12.3,12.7,0,0,0
"2026/02/09","2026/02/12","2154","オープンアップＧ","東証およびＰＴＳ",,"確報",2600,100,5800,2500,0,5800,0,5062200,194700,11292600,4867500,0,11292600,0,,,0,0,264000,0,0,264000,6.5,5.3,6.8,5.9,6.1,8.4,7.1
"2026/02/09","2026/02/12","2156","セーラー広告","東証およびＰＴＳ",,"確報",0,1100,21900,0,0,0,21900,0,336600,6701400,0,0,0,6701400,,,0,0,46000,0,0,0,44,95.3,28.6,44,0,0,0
"2026/02/09","2026/02/12","2157","コシダカＨＤ","東証およびＰＴＳ",,"確報",4600,800,20600,0,2400,14400,6200,5386600,936800,24122600,0,2810400,16862400,7260200,,,0,0,0,168000,168000,0,8.5,11.9,18.7,14.6,5.1,6,5.5
"2026/02/09","2026/02/12","2158","ＦＲＯＮＴＥＯ","東証およびＰＴＳ",,"確報",38400,3000,188400,0,0,0,188400,33024000,2580000,162024000,0,0,0,162024000,,,0,0,1836000,0,0,0,27.2,17,68.9,27.2,0,0,0
"2026/02/09","2026/02/12","215A","タイミー","東証およびＰＴＳ",,"確報",5500,46600,1714400,0,59300,2054300,-339900,7425000,62910000,2314440000,0,80055000,2773305000,-458865000,,,0,0,22821500,0,0,27476800,28.2,19.7,10.7,13.8,1945.4,166.2,306.3
"2026/02/09","2026/02/12","2160","ジーエヌアイグループ","東証およびＰＴＳ",,"確報",5300,4700,525500,600,0,525500,0,13191700,11698300,1307969500,1493400,0,1307969500,0,,,0,0,3674300,0,0,3674300,90.2,46.3,47.8,47,793.6,1746,1091.3
"2026/02/09","2026/02/12","2162","ｎｍｓ　ＨＤ","東証およびＰＴＳ",,"確報",100,100,11000,3000,100,3800,7200,45800,45800,5038000,1374000,45800,1740400,3297600,,,0,0,0,66000,5400,0,32.7,91.3,548,156.6,2.5,74,4.8
"2026/02/09","2026/02/12","2163","アルトナー","東証およびＰＴＳ",,"確報",0,100,3100,0,0,0,3100,0,204300,6333300,0,0,0,6333300,,,0,0,0,57600,0,0,13.7,37.8,8.4,13.7,0,0,0
"2026/02/09","2026/02/12","2164","地域新聞社","東証およびＰＴＳ",,"確報",0,900,468500,0,0,0,468500,0,339300,176624500,0,0,0,176624500,,,0,0,0,1408200,0,0,15.2,560.2,7.7,15.2,0,0,0
"2026/02/09","2026/02/12","2168","パソナグループ","東証およびＰＴＳ",,"確報",0,3400,31000,3600,0,64600,-33600,0,6980200,63643000,7390800,0,132623800,-68980800,,,0,0,894400,0,0,1586000,27.4,13.6,22.6,17,23.5,121.4,39.4
"2026/02/09","2026/02/12","2169","ＣＤＳ","東証およびＰＴＳ",,"確報",0,100,300,0,0,400,-100,0,183500,550500,0,0,734000,-183500,,,0,0,2800,0,0,2800,15.6,0,19,38,10,10,10
"2026/02/09","2026/02/12","2170","リンク＆モチベ","東証およびＰＴＳ",,"確報",100,0,38100,500,0,7600,30500,51000,0,19431000,255000,0,3876000,15555000,,,0,0,380000,0,0,71000,33.5,1962,33.3,65.4,8.3,11.3,9.6
"2026/02/09","2026/02/12","2173","博展","東証およびＰＴＳ",,"確報",0,800,6800,0,100,5200,1600,0,798400,6786400,0,99800,5189600,1596800,,,0,0,53200,0,0,37100,36.3,20.9,41.8,27.8,41,123,61.5
"2026/02/09","2026/02/12","2175","エス・エム・エス","東証およびＰＴＳ",,"確報",400,9000,43700,400,2700,68300,-24600,710400,15984000,77611200,710400,4795200,121300800,-43689600,,,0,0,889100,0,0,1200200,11.5,5.5,16.6,8.2,25.3,10.2,14.5
"2026/02/09","2026/02/12","2179","成学社","東証およびＰＴＳ",,"確報",100,0,200,0,0,0,200,81000,0,162000,0,0,0,162000,,,0,0,0,500,0,0,12,6,0,12,0,0,0
"2026/02/09","2026/02/12","2180","サニーサイドアップ","東証およびＰＴＳ",,"確報",0,0,7000,0,0,0,7000,0,0,6468000,0,0,0,6468000,,,0,0,0,0,0,0,32,52.6,23,32,0,0,0
"2026/02/09","2026/02/12","2181","パーソルＨＤ","東証およびＰＴＳ",,"確報",3000,4700,68900,0,0,0,68900,813300,1274170,18678790,0,0,0,18678790,,,0,0,148260,0,0,0,21.7,23.7,27.1,25.3,0,0,0
"2026/02/09","2026/02/12","2183","リニカル","東証およびＰＴＳ",,"確報",0,0,4600,0,0,0,4600,0,0,1467400,0,0,0,1467400,,,0,0,9200,0,0,0,0,0,0,0,0,0,0
"2026/02/09","2026/02/12","2185","シイエム・シイ","東証およびＰＴＳ",,"確報",0,0,400,0,0,0,400,0,0,717200,0,0,0,717200,,,0,0,0,2400,0,0,0,0,0,0,0,0,0
"2026/02/09","2026/02/12","2186","ソーバル","東証およびＰＴＳ",,"確報",0,100,0,0,0,0,0,0,91700,0,0,0,0,0,,,0,0,0,0,0,0,1,1,1,1,0,0,0
"2026/02/09","2026/02/12","218A","Ｌｉｂｅｒａｗａｒｅ","東証およびＰＴＳ",,"確報",300,11700,124800,0,0,0,124800,421800,16450200,175468800,0,0,0,175468800,,,0,0,0,681000,0,0,39.1,235.8,21.3,39.1,0,0,0
"2026/02/09","2026/02/12","2193","クックパッド","東証およびＰＴＳ",,"確報",1200,84000,448200,50300,0,643900,-195700,186000,13020000,69471000,7796500,0,99804500,-30333500,,,0,0,5841000,0,0,6529600,23.3,14.5,11.3,12.7,50,281,84.9
"2026/02/09","2026/02/12","2195","アミタＨＤ","東証およびＰＴＳ",,"確報",700,0,4000,0,0,0,4000,256200,0,1464000,0,0,0,1464000,,,0,0,66000,0,0,0,20.1,20.1,20.1,20.1,0,0,0
"2026/02/09","2026/02/12","2196","エスクリ","東証およびＰＴＳ",,"確報",300,3500,168100,0,2000,99200,68900,48900,570500,27400300,0,326000,16169600,11230700,,,0,0,0,0,0,0,164.7,166.9,193.4,179.2,0,72.5,145
"2026/02/09","2026/02/12","2198","アイ・ケイ・ケイＨＤ","東証およびＰＴＳ",,"確報",0,400,16500,0,400,16500,0,0,322000,13282500,0,322000,13282500,0,,,0,0,16900,0,0,16900,38.9,55.9,19.9,29.3,895,29.8,57.7
"2026/02/09","2026/02/12","219A","Ｈｅａｒｔｓｅｅｄ","東証およびＰＴＳ",,"確報",0,29600,393900,300,5100,784200,-390300,0,55884800,743683200,566400,9628800,1480569600,-736886400,,,0,0,11858000,0,0,22092000,105.7,42.7,35.8,38.9,1229.2,644.8,845.9
"2026/02/09","2026/02/12","2201","森永製菓","東証およびＰＴＳ",,"確報",200,1100,4300,0,100,0,4300,551000,3030500,11846500,0,275500,0,11846500,,,0,0,0,130000,2500,0,9.6,18.3,7,10.1,2,1,1.3
"2026/02/09","2026/02/12","2204","中村屋","東証およびＰＴＳ",,"確報",0,900,800,600,0,2300,-1500,0,2875500,2556000,1917000,0,7348500,-4792500,,,0,0,161500,0,0,161500,11,12,5.1,7.2,10.9,87,19.3
"2026/02/09","2026/02/12","2206","江崎グリコ","東証およびＰＴＳ",,"確報",400,200,6600,900,100,41100,-34500,2319200,1159600,38266800,5218200,579800,238297800,-200031000,,,0,0,480000,0,0,3022500,57.6,39.4,10.8,16.9,114.7,86,98.3
"2026/02/09","2026/02/12","2207","ｍｅｉｔｏ","東証およびＰＴＳ",,"確報",341000,0,509200,3600,0,54000,455200,892056000,0,1332067200,9417600,0,141264000,1190803200,,,0,0,2859400,0,0,856800,2.1,1.7,1.7,1.7,35.3,141.2,56.5
"2026/02/09","2026/02/12","2208","ブルボン","東証およびＰＴＳ",,"確報",0,0,200,0,0,0,200,0,0,594800,0,0,0,594800,,,0,0,4800,0,0,0,4,3.5,4.7,4,0,0,0
"2026/02/09","2026/02/12","2209","井村屋グループ","東証およびＰＴＳ",,"確報",0,0,400,0,0,0,400,0,0,1041600,0,0,0,1041600,,,0,0,20000,0,0,0,14,0,7,14,0,0,0
"2026/02/09","2026/02/12","220A","ファベル","東証およびＰＴＳ",,"確報",0,0,4100,0,0,0,4100,0,0,4124600,0,0,0,4124600,,,0,0,0,73800,0,0,404,202,0,404,0,0,0
"2026/02/09","2026/02/12","2211","不二家","東証およびＰＴＳ",,"確報",800,100,31600,700,100,60200,-28600,2053600,256700,81117200,1796900,256700,154533400,-73416200,,,0,0,0,494400,953600,0,50.4,24.8,43.7,31.7,103.3,52.5,69.6
"2026/02/09","2026/02/12","2212","山崎製パン","東証およびＰＴＳ",,"確報",100,1500,6900,0,1300,4700,2200,352200,5283000,24301800,0,4578600,16553400,7748400,,,0,0,24900,0,0,18000,14.4,138.3,13.4,24.4,5.7,13.1,7.9
"2026/02/09","2026/02/12","2215","第一屋製パン","東証およびＰＴＳ",,"確報",0,0,33200,0,0,6600,26600,0,0,20517600,0,0,4078800,16438800,,,0,0,33200,0,0,6600,176,0,84.5,169,334,167,222.7
"2026/02/09","2026/02/12","2216","カンロ","東証およびＰＴＳ",,"確報",1700,0,45400,2900,0,47300,-1900,2738700,0,73139400,4671900,0,76200300,-3060900,,,0,0,262200,0,0,266400,35,44.1,39.4,41.6,40.9,24.4,30.6
"2026/02/09","2026/02/12","2217","モロゾフ","東証およびＰＴＳ",,"確報",200,700,10000,6200,0,66300,-56300,301000,1053500,15050000,9331000,0,99781500,-84731500,,,0,0,136500,0,0,781300,28.9,9.9,16.4,12.3,19,2999,37.7
"2026/02/09","2026/02/12","221A","ＭＸＳ日経半導体株","東証およびＰＴＳ",,"確報",0,890,11040,1230,0,3680,7360,0,727931,9029616,1006017,0,3009872,6019744,,,0,0,452147,0,0,92855,24,77.3,21.2,33.2,10.9,13.2,11.9
"2026/02/09","2026/02/12","2220","亀田製菓","東証およびＰＴＳ",,"確報",0,0,94200,1600,0,9000,85200,0,0,384336000,6528000,0,36720000,347616000,,,0,0,4710000,0,0,370000,43.8,35.7,767.5,68.2,9.1,9.3,9.2
"2026/02/09","2026/02/12","2221","岩塚製菓","東証およびＰＴＳ",,"確報",0,0,300,0,0,0,300,0,0,925500,0,0,0,925500,,,0,0,7500,0,0,0,0,0,0,0,0,0,0
"2026/02/09","2026/02/12","2222","寿スピリッツ","東証およびＰＴＳ",,"確報",8600,1500,22400,2600,2100,40100,-17700,17294600,3016500,45046400,5228600,4223100,80641100,-35594700,,,0,0,0,137700,356400,0,4.9,2.6,2.2,2.4,5.8,18.4,8.9
"2026/02/09","2026/02/12","2224","コモ","東証およびＰＴＳ",,"確報",0,0,1300,0,0,0,1300,0,0,4764500,0,0,0,4764500,,,0,0,19500,0,0,0,0,0,0,0,0,0,0
"2026/02/09","2026/02/12","2226","湖池屋","東証およびＰＴＳ",,"確報",200,100,1300,0,400,2200,-900,940000,470000,6110000,0,1880000,10340000,-4230000,,,0,0,0,24000,52000,0,11.9,15,20,17.1,10.9,10.1,10.5
"2026/02/09","2026/02/12","2229","カルビー","東証およびＰＴＳ",,"確報",3900,5000,11200,0,4000,10100,1100,11988600,15370000,34428800,0,12296000,31047400,3381400,,,0,0,664200,0,0,761400,3.1,2.7,4.9,3.5,3.9,2.2,2.8
"2026/02/09","2026/02/12","2235","上場ダウヘッジなし","東証およびＰＴＳ",,"確報",0,0,0,0,0,0,0,0,0,0,0,0,0,0,,,0,0,0,0,0,0,2.3,0,1.1,2.3,0,0,0
"2026/02/09","2026/02/12","2236","ＧＸＵＳ配当貴族","東証およびＰＴＳ",,"確報",0,0,0,0,0,0,0,0,0,0,0,0,0,0,,,0,0,0,0,0,0,2,0,1,2,0,0,0
"2026/02/09","2026/02/12","2237","ｉＦＳＰ５００ダブル","東証およびＰＴＳ",,"確報",0,27,65,0,0,0,65,0,2822850,6795750,0,0,0,6795750,,,0,0,50600,0,0,0,6.1,7.1,5.3,6.1,0,0,0
"2026/02/09","2026/02/12","2238","ｉＦＳＰ５００ベア","東証およびＰＴＳ",,"確報",0,0,6880,0,0,0,6880,0,0,39594400,0,0,0,39594400,,,0,0,0,825600,0,0,17.4,8.8,851.5,17.4,0,0,0
"2026/02/09","2026/02/12","2239","上場Ｓ＆Ｐレバ２倍","東証およびＰＴＳ",,"確報",46,0,622,0,0,0,622,1057310,0,14296670,0,0,0,14296670,,,0,0,584640,0,0,0,8.6,13.1,6.4,8.6,0,0,0
"2026/02/09","2026/02/12","223A","ＧＸＡＩビッグデータ","東証およびＰＴＳ",,"確報",14,22,2855,0,0,204,2651,19614,30822,3999855,0,0,285804,3714051,,,0,0,105931,0,0,7548,30.4,48.4,29.5,36.6,2.1,0,4.2
"2026/02/09","2026/02/12","2240","上場Ｓ＆Ｐインバース","東証およびＰＴＳ",,"確報",140,0,459,0,0,0,459,814940,0,2671839,0,0,0,2671839,,,0,0,0,40832,0,0,7.6,3.8,0,7.6,0,0,0
"2026/02/09","2026/02/12","2241","ＭＸＳダウ","東証およびＰＴＳ",,"確報",0,0,0,0,0,0,0,0,0,0,0,0,0,0,,,0,0,0,0,0,0,0,0,0,0,0,0,0
"2026/02/09","2026/02/12","2242","ＭＸＳダウヘ有","東証およびＰＴＳ",,"確報",0,0,0,0,0,0,0,0,0,0,0,0,0,0,,,0,0,0,0,0,0,0,0,0,0,0,0,0
"2026/02/09","2026/02/12","2243","ＧＸ半導体","東証およびＰＴＳ",,"確報",540,3037,17492,50,0,300,17192,1616760,9092778,52371048,149700,0,898200,51472848,,,0,0,2798460,0,0,35000,15.9,11,28.3,15.9,11.3,576,22.2
"2026/02/09","2026/02/12","2244","ＧＸＵＳテック２０","東証およびＰＴＳ",,"確報",2077,3475,19849,42,0,42,19807,6183229,10345075,59090473,125034,0,125034,58965439,,,0,0,1742254,0,0,0,14.8,14.6,15.1,14.8,4.2,2.9,3.5
"2026/02/09","2026/02/12","2245","独債７－１０ヘッジ有","東証およびＰＴＳ",,"確報",0,0,0,0,0,0,0,0,0,0,0,0,0,0,,,0,0,0,0,0,0,0,0,0,0,0,0,0
"2026/02/09","2026/02/12","2246","仏債７－１０ヘッジ有","東証およびＰＴＳ",,"確報",0,0,0,0,0,0,0,0,0,0,0,0,0,0,,,0,0,0,0,0,0,0,0,0,0,0,0,0
"2026/02/09","2026/02/12","2247","ｉＦＳＰ５００Ｈ無","東証およびＰＴＳ",,"確報",200,1010,7038,0,0,0,7038,408600,2063430,14378634,0,0,0,14378634,,,0,0,298224,0,0,0,31.6,37.6,27.3,31.6,0,0,0
"2026/02/09","2026/02/12","2248","ｉＦＳＰ５００Ｈ有","東証およびＰＴＳ",,"確報",0,577,0,0,0,0,0,0,1469619,0,0,0,0,0,,,0,0,31158,0,0,0,1.3,1.3,1.3,1.3,0,0,0
"2026/02/09","2026/02/12","2249","ｉＦＳＰ５００Ｗベア","東証およびＰＴＳ",,"確報",493,0,1227,0,0,0,1227,5684290,0,14147310,0,0,0,14147310,,,0,0,0,363330,0,0,5.1,5.3,5,5.1,0,0,0
"2026/02/09","2026/02/12","224A","ＧＸウラニウム","東証およびＰＴＳ",,"確報",138,891,17994,0,0,0,17994,259854,1677753,33882702,0,0,0,33882702,,,0,0,2099664,0,0,0,14.8,17.9,12.6,14.8,0,0,0
"2026/02/09","2026/02/12","2250","ｉＳＭＳＣＩ日株気候","東証およびＰＴＳ",,"確報",0,0,100,0,0,0,100,0,0,33620,0,0,0,33620,,,0,0,980,0,0,0,51,0,0,0,1,1,1
"2026/02/09","2026/02/12","2251","ＪＧＢダブルインバ","東証およびＰＴＳ",,"確報",0,130,13910,10,0,10,13900,0,111865,11969555,8605,0,8605,11960950,,,0,0,30888,0,0,0,77.7,479.1,42.5,78.1,1,0,2
"2026/02/09","2026/02/12","2252","ＧＸＵＳ中小モート","東証およびＰＴＳ",,"確報",638,3,2400,0,0,0,2400,859386,4041,3232800,0,0,0,3232800,,,0,0,42360,0,0,0,7.7,3.9,3086.7,7.7,0,0,0
"2026/02/09","2026/02/12","2253","ＧＸＵＳスーパーＤ","東証およびＰＴＳ",,"確報",450,0,550,0,0,0,550,576000,0,704000,0,0,0,704000,,,0,0,100,0,0,0,2.4,2,3,2.4,0,0,0
"2026/02/09","2026/02/12","2254","ＧＸ中国ＥＶバッテリ","東証およびＰＴＳ",,"確報",30,0,3715,0,0,0,3715,36000,0,4458000,0,0,0,4458000,,,0,0,3685,0,0,0,73.4,648.5,38.9,73.4,0,0,0
"2026/02/09","2026/02/12","2255","ｉＳ米国債二十","東証およびＰＴＳ",,"確報",0,1190,2510,0,0,160,2350,0,247758,522582,0,0,33312,489270,,,0,0,0,5550,240,0,2.1,2.1,2.1,2.1,2.3,5.3,3.2
"2026/02/09","2026/02/12","2256","ｉＳ米国総合債券","東証およびＰＴＳ",,"確報",0,0,50,0,0,0,50,0,0,11100,0,0,0,11100,,,0,0,0,60,0,0,8.7,0,4.3,8.7,0,0,0
"2026/02/09","2026/02/12","2257","ｉＳ＄ＩＧ社債","東証およびＰＴＳ",,"確報",0,0,0,0,0,0,0,0,0,0,0,0,0,0,,,0,0,0,0,0,0,0,0,0,0,0,0,0
"2026/02/09","2026/02/12","2258","ｉＳ＄ＨＹ社債","東証およびＰＴＳ",,"確報",0,0,450,0,0,0,450,0,0,101700,0,0,0,101700,,,0,0,90,0,0,0,446,223,0,446,0,0,0
"2026/02/09","2026/02/12","2259","ｉＳフランス国債ヘジ","東証およびＰＴＳ",,"確報",0,10,0,0,0,10,-10,0,1894,0,0,0,1894,-1894,,,0,0,0,2,2,0,8,0,4,8,4,0,8
"2026/02/09","2026/02/12","2264","森永乳業","東証およびＰＴＳ",,"確報",200,0,2800,200,0,2800,0,829600,0,11614400,829600,0,11614400,0,,,0,0,119600,0,0,119600,9.6,7.3,8.7,7.9,10.7,13.9,12.1
"2026/02/09","2026/02/12","2266","六甲バター","東証およびＰＴＳ",,"確報",600,200,22800,1200,0,41500,-18700,727800,242600,27656400,1455600,0,50339500,-22683100,,,0,0,0,0,0,0,41.6,18.9,40.5,25.8,79.5,51.7,62.6
"2026/02/09","2026/02/12","2267","ヤクルト本社","東証およびＰＴＳ",,"確報",1400,3900,46100,700,4100,22300,23800,3764600,10487100,123962900,1882300,11024900,59964700,63998200,,,0,0,2624400,0,0,1387800,13.1,30.3,8.7,13.5,15.1,10.5,12.4
"2026/02/09","2026/02/12","2268","サーティワン","東証およびＰＴＳ",,"確報",200,0,3500,0,0,0,3500,806000,0,14105000,0,0,0,14105000,,,0,0,16500,0,0,0,167,83.5,0,167,0,0,0
"2026/02/09","2026/02/12","2269","明治ホールディングス","東証およびＰＴＳ",,"確報",1300,4500,15200,400,3600,15200,0,4989400,17271000,58337600,1535200,13816800,58337600,0,,,0,0,680800,0,0,680800,5.4,7.5,2.2,3.4,14,11.2,12.4
"2026/02/09","2026/02/12","2270","雪印メグミルク","東証およびＰＴＳ",,"確報",100,1400,9500,0,1300,9500,0,347500,4865000,33012500,0,4517500,33012500,0,,,0,0,54000,0,0,54000,16.4,18.4,11.7,14.3,27.6,14.9,19.3
"2026/02/09","2026/02/12","2281","プリマハム","東証およびＰＴＳ",,"確報",100,0,17700,0,1200,6800,10900,279900,0,49542300,0,3358800,19033200,30509100,,,0,0,52800,0,0,24000,6.4,42.7,5.9,10.4,149,1.8,3.6
"2026/02/09","2026/02/12","2282","日本ハム","東証およびＰＴＳ",,"確報",5500,1300,7700,2900,1100,15700,-8000,37955500,8971300,53137700,20012900,7591100,108345700,-55208000,,,0,0,301000,0,0,1195400,2.4,1.6,1.1,1.3,6.2,3.5,4.5
"2026/02/09","2026/02/12","2286","林兼産業","東証およびＰＴＳ",,"確報",0,500,9400,0,0,100,9300,0,377000,7087600,0,0,75400,7012200,,,0,0,19800,0,0,200,0.3,36.8,0.2,0.3,0,0,0
"2026/02/09","2026/02/12","2288","丸大食品","東証およびＰＴＳ",,"確報",300,700,14100,200,300,14400,-300,709200,1654800,33332400,472800,709200,34041600,-709200,,,0,0,0,290000,290000,0,19,9.5,26.2,14,25.9,31.5,28.4
"2026/02/09","2026/02/12","228A","オプロ","東証およびＰＴＳ",,"確報",0,0,1600,0,0,0,1600,0,0,2641600,0,0,0,2641600,,,0,0,0,0,0,0,21.5,86,12.3,21.5,0,0,0
"2026/02/09","2026/02/12","2291","福留ハム","東証およびＰＴＳ",,"確報",300,0,8000,100,300,27200,-19200,189000,0,5040000,63000,189000,17136000,-12096000,,,0,0,0,0,0,0,109.4,55.6,129.7,77.8,194.4,90.7,123.7
"2026/02/09","2026/02/12","2292","エス　フーズ","東証およびＰＴＳ",,"確報",400,300,2800,100,0,2800,0,1258000,943500,8806000,314500,0,8806000,0,,,0,0,81000,0,0,81000,10.1,6.2,6,6.1,34.3,27.4,30.4
"2026/02/09","2026/02/12","2293","滝沢ハム","東証およびＰＴＳ",,"確報",0,0,0,0,0,0,0,0,0,0,0,0,0,0,,,0,0,0,0,0,0,0,0,0,0,0,0,0
"2026/02/09","2026/02/12","2294","柿安本店","東証およびＰＴＳ",,"確報",2900,700,26500,2200,0,26500,0,8111300,1957900,74120500,6153400,0,74120500,0,,,0,0,0,97200,97200,0,13.9,9.2,9.9,9.6,23.2,27.9,25.3
"2026/02/09","2026/02/12","2296","伊藤ハム米久ＨＤ","東証およびＰＴＳ",,"確報",3500,1200,11000,2500,200,11000,0,21385000,7332000,67210000,15275000,1222000,67210000,0,,,0,0,522000,0,0,522000,10.1,6.1,12,8.1,8.7,28.9,13.3
"2026/02/09","2026/02/12","2300","きょくとう","東証およびＰＴＳ",,"確報",0,0,600,0,0,0,600,0,0,315000,0,0,0,315000,,,0,0,1200,0,0,0,62,0,31,62,0,0,0
"2026/02/09","2026/02/12","2301","学情","東証およびＰＴＳ",,"確報",0,0,5800,1000,0,1800,4000,0,0,10706800,1846000,0,3322800,7384000,,,0,0,17400,0,0,2400,5.5,72,2.9,5.6,3.8,6.3,4.8
"2026/02/09","2026/02/12","2303","ドーン","東証およびＰＴＳ",,"確報",0,0,1200,0,0,0,1200,0,0,3096000,0,0,0,3096000,,,0,0,21600,0,0,0,24.8,31,20.7,24.8,0,0,0
"2026/02/09","2026/02/12","2304","ＣＳＳＨＤ","東証およびＰＴＳ",,"確報",0,0,1600,0,100,100,1500,0,0,1580800,0,98800,98800,1482000,,,0,0,11200,0,0,1400,6.6,4.3,52,8,3.5,2.3,2.8
"2026/02/09","2026/02/12","2305","スタジオアリス","東証およびＰＴＳ",,"確報",400,400,11500,700,0,22600,-11100,798000,798000,22942500,1396500,0,45087000,-22144500,,,0,0,0,34500,65700,0,11.8,5.4,8.3,6.5,10.6,505.5,20.8
"2026/02/09","2026/02/12","2307","クロスキャット","東証およびＰＴＳ",,"確報",0,100,12300,0,0,0,12300,0,102700,12632100,0,0,0,12632100,,,0,0,186000,0,0,0,12.7,8.2,27.4,12.7,0,0,0
"2026/02/09","2026/02/12","2311","エプコ","東証およびＰＴＳ",,"確報",0,0,3800,0,0,0,3800,0,0,3173000,0,0,0,3173000,,,0,0,11400,0,0,0,378,189,0,378,0,0,0
"2026/02/09","2026/02/12","2315","ＣＡＩＣＡ　Ｄ","東証およびＰＴＳ",,"確報",800,18700,1715300,0,134400,1593800,121500,80800,1888700,173245300,0,13574400,160973800,12271500,,,0,0,0,0,0,0,60.3,127.8,62.7,84.1,38.6,57.8,46.3
"2026/02/09","2026/02/12","2317","システナ","東証およびＰＴＳ",,"確報",299200,82400,439400,1000,300,1000,438400,130152000,35844000,191139000,435000,130500,435000,190704000,,,0,0,0,0,0,0,2.6,2,3.7,2.6,5.1,1,1.7
"2026/02/09","2026/02/12","2321","ソフトフロントＨＤ","東証およびＰＴＳ",,"確報",400,2300,63800,0,0,0,63800,74800,430100,11930600,0,0,0,11930600,,,0,0,197100,0,0,0,34,52.8,25,34,0,0,0
"2026/02/09","2026/02/12","2323","ｆｏｎｆｕｎ","東証およびＰＴＳ",,"確報",0,300,497100,0,0,0,497100,0,128100,212261700,0,0,0,212261700,,,0,0,0,4974000,0,0,437.7,412.2,466.6,437.7,0,0,0
"2026/02/09","2026/02/12","2325","ＮＪＳ","東証およびＰＴＳ",,"確報",1100,100,33700,300,800,35500,-1800,5467000,497000,167489000,1491000,3976000,176435000,-8946000,,,0,0,0,1962000,2160000,0,52.1,35.1,55,42.9,103.7,46.7,64.4
"2026/02/09","2026/02/12","2326","デジタルアーツ","東証およびＰＴＳ",,"確報",1500,0,11300,0,0,0,11300,7477500,0,56330500,0,0,0,56330500,,,0,0,343000,0,0,0,6.8,16.1,4.4,6.9,4,1,1.6
"2026/02/09","2026/02/12","2327","日鉄ソリューションズ","東証およびＰＴＳ",,"確報",500,4400,8600,1900,600,13800,-5200,1945000,17116000,33454000,7391000,2334000,53682000,-20228000,,,0,0,0,187500,187500,0,2.7,5.2,3.7,4.3,3.1,2,2.4
"2026/02/09","2026/02/12","2329","東北新社","東証およびＰＴＳ",,"確報",0,0,1800,0,0,0,1800,0,0,1152000,0,0,0,1152000,,,0,0,0,7200,0,0,47.5,95,31.7,47.5,0,0,0
"2026/02/09","2026/02/12","2330","フォーサイド","東証およびＰＴＳ",,"確報",1800,300,211700,0,0,0,211700,295200,49200,34718800,0,0,0,34718800,,,0,0,0,210200,0,0,92.8,106.4,82.3,92.8,0,0,0
"2026/02/09","2026/02/12","2331","ＡＬＳＯＫ","東証およびＰＴＳ",,"確報",100,2500,6900,0,0,700,6200,117450,2936250,8104050,0,0,822150,7281900,,,0,0,0,27900,2100,0,4.6,5,6.4,5.6,2.2,1.7,1.9
"2026/02/09","2026/02/12","2332","クエスト","東証およびＰＴＳ",,"確報",100,200,4100,200,0,2400,1700,177100,354200,7261100,354200,0,4250400,3010700,,,0,0,0,142800,74800,0,24.3,17.7,39,24.4,15.6,54.5,24.2
"2026/02/09","2026/02/12","2334","イオレ","東証およびＰＴＳ",,"確報",0,2800,569400,0,0,0,569400,0,1164800,236870400,0,0,0,236870400,,,0,0,5149800,0,0,0,73.8,339.4,41.4,73.8,0,0,0
"2026/02/09","2026/02/12","2335","キューブシステム","東証およびＰＴＳ",,"確報",0,300,2900,0,500,2700,200,0,326400,3155200,0,544000,2937600,217600,,,0,0,16000,0,0,16000,7.5,8,5.3,6.3,11.3,7.8,9.2
"2026/02/09","2026/02/12","2337","いちご","東証およびＰＴＳ",,"確報",0,5000,138800,200,9000,291600,-152800,0,2190000,60794400,87600,3942000,127720800,-66926400,,,0,0,1006600,0,0,2102800,56.6,28.5,22,24.8,217.3,102.7,139.5
"2026/02/09","2026/02/12","2338","クオンタムＳ","東証およびＰＴＳ",,"確報",20000,500,35200,0,0,0,35200,3500000,87500,6160000,0,0,0,6160000,,,0,0,0,235500,0,0,8.6,4.6,69.6,8.6,0,0,0
"2026/02/09","2026/02/12","233A","ｉＦインドＮ５０","東証およびＰＴＳ",,"確報",250,0,3200,0,15,32,3168,521500,0,6675200,0,31290,66752,6608448,,,0,0,0,0,0,0,5,6.4,4.6,5.3,1.3,1.5,1.4
"2026/02/09","2026/02/12","2340","極楽湯ＨＤ","東証およびＰＴＳ",,"確報",0,0,1700,0,0,0,1700,0,0,827900,0,0,0,827900,,,0,0,1700,0,0,0,0,0,0,0,0,0,0
"2026/02/09","2026/02/12","2341","アルバイトタイムス","東証およびＰＴＳ",,"確報",100,0,13000,0,0,0,13000,19000,0,2470000,0,0,0,2470000,,,0,0,51600,0,0,0,107.5,58.6,645,107.5,0,0,0
"2026/02/09","2026/02/12","2342","トランスＧＧ","東証およびＰＴＳ",,"確報",0,1100,50300,0,0,0,50300,0,336600,15391800,0,0,0,15391800,,,0,0,308400,0,0,0,28.5,68.2,18,28.5,0,0,0
"2026/02/09","2026/02/12","2344","平安レイサービス","東証およびＰＴＳ",,"確報",0,0,700,0,0,0,700,0,0,677600,0,0,0,677600,,,0,0,2800,0,0,0,0,0,0,0,0,0,0
"2026/02/09","2026/02/12","2345","ＨＯＤＬ１","東証およびＰＴＳ",,"確報",0,0,4200,0,0,0,4200,0,0,890400,0,0,0,890400,,,0,0,4200,0,0,0,40,20,0,40,0,0,0
"2026/02/09","2026/02/12","2349","エヌアイデイ","東証およびＰＴＳ",,"確報",0,0,500,0,0,0,500,0,0,1222500,0,0,0,1222500,,,0,0,500,0,0,0,0,0,0,0,0,0,0
"2026/02/09","2026/02/12","234A","ＧＸＣＦキング日株","東証およびＰＴＳ",,"確報",103,0,103,0,0,0,103,149762,0,149762,0,0,0,149762,,,0,0,0,0,0,0,2,1,0,2,0,0,0
"2026/02/09","2026/02/12","2351","ＡＳＪ","東証およびＰＴＳ",,"確報",0,100,6100,0,0,0,6100,0,33600,2049600,0,0,0,2049600,,,0,0,0,55800,0,0,66.7,100,50,66.7,0,0,0
"2026/02/09","2026/02/12","2353","日本駐車場開発","東証およびＰＴＳ",,"確報",1800,17600,210200,300,24300,339700,-129500,504000,4928000,58856000,84000,6804000,95116000,-36260000,,,0,0,226000,0,0,363700,25.5,23.8,9.7,13.8,137.1,33.9,54.4
"2026/02/09","2026/02/12","2354","ＹＥ　ＤＩＧＩＴＡＬ","東証およびＰＴＳ",,"確報",300,300,17400,0,0,0,17400,232500,232500,13485000,0,0,0,13485000,,,0,0,104400,0,0,0,23.9,69.4,14.5,23.9,0,0,0
"2026/02/09","2026/02/12","2359","コア","東証およびＰＴＳ",,"確報",100,100,1700,0,100,1100,600,227000,227000,3859000,0,227000,2497000,1362000,,,0,0,15300,0,0,10800,5.4,44,4.9,8.8,10.6,2,3.3
"2026/02/09","2026/02/12","235A","ＧＸ高配当３０日株","東証およびＰＴＳ",,"確報",0,0,325,0,0,0,325,0,0,454675,0,0,0,454675,,,0,0,5200,0,0,0,4.8,5,4.6,4.8,0,0,0
"2026/02/09","2026/02/12","236A","ｉＳ日本国債七十","東証およびＰＴＳ",,"確報",0,2750,7410,0,0,1830,5580,0,1247400,3361176,0,0,830088,2531088,,,0,0,0,22352,4026,0,4.1,4.3,3.5,3.9,7,3.6,4.7
"2026/02/09","2026/02/12","2370","メディネット","東証およびＰＴＳ",,"確報",0,13800,248600,0,0,0,248600,0,414000,7458000,0,0,0,7458000,,,0,0,0,0,0,0,16.8,14.6,19.7,16.8,0,0,0
"2026/02/09","2026/02/12","2371","カカクコム","東証およびＰＴＳ",,"確報",14300,10900,76400,600,1500,121000,-44600,26126100,19914300,139582800,1096200,2740500,221067000,-81484200,,,0,0,0,1460000,2438000,0,5.4,3,9.8,4.7,3.3,38.7,6.1
"2026/02/09","2026/02/12","2373","ケア２１","東証およびＰＴＳ",,"確報",100,0,800,0,0,0,800,43000,0,344000,0,0,0,344000,,,0,0,0,9100,0,0,20,10,0,20,0,0,0
"2026/02/09","2026/02/12","2374","セントケアＨＤ","東証およびＰＴＳ",,"確報",0,0,100,0,0,0,100,0,0,121000,0,0,0,121000,,,0,0,0,0,0,0,0,0,0,0,0,0,0
"2026/02/09","2026/02/12","2375","ギグワークス","東証およびＰＴＳ",,"確報",0,1100,20500,0,0,0,20500,0,242000,4510000,0,0,0,4510000,,,0,0,0,0,0,0,29.7,36.6,25,29.7,0,0,0
"2026/02/09","2026/02/12","2376","サイネックス","東証およびＰＴＳ",,"確報",0,0,3100,0,0,0,3100,0,0,2309500,0,0,0,2309500,,,0,0,0,186000,0,0,77.5,0,38.8,77.5,0,0,0
"2026/02/09","2026/02/12","2378","ルネサンス","東証およびＰＴＳ",,"確報",800,400,55300,0,3000,116200,-60900,876000,438000,60553500,0,3285000,127239000,-66685500,,,0,0,0,0,0,0,37.5,34.1,11.7,17.4,96.4,61.6,75.2
"2026/02/09","2026/02/12","2379","ディップ","東証およびＰＴＳ",,"確報",0,58400,21200,0,4200,8500,12700,0,120070400,43587200,0,8635200,17476000,26111200,,,0,0,0,0,0,0,2.1,1.8,1.8,1.8,2.4,2.2,2.3
"2026/02/09","2026/02/12","237A","ｉＳ米国債二十五","東証およびＰＴＳ",,"確報",1000,30,26120,0,0,0,26120,161700,4851,4223604,0,0,0,4223604,,,0,0,0,32695,0,0,6.5,7.4,5.7,6.5,0,0,0
"2026/02/09","2026/02/12","2384","ＳＢＳＨＤ","東証およびＰＴＳ",,"確報",0,100,800,200,0,400,400,0,398500,3188000,797000,0,1594000,1594000,,,0,0,63000,0,0,14000,16.3,41,41,41,2,0,4
"2026/02/09","2026/02/12","2385","総医研ＨＤ","東証およびＰＴＳ",,"確報",0,700,43100,0,0,0,43100,0,177100,10904300,0,0,0,10904300,,,0,0,306600,0,0,0,45.9,58.6,37.7,45.9,0,0,0
"2026/02/09","2026/02/12","2388","ウェッジＨＤ","東証およびＰＴＳ",,"確報",0,1600,41000,0,0,0,41000,0,99200,2542000,0,0,0,2542000,,,0,0,0,42600,0,0,58.3,116.6,38.9,58.3,0,0,0
"2026/02/09","2026/02/12","2389","デジタルＨＤ","東証およびＰＴＳ",,"確報",1300,0,3100,0,0,19800,-16700,2614300,0,6234100,0,0,39817800,-33583700,,,0,0,0,9000,99000,0,52.1,6.3,0,12.6,0,37.3,74.6
"2026/02/09","2026/02/12","238A","ｉＳ米国債二十五ヘジ","東証およびＰＴＳ",,"確報",0,0,62250,0,0,0,62250,0,0,8584275,0,0,0,8584275,,,0,0,12450,0,0,0,170.2,175,165.7,170.2,0,0,0
"2026/02/09","2026/02/12","2391","プラネット","東証およびＰＴＳ",,"確報",0,0,2100,0,0,0,2100,0,0,2608200,0,0,0,2608200,,,0,0,0,6300,0,0,0,0,0,0,0,0,0
"2026/02/09","2026/02/12","2393","日本ケアサプライ","東証およびＰＴＳ",,"確報",0,100,1800,0,0,0,1800,0,245100,4411800,0,0,0,4411800,,,0,0,0,38000,0,0,34.4,21.5,86,34.4,0,0,0
"2026/02/09","2026/02/12","2395","新日本科学","東証およびＰＴＳ",,"確報",900,900,146600,0,0,50000,96600,1467000,1467000,238958000,0,0,81500000,157458000,,,0,0,0,4398000,1500000,0,134.7,168.2,80.4,108.8,1251,278,454.9
"2026/02/09","2026/02/12","2404","鉄人化ＨＤ","東証およびＰＴＳ",,"確報",0,200,6700,0,200,6700,0,0,100200,3356700,0,100200,3356700,0,,,0,0,0,6900,6900,0,43.6,0,23.2,46.4,371,21.8,41.2
"2026/02/09","2026/02/12","2408","ＫＧ情報","東証およびＰＴＳ",,"確報",0,200,1600,0,0,0,1600,0,146600,1172800,0,0,0,1172800,,,0,0,3600,0,0,0,7.6,24.9,4.5,7.6,0,0,0
"2026/02/09","2026/02/12","2410","キャリアＤセンタ","東証およびＰＴＳ",,"確報",0,200,9800,0,0,200,9600,0,481800,23608200,0,0,481800,23126400,,,0,0,70000,0,0,1400,53.3,98.6,37.9,54.8,0,13,26
"2026/02/09","2026/02/12","2411","ゲンダイエージェンシ","東証およびＰＴＳ",,"確報",0,100,12800,0,500,800,12000,0,47300,6054400,0,236500,378400,5676000,,,0,0,0,51600,5200,0,31.1,40.1,321,71.3,0,3.9,7.7
"2026/02/09","2026/02/12","2413","エムスリー","東証およびＰＴＳ",,"確報",0,12400,245300,200,0,200,245100,0,21762000,430501500,351000,0,351000,430150500,,,0,0,3994350,0,0,0,17.5,13.7,25.2,17.8,9.3,1.3,2.2
"2026/02/09","2026/02/12","2415","ヒューマンＨＤ","東証およびＰＴＳ",,"確報",0,0,2200,0,0,0,2200,0,0,4305400,0,0,0,4305400,,,0,0,0,2200,0,0,220,0,110,220,0,0,0
"2026/02/09","2026/02/12","2418","ツカダグローバルＨＤ","東証およびＰＴＳ",,"確報",1200,0,36400,0,0,6000,30400,720000,0,21840000,0,0,3600000,18240000,,,0,0,492800,0,0,84000,2.4,2.2,2.2,2.2,16.1,16.1,16.1
"2026/02/09","2026/02/12","241A","ＲＯＸＸ","東証およびＰＴＳ",,"確報",3100,3100,95300,0,0,95300,0,1866200,1866200,57370600,0,0,57370600,0,,,0,0,1715400,0,0,1715400,48.6,24.3,30.2,26.9,125.4,0,250.8
"2026/02/09","2026/02/12","2424","ブラス","東証およびＰＴＳ",,"確報",0,0,400,0,0,0,400,0,0,252800,0,0,0,252800,,,0,0,0,400,0,0,42,0,21,42,0,0,0
"2026/02/09","2026/02/12","2425","ケアサービス","東証およびＰＴＳ",,"確報",0,200,1500,0,0,0,1500,0,158600,1189500,0,0,0,1189500,,,0,0,0,11900,0,0,40,80,26.7,40,0,0,0
"2026/02/09","2026/02/12","2428","ウェルネット","東証およびＰＴＳ",,"確報",100,800,13800,0,1000,200,13600,66500,532000,9177000,0,665000,133000,9044000,,,0,0,14500,0,0,1200,9.8,41.2,16.8,23.9,2.7,1.9,2.2
"2026/02/09","2026/02/12","2429","ワールドＨＤ","東証およびＰＴＳ",,"確報",1100,0,25000,0,200,900,24100,2844600,0,64650000,0,517200,2327400,62322600,,,0,0,693100,0,0,31900,23.9,18.3,41.1,25.3,10.8,8.6,9.6
"2026/02/09","2026/02/12","2432","ディー・エヌ・エー","東証およびＰＴＳ",,"確報",14100,2200,126300,0,4600,100,126200,35651850,5562700,319349550,0,11631100,252850,319096700,,,0,0,0,11382800,467650,0,15.8,25.3,15.7,19.4,1.7,0.9,1.2
"2026/02/09","2026/02/12","2433","博報堂ＤＹＨＤ","東証およびＰＴＳ",,"確報",100,3400,9500,0,800,25800,-16300,114600,3896400,10887000,0,916800,29566800,-18679800,,,0,0,96000,0,0,199500,12,9.3,7.6,8.4,48.2,8.7,14.7
"2026/02/09","2026/02/12","2435","シダー","東証およびＰＴＳ",,"確報",300,0,1100,0,0,0,1100,65100,0,238700,0,0,0,238700,,,0,0,0,0,0,0,23,15.3,46,23,0,0,0
"2026/02/09","2026/02/12","2436","共同ピーアール","東証およびＰＴＳ",,"確報",0,0,2700,0,0,0,2700,0,0,2573100,0,0,0,2573100,,,0,0,0,124200,0,0,0,0,0,0,0,0,0
"2026/02/09","2026/02/12","2437","シンワワイズ","東証およびＰＴＳ",,"確報",800,0,28100,0,0,0,28100,448800,0,15764100,0,0,0,15764100,,,0,0,273000,0,0,0,22.2,35.5,16.1,22.2,0,0,0
"2026/02/09","2026/02/12","2438","アスカネット","東証およびＰＴＳ",,"確報",1000,600,99600,600,200,99600,0,384000,230400,38246400,230400,76800,38246400,0,,,0,0,595200,0,0,595200,77.5,98.7,46.6,63.3,228.9,63.7,99.7
"2026/02/09","2026/02/12","2440","ぐるなび","東証およびＰＴＳ",,"確報",268500,900,415700,3600,0,604400,-188700,42154500,141300,65264900,565200,0,94890800,-29625900,,,0,0,0,296200,1201600,0,7.1,2.6,2.3,2.4,129.8,198.6,157
"2026/02/09","2026/02/12","2445","タカミヤ","東証およびＰＴＳ",,"確報",3100,0,45400,200,0,5700,39700,1463200,0,21428800,94400,0,2690400,18738400,,,0,0,549900,0,0,71500,55.1,52.5,76.9,62.4,19.4,54.2,28.5
"2026/02/09","2026/02/12","2449","プラップジャパン","東証およびＰＴＳ",,"確報",0,100,1200,0,0,0,1200,0,109800,1317600,0,0,0,1317600,,,0,0,18200,0,0,0,40.7,61,30.5,40.7,0,0,0
"2026/02/09","2026/02/12","244A","グロースエクスパ","東証およびＰＴＳ",,"確報",100,0,3800,0,0,0,3800,142000,0,5396000,0,0,0,5396000,,,0,0,0,196100,0,0,30.2,32.7,28,30.2,0,0,0
"2026/02/09","2026/02/12","2454","オールアバウト","東証およびＰＴＳ",,"確報",0,0,2900,0,0,0,2900,0,0,1145500,0,0,0,1145500,,,0,0,0,0,0,0,0,0,0,0,0,0,0
"2026/02/09","2026/02/12","2459","アウンコンサル","東証およびＰＴＳ",,"確報",5000,1100,18800,0,0,0,18800,1185000,260700,4455600,0,0,0,4455600,,,0,0,14900,0,0,0,2.7,7.6,1.6,2.7,0,0,0
"2026/02/09","2026/02/12","245A","ＩＮＧＳ","東証およびＰＴＳ",,"確報",100,0,600,0,0,0,600,310500,0,1863000,0,0,0,1863000,,,0,0,0,47500,0,0,6.9,7.8,6.2,6.9,0,0,0
"2026/02/09","2026/02/12","2461","ファンコミュニ","東証およびＰＴＳ",,"確報",1200,1400,49000,0,800,61200,-12200,580800,677600,23716000,0,387200,29620800,-5904800,,,0,0,0,49200,62000,0,21.5,20.1,35.9,25.8,16.4,23,19.2
"2026/02/09","2026/02/12","2462","ライク","東証およびＰＴＳ",,"確報",0,0,6100,0,100,2300,3800,0,0,9448900,0,154900,3562700,5886200,,,0,0,6100,0,0,2400,25.4,17.8,33.6,23.2,29.3,39,33.4
"2026/02/09","2026/02/12","2464","Ａｏｂａ‐ＢＢＴ","東証およびＰＴＳ",,"確報",0,0,2500,0,0,0,2500,0,0,850000,0,0,0,850000,,,0,0,0,2500,0,0,0,0,0,0,0,0,0
"2026/02/09","2026/02/12","2469","ヒビノ","東証およびＰＴＳ",,"確報",0,200,2600,0,0,0,2600,0,668000,8684000,0,0,0,8684000,,,0,0,238000,0,0,0,25.5,153,13.9,25.5,0,0,0
"2026/02/09","2026/02/12","246A","アスア","東証およびＰＴＳ",,"確報",100,0,2800,0,0,0,2800,63100,0,1766800,0,0,0,1766800,,,0,0,32400,0,0,0,40,28,70,40,0,0,0
"2026/02/09","2026/02/12","2471","エスプール","東証およびＰＴＳ",,"確報",4400,5800,222100,0,1400,222100,0,1157200,1525400,58412300,0,368200,58412300,0,,,0,0,1117500,0,0,1117500,46.2,30.3,47.8,37.1,44.7,97.6,61.3
"2026/02/09","2026/02/12","2475","ＷＤＢＨＤ","東証およびＰＴＳ",,"確報",400,100,2300,400,100,2300,0,644400,161100,3705300,644400,161100,3705300,0,,,0,0,0,30000,30000,0,21.8,21.8,21.8,21.8,21.8,21.8,21.8
"2026/02/09","2026/02/12","2477","手間いらず","東証およびＰＴＳ",,"確報",800,100,6800,700,0,6800,0,2476000,309500,21046000,2166500,0,21046000,0,,,0,0,0,0,0,0,42.9,21.4,300,40,23.1,0,46.2
"2026/02/09","2026/02/12","2479","ジェイテック","東証およびＰＴＳ",,"確報",0,0,5900,0,0,0,5900,0,0,1433700,0,0,0,1433700,,,0,0,0,0,0,0,117.2,97.7,146.5,117.2,0,0,0
"2026/02/09","2026/02/12","247A","Ａｉ　ロボティクス","東証およびＰＴＳ",,"確報",5900,2900,792400,0,0,0,792400,7829300,3848300,1051514800,0,0,0,1051514800,,,0,0,2368200,0,0,0,126.9,181.5,97.5,126.9,0,0,0
"2026/02/09","2026/02/12","2480","システムロケーション","東証およびＰＴＳ",,"確報",900,0,2300,0,0,0,2300,1532700,0,3916900,0,0,0,3916900,,,0,0,0,23800,0,0,16,8.9,80,16,0,0,0
"2026/02/09","2026/02/12","2481","タウンニュース社","東証およびＰＴＳ",,"確報",0,0,0,0,0,0,0,0,0,0,0,0,0,0,,,0,0,0,0,0,0,0,0,0,0,0,0,0
"2026/02/09","2026/02/12","2483","翻訳センター","東証およびＰＴＳ",,"確報",200,0,1400,0,0,0,1400,384600,0,2692200,0,0,0,2692200,,,0,0,30000,0,0,0,18,31.5,12.6,18,0,0,0
"2026/02/09","2026/02/12","2484","出前館","東証およびＰＴＳ",,"確報",37400,478500,547100,200,16400,972000,-424900,5049000,64597500,73858500,27000,2214000,131220000,-57361500,,,0,0,988200,0,0,988200,10,5.7,3.3,4.2,101.2,164.5,125.3
"2026/02/09","2026/02/12","2485","ティア","東証およびＰＴＳ",,"確報",6800,0,85800,0,0,0,85800,3610800,0,45559800,0,0,0,45559800,,,0,0,0,0,0,0,29.4,15.6,252.2,29.4,0,0,0
"2026/02/09","2026/02/12","2488","ＪＴＰ","東証およびＰＴＳ",,"確報",0,200,15200,0,0,0,15200,0,243400,18498400,0,0,0,18498400,,,0,0,261800,0,0,0,138.9,191,109.1,138.9,0,0,0
"2026/02/09","2026/02/12","2489","アドウェイズ","東証およびＰＴＳ",,"確報",2800,1800,137800,1000,0,137800,0,739200,475200,36379200,264000,0,36379200,0,,,0,0,957600,0,0,957600,78,52.5,96.2,67.9,65.7,151.7,91.7
"2026/02/09","2026/02/12","248A","キッズスター","東証およびＰＴＳ",,"確報",100,0,4800,0,0,0,4800,186000,0,8928000,0,0,0,8928000,,,0,0,0,169200,0,0,472,236,0,472,0,0,0
"2026/02/09","2026/02/12","2491","バリューコマース","東証およびＰＴＳ",,"確報",261400,3100,595200,35800,2800,595200,0,119982600,1422900,273196800,16432200,1285200,273196800,0,,,0,0,0,1684500,2811000,0,5.2,2.2,3.7,2.7,14.9,65.2,24.2
"2026/02/09","2026/02/12","2492","インフォマート","東証およびＰＴＳ",,"確報",109300,5200,466200,105400,1300,466200,0,43392100,2064400,185081400,41843800,516100,185081400,0,,,0,0,5431500,0,0,5431500,14,12.6,19,15.2,11.2,15.8,13.1
"2026/02/09","2026/02/12","2493","イーサポートリンク","東証およびＰＴＳ",,"確報",0,0,1000,0,0,0,1000,0,0,1004000,0,0,0,1004000,,,0,0,0,4000,0,0,51,51,51,51,0,0,0
"2026/02/09","2026/02/12","2497","ユナイテッド","東証およびＰＴＳ",,"確報",2300,100,125200,2300,0,226900,-101700,1196000,52000,65104000,1196000,0,117988000,-52884000,,,0,0,0,492000,898400,0,112.4,129.6,148.2,138.3,422.1,58.2,102.3
"2026/02/09","2026/02/12","2498","オリコンＨＤ","東証およびＰＴＳ",,"確報",0,0,3900,0,0,0,3900,0,0,12304500,0,0,0,12304500,,,0,0,0,58500,0,0,77.2,48.3,193,77.2,0,0,0
"2026/02/09","2026/02/12","2499","日本和装ＨＤ","東証およびＰＴＳ",,"確報",0,0,500,0,0,0,500,0,0,181000,0,0,0,181000,,,0,0,0,500,0,0,11,5.5,0,11,0,0,0
"2026/02/09","2026/02/12","2501","サッポロＨＤ","東証およびＰＴＳ",,"確報",1000,1800,10000,19100,7000,313000,-303000,1743000,3137400,17430000,33291300,12201000,545559000,-528129000,,,0,0,383400,0,0,10681950,7.8,7.4,15.9,10.1,29.8,4.5,7.7
"2026/02/09","2026/02/12","2502","アサヒグループＨＤ","東証およびＰＴＳ",,"確報",4400,35500,192200,0,18100,1500,190700,7460200,60190250,325875100,0,30688550,2543250,323331850,,,0,0,0,7033950,617400,0,13.9,72.9,11.3,19.5,2,1.2,1.5
"2026/02/09","2026/02/12","2503","キリンＨＤ","東証およびＰＴＳ",,"確報",2600,1500,19500,400,3000,7300,12200,6336200,3655500,47521500,974800,7311000,17790100,29731400,,,0,0,0,616400,331650,0,11.1,20.1,9.5,12.9,7.4,8.8,8
"2026/02/09","2026/02/12","250A","シマダヤ","東証およびＰＴＳ",,"確報",500,0,3400,0,0,0,3400,919500,0,6252600,0,0,0,6252600,,,0,0,11600,0,0,0,11.6,18.1,8.5,11.6,0,0,0
"2026/02/09","2026/02/12","2510","ＮＦ国内債券","東証およびＰＴＳ",,"確報",0,2550,1870,10,0,1110,760,0,2110635,1547799,8277,0,918747,629052,,,0,0,0,19006,4730,0,5.6,6.4,3.2,4.3,121.7,3.2,6.2
"2026/02/09","2026/02/12","2511","ＮＦ外債ヘッジ無","東証およびＰＴＳ",,"確報",0,0,120,0,0,10,110,0,0,142800,0,0,11900,130900,,,0,0,0,420,35,0,8.5,4.4,0,8.8,3,0,6
"2026/02/09","2026/02/12","2512","ＮＦ外債ヘッジ有","東証およびＰＴＳ",,"確報",10,0,10,10,0,10,0,7527,0,7527,7527,0,7527,0,,,0,0,0,0,0,0,2,2,2,2,2,2,2
"2026/02/09","2026/02/12","2513","ＮＦ外株ヘッジ無","東証およびＰＴＳ",,"確報",0,40,187,0,40,187,0,0,129840,607002,0,129840,607002,0,,,0,0,11577,0,0,11577,8.1,7.8,24.3,11.8,3.9,13.4,6
"2026/02/09","2026/02/12","2514","ＮＦ外株ヘッジ有","東証およびＰＴＳ",,"確報",0,0,33,0,0,15,18,0,0,62304,0,0,28320,33984,,,0,0,1353,0,0,615,1.6,1.6,1.6,1.6,16,16,16
"2026/02/09","2026/02/12","2515","ＮＦ外ＲＥＩＴヘ無","東証およびＰＴＳ",,"確報",0,0,100,0,0,21,79,0,0,155900,0,0,32739,123161,,,0,0,1600,0,0,336,0,0,0,0,0,0,0
"2026/02/09","2026/02/12","2516","東証グロース２５０","東証およびＰＴＳ",,"確報",1500,356030,230820,440,58200,527890,-297070,844650,200480493,129974742,247764,32772420,297254859,-167280117,,,0,0,4858405,0,0,4860895,4.1,2.6,1.5,1.9,23,13.5,17.1
"2026/02/09","2026/02/12","2517","ＭＸＳＪリートコア","東証およびＰＴＳ",,"確報",0,0,0,0,5760,0,0,0,0,0,0,6958080,0,0,,,0,0,0,0,69120,0,1,0,0,0,1,1,1
"2026/02/09","2026/02/12","2518","ＮＦ日本株女性活躍","東証およびＰＴＳ",,"確報",20,2,20,0,0,0,20,43120,4312,43120,0,0,0,43120,,,0,0,112,0,0,0,2.5,1.4,14,2.5,0,0,0
"2026/02/09","2026/02/12","2519","ＮＦ新興国債券ヘ無","東証およびＰＴＳ",,"確報",0,0,130,0,10,0,130,0,0,154375,0,11875,0,154375,,,0,0,65,0,0,5,22.3,65,0,130,1,0.7,0.8
"2026/02/09","2026/02/12","2520","ＮＦ新興国株式ヘ無","東証およびＰＴＳ",,"確報",0,15,0,120,6,129,-129,0,31350,0,250800,12540,269610,-269610,,,0,0,495,0,0,495,1.9,1,1,1,1.1,24,2
"2026/02/09","2026/02/12","2521","上場米国ヘッジあり","東証およびＰＴＳ",,"確報",3,2,4089,0,0,0,4089,5961,3974,8124843,0,0,0,8124843,,,0,0,179872,0,0,0,11.6,7.2,8878,14.5,1,0,0.1
"2026/02/09","2026/02/12","2522","ｉＳロボット","東証およびＰＴＳ",,"確報",13,1,143,0,0,0,143,89791,6907,987701,0,0,0,987701,,,0,0,33667,0,0,0,9.7,6.4,19.3,9.7,0,0,0
"2026/02/09","2026/02/12","2523","ＭＸＳトピ除く金融","東証およびＰＴＳ",,"確報",0,0,0,0,0,0,0,0,0,0,0,0,0,0,,,0,0,0,0,0,0,0,0,0,0,0,0,0
"2026/02/09","2026/02/12","2524","ＮＺＡＭ　ＴＰＸ","東証およびＰＴＳ",,"確報",0,0,0,0,0,0,0,0,0,0,0,0,0,0,,,0,0,0,0,0,0,0,0,0,0,0,0,0
"2026/02/09","2026/02/12","2525","ＮＺＡＭ　２２５","東証およびＰＴＳ",,"確報",0,0,4,0,0,0,4,0,0,228360,0,0,0,228360,,,0,0,8680,0,0,0,1.8,1.4,1.9,1.6,0,1,2
"2026/02/09","2026/02/12","2526","ＮＺＡＭ　４００","東証およびＰＴＳ",,"確報",0,0,0,0,0,0,0,0,0,0,0,0,0,0,,,0,0,0,0,0,0,0,0,0,0,0,0,0
"2026/02/09","2026/02/12","2527","ＮＺＡＭＪリートコア","東証およびＰＴＳ",,"確報",0,27,38,0,68,22,16,0,32859,46246,0,82756,26774,19472,,,0,0,195,0,0,270,4.8,3.2,3.2,3.2,421,4.8,9.5
"2026/02/09","2026/02/12","2528","ｉＦＪリートコア","東証およびＰＴＳ",,"確報",0,0,377,0,0,10,367,0,0,458055,0,0,12150,445905,,,0,0,0,377,10,0,0,0,0,0,0,0,0
"2026/02/09","2026/02/12","2529","ＮＦ株主還元７０","東証およびＰＴＳ",,"確報",0,200,700,0,0,0,700,0,451000,1578500,0,0,0,1578500,,,0,0,22500,0,0,0,17.3,0,8.7,17.3,0,0,0
"2026/02/09","2026/02/12","2530","ＭＸＳ中国Ａ株１８０","東証およびＰＴＳ",,"確報",104,0,514,0,0,0,514,1851720,0,9151770,0,0,0,9151770,,,0,0,100450,0,0,0,34.2,17.1,0,34.2,0,0,0
"2026/02/09","2026/02/12","2531","宝ホールディングス","東証およびＰＴＳ",,"確報",0,3700,53100,6300,0,144100,-91000,0,5975500,85756500,10174500,0,232721500,-146965000,,,0,0,1107600,0,0,2687100,50.8,27.8,24.6,26.1,107.4,64.2,80.4
"2026/02/09","2026/02/12","2533","オエノンＨＤ","東証およびＰＴＳ",,"確報",2400,3200,10300,0,11100,0,10300,1212000,1616000,5201500,0,5605500,0,5201500,,,0,0,133200,0,0,133200,5.9,11.3,4,5.9,680,3,5.9
"2026/02/09","2026/02/12","253A","ＥＴＳグループ","東証およびＰＴＳ",,"確報",2000,2100,21100,200,0,9000,12100,2308000,2423400,24349400,230800,0,10386000,13963400,,,0,0,1166000,0,0,484000,15,20.2,18.1,19.1,12.4,7.4,9.3
"2026/02/09","2026/02/12","2540","養命酒製造","東証およびＰＴＳ",,"確報",31500,2800,55800,0,0,300,55500,140175000,12460000,248310000,0,0,1335000,246975000,,,0,0,3116500,0,0,34500,3,2.3,4.3,3,0,15,30
"2026/02/09","2026/02/12","254A","ＡＩフュージョンＣＧ","東証およびＰＴＳ",,"確報",0,100,17900,0,0,0,17900,0,89900,16092100,0,0,0,16092100,,,0,0,18000,0,0,0,452,0,226,452,0,0,0
"2026/02/09","2026/02/12","2552","上場ＪリートＭ","東証およびＰＴＳ",,"確報",464,1,464,0,0,0,464,996672,2148,996672,0,0,0,996672,,,0,0,0,18,0,0,1.4,1.1,3.4,1.7,1.2,1.2,1.2
"2026/02/09","2026/02/12","2553","Ｏｎｅ・ＣＳＩ５００","東証およびＰＴＳ",,"確報",940,250,42180,0,0,0,42180,2400760,638500,107727720,0,0,0,107727720,,,0,0,2447910,0,0,0,61.7,32.1,808.6,61.7,0,0,0
"2026/02/09","2026/02/12","2554","ＮＦ米社債ヘ有","東証およびＰＴＳ",,"確報",0,0,0,10,0,10,-10,0,0,0,7788,0,7788,-7788,,,0,0,0,0,0,0,2,0,0,0,1,0,2
"2026/02/09","2026/02/12","2555","東証ＲＥＩＴ－ＥＴＦ","東証およびＰＴＳ",,"確報",0,0,130,10,0,10,120,0,0,267800,20600,0,20600,247200,,,0,0,0,390,0,0,6,31.5,3.7,6.6,1.5,3,2
"2026/02/09","2026/02/12","2556","Ｏｎｅ・Ｊリート","東証およびＰＴＳ",,"確報",0,0,320,0,0,0,320,0,0,658080,0,0,0,658080,,,0,0,2400,0,0,0,0.7,38.8,22.1,28.2,0,0,0
"2026/02/09","2026/02/12","2557","ＳＭＤＡＭトピックス","東証およびＰＴＳ",,"確報",0,0,40,0,0,0,40,0,0,153320,0,0,0,153320,,,0,0,4000,0,0,0,7,5,20,8,0,1,2
"2026/02/09","2026/02/12","2558","ＭＸＳ米株ＳＰ５００","東証およびＰＴＳ",,"確報",0,15,4320,27,329,2231,2089,0,467100,134524800,840780,10245060,69473340,65051460,,,0,0,1950750,0,0,1139850,19.6,45.1,19.4,27.2,11.1,14.3,12.5
"2026/02/09","2026/02/12","2559","ＭＸＳ全世界株式","東証およびＰＴＳ",,"確報",1,1487,3878,12,0,341,3537,26905,40007735,104337590,322860,0,9174605,95162985,,,0,0,2547900,0,0,156275,13.8,18.9,11.6,14.3,4.8,26.7,8.1
"2026/02/09","2026/02/12","255A","ジーエルテクノＨＤ","東証およびＰＴＳ",,"確報",0,200,6200,0,100,400,5800,0,673000,20863000,0,336500,1346000,19517000,,,0,0,416000,0,0,32500,42,31.3,156.5,52.2,11.5,11.5,11.5
"2026/02/09","2026/02/12","2560","ＭＸＳカーボン日本株","東証およびＰＴＳ",,"確報",0,0,1,0,0,0,1,0,0,49450,0,0,0,49450,,,0,0,1400,0,0,0,0,0,0,0,0,0,0
"2026/02/09","2026/02/12","2561","ｉＳ日本国債","東証およびＰＴＳ",,"確報",280,80,1468,200,0,1468,0,579040,165440,3035824,413600,0,3035824,0,,,0,0,0,12680,12680,0,4.1,17.4,3.6,6,7.8,1.6,2.7
"2026/02/09","2026/02/12","2562","上場ダウヘッジあり","東証およびＰＴＳ",,"確報",14,3,1752,0,451,2085,-333,49658,10641,6214344,0,1599697,7395495,-1181151,,,0,0,144503,0,0,210488,11.6,10.6,15.2,12.5,7.8,18.1,10.9
"2026/02/09","2026/02/12","2563","ｉＳＳＰ５百米株ヘジ","東証およびＰＴＳ",,"確報",0,55360,389440,280,25620,585910,-196470,0,20621600,145066400,104300,9543450,218251475,-73185075,,,0,0,3424960,0,0,4706625,27.1,13.7,16.8,15.1,92.6,40,55.8
"2026/02/09","2026/02/12","2564","ＧＸスーパーディビ","東証およびＰＴＳ",,"確報",0,0,0,0,0,0,0,0,0,0,0,0,0,0,,,0,0,0,0,0,0,0,0,0,0,0,0,0
"2026/02/09","2026/02/12","2565","ＧＸロジＪリート","東証およびＰＴＳ",,"確報",0,13,527,0,0,0,527,0,12688,514352,0,0,0,514352,,,0,0,0,0,0,0,3.7,3.9,3.6,3.7,2,2,2
"2026/02/09","2026/02/12","2566","上場ＥＳＧリート","東証およびＰＴＳ",,"確報",0,1,0,0,0,0,0,0,1130,0,0,0,0,0,,,0,0,0,10,0,0,8,0,4,8,0,0,0
"2026/02/09","2026/02/12","2567","ＮＺＡＭ　カーボン","東証およびＰＴＳ",,"確報",0,110,20,0,0,280,-260,0,54857,9974,0,0,139636,-129662,,,0,0,1664,0,0,3584,35.3,0,4.9,9.8,0,0,0
"2026/02/09","2026/02/12","2568","上場ＮＳＱ１００ヘ無","東証およびＰＴＳ",,"確報",0,125,2769,0,3,518,2251,0,841250,18635370,0,20190,3486140,15149230,,,0,0,529602,0,0,95343,3,10.9,1.6,2.7,0,867.3,1734.7
"2026/02/09","2026/02/12","2569","上場ＮＳＱ１００ヘ有","東証およびＰＴＳ",,"確報",200,135,5176,0,0,0,5176,743200,501660,19234016,0,0,0,19234016,,,0,0,408880,0,0,0,17.2,10.7,49.6,17.6,2,2,2
"2026/02/09","2026/02/12","256A","飛島ホールディングス","東証およびＰＴＳ",,"確報",6700,4900,22000,1800,0,22000,0,17627700,12891900,57882000,4735800,0,57882000,0,,,0,0,1494800,0,0,1494800,21.5,11.2,14,12.5,46.5,255.8,78.7
"2026/02/09","2026/02/12","2573","北海道コカ・コーラ","東証およびＰＴＳ",,"確報",800,200,2300,0,0,0,2300,3148000,787000,9050500,0,0,0,9050500,,,0,0,0,51000,0,0,11.5,7.8,21.5,11.5,0,0,0
"2026/02/09","2026/02/12","2579","コカ・コーラＢＪＨ","東証およびＰＴＳ",,"確報",0,7200,13700,2700,2300,53200,-39500,0,25430400,48388400,9536400,8123600,187902400,-139514000,,,0,0,188100,0,0,475200,28.2,118.8,13.2,23.8,36.9,25.5,30.2
"2026/02/09","2026/02/12","257A","ＳＭＴ　日本株厳選投","東証およびＰＴＳ",,"確報",0,611,152,0,0,0,152,0,1861106,462992,0,0,0,462992,,,0,0,80878,0,0,0,10.5,0,5.2,10.5,0,0,0
"2026/02/09","2026/02/12","2585","ライフドリンクＣ","東証およびＰＴＳ",,"確報",600,0,43900,700,0,1400,42500,959400,0,70196100,1119300,0,2238600,67957500,,,0,0,346400,0,0,5600,29.1,25.3,42.8,31.8,1.6,0,3.1
"2026/02/09","2026/02/12","2586","フルッタフルッタ","東証およびＰＴＳ",,"確報",8400,9500,931900,0,0,0,931900,1167600,1320500,129534100,0,0,0,129534100,,,0,0,4665000,0,0,0,76.7,138.6,53,76.7,0,0,0
"2026/02/09","2026/02/12","2587","サントリー食品インタ","東証およびＰＴＳ",,"確報",0,200,500,700,2100,11900,-11400,0,1043000,2607500,3650500,10951500,62058500,-59451000,,,0,0,0,21000,399000,0,3.3,2.6,0.2,0.3,5.5,15.5,8.1
"2026/02/09","2026/02/12","2588","ＰウォーターＨＤ","東証およびＰＴＳ",,"確報",0,0,2100,0,0,0,2100,0,0,7045500,0,0,0,7045500,,,0,0,21000,0,0,0,0,0,0,0,0,0,0
"2026/02/09","2026/02/12","258A","ＳＭＴ　内リート厳選","東証およびＰＴＳ",,"確報",0,0,3,0,0,0,3,0,0,6864,0,0,0,6864,,,0,0,9,0,0,0,6.5,6.5,6.5,6.5,0,0,0
"2026/02/09","2026/02/12","2590","ＤｙＤｏ","東証およびＰＴＳ",,"確報",200,400,8000,200,200,93400,-85400,504200,1008400,20168000,504200,504200,235461400,-215293400,,,0,0,0,114800,1307600,0,99.5,17.6,11.4,13.8,471.8,168.5,248.3
"2026/02/09","2026/02/12","2593","伊藤園","東証およびＰＴＳ",,"確報",4100,1500,61000,2600,0,61000,0,12435300,4549500,185013000,7885800,0,185013000,0,,,0,0,0,1226400,1226400,0,14.4,7.9,7.8,7.8,96.7,78.9,86.9
"2026/02/09","2026/02/12","25935","伊藤園第１種優先株式","東証およびＰＴＳ",,"確報",500,100,14000,0,0,0,14000,908500,181700,25438000,0,0,0,25438000,,,0,0,0,13600,0,0,19.8,17.6,22.7,19.8,0,0,0
"2026/02/09","2026/02/12","2594","キーコーヒー","東証およびＰＴＳ",,"確報",100,1800,5300,600,0,80700,-75400,200400,3607200,10621200,1202400,0,161722800,-151101600,,,0,0,63000,0,0,720900,55.9,8,5.8,6.7,100.3,308.7,151.4
"2026/02/09","2026/02/12","2597","ユニカフェ","東証およびＰＴＳ",,"確報",0,0,900,0,0,0,900,0,0,924300,0,0,0,924300,,,0,0,0,0,0,0,0,0,0,0,0,0,0
"2026/02/09","2026/02/12","2602","日清オイリオグループ","東証およびＰＴＳ",,"確報",0,600,6800,100,300,20300,-13500,0,3516000,39848000,586000,1758000,118958000,-79110000,,,0,0,740000,0,0,2050000,22.9,4.4,16.1,6.9,88.8,41,56.1
"2026/02/09","2026/02/12","2607","不二製油","東証およびＰＴＳ",,"確報",1500,3700,14500,900,3100,14500,0,6285000,15503000,60755000,3771000,12989000,60755000,0,,,0,0,0,1152300,1152300,0,6.5,5.2,3.4,4.1,19.1,12.9,15.4
"2026/02/09","2026/02/12","2612","かどや製油","東証およびＰＴＳ",,"確報",0,0,1500,0,0,0,1500,0,0,6675000,0,0,0,6675000,,,0,0,0,0,0,0,16,8,0,16,0,0,0
"2026/02/09","2026/02/12","2613","Ｊ－オイルミルズ","東証およびＰＴＳ",,"確報",100,2300,4900,0,4700,28100,-23200,203300,4675900,9961700,0,9555100,57127300,-47165600,,,0,0,0,42600,196800,0,26.3,8.1,7.6,7.8,84.5,28.2,42.2
"2026/02/09","2026/02/12","261A","日水コン","東証およびＰＴＳ",,"確報",200,1100,31100,0,0,0,31100,468400,2576200,72836200,0,0,0,72836200,,,0,0,0,736000,0,0,3.4,3.3,3.4,3.4,0,0,0
"2026/02/09","2026/02/12","2620","ｉＳ米国債一三","東証およびＰＴＳ",,"確報",0,10,300,40,0,1010,-710,0,3647,109410,14588,0,368347,-258937,,,0,0,0,341,1067,0,12.2,0,154,308,4.7,481,9.3
"2026/02/09","2026/02/12","2621","ｉＳ米国債二十へジ","東証およびＰＴＳ",,"確報",0,6550,40870,0,0,0,40870,0,7015050,43771770,0,0,0,43771770,,,0,0,0,237100,0,0,25.1,22.7,28.1,25.1,0,0,0
"2026/02/09","2026/02/12","2622","ｉＳ新興国債券へジ","東証およびＰＴＳ",,"確報",0,0,0,0,0,0,0,0,0,0,0,0,0,0,,,0,0,0,0,0,0,0,0,0,0,0,0,0
"2026/02/09","2026/02/12","2623","ｉＳユロＩＧ社債ヘジ","東証およびＰＴＳ",,"確報",0,0,0,0,0,0,0,0,0,0,0,0,0,0,,,0,0,0,0,0,0,0,0,0,0,0,0,0
"2026/02/09","2026/02/12","2624","ｉＦ２２５年４","東証およびＰＴＳ",,"確報",0,200,100,100,1,100,0,0,1133600,566800,566800,5668,566800,0,,,0,0,68100,0,0,227,4.4,10,3.3,5,1,51,2
"2026/02/09","2026/02/12","2625","ｉＦＴＰＸ年４","東証およびＰＴＳ",,"確報",1,1,8,0,0,8,0,3785,3785,30280,0,0,30280,0,,,0,0,680,0,0,680,9.3,4.7,28,8,5.6,0,11.2
"2026/02/09","2026/02/12","2626","ＧＸデジタル日株","東証およびＰＴＳ",,"確報",0,0,308,40,0,540,-232,0,0,874104,113520,0,1532520,-658416,,,0,0,16016,0,0,26000,6.8,3.9,15,6.1,3.7,146.7,7.2
"2026/02/09","2026/02/12","2627","ＧＸｅコマース日株","東証およびＰＴＳ",,"確報",0,0,1960,0,0,0,1960,0,0,2767520,0,0,0,2767520,,,0,0,49000,0,0,0,64.6,64.8,64.3,64.6,0,0,0
"2026/02/09","2026/02/12","2628","ｉＦ中国科創板５０","東証およびＰＴＳ",,"確報",0,209,29746,0,0,0,29746,0,679250,96674500,0,0,0,96674500,,,0,0,2426355,0,0,0,70.1,47.6,132.7,70.1,0,0,0
"2026/02/09","2026/02/12","2629","ｉＦ中国ＧＢＡ１００","東証およびＰＴＳ",,"確報",60,503,21085,0,0,0,21085,228600,1916430,80333850,0,0,0,80333850,,,0,0,1506960,0,0,0,64.5,58.9,71.3,64.5,0,0,0
"2026/02/09","2026/02/12","262A","インターメスティック","東証およびＰＴＳ",,"確報",0,2100,20000,0,0,0,20000,0,4021500,38300000,0,0,0,38300000,,,0,0,0,243100,0,0,48.5,88.9,33.3,48.5,0,0,0
"2026/02/09","2026/02/12","2630","ＭＸＳ米株ＳＰ５ヘ有","東証およびＰＴＳ",,"確報",0,0,425,0,0,0,425,0,0,6283625,0,0,0,6283625,,,0,0,76500,0,0,0,4.2,4.1,4.2,4.2,0,0,0
"2026/02/09","2026/02/12","2631","ＭＸＳナス１００","東証およびＰＴＳ",,"確報",190,396,2174,474,30,2824,-650,5339000,11127600,61089400,13319400,843000,79354400,-18265000,,,0,0,1404200,0,0,1404200,3.7,2,2,2,14.2,101.9,24.9
"2026/02/09","2026/02/12","2632","ＭＸＳナス１００ヘ有","東証およびＰＴＳ",,"確報",335,320,898,200,10,898,0,5153975,4923200,13815730,3077000,153850,13815730,0,,,0,0,194260,0,0,155760,7.4,4.8,5,4.9,16.1,18.4,17.2
"2026/02/09","2026/02/12","2633","Ｓ＆Ｐ５００ヘッジ無","東証およびＰＴＳ",,"確報",4000,1640,18970,300,80,16830,2140,2006400,822624,9515352,150480,40128,8441928,1073424,,,0,0,126236,0,0,126236,4,3.9,1.4,2.1,139,122.9,130.4
"2026/02/09","2026/02/12","2634","Ｓ＆Ｐ５００ヘッジ有","東証およびＰＴＳ",,"確報",0,1163,1375,130,1433,1235,140,0,3394797,4013625,379470,4182927,3604965,408660,,,0,0,53298,0,0,53298,4.7,4.9,4,4.4,7.4,3.8,5
"2026/02/09","2026/02/12","2636","ＧＸガバナンス日株","東証およびＰＴＳ",,"確報",0,6,0,0,15,12,-12,0,26736,0,0,66840,53472,-53472,,,0,0,912,0,0,4104,9.7,0,4,8,29,6.1,10.1
"2026/02/09","2026/02/12","2637","ＧＸクリーン日株","東証およびＰＴＳ",,"確報",1,2,11,0,0,50,-39,2224,4448,24464,0,0,111200,-86736,,,0,0,336,0,0,1400,7.2,2.6,1,1.4,251,251,251
"2026/02/09","2026/02/12","2638","ＧＸロボ＆ＡＩ日株","東証およびＰＴＳ",,"確報",60,6725,14809,0,0,0,14809,149040,16704900,36785556,0,0,0,36785556,,,0,0,1438758,0,0,0,13.7,24.5,9.7,13.9,1,1,1
"2026/02/09","2026/02/12","2639","ＧＸバイオ＆メド日株","東証およびＰＴＳ",,"確報",0,5,2,0,0,12,-10,0,8725,3490,0,0,20940,-17450,,,0,0,322,0,0,552,10.8,6,4.8,5.3,19,19,19
"2026/02/09","2026/02/12","2640","ＧＸゲームアニメ日株","東証およびＰＴＳ",,"確報",353,0,2899,353,0,2899,0,1396468,0,11468444,1396468,0,11468444,0,,,0,0,106932,0,0,106932,5.6,3,5.4,3.8,6,412.5,11.8
"2026/02/09","2026/02/12","2641","ＧＸＧリーダーズ日株","東証およびＰＴＳ",,"確報",0,24,0,10,0,34,-34,0,105072,0,43780,0,148852,-148852,,,0,0,2808,0,0,2808,2,1,1,1,1.7,58,3.3
"2026/02/09","2026/02/12","2642","ＳＭＴ低炭素日本株","東証およびＰＴＳ",,"確報",0,0,0,0,0,0,0,0,0,0,0,0,0,0,,,0,0,0,0,0,0,0,0,0,0,0,0,0
"2026/02/09","2026/02/12","2643","日本株セレクトＥＴＦ","東証およびＰＴＳ",,"確報",0,0,0,0,0,0,0,0,0,0,0,0,0,0,,,0,0,0,0,0,0,0,0,0,0,0,0,0
"2026/02/09","2026/02/12","2644","ＧＸ半導体日株","東証およびＰＴＳ",,"確報",0,7796,15299,1286,0,1729,13570,0,25633248,50303112,4228368,0,5684952,44618160,,,0,0,3926150,0,0,75310,5.1,6.6,6.1,6.3,2.2,0.5,0.8
"2026/02/09","2026/02/12","2645","ＧＸレジ＆エンタ日株","東証およびＰＴＳ",,"確報",0,200,0,0,0,0,0,0,545000,0,0,0,0,0,,,0,0,6400,0,0,0,8,0,4,8,0,0,0
"2026/02/09","2026/02/12","2646","ＧＸメタルビジ日株","東証およびＰＴＳ",,"確報",10,799,2443,0,0,0,2443,34600,2764540,8452780,0,0,0,8452780,,,0,0,452480,0,0,0,11.1,14.4,9,11.1,0,0,0
"2026/02/09","2026/02/12","2647","米債７－１０ヘッジ無","東証およびＰＴＳ",,"確報",0,0,0,0,0,0,0,0,0,0,0,0,0,0,,,0,0,0,0,0,0,0,0,0,0,0,0,0
"2026/02/09","2026/02/12","2648","米債７－１０ヘッジ有","東証およびＰＴＳ",,"確報",0,0,30,0,0,3,27,0,0,105390,0,0,10539,94851,,,0,0,0,240,24,0,24.8,13.4,67,22.3,0,0,0
"2026/02/09","2026/02/12","2649","ｉＳＧＮＭＡ債ヘジ","東証およびＰＴＳ",,"確報",0,0,0,0,0,0,0,0,0,0,0,0,0,0,,,0,0,0,0,0,0,0,0,0,0,0,0,0
"2026/02/09","2026/02/12","264A","Ｓｃｈｏｏ","東証およびＰＴＳ",,"確報",0,2700,56000,0,0,0,56000,0,1771200,36736000,0,0,0,36736000,,,0,0,352200,0,0,0,2,984,1,2,0,0,0
"2026/02/09","2026/02/12","2652","まんだらけ","東証およびＰＴＳ",,"確報",100,0,19700,100,0,13300,6400,34200,0,6737400,34200,0,4548600,2188800,,,0,0,0,39200,26400,0,31.6,28.9,30.6,29.7,190,19,34.5
"2026/02/09","2026/02/12","2653","イオン九州","東証およびＰＴＳ",,"確報",0,400,2200,0,0,0,2200,0,1163600,6399800,0,0,0,6399800,,,0,0,0,39000,0,0,23.6,130,13,23.6,0,0,0
"2026/02/09","2026/02/12","2654","アスモ","東証およびＰＴＳ",,"確報",100,0,2900,0,0,0,2900,40000,0,1160000,0,0,0,1160000,,,0,0,2800,0,0,0,144,144,144,144,0,0,0
"2026/02/09","2026/02/12","2656","ベクターＨＤ","東証およびＰＴＳ",,"確報",0,22900,39600,0,0,0,39600,0,3045700,5266800,0,0,0,5266800,,,0,0,0,125000,0,0,11.2,14.4,9.2,11.2,0,0,0
"2026/02/09","2026/02/12","2659","サンエー","東証およびＰＴＳ",,"確報",0,300,19800,100,0,1000,18800,0,901500,59499000,300500,0,3005000,56494000,,,0,0,0,0,0,0,39.3,132.1,29.4,48,21.3,6.4,9.8
"2026/02/09","2026/02/12","265A","Ｈｍｃｏｍｍ","東証およびＰＴＳ",,"確報",200,200,22600,0,0,0,22600,215200,215200,24317600,0,0,0,24317600,,,0,0,0,429400,0,0,33.2,38.4,29.3,33.2,0,0,0
"2026/02/09","2026/02/12","2664","カワチ薬品","東証およびＰＴＳ",,"確報",1500,2700,5300,800,700,30700,-25400,4665000,8397000,16483000,2488000,2177000,95477000,-78994000,,,0,0,0,130000,612000,0,20.8,5.5,6.7,6,48.2,24.5,32.5
"2026/02/09","2026/02/12","2666","オートウェーブ","東証およびＰＴＳ",,"確報",100,0,3100,0,0,0,3100,17800,0,551800,0,0,0,551800,,,0,0,0,3000,0,0,12.2,6.5,110,12.2,0,0,0
"2026/02/09","2026/02/12","2667","イメージ　ワン","東証およびＰＴＳ",,"確報",108900,6700,869000,132300,30100,869000,0,33976800,2090400,271128000,41277600,9391200,271128000,0,,,0,0,11502000,0,0,11502000,25.7,16.8,53.3,25.5,16.9,54.5,25.8
"2026/02/09","2026/02/12","2668","タビオ","東証およびＰＴＳ",,"確報",0,200,600,0,0,0,600,0,261200,783600,0,0,0,783600,,,0,0,0,3200,0,0,38,0,19,38,0,0,0
"2026/02/09","2026/02/12","2669","カネ美食品","東証およびＰＴＳ",,"確報",0,400,300,600,200,5500,-5200,0,1430000,1072500,2145000,715000,19662500,-18590000,,,0,0,7000,0,0,51000,14.1,0,3.1,6.1,14.8,25.1,18.6
"2026/02/09","2026/02/12","2670","エービーシー・マート","東証およびＰＴＳ",,"確報",900,1000,33500,600,0,5400,28100,2363400,2626000,87971000,1575600,0,14180400,73790600,,,0,0,873600,0,0,124800,45,123.8,35.4,55,9.4,0,18.8
"2026/02/09","2026/02/12","2673","夢みつけ隊","東証およびＰＴＳ",,"確報",0,100,158800,0,0,0,158800,0,21100,33506800,0,0,0,33506800,,,0,0,0,317800,0,0,24.4,36.1,18.4,24.4,0,0,0
"2026/02/09","2026/02/12","2674","ハードオフ","東証およびＰＴＳ",,"確報",100,0,16800,0,0,1200,15600,206500,0,34692000,0,0,2478000,32214000,,,0,0,417500,0,0,30000,302.3,847,169.4,282.3,0,0,0
"2026/02/09","2026/02/12","2676","高千穂交易","東証およびＰＴＳ",,"確報",2100,1100,14900,800,0,115700,-100800,4382700,2295700,31096300,1669600,0,241465900,-210369600,,,0,0,0,0,0,0,34,5.3,7.7,6.3,38,923.8,72.9
"2026/02/09","2026/02/12","2678","アスクル","東証およびＰＴＳ",,"確報",1900,8300,58800,0,6400,58800,0,2536500,11080500,78498000,0,8544000,78498000,0,,,0,0,0,326000,326000,0,5.5,3.4,3,3.2,130.2,10.8,20
"2026/02/09","2026/02/12","2681","ゲオホールディングス","東証およびＰＴＳ",,"確報",5400,1000,40300,0,600,1400,38900,9109800,1687000,67986100,0,1012200,2361800,65624300,,,0,0,0,430800,24000,0,7.8,4,68.3,7.5,48.7,5.6,10.1
"2026/02/09","2026/02/12","2683","魚喜","東証およびＰＴＳ",,"確報",0,0,0,0,0,0,0,0,0,0,0,0,0,0,,,0,0,0,0,0,0,0,0,0,0,0,0,0
"2026/02/09","2026/02/12","2685","アンドエスティＨＤ","東証およびＰＴＳ",,"確報",100,1400,4400,100,1400,4400,0,291700,4083800,12834800,291700,4083800,12834800,0,,,0,0,11400,0,0,11400,6.9,9,5.5,6.8,9.3,5.6,7
"2026/02/09","2026/02/12","2686","ジーフット","東証およびＰＴＳ",,"確報",0,0,500,0,0,0,500,0,0,147000,0,0,0,147000,,,0,0,0,0,0,0,0,0,0,0,0,0,0
"2026/02/09","2026/02/12","2687","ＣＶＳベイエリア","東証およびＰＴＳ",,"確報",0,0,5400,100,100,2800,2600,0,0,2775600,51400,51400,1439200,1336400,,,0,0,5400,0,0,2800,32.2,0,90.3,180.7,10.5,16.3,12.8
"2026/02/09","2026/02/12","2689","オルバヘルスケアＨＤ","東証およびＰＴＳ",,"確報",0,0,500,0,0,200,300,0,0,1059500,0,0,423800,635700,,,0,0,4500,0,0,1800,64,0,0,0,7,0,14
"2026/02/09","2026/02/12","268A","リガク","東証およびＰＴＳ",,"確報",0,7000,34000,0,0,0,34000,0,8568000,41616000,0,0,0,41616000,,,0,0,1394000,0,0,0,26,172.1,14,26,0,0,0
"2026/02/09","2026/02/12","2692","伊藤忠食品","東証およびＰＴＳ",,"確報",200,200,10900,400,0,11300,-400,2360000,2360000,128620000,4720000,0,133340000,-4720000,,,0,0,0,872000,872000,0,25.6,19.6,18.9,19.2,34.6,42.5,38.1
"2026/02/09","2026/02/12","2693","ＹＫＴ","東証およびＰＴＳ",,"確報",0,100,6200,0,0,0,6200,0,23800,1475600,0,0,0,1475600,,,0,0,0,0,0,0,127.6,319,79.8,127.6,0,0,0
"2026/02/09","2026/02/12","2694","焼肉坂井ＨＤ","東証およびＰＴＳ",,"確報",700,100,13000,100,600,300,12700,50400,7200,936000,7200,43200,21600,914400,,,0,0,0,0,0,0,22.2,25.1,48.3,33.1,1.5,1.9,1.7
"2026/02/09","2026/02/12","2695","くら寿司","東証およびＰＴＳ",,"確報",0,2100,23800,0,2100,23800,0,0,7297500,82705000,0,7297500,82705000,0,,,0,0,0,388500,388500,0,16.2,13.3,8.1,10,132.6,25,42.1
"2026/02/09","2026/02/12","2698","キャンドゥ","東証およびＰＴＳ",,"確報",0,0,2700,0,0,0,2700,0,0,9490500,0,0,0,9490500,,,0,0,13500,0,0,0,264,132,0,264,0,0,0
"2026/02/09","2026/02/12","269A","Ｓａｐｅｅｔ","東証およびＰＴＳ",,"確報",0,0,2400,0,0,0,2400,0,0,5037600,0,0,0,5037600,,,0,0,182400,0,0,0,121,121,121,121,0,0,0
"2026/02/09","2026/02/12","2700","木徳神糧","東証およびＰＴＳ",,"確報",0,300,9900,0,0,0,9900,0,790500,26086500,0,0,0,26086500,,,0,0,214200,0,0,0,62.4,55.4,71.3,62.4,0,0,0
"2026/02/09","2026/02/12","2702","日本マクドナルドＨＤ","東証およびＰＴＳ",,"確報",3800,6800,11000,7600,7500,57100,-46100,26220000,46920000,75900000,52440000,51750000,393990000,-318090000,,,0,0,0,840000,3420000,0,11.6,3,6.9,4.2,13.5,22.1,16.8
"2026/02/09","2026/02/12","2705","大戸屋ＨＤ","東証およびＰＴＳ",,"確報",2500,6000,10800,2000,300,16000,-5200,17000000,40800000,73440000,13600000,2040000,108800000,-35360000,,,0,0,3003000,0,0,3003000,7.5,4.4,5.1,4.7,8.7,95.6,15.9
"2026/02/09","2026/02/12","2708","久世","東証およびＰＴＳ",,"確報",100,0,2200,0,0,0,2200,217400,0,4782800,0,0,0,4782800,,,0,0,37800,0,0,0,212,106,0,212,0,0,0
"2026/02/09","2026/02/12","2722","ＩＫホールディングス","東証およびＰＴＳ",,"確報",0,0,2700,0,0,500,2200,0,0,1034100,0,0,191500,842600,,,0,0,0,5400,1000,0,46.9,68.5,68.5,68.5,27,13.5,18
"2026/02/09","2026/02/12","2726","パルグループＨＤ","東証およびＰＴＳ",,"確報",500,8800,388600,0,0,2200,386400,804000,14150400,624868800,0,0,3537600,621331200,,,0,0,0,2778300,15400,0,4.3,4.5,4.1,4.3,2.4,2.8,2.6
"2026/02/09","2026/02/12","2730","エディオン","東証およびＰＴＳ",,"確報",800,7800,27600,700,7700,27600,0,1744000,17004000,60168000,1526000,16786000,60168000,0,,,0,0,1211000,0,0,1211000,4.9,3.6,2.5,2.9,39.1,12,18.3
"2026/02/09","2026/02/12","2733","あらた","東証およびＰＴＳ",,"確報",200,0,1800,400,0,900,900,630000,0,5670000,1260000,0,2835000,2835000,,,0,0,56000,0,0,17500,11.1,19,76,30.4,2.9,7.3,4.1
"2026/02/09","2026/02/12","2734","サーラコーポ","東証およびＰＴＳ",,"確報",100,600,22500,7500,0,58800,-36300,113800,682800,25605000,8535000,0,66914400,-41309400,,,0,0,322000,0,0,718200,21.9,22,8.7,12.4,21.4,65.3,32.2
"2026/02/09","2026/02/12","2735","ワッツ","東証およびＰＴＳ",,"確報",0,300,2200,100,0,500,1700,0,199800,1465200,66600,0,333000,1132200,,,0,0,0,0,0,0,9.5,40.3,6.7,11.5,2.1,7.5,3.3
"2026/02/09","2026/02/12","2736","フェスタリアＨＤ","東証およびＰＴＳ",,"確報",0,0,100,0,0,0,100,0,0,61400,0,0,0,61400,,,0,0,400,0,0,0,0,0,0,0,0,0,0
"2026/02/09","2026/02/12","2737","トーメンデバイス","東証およびＰＴＳ",,"確報",1400,5800,39200,0,0,0,39200,16954000,70238000,474712000,0,0,0,474712000,,,0,0,0,2180000,0,0,4.4,5.5,3.6,4.4,0,0,0
"2026/02/09","2026/02/12","273A","ＳＢＩサウジ上場投信","東証およびＰＴＳ",,"確報",0,0,102,0,0,0,102,0,0,1029690,0,0,0,1029690,,,0,0,7650,0,0,0,25.3,12.6,0,25.3,0,0,0
"2026/02/09","2026/02/12","2742","ハローズ","東証およびＰＴＳ",,"確報",100,0,1200,100,0,1200,0,478500,0,5742000,478500,0,5742000,0,,,0,0,49500,0,0,49500,4.2,3.1,5.7,4,3.3,6.5,4.3
"2026/02/09","2026/02/12","2747","北雄ラッキー","東証およびＰＴＳ",,"確報",0,0,200,0,0,0,200,0,0,652000,0,0,0,652000,,,0,0,1000,0,0,0,5,0,2.5,5,0,0,0
"2026/02/09","2026/02/12","2749","ＪＰホールディングス","東証およびＰＴＳ",,"確報",2200,400,13800,300,200,59900,-46100,1562000,284000,9798000,213000,142000,42529000,-32731000,,,0,0,0,0,0,0,21.4,6.8,48.5,11.9,22.5,27.9,24.9
"2026/02/09","2026/02/12","274A","ガーデン","東証およびＰＴＳ",,"確報",0,0,2900,0,0,0,2900,0,0,6873000,0,0,0,6873000,,,0,0,0,14500,0,0,30,165,16.5,30,0,0,0
"2026/02/09","2026/02/12","2750","石光商事","東証およびＰＴＳ",,"確報",900,0,2600,100,0,900,1700,1201500,0,3471000,133500,0,1201500,2269500,,,0,0,8500,0,0,4000,14.7,8.2,0,16.4,14,10.5,12
"2026/02/09","2026/02/12","2751","テンポスＨＤ","東証およびＰＴＳ",,"確報",0,700,9400,0,700,9400,0,0,2660000,35720000,0,2660000,35720000,0,,,0,0,0,101000,101000,0,67.9,0,42.4,84.8,169.7,33.9,56.6
"2026/02/09","2026/02/12","2752","フジオフードＧ本社","東証およびＰＴＳ",,"確報",4400,1100,110300,700,0,352200,-241900,4703600,1175900,117910700,748300,0,376501800,-258591100,,,0,0,0,214000,703000,0,91.1,86.8,30,44.6,476.3,78.7,135.1
"2026/02/09","2026/02/12","2753","あみやき亭","東証およびＰＴＳ",,"確報",0,0,5200,0,0,0,5200,0,0,7290400,0,0,0,7290400,,,0,0,83200,0,0,0,58.4,37.6,131.5,58.4,0,0,0
"2026/02/09","2026/02/12","2760","東京エレクトロンデバ","東証およびＰＴＳ",,"確報",1200,100,14500,3300,400,4900,9600,4500000,375000,54375000,12375000,1500000,18375000,36000000,,,0,0,1206000,0,0,180000,11.4,14.7,24.3,18.3,2.5,7.7,3.7
"2026/02/09","2026/02/12","2762","ＳＡＮＫＯ　ＭＦ","東証およびＰＴＳ",,"確報",100,0,12100,0,0,0,12100,10000,0,1210000,0,0,0,1210000,,,0,0,0,0,0,0,95.2,47.6,0,95.2,0,0,0
"2026/02/09","2026/02/12","2763","エフティグループ","東証およびＰＴＳ",,"確報",0,0,1600,0,0,0,1600,0,0,2072000,0,0,0,2072000,,,0,0,4800,0,0,0,74,37,0,74,0,0,0
"2026/02/09","2026/02/12","2764","ひらまつ","東証およびＰＴＳ",,"確報",0,100,17100,0,0,0,17100,0,12900,2205900,0,0,0,2205900,,,0,0,17200,0,0,0,34.8,34.8,34.8,34.8,0,0,0
"2026/02/09","2026/02/12","2767","円谷フィールズＨＤ","東証およびＰＴＳ",,"確報",0,2100,78900,0,0,0,78900,0,3752700,140994300,0,0,0,140994300,,,0,0,1053000,0,0,0,48.4,47.3,49.7,48.4,0,0,0
"2026/02/09","2026/02/12","2768","双日","東証およびＰＴＳ",,"確報",0,25600,126900,100,0,100,126800,0,154752000,767110500,604500,0,604500,766506000,,,0,0,17690000,0,0,0,14.3,22.2,12.9,16.3,1.4,1.2,1.3
"2026/02/09","2026/02/12","2769","ヴィレッジヴァンガド","東証およびＰＴＳ",,"確報",0,0,100,0,0,0,100,0,0,97000,0,0,0,97000,,,0,0,0,100,0,0,0,0,0,0,0,0,0
"2026/02/09","2026/02/12","276A","ククレブ","東証およびＰＴＳ",,"確報",2500,500,37400,0,0,0,37400,10475000,2095000,156706000,0,0,0,156706000,,,0,0,0,5310000,0,0,7.7,6.1,10.2,7.7,0,0,0
"2026/02/09","2026/02/12","2776","新都ホールディングス","東証およびＰＴＳ",,"確報",2100,0,34300,0,0,0,34300,270900,0,4424700,0,0,0,4424700,,,0,0,0,64400,0,0,99.6,78.2,136.9,99.6,0,0,0
"2026/02/09","2026/02/12","2778","パレモ・ＨＤ","東証およびＰＴＳ",,"確報",2100,3900,193000,0,1800,193000,0,315000,585000,28950000,0,270000,28950000,0,,,0,0,0,0,0,0,49.3,117.3,27.9,45.1,212.6,31.2,54.4
"2026/02/09","2026/02/12","277A","グロービング","東証およびＰＴＳ",,"確報",300,1200,24300,0,0,0,24300,609300,2437200,49353300,0,0,0,49353300,,,0,0,151200,0,0,0,19.2,32.7,13.6,19.2,0,0,0
"2026/02/09","2026/02/12","2780","コメ兵ＨＤ","東証およびＰＴＳ",,"確報",200,0,12200,0,0,0,12200,692000,0,42212000,0,0,0,42212000,,,0,0,1500000,0,0,0,27.1,62.7,17.3,27.1,0,0,0
"2026/02/09","2026/02/12","2782","セリア","東証およびＰＴＳ",,"確報",700,400,13100,500,200,13100,0,2940000,1680000,55020000,2100000,840000,55020000,0,,,0,0,896000,0,0,896000,5.4,3.9,3.5,3.7,12.2,7.8,9.5
"2026/02/09","2026/02/12","2784","アルフレッサＨＤ","東証およびＰＴＳ",,"確報",900,500,6900,0,2600,13500,-6600,2318400,1288000,17774400,0,6697600,34776000,-17001600,,,0,0,221000,0,0,547400,14.8,5.8,17.7,8.7,71.3,11.1,19.2
"2026/02/09","2026/02/12","2788","アップルインタナショ","東証およびＰＴＳ",,"確報",0,900,10700,0,0,0,10700,0,308700,3670100,0,0,0,3670100,,,0,0,0,0,0,0,57.2,95.3,40.9,57.2,0,0,0
"2026/02/09","2026/02/12","2789","カルラ","東証およびＰＴＳ",,"確報",0,0,0,0,0,0,0,0,0,0,0,0,0,0,,,0,0,0,0,0,0,0,0,0,0,0,0,0
"2026/02/09","2026/02/12","278A","テラドローン","東証およびＰＴＳ",,"確報",3200,2500,40800,0,0,0,40800,8966400,7005000,114321600,0,0,0,114321600,,,0,0,2205500,0,0,0,37.1,31.2,45.8,37.1,0,0,0
"2026/02/09","2026/02/12","2790","ナフコ","東証およびＰＴＳ",,"確報",0,0,4700,0,0,0,4700,0,0,10457500,0,0,0,10457500,,,0,0,0,51700,0,0,74.3,37.2,0,74.3,0,0,0
"2026/02/09","2026/02/12","2791","大黒天物産","東証およびＰＴＳ",,"確報",100,400,29100,100,0,38800,-9700,531000,2124000,154521000,531000,0,206028000,-51507000,,,0,0,1176000,0,0,1548000,38.5,103.9,21.7,35.8,107.3,25.2,40.8
"2026/02/09","2026/02/12","2792","ハニーズＨＬＤ","東証およびＰＴＳ",,"確報",3300,1200,23300,2200,100,23300,0,4930200,1792800,34810200,3286800,149400,34810200,0,,,0,0,0,0,0,0,20.7,11.7,21.7,15.2,19.7,90.5,32.4
"2026/02/09","2026/02/12","2795","日本プリメックス","東証およびＰＴＳ",,"確報",0,0,0,0,0,0,0,0,0,0,0,0,0,0,,,0,0,0,0,0,0,0,0,0,0,0,0,0
"2026/02/09","2026/02/12","2796","ファーマライズＨＤ","東証およびＰＴＳ",,"確報",0,0,3600,100,0,200,3400,0,0,1861200,51700,0,103400,1757800,,,0,0,0,0,0,0,24.1,181,181,181,1.7,1.7,1.7
"2026/02/09","2026/02/12","2798","ワイズテーブル","東証およびＰＴＳ",,"確報",0,0,900,0,0,0,900,0,0,2700000,0,0,0,2700000,,,0,0,0,4500,0,0,46,46,46,46,0,0,0
"2026/02/09","2026/02/12","2801","キッコーマン","東証およびＰＴＳ",,"確報",1800,7500,28800,2000,4000,28800,0,2577600,10740000,41241600,2864000,5728000,41241600,0,,,0,0,1086750,0,0,970200,4.2,3.5,3.8,3.6,4.4,5.6,4.9
"2026/02/09","2026/02/12","2802","味の素","東証およびＰＴＳ",,"確報",1000,81300,270500,1600,58700,53900,216600,4401000,357801300,1190470500,7041600,258338700,237213900,953256600,,,0,0,105941600,0,0,33522000,10.9,115,9.6,17.7,1.5,2.8,1.9
"2026/02/09","2026/02/12","2804","ブルドックソース","東証およびＰＴＳ",,"確報",2000,5900,38200,4400,0,46500,-8300,3856000,11375200,73649600,8483200,0,89652000,-16002400,,,0,0,84200,0,0,84200,34.3,40.2,21.6,28.1,31.5,70.2,43.5
"2026/02/09","2026/02/12","2805","ヱスビー食品","東証およびＰＴＳ",,"確報",0,100,22800,0,0,0,22800,0,444000,101232000,0,0,0,101232000,,,0,0,0,343500,0,0,74.2,593.5,39.6,74.2,0,0,0
"2026/02/09","2026/02/12","2806","ユタカフーズ","東証およびＰＴＳ",,"確報",0,0,0,0,0,0,0,0,0,0,0,0,0,0,,,0,0,0,0,0,0,0,0,0,0,0,0,0
"2026/02/09","2026/02/12","2809","キユーピー","東証およびＰＴＳ",,"確報",100,600,1300,2300,1800,46900,-45600,466600,2799600,6065800,10731800,8398800,218835400,-212769600,,,0,0,106200,0,0,2737600,22.6,10.4,8.1,9.1,14.4,68.6,23.7
"2026/02/09","2026/02/12","280A","ＴＭＨ","東証およびＰＴＳ",,"確報",0,9500,20400,0,0,0,20400,0,13224000,28396800,0,0,0,28396800,,,0,0,0,478400,0,0,11.8,28,7.5,11.8,0,0,0
"2026/02/09","2026/02/12","2810","ハウス食品Ｇ本社","東証およびＰＴＳ",,"確報",1700,200,18500,100,2000,54200,-35700,5287000,622000,57535000,311000,6220000,168562000,-111027000,,,0,0,374000,0,0,1234200,12.6,17.3,24.1,20.1,33.4,7.1,11.7
"2026/02/09","2026/02/12","2811","カゴメ","東証およびＰＴＳ",,"確報",500,1600,35000,100,0,36200,-1200,1435500,4593600,100485000,287100,0,103930200,-3445200,,,0,0,0,126350,126350,0,27.8,47.8,17.1,25.2,59,21,31
"2026/02/09","2026/02/12","2813","和弘食品","東証およびＰＴＳ",,"確報",0,0,3300,0,0,0,3300,0,0,10576500,0,0,0,10576500,,,0,0,0,82500,0,0,112.7,169,84.5,112.7,0,0,0
"2026/02/09","2026/02/12","2814","佐藤食品工業","東証およびＰＴＳ",,"確報",0,0,900,0,0,0,900,0,0,2907000,0,0,0,2907000,,,0,0,22500,0,0,0,28.7,21.5,43,28.7,0,0,0
"2026/02/09","2026/02/12","2815","アリアケジャパン","東証およびＰＴＳ",,"確報",3300,6700,4600,0,5400,4000,600,19305000,39195000,26910000,0,31590000,23400000,3510000,,,0,0,640000,0,0,752000,3.6,2.8,3.4,3,3.9,4.7,4.3
"2026/02/09","2026/02/12","2816","ダイショー","東証およびＰＴＳ",,"確報",100,0,500,100,0,500,0,141400,0,707000,141400,0,707000,0,,,0,0,0,400,400,0,9.7,29,7.3,11.6,14.5,5.8,8.3
"2026/02/09","2026/02/12","2818","ピエトロ","東証およびＰＴＳ",,"確報",0,200,1700,200,0,4600,-2900,0,355000,3017500,355000,0,8165000,-5147500,,,0,0,1900,0,0,4400,9.8,29.3,14.7,19.6,4.4,23.7,7.5
"2026/02/09","2026/02/12","2819","エバラ食品工業","東証およびＰＴＳ",,"確報",1500,100,3900,0,3400,5100,-1200,4198500,279900,10916100,0,9516600,14274900,-3358800,,,0,0,220000,0,0,748000,10.9,6.1,11.8,8.1,24.5,8.7,12.9
"2026/02/09","2026/02/12","281A","インフォメティス","東証およびＰＴＳ",,"確報",0,100,12500,0,0,0,12500,0,32700,4087500,0,0,0,4087500,,,0,0,0,25200,0,0,20.3,15.3,30,20.3,0,0,0
"2026/02/09","2026/02/12","2820","やまみ","東証およびＰＴＳ",,"確報",0,100,17800,0,0,0,17800,0,530000,94340000,0,0,0,94340000,,,0,0,4117000,0,0,0,592,444,888,592,0,0,0
"2026/02/09","2026/02/12","282A","ＧＸ半導体１０日株","東証およびＰＴＳ",,"確報",750,7503,15908,0,0,3107,12801,1362000,13625448,28888928,0,0,5642312,23246616,,,0,0,1926185,0,0,264095,13.4,31.4,7.3,11.8,0,0,0
"2026/02/09","2026/02/12","2831","はごろもフーズ","東証およびＰＴＳ",,"確報",0,0,200,0,0,0,200,0,0,678000,0,0,0,678000,,,0,0,0,2000,0,0,24,0,12,24,0,0,0
"2026/02/09","2026/02/12","2836","ＧＸフィンテック日株","東証およびＰＴＳ",,"確報",0,4,18,0,0,0,18,0,11820,53190,0,0,0,53190,,,0,0,770,0,0,0,3.8,5.5,4.1,4.7,1,1,1
"2026/02/09","2026/02/12","2837","ＧＸ中小リーダー日株","東証およびＰＴＳ",,"確報",0,0,0,0,0,0,0,0,0,0,0,0,0,0,,,0,0,0,0,0,0,3.1,0,1.5,3.1,0,0,0
"2026/02/09","2026/02/12","2838","ＭＸ米債７－１０ヘ無","東証およびＰＴＳ",,"確報",0,0,0,0,0,0,0,0,0,0,0,0,0,0,,,0,0,0,0,0,0,0,0,0,0,0,0,0
"2026/02/09","2026/02/12","2839","ＭＸ米債７－１０ヘ有","東証およびＰＴＳ",,"確報",0,0,0,0,0,0,0,0,0,0,0,0,0,0,,,0,0,0,0,0,0,0,0,0,0,0,0,0
"2026/02/09","2026/02/12","283A","ＧＸＵＳテック配貴族","東証およびＰＴＳ",,"確報",0,0,100,0,0,0,100,0,0,119000,0,0,0,119000,,,0,0,2400,0,0,0,6,3,0,6,0,0,0
"2026/02/09","2026/02/12","2840","ｉＦナス１００Ｈ無","東証およびＰＴＳ",,"確報",500,438,8144,0,70,50,8094,1133000,992508,18454304,0,158620,113300,18341004,,,0,0,355608,0,0,5280,10,8.2,13.1,10.1,4.6,4.6,4.6
"2026/02/09","2026/02/12","2841","ｉＦナス１００Ｈ有","東証およびＰＴＳ",,"確報",4500,184,4500,948,0,948,3552,6597000,269744,6597000,1389768,0,1389768,5207232,,,0,0,6440,0,0,0,2.7,4.7,1.9,2.7,1,0,2
"2026/02/09","2026/02/12","2842","ｉＦナス１００ベア","東証およびＰＴＳ",,"確報",174,0,1699,0,0,30,1669,2502120,0,24431620,0,0,431400,24000220,,,0,0,0,457500,9000,0,16.1,9.5,55.3,16.2,228,7.4,14.3
"2026/02/09","2026/02/12","2843","上場豪債ヘッジあり","東証およびＰＴＳ",,"確報",0,0,268,0,0,0,268,0,0,1010092,0,0,0,1010092,,,0,0,0,11524,0,0,58.8,0,29.4,58.8,0,0,0
"2026/02/09","2026/02/12","2844","上場豪債ヘッジなし","東証およびＰＴＳ",,"確報",0,0,50,0,0,0,50,0,0,274400,0,0,0,274400,,,0,0,0,2350,0,0,0,0,0,0,0,0,0
"2026/02/09","2026/02/12","2845","ナスダックヘッジ有","東証およびＰＴＳ",,"確報",248,320,12405,300,0,1210,11195,760368,981120,38033730,919800,0,3709860,34323870,,,0,0,823482,0,0,60060,23.6,25.5,54.3,34.7,12,3,4.9
"2026/02/09","2026/02/12","2846","ダウヘッジ有","東証およびＰＴＳ",,"確報",0,3,0,0,0,0,0,0,7395,0,0,0,0,0,,,0,0,153,0,0,0,0.9,1,0.9,1,0,0,0
"2026/02/09","2026/02/12","2847","ＧＸ成長インフラ日株","東証およびＰＴＳ",,"確報",0,0,0,0,0,0,0,0,0,0,0,0,0,0,,,0,0,0,0,0,0,0,0,0,0,0,0,0
"2026/02/09","2026/02/12","2848","ＧＸ気候変動日株","東証およびＰＴＳ",,"確報",0,0,0,0,0,0,0,0,0,0,0,0,0,0,,,0,0,0,0,0,0,0,0,0,0,0,0,0
"2026/02/09","2026/02/12","2849","ＧＸ高配当ＥＳＧ日株","東証およびＰＴＳ",,"確報",0,0,0,0,0,0,0,0,0,0,0,0,0,0,,,0,0,0,0,0,0,0,0,0,0,0,0,0
"2026/02/09","2026/02/12","2851","ｉＳＭＳＣＩＪＳＲＩ","東証およびＰＴＳ",,"確報",0,40,0,0,0,0,0,0,14244,0,0,0,0,0,,,0,0,236,0,0,0,6.4,0,4,8,0,0,0
"2026/02/09","2026/02/12","2852","ｉＳグリーンＪリート","東証およびＰＴＳ",,"確報",0,130,280,0,0,0,280,0,25272,54432,0,0,0,54432,,,0,0,656,0,0,0,1.8,5.3,9.5,6.8,1,1,1
"2026/02/09","2026/02/12","2853","ｉＳ気候外国債券ヘジ","東証およびＰＴＳ",,"確報",0,0,0,0,10,0,0,0,0,0,0,6360,0,0,,,0,0,0,0,0,24,8,0,0,0,0,4,8
"2026/02/09","2026/02/12","2854","ＧＸテック２０日株","東証およびＰＴＳ",,"確報",0,105,2130,0,0,23,2107,0,219660,4455960,0,0,48116,4407844,,,0,0,160920,0,0,1656,101.4,121.7,104.3,112.4,4,0,8
"2026/02/09","2026/02/12","2855","ＧＸグリＪリート","東証およびＰＴＳ",,"確報",0,0,1,0,0,1,0,0,0,1051,0,0,1051,0,,,0,0,0,1,1,0,20,5,0,10,0,0,0
"2026/02/09","2026/02/12","2856","ｉＳ米国債三七ヘジ","東証およびＰＴＳ",,"確報",100,0,100,0,0,0,100,67350,0,67350,0,0,0,67350,,,0,0,0,0,0,0,1.8,1,0,2,0,0,0
"2026/02/09","2026/02/12","2857","ｉＳドイツ国債ヘジ","東証およびＰＴＳ",,"確報",100,0,100,0,10,0,100,64150,0,64150,0,6415,0,64150,,,0,0,0,0,38,0,1.9,1.1,6,1.8,3,1.5,2
"2026/02/09","2026/02/12","2858","ＧＸ日経カバコ","東証およびＰＴＳ",,"確報",0,0,231,0,0,0,231,0,0,317856,0,0,0,317856,,,0,0,2541,0,0,0,1.3,2.1,0.9,1.3,0,0,0
"2026/02/09","2026/02/12","2859","ＳＴＯＸＸヘッジ有","東証およびＰＴＳ",,"確報",0,0,2000,0,0,0,2000,0,0,6072000,0,0,0,6072000,,,0,0,88000,0,0,0,0,0,0,0,0,0,0
"2026/02/09","2026/02/12","285A","キオクシアＨＤ","東証およびＰＴＳ",,"確報",2200,169500,1401000,5700,300,12400,1388600,41580000,3203550000,26478900000,107730000,5670000,234360000,26244540000,,,0,0,0,305818500,1365000,0,4.7,4.7,4.8,4.7,5,5.1,5
"2026/02/09","2026/02/12","2860","ＤＡＸヘッジ有","東証およびＰＴＳ",,"確報",100,100,160,0,0,0,160,320300,320300,512480,0,0,0,512480,,,0,0,6240,0,0,0,1.4,4,0.8,1.4,0,0,0
"2026/02/09","2026/02/12","2861","上場フランス国債Ｈ無","東証およびＰＴＳ",,"確報",0,0,0,0,0,0,0,0,0,0,0,0,0,0,,,0,0,0,0,0,0,0,0,0,0,0,0,0
"2026/02/09","2026/02/12","2862","上場フランス国債Ｈ有","東証およびＰＴＳ",,"確報",0,0,0,0,0,0,0,0,0,0,0,0,0,0,,,0,0,0,0,0,0,0,0,0,0,0,0,0
"2026/02/09","2026/02/12","2864","ＧＸロジリート","東証およびＰＴＳ",,"確報",0,0,100,0,0,0,100,0,0,135900,0,0,0,135900,,,0,0,2100,0,0,0,15.2,45.1,9.1,15.2,0,0,0
"2026/02/09","2026/02/12","2865","ＧＸＮＤＸカバコ","東証およびＰＴＳ",,"確報",30007,810,49317,40,2997,484,48833,36308470,980100,59673570,48400,3626370,585640,59087930,,,0,0,60360,0,0,10323,5.1,6.8,4.6,5.5,1.6,1.7,1.7
"2026/02/09","2026/02/12","2866","ＧＸ優先証券","東証およびＰＴＳ",,"確報",10,3,20528,0,100,0,20528,10100,3030,20733280,0,101000,0,20733280,,,0,0,0,41042,200,0,298.7,9999.9,214.2,419.7,1,1,1
"2026/02/09","2026/02/12","2867","ＧＸ自動ＥＶ","東証およびＰＴＳ",,"確報",0,142,35,0,0,0,35,0,227626,56105,0,0,0,56105,,,0,0,4956,0,0,0,7.2,13.9,4.9,7.2,0,0,0
"2026/02/09","2026/02/12","2868","ＧＸＳＰＸカバコ","東証およびＰＴＳ",,"確報",610,213,10574,0,0,0,10574,672830,234939,11663122,0,0,0,11663122,,,0,0,20354,0,0,0,23.6,24,23.2,23.6,0,0,0
"2026/02/09","2026/02/12","2869","ｉＦナス１００ダブル","東証およびＰＴＳ",,"確報",58,261,5075,0,0,0,5075,3318180,14931810,290340750,0,0,0,290340750,,,0,0,13142220,0,0,0,15.1,9.3,60,16.1,0,1.3,2.5
"2026/02/09","2026/02/12","286A","ユカリア","東証およびＰＴＳ",,"確報",0,0,744200,100,3400,104200,640000,0,0,657872800,88400,3005600,92112800,565760000,,,0,0,14884000,0,0,2150000,640.8,9999.9,1489.3,2757.9,168.3,72.8,101.6
"2026/02/09","2026/02/12","2870","ｉＦナス１００Ｗベア","東証およびＰＴＳ",,"確報",685,0,3607,33,0,666,2941,7500750,0,39496650,361350,0,7292700,32203950,,,0,0,0,1504830,325995,0,5.8,4.9,6.5,5.6,4.4,11.9,6.5
"2026/02/09","2026/02/12","2871","ニチレイ","東証およびＰＴＳ",,"確報",100,3600,19700,3200,1900,329400,-309700,202650,7295400,39922050,6484800,3850350,667529100,-627607050,,,0,0,591600,0,0,8366550,30.3,10,14.6,11.8,60.3,23,33.3
"2026/02/09","2026/02/12","2872","セイヒョー","東証およびＰＴＳ",,"確報",0,0,700,0,0,0,700,0,0,1440600,0,0,0,1440600,,,0,0,700,0,0,0,24.7,37,18.5,24.7,0,0,0
"2026/02/09","2026/02/12","2874","横浜冷凍","東証およびＰＴＳ",,"確報",0,1300,15600,3600,300,119200,-103600,0,1790100,21481200,4957200,413100,164138400,-142657200,,,0,0,591500,0,0,4056500,55.8,41,9.9,16,53.2,574.3,97.3
"2026/02/09","2026/02/12","2875","東洋水産","東証およびＰＴＳ",,"確報",0,1800,6900,800,6400,10600,-3700,0,21717000,83248500,9652000,77216000,127889000,-44640500,,,0,0,1957500,0,0,3645000,6.4,4.7,7.2,5.7,9.8,5.3,6.9
"2026/02/09","2026/02/12","2876","デルソーレ","東証およびＰＴＳ",,"確報",0,0,1000,0,0,0,1000,0,0,448000,0,0,0,448000,,,0,0,0,12000,0,0,21,10.5,0,21,0,0,0
"2026/02/09","2026/02/12","2877","日東ベスト","東証およびＰＴＳ",,"確報",0,0,300,0,0,0,300,0,0,222600,0,0,0,222600,,,0,0,0,300,0,0,9.3,28,5.6,9.3,0,0,0
"2026/02/09","2026/02/12","287A","黒田グループ","東証およびＰＴＳ",,"確報",200,1800,65300,0,0,0,65300,203200,1828800,66344800,0,0,0,66344800,,,0,0,267600,0,0,0,14.5,74.6,8,14.5,0,0,0
"2026/02/09","2026/02/12","2882","イートアンドＨＤ","東証およびＰＴＳ",,"確報",0,1000,5800,3300,0,40200,-34400,0,2079000,12058200,6860700,0,83575800,-71517600,,,0,0,0,27200,147600,0,29,93.8,8.7,16,32.4,36.7,34.4
"2026/02/09","2026/02/12","2883","大冷","東証およびＰＴＳ",,"確報",0,0,100,0,0,0,100,0,0,199200,0,0,0,199200,,,0,0,0,1200,0,0,0,0,0,0,0,0,0
"2026/02/09","2026/02/12","2884","ヨシムラフードＨＤ","東証およびＰＴＳ",,"確報",5000,3700,52700,1100,500,87000,-34300,4600000,3404000,48484000,1012000,460000,80040000,-31556000,,,0,0,719600,0,0,1209600,16.9,8.5,6.8,7.6,55.7,63.2,59.2
"2026/02/09","2026/02/12","288A","ラクサス","東証およびＰＴＳ",,"確報",1100,0,35500,0,0,0,35500,144100,0,4650500,0,0,0,4650500,,,0,0,0,34400,0,0,41,25.3,107.7,41,0,0,0
"2026/02/09","2026/02/12","2892","日本食品化工","東証およびＰＴＳ",,"確報",0,200,4400,0,0,0,4400,0,765000,16830000,0,0,0,16830000,,,0,0,69000,0,0,0,114,228,76,114,0,0,0
"2026/02/09","2026/02/12","2894","石井食品","東証およびＰＴＳ",,"確報",100,1200,3500,0,0,0,3500,34200,410400,1197000,0,0,0,1197000,,,0,0,18400,0,0,0,17.2,18,16.5,17.2,0,0,0
"2026/02/09","2026/02/12","2897","日清食品ＨＤ","東証およびＰＴＳ",,"確報",100,4500,33100,100,7600,14900,18200,326800,14706000,108170800,326800,24836800,48693200,59477600,,,0,0,75000,0,0,44800,2.2,3,2.1,2.5,2.2,1.9,2.1
"2026/02/09","2026/02/12","2901","ウェルディッシュ","東証およびＰＴＳ",,"確報",3300,400,23700,0,0,0,23700,1316700,159600,9456300,0,0,0,9456300,,,0,0,0,145600,0,0,57.8,32.4,267.3,57.8,0,0,0
"2026/02/09","2026/02/12","2903","シノブフーズ","東証およびＰＴＳ",,"確報",0,200,100,0,0,0,100,0,377000,188500,0,0,0,188500,,,0,0,0,15000,0,0,3.3,5,2.5,3.3,0,0,0
"2026/02/09","2026/02/12","2904","一正蒲鉾","東証およびＰＴＳ",,"確報",0,100,1500,100,200,1500,0,0,75000,1125000,75000,150000,1125000,0,,,0,0,1600,0,0,1600,21.5,0,14.3,28.7,43,10.8,17.2
"2026/02/09","2026/02/12","2907","あじかん","東証およびＰＴＳ",,"確報",0,0,600,100,0,200,400,0,0,821400,136900,0,273800,547600,,,0,0,10800,0,0,1800,10.6,0,0,0,2.3,1.8,2
"2026/02/09","2026/02/12","2908","フジッコ","東証およびＰＴＳ",,"確報",300,200,14200,0,1500,64100,-49900,484500,323000,22933000,0,2422500,103521500,-80588500,,,0,0,84600,0,0,393600,91,44.6,27.5,34,193.6,113.5,143.1
"2026/02/09","2026/02/12","290A","Ｓｙｎｓ","東証およびＰＴＳ",,"確報",0,12200,360600,0,0,0,360600,0,15018200,443898600,0,0,0,443898600,,,0,0,372800,0,0,0,53.9,100.6,36.9,53.9,0,0,0
"2026/02/09","2026/02/12","2910","ロック・フィールド","東証およびＰＴＳ",,"確報",0,1600,72600,0,1900,116400,-43800,0,2264000,102729000,0,2688500,164706000,-61977000,,,0,0,371000,0,0,591500,152.4,80.8,181.9,111.9,745.5,112.5,195.5
"2026/02/09","2026/02/12","2911","旭松食品","東証およびＰＴＳ",,"確報",100,0,700,0,0,0,700,231000,0,1617000,0,0,0,1617000,,,0,0,0,18000,0,0,20.7,31,15.5,20.7,0,0,0
"2026/02/09","2026/02/12","2914","日本たばこ産業","東証およびＰＴＳ",,"確報",2500,10100,77900,1800,2300,3900,74000,15335000,61953400,477838600,11041200,14108200,23922600,453916000,,,0,0,8122500,0,0,418000,14.2,35.3,13,19,3.4,2.5,2.8
"2026/02/09","2026/02/12","2915","ケンコーマヨネーズ","東証およびＰＴＳ",,"確報",100,400,2400,3200,0,12500,-10100,211600,846400,5078400,6771200,0,26450000,-21371600,,,0,0,99900,0,0,344100,15,9.4,11.1,10.2,11.7,31.3,17
"2026/02/09","2026/02/12","2916","仙波糖化工業","東証およびＰＴＳ",,"確報",0,0,0,0,0,0,0,0,0,0,0,0,0,0,,,0,0,0,0,0,0,0,0,0,0,0,0,0
"2026/02/09","2026/02/12","2917","大森屋","東証およびＰＴＳ",,"確報",0,0,0,0,0,0,0,0,0,0,0,0,0,0,,,0,0,0,0,0,0,0,0,0,0,0,0,0
"2026/02/09","2026/02/12","2918","わらべや日洋ＨＤ","東証およびＰＴＳ",,"確報",300,1500,18200,500,0,2900,15300,1093500,5467500,66339000,1822500,0,10570500,55768500,,,0,0,776000,0,0,96000,10.2,81.5,5.6,10.5,4.9,21.4,7.9
"2026/02/09","2026/02/12","291A","リスキル","東証およびＰＴＳ",,"確報",100,0,800,0,0,0,800,332500,0,2660000,0,0,0,2660000,,,0,0,7000,0,0,0,72,36,0,72,0,0,0
"2026/02/09","2026/02/12","2922","なとり","東証およびＰＴＳ",,"確報",400,1600,4300,6000,0,46000,-41700,767200,3068800,8247400,11508000,0,88228000,-79980600,,,0,0,0,22000,160000,0,8.9,2.6,2.1,2.4,12,375.8,23.2
"2026/02/09","2026/02/12","2923","サトウ食品","東証およびＰＴＳ",,"確報",0,0,400,0,0,0,400,0,0,2964000,0,0,0,2964000,,,0,0,0,0,0,0,0,0,0,0,0,0,0
"2026/02/09","2026/02/12","2924","イフジ産業","東証およびＰＴＳ",,"確報",100,0,2500,200,0,600,1900,209300,0,5232500,418600,0,1255800,3976700,,,0,0,0,31200,5200,0,40,121,0,242,4.8,9.5,6.3
"2026/02/09","2026/02/12","2926","篠崎屋","東証およびＰＴＳ",,"確報",7800,400,81300,4000,0,10900,70400,733200,37600,7642200,376000,0,1024600,6617600,,,0,0,0,73900,6900,0,10.4,8.6,17.4,11.5,4.8,8.4,6.1
"2026/02/09","2026/02/12","2927","ＡＦＣＨＤアムスライ","東証およびＰＴＳ",,"確報",300,0,5600,0,0,0,5600,266700,0,4978400,0,0,0,4978400,,,0,0,5300,0,0,0,12.6,10.8,15.2,12.6,0,0,0
"2026/02/09","2026/02/12","2929","ファーマフーズ","東証およびＰＴＳ",,"確報",900,0,84900,100,0,78500,6400,598500,0,56458500,66500,0,52202500,4256000,,,0,0,168000,0,0,156800,24.3,34.4,26.7,30.1,26.8,16.2,20.2
"2026/02/09","2026/02/12","2930","北の達人コーポ","東証およびＰＴＳ",,"確報",50800,1700,883100,24700,0,993300,-110200,7213600,241400,125400200,3507400,0,141048600,-15648400,,,0,0,0,834000,968600,0,70.2,29,268.8,52.4,50.7,1929.1,98.7
"2026/02/09","2026/02/12","2931","ユーグレナ","東証およびＰＴＳ",,"確報",58600,50500,319100,8100,0,319100,0,24201800,20856500,131788300,3345300,0,131788300,0,,,0,0,1244000,0,0,1244000,6.8,4.8,3.5,4,15.5,32.9,21
"2026/02/09","2026/02/12","2932","ＳＴＩフードＨＤ","東証およびＰＴＳ",,"確報",0,0,2500,0,0,0,2500,0,0,3215000,0,0,0,3215000,,,0,0,0,25000,0,0,81.3,122,61,81.3,0,0,0
"2026/02/09","2026/02/12","2933","紀文食品","東証およびＰＴＳ",,"確報",0,200,6700,100,200,4000,2700,0,224200,7510700,112100,224200,4484000,3026700,,,0,0,55200,0,0,32800,63.8,85.3,85.3,85.3,50.3,40.2,44.7
"2026/02/09","2026/02/12","2934","ジェイフロンティア","東証およびＰＴＳ",,"確報",200,0,1500,0,0,0,1500,271400,0,2035500,0,0,0,2035500,,,0,0,0,74100,0,0,45.3,34,68,45.3,0,0,0
"2026/02/09","2026/02/12","2935","ピックルスＨＤ","東証およびＰＴＳ",,"確報",300,0,6700,0,0,0,6700,384600,0,8589400,0,0,0,8589400,,,0,0,57600,0,0,0,25,56.2,16,25,0,0,0
"2026/02/09","2026/02/12","2936","ベースフード","東証およびＰＴＳ",,"確報",0,0,10000,8600,5100,324000,-314000,0,0,3550000,3053000,1810500,115020000,-111470000,,,0,0,0,60000,1923000,0,74,0,25,50,73,77.3,75.1
"2026/02/09","2026/02/12","2937","サンクゼール","東証およびＰＴＳ",,"確報",100,0,3700,0,0,8700,-5000,175500,0,6493500,0,0,15268500,-8775000,,,0,0,46800,0,0,113100,20.6,15.5,18.9,17,67.1,13.4,22.4
"2026/02/09","2026/02/12","2938","オカムラ食品工業","東証およびＰＴＳ",,"確報",0,1300,25400,2600,0,125400,-100000,0,1475500,28829000,2951000,0,142329000,-113500000,,,0,0,400500,0,0,1842000,94.1,25.2,29.1,27,168.1,239.3,197.5
"2026/02/09","2026/02/12","294A","気候変動ＥＴＦ","東証およびＰＴＳ",,"確報",0,0,0,0,0,0,0,0,0,0,0,0,0,0,,,0,0,0,0,0,0,0,0,0,0,0,0,0
"2026/02/09","2026/02/12","295A","Ｏｎｅ・サウジ","東証およびＰＴＳ",,"確報",0,0,0,0,0,0,0,0,0,0,0,0,0,0,,,0,0,0,0,0,0,0,0,0,0,0,0,0
"2026/02/09","2026/02/12","2961","日本調理機","東証およびＰＴＳ",,"確報",0,0,200,0,0,0,200,0,0,962000,0,0,0,962000,,,0,0,0,0,0,0,0,0,0,0,0,0,0
"2026/02/09","2026/02/12","2962","テクニスコ","東証およびＰＴＳ",,"確報",6100,5200,24900,0,0,0,24900,3891800,3317600,15886200,0,0,0,15886200,,,0,0,2400000,0,0,0,4.2,3.2,6.3,4.2,0,0,0
"2026/02/09","2026/02/12","296A","令和ＡＨ","東証およびＰＴＳ",,"確報",800,200,14600,800,200,14600,0,552000,138000,10074000,552000,138000,10074000,0,,,0,0,0,182000,182000,0,45.6,27.4,97.7,42.8,28.5,171,48.9
"2026/02/09","2026/02/12","2970","ＧＬＣ　ＧＲＯＵＰ","東証およびＰＴＳ",,"確報",0,0,2400,0,0,0,2400,0,0,1939200,0,0,0,1939200,,,0,0,14400,0,0,0,31.5,31.5,31.5,31.5,0,0,0
"2026/02/09","2026/02/12","2971","Ｒ－エスコンジャパン","東証およびＰＴＳ",,"確報",25,0,140,0,0,3,137,3105000,0,17388000,0,0,372600,17015400,,,0,0,0,57500,1500,0,11.9,8.6,20.4,12.1,7,7,7
"2026/02/09","2026/02/12","2972","Ｒ－サンケイＲＥ","東証およびＰＴＳ",,"確報",23,0,165,0,0,0,165,2967000,0,21285000,0,0,0,21285000,,,0,0,0,142000,0,0,8.7,18.6,5.7,8.7,0,0,0
"2026/02/09","2026/02/12","2975","スター・マイカＨＤ","東証およびＰＴＳ",,"確報",0,3100,22400,0,700,9100,13300,0,4839100,34966400,0,1092700,14205100,20761300,,,0,0,382500,0,0,147000,25.1,157.8,19.7,35.1,8.2,29.2,12.8
"2026/02/09","2026/02/12","2978","ツクルバ","東証およびＰＴＳ",,"確報",100,0,2300,0,0,0,2300,45000,0,1035000,0,0,0,1035000,,,0,0,0,0,0,0,75.3,113,56.5,75.3,0,0,0
"2026/02/09","2026/02/12","2979","Ｒ－ＳＯＳｉＬＡ物流","東証およびＰＴＳ",,"確報",19,0,71,0,0,5,66,2409200,0,9002800,0,0,634000,8368800,,,0,0,0,5200,500,0,21.5,14,280,26.7,0,4.8,9.6
"2026/02/09","2026/02/12","297A","アルピコＨＤ","東証およびＰＴＳ",,"確報",300,0,32100,0,0,0,32100,72900,0,7800300,0,0,0,7800300,,,0,0,0,31800,0,0,635.6,317.8,0,635.6,0,0,0
"2026/02/09","2026/02/12","2980","ＳＲＥＨＤ","東証およびＰＴＳ",,"確報",12400,2200,279600,0,900,4700,274900,30652800,5438400,691171200,0,2224800,11618400,679552800,,,0,0,5926800,0,0,123200,33.8,19.6,322.9,37,0,4.6,9.3
"2026/02/09","2026/02/12","2981","ランディックス","東証およびＰＴＳ",,"確報",0,0,6100,0,0,0,6100,0,0,14670500,0,0,0,14670500,,,0,0,445300,0,0,0,154,308,102.7,154,0,0,0
"2026/02/09","2026/02/12","2982","ＡＤワークスグループ","東証およびＰＴＳ",,"確報",1900,1900,501700,0,0,501700,0,915800,915800,241819400,0,0,241819400,0,,,0,0,6020400,0,0,6020400,14.4,8.2,8,8.1,72.6,58,64.5
"2026/02/09","2026/02/12","2983","アールプランナー","東証およびＰＴＳ",,"確報",1100,0,12600,0,0,0,12600,2245100,0,25716600,0,0,0,25716600,,,0,0,1023500,0,0,0,14.4,10.8,21.5,14.4,0,0,0
"2026/02/09","2026/02/12","2984","ヤマイチエステート","東証およびＰＴＳ",,"確報",0,0,5200,0,0,200,5000,0,0,4009200,0,0,154200,3855000,,,0,0,26000,0,0,1000,273,263,263,263,0,0,0
"2026/02/09","2026/02/12","2986","ＬＡホールディングス","東証およびＰＴＳ",,"確報",700,0,21300,0,400,1000,20300,7140000,0,217260000,0,4080000,10200000,207060000,,,0,0,0,1030000,70000,0,28.2,57.8,31.5,40.8,3.8,4.8,4.2
"2026/02/09","2026/02/12","2989","Ｒ－東海道リート","東証およびＰＴＳ",,"確報",3,1,1239,0,0,0,1239,336900,112300,139139700,0,0,0,139139700,,,0,0,0,247400,0,0,7,4,28.6,7,0,0,0
"2026/02/09","2026/02/12","298A","ＧＶＡ　ＴＥＣＨ","東証およびＰＴＳ",,"確報",0,100,3200,0,0,0,3200,0,45900,1468800,0,0,0,1468800,,,0,0,0,13200,0,0,27.8,27.8,27.8,27.8,0,0,0
"2026/02/09","2026/02/12","2991","ランドネット","東証およびＰＴＳ",,"確報",300,100,5300,0,0,0,5300,200100,66700,3535100,0,0,0,3535100,,,0,0,0,5100,0,0,19.4,56.4,11.8,19.4,0,0,0
"2026/02/09","2026/02/12","2993","長栄","東証およびＰＴＳ",,"確報",100,0,1100,0,0,0,1100,243400,0,2677400,0,0,0,2677400,,,0,0,0,11000,0,0,52,52,52,52,0,0,0
"2026/02/09","2026/02/12","2997","ストレージ王","東証およびＰＴＳ",,"確報",500,0,600,0,0,0,600,467000,0,560400,0,0,0,560400,,,0,0,0,1900,0,0,0.6,1.3,0.4,0.6,0,0,0
"2026/02/09","2026/02/12","2998","クリアル","東証およびＰＴＳ",,"確報",2800,400,441200,0,0,0,441200,2497600,356800,393550400,0,0,0,393550400,,,0,0,0,5265600,0,0,172.1,124,281.4,172.1,0,0,0
"2026/02/09","2026/02/12","2999","ホームポジション","東証およびＰＴＳ",,"確報",0,0,1800,0,0,0,1800,0,0,865800,0,0,0,865800,,,0,0,0,7200,0,0,0,0,0,0,0,0,0
"2026/02/09","2026/02/12","299A","クラシル","東証およびＰＴＳ",,"確報",200,1200,43100,0,0,0,43100,212800,1276800,45858400,0,0,0,45858400,,,0,0,1278900,0,0,0,10.4,7,20.5,10.4,0,0,0
"2026/02/09","2026/02/12","3001","片倉工業","東証およびＰＴＳ",,"確報",100,0,2700,500,0,28500,-25800,307000,0,8289000,1535000,0,87495000,-79206000,,,0,0,104000,0,0,1120000,40.4,70.5,11.8,20.1,126.3,27.1,44.6
"2026/02/09","2026/02/12","3002","グンゼ","東証およびＰＴＳ",,"確報",10300,500,22300,24200,0,36700,-14400,46092500,2237500,99792500,108295000,0,164232500,-64440000,,,0,0,0,0,0,0,5.5,4.8,8.5,6.2,3.2,11.5,5
"2026/02/09","2026/02/12","3003","ヒューリック","東証およびＰＴＳ",,"確報",16600,5700,90400,10900,0,90400,0,32859700,11283150,178946800,21576550,0,178946800,0,,,0,0,4372500,0,0,4372500,7.4,5,9.8,6.6,5.9,13.8,8.3
"2026/02/09","2026/02/12","3004","神栄","東証およびＰＴＳ",,"確報",100,200,4200,0,0,100,4100,264700,529400,11117400,0,0,264700,10852700,,,0,0,0,77400,1800,0,28,44.2,27.6,34,1.5,3,2
"2026/02/09","2026/02/12","300A","ＭＩＣ","東証およびＰＴＳ",,"確報",400,0,11200,0,0,0,11200,1254000,0,35112000,0,0,0,35112000,,,0,0,378000,0,0,0,56.5,31.6,268.5,56.5,0,0,0
"2026/02/09","2026/02/12","3010","ポラリスＨＤ","東証およびＰＴＳ",,"確報",26900,0,61800,0,0,0,61800,5030300,0,11556600,0,0,0,11556600,,,0,0,104700,0,0,0,12.8,6.8,126.1,12.8,0,0,0
"2026/02/09","2026/02/12","3011","バナーズ","東証およびＰＴＳ",,"確報",0,0,0,0,0,0,0,0,0,0,0,0,0,0,,,0,0,0,0,0,0,0,0,0,0,0,0,0
"2026/02/09","2026/02/12","3020","アプライド","東証およびＰＴＳ",,"確報",500,0,7200,0,0,0,7200,2152500,0,30996000,0,0,0,30996000,,,0,0,0,67000,0,0,73.8,36.9,0,73.8,0,0,0
"2026/02/09","2026/02/12","3021","パシフィックネット","東証およびＰＴＳ",,"確報",600,0,6000,0,0,0,6000,1221000,0,12210000,0,0,0,12210000,,,0,0,486000,0,0,0,38.4,32,48,38.4,0,0,0
"2026/02/09","2026/02/12","3023","ラサ商事","東証およびＰＴＳ",,"確報",700,1100,17300,0,0,1600,15700,1528100,2401300,37765900,0,0,3492800,34273100,,,0,0,0,513300,46400,0,21,38.5,14,20.6,81,16.2,27
"2026/02/09","2026/02/12","3024","クリエイト","東証およびＰＴＳ",,"確報",0,100,1700,0,0,0,1700,0,123300,2096100,0,0,0,2096100,,,0,0,10800,0,0,0,178,0,89,178,0,0,0
"2026/02/09","2026/02/12","3028","アルペン","東証およびＰＴＳ",,"確報",4200,100,15900,4100,0,15900,0,9193800,218900,34805100,8974900,0,34805100,0,,,0,0,0,330400,330400,0,9.7,6.7,14.6,9.2,7.2,17.1,10.1
"2026/02/09","2026/02/12","302A","ビースタイルＨＤ","東証およびＰＴＳ",,"確報",0,100,1400,0,0,0,1400,0,121000,1694000,0,0,0,1694000,,,0,0,12000,0,0,0,71,71,71,71,0,0,0
"2026/02/09","2026/02/12","3030","ハブ","東証およびＰＴＳ",,"確報",0,200,6200,0,0,0,6200,0,206800,6410800,0,0,0,6410800,,,0,0,0,38400,0,0,22.8,22.8,22.8,22.8,0,0,0
"2026/02/09","2026/02/12","3031","ラクーンＨＤ","東証およびＰＴＳ",,"確報",0,2900,45600,200,3100,45600,0,0,1832800,28819200,126400,1959200,28819200,0,,,0,0,48500,0,0,48500,25.5,79.9,13.4,22.9,275.2,15.2,28.8
"2026/02/09","2026/02/12","3034","クオールＨＤ","東証およびＰＴＳ",,"確報",80000,200,512900,100,100,23300,489600,153040000,382600,981177700,191300,191300,44572900,936604800,,,0,0,0,29883900,1607700,0,15.1,13.3,20,16,3.1,56.5,5.9
"2026/02/09","2026/02/12","3035","ケイティケイ","東証およびＰＴＳ",,"確報",200,0,20900,0,0,100,20800,133000,0,13898500,0,0,66500,13832000,,,0,0,124200,0,0,600,521,344.7,0,689.3,0,8,16
"2026/02/09","2026/02/12","3036","アルコニックス","東証およびＰＴＳ",,"確報",900,3700,22300,0,2800,22300,0,2583000,10619000,64001000,0,8036000,64001000,0,,,0,0,1982900,0,0,1982900,6.5,4.2,3.8,4,53.6,21.1,30.3
"2026/02/09","2026/02/12","3038","神戸物産","東証およびＰＴＳ",,"確報",8000,0,80700,0,5000,26500,54200,30104000,0,303674100,0,18815000,99719500,203954600,,,0,0,0,290800,126000,0,26.4,23.3,47.8,31.3,26.5,15,19.1
"2026/02/09","2026/02/12","303A","ｖｉｓｕｍｏ","東証およびＰＴＳ",,"確報",0,0,800,0,0,0,800,0,0,716800,0,0,0,716800,,,0,0,800,0,0,0,25.3,19,38,25.3,0,0,0
"2026/02/09","2026/02/12","3040","ソリトンシステムズ","東証およびＰＴＳ",,"確報",500,400,14100,0,0,0,14100,984500,787600,27762900,0,0,0,27762900,,,0,0,602000,0,0,0,2.5,2.5,2.6,2.5,0,0,0
"2026/02/09","2026/02/12","3041","ビューティカダンＨＤ","東証およびＰＴＳ",,"確報",200,100,2800,100,0,2800,0,95800,47900,1341200,47900,0,1341200,0,,,0,0,5400,0,0,5400,23.4,50.7,13.8,21.7,76,15.2,25.3
"2026/02/09","2026/02/12","3042","セキュアヴェイル","東証およびＰＴＳ",,"確報",4600,600,90000,4000,0,90000,0,1660600,216600,32490000,1444000,0,32490000,0,,,0,0,86000,0,0,86000,32.2,16.1,160.9,29.3,17.9,0,35.8
"2026/02/09","2026/02/12","3045","カワサキ","東証およびＰＴＳ",,"確報",0,0,600,0,0,0,600,0,0,900000,0,0,0,900000,,,0,0,5400,0,0,0,30,15,0,30,0,0,0
"2026/02/09","2026/02/12","3046","ＪＩＮＳＨＤ","東証およびＰＴＳ",,"確報",5600,600,96800,0,100,0,96800,29792000,3192000,514976000,0,532000,0,514976000,,,0,0,10098000,0,0,11000,4.6,4.6,4.7,4.6,2,2,2
"2026/02/09","2026/02/12","3048","ビックカメラ","東証およびＰＴＳ",,"確報",100,600,10300,1600,5000,105400,-95100,174700,1048200,17994100,2795200,8735000,184133800,-166139700,,,0,0,43200,0,0,435200,11.7,32.3,16.2,21.6,35.5,6.7,11.2
"2026/02/09","2026/02/12","304A","フォルシア","東証およびＰＴＳ",,"確報",0,0,600,0,0,0,600,0,0,1146000,0,0,0,1146000,,,0,0,0,17400,0,0,0,0,0,0,0,0,0
"2026/02/09","2026/02/12","3050","ＤＣＭＨＤ","東証およびＰＴＳ",,"確報",900,1200,7400,5200,0,20300,-12900,1518300,2024400,12483800,8772400,0,34246100,-21762300,,,0,0,30800,0,0,60400,10.5,13.4,6.8,9,7.7,22.3,11.5
"2026/02/09","2026/02/12","3053","ペッパーフドサビス","東証およびＰＴＳ",,"確報",1300,48000,167900,0,300,452700,-284800,224900,8304000,29046700,0,51900,78317100,-49270400,,,0,0,214600,0,0,453000,45.4,142.7,11.1,20.6,66.4,449.8,115.7
"2026/02/09","2026/02/12","3054","ハイパー","東証およびＰＴＳ",,"確報",0,100,4200,0,0,0,4200,0,28200,1184400,0,0,0,1184400,,,0,0,8600,0,0,0,24.9,33.9,19.8,24.9,0,0,0
"2026/02/09","2026/02/12","3058","三洋堂ＨＤ","東証およびＰＴＳ",,"確報",0,0,0,0,0,2500,-2500,0,0,0,0,0,1745000,-1745000,,,0,0,0,0,0,7500,13.1,1,0.1,0.2,43.3,26,32.5
"2026/02/09","2026/02/12","3059","ヒラキ","東証およびＰＴＳ",,"確報",100,100,700,0,0,700,0,82900,82900,580300,0,0,580300,0,,,0,0,0,0,0,0,11.7,10.3,6.8,8.2,41,13.7,20.5
"2026/02/09","2026/02/12","3063","ジェイグループＨＤ","東証およびＰＴＳ",,"確報",0,2900,4500,1700,900,19500,-15000,0,2441800,3789000,1431400,757800,16419000,-12630000,,,0,0,14800,0,0,37400,14.3,63.3,5.4,9.9,12.2,32.9,17.8
"2026/02/09","2026/02/12","3064","ＭｏｎｏｔａＲＯ","東証およびＰＴＳ",,"確報",5500,500,139700,17000,0,34900,104800,11737000,1067000,298119800,36278000,0,74476600,223643200,,,0,0,0,3300150,438550,0,21.8,31.2,31.6,31.4,4.6,18.7,7.3
"2026/02/09","2026/02/12","3065","ライフフーズ","東証およびＰＴＳ",,"確報",0,0,100,0,0,0,100,0,0,164200,0,0,0,164200,,,0,0,300,0,0,0,0,0,0,0,0,0,0
"2026/02/09","2026/02/12","3067","東京一番フーズ","東証およびＰＴＳ",,"確報",600,0,3100,0,100,8600,-5500,271800,0,1404300,0,45300,3895800,-2491500,,,0,0,2500,0,0,8700,68.5,22.3,134,38.3,448,49.8,89.6
"2026/02/09","2026/02/12","3068","ＷＤＩ","東証およびＰＴＳ",,"確報",0,0,2300,0,0,0,2300,0,0,7417500,0,0,0,7417500,,,0,0,11500,0,0,0,117,0,58.5,117,0,0,0
"2026/02/09","2026/02/12","3069","ＪＦＬＡＨＤ","東証およびＰＴＳ",,"確報",100,1500,16200,100,1500,16200,0,16400,246000,2656800,16400,246000,2656800,0,,,0,0,17600,0,0,17600,14.8,67.1,7.6,13.7,268.3,8.3,16.1
"2026/02/09","2026/02/12","3070","ジェリービーンズ","東証およびＰＴＳ",,"確報",51400,71200,4807300,0,0,0,4807300,4728800,6550400,442271600,0,0,0,442271600,,,0,0,0,9654200,0,0,3.2,3.3,3,3.2,0,0,0
"2026/02/09","2026/02/12","3071","ストリーム","東証およびＰＴＳ",,"確報",0,0,1100,0,0,0,1100,0,0,118800,0,0,0,118800,,,0,0,2200,0,0,0,0,0,0,0,0,0,0
"2026/02/09","2026/02/12","3075","銚子丸","東証およびＰＴＳ",,"確報",0,0,400,0,0,0,400,0,0,660000,0,0,0,660000,,,0,0,0,3200,0,0,0,0,0,0,0,0,0
"2026/02/09","2026/02/12","3076","あいホールディングス","東証およびＰＴＳ",,"確報",700,200,10200,500,0,10200,0,1925000,550000,28050000,1375000,0,28050000,0,,,0,0,388000,0,0,388000,28.2,14.5,93,25.1,16.6,465,32.1
"2026/02/09","2026/02/12","3077","ホリイフードサービス","東証およびＰＴＳ",,"確報",0,0,9700,0,0,0,9700,0,0,4529900,0,0,0,4529900,,,0,0,0,58200,0,0,92.2,46.1,0,92.2,0,0,0
"2026/02/09","2026/02/12","3079","ディーブイエックス","東証およびＰＴＳ",,"確報",100,0,600,1000,0,9900,-9300,127400,0,764400,1274000,0,12612600,-11848200,,,0,0,41000,0,0,729800,28.1,26,0,52,48,19.2,27.4
"2026/02/09","2026/02/12","3080","ジェーソン","東証およびＰＴＳ",,"確報",100,0,100,0,0,0,100,83900,0,83900,0,0,0,83900,,,0,0,0,0,0,0,2,2.5,1.7,2,0,0,0
"2026/02/09","2026/02/12","3082","きちりＨＤ","東証およびＰＴＳ",,"確報",200,500,8400,0,800,10700,-2300,187200,468000,7862400,0,748800,10015200,-2152800,,,0,0,0,34800,46000,0,24.7,25.6,22.8,24.1,0,12.5,25
"2026/02/09","2026/02/12","3083","スターシーズ","東証およびＰＴＳ",,"確報",13100,100,47000,0,0,0,47000,9615400,73400,34498000,0,0,0,34498000,,,0,0,136000,0,0,0,9.7,5,156.8,9.7,0,0,0
"2026/02/09","2026/02/12","3086","Ｊ．フロントリテイリ","東証およびＰＴＳ",,"確報",0,2100,400,14600,4200,41700,-41300,0,5784450,1101800,40215700,11568900,114862650,-113760850,,,0,0,172500,0,0,2159700,1.9,4.6,1.8,2.6,1.8,1.9,1.9
"2026/02/09","2026/02/12","3087","ドトール・日レスＨＤ","東証およびＰＴＳ",,"確報",800,2000,9000,1300,0,14800,-5800,2357600,5894000,26523000,3831100,0,43615600,-17092600,,,0,0,561000,0,0,742500,6.5,3.5,4.2,3.8,16.7,7.1,10
"2026/02/09","2026/02/12","3088","マツキヨココカラ","東証およびＰＴＳ",,"確報",0,2300,95100,0,0,200,94900,0,6129500,253441500,0,0,533000,252908500,,,0,0,3214200,0,0,6600,105.7,150,81.3,105.5,0,0,0
"2026/02/09","2026/02/12","3089","テクノアルファ","東証およびＰＴＳ",,"確報",0,200,6500,0,0,400,6100,0,252400,8203000,0,0,504800,7698200,,,0,0,60300,0,0,3600,19.2,26.6,16.5,20.4,4.5,0,9
"2026/02/09","2026/02/12","3091","ブロンコビリー","東証およびＰＴＳ",,"確報",0,0,1700,0,0,0,1700,0,0,6647000,0,0,0,6647000,,,0,0,42500,0,0,0,91,0,45.5,91,0,0,0
"2026/02/09","2026/02/12","3092","ＺＯＺＯ","東証およびＰＴＳ",,"確報",5900,8700,99300,200,3000,99300,0,6876450,10139850,115734150,233100,3496500,115734150,0,,,0,0,1174150,0,0,1174150,22,21.3,36.5,26.9,15.8,22.8,18.6
"2026/02/09","2026/02/12","3093","トレジャーファクトリ","東証およびＰＴＳ",,"確報",400,100,36000,900,0,5900,30100,681600,170400,61344000,1533600,0,10053600,51290400,,,0,0,0,0,0,0,42.1,104.7,59.3,75.7,6.9,21.9,10.5
"2026/02/09","2026/02/12","3096","オーシャンシステム","東証およびＰＴＳ",,"確報",300,200,2100,0,0,0,2100,519900,346600,3639300,0,0,0,3639300,,,0,0,0,94000,0,0,27.1,19,47.5,27.1,0,0,0
"2026/02/09","2026/02/12","3097","物語コーポレーション","東証およびＰＴＳ",,"確報",5800,200,7700,3500,100,5100,2600,24737000,853000,32840500,14927500,426500,21751500,11089000,,,0,0,42000,0,0,34000,1.8,1.4,1.7,1.5,2.9,9,4.3
"2026/02/09","2026/02/12","3099","三越伊勢丹ホールディ","東証およびＰＴＳ",,"確報",39200,8600,45200,34100,8300,91100,-45900,120030400,26333200,138402400,104414200,25414600,278948200,-140545800,,,0,0,569400,0,0,2546700,2.6,2.6,2.1,2.3,2,4.9,2.8
"2026/02/09","2026/02/12","3101","東洋紡","東証およびＰＴＳ",,"確報",17000,17800,31600,2900,3700,31600,0,25449000,26646600,47305200,4341300,5538900,47305200,0,,,0,0,2721600,0,0,2721600,6.9,4.6,4.3,4.4,17.9,14.2,15.9
"2026/02/09","2026/02/12","3103","ユニチカ","東証およびＰＴＳ",,"確報",133700,39900,615700,3000,47000,477900,137800,123271400,36787800,567675400,2766000,43334000,440623800,127051600,,,0,0,78285000,0,0,78285000,4.9,4.2,4.4,4.3,5,7.4,6
"2026/02/09","2026/02/12","3104","富士紡ＨＤ","東証およびＰＴＳ",,"確報",300,500,16400,100,300,16400,0,2967000,4945000,162196000,989000,2967000,162196000,0,,,0,0,2988000,0,0,2988000,12.4,6.6,8,7.2,85.1,27.5,41.5
"2026/02/09","2026/02/12","3105","日清紡ＨＤ","東証およびＰＴＳ",,"確報",2300,2000,42600,1700,1400,42600,0,3996250,3475000,74017500,2953750,2432500,74017500,0,,,0,0,1543950,0,0,1543950,9.8,6.6,16.2,9.4,7.1,18.9,10.3
"2026/02/09","2026/02/12","3106","倉敷紡績","東証およびＰＴＳ",,"確報",400,1300,1800,1200,0,21600,-19800,4228000,13741000,19026000,12684000,0,228312000,-209286000,,,0,0,2646000,0,0,19992000,20.4,3.2,3,3.1,35,33.9,34.4
"2026/02/09","2026/02/12","3107","ダイワボウＨＤ","東証およびＰＴＳ",,"確報",800,0,3500,600,0,600,2900,2452000,0,10727500,1839000,0,1839000,8888500,,,0,0,0,248400,0,0,7.3,8.4,16.8,11.2,3.9,2.1,2.7
"2026/02/09","2026/02/12","3109","シキボウ","東証およびＰＴＳ",,"確報",1100,0,11500,0,300,5500,6000,1232000,0,12880000,0,336000,6160000,6720000,,,0,0,104000,0,0,58000,4.6,7,6.6,6.8,3.1,3,3.1
"2026/02/09","2026/02/12","3110","日東紡績","東証およびＰＴＳ",,"確報",1800,45700,75200,2300,800,5200,70000,32058000,813917000,1339312000,40963000,14248000,92612000,1246700000,,,0,0,108381000,0,0,3367000,5.8,7.9,4.6,5.9,4.2,4.6,4.4
"2026/02/09","2026/02/12","3111","オーミケンシ","東証およびＰＴＳ",,"確報",100,0,2800,0,0,0,2800,24700,0,691600,0,0,0,691600,,,0,0,0,10800,0,0,41.7,146,24.3,41.7,0,0,0
"2026/02/09","2026/02/12","3113","ＵＮＩＶＡ・Ｏａｋ","東証およびＰＴＳ",,"確報",500,0,47900,0,0,0,47900,35500,0,3400900,0,0,0,3400900,,,0,0,0,47400,0,0,34.4,20.2,117.6,34.4,0,0,0
"2026/02/09","2026/02/12","3116","トヨタ紡織","東証およびＰＴＳ",,"確報",12500,12600,25200,1800,1900,25200,0,38112500,38417400,76834800,5488200,5793100,76834800,0,,,0,0,2352900,0,0,2352900,3.3,2.5,3.9,3,2.9,4.8,3.6
"2026/02/09","2026/02/12","3121","マーチャントバンカズ","東証およびＰＴＳ",,"確報",7900,186400,168000,0,2300,182800,-14800,1864400,43990400,39648000,0,542800,43140800,-3492800,,,0,0,0,3465000,1851000,0,3.6,2.2,2.3,2.3,199.9,38.7,64.8
"2026/02/09","2026/02/12","3123","サイボー","東証およびＰＴＳ",,"確報",0,0,15200,0,0,0,15200,0,0,9500000,0,0,0,9500000,,,0,0,0,0,0,0,512,0,256,512,0,0,0
"2026/02/09","2026/02/12","3131","シンデンハイテク","東証およびＰＴＳ",,"確報",200,2700,6300,0,0,0,6300,582200,7859700,18339300,0,0,0,18339300,,,0,0,0,624800,0,0,17.3,70.7,9.9,17.3,0,0,0
"2026/02/09","2026/02/12","3132","マクニカＨＤ","東証およびＰＴＳ",,"確報",4700,2200,31400,100,7700,13300,18100,12032000,5632000,80384000,256000,19712000,34048000,46336000,,,0,0,939250,0,0,679250,6.4,6.2,8.6,7.2,6.8,4.7,5.5
"2026/02/09","2026/02/12","3133","海帆","東証およびＰＴＳ",,"確報",100,100,49200,0,0,0,49200,41100,41100,20221200,0,0,0,20221200,,,0,0,49200,0,0,0,55.8,59.8,52.2,55.8,0,0,0
"2026/02/09","2026/02/12","3134","Ｈａｍｅｅ","東証およびＰＴＳ",,"確報",100,1700,31400,0,1600,31400,0,48100,817700,15103400,0,769600,15103400,0,,,0,0,0,99000,99000,0,24.8,41.3,16.9,24,46,17.7,25.6
"2026/02/09","2026/02/12","3135","マーケットエンター","東証およびＰＴＳ",,"確報",0,200,3400,0,0,0,3400,0,281400,4783800,0,0,0,4783800,,,0,0,25200,0,0,0,8.5,12.5,6.4,8.5,0,0,0
"2026/02/09","2026/02/12","3137","ファンデリー","東証およびＰＴＳ",,"確報",100,0,6000,0,0,3900,2100,22200,0,1332000,0,0,865800,466200,,,0,0,0,0,0,0,20.5,41.4,26.4,32.2,58,8,14.1
"2026/02/09","2026/02/12","3138","富士山マガジン","東証およびＰＴＳ",,"確報",0,0,3100,0,0,0,3100,0,0,3199200,0,0,0,3199200,,,0,0,0,12400,0,0,0,0,0,0,0,0,0
"2026/02/09","2026/02/12","3139","ラクト・ジャパン","東証およびＰＴＳ",,"確報",0,0,4400,0,100,2800,1600,0,0,15840000,0,360000,10080000,5760000,,,0,0,0,22000,14500,0,11.1,24.2,12.8,16.8,8.3,7.2,7.7
"2026/02/09","2026/02/12","313A","ｉＳＳＰ５００Ｔ２０","東証およびＰＴＳ",,"確報",90,0,36670,10,0,10,36660,21294,0,8676122,2366,0,2366,8673756,,,0,0,164610,0,0,0,7.6,42.5,4.2,7.6,2,2,2
"2026/02/09","2026/02/12","3140","ＢＲＵＮＯ","東証およびＰＴＳ",,"確報",500,0,15100,0,2000,23200,-8100,512500,0,15477500,0,2050000,23780000,-8302500,,,0,0,0,14600,25200,0,36.4,26.7,99,42,192,18.7,34
"2026/02/09","2026/02/12","3143","オーウイル","東証およびＰＴＳ",,"確報",0,100,1800,0,0,0,1800,0,76500,1377000,0,0,0,1377000,,,0,0,102600,0,0,0,47.5,95,31.7,47.5,0,0,0
"2026/02/09","2026/02/12","3148","クリエイトＳＤＨＤ","東証およびＰＴＳ",,"確報",1800,8100,7300,4300,0,17900,-10600,5994000,26973000,24309000,14319000,0,59607000,-35298000,,,0,0,136000,0,0,136000,5.4,3.8,3.5,3.7,6.1,12.9,8.3
"2026/02/09","2026/02/12","314A","ｉＳゴールド","東証およびＰＴＳ",,"確報",55460,295880,1841480,0,6000,0,1841480,20658850,110215300,685951300,0,2235000,0,685951300,,,0,0,23733660,0,0,68400,12.2,15.7,13.3,14.4,1,1,1
"2026/02/09","2026/02/12","3150","グリムス","東証およびＰＴＳ",,"確報",200,100,22500,0,200,1600,20900,513000,256500,57712500,0,513000,4104000,53608500,,,0,0,0,403200,32400,0,7.9,4,50,7.3,41,41,41
"2026/02/09","2026/02/12","3151","バイタルＫＳＫＨＤ","東証およびＰＴＳ",,"確報",1500,600,7600,900,0,7600,0,2116500,846600,10723600,1269900,0,10723600,0,,,0,0,0,13400,13400,0,14.7,7.9,26.3,12.1,10.2,105,18.5
"2026/02/09","2026/02/12","3153","八洲電機","東証およびＰＴＳ",,"確報",0,0,7800,0,0,0,7800,0,0,28080000,0,0,0,28080000,,,0,0,468000,0,0,0,19.1,119.5,10.4,19.1,0,0,0
"2026/02/09","2026/02/12","3154","メディアスＨＤ","東証およびＰＴＳ",,"確報",0,100,4800,100,0,2900,1900,0,81800,3926400,81800,0,2372200,1554200,,,0,0,39200,0,0,22400,32.5,15.1,75.7,25.2,73.5,49,58.8
"2026/02/09","2026/02/12","3156","レスター","東証およびＰＴＳ",,"確報",700,800,3200,0,100,3200,0,2117500,2420000,9680000,0,302500,9680000,0,,,0,0,128700,0,0,128700,6.9,6.8,4.7,5.6,6.2,112,11.8
"2026/02/09","2026/02/12","3157","ジオリーブグループ","東証およびＰＴＳ",,"確報",0,0,2600,0,0,0,2600,0,0,4162600,0,0,0,4162600,,,0,0,20800,0,0,0,0,0,0,0,0,0,0
"2026/02/09","2026/02/12","3159","丸善ＣＨＩＨＤ","東証およびＰＴＳ",,"確報",0,0,10000,100,700,6900,3100,0,0,3390000,33900,237300,2339100,1050900,,,0,0,0,0,0,0,47.3,47.7,53,50.2,62.3,34,44
"2026/02/09","2026/02/12","315A","ＧＸ銀行高配当日株","東証およびＰＴＳ",,"確報",330,11133,16408,0,0,1762,14646,548790,18514179,27286504,0,0,2930206,24356298,,,0,0,244899,0,0,15858,5.2,5.3,4.4,4.8,0,233.8,467.7
"2026/02/09","2026/02/12","3160","大光","東証およびＰＴＳ",,"確報",200,400,26500,0,600,28900,-2400,115600,231200,15317000,0,346800,16704200,-1387200,,,0,0,0,53400,59000,0,74.3,147.8,221.7,177.3,391.8,26.6,49.7
"2026/02/09","2026/02/12","3161","アゼアス","東証およびＰＴＳ",,"確報",0,1500,3100,0,0,0,3100,0,985500,2036700,0,0,0,2036700,,,0,0,0,59800,0,0,25.4,216,13.5,25.4,0,0,0
"2026/02/09","2026/02/12","3166","ＯＣＨＩＨＤ","東証およびＰＴＳ",,"確報",0,100,1500,0,100,300,1200,0,151100,2266500,0,151100,453300,1813200,,,0,0,0,12800,3200,0,32,0,79,158,5.7,8.5,6.8
"2026/02/09","2026/02/12","3167","ＴＯＫＡＩ　ＨＤ","東証およびＰＴＳ",,"確報",3900,200,9200,12800,0,18300,-9100,4656600,238800,10984800,15283200,0,21850200,-10865400,,,0,0,77000,0,0,77000,3.8,2.8,3.5,3.1,2.9,8.9,4.4
"2026/02/09","2026/02/12","3168","ＭＥＲＦ","東証およびＰＴＳ",,"確報",1700,4300,121600,1100,3700,121600,0,1798600,4549400,128652800,1163800,3914600,128652800,0,,,0,0,3105000,0,0,3105000,19.8,15.6,13.7,14.6,35.3,27,30.6
"2026/02/09","2026/02/12","3169","ミサワ","東証およびＰＴＳ",,"確報",100,0,200,0,0,0,200,63000,0,126000,0,0,0,126000,,,0,0,0,0,0,0,12,6,0,12,0,0,0
"2026/02/09","2026/02/12","316A","ｉＦＦＡＮＧ＋","東証およびＰＴＳ",,"確報",4115,2868,153005,4371,0,25439,127566,8723800,6080160,324370600,9266520,0,53930680,270439920,,,0,0,8194932,0,0,1137672,35.3,47,29,35.9,19.3,92.4,31.9
"2026/02/09","2026/02/12","3172","ティーライフ","東証およびＰＴＳ",,"確報",0,0,1300,0,1100,6600,-5300,0,0,1496300,0,1266100,7596600,-6100300,,,0,0,0,11700,69300,0,5.4,11.6,58,19.3,21.6,2.8,5
"2026/02/09","2026/02/12","3173","Ｃｏｍｉｎｉｘ","東証およびＰＴＳ",,"確報",0,0,300,0,0,0,300,0,0,271200,0,0,0,271200,,,0,0,0,0,0,0,15,15,15,15,0,0,0
"2026/02/09","2026/02/12","3174","ハピネスアンドディ","東証およびＰＴＳ",,"確報",1200,0,4600,0,0,0,4600,739200,0,2833600,0,0,0,2833600,,,0,0,0,68000,0,0,11.6,15.2,9.3,11.6,0,0,0
"2026/02/09","2026/02/12","3176","三洋貿易","東証およびＰＴＳ",,"確報",200,1900,18000,0,3200,16400,1600,368400,3499800,33156000,0,5894400,30208800,2947200,,,0,0,1241100,0,0,1234800,7.4,6.4,10.1,7.8,4.6,13.5,6.9
"2026/02/09","2026/02/12","3177","ありがとうサービス","東証およびＰＴＳ",,"確報",400,0,700,0,0,0,700,1546000,0,2705500,0,0,0,2705500,,,0,0,0,0,0,0,6.9,4.8,12,6.9,0,0,0
"2026/02/09","2026/02/12","3178","チムニー","東証およびＰＴＳ",,"確報",200,100,4600,0,200,108300,-103700,259800,129900,5975400,0,259800,140681700,-134706300,,,0,0,0,4500,108500,0,187,39.3,19.7,26.2,683.3,156.2,254.2
"2026/02/09","2026/02/12","3179","シュッピン","東証およびＰＴＳ",,"確報",11400,9600,39300,3800,2000,39300,0,14512200,12220800,50028900,4837400,2546000,50028900,0,,,0,0,2475000,0,0,2475000,7.5,6,6.1,6,10.8,9.1,9.9
"2026/02/09","2026/02/12","3180","ビューティガレージ","東証およびＰＴＳ",,"確報",100,3400,33200,100,3400,33200,0,141600,4814400,47011200,141600,4814400,47011200,0,,,0,0,547500,0,0,547500,18.7,74.7,10,17.7,135.3,10.7,19.8
"2026/02/09","2026/02/12","3181","買取王国","東証およびＰＴＳ",,"確報",0,0,2000,0,0,0,2000,0,0,1752000,0,0,0,1752000,,,0,0,12000,0,0,0,53.5,107,35.7,53.5,0,0,0
"2026/02/09","2026/02/12","3182","オイラ大地","東証およびＰＴＳ",,"確報",3500,0,63100,3800,300,63100,0,5022500,0,90548500,5453000,430500,90548500,0,,,0,0,1788000,0,0,1788000,21.9,26.5,17.4,21,29.6,18.7,22.9
"2026/02/09","2026/02/12","3183","ウイン・パートナーズ","東証およびＰＴＳ",,"確報",2100,0,6000,2100,0,6000,0,2881200,0,8232000,2881200,0,8232000,0,,,0,0,70200,0,0,70200,18,9.8,72,17.3,10.3,108,18.8
"2026/02/09","2026/02/12","3184","ＩＣＤＡ　ＨＤ","東証およびＰＴＳ",,"確報",0,0,0,0,0,0,0,0,0,0,0,0,0,0,,,0,0,0,0,0,0,0,0,0,0,0,0,0
"2026/02/09","2026/02/12","3185","夢展望","東証およびＰＴＳ",,"確報",2000,2600,24600,0,0,0,24600,448000,582400,5510400,0,0,0,5510400,,,0,0,0,0,0,0,20.7,46.4,13.3,20.7,0,0,0
"2026/02/09","2026/02/12","3186","ネクステージ","東証およびＰＴＳ",,"確報",600,6000,29000,200,200,33400,-4400,2061000,20610000,99615000,687000,687000,114729000,-15114000,,,0,0,1204000,0,0,1169000,7.9,4.9,4.7,4.8,12.9,14.1,13.5
"2026/02/09","2026/02/12","3187","ミラタップ","東証およびＰＴＳ",,"確報",700,900,5900,0,200,5900,0,183400,235800,1545800,0,52400,1545800,0,,,0,0,0,0,0,0,6.8,4.7,3.9,4.3,23.9,11.9,15.9
"2026/02/09","2026/02/12","3189","ＡＮＡＰ","東証およびＰＴＳ",,"確報",0,0,27200,0,0,0,27200,0,0,6800000,0,0,0,6800000,,,0,0,108800,0,0,0,63.8,105.5,45.7,63.8,0,0,0
"2026/02/09","2026/02/12","318A","ＶＩＸ先物ＥＴＦ","東証およびＰＴＳ",,"確報",144590,2800,728850,0,0,0,728850,79119648,1532160,398826720,0,0,0,398826720,,,0,0,0,27180878,0,0,15,21.1,11.7,15,0,0,0
"2026/02/09","2026/02/12","3190","ホットマン","東証およびＰＴＳ",,"確報",100,0,100,0,0,0,100,57200,0,57200,0,0,0,57200,,,0,0,0,0,0,0,2,1,0,2,0,0,0
"2026/02/09","2026/02/12","3191","ジョイフル本田","東証およびＰＴＳ",,"確報",1200,0,11900,800,1000,65800,-53900,2607600,0,25858700,1738400,2173000,142983400,-117124700,,,0,0,74900,0,0,462000,12.8,5.6,5,5.3,8.7,114.3,16.2
"2026/02/09","2026/02/12","3192","白鳩","東証およびＰＴＳ",,"確報",0,0,1000,0,0,0,1000,0,0,292000,0,0,0,292000,,,0,0,1000,0,0,0,37.3,0,18.7,37.3,0,0,0
"2026/02/09","2026/02/12","3193","エターナルホスピＧ","東証およびＰＴＳ",,"確報",2000,4900,5500,200,700,7900,-2400,6820000,16709000,18755000,682000,2387000,26939000,-8184000,,,0,0,0,126000,126000,0,6.4,4.3,6.9,5.3,80.7,3.8,7.2
"2026/02/09","2026/02/12","3195","ジェネレーションパス","東証およびＰＴＳ",,"確報",6800,300,54800,800,2400,130700,-75900,3590400,158400,28934400,422400,1267200,69009600,-40075200,,,0,0,386400,0,0,1058400,60.4,22.5,48.6,30.8,61.6,220.8,96.3
"2026/02/09","2026/02/12","3196","ホットランドＨＤ","東証およびＰＴＳ",,"確報",300,500,34300,3900,0,92600,-58300,588600,981000,67296600,7651800,0,181681200,-114384600,,,0,0,276000,0,0,709600,47.7,87.3,32.2,47,48.5,47.5,48
"2026/02/09","2026/02/12","3197","すかいらーくＨＤ","東証およびＰＴＳ",,"確報",2200,2800,25900,42500,12600,112900,-87000,7455800,9489200,87775100,144032500,42701400,382618100,-294843000,,,0,0,0,106000,332000,0,6.5,6.8,7.1,7,3.9,17.2,6.4
"2026/02/09","2026/02/12","3198","ＳＦＰ","東証およびＰＴＳ",,"確報",0,200,300,0,0,0,300,0,453000,679500,0,0,0,679500,,,0,0,2000,0,0,0,2.4,3.4,1.9,2.4,0,0,0
"2026/02/09","2026/02/12","3199","綿半ホールディングス","東証およびＰＴＳ",,"確報",100,100,2900,0,0,2900,0,146700,146700,4254300,0,0,4254300,0,,,0,0,0,0,0,0,49,36.8,29.4,32.7,147,73.5,98
"2026/02/09","2026/02/12","319A","技術承継機構","東証およびＰＴＳ",,"確報",0,500,6600,0,0,0,6600,0,4880000,64416000,0,0,0,64416000,,,0,0,1704000,0,0,0,22.9,18.4,30.2,22.9,0,0,0
"2026/02/09","2026/02/12","3201","日本毛織","東証およびＰＴＳ",,"確報",0,3000,14700,4900,16100,49300,-34600,0,5868000,28753200,9584400,31491600,96430800,-67677600,,,0,0,371700,0,0,1270500,19.1,32,23.8,27.3,29,12.6,17.6
"2026/02/09","2026/02/12","3202","ダイトウボウ","東証およびＰＴＳ",,"確報",0,0,9500,0,0,0,9500,0,0,1235000,0,0,0,1235000,,,0,0,19000,0,0,0,4.3,11,2.7,4.3,0,0,0
"2026/02/09","2026/02/12","3204","トーア紡コーポ","東証およびＰＴＳ",,"確報",0,0,93000,0,0,4400,88600,0,0,47337000,0,0,2239600,45097400,,,0,0,372000,0,0,17600,47.3,52,41.8,46.4,43,0,86
"2026/02/09","2026/02/12","3205","ダイドーリミテッド","東証およびＰＴＳ",,"確報",4800,29400,154800,17100,200,310000,-155200,6336000,38808000,204336000,22572000,264000,409200000,-204864000,,,0,0,0,2691000,4396500,0,17.2,16.6,14.7,15.6,9.5,313.4,18.4
"2026/02/09","2026/02/12","3221","ヨシックスＨＤ","東証およびＰＴＳ",,"確報",900,0,2700,2700,100,32700,-30000,2983500,0,8950500,8950500,331500,108400500,-99450000,,,0,0,270000,0,0,4515000,32.5,7.6,6.4,6.9,50.4,53.9,52.1
"2026/02/09","2026/02/12","3222","Ｕ．Ｓ．Ｍ．Ｈ","東証およびＰＴＳ",,"確報",2200,0,11300,0,100,2300,9000,2127400,0,10927100,0,96700,2224100,8703000,,,0,0,0,45500,12000,0,9.9,18.3,9.4,12.4,4.1,8.3,5.5
"2026/02/09","2026/02/12","3223","エスエルディー","東証およびＰＴＳ",,"確報",0,0,100,0,0,0,100,0,0,101000,0,0,0,101000,,,0,0,0,500,0,0,0,0,0,0,0,0,0
"2026/02/09","2026/02/12","3224","ゼネラル・オイスター","東証およびＰＴＳ",,"確報",0,0,1000,0,0,0,1000,0,0,845000,0,0,0,845000,,,0,0,6000,0,0,0,0,0,0,0,0,0,0
"2026/02/09","2026/02/12","3226","Ｒ－三井不アコモ","東証およびＰＴＳ",,"確報",0,79,423,72,0,285,138,0,10917800,58458600,9950400,0,39387000,19071600,,,0,0,451800,0,0,191700,17.4,20.7,17.1,18.7,15,16.3,15.6
"2026/02/09","2026/02/12","3231","野村不動産ＨＤ","東証およびＰＴＳ",,"確報",900,200,46900,700,600,21900,25000,985500,219000,51355500,766500,657000,23980500,27375000,,,0,0,669900,0,0,316100,12.5,16.2,24,19.3,8.2,7.6,7.9
"2026/02/09","2026/02/12","3232","三重交通グループＨＤ","東証およびＰＴＳ",,"確報",5200,5000,29800,0,25000,19000,10800,3062800,2945000,17552200,0,14725000,11191000,6361200,,,0,0,88800,0,0,132000,5.4,10.7,12.8,11.6,3.7,3.6,3.7
"2026/02/09","2026/02/12","3234","Ｒ－森ヒルズ","東証およびＰＴＳ",,"確報",0,55,127,16,0,1073,-946,0,8107000,18719800,2358400,0,158160200,-139440400,,,0,0,200200,0,0,1162700,52,12.4,8,9.7,65.1,0,130.3
"2026/02/09","2026/02/12","3236","プロパスト","東証およびＰＴＳ",,"確報",500,0,37300,0,0,0,37300,194500,0,14509700,0,0,0,14509700,,,0,0,846400,0,0,0,19.6,20.5,18.8,19.6,0,0,0
"2026/02/09","2026/02/12","3237","イントランス","東証およびＰＴＳ",,"確報",0,3600,122000,0,0,0,122000,0,241200,8174000,0,0,0,8174000,,,0,0,0,0,0,0,92.1,92.1,92.1,92.1,0,0,0
"2026/02/09","2026/02/12","3238","セントラル総合開発","東証およびＰＴＳ",,"確報",0,0,3500,0,0,0,3500,0,0,1466500,0,0,0,1466500,,,0,0,0,3500,0,0,0,0,0,0,0,0,0
"2026/02/09","2026/02/12","323A","フライヤー","東証およびＰＴＳ",,"確報",100,0,2600,0,0,0,2600,45900,0,1193400,0,0,0,1193400,,,0,0,0,0,0,0,65.5,131,43.7,65.5,0,0,0
"2026/02/09","2026/02/12","3241","ウィル","東証およびＰＴＳ",,"確報",100,800,2800,0,0,100,2700,59000,472000,1652000,0,0,59000,1593000,,,0,0,59500,0,0,1700,20.1,172,15.6,28.7,3,3,3
"2026/02/09","2026/02/12","3242","アーバネット","東証およびＰＴＳ",,"確報",2400,2900,27200,0,500,27200,0,1363200,1647200,15449600,0,284000,15449600,0,,,0,0,0,110800,110800,0,11.9,7.7,24.2,11.7,7.2,37.9,12.1
"2026/02/09","2026/02/12","3245","ディア・ライフ","東証およびＰＴＳ",,"確報",37000,5000,375200,0,3600,4000,371200,40885000,5525000,414596000,0,3978000,4420000,410176000,,,0,0,0,4118400,91200,0,3.8,3.1,4.7,3.8,7.8,4.6,5.8
"2026/02/09","2026/02/12","3246","コーセーアールイー","東証およびＰＴＳ",,"確報",0,0,2300,0,0,0,2300,0,0,1527200,0,0,0,1527200,,,0,0,0,0,0,0,58,38.7,116,58,0,0,0
"2026/02/09","2026/02/12","3248","アールエイジ","東証およびＰＴＳ",,"確報",0,0,3200,0,0,0,3200,0,0,2800000,0,0,0,2800000,,,0,0,12800,0,0,0,154,77,0,154,0,0,0
"2026/02/09","2026/02/12","3249","Ｒ－産業ファ","東証およびＰＴＳ",,"確報",3,30,188,3,0,188,0,451200,4512000,28275200,451200,0,28275200,0,,,0,0,258000,0,0,222000,21.8,29,12.4,17.4,164.7,17,30.9
"2026/02/09","2026/02/12","324A","ブッキングリゾート","東証およびＰＴＳ",,"確報",0,0,12900,0,0,0,12900,0,0,13493400,0,0,0,13493400,,,0,0,0,129000,0,0,39.9,23.2,144.8,39.9,0,0,0
"2026/02/09","2026/02/12","3252","地主","東証およびＰＴＳ",,"確報",500,4700,43700,1800,0,18000,25700,1750000,16450000,152950000,6300000,0,63000000,89950000,,,0,0,4311000,0,0,1458000,36.8,219.3,30.2,53,11.5,63.5,19.4
"2026/02/09","2026/02/12","325A","ＴＥＮＴＩＡＬ","東証およびＰＴＳ",,"確報",600,500,460200,100,0,460200,0,2286000,1905000,1753362000,381000,0,1753362000,0,,,0,0,23005000,0,0,23005000,437.9,218.9,249.9,233.4,1768.3,0,3536.6
"2026/02/09","2026/02/12","3261","グランディーズ","東証およびＰＴＳ",,"確報",0,1200,8300,0,0,0,8300,0,601200,4158300,0,0,0,4158300,,,0,0,0,28500,0,0,71.5,0,35.8,71.5,0,0,0
"2026/02/09","2026/02/12","3266","ファンドクリエＧ","東証およびＰＴＳ",,"確報",13900,1100,172900,0,0,0,172900,1223200,96800,15215200,0,0,0,15215200,,,0,0,0,320200,0,0,52.7,47.8,58.8,52.7,0,0,0
"2026/02/09","2026/02/12","3267","フィル・カンパニー","東証およびＰＴＳ",,"確報",200,300,5800,0,0,0,5800,208400,312600,6043600,0,0,0,6043600,,,0,0,118000,0,0,0,49.3,98.7,32.9,49.3,0,0,0
"2026/02/09","2026/02/12","3269","Ｒ－ＡＤＲ","東証およびＰＴＳ",,"確報",0,11,105,0,5,34,71,0,1867800,17829000,0,849000,5773200,12055800,,,0,0,11600,0,0,3900,51.9,0,40.8,81.6,103.5,14.8,25.9
"2026/02/09","2026/02/12","3271","ＴＨＥグローバル社","東証およびＰＴＳ",,"確報",7500,0,2123400,4500,0,13000,2110400,6832500,0,1934417400,4099500,0,11843000,1922574400,,,0,0,0,133301700,535500,0,17.1,1244.3,8.6,17.1,10.6,38.5,16.7
"2026/02/09","2026/02/12","3276","ＪＰＭＣ","東証およびＰＴＳ",,"確報",0,600,10300,0,800,8800,1500,0,780000,13390000,0,1040000,11440000,1950000,,,0,0,119900,0,0,105600,72.7,0,44.9,89.8,119.8,39.9,59.9
"2026/02/09","2026/02/12","3277","サンセイランディック","東証およびＰＴＳ",,"確報",0,0,3200,100,400,1800,1400,0,0,4345600,135800,543200,2444400,1901200,,,0,0,0,12800,8400,0,23.1,0,0,0,11.8,7.6,9.2
"2026/02/09","2026/02/12","3279","アクティビア・プロパ","東証およびＰＴＳ",,"確報",2,157,27,0,0,182,-155,294200,23094700,3971700,0,0,26772200,-22800500,,,0,0,109200,0,0,109200,6.8,2.6,2.5,2.5,458,305.3,366.4
"2026/02/09","2026/02/12","3280","エストラスト","東証およびＰＴＳ",,"確報",200,0,5900,0,0,0,5900,228400,0,6737800,0,0,0,6737800,,,0,0,11400,0,0,0,54.2,59.6,49.7,54.2,0,0,0
"2026/02/09","2026/02/12","3281","ＧＬＰ投法人投資証券","東証およびＰＴＳ",,"確報",73,4,519,0,20,40,479,10431700,571600,74165100,0,2858000,5716000,68449100,,,0,0,90000,0,0,12000,10.4,13.3,20.2,16,2.9,2.9,2.9
"2026/02/09","2026/02/12","3282","コンフォリアレジデン","東証およびＰＴＳ",,"確報",86,0,183,0,26,61,122,9528800,0,20276400,0,2880800,6758800,13517600,,,0,0,0,48500,43500,0,4.3,2.5,4.1,3.1,12,7.5,9.2
"2026/02/09","2026/02/12","3283","日本プロロジスリート","東証およびＰＴＳ",,"確報",0,2,187,0,0,73,114,0,184000,17204000,0,0,6716000,10488000,,,0,0,170100,0,0,65700,39.4,96.2,21.4,35,75.2,47,57.8
"2026/02/09","2026/02/12","3284","フージャースＨＤ","東証およびＰＴＳ",,"確報",1800,0,81100,0,0,2900,78200,2467800,0,111188100,0,0,3975900,107212200,,,0,0,1110200,0,0,40600,13.7,77.7,7.4,13.5,19.7,0,39.4
"2026/02/09","2026/02/12","3286","トラストホールディン","東証およびＰＴＳ",,"確報",0,0,500,0,0,0,500,0,0,502000,0,0,0,502000,,,0,0,0,2500,0,0,0,0,0,0,0,0,0
"2026/02/09","2026/02/12","3287","星野リゾート・リート","東証およびＰＴＳ",,"確報",0,0,94,0,0,32,62,0,0,24346000,0,0,8288000,16058000,,,0,0,47000,0,0,16000,211.7,0,79.2,158.3,0,0,0
"2026/02/09","2026/02/12","3288","オープンハウスＧ","東証およびＰＴＳ",,"確報",0,100,2500,1900,800,34900,-32400,0,933300,23332500,17732700,7466400,325721700,-302389200,,,0,0,257400,0,0,3346200,20.1,4.2,6.4,5.1,25.8,26.1,25.9
"2026/02/09","2026/02/12","3289","東急不動産ＨＤ","東証およびＰＴＳ",,"確報",5900,2100,61100,5800,2000,61100,0,8814600,3137400,91283400,8665200,2988000,91283400,0,,,0,0,0,1060050,1060050,0,17.5,10.9,28.1,15.8,12.7,44.1,19.8
"2026/02/09","2026/02/12","328A","ＧＸ価格パワー日株","東証およびＰＴＳ",,"確報",0,0,992,0,0,0,992,0,0,1360032,0,0,0,1360032,,,0,0,0,13888,0,0,6,3,0,6,0,0,0
"2026/02/09","2026/02/12","3290","Ｒ－Ｏｎｅリート","東証およびＰＴＳ",,"確報",8,100,377,0,0,7,370,732800,9160000,34533200,0,0,641200,33892000,,,0,0,46900,0,0,700,22.3,79.4,12.7,21.9,0,0,0
"2026/02/09","2026/02/12","3291","飯田グループＨＤ","東証およびＰＴＳ",,"確報",2600,600,13600,600,7900,23800,-10200,6919900,1596900,36196400,1596900,21025850,63343700,-27147300,,,0,0,330600,0,0,886350,15.7,11.9,14.6,13.1,31.9,11.8,17.2
"2026/02/09","2026/02/12","3292","イオンリート投資法人","東証およびＰＴＳ",,"確報",0,15,71,0,2,36,35,0,2034000,9627600,0,271200,4881600,4746000,,,0,0,0,8600,3800,0,33.3,49.3,23.2,31.5,37.8,37.8,37.8
"2026/02/09","2026/02/12","3293","アズマハウス","東証およびＰＴＳ",,"確報",100,0,300,0,0,0,300,78400,0,235200,0,0,0,235200,,,0,0,0,800,0,0,8,4,0,8,0,0,0
"2026/02/09","2026/02/12","3294","イーグランド","東証およびＰＴＳ",,"確報",100,900,2400,0,800,2400,0,224000,2016000,5376000,0,1792000,5376000,0,,,0,0,0,9600,9600,0,17.4,26.2,9.2,13.7,157,13.1,24.2
"2026/02/09","2026/02/12","3295","ヒューリックリート","東証およびＰＴＳ",,"確報",1,2,66,0,0,26,40,173500,347000,11451000,0,0,4511000,6940000,,,0,0,0,6700,2600,0,30.3,27.8,20.9,23.9,0,45.3,90.7
"2026/02/09","2026/02/12","3296","Ｒ－日本リート","東証およびＰＴＳ",,"確報",0,0,741,0,6,7,734,0,0,72247500,0,585000,682500,71565000,,,0,0,74100,0,0,1300,13.6,8.6,34.9,13.8,6.8,6.8,6.8
"2026/02/09","2026/02/12","3297","東武住販","東証およびＰＴＳ",,"確報",200,0,5800,0,0,0,5800,250800,0,7273200,0,0,0,7273200,,,0,0,0,11200,0,0,113.6,94.7,142,113.6,0,0,0
"2026/02/09","2026/02/12","3299","ムゲンエステート","東証およびＰＴＳ",,"確報",0,5000,60300,200,400,2400,57900,0,11230000,135433800,449200,898400,5390400,130043400,,,0,0,457100,0,0,18200,36.3,62.9,32.1,42.5,6.2,10.8,7.9
"2026/02/09","2026/02/12","3300","アンビションＤＸ","東証およびＰＴＳ",,"確報",0,100,42600,0,0,0,42600,0,230600,98235600,0,0,0,98235600,,,0,0,0,811300,0,0,247.8,150.4,702,247.8,0,0,0
"2026/02/09","2026/02/12","3302","帝国繊維","東証およびＰＴＳ",,"確報",1400,2900,10100,2700,0,29100,-19000,4466000,9251000,32219000,8613000,0,92829000,-60610000,,,0,0,1972000,0,0,4488000,21.8,23.8,9,13.1,31.6,30.2,30.9
"2026/02/09","2026/02/12","3306","日本製麻","東証およびＰＴＳ",,"確報",0,600,485300,0,0,0,485300,0,423600,342621800,0,0,0,342621800,,,0,0,1457700,0,0,0,3470.6,0,1735.3,3470.6,0,0,0
"2026/02/09","2026/02/12","3309","積水ハウスリート","東証およびＰＴＳ",,"確報",0,0,185,0,2,67,118,0,0,17205000,0,186000,6231000,10974000,,,0,0,111000,0,0,41400,57.4,47.1,111.8,66.2,56.8,34.1,42.6
"2026/02/09","2026/02/12","330A","ＴａｌｅｎｔＸ","東証およびＰＴＳ",,"確報",600,0,16600,0,0,0,16600,480000,0,13280000,0,0,0,13280000,,,0,0,192000,0,0,0,22.7,24,21.5,22.7,0,0,0
"2026/02/09","2026/02/12","3315","日本コークス工業","東証およびＰＴＳ",,"確報",70300,154800,174000,4000,13100,413400,-239400,8646900,19040400,21402000,492000,1611300,50848200,-29446200,,,0,0,0,0,0,0,3.8,1.9,2.1,2,4.7,8.2,6
"2026/02/09","2026/02/12","3317","フライングガーデン","東証およびＰＴＳ",,"確報",0,0,300,0,0,0,300,0,0,484500,0,0,0,484500,,,0,0,0,4800,0,0,0,0,0,0,0,0,0
"2026/02/09","2026/02/12","331A","メディックス","東証およびＰＴＳ",,"確報",100,0,3800,0,0,0,3800,54500,0,2071000,0,0,0,2071000,,,0,0,85100,0,0,0,43.1,194,24.3,43.1,0,0,0
"2026/02/09","2026/02/12","3320","クロスプラス","東証およびＰＴＳ",,"確報",0,1000,3900,0,1000,3900,0,0,1425000,5557500,0,1425000,5557500,0,,,0,0,0,0,0,0,3.5,5.8,1.3,2.1,43.6,6.2,10.9
"2026/02/09","2026/02/12","3321","ミタチ産業","東証およびＰＴＳ",,"確報",200,0,7700,0,100,0,7700,437000,0,16824500,0,218500,0,16824500,,,0,0,330000,0,0,4400,37,36.9,46.1,41,1,1,1
"2026/02/09","2026/02/12","3323","レカム","東証およびＰＴＳ",,"確報",25700,7000,585100,0,0,0,585100,2981200,812000,67871600,0,0,0,67871600,,,0,0,3398400,0,0,0,11.8,14.7,9.8,11.8,0,0,0
"2026/02/09","2026/02/12","3326","ランシステム","東証およびＰＴＳ",,"確報",0,200,1200,0,0,0,1200,0,156000,936000,0,0,0,936000,,,0,0,0,4200,0,0,21.7,76,12.7,21.7,0,0,0
"2026/02/09","2026/02/12","3329","東和フードサービス","東証およびＰＴＳ",,"確報",100,100,3100,0,0,3100,0,211000,211000,6541000,0,0,6541000,0,,,0,0,0,12400,12400,0,25.9,60.3,13.9,22.6,181,16.5,30.2
"2026/02/09","2026/02/12","332A","ミーク","東証およびＰＴＳ",,"確報",100,15200,32000,0,0,0,32000,115800,17601600,37056000,0,0,0,37056000,,,0,0,0,94200,0,0,9.1,9.7,8.6,9.1,0,0,0
"2026/02/09","2026/02/12","3333","あさひ","東証およびＰＴＳ",,"確報",5300,500,17800,4800,0,17800,0,6831700,644500,22944200,6187200,0,22944200,0,,,0,0,13000,0,0,13000,17.7,11.6,28.4,16.5,12.9,37.3,19.2
"2026/02/09","2026/02/12","3349","コスモス薬品","東証およびＰＴＳ",,"確報",0,900,27400,0,0,3800,23600,0,6534900,198951400,0,0,27591800,171359600,,,0,0,1782900,0,0,239400,41.6,1436,30.6,59.8,34.5,8.3,13.4
"2026/02/09","2026/02/12","334A","ＶＰＪ","東証およびＰＴＳ",,"確報",200,0,4300,0,0,0,4300,359600,0,7731400,0,0,0,7731400,,,0,0,414100,0,0,0,29.1,22.7,40.8,29.1,0,0,0
"2026/02/09","2026/02/12","3350","メタプラネット","東証およびＰＴＳ",,"確報",82700,64600,4410000,0,0,0,4410000,29358500,22933000,1565550000,0,0,0,1565550000,,,0,0,65878500,0,0,0,38.6,35.6,42.1,38.6,0,0,0
"2026/02/09","2026/02/12","3352","バッファロー","東証およびＰＴＳ",,"確報",0,0,700,0,0,0,700,0,0,1179500,0,0,0,1179500,,,0,0,14700,0,0,0,0,0,0,0,0,0,0
"2026/02/09","2026/02/12","3353","メディ一光Ｇ","東証およびＰＴＳ",,"確報",0,0,1600,0,0,0,1600,0,0,4768000,0,0,0,4768000,,,0,0,52800,0,0,0,0,0,0,0,0,0,0
"2026/02/09","2026/02/12","3355","クリヤマＨＤ","東証およびＰＴＳ",,"確報",0,0,7100,0,0,0,7100,0,0,12382400,0,0,0,12382400,,,0,0,0,14200,0,0,73.8,369,41,73.8,0,0,0
"2026/02/09","2026/02/12","3358","Ｔｒａｉｌｈｅａｄ","東証およびＰＴＳ",,"確報",0,0,285700,0,0,0,285700,0,0,27427200,0,0,0,27427200,,,0,0,0,0,0,0,408.7,9999.9,207.3,408.7,0,0,0
"2026/02/09","2026/02/12","3359","ｃｏｔｔａ","東証およびＰＴＳ",,"確報",0,0,18600,200,0,5200,13400,0,0,9207000,99000,0,2574000,6633000,,,0,0,74400,0,0,20000,28.5,0,13.9,27.8,66.8,20.5,31.4
"2026/02/09","2026/02/12","335A","ミライロ","東証およびＰＴＳ",,"確報",100,0,900,0,0,0,900,42500,0,382500,0,0,0,382500,,,0,0,0,4800,0,0,13.7,10.3,20.5,13.7,0,0,0
"2026/02/09","2026/02/12","3360","シップヘルスケアＨＤ","東証およびＰＴＳ",,"確報",300,500,600,16000,100,16700,-16100,833850,1389750,1667700,44472000,277950,46417650,-44749950,,,0,0,105200,0,0,105200,2.4,3.2,2.7,2.9,1.2,39,2.3
"2026/02/09","2026/02/12","3361","トーエル","東証およびＰＴＳ",,"確報",0,0,1400,0,0,0,1400,0,0,1215200,0,0,0,1215200,,,0,0,9800,0,0,0,0,0,0,0,0,0,0
"2026/02/09","2026/02/12","336A","ダイナミクマップ","東証およびＰＴＳ",,"確報",100,1600,75800,0,0,0,75800,59200,947200,44873600,0,0,0,44873600,,,0,0,386500,0,0,0,40.1,61.5,29.8,40.1,0,0,0
"2026/02/09","2026/02/12","3370","フジタコーポ","東証およびＰＴＳ",,"確報",0,0,6100,0,0,0,6100,0,0,2806000,0,0,0,2806000,,,0,0,12200,0,0,0,62.4,312,34.7,62.4,0,0,0
"2026/02/09","2026/02/12","3371","ソフトクリエイトＨＤ","東証およびＰＴＳ",,"確報",200,0,8800,0,0,3000,5800,406600,0,17890400,0,0,6099000,11791400,,,0,0,0,395600,138000,0,64.8,86.2,86.2,86.2,152,21.7,38
"2026/02/09","2026/02/12","3372","関門海","東証およびＰＴＳ",,"確報",0,600,9100,0,0,0,9100,0,136800,2074800,0,0,0,2074800,,,0,0,0,9700,0,0,53.9,242.5,30.3,53.9,0,0,0
"2026/02/09","2026/02/12","3374","内外テック","東証およびＰＴＳ",,"確報",1000,200,3400,800,0,3400,0,2519000,503800,8564600,2015200,0,8564600,0,,,0,0,0,0,0,0,14.3,8.2,13.9,10.3,17.4,34.8,23.2
"2026/02/09","2026/02/12","3375","ＺＯＡ","東証およびＰＴＳ",,"確報",100,0,300,0,0,0,300,194900,0,584700,0,0,0,584700,,,0,0,8600,0,0,0,6.5,6.5,6.5,6.5,0,0,0
"2026/02/09","2026/02/12","3377","バイク王＆カンパニー","東証およびＰＴＳ",,"確報",100,0,7300,0,0,0,7300,39900,0,2912700,0,0,0,2912700,,,0,0,0,7200,0,0,118.7,71.2,356,118.7,0,0,0
"2026/02/09","2026/02/12","3382","セブン＆アイＨＤ","東証およびＰＴＳ",,"確報",500,3900,78600,12600,0,12900,65700,1167000,9102600,183452400,29408400,0,30108600,153343800,,,0,0,1230000,0,0,4500,11,23.1,8.9,12.9,1.3,6.4,2.2
"2026/02/09","2026/02/12","3386","コスモ・バイオ","東証およびＰＴＳ",,"確報",0,0,2500,0,0,500,2000,0,0,3260000,0,0,652000,2608000,,,0,0,0,17500,3500,0,35.1,31.3,125,50,0,8.3,16.5
"2026/02/09","2026/02/12","3387","クリエイトレストラン","東証およびＰＴＳ",,"確報",7100,18100,271500,6900,0,289400,-17900,5310800,13538800,203082000,5161200,0,216471200,-13389200,,,0,0,0,2542500,2542500,0,10.4,5.7,5.2,5.5,115,94.5,103.7
"2026/02/09","2026/02/12","3388","明治電機工業","東証およびＰＴＳ",,"確報",300,300,2600,100,100,2600,0,719400,719400,6234800,239800,239800,6234800,0,,,0,0,44200,0,0,44200,7.1,5.1,4.6,4.8,16.5,12,13.9
"2026/02/09","2026/02/12","338A","ＺｅｎｍｕＴｅｃｈ","東証およびＰＴＳ",,"確報",300,1900,24500,0,0,0,24500,1734000,10982000,141610000,0,0,0,141610000,,,0,0,0,3654000,0,0,36.6,50,28.9,36.6,0,0,0
"2026/02/09","2026/02/12","3391","ツルハＨＤ","東証およびＰＴＳ",,"確報",600,1200,15500,0,0,0,15500,1541100,3082200,39811750,0,0,0,39811750,,,0,0,402500,0,0,0,23,44.8,15.5,23,0,0,0
"2026/02/09","2026/02/12","3392","デリカフーズＨＤ","東証およびＰＴＳ",,"確報",1000,0,7300,0,0,0,7300,922000,0,6730600,0,0,0,6730600,,,0,0,0,12600,0,0,39.4,30.5,55.8,39.4,0,0,0
"2026/02/09","2026/02/12","3393","スターティアＨＤ","東証およびＰＴＳ",,"確報",500,400,2400,100,0,300,2100,1391500,1113200,6679200,278300,0,834900,5844300,,,0,0,62100,0,0,5400,5.3,5,6.1,5.5,3.3,4.3,3.7
"2026/02/09","2026/02/12","3395","サンマルクＨＤ","東証およびＰＴＳ",,"確報",2000,200,3400,1100,100,4900,-1500,5958000,595800,10128600,3276900,297900,14597100,-4468500,,,0,0,80000,0,0,195000,7.2,5,6.6,5.7,5.9,16.3,8.7
"2026/02/09","2026/02/12","3396","フェリシモ","東証およびＰＴＳ",,"確報",0,0,100,0,0,0,100,0,0,87000,0,0,0,87000,,,0,0,100,0,0,0,16,0,8,16,0,0,0
"2026/02/09","2026/02/12","3397","トリドールＨＤ","東証およびＰＴＳ",,"確報",1000,100,12500,900,0,12500,0,4254000,425400,53175000,3828600,0,53175000,0,,,0,0,0,46400,46400,0,7,13.6,2.2,3.7,32.4,145.8,53
"2026/02/09","2026/02/12","3399","丸千代山岡家","東証およびＰＴＳ",,"確報",45000,41500,62200,100,1200,57600,4600,158850000,146495000,219566000,353000,4236000,203328000,16238000,,,0,0,0,587000,587000,0,6,3.6,2.8,3.2,247.8,70.8,110.1
"2026/02/09","2026/02/12","339A","プログレス","東証およびＰＴＳ",,"確報",0,300,8700,0,0,0,8700,0,457800,13276200,0,0,0,13276200,,,0,0,135000,0,0,0,27,36.4,21.5,27,0,0,0
"2026/02/09","2026/02/12","3401","帝人","東証およびＰＴＳ",,"確報",2100,3800,51200,1200,2900,51200,0,3390450,6135100,82662400,1937400,4682050,82662400,0,,,0,0,1058000,0,0,1058000,9.9,6.9,7.6,7.2,14.1,17.2,15.5
"2026/02/09","2026/02/12","3402","東レ","東証およびＰＴＳ",,"確報",14300,11500,181700,1900,3500,52500,129200,17953650,14438250,228124350,2385450,4394250,65913750,162210600,,,0,0,1878450,0,0,568050,8.7,6.1,12.8,8.3,9.2,11.6,10.3
"2026/02/09","2026/02/12","3405","クラレ","東証およびＰＴＳ",,"確報",6700,800,37700,3400,300,21500,16200,11952800,1427200,67256800,6065600,535200,38356000,28900800,,,0,0,445200,0,0,257600,17,12.3,31.2,17.7,9.8,42.4,15.9
"2026/02/09","2026/02/12","3407","旭化成","東証およびＰＴＳ",,"確報",12000,6600,59900,31600,300,59900,0,20994000,11546700,104795050,55284200,524850,104795050,0,,,0,0,2943000,0,0,1544400,4.2,6.3,9.7,7.6,1.5,4.2,2.2
"2026/02/09","2026/02/12","3409","北紡","東証およびＰＴＳ",,"確報",0,0,952700,0,0,0,952700,0,0,133378000,0,0,0,133378000,,,0,0,0,1905400,0,0,0,0,0,0,0,0,0
"2026/02/09","2026/02/12","340A","ジグザグ","東証およびＰＴＳ",,"確報",0,0,27700,0,0,0,27700,0,0,10221300,0,0,0,10221300,,,0,0,0,0,0,0,51.5,27.9,341.3,51.5,0,0,0
"2026/02/09","2026/02/12","3415","ＴＯＫＹＯ　ＢＡＳＥ","東証およびＰＴＳ",,"確報",0,10700,108900,500,0,5300,103600,0,4205100,42797700,196500,0,2082900,40714800,,,0,0,717600,0,0,28800,3.4,3.5,3.4,3.5,4.1,2.1,2.7
"2026/02/09","2026/02/12","3416","ピクスタ","東証およびＰＴＳ",,"確報",0,0,1800,0,0,0,1800,0,0,1639800,0,0,0,1639800,,,0,0,0,9000,0,0,0,0,0,0,0,0,0
"2026/02/09","2026/02/12","3417","大木ヘルスケア","東証およびＰＴＳ",,"確報",24900,300,421500,0,0,0,421500,32643900,393300,552586500,0,0,0,552586500,,,0,0,11907000,0,0,0,20.9,17.4,26.2,20.9,0,0,0
"2026/02/09","2026/02/12","3418","バルニバービ","東証およびＰＴＳ",,"確報",300,2700,26600,0,0,0,26600,324300,2918700,28754600,0,0,0,28754600,,,0,0,87000,0,0,0,29.1,33.4,25.8,29.1,0,0,0
"2026/02/09","2026/02/12","341A","トヨコー","東証およびＰＴＳ",,"確報",100,0,24900,0,0,0,24900,240200,0,59809800,0,0,0,59809800,,,0,0,248000,0,0,0,61.1,83.5,48.2,61.1,0,0,0
"2026/02/09","2026/02/12","3420","ケー・エフ・シー","東証およびＰＴＳ",,"確報",0,0,100,0,0,0,100,0,0,161200,0,0,0,161200,,,0,0,1900,0,0,0,0,0,0,0,0,0,0
"2026/02/09","2026/02/12","3421","稲葉製作所","東証およびＰＴＳ",,"確報",0,100,800,0,0,0,800,0,163900,1311200,0,0,0,1311200,,,0,0,5400,0,0,0,10.2,0,5.1,10.2,0,0,0
"2026/02/09","2026/02/12","3422","Ｊ－ＭＡＸ","東証およびＰＴＳ",,"確報",200,0,10100,0,0,400,9700,89200,0,4504600,0,0,178400,4326200,,,0,0,0,475200,19200,0,23.7,119.6,13.9,24.9,19,6.3,9.5
"2026/02/09","2026/02/12","3423","エスイー","東証およびＰＴＳ",,"確報",0,100,22300,0,0,2400,19900,0,28900,6444700,0,0,693600,5751100,,,0,0,0,22400,2400,0,158.1,1149,95.8,176.8,38.7,0,77.3
"2026/02/09","2026/02/12","3426","アトムリビンテック","東証およびＰＴＳ",,"確報",0,0,0,0,0,0,0,0,0,0,0,0,0,0,,,0,0,0,0,0,0,0,0,0,0,0,0,0
"2026/02/09","2026/02/12","3431","宮地エンジニアリング","東証およびＰＴＳ",,"確報",0,700,19200,0,700,19200,0,0,1409100,38649600,0,1409100,38649600,0,,,0,0,0,0,0,0,35.7,43.5,25.6,32.3,58.8,30.3,40
"2026/02/09","2026/02/12","3433","トーカロ","東証およびＰＴＳ",,"確報",0,3600,45800,0,13800,25200,20600,0,9741600,123934800,0,37342800,68191200,55743600,,,0,0,1284400,0,0,1014000,7.7,6,6.5,6.3,26.7,7.4,11.6
"2026/02/09","2026/02/12","3434","アルファＣｏ","東証およびＰＴＳ",,"確報",0,0,900,0,0,0,900,0,0,1152900,0,0,0,1152900,,,0,0,8100,0,0,0,0,0,0,0,0,0,0
"2026/02/09","2026/02/12","3435","サンコーテクノ","東証およびＰＴＳ",,"確報",0,0,200,0,0,0,200,0,0,278600,0,0,0,278600,,,0,0,3600,0,0,0,10.5,0,5.3,10.5,0,0,0
"2026/02/09","2026/02/12","3436","ＳＵＭＣＯ","東証およびＰＴＳ",,"確報",1100,35700,197600,27700,18400,106200,91400,1863950,60493650,334833200,46937650,31178800,179955900,154877300,,,0,0,16254000,0,0,6783000,13.6,22.5,14.8,17.8,6.7,11.6,8.5
"2026/02/09","2026/02/12","3437","特殊電極","東証およびＰＴＳ",,"確報",0,0,500,0,0,0,500,0,0,1682500,0,0,0,1682500,,,0,0,0,35000,0,0,0,0,0,0,0,0,0
"2026/02/09","2026/02/12","3439","三ツ知","東証およびＰＴＳ",,"確報",100,0,3900,0,0,0,3900,63700,0,2484300,0,0,0,2484300,,,0,0,0,34200,0,0,382,191,0,382,0,0,0
"2026/02/09","2026/02/12","343A","ＩＡＣＥトラベル","東証およびＰＴＳ",,"確報",0,0,3300,0,0,0,3300,0,0,4913700,0,0,0,4913700,,,0,0,102300,0,0,0,112,168,84,112,0,0,0
"2026/02/09","2026/02/12","3440","日創グループ","東証およびＰＴＳ",,"確報",0,0,2900,0,0,0,2900,0,0,2900000,0,0,0,2900000,,,0,0,5800,0,0,0,0,0,0,0,0,0,0
"2026/02/09","2026/02/12","3441","山王","東証およびＰＴＳ",,"確報",0,0,10000,0,0,0,10000,0,0,12540000,0,0,0,12540000,,,0,0,470000,0,0,0,97.8,97.8,97.8,97.8,0,0,0
"2026/02/09","2026/02/12","3443","川田テクノロジーズ","東証およびＰＴＳ",,"確報",1000,1600,12100,800,100,3200,8900,5150000,8240000,62315000,4120000,515000,16480000,45835000,,,0,0,1524000,0,0,300000,19.1,26.6,19,22.2,8.6,17.1,11.4
"2026/02/09","2026/02/12","3444","菊池製作所","東証およびＰＴＳ",,"確報",6100,4000,47300,3900,0,18300,29000,5233800,3432000,40583400,3346200,0,15701400,24882000,,,0,0,0,3254400,1036800,0,9.7,12.1,9.8,10.8,8.4,6.9,7.6
"2026/02/09","2026/02/12","3445","ＲＳＴＥＣＨ","東証およびＰＴＳ",,"確報",500,0,5900,500,0,500,5400,1927500,0,22744500,1927500,0,1927500,20817000,,,0,0,351000,0,0,0,15.1,15.5,124,27.6,1.5,2.8,2
"2026/02/09","2026/02/12","3446","ＪＴＥＣＣＯＲＰ","東証およびＰＴＳ",,"確報",4100,15100,75900,0,11000,75900,0,6662500,24537500,123337500,0,17875000,123337500,0,,,0,0,6256800,0,0,6256800,18.8,19.4,9.4,12.7,0,18.1,36.2
"2026/02/09","2026/02/12","3447","信和","東証およびＰＴＳ",,"確報",8800,300,17400,0,0,0,17400,9451200,322200,18687600,0,0,0,18687600,,,0,0,898900,0,0,0,10.4,5.4,172,10.4,0,0,0
"2026/02/09","2026/02/12","3449","テクノフレックス","東証およびＰＴＳ",,"確報",0,600,7200,0,100,300,6900,0,1295400,15544800,0,215900,647700,14897100,,,0,0,390000,0,0,20000,10.1,7.8,17.9,10.9,13,2.9,4.7
"2026/02/09","2026/02/12","3451","Ｒ－トーセイ・リート","東証およびＰＴＳ",,"確報",0,0,32,0,0,0,32,0,0,4822400,0,0,0,4822400,,,0,0,38400,0,0,0,26.4,198,14.1,26.4,0,0,0
"2026/02/09","2026/02/12","3452","ビーロット","東証およびＰＴＳ",,"確報",800,0,84800,500,0,3400,81400,1248800,0,132372800,780500,0,5307400,127065400,,,0,0,2184000,0,0,75400,88.6,63.8,300.6,105.2,8.7,43.7,14.6
"2026/02/09","2026/02/12","3454","ファーストブラザーズ","東証およびＰＴＳ",,"確報",3400,100,51500,200,300,1200,50300,4134400,121600,62624000,243200,364800,1459200,61164800,,,0,0,0,192800,5200,0,20,10.4,2122,20.7,8.6,10,9.2
"2026/02/09","2026/02/12","3455","ＨＣＭ","東証およびＰＴＳ",,"確報",0,42,283,0,1,1,282,0,5245800,35346700,0,124900,124900,35221800,,,0,0,520000,0,0,3200,21,27.7,16.9,21,0,9,18
"2026/02/09","2026/02/12","3457","Ａｎｄ　Ｄｏ　ＨＬＤ","東証およびＰＴＳ",,"確報",800,1000,43600,0,2300,27600,16000,892800,1116000,48657600,0,2566800,30801600,17856000,,,0,0,0,175200,119600,0,52.8,67.4,119.8,86.2,30.5,36.7,33.3
"2026/02/09","2026/02/12","3459","サムティレジ","東証およびＰＴＳ",,"確報",1,0,118,0,0,1,117,116400,0,13735200,0,0,116400,13618800,,,0,0,11700,0,0,100,38.5,83,145.3,105.6,1.5,1.5,1.5
"2026/02/09","2026/02/12","345A","高配当成長ＥＴＮ","東証およびＰＴＳ",,"確報",0,0,350,0,0,0,350,0,0,5309500,0,0,0,5309500,,,0,0,78750,0,0,0,19,9.5,0,19,0,0,0
"2026/02/09","2026/02/12","3461","パルマ","東証およびＰＴＳ",,"確報",100,0,1200,0,0,0,1200,55100,0,661200,0,0,0,661200,,,0,0,0,2200,0,0,38.7,29,58,38.7,0,0,0
"2026/02/09","2026/02/12","3462","野村不動産マスターＦ","東証およびＰＴＳ",,"確報",2,19,40,0,23,34,6,336800,3199600,6736000,0,3873200,5725600,1010400,,,0,0,0,0,0,0,3.3,3.6,3.7,3.7,3,3,3
"2026/02/09","2026/02/12","3463","いちごホテルリート","東証およびＰＴＳ",,"確報",21,0,236,0,0,0,236,2562000,0,28792000,0,0,0,28792000,,,0,0,86000,0,0,0,12.8,11.1,15.1,12.8,0,0,0
"2026/02/09","2026/02/12","3465","ケイアイスター不動産","東証およびＰＴＳ",,"確報",0,200,7200,100,300,3500,3700,0,1318000,47448000,659000,1977000,23065000,24383000,,,0,0,1110000,0,0,555000,18.5,36.9,33.5,35.1,5.6,15.4,8.2
"2026/02/09","2026/02/12","3466","ラサールロジ投資法人","東証およびＰＴＳ",,"確報",5,39,36,10,0,45,-9,789000,6154200,5680800,1578000,0,7101000,-1420200,,,0,0,14000,0,0,7000,7.3,9.2,4.5,6,9.1,13.1,10.7
"2026/02/09","2026/02/12","3467","アグレ都市デザイン","東証およびＰＴＳ",,"確報",300,1000,3600,0,0,0,3600,790500,2635000,9486000,0,0,0,9486000,,,0,0,8600,0,0,0,26.9,40.4,20.2,26.9,0,0,0
"2026/02/09","2026/02/12","3468","スターアジア投資法人","東証およびＰＴＳ",,"確報",1,26,484,0,0,12,472,59800,1554800,28943200,0,0,717600,28225600,,,0,0,0,152700,3600,0,31.9,23.2,63.8,34,9.1,10.7,9.8
"2026/02/09","2026/02/12","3469","デュアルタップ","東証およびＰＴＳ",,"確報",0,0,1200,0,0,0,1200,0,0,1147200,0,0,0,1147200,,,0,0,0,2400,0,0,0,0,0,0,0,0,0
"2026/02/09","2026/02/12","346A","Ｓ＆Ｐ５００半導体","東証およびＰＴＳ",,"確報",0,2140,5472,0,0,0,5472,0,7586300,19398240,0,0,0,19398240,,,0,0,1103740,0,0,0,7.5,6,10.2,7.5,0,0,0
"2026/02/09","2026/02/12","3470","マリモ地方創生リート","東証およびＰＴＳ",,"確報",20,0,183,0,0,0,183,2170000,0,19855500,0,0,0,19855500,,,0,0,179300,0,0,0,14.6,18.9,11.9,14.6,0,0,0
"2026/02/09","2026/02/12","3471","三井不ロジパーク","東証およびＰＴＳ",,"確報",10,0,184,46,0,104,80,1174000,0,21601600,5400400,0,12209600,9392000,,,0,0,156600,0,0,52200,8.2,10.1,6.6,8,5.3,34,9.1
"2026/02/09","2026/02/12","3472","Ｒ－日本ホテル＆レジ","東証およびＰＴＳ",,"確報",0,0,441,0,0,0,441,0,0,33163200,0,0,0,33163200,,,0,0,0,0,0,0,2201,1100.5,0,2201,0,0,0
"2026/02/09","2026/02/12","3474","Ｇ－ＦＡＣＴＯＲＹ","東証およびＰＴＳ",,"確報",0,0,800,0,0,0,800,0,0,461600,0,0,0,461600,,,0,0,0,4800,0,0,0,0,0,0,0,0,0
"2026/02/09","2026/02/12","3475","グッドコムアセット","東証およびＰＴＳ",,"確報",6200,5000,227900,2200,10300,367400,-139500,8797800,7095000,323390100,3121800,14615700,521340600,-197950500,,,0,0,8841300,0,0,14644500,63.5,33,72.3,45.3,57.4,154.2,83.7
"2026/02/09","2026/02/12","3476","投資法人みらい","東証およびＰＴＳ",,"確報",0,0,103,0,0,6,97,0,0,5211800,0,0,303600,4908200,,,0,0,20600,0,0,1200,23.8,49.5,15,23,28,0,56
"2026/02/09","2026/02/12","3477","フォーライフ","東証およびＰＴＳ",,"確報",0,0,600,0,0,0,600,0,0,550200,0,0,0,550200,,,0,0,6000,0,0,0,62,0,31,62,0,0,0
"2026/02/09","2026/02/12","3479","ティーケーピー","東証およびＰＴＳ",,"確報",600,4600,194600,700,1500,225700,-31100,1423200,10911200,461591200,1660400,3558000,535360400,-73769200,,,0,0,0,5958000,6795000,0,143.8,244.3,76.5,116.5,126.6,322,181.8
"2026/02/09","2026/02/12","3480","ジェイ・エス・ビー","東証およびＰＴＳ",,"確報",0,600,10000,2800,0,18000,-8000,0,2043000,34050000,9534000,0,61290000,-27240000,,,0,0,795000,0,0,1140000,26.7,39.2,28.3,32.8,12.2,366.5,23.6
"2026/02/09","2026/02/12","3481","Ｒ－三菱地所物流","東証およびＰＴＳ",,"確報",88,33,113,0,59,294,-181,11651200,4369200,14961200,0,7811600,38925600,-23964400,,,0,0,11600,0,0,70600,11.9,2.8,5.2,3.7,479.3,10.8,21.1
"2026/02/09","2026/02/12","3482","ロードスター","東証およびＰＴＳ",,"確報",400,300,52200,100,0,2700,49500,1252000,939000,163386000,313000,0,8451000,154935000,,,0,0,2605000,0,0,130000,288.2,372.1,434.2,400.8,33.3,66.5,44.3
"2026/02/09","2026/02/12","3484","イノベーションＨＤ","東証およびＰＴＳ",,"確報",100,0,1300,0,0,1300,0,129100,0,1678300,0,0,1678300,0,,,0,0,12000,0,0,13000,6.6,5.3,12.8,7.5,65,3.1,5.9
"2026/02/09","2026/02/12","3486","グローバルリンクＭ","東証およびＰＴＳ",,"確報",0,200,43900,100,0,1000,42900,0,433800,95219100,216900,0,2169000,93050100,,,0,0,529200,0,0,10800,213.2,2205,183.8,339.2,4.9,34,8.5
"2026/02/09","2026/02/12","3487","Ｒ－ＣＲＥロジ","東証およびＰＴＳ",,"確報",0,10,52,0,0,4,48,0,1673000,8699600,0,0,669200,8030400,,,0,0,55800,0,0,3600,41.7,97.7,24.4,39.1,0,0,0
"2026/02/09","2026/02/12","3488","Ｒ－セントラル","東証およびＰＴＳ",,"確報",6,36,245,0,0,0,245,699600,4197600,28567000,0,0,0,28567000,,,0,0,0,55000,0,0,25.5,58.7,16.3,25.5,0,0,0
"2026/02/09","2026/02/12","3489","フェイスネットワーク","東証およびＰＴＳ",,"確報",0,2900,43800,100,0,100,43700,0,2409900,36397800,83100,0,83100,36314700,,,0,0,513700,0,0,0,20.3,69,12.1,20.6,1,1,1
"2026/02/09","2026/02/12","348A","ＭＸＳ読売３３３日株","東証およびＰＴＳ",,"確報",1000,60,17030,10,0,10,17020,273000,16380,4649190,2730,0,2730,4646460,,,0,0,111021,0,0,0,26.5,74.4,16.2,26.6,1,2,1.3
"2026/02/09","2026/02/12","3490","アズ企画設計","東証およびＰＴＳ",,"確報",100,0,700,0,0,0,700,301500,0,2110500,0,0,0,2110500,,,0,0,0,6000,0,0,10,17.5,7,10,0,0,0
"2026/02/09","2026/02/12","3491","ＧＡ　ＴＥＣＨ","東証およびＰＴＳ",,"確報",0,1700,65500,0,0,0,65500,0,2628200,101263000,0,0,0,101263000,,,0,0,1478400,0,0,0,143.8,844.8,78.6,143.8,0,0,0
"2026/02/09","2026/02/12","3492","Ｒ－ＭＩＲＡＲＴＨ","東証およびＰＴＳ",,"確報",17,0,725,0,0,7,718,1601400,0,68295000,0,0,659400,67635600,,,0,0,0,141600,1400,0,43.2,58.8,34,43.1,33,0,66
"2026/02/09","2026/02/12","3494","マリオン","東証およびＰＴＳ",,"確報",100,0,26700,0,0,0,26700,37900,0,10119300,0,0,0,10119300,,,0,0,53200,0,0,0,297.1,334.3,267.4,297.1,0,0,0
"2026/02/09","2026/02/12","3495","香陵住販","東証およびＰＴＳ",,"確報",0,0,1200,0,0,0,1200,0,0,3060000,0,0,0,3060000,,,0,0,30000,0,0,0,0,0,0,0,0,0,0
"2026/02/09","2026/02/12","3496","アズーム","東証およびＰＴＳ",,"確報",0,800,13800,0,0,0,13800,0,3552000,61272000,0,0,0,61272000,,,0,0,1095000,0,0,0,3.8,4.1,3.6,3.8,0,0,0
"2026/02/09","2026/02/12","3498","霞ヶ関キャピタル","東証およびＰＴＳ",,"確報",5500,11100,197100,0,0,61000,136100,39050000,78810000,1399410000,0,0,433100000,966310000,,,0,0,0,20270000,6100000,0,10,10.2,7.9,8.9,110.2,8.3,15.5
"2026/02/09","2026/02/12","349A","ＳＭＤＡＭ日本グロ株","東証およびＰＴＳ",,"確報",0,0,0,0,0,20,-20,0,0,0,0,0,14540,-14540,,,0,0,0,0,0,836,2,0,1,2,1.9,2.1,2
"2026/02/09","2026/02/12","3501","ＳＵＭＩＮＯＥ","東証およびＰＴＳ",,"確報",0,100,4300,0,100,200,4100,0,133100,5723300,0,133100,266200,5457100,,,0,0,13200,0,0,900,36.3,111.5,24.8,40.5,13,13,13
"2026/02/09","2026/02/12","350A","デジタルグリッド","東証およびＰＴＳ",,"確報",800,0,122100,0,0,0,122100,572800,0,87423600,0,0,0,87423600,,,0,0,0,1091700,0,0,91.9,86.6,97.9,91.9,0,0,0
"2026/02/09","2026/02/12","3512","日本フエルト","東証およびＰＴＳ",,"確報",10900,100,703700,0,0,0,703700,9221400,84600,595330200,0,0,0,595330200,,,0,0,0,18015400,0,0,336,169.7,9999.9,336,0,0,0
"2026/02/09","2026/02/12","3513","イチカワ","東証およびＰＴＳ",,"確報",800,0,33900,0,0,0,33900,2736000,0,115938000,0,0,0,115938000,,,0,0,1986000,0,0,0,41,21.1,749,41,0,0,0
"2026/02/09","2026/02/12","3521","テルマー湯ＨＤ","東証およびＰＴＳ",,"確報",100,0,230800,2000,0,6700,224100,17800,0,41082400,356000,0,1192600,39889800,,,0,0,0,0,0,0,178.4,219.9,277.5,245.3,5.6,209,11
"2026/02/09","2026/02/12","3524","日東製網","東証およびＰＴＳ",,"確報",200,100,4800,0,0,0,4800,323200,161600,7756800,0,0,0,7756800,,,0,0,37600,0,0,0,157.3,118,236,157.3,0,0,0
"2026/02/09","2026/02/12","3526","芦森工業","東証およびＰＴＳ",,"確報",0,0,0,0,0,0,0,0,0,0,0,0,0,0,,,0,0,0,0,0,0,0,0,0,0,0,0,0
"2026/02/09","2026/02/12","3529","アツギ","東証およびＰＴＳ",,"確報",6100,0,72900,0,0,99800,-26900,6722200,0,80335800,0,0,109979600,-29643800,,,0,0,0,801600,1197600,0,5.4,2.7,2.3,2.5,159.4,98.1,121.5
"2026/02/09","2026/02/12","352A","ＬＯＩＶＥ","東証およびＰＴＳ",,"確報",0,0,2300,0,0,0,2300,0,0,2286200,0,0,0,2286200,,,0,0,0,62100,0,0,17.9,31.3,12.5,17.9,0,0,0
"2026/02/09","2026/02/12","3536","アクサスＨＤ","東証およびＰＴＳ",,"確報",0,500,11100,0,0,0,11100,0,65000,1443000,0,0,0,1443000,,,0,0,0,11600,0,0,81.6,142.8,57.1,81.6,0,0,0
"2026/02/09","2026/02/12","3537","昭栄薬品","東証およびＰＴＳ",,"確報",0,100,700,0,0,0,700,0,158300,1108100,0,0,0,1108100,,,0,0,800,0,0,0,18.8,0,9.4,18.8,0,0,0
"2026/02/09","2026/02/12","3538","ウイルプラスＨＤ","東証およびＰＴＳ",,"確報",100,0,2300,0,0,100,2200,104300,0,2398900,0,0,104300,2294600,,,0,0,0,17600,800,0,22.9,30,24,26.7,6,6,6
"2026/02/09","2026/02/12","3539","ＪＭホールディングス","東証およびＰＴＳ",,"確報",100,0,7100,100,0,7100,0,179500,0,12744500,179500,0,12744500,0,,,0,0,161000,0,0,161000,6,8.5,4.8,6.2,8,4.7,5.9
"2026/02/09","2026/02/12","3541","農業総合研究所","東証およびＰＴＳ",,"確報",0,5500,120600,0,0,40600,80000,0,4218500,92500200,0,0,31140200,61360000,,,0,0,126100,0,0,40600,19.7,30.9,17.5,22.4,3061,8,15.9
"2026/02/09","2026/02/12","3542","ベガコーポレーション","東証およびＰＴＳ",,"確報",0,200,40100,700,100,65200,-25100,0,282200,56581100,987700,141100,91997200,-35416100,,,0,0,40300,0,0,64600,20.7,16.4,41.9,23.6,9.7,645.4,19.2
"2026/02/09","2026/02/12","3543","コメダＨＤ","東証およびＰＴＳ",,"確報",60300,1000,73800,0,300,1800,72000,173302200,2874000,212101200,0,862200,5173200,206928000,,,0,0,261000,0,0,37800,2.1,1.6,2.9,2,118,6.9,13.1
"2026/02/09","2026/02/12","3544","サツドラＨＤ","東証およびＰＴＳ",,"確報",200,0,10300,300,0,500,9800,173200,0,8919800,259800,0,433000,8486800,,,0,0,60600,0,0,1200,87.8,126.8,0,253.5,5,5,5
"2026/02/09","2026/02/12","3546","アレンザＨＤ","東証およびＰＴＳ",,"確報",8000,200,13100,7900,100,13100,0,9080000,227000,14868500,8966500,113500,14868500,0,,,0,0,42400,0,0,42400,5.8,3.9,7.8,5.2,3.7,66.2,7
"2026/02/09","2026/02/12","3547","串カツ田中","東証およびＰＴＳ",,"確報",200,2300,39800,200,600,80400,-40600,391000,4496500,77809000,391000,1173000,157182000,-79373000,,,0,0,1340800,0,0,2585600,51.9,28.3,19.1,22.8,682.2,77.2,138.7
"2026/02/09","2026/02/12","3548","バロック","東証およびＰＴＳ",,"確報",10300,3300,64500,0,900,192500,-128000,8219400,2633400,51471000,0,718200,153615000,-102144000,,,0,0,0,0,0,0,26.9,19,4.5,7.3,4888.5,141.7,275.4
"2026/02/09","2026/02/12","3549","クスリのアオキＨＤ","東証およびＰＴＳ",,"確報",400,700,26800,300,300,42600,-15800,1674000,2929500,112158000,1255500,1255500,178281000,-66123000,,,0,0,189700,0,0,298200,25.9,27.4,11.5,16.2,52.7,39.3,45
"2026/02/09","2026/02/12","354A","ｉＦ高配当５０","東証およびＰＴＳ",,"確報",1410,0,2863,0,0,0,2863,4272300,0,8674890,0,0,0,8674890,,,0,0,29060,0,0,0,2.9,3.1,2.8,2.9,0,0,0
"2026/02/09","2026/02/12","3550","スタジオアタオ","東証およびＰＴＳ",,"確報",0,0,200,0,0,0,200,0,0,46000,0,0,0,46000,,,0,0,0,0,0,0,3.8,0,1.9,3.8,0,0,0
"2026/02/09","2026/02/12","3551","ダイニック","東証およびＰＴＳ",,"確報",0,0,500,0,0,0,500,0,0,575000,0,0,0,575000,,,0,0,0,0,0,0,0,0,0,0,0,0,0
"2026/02/09","2026/02/12","3553","共和レザー","東証およびＰＴＳ",,"確報",600,300,15700,1600,9400,40200,-24500,690000,345000,18055000,1840000,10810000,46230000,-28175000,,,0,0,246400,0,0,768000,28.8,16.3,23.6,19.3,94.9,20.5,33.7
"2026/02/09","2026/02/12","3556","リネットジャパングル","東証およびＰＴＳ",,"確報",118300,2100,158300,0,0,0,158300,135690100,2408700,181570100,0,0,0,181570100,,,0,0,1684000,0,0,0,2.5,1.8,3.9,2.5,0,0,0
"2026/02/09","2026/02/12","3557","Ｕ＆Ｃ","東証およびＰＴＳ",,"確報",0,0,100,0,0,0,100,0,0,100000,0,0,0,100000,,,0,0,200,0,0,0,2.5,2.5,2.5,2.5,0,0,0
"2026/02/09","2026/02/12","3558","ジェイドグループ","東証およびＰＴＳ",,"確報",100,3300,103100,0,0,0,103100,171400,5656200,176713400,0,0,0,176713400,,,0,0,2338600,0,0,0,155.8,662.1,88.3,155.8,0,0,0
"2026/02/09","2026/02/12","3559","ピーバンドットコム","東証およびＰＴＳ",,"確報",600,0,64100,600,0,64100,0,297000,0,31729500,297000,0,31729500,0,,,0,0,127000,0,0,127000,110,56,92.2,69.6,136.3,3134,261.2
"2026/02/09","2026/02/12","3560","ほぼ日","東証およびＰＴＳ",,"確報",0,0,200,0,0,0,200,0,0,728000,0,0,0,728000,,,0,0,0,3000,0,0,0,0,0,0,0,0,0
"2026/02/09","2026/02/12","3561","力の源ＨＤ","東証およびＰＴＳ",,"確報",0,1400,71000,2100,0,336100,-265100,0,2055200,104228000,3082800,0,493394800,-389166800,,,0,0,0,0,0,0,34.1,148.6,67.3,92.6,28.8,31.3,30
"2026/02/09","2026/02/12","3562","Ｎｏ．１","東証およびＰＴＳ",,"確報",0,1000,7300,0,0,0,7300,0,1857000,13556100,0,0,0,13556100,,,0,0,33200,0,0,0,22.4,28,18.7,22.4,0,0,0
"2026/02/09","2026/02/12","3563","Ｆ＆ＬＣ","東証およびＰＴＳ",,"確報",4100,5600,22700,0,16200,8000,14700,37752800,51564800,209021600,0,149169600,73664000,135357600,,,0,0,0,5445000,5445000,0,3.2,5.5,3.6,4.4,1.9,2.4,2.1
"2026/02/09","2026/02/12","3565","アセンテック","東証およびＰＴＳ",,"確報",1300,0,53200,0,0,2400,50800,1868100,0,76448400,0,0,3448800,72999600,,,0,0,1297500,0,0,60000,45.1,55.5,60.5,57.9,8.2,8.2,8.2
"2026/02/09","2026/02/12","3566","ユニフォームネクスト","東証およびＰＴＳ",,"確報",100,0,900,0,0,0,900,72200,0,649800,0,0,0,649800,,,0,0,0,4000,0,0,5.7,14.3,3.6,5.7,0,0,0
"2026/02/09","2026/02/12","3569","セーレン","東証およびＰＴＳ",,"確報",1800,100,17300,0,200,1300,16000,5994000,333000,57609000,0,666000,4329000,53280000,,,0,0,0,1170000,112500,0,23.4,21.8,50.4,30.5,2.2,11.7,3.7
"2026/02/09","2026/02/12","356A","ＧＸＳＰＣＦ１００","東証およびＰＴＳ",,"確報",0,377,625,0,0,0,625,0,527046,873750,0,0,0,873750,,,0,0,14028,0,0,0,6.7,5.6,8.3,6.7,0,0,0
"2026/02/09","2026/02/12","3571","ソトー","東証およびＰＴＳ",,"確報",0,900,4000,100,0,1400,2600,0,727200,3232000,80800,0,1131200,2100800,,,0,0,19600,0,0,5200,39.7,116,19.3,33.1,66,0,132
"2026/02/09","2026/02/12","3577","東海染工","東証およびＰＴＳ",,"確報",0,0,200,0,0,0,200,0,0,200000,0,0,0,200000,,,0,0,400,0,0,0,0,0,0,0,0,0,0
"2026/02/09","2026/02/12","3580","小松マテーレ","東証およびＰＴＳ",,"確報",0,1700,70500,100,3200,21700,48800,0,1504500,62392500,88500,2832000,19204500,43188000,,,0,0,649800,0,0,223200,59.8,222.9,148.6,178.3,26,17.1,20.6
"2026/02/09","2026/02/12","3583","オーベクス","東証およびＰＴＳ",,"確報",0,0,1700,0,0,0,1700,0,0,2267800,0,0,0,2267800,,,0,0,15300,0,0,0,55.3,27.7,0,55.3,0,0,0
"2026/02/09","2026/02/12","3591","ワコールＨＤ","東証およびＰＴＳ",,"確報",0,1500,27500,2600,0,85800,-58300,0,6904500,126582500,11967800,0,394937400,-268354900,,,0,0,1943000,0,0,5574400,21.4,28.3,13.5,18.3,22.9,22.4,22.7
"2026/02/09","2026/02/12","3593","ホギメディカル","東証およびＰＴＳ",,"確報",0,200,1100,0,0,1300,-200,0,1340000,7370000,0,0,8710000,-1340000,,,0,0,0,0,0,0,30.8,29.5,14.8,19.7,64,64,64
"2026/02/09","2026/02/12","3597","自重堂","東証およびＰＴＳ",,"確報",0,0,400,0,0,0,400,0,0,4008000,0,0,0,4008000,,,0,0,20000,0,0,0,38,19,0,38,0,0,0
"2026/02/09","2026/02/12","3598","山喜","東証およびＰＴＳ",,"確報",0,200,1600,0,0,0,1600,0,34000,272000,0,0,0,272000,,,0,0,0,1800,0,0,29,43.5,21.8,29,0,0,0
"2026/02/09","2026/02/12","3600","フジックス","東証およびＰＴＳ",,"確報",100,0,100,0,0,0,100,168800,0,168800,0,0,0,168800,,,0,0,0,0,0,0,1,1,1,1,0,0,0
"2026/02/09","2026/02/12","3607","クラウディアＨＤ","東証およびＰＴＳ",,"確報",400,0,3800,0,0,0,3800,140400,0,1333800,0,0,0,1333800,,,0,0,3400,0,0,0,69.2,34.6,0,69.2,0,0,0
"2026/02/09","2026/02/12","3608","ＴＳＩＨＤ","東証およびＰＴＳ",,"確報",5000,5100,62200,0,100,62200,0,5505000,5615100,68482200,0,110100,68482200,0,,,0,0,186900,0,0,186900,30.5,15.3,15.3,15.3,0,3114,6228
"2026/02/09","2026/02/12","360A","リートコア","東証およびＰＴＳ",,"確報",0,0,0,0,0,0,0,0,0,0,0,0,0,0,,,0,0,0,0,0,0,0,0,0,0,0,0,0
"2026/02/09","2026/02/12","3611","マツオカ","東証およびＰＴＳ",,"確報",200,0,59100,0,500,600,58500,517400,0,152891700,0,1293500,1552200,151339500,,,0,0,0,589000,11000,0,333.2,736.8,1473.5,982.3,17.3,5.8,8.7
"2026/02/09","2026/02/12","3612","ワールド","東証およびＰＴＳ",,"確報",600,1000,10100,500,600,5100,5000,1887000,3145000,31764500,1572500,1887000,16039500,15725000,,,0,0,0,210000,104000,0,15.9,37.1,21.6,27.3,9.7,7.4,8.4
"2026/02/09","2026/02/12","3622","ネットイヤーグループ","東証およびＰＴＳ",,"確報",0,0,15400,0,0,0,15400,0,0,9517200,0,0,0,9517200,,,0,0,77000,0,0,0,171.3,771,96.4,171.3,0,0,0
"2026/02/09","2026/02/12","3623","ビリングシステム","東証およびＰＴＳ",,"確報",0,0,2500,0,0,0,2500,0,0,2470000,0,0,0,2470000,,,0,0,10000,0,0,0,43,64.5,32.3,43,0,0,0
"2026/02/09","2026/02/12","3624","アクセルマーク","東証およびＰＴＳ",,"確報",0,400,145800,0,0,0,145800,0,32400,11809800,0,0,0,11809800,,,0,0,146200,0,0,0,456.8,913.5,304.5,456.8,0,0,0
"2026/02/09","2026/02/12","3625","テックファームＨＤ","東証およびＰＴＳ",,"確報",0,0,9700,0,0,0,9700,0,0,6305000,0,0,0,6305000,,,0,0,0,58200,0,0,81.8,491,44.6,81.8,0,0,0
"2026/02/09","2026/02/12","3626","ＴＩＳ","東証およびＰＴＳ",,"確報",800,2800,15100,3800,0,5100,10000,2785600,9749600,52578200,13231600,0,17758200,34820000,,,0,0,478800,0,0,36400,1.6,1.8,2.3,2,1.1,1.2,1.1
"2026/02/09","2026/02/12","3627","テクミラ","東証およびＰＴＳ",,"確報",400,0,6200,700,200,1200,5000,102800,0,1593400,179900,51400,308400,1285000,,,0,0,5800,0,0,700,19.9,33.3,50,40,3.9,4.3,4.1
"2026/02/09","2026/02/12","3628","データホライゾン","東証およびＰＴＳ",,"確報",0,0,6100,0,0,0,6100,0,0,2934100,0,0,0,2934100,,,0,0,0,79300,0,0,85.7,50,300,85.7,0,0,0
"2026/02/09","2026/02/12","3632","グリーＨＤ","東証およびＰＴＳ",,"確報",700,16100,90100,0,15400,90100,0,265300,6101900,34147900,0,5836600,34147900,0,,,0,0,0,0,0,0,5.5,4.6,7.5,5.7,3.1,15.2,5.1
"2026/02/09","2026/02/12","3633","ＧＭＯペパボ","東証およびＰＴＳ",,"確報",0,100,3200,0,0,0,3200,0,209200,6694400,0,0,0,6694400,,,0,0,92400,0,0,0,38.2,86,24.6,38.2,0,0,0
"2026/02/09","2026/02/12","3634","ソケッツ","東証およびＰＴＳ",,"確報",4700,0,4900,0,0,0,4900,4361600,0,4547200,0,0,0,4547200,,,0,0,30000,0,0,0,2,1.1,27,2,0,0,0
"2026/02/09","2026/02/12","3635","コーエーテクモＨＤ","東証およびＰＴＳ",,"確報",100,6200,86100,500,0,23400,62700,158000,9796000,136038000,790000,0,36972000,99066000,,,0,0,2581600,0,0,641200,24.9,39,46.5,42.4,6.8,15,9.3
"2026/02/09","2026/02/12","3636","三菱総合研究所","東証およびＰＴＳ",,"確報",1500,100,3800,1300,700,7800,-4000,7920000,528000,20064000,6864000,3696000,41184000,-21120000,,,0,0,192000,0,0,576000,4.1,2.6,3.1,2.9,4,9.1,5.5
"2026/02/09","2026/02/12","3639","ボルテージ","東証およびＰＴＳ",,"確報",300,0,148700,0,3100,90700,58000,82500,0,40892500,0,852500,24942500,15950000,,,0,0,0,296800,187600,0,161.2,412.3,0,824.7,0,35.7,71.4
"2026/02/09","2026/02/12","363A","ｉＦ英国ＦＴ１００","東証およびＰＴＳ",,"確報",10,10,30,0,0,0,30,26170,26170,78510,0,0,0,78510,,,0,0,1050,0,0,0,10,7.5,15,10,0,0,0
"2026/02/09","2026/02/12","3640","電算","東証およびＰＴＳ",,"確報",1500,300,7700,0,0,100,7600,5527500,1105500,28374500,0,0,368500,28006000,,,0,0,422500,0,0,6500,3.2,7.6,2.1,3.3,1.7,2.5,2
"2026/02/09","2026/02/12","3641","パピレス","東証およびＰＴＳ",,"確報",0,100,1700,0,0,0,1700,0,105700,1796900,0,0,0,1796900,,,0,0,1800,0,0,0,44.5,0,22.3,44.5,0,0,0
"2026/02/09","2026/02/12","3645","メディカルネット","東証およびＰＴＳ",,"確報",600,300,5900,300,0,5900,0,183000,91500,1799500,91500,0,1799500,0,,,0,0,5600,0,0,5600,13.7,10.1,7.3,8.5,104.7,20.9,34.9
"2026/02/09","2026/02/12","3646","駅探","東証およびＰＴＳ",,"確報",2500,24100,8900,0,0,0,8900,1025000,9881000,3649000,0,0,0,3649000,,,0,0,0,0,0,0,1.9,1.8,2.1,1.9,0,0,0
"2026/02/09","2026/02/12","3647","アスリナ","東証およびＰＴＳ",,"確報",10700,29100,40400,0,0,0,40400,1455200,3957600,5494400,0,0,0,5494400,,,0,0,882000,0,0,0,4.1,4.1,4.2,4.1,0,0,0
"2026/02/09","2026/02/12","3648","ＡＧＳ","東証およびＰＴＳ",,"確報",100,0,46300,0,400,1400,44900,123300,0,57087900,0,493200,1726200,55361700,,,0,0,0,323400,12600,0,73.7,194,68.5,101.2,34.3,6.1,10.3
"2026/02/09","2026/02/12","3649","ファインデックス","東証およびＰＴＳ",,"確報",1600,200,54700,2400,1000,54700,0,1500800,187600,51308600,2251200,938000,51308600,0,,,0,0,2718300,0,0,2718300,25.1,13.3,315.5,25.5,13.1,229.5,24.7
"2026/02/09","2026/02/12","364A","Ｓ＆Ｐ５００配当貴族","東証およびＰＴＳ",,"確報",0,0,1495,0,0,0,1495,0,0,3673215,0,0,0,3673215,,,0,0,31395,0,0,0,119.6,71.8,358.8,119.6,0,0,0
"2026/02/09","2026/02/12","3652","ディジタルメデプロ","東証およびＰＴＳ",,"確報",1000,100,19700,0,0,0,19700,2311000,231100,45526700,0,0,0,45526700,,,0,0,921200,0,0,0,101.1,80,137.1,101.1,0,0,0
"2026/02/09","2026/02/12","3653","モルフォ","東証およびＰＴＳ",,"確報",0,1300,41800,0,1300,41800,0,0,1020500,32813000,0,1020500,32813000,0,,,0,0,215500,0,0,215500,49.6,159.3,25.1,43.3,2230,29.3,57.9
"2026/02/09","2026/02/12","3655","ブレインパッド","東証およびＰＴＳ",,"確報",0,0,1000,0,0,500,500,0,0,2710000,0,0,1355000,1355000,,,0,0,0,39000,19500,0,0,0,0,0,0,0,0
"2026/02/09","2026/02/12","3656","ＫＬａｂ","東証およびＰＴＳ",,"確報",41300,42500,3854700,33800,35000,3854700,0,13009500,13387500,1214230500,10647000,11025000,1214230500,0,,,0,0,38559000,0,0,38559000,59,48.8,65.7,56,53.5,74.5,62.2
"2026/02/09","2026/02/12","3657","ポールＨＤ","東証およびＰＴＳ",,"確報",4300,1900,101600,2900,500,101600,0,1277100,564300,30175200,861300,148500,30175200,0,,,0,0,0,0,0,0,8.9,4.4,5.2,4.8,83.9,46.8,60.1
"2026/02/09","2026/02/12","3659","ネクソン","東証およびＰＴＳ",,"確報",0,1500,1200,7900,600,19400,-18200,0,5577000,4461600,29372200,2230800,72129200,-67667600,,,0,0,248400,0,0,1113200,1.9,1.9,0.9,1.2,2.3,2.6,2.4
"2026/02/09","2026/02/12","365A","伊澤タオル","東証およびＰＴＳ",,"確報",100,1000,19000,0,0,0,19000,70600,706000,13414000,0,0,0,13414000,,,0,0,19900,0,0,0,22.2,31.9,17,22.2,0,0,0
"2026/02/09","2026/02/12","3660","アイスタイル","東証およびＰＴＳ",,"確報",32600,15900,1101900,16200,0,62900,1039000,14800400,7218600,500262600,7354800,0,28556600,471706000,,,0,0,15192800,0,0,653800,6.2,4.5,9.7,6.2,5.3,12.3,7.5
"2026/02/09","2026/02/12","3661","エムアップＨＤ","東証およびＰＴＳ",,"確報",209000,500,415500,700,0,22900,392600,165319000,395500,328660500,553700,0,18113900,310546600,,,0,0,1656000,0,0,177600,4.8,3.4,6.9,4.6,14.6,58.5,23.4
"2026/02/09","2026/02/12","3662","エイチームＨＤ","東証およびＰＴＳ",,"確報",1600,6100,55700,1600,0,165900,-110200,1684800,6423300,58652100,1684800,0,174692700,-116040600,,,0,0,0,722400,1971600,0,16.9,4.8,13.4,7.1,18.4,104.8,31.3
"2026/02/09","2026/02/12","3663","セルシス","東証およびＰＴＳ",,"確報",400,700,91800,400,1500,109500,-17700,568800,995400,130539600,568800,2133000,155709000,-25169400,,,0,0,1105200,0,0,1327200,91.9,48.5,223.1,79.7,69.1,218.5,105
"2026/02/09","2026/02/12","3664","モブキャストＨＤ","東証およびＰＴＳ",,"確報",4800,1000,975800,0,0,19600,956200,163200,34000,33177200,0,0,666400,32510800,,,0,0,0,972000,19600,0,132.1,103.9,181.2,132.1,141,123.4,131.6
"2026/02/09","2026/02/12","3665","エニグモ","東証およびＰＴＳ",,"確報",29800,23000,270800,32200,500,486800,-216000,12009400,9269000,109132400,12976600,201500,196180400,-87048000,,,0,0,0,2904000,5006100,0,17.3,24.9,11.1,15.4,27.7,13.9,18.5
"2026/02/09","2026/02/12","3667","ｅｎｉｓｈ","東証およびＰＴＳ",,"確報",0,4800,180800,0,0,20300,160500,0,283200,10667200,0,0,1197700,9469500,,,0,0,185600,0,0,20300,52.9,54.6,42.5,47.8,0,1015,2030
"2026/02/09","2026/02/12","3668","コロプラ","東証およびＰＴＳ",,"確報",10700,0,114600,36800,0,209400,-94800,4622400,0,49507200,15897600,0,90460800,-40953600,,,0,0,0,415600,690400,0,9.4,7.8,17.6,10.8,5.1,25.9,8.6
"2026/02/09","2026/02/12","366A","ウェルネスＣ","東証およびＰＴＳ",,"確報",0,200,18100,0,0,0,18100,0,201000,18190500,0,0,0,18190500,,,0,0,183000,0,0,0,32.3,69.6,21,32.3,0,0,0
"2026/02/09","2026/02/12","3670","協立情報通信","東証およびＰＴＳ",,"確報",0,100,6000,0,0,0,6000,0,209800,12588000,0,0,0,12588000,,,0,0,109800,0,0,0,90.6,317,52.8,90.6,0,0,0
"2026/02/09","2026/02/12","3671","ソフトマックス","東証およびＰＴＳ",,"確報",1000,400,15100,0,0,0,15100,335000,134000,5058500,0,0,0,5058500,,,0,0,29000,0,0,0,24.4,18.2,37.3,24.4,0,0,0
"2026/02/09","2026/02/12","3672","オルトプラス","東証およびＰＴＳ",,"確報",0,14000,111800,0,0,0,111800,0,672000,5366400,0,0,0,5366400,,,0,0,251600,0,0,0,13.6,20,10.4,13.6,0,0,0
"2026/02/09","2026/02/12","3673","ブロードリーフ","東証およびＰＴＳ",,"確報",6100,5100,50500,14100,7900,162900,-112400,3653900,3054900,30249500,8445900,4732100,97577100,-67327600,,,0,0,346500,0,0,1096900,20.8,8.3,25.7,12.5,29.6,21.6,25
"2026/02/09","2026/02/12","3674","オークファン","東証およびＰＴＳ",,"確報",0,0,15100,0,400,4900,10200,0,0,5103800,0,135200,1656200,3447600,,,0,0,0,30200,10600,0,205.6,0,758,1516,270,33.8,60
"2026/02/09","2026/02/12","3675","クロス・マーケティン","東証およびＰＴＳ",,"確報",8000,0,651900,0,0,0,651900,5184000,0,422431200,0,0,0,422431200,,,0,0,0,643900,0,0,169.5,86.4,4553.6,169.5,0,0,0
"2026/02/09","2026/02/12","3676","デジハＨＤ","東証およびＰＴＳ",,"確報",0,1000,30600,0,0,0,30600,0,922000,28213200,0,0,0,28213200,,,0,0,316000,0,0,0,29.2,45.9,21.4,29.2,0,0,0
"2026/02/09","2026/02/12","3678","メディアドゥ","東証およびＰＴＳ",,"確報",5500,200,24200,5300,0,24200,0,8992500,327000,39567000,8665500,0,39567000,0,,,0,0,94500,0,0,94500,13.2,8.6,180.2,16.4,5.7,118,10.9
"2026/02/09","2026/02/12","3679","じげん","東証およびＰＴＳ",,"確報",400,0,30900,12400,0,21500,9400,182400,0,14090400,5654400,0,9804000,4286400,,,0,0,274500,0,0,81900,7.2,7.3,59.2,13,3.4,4.7,3.9
"2026/02/09","2026/02/12","367A","プリモＧＨＤ","東証およびＰＴＳ",,"確報",500,0,28000,0,0,0,28000,1062000,0,59472000,0,0,0,59472000,,,0,0,0,247500,0,0,3.4,3.3,3.5,3.4,0,0,0
"2026/02/09","2026/02/12","3680","ホットリンク","東証およびＰＴＳ",,"確報",1600,7200,87900,0,5600,87900,0,392000,1764000,21535500,0,1372000,21535500,0,,,0,0,0,841500,841500,0,34.1,27.1,26.8,26.9,47,46.1,46.6
"2026/02/09","2026/02/12","3682","エンカレッジ・テクノ","東証およびＰＴＳ",,"確報",0,100,700,0,0,400,300,0,69600,487200,0,0,278400,208800,,,0,0,2400,0,0,1200,8.3,17.3,5.8,8.7,0,3.9,7.8
"2026/02/09","2026/02/12","3683","サイバーリンクス","東証およびＰＴＳ",,"確報",1100,0,80100,100,0,3400,76700,1405800,0,102367800,127800,0,4345200,98022600,,,0,0,0,316000,13200,0,159.4,97.7,977.3,177.7,22.1,0,44.3
"2026/02/09","2026/02/12","3686","ディー・エル・イー","東証およびＰＴＳ",,"確報",204000,4300,351700,0,6800,353400,-1700,24684000,520300,42555700,0,822800,42761400,-205700,,,0,0,0,456000,1080600,0,7.1,2.8,4.4,3.4,119.5,10.5,19.3
"2026/02/09","2026/02/12","3687","フィックスターズ","東証およびＰＴＳ",,"確報",5700,8500,108700,100,2900,108700,0,8441700,12588500,160984700,148100,4294900,160984700,0,,,0,0,4348500,0,0,4348500,27.1,26.9,32.6,29.5,18.1,40,25
"2026/02/09","2026/02/12","368A","北里コーポレーション","東証およびＰＴＳ",,"確報",1500,100,46500,0,0,0,46500,2281500,152100,70726500,0,0,0,70726500,,,0,0,0,721600,0,0,34.8,55,25.4,34.8,0,0,0
"2026/02/09","2026/02/12","3690","イルグルム","東証およびＰＴＳ",,"確報",0,100,5200,600,0,2600,2600,0,57500,2990000,345000,0,1495000,1495000,,,0,0,37100,0,0,14000,11.2,5.7,33.3,9.8,8.9,53.5,15.3
"2026/02/09","2026/02/12","3691","デジタルプラス","東証およびＰＴＳ",,"確報",0,400,9500,0,0,0,9500,0,610400,14497000,0,0,0,14497000,,,0,0,118800,0,0,0,32.4,107,19.1,32.4,0,0,0
"2026/02/09","2026/02/12","3692","ＦＦＲＩセキュ","東証およびＰＴＳ",,"確報",37400,36200,377500,1200,5200,377500,0,354926000,343538000,3582475000,11388000,49348000,3582475000,0,,,0,0,0,184387000,186935000,0,36,23.5,25.8,24.6,59.2,76.4,66.7
"2026/02/09","2026/02/12","3694","オプティム","東証およびＰＴＳ",,"確報",1400,500,101800,900,0,101800,0,679000,242500,49373000,436500,0,49373000,0,,,0,0,1210800,0,0,1210800,58.3,43.8,75.2,55.4,47.5,86.9,61.5
"2026/02/09","2026/02/12","3695","ＧＭＯ－ＰＰ","東証およびＰＴＳ",,"確報",0,200,100,0,0,0,100,0,409800,204900,0,0,0,204900,,,0,0,35700,0,0,0,3.5,3.5,3.5,3.5,0,0,0
"2026/02/09","2026/02/12","3696","セレス","東証およびＰＴＳ",,"確報",400,8200,37800,0,300,1800,36000,718800,14735400,67926600,0,539100,3234600,64692000,,,0,0,0,592800,27300,0,22.6,95.9,13.3,23.4,15.3,10.2,12.3
"2026/02/09","2026/02/12","3697","ＳＨＩＦＴ","東証およびＰＴＳ",,"確報",0,35100,659100,3000,0,133200,525900,0,23359050,438631050,1996500,0,88644600,349986450,,,0,0,4581720,0,0,859320,24.4,42.6,44.7,43.6,3.3,30.5,6
"2026/02/09","2026/02/12","3698","ＣＲＩ・ミドルウェア","東証およびＰＴＳ",,"確報",0,100,6000,100,0,400,5600,0,104700,6282000,104700,0,418800,5863200,,,0,0,54900,0,0,2700,19.3,12.5,137.5,22.9,2.8,14,4.7
"2026/02/09","2026/02/12","369A","エータイ","東証およびＰＴＳ",,"確報",0,500,13100,0,0,0,13100,0,1326000,34741200,0,0,0,34741200,,,0,0,231200,0,0,0,26.9,33,22.8,26.9,0,0,0
"2026/02/09","2026/02/12","3708","特種東海製紙","東証およびＰＴＳ",,"確報",2400,0,8600,400,300,8600,0,3984000,0,14276000,664000,498000,14276000,0,,,0,0,117800,0,0,161500,17.8,8.4,29.2,13.1,29.7,20.2,24.1
"2026/02/09","2026/02/12","3710","ジョルダン","東証およびＰＴＳ",,"確報",0,0,1300,100,100,1300,0,0,0,773500,59500,59500,773500,0,,,0,0,11700,0,0,11700,28,0,23.3,46.7,35,14,20
"2026/02/09","2026/02/12","3712","情報企画","東証およびＰＴＳ",,"確報",500,0,700,900,100,2600,-1900,3120000,0,4368000,5616000,624000,16224000,-11856000,,,0,0,12000,0,0,108000,4.6,1.4,2.6,1.8,5.6,8.2,6.6
"2026/02/09","2026/02/12","3719","ＡＩストーム","東証およびＰＴＳ",,"確報",0,14100,203100,0,0,0,203100,0,3919800,56461800,0,0,0,56461800,,,0,0,0,217200,0,0,4.6,4.6,4.6,4.6,0,0,0
"2026/02/09","2026/02/12","3723","日本ファルコム","東証およびＰＴＳ",,"確報",0,0,1600,0,0,0,1600,0,0,2804800,0,0,0,2804800,,,0,0,0,17600,0,0,21.7,15.2,38,21.7,0,0,0
"2026/02/09","2026/02/12","3726","フォーシーズＨＤ","東証およびＰＴＳ",,"確報",0,0,112400,0,0,0,112400,0,0,51479200,0,0,0,51479200,,,0,0,0,899200,0,0,1024.5,0,512.3,1024.5,0,0,0
"2026/02/09","2026/02/12","3727","アプリックス","東証およびＰＴＳ",,"確報",4100,0,42300,0,0,0,42300,848700,0,8756100,0,0,0,8756100,,,0,0,0,0,0,0,30,25.2,37.1,30,0,0,0
"2026/02/09","2026/02/12","372A","レント","東証およびＰＴＳ",,"確報",0,200,2600,0,0,0,2600,0,1230000,15990000,0,0,0,15990000,,,0,0,420000,0,0,0,24.5,27,22.5,24.5,0,0,0
"2026/02/09","2026/02/12","3733","ソフトウェアサビス","東証およびＰＴＳ",,"確報",0,300,2000,0,0,5100,-3100,0,3798000,25320000,0,0,64566000,-39246000,,,0,0,391000,0,0,867000,33.7,20.2,25.3,22.4,0,20.5,41
"2026/02/09","2026/02/12","373A","リップス","東証およびＰＴＳ",,"確報",0,300,10900,0,0,0,10900,0,473700,17211100,0,0,0,17211100,,,0,0,324800,0,0,0,139.5,558,79.7,139.5,0,0,0
"2026/02/09","2026/02/12","3741","セック","東証およびＰＴＳ",,"確報",5500,3100,95400,4100,1700,95400,0,20762500,11702500,360135000,15477500,6417500,360135000,0,,,0,0,15345000,0,0,15345000,15.3,7.4,10.4,8.6,40.1,215.5,67.6
"2026/02/09","2026/02/12","3744","サイオス","東証およびＰＴＳ",,"確報",3300,3400,11400,0,100,11400,0,1699500,1751000,5871000,0,51500,5871000,0,,,0,0,0,115000,115000,0,18.9,10.7,10.9,10.8,71,81.1,75.7
"2026/02/09","2026/02/12","3747","インタートレード","東証およびＰＴＳ",,"確報",0,800,83600,700,0,97600,-14000,0,556000,58102000,486500,0,67832000,-9730000,,,0,0,422000,0,0,484500,80.9,102,30.6,47.1,113.8,0,227.7
"2026/02/09","2026/02/12","3750","ＡＤＲ１２０Ｓ","東証およびＰＴＳ",,"確報",0,0,0,0,0,0,0,0,0,0,0,0,0,0,,,0,0,0,0,0,0,0,0,0,0,0,0,0
"2026/02/09","2026/02/12","3753","フライト","東証およびＰＴＳ",,"確報",1000,0,42100,0,0,0,42100,158000,0,6651800,0,0,0,6651800,,,0,0,0,82200,0,0,19.5,107,10.8,19.5,0,0,0
"2026/02/09","2026/02/12","3758","アエリア","東証およびＰＴＳ",,"確報",100,100,10100,0,0,6900,3200,28600,28600,2888600,0,0,1973400,915200,,,0,0,0,30300,20700,0,31.3,505,15.3,29.7,0,17,34
"2026/02/09","2026/02/12","3760","ケイブ","東証およびＰＴＳ",,"確報",600,0,6400,0,0,0,6400,388800,0,4147200,0,0,0,4147200,,,0,0,0,40600,0,0,74.3,42.4,297,74.3,0,0,0
"2026/02/09","2026/02/12","3762","テクマトリックス","東証およびＰＴＳ",,"確報",0,0,6500,200,0,2000,4500,0,0,12623000,388400,0,3884000,8739000,,,0,0,97500,0,0,27000,1.9,2.2,1.3,1.7,19.3,1.3,2.5
"2026/02/09","2026/02/12","3763","プロシップ","東証およびＰＴＳ",,"確報",0,100,4000,0,0,0,4000,0,146000,5840000,0,0,0,5840000,,,0,0,41000,0,0,0,14.4,11,20.9,14.4,0,0,0
"2026/02/09","2026/02/12","3765","ガンホー・オンライン","東証およびＰＴＳ",,"確報",100,800,80200,1200,200,77500,2700,261100,2088800,209402200,3133200,522200,202352500,7049700,,,0,0,2588800,0,0,2448000,174.9,672.3,336.2,448.2,76.8,174.5,106.6
"2026/02/09","2026/02/12","3766","システムズ・デザイン","東証およびＰＴＳ",,"確報",0,0,300,0,0,0,300,0,0,406800,0,0,0,406800,,,0,0,0,10200,0,0,0,0,0,0,0,0,0
"2026/02/09","2026/02/12","3768","リスクモンスター","東証およびＰＴＳ",,"確報",100,100,700,0,100,400,300,60900,60900,426300,0,60900,243600,182700,,,0,0,0,5600,4000,0,24,18,18,18,0,24,48
"2026/02/09","2026/02/12","3769","ＧＭＯペイメント","東証およびＰＴＳ",,"確報",200,100,11600,0,400,2700,8900,1737400,868700,100769200,0,3474800,23454900,77314300,,,0,0,2909500,0,0,784300,19,16.9,36.1,23.1,10.9,12.7,11.7
"2026/02/09","2026/02/12","376A","米債７－１０ヘ有７５","東証およびＰＴＳ",,"確報",0,0,0,0,0,0,0,0,0,0,0,0,0,0,,,0,0,0,0,0,0,0,0,0,0,0,0,0
"2026/02/09","2026/02/12","3771","システムリサーチ","東証およびＰＴＳ",,"確報",0,100,17600,0,0,3400,14200,0,190500,33528000,0,0,6477000,27051000,,,0,0,672600,0,0,129200,10.3,6.5,12.9,8.6,0,22.5,45
"2026/02/09","2026/02/12","3772","ウェルスマネジメント","東証およびＰＴＳ",,"確報",1200,0,1800,0,0,0,1800,1296000,0,1944000,0,0,0,1944000,,,0,0,4200,0,0,0,2.8,3.6,2.2,2.8,0,0,0
"2026/02/09","2026/02/12","3773","アドバンストメディア","東証およびＰＴＳ",,"確報",600,800,114800,0,9700,53300,61500,672600,896800,128690800,0,10873700,59749300,68941500,,,0,0,0,5635000,3087000,0,34.2,120,470.2,191.3,18,11.8,14.2
"2026/02/09","2026/02/12","3774","インターネットイニシ","東証およびＰＴＳ",,"確報",200,1500,24000,0,0,800,23200,443300,3324750,53196000,0,0,1773200,51422800,,,0,0,771650,0,0,24400,11.9,9.4,16.6,12,9.5,9.5,9.5
"2026/02/09","2026/02/12","3776","ブロードバンドタワー","東証およびＰＴＳ",,"確報",6600,7000,101400,0,0,0,101400,1425600,1512000,21902400,0,0,0,21902400,,,0,0,2137800,0,0,0,13.1,29,8.5,13.1,0,0,0
"2026/02/09","2026/02/12","3777","環境フレンドリー","東証およびＰＴＳ",,"確報",16000,115700,820300,0,0,0,820300,1024000,7404800,52499200,0,0,0,52499200,,,0,0,3680000,0,0,0,13.7,14,13.4,13.7,0,0,0
"2026/02/09","2026/02/12","3778","さくらインターネット","東証およびＰＴＳ",,"確報",47800,10800,586000,900,30700,1236700,-650700,134079000,30294000,1643730000,2524500,86113500,3468943500,-1825213500,,,0,0,0,20862000,48127000,0,58.6,31.7,36.4,33.9,148.2,61.5,86.9
"2026/02/09","2026/02/12","3779","Ｊ・エスコムＨＤ","東証およびＰＴＳ",,"確報",200,0,52000,0,0,0,52000,35200,0,9152000,0,0,0,9152000,,,0,0,0,0,0,0,260.7,237,289.7,260.7,0,0,0
"2026/02/09","2026/02/12","3787","テクノマセマティカル","東証およびＰＴＳ",,"確報",0,0,1500,0,0,0,1500,0,0,886500,0,0,0,886500,,,0,0,24000,0,0,0,52,78,39,52,0,0,0
"2026/02/09","2026/02/12","3788","ＧＭＯＧＳＨＤ","東証およびＰＴＳ",,"確報",200,400,13000,0,200,13000,0,437200,874400,28418000,0,437200,28418000,0,,,0,0,0,26400,26400,0,24.8,14.4,88.4,24.8,13.8,123.8,24.8
"2026/02/09","2026/02/12","378A","ヒット","東証およびＰＴＳ",,"確報",0,500,1500,0,0,0,1500,0,1102500,3307500,0,0,0,3307500,,,0,0,4000,0,0,0,12.9,0,6.5,12.9,0,0,0
"2026/02/09","2026/02/12","3791","ＩＧポート","東証およびＰＴＳ",,"確報",6700,200,131400,6500,0,131400,0,7611200,227200,149270400,7384000,0,149270400,0,,,0,0,0,1873500,1873500,0,61.8,40.5,49,44.4,83.8,129.9,101.9
"2026/02/09","2026/02/12","3793","ドリコム","東証およびＰＴＳ",,"確報",1200,300,737100,0,2900,258800,478300,482400,120600,296314200,0,1165800,104037600,192276600,,,0,0,0,3681000,1308500,0,187.3,360,2824.8,638.6,56.8,70.9,63.1
"2026/02/09","2026/02/12","3796","いい生活","東証およびＰＴＳ",,"確報",200,0,4800,0,200,2700,2100,104600,0,2510400,0,104600,1412100,1098300,,,0,0,9200,0,0,5800,48.8,116,0,232,0,11.3,22.6
"2026/02/09","2026/02/12","3798","ＵＬＳグループ","東証およびＰＴＳ",,"確報",0,0,12000,0,0,0,12000,0,0,6276000,0,0,0,6276000,,,0,0,0,132000,0,0,8.1,11.1,6.3,8.1,0,0,0
"2026/02/09","2026/02/12","3799","キーウェアソリュショ","東証およびＰＴＳ",,"確報",0,0,0,200,500,9800,-9800,0,0,0,240000,600000,11760000,-11760000,,,0,0,0,0,252500,0,29.7,1,1,1,32.6,30.6,31.5
"2026/02/09","2026/02/12","379A","ＧＸＳＰＸプロテクト","東証およびＰＴＳ",,"確報",0,0,510,0,0,0,510,0,0,631890,0,0,0,631890,,,0,0,12750,0,0,0,0,0,0,0,0,0,0
"2026/02/09","2026/02/12","3800","ユニリタ","東証およびＰＴＳ",,"確報",0,0,0,0,0,0,0,0,0,0,0,0,0,0,,,0,0,0,0,0,0,0,0,0,0,0,0,0
"2026/02/09","2026/02/12","3802","エコミック","東証およびＰＴＳ",,"確報",0,100,0,0,0,0,0,0,48300,0,0,0,0,0,,,0,0,100,0,0,0,8,0,4,8,0,0,0
"2026/02/09","2026/02/12","3803","イメージ情報開発","東証およびＰＴＳ",,"確報",5100,0,12700,0,0,0,12700,3967800,0,9880600,0,0,0,9880600,,,0,0,0,471200,0,0,6.9,4.4,15.3,6.9,0,0,0
"2026/02/09","2026/02/12","3804","システム　ディ","東証およびＰＴＳ",,"確報",0,100,200,0,0,0,200,0,164900,329800,0,0,0,329800,,,0,0,0,9600,0,0,11,11,11,11,0,0,0
"2026/02/09","2026/02/12","3807","フィスコ","東証およびＰＴＳ",,"確報",26000,20900,420400,0,7700,420400,0,3068000,2466200,49607200,0,908600,49607200,0,,,0,0,415300,0,0,428100,44.9,15.7,71.4,25.8,635.9,74.6,133.5
"2026/02/09","2026/02/12","380A","ＧＸチャイナテック","東証およびＰＴＳ",,"確報",6,0,173,6,0,173,0,6774,0,195317,6774,0,195317,0,,,0,0,2171,0,0,2171,8.6,14,6.3,8.6,14,6.3,8.6
"2026/02/09","2026/02/12","3810","サイバーステップＨＤ","東証およびＰＴＳ",,"確報",0,1200,293800,0,0,0,293800,0,358800,87846200,0,0,0,87846200,,,0,0,295000,0,0,0,5.4,5.6,5.2,5.4,0,0,0
"2026/02/09","2026/02/12","3815","メディア工房","東証およびＰＴＳ",,"確報",0,0,100,0,0,0,100,0,0,51400,0,0,0,51400,,,0,0,400,0,0,0,3.5,3.5,3.5,3.5,0,0,0
"2026/02/09","2026/02/12","3816","大和コンピューター","東証およびＰＴＳ",,"確報",0,0,1300,0,0,0,1300,0,0,1459900,0,0,0,1459900,,,0,0,0,2600,0,0,0,0,0,0,0,0,0
"2026/02/09","2026/02/12","3817","ＳＲＡＨＤ","東証およびＰＴＳ",,"確報",0,100,1600,0,0,0,1600,0,524000,8384000,0,0,0,8384000,,,0,0,0,85000,0,0,6.8,9.6,25.7,14,4.7,2,2.8
"2026/02/09","2026/02/12","381A","ｉＦ米国債３５Ｈ無","東証およびＰＴＳ",,"確報",0,0,52,0,0,0,52,0,0,114036,0,0,0,114036,,,0,0,0,1456,0,0,0,0,0,0,0,0,0
"2026/02/09","2026/02/12","3823","ＷＨＹ　ＨＯＷ　ＤＯ","東証およびＰＴＳ",,"確報",9500,300,471400,0,0,0,471400,484500,15300,24041400,0,0,0,24041400,,,0,0,0,0,0,0,65.1,162.7,40.7,65.1,0,0,0
"2026/02/09","2026/02/12","3825","リミックスポイント","東証およびＰＴＳ",,"確報",6900,3000,637700,0,0,0,637700,1731900,753000,160062700,0,0,0,160062700,,,0,0,6338000,0,0,0,115.6,136.1,100.5,115.6,0,0,0
"2026/02/09","2026/02/12","3826","システムインテグレタ","東証およびＰＴＳ",,"確報",0,100,1800,0,0,700,1100,0,50700,912600,0,0,354900,557700,,,0,0,13300,0,0,4900,8.3,13.6,5.5,7.8,0,5,10
"2026/02/09","2026/02/12","382A","ｉＦ米国債３５Ｈ有","東証およびＰＴＳ",,"確報",0,0,3,0,0,0,3,0,0,5958,0,0,0,5958,,,0,0,0,60,0,0,0,0,0,0,0,0,0
"2026/02/09","2026/02/12","3834","朝日ネット","東証およびＰＴＳ",,"確報",100,2700,3800,0,0,3800,0,71100,1919700,2701800,0,0,2701800,0,,,0,0,25600,0,0,15200,15.5,22.5,8.6,12.5,14.9,89.5,25.6
"2026/02/09","2026/02/12","3835","ｅＢＡＳＥ","東証およびＰＴＳ",,"確報",106300,800,136900,0,700,136900,0,46134200,347200,59414600,0,303800,59414600,0,,,0,0,0,94200,412800,0,3.7,1.3,1.9,1.6,30.5,86,45
"2026/02/09","2026/02/12","3836","アバントグループ","東証およびＰＴＳ",,"確報",900,1800,28200,2900,0,37900,-9700,1369800,2739600,42920400,4413800,0,57683800,-14763400,,,0,0,989400,0,0,1190000,11.6,8.3,19.5,11.7,9.7,14.4,11.6
"2026/02/09","2026/02/12","3837","アドソル日進","東証およびＰＴＳ",,"確報",300,13200,48100,5600,0,66600,-18500,506100,22268400,81144700,9447200,0,112354200,-31209500,,,0,0,2013000,0,0,2013000,9.7,6.5,11.9,8.4,6.4,48.4,11.2
"2026/02/09","2026/02/12","3839","ＯＤＫソリューション","東証およびＰＴＳ",,"確報",0,0,1200,0,300,500,700,0,0,745200,0,186300,310500,434700,,,0,0,0,8400,5600,0,23.3,0,0,0,8.3,8.3,8.3
"2026/02/09","2026/02/12","383A","ＭＸＳＳＰ５００均等","東証およびＰＴＳ",,"確報",0,0,0,0,0,0,0,0,0,0,0,0,0,0,,,0,0,0,0,0,0,6,0,3,6,0,0,0
"2026/02/09","2026/02/12","3840","パス","東証およびＰＴＳ",,"確報",1400,0,52100,0,0,0,52100,74200,0,2761300,0,0,0,2761300,,,0,0,0,152100,0,0,318.4,169.8,2547,318.4,0,0,0
"2026/02/09","2026/02/12","3841","ジーダット","東証およびＰＴＳ",,"確報",100,0,4200,0,0,0,4200,120600,0,5065200,0,0,0,5065200,,,0,0,143500,0,0,0,21.3,14.4,40.4,21.3,0,0,0
"2026/02/09","2026/02/12","3842","ネクストジェン","東証およびＰＴＳ",,"確報",0,200,2500,0,0,0,2500,0,205800,2572500,0,0,0,2572500,,,0,0,59400,0,0,0,44.7,44.7,44.7,44.7,0,0,0
"2026/02/09","2026/02/12","3843","フリービット","東証およびＰＴＳ",,"確報",94500,0,96100,100,0,200,95900,152334000,0,154913200,161200,0,322400,154590800,,,0,0,11200,0,0,700,1.4,1,2.1,1.4,2.2,2.8,2.4
"2026/02/09","2026/02/12","3844","コムチュア","東証およびＰＴＳ",,"確報",2600,400,8600,0,3800,100,8500,3822000,588000,12642000,0,5586000,147000,12495000,,,0,0,0,441600,269100,0,5.3,4.7,14.1,7,5.9,2.8,3.8
"2026/02/09","2026/02/12","3845","アイフリークモバイル","東証およびＰＴＳ",,"確報",2700,0,25200,0,0,0,25200,642600,0,5997600,0,0,0,5997600,,,0,0,0,90000,0,0,38.1,43,34.2,38.1,0,0,0
"2026/02/09","2026/02/12","3848","データ・アプリケショ","東証およびＰＴＳ",,"確報",0,300,2400,100,0,1100,1300,0,303900,2431200,101300,0,1114300,1316900,,,0,0,0,18900,7000,0,20.4,131,43.7,65.5,12.6,6.3,8.4
"2026/02/09","2026/02/12","3850","ＮＴＴＤイントラマト","東証およびＰＴＳ",,"確報",0,200,9000,0,0,0,9000,0,703000,31635000,0,0,0,31635000,,,0,0,0,782000,0,0,131.7,153.7,115.3,131.7,0,0,0
"2026/02/09","2026/02/12","3851","日本一ソフトウェア","東証およびＰＴＳ",,"確報",0,0,1400,0,0,1000,400,0,0,1145200,0,0,818000,327200,,,0,0,14000,0,0,10000,42.3,71,71,71,0,14,28
"2026/02/09","2026/02/12","3853","アステリア","東証およびＰＴＳ",,"確報",111400,66900,414200,100,0,414200,0,140586800,84427800,522720400,126200,0,522720400,0,,,0,0,0,12569800,14079400,0,13.3,6.5,6.5,6.5,1379.3,9999.9,2586.3
"2026/02/09","2026/02/12","3854","アイル","東証およびＰＴＳ",,"確報",0,500,4400,0,0,0,4400,0,1189500,10467600,0,0,0,10467600,,,0,0,132300,0,0,0,14.1,0,7,14.1,0,0,0
"2026/02/09","2026/02/12","3856","Ａｂａｌａｎｃｅ","東証およびＰＴＳ",,"確報",600,100,42700,0,0,0,42700,330000,55000,23485000,0,0,0,23485000,,,0,0,0,548600,0,0,40.6,53.9,32.5,40.6,0,0,0
"2026/02/09","2026/02/12","3858","ユビキタスＡＩ","東証およびＰＴＳ",,"確報",900,0,11000,0,0,0,11000,342900,0,4191000,0,0,0,4191000,,,0,0,0,0,0,0,32.8,29.9,36.3,32.8,0,0,0
"2026/02/09","2026/02/12","3861","王子ホールディングス","東証およびＰＴＳ",,"確報",300,8800,55000,1000,19900,33600,21400,283680,8321280,52008000,945600,18817440,31772160,20235840,,,0,0,2038350,0,0,1685250,12.8,16.2,13.3,14.6,12.7,9.6,11
"2026/02/09","2026/02/12","3863","日本製紙","東証およびＰＴＳ",,"確報",5400,1700,18700,0,1000,1100,17600,6134400,1931200,21243200,0,1136000,1249600,19993600,,,0,0,45000,0,0,6300,6.5,6.1,14.7,8.6,8.3,1.5,2.5
"2026/02/09","2026/02/12","3864","三菱製紙","東証およびＰＴＳ",,"確報",0,500,749000,8700,200,15000,734000,0,348000,521304000,6055200,139200,10440000,510864000,,,0,0,2998000,0,0,26000,373.3,0,392.5,785,4,44.3,7.4
"2026/02/09","2026/02/12","3865","北越コーポレーション","東証およびＰＴＳ",,"確報",0,2300,47700,6900,0,178100,-130400,0,2201100,45648900,6603300,0,170441700,-124792800,,,0,0,1000000,0,0,3424000,113,157,42.6,67,74.5,1427.5,141.6
"2026/02/09","2026/02/12","386A","みのや","東証およびＰＴＳ",,"確報",0,0,2800,0,0,0,2800,0,0,4659200,0,0,0,4659200,,,0,0,0,56000,0,0,97.3,0,48.7,97.3,0,0,0
"2026/02/09","2026/02/12","3877","中越パルプ工業","東証およびＰＴＳ",,"確報",700,0,5700,500,0,3500,2200,1410500,0,11485500,1007500,0,7052500,4433000,,,0,0,75000,0,0,45000,20.1,36.7,128.5,57.1,3.8,95,7.3
"2026/02/09","2026/02/12","3878","巴川コーポレーション","東証およびＰＴＳ",,"確報",200,0,11900,0,0,0,11900,161600,0,9615200,0,0,0,9615200,,,0,0,222300,0,0,0,84.1,83.7,586,146.5,1,1,1
"2026/02/09","2026/02/12","387A","フラー","東証およびＰＴＳ",,"確報",0,0,5600,0,0,0,5600,0,0,8153600,0,0,0,8153600,,,0,0,56000,0,0,0,70.8,141.5,47.2,70.8,0,0,0
"2026/02/09","2026/02/12","3880","大王製紙","東証およびＰＴＳ",,"確報",26400,900,64300,3200,200,65500,-1200,26479200,902700,64492900,3209600,200600,65696500,-1203600,,,0,0,194000,0,0,312500,6.4,2.6,3.9,3.2,24.5,758.3,47.4
"2026/02/09","2026/02/12","3891","ニッポン高度紙工業","東証およびＰＴＳ",,"確報",100,500,8600,1000,0,6000,2600,337500,1687500,29025000,3375000,0,20250000,8775000,,,0,0,990000,0,0,550000,11.1,20.6,24.2,22.3,8.5,4.8,6.1
"2026/02/09","2026/02/12","3892","岡山製紙","東証およびＰＴＳ",,"確報",500,0,6400,300,0,11200,-4800,886500,0,11347200,531900,0,19857600,-8510400,,,0,0,123900,0,0,228900,54.1,21.9,285,40.7,35.1,526,65.8
"2026/02/09","2026/02/12","3895","ハビックス","東証およびＰＴＳ",,"確報",600,0,6500,0,0,0,6500,259200,0,2808000,0,0,0,2808000,,,0,0,35400,0,0,0,38,53.8,29.4,38,0,0,0
"2026/02/09","2026/02/12","3896","阿波製紙","東証およびＰＴＳ",,"確報",11500,2000,28900,0,0,0,28900,5911000,1028000,14854600,0,0,0,14854600,,,0,0,1552000,0,0,0,6.1,6,6.3,6.1,0,0,0
"2026/02/09","2026/02/12","3900","クラウドワークス","東証およびＰＴＳ",,"確報",77300,378200,89700,100,4400,342600,-252900,61608100,301425400,71490900,79700,3506800,273052200,-201561300,,,0,0,9374400,0,0,8325600,13.7,21.2,4.4,7.2,217.3,54.5,87.1
"2026/02/09","2026/02/12","3901","マークラインズ","東証およびＰＴＳ",,"確報",200,0,265700,200,0,13300,252400,297600,0,395361600,297600,0,19790400,375571200,,,0,0,1593000,0,0,78600,183.2,1021.8,781.4,885.5,121.7,6.2,11.9
"2026/02/09","2026/02/12","3902","ＭＤＶ","東証およびＰＴＳ",,"確報",400,100,17500,0,0,7400,10100,672800,168200,29435000,0,0,12446800,16988200,,,0,0,0,17200,7400,0,33.7,75.5,19.3,30.7,0,21.7,43.3
"2026/02/09","2026/02/12","3903","ｇｕｍｉ","東証およびＰＴＳ",,"確報",1900,12500,2181400,3800,0,1706500,474900,638400,4200000,732950400,1276800,0,573384000,159566400,,,0,0,0,0,0,0,406,244.8,331.8,281.7,1333,716.9,932.4
"2026/02/09","2026/02/12","3904","カヤック","東証およびＰＴＳ",,"確報",0,200,32000,0,0,0,32000,0,108000,17280000,0,0,0,17280000,,,0,0,64400,0,0,0,138.7,113.9,177.2,138.7,0,0,0
"2026/02/09","2026/02/12","3905","データセクション","東証およびＰＴＳ",,"確報",15900,21900,996800,2800,0,1005600,-8800,28715400,39551400,1800220800,5056800,0,1816113600,-15892800,,,0,0,57159600,0,0,57159600,59.2,48.7,30.8,37.7,756.1,75.2,136.7
"2026/02/09","2026/02/12","3907","シリコンスタジオ","東証およびＰＴＳ",,"確報",0,200,1300,0,0,0,1300,0,141000,916500,0,0,0,916500,,,0,0,0,6000,0,0,24.7,37,18.5,24.7,0,0,0
"2026/02/09","2026/02/12","3908","コラボス","東証およびＰＴＳ",,"確報",900,0,5100,0,0,0,5100,356400,0,2019600,0,0,0,2019600,,,0,0,21000,0,0,0,7.8,9.4,6.7,7.8,0,0,0
"2026/02/09","2026/02/12","3909","ショーケース","東証およびＰＴＳ",,"確報",0,0,4800,0,0,0,4800,0,0,1267200,0,0,0,1267200,,,0,0,0,33600,0,0,118,59,0,118,0,0,0
"2026/02/09","2026/02/12","3910","エムケイシステム","東証およびＰＴＳ",,"確報",0,0,100,0,0,0,100,0,0,29400,0,0,0,29400,,,0,0,0,700,0,0,4,2,0,4,0,0,0
"2026/02/09","2026/02/12","3911","Ａｉｍｉｎｇ","東証およびＰＴＳ",,"確報",2300,0,152500,0,0,0,152500,503700,0,33397500,0,0,0,33397500,,,0,0,0,450600,0,0,39.3,20.9,323.5,39.3,0,0,0
"2026/02/09","2026/02/12","3912","モバイルファクトリー","東証およびＰＴＳ",,"確報",100,0,4500,0,600,200,4300,116700,0,5251500,0,700200,233400,5018100,,,0,0,13200,0,0,2400,5.6,130,7.6,14.4,2.1,1.2,1.5
"2026/02/09","2026/02/12","3913","ＧｒｅｅｎＢｅｅ","東証およびＰＴＳ",,"確報",300,0,7300,0,0,0,7300,405000,0,9855000,0,0,0,9855000,,,0,0,245000,0,0,0,27.5,28.7,26.5,27.5,0,0,0
"2026/02/09","2026/02/12","3914","ＪＩＧ－ＳＡＷ","東証およびＰＴＳ",,"確報",300,0,9000,0,0,0,9000,794700,0,23841000,0,0,0,23841000,,,0,0,208800,0,0,0,29.9,24.1,39.5,29.9,0,0,0
"2026/02/09","2026/02/12","3915","テラスカイ","東証およびＰＴＳ",,"確報",1500,2200,30100,0,400,128500,-98400,2872500,4213000,57641500,0,766000,246077500,-188436000,,,0,0,277200,0,0,1160100,36.9,8.4,10,9.1,93.2,264.1,137.8
"2026/02/09","2026/02/12","3916","ＤＩＴ","東証およびＰＴＳ",,"確報",600,16600,24200,0,700,42900,-18700,701400,19405400,28289800,0,818300,50150100,-21860300,,,0,0,0,241200,261600,0,16.1,20.2,9.5,12.9,23.8,17.3,20
"2026/02/09","2026/02/12","3917","アイリッジ","東証およびＰＴＳ",,"確報",0,3500,31700,0,0,4800,26900,0,2142000,19400400,0,0,2937600,16462800,,,0,0,0,422400,57600,0,34.1,102.2,19,32,260,37.1,65
"2026/02/09","2026/02/12","3918","ＰＣＩＨＤ","東証およびＰＴＳ",,"確報",0,200,12300,0,0,0,12300,0,281000,17281500,0,0,0,17281500,,,0,0,337500,0,0,0,9.1,37.2,5.2,9.1,0,0,0
"2026/02/09","2026/02/12","3920","アイビーシー","東証およびＰＴＳ",,"確報",0,0,3100,100,0,300,2800,0,0,2957400,95400,0,286200,2671200,,,0,0,12400,0,0,800,33,157,39.3,62.8,2,8,3.2
"2026/02/09","2026/02/12","3921","ネオジャパン","東証およびＰＴＳ",,"確報",100,0,51600,1100,0,2100,49500,171900,0,88700400,1890900,0,3609900,85090500,,,0,0,669500,0,0,13000,60.4,99,286.1,147.1,2.6,4,3.1
"2026/02/09","2026/02/12","3922","ＰＲ　ＴＩＭＥＳ","東証およびＰＴＳ",,"確報",200,2600,14300,200,1500,5300,9000,484400,6297200,34634600,484400,3633000,12836600,21798000,,,0,0,0,434200,171600,0,8.5,49.8,14.2,22.1,3.2,3.9,3.5
"2026/02/09","2026/02/12","3923","ラクス","東証およびＰＴＳ",,"確報",100,35700,144000,5100,0,59500,84500,80090,28592130,115329600,4084590,0,47653550,67676050,,,0,0,2029480,0,0,614720,8.7,7.1,9.4,8.1,9.5,14.3,11.4
"2026/02/09","2026/02/12","3924","ランドコンピュータ","東証およびＰＴＳ",,"確報",0,100,4900,0,0,9900,-5000,0,97500,4777500,0,0,9652500,-4875000,,,0,0,5000,0,0,9900,114.8,254,63.5,101.6,61.5,0,123
"2026/02/09","2026/02/12","3925","ダブルスタンダード","東証およびＰＴＳ",,"確報",1500,0,66700,0,0,0,66700,2374500,0,105586100,0,0,0,105586100,,,0,0,0,586800,0,0,20.2,220.8,10.6,20.2,0,0,0
"2026/02/09","2026/02/12","3926","オープンドア","東証およびＰＴＳ",,"確報",1400,0,22000,0,0,0,22000,418600,0,6578000,0,0,0,6578000,,,0,0,0,432600,0,0,122.5,65.1,1041,122.5,0,0,0
"2026/02/09","2026/02/12","3927","フーバーブレイン","東証およびＰＴＳ",,"確報",1400,500,80600,0,0,0,80600,1297800,463500,74716200,0,0,0,74716200,,,0,0,1833100,0,0,0,106.3,132.9,88.6,106.3,0,0,0
"2026/02/09","2026/02/12","3928","マイネット","東証およびＰＴＳ",,"確報",0,900,26800,500,0,15200,11600,0,263700,7852400,146500,0,4453600,3398800,,,0,0,221600,0,0,117600,72.9,137.8,114.8,125.3,20,0,40.1
"2026/02/09","2026/02/12","3929","ソーシャルワイヤー","東証およびＰＴＳ",,"確報",0,0,2400,0,0,0,2400,0,0,710400,0,0,0,710400,,,0,0,9600,0,0,0,15.7,14.8,16.9,15.7,0,0,0
"2026/02/09","2026/02/12","392A","ｉＳＱトップ","東証およびＰＴＳ",,"確報",40,1070,18430,0,0,0,18430,9196,245993,4237057,0,0,0,4237057,,,0,0,97300,0,0,0,24.1,23.7,24.6,24.1,0,0,0
"2026/02/09","2026/02/12","3930","はてな","東証およびＰＴＳ",,"確報",100,0,600,0,0,0,600,93100,0,558600,0,0,0,558600,,,0,0,5500,0,0,0,3.2,13.5,1.8,3.2,0,0,0
"2026/02/09","2026/02/12","3931","バリューゴルフ","東証およびＰＴＳ",,"確報",100,0,200,0,0,0,200,155600,0,311200,0,0,0,311200,,,0,0,100,0,0,0,12,6,0,12,0,0,0
"2026/02/09","2026/02/12","3932","アカツキ","東証およびＰＴＳ",,"確報",300,200,18300,0,700,15400,2900,759300,506200,46317300,0,1771700,38977400,7339900,,,0,0,527800,0,0,466900,30.2,44,26.9,33.4,76.5,16.7,27.4
"2026/02/09","2026/02/12","3933","チエル","東証およびＰＴＳ",,"確報",200,0,4100,0,0,400,3700,134200,0,2751100,0,0,268400,2482700,,,0,0,0,7800,800,0,25.7,102.5,68.3,82,3.7,4.3,4
"2026/02/09","2026/02/12","3934","ベネフィットジャパン","東証およびＰＴＳ",,"確報",100,0,600,0,0,0,600,200900,0,1205400,0,0,0,1205400,,,0,0,4000,0,0,0,19.3,14.5,29,19.3,0,0,0
"2026/02/09","2026/02/12","3935","エディア","東証およびＰＴＳ",,"確報",300,200,25500,0,0,0,25500,211800,141200,18003000,0,0,0,18003000,,,0,0,0,50800,0,0,25.2,35.6,19.5,25.2,0,0,0
"2026/02/09","2026/02/12","3936","グローバルウェイ","東証およびＰＴＳ",,"確報",0,21100,118000,0,0,0,118000,0,2932900,16402000,0,0,0,16402000,,,0,0,417300,0,0,0,27.4,58.9,17.9,27.4,0,0,0
"2026/02/09","2026/02/12","3937","Ｕｂｉｃｏｍ","東証およびＰＴＳ",,"確報",0,200,12000,500,400,500,11500,0,202600,12156000,506500,405200,506500,11649500,,,0,0,329400,0,0,10800,15.8,60.4,16.6,26,7.2,2,3.2
"2026/02/09","2026/02/12","3939","カナミックＮ","東証およびＰＴＳ",,"確報",1300,1600,63300,12300,500,116400,-53100,696800,857600,33928800,6592800,268000,62390400,-28461600,,,0,0,0,890400,1464400,0,14,11.3,11.9,11.6,8.5,936.8,16.8
"2026/02/09","2026/02/12","3940","ノムラシステム","東証およびＰＴＳ",,"確報",1600,200,20000,3500,0,20000,0,212800,26600,2660000,465500,0,2660000,0,,,0,0,0,18600,16500,0,9,7,457.5,13.9,2.8,250,5.5
"2026/02/09","2026/02/12","3941","レンゴー","東証およびＰＴＳ",,"確報",4600,7100,46200,1300,3800,46200,0,6690700,10326950,67197900,1890850,5527100,67197900,0,,,0,0,1680150,0,0,1680150,8.2,5.2,5.8,5.5,14.2,18.8,16.2
"2026/02/09","2026/02/12","3943","大石産業","東証およびＰＴＳ",,"確報",0,0,3700,0,0,0,3700,0,0,5198500,0,0,0,5198500,,,0,0,0,37000,0,0,0,0,0,0,0,0,0
"2026/02/09","2026/02/12","3944","古林紙工","東証およびＰＴＳ",,"確報",0,0,0,0,0,0,0,0,0,0,0,0,0,0,,,0,0,0,0,0,0,2,0,1,2,0,0,0
"2026/02/09","2026/02/12","3945","スーパーバッグ","東証およびＰＴＳ",,"確報",300,0,700,0,0,0,700,803100,0,1873900,0,0,0,1873900,,,0,0,0,50800,0,0,11.5,7.7,23,11.5,0,0,0
"2026/02/09","2026/02/12","3946","トーモク","東証およびＰＴＳ",,"確報",200,0,2500,0,0,1800,700,709000,0,8862500,0,0,6381000,2481500,,,0,0,46000,0,0,36000,15.5,8,9.3,8.6,0,0,0
"2026/02/09","2026/02/12","3947","ダイナパック","東証およびＰＴＳ",,"確報",0,100,30300,0,0,0,30300,0,267500,81052500,0,0,0,81052500,,,0,0,2736000,0,0,0,1522,0,761,1522,0,0,0
"2026/02/09","2026/02/12","3948","光ビジネスフォーム","東証およびＰＴＳ",,"確報",0,100,0,0,0,0,0,0,131300,0,0,0,0,0,,,0,0,1000,0,0,0,4,4,4,4,0,0,0
"2026/02/09","2026/02/12","394A","業界改革厳選テレビ","東証およびＰＴＳ",,"確報",0,0,110,0,0,0,110,0,0,61050,0,0,0,61050,,,0,0,308,0,0,0,114,0,57,114,0,0,0
"2026/02/09","2026/02/12","3950","ザ・パック","東証およびＰＴＳ",,"確報",3500,1500,7200,14400,100,34600,-27400,4704000,2016000,9676800,19353600,134400,46502400,-36825600,,,0,0,156000,0,0,609000,7.5,4.3,3.8,4.1,6.7,23.7,10.5
"2026/02/09","2026/02/12","3951","朝日印刷","東証およびＰＴＳ",,"確報",0,0,3200,0,100,100,3100,0,0,2876800,0,89900,89900,2786900,,,0,0,0,9600,600,0,82.5,0,0,0,2.5,2.5,2.5
"2026/02/09","2026/02/12","3953","大村紙業","東証およびＰＴＳ",,"確報",0,0,1700,0,0,0,1700,0,0,1407600,0,0,0,1407600,,,0,0,6800,0,0,0,0,0,0,0,0,0,0
"2026/02/09","2026/02/12","3954","昭和パックス","東証およびＰＴＳ",,"確報",700,0,205500,0,0,0,205500,2296000,0,674040000,0,0,0,674040000,,,0,0,0,7168000,0,0,817.4,408.7,0,817.4,0,0,0
"2026/02/09","2026/02/12","3955","イムラ","東証およびＰＴＳ",,"確報",100,300,3200,0,600,1200,2000,94500,283500,3024000,0,567000,1134000,1890000,,,0,0,0,47600,25200,0,7.8,8.7,10.2,9.4,10.6,3.9,5.7
"2026/02/09","2026/02/12","3958","笹徳印刷","東証およびＰＴＳ",,"確報",0,0,13000,0,0,0,13000,0,0,7475000,0,0,0,7475000,,,0,0,39000,0,0,0,0,0,0,0,0,0,0
"2026/02/09","2026/02/12","395A","業界改革厳選地銀","東証およびＰＴＳ",,"確報",660,240,40790,0,0,0,40790,579678,210792,35825857,0,0,0,35825857,,,0,0,944658,0,0,0,27,24.7,29.7,27,0,0,0
"2026/02/09","2026/02/12","3961","シルバーエッグ","東証およびＰＴＳ",,"確報",200,0,200,0,0,0,200,152600,0,152600,0,0,0,152600,,,0,0,0,0,0,0,2,1,0,2,0,0,0
"2026/02/09","2026/02/12","3962","チェンジＨＤ","東証およびＰＴＳ",,"確報",8700,600,501900,0,500,30900,471000,8795700,606600,507420900,0,505500,31239900,476181000,,,0,0,0,4444200,282600,0,140,108.3,239.8,149.3,81.7,62.1,70.6
"2026/02/09","2026/02/12","3963","シンクロ・フード","東証およびＰＴＳ",,"確報",0,9800,114700,0,3300,148800,-34100,0,5527200,64690800,0,1861200,83923200,-19232400,,,0,0,0,498000,608400,0,32.8,16.7,24.5,19.8,81.5,52,63.5
"2026/02/09","2026/02/12","3964","オークネット","東証およびＰＴＳ",,"確報",100,0,11800,1000,100,7000,4800,214800,0,25346400,2148000,214800,15036000,10310400,,,0,0,421200,0,0,219600,43.7,293,0,586,10.7,26.2,15.2
"2026/02/09","2026/02/12","3965","ＣＡＰ","東証およびＰＴＳ",,"確報",0,1600,1900,0,0,0,1900,0,1289600,1531400,0,0,0,1531400,,,0,0,21000,0,0,0,16.8,160,8.9,16.8,0,0,0
"2026/02/09","2026/02/12","3967","エルテス","東証およびＰＴＳ",,"確報",0,0,7900,0,0,0,7900,0,0,5166600,0,0,0,5166600,,,0,0,31600,0,0,0,201,402,134,201,0,0,0
"2026/02/09","2026/02/12","3968","セグエグループ","東証およびＰＴＳ",,"確報",15000,17200,151400,81600,11500,977400,-826000,7920000,9081600,79939200,43084800,6072000,516067200,-436128000,,,0,0,0,153600,907300,0,7.1,6.8,7.2,7,4,34.6,7.2
"2026/02/09","2026/02/12","3969","エイトレッド","東証およびＰＴＳ",,"確報",0,0,1100,0,0,0,1100,0,0,1551000,0,0,0,1551000,,,0,0,0,38500,0,0,26.5,17.7,53,26.5,0,0,0
"2026/02/09","2026/02/12","396A","業界改革厳選ＲＥＩＴ","東証およびＰＴＳ",,"確報",0,0,0,0,0,0,0,0,0,0,0,0,0,0,,,0,0,0,0,0,0,0,0,0,0,0,0,0
"2026/02/09","2026/02/12","3970","イノベーション","東証およびＰＴＳ",,"確報",0,0,600,0,0,0,600,0,0,576600,0,0,0,576600,,,0,0,0,11400,0,0,0,0,0,0,0,0,0
"2026/02/09","2026/02/12","3974","ＳＣＡＴ","東証およびＰＴＳ",,"確報",0,0,1100,0,0,0,1100,0,0,633600,0,0,0,633600,,,0,0,0,0,0,0,0,0,0,0,0,0,0
"2026/02/09","2026/02/12","3979","うるる","東証およびＰＴＳ",,"確報",0,0,1600,0,0,0,1600,0,0,649600,0,0,0,649600,,,0,0,0,4800,0,0,0,0,0,0,0,0,0
"2026/02/09","2026/02/12","3981","ビーグリー","東証およびＰＴＳ",,"確報",1000,0,40700,0,0,0,40700,1258000,0,51200600,0,0,0,51200600,,,0,0,317600,0,0,0,87.1,47.8,490,87.1,0,0,0
"2026/02/09","2026/02/12","3983","オロ","東証およびＰＴＳ",,"確報",1400,900,20700,600,0,38800,-18100,2781800,1788300,41130900,1192200,0,77095600,-35964700,,,0,0,141400,0,0,267400,38.3,17.8,36.3,23.9,42.8,77.1,55.1
"2026/02/09","2026/02/12","3984","ユーザーローカル","東証およびＰＴＳ",,"確報",1600,100,41800,1500,0,41800,0,2780800,173800,72648400,2607000,0,72648400,0,,,0,0,765700,0,0,765700,28.2,26.2,42,32.2,21.2,30.5,25
"2026/02/09","2026/02/12","3985","テモナ","東証およびＰＴＳ",,"確報",0,100,2000,0,0,0,2000,0,22100,442000,0,0,0,442000,,,0,0,0,2100,0,0,17.1,0,8.5,17.1,0,0,0
"2026/02/09","2026/02/12","3986","ビーブレイク","東証およびＰＴＳ",,"確報",100,0,1600,0,0,0,1600,44200,0,707200,0,0,0,707200,,,0,0,4500,0,0,0,78,78,78,78,0,0,0
"2026/02/09","2026/02/12","3987","エコモット","東証およびＰＴＳ",,"確報",0,100,600,0,0,0,600,0,50800,304800,0,0,0,304800,,,0,0,5600,0,0,0,68,0,34,68,0,0,0
"2026/02/09","2026/02/12","3988","ＳＹＳＨＤ","東証およびＰＴＳ",,"確報",200,0,600,0,0,0,600,109800,0,329400,0,0,0,329400,,,0,0,0,4800,0,0,5.1,7.7,3.8,5.1,0,0,0
"2026/02/09","2026/02/12","3989","シェアリングＴ","東証およびＰＴＳ",,"確報",0,500,9300,0,0,0,9300,0,570000,10602000,0,0,0,10602000,,,0,0,215600,0,0,0,28,23.1,35.5,28,0,0,0
"2026/02/09","2026/02/12","3991","ウォンテッドリー","東証およびＰＴＳ",,"確報",0,0,700,0,0,0,700,0,0,787500,0,0,0,787500,,,0,0,7700,0,0,0,17.3,8.7,0,17.3,0,0,0
"2026/02/09","2026/02/12","3992","ニーズウェル","東証およびＰＴＳ",,"確報",3500,1500,102300,100,400,378100,-275800,1928500,826500,56367300,55100,220400,208333100,-151965800,,,0,0,0,100300,378400,0,15,26,36.7,30.4,12.5,14.8,13.5
"2026/02/09","2026/02/12","3993","ＰＫＳＨＡ","東証およびＰＴＳ",,"確報",1600,1200,676400,300,0,252900,423500,4408000,3306000,1863482000,826500,0,696739500,1166742500,,,0,0,0,8788000,3283800,0,343.6,274.8,456.7,343.1,292.9,419.8,345.1
"2026/02/09","2026/02/12","3994","マネーフォワード","東証およびＰＴＳ",,"確報",2000,18200,103300,2600,6900,127200,-23900,6390000,58149000,330043500,8307000,22045500,406404000,-76360500,,,0,0,0,12308500,13544500,0,14,10.5,14.9,12.3,10.5,33.6,15.9
"2026/02/09","2026/02/12","3996","サインポスト","東証およびＰＴＳ",,"確報",0,0,67500,0,300,48200,19300,0,0,18225000,0,81000,13014000,5211000,,,0,0,0,135000,97000,0,115.2,87.3,207.4,122.9,0,53.1,106.3
"2026/02/09","2026/02/12","3997","トレードワークス","東証およびＰＴＳ",,"確報",38400,4100,1042300,7100,1600,417500,624800,17395200,1857300,472161900,3216300,724800,189127500,283034400,,,0,0,0,6048000,2472000,0,57.8,39.5,123,59.8,89.1,38.5,53.8
"2026/02/09","2026/02/12","3998","すららネット","東証およびＰＴＳ",,"確報",3400,3700,14200,100,400,14200,0,1108400,1206200,4629200,32600,130400,4629200,0,,,0,0,0,667000,667000,0,19.2,17.4,10.1,12.8,187.3,21.4,38.4
"2026/02/09","2026/02/12","399A","上場日経高配当５０","東証およびＰＴＳ",,"確報",2593,2351,13525,0,0,0,13525,5574950,5054650,29078750,0,0,0,29078750,,,0,0,398490,0,0,0,7.9,5.7,12.9,7.9,0,0,0
"2026/02/09","2026/02/12","4004","レゾナックＨＤ","東証およびＰＴＳ",,"確報",1200,6700,44400,60200,0,178500,-134100,11060400,61753900,409234800,554863400,0,1645234500,-1235999700,,,0,0,21357200,0,0,50632400,5.2,4.8,1.6,2.4,6.9,12.2,8.9
"2026/02/09","2026/02/12","4005","住友化学","東証およびＰＴＳ",,"確報",1000,54800,188500,56500,0,97100,91400,559700,30671560,105503450,31623050,0,54346870,51156580,,,0,0,5936350,0,0,994700,2.2,3.5,2.7,3,1.3,1.5,1.4
"2026/02/09","2026/02/12","4008","住友精化","東証およびＰＴＳ",,"確報",5700,1000,6800,400,100,2100,4700,35454000,6220000,42296000,2488000,622000,13062000,29234000,,,0,0,1554000,0,0,1332000,5.6,2.7,12.2,4.4,7.3,80,13.3
"2026/02/09","2026/02/12","4011","ヘッドウォータース","東証およびＰＴＳ",,"確報",0,200,11000,0,0,0,11000,0,568000,31240000,0,0,0,31240000,,,0,0,336000,0,0,0,19.2,14.6,27.7,19.2,0,0,0
"2026/02/09","2026/02/12","4012","アクシス","東証およびＰＴＳ",,"確報",600,0,3000,1300,700,3000,0,1002000,0,5010000,2171000,1169000,5010000,0,,,0,0,57600,0,0,57600,4.1,4.1,5.2,4.6,2.3,7.5,3.5
"2026/02/09","2026/02/12","4013","勤次郎","東証およびＰＴＳ",,"確報",500,16900,31200,800,5000,8400,22800,467500,15801500,29172000,748000,4675000,7854000,21318000,,,0,0,2142000,0,0,567000,4.5,9.4,2.4,3.9,18.7,3.7,6.1
"2026/02/09","2026/02/12","4014","カラダノート","東証およびＰＴＳ",,"確報",100,100,5800,0,0,0,5800,44800,44800,2598400,0,0,0,2598400,,,0,0,29000,0,0,0,82.6,57.8,144.5,82.6,0,0,0
"2026/02/09","2026/02/12","4015","ペイクラウドＨＤ","東証およびＰＴＳ",,"確報",0,300,13600,0,0,0,13600,0,150300,6813600,0,0,0,6813600,,,0,0,13900,0,0,0,55.5,240.3,31.3,55.5,0,0,0
"2026/02/09","2026/02/12","4016","ＭＩＴＨＤ","東証およびＰＴＳ",,"確報",800,500,3500,0,0,0,3500,766400,479000,3353000,0,0,0,3353000,,,0,0,0,19200,0,0,16.9,21.1,14.1,16.9,0,0,0
"2026/02/09","2026/02/12","4017","クリーマ","東証およびＰＴＳ",,"確報",100,0,5400,0,0,0,5400,25100,0,1355400,0,0,0,1355400,,,0,0,0,5300,0,0,88.7,44.3,0,88.7,0,0,0
"2026/02/09","2026/02/12","4019","スタメン","東証およびＰＴＳ",,"確報",1600,1000,64400,0,400,120600,-56200,1024000,640000,41216000,0,256000,77184000,-35968000,,,0,0,382800,0,0,726000,32.3,27.3,16.9,20.8,24,939,46.8
"2026/02/09","2026/02/12","401A","Ｒ－霞ヶ関ホテル","東証およびＰＴＳ",,"確報",4,10,208,0,0,0,208,420800,1052000,21881600,0,0,0,21881600,,,0,0,278200,0,0,0,39.3,37.2,41.6,39.3,0,0,0
"2026/02/09","2026/02/12","4020","ビートレンド","東証およびＰＴＳ",,"確報",0,0,1600,0,0,0,1600,0,0,1238400,0,0,0,1238400,,,0,0,6400,0,0,0,160,0,80,160,0,0,0
"2026/02/09","2026/02/12","4021","日産化学","東証およびＰＴＳ",,"確報",100,2200,5200,700,0,1600,3600,586900,12911800,30518800,4108300,0,9390400,21128400,,,0,0,1087700,0,0,134100,4.9,6.5,6,6.2,2.2,2,2.1
"2026/02/09","2026/02/12","4022","ラサ工業","東証およびＰＴＳ",,"確報",0,2300,21300,2600,0,10300,11000,0,18492000,171252000,20904000,0,82812000,88440000,,,0,0,7316000,0,0,2387000,17.6,26.7,29.5,28,6.1,14,8.5
"2026/02/09","2026/02/12","4023","クレハ","東証およびＰＴＳ",,"確報",2000,17700,14600,0,15700,14600,0,9140000,80889000,66722000,0,71749000,66722000,0,,,0,0,909000,0,0,909000,4.5,4.4,3.4,3.8,5.3,5.6,5.4
"2026/02/09","2026/02/12","4025","多木化学","東証およびＰＴＳ",,"確報",2600,4500,8000,0,1900,8000,0,10023000,17347500,30840000,0,7324500,30840000,0,,,0,0,0,1584000,1584000,0,10.8,8.6,6.5,7.4,31.6,14.5,19.8
"2026/02/09","2026/02/12","4026","神島化学工業","東証およびＰＴＳ",,"確報",0,1200,12500,0,500,1300,11200,0,2040000,21250000,0,850000,2210000,19040000,,,0,0,0,356200,46800,0,15.5,99,11.4,20.4,15,2.9,4.8
"2026/02/09","2026/02/12","4027","テイカ","東証およびＰＴＳ",,"確報",67800,100,622400,38200,0,85300,537100,110242800,162600,1012022400,62113200,0,138697800,873324600,,,0,0,68228100,0,0,5793300,16.9,10.5,63.5,18.1,6.3,35.3,10.7
"2026/02/09","2026/02/12","4028","石原産業","東証およびＰＴＳ",,"確報",100,2300,19100,0,0,0,19100,308500,7095500,58923500,0,0,0,58923500,,,0,0,1278000,0,0,0,23.2,37.3,16.8,23.2,0,0,0
"2026/02/09","2026/02/12","402A","アクセルスペース","東証およびＰＴＳ",,"確報",924300,1300,2397300,0,0,0,2397300,513910800,722800,1332898800,0,0,0,1332898800,,,0,0,0,47177600,0,0,4.3,3.3,6,4.3,0,0,0
"2026/02/09","2026/02/12","4031","片倉コープアグリ","東証およびＰＴＳ",,"確報",0,100,5600,200,0,2300,3300,0,99500,5572000,199000,0,2288500,3283500,,,0,0,0,51300,18900,0,39.3,92.3,138.5,110.8,68,9.7,17
"2026/02/09","2026/02/12","4040","南海化学","東証およびＰＴＳ",,"確報",0,0,1200,0,0,0,1200,0,0,3888000,0,0,0,3888000,,,0,0,96000,0,0,0,8.9,25.3,5.4,8.9,0,0,0
"2026/02/09","2026/02/12","4041","日本曹達","東証およびＰＴＳ",,"確報",0,900,3700,100,1000,3700,0,0,3474000,14282000,386000,3860000,14282000,0,,,0,0,138000,0,0,138000,7.1,7.9,9.1,8.4,5.8,6.4,6.1
"2026/02/09","2026/02/12","4042","東ソー","東証およびＰＴＳ",,"確報",4000,200,15000,4000,200,15000,0,10348000,517400,38805000,10348000,517400,38805000,0,,,0,0,0,151200,151200,0,3.2,2.5,2.4,2.5,4.3,4.2,4.3
"2026/02/09","2026/02/12","4043","トクヤマ","東証およびＰＴＳ",,"確報",0,2400,25500,0,0,2800,22700,0,9835200,104499000,0,0,11474400,93024600,,,0,0,2538900,0,0,254800,9.9,28.4,5.3,9,0,0,0
"2026/02/09","2026/02/12","4044","セントラル硝子","東証およびＰＴＳ",,"確報",800,600,2700,300,100,2700,0,3072000,2304000,10368000,1152000,384000,10368000,0,,,0,0,200000,0,0,200000,10.3,5.4,6.2,5.8,31,124,49.6
"2026/02/09","2026/02/12","4045","東亞合成","東証およびＰＴＳ",,"確報",500,7000,17300,1700,0,72400,-55100,933000,13062000,32281800,3172200,0,135098400,-102816600,,,0,0,535500,0,0,1590750,25.5,29,7.4,11.8,35.2,58.3,43.9
"2026/02/09","2026/02/12","4046","大阪ソーダ","東証およびＰＴＳ",,"確報",3600,4300,28500,500,1700,47500,-19000,8701200,10393100,68884500,1208500,4108900,114807500,-45923000,,,0,0,0,759200,1266200,0,14.6,5.8,6.8,6.3,65.4,52.6,58.3
"2026/02/09","2026/02/12","4047","関東電化工業","東証およびＰＴＳ",,"確報",5800,3200,31600,3200,0,164600,-133000,7859000,4336000,42818000,4336000,0,223033000,-180215000,,,0,0,841000,0,0,4680600,27.4,28.2,3.1,5.6,111.1,477,180.2
"2026/02/09","2026/02/12","404A","ＧＸ中国テック１０","東証およびＰＴＳ",,"確報",0,185,7055,0,0,0,7055,0,203500,7760500,0,0,0,7760500,,,0,0,108600,0,0,0,61.3,116,41.6,61.3,0,0,0
"2026/02/09","2026/02/12","4051","ＧＭＯ－ＦＧ","東証およびＰＴＳ",,"確報",200,0,16100,0,0,0,16100,1024000,0,82432000,0,0,0,82432000,,,0,0,0,1272000,0,0,145.3,199.8,114.1,145.3,0,0,0
"2026/02/09","2026/02/12","4052","フィーチャ","東証およびＰＴＳ",,"確報",100,0,1300,0,0,0,1300,29300,0,380900,0,0,0,380900,,,0,0,2400,0,0,0,26,13,0,26,0,0,0
"2026/02/09","2026/02/12","4053","サンアスタリスク","東証およびＰＴＳ",,"確報",3100,7400,113100,0,4300,113100,0,1373300,3278200,50103300,0,1904900,50103300,0,,,0,0,0,352200,352200,0,17.9,16.9,11.2,13.5,44.8,19.1,26.8
"2026/02/09","2026/02/12","4054","日本情報クリエイト","東証およびＰＴＳ",,"確報",1000,500,50700,100,0,300,50400,602000,301000,30521400,60200,0,180600,30340800,,,0,0,0,301200,1200,0,46.2,39.1,87.7,54.1,2.4,3.4,2.8
"2026/02/09","2026/02/12","4055","ティアンドエスＧ","東証およびＰＴＳ",,"確報",2000,2000,57700,200,200,57700,0,3636000,3636000,104898600,363600,363600,104898600,0,,,0,0,6058500,0,0,6058500,12.6,7.7,7,7.3,35,58.4,43.8
"2026/02/09","2026/02/12","4056","ニューラルグループ","東証およびＰＴＳ",,"確報",0,100,11700,0,0,0,11700,0,39800,4656600,0,0,0,4656600,,,0,0,94400,0,0,0,133.6,300.5,85.9,133.6,0,0,0
"2026/02/09","2026/02/12","4057","インターファクトリー","東証およびＰＴＳ",,"確報",0,0,600,0,0,0,600,0,0,241800,0,0,0,241800,,,0,0,600,0,0,0,0,0,0,0,0,0,0
"2026/02/09","2026/02/12","4058","トヨクモ","東証およびＰＴＳ",,"確報",1300,500,26000,800,0,26000,0,2792400,1074000,55848000,1718400,0,55848000,0,,,0,0,1159200,0,0,1159200,11.3,5.8,7.2,6.4,26.2,410.3,49.2
"2026/02/09","2026/02/12","4059","まぐまぐ","東証およびＰＴＳ",,"確報",0,0,500,0,0,0,500,0,0,270500,0,0,0,270500,,,0,0,0,500,0,0,26,26,26,26,0,0,0
"2026/02/09","2026/02/12","4060","ｒａｋｕｍｏ","東証およびＰＴＳ",,"確報",0,200,12300,1000,0,2200,10100,0,213200,13111800,1066000,0,2345200,10766600,,,0,0,500000,0,0,48000,40.9,43.7,153,68,4.5,63,8.4
"2026/02/09","2026/02/12","4061","デンカ","東証およびＰＴＳ",,"確報",600,3200,14600,0,200,600,14000,1761300,9393600,42858300,0,587100,1761300,41097000,,,0,0,0,3070200,142800,0,11,12.6,10.8,11.6,4.9,5.6,5.2
"2026/02/09","2026/02/12","4062","イビデン","東証およびＰＴＳ",,"確報",5800,128500,249900,3300,300,9000,240900,45205200,1001529000,1947720600,25720200,2338200,70146000,1877574600,,,0,0,264173400,0,0,4254000,5.6,5.4,6.3,5.8,2.6,2.5,2.5
"2026/02/09","2026/02/12","4063","信越化学工業","東証およびＰＴＳ",,"確報",7200,23700,200900,1283200,400,5504300,-5303400,37965600,124970100,1059345700,6766313600,2109200,29024173900,-27964828200,,,0,0,36740600,0,0,713433500,5.2,4.9,3.6,4.2,2.7,100.3,5.3
"2026/02/09","2026/02/12","4064","日本カーバイド工業","東証およびＰＴＳ",,"確報",8400,2900,16900,2300,0,4200,12700,24376800,8415800,49043800,6674600,0,12188400,36855400,,,0,0,353400,0,0,58900,5.5,4.4,7.4,5.5,5,6,5.5
"2026/02/09","2026/02/12","4068","ベイシス","東証およびＰＴＳ",,"確報",0,0,100,0,0,0,100,0,0,181100,0,0,0,181100,,,0,0,2100,0,0,0,4,6,3,4,0,0,0
"2026/02/09","2026/02/12","4069","ＢｌｕｅＭｅｍｅ","東証およびＰＴＳ",,"確報",0,0,500,0,0,0,500,0,0,658000,0,0,0,658000,,,0,0,0,21500,0,0,22,22,22,22,0,0,0
"2026/02/09","2026/02/12","4071","プラスアルファ","東証およびＰＴＳ",,"確報",700,1000,9100,100,400,9100,0,1425200,2036000,18527600,203600,814400,18527600,0,,,0,0,0,0,0,0,13.5,15.3,12.5,13.7,12.3,14.4,13.3
"2026/02/09","2026/02/12","4072","電算システムＨＤ","東証およびＰＴＳ",,"確報",4000,0,38600,1200,0,4800,33800,11896000,0,114796400,3568800,0,14275200,100521200,,,0,0,0,3840600,399600,0,41.3,31.8,111.1,49.4,13.7,22.9,17.2
"2026/02/09","2026/02/12","4073","ジィ・シィ企画","東証およびＰＴＳ",,"確報",0,0,3800,0,0,0,3800,0,0,2128000,0,0,0,2128000,,,0,0,0,41800,0,0,125.3,94,188,125.3,0,0,0
"2026/02/09","2026/02/12","4074","ラキール","東証およびＰＴＳ",,"確報",3600,400,92700,0,3000,102000,-9300,2664000,296000,68598000,0,2220000,75480000,-6882000,,,0,0,0,537000,630000,0,43.7,16.6,295.7,31.5,494.2,33.1,62.1
"2026/02/09","2026/02/12","4075","ブレインズ","東証およびＰＴＳ",,"確報",100,100,1800,0,0,0,1800,83400,83400,1501200,0,0,0,1501200,,,0,0,0,27000,0,0,9.9,14,7.6,9.9,0,0,0
"2026/02/09","2026/02/12","4076","シイエヌエス","東証およびＰＴＳ",,"確報",100,0,1000,0,0,0,1000,172200,0,1722000,0,0,0,1722000,,,0,0,1800,0,0,0,31.3,23.5,47,31.3,0,0,0
"2026/02/09","2026/02/12","4078","堺化学工業","東証およびＰＴＳ",,"確報",700,700,8300,0,0,600,7700,2502500,2502500,29672500,0,0,2145000,27527500,,,0,0,332000,0,0,24000,13.7,22.1,21,21.5,6.6,2.1,3.2
"2026/02/09","2026/02/12","407A","ＵＮＩＣＯＮ　ＨＤ","東証およびＰＴＳ",,"確報",500,0,2000,0,0,0,2000,614000,0,2456000,0,0,0,2456000,,,0,0,28500,0,0,0,27.7,16.6,83,27.7,0,0,0
"2026/02/09","2026/02/12","4082","第一稀元素化学工業","東証およびＰＴＳ",,"確報",1900,9300,269900,5000,8600,212300,57600,5316200,26021400,755180200,13990000,24062800,594015400,161164800,,,0,0,0,43813400,34112200,0,49.8,34.5,39.9,37,106.9,78,90.2
"2026/02/09","2026/02/12","4088","エア・ウォーター","東証およびＰＴＳ",,"確報",6900,0,34100,15700,0,42900,-8800,16794600,0,82999400,38213800,0,104418600,-21419200,,,0,0,340000,0,0,340000,8.1,6.3,5.5,5.9,6.5,198.3,12.5
"2026/02/09","2026/02/12","408A","ｉＳベストＡＩ","東証およびＰＴＳ",,"確報",100,14450,18800,0,0,0,18800,22030,3183335,4141640,0,0,0,4141640,,,0,0,374595,0,0,0,5.6,5.2,6,5.6,0,0,0
"2026/02/09","2026/02/12","4091","日本酸素ＨＤ","東証およびＰＴＳ",,"確報",200,2100,14000,100,3900,14000,0,1113000,11686500,77910000,556500,21703500,77910000,0,,,0,0,0,556500,623000,0,1,1.1,0.6,0.8,4.4,6.3,5.2
"2026/02/09","2026/02/12","4092","日本化学工業","東証およびＰＴＳ",,"確報",700,0,11100,600,1200,8300,2800,2369500,0,37573500,2031000,4062000,28095500,9478000,,,0,0,364000,0,0,311500,15.3,17.9,12.7,14.9,12.4,22.6,16
"2026/02/09","2026/02/12","4093","東邦アセチレン","東証およびＰＴＳ",,"確報",700,500,12500,0,0,0,12500,261800,187000,4675000,0,0,0,4675000,,,0,0,0,24600,0,0,56.4,51.7,62,56.4,0,0,0
"2026/02/09","2026/02/12","4094","日本化学産業","東証およびＰＴＳ",,"確報",200,1700,1300,0,0,0,1300,523200,4447200,3400800,0,0,0,3400800,,,0,0,0,274400,0,0,6.8,13,4.6,6.8,0,0,0
"2026/02/09","2026/02/12","4095","日本パーカライジング","東証およびＰＴＳ",,"確報",100,1300,7200,1000,0,37300,-30100,155600,2022800,11203200,1556000,0,58038800,-46835600,,,0,0,210000,0,0,907500,19.7,31.7,9.4,14.6,17.3,28,21.4
"2026/02/09","2026/02/12","4097","高圧ガス工業","東証およびＰＴＳ",,"確報",800,0,12200,800,0,12200,0,923200,0,14078800,923200,0,14078800,0,,,0,0,228000,0,0,228000,20.1,32.1,13.4,18.9,40.1,14.6,21.4
"2026/02/09","2026/02/12","4098","チタン工業","東証およびＰＴＳ",,"確報",200,1000,11500,0,0,0,11500,247800,1239000,14248500,0,0,0,14248500,,,0,0,0,381300,0,0,20.9,39.1,14.2,20.9,0,0,0
"2026/02/09","2026/02/12","4099","四国化成ＨＤ","東証およびＰＴＳ",,"確報",0,1500,2500,2800,100,41700,-39200,0,6682500,11137500,12474000,445500,185773500,-174636000,,,0,0,420000,0,0,4095000,9.6,3.3,4.3,3.8,13,8.7,10.4
"2026/02/09","2026/02/12","409A","オリオンビール","東証およびＰＴＳ",,"確報",2500,500,47300,0,0,0,47300,3372500,674500,63807700,0,0,0,63807700,,,0,0,0,45300,0,0,44.9,56.7,37.2,44.9,0,0,0
"2026/02/09","2026/02/12","4100","戸田工業","東証およびＰＴＳ",,"確報",4100,9600,89900,0,1500,98200,-8300,6055700,14179200,132782300,0,2215500,145041400,-12259100,,,0,0,667800,0,0,697900,33.4,21.8,15.9,18.4,140.5,158.6,149
"2026/02/09","2026/02/12","4102","丸尾カルシウム","東証およびＰＴＳ",,"確報",0,0,400,0,0,0,400,0,0,592400,0,0,0,592400,,,0,0,0,2000,0,0,21,21,21,21,0,0,0
"2026/02/09","2026/02/12","4107","伊勢化学工業","東証およびＰＴＳ",,"確報",10900,200,116700,0,0,0,116700,82295000,1510000,881085000,0,0,0,881085000,,,0,0,0,32860000,0,0,17.4,14.7,21.4,17.4,0,0,0
"2026/02/09","2026/02/12","4109","ステラ　ケミファ","東証およびＰＴＳ",,"確報",300,600,30500,0,100,33700,-3200,1704000,3408000,173240000,0,568000,191416000,-18176000,,,0,0,5852000,0,0,6422000,36.1,22.7,18.5,20.4,172,81.9,111
"2026/02/09","2026/02/12","410A","ＧＭＯコマース","東証およびＰＴＳ",,"確報",100,100,11000,0,0,0,11000,125100,125100,13761000,0,0,0,13761000,,,0,0,297000,0,0,0,65.8,55.9,79.9,65.8,0,0,0
"2026/02/09","2026/02/12","4112","保土谷化学工業","東証およびＰＴＳ",,"確報",200,0,824000,0,400,77500,746500,465600,0,1918272000,0,931200,180420000,1737852000,,,0,0,823800,0,0,77900,122.1,64,9999.9,127.6,0,42.9,85.9
"2026/02/09","2026/02/12","4113","田岡化学工業","東証およびＰＴＳ",,"確報",114300,3200,138500,0,0,0,138500,129387600,3622400,156782000,0,0,0,156782000,,,0,0,1013800,0,0,0,2,1.5,2.9,2,0,0,0
"2026/02/09","2026/02/12","4114","日本触媒","東証およびＰＴＳ",,"確報",0,6100,18900,700,15400,6600,12300,0,14743700,45681300,1691900,37221800,15952200,29729100,,,0,0,0,187500,159750,0,8.6,11.9,8.2,9.7,17.8,4.8,7.6
"2026/02/09","2026/02/12","4116","大日精化工業","東証およびＰＴＳ",,"確報",0,200,7700,300,100,2800,4900,0,909000,34996500,1363500,454500,12726000,22270500,,,0,0,553000,0,0,182000,24.5,17,41.6,24.1,21.5,32.3,25.8
"2026/02/09","2026/02/12","4118","カネカ","東証およびＰＴＳ",,"確報",100,1600,20600,0,2500,5200,15400,497600,7961600,102505600,0,12440000,25875200,76630400,,,0,0,419900,0,0,146300,22.8,31.4,43.2,36.4,10.3,9.9,10.1
"2026/02/09","2026/02/12","4119","日本ピグメントＨＤ","東証およびＰＴＳ",,"確報",0,0,1600,0,0,0,1600,0,0,6264000,0,0,0,6264000,,,0,0,8000,0,0,0,30.8,25.7,38.5,30.8,0,0,0
"2026/02/09","2026/02/12","4120","スガイ化学工業","東証およびＰＴＳ",,"確報",100,0,200,0,0,0,200,239900,0,479800,0,0,0,479800,,,0,0,0,10100,0,0,12,6,0,12,0,0,0
"2026/02/09","2026/02/12","4124","大阪油化工業","東証およびＰＴＳ",,"確報",0,0,200,0,0,0,200,0,0,486600,0,0,0,486600,,,0,0,600,0,0,0,8.7,13,6.5,8.7,0,0,0
"2026/02/09","2026/02/12","4125","三和油化工業","東証およびＰＴＳ",,"確報",0,100,11200,0,0,0,11200,0,259800,29097600,0,0,0,29097600,,,0,0,768400,0,0,0,37,65.8,25.7,37,0,0,0
"2026/02/09","2026/02/12","412A","台湾テック５０","東証およびＰＴＳ",,"確報",105,0,1534,0,0,0,1534,293265,0,4284462,0,0,0,4284462,,,0,0,71450,0,0,0,13.5,9.5,23.5,13.5,0,0,0
"2026/02/09","2026/02/12","413A","ｉＦ台湾テック","東証およびＰＴＳ",,"確報",0,787,86,0,0,0,86,0,2073745,226610,0,0,0,226610,,,0,0,72459,0,0,0,7.6,47.3,4.1,7.6,0,0,0
"2026/02/09","2026/02/12","414A","オーバーラップ","東証およびＰＴＳ",,"確報",0,3000,39600,0,0,0,39600,0,3045000,40194000,0,0,0,40194000,,,0,0,894600,0,0,0,10.1,10.4,9.9,10.1,0,0,0
"2026/02/09","2026/02/12","4151","協和キリン","東証およびＰＴＳ",,"確報",4900,100,22900,500,5100,11300,11600,11613000,237000,54273000,1185000,12087000,26781000,27492000,,,0,0,0,588250,516750,0,6.6,11.5,29.7,16.6,2.9,3.7,3.2
"2026/02/09","2026/02/12","415A","ＧＭＯＴＥ－ＨＤ","東証およびＰＴＳ",,"確報",0,100,600,0,0,0,600,0,461500,2769000,0,0,0,2769000,,,0,0,10500,0,0,0,68,0,34,68,0,0,0
"2026/02/09","2026/02/12","4165","プレイド","東証およびＰＴＳ",,"確報",3300,4000,155700,0,700,155700,0,2369400,2872000,111792600,0,502600,111792600,0,,,0,0,625600,0,0,625600,21.9,11.8,14.5,13,44.9,150.8,69.2
"2026/02/09","2026/02/12","4166","かっこ","東証およびＰＴＳ",,"確報",0,200,5500,0,0,0,5500,0,150200,4130500,0,0,0,4130500,,,0,0,17100,0,0,0,43.7,284,23.7,43.7,0,0,0
"2026/02/09","2026/02/12","4167","ココペリ","東証およびＰＴＳ",,"確報",0,2100,28400,1000,3100,28400,0,0,646800,8747200,308000,954800,8747200,0,,,0,0,0,183000,183000,0,50.6,313.6,32.7,59.2,112,27.5,44.2
"2026/02/09","2026/02/12","4168","ヤプリ","東証およびＰＴＳ",,"確報",400,3400,79900,0,3000,79900,0,326000,2771000,65118500,0,2445000,65118500,0,,,0,0,82900,0,0,82900,12.7,14.4,67.6,23.7,4.2,97.6,8.1
"2026/02/09","2026/02/12","4169","ＥＮＥＣＨＡＮＧＥ","東証およびＰＴＳ",,"確報",700,16700,39500,0,0,0,39500,182000,4342000,10270000,0,0,0,10270000,,,0,0,0,1609500,0,0,11.4,11,11.9,11.4,0,0,0
"2026/02/09","2026/02/12","416A","富士ユナイトＨＤ","東証およびＰＴＳ",,"確報",100,900,6700,300,2600,5200,1500,128100,1152900,8582700,384300,3330600,6661200,1921500,,,0,0,7500,0,0,7500,21.8,46.6,16.2,24.1,119.3,10.8,19.9
"2026/02/09","2026/02/12","4170","ＫａｉｚｅｎＰＦ","東証およびＰＴＳ",,"確報",3700,8300,253500,14400,0,301400,-47900,736300,1651700,50446500,2865600,0,59978600,-9532100,,,0,0,1032400,0,0,1148000,23.5,14.8,34.8,20.8,13.5,2145,26.9
"2026/02/09","2026/02/12","4171","グローバルＩ","東証およびＰＴＳ",,"確報",0,0,300,0,0,0,300,0,0,420300,0,0,0,420300,,,0,0,0,1500,0,0,30,15,0,30,0,0,0
"2026/02/09","2026/02/12","4172","Ｈｉクラテス","東証およびＰＴＳ",,"確報",100,0,100,0,0,0,100,240500,0,240500,0,0,0,240500,,,0,0,0,0,0,0,2,1,0,2,0,0,0
"2026/02/09","2026/02/12","4174","アピリッツ","東証およびＰＴＳ",,"確報",200,0,2500,0,0,0,2500,131000,0,1637500,0,0,0,1637500,,,0,0,0,6900,0,0,33.4,23.4,58.5,33.4,0,0,0
"2026/02/09","2026/02/12","4175","ｃｏｌｙ","東証およびＰＴＳ",,"確報",100,0,3000,0,0,0,3000,181000,0,5430000,0,0,0,5430000,,,0,0,0,72500,0,0,14.3,179,7.5,14.3,0,0,0
"2026/02/09","2026/02/12","4176","ココナラ","東証およびＰＴＳ",,"確報",6300,300,274700,6000,0,274700,0,1890000,90000,82410000,1800000,0,82410000,0,,,0,0,0,268700,268700,0,14.9,7.8,9.4,8.5,36.9,179.9,61.2
"2026/02/09","2026/02/12","4177","ｉ‐ｐｌｕｇ","東証およびＰＴＳ",,"確報",0,0,300,0,0,0,300,0,0,503400,0,0,0,503400,,,0,0,0,5700,0,0,30,0,15,30,0,0,0
"2026/02/09","2026/02/12","4178","Ｓイノベーション","東証およびＰＴＳ",,"確報",0,0,2300,0,0,0,2300,0,0,1400700,0,0,0,1400700,,,0,0,2300,0,0,0,0,0,0,0,0,0,0
"2026/02/09","2026/02/12","4179","ジーネクスト","東証およびＰＴＳ",,"確報",0,0,1400,0,0,0,1400,0,0,474600,0,0,0,474600,,,0,0,5600,0,0,0,19.1,0,9.6,19.1,0,0,0
"2026/02/09","2026/02/12","417A","ブルーゾーンＨＤ","東証およびＰＴＳ",,"確報",300,200,5200,0,0,4400,800,2738700,1825800,47470800,0,0,40167600,7303200,,,0,0,306000,0,0,264000,15.8,32.8,6.1,10.3,242,20.2,37.2
"2026/02/09","2026/02/12","4180","Ａｐｐｉｅｒ","東証およびＰＴＳ",,"確報",0,8700,306900,0,0,0,306900,0,8378100,295544700,0,0,0,295544700,,,0,0,8836800,0,0,0,12.7,12.9,12.5,12.7,0,0,0
"2026/02/09","2026/02/12","4182","三菱瓦斯化学","東証およびＰＴＳ",,"確報",2100,4000,25100,200,1100,12600,12500,7047600,13424000,84235600,671200,3691600,42285600,41950000,,,0,0,2376000,0,0,1188000,14.1,12.2,12.3,12.2,13.7,37,20
"2026/02/09","2026/02/12","4183","三井化学","東証およびＰＴＳ",,"確報",1200,2100,26800,800,600,8200,18600,2822400,4939200,63033600,1881600,1411200,19286400,43747200,,,0,0,221600,0,0,64000,4.5,5.2,4.5,4.8,4,4.1,4
"2026/02/09","2026/02/12","4186","東京応化工業","東証およびＰＴＳ",,"確報",9400,500,44300,3100,0,5500,38800,79260800,4216000,373537600,26139200,0,46376000,327161600,,,0,0,35081400,0,0,2378400,9.2,7.9,11.6,9.4,5.6,10.9,7.4
"2026/02/09","2026/02/12","4187","大阪有機化学工業","東証およびＰＴＳ",,"確報",600,900,18100,1000,0,14600,3500,2577000,3865500,77739500,4295000,0,62707000,15032500,,,0,0,3680000,0,0,2720000,41.2,24.6,46.4,32.1,71,54.6,61.7
"2026/02/09","2026/02/12","4188","三菱ケミカルグループ","東証およびＰＴＳ",,"確報",0,81800,33800,1300,83100,33800,0,0,89243800,36875800,1418300,90662100,36875800,0,,,0,0,3814800,0,0,3814800,1.5,2.6,0.7,1.1,2.4,2.7,2.5
"2026/02/09","2026/02/12","4189","ＫＨネオケム","東証およびＰＴＳ",,"確報",6000,800,9500,8600,200,9500,0,16668000,2222400,26391000,23890800,555600,26391000,0,,,0,0,141900,0,0,36300,4.2,3.6,9.3,5.2,2.4,5.5,3.3
"2026/02/09","2026/02/12","4192","スパイダープラス","東証およびＰＴＳ",,"確報",800,600,189700,0,10700,203000,-13300,252000,189000,59755500,0,3370500,63945000,-4189500,,,0,0,379000,0,0,427400,13.7,8.3,8.1,8.2,248.1,17.7,33
"2026/02/09","2026/02/12","4193","ファブリカＨＤ","東証およびＰＴＳ",,"確報",0,0,700,0,0,0,700,0,0,1430800,0,0,0,1430800,,,0,0,0,0,0,0,0,0,0,0,0,0,0
"2026/02/09","2026/02/12","4194","ビジョナル","東証およびＰＴＳ",,"確報",300,100,7400,400,0,6500,900,2551200,850400,62929600,3401600,0,55276000,7653600,,,0,0,583200,0,0,494100,23.5,17,20.7,18.7,18.6,298,35.1
"2026/02/09","2026/02/12","4196","ネオマーケティング","東証およびＰＴＳ",,"確報",0,0,600,0,0,0,600,0,0,808200,0,0,0,808200,,,0,0,1200,0,0,0,21.3,32,16,21.3,0,0,0
"2026/02/09","2026/02/12","4197","アスマーク","東証およびＰＴＳ",,"確報",0,0,1200,0,0,0,1200,0,0,2799600,0,0,0,2799600,,,0,0,4800,0,0,0,30.5,30.5,30.5,30.5,0,0,0
"2026/02/09","2026/02/12","4198","テンダ","東証およびＰＴＳ",,"確報",0,100,7800,0,0,0,7800,0,55400,4321200,0,0,0,4321200,,,0,0,0,7900,0,0,197,0,98.5,197,0,0,0
"2026/02/09","2026/02/12","4199","ワンダープラネット","東証およびＰＴＳ",,"確報",0,800,17800,0,0,0,17800,0,1213600,27002600,0,0,0,27002600,,,0,0,353400,0,0,0,2.5,2.5,2.6,2.5,0,0,0
"2026/02/09","2026/02/12","4202","ダイセル","東証およびＰＴＳ",,"確報",200,6400,9500,0,5000,5300,4200,316300,10121600,15024250,0,7907500,8381950,6642300,,,0,0,219800,0,0,144200,3.2,3,2.9,2.9,4,3.1,3.5
"2026/02/09","2026/02/12","4203","住友ベークライト","東証およびＰＴＳ",,"確報",0,2700,6800,300,0,6800,0,0,15179400,38229600,1686600,0,38229600,0,,,0,0,1738500,0,0,1189500,9.5,49.2,5.3,9.5,12.2,7.8,9.5
"2026/02/09","2026/02/12","4204","積水化学工業","東証およびＰＴＳ",,"確報",1100,57900,93800,300,0,3300,90500,3229600,169994400,275396800,880800,0,9688800,265708000,,,0,0,1054200,0,0,21000,15.3,79.3,9,16.1,1.7,7.3,2.8
"2026/02/09","2026/02/12","4205","日本ゼオン","東証およびＰＴＳ",,"確報",1200,0,15200,0,1100,6500,8700,2392200,0,30301200,0,2192850,12957750,17343450,,,0,0,357000,0,0,193800,6,31.2,5.3,9,3.6,4.4,4
"2026/02/09","2026/02/12","4206","アイカ工業","東証およびＰＴＳ",,"確報",100,3400,7400,0,100,600,6800,376500,12801000,27861000,0,376500,2259000,25602000,,,0,0,107000,0,0,7000,6.8,34.9,5.3,9.2,1.5,1.9,1.7
"2026/02/09","2026/02/12","4208","ＵＢＥ","東証およびＰＴＳ",,"確報",600,1800,42500,0,3000,14800,27700,1674000,5022000,118575000,0,8370000,41292000,77283000,,,0,0,895850,0,0,364900,8.2,7,22.6,10.6,2.8,14.8,4.7
"2026/02/09","2026/02/12","4212","積水樹脂","東証およびＰＴＳ",,"確報",300,900,12400,0,600,12400,0,676800,2030400,27974400,0,1353600,27974400,0,,,0,0,273000,0,0,273000,9.2,5.4,20.3,8.5,5.9,30.4,9.9
"2026/02/09","2026/02/12","4216","旭有機材","東証およびＰＴＳ",,"確報",200,200,5000,1000,600,40200,-35200,985000,985000,24625000,4925000,2955000,197985000,-173360000,,,0,0,125000,0,0,995000,30.9,8.5,9.4,8.9,46.3,45.3,45.8
"2026/02/09","2026/02/12","4218","ニチバン","東証およびＰＴＳ",,"確報",700,100,1800,0,600,33100,-31300,1400000,200000,3600000,0,1200000,66200000,-62600000,,,0,0,21600,0,0,606600,53.7,3.3,5.9,4.2,56.4,181.9,86.2
"2026/02/09","2026/02/12","421A","ムービン","東証およびＰＴＳ",,"確報",0,300,3100,0,0,0,3100,0,736200,7607400,0,0,0,7607400,,,0,0,0,0,0,0,10.8,26.1,6.8,10.8,0,0,0
"2026/02/09","2026/02/12","4220","リケンテクノス","東証およびＰＴＳ",,"確報",100,0,4900,0,0,0,4900,174600,0,8555400,0,0,0,8555400,,,0,0,76800,0,0,0,11.5,20.6,8,11.5,0,0,0
"2026/02/09","2026/02/12","4221","大倉工業","東証およびＰＴＳ",,"確報",200,0,2900,100,0,800,2100,989000,0,14340500,494500,0,3956000,10384500,,,0,0,121500,0,0,31500,9,37.5,10.7,16.7,2.6,3.4,3
"2026/02/09","2026/02/12","4222","児玉化学工業","東証およびＰＴＳ",,"確報",26700,0,170800,0,0,0,170800,24083400,0,154061600,0,0,0,154061600,,,0,0,1585100,0,0,0,16,22.8,12.3,16,0,0,0
"2026/02/09","2026/02/12","4224","ロンシール工業","東証およびＰＴＳ",,"確報",0,500,100,0,0,0,100,0,1026500,205300,0,0,0,205300,,,0,0,31800,0,0,0,3.6,6,2.6,3.6,0,0,0
"2026/02/09","2026/02/12","4228","積水化成品工業","東証およびＰＴＳ",,"確報",300,0,19300,0,1400,13500,5800,143100,0,9206100,0,667800,6439500,2766600,,,0,0,95000,0,0,74500,19.2,24,15.3,18.7,0,10,20
"2026/02/09","2026/02/12","4229","群栄化学工業","東証およびＰＴＳ",,"確報",0,1100,233100,1100,700,28400,204700,0,5555000,1177155000,5555000,3535000,143420000,1033735000,,,0,0,46840000,0,0,5600000,59.6,37.7,589.2,70.8,20.6,38.5,26.8
"2026/02/09","2026/02/12","4231","タイガースポリマー","東証およびＰＴＳ",,"確報",0,0,4600,800,300,3000,1600,0,0,4627600,804800,301800,3018000,1609600,,,0,0,78200,0,0,42500,14.4,22.1,0,44.2,3.1,31.7,5.6
"2026/02/09","2026/02/12","4234","サンエー化研","東証およびＰＴＳ",,"確報",0,300,13000,0,0,0,13000,0,253800,10998000,0,0,0,10998000,,,0,0,39900,0,0,0,24.9,41.3,17.9,24.9,0,0,0
"2026/02/09","2026/02/12","4235","ＵＦＨＤ","東証およびＰＴＳ",,"確報",700,0,3000,0,0,0,3000,541800,0,2322000,0,0,0,2322000,,,0,0,34500,0,0,0,11.8,18.4,8.6,11.8,0,0,0
"2026/02/09","2026/02/12","4237","フジプレアム","東証およびＰＴＳ",,"確報",28800,89200,137700,10000,52500,312600,-174900,13996800,43351200,66922200,4860000,25515000,151923600,-85001400,,,0,0,0,792400,1420400,0,10.6,14.3,5,7.4,13.6,17.7,15.4
"2026/02/09","2026/02/12","4238","ミライアル","東証およびＰＴＳ",,"確報",900,0,18600,0,0,0,18600,1157400,0,23919600,0,0,0,23919600,,,0,0,0,424800,0,0,118.3,63.4,887,118.3,0,0,0
"2026/02/09","2026/02/12","423A","ライオン事務器","東証およびＰＴＳ",,"確報",0,2700,7700,0,0,0,7700,0,958500,2733500,0,0,0,2733500,,,0,0,31200,0,0,0,24.7,61.6,15.4,24.7,0,0,0
"2026/02/09","2026/02/12","4240","クラスターＴ","東証およびＰＴＳ",,"確報",0,100,21100,0,0,0,21100,0,40500,8545500,0,0,0,8545500,,,0,0,0,84800,0,0,30,38.9,24.4,30,0,0,0
"2026/02/09","2026/02/12","4241","アテクト","東証およびＰＴＳ",,"確報",600,0,38300,0,0,0,38300,374400,0,23899200,0,0,0,23899200,,,0,0,565500,0,0,0,24.8,46,16.9,24.8,0,0,0
"2026/02/09","2026/02/12","4242","タカギセイコー","東証およびＰＴＳ",,"確報",0,0,9200,0,0,200,9000,0,0,16348400,0,0,355400,15993000,,,0,0,294400,0,0,6400,155,113.8,227.5,151.7,0,0,0
"2026/02/09","2026/02/12","4243","ニックス","東証およびＰＴＳ",,"確報",0,0,600,0,0,0,600,0,0,528600,0,0,0,528600,,,0,0,6600,0,0,0,18,18,18,18,0,0,0
"2026/02/09","2026/02/12","4245","ダイキアクシス","東証およびＰＴＳ",,"確報",0,600,9600,0,500,4700,4900,0,411000,6576000,0,342500,3219500,3356500,,,0,0,0,10200,5200,0,25.6,23.9,59.8,34.1,144.5,9.6,18.1
"2026/02/09","2026/02/12","4246","ダイキョーニシカワ","東証およびＰＴＳ",,"確報",500,400,29700,0,14300,9000,20700,427500,342000,25393500,0,12226500,7695000,17698500,,,0,0,0,207200,163100,0,2.3,3.1,3,3.1,1.6,1.6,1.6
"2026/02/09","2026/02/12","4247","ポバール興業","東証およびＰＴＳ",,"確報",0,0,400,0,0,0,400,0,0,570000,0,0,0,570000,,,0,0,6800,0,0,0,0,0,0,0,0,0,0
"2026/02/09","2026/02/12","4248","竹本容器","東証およびＰＴＳ",,"確報",0,0,4100,0,0,100,4000,0,0,3591600,0,0,87600,3504000,,,0,0,20500,0,0,500,46.9,34.3,103,51.5,0,5,10
"2026/02/09","2026/02/12","4249","森六","東証およびＰＴＳ",,"確報",700,300,5200,500,100,5200,0,1767500,757500,13130000,1262500,252500,13130000,0,,,0,0,129600,0,0,129600,10,5.1,18.1,8,6.9,199,13.3
"2026/02/09","2026/02/12","424A","ＧＸゴールドＨ","東証およびＰＴＳ",,"確報",40,22210,211940,0,0,0,211940,15748,8744077,83440778,0,0,0,83440778,,,0,0,3090252,0,0,0,33.5,26.9,44.4,33.5,0,0,0
"2026/02/09","2026/02/12","4251","恵和","東証およびＰＴＳ",,"確報",900,900,14600,600,0,3300,11300,1244700,1244700,20191800,829800,0,4563900,15627900,,,0,0,379600,0,0,70200,9.9,6.9,17.4,9.9,5.8,40.7,10.2
"2026/02/09","2026/02/12","4255","ＴＨＥＣＯＯ","東証およびＰＴＳ",,"確報",0,0,1400,0,0,0,1400,0,0,3322200,0,0,0,3322200,,,0,0,187600,0,0,0,0,0,0,0,0,0,0
"2026/02/09","2026/02/12","4256","サインド","東証およびＰＴＳ",,"確報",0,0,1800,0,0,0,1800,0,0,2437200,0,0,0,2437200,,,0,0,0,23400,0,0,23.5,23.5,23.5,23.5,0,0,0
"2026/02/09","2026/02/12","4258","網屋","東証およびＰＴＳ",,"確報",1200,700,27700,500,0,27700,0,3404400,1985900,78584900,1418500,0,78584900,0,,,0,0,1360000,0,0,1360000,28.5,15.8,52.4,24.2,19.5,145.4,34.4
"2026/02/09","2026/02/12","4259","エクサウィザーズ","東証およびＰＴＳ",,"確報",0,13900,116200,0,0,0,116200,0,12482200,104347600,0,0,0,104347600,,,0,0,5724400,0,0,0,18.4,20.4,16.8,18.4,0,0,0
"2026/02/09","2026/02/12","425A","ＧＸゴールド","東証およびＰＴＳ",,"確報",4890,26110,222660,0,0,0,222660,2057712,10987088,93695328,0,0,0,93695328,,,0,0,3121664,0,0,0,12.9,13.1,12.8,12.9,0,0,0
"2026/02/09","2026/02/12","4260","ハイブリッドテク","東証およびＰＴＳ",,"確報",0,0,1700,0,0,0,1700,0,0,508300,0,0,0,508300,,,0,0,0,1700,0,0,16.1,37.7,10.3,16.1,0,0,0
"2026/02/09","2026/02/12","4261","アジアクエスト","東証およびＰＴＳ",,"確報",200,0,1300,0,0,0,1300,761000,0,4946500,0,0,0,4946500,,,0,0,0,60500,0,0,21.6,10.8,0,21.6,0,0,0
"2026/02/09","2026/02/12","4262","ニフティライフ","東証およびＰＴＳ",,"確報",0,0,900,0,100,100,800,0,0,1304100,0,144900,144900,1159200,,,0,0,4500,0,0,1000,22.4,0,47,94,9,3,4.5
"2026/02/09","2026/02/12","4263","サスメド","東証およびＰＴＳ",,"確報",0,4000,135100,200,2800,136500,-1400,0,3988000,134694700,199400,2791600,136090500,-1395800,,,0,0,7511400,0,0,7511400,17.9,10,9.3,9.6,182.8,96.5,126.3
"2026/02/09","2026/02/12","4264","セキュア","東証およびＰＴＳ",,"確報",400,1500,3900,0,0,0,3900,612400,2296500,5970900,0,0,0,5970900,,,0,0,20000,0,0,0,12.4,42.5,7.3,12.4,0,0,0
"2026/02/09","2026/02/12","4265","ＩＧＳ","東証およびＰＴＳ",,"確報",0,100,10500,0,0,0,10500,0,30500,3202500,0,0,0,3202500,,,0,0,0,53000,0,0,262.5,175,525,262.5,0,0,0
"2026/02/09","2026/02/12","426A","ＳＰ５００ＥＷＨ無","東証およびＰＴＳ",,"確報",0,0,0,0,0,0,0,0,0,0,0,0,0,0,,,0,0,0,0,0,0,0,0,0,0,0,0,0
"2026/02/09","2026/02/12","4270","ＢｅｅＸ","東証およびＰＴＳ",,"確報",0,0,300,0,0,0,300,0,0,642300,0,0,0,642300,,,0,0,0,4800,0,0,36,0,18,36,0,0,0
"2026/02/09","2026/02/12","4272","日本化薬","東証およびＰＴＳ",,"確報",3700,6500,10300,0,4100,9000,1300,6867200,12064000,19116800,0,7609600,16704000,2412800,,,0,0,137550,0,0,137550,4.3,3.6,5.2,4.2,3.5,6.2,4.4
"2026/02/09","2026/02/12","4274","細谷火工","東証およびＰＴＳ",,"確報",100,1300,5300,0,0,0,5300,117000,1521000,6201000,0,0,0,6201000,,,0,0,182000,0,0,0,14.2,18.8,11.4,14.2,0,0,0
"2026/02/09","2026/02/12","4275","カーリット","東証およびＰＴＳ",,"確報",3700,400,69400,3300,0,69400,0,9190800,993600,172389600,8197200,0,172389600,0,,,0,0,9650600,0,0,9650600,42.5,54.6,26.7,35.8,104.2,34.7,52.1
"2026/02/09","2026/02/12","4284","ソルクシーズ","東証およびＰＴＳ",,"確報",3600,0,30000,0,0,0,30000,1846800,0,15390000,0,0,0,15390000,,,0,0,475200,0,0,0,43.3,24.4,191.6,43.3,0,0,0
"2026/02/09","2026/02/12","4286","ＣＬホールディングス","東証およびＰＴＳ",,"確報",0,0,2100,100,300,1400,700,0,0,2339400,111400,334200,1559600,779800,,,0,0,44100,0,0,33600,16.3,0,52.5,105,13,6.1,8.3
"2026/02/09","2026/02/12","4287","ジャストプランニング","東証およびＰＴＳ",,"確報",0,100,1400,0,0,0,1400,0,47000,658000,0,0,0,658000,,,0,0,10500,0,0,0,8.1,137,4.2,8.1,0,0,0
"2026/02/09","2026/02/12","4288","アズジェント","東証およびＰＴＳ",,"確報",100,300,31200,100,2400,14000,17200,64600,193800,20155200,64600,1550400,9044000,11111200,,,0,0,219800,0,0,114100,38.2,33.4,125.2,52.7,23.4,26.7,24.9
"2026/02/09","2026/02/12","428A","サイプレスＨＤ","東証およびＰＴＳ",,"確報",0,200,1100,0,0,0,1100,0,169800,933900,0,0,0,933900,,,0,0,15600,0,0,0,22.7,68,13.6,22.7,0,0,0
"2026/02/09","2026/02/12","4290","プレステージＩＮ","東証およびＰＴＳ",,"確報",1100,0,78300,0,200,3000,75300,759000,0,54027000,0,138000,2070000,51957000,,,0,0,386000,0,0,16000,202.8,229.1,354,278.1,32.4,23.1,27
"2026/02/09","2026/02/12","4293","セプテーニＨＤ","東証およびＰＴＳ",,"確報",700,6400,181300,0,200,17700,163600,285600,2611200,73970400,0,81600,7221600,66748800,,,0,0,0,0,0,0,23.2,45.5,52.6,48.8,0,2.9,5.9
"2026/02/09","2026/02/12","4299","ハイマックス","東証およびＰＴＳ",,"確報",0,100,3500,0,0,0,3500,0,131000,4585000,0,0,0,4585000,,,0,0,14400,0,0,0,50.3,29.3,176,50.3,0,0,0
"2026/02/09","2026/02/12","429A","テクセンド","東証およびＰＴＳ",,"確報",0,21800,105500,0,0,0,105500,0,66054000,319665000,0,0,0,319665000,,,0,0,11457000,0,0,0,31.5,67.3,20.6,31.5,0,0,0
"2026/02/09","2026/02/12","4301","アミューズ","東証およびＰＴＳ",,"確報",600,100,16100,0,600,43900,-27800,1241400,206900,33310900,0,1241400,90829100,-57518200,,,0,0,234000,0,0,667500,39.8,6.3,104,11.9,226.3,75.4,113.2
"2026/02/09","2026/02/12","4307","野村総合研究所","東証およびＰＴＳ",,"確報",1800,18100,141100,2300,0,2600,138500,7603200,76454400,596006400,9715200,0,10982400,585024000,,,0,0,314800,0,0,600,9.5,8.9,19.4,12.2,1.2,1.3,1.3
"2026/02/09","2026/02/12","4308","Ｊストリーム","東証およびＰＴＳ",,"確報",300,0,2800,0,0,0,2800,109200,0,1019200,0,0,0,1019200,,,0,0,7500,0,0,0,16.5,24.8,12.4,16.5,0,0,0
"2026/02/09","2026/02/12","4310","ドリームインキュベタ","東証およびＰＴＳ",,"確報",400,400,21500,0,400,62000,-40500,1159200,1159200,62307000,0,1159200,179676000,-117369000,,,0,0,623500,0,0,1809600,23.3,5.5,10.2,7.2,222.9,82.1,120
"2026/02/09","2026/02/12","4316","ビーマップ","東証およびＰＴＳ",,"確報",1700,0,33600,0,0,0,33600,1890400,0,37363200,0,0,0,37363200,,,0,0,2264900,0,0,0,51,44.6,59.5,51,0,0,0
"2026/02/09","2026/02/12","4317","レイ","東証およびＰＴＳ",,"確報",0,300,19100,0,0,0,19100,0,216000,13752000,0,0,0,13752000,,,0,0,0,19400,0,0,102.3,81,138.9,102.3,0,0,0
"2026/02/09","2026/02/12","4318","クイック","東証およびＰＴＳ",,"確報",1400,0,35600,200,300,8700,26900,1195600,0,30402400,170800,256200,7429800,22972600,,,0,0,239400,0,0,61600,58.2,75.7,108.8,89.2,40.2,17.7,24.6
"2026/02/09","2026/02/12","431A","ユーソナー","東証およびＰＴＳ",,"確報",300,400,27500,0,0,0,27500,560100,746800,51342500,0,0,0,51342500,,,0,0,1021200,0,0,0,2.8,2.9,2.8,2.8,0,0,0
"2026/02/09","2026/02/12","4320","ＣＥホールディングス","東証およびＰＴＳ",,"確報",4800,0,177900,0,0,0,177900,5985600,0,221841300,0,0,0,221841300,,,0,0,6924000,0,0,0,36.8,18.7,972.6,36.8,0,0,0
"2026/02/09","2026/02/12","4323","日本システム技術","東証およびＰＴＳ",,"確報",600,900,15700,100,400,53300,-37600,1440600,2160900,37695700,240100,960400,127973300,-90277600,,,0,0,608000,0,0,2036800,46.4,14.8,27,19.1,46.1,369,82
"2026/02/09","2026/02/12","4324","電通グループ","東証およびＰＴＳ",,"確報",7500,15000,45700,38900,0,45900,-200,21656250,43312500,131958750,112323750,0,132536250,-577500,,,0,0,2527000,0,0,332500,5,12.7,9.4,10.8,1.3,3.3,1.9
"2026/02/09","2026/02/12","4326","インテージＨＤ","東証およびＰＴＳ",,"確報",5000,300,18300,0,1200,36900,-18600,8235000,494100,30140100,0,1976400,60774300,-30634200,,,0,0,0,136000,381000,0,22.5,8.9,11.9,10.2,35.2,81.6,49.2
"2026/02/09","2026/02/12","4331","Ｔ＆Ｇニーズ","東証およびＰＴＳ",,"確報",0,100,5600,0,0,0,5600,0,80400,4502400,0,0,0,4502400,,,0,0,62700,0,0,0,63.6,143,40.9,63.6,0,0,0
"2026/02/09","2026/02/12","4333","東邦システムサイエン","東証およびＰＴＳ",,"確報",0,0,400,0,0,0,400,0,0,462800,0,0,0,462800,,,0,0,5600,0,0,0,46,0,23,46,0,0,0
"2026/02/09","2026/02/12","4334","ユークス","東証およびＰＴＳ",,"確報",0,0,2400,0,0,0,2400,0,0,955200,0,0,0,955200,,,0,0,9600,0,0,0,82.7,124,62,82.7,0,0,0
"2026/02/09","2026/02/12","4335","ＩＰＳＨＤ","東証およびＰＴＳ",,"確報",0,0,1900,0,0,0,1900,0,0,2318000,0,0,0,2318000,,,0,0,11400,0,0,0,0,0,0,0,0,0,0
"2026/02/09","2026/02/12","4337","ぴあ","東証およびＰＴＳ",,"確報",1000,400,11500,600,0,11500,0,2750000,1100000,31625000,1650000,0,31625000,0,,,0,0,327000,0,0,327000,41.2,21.4,107.2,35.7,25.5,536,48.7
"2026/02/09","2026/02/12","4341","西菱電機","東証およびＰＴＳ",,"確報",300,0,700,0,0,0,700,244200,0,569800,0,0,0,569800,,,0,0,0,4800,0,0,15.3,7.7,0,15.3,0,0,0
"2026/02/09","2026/02/12","4343","イオンファンタジー","東証およびＰＴＳ",,"確報",1400,200,48400,1200,0,48400,0,3866800,552400,133680800,3314400,0,133680800,0,,,0,0,566400,0,0,566400,6.4,3.4,3.4,3.4,59.9,64.7,62.2
"2026/02/09","2026/02/12","4344","ソースネクスト","東証およびＰＴＳ",,"確報",1000,19000,941000,18400,0,1067200,-126200,147000,2793000,138327000,2704800,0,156878400,-18551400,,,0,0,959000,0,0,1048800,21.2,12.8,10.5,11.6,70.3,160.9,97.8
"2026/02/09","2026/02/12","4345","シーティーエス","東証およびＰＴＳ",,"確報",400,10000,7500,0,2900,15700,-8200,412400,10310000,7732500,0,2989900,16186700,-8454200,,,0,0,0,34200,37200,0,9.1,22.5,6.1,9.6,57.3,4.8,8.9
"2026/02/09","2026/02/12","4346","ＮＥＸＹＺ．Ｇ","東証およびＰＴＳ",,"確報",0,200,15000,100,0,200,14800,0,155400,11655000,77700,0,155400,11499600,,,0,0,364800,0,0,2400,26.8,16.5,151.6,29.7,1.7,1.7,1.7
"2026/02/09","2026/02/12","4347","ブロードメディア","東証およびＰＴＳ",,"確報",0,0,114800,0,0,1400,113400,0,0,238324800,0,0,2906400,235418400,,,0,0,0,2870000,35000,0,307.6,412.5,240.6,303.9,0,0,0
"2026/02/09","2026/02/12","4350","メディカルシステム","東証およびＰＴＳ",,"確報",5000,0,69300,0,0,0,69300,2615000,0,36243900,0,0,0,36243900,,,0,0,0,0,0,0,37.3,19,1033.3,37.3,0,0,0
"2026/02/09","2026/02/12","4351","山田債権","東証およびＰＴＳ",,"確報",400,0,1900,0,0,0,1900,339200,0,1611200,0,0,0,1611200,,,0,0,18000,0,0,0,12.2,6.1,0,12.2,0,0,0
"2026/02/09","2026/02/12","4356","応用技術","東証およびＰＴＳ",,"確報",0,200,5500,0,0,0,5500,0,361600,9944000,0,0,0,9944000,,,0,0,11400,0,0,0,21.5,11.8,118,21.5,0,0,0
"2026/02/09","2026/02/12","435A","ｉＦ日本配当ローテ","東証およびＰＴＳ",,"確報",60,166,49119,0,0,0,49119,141900,392590,116166435,0,0,0,116166435,,,0,0,147675,0,0,0,31.4,37.1,27.1,31.4,0,0,0
"2026/02/09","2026/02/12","4360","マナック・ケミカルＰ","東証およびＰＴＳ",,"確報",1000,500,7800,0,0,0,7800,930000,465000,7254000,0,0,0,7254000,,,0,0,102200,0,0,0,11.2,7.5,22.5,11.2,0,0,0
"2026/02/09","2026/02/12","4361","川口化学工業","東証およびＰＴＳ",,"確報",0,0,5800,0,0,0,5800,0,0,9013200,0,0,0,9013200,,,0,0,23200,0,0,0,5.3,0,2.6,5.3,0,0,0
"2026/02/09","2026/02/12","4362","日本精化","東証およびＰＴＳ",,"確報",2100,0,11800,2200,100,11800,0,5460000,0,30680000,5720000,260000,30680000,0,,,0,0,194000,0,0,194000,8.3,7,10,8.2,7.1,10.2,8.4
"2026/02/09","2026/02/12","4365","松本油脂製薬","東証およびＰＴＳ",,"確報",0,0,100,0,0,0,100,0,0,1991000,0,0,0,1991000,,,0,0,0,0,0,0,10,0,5,10,0,0,0
"2026/02/09","2026/02/12","4366","ダイトーケミックス","東証およびＰＴＳ",,"確報",300,100,28500,0,0,0,28500,119100,39700,11314500,0,0,0,11314500,,,0,0,198100,0,0,0,50.7,52.6,48.9,50.7,0,0,0
"2026/02/09","2026/02/12","4367","広栄化学","東証およびＰＴＳ",,"確報",0,0,1800,0,100,1600,200,0,0,4102200,0,227900,3646400,455800,,,0,0,16200,0,0,15300,6.8,31,2,3.7,0,22.5,45
"2026/02/09","2026/02/12","4368","扶桑化学工業","東証およびＰＴＳ",,"確報",17100,9400,26400,200,300,3200,23200,141075000,77550000,217800000,1650000,2475000,26400000,191400000,,,0,0,9537000,0,0,1683000,4,3.2,4.6,3.8,5.4,11.3,7.3
"2026/02/09","2026/02/12","4369","トリケミカル研究所","東証およびＰＴＳ",,"確報",1400,0,30700,0,800,12300,18400,4669000,0,102384500,0,2668000,41020500,61364000,,,0,0,1611500,0,0,720500,20.8,31.4,18.7,23.5,37.8,10.6,16.6
"2026/02/09","2026/02/12","436A","サイバーＳＯＬ","東証およびＰＴＳ",,"確報",0,400,19200,0,0,0,19200,0,485600,23308800,0,0,0,23308800,,,0,0,392000,0,0,0,51.9,329,28.2,51.9,0,0,0
"2026/02/09","2026/02/12","4370","モビルス","東証およびＰＴＳ",,"確報",100,0,4300,0,0,0,4300,37500,0,1612500,0,0,0,1612500,,,0,0,12600,0,0,0,422,211,0,422,0,0,0
"2026/02/09","2026/02/12","4371","ＣＣＴ","東証およびＰＴＳ",,"確報",200,0,74300,700,0,18300,56000,239600,0,89011400,838600,0,21923400,67088000,,,0,0,1778400,0,0,422400,24.2,1320.7,18.7,36.9,32.7,6.4,10.7
"2026/02/09","2026/02/12","4372","ユミルリンク","東証およびＰＴＳ",,"確報",0,0,7000,0,0,0,7000,0,0,9975000,0,0,0,9975000,,,0,0,105000,0,0,0,176,176,176,176,0,0,0
"2026/02/09","2026/02/12","4373","シンプレクスＨＤ","東証およびＰＴＳ",,"確報",8400,900,69200,1400,0,6600,62600,7047600,755100,58058800,1174600,0,5537400,52521400,,,0,0,0,802100,67600,0,10.2,13.8,14.3,14,6.3,2.5,3.6
"2026/02/09","2026/02/12","4374","ロボペイ","東証およびＰＴＳ",,"確報",0,0,3200,0,0,0,3200,0,0,7392000,0,0,0,7392000,,,0,0,0,121600,0,0,58.8,29.4,0,58.8,0,0,0
"2026/02/09","2026/02/12","4375","セーフィー","東証およびＰＴＳ",,"確報",4800,200,156800,4600,0,156800,0,3926400,163600,128262400,3762800,0,128262400,0,,,0,0,1065400,0,0,1065400,58,39.9,65.2,49.5,52.3,106,70
"2026/02/09","2026/02/12","4376","くふうカンパニー","東証およびＰＴＳ",,"確報",300,0,3800,0,0,0,3800,48000,0,608000,0,0,0,608000,,,0,0,7000,0,0,0,72,45,180,72,0,0,0
"2026/02/09","2026/02/12","4377","ワンキャリア","東証およびＰＴＳ",,"確報",1500,0,17000,0,0,0,17000,3631500,0,41157000,0,0,0,41157000,,,0,0,0,124000,0,0,11.9,7,39.7,11.9,0,0,0
"2026/02/09","2026/02/12","4378","ＣＩＮＣ","東証およびＰＴＳ",,"確報",0,0,200,0,0,0,200,0,0,98600,0,0,0,98600,,,0,0,0,1400,0,0,0,0,0,0,0,0,0
"2026/02/09","2026/02/12","4379","Ｐｈｏｔｏｓｙｎｔｈ","東証およびＰＴＳ",,"確報",0,0,4500,0,0,0,4500,0,0,1786500,0,0,0,1786500,,,0,0,18000,0,0,0,112.5,112.5,112.5,112.5,0,0,0
"2026/02/09","2026/02/12","4380","Ｍマート","東証およびＰＴＳ",,"確報",100,0,1100,0,0,0,1100,125700,0,1382700,0,0,0,1382700,,,0,0,6000,0,0,0,102,51,0,102,0,0,0
"2026/02/09","2026/02/12","4381","ビープラッツ","東証およびＰＴＳ",,"確報",0,0,600,0,0,0,600,0,0,329400,0,0,0,329400,,,0,0,3000,0,0,0,0,0,0,0,0,0,0
"2026/02/09","2026/02/12","4382","ＨＥＲＯＺ","東証およびＰＴＳ",,"確報",200,300,137600,300,0,230900,-93300,164400,246600,113107200,246600,0,189799800,-76692600,,,0,0,1927800,0,0,3228400,110.3,163.6,72.5,100.5,73.6,288.9,117.3
"2026/02/09","2026/02/12","4384","ラクスル","東証およびＰＴＳ",,"確報",1000,1300,29700,0,0,5700,24000,2091000,2718300,62102700,0,0,11918700,50184000,,,0,0,780000,0,0,148200,94.3,83.7,79.3,81.4,0,285,570
"2026/02/09","2026/02/12","4385","メルカリ","東証およびＰＴＳ",,"確報",20500,110200,1769700,15200,22500,441000,1328700,66092000,355284800,5705512800,49004800,72540000,1421784000,4283728800,,,0,0,158049000,0,0,38105500,16.1,458.4,7.9,15.5,48.5,11.8,19
"2026/02/09","2026/02/12","4386","ＳＩＧグループ","東証およびＰＴＳ",,"確報",0,400,900,0,0,700,200,0,390400,878400,0,0,683200,195200,,,0,0,0,11700,6300,0,9.2,13.4,5.6,7.9,7.5,0,15
"2026/02/09","2026/02/12","4387","ＺＵＵ","東証およびＰＴＳ",,"確報",0,0,3700,0,0,0,3700,0,0,2527100,0,0,0,2527100,,,0,0,29600,0,0,0,186,186,186,186,0,0,0
"2026/02/09","2026/02/12","4388","エーアイ","東証およびＰＴＳ",,"確報",0,0,11200,0,600,4800,6400,0,0,4995200,0,267600,2140800,2854400,,,0,0,0,78400,37800,0,39.9,112.8,94,102.5,157,10.1,19
"2026/02/09","2026/02/12","4389","プロパティＤＢＫ","東証およびＰＴＳ",,"確報",100,100,1400,0,0,0,1400,89200,89200,1248800,0,0,0,1248800,,,0,0,0,22400,0,0,27.2,22.7,34,27.2,0,0,0
"2026/02/09","2026/02/12","438A","インフキュリオン","東証およびＰＴＳ",,"確報",300,100,12000,0,0,0,12000,450900,150300,18036000,0,0,0,18036000,,,0,0,0,330400,0,0,1.7,1.7,1.6,1.7,0,0,0
"2026/02/09","2026/02/12","4390","ｉｐｓ","東証およびＰＴＳ",,"確報",1100,1100,18600,5500,0,18600,0,3235100,3235100,54702600,16175500,0,54702600,0,,,0,0,0,874200,615700,0,15.8,17.7,36,23.7,5.8,72.1,10.8
"2026/02/09","2026/02/12","4391","ロジザード","東証およびＰＴＳ",,"確報",0,0,1100,0,0,0,1100,0,0,1204500,0,0,0,1204500,,,0,0,0,0,0,0,104,52,0,104,0,0,0
"2026/02/09","2026/02/12","4392","ＦＩＧ","東証およびＰＴＳ",,"確報",13600,5000,76600,11300,0,55200,21400,4528800,1665000,25507800,3762900,0,18381600,7126200,,,0,0,408000,0,0,263400,8.4,7.8,8.9,8.3,10.5,7.3,8.6
"2026/02/09","2026/02/12","4393","バンクオブイノベ","東証およびＰＴＳ",,"確報",400,400,44100,0,0,44100,0,2464000,2464000,271656000,0,0,271656000,0,,,0,0,2205000,0,0,2205000,69.2,35.8,51.1,42.1,107.3,1072.5,195
"2026/02/09","2026/02/12","4394","エクスモーション","東証およびＰＴＳ",,"確報",0,0,1200,0,0,0,1200,0,0,946800,0,0,0,946800,,,0,0,12000,0,0,0,60,0,30,60,0,0,0
"2026/02/09","2026/02/12","4395","アクリート","東証およびＰＴＳ",,"確報",100,500,28900,0,0,0,28900,116000,580000,33524000,0,0,0,33524000,,,0,0,615300,0,0,0,3,3.1,3,3,0,0,0
"2026/02/09","2026/02/12","4396","システムサポートＨＤ","東証およびＰＴＳ",,"確報",400,2100,5000,0,1900,4800,200,546400,2868600,6830000,0,2595400,6556800,273200,,,0,0,207700,0,0,207700,5.6,8.4,3.9,5.3,10.3,4.1,5.9
"2026/02/09","2026/02/12","4397","チームスピリット","東証およびＰＴＳ",,"確報",0,0,15600,0,0,0,15600,0,0,7066800,0,0,0,7066800,,,0,0,0,249600,0,0,105.7,396.5,61,105.7,0,0,0
"2026/02/09","2026/02/12","4398","ＢＢＳｅｃ","東証およびＰＴＳ",,"確報",0,0,3900,0,0,0,3900,0,0,5655000,0,0,0,5655000,,,0,0,0,39000,0,0,65,48.8,97.5,65,0,0,0
"2026/02/09","2026/02/12","4401","ＡＤＥＫＡ","東証およびＰＴＳ",,"確報",900,6900,16100,0,1900,9800,6300,4458600,34182600,79759400,0,9412600,48549200,31210200,,,0,0,309400,0,0,163800,9,6.6,6.5,6.5,48.8,15.8,23.9
"2026/02/09","2026/02/12","4403","日油","東証およびＰＴＳ",,"確報",400,1000,13300,0,600,13300,0,1258000,3145000,41828500,0,1887000,41828500,0,,,0,0,1306600,0,0,1306600,23.7,18.9,12.2,14.9,349,31.7,58.2
"2026/02/09","2026/02/12","4404","ミヨシ油脂","東証およびＰＴＳ",,"確報",100,200,486600,0,100,51700,434900,262000,524000,1274892000,0,262000,135454000,1139438000,,,0,0,24821700,0,0,2641800,1457,2029.3,1739.4,1873.2,2603,260.3,473.3
"2026/02/09","2026/02/12","4406","新日本理化","東証およびＰＴＳ",,"確報",800,0,93500,0,2700,44200,49300,185600,0,21692000,0,626400,10254400,11437600,,,0,0,0,185400,93800,0,32.1,54.7,47.7,51,54.1,11.9,19.5
"2026/02/09","2026/02/12","4409","東邦化学工業","東証およびＰＴＳ",,"確報",0,0,400,0,0,0,400,0,0,296400,0,0,0,296400,,,0,0,400,0,0,0,12.7,9.5,19,12.7,0,0,0
"2026/02/09","2026/02/12","4410","ハリマ化成グループ","東証およびＰＴＳ",,"確報",1500,100,12400,0,100,2200,10200,1522500,101500,12586000,0,101500,2233000,10353000,,,0,0,143000,0,0,29900,17.7,21,17.8,19.3,0,6.5,12.9
"2026/02/09","2026/02/12","4412","サイエンスアーツ","東証およびＰＴＳ",,"確報",0,800,3800,0,0,0,3800,0,1879200,8926200,0,0,0,8926200,,,0,0,0,234600,0,0,9.7,11.4,8.4,9.7,0,0,0
"2026/02/09","2026/02/12","4413","ボードルア","東証およびＰＴＳ",,"確報",1600,0,13600,0,0,0,13600,2766400,0,23514400,0,0,0,23514400,,,0,0,0,360000,0,0,2,1.9,2,2,0,0,0
"2026/02/09","2026/02/12","4414","フレクト","東証およびＰＴＳ",,"確報",0,300,4200,0,0,0,4200,0,474000,6636000,0,0,0,6636000,,,0,0,306000,0,0,0,8.9,9.7,8.2,8.9,0,0,0
"2026/02/09","2026/02/12","4415","ブロードエンター","東証およびＰＴＳ",,"確報",400,0,4300,0,0,0,4300,478800,0,5147100,0,0,0,5147100,,,0,0,156000,0,0,0,14.1,12.1,16.9,14.1,0,0,0
"2026/02/09","2026/02/12","4416","ＴｒｕｅＤａｔａ","東証およびＰＴＳ",,"確報",0,200,5200,0,0,0,5200,0,133800,3478800,0,0,0,3478800,,,0,0,21600,0,0,0,132.5,132.5,132.5,132.5,0,0,0
"2026/02/09","2026/02/12","4417","グローバルセキュ","東証およびＰＴＳ",,"確報",800,300,31000,0,0,0,31000,2250400,843900,87203000,0,0,0,87203000,,,0,0,3172000,0,0,0,72.2,69,75.9,72.2,0,0,0
"2026/02/09","2026/02/12","4418","ＪＤＳＣ","東証およびＰＴＳ",,"確報",9300,0,74200,700,0,89400,-15200,9923100,0,79171400,746900,0,95389800,-16218400,,,0,0,0,0,0,0,6.3,9.4,1.8,3.1,22.7,196.4,40.6
"2026/02/09","2026/02/12","4419","Ｆｉｎａｔｅｘｔ","東証およびＰＴＳ",,"確報",1500,59600,229700,0,0,0,229700,1153500,45832400,176639300,0,0,0,176639300,,,0,0,0,7482800,0,0,18.2,68.5,10.5,18.2,0,0,0
"2026/02/09","2026/02/12","441A","ＮＥ","東証およびＰＴＳ",,"確報",0,0,5200,0,0,0,5200,0,0,3588000,0,0,0,3588000,,,0,0,0,0,0,0,105.6,264,66,105.6,0,0,0
"2026/02/09","2026/02/12","4420","イーソル","東証およびＰＴＳ",,"確報",2500,900,34600,1600,0,34600,0,1312500,472500,18165000,840000,0,18165000,0,,,0,0,330000,0,0,330000,15.5,11.8,13.5,12.6,18.3,22.7,20.2
"2026/02/09","2026/02/12","4421","ディ・アイ・システム","東証およびＰＴＳ",,"確報",0,0,600,0,0,0,600,0,0,568200,0,0,0,568200,,,0,0,0,6600,0,0,5.5,0,2.7,5.5,0,0,0
"2026/02/09","2026/02/12","4422","ＶＡＬＵＥＮＥＸ","東証およびＰＴＳ",,"確報",500,2000,9200,0,0,0,9200,214500,858000,3946800,0,0,0,3946800,,,0,0,21400,0,0,0,3.7,6.2,2.7,3.7,0,0,0
"2026/02/09","2026/02/12","4424","Ａｍａｚｉａ","東証およびＰＴＳ",,"確報",1900,0,91300,1900,0,231000,-139700,533900,0,25655300,533900,0,64911000,-39255700,,,0,0,268200,0,0,687300,123.9,48.8,68.4,57,613.1,142,230.7
"2026/02/09","2026/02/12","4425","Ｋｕｄａｎ","東証およびＰＴＳ",,"確報",13600,8100,68500,17700,4100,207700,-139200,25200800,15009300,126930500,32798100,7597300,384868100,-257937600,,,0,0,6993000,0,0,21545100,19.8,11.5,6.9,8.6,51.2,32.7,39.9
"2026/02/09","2026/02/12","4427","ＥｄｕＬａｂ","東証およびＰＴＳ",,"確報",400,0,13900,0,0,0,13900,95600,0,3322100,0,0,0,3322100,,,0,0,40500,0,0,0,149.1,83.9,671,149.1,0,0,0
"2026/02/09","2026/02/12","4428","シノプス","東証およびＰＴＳ",,"確報",0,1800,6400,0,0,300,6100,0,1404000,4992000,0,0,234000,4758000,,,0,0,0,41000,1500,0,33.9,129.3,21.6,37,19,9.5,12.7
"2026/02/09","2026/02/12","4429","リックソフト","東証およびＰＴＳ",,"確報",0,0,1800,0,0,1800,0,0,0,1742400,0,0,1742400,0,,,0,0,0,9000,9000,0,62.7,94,31.3,47,0,47,94
"2026/02/09","2026/02/12","442A","クラシコ","東証およびＰＴＳ",,"確報",100,300,3800,0,0,0,3800,181000,543000,6878000,0,0,0,6878000,,,0,0,0,308000,0,0,44.9,101,28.9,44.9,0,0,0
"2026/02/09","2026/02/12","4430","東海ソフト","東証およびＰＴＳ",,"確報",100,0,2100,0,0,0,2100,186200,0,3910200,0,0,0,3910200,,,0,0,68000,0,0,0,2.5,16,1.4,2.5,0,0,0
"2026/02/09","2026/02/12","4431","スマレジ","東証およびＰＴＳ",,"確報",13600,300,110700,0,0,129400,-18700,32504000,717000,264573000,0,0,309266000,-44693000,,,0,0,0,3896000,5176000,0,36.7,8.4,257.2,16.3,281.2,215.6,244
"2026/02/09","2026/02/12","4432","ウイングアーク１ｓｔ","東証およびＰＴＳ",,"確報",0,500,16100,0,200,400,15700,0,1486000,47849200,0,594400,1188800,46660400,,,0,0,0,0,0,0,22.3,67,18.1,28.6,21,2.2,4
"2026/02/09","2026/02/12","4433","ヒトコムＨＤ","東証およびＰＴＳ",,"確報",100,0,6500,0,0,0,6500,96700,0,6285500,0,0,0,6285500,,,0,0,12800,0,0,0,36.8,19.6,294,36.8,0,0,0
"2026/02/09","2026/02/12","4434","サーバーワークス","東証およびＰＴＳ",,"確報",200,1100,32500,2800,0,37800,-5300,409800,2253900,66592500,5737200,0,77452200,-10859700,,,0,0,3039400,0,0,3185000,7.1,3.6,4.2,3.9,22.2,45.6,29.9
"2026/02/09","2026/02/12","4436","ミンカブ","東証およびＰＴＳ",,"確報",5200,700,93500,9300,0,188900,-95400,2340000,315000,42075000,4185000,0,85005000,-42930000,,,0,0,712000,0,0,1436800,61,43.2,114.2,62.7,31.6,629.9,60.2
"2026/02/09","2026/02/12","4437","ＧＤＨ","東証およびＰＴＳ",,"確報",0,0,3700,0,0,0,3700,0,0,2482700,0,0,0,2482700,,,0,0,0,0,0,0,186,186,186,186,0,0,0
"2026/02/09","2026/02/12","4438","Ｗｅｌｂｙ","東証およびＰＴＳ",,"確報",0,0,11100,0,0,0,11100,0,0,3141300,0,0,0,3141300,,,0,0,0,11100,0,0,279,558,186,279,0,0,0
"2026/02/09","2026/02/12","4439","東名","東証およびＰＴＳ",,"確報",100,800,2800,9700,100,38200,-35400,106900,855200,2993200,10369300,106900,40835800,-37842600,,,0,0,0,45500,371800,0,13.2,41.6,4.5,8.1,8.5,69.7,15.2
"2026/02/09","2026/02/12","443A","ｉＦＪリート２","東証およびＰＴＳ",,"確報",0,0,0,0,0,0,0,0,0,0,0,0,0,0,,,0,0,0,0,0,0,0,0,0,0,0,0,0
"2026/02/09","2026/02/12","4440","ヴィッツ","東証およびＰＴＳ",,"確報",100,400,31300,0,0,0,31300,143200,572800,44821600,0,0,0,44821600,,,0,0,221200,0,0,0,41.7,43.4,40.1,41.7,0,0,0
"2026/02/09","2026/02/12","4441","トビラシステムズ","東証およびＰＴＳ",,"確報",0,100,1600,0,0,0,1600,0,112000,1792000,0,0,0,1792000,,,0,0,0,68000,0,0,33.2,41.5,27.7,33.2,0,0,0
"2026/02/09","2026/02/12","4442","バルテスＨＤ","東証およびＰＴＳ",,"確報",200,0,10100,200,0,10100,0,84000,0,4242000,84000,0,4242000,0,,,0,0,0,39600,39600,0,124.8,83.2,124.8,99.8,124.8,249.5,166.3
"2026/02/09","2026/02/12","4443","Ｓａｎｓａｎ","東証およびＰＴＳ",,"確報",6600,6000,93400,2000,700,39600,53800,7774800,7068000,110025200,2356000,824600,46648800,63376400,,,0,0,2598400,0,0,1072400,16.9,17.1,14.8,15.8,16.9,25.3,20.3
"2026/02/09","2026/02/12","4444","インフォネット","東証およびＰＴＳ",,"確報",0,0,300,0,0,0,300,0,0,276000,0,0,0,276000,,,0,0,0,900,0,0,0,0,0,0,0,0,0
"2026/02/09","2026/02/12","4445","リビンＴ","東証およびＰＴＳ",,"確報",0,100,200,0,0,0,200,0,357000,714000,0,0,0,714000,,,0,0,3000,0,0,0,6,6,6,6,0,0,0
"2026/02/09","2026/02/12","4446","Ｌｉｎｋ－Ｕグループ","東証およびＰＴＳ",,"確報",4200,3000,133900,1400,200,133900,0,4372200,3123000,139389900,1457400,208200,139389900,0,,,0,0,0,6502300,6502300,0,12.5,7.5,6.7,7.1,86.6,36.9,51.8
"2026/02/09","2026/02/12","4447","ピー・ビーシステムズ","東証およびＰＴＳ",,"確報",0,0,3300,0,0,200,3100,0,0,1603800,0,0,97200,1506600,,,0,0,0,3300,200,0,44.5,83.5,83.5,83.5,3.7,11,5.5
"2026/02/09","2026/02/12","4448","ｋｕｂｅｌｌ","東証およびＰＴＳ",,"確報",1500,300,213300,1200,0,213300,0,493500,98700,70175700,394800,0,70175700,0,,,0,0,0,848400,848400,0,47.4,24,332.4,44.8,25.5,1662.2,50.2
"2026/02/09","2026/02/12","4449","ギフティ","東証およびＰＴＳ",,"確報",0,700,70200,0,0,1400,68800,0,856100,85854600,0,0,1712200,84142400,,,0,0,0,141800,2800,0,5.4,5.8,5,5.4,4,5.6,4.7
"2026/02/09","2026/02/12","4450","ＰＳＯＬ","東証およびＰＴＳ",,"確報",0,0,1500,0,0,0,1500,0,0,3406500,0,0,0,3406500,,,0,0,0,33000,0,0,73,73,73,73,0,0,0
"2026/02/09","2026/02/12","4452","花王","東証およびＰＴＳ",,"確報",600,5000,11800,6100,0,11800,0,3922200,32685000,77136600,39875700,0,77136600,0,,,0,0,129600,0,0,45600,6.7,76.9,7.9,14.3,2.9,4.3,3.5
"2026/02/09","2026/02/12","4461","第一工業製薬","東証およびＰＴＳ",,"確報",15300,5000,25100,2200,2600,14400,10700,178704000,58400000,293168000,25696000,30368000,168192000,124976000,,,0,0,10804000,0,0,10804000,5.1,2.8,4.1,3.3,14.6,11.2,12.7
"2026/02/09","2026/02/12","4462","石原ケミカル","東証およびＰＴＳ",,"確報",600,200,7300,200,400,13800,-6500,1552200,517400,18885100,517400,1034800,35700600,-16815500,,,0,0,13800,0,0,28000,20.3,20.6,47.1,28.7,9.3,154,17.6
"2026/02/09","2026/02/12","4463","日華化学","東証およびＰＴＳ",,"確報",0,0,1900,0,0,0,1900,0,0,3049500,0,0,0,3049500,,,0,0,0,41800,0,0,32.7,49,24.5,32.7,0,0,0
"2026/02/09","2026/02/12","4464","ソフト９９","東証およびＰＴＳ",,"確報",1100,0,5800,0,0,0,5800,4499000,0,23722000,0,0,0,23722000,,,0,0,0,0,0,0,10,33.1,5.9,10,0,0,0
"2026/02/09","2026/02/12","4465","ニイタカ","東証およびＰＴＳ",,"確報",1100,300,7200,100,400,7200,0,2707100,738300,17719200,246100,984400,17719200,0,,,0,0,0,185600,217500,0,24.6,11.8,19.5,14.7,74,52.9,61.7
"2026/02/09","2026/02/12","446A","ノースサンド","東証およびＰＴＳ",,"確報",2600,0,40500,0,0,0,40500,3146000,0,49005000,0,0,0,49005000,,,0,0,1629700,0,0,0,12.5,14.3,11.1,12.5,0,0,0
"2026/02/09","2026/02/12","4471","三洋化成工業","東証およびＰＴＳ",,"確報",2100,2200,11500,900,1000,11500,0,11949000,12518000,65435000,5121000,5690000,65435000,0,,,0,0,696000,0,0,696000,14.3,21,8.8,12.4,38.1,10.9,16.9
"2026/02/09","2026/02/12","4475","ＨＥＮＮＧＥ","東証およびＰＴＳ",,"確報",92000,2300,206600,100500,1800,206600,0,91724000,2293100,205980200,100198500,1794600,205980200,0,,,0,0,2338000,0,0,2158000,7.9,6.2,31.4,10.4,3.2,47.6,6
"2026/02/09","2026/02/12","4476","ＡＩ　ＣＲＯＳＳ","東証およびＰＴＳ",,"確報",0,0,6900,0,0,0,6900,0,0,11046900,0,0,0,11046900,,,0,0,0,0,0,0,59.2,0,29.6,59.2,0,0,0
"2026/02/09","2026/02/12","4477","ＢＡＳＥ","東証およびＰＴＳ",,"確報",0,14500,438100,1200,0,141000,297100,0,4640000,140192000,384000,0,45120000,95072000,,,0,0,0,1357800,419400,0,38.7,35.5,42.9,38.8,49.5,31.2,38.3
"2026/02/09","2026/02/12","4478","フリー","東証およびＰＴＳ",,"確報",1900,2000,39500,100,200,39500,0,4389000,4620000,91245000,231000,462000,91245000,0,,,0,0,950400,0,0,950400,11.5,6.9,21.5,10.5,7.9,34.2,12.8
"2026/02/09","2026/02/12","4479","マクアケ","東証およびＰＴＳ",,"確報",900,500,18500,0,0,0,18500,935100,519500,19221500,0,0,0,19221500,,,0,0,217200,0,0,0,28.4,26.4,30.9,28.4,0,0,0
"2026/02/09","2026/02/12","447A","ＳＳゴールドヘッジ無","東証およびＰＴＳ",,"確報",0,9620,55230,0,0,0,55230,0,3016832,17320128,0,0,0,17320128,,,0,0,635530,0,0,0,8.2,10.7,6.7,8.2,0,0,0
"2026/02/09","2026/02/12","4480","メドレー","東証およびＰＴＳ",,"確報",0,2200,80500,0,2900,429100,-348600,0,5145800,188289500,0,6783100,1003664900,-815375400,,,0,0,0,3721500,19440000,0,85.3,8.8,45.1,14.7,514.6,277.1,360.3
"2026/02/09","2026/02/12","4481","ベース","東証およびＰＴＳ",,"確報",0,600,13200,0,0,1700,11500,0,1795800,39507600,0,0,5088100,34419500,,,0,0,0,234600,28900,0,58.2,51.6,51.6,51.6,0,0,0
"2026/02/09","2026/02/12","4482","ウィルズ","東証およびＰＴＳ",,"確報",0,0,4000,400,100,1600,2400,0,0,2856000,285600,71400,1142400,1713600,,,0,0,56000,0,0,18200,19.5,50.3,25.1,33.5,4,52,7.4
"2026/02/09","2026/02/12","4483","ＪＭＤＣ","東証およびＰＴＳ",,"確報",2500,600,52600,2000,100,52600,0,8862500,2127000,186467000,7090000,354500,186467000,0,,,0,0,5577000,0,0,5577000,8,5.4,5,5.2,9.7,80.5,17.4
"2026/02/09","2026/02/12","4484","ランサーズ","東証およびＰＴＳ",,"確報",0,200,4000,0,0,0,4000,0,59000,1180000,0,0,0,1180000,,,0,0,4200,0,0,0,81.2,67.7,101.5,81.2,0,0,0
"2026/02/09","2026/02/12","4486","ユナイトアンドグロウ","東証およびＰＴＳ",,"確報",1600,0,7500,0,0,100,7400,1062400,0,4980000,0,0,66400,4913600,,,0,0,0,59000,1000,0,21.3,11.4,296,21.9,2,0,4
"2026/02/09","2026/02/12","4487","スペースマーケット","東証およびＰＴＳ",,"確報",0,0,500,0,0,0,500,0,0,153000,0,0,0,153000,,,0,0,0,0,0,0,16.7,0,8.3,16.7,0,0,0
"2026/02/09","2026/02/12","4488","ＡＩ　ｉｎｓｉｄｅ","東証およびＰＴＳ",,"確報",100,100,7300,0,0,0,7300,254100,254100,18549300,0,0,0,18549300,,,0,0,343100,0,0,0,103.4,72.4,181,103.4,0,0,0
"2026/02/09","2026/02/12","448A","ＳＳゴールドヘッジ有","東証およびＰＴＳ",,"確報",0,19100,42550,0,0,0,42550,0,5890440,13122420,0,0,0,13122420,,,0,0,641160,0,0,0,9,14.6,6.5,9,0,0,0
"2026/02/09","2026/02/12","4490","ビザスク","東証およびＰＴＳ",,"確報",100,100,9900,0,0,0,9900,53700,53700,5316300,0,0,0,5316300,,,0,0,0,108900,0,0,48.5,28.5,161.7,48.5,0,0,0
"2026/02/09","2026/02/12","4491","Ｃマネージメント","東証およびＰＴＳ",,"確報",0,0,100,0,0,0,100,0,0,301000,0,0,0,301000,,,0,0,500,0,0,0,0,0,0,0,0,0,0
"2026/02/09","2026/02/12","4492","ゼネテック","東証およびＰＴＳ",,"確報",0,0,3100,0,0,0,3100,0,0,1475600,0,0,0,1475600,,,0,0,18600,0,0,0,10.1,10.1,10.1,10.1,0,0,0
"2026/02/09","2026/02/12","4493","サイバーセキュリ","東証およびＰＴＳ",,"確報",600,900,51200,0,0,0,51200,1063800,1595700,90777600,0,0,0,90777600,,,0,0,1905500,0,0,0,46.3,47.6,45.1,46.3,0,0,0
"2026/02/09","2026/02/12","4494","バリオセキュア","東証およびＰＴＳ",,"確報",0,0,2300,0,0,0,2300,0,0,1741100,0,0,0,1741100,,,0,0,34500,0,0,0,116,116,116,116,0,0,0
"2026/02/09","2026/02/12","4495","アイキューブド","東証およびＰＴＳ",,"確報",0,300,1000,0,0,0,1000,0,706500,2355000,0,0,0,2355000,,,0,0,0,15600,0,0,12.4,31,7.8,12.4,0,0,0
"2026/02/09","2026/02/12","4496","コマースワン","東証およびＰＴＳ",,"確報",0,0,900,0,0,0,900,0,0,706500,0,0,0,706500,,,0,0,0,1800,0,0,0,0,0,0,0,0,0
"2026/02/09","2026/02/12","4498","サイバートラスト","東証およびＰＴＳ",,"確報",1800,0,14900,1300,0,8600,6300,2169000,0,17954500,1566500,0,10363000,7591500,,,0,0,353700,0,0,197100,21.8,17.2,52.9,26,16.2,18.3,17.2
"2026/02/09","2026/02/12","4499","Ｓｐｅｅｅ","東証およびＰＴＳ",,"確報",700,4000,156900,0,1700,343100,-186200,1784300,10196000,399938100,0,4333300,874561900,-474623800,,,0,0,7849800,0,0,16895200,139.6,102.5,51.9,68.9,229.9,325.3,269.4
"2026/02/09","2026/02/12","449A","ＳＳＳＰヘッジ無","東証およびＰＴＳ",,"確報",0,440,3200,0,0,0,3200,0,323400,2352000,0,0,0,2352000,,,0,0,48412,0,0,0,11.4,14.8,9.2,11.4,0,0,0
"2026/02/09","2026/02/12","4502","武田薬品工業","東証およびＰＴＳ",,"確報",300,0,3000,23500,1900,52700,-49700,1651200,0,16512000,129344000,10457600,290060800,-273548800,,,0,0,0,35100,404300,0,3.5,13.1,3.9,6,4.3,2.9,3.5
"2026/02/09","2026/02/12","4503","アステラス製薬","東証およびＰＴＳ",,"確報",3000,20400,50200,1000,16900,5700,44500,7512000,51081600,125700800,2504000,42317600,14272800,111428000,,,0,0,4258800,0,0,1360800,4.6,17.7,5.2,8,1.5,1.7,1.6
"2026/02/09","2026/02/12","4506","住友ファーマ","東証およびＰＴＳ",,"確報",200,97800,983000,300,0,600,982400,450100,220098900,2212241500,675150,0,1350300,2210891200,,,0,0,22692600,0,0,6300,4.4,6.2,3.5,4.5,1.9,1.9,1.9
"2026/02/09","2026/02/12","4507","塩野義製薬","東証およびＰＴＳ",,"確報",2900,9600,92500,1200,4800,99900,-7400,10210900,33801600,325692500,4225200,16900800,351747900,-26055400,,,0,0,12697600,0,0,13248000,12.6,6.6,9.7,7.9,33.5,23.1,27.3
"2026/02/09","2026/02/12","450A","ＳＳＳＰヘッジ有","東証およびＰＴＳ",,"確報",0,0,10,0,0,0,10,0,0,7229,0,0,0,7229,,,0,0,157,0,0,0,0,0,0,0,0,0,0
"2026/02/09","2026/02/12","4512","わかもと製薬","東証およびＰＴＳ",,"確報",600,11800,77900,6400,200,97800,-19900,193800,3811400,25161700,2067200,64600,31589400,-6427700,,,0,0,0,445500,458000,0,17.2,13.7,15.9,14.7,13,48.5,20.5
"2026/02/09","2026/02/12","4516","日本新薬","東証およびＰＴＳ",,"確報",2900,7700,10000,5400,0,18600,-8600,14819000,39347000,51100000,27594000,0,95046000,-43946000,,,0,0,1006400,0,0,897600,8,4.9,6.3,5.5,9.3,17.3,12.1
"2026/02/09","2026/02/12","4519","中外製薬","東証およびＰＴＳ",,"確報",0,10600,25700,1200,0,2700,23000,0,96735600,234538200,10951200,0,24640200,209898000,,,0,0,18803400,0,0,777000,11,13.3,10,11.4,4.2,23,7.1
"2026/02/09","2026/02/12","451A","ＳＳＳＰ高配当","東証およびＰＴＳ",,"確報",0,520,3480,0,0,0,3480,0,145444,973356,0,0,0,973356,,,0,0,8000,0,0,0,62.9,650.3,33.1,62.9,0,0,0
"2026/02/09","2026/02/12","4521","科研製薬","東証およびＰＴＳ",,"確報",5100,100,17700,17200,1000,34400,-16700,21343500,418500,74074500,71982000,4185000,143964000,-69889500,,,0,0,762000,0,0,1092000,9,7.1,12.2,9,5,44.9,9.1
"2026/02/09","2026/02/12","4523","エーザイ","東証およびＰＴＳ",,"確報",500,4600,86700,500,0,500,86200,2281500,20989800,395612100,2281500,0,2281500,393330600,,,0,0,7354800,0,0,0,54,102.8,40.6,58.2,1.6,1.1,1.3
"2026/02/09","2026/02/12","4524","森下仁丹","東証およびＰＴＳ",,"確報",0,0,0,0,0,0,0,0,0,0,0,0,0,0,,,0,0,0,0,0,0,2,0,1,2,0,0,0
"2026/02/09","2026/02/12","4526","理研ビタミン","東証およびＰＴＳ",,"確報",500,0,7100,1400,0,15700,-8600,1630000,0,23146000,4564000,0,51182000,-28036000,,,0,0,363000,0,0,786500,26.1,32,19.6,24.3,21.7,36.1,27.1
"2026/02/09","2026/02/12","4527","ロート製薬","東証およびＰＴＳ",,"確報",0,1700,11900,200,1900,11900,0,0,4424250,30969750,520500,4944750,30969750,0,,,0,0,523600,0,0,523600,7.3,6.1,3.5,4.4,21.1,20.4,20.7
"2026/02/09","2026/02/12","4528","小野薬品工業","東証およびＰＴＳ",,"確報",300,2200,23500,200,2100,23500,0,764400,5605600,59878000,509600,5350800,59878000,0,,,0,0,1612900,0,0,1612900,9.4,10.7,6.5,8.1,13,10.1,11.3
"2026/02/09","2026/02/12","452A","ｉＳＳＰカバコ","東証およびＰＴＳ",,"確報",0,630,3630,0,0,0,3630,0,509040,2933040,0,0,0,2933040,,,0,0,34080,0,0,0,21.4,22.4,20.5,21.4,0,0,0
"2026/02/09","2026/02/12","4530","久光製薬","東証およびＰＴＳ",,"確報",100,0,4300,100,0,3200,1100,645000,0,27735000,645000,0,20640000,7095000,,,0,0,210000,0,0,155000,73.4,105.5,35.2,52.8,78,0,156
"2026/02/09","2026/02/12","4531","有機合成薬品工業","東証およびＰＴＳ",,"確報",12000,5300,73200,0,0,2800,70400,4836000,2135900,29499600,0,0,1128400,28371200,,,0,0,0,1529500,64400,0,22.4,15.8,33.5,21.5,0,0,0
"2026/02/09","2026/02/12","4534","持田製薬","東証およびＰＴＳ",,"確報",100,3300,11500,1000,0,16200,-4700,373000,12309000,42895000,3730000,0,60426000,-17531000,,,0,0,1176000,0,0,1216000,12.6,5.6,9,6.9,20.3,45.1,28
"2026/02/09","2026/02/12","4536","参天製薬","東証およびＰＴＳ",,"確報",5700,1500,14600,4400,100,14700,-100,10037700,2641500,25710600,7748400,176100,25886700,-176100,,,0,0,436800,0,0,436800,6.4,4.6,4.8,4.7,9.4,10.2,9.8
"2026/02/09","2026/02/12","4538","扶桑薬品工業","東証およびＰＴＳ",,"確報",0,0,2100,100,0,2100,0,0,0,4945500,235500,0,4945500,0,,,0,0,25200,0,0,24000,35.2,27,36,30.9,34.3,51.5,41.2
"2026/02/09","2026/02/12","4539","日本ケミファ","東証およびＰＴＳ",,"確報",0,0,1200,0,0,0,1200,0,0,2064000,0,0,0,2064000,,,0,0,24000,0,0,0,120,0,60,120,0,0,0
"2026/02/09","2026/02/12","453A","ｉＳ米債カバコ","東証およびＰＴＳ",,"確報",0,0,6840,0,0,0,6840,0,0,5447376,0,0,0,5447376,,,0,0,0,43092,0,0,106.6,0,53.3,106.6,0,0,0
"2026/02/09","2026/02/12","4540","ツムラ","東証およびＰＴＳ",,"確報",2400,0,8900,0,100,1700,7200,9830400,0,36454400,0,409600,6963200,29491200,,,0,0,0,650000,180000,0,14.9,10,21.2,13.6,14.3,86,24.6
"2026/02/09","2026/02/12","4543","テルモ","東証およびＰＴＳ",,"確報",2000,18100,85300,0,400,1500,83800,4160000,37648000,177424000,0,832000,3120000,174304000,,,0,0,3549000,0,0,66500,20.3,32.5,14.5,20,0,22.8,45.5
"2026/02/09","2026/02/12","4544","ＨＵグループＨＤ","東証およびＰＴＳ",,"確報",5000,5500,14100,5900,100,29600,-15500,16360000,17996000,46135200,19304800,327200,96851200,-50716000,,,0,0,861400,0,0,1404200,11.1,5.2,4.8,5,19.9,70.6,31
"2026/02/09","2026/02/12","4547","キッセイ薬品工業","東証およびＰＴＳ",,"確報",0,600,2600,0,400,3300,-700,0,2739000,11869000,0,1826000,15064500,-3195500,,,0,0,112000,0,0,129500,3.8,10.9,4.7,6.6,282,1.5,3.1
"2026/02/09","2026/02/12","4548","生化学工業","東証およびＰＴＳ",,"確報",33400,200,134400,33200,0,134400,0,22311200,133600,89779200,22177600,0,89779200,0,,,0,0,0,3036000,3036000,0,18.4,12.7,34.7,18.6,12.6,33.5,18.3
"2026/02/09","2026/02/12","4549","栄研化学","東証およびＰＴＳ",,"確報",200,1000,47500,800,100,66000,-18500,497200,2486000,118085000,1988800,248600,164076000,-45991000,,,0,0,1062600,0,0,1436600,44,18.3,66.3,28.7,50.3,112.8,69.6
"2026/02/09","2026/02/12","4552","ＪＣＲファーマ","東証およびＰＴＳ",,"確報",0,14800,147500,0,14800,147500,0,0,9590400,95580000,0,9590400,95580000,0,,,0,0,973800,0,0,973800,24.4,25.5,18.2,21.2,37,23.4,28.6
"2026/02/09","2026/02/12","4553","東和薬品","東証およびＰＴＳ",,"確報",2500,0,13600,10000,1600,19500,-5900,9212500,0,50116000,36850000,5896000,71857500,-21741500,,,0,0,555000,0,0,555000,7.4,7.6,23.4,11.4,3.8,11.5,5.7
"2026/02/09","2026/02/12","4554","富士製薬工業","東証およびＰＴＳ",,"確報",29100,32900,67800,0,3800,67800,0,63321600,71590400,147532800,0,8268800,147532800,0,,,0,0,71600,0,0,71600,5.5,3.2,5.9,4.2,5.1,15,7.6
"2026/02/09","2026/02/12","4556","カイノス","東証およびＰＴＳ",,"確報",100,0,900,0,0,0,900,160400,0,1443600,0,0,0,1443600,,,0,0,240000,0,0,0,31.3,47,23.5,31.3,0,0,0
"2026/02/09","2026/02/12","4558","中京医薬品","東証およびＰＴＳ",,"確報",200,3000,17800,0,0,0,17800,40800,612000,3631200,0,0,0,3631200,,,0,0,0,41200,0,0,10.6,12.8,9.1,10.6,0,0,0
"2026/02/09","2026/02/12","4559","ゼリア新薬工業","東証およびＰＴＳ",,"確報",1000,0,4600,500,0,500,4100,2178000,0,10018800,1089000,0,1089000,8929800,,,0,0,108000,0,0,0,2.6,2.9,4.6,3.5,1.6,1.4,1.5
"2026/02/09","2026/02/12","4563","アンジェス","東証およびＰＴＳ",,"確報",2100,260800,7641300,0,0,0,7641300,121800,15126400,443195400,0,0,0,443195400,,,0,0,0,0,0,0,111.3,177.3,81.1,111.3,0,0,0
"2026/02/09","2026/02/12","4564","オンコセラピサイエン","東証およびＰＴＳ",,"確報",20500,16700,2915600,143200,0,143200,2772400,410000,334000,58312000,2864000,0,2864000,55448000,,,0,0,0,0,0,0,34,30.1,64.9,41.1,1,21.7,2
"2026/02/09","2026/02/12","4565","ネクセラファーマ","東証およびＰＴＳ",,"確報",0,7000,143800,0,1200,45500,98300,0,6006000,123380400,0,1029600,39039000,84341400,,,0,0,4674800,0,0,1447700,9.1,8.3,6.9,7.6,34.7,54.5,42.4
"2026/02/09","2026/02/12","4568","第一三共","東証およびＰＴＳ",,"確報",4700,58700,628500,4200,1500,5400,623100,13874400,173282400,1855332000,12398400,4428000,15940800,1839391200,,,0,0,56647500,0,0,224100,19.6,58,13.7,22.2,1.2,0.5,0.7
"2026/02/09","2026/02/12","4569","杏林製薬","東証およびＰＴＳ",,"確報",600,0,16700,8500,0,29500,-12800,996600,0,27738700,14118500,0,48999500,-21260800,,,0,0,193200,0,0,252000,8.5,13,16.3,14.4,10.1,5.5,7.1
"2026/02/09","2026/02/12","456A","ＨＵＭＡＮ　ＭＡＤＥ","東証およびＰＴＳ",,"確報",0,200,12400,0,0,0,12400,0,758000,46996000,0,0,0,46996000,,,0,0,567000,0,0,0,19.3,18.4,20.4,19.3,0,0,0
"2026/02/09","2026/02/12","4570","免疫生物研究所","東証およびＰＴＳ",,"確報",100,600,89500,0,0,0,89500,153700,922200,137561500,0,0,0,137561500,,,0,0,1890000,0,0,0,47.3,138.2,28.5,47.3,0,0,0
"2026/02/09","2026/02/12","4571","ＮＡＮＯ","東証およびＰＴＳ",,"確報",0,3700,129900,0,0,0,129900,0,518000,18186000,0,0,0,18186000,,,0,0,133600,0,0,0,60.6,103.9,42.7,60.6,0,0,0
"2026/02/09","2026/02/12","4572","カルナバイオサイエ","東証およびＰＴＳ",,"確報",1500,0,34700,0,0,0,34700,442500,0,10236500,0,0,0,10236500,,,0,0,0,199200,0,0,39.6,31.5,53.2,39.6,0,0,0
"2026/02/09","2026/02/12","4574","大幸薬品","東証およびＰＴＳ",,"確報",0,11700,184800,8200,100,317700,-132900,0,3393000,53592000,2378000,29000,92133000,-38541000,,,0,0,589500,0,0,928800,30.6,36.6,8.7,14.1,81.8,181.7,112.8
"2026/02/09","2026/02/12","4575","キャンバス","東証およびＰＴＳ",,"確報",0,400,129500,0,0,0,129500,0,340800,110334000,0,0,0,110334000,,,0,0,0,909300,0,0,66.3,136.7,43.8,66.3,0,0,0
"2026/02/09","2026/02/12","4576","デウエスタンセラピテ","東証およびＰＴＳ",,"確報",3100,2900,359100,0,0,0,359100,310000,290000,35910000,0,0,0,35910000,,,0,0,717800,0,0,0,32,37.4,28,32,0,0,0
"2026/02/09","2026/02/12","4577","ダイト","東証およびＰＴＳ",,"確報",100,0,6300,8500,100,39300,-33000,135000,0,8505000,11475000,135000,53055000,-44550000,,,0,0,0,62000,309000,0,11.7,102.7,61.6,77,7.8,14.5,10.1
"2026/02/09","2026/02/12","4578","大塚ホールディングス","東証およびＰＴＳ",,"確報",0,1100,8000,800,100,5700,2300,0,10572100,76888000,7688800,961100,54782700,22105300,,,0,0,2429700,0,0,1335000,9.9,13.4,7.5,9.6,7.6,16.5,10.4
"2026/02/09","2026/02/12","4579","ラクオリア創薬","東証およびＰＴＳ",,"確報",0,4500,88900,0,0,0,88900,0,4531500,89522300,0,0,0,89522300,,,0,0,373600,0,0,0,89.3,234.3,55.1,89.3,0,0,0
"2026/02/09","2026/02/12","4582","シンバイオ製薬","東証およびＰＴＳ",,"確報",17200,14500,240800,0,0,0,240800,1479200,1247000,20708800,0,0,0,20708800,,,0,0,952400,0,0,0,35,33.7,36.5,35,0,0,0
"2026/02/09","2026/02/12","4583","カイオムバイオサイエ","東証およびＰＴＳ",,"確報",6500,12500,265000,0,0,0,265000,760500,1462500,31005000,0,0,0,31005000,,,0,0,1084000,0,0,0,56.2,107,38.1,56.2,0,0,0
"2026/02/09","2026/02/12","4584","キッズウェル・バイオ","東証およびＰＴＳ",,"確報",0,1200,312700,0,0,0,312700,0,294000,76611500,0,0,0,76611500,,,0,0,0,0,0,0,49.1,74.2,36.7,49.1,0,0,0
"2026/02/09","2026/02/12","4586","メドレックス","東証およびＰＴＳ",,"確報",6800,5300,354200,0,0,0,354200,768400,598900,40024600,0,0,0,40024600,,,0,0,352700,0,0,0,2.8,2.8,2.8,2.8,0,0,0
"2026/02/09","2026/02/12","4587","ペプチドリーム","東証およびＰＴＳ",,"確報",0,2800,100900,1100,0,5900,95000,0,4258800,153468900,1673100,0,8973900,144495000,,,0,0,466650,0,0,21600,24.3,72.5,23.5,35.5,3.4,4.6,3.9
"2026/02/09","2026/02/12","4588","オンコリスバイオ","東証およびＰＴＳ",,"確報",600,17400,154000,0,0,0,154000,1296000,37584000,332640000,0,0,0,332640000,,,0,0,49019600,0,0,0,26.6,22.7,32.1,26.6,0,0,0
"2026/02/09","2026/02/12","4591","リボミック","東証およびＰＴＳ",,"確報",500,0,514800,0,0,0,514800,41500,0,42728400,0,0,0,42728400,,,0,0,514300,0,0,0,28.3,38.2,22.4,28.3,0,0,0
"2026/02/09","2026/02/12","4592","サンバイオ","東証およびＰＴＳ",,"確報",0,3800,298600,0,0,0,298600,0,7132600,560472200,0,0,0,560472200,,,0,0,6955200,0,0,0,113.6,114.5,112.7,113.6,0,0,0
"2026/02/09","2026/02/12","4593","ヘリオス","東証およびＰＴＳ",,"確報",26700,16000,1212300,10700,0,1212300,0,9772200,5856000,443701800,3916200,0,443701800,0,,,0,0,3604800,0,0,3604800,61.4,40.9,34.4,37.4,287.9,122.9,172.3
"2026/02/09","2026/02/12","4594","ブライトパス・バイオ","東証およびＰＴＳ",,"確報",25800,6300,1400100,0,0,0,1400100,1806000,441000,98007000,0,0,0,98007000,,,0,0,2761200,0,0,0,39.1,51.2,31.6,39.1,0,0,0
"2026/02/09","2026/02/12","4595","ミズホメディー","東証およびＰＴＳ",,"確報",0,0,4200,0,0,0,4200,0,0,7522200,0,0,0,7522200,,,0,0,0,25200,0,0,33.7,0,16.8,33.7,0,0,0
"2026/02/09","2026/02/12","4596","窪田製薬ＨＤ","東証およびＰＴＳ",,"確報",22400,95500,390200,0,0,0,390200,3920000,16712500,68285000,0,0,0,68285000,,,0,0,12509100,0,0,0,8,9.7,6.9,8,0,0,0
"2026/02/09","2026/02/12","4597","ソレイジア・ファーマ","東証およびＰＴＳ",,"確報",49000,18600,1432300,5000,5200,1057200,375100,1470000,558000,42969000,150000,156000,31716000,11253000,,,0,0,0,0,0,0,46.3,101.8,26.7,42.3,45.3,66.7,54
"2026/02/09","2026/02/12","4598","ＤＥＬＴＡ－Ｐ","東証およびＰＴＳ",,"確報",0,2000,108700,0,0,0,108700,0,436000,23696600,0,0,0,23696600,,,0,0,0,110700,0,0,62.9,97.5,46.4,62.9,0,0,0
"2026/02/09","2026/02/12","4599","ステムリム","東証およびＰＴＳ",,"確報",0,1300,15900,0,0,0,15900,0,371800,4547400,0,0,0,4547400,,,0,0,17200,0,0,0,52.4,58,47.8,52.4,0,0,0
"2026/02/09","2026/02/12","459A","野村高利回りＪリート","東証およびＰＴＳ",,"確報",0,0,15,0,0,0,15,0,0,172500,0,0,0,172500,,,0,0,0,2475,0,0,19,0,9.5,19,0,0,0
"2026/02/09","2026/02/12","460A","ＢＲＡＮＵ","東証およびＰＴＳ",,"確報",0,600,10100,0,0,0,10100,0,571200,9615200,0,0,0,9615200,,,0,0,74900,0,0,0,19.5,273,10.1,19.5,0,0,0
"2026/02/09","2026/02/12","4611","大日本塗料","東証およびＰＴＳ",,"確報",3900,0,15100,4300,300,15200,-100,5608200,0,21713800,6183400,431400,21857600,-143800,,,0,0,33600,0,0,33600,10.9,6.1,18.6,9.2,7.6,50.7,13.3
"2026/02/09","2026/02/12","4612","日本ペイントＨＤ","東証およびＰＴＳ",,"確報",0,3200,94700,0,1000,58200,36500,0,3360000,99435000,0,1050000,61110000,38325000,,,0,0,0,0,0,0,27.8,157.9,10.4,19.6,147,98,117.6
"2026/02/09","2026/02/12","4613","関西ペイント","東証およびＰＴＳ",,"確報",7900,700,10700,700,800,4600,6100,20626900,1827700,27937700,1827700,2088800,12010600,15927100,,,0,0,0,78750,105750,0,4.1,2.1,4.4,2.8,6.5,13.9,8.9
"2026/02/09","2026/02/12","4615","神東塗料","東証およびＰＴＳ",,"確報",27200,800,75800,0,0,0,75800,3400000,100000,9475000,0,0,0,9475000,,,0,0,0,49400,0,0,11.5,7.8,21.9,11.5,0,0,0
"2026/02/09","2026/02/12","4616","川上塗料","東証およびＰＴＳ",,"確報",100,0,500,0,0,0,500,196100,0,980500,0,0,0,980500,,,0,0,0,9200,0,0,42,21,0,42,0,0,0
"2026/02/09","2026/02/12","4617","中国塗料","東証およびＰＴＳ",,"確報",44300,1000,104100,500,4800,8300,95800,179858000,4060000,422646000,2030000,19488000,33698000,388948000,,,0,0,0,1520000,315000,0,5.2,3.8,10,5.5,2.3,3.8,2.8
"2026/02/09","2026/02/12","4619","日本特殊塗料","東証およびＰＴＳ",,"確報",0,300,9300,0,0,0,9300,0,729600,22617600,0,0,0,22617600,,,0,0,0,28800,0,0,59.8,68.1,59.6,63.6,0,1,2
"2026/02/09","2026/02/12","461A","ＭＸ日株高配ＳＭＡＲ","東証およびＰＴＳ",,"確報",290,0,320,0,0,0,320,707600,0,780800,0,0,0,780800,,,0,0,330,0,0,0,2.4,1.4,10.3,2.4,0,0,0
"2026/02/09","2026/02/12","4620","藤倉化成","東証およびＰＴＳ",,"確報",34800,1000,625600,2500,0,103900,521700,30798000,885000,553656000,2212500,0,91951500,461704500,,,0,0,15386800,0,0,2636400,6.8,3.2,31.4,5.8,14,469.2,27.2
"2026/02/09","2026/02/12","4623","アサヒペン","東証およびＰＴＳ",,"確報",0,0,3400,0,0,0,3400,0,0,5943200,0,0,0,5943200,,,0,0,30600,0,0,0,0,0,0,0,0,0,0
"2026/02/09","2026/02/12","4624","イサム塗料","東証およびＰＴＳ",,"確報",0,0,0,0,0,0,0,0,0,0,0,0,0,0,,,0,0,0,0,0,0,2.7,4,2,2.7,0,0,0
"2026/02/09","2026/02/12","4625","アトミクス","東証およびＰＴＳ",,"確報",0,500,6200,0,0,0,6200,0,396000,4910400,0,0,0,4910400,,,0,0,301500,0,0,0,132,0,66,132,0,0,0
"2026/02/09","2026/02/12","4626","太陽ホールディングス","東証およびＰＴＳ",,"確報",300,16300,44300,1700,100,88500,-44200,1642500,89242500,242542500,9307500,547500,484537500,-241995000,,,0,0,12663000,0,0,18249000,22.2,19.6,10,13.3,29.7,71,41.9
"2026/02/09","2026/02/12","4627","ナトコ","東証およびＰＴＳ",,"確報",1000,0,1000,0,0,0,1000,1590000,0,1590000,0,0,0,1590000,,,0,0,0,0,0,0,2,1,0,2,0,0,0
"2026/02/09","2026/02/12","4628","エスケー化研","東証およびＰＴＳ",,"確報",0,0,200,0,0,0,200,0,0,2278000,0,0,0,2278000,,,0,0,0,0,0,0,0,0,0,0,0,0,0
"2026/02/09","2026/02/12","4629","大伸化学","東証およびＰＴＳ",,"確報",0,200,1900,0,0,0,1900,0,347600,3302200,0,0,0,3302200,,,0,0,23100,0,0,0,54,0,27,54,0,0,0
"2026/02/09","2026/02/12","462A","ＦＵＮＤＩＮＮＯ","東証およびＰＴＳ",,"確報",1800,400,43700,0,0,0,43700,1681200,373600,40815800,0,0,0,40815800,,,0,0,0,1861200,0,0,27.1,46.6,19.1,27.1,0,0,0
"2026/02/09","2026/02/12","4631","ＤＩＣ","東証およびＰＴＳ",,"確報",1200,1200,9800,0,0,700,9100,4858800,4858800,39680200,0,0,2834300,36845900,,,0,0,774200,0,0,55300,11.3,32.7,6.5,10.8,35,0,70
"2026/02/09","2026/02/12","4633","サカタインクス","東証およびＰＴＳ",,"確報",0,400,26100,0,0,0,26100,0,984400,64232100,0,0,0,64232100,,,0,0,954000,0,0,0,17.8,11.2,43.6,17.8,0,0,0
"2026/02/09","2026/02/12","4634","ａｒｔｉｅｎｃｅ","東証およびＰＴＳ",,"確報",200,300,4200,100,200,4200,0,779000,1168500,16359000,389500,779000,16359000,0,,,0,0,236500,0,0,236500,10.5,6.9,7.2,7,19.7,21.5,20.5
"2026/02/09","2026/02/12","4635","東京インキ","東証およびＰＴＳ",,"確報",1900,2500,5300,0,0,0,5300,3420000,4500000,9540000,0,0,0,9540000,,,0,0,1622500,0,0,0,11.6,12.6,10.7,11.6,0,0,0
"2026/02/09","2026/02/12","463A","インテリックスＨＤ","東証およびＰＴＳ",,"確報",0,1100,6700,0,0,0,6700,0,1061500,6465500,0,0,0,6465500,,,0,0,23400,0,0,0,25.5,25.5,25.5,25.5,0,0,0
"2026/02/09","2026/02/12","4641","アルプス技研","東証およびＰＴＳ",,"確報",0,0,6500,0,100,2200,4300,0,0,17446000,0,268400,5904800,11541200,,,0,0,292500,0,0,103500,147,0,0,0,58,29,38.7
"2026/02/09","2026/02/12","4642","オリジナル設計","東証およびＰＴＳ",,"確報",0,0,1800,0,0,0,1800,0,0,2757600,0,0,0,2757600,,,0,0,75600,0,0,0,32,0,16,32,0,0,0
"2026/02/09","2026/02/12","4644","イマジニア","東証およびＰＴＳ",,"確報",0,200,1900,0,0,1200,700,0,218200,2072900,0,0,1309200,763700,,,0,0,27300,0,0,15600,36.9,25.5,34,29.1,0,32,64
"2026/02/09","2026/02/12","4645","市進ホールディングス","東証およびＰＴＳ",,"確報",0,100,100,0,0,0,100,0,45100,45100,0,0,0,45100,,,0,0,400,0,0,0,18,0,9,18,0,0,0
"2026/02/09","2026/02/12","464A","ＱＰＳＨＤ","東証およびＰＴＳ",,"確報",13100,12300,741900,800,0,741900,0,26828800,25190400,1519411200,1638400,0,1519411200,0,,,0,0,20750800,0,0,20750800,6.9,3.5,3.4,3.5,2850.9,0,5701.8
"2026/02/09","2026/02/12","4650","ＳＤエンター","東証およびＰＴＳ",,"確報",0,0,3500,0,0,0,3500,0,0,1043000,0,0,0,1043000,,,0,0,7000,0,0,0,176,176,176,176,0,0,0
"2026/02/09","2026/02/12","4651","サニックスＨＤ","東証およびＰＴＳ",,"確報",0,100,51800,0,1000,8900,42900,0,22400,11603200,0,224000,1993600,9609600,,,0,0,0,51900,9900,0,12.7,17.8,9.3,12.2,13.2,19.8,15.9
"2026/02/09","2026/02/12","4657","環境管理センター","東証およびＰＴＳ",,"確報",300,0,3800,0,0,0,3800,139200,0,1763200,0,0,0,1763200,,,0,0,0,24500,0,0,7.7,7.3,8.2,7.7,0,0,0
"2026/02/09","2026/02/12","4658","日本空調サービス","東証およびＰＴＳ",,"確報",0,1200,39200,0,1200,39200,0,0,1729200,56487200,0,1729200,56487200,0,,,0,0,161600,0,0,161600,13.2,21.2,9.1,12.7,25.2,9.5,13.8
"2026/02/09","2026/02/12","4659","エイジス","東証およびＰＴＳ",,"確報",0,0,300,0,0,0,300,0,0,883500,0,0,0,883500,,,0,0,900,0,0,0,0,0,0,0,0,0,0
"2026/02/09","2026/02/12","465A","ＧＸ日経株主還元","東証およびＰＴＳ",,"確報",3050,0,6543,0,0,0,6543,3690500,0,7917030,0,0,0,7917030,,,0,0,80339,0,0,0,10,5.4,68.9,10,0,0,0
"2026/02/09","2026/02/12","4661","オリエンタルランド","東証およびＰＴＳ",,"確報",1100,14300,351500,15400,1000,58100,293400,3027750,39360750,967503750,42388500,2752500,159920250,807583500,,,0,0,0,729400,87400,0,25.6,39.4,27.2,32.2,8.8,12.1,10.2
"2026/02/09","2026/02/12","4662","フォーカスシステムズ","東証およびＰＴＳ",,"確報",0,1800,16800,0,0,0,16800,0,3177000,29652000,0,0,0,29652000,,,0,0,148800,0,0,0,2.2,2.3,2.2,2.2,0,0,0
"2026/02/09","2026/02/12","4664","アール・エス・シー","東証およびＰＴＳ",,"確報",0,300,10100,0,0,0,10100,0,301200,10140400,0,0,0,10140400,,,0,0,10400,0,0,0,32.4,32.4,32.4,32.4,0,0,0
"2026/02/09","2026/02/12","4665","ダスキン","東証およびＰＴＳ",,"確報",2200,100,5700,4300,0,51500,-45800,9471000,430500,24538500,18511500,0,221707500,-197169000,,,0,0,0,75600,991200,0,19.7,4.8,22.9,8,12.7,88.4,22.2
"2026/02/09","2026/02/12","4666","パーク二四","東証およびＰＴＳ",,"確報",900,2100,41500,4600,0,8800,32700,1969200,4594800,90802000,10064800,0,19254400,71547600,,,0,0,1772050,0,0,174300,17.8,29.3,59.3,39.2,3.4,4.9,4
"2026/02/09","2026/02/12","4667","アイサンテクノロジー","東証およびＰＴＳ",,"確報",0,0,8700,0,0,0,8700,0,0,17887200,0,0,0,17887200,,,0,0,452400,0,0,0,15.7,45.4,9.5,15.7,0,0,0
"2026/02/09","2026/02/12","4668","明光ネットワクジャパ","東証およびＰＴＳ",,"確報",0,100,1300,0,400,6500,-5200,0,72100,937300,0,288400,4686500,-3749200,,,0,0,0,0,0,0,1.4,5,0.2,0.3,25.8,21,23.2
"2026/02/09","2026/02/12","466A","ＧＸ防衛テック","東証およびＰＴＳ",,"確報",0,9481,91084,0,0,0,91084,0,11348757,109027548,0,0,0,109027548,,,0,0,0,502825,0,0,16.9,16.1,17.8,16.9,0,0,0
"2026/02/09","2026/02/12","4671","ファルコＨＤ","東証およびＰＴＳ",,"確報",100,100,1900,0,200,2200,-300,268300,268300,5097700,0,536600,5902600,-804900,,,0,0,15200,0,0,19200,7.4,3.9,3.2,3.5,0,39.7,79.3
"2026/02/09","2026/02/12","4673","川崎地質","東証およびＰＴＳ",,"確報",0,100,1900,0,0,0,1900,0,472000,8968000,0,0,0,8968000,,,0,0,100000,0,0,0,11.8,100,6.3,11.8,0,0,0
"2026/02/09","2026/02/12","4674","クレスコ","東証およびＰＴＳ",,"確報",0,100,12300,300,0,3300,9000,0,161200,19827600,483600,0,5319600,14508000,,,0,0,669600,0,0,162000,11,14,45.2,21.3,2,4.1,2.7
"2026/02/09","2026/02/12","4676","フジ・メディア・ＨＤ","東証およびＰＴＳ",,"確報",1300,5100,123600,0,0,0,123600,4716400,18502800,448420800,0,0,0,448420800,,,0,0,20638800,0,0,0,2.2,1.9,2.6,2.2,0,0,0
"2026/02/09","2026/02/12","4678","秀英予備校","東証およびＰＴＳ",,"確報",0,0,2300,0,2300,7900,-5600,0,0,740600,0,740600,2543800,-1803200,,,0,0,9200,0,0,40800,37.4,121,40.3,60.5,95.4,20.7,34.1
"2026/02/09","2026/02/12","4679","田谷","東証およびＰＴＳ",,"確報",0,100,2300,0,0,0,2300,0,37100,853300,0,0,0,853300,,,0,0,0,33600,0,0,20.8,41.7,13.9,20.8,0,0,0
"2026/02/09","2026/02/12","467A","ＧＸＵＳ社債Ｈ","東証およびＰＴＳ",,"確報",0,0,340,0,0,0,340,0,0,101660,0,0,0,101660,,,0,0,0,102,0,0,0,0,0,0,0,0,0
"2026/02/09","2026/02/12","4680","ラウンドワン","東証およびＰＴＳ",,"確報",4500,700,172300,0,0,100,172200,4936500,767900,189013100,0,0,109700,188903400,,,0,0,0,252750,150,0,63.2,74.1,55,63.1,0,0,0
"2026/02/09","2026/02/12","4681","リゾートトラスト","東証およびＰＴＳ",,"確報",200,1300,15400,0,1100,15400,0,364200,2367300,28043400,0,2003100,28043400,0,,,0,0,503250,0,0,503250,1.3,2.1,2.5,2.2,1.3,1.1,1.2
"2026/02/09","2026/02/12","4684","オービック","東証およびＰＴＳ",,"確報",0,14200,44800,0,0,0,44800,0,54442800,171763200,0,0,0,171763200,,,0,0,1947000,0,0,0,7.8,7.5,8.2,7.8,0,0,0
"2026/02/09","2026/02/12","4685","菱友システムズ","東証およびＰＴＳ",,"確報",200,800,12200,0,0,0,12200,707000,2828000,43127000,0,0,0,43127000,,,0,0,768000,0,0,0,17.7,11.1,42.8,17.7,0,0,0
"2026/02/09","2026/02/12","4686","ジャストシステム","東証およびＰＴＳ",,"確報",3500,2700,29000,1000,200,29000,0,14735000,11367000,122090000,4210000,842000,122090000,0,,,0,0,0,2679000,2679000,0,32.6,20.3,28.1,23.6,39,82.5,52.9
"2026/02/09","2026/02/12","4687","ＴＤＣソフト","東証およびＰＴＳ",,"確報",100,400,2400,800,2600,800,1600,110400,441600,2649600,883200,2870400,883200,1766400,,,0,0,0,43200,41600,0,3.8,6.9,2.7,3.9,8.7,2.4,3.7
"2026/02/09","2026/02/12","4689","ＬＩＮＥヤフー","東証およびＰＴＳ",,"確報",9500,51200,1068600,93200,11300,202500,866100,4030850,21724160,453406980,39544760,4794590,85920750,367486230,,,0,0,1221330,0,0,132660,17.6,75.3,14.1,23.8,2.1,24.4,3.8
"2026/02/09","2026/02/12","468A","ＧＸＵＳ社債","東証およびＰＴＳ",,"確報",0,0,0,0,0,0,0,0,0,0,0,0,0,0,,,0,0,0,0,0,0,0,0,0,0,0,0,0
"2026/02/09","2026/02/12","4690","日本パレットプール","東証およびＰＴＳ",,"確報",100,0,3700,0,0,0,3700,250800,0,9279600,0,0,0,9279600,,,0,0,0,32400,0,0,7.3,8.1,6.7,7.3,0,0,0
"2026/02/09","2026/02/12","4691","ワシントンホテル","東証およびＰＴＳ",,"確報",0,100,8100,0,0,0,8100,0,130000,10530000,0,0,0,10530000,,,0,0,41000,0,0,0,136.7,136.7,136.7,136.7,0,0,0
"2026/02/09","2026/02/12","4694","ビー・エム・エル","東証およびＰＴＳ",,"確報",100,1400,1800,600,4100,37200,-35400,412000,5768000,7416000,2472000,16892000,153264000,-145848000,,,0,0,232500,0,0,3052500,26.3,11.6,4.1,6.1,38.1,35.4,36.7
"2026/02/09","2026/02/12","469A","フィットクルー","東証およびＰＴＳ",,"確報",0,900,7000,0,0,0,7000,0,2241900,17437000,0,0,0,17437000,,,0,0,0,189600,0,0,24.5,49,16.3,24.5,0,0,0
"2026/02/09","2026/02/12","4704","トレンドマイクロ","東証およびＰＴＳ",,"確報",0,1800,52200,0,0,300,51900,0,10303200,298792800,0,0,1717200,297075600,,,0,0,6750000,0,0,37500,28,27.1,32,29.4,4,4,4
"2026/02/09","2026/02/12","4705","クリップコーポ","東証およびＰＴＳ",,"確報",0,0,0,0,0,0,0,0,0,0,0,0,0,0,,,0,0,0,0,0,0,0,0,0,0,0,0,0
"2026/02/09","2026/02/12","4707","キタック","東証およびＰＴＳ",,"確報",100,0,6100,0,0,0,6100,34500,0,2104500,0,0,0,2104500,,,0,0,6000,0,0,0,10.5,11.5,9.6,10.5,0,0,0
"2026/02/09","2026/02/12","4709","ＩＤホールディングス","東証およびＰＴＳ",,"確報",0,0,7600,0,100,2400,5200,0,0,14903600,0,196100,4706400,10197200,,,0,0,98800,0,0,32500,40.6,53.3,41.4,46.6,135,16.9,30
"2026/02/09","2026/02/12","4712","ＫｅｙＨｏｌｄｅｒ","東証およびＰＴＳ",,"確報",300,0,8300,0,0,0,8300,217500,0,6017500,0,0,0,6017500,,,0,0,0,0,0,0,268.7,134.3,0,268.7,0,0,0
"2026/02/09","2026/02/12","4714","リソー教育グループ","東証およびＰＴＳ",,"確報",12100,16000,311000,1600,5500,311000,0,2528900,3344000,64999000,334400,1149500,64999000,0,,,0,0,0,314900,314900,0,31.6,17,39.1,23.7,26.5,231.6,47.6
"2026/02/09","2026/02/12","4716","日本オラクル","東証およびＰＴＳ",,"確報",900,600,8000,300,0,8000,0,8673300,5782200,77096000,2891100,0,77096000,0,,,0,0,2040500,0,0,2040500,8.1,10.2,8.2,9.1,4.3,16.3,6.8
"2026/02/09","2026/02/12","4718","早稲田アカデミー","東証およびＰＴＳ",,"確報",0,1300,12000,700,0,19000,-7000,0,2653300,24492000,1428700,0,38779000,-14287000,,,0,0,571900,0,0,786900,17.7,14.3,25.6,18.4,20.6,14.9,17.3
"2026/02/09","2026/02/12","4719","アルファシステムズ","東証およびＰＴＳ",,"確報",200,100,1000,100,0,1000,0,751000,375500,3755000,375500,0,3755000,0,,,0,0,63000,0,0,63000,9.4,5.2,5.9,5.5,23.5,47,31.3
"2026/02/09","2026/02/12","471A","ＮＳ　グループ","東証およびＰＴＳ",,"確報",0,500,9200,0,0,0,9200,0,745000,13708000,0,0,0,13708000,,,0,0,0,48500,0,0,15,494,7.6,15,0,0,0
"2026/02/09","2026/02/12","4720","城南進学研究社","東証およびＰＴＳ",,"確報",2500,100,8300,0,0,0,8300,710000,28400,2357200,0,0,0,2357200,,,0,0,5900,0,0,0,18.6,12.5,36.1,18.6,0,0,0
"2026/02/09","2026/02/12","4722","フューチャー","東証およびＰＴＳ",,"確報",4700,400,13000,8700,100,13000,0,8474100,721200,23439000,15686100,180300,23439000,0,,,0,0,182700,0,0,92400,3.8,3.2,10.5,4.9,2,5.3,2.9
"2026/02/09","2026/02/12","4725","ＣＡＣＨＤ","東証およびＰＴＳ",,"確報",300,1600,22900,1700,0,43200,-20300,603000,3216000,46029000,3417000,0,86832000,-40803000,,,0,0,992200,0,0,1701500,40.2,40.4,20.5,27.2,37.6,117.1,57
"2026/02/09","2026/02/12","4728","トーセ","東証およびＰＴＳ",,"確報",0,300,700,0,0,0,700,0,196500,458500,0,0,0,458500,,,0,0,0,0,0,0,19.2,48,12,19.2,0,0,0
"2026/02/09","2026/02/12","472A","ミラティブ","東証およびＰＴＳ",,"確報",0,900,4200,0,0,0,4200,0,628200,2931600,0,0,0,2931600,,,0,0,5100,0,0,0,6,39.3,3.3,6,0,0,0
"2026/02/09","2026/02/12","4732","ユー・エス・エス","東証およびＰＴＳ",,"確報",0,800,6500,300,600,5100,1400,0,1385600,11258000,519600,1039200,8833200,2424800,,,0,0,40150,0,0,29700,22.3,19.4,24.9,21.8,16.5,37.7,23
"2026/02/09","2026/02/12","4733","オービックＢＣ","東証およびＰＴＳ",,"確報",400,1200,8800,0,0,0,8800,2416800,7250400,53169600,0,0,0,53169600,,,0,0,556800,0,0,0,6.4,5.4,7.8,6.4,0,0,0
"2026/02/09","2026/02/12","4735","京進","東証およびＰＴＳ",,"確報",0,0,1700,0,0,0,1700,0,0,527000,0,0,0,527000,,,0,0,0,6800,0,0,0,0,0,0,0,0,0
"2026/02/09","2026/02/12","4736","日本ラッド","東証およびＰＴＳ",,"確報",0,0,10100,0,0,0,10100,0,0,6292300,0,0,0,6292300,,,0,0,0,0,0,0,146.3,512,85.3,146.3,0,0,0
"2026/02/09","2026/02/12","473A","ＮＡＭ日経２２５イン","東証およびＰＴＳ",,"確報",10,0,700,0,0,0,700,11320,0,792400,0,0,0,792400,,,0,0,28290,0,0,0,138.6,138.6,138.6,138.6,0,0,0
"2026/02/09","2026/02/12","4743","アイティフォー","東証およびＰＴＳ",,"確報",0,600,2600,400,0,2600,0,0,1011000,4381000,674000,0,4381000,0,,,0,0,64000,0,0,44000,18.5,27.5,13.8,18.3,12.6,37.7,18.8
"2026/02/09","2026/02/12","4746","東計電算","東証およびＰＴＳ",,"確報",800,0,3400,100,0,1600,1800,3400000,0,14450000,425000,0,6800000,7650000,,,0,0,221000,0,0,127500,7.2,12.2,4.5,6.6,21.8,5.4,8.7
"2026/02/09","2026/02/12","4750","ダイサン","東証およびＰＴＳ",,"確報",0,0,2500,0,0,700,1800,0,0,1500000,0,0,420000,1080000,,,0,0,2500,0,0,700,110,0,64.5,129,0,36,72
"2026/02/09","2026/02/12","4751","サイバーエージェント","東証およびＰＴＳ",,"確報",4900,16700,210500,12900,0,14400,196100,6656650,22686950,285964250,17524650,0,19562400,266401850,,,0,0,24453000,0,0,165000,14.2,11.3,26.6,15.9,1.5,8.1,2.5
"2026/02/09","2026/02/12","4752","昭和システム","東証およびＰＴＳ",,"確報",0,0,0,0,0,0,0,0,0,0,0,0,0,0,,,0,0,0,0,0,0,0,0,0,0,0,0,0
"2026/02/09","2026/02/12","4754","トスネット","東証およびＰＴＳ",,"確報",0,0,0,0,0,0,0,0,0,0,0,0,0,0,,,0,0,0,0,0,0,0,0,0,0,0,0,0
"2026/02/09","2026/02/12","4755","楽天グループ","東証およびＰＴＳ",,"確報",500,172500,2202300,18100,13200,68200,2134100,475550,164064750,2094607530,17214910,12554520,64865020,2029742510,,,0,0,18519540,0,0,493740,22.7,49.6,15.3,23.3,8,16.6,10.8
"2026/02/09","2026/02/12","475A","ギミック","東証およびＰＴＳ",,"確報",100,1100,3700,0,0,0,3700,112800,1240800,4173600,0,0,0,4173600,,,0,0,126900,0,0,0,9.3,8.5,10.3,9.3,0,0,0
"2026/02/09","2026/02/12","4760","アルファ","東証およびＰＴＳ",,"確報",0,0,1900,0,0,0,1900,0,0,3057100,0,0,0,3057100,,,0,0,19000,0,0,0,89,44.5,0,89,0,0,0
"2026/02/09","2026/02/12","4761","さくらケーシーエス","東証およびＰＴＳ",,"確報",0,0,3800,0,0,0,3800,0,0,4712000,0,0,0,4712000,,,0,0,38000,0,0,0,63.7,191,38.2,63.7,0,0,0
"2026/02/09","2026/02/12","4762","エックスネット","東証およびＰＴＳ",,"確報",0,100,400,0,0,0,400,0,152200,608800,0,0,0,608800,,,0,0,0,8500,0,0,21,21,21,21,0,0,0
"2026/02/09","2026/02/12","4763","クリーク＆リバー社","東証およびＰＴＳ",,"確報",0,4100,25300,0,0,0,25300,0,6113100,37722300,0,0,0,37722300,,,0,0,58800,0,0,0,38.3,149.4,22,38.3,0,0,0
"2026/02/09","2026/02/12","4765","ＳＢＩＧアセットＭ","東証およびＰＴＳ",,"確報",5600,800,185900,800,0,17300,168600,3483200,497600,115629800,497600,0,10760600,104869200,,,0,0,181100,0,0,16500,24.1,16.9,124.4,29.8,10.8,7.8,9.1
"2026/02/09","2026/02/12","4766","ピーエイ","東証およびＰＴＳ",,"確報",0,300,5500,0,0,0,5500,0,82800,1518000,0,0,0,1518000,,,0,0,17400,0,0,0,62.2,70,56,62.2,0,0,0
"2026/02/09","2026/02/12","4767","テーオーダブリュー","東証およびＰＴＳ",,"確報",500,0,48700,0,0,0,48700,187500,0,18262500,0,0,0,18262500,,,0,0,48200,0,0,0,270.8,406.2,203.1,270.8,0,0,0
"2026/02/09","2026/02/12","4768","大塚商会","東証およびＰＴＳ",,"確報",1000,1100,5800,600,1200,5300,500,3017000,3318700,17498600,1810200,3620400,15990100,1508500,,,0,0,29500,0,0,29500,1.6,1.4,1.3,1.4,1.9,2,2
"2026/02/09","2026/02/12","4769","ＩＣ","東証およびＰＴＳ",,"確報",100,0,100,0,0,0,100,105500,0,105500,0,0,0,105500,,,0,0,0,0,0,0,2,1,0,2,0,0,0
"2026/02/09","2026/02/12","476A","辻・本郷ＩＴコンサル","東証およびＰＴＳ",,"確報",0,100,1600,0,0,0,1600,0,201900,3230400,0,0,0,3230400,,,0,0,6800,0,0,0,8.2,43,4.5,8.2,0,0,0
"2026/02/09","2026/02/12","4771","エフアンドエム","東証およびＰＴＳ",,"確報",5400,0,13700,5400,0,13700,0,12187800,0,30920900,12187800,0,30920900,0,,,0,0,41500,0,0,41500,11.1,7.4,24.5,11.4,7.1,21.4,10.7
"2026/02/09","2026/02/12","4772","ＳＭ　ＥＮＴＥＲ","東証およびＰＴＳ",,"確報",1000,1400,75500,0,0,0,75500,102000,142800,7701000,0,0,0,7701000,,,0,0,0,75900,0,0,27.5,15.2,145.6,27.5,0,0,0
"2026/02/09","2026/02/12","4776","サイボウズ","東証およびＰＴＳ",,"確報",3200,300,103000,1400,0,36300,66700,6816000,639000,219390000,2982000,0,77319000,142071000,,,0,0,1701700,0,0,593300,14,23.6,23,23.3,2.1,24.7,3.8
"2026/02/09","2026/02/12","4777","ガーラ","東証およびＰＴＳ",,"確報",0,0,15100,0,0,0,15100,0,0,3246500,0,0,0,3246500,,,0,0,15100,0,0,0,173.8,0,86.9,173.8,0,0,0
"2026/02/09","2026/02/12","477A","スタートライン","東証およびＰＴＳ",,"確報",700,0,277900,0,0,0,277900,480200,0,190639400,0,0,0,190639400,,,0,0,3880800,0,0,0,309.3,605.2,207.7,309.3,0,0,0
"2026/02/09","2026/02/12","4783","ＮＣＤ","東証およびＰＴＳ",,"確報",400,100,900,0,2500,2100,-1200,1368000,342000,3078000,0,8550000,7182000,-4104000,,,0,0,93000,0,0,713000,5.5,11.8,2.4,3.9,10.3,4.6,6.4
"2026/02/09","2026/02/12","4784","ＧＭＯインターネット","東証およびＰＴＳ",,"確報",2400,11800,744200,0,0,0,744200,1833600,9015200,568568800,0,0,0,568568800,,,0,0,3768000,0,0,0,6,6.5,5.6,6,0,0,0
"2026/02/09","2026/02/12","478A","フツパー","東証およびＰＴＳ",,"確報",100,100,53500,0,0,0,53500,104000,104000,55640000,0,0,0,55640000,,,0,0,0,160500,0,0,85.2,101.5,73.3,85.2,0,0,0
"2026/02/09","2026/02/12","4792","山田コンサルティング","東証およびＰＴＳ",,"確報",1100,0,6800,0,200,3000,3800,1868900,0,11553200,0,339800,5097000,6456200,,,0,0,17100,0,0,9600,24.5,16.1,41.4,23.2,58.7,17.6,27.1
"2026/02/09","2026/02/12","479A","ＰＲＯＮＩ","東証およびＰＴＳ",,"確報",78400,0,83300,0,0,0,83300,125910400,0,133779800,0,0,0,133779800,,,0,0,151900,0,0,0,1.6,1.2,2.7,1.6,0,0,0
"2026/02/09","2026/02/12","4800","オリコン","東証およびＰＴＳ",,"確報",100,500,27000,200,100,300,26700,90700,453500,24489000,181400,90700,272100,24216900,,,0,0,164400,0,0,1200,87.2,231,99,138.6,1.3,1.8,1.5
"2026/02/09","2026/02/12","4801","セントラルスポーツ","東証およびＰＴＳ",,"確報",0,0,1000,0,0,0,1000,0,0,2463000,0,0,0,2463000,,,0,0,0,11000,0,0,0,0,0,0,0,0,0
"2026/02/09","2026/02/12","4809","パラカ","東証およびＰＴＳ",,"確報",1300,0,7300,0,0,0,7300,2613000,0,14673000,0,0,0,14673000,,,0,0,0,264000,0,0,31.2,15.6,0,31.2,0,0,0
"2026/02/09","2026/02/12","480A","リブコンサル","東証およびＰＴＳ",,"確報",0,400,20900,0,0,0,20900,0,406400,21234400,0,0,0,21234400,,,0,0,298200,0,0,0,6.2,106.7,3.2,6.2,0,0,0
"2026/02/09","2026/02/12","4811","ドリーム・アーツ","東証およびＰＴＳ",,"確報",0,300,0,0,0,0,0,0,313500,0,0,0,0,0,,,0,0,0,2700,0,0,2.6,3.4,2.1,2.6,0,0,0
"2026/02/09","2026/02/12","4812","電通総研","東証およびＰＴＳ",,"確報",5600,8100,88600,1600,0,39300,49300,11967200,17309700,189338200,3419200,0,83984100,105354100,,,0,0,2915200,0,0,1206400,3.5,1.6,3.1,2.1,57.4,30.9,40.2
"2026/02/09","2026/02/12","4813","ＡＣＣＥＳＳ","東証およびＰＴＳ",,"確報",0,7800,203900,0,7800,203900,0,0,5015400,131107700,0,5015400,131107700,0,,,0,0,3175500,0,0,3175500,26.2,687.9,13.1,25.7,9999.9,13.4,26.7
"2026/02/09","2026/02/12","4814","ネクストウェア","東証およびＰＴＳ",,"確報",1000,1800,94500,0,0,0,94500,196000,352800,18522000,0,0,0,18522000,,,0,0,381200,0,0,0,15,31.4,9.8,15,0,0,0
"2026/02/09","2026/02/12","4816","東映アニメーション","東証およびＰＴＳ",,"確報",0,1900,23800,2600,100,10700,13100,0,5017900,62855800,6866600,264100,28258700,34597100,,,0,0,0,25700,8200,0,14.9,57.4,12.3,20.2,7.9,8.9,8.4
"2026/02/09","2026/02/12","4819","デジタルガレージ","東証およびＰＴＳ",,"確報",700,1400,17000,200,900,17000,0,1603700,3207400,38947000,458200,2061900,38947000,0,,,0,0,17700,0,0,17700,14.1,8.8,20.3,12.3,10.8,34.8,16.4
"2026/02/09","2026/02/12","4820","イーエムシステムズ","東証およびＰＴＳ",,"確報",0,11200,47500,13100,0,83200,-35700,0,8276800,35102500,9680900,0,61484800,-26382300,,,0,0,528300,0,0,630900,14.7,11.4,14.1,12.6,8.5,0,17
"2026/02/09","2026/02/12","4825","ウェザーニューズ","東証およびＰＴＳ",,"確報",1000,1300,42400,100,400,42400,0,4080000,5304000,172992000,408000,1632000,172992000,0,,,0,0,1708000,0,0,1708000,42.1,29.8,35.4,32.3,52.2,71.9,60.5
"2026/02/09","2026/02/12","4826","シー・アイ・ジェイ","東証およびＰＴＳ",,"確報",8300,2500,135000,0,100,68900,66100,4150000,1250000,67500000,0,50000,34450000,33050000,,,0,0,904400,0,0,483000,20.9,28.7,85.8,43,10.3,9.9,10.1
"2026/02/09","2026/02/12","4828","ビーエンジ","東証およびＰＴＳ",,"確報",2900,300,8900,7100,0,8900,0,3938200,407400,12086200,9641800,0,12086200,0,,,0,0,289800,0,0,82800,3.4,5.6,2.8,3.7,4.4,2.3,3
"2026/02/09","2026/02/12","4829","日本エンタープライズ","東証およびＰＴＳ",,"確報",0,12700,27600,0,0,1500,26100,0,1511300,3284400,0,0,178500,3105900,,,0,0,120900,0,0,4500,15,69.3,12.4,21,0,2.6,5.2
"2026/02/09","2026/02/12","4832","ＪＦＥシステムズ","東証およびＰＴＳ",,"確報",0,100,3400,0,0,0,3400,0,210700,7163800,0,0,0,7163800,,,0,0,56000,0,0,0,86,86,86,86,0,0,0
"2026/02/09","2026/02/12","4833","Ｄｅｆコンサル","東証およびＰＴＳ",,"確報",70300,185500,1845800,0,0,0,1845800,5483400,14469000,143972400,0,0,0,143972400,,,0,0,0,9805000,0,0,9.5,7.1,14.5,9.5,0,0,0
"2026/02/09","2026/02/12","4838","ＳＳＳＫ　ＨＤ","東証およびＰＴＳ",,"確報",600,0,8400,0,0,0,8400,486000,0,6804000,0,0,0,6804000,,,0,0,39000,0,0,0,86.4,43.2,0,86.4,0,0,0
"2026/02/09","2026/02/12","4839","ワウワウ","東証およびＰＴＳ",,"確報",800,800,104200,6200,100,112600,-8400,1080800,1080800,140774200,8376200,135100,152122600,-11348400,,,0,0,0,416800,426000,0,17.3,9.8,9.5,9.7,50.4,132.9,73.1
"2026/02/09","2026/02/12","483A","テラテクノロジー","東証およびＰＴＳ",,"確報",200,0,2500,0,0,0,2500,461000,0,5762500,0,0,0,5762500,,,0,0,13800,0,0,0,12.3,61.5,6.8,12.3,0,0,0
"2026/02/09","2026/02/12","4840","トライアイズ","東証およびＰＴＳ",,"確報",0,100,300,0,0,0,300,0,48700,146100,0,0,0,146100,,,0,0,0,0,0,0,2,3.7,1.4,2,0,0,0
"2026/02/09","2026/02/12","4845","スカラ","東証およびＰＴＳ",,"確報",0,1000,15400,0,300,5400,10000,0,373000,5744200,0,111900,2014200,3730000,,,0,0,0,16400,5700,0,71.5,0,48.5,96.9,40.6,40.6,40.6
"2026/02/09","2026/02/12","4847","インテリジェントウェ","東証およびＰＴＳ",,"確報",0,1600,25100,0,200,24200,900,0,1556800,24422300,0,194600,23546600,875700,,,0,0,213600,0,0,195200,13,85.6,33.4,48.1,2.5,154.5,5
"2026/02/09","2026/02/12","4848","フルキャストＨＤ","東証およびＰＴＳ",,"確報",300,0,6900,200,0,3800,3100,516900,0,11888700,344600,0,6547400,5341300,,,0,0,79200,0,0,43200,13.4,39.6,11.3,17.6,83.8,5.6,10.5
"2026/02/09","2026/02/12","4849","エン","東証およびＰＴＳ",,"確報",300,700,26100,5900,0,125700,-99600,432300,1008700,37610100,8501900,0,181133700,-143523600,,,0,0,212000,0,0,958400,43.5,56.5,26.6,36.2,90.8,30.4,45.6
"2026/02/09","2026/02/12","485A","パワーエックス","東証およびＰＴＳ",,"確報",1200,155400,265500,0,0,0,265500,2679600,347008200,592861500,0,0,0,592861500,,,0,0,29379000,0,0,0,6.5,11.7,4.5,6.5,0,0,0
"2026/02/09","2026/02/12","486A","ＳＴＯＸＸヘッジ無","東証およびＰＴＳ",,"確報",0,0,360,0,0,0,360,0,0,762480,0,0,0,762480,,,0,0,11880,0,0,0,238,119,0,238,0,0,0
"2026/02/09","2026/02/12","4875","メディシノバ・インク","東証およびＰＴＳ",,"確報",0,0,3600,0,0,0,3600,0,0,961200,0,0,0,961200,,,0,0,43200,0,0,0,0,0,0,0,0,0,0
"2026/02/09","2026/02/12","487A","ＤＡＸヘッジ無","東証およびＰＴＳ",,"確報",0,5,3020,0,0,0,3020,0,10290,6215160,0,0,0,6215160,,,0,0,27225,0,0,0,2018,3027,1513.5,2018,0,0,0
"2026/02/09","2026/02/12","4880","セルソース","東証およびＰＴＳ",,"確報",0,11700,99900,0,100,157000,-57100,0,4832100,41258700,0,41300,64841000,-23582300,,,0,0,1785600,0,0,2513600,27.4,20.2,12.2,15.2,8167,29.3,58.3
"2026/02/09","2026/02/12","4881","ファンペップ","東証およびＰＴＳ",,"確報",37500,7100,140700,0,0,0,140700,3937500,745500,14773500,0,0,0,14773500,,,0,0,1544200,0,0,0,5.1,3.3,11.4,5.1,0,0,0
"2026/02/09","2026/02/12","4882","ペルセウス","東証およびＰＴＳ",,"確報",0,2000,36100,0,0,0,36100,0,476000,8591800,0,0,0,8591800,,,0,0,0,0,0,0,37,40.3,34.3,37,0,0,0
"2026/02/09","2026/02/12","4883","モダリス","東証およびＰＴＳ",,"確報",19900,3900,411400,0,0,0,411400,1134300,222300,23449800,0,0,0,23449800,,,0,0,0,395400,0,0,58.7,74.7,48.4,58.7,0,0,0
"2026/02/09","2026/02/12","4884","クリングルファーマ","東証およびＰＴＳ",,"確報",700,0,14200,0,0,0,14200,262500,0,5325000,0,0,0,5325000,,,0,0,40500,0,0,0,36.9,19,646,36.9,0,0,0
"2026/02/09","2026/02/12","4885","室町ケミカル","東証およびＰＴＳ",,"確報",3000,100,24200,0,100,1700,22500,3405000,113500,27467000,0,113500,1929500,25537500,,,0,0,127800,0,0,10800,10.4,11.1,14.3,12.5,4,3.9,3.9
"2026/02/09","2026/02/12","4886","あすか製薬ＨＤ","東証およびＰＴＳ",,"確報",61900,16100,116700,0,5500,38400,78300,148560000,38640000,280080000,0,13200000,92160000,187920000,,,0,0,0,0,0,0,5.5,3.3,5.3,4.1,36,18.1,24.1
"2026/02/09","2026/02/12","4887","サワイグループＨＤ","東証およびＰＴＳ",,"確報",0,0,5800,100,200,75000,-69200,0,0,13934500,240250,480500,180187500,-166253000,,,0,0,232000,0,0,3004000,57.5,60.4,10.1,17.3,191.8,43.1,70.4
"2026/02/09","2026/02/12","4888","ステラファーマ","東証およびＰＴＳ",,"確報",7600,4700,143400,0,0,0,143400,2470000,1527500,46605000,0,0,0,46605000,,,0,0,1545500,0,0,0,13.5,13.4,13.5,13.5,0,0,0
"2026/02/09","2026/02/12","4889","レナサイエンス","東証およびＰＴＳ",,"確報",111100,1100,189400,0,0,0,189400,162539300,1609300,277092200,0,0,0,277092200,,,0,0,0,476400,0,0,8.6,4.5,87.1,8.6,0,0,0
"2026/02/09","2026/02/12","488A","ｉＳ円高フォーカス","東証およびＰＴＳ",,"確報",0,10,5870,0,0,0,5870,0,7936,4658432,0,0,0,4658432,,,0,0,15876,0,0,0,534.4,0,267.2,534.4,0,0,0
"2026/02/09","2026/02/12","4890","坪田ラボ","東証およびＰＴＳ",,"確報",66600,11500,75100,0,0,0,75100,19114200,3300500,21553700,0,0,0,21553700,,,0,0,0,640000,0,0,3.8,2.3,10.6,3.8,0,0,0
"2026/02/09","2026/02/12","4891","ティムス","東証およびＰＴＳ",,"確報",4200,0,96500,0,0,0,96500,588000,0,13510000,0,0,0,13510000,,,0,0,0,184600,0,0,30.8,50.1,22.3,30.8,0,0,0
"2026/02/09","2026/02/12","4892","サイフューズ","東証およびＰＴＳ",,"確報",1000,0,27400,0,0,0,27400,662000,0,18138800,0,0,0,18138800,,,0,0,290400,0,0,0,32.6,79.5,20.5,32.6,0,0,0
"2026/02/09","2026/02/12","4893","ノイルイミューン","東証およびＰＴＳ",,"確報",20000,11700,245100,2000,18600,301600,-56500,3020000,1766700,37010100,302000,2808600,45541600,-8531500,,,0,0,473600,0,0,636400,41.8,26.1,44.6,32.9,91.3,36.5,52.2
"2026/02/09","2026/02/12","4894","クオリプス","東証およびＰＴＳ",,"確報",200,4400,36800,0,0,0,36800,1676000,36872000,308384000,0,0,0,308384000,,,0,0,6560000,0,0,0,26.4,31.4,22.8,26.4,0,0,0
"2026/02/09","2026/02/12","4896","ケイファーマ","東証およびＰＴＳ",,"確報",0,300,10400,0,0,0,10400,0,206400,7155200,0,0,0,7155200,,,0,0,0,0,0,0,135.3,541,77.3,135.3,0,0,0
"2026/02/09","2026/02/12","489A","物流フォーカス","東証およびＰＴＳ",,"確報",0,0,0,0,0,0,0,0,0,0,0,0,0,0,,,0,0,0,0,0,0,0,0,0,0,0,0,0
"2026/02/09","2026/02/12","4901","富士フイルムＨＤ","東証およびＰＴＳ",,"確報",600,23000,338300,27600,0,27600,310700,1831800,70219000,1032829900,84262800,0,84262800,948567100,,,0,0,10460300,0,0,0,17,21.8,27.3,24.3,1.2,1.2,1.2
"2026/02/09","2026/02/12","4902","コニカミノルタ","東証およびＰＴＳ",,"確報",18600,3900,144500,0,1300,600,143900,11226960,2354040,87220200,0,784680,362160,86858040,,,0,0,0,1778260,26030,0,8,6.6,38,11.2,1.2,1.1,1.1
"2026/02/09","2026/02/12","4911","資生堂","東証およびＰＴＳ",,"確報",0,13900,19500,51400,0,281600,-262100,0,39726200,55731000,146901200,0,804812800,-749081800,,,0,0,3507000,0,0,24171000,13.3,40.2,6.2,10.7,8.9,29.7,13.7
"2026/02/09","2026/02/12","4912","ライオン","東証およびＰＴＳ",,"確報",1200,3500,23500,0,4900,29800,-6300,2052000,5985000,40185000,0,8379000,50958000,-10773000,,,0,0,0,335400,451100,0,16.4,7.1,20.8,10.6,56.6,17.2,26.3
"2026/02/09","2026/02/12","4914","高砂香料工業","東証およびＰＴＳ",,"確報",700,300,50500,400,0,50500,0,1085000,465000,78275000,620000,0,78275000,0,,,0,0,901800,0,0,901800,73.9,91.8,34.3,49.9,361,90.3,144.4
"2026/02/09","2026/02/12","4917","マンダム","東証およびＰＴＳ",,"確報",0,0,13900,0,0,13400,500,0,0,43924000,0,0,42344000,1580000,,,0,0,417000,0,0,402000,682.5,347,694,462.7,0,671,1342
"2026/02/09","2026/02/12","4918","アイビー化粧品","東証およびＰＴＳ",,"確報",0,200,3800,0,0,0,3800,0,76200,1447800,0,0,0,1447800,,,0,0,4000,0,0,0,41.8,26.9,94,41.8,0,0,0
"2026/02/09","2026/02/12","4919","ミルボン","東証およびＰＴＳ",,"確報",3000,4700,13000,1900,0,67200,-54200,8202000,12849800,35542000,5194600,0,183724800,-148182800,,,0,0,1117200,0,0,4962800,26.4,6,8.8,7.1,38.5,83.7,52.7
"2026/02/09","2026/02/12","491A","ｉＳＳ＆Ｐ除く金融","東証およびＰＴＳ",,"確報",0,0,200,0,0,0,200,0,0,100520,0,0,0,100520,,,0,0,1540,0,0,0,51.5,51.5,51.5,51.5,0,0,0
"2026/02/09","2026/02/12","4920","日本色材工業研究所","東証およびＰＴＳ",,"確報",0,0,0,0,0,0,0,0,0,0,0,0,0,0,,,0,0,0,0,0,0,0,0,0,0,0,0,0
"2026/02/09","2026/02/12","4922","コーセーＨＤ","東証およびＰＴＳ",,"確報",0,2600,10100,200,500,25600,-15500,0,15321800,59519300,1178600,2946500,150860800,-91341500,,,0,0,254000,0,0,518000,15.6,10.4,4.1,5.9,142.6,116.6,128.3
"2026/02/09","2026/02/12","4923","コタ","東証およびＰＴＳ",,"確報",2900,200,10300,200,100,73900,-63600,3723600,256800,13225200,256800,128400,94887600,-81662400,,,0,0,144400,0,0,1402200,100.3,13.9,15.4,14.6,283.2,368.2,320.2
"2026/02/09","2026/02/12","4925","ハーバー研究所","東証およびＰＴＳ",,"確報",0,0,1700,0,0,0,1700,0,0,2951200,0,0,0,2951200,,,0,0,5100,0,0,0,0,0,0,0,0,0,0
"2026/02/09","2026/02/12","4926","シーボン","東証およびＰＴＳ",,"確報",0,0,0,0,0,0,0,0,0,0,0,0,0,0,,,0,0,0,0,0,0,0,0,0,0,0,0,0
"2026/02/09","2026/02/12","4927","ポーラオルビスＨＤ","東証およびＰＴＳ",,"確報",1000,7700,16400,0,14300,47600,-31200,1387000,10679900,22746800,0,19834100,66021200,-43274400,,,0,0,0,242550,649950,0,5.9,5.5,8.3,6.6,5.9,5.5,5.7
"2026/02/09","2026/02/12","4928","ノエビアＨＤ","東証およびＰＴＳ",,"確報",100,6500,8400,1200,0,17100,-8700,462500,30062500,38850000,5550000,0,79087500,-40237500,,,0,0,74000,0,0,79500,8.7,4.8,5.7,5.2,10.7,27.9,15.4
"2026/02/09","2026/02/12","4929","アジュバンＨＤ","東証およびＰＴＳ",,"確報",0,0,12800,0,300,6300,6500,0,0,10291200,0,241200,5065200,5226000,,,0,0,12800,0,0,6600,131.1,0,321,642,341,28.4,52.5
"2026/02/09","2026/02/12","492A","ＯｎｅＪ高クーポン","東証およびＰＴＳ",,"確報",0,0,0,0,0,0,0,0,0,0,0,0,0,0,,,0,0,0,0,0,0,0,0,0,0,0,0,0
"2026/02/09","2026/02/12","4931","新日本製薬","東証およびＰＴＳ",,"確報",1000,0,12600,1000,0,12600,0,2090000,0,26334000,2090000,0,26334000,0,,,0,0,46400,0,0,46400,27,18.3,56.7,27.7,17.7,51.5,26.4
"2026/02/09","2026/02/12","4932","アルマード","東証およびＰＴＳ",,"確報",0,0,4600,0,0,0,4600,0,0,5428000,0,0,0,5428000,,,0,0,46000,0,0,0,70.6,0,35.3,70.6,0,0,0
"2026/02/09","2026/02/12","4933","Ｉ－ｎｅ","東証およびＰＴＳ",,"確報",400,100,24700,0,1600,30700,-6000,548000,137000,33839000,0,2192000,42059000,-8220000,,,0,0,512400,0,0,678300,19.7,66.5,17.5,27.7,0,8.1,16.2
"2026/02/09","2026/02/12","4934","Ｐアンチエイジ","東証およびＰＴＳ",,"確報",3400,3100,13200,300,0,13200,0,2458200,2241300,9543600,216900,0,9543600,0,,,0,0,0,0,0,0,20.4,15.5,10.8,12.8,170.8,29.7,50.6
"2026/02/09","2026/02/12","4935","リベルタ","東証およびＰＴＳ",,"確報",600,5400,81100,0,0,0,81100,165600,1490400,22383600,0,0,0,22383600,,,0,0,85900,0,0,0,37.2,46.6,31,37.2,0,0,0
"2026/02/09","2026/02/12","4936","アクシージア","東証およびＰＴＳ",,"確報",500,700,19300,400,600,19300,0,190500,266700,7353300,152400,228600,7353300,0,,,0,0,0,58500,58500,0,23.8,81.5,13.8,23.5,88.3,13.9,24.1
"2026/02/09","2026/02/12","4937","Ｗａｑｏｏ","東証およびＰＴＳ",,"確報",100,0,100,0,0,0,100,140100,0,140100,0,0,0,140100,,,0,0,0,0,0,0,1,1,1,1,0,0,0
"2026/02/09","2026/02/12","493A","ＯｎｅＪ１－３年","東証およびＰＴＳ",,"確報",0,0,0,0,0,0,0,0,0,0,0,0,0,0,,,0,0,0,0,0,0,0,0,0,0,0,0,0
"2026/02/09","2026/02/12","494A","ＯｎｅＪ３－７年","東証およびＰＴＳ",,"確報",0,0,0,0,0,0,0,0,0,0,0,0,0,0,,,0,0,0,0,0,0,0,0,0,0,0,0,0
"2026/02/09","2026/02/12","4951","エステー","東証およびＰＴＳ",,"確報",0,100,1800,200,0,22000,-20200,0,156100,2809800,312200,0,34342000,-31532200,,,0,0,26600,0,0,305200,36.8,33.8,5.9,10,53.2,55.9,54.5
"2026/02/09","2026/02/12","4956","コニシ","東証およびＰＴＳ",,"確報",0,1300,6000,0,3600,6000,0,0,1773200,8184000,0,4910400,8184000,0,,,0,0,58400,0,0,76800,4.9,6,5.1,5.5,4.8,4.4,4.6
"2026/02/09","2026/02/12","4957","ヤスハラケミカル","東証およびＰＴＳ",,"確報",0,0,100,0,0,500,-400,0,0,136900,0,0,684500,-547600,,,0,0,0,0,0,0,0,0,0,0,0,0,0
"2026/02/09","2026/02/12","4958","長谷川香料","東証およびＰＴＳ",,"確報",4400,0,14800,0,9700,32100,-17300,12047200,0,40522400,0,26558600,87889800,-47367400,,,0,0,0,1300000,5225000,0,18.3,8,9.8,8.8,688.7,13.8,27
"2026/02/09","2026/02/12","495A","ＯｎｅＪ７－１０年","東証およびＰＴＳ",,"確報",0,0,10,0,0,0,10,0,0,9990,0,0,0,9990,,,0,0,0,15,0,0,0,0,0,0,0,0,0
"2026/02/09","2026/02/12","4960","ケミプロ化成","東証およびＰＴＳ",,"確報",7300,7600,49300,0,0,0,49300,6818200,7098400,46046200,0,0,0,46046200,,,0,0,0,4761600,0,0,5.7,5.9,5.6,5.7,0,0,0
"2026/02/09","2026/02/12","4966","上村工業","東証およびＰＴＳ",,"確報",800,100,1500,0,0,0,1500,15344000,1918000,28770000,0,0,0,28770000,,,0,0,272000,0,0,0,5.2,3.6,9.4,5.2,0,0,0
"2026/02/09","2026/02/12","4967","小林製薬","東証およびＰＴＳ",,"確報",0,6600,32000,900,0,39900,-7900,0,35112000,170240000,4788000,0,212268000,-42028000,,,0,0,887800,0,0,897000,18.3,13.4,11.3,12.3,53.3,22.5,31.7
"2026/02/09","2026/02/12","4968","荒川化学工業","東証およびＰＴＳ",,"確報",1300,3000,12300,0,1700,12300,0,1901900,4389000,17994900,0,2487100,17994900,0,,,0,0,28000,0,0,28000,6.9,4.2,9.3,5.8,5.5,19.3,8.6
"2026/02/09","2026/02/12","496A","ＯｎｅＪ１７－２０年","東証およびＰＴＳ",,"確報",0,0,0,0,0,0,0,0,0,0,0,0,0,0,,,0,0,0,0,0,0,0,0,0,0,0,0,0
"2026/02/09","2026/02/12","4970","東洋合成工業","東証およびＰＴＳ",,"確報",1000,900,5000,0,0,0,5000,9480000,8532000,47400000,0,0,0,47400000,,,0,0,4704000,0,0,0,20.7,19.1,22.5,20.7,0,0,0
"2026/02/09","2026/02/12","4971","メック","東証およびＰＴＳ",,"確報",100,4000,21300,3000,0,9400,11900,608000,24320000,129504000,18240000,0,57152000,72352000,,,0,0,10332000,0,0,2624000,11.7,19.3,8.4,11.7,10.5,12.8,11.6
"2026/02/09","2026/02/12","4972","綜研化学","東証およびＰＴＳ",,"確報",200,0,6500,0,0,0,6500,593200,0,19279000,0,0,0,19279000,,,0,0,44100,0,0,0,13.6,6.8,0,13.6,0,0,0
"2026/02/09","2026/02/12","4973","日本高純度化学","東証およびＰＴＳ",,"確報",0,300,2900,0,0,0,2900,0,1485000,14355000,0,0,0,14355000,,,0,0,0,224000,0,0,7.4,12.3,5.3,7.4,0,0,0
"2026/02/09","2026/02/12","4974","タカラバイオ","東証およびＰＴＳ",,"確報",500,10000,111400,7300,0,194500,-83100,396500,7930000,88340200,5788900,0,154238500,-65898300,,,0,0,0,483600,748800,0,36,14.9,22.7,18,60.9,204,93.9
"2026/02/09","2026/02/12","4975","ＪＣＵ","東証およびＰＴＳ",,"確報",3100,900,22600,100,400,31300,-8700,17670000,5130000,128820000,570000,2280000,178410000,-49590000,,,0,0,1020000,0,0,1580000,14.9,4.9,10.3,6.6,557,37.1,69.6
"2026/02/09","2026/02/12","4976","東洋ドライルーブ","東証およびＰＴＳ",,"確報",100,0,100,0,0,0,100,154000,0,154000,0,0,0,154000,,,0,0,0,0,0,0,0.8,1,0.7,0.8,0,0,0
"2026/02/09","2026/02/12","4977","新田ゼラチン","東証およびＰＴＳ",,"確報",200,0,10400,400,200,3300,7100,255600,0,13291200,511200,255600,4217400,9073800,,,0,0,0,20400,6200,0,56.2,63.5,508,112.9,20.8,23.7,22.1
"2026/02/09","2026/02/12","4978","リプロセル","東証およびＰＴＳ",,"確報",0,11200,140000,0,0,0,140000,0,1792000,22400000,0,0,0,22400000,,,0,0,151200,0,0,0,8.4,20.7,5.2,8.4,0,0,0
"2026/02/09","2026/02/12","4979","ＯＡＴアグリオ","東証およびＰＴＳ",,"確報",0,0,1200,0,0,0,1200,0,0,2599200,0,0,0,2599200,,,0,0,58800,0,0,0,4.5,4.2,5,4.5,0,0,0
"2026/02/09","2026/02/12","497A","インバウンドＥＴＮ","東証およびＰＴＳ",,"確報",0,0,0,0,0,0,0,0,0,0,0,0,0,0,,,0,0,0,0,0,0,0,0,0,0,0,0,0
"2026/02/09","2026/02/12","4980","デクセリアルズ","東証およびＰＴＳ",,"確報",6400,4000,105700,0,200,0,105700,19808000,12380000,327141500,0,619000,0,327141500,,,0,0,22209500,0,0,43000,19.6,22.1,27.3,24.4,1.5,0.7,0.9
"2026/02/09","2026/02/12","4985","アース製薬","東証およびＰＴＳ",,"確報",0,200,4800,2000,0,9600,-4800,0,998000,23952000,9980000,0,47904000,-23952000,,,0,0,125000,0,0,190000,7.6,8.2,3.5,4.9,6.3,363,12.3
"2026/02/09","2026/02/12","498A","防衛航空宇宙欧州株","東証およびＰＴＳ",,"確報",1,15,114,0,0,0,114,9657,144855,1100898,0,0,0,1100898,,,0,0,24960,0,0,0,21.2,22.8,19.8,21.2,0,0,0
"2026/02/09","2026/02/12","4990","昭和化学工業","東証およびＰＴＳ",,"確報",100,0,1300,0,0,0,1300,52000,0,676000,0,0,0,676000,,,0,0,4800,0,0,0,122,61,0,122,0,0,0
"2026/02/09","2026/02/12","4992","北興化学工業","東証およびＰＴＳ",,"確報",200,0,4700,0,0,100,4600,353200,0,8300200,0,0,176600,8123600,,,0,0,0,76500,1700,0,17.7,20.3,17.2,18.6,7,7,7
"2026/02/09","2026/02/12","4994","大成ラミックグループ","東証およびＰＴＳ",,"確報",200,600,1700,0,100,6100,-4400,534800,1604400,4545800,0,267400,16311400,-11765600,,,0,0,86100,0,0,254200,16.8,51,7.3,12.8,10.3,100,18.8
"2026/02/09","2026/02/12","4996","クミアイ化学工業","東証およびＰＴＳ",,"確報",1100,5500,115800,500,4100,67400,48400,779900,3899500,82102200,354500,2906900,47786600,34315600,,,0,0,120200,0,0,71000,6.5,4.7,4.5,4.6,187.5,14.5,27
"2026/02/09","2026/02/12","4997","日本農薬","東証およびＰＴＳ",,"確報",800,1100,29500,100,4500,20200,9300,820800,1128600,30267000,102600,4617000,20725200,9541800,,,0,0,0,983400,811800,0,14.5,61.3,38.7,47.5,5.6,11.6,7.5
"2026/02/09","2026/02/12","4998","フマキラー","東証およびＰＴＳ",,"確報",500,0,5600,0,300,400,5200,589500,0,6602400,0,353700,471600,6130800,,,0,0,35700,0,0,4900,29.6,43,0,86,4.8,6.3,5.4
"2026/02/09","2026/02/12","499A","ラグジュアリー欧州株","東証およびＰＴＳ",,"確報",0,0,0,0,0,0,0,0,0,0,0,0,0,0,,,0,0,0,0,0,0,0,0,0,0,0,0,0
"2026/02/09","2026/02/12","5010","日本精蝋","東証およびＰＴＳ",,"確報",0,0,31100,0,0,0,31100,0,0,6126700,0,0,0,6126700,,,0,0,0,0,0,0,518,259,0,518,0,0,0
"2026/02/09","2026/02/12","5011","ニチレキグループ","東証およびＰＴＳ",,"確報",200,1100,26200,2500,0,31200,-5000,499200,2745600,65395200,6240000,0,77875200,-12480000,,,0,0,0,108400,114800,0,75.1,135.2,48.3,71.2,56.3,133.2,79.2
"2026/02/09","2026/02/12","5013","ユシロ","東証およびＰＴＳ",,"確報",700,300,3000,400,0,3000,0,2184000,936000,9360000,1248000,0,9360000,0,,,0,0,273000,0,0,273000,7.6,4.5,4.4,4.4,13.6,0,27.1
"2026/02/09","2026/02/12","5015","ビーピーカストロール","東証およびＰＴＳ",,"確報",0,0,700,0,0,0,700,0,0,662200,0,0,0,662200,,,0,0,2100,0,0,0,32,16,0,32,0,0,0
"2026/02/09","2026/02/12","5016","ＪＸ金属","東証およびＰＴＳ",,"確報",18100,127200,1287300,400,0,400,1286900,48689000,342168000,3462837000,1076000,0,1076000,3461761000,,,0,0,224820400,0,0,0,17.3,13.9,24.2,17.6,2,0.7,1
"2026/02/09","2026/02/12","5018","ＭＯＲＥＳＣＯ","東証およびＰＴＳ",,"確報",1100,700,10500,0,200,0,10500,2134000,1358000,20370000,0,388000,0,20370000,,,0,0,0,181800,3600,0,20.1,28.2,16.7,21,8,4,5.3
"2026/02/09","2026/02/12","5019","出光興産","東証およびＰＴＳ",,"確報",3900,7300,28000,0,3400,28000,0,5561400,10409800,39928000,0,4848400,39928000,0,,,0,0,219800,0,0,219800,8.7,7.7,9,8.3,8.4,10.1,9.2
"2026/02/09","2026/02/12","5020","ＥＮＥＯＳ","東証およびＰＴＳ",,"確報",12900,1500,186000,16300,300,40200,145800,18356700,2134500,264678000,23194900,426900,57204600,207473400,,,0,0,4539600,0,0,629200,6.4,7,8.8,7.8,5,3.6,4.2
"2026/02/09","2026/02/12","5021","コスモエネルギーＨＤ","東証およびＰＴＳ",,"確報",600,0,5600,100,0,100,5500,2734800,0,25524800,455800,0,455800,25069000,,,0,0,0,800000,0,0,17.5,21.6,18.5,19.9,2,2,2
"2026/02/09","2026/02/12","5025","マーキュリー","東証およびＰＴＳ",,"確報",100,0,800,0,0,0,800,73400,0,587200,0,0,0,587200,,,0,0,0,4200,0,0,15,7.5,0,15,0,0,0
"2026/02/09","2026/02/12","5026","トリプルアイズ","東証およびＰＴＳ",,"確報",0,600,8100,0,0,0,8100,0,450000,6075000,0,0,0,6075000,,,0,0,0,8700,0,0,30.8,74.3,19.4,30.8,0,0,0
"2026/02/09","2026/02/12","5027","ＡｎｙＭｉｎｄ","東証およびＰＴＳ",,"確報",0,300,25900,0,0,0,25900,0,198600,17145800,0,0,0,17145800,,,0,0,0,393000,0,0,28.7,122.8,16.3,28.7,0,0,0
"2026/02/09","2026/02/12","5028","セカンドサイト","東証およびＰＴＳ",,"確報",0,900,7100,0,0,0,7100,0,351000,2769000,0,0,0,2769000,,,0,0,0,0,0,0,15.6,37.8,9.8,15.6,0,0,0
"2026/02/09","2026/02/12","5029","サークレイス","東証およびＰＴＳ",,"確報",0,100,1200,0,0,0,1200,0,90800,1089600,0,0,0,1089600,,,0,0,0,6500,0,0,13.1,36,8,13.1,0,0,0
"2026/02/09","2026/02/12","502A","ＧＸ超短期円建債券","東証およびＰＴＳ",,"確報",0,0,0,0,0,0,0,0,0,0,0,0,0,0,,,0,0,0,0,0,0,0,0,0,0,0,0,0
"2026/02/09","2026/02/12","5031","モイ","東証およびＰＴＳ",,"確報",0,0,1300,0,0,0,1300,0,0,384800,0,0,0,384800,,,0,0,2600,0,0,0,13.1,0,6.6,13.1,0,0,0
"2026/02/09","2026/02/12","5032","ＡＮＹＣＯＬＯＲ","東証およびＰＴＳ",,"確報",5100,0,146700,200,0,1700,145000,21573000,0,620541000,846000,0,7191000,613350000,,,0,0,0,2124000,22500,0,9.1,95.4,4.8,9.1,5.6,6.4,5.9
"2026/02/09","2026/02/12","5033","ヌーラボ","東証およびＰＴＳ",,"確報",0,300,13700,0,300,5000,8700,0,219300,10014700,0,219300,3655000,6359700,,,0,0,42000,0,0,15900,56.4,237.3,64.7,101.7,0,13.8,27.5
"2026/02/09","2026/02/12","5034","ｕｎｅｒｒｙ","東証およびＰＴＳ",,"確報",0,700,13000,0,0,0,13000,0,1787800,33202000,0,0,0,33202000,,,0,0,2329000,0,0,0,44.9,48.1,42.1,44.9,0,0,0
"2026/02/09","2026/02/12","5035","ＨＯＵＳＥＩ","東証およびＰＴＳ",,"確報",100,0,300,0,0,0,300,43800,0,131400,0,0,0,131400,,,0,0,1000,0,0,0,8,6,12,8,0,0,0
"2026/02/09","2026/02/12","5036","日本ビジネスシステム","東証およびＰＴＳ",,"確報",0,0,11900,0,900,4600,7300,0,0,18385500,0,1390500,7107000,11278500,,,0,0,0,297500,137500,0,6.7,8.4,13.8,10.5,15.2,2.4,4.2
"2026/02/09","2026/02/12","5038","ｅＷｅＬＬ","東証およびＰＴＳ",,"確報",2200,0,17500,0,0,0,17500,5227200,0,41580000,0,0,0,41580000,,,0,0,0,673200,0,0,7,6.9,7,7,0,0,0
"2026/02/09","2026/02/12","5071","ヴィス","東証およびＰＴＳ",,"確報",0,0,200,0,0,0,200,0,0,302400,0,0,0,302400,,,0,0,2400,0,0,0,13,0,6.5,13,0,0,0
"2026/02/09","2026/02/12","5074","テスホールディングス","東証およびＰＴＳ",,"確報",0,3500,162100,0,400,22200,139900,0,1347500,62408500,0,154000,8547000,53861500,,,0,0,1821600,0,0,248600,46.2,99.1,43.3,60.3,106.6,10.7,19.4
"2026/02/09","2026/02/12","5076","インフロニアＨＤ","東証およびＰＴＳ",,"確報",7900,1200,86200,0,0,0,86200,20970550,3185400,228817900,0,0,0,228817900,,,0,0,9500250,0,0,0,20.1,11.8,69.2,20.1,0,0,0
"2026/02/09","2026/02/12","50765","インフロニア－優","東証およびＰＴＳ",,"確報",0,0,0,0,0,0,0,0,0,0,0,0,0,0,,,0,0,0,0,0,0,0,0,0,0,0,0,0
"2026/02/09","2026/02/12","5078","セレコーポレーション","東証およびＰＴＳ",,"確報",0,0,200,0,0,0,200,0,0,987000,0,0,0,987000,,,0,0,0,10000,0,0,24,0,12,24,0,0,0
"2026/02/09","2026/02/12","5079","ノバック","東証およびＰＴＳ",,"確報",0,0,5600,0,0,0,5600,0,0,15948800,0,0,0,15948800,,,0,0,0,16800,0,0,0,0,0,0,0,0,0
"2026/02/09","2026/02/12","5101","横浜ゴム","東証およびＰＴＳ",,"確報",0,1300,9700,3500,0,9200,500,0,8646300,64514700,23278500,0,61189200,3325500,,,0,0,1111000,0,0,575700,14.4,65.2,9,15.9,6.3,151.5,12.1
"2026/02/09","2026/02/12","5103","昭和ホールディングス","東証およびＰＴＳ",,"確報",0,0,10000,0,0,0,10000,0,0,450000,0,0,0,450000,,,0,0,0,0,0,0,0,0,0,0,0,0,0
"2026/02/09","2026/02/12","5105","ＴＯＹＯ　ＴＩＲＥ","東証およびＰＴＳ",,"確報",500,600,3700,1000,100,1200,2500,2270500,2724600,16801700,4541000,454100,5449200,11352500,,,0,0,186200,0,0,14700,5.6,25,3.5,6.2,1.4,18,2.6
"2026/02/09","2026/02/12","5108","ブリヂストン","東証およびＰＴＳ",,"確報",2600,200,6500,5500,6000,36800,-30300,9763000,751000,24407500,20652500,22530000,138184000,-113776500,,,0,0,61500,0,0,559500,5.7,21.9,2.4,4.4,4.3,16.3,6.9
"2026/02/09","2026/02/12","5110","住友ゴム工業","東証およびＰＴＳ",,"確報",0,800,13500,700,0,8000,5500,0,2166000,36551250,1895250,0,21660000,14891250,,,0,0,650650,0,0,332150,19.7,64.4,10.6,18.2,28.4,20.5,23.8
"2026/02/09","2026/02/12","5121","藤倉コンポジット","東証およびＰＴＳ",,"確報",2900,0,38100,1700,100,24100,14000,7038300,0,92468700,4125900,242700,58490700,33978000,,,0,0,774400,0,0,495000,17.2,25,10.1,14.4,15.2,106.4,26.6
"2026/02/09","2026/02/12","5122","オカモト","東証およびＰＴＳ",,"確報",0,200,100,100,100,15400,-15300,0,1136000,568000,568000,568000,87472000,-86904000,,,0,0,0,3000,154000,0,47.6,15,1.9,3.3,51.3,85.6,64.2
"2026/02/09","2026/02/12","5125","ファインズ","東証およびＰＴＳ",,"確報",300,0,3500,0,0,0,3500,229200,0,2674000,0,0,0,2674000,,,0,0,25600,0,0,0,25.4,41.3,18.3,25.4,0,0,0
"2026/02/09","2026/02/12","5126","ポーターズ","東証およびＰＴＳ",,"確報",200,0,700,0,0,0,700,337400,0,1180900,0,0,0,1180900,,,0,0,2000,0,0,0,16,8,0,16,0,0,0
"2026/02/09","2026/02/12","5129","ＦＩＸＥＲ","東証およびＰＴＳ",,"確報",20700,100,96800,0,2100,330300,-233500,8238600,39800,38526400,0,835800,131459400,-92933000,,,0,0,914400,0,0,3988800,43.4,8.1,13.5,10.1,295.4,344.7,318.2
"2026/02/09","2026/02/12","5131","リンカーズ","東証およびＰＴＳ",,"確報",238300,0,681000,35900,0,827500,-146500,36936500,0,105555000,5564500,0,128262500,-22707500,,,0,0,0,0,0,0,9.3,3.8,5.4,4.5,27.5,4815.5,54.7
"2026/02/09","2026/02/12","5132","ｐｌｕｓｚｅｒｏ","東証およびＰＴＳ",,"確報",0,400,27500,0,500,146400,-118900,0,968800,66605000,0,1211000,354580800,-287975800,,,0,0,976500,0,0,5141500,66.2,298.4,6.7,13.1,304.8,522.6,385.1
"2026/02/09","2026/02/12","5133","テリロジーＨＤ","東証およびＰＴＳ",,"確報",0,400,23300,0,0,0,23300,0,127600,7432700,0,0,0,7432700,,,0,0,0,0,0,0,17.2,9.4,102.2,17.2,0,0,0
"2026/02/09","2026/02/12","5134","ＰＯＰＥＲ","東証およびＰＴＳ",,"確報",0,0,3100,0,0,0,3100,0,0,1612000,0,0,0,1612000,,,0,0,3100,0,0,0,52.3,39.3,78.5,52.3,0,0,0
"2026/02/09","2026/02/12","5136","ｔｒｉｐｌａ","東証およびＰＴＳ",,"確報",0,300,11500,0,0,0,11500,0,500700,19193500,0,0,0,19193500,,,0,0,118000,0,0,0,14.3,10.1,24.5,14.3,0,0,0
"2026/02/09","2026/02/12","5137","スマートドライブ","東証およびＰＴＳ",,"確報",7600,3800,177000,4700,900,177000,0,2485200,1242600,57879000,1536900,294300,57879000,0,,,0,0,0,519600,519600,0,9.1,5.4,6.8,6.1,9.6,262.6,18.5
"2026/02/09","2026/02/12","5138","Ｒｅｂａｓｅ","東証およびＰＴＳ",,"確報",0,100,400,0,0,0,400,0,80200,320800,0,0,0,320800,,,0,0,0,13500,0,0,11.5,11.5,11.5,11.5,0,0,0
"2026/02/09","2026/02/12","5139","オープンワーク","東証およびＰＴＳ",,"確報",400,2700,5500,0,0,0,5500,458800,3096900,6308500,0,0,0,6308500,,,0,0,0,522600,0,0,17.5,29.8,12.3,17.5,0,0,0
"2026/02/09","2026/02/12","5142","アキレス","東証およびＰＴＳ",,"確報",1000,5300,15300,0,1000,9700,5600,1569000,8315700,24005700,0,1569000,15219300,8786400,,,0,0,1234800,0,0,674100,10.3,6.2,13.6,8.5,11.2,33.5,16.8
"2026/02/09","2026/02/12","5161","西川ゴム工業","東証およびＰＴＳ",,"確報",300,100,4500,0,0,0,4500,1107000,369000,16605000,0,0,0,16605000,,,0,0,86000,0,0,0,21.1,14.8,37,21.1,0,0,0
"2026/02/09","2026/02/12","5162","朝日ラバー","東証およびＰＴＳ",,"確報",1500,0,2800,100,0,500,2300,1072500,0,2002000,71500,0,357500,1644500,,,0,0,19500,0,0,6000,11.3,5.3,0,10.7,27,9,13.5
"2026/02/09","2026/02/12","5184","ニチリン","東証およびＰＴＳ",,"確報",0,200,900,0,100,300,600,0,762000,3429000,0,381000,1143000,2286000,,,0,0,0,0,0,0,7.1,29,9.7,14.5,2.5,3.3,2.9
"2026/02/09","2026/02/12","5185","フコク","東証およびＰＴＳ",,"確報",100,500,8500,1700,100,6000,2500,207200,1036000,17612000,3522400,207200,12432000,5180000,,,0,0,26700,0,0,13200,13.2,15.5,16.7,16.1,6.7,17.9,9.8
"2026/02/09","2026/02/12","5186","ニッタ","東証およびＰＴＳ",,"確報",600,0,1200,100,0,700,500,2541000,0,5082000,423500,0,2964500,2117500,,,0,0,75000,0,0,75000,6.2,4,7.3,5.2,7.4,9.3,8.2
"2026/02/09","2026/02/12","5187","クリエートメディック","東証およびＰＴＳ",,"確報",0,200,700,0,0,0,700,0,227000,794500,0,0,0,794500,,,0,0,14400,0,0,0,9.1,20.5,5.9,9.1,0,0,0
"2026/02/09","2026/02/12","5189","櫻護謨","東証およびＰＴＳ",,"確報",0,100,1000,0,0,0,1000,0,269900,2699000,0,0,0,2699000,,,0,0,63800,0,0,0,51,51,51,51,0,0,0
"2026/02/09","2026/02/12","5192","三ツ星ベルト","東証およびＰＴＳ",,"確報",3700,1600,9400,300,100,16300,-6900,15170000,6560000,38540000,1230000,410000,66830000,-28290000,,,0,0,0,693500,1529500,0,16.9,7.2,9.1,8,19.2,750,37.5
"2026/02/09","2026/02/12","5194","相模ゴム工業","東証およびＰＴＳ",,"確報",400,0,13200,0,0,0,13200,266800,0,8804400,0,0,0,8804400,,,0,0,0,76800,0,0,101.2,94,109.7,101.2,0,0,0
"2026/02/09","2026/02/12","5195","バンドー化学","東証およびＰＴＳ",,"確報",1200,1300,2000,0,100,2000,0,2688000,2912000,4480000,0,224000,4480000,0,,,0,0,342300,0,0,342300,5.3,3.5,3.4,3.5,10.3,9.6,9.9
"2026/02/09","2026/02/12","5199","不二ラテックス","東証およびＰＴＳ",,"確報",0,0,0,0,0,0,0,0,0,0,0,0,0,0,,,0,0,0,0,0,0,0,0,0,0,0,0,0
"2026/02/09","2026/02/12","5201","ＡＧＣ","東証およびＰＴＳ",,"確報",0,3800,21200,1200,100,1600,19600,0,23674000,132076000,7476000,623000,9968000,122108000,,,0,0,3075000,0,0,61500,9.2,11.3,10.6,10.9,1.3,2.3,1.7
"2026/02/09","2026/02/12","5202","日本板硝子","東証およびＰＴＳ",,"確報",164100,0,888300,23600,5400,40700,847600,98624100,0,533868300,14183600,3245400,24460700,509407600,,,0,0,0,22450200,697500,0,5.3,4.4,6.8,5.3,5.1,5.7,5.4
"2026/02/09","2026/02/12","5204","石塚硝子","東証およびＰＴＳ",,"確報",0,300,4400,100,100,300,4100,0,1174500,17226000,391500,391500,1174500,16051500,,,0,0,0,0,0,0,13.4,18.2,13.9,15.8,5.7,3.4,4.3
"2026/02/09","2026/02/12","5208","有沢製作所","東証およびＰＴＳ",,"確報",11000,1700,30200,9300,0,30200,0,24420000,3774000,67044000,20646000,0,67044000,0,,,0,0,1901900,0,0,1901900,6.8,5.3,6.9,6,6.8,9.5,7.9
"2026/02/09","2026/02/12","5210","日本山村硝子","東証およびＰＴＳ",,"確報",200,600,4300,0,100,100,4200,656000,1968000,14104000,0,328000,328000,13776000,,,0,0,258500,0,0,11000,27.4,45,25,32.1,8,4,5.3
"2026/02/09","2026/02/12","5214","日本電気硝子","東証およびＰＴＳ",,"確報",18500,12700,36000,300,8000,22500,13500,115218000,79095600,224208000,1868400,49824000,140130000,84078000,,,0,0,0,23556000,23556000,0,6.5,4,4,4,26.5,15.4,19.5
"2026/02/09","2026/02/12","5216","倉元製作所","東証およびＰＴＳ",,"確報",24800,9600,99400,0,0,0,99400,5728800,2217600,22961400,0,0,0,22961400,,,0,0,0,1852400,0,0,11.8,11.7,12,11.8,0,0,0
"2026/02/09","2026/02/12","5218","オハラ","東証およびＰＴＳ",,"確報",0,46300,35200,0,3200,84200,-49000,0,50328100,38262400,0,3478400,91525400,-53263000,,,0,0,733500,0,0,786600,7.3,4,2.4,3,2182,79.3,153.1
"2026/02/09","2026/02/12","5232","住友大阪セメント","東証およびＰＴＳ",,"確報",2900,0,9700,1300,200,15400,-5700,12829600,0,42912800,5751200,884800,68129600,-25216800,,,0,0,544000,0,0,1144000,14.7,8,10.3,9.1,14.5,41.9,21.6
"2026/02/09","2026/02/12","5233","太平洋セメント","東証およびＰＴＳ",,"確報",500,1300,18100,10000,0,13700,4400,2264000,5886400,81956800,45280000,0,62033600,19923200,,,0,0,2438100,0,0,477300,9,42.6,10.8,17.2,2.8,7.3,4.1
"2026/02/09","2026/02/12","5237","ノザワ","東証およびＰＴＳ",,"確報",500,1800,427600,100,0,100,427500,540000,1944000,461808000,108000,0,108000,461700000,,,0,0,0,3431200,0,0,702,509.7,1189.4,713.6,1,0,2
"2026/02/09","2026/02/12","5240","ｍｏｎｏＡＩ","東証およびＰＴＳ",,"確報",2200,7000,505900,0,4800,505900,0,514800,1638000,118380600,0,1123200,118380600,0,,,0,0,4596300,0,0,4596300,42.8,42.6,21.4,28.5,9999.9,42.9,85.7
"2026/02/09","2026/02/12","5242","アイズ","東証およびＰＴＳ",,"確報",600,0,900,0,0,0,900,699600,0,1049400,0,0,0,1049400,,,0,0,0,8700,0,0,4.4,2.5,20,4.4,0,0,0
"2026/02/09","2026/02/12","5243","ｎｏｔｅ","東証およびＰＴＳ",,"確報",11000,18500,87500,0,0,0,87500,27445000,46157500,218312500,0,0,0,218312500,,,0,0,0,26980000,0,0,19.9,22.2,18,19.9,0,0,0
"2026/02/09","2026/02/12","5244","ｊｉｇ．ｊｐ","東証およびＰＴＳ",,"確報",2000,0,103300,0,700,2600,100700,460000,0,23759000,0,161000,598000,23161000,,,0,0,405200,0,0,13200,51.2,115.4,41.6,61.1,3.7,15.7,5.9
"2026/02/09","2026/02/12","5246","ＥＬＥＭＥＮＴＳ","東証およびＰＴＳ",,"確報",600,6100,160000,0,0,0,160000,424200,4312700,113120000,0,0,0,113120000,,,0,0,3806500,0,0,0,10.7,13.9,8.6,10.7,0,0,0
"2026/02/09","2026/02/12","5247","ＢＴＭ","東証およびＰＴＳ",,"確報",100,200,9200,0,0,0,9200,70300,140600,6467600,0,0,0,6467600,,,0,0,9300,0,0,0,62.8,78.5,52.3,62.8,0,0,0
"2026/02/09","2026/02/12","5248","テクノロジーズ","東証およびＰＴＳ",,"確報",0,300,9400,0,0,0,9400,0,156300,4897400,0,0,0,4897400,,,0,0,97000,0,0,0,34.2,38.2,31,34.2,0,0,0
"2026/02/09","2026/02/12","5250","プライムストラテジー","東証およびＰＴＳ",,"確報",200,0,1200,0,0,0,1200,212200,0,1273200,0,0,0,1273200,,,0,0,0,16000,0,0,36.7,27.5,55,36.7,0,0,0
"2026/02/09","2026/02/12","5252","日本ナレッジ","東証およびＰＴＳ",,"確報",1500,0,4200,0,0,0,4200,1062000,0,2973600,0,0,0,2973600,,,0,0,27000,0,0,0,5.7,16.6,3.5,5.7,0,0,0
"2026/02/09","2026/02/12","5253","カバー","東証およびＰＴＳ",,"確報",18400,3800,570700,1300,2500,1224300,-653600,28262400,5836800,876595200,1996800,3840000,1880524800,-1003929600,,,0,0,0,5004900,11029500,0,52.3,26.9,17.5,21.2,104,312.5,156
"2026/02/09","2026/02/12","5254","Ａｒｅｎｔ","東証およびＰＴＳ",,"確報",400,0,9800,0,0,0,9800,1448000,0,35476000,0,0,0,35476000,,,0,0,0,94000,0,0,35.2,30.8,41.1,35.2,0,0,0
"2026/02/09","2026/02/12","5256","Ｆｕｓｉｃ","東証およびＰＴＳ",,"確報",0,0,1500,0,0,0,1500,0,0,3450000,0,0,0,3450000,,,0,0,0,60000,0,0,152,0,76,152,0,0,0
"2026/02/09","2026/02/12","5257","ノバシステム","東証およびＰＴＳ",,"確報",500,100,900,0,0,0,900,1255500,251100,2259900,0,0,0,2259900,,,0,0,0,49500,0,0,6.4,4.1,14.5,6.4,0,0,0
"2026/02/09","2026/02/12","5258","ＴＭＮ","東証およびＰＴＳ",,"確報",600,38500,718000,0,4800,242100,475900,271800,17440500,325254000,0,2174400,109671300,215582700,,,0,0,6803100,0,0,2222100,185.4,3402.5,95,184.8,159.2,227,187.1
"2026/02/09","2026/02/12","5259","ＢＢＤイニシアティブ","東証およびＰＴＳ",,"確報",0,200,2100,0,0,0,2100,0,228800,2402400,0,0,0,2402400,,,0,0,0,6900,0,0,8.8,68.5,4.7,8.8,0,0,0
"2026/02/09","2026/02/12","5261","リソルＨＤ","東証およびＰＴＳ",,"確報",100,100,2600,0,0,0,2600,838000,838000,21788000,0,0,0,21788000,,,0,0,494000,0,0,0,14,23.3,10,14,0,0,0
"2026/02/09","2026/02/12","5262","日本ヒューム","東証およびＰＴＳ",,"確報",7300,3900,640700,0,10200,1055100,-414400,11869800,6341400,1041778200,0,16585200,1715592600,-673814400,,,0,0,0,15295200,25567200,0,28.5,92,13.3,23.3,9999.9,16.5,33
"2026/02/09","2026/02/12","5268","旭コンクリート工業","東証およびＰＴＳ",,"確報",0,2000,52300,0,0,0,52300,0,2014000,52666100,0,0,0,52666100,,,0,0,434400,0,0,0,79.4,277.9,46.3,79.4,0,0,0
"2026/02/09","2026/02/12","5269","日本コンクリート工業","東証およびＰＴＳ",,"確報",0,27700,155300,29100,400,241700,-86400,0,9695000,54355000,10185000,140000,84595000,-30240000,,,0,0,183000,0,0,213000,9,5.3,4.4,4.8,26,45.6,33.1
"2026/02/09","2026/02/12","5271","トーヨーアサノ","東証およびＰＴＳ",,"確報",100,0,100,0,0,0,100,245600,0,245600,0,0,0,245600,,,0,0,0,0,0,0,3.3,5,2.5,3.3,0,0,0
"2026/02/09","2026/02/12","5273","三谷セキサン","東証およびＰＴＳ",,"確報",200,100,500,200,0,1200,-700,1584000,792000,3960000,1584000,0,9504000,-5544000,,,0,0,128000,0,0,320000,4.1,1.9,1.9,1.9,8.3,9.7,8.9
"2026/02/09","2026/02/12","5279","日本興業","東証およびＰＴＳ",,"確報",0,300,1100,0,0,0,1100,0,441300,1618100,0,0,0,1618100,,,0,0,54600,0,0,0,19.8,0,9.9,19.8,0,0,0
"2026/02/09","2026/02/12","5280","ヨシコン","東証およびＰＴＳ",,"確報",100,0,4000,0,0,0,4000,274000,0,10960000,0,0,0,10960000,,,0,0,58500,0,0,0,65,65,65,65,0,0,0
"2026/02/09","2026/02/12","5282","ジオスター","東証およびＰＴＳ",,"確報",400,14000,28000,0,0,0,28000,183600,6426000,12852000,0,0,0,12852000,,,0,0,1206400,0,0,0,23.3,130.2,12.8,23.3,0,0,0
"2026/02/09","2026/02/12","5283","高見澤","東証およびＰＴＳ",,"確報",0,0,0,0,0,0,0,0,0,0,0,0,0,0,,,0,0,0,0,0,0,0,0,0,0,0,0,0
"2026/02/09","2026/02/12","5284","ヤマウＨＤ","東証およびＰＴＳ",,"確報",0,200,600,0,0,0,600,0,486400,1459200,0,0,0,1459200,,,0,0,0,34400,0,0,17,17,17,17,0,0,0
"2026/02/09","2026/02/12","5285","ヤマックス","東証およびＰＴＳ",,"確報",100,200,9300,0,0,200,9100,188000,376000,17484000,0,0,376000,17108000,,,0,0,0,141000,3000,0,7.7,11.3,13.1,12.1,124,1.8,3.5
"2026/02/09","2026/02/12","5287","イトーヨーギョー","東証およびＰＴＳ",,"確報",200,1000,15600,0,0,0,15600,255600,1278000,19936800,0,0,0,19936800,,,0,0,0,426400,0,0,23.2,27.7,19.9,23.2,0,0,0
"2026/02/09","2026/02/12","5288","アジアパイルＨＤ","東証およびＰＴＳ",,"確報",500,0,19400,0,0,0,19400,762500,0,29585000,0,0,0,29585000,,,0,0,548100,0,0,0,18.3,17.5,19.3,18.3,0,0,0
"2026/02/09","2026/02/12","5290","ベルテクス","東証およびＰＴＳ",,"確報",1800,1800,37000,0,200,42900,-5900,2437200,2437200,50098000,0,270800,58086600,-7988600,,,0,0,1443000,0,0,1680900,12.6,6.6,6.3,6.5,45,1034,86.2
"2026/02/09","2026/02/12","5301","東海カーボン","東証およびＰＴＳ",,"確報",100,6500,42000,0,0,0,42000,110700,7195500,46494000,0,0,0,46494000,,,0,0,24200,0,0,0,21.9,34.1,17.8,23.4,1,0.3,0.4
"2026/02/09","2026/02/12","5302","日本カーボン","東証およびＰＴＳ",,"確報",0,1000,1100,0,500,500,600,0,4815000,5296500,0,2407500,2407500,2889000,,,0,0,115500,0,0,55000,6.6,5.5,5.1,5.3,47,5.9,10.4
"2026/02/09","2026/02/12","5304","ＳＥＣカーボン","東証およびＰＴＳ",,"確報",0,400,1700,0,400,1700,0,0,1143600,4860300,0,1143600,4860300,0,,,0,0,0,14700,14700,0,10.2,15.3,6.3,8.9,26.8,7.6,11.9
"2026/02/09","2026/02/12","5310","東洋炭素","東証およびＰＴＳ",,"確報",0,700,6500,500,0,1500,5000,0,4053000,37635000,2895000,0,8685000,28950000,,,0,0,1584000,0,0,220000,16.5,48.7,11.8,18.9,12.6,7.9,9.7
"2026/02/09","2026/02/12","5331","ノリタケ","東証およびＰＴＳ",,"確報",400,0,11300,0,1000,7900,3400,2656000,0,75032000,0,6640000,52456000,22576000,,,0,0,1308000,0,0,1068000,6.8,3.3,5.6,4.2,13.5,27.1,18
"2026/02/09","2026/02/12","5332","ＴＯＴＯ","東証およびＰＴＳ",,"確報",1600,9500,29500,3000,500,47100,-17600,9241600,54872000,170392000,17328000,2888000,272049600,-101657600,,,0,0,7330400,0,0,8741600,6.4,7.6,6.5,7,5.7,6.3,6
"2026/02/09","2026/02/12","5333","日本碍子","東証およびＰＴＳ",,"確報",21000,3800,36800,27400,0,36800,0,86226000,15602800,151100800,112504400,0,151100800,0,,,0,0,2332400,0,0,1118600,5.2,3.3,12.6,5.3,2.6,249.3,5.2
"2026/02/09","2026/02/12","5334","日本特殊陶業","東証およびＰＴＳ",,"確報",300,10800,17600,300,0,1200,16400,2022900,72824400,118676800,2022900,0,8091600,110585200,,,0,0,3653000,0,0,117000,8.1,12,5.9,8,8.3,14.5,10.5
"2026/02/09","2026/02/12","5337","ダントーＨＤ","東証およびＰＴＳ",,"確報",400,3400,1500,0,0,0,1500,250000,2125000,937500,0,0,0,937500,,,0,0,9000,0,0,0,1.6,1.7,1.6,1.6,0,0,0
"2026/02/09","2026/02/12","5341","ＡＳＡＨＩ　ＥＩＴＯ","東証およびＰＴＳ",,"確報",400,0,7800,0,0,0,7800,83600,0,1630200,0,0,0,1630200,,,0,0,37000,0,0,0,106,53,0,106,0,0,0
"2026/02/09","2026/02/12","5344","ＭＡＲＵＷＡ","東証およびＰＴＳ",,"確報",300,1200,2500,1600,100,2500,0,14328000,57312000,119400000,76416000,4776000,119400000,0,,,0,0,7344000,0,0,2160000,1.8,2.3,1.8,2,1.8,1.7,1.8
"2026/02/09","2026/02/12","5351","品川リフラ","東証およびＰＴＳ",,"確報",2400,5100,4100,200,0,4100,0,5436000,11551500,9286500,453000,0,9286500,0,,,0,0,510000,0,0,292500,3.3,1.9,2,2,12.1,16.5,13.9
"2026/02/09","2026/02/12","5352","黒崎播磨","東証およびＰＴＳ",,"確報",200,100,3900,0,0,0,3900,841000,420500,16399500,0,0,0,16399500,,,0,0,19000,0,0,0,2.6,2,3.7,2.6,0,0,0
"2026/02/09","2026/02/12","5355","日本坩堝","東証およびＰＴＳ",,"確報",0,0,300,0,0,0,300,0,0,195300,0,0,0,195300,,,0,0,900,0,0,0,9.7,29,5.8,9.7,0,0,0
"2026/02/09","2026/02/12","5356","美濃窯業","東証およびＰＴＳ",,"確報",0,0,6700,0,0,0,6700,0,0,8113700,0,0,0,8113700,,,0,0,13400,0,0,0,224.7,0,0,0,2,1,1.3
"2026/02/09","2026/02/12","5357","ヨータイ","東証およびＰＴＳ",,"確報",300,3900,7600,100,3900,7600,0,571500,7429500,14478000,190500,7429500,14478000,0,,,0,0,963200,0,0,980400,11.5,16.8,9,11.7,15.7,8.7,11.2
"2026/02/09","2026/02/12","5363","東京窯業","東証およびＰＴＳ",,"確報",400,0,6300,0,0,0,6300,238000,0,3748500,0,0,0,3748500,,,0,0,47200,0,0,0,16.5,12.8,70.3,21.6,2.7,1.3,1.8
"2026/02/09","2026/02/12","5367","ニッカトー","東証およびＰＴＳ",,"確報",0,4300,2800,0,300,900,1900,0,2885300,1878800,0,201300,603900,1274900,,,0,0,42600,0,0,7200,8,15.5,5.5,8.1,18.7,4.7,7.5
"2026/02/09","2026/02/12","5368","日本インシュレ","東証およびＰＴＳ",,"確報",300,0,4100,0,0,0,4100,338700,0,4628900,0,0,0,4628900,,,0,0,53200,0,0,0,42.2,52.8,35.2,42.2,0,0,0
"2026/02/09","2026/02/12","5380","新東","東証およびＰＴＳ",,"確報",0,200,2400,0,0,0,2400,0,322400,3868800,0,0,0,3868800,,,0,0,0,10400,0,0,40.7,40.7,40.7,40.7,0,0,0
"2026/02/09","2026/02/12","5381","マイポックス","東証およびＰＴＳ",,"確報",13700,30400,128300,4000,400,128300,0,10699700,23742400,100202300,3124000,312400,100202300,0,,,0,0,8120000,0,0,6983200,7,5.4,5.8,5.5,7.3,14.5,9.7
"2026/02/09","2026/02/12","5384","フジミイン","東証およびＰＴＳ",,"確報",600,0,12900,900,0,7000,5900,1782600,0,38325900,2673900,0,20797000,17528900,,,0,0,1217700,0,0,603900,5.5,5.9,4,4.8,20,4.1,6.8
"2026/02/09","2026/02/12","5386","鶴弥","東証およびＰＴＳ",,"確報",0,0,0,0,0,0,0,0,0,0,0,0,0,0,,,0,0,0,0,0,0,6,0,3,6,0,0,0
"2026/02/09","2026/02/12","5388","クニミネ工業","東証およびＰＴＳ",,"確報",0,0,500,0,0,100,400,0,0,670500,0,0,134100,536400,,,0,0,12500,0,0,2500,32,0,0,0,7,7,7
"2026/02/09","2026/02/12","5391","Ａ＆Ａマテリアル","東証およびＰＴＳ",,"確報",300,0,1600,0,500,0,1600,427200,0,2278400,0,712000,0,2278400,,,0,0,0,0,0,0,2.8,4.6,2.3,3,1.8,1.8,1.8
"2026/02/09","2026/02/12","5393","ニチアス","東証およびＰＴＳ",,"確報",500,2700,4700,100,1800,9300,-4600,4232500,22855500,39785500,846500,15237000,78724500,-38939000,,,0,0,1290300,0,0,2057000,7.4,6.2,3.5,4.5,11.5,13.7,12.5
"2026/02/09","2026/02/12","5401","日本製鉄","東証およびＰＴＳ",,"確報",8900,72200,1922600,0,170200,348500,1574100,5988810,48583380,1293717540,0,114527580,234505650,1059211890,,,0,0,0,7546420,1971060,0,18.3,103.9,20.7,34.5,3.2,8.6,4.6
"2026/02/09","2026/02/12","5406","神戸製鋼所","東証およびＰＴＳ",,"確報",6800,8600,114700,0,200,7300,107400,15493800,19595100,261343950,0,455700,16633050,244710900,,,0,0,0,5009500,322500,0,6.4,10.3,4.5,6.2,9.9,10.7,10.3
"2026/02/09","2026/02/12","5408","中山製鋼所","東証およびＰＴＳ",,"確報",18300,9500,80800,0,12000,60000,20800,11455800,5947000,50580800,0,7512000,37560000,13020800,,,0,0,0,432000,432000,0,10.1,8.8,6,7.1,976.3,9,17.9
"2026/02/09","2026/02/12","5410","合同製鐵","東証およびＰＴＳ",,"確報",900,1800,3000,0,0,0,3000,3636000,7272000,12120000,0,0,0,12120000,,,0,0,0,0,0,0,5.9,11.3,4,5.9,0,0,0
"2026/02/09","2026/02/12","5411","ＪＦＥ","東証およびＰＴＳ",,"確報",2100,11100,68300,7900,18300,66900,1400,4757550,25147050,154733650,17897450,41458650,151561950,3171700,,,0,0,1932500,0,0,1932500,4.8,15.2,12,13.4,1.9,3.3,2.5
"2026/02/09","2026/02/12","5423","東京製鐵","東証およびＰＴＳ",,"確報",0,0,3800,16500,7300,128900,-125100,0,0,6137000,26647500,11789500,208173500,-202036500,,,0,0,144400,0,0,4548600,16.3,76.7,2.7,5.2,12.2,32.4,17.8
"2026/02/09","2026/02/12","5440","共英製鋼","東証およびＰＴＳ",,"確報",3000,6800,5800,0,3100,5800,0,7638000,17312800,14766800,0,7892600,14766800,0,,,0,0,0,67200,62300,0,3.9,2.5,3.2,2.8,4.2,9,5.7
"2026/02/09","2026/02/12","5444","大和工業","東証およびＰＴＳ",,"確報",0,700,5300,300,1000,5300,0,0,8991500,68078500,3853500,12845000,68078500,0,,,0,0,1830000,0,0,1830000,5.7,4.3,3.9,4.1,7.7,12.3,9.4
"2026/02/09","2026/02/12","5445","東京鐵鋼","東証およびＰＴＳ",,"確報",0,100,3300,0,0,0,3300,0,643000,21219000,0,0,0,21219000,,,0,0,238000,0,0,0,19.6,58.7,11.7,19.6,0,0,0
"2026/02/09","2026/02/12","5446","北越メタル","東証およびＰＴＳ",,"確報",0,0,1200,0,0,0,1200,0,0,1516800,0,0,0,1516800,,,0,0,0,7200,0,0,0,0,0,0,0,0,0
"2026/02/09","2026/02/12","5449","大阪製鐵","東証およびＰＴＳ",,"確報",5500,0,945500,11100,11900,81600,863900,14404500,0,2476264500,29070900,31166100,213710400,2262554100,,,0,0,0,259440000,22742400,0,119.5,484.7,1959,777.1,10.1,12,11
"2026/02/09","2026/02/12","5451","ヨドコウ","東証およびＰＴＳ",,"確報",600,500,14600,10000,100,92000,-77400,865200,721000,21053200,14420000,144200,132664000,-111610800,,,0,0,130500,0,0,738900,38.3,15.1,14.5,14.8,41.1,72.4,52.4
"2026/02/09","2026/02/12","5458","高砂鐵工","東証およびＰＴＳ",,"確報",0,0,1300,0,0,0,1300,0,0,1508000,0,0,0,1508000,,,0,0,65000,0,0,0,66,66,66,66,0,0,0
"2026/02/09","2026/02/12","5461","中部鋼鈑","東証およびＰＴＳ",,"確報",0,300,21800,0,500,26000,-4200,0,706500,51339000,0,1177500,61230000,-9891000,,,0,0,419900,0,0,503500,23.2,14.1,37.1,20.4,157,14.1,25.9
"2026/02/09","2026/02/12","5463","丸一鋼管","東証およびＰＴＳ",,"確報",7300,200,23700,0,1600,66600,-42900,11789500,323000,38275500,0,2584000,107559000,-69283500,,,0,0,215800,0,0,886600,33,5.6,24.7,9.1,131.3,71.1,92.3
"2026/02/09","2026/02/12","5464","モリ工業","東証およびＰＴＳ",,"確報",3000,16900,6500,0,2100,6500,0,3027000,17052100,6558500,0,2118900,6558500,0,,,0,0,183600,0,0,77400,2.1,1.5,1.4,1.5,5.3,4,4.5
"2026/02/09","2026/02/12","5471","大同特殊鋼","東証およびＰＴＳ",,"確報",1100,11500,105100,9700,0,20500,84600,2250600,23529000,215034600,19846200,0,41943000,173091600,,,0,0,288750,0,0,27000,11,38.2,7.6,12.7,4.7,5.9,5.3
"2026/02/09","2026/02/12","5480","日本冶金工業","東証およびＰＴＳ",,"確報",1900,4200,21800,0,2300,21800,0,9158000,20244000,105076000,0,11086000,105076000,0,,,0,0,1446000,0,0,1446000,11.9,12.3,9.4,10.7,17.9,10.9,13.5
"2026/02/09","2026/02/12","5482","愛知製鋼","東証およびＰＴＳ",,"確報",600,7600,17300,400,0,8200,9100,1998000,25308000,57609000,1332000,0,27306000,30303000,,,0,0,607500,0,0,195000,8,13.6,6.1,8.4,3.8,26.5,6.7
"2026/02/09","2026/02/12","5484","東北特殊鋼","東証およびＰＴＳ",,"確報",200,0,300,0,0,0,300,441400,0,662100,0,0,0,662100,,,0,0,3700,0,0,0,2.3,2.7,2,2.3,0,0,0
"2026/02/09","2026/02/12","5491","日本金属","東証およびＰＴＳ",,"確報",2400,2000,41200,100,100,13000,28200,2337600,1948000,40128800,97400,97400,12662000,27466800,,,0,0,0,1020000,325000,0,42.1,83.4,44.4,57.9,116,12.9,23.2
"2026/02/09","2026/02/12","5527","ｐｒｏｐｅｔｅｃ","東証およびＰＴＳ",,"確報",0,200,23800,0,0,0,23800,0,145400,17302600,0,0,0,17302600,,,0,0,72000,0,0,0,152,304,101.3,152,0,0,0
"2026/02/09","2026/02/12","5532","リアルゲイト","東証およびＰＴＳ",,"確報",100,1500,16200,0,0,0,16200,285700,4285500,46283400,0,0,0,46283400,,,0,0,2024000,0,0,0,33.3,88.3,20.5,33.3,0,0,0
"2026/02/09","2026/02/12","5533","エリッツＨＤ","東証およびＰＴＳ",,"確報",0,0,500,0,0,0,500,0,0,996500,0,0,0,996500,,,0,0,0,0,0,0,0,0,0,0,0,0,0
"2026/02/09","2026/02/12","5535","ミガロＨＤ","東証およびＰＴＳ",,"確報",12900,0,102200,0,0,0,102200,5379300,0,42617400,0,0,0,42617400,,,0,0,89300,0,0,0,21,18.9,23.6,21,0,0,0
"2026/02/09","2026/02/12","5537","ＡｌｂａＬｉｎｋ","東証およびＰＴＳ",,"確報",100,200,40100,0,0,0,40100,245900,491800,98605900,0,0,0,98605900,,,0,0,2412000,0,0,0,50.2,48.3,52.2,50.2,0,0,0
"2026/02/09","2026/02/12","5541","大平洋金属","東証およびＰＴＳ",,"確報",9400,13700,66800,0,4300,66800,0,27579600,40195800,195991200,0,12616200,195991200,0,,,0,0,0,2061900,2061900,0,9.5,6.8,4.4,5.3,70.8,31,43.1
"2026/02/09","2026/02/12","5542","新報国マテリアル","東証およびＰＴＳ",,"確報",500,0,1600,0,0,0,1600,384500,0,1230400,0,0,0,1230400,,,0,0,17600,0,0,0,19,9.5,0,19,0,0,0
"2026/02/09","2026/02/12","5563","新日本電工","東証およびＰＴＳ",,"確報",800,12400,321100,30000,16800,692100,-371000,323200,5009600,129724400,12120000,6787200,279608400,-149884000,,,0,0,1330800,0,0,2715600,20.2,12.9,10.4,11.5,18.6,86.2,30.6
"2026/02/09","2026/02/12","5570","ジェノバ","東証およびＰＴＳ",,"確報",0,300,6800,0,0,0,6800,0,214500,4862000,0,0,0,4862000,,,0,0,0,35500,0,0,41.5,50.4,35.3,41.5,0,0,0
"2026/02/09","2026/02/12","5571","エキサイトＨＤ","東証およびＰＴＳ",,"確報",100,0,1500,0,0,0,1500,128000,0,1920000,0,0,0,1920000,,,0,0,0,18200,0,0,13.3,24.3,9.1,13.3,0,0,0
"2026/02/09","2026/02/12","5572","Ｒｉｄｇｅ－ｉ","東証およびＰＴＳ",,"確報",200,0,7100,0,0,0,7100,412800,0,14654400,0,0,0,14654400,,,0,0,0,213900,0,0,87.5,87.5,87.5,87.5,0,0,0
"2026/02/09","2026/02/12","5574","ＡＢＥＪＡ","東証およびＰＴＳ",,"確報",0,500,34000,0,0,0,34000,0,1585000,107780000,0,0,0,107780000,,,0,0,4140000,0,0,0,27.6,72.4,17,27.6,0,0,0
"2026/02/09","2026/02/12","5575","Ｇｌｏｂｅｅ","東証およびＰＴＳ",,"確報",0,0,3600,0,0,0,3600,0,0,2358000,0,0,0,2358000,,,0,0,0,3600,0,0,93.5,187,62.3,93.5,0,0,0
"2026/02/09","2026/02/12","5576","オービーシステム","東証およびＰＴＳ",,"確報",600,0,1600,0,0,0,1600,1647600,0,4393600,0,0,0,4393600,,,0,0,6000,0,0,0,8.3,10.3,6.9,8.3,0,0,0
"2026/02/09","2026/02/12","5578","ＡＲアドバンスト","東証およびＰＴＳ",,"確報",100,1100,12000,0,0,0,12000,105700,1162700,12684000,0,0,0,12684000,,,0,0,208000,0,0,0,50.2,81.6,36.3,50.2,0,0,0
"2026/02/09","2026/02/12","5580","プロディライト","東証およびＰＴＳ",,"確報",0,0,600,0,0,0,600,0,0,1015200,0,0,0,1015200,,,0,0,0,5400,0,0,0,0,0,0,0,0,0
"2026/02/09","2026/02/12","5582","グリッド","東証およびＰＴＳ",,"確報",0,300,12500,0,0,0,12500,0,733200,30550000,0,0,0,30550000,,,0,0,256000,0,0,0,31.6,18.2,120,31.6,0,0,0
"2026/02/09","2026/02/12","5586","Ｌａｂｏｒｏ．ＡＩ","東証およびＰＴＳ",,"確報",1800,0,27500,0,0,0,27500,1639800,0,25052500,0,0,0,25052500,,,0,0,745300,0,0,0,56.3,30.9,316.5,56.3,0,0,0
"2026/02/09","2026/02/12","5587","インバウンドＰＦ","東証およびＰＴＳ",,"確報",0,200,2400,0,0,0,2400,0,172000,2064000,0,0,0,2064000,,,0,0,0,44200,0,0,37.1,65,26,37.1,0,0,0
"2026/02/09","2026/02/12","5588","ファーストＡ","東証およびＰＴＳ",,"確報",600,100,5600,0,0,0,5600,539400,89900,5034400,0,0,0,5034400,,,0,0,0,35700,0,0,8.7,10,7.6,8.7,0,0,0
"2026/02/09","2026/02/12","5589","オートサーバー","東証およびＰＴＳ",,"確報",0,0,1900,100,0,600,1300,0,0,4909600,258400,0,1550400,3359200,,,0,0,0,77900,20500,0,13.2,0,32.3,64.7,17.5,2.3,4.1
"2026/02/09","2026/02/12","5590","ネットスターズ","東証およびＰＴＳ",,"確報",1000,1400,244700,0,1800,82900,161800,853000,1194200,208729100,0,1535400,70713700,138015400,,,0,0,7353000,0,0,2541000,34.7,15.8,696.3,30.9,34.7,106.9,52.4
"2026/02/09","2026/02/12","5591","ＡＶＩＬＥＮ","東証およびＰＴＳ",,"確報",100,200,4600,0,0,0,4600,118700,237400,5460200,0,0,0,5460200,,,0,0,94000,0,0,0,21.4,66.8,12.7,21.4,0,0,0
"2026/02/09","2026/02/12","5592","くすりの窓口","東証およびＰＴＳ",,"確報",0,1400,16000,0,0,0,16000,0,3630200,41488000,0,0,0,41488000,,,0,0,1131000,0,0,0,48.1,54.5,43.1,48.1,0,0,0
"2026/02/09","2026/02/12","5596","アウトルック","東証およびＰＴＳ",,"確報",0,200,0,0,0,0,0,0,357200,0,0,0,0,0,,,0,0,0,0,0,0,8,0,4,8,0,0,0
"2026/02/09","2026/02/12","5597","ブルーイノベーション","東証およびＰＴＳ",,"確報",0,1000,22500,0,0,0,22500,0,1667000,37507500,0,0,0,37507500,,,0,0,0,705000,0,0,66.5,53.9,87,66.5,0,0,0
"2026/02/09","2026/02/12","5599","Ｓ＆Ｊ","東証およびＰＴＳ",,"確報",800,0,5300,0,0,0,5300,1856000,0,12296000,0,0,0,12296000,,,0,0,648000,0,0,0,15.9,23.1,12.2,15.9,0,0,0
"2026/02/09","2026/02/12","5602","栗本鐵工所","東証およびＰＴＳ",,"確報",93900,0,135000,800,5800,22400,112600,153057000,0,220050000,1304000,9454000,36512000,183538000,,,0,0,0,1561800,1041200,0,4.3,2.2,6.5,3.3,23.9,15.6,18.9
"2026/02/09","2026/02/12","5603","虹技","東証およびＰＴＳ",,"確報",0,100,9400,0,0,0,9400,0,133000,12502000,0,0,0,12502000,,,0,0,76000,0,0,0,136,158.7,119,136,0,0,0
"2026/02/09","2026/02/12","5609","日本鋳造","東証およびＰＴＳ",,"確報",0,0,8200,0,0,0,8200,0,0,6920800,0,0,0,6920800,,,0,0,41000,0,0,0,412,0,206,412,0,0,0
"2026/02/09","2026/02/12","5612","日本鋳鉄管","東証およびＰＴＳ",,"確報",100,400,14700,0,0,0,14700,193500,774000,28444500,0,0,0,28444500,,,0,0,330000,0,0,0,56.4,48.9,66.6,56.4,0,0,0
"2026/02/09","2026/02/12","5616","雨風太陽","東証およびＰＴＳ",,"確報",0,0,4900,0,0,0,4900,0,0,4307100,0,0,0,4307100,,,0,0,24500,0,0,0,12.9,0,6.5,12.9,0,0,0
"2026/02/09","2026/02/12","5618","ナイル","東証およびＰＴＳ",,"確報",0,0,2600,0,0,0,2600,0,0,798200,0,0,0,798200,,,0,0,0,2600,0,0,12.3,0,6.1,12.3,0,0,0
"2026/02/09","2026/02/12","5619","マーソ","東証およびＰＴＳ",,"確報",0,0,0,0,0,0,0,0,0,0,0,0,0,0,,,0,0,0,0,0,0,0,0,0,0,0,0,0
"2026/02/09","2026/02/12","5621","ヒューマンＴ","東証およびＰＴＳ",,"確報",0,100,2000,0,0,0,2000,0,176200,3524000,0,0,0,3524000,,,0,0,123900,0,0,0,68,51,102,68,0,0,0
"2026/02/09","2026/02/12","5631","日本製鋼所","東証およびＰＴＳ",,"確報",1800,41100,94700,1900,100,66200,28500,17020800,388641600,895483200,17966400,945600,625987200,269496000,,,0,0,77318000,0,0,37158800,22.4,25.9,10.6,15.1,162.5,541.7,250
"2026/02/09","2026/02/12","5632","三菱製鋼","東証およびＰＴＳ",,"確報",500,100,14100,800,0,7200,6900,962500,192500,27142500,1540000,0,13860000,13282500,,,0,0,397300,0,0,185600,14.8,27.7,10.1,14.8,8.8,48.3,14.9
"2026/02/09","2026/02/12","5644","メタルアート","東証およびＰＴＳ",,"確報",0,100,1900,0,0,0,1900,0,562000,10678000,0,0,0,10678000,,,0,0,60000,0,0,0,31.7,31.7,31.7,31.7,0,0,0
"2026/02/09","2026/02/12","5658","日亜鋼業","東証およびＰＴＳ",,"確報",400,300,8900,200,100,8900,0,159200,119400,3542200,79600,39800,3542200,0,,,0,0,44000,0,0,44000,7.4,4.7,4.9,4.8,15.6,18.1,16.8
"2026/02/09","2026/02/12","5659","日本精線","東証およびＰＴＳ",,"確報",200,1300,6000,200,3300,26200,-20200,252800,1643200,7584000,252800,4171200,33116800,-25532800,,,0,0,0,21300,87900,0,14.3,6.5,9.3,7.6,29.1,12,17
"2026/02/09","2026/02/12","5660","神鋼鋼線工業","東証およびＰＴＳ",,"確報",300,500,6200,0,0,0,6200,439200,732000,9076800,0,0,0,9076800,,,0,0,0,185600,0,0,23.1,26,20.8,23.1,0,0,0
"2026/02/09","2026/02/12","5695","パウダーテック","東証およびＰＴＳ",,"確報",0,100,400,0,0,0,400,0,244700,978800,0,0,0,978800,,,0,0,3500,0,0,0,48,0,24,48,0,0,0
"2026/02/09","2026/02/12","5697","サンユウ","東証およびＰＴＳ",,"確報",0,0,1900,0,0,0,1900,0,0,1523800,0,0,0,1523800,,,0,0,0,17100,0,0,4.7,4.7,4.7,4.7,0,0,0
"2026/02/09","2026/02/12","5698","エンビプロＨＤ","東証およびＰＴＳ",,"確報",3200,2600,42400,0,0,0,42400,2880000,2340000,38160000,0,0,0,38160000,,,0,0,0,1463000,0,0,20.9,18.1,24.7,20.9,0,0,0
"2026/02/09","2026/02/12","5699","イボキン","東証およびＰＴＳ",,"確報",0,0,9300,0,0,0,9300,0,0,14359200,0,0,0,14359200,,,0,0,297600,0,0,0,37.4,21.2,155.7,37.4,0,0,0
"2026/02/09","2026/02/12","5702","大紀アルミニウム工業","東証およびＰＴＳ",,"確報",11300,300,50000,2900,0,32300,17700,15707000,417000,69500000,4031000,0,44897000,24603000,,,0,0,2223000,0,0,1675800,14,12.2,15,13.4,14.2,15.6,14.8
"2026/02/09","2026/02/12","5703","日本軽金属ＨＤ","東証およびＰＴＳ",,"確報",9400,600,21500,1900,2600,21500,0,28717000,1833000,65682500,5804500,7943000,65682500,0,,,0,0,1587500,0,0,2775000,3.6,3.3,1.2,1.7,7.4,20.6,10.9
"2026/02/09","2026/02/12","5704","ＪＭＣ","東証およびＰＴＳ",,"確報",0,800,6800,0,0,0,6800,0,342400,2910400,0,0,0,2910400,,,0,0,91200,0,0,0,93,0,46.5,93,0,0,0
"2026/02/09","2026/02/12","5706","三井金属","東証およびＰＴＳ",,"確報",100,84600,12500,49500,900,153200,-140700,2259500,1911537000,282437500,1118452500,20335500,3461554000,-3179116500,,,0,0,175570000,0,0,189326000,5.7,4,2,2.7,9.4,32.5,14.6
"2026/02/09","2026/02/12","5707","東邦亜鉛","東証およびＰＴＳ",,"確報",30900,30400,371700,6100,6700,371700,0,47462400,46694400,570931200,9369600,10291200,570931200,0,,,0,0,371200,0,0,372300,19,9.5,15.9,11.9,86.9,31.4,46.1
"2026/02/09","2026/02/12","5711","三菱マテリアル","東証およびＰＴＳ",,"確報",11700,6400,152000,6000,700,152000,0,55879200,30566400,725952000,28656000,3343200,725952000,0,,,0,0,34767900,0,0,34767900,10.8,6.4,6,6.2,32.7,55.6,41.1
"2026/02/09","2026/02/12","5713","住友金属鉱山","東証およびＰＴＳ",,"確報",14900,22200,259900,3500,500,5000,254900,140924200,209967600,2458134200,33103000,4729000,47290000,2410844200,,,0,0,187841600,0,0,1406000,10.4,13.9,9.7,11.4,1.6,1.8,1.7
"2026/02/09","2026/02/12","5714","ＤＯＷＡＨＤ","東証およびＰＴＳ",,"確報",0,8200,17300,500,0,3600,13700,0,77317800,163121700,4714500,0,33944400,129177300,,,0,0,10557000,0,0,1283400,6.7,11.6,5.6,7.6,5.2,3.8,4.4
"2026/02/09","2026/02/12","5715","古河機械金属","東証およびＰＴＳ",,"確報",40200,40600,114700,600,1000,114700,0,208638000,210714000,595293000,3114000,5190000,595293000,0,,,0,0,10359000,0,0,10359000,7.7,6,4.2,4.9,11.5,96.4,20.6
"2026/02/09","2026/02/12","5721","エス・サイエンス","東証およびＰＴＳ",,"確報",5100,800,602900,0,0,0,602900,749700,117600,88626300,0,0,0,88626300,,,0,0,4190200,0,0,0,56.5,53.1,60.4,56.5,0,0,0
"2026/02/09","2026/02/12","5724","アサカ理研","東証およびＰＴＳ",,"確報",900,2300,26300,0,0,0,26300,3721500,9510500,108750500,0,0,0,108750500,,,0,0,0,7617500,0,0,14.2,15,13.4,14.2,0,0,0
"2026/02/09","2026/02/12","5726","大阪チタニウムテクノ","東証およびＰＴＳ",,"確報",14700,3900,532500,1300,9800,1329300,-796800,36750000,9750000,1331250000,3250000,24500000,3323250000,-1992000000,,,0,0,0,1565100,4013400,0,49.7,36.7,11,17,174.7,313.4,224.4
"2026/02/09","2026/02/12","5727","東邦チタニウム","東証およびＰＴＳ",,"確報",7700,7100,64700,0,11800,51700,13000,14514500,13383500,121959500,0,22243000,97454500,24505000,,,0,0,6025400,0,0,5969000,6.4,4.1,3.9,4,48.2,13.9,21.6
"2026/02/09","2026/02/12","5729","日本精鉱","東証およびＰＴＳ",,"確報",400,100,3300,0,0,0,3300,4336000,1084000,35772000,0,0,0,35772000,,,0,0,0,450000,0,0,5,4.4,5.7,5,0,0,0
"2026/02/09","2026/02/12","5741","ＵＡＣＪ","東証およびＰＴＳ",,"確報",3200,4300,29600,9700,600,29600,0,9020800,12121700,83442400,27344300,1691400,83442400,0,,,0,0,7736400,0,0,5166000,14.6,21.3,21.3,21.3,8.9,12.4,10.3
"2026/02/09","2026/02/12","5742","エヌアイシ・オート","東証およびＰＴＳ",,"確報",0,0,4200,0,100,500,3700,0,0,3372600,0,80300,401500,2971100,,,0,0,0,8400,1200,0,76.7,0,0,0,4,20,6.7
"2026/02/09","2026/02/12","5753","日本伸銅","東証およびＰＴＳ",,"確報",100,100,9900,0,0,0,9900,254000,254000,25146000,0,0,0,25146000,,,0,0,326700,0,0,0,94.2,52.3,471,94.2,0,0,0
"2026/02/09","2026/02/12","5757","ＣＫサンエツ","東証およびＰＴＳ",,"確報",0,200,1500,0,0,0,1500,0,902000,6765000,0,0,0,6765000,,,0,0,229500,0,0,0,15.5,85,8.5,15.5,0,0,0
"2026/02/09","2026/02/12","5801","古河電気工業","東証およびＰＴＳ",,"確報",20000,28100,104400,9500,5400,33600,70800,350000000,491750000,1827000000,166250000,94500000,588000000,1239000000,,,0,0,337500000,0,0,88500000,7.1,7.1,8.1,7.6,5.1,7.2,6
"2026/02/09","2026/02/12","5802","住友電気工業","東証およびＰＴＳ",,"確報",0,108600,101400,3200,0,13200,88200,0,908656200,848413800,26774400,0,110444400,737969400,,,0,0,173670000,0,0,8270000,6.2,8.2,5.7,6.7,2.4,4.6,3.2
"2026/02/09","2026/02/12","5803","フジクラ","東証およびＰＴＳ",,"確報",129800,17100,366700,17300,3800,113300,253400,2849759000,375430500,8050898500,379821500,83429000,2487501500,5563397000,,,0,0,0,111760000,43912000,0,8.1,4.9,9.2,6.4,20.1,23.3,21.6
"2026/02/09","2026/02/12","5805","ＳＷＣＣ","東証およびＰＴＳ",,"確報",22100,6100,55700,5700,300,67500,-11800,292383000,80703000,736911000,75411000,3969000,893025000,-156114000,,,0,0,25408000,0,0,39744000,11,5.2,7.9,6.2,22.2,33.8,26.8
"2026/02/09","2026/02/12","5816","オーナンバ","東証およびＰＴＳ",,"確報",0,0,312900,0,0,3800,309100,0,0,467785500,0,0,5681000,462104500,,,0,0,4380600,0,0,53200,4523.1,0,0,0,46.5,62,53.1
"2026/02/09","2026/02/12","5817","ＪＭＡＣＳ","東証およびＰＴＳ",,"確報",9700,2400,29700,0,0,0,29700,11834000,2928000,36234000,0,0,0,36234000,,,0,0,0,470400,0,0,5.6,4,9.2,5.6,0,0,0
"2026/02/09","2026/02/12","5819","カナレ電気","東証およびＰＴＳ",,"確報",100,0,300,0,0,0,300,186300,0,558900,0,0,0,558900,,,0,0,0,200,0,0,22,11,0,22,0,0,0
"2026/02/09","2026/02/12","5820","三ッ星","東証およびＰＴＳ",,"確報",0,100,145800,0,0,0,145800,0,67700,98706600,0,0,0,98706600,,,0,0,145900,0,0,0,912.4,1216.5,729.9,912.4,0,0,0
"2026/02/09","2026/02/12","5821","平河ヒューテック","東証およびＰＴＳ",,"確報",100,1900,157400,0,0,0,157400,373500,7096500,587889000,0,0,0,587889000,,,0,0,24676000,0,0,0,90.1,65.2,146,90.1,0,0,0
"2026/02/09","2026/02/12","5830","いよぎんＨＤ","東証およびＰＴＳ",,"確報",2300,6300,45900,100,4100,45900,0,7417500,20317500,148027500,322500,13222500,148027500,0,,,0,0,3243500,0,0,3243500,5.9,6.2,2.7,3.7,11.5,16.8,13.7
"2026/02/09","2026/02/12","5831","しずおかＦＧ","東証およびＰＴＳ",,"確報",0,1100,29500,3800,400,13700,15800,0,3178450,85240250,10980100,1155800,39586150,45654100,,,0,0,3519000,0,0,1184500,11.8,17.6,13.7,15.4,6,9.7,7.4
"2026/02/09","2026/02/12","5832","ちゅうぎんＦＧ","東証およびＰＴＳ",,"確報",0,1200,5500,0,400,3400,2100,0,3976800,18227000,0,1325600,11267600,6959400,,,0,0,676700,0,0,383800,7,7.1,8.3,7.6,4.3,10.5,6.1
"2026/02/09","2026/02/12","5834","ＳＢＩリーシング","東証およびＰＴＳ",,"確報",0,800,32500,200,100,200,32300,0,5608000,227825000,1402000,701000,1402000,226423000,,,0,0,0,333000,1000,0,16.1,48.2,10.2,16.8,1,1.5,1.2
"2026/02/09","2026/02/12","5838","楽天銀行","東証およびＰＴＳ",,"確報",12100,1300,270200,100,700,5400,264800,92903800,9981400,2074595600,767800,5374600,41461200,2033134400,,,0,0,0,12710600,294000,0,31.3,92.6,19.2,31.8,17.3,17.3,17.3
"2026/02/09","2026/02/12","5842","インテグラル","東証およびＰＴＳ",,"確報",200,0,5300,0,0,0,5300,683000,0,18099500,0,0,0,18099500,,,0,0,0,76500,0,0,10,67.3,5.4,10,0,0,0
"2026/02/09","2026/02/12","5843","ニッポンインシュア","東証およびＰＴＳ",,"確報",200,0,7500,0,0,0,7500,467000,0,17512500,0,0,0,17512500,,,0,0,36500,0,0,0,103.7,72.6,181.5,103.7,0,0,0
"2026/02/09","2026/02/12","5844","京都ＦＧ","東証およびＰＴＳ",,"確報",200,2400,16300,300,700,6800,9500,787600,9451200,64189400,1181400,2756600,26778400,37411000,,,0,0,2072000,0,0,806400,3.1,4.8,2,2.8,58.1,1.8,3.5
"2026/02/09","2026/02/12","5845","全保連","東証およびＰＴＳ",,"確報",1100,2400,13500,0,1300,13500,0,1111000,2424000,13635000,0,1313000,13635000,0,,,0,0,88800,0,0,88800,15.7,11.5,9.6,10.5,29.6,34,31.6
"2026/02/09","2026/02/12","5851","リョービ","東証およびＰＴＳ",,"確報",0,600,6200,200,0,900,5300,0,1740000,17980000,580000,0,2610000,15370000,,,0,0,204000,0,0,21000,5.8,16.3,11.2,13.3,1.5,1.7,1.6
"2026/02/09","2026/02/12","5852","アーレスティ","東証およびＰＴＳ",,"確報",100,2400,26900,0,700,0,26900,86000,2064000,23134000,0,602000,0,23134000,,,0,0,292000,0,0,7000,39,161.7,28.5,48.5,1,0.9,0.9
"2026/02/09","2026/02/12","5856","エルアイイーエイチ","東証およびＰＴＳ",,"確報",0,0,10000,0,0,0,10000,0,0,260000,0,0,0,260000,,,0,0,0,0,0,0,0,0,0,0,0,0,0
"2026/02/09","2026/02/12","5857","ＡＲＥＨＤ","東証およびＰＴＳ",,"確報",600,10300,76400,0,0,0,76400,2388000,40994000,304072000,0,0,0,304072000,,,0,0,15928500,0,0,0,11.9,11.7,12.2,11.9,1,1,1
"2026/02/09","2026/02/12","5858","ＳＴＧ","東証およびＰＴＳ",,"確報",100,0,800,0,0,0,800,167000,0,1336000,0,0,0,1336000,,,0,0,0,4200,0,0,34,17,0,34,0,0,0
"2026/02/09","2026/02/12","5867","エスネットワークス","東証およびＰＴＳ",,"確報",0,200,0,0,0,0,0,0,255200,0,0,0,0,0,,,0,0,6800,0,0,0,6,0,3,6,0,0,0
"2026/02/09","2026/02/12","5868","ロココ","東証およびＰＴＳ",,"確報",100,1600,3800,0,0,0,3800,106800,1708800,4058400,0,0,0,4058400,,,0,0,0,58300,0,0,22.8,62.8,13.9,22.8,0,0,0
"2026/02/09","2026/02/12","5869","早稲田学習研究会","東証およびＰＴＳ",,"確報",0,0,700,0,0,0,700,0,0,872900,0,0,0,872900,,,0,0,0,2800,0,0,15.2,0,36,72,1,1,1
"2026/02/09","2026/02/12","5870","ナルネット","東証およびＰＴＳ",,"確報",0,0,13000,0,0,0,13000,0,0,13429000,0,0,0,13429000,,,0,0,0,65000,0,0,324.5,216.3,649,324.5,0,0,0
"2026/02/09","2026/02/12","5871","ＳＯＬＩＺＥ　ＨＤ","東証およびＰＴＳ",,"確報",200,0,2500,0,700,1100,1400,289600,0,3620000,0,1013600,1592800,2027200,,,0,0,0,27600,21600,0,7.1,17.4,24.4,20.3,2.7,4.6,3.4
"2026/02/09","2026/02/12","5884","クラダシ","東証およびＰＴＳ",,"確報",0,0,2800,0,0,0,2800,0,0,1176000,0,0,0,1176000,,,0,0,0,2800,0,0,142,0,71,142,0,0,0
"2026/02/09","2026/02/12","5885","ジーデップアドバンス","東証およびＰＴＳ",,"確報",0,800,6300,0,0,0,6300,0,2200000,17325000,0,0,0,17325000,,,0,0,305300,0,0,0,29.3,91.5,17.4,29.3,0,0,0
"2026/02/09","2026/02/12","5888","ダイワサイクル","東証およびＰＴＳ",,"確報",0,400,1700,0,0,0,1700,0,1458000,6196500,0,0,0,6196500,,,0,0,0,10500,0,0,25.3,25.3,25.3,25.3,0,0,0
"2026/02/09","2026/02/12","5889","ＪＥＨ","東証およびＰＴＳ",,"確報",0,400,9500,0,0,0,9500,0,790000,18762500,0,0,0,18762500,,,0,0,0,89100,0,0,45.5,43.5,47.8,45.5,0,0,0
"2026/02/09","2026/02/12","5891","魁力屋","東証およびＰＴＳ",,"確報",100,0,2200,0,0,0,2200,159700,0,3513400,0,0,0,3513400,,,0,0,31500,0,0,0,212,106,0,212,0,0,0
"2026/02/09","2026/02/12","5892","ｙｕｔｏｒｉ","東証およびＰＴＳ",,"確報",400,0,24500,0,0,0,24500,1139600,0,69800500,0,0,0,69800500,,,0,0,1614700,0,0,0,51.6,90.4,36.1,51.6,0,0,0
"2026/02/09","2026/02/12","5900","ダイケン","東証およびＰＴＳ",,"確報",0,0,0,0,0,0,0,0,0,0,0,0,0,0,,,0,0,0,0,0,0,0,0,0,0,0,0,0
"2026/02/09","2026/02/12","5901","東洋製罐グループＨＤ","東証およびＰＴＳ",,"確報",0,2900,21500,0,2900,21500,0,0,11779800,87333000,0,11779800,87333000,0,,,0,0,488000,0,0,488000,18.2,17.5,19.9,18.6,22.8,14.5,17.7
"2026/02/09","2026/02/12","5902","ホッカンＨＤ","東証およびＰＴＳ",,"確報",1800,200,3100,2000,100,3100,0,4174200,463800,7188900,4638000,231900,7188900,0,,,0,0,0,145500,116400,0,5.2,3.1,11.4,4.8,3.3,19.3,5.7
"2026/02/09","2026/02/12","5903","シンポ","東証およびＰＴＳ",,"確報",0,0,300,0,0,0,300,0,0,358500,0,0,0,358500,,,0,0,0,11400,0,0,30,0,15,30,0,0,0
"2026/02/09","2026/02/12","5905","日本製罐","東証およびＰＴＳ",,"確報",100,0,2600,0,0,0,2600,133100,0,3460600,0,0,0,3460600,,,0,0,0,10000,0,0,64.5,129,43,64.5,0,0,0
"2026/02/09","2026/02/12","5906","エムケー精工","東証およびＰＴＳ",,"確報",900,0,15500,0,0,0,15500,819000,0,14105000,0,0,0,14105000,,,0,0,0,116800,0,0,13.9,18.6,11,13.9,0,0,0
"2026/02/09","2026/02/12","5909","コロナ","東証およびＰＴＳ",,"確報",0,100,100,0,0,0,100,0,97800,97800,0,0,0,97800,,,0,0,1800,0,0,0,4.7,7,3.5,4.7,0,0,0
"2026/02/09","2026/02/12","5911","横河ブリッジＨＤ","東証およびＰＴＳ",,"確報",400,0,12000,100,300,15200,-3200,1292000,0,38760000,323000,969000,49096000,-10336000,,,0,0,406000,0,0,539000,4.3,2.3,2.3,2.3,27,11.6,16.2
"2026/02/09","2026/02/12","5915","駒井ハルテック","東証およびＰＴＳ",,"確報",300,0,1900,300,0,1900,0,647700,0,4102100,647700,0,4102100,0,,,0,0,78400,0,0,78400,17.8,10.1,71,17.8,10.1,71,17.8
"2026/02/09","2026/02/12","5918","瀧上工業","東証およびＰＴＳ",,"確報",0,0,100,0,0,0,100,0,0,720000,0,0,0,720000,,,0,0,3000,0,0,0,0,0,0,0,0,0,0
"2026/02/09","2026/02/12","5921","川岸工業","東証およびＰＴＳ",,"確報",0,0,1000,0,0,0,1000,0,0,4410000,0,0,0,4410000,,,0,0,0,10000,0,0,11,11,11,11,0,0,0
"2026/02/09","2026/02/12","5922","那須電機鉄工","東証およびＰＴＳ",,"確報",0,0,0,0,0,0,0,0,0,0,0,0,0,0,,,0,0,0,0,0,0,0,0,0,0,0,0,0
"2026/02/09","2026/02/12","5923","高田機工","東証およびＰＴＳ",,"確報",0,0,1600,0,0,0,1600,0,0,2100800,0,0,0,2100800,,,0,0,132800,0,0,0,0,0,0,0,0,0,0
"2026/02/09","2026/02/12","5928","アルメタックス","東証およびＰＴＳ",,"確報",100,0,8700,0,200,3400,5300,27900,0,2427300,0,55800,948600,1478700,,,0,0,8600,0,0,3600,65.6,143.3,86,107.5,0,17.5,35.1
"2026/02/09","2026/02/12","5929","三和ホールディングス","東証およびＰＴＳ",,"確報",900,100,7700,0,0,0,7700,3407400,378600,29152200,0,0,0,29152200,,,0,0,144900,0,0,0,12.5,12.1,13.5,12.7,0,0,0
"2026/02/09","2026/02/12","5930","文化シヤッター","東証およびＰＴＳ",,"確報",500,300,11500,0,0,0,11500,1037500,622500,23862500,0,0,0,23862500,,,0,0,565000,0,0,0,79.6,61.9,111.4,79.6,0,0,0
"2026/02/09","2026/02/12","5932","三協立山","東証およびＰＴＳ",,"確報",200,0,21200,200,0,21200,0,133600,0,14161600,133600,0,14161600,0,,,0,0,0,21000,21000,0,85.2,118.3,66.6,85.2,118.3,66.6,85.2
"2026/02/09","2026/02/12","5933","アルインコ","東証およびＰＴＳ",,"確報",0,200,13600,0,0,0,13600,0,227200,15449600,0,0,0,15449600,,,0,0,41400,0,0,0,76.7,138,53.1,76.7,0,0,0
"2026/02/09","2026/02/12","5936","東洋シヤッター","東証およびＰＴＳ",,"確報",0,0,2500,0,800,0,2500,0,0,2390000,0,764800,0,2390000,,,0,0,0,55000,17600,0,13.9,123,0,246,2.9,1.9,2.3
"2026/02/09","2026/02/12","5938","ＬＩＸＩＬ","東証およびＰＴＳ",,"確報",400,13400,38600,500,0,900,37700,752200,25198700,72587300,940250,0,1692450,70894850,,,0,0,0,490200,3800,0,14.8,38,9.7,15.4,2.1,5,2.9
"2026/02/09","2026/02/12","5939","大谷工業","東証およびＰＴＳ",,"確報",200,100,3700,0,0,0,3700,1580000,790000,29230000,0,0,0,29230000,,,0,0,612000,0,0,0,32.4,25.4,44.5,32.4,0,0,0
"2026/02/09","2026/02/12","5940","不二サッシ","東証およびＰＴＳ",,"確報",0,700,20000,0,0,0,20000,0,707000,20200000,0,0,0,20200000,,,0,0,62100,0,0,0,53,40.9,75.5,53,0,0,0
"2026/02/09","2026/02/12","5941","中西製作所","東証およびＰＴＳ",,"確報",0,100,300,0,0,200,100,0,271600,814800,0,0,543200,271600,,,0,0,0,4400,2200,0,16.7,0,19,38,3,0,6
"2026/02/09","2026/02/12","5942","日本フイルコン","東証およびＰＴＳ",,"確報",100,0,32500,0,0,0,32500,56500,0,18362500,0,0,0,18362500,,,0,0,32400,0,0,0,361.1,325,406.3,361.1,0,0,0
"2026/02/09","2026/02/12","5943","ノーリツ","東証およびＰＴＳ",,"確報",1400,800,5200,600,600,73300,-68100,3012800,1721600,11190400,1291200,1291200,157741600,-146551200,,,0,0,82800,0,0,1319400,62.8,6.5,10.4,8,72.4,181,103.4
"2026/02/09","2026/02/12","5945","天龍製鋸","東証およびＰＴＳ",,"確報",0,0,100,0,0,0,100,0,0,233700,0,0,0,233700,,,0,0,0,1000,0,0,0,0,0,0,0,0,0
"2026/02/09","2026/02/12","5946","長府製作所","東証およびＰＴＳ",,"確報",0,0,421400,0,1300,65200,356200,0,0,857549000,0,2645500,132682000,724867000,,,0,0,0,4214000,665000,0,8.9,0,4,8.1,110.5,30.7,48.1
"2026/02/09","2026/02/12","5947","リンナイ","東証およびＰＴＳ",,"確報",200,100,1900,400,2500,13100,-11200,861000,430500,8179500,1722000,10762500,56395500,-48216000,,,0,0,113400,0,0,957600,23.9,12,14,12.9,68.3,16.3,26.4
"2026/02/09","2026/02/12","5949","ユニプレス","東証およびＰＴＳ",,"確報",0,0,17600,0,0,3900,13700,0,0,25625600,0,0,5678400,19947200,,,0,0,281600,0,0,62400,67.3,293.7,440.5,352.4,24.4,10.3,14.4
"2026/02/09","2026/02/12","5950","日本パワー","東証およびＰＴＳ",,"確報",1200,0,6200,0,0,0,6200,229200,0,1184200,0,0,0,1184200,,,0,0,0,5000,0,0,14.3,14.3,14.3,14.3,0,0,0
"2026/02/09","2026/02/12","5951","ダイニチ工業","東証およびＰＴＳ",,"確報",0,0,12500,0,0,2500,10000,0,0,11637500,0,0,2327500,9310000,,,0,0,0,100000,20000,0,377.5,0,626,1252,0,43,86
"2026/02/09","2026/02/12","5952","アマテイ","東証およびＰＴＳ",,"確報",4700,0,20100,0,0,0,20100,1019900,0,4361700,0,0,0,4361700,,,0,0,30800,0,0,0,31.3,16,815,31.3,0,0,0
"2026/02/09","2026/02/12","5955","ワイズＨＤ","東証およびＰＴＳ",,"確報",496900,5200,904300,882300,0,904300,0,63106300,660400,114846100,112052100,0,114846100,0,,,0,0,825200,0,0,44000,4.5,4.3,39.5,7.8,1.1,277.5,2.2
"2026/02/09","2026/02/12","5956","トーソー","東証およびＰＴＳ",,"確報",600,100,4700,0,300,4700,0,382800,63800,2998600,0,191400,2998600,0,,,0,0,16800,0,0,20000,40.5,23.3,70,35,256,25.6,46.5
"2026/02/09","2026/02/12","5957","日東精工","東証およびＰＴＳ",,"確報",0,300,688200,1700,0,17300,670900,0,225000,516150000,1275000,0,12975000,503175000,,,0,0,8262000,0,0,187200,677.4,8607.3,3129.9,4590.5,24.9,14,17.9
"2026/02/09","2026/02/12","5958","三洋工業","東証およびＰＴＳ",,"確報",0,200,100,0,300,0,100,0,900000,450000,0,1350000,0,450000,,,0,0,24000,0,0,24000,2.5,3.3,2.6,2.9,2.2,2.2,2.2
"2026/02/09","2026/02/12","5959","岡部","東証およびＰＴＳ",,"確報",500,200,15900,0,0,8500,7400,502000,200800,15963600,0,0,8534000,7429600,,,0,0,358800,0,0,195500,72.6,115.1,38.4,57.6,143,143,143
"2026/02/09","2026/02/12","5962","浅香工業","東証およびＰＴＳ",,"確報",0,0,700,0,0,0,700,0,0,1258600,0,0,0,1258600,,,0,0,16100,0,0,0,64,32,0,64,0,0,0
"2026/02/09","2026/02/12","5965","フジマック","東証およびＰＴＳ",,"確報",0,0,3500,0,0,0,3500,0,0,3874500,0,0,0,3874500,,,0,0,0,3500,0,0,0,0,0,0,0,0,0
"2026/02/09","2026/02/12","5966","京都機械工具","東証およびＰＴＳ",,"確報",0,0,600,0,0,0,600,0,0,1512000,0,0,0,1512000,,,0,0,13800,0,0,0,58,29,0,58,0,0,0
"2026/02/09","2026/02/12","5967","ＴＯＮＥ","東証およびＰＴＳ",,"確報",200,0,7600,0,0,0,7600,97200,0,3693600,0,0,0,3693600,,,0,0,0,14800,0,0,15.9,9.5,50.5,15.9,0,0,0
"2026/02/09","2026/02/12","5969","ロブテックス","東証およびＰＴＳ",,"確報",0,100,200,0,0,0,200,0,122100,244200,0,0,0,244200,,,0,0,0,16500,0,0,5.6,7,4.7,5.6,0,0,0
"2026/02/09","2026/02/12","5970","ジーテクト","東証およびＰＴＳ",,"確報",500,0,23900,0,1000,4100,19800,992000,0,47417600,0,1984000,8134400,39283200,,,0,0,0,585000,127500,0,9.2,13,10.6,11.7,3.6,2.7,3.1
"2026/02/09","2026/02/12","5971","共和工業所","東証およびＰＴＳ",,"確報",0,0,600,0,0,0,600,0,0,4326000,0,0,0,4326000,,,0,0,0,6000,0,0,62,0,31,62,0,0,0
"2026/02/09","2026/02/12","5973","トーアミ","東証およびＰＴＳ",,"確報",0,0,2000,0,0,0,2000,0,0,1122000,0,0,0,1122000,,,0,0,8000,0,0,0,2.6,2,3.9,2.6,0,0,0
"2026/02/09","2026/02/12","5974","中国工業","東証およびＰＴＳ",,"確報",0,300,700,0,0,0,700,0,246600,575400,0,0,0,575400,,,0,0,12000,0,0,0,19.2,48,12,19.2,0,0,0
"2026/02/09","2026/02/12","5975","東プレ","東証およびＰＴＳ",,"確報",0,100,2700,0,0,700,2000,0,269500,7276500,0,0,1886500,5390000,,,0,0,173600,0,0,43400,25.8,32.8,65.5,43.7,9.3,12.3,10.6
"2026/02/09","2026/02/12","5976","高周波熱錬","東証およびＰＴＳ",,"確報",1100,1200,18500,200,6000,34700,-16200,1547700,1688400,26029500,281400,8442000,48822900,-22793400,,,0,0,725400,0,0,1579500,14.7,9.5,6.5,7.7,115.3,15.1,26.7
"2026/02/09","2026/02/12","5981","東京製綱","東証およびＰＴＳ",,"確報",200,0,6700,600,0,2200,4500,348000,0,11658000,1044000,0,3828000,7830000,,,0,0,58500,0,0,14400,19.1,18.6,20.9,19.7,10.8,43,17.2
"2026/02/09","2026/02/12","5982","マルゼン","東証およびＰＴＳ",,"確報",100,0,400,0,0,0,400,393500,0,1574000,0,0,0,1574000,,,0,0,16500,0,0,0,4,3,6,4,0,0,0
"2026/02/09","2026/02/12","5983","イワブチ","東証およびＰＴＳ",,"確報",0,0,800,0,0,0,800,0,0,9928000,0,0,0,9928000,,,0,0,168000,0,0,0,0,0,0,0,0,0,0
"2026/02/09","2026/02/12","5984","兼房","東証およびＰＴＳ",,"確報",0,0,400,0,0,0,400,0,0,325200,0,0,0,325200,,,0,0,2800,0,0,0,21,21,21,21,0,0,0
"2026/02/09","2026/02/12","5985","サンコール","東証およびＰＴＳ",,"確報",8700,300,183100,0,0,0,183100,8830500,304500,185846500,0,0,0,185846500,,,0,0,2620500,0,0,0,45.1,42,50.3,45.8,1,1,1
"2026/02/09","2026/02/12","5986","モリテック　スチール","東証およびＰＴＳ",,"確報",1100,200,36300,0,0,0,36300,232100,42200,7659300,0,0,0,7659300,,,0,0,247800,0,0,0,2.8,6.6,1.8,2.8,0,0,0
"2026/02/09","2026/02/12","5987","オーネックス","東証およびＰＴＳ",,"確報",0,0,1300,0,0,0,1300,0,0,2229500,0,0,0,2229500,,,0,0,52000,0,0,0,132,0,66,132,0,0,0
"2026/02/09","2026/02/12","5988","パイオラックス","東証およびＰＴＳ",,"確報",800,700,27500,0,300,90000,-62500,1434400,1255100,49307500,0,537900,161370000,-112062500,,,0,0,137000,0,0,451500,143.5,95,32.4,48.3,647,266.4,377.4
"2026/02/09","2026/02/12","5989","エイチワン","東証およびＰＴＳ",,"確報",0,300,24600,0,0,0,24600,0,446400,36604800,0,0,0,36604800,,,0,0,0,99600,0,0,45.1,57,37.4,45.1,0,0,0
"2026/02/09","2026/02/12","5990","スーパーツール","東証およびＰＴＳ",,"確報",0,0,200,0,0,0,200,0,0,398000,0,0,0,398000,,,0,0,0,0,0,0,0,0,0,0,0,0,0
"2026/02/09","2026/02/12","5991","日本発条","東証およびＰＴＳ",,"確報",1000,4200,21600,2300,2400,42300,-20700,3056000,12835200,66009600,7028800,7334400,129268800,-63259200,,,0,0,2728000,0,0,4664000,14.8,20.2,7.2,10.6,20.4,17.5,18.8
"2026/02/09","2026/02/12","5992","中央発條","東証およびＰＴＳ",,"確報",0,100,1033600,0,500,43200,990400,0,352500,3643440000,0,1762500,152280000,3491160000,,,0,0,56853500,0,0,2403500,76.8,39.9,5467.9,79.3,50.2,41.9,45.7
"2026/02/09","2026/02/12","5994","ファインシンター","東証およびＰＴＳ",,"確報",0,400,8900,0,0,0,8900,0,778000,17310500,0,0,0,17310500,,,0,0,427800,0,0,0,38.9,60.8,28.6,38.9,0,0,0
"2026/02/09","2026/02/12","5997","協立エアテック","東証およびＰＴＳ",,"確報",0,0,700,0,0,0,700,0,0,529900,0,0,0,529900,,,0,0,11900,0,0,0,0,0,0,0,0,0,0
"2026/02/09","2026/02/12","5998","アドバネクス","東証およびＰＴＳ",,"確報",600,0,6600,0,0,0,6600,1312200,0,14434200,0,0,0,14434200,,,0,0,612000,0,0,0,54.9,30.2,302,54.9,0,0,0
"2026/02/09","2026/02/12","6005","三浦工業","東証およびＰＴＳ",,"確報",100,100,20800,700,700,20800,0,340000,340000,70720000,2380000,2380000,70720000,0,,,0,0,1622400,0,0,1622400,9.6,5.4,5.7,5.6,24,65.6,35.1
"2026/02/09","2026/02/12","6013","タクマ","東証およびＰＴＳ",,"確報",0,1100,4400,700,1500,2800,1600,0,2869900,11479600,1826300,3913500,7305200,4174400,,,0,0,192500,0,0,126000,9.4,88.7,16.6,28,7.2,3.5,4.8
"2026/02/09","2026/02/12","6016","ジャパンエンジン","東証およびＰＴＳ",,"確報",1100,3000,34100,0,0,0,34100,15400000,42000000,477400000,0,0,0,477400000,,,0,0,3600000,0,0,0,4,4.1,3.9,4,0,0,0
"2026/02/09","2026/02/12","6018","阪神内燃機工業","東証およびＰＴＳ",,"確報",100,0,600,0,0,0,600,438500,0,2631000,0,0,0,2631000,,,0,0,75000,0,0,0,13,13,13,13,0,0,0
"2026/02/09","2026/02/12","6022","赤阪鐵工所","東証およびＰＴＳ",,"確報",0,0,1100,0,0,0,1100,0,0,5021500,0,0,0,5021500,,,0,0,0,22000,0,0,0,0,0,0,0,0,0
"2026/02/09","2026/02/12","6023","ダイハツインフィ","東証およびＰＴＳ",,"確報",2100,0,125800,100,200,4100,121700,5344500,0,320161000,254500,509000,10434500,309726500,,,0,0,4700600,0,0,159600,3.7,2.8,5.2,3.7,3.5,20.3,5.9
"2026/02/09","2026/02/12","6027","弁護士ドットコム","東証およびＰＴＳ",,"確報",6600,2000,104600,0,1100,443300,-338700,16625400,5038000,263487400,0,2770900,1116672700,-853185300,,,0,0,1900000,0,0,8443600,21.2,28.4,13.2,18,11.6,282.2,22.2
"2026/02/09","2026/02/12","6029","アトラグループ","東証およびＰＴＳ",,"確報",2100,500,71300,0,0,0,71300,346500,82500,11764500,0,0,0,11764500,,,0,0,209100,0,0,0,23.1,20.2,26.9,23.1,0,0,0
"2026/02/09","2026/02/12","6030","アドベンチャー","東証およびＰＴＳ",,"確報",1600,100,45100,0,0,0,45100,2720000,170000,76670000,0,0,0,76670000,,,0,0,0,610400,0,0,19.4,10.3,162.7,19.4,0,0,0
"2026/02/09","2026/02/12","6031","ＺＥＴＡ","東証およびＰＴＳ",,"確報",12000,15100,60800,0,6600,57300,3500,4296000,5405800,21766400,0,2362800,20513400,1253000,,,0,0,1150200,0,0,1150200,11.3,9.8,8.9,9.3,17.3,12.5,14.5
"2026/02/09","2026/02/12","6033","エクストリーム","東証およびＰＴＳ",,"確報",0,300,5900,0,0,0,5900,0,408600,8035800,0,0,0,8035800,,,0,0,0,37200,0,0,54.9,75.3,50.2,60.2,0,1,2
"2026/02/09","2026/02/12","6034","ＭＲＴ","東証およびＰＴＳ",,"確報",0,0,1800,0,300,1400,400,0,0,1143000,0,190500,889000,254000,,,0,0,0,9000,8500,0,21.9,101,16.8,28.9,96,9.6,17.5
"2026/02/09","2026/02/12","6035","ＩＲジャパンＨＤ","東証およびＰＴＳ",,"確報",12000,5900,78300,300,300,100500,-22200,10248000,5038600,66868200,256200,256200,85827000,-18958800,,,0,0,577600,0,0,804000,17.7,5.3,16.7,8,135.8,173.2,152.2
"2026/02/09","2026/02/12","6036","ＫｅｅＰｅｒ技研","東証およびＰＴＳ",,"確報",100,800,54900,400,4900,17500,37400,322000,2576000,176778000,1288000,15778000,56350000,120428000,,,0,0,0,2780000,1100000,0,36.2,562.8,58.6,106.2,10.7,13.7,12
"2026/02/09","2026/02/12","6037","楽待","東証およびＰＴＳ",,"確報",2800,1800,30400,1000,0,30400,0,2923200,1879200,31737600,1044000,0,31737600,0,,,0,0,617400,0,0,617400,19.8,16,15.7,15.8,27,26,26.5
"2026/02/09","2026/02/12","6038","イード","東証およびＰＴＳ",,"確報",0,0,1400,200,0,900,500,0,0,1342600,191800,0,863100,479500,,,0,0,1400,0,0,700,25.3,71,71,71,6,30,10
"2026/02/09","2026/02/12","6039","日本動物高度医療","東証およびＰＴＳ",,"確報",900,0,24700,0,0,0,24700,1111500,0,30504500,0,0,0,30504500,,,0,0,0,47600,0,0,68.3,62.9,74.8,68.3,0,0,0
"2026/02/09","2026/02/12","6040","日本スキー場開発","東証およびＰＴＳ",,"確報",100,2300,27200,0,0,0,27200,50300,1156900,13681600,0,0,0,13681600,,,0,0,323400,0,0,0,47.4,65.7,37.1,47.4,0,0,0
"2026/02/09","2026/02/12","6042","ニッキ","東証およびＰＴＳ",,"確報",0,0,200,0,0,0,200,0,0,844000,0,0,0,844000,,,0,0,14000,0,0,0,24,0,12,24,0,0,0
"2026/02/09","2026/02/12","6044","三機サービス","東証およびＰＴＳ",,"確報",0,0,3400,0,0,0,3400,0,0,5946600,0,0,0,5946600,,,0,0,37400,0,0,0,172,172,172,172,0,0,0
"2026/02/09","2026/02/12","6045","レントラックス","東証およびＰＴＳ",,"確報",600,0,13300,600,0,13300,0,1096800,0,24312400,1096800,0,24312400,0,,,0,0,0,152400,152400,0,32.8,22.3,69.2,33.7,21.5,62.3,31.9
"2026/02/09","2026/02/12","6046","リンクバル","東証およびＰＴＳ",,"確報",4200,4200,387200,0,0,387200,0,739200,739200,68147200,0,0,68147200,0,,,0,0,6969600,0,0,6969600,81.8,150.7,50.6,75.8,213.9,56.2,89
"2026/02/09","2026/02/12","6047","Ｇｕｎｏｓｙ","東証およびＰＴＳ",,"確報",1400,4000,247500,100,2700,247500,0,786800,2248000,139095000,56200,1517400,139095000,0,,,0,0,2501000,0,0,2501000,112.6,102,109.2,105.5,116.3,125.7,120.8
"2026/02/09","2026/02/12","6049","イトクロ","東証およびＰＴＳ",,"確報",0,300,3000,0,0,0,3000,0,75600,756000,0,0,0,756000,,,0,0,3300,0,0,0,32.2,32.2,32.2,32.2,0,0,0
"2026/02/09","2026/02/12","6050","イー・ガーディアン","東証およびＰＴＳ",,"確報",7600,300,34200,0,4300,169600,-135400,12547600,495300,56464200,0,7099300,280009600,-223545400,,,0,0,0,242100,1565100,0,12.6,14.1,25.5,18.2,11.7,12.4,12.1
"2026/02/09","2026/02/12","6054","リブセンス","東証およびＰＴＳ",,"確報",20600,8100,41500,12500,0,41500,0,2554400,1004400,5146000,1550000,0,5146000,0,,,0,0,29000,0,0,29000,5.6,3.2,10.4,4.9,3.7,35.2,6.6
"2026/02/09","2026/02/12","6055","ジャパンマテリアル","東証およびＰＴＳ",,"確報",1400,59900,552500,12100,1200,37400,515100,2422000,103627000,955825000,20933000,2076000,64702000,891123000,,,0,0,53157000,0,0,2305500,4.8,5,4.4,4.6,13.7,6.7,9
"2026/02/09","2026/02/12","6058","ベクトル","東証およびＰＴＳ",,"確報",1000,400,26400,1400,8900,1500,24900,1470000,588000,38808000,2058000,13083000,2205000,36603000,,,0,0,0,464400,162000,0,3,2.7,2.9,2.8,6.3,3.3,4.3
"2026/02/09","2026/02/12","6059","ウチヤマＨＤ","東証およびＰＴＳ",,"確報",0,0,4000,1400,500,3600,400,0,0,1596000,558600,199500,1436400,159600,,,0,0,0,0,0,0,15.4,107,35.7,53.5,6,8.9,7.2
"2026/02/09","2026/02/12","6061","ユニバーサル園芸社","東証およびＰＴＳ",,"確報",0,0,700,0,0,0,700,0,0,2205000,0,0,0,2205000,,,0,0,0,35000,0,0,11.7,11.7,11.7,11.7,0,0,0
"2026/02/09","2026/02/12","6062","チャームケアコーポ","東証およびＰＴＳ",,"確報",11600,200,50300,11500,100,50300,0,16240000,280000,70420000,16100000,140000,70420000,0,,,0,0,1750500,0,0,1750500,12.9,6.9,68.4,12.5,7.1,110.2,13.4
"2026/02/09","2026/02/12","6063","日本エマージェンシー","東証およびＰＴＳ",,"確報",500,0,800,0,0,0,800,486500,0,778400,0,0,0,778400,,,0,0,4800,0,0,0,3.4,2.7,4.8,3.4,0,0,0
"2026/02/09","2026/02/12","6069","トレンダーズ","東証およびＰＴＳ",,"確報",200,0,11400,300,0,400,11000,201400,0,11479800,302100,0,402800,11077000,,,0,0,0,56000,500,0,64.7,41.9,0,83.8,1.3,0,2.5
"2026/02/09","2026/02/12","6070","キャリアリンク","東証およびＰＴＳ",,"確報",200,0,6500,100,0,200,6300,546000,0,17745000,273000,0,546000,17199000,,,0,0,207900,0,0,3300,55.3,108.7,40.8,59.3,6,0,12
"2026/02/09","2026/02/12","6071","ＩＢＪ","東証およびＰＴＳ",,"確報",7200,2700,51200,4500,0,51200,0,5270400,1976400,37478400,3294000,0,37478400,0,,,0,0,560400,0,0,560400,21,11.7,25.8,16.1,17.7,99.8,30
"2026/02/09","2026/02/12","6072","地盤ネットＨＤ","東証およびＰＴＳ",,"確報",66300,202800,328300,0,26200,561200,-232900,13127400,40154400,65003400,0,5187600,111117600,-46114200,,,0,0,0,3718400,4699200,0,10.4,5.5,3.8,4.5,146.5,51.1,75.8
"2026/02/09","2026/02/12","6073","アサンテ","東証およびＰＴＳ",,"確報",0,1800,4700,600,0,18400,-13700,0,2907000,7590500,969000,0,29716000,-22125500,,,0,0,78000,0,0,213600,28.5,11.9,9.4,10.5,45.6,82.8,58.8
"2026/02/09","2026/02/12","6074","ジェイエスエス","東証およびＰＴＳ",,"確報",0,0,600,0,0,0,600,0,0,334800,0,0,0,334800,,,0,0,0,1200,0,0,0,0,0,0,0,0,0
"2026/02/09","2026/02/12","6078","バリューＨＲ","東証およびＰＴＳ",,"確報",200,600,13800,500,5600,178700,-164900,284600,853800,19637400,711500,7968800,254290100,-234652700,,,0,0,85200,0,0,1102800,112.1,41.1,38.8,39.9,386.4,77.9,129.7
"2026/02/09","2026/02/12","6080","Ｍ＆Ａキャピタル","東証およびＰＴＳ",,"確報",1300,0,30200,6000,100,62500,-32300,4511000,0,104794000,20820000,347000,216875000,-112081000,,,0,0,1589500,0,0,3113000,11.7,10.4,9.2,9.8,7.9,35.1,12.9
"2026/02/09","2026/02/12","6081","アライドアーキテクツ","東証およびＰＴＳ",,"確報",12500,6800,259400,5900,200,259400,0,4150000,2257600,86120800,1958800,66400,86120800,0,,,0,0,253700,0,0,253700,29,31.2,16,21.1,156,27.1,46.2
"2026/02/09","2026/02/12","6082","ライドオンＥＸＨＤ","東証およびＰＴＳ",,"確報",0,100,3100,0,0,0,3100,0,104500,3239500,0,0,0,3239500,,,0,0,12800,0,0,0,81.5,163,54.3,81.5,0,0,0
"2026/02/09","2026/02/12","6083","ＥＲＩ　ＨＤ","東証およびＰＴＳ",,"確報",400,200,7700,200,0,7700,0,1778000,889000,34226500,889000,0,34226500,0,,,0,0,562500,0,0,562500,20.6,11.3,30.1,16.4,15.7,120.3,27.8
"2026/02/09","2026/02/12","6085","アーキテクツＳＪ","東証およびＰＴＳ",,"確報",1800,200,5100,0,0,0,5100,1287000,143000,3646500,0,0,0,3646500,,,0,0,350000,0,0,0,4.2,3.1,6.7,4.2,0,0,0
"2026/02/09","2026/02/12","6086","シンメンテＨＤ","東証およびＰＴＳ",,"確報",0,200,11100,0,0,0,11100,0,243800,13530900,0,0,0,13530900,,,0,0,124300,0,0,0,282,564,188,282,0,0,0
"2026/02/09","2026/02/12","6087","アビスト","東証およびＰＴＳ",,"確報",0,0,1200,0,0,0,1200,0,0,4098000,0,0,0,4098000,,,0,0,18000,0,0,0,0,0,0,0,0,0,0
"2026/02/09","2026/02/12","6088","シグマクシスＨＤ","東証およびＰＴＳ",,"確報",1500,4900,42600,1500,7800,9500,33100,1008000,3292800,28627200,1008000,5241600,6384000,22243200,,,0,0,0,230000,79000,0,17.6,57.3,23.6,33.5,6.3,5.9,6.1
"2026/02/09","2026/02/12","6089","ウィルグループ","東証およびＰＴＳ",,"確報",48200,1900,50400,0,0,4100,46300,58659400,2312300,61336800,0,0,4989700,56347100,,,0,0,98400,0,0,98400,3.1,1.3,25.9,2.5,23.1,46.3,30.8
"2026/02/09","2026/02/12","6090","ヒューマンＭＴ","東証およびＰＴＳ",,"確報",0,0,4300,0,0,0,4300,0,0,2992800,0,0,0,2992800,,,0,0,12900,0,0,0,88,110,73.3,88,0,0,0
"2026/02/09","2026/02/12","6091","ウエスコＨＤ","東証およびＰＴＳ",,"確報",0,100,2700,200,100,500,2200,0,84700,2286900,169400,84700,423500,1863400,,,0,0,5600,0,0,800,13.7,10.5,58,17.8,2.8,14,4.7
"2026/02/09","2026/02/12","6092","エンバイオＨＤ","東証およびＰＴＳ",,"確報",0,2100,6100,0,0,0,6100,0,1312500,3812500,0,0,0,3812500,,,0,0,82000,0,0,0,31.3,195.5,17,31.3,0,0,0
"2026/02/09","2026/02/12","6093","エスクローＡＪ","東証およびＰＴＳ",,"確報",11500,3100,191200,8400,0,191200,0,2288500,616900,38048800,1671600,0,38048800,0,,,0,0,1462400,0,0,1462400,23.2,14.2,30.4,19.3,18.8,63.6,29
"2026/02/09","2026/02/12","6094","フリークアウト・ホー","東証およびＰＴＳ",,"確報",0,0,1200,0,0,0,1200,0,0,664800,0,0,0,664800,,,0,0,16800,0,0,0,5.6,6.9,4.8,5.6,0,0,0
"2026/02/09","2026/02/12","6096","レアジョブ","東証およびＰＴＳ",,"確報",0,0,5100,300,100,3200,1900,0,0,1688100,99300,33100,1059200,628900,,,0,0,0,25500,15000,0,40.9,0,0,0,25.7,11,15.4
"2026/02/09","2026/02/12","6098","リクルートＨＤ","東証およびＰＴＳ",,"確報",12300,4300,229500,8400,100,9400,220100,87981900,30757900,1641613500,60085200,715300,67238200,1574375300,,,0,0,20156500,0,0,100100,9.6,5.9,56.7,10.7,2.5,1.3,1.7
"2026/02/09","2026/02/12","6099","エラン","東証およびＰＴＳ",,"確報",11100,4700,82500,7500,0,83600,-1100,7703400,3261800,57255000,5205000,0,58018400,-763400,,,0,0,0,608800,608800,0,6.5,4.1,19.8,6.8,3.2,70.3,6.2
"2026/02/09","2026/02/12","6101","ツガミ","東証およびＰＴＳ",,"確報",100,200,4600,0,700,1500,3100,350000,700000,16100000,0,2450000,5250000,10850000,,,0,0,399500,0,0,187000,6.3,8.9,4.6,6,7,7.6,7.3
"2026/02/09","2026/02/12","6103","オークマ","東証およびＰＴＳ",,"確報",0,600,6200,400,0,33500,-27300,0,2652000,27404000,1768000,0,148070000,-120666000,,,0,0,646000,0,0,3144500,10.9,4,2.8,3.3,15.8,36.4,22.1
"2026/02/09","2026/02/12","6104","芝浦機械","東証およびＰＴＳ",,"確報",0,200,11800,0,800,13000,-1200,0,848000,50032000,0,3392000,55120000,-5088000,,,0,0,540000,0,0,621000,15.1,17.1,19.9,18.4,11.4,15.4,13.1
"2026/02/09","2026/02/12","6113","アマダ","東証およびＰＴＳ",,"確報",0,9100,8400,2900,0,36500,-28100,0,21066500,19446000,6713500,0,84497500,-65051500,,,0,0,1548750,0,0,2973600,8.7,6.7,3.5,4.6,9,79,16.1
"2026/02/09","2026/02/12","6118","アイダエンジニア","東証およびＰＴＳ",,"確報",200,100,46000,0,1600,90000,-44000,251400,125700,57822000,0,2011200,113130000,-55308000,,,0,0,688500,0,0,1374000,117.4,85,99.7,91.8,141.2,132.9,136.9
"2026/02/09","2026/02/12","6125","岡本工作機械製作所","東証およびＰＴＳ",,"確報",1000,0,133400,0,0,0,133400,5160000,0,688344000,0,0,0,688344000,,,0,0,17212000,0,0,0,401.4,228.4,1655.8,401.4,0,0,0
"2026/02/09","2026/02/12","6134","ＦＵＪＩ","東証およびＰＴＳ",,"確報",1000,600,7900,500,100,7900,0,3997000,2398200,31576300,1998500,399700,31576300,0,,,0,0,637500,0,0,637500,6.2,8.5,5.1,6.3,8.1,4.7,6
"2026/02/09","2026/02/12","6135","牧野フライス製作所","東証およびＰＴＳ",,"確報",100,10900,31000,0,0,0,31000,1169000,127421000,362390000,0,0,0,362390000,,,0,0,1254000,0,0,0,20.3,25.7,16.8,20.3,0,0,0
"2026/02/09","2026/02/12","6136","オーエスジー","東証およびＰＴＳ",,"確報",1800,1600,4300,200,0,4300,0,4907700,4362400,11723950,545300,0,11723950,0,,,0,0,258300,0,0,258300,6.6,8.3,4.2,5.6,17.1,5.7,8.5
"2026/02/09","2026/02/12","6137","小池酸素工業","東証およびＰＴＳ",,"確報",0,200,3500,0,200,3500,0,0,391200,6846000,0,391200,6846000,0,,,0,0,170200,0,0,170200,12.8,15.6,7.8,10.4,37,10.9,16.8
"2026/02/09","2026/02/12","6138","ダイジヱット工業","東証およびＰＴＳ",,"確報",2800,200,4400,0,0,0,4400,3074400,219600,4831200,0,0,0,4831200,,,0,0,95400,0,0,0,7.5,4,58,7.5,0,0,0
"2026/02/09","2026/02/12","6140","旭ダイヤモンド工業","東証およびＰＴＳ",,"確報",139400,8600,276300,0,900,110000,166300,136472600,8419400,270497700,0,881100,107690000,162807700,,,0,0,1455000,0,0,1109000,6.1,3.3,6.1,4.3,18.8,26.5,22
"2026/02/09","2026/02/12","6141","ＤＭＧ森精機","東証およびＰＴＳ",,"確報",15400,17500,64400,8300,200,64400,0,47940200,54477500,200477200,25837900,622600,200477200,0,,,0,0,9044000,0,0,7656800,17.5,15.9,12.8,14.2,18.4,36.8,24.5
"2026/02/09","2026/02/12","6143","ソディック","東証およびＰＴＳ",,"確報",1100,4000,31100,3400,0,31100,0,1255100,4564000,35485100,3879400,0,35485100,0,,,0,0,1224000,0,0,997200,9,7.2,5.1,6,16.4,26.3,20.2
"2026/02/09","2026/02/12","6144","西部電機","東証およびＰＴＳ",,"確報",100,200,8500,0,0,0,8500,279000,558000,23715000,0,0,0,23715000,,,0,0,129000,0,0,0,66.5,54,86.4,66.5,0,0,0
"2026/02/09","2026/02/12","6145","ＮＩＴＴＯＫＵ","東証およびＰＴＳ",,"確報",2100,0,16600,0,0,0,16600,4920300,0,38893800,0,0,0,38893800,,,0,0,145000,0,0,0,26.7,13.9,347,26.7,0,0,0
"2026/02/09","2026/02/12","6146","ディスコ","東証およびＰＴＳ",,"確報",1500,4900,8700,343200,200,367900,-359200,108345000,353927000,628401000,24789336000,14446000,26573417000,-25945016000,,,0,0,77803000,0,0,160107000,2.1,4.2,2.4,3,1.4,3.8,2
"2026/02/09","2026/02/12","6147","ヤマザキ","東証およびＰＴＳ",,"確報",0,0,800,0,0,0,800,0,0,271200,0,0,0,271200,,,0,0,4000,0,0,0,4.7,27,2.6,4.7,0,0,0
"2026/02/09","2026/02/12","6149","小田原エンジニア","東証およびＰＴＳ",,"確報",0,0,14600,0,0,0,14600,0,0,32280600,0,0,0,32280600,,,0,0,321200,0,0,0,134.4,147.8,123.2,134.4,0,0,0
"2026/02/09","2026/02/12","6150","タケダ機械","東証およびＰＴＳ",,"確報",100,0,800,0,0,0,800,334500,0,2676000,0,0,0,2676000,,,0,0,7000,0,0,0,39,39,39,39,0,0,0
"2026/02/09","2026/02/12","6151","日東工器","東証およびＰＴＳ",,"確報",1600,100,26600,0,0,39700,-13100,2928000,183000,48678000,0,0,72651000,-23973000,,,0,0,75300,0,0,119100,128.9,58.2,142.2,82.6,0,100.4,200.7
"2026/02/09","2026/02/12","6155","高松機械工業","東証およびＰＴＳ",,"確報",0,0,1500,0,0,0,1500,0,0,721500,0,0,0,721500,,,0,0,0,3000,0,0,0,0,0,0,0,0,0
"2026/02/09","2026/02/12","6156","エーワン精密","東証およびＰＴＳ",,"確報",0,0,1100,0,0,0,1100,0,0,2115300,0,0,0,2115300,,,0,0,9900,0,0,0,35.3,26.5,53,35.3,0,0,0
"2026/02/09","2026/02/12","6157","日進工具","東証およびＰＴＳ",,"確報",0,600,35300,0,800,51100,-15800,0,549600,32334800,0,732800,46807600,-14472800,,,0,0,430800,0,0,622800,21.4,10.9,9.1,9.9,869.7,93.2,168.3
"2026/02/09","2026/02/12","6158","和井田製作所","東証およびＰＴＳ",,"確報",1900,700,9400,1200,0,9400,0,1886700,695100,9334200,1191600,0,9334200,0,,,0,0,164000,0,0,164000,10,6.4,10.9,8.1,9.2,21.6,12.9
"2026/02/09","2026/02/12","6159","ミクロン精密","東証およびＰＴＳ",,"確報",0,0,0,0,0,0,0,0,0,0,0,0,0,0,,,0,0,0,0,0,0,0,0,0,0,0,0,0
"2026/02/09","2026/02/12","6161","エスティック","東証およびＰＴＳ",,"確報",0,0,4300,0,0,0,4300,0,0,4515000,0,0,0,4515000,,,0,0,55900,0,0,0,40.9,225,22.5,40.9,0,0,0
"2026/02/09","2026/02/12","6165","パンチ工業","東証およびＰＴＳ",,"確報",19200,1700,740600,1800,300,3300,737300,10195200,902700,393258600,955800,159300,1752300,391506300,,,0,0,5784800,0,0,14400,9,129.8,4.8,9.2,1.3,1.6,1.4
"2026/02/09","2026/02/12","6166","中村超硬","東証およびＰＴＳ",,"確報",11500,8600,63700,0,0,0,63700,7475000,5590000,41405000,0,0,0,41405000,,,0,0,2128000,0,0,0,9.7,10.7,8.9,9.7,0,0,0
"2026/02/09","2026/02/12","6167","冨士ダイス","東証およびＰＴＳ",,"確報",4800,6200,191600,0,1400,191600,0,5736000,7409000,228962000,0,1673000,228962000,0,,,0,0,0,4246000,4246000,0,35.7,23.8,18.9,21.1,320.5,71.2,116.6
"2026/02/09","2026/02/12","6171","土木管理総合試験所","東証およびＰＴＳ",,"確報",0,600,51600,0,600,51600,0,0,270600,23271600,0,270600,23271600,0,,,0,0,0,156600,156600,0,40,21.1,20.6,20.9,649.8,371.3,472.5
"2026/02/09","2026/02/12","6176","ブランジスタ","東証およびＰＴＳ",,"確報",400,2100,48200,0,0,0,48200,283200,1486800,34125600,0,0,0,34125600,,,0,0,49900,0,0,0,45.3,112.2,28.4,45.3,0,0,0
"2026/02/09","2026/02/12","6177","ＡｐｐＢａｎｋ","東証およびＰＴＳ",,"確報",1500,11800,394400,0,0,0,394400,196500,1545800,51666400,0,0,0,51666400,,,0,0,809400,0,0,0,20.7,32.7,15.2,20.7,0,0,0
"2026/02/09","2026/02/12","6178","日本郵政","東証およびＰＴＳ",,"確報",17100,10500,71600,35200,2800,97400,-25800,35055000,21525000,146780000,72160000,5740000,199670000,-52890000,,,0,0,4712500,0,0,4712500,6.3,4.2,4.7,4.5,6.6,15.4,9.2
"2026/02/09","2026/02/12","6180","ＧＭＯメディア","東証およびＰＴＳ",,"確報",0,0,2600,0,0,0,2600,0,0,14118000,0,0,0,14118000,,,0,0,104000,0,0,0,62.5,31.3,0,62.5,0,0,0
"2026/02/09","2026/02/12","6182","メタリアル","東証およびＰＴＳ",,"確報",4900,5000,116500,3700,1300,308500,-192000,2719500,2775000,64657500,2053500,721500,171217500,-106560000,,,0,0,0,2332000,6122000,0,30.7,43.4,19.2,26.7,20.1,88.2,32.8
"2026/02/09","2026/02/12","6183","ベル２４ＨＤ","東証およびＰＴＳ",,"確報",1100,600,11800,500,0,11800,0,1564200,853200,16779600,711000,0,16779600,0,,,0,0,124300,0,0,124300,8.6,7.5,13.3,9.6,6,10.5,7.6
"2026/02/09","2026/02/12","6184","鎌倉新書","東証およびＰＴＳ",,"確報",500,2400,56300,0,1900,56300,0,278500,1336800,31359100,0,1058300,31359100,0,,,0,0,0,174600,174600,0,11.2,9,8.9,9,15.1,14.9,15
"2026/02/09","2026/02/12","6185","ＳＭＮ","東証およびＰＴＳ",,"確報",2000,500,49700,200,0,18400,31300,858000,214500,21321300,85800,0,7893600,13427700,,,0,0,0,48200,18200,0,31.1,47.3,32.5,38.6,10.2,884,20.1
"2026/02/09","2026/02/12","6186","一蔵","東証およびＰＴＳ",,"確報",0,0,1800,0,0,0,1800,0,0,705600,0,0,0,705600,,,0,0,0,1800,0,0,0,0,0,0,0,0,0
"2026/02/09","2026/02/12","6189","グローバルキッズＣ","東証およびＰＴＳ",,"確報",500,0,13300,0,0,100,13200,382500,0,10174500,0,0,76500,10098000,,,0,0,0,64000,500,0,43.9,31.1,72.6,43.5,0,0,0
"2026/02/09","2026/02/12","6190","フェニックスバイオ","東証およびＰＴＳ",,"確報",200,0,10900,0,0,0,10900,92600,0,5046700,0,0,0,5046700,,,0,0,0,32100,0,0,97.5,107.2,89.3,97.5,0,0,0
"2026/02/09","2026/02/12","6191","エアトリ","東証およびＰＴＳ",,"確報",0,100,405100,500,8100,211700,193400,0,74500,301799500,372500,6034500,157716500,144083000,,,0,0,0,2431200,1315800,0,171.9,1123.2,1444.1,1263.6,49.3,92.6,64.4
"2026/02/09","2026/02/12","6193","バーチャレクス","東証およびＰＴＳ",,"確報",0,0,2300,0,0,0,2300,0,0,2302300,0,0,0,2302300,,,0,0,0,16100,0,0,111,55.5,0,111,0,0,0
"2026/02/09","2026/02/12","6194","アトラエ","東証およびＰＴＳ",,"確報",100,800,106800,4400,0,113900,-7100,68900,551200,73585200,3031600,0,78477100,-4891900,,,0,0,107500,0,0,109500,121.7,158.5,105.7,126.8,74.3,275,117
"2026/02/09","2026/02/12","6195","ホープ","東証およびＰＴＳ",,"確報",400,0,83800,0,0,0,83800,93600,0,19609200,0,0,0,19609200,,,0,0,0,250200,0,0,299.6,299.6,299.6,299.6,0,0,0
"2026/02/09","2026/02/12","6196","ストライク","東証およびＰＴＳ",,"確報",100,100,53500,100,0,400,53100,399500,399500,213732500,399500,0,1598000,212134500,,,0,0,2407500,0,0,13500,74.8,51.5,167.3,78.7,16,5.3,8
"2026/02/09","2026/02/12","6197","ソラスト","東証およびＰＴＳ",,"確報",59900,16000,711500,400,3200,154700,556800,58222800,15552000,691578000,388800,3110400,150368400,541209600,,,0,0,10681600,0,0,2520000,11.2,4.6,83.9,8.8,32.9,97.2,49.2
"2026/02/09","2026/02/12","6198","キャリア","東証およびＰＴＳ",,"確報",0,0,13400,0,0,0,13400,0,0,3296400,0,0,0,3296400,,,0,0,0,0,0,0,671,671,671,671,0,0,0
"2026/02/09","2026/02/12","6199","セラク","東証およびＰＴＳ",,"確報",0,800,3900,1800,800,25900,-22000,0,1292000,6298500,2907000,1292000,41828500,-35530000,,,0,0,79900,0,0,423300,14.6,33.9,7.6,12.5,8.9,51.2,15.2
"2026/02/09","2026/02/12","6200","インソース","東証およびＰＴＳ",,"確報",1700,1100,109400,0,3400,14700,94700,1207000,781000,77674000,0,2414000,10437000,67237000,,,0,0,544000,0,0,90500,3.9,3.4,3.7,3.6,20.4,12.1,15.2
"2026/02/09","2026/02/12","6201","豊田自動織機","東証およびＰＴＳ",,"確報",700,500,8400,0,0,0,8400,13818000,9870000,165816000,0,0,0,165816000,,,0,0,1353000,0,0,0,8.2,5.3,17.7,8.2,0,0,0
"2026/02/09","2026/02/12","6203","豊和工業","東証およびＰＴＳ",,"確報",1200,44000,32300,0,1900,73200,-40900,1786800,65516000,48094700,0,2829100,108994800,-60900100,,,0,0,3830100,0,0,3830100,9.2,5,3.8,4.3,59.2,33.7,43
"2026/02/09","2026/02/12","6208","石川製作所","東証およびＰＴＳ",,"確報",1500,1700,53300,300,500,53300,0,2589000,2934200,91995800,517800,863000,91995800,0,,,0,0,2300500,0,0,2300500,59.6,58.2,44.7,50.5,271.6,41.8,72.4
"2026/02/09","2026/02/12","6209","リケンＮＰＲ","東証およびＰＴＳ",,"確報",0,500,12900,2000,0,6900,6000,0,1915000,49407000,7660000,0,26427000,22980000,,,0,0,804000,0,0,294000,24.5,168.5,23.2,40.8,9.1,17.1,11.9
"2026/02/09","2026/02/12","6210","ＴＯＹＯイノベックス","東証およびＰＴＳ",,"確報",300,200,19800,100,0,19800,0,203100,135400,13404600,67700,0,13404600,0,,,0,0,0,0,0,0,47.2,173,26,45.1,259.5,27.3,49.4
"2026/02/09","2026/02/12","6217","津田駒工業","東証およびＰＴＳ",,"確報",0,3300,29900,100,0,8500,21400,0,1772100,16056300,53700,0,4564500,11491800,,,0,0,365200,0,0,92400,38,83.8,19.5,31.6,103.8,0,207.5
"2026/02/09","2026/02/12","6218","エンシュウ","東証およびＰＴＳ",,"確報",0,100,4200,200,200,2300,1900,0,54800,2301600,109600,109600,1260400,1041200,,,0,0,12900,0,0,6900,24.4,73.7,27.6,40.2,13.5,13.5,13.5
"2026/02/09","2026/02/12","6222","島精機製作所","東証およびＰＴＳ",,"確報",1300,11200,52300,0,9900,52300,0,1264900,10897600,50887900,0,9632700,50887900,0,,,0,0,559800,0,0,559800,16.9,29.4,11.1,16.1,34.4,11.9,17.7
"2026/02/09","2026/02/12","6223","西部技研","東証およびＰＴＳ",,"確報",1900,0,6800,0,200,1200,5600,3507400,0,12552800,0,369200,2215200,10337600,,,0,0,39200,0,0,11200,8.3,15.9,5.6,8.3,5.6,14,8
"2026/02/09","2026/02/12","6224","ＪＲＣ","東証およびＰＴＳ",,"確報",100,800,14900,0,0,0,14900,140000,1120000,20860000,0,0,0,20860000,,,0,0,639600,0,0,0,18.7,403,9.6,18.7,0,0,0
"2026/02/09","2026/02/12","6226","守谷輸送機工業","東証およびＰＴＳ",,"確報",1300,0,13100,1700,400,13100,0,7137000,0,71919000,9333000,2196000,71919000,0,,,0,0,3540000,0,0,3540000,10.9,8,5.5,6.6,30.5,35.9,33
"2026/02/09","2026/02/12","6227","ＡＩメカテック","東証およびＰＴＳ",,"確報",1000,6300,20800,0,0,100,20700,10570000,66591000,219856000,0,0,1057000,218799000,,,0,0,31059000,0,0,119000,14.3,17.8,13.8,15.6,8,0.6,1.1
"2026/02/09","2026/02/12","6228","ジェイ・イー・ティ","東証およびＰＴＳ",,"確報",0,300,9500,0,0,0,9500,0,202500,6412500,0,0,0,6412500,,,0,0,88200,0,0,0,6.2,10.7,4.4,6.2,0,0,0
"2026/02/09","2026/02/12","6229","オーケーエム","東証およびＰＴＳ",,"確報",0,700,5000,0,0,0,5000,0,1322300,9445000,0,0,0,9445000,,,0,0,165300,0,0,0,18.8,21.9,16.4,18.8,0,0,0
"2026/02/09","2026/02/12","6230","ＳＡＮＥＩ","東証およびＰＴＳ",,"確報",0,0,2500,0,0,0,2500,0,0,5562500,0,0,0,5562500,,,0,0,25000,0,0,0,127,0,63.5,127,0,0,0
"2026/02/09","2026/02/12","6231","木村工機","東証およびＰＴＳ",,"確報",0,200,600,0,0,0,600,0,2962000,8886000,0,0,0,8886000,,,0,0,0,32000,0,0,12,10,15,12,0,0,0
"2026/02/09","2026/02/12","6232","ＡＣＳＬ","東証およびＰＴＳ",,"確報",19200,34100,553800,0,5100,888000,-334200,22464000,39897000,647946000,0,5967000,1038960000,-391014000,,,0,0,0,0,0,0,79.9,49.2,28.2,35.9,9999.9,214.6,423.1
"2026/02/09","2026/02/12","6233","ＫＬＡＳＳ","東証およびＰＴＳ",,"確報",700,0,4700,0,0,0,4700,287700,0,1931700,0,0,0,1931700,,,0,0,0,8000,0,0,45.1,22.6,0,45.1,0,0,0
"2026/02/09","2026/02/12","6235","オプトラン","東証およびＰＴＳ",,"確報",7500,5100,61700,1200,0,61700,0,16110000,10954800,132531600,2577600,0,132531600,0,,,0,0,4210300,0,0,4295500,25,13.5,27.4,18.1,123.4,22.9,38.7
"2026/02/09","2026/02/12","6237","イワキポンプ","東証およびＰＴＳ",,"確報",100,100,7000,0,0,7000,0,274000,274000,19180000,0,0,19180000,0,,,0,0,259000,0,0,259000,49.4,34.6,49.4,40.7,49.4,86.5,62.9
"2026/02/09","2026/02/12","6238","フリュー","東証およびＰＴＳ",,"確報",400,0,67300,0,300,2900,64400,420800,0,70799600,0,315600,3050800,67748800,,,0,0,735900,0,0,35200,48.7,142.5,71.3,95,5.1,4.8,4.9
"2026/02/09","2026/02/12","6239","ナガオカ","東証およびＰＴＳ",,"確報",800,0,43300,0,0,0,43300,1195200,0,64690200,0,0,0,64690200,,,0,0,0,510000,0,0,427.6,267.3,1069,427.6,0,0,0
"2026/02/09","2026/02/12","6240","ヤマシンフィルタ","東証およびＰＴＳ",,"確報",6300,12000,186700,1100,1100,192400,-5700,4025700,7668000,119301300,702900,702900,122943600,-3642300,,,0,0,2116400,0,0,2116400,14.4,9.1,8.8,9,33.9,38.1,35.9
"2026/02/09","2026/02/12","6245","ヒラノテクシード","東証およびＰＴＳ",,"確報",500,0,28500,0,100,2300,26200,952500,0,54292500,0,190500,4381500,49911000,,,0,0,840000,0,0,72000,26.3,71.8,79.7,75.5,55.2,3.2,6
"2026/02/09","2026/02/12","6246","テクノスマート","東証およびＰＴＳ",,"確報",0,0,5600,0,100,1900,3700,0,0,11592000,0,207000,3933000,7659000,,,0,0,0,162400,58000,0,126.7,280,280,280,50,50,50
"2026/02/09","2026/02/12","6247","日阪製作所","東証およびＰＴＳ",,"確報",500,200,22000,3400,0,33900,-11900,829500,331800,36498000,5640600,0,56240100,-19742100,,,0,0,1128400,0,0,1586000,30.1,23.4,33.9,27.7,21,67.8,32.1
"2026/02/09","2026/02/12","6248","横田製作所","東証およびＰＴＳ",,"確報",400,100,1000,0,0,0,1000,744000,186000,1860000,0,0,0,1860000,,,0,0,8400,0,0,0,8.2,7.4,9.3,8.2,0,0,0
"2026/02/09","2026/02/12","6249","ゲームカードＨＤ","東証およびＰＴＳ",,"確報",0,0,5100,0,0,0,5100,0,0,14494200,0,0,0,14494200,,,0,0,280500,0,0,0,19.3,14.4,28.9,19.3,0,0,0
"2026/02/09","2026/02/12","6250","やまびこ","東証およびＰＴＳ",,"確報",0,200,1900,0,0,200,1700,0,707000,6716500,0,0,707000,6009500,,,0,0,105000,0,0,10000,27.5,50,33.3,40,0,3.3,6.7
"2026/02/09","2026/02/12","6254","野村マイクロ・Ｓ","東証およびＰＴＳ",,"確報",11700,11700,350500,0,0,350500,0,40131000,40131000,1202215000,0,0,1202215000,0,,,0,0,17525000,0,0,17525000,96.5,48.3,48.9,48.6,3503,0,7006
"2026/02/09","2026/02/12","6255","エヌ・ピー・シー","東証およびＰＴＳ",,"確報",100,21800,110400,700,7300,168200,-57800,76300,16633400,84235200,534100,5569900,128336600,-44101400,,,0,0,2245700,0,0,2971600,27.3,33.1,9.4,14.7,263.7,46,78.4
"2026/02/09","2026/02/12","6257","藤商事","東証およびＰＴＳ",,"確報",3300,6000,7400,14200,32400,35300,-27900,3438600,6252000,7710800,14796400,33760800,36782600,-29071800,,,0,0,0,282800,1498000,0,2.4,3.5,4.4,3.9,1.6,3.1,2.1
"2026/02/09","2026/02/12","6258","平田機工","東証およびＰＴＳ",,"確報",9200,100,26200,500,8700,1200,25000,26247600,285300,74748600,1426500,24821100,3423600,71325000,,,0,0,1350900,0,0,742600,7.8,8.8,24.1,12.9,4.8,3.2,3.8
"2026/02/09","2026/02/12","6262","ＰＥＧＡＳＵＳ","東証およびＰＴＳ",,"確報",0,300,1149300,400,5100,89700,1059600,0,229800,880363800,306400,3906600,68710200,811653600,,,0,0,1149600,0,0,94400,24.4,2059.2,11.8,23.4,166.4,33,55.1
"2026/02/09","2026/02/12","6264","マルマエ","東証およびＰＴＳ",,"確報",2500,1700,84200,400,2300,89100,-4900,7775000,5287000,261862000,1244000,7153000,277101000,-15239000,,,0,0,6255000,0,0,6825000,24.7,19,14.6,16.6,51,42.3,46.2
"2026/02/09","2026/02/12","6265","コンバム","東証およびＰＴＳ",,"確報",0,0,100,0,0,0,100,0,0,252000,0,0,0,252000,,,0,0,0,0,0,0,6,6,6,6,0,0,0
"2026/02/09","2026/02/12","6266","タツモ","東証およびＰＴＳ",,"確報",300,1400,43700,100,1200,43700,0,816600,3810800,118951400,272200,3266400,118951400,0,,,0,0,2867200,0,0,2867200,23.8,16.2,13.3,14.6,109.3,45,63.8
"2026/02/09","2026/02/12","6267","ゼネラルパッカー","東証およびＰＴＳ",,"確報",0,0,0,0,0,0,0,0,0,0,0,0,0,0,,,0,0,0,0,0,0,0,0,0,0,0,0,0
"2026/02/09","2026/02/12","6268","ナブテスコ","東証およびＰＴＳ",,"確報",1100,4400,26500,0,1600,6300,20200,5023700,20094800,121025500,0,7307200,28772100,92253400,,,0,0,1668800,0,0,442400,13.5,17.7,11.8,14.1,7.8,19.5,11.1
"2026/02/09","2026/02/12","6269","三井海洋開発","東証およびＰＴＳ",,"確報",4100,46200,352200,0,0,400,351800,62566000,705012000,5374572000,0,0,6104000,5368468000,,,0,0,0,0,0,0,5.4,6.3,4.7,5.4,14,4,6.2
"2026/02/09","2026/02/12","6272","レオン自動機","東証およびＰＴＳ",,"確報",0,0,7300,100,0,4000,3300,0,0,11731100,160700,0,6428000,5303100,,,0,0,211700,0,0,113100,102.7,52.7,184.5,82,196,196,196
"2026/02/09","2026/02/12","6273","エスエムシー","東証およびＰＴＳ",,"確報",0,3300,400,2900,100,6500,-6100,0,219813000,26644000,193169000,6661000,432965000,-406321000,,,0,0,6993000,0,0,6993000,3.4,2.5,1.8,2.1,3,15.6,5
"2026/02/09","2026/02/12","6276","シリウスビジョン","東証およびＰＴＳ",,"確報",1000,0,30700,0,0,0,30700,280000,0,8596000,0,0,0,8596000,,,0,0,29700,0,0,0,129.7,114.8,149.2,129.7,0,0,0
"2026/02/09","2026/02/12","6277","ホソカワミクロン","東証およびＰＴＳ",,"確報",0,200,138000,1300,900,26300,111700,0,1304000,899760000,8476000,5868000,171476000,728284000,,,0,0,0,22112000,4144000,0,199.8,3451.5,3451.5,3451.5,33.1,33.1,33.1
"2026/02/09","2026/02/12","6278","ユニオンツール","東証およびＰＴＳ",,"確報",300,10100,4300,600,1400,20200,-15900,3435000,115645000,49235000,6870000,16030000,231290000,-182055000,,,0,0,12267000,0,0,18270000,5.5,2.5,1.5,1.9,66.8,23.2,34.5
"2026/02/09","2026/02/12","6279","瑞光","東証およびＰＴＳ",,"確報",0,8500,27000,3900,600,72900,-45900,0,8704000,27648000,3993600,614400,74649600,-47001600,,,0,0,532500,0,0,1044000,26,470.5,9.1,17.8,45.4,28.1,34.7
"2026/02/09","2026/02/12","6282","オイレス工業","東証およびＰＴＳ",,"確報",500,0,7200,0,1200,28900,-21700,1255500,0,18079200,0,3013200,72567900,-54488700,,,0,0,46900,0,0,210700,45.3,27.5,23.8,25.5,89.6,40.1,55.4
"2026/02/09","2026/02/12","6284","日精エーエスビー機械","東証およびＰＴＳ",,"確報",0,0,2000,0,400,1600,400,0,0,13160000,0,2632000,10528000,2632000,,,0,0,160000,0,0,160000,19,59,14.8,23.6,15.2,15.2,15.2
"2026/02/09","2026/02/12","6286","靜甲","東証およびＰＴＳ",,"確報",200,0,1700,0,0,0,1700,274000,0,2329000,0,0,0,2329000,,,0,0,0,1500,0,0,33.2,41.5,27.7,33.2,0,0,0
"2026/02/09","2026/02/12","6287","サトー","東証およびＰＴＳ",,"確報",0,600,4500,0,600,4500,0,0,1437000,10777500,0,1437000,10777500,0,,,0,0,137700,0,0,137700,6.3,6.3,5.5,5.9,4,23.6,6.9
"2026/02/09","2026/02/12","6289","技研製作所","東証およびＰＴＳ",,"確報",17500,16200,44300,1300,0,44300,0,38272500,35429400,96884100,2843100,0,96884100,0,,,0,0,1376000,0,0,1376000,11.2,6.3,6.1,6.2,171.2,27.8,47.9
"2026/02/09","2026/02/12","6291","日本エアーテック","東証およびＰＴＳ",,"確報",400,300,43100,0,0,0,43100,529200,396900,57021300,0,0,0,57021300,,,0,0,86000,0,0,0,20.8,12.6,59.9,20.8,0,0,0
"2026/02/09","2026/02/12","6292","カワタ","東証およびＰＴＳ",,"確報",0,0,1200,0,0,0,1200,0,0,973200,0,0,0,973200,,,0,0,0,9600,0,0,120,0,60,120,0,0,0
"2026/02/09","2026/02/12","6293","日精樹脂工業","東証およびＰＴＳ",,"確報",100,3600,12700,5900,0,33000,-20300,90100,3243600,11442700,5315900,0,29733000,-18290300,,,0,0,453600,0,0,758800,9.3,14,3,5,17.5,17.3,17.4
"2026/02/09","2026/02/12","6294","オカダアイヨン","東証およびＰＴＳ",,"確報",0,200,6700,0,0,200,6500,0,472800,15838800,0,0,472800,15366000,,,0,0,69000,0,0,2000,141.6,344,86,137.6,0,0,0
"2026/02/09","2026/02/12","6298","ワイエイシイＨＤ","東証およびＰＴＳ",,"確報",500,1200,19000,400,0,7800,11200,558500,1340400,21223000,446800,0,8712600,12510400,,,0,0,748600,0,0,281200,16.8,21.5,32.3,25.8,22.1,6.4,9.9
"2026/02/09","2026/02/12","6301","小松製作所","東証およびＰＴＳ",,"確報",500,2400,39200,74700,4100,382200,-343000,3737000,17937600,292980800,558307800,30643400,2856562800,-2563582000,,,0,0,16563300,0,0,125574800,5,3.9,3.3,3.6,3.6,9.6,5.2
"2026/02/09","2026/02/12","6302","住友重機械工業","東証およびＰＴＳ",,"確報",1300,800,36700,200,700,10900,25800,7040800,4332800,198767200,1083200,3791200,59034400,139732800,,,0,0,3692400,0,0,1162800,16.1,12.8,21.2,16,18.9,14.7,16.5
"2026/02/09","2026/02/12","6305","日立建機","東証およびＰＴＳ",,"確報",10000,1400,17900,8600,0,17900,0,65000000,9100000,116350000,55900000,0,116350000,0,,,0,0,3422400,0,0,3422400,3.9,2.6,4.5,3.3,3.3,7.3,4.6
"2026/02/09","2026/02/12","6306","日工","東証およびＰＴＳ",,"確報",2600,500,14500,100,300,6800,7700,2267200,436000,12644000,87200,261600,5929600,6714400,,,0,0,458800,0,0,259000,28.2,15.6,43.7,23,49.3,49.3,49.3
"2026/02/09","2026/02/12","6307","サンセイ","東証およびＰＴＳ",,"確報",2400,1600,6800,0,0,0,6800,1776000,1184000,5032000,0,0,0,5032000,,,0,0,600000,0,0,0,9.7,8.6,11.2,9.7,0,0,0
"2026/02/09","2026/02/12","6309","巴工業","東証およびＰＴＳ",,"確報",0,200,6100,0,0,0,6100,0,412000,12566000,0,0,0,12566000,,,0,0,170100,0,0,0,31.3,47,23.5,31.3,0,0,0
"2026/02/09","2026/02/12","6310","井関農機","東証およびＰＴＳ",,"確報",600,100,57400,1300,300,8300,49100,1120200,186700,107165800,2427100,560100,15496100,91669700,,,0,0,1820800,0,0,233600,58.2,159.4,50.3,76.5,10.3,110.3,18.9
"2026/02/09","2026/02/12","6315","ＴＯＷＡ","東証およびＰＴＳ",,"確報",700,232000,369400,3300,2500,154500,214900,2032100,673496000,1072368200,9579900,7257500,448513500,623854700,,,0,0,0,53462300,13679300,0,5.8,4.7,3.8,4.2,174.9,285.1,216.8
"2026/02/09","2026/02/12","6316","丸山製作所","東証およびＰＴＳ",,"確報",0,100,600,0,0,0,600,0,239000,1434000,0,0,0,1434000,,,0,0,38500,0,0,0,11.6,14.5,9.7,11.6,0,0,0
"2026/02/09","2026/02/12","6317","北川鉄工所","東証およびＰＴＳ",,"確報",0,3600,2500,300,0,700,1800,0,6735600,4677500,561300,0,1309700,3367800,,,0,0,427000,0,0,28000,9.3,56.6,5.7,10.3,4,5.6,4.7
"2026/02/09","2026/02/12","6322","タクミナ","東証およびＰＴＳ",,"確報",1500,0,1800,0,0,0,1800,2335500,0,2802600,0,0,0,2802600,,,0,0,0,4200,0,0,4,2,0,4,0,0,0
"2026/02/09","2026/02/12","6323","ローツェ","東証およびＰＴＳ",,"確報",5300,1400,144600,0,5200,8900,135700,18444000,4872000,503208000,0,18096000,30972000,472236000,,,0,0,27999300,0,0,2805900,13.1,40.9,10.9,17.3,2.6,2.2,2.4
"2026/02/09","2026/02/12","6324","ハーモニックドライブ","東証およびＰＴＳ",,"確報",65100,21000,247700,72800,0,247700,0,232081500,74865000,883050500,259532000,0,883050500,0,,,0,0,22396000,0,0,19239000,7,4.4,4.2,4.3,12.8,125.7,23.3
"2026/02/09","2026/02/12","6325","タカキタ","東証およびＰＴＳ",,"確報",1800,500,6800,100,100,7800,-1000,720000,200000,2720000,40000,40000,3120000,-400000,,,0,0,0,5500,7800,0,5.7,4.5,2.4,3.1,205.5,29.4,51.4
"2026/02/09","2026/02/12","6326","クボタ","東証およびＰＴＳ",,"確報",1000,9100,40000,5600,13700,40000,0,2698000,24551800,107920000,15108800,36962600,107920000,0,,,0,0,1875900,0,0,1875900,6.1,19,6.5,9.7,3.6,5.1,4.2
"2026/02/09","2026/02/12","6327","北川精機","東証およびＰＴＳ",,"確報",1200,0,19100,0,0,0,19100,1204800,0,19176400,0,0,0,19176400,,,0,0,0,322200,0,0,42,44,40.3,42,0,0,0
"2026/02/09","2026/02/12","6328","荏原実業","東証およびＰＴＳ",,"確報",1800,0,6600,1800,0,6600,0,4005000,0,14685000,4005000,0,14685000,0,,,0,0,292800,0,0,292800,5.9,4.6,5.6,5.1,6.1,8,6.9
"2026/02/09","2026/02/12","6330","東洋エンジニアリング","東証およびＰＴＳ",,"確報",76200,12900,444000,0,114300,1890900,-1446900,473964000,80238000,2761680000,0,710946000,11761398000,-8999718000,,,0,0,0,239841000,1263276000,0,46.2,16.8,16.7,16.7,120.4,54.3,74.9
"2026/02/09","2026/02/12","6331","三菱化工機","東証およびＰＴＳ",,"確報",1700,200,115800,0,0,100,115700,6018000,708000,409932000,0,0,354000,409578000,,,0,0,2286000,0,0,2000,54.5,72.8,45.5,56,1.5,0.8,1
"2026/02/09","2026/02/12","6332","月島ホールディングス","東証およびＰＴＳ",,"確報",1500,400,11300,7400,100,11300,0,4755000,1268000,35821000,23458000,317000,35821000,0,,,0,0,0,0,0,0,2.7,2.5,2.5,2.5,2.6,12.2,4.3
"2026/02/09","2026/02/12","6333","帝国電機製作所","東証およびＰＴＳ",,"確報",400,300,5800,100,0,5800,0,1276000,957000,18502000,319000,0,18502000,0,,,0,0,456000,0,0,456000,47.2,31.4,31.4,31.4,94.3,94.3,94.3
"2026/02/09","2026/02/12","6334","明治機械","東証およびＰＴＳ",,"確報",0,0,400,0,0,0,400,0,0,166000,0,0,0,166000,,,0,0,0,1200,0,0,22,0,11,22,0,0,0
"2026/02/09","2026/02/12","6335","東京機械製作所","東証およびＰＴＳ",,"確報",1100,1300,16100,0,0,0,16100,579700,685100,8484700,0,0,0,8484700,,,0,0,65200,0,0,0,45.1,59.6,36.3,45.1,0,0,0
"2026/02/09","2026/02/12","6336","石井表記","東証およびＰＴＳ",,"確報",100,0,1900,0,0,0,1900,76000,0,1444000,0,0,0,1444000,,,0,0,14400,0,0,0,24.5,98,14,24.5,0,0,0
"2026/02/09","2026/02/12","6337","テセック","東証およびＰＴＳ",,"確報",200,0,6500,0,0,0,6500,562600,0,18284500,0,0,0,18284500,,,0,0,189000,0,0,0,27.7,24.5,31.8,27.7,0,0,0
"2026/02/09","2026/02/12","6338","タカトリ","東証およびＰＴＳ",,"確報",1100,0,23000,0,0,0,23000,1703900,0,35627000,0,0,0,35627000,,,0,0,569400,0,0,0,56.3,36.9,118.8,56.3,0,0,0
"2026/02/09","2026/02/12","6339","新東工業","東証およびＰＴＳ",,"確報",400,1400,21600,19600,400,52900,-31300,464800,1626800,25099200,22775200,464800,61469800,-36370600,,,0,0,0,836200,1246900,0,9.2,5.7,10.5,7.3,6.3,34.3,10.7
"2026/02/09","2026/02/12","6340","澁谷工業","東証およびＰＴＳ",,"確報",700,0,2000,700,0,2000,0,2607500,0,7450000,2607500,0,7450000,0,,,0,0,117000,0,0,117000,6.9,3.7,9.4,5.3,5.5,66,10.2
"2026/02/09","2026/02/12","6342","太平製作所","東証およびＰＴＳ",,"確報",0,0,2800,0,0,0,2800,0,0,8596000,0,0,0,8596000,,,0,0,224000,0,0,0,11.9,17.2,9.1,11.9,0,0,0
"2026/02/09","2026/02/12","6343","フリージア・マクロス","東証およびＰＴＳ",,"確報",0,11900,112400,100,100,20600,91800,0,2296700,21693200,19300,19300,3975800,17717400,,,0,0,248600,0,0,41200,29.9,30.3,25.3,27.6,266.8,31.4,56.2
"2026/02/09","2026/02/12","6345","アイチコーポ","東証およびＰＴＳ",,"確報",6100,100,23500,9900,0,23700,-200,8430200,138200,32477000,13681800,0,32753400,-276400,,,0,0,437500,0,0,345000,14.2,14.2,17.8,15.8,7.3,50.1,12.7
"2026/02/09","2026/02/12","6346","キクカワエンタ","東証およびＰＴＳ",,"確報",0,0,0,0,0,0,0,0,0,0,0,0,0,0,,,0,0,0,0,0,0,0,0,0,0,0,0,0
"2026/02/09","2026/02/12","6347","プラコー","東証およびＰＴＳ",,"確報",2000,4600,395700,0,0,0,395700,762000,1752600,150761700,0,0,0,150761700,,,0,0,0,9559200,0,0,127.1,283.7,81.9,127.1,0,0,0
"2026/02/09","2026/02/12","6349","小森コーポレーション","東証およびＰＴＳ",,"確報",0,100,9400,0,0,3100,6300,0,176700,16609800,0,0,5477700,11132100,,,0,0,266000,0,0,86800,33.4,26.8,80.5,40.3,13.7,50.3,21.6
"2026/02/09","2026/02/12","6351","鶴見製作所","東証およびＰＴＳ",,"確報",6900,400,12500,3100,500,14500,-2000,16366800,948800,29650000,7353200,1186000,34394000,-4744000,,,0,0,474000,0,0,940100,3.8,1.9,2.2,2,9.5,18.8,12.6
"2026/02/09","2026/02/12","6356","日本ギア工業","東証およびＰＴＳ",,"確報",1200,200,36500,0,0,0,36500,1093200,182200,33251500,0,0,0,33251500,,,0,0,213000,0,0,0,36.6,64.4,25.6,36.6,0,0,0
"2026/02/09","2026/02/12","6357","三精テクノロジーズ","東証およびＰＴＳ",,"確報",0,200,9100,100,0,300,8800,0,498000,22659000,249000,0,747000,21912000,,,0,0,0,511500,11000,0,45.8,79.3,39.7,52.9,1.7,0,3.3
"2026/02/09","2026/02/12","6358","酒井重工業","東証およびＰＴＳ",,"確報",700,500,6000,300,100,6000,0,1596700,1140500,13686000,684300,228100,13686000,0,,,0,0,237800,0,0,237800,6.3,8.9,2.2,3.6,30.1,23.2,26.2
"2026/02/09","2026/02/12","6360","東京自働機械製作所","東証およびＰＴＳ",,"確報",0,0,800,0,0,0,800,0,0,3192000,0,0,0,3192000,,,0,0,0,0,0,0,0,0,0,0,0,0,0
"2026/02/09","2026/02/12","6361","荏原製作所","東証およびＰＴＳ",,"確報",3000,9600,31500,14900,0,31500,0,15588000,49881600,163674000,77420400,0,163674000,0,,,0,0,10134600,0,0,4415600,9.6,21.5,8.8,12.5,5.2,10.6,7
"2026/02/09","2026/02/12","6363","酉島製作所","東証およびＰＴＳ",,"確報",0,600,15500,1500,0,12200,3300,0,1381200,35681000,3453000,0,28084400,7596600,,,0,0,756700,0,0,502900,18.6,136.7,14.6,26.5,7.6,30.2,12.1
"2026/02/09","2026/02/12","6364","ＡＩＲＭＡＮ","東証およびＰＴＳ",,"確報",600,200,5200,300,0,5200,0,1281000,427000,11102000,640500,0,11102000,0,,,0,0,91200,0,0,93100,14.1,8.6,13.8,10.6,14.3,36.9,20.6
"2026/02/09","2026/02/12","6365","電業社機械製作所","東証およびＰＴＳ",,"確報",0,100,500,0,0,0,500,0,573000,2865000,0,0,0,2865000,,,0,0,30000,0,0,0,58,0,29,58,0,0,0
"2026/02/09","2026/02/12","6366","千代田化工建設","東証およびＰＴＳ",,"確報",105700,5100,576000,201900,600,210000,366000,164152100,7920300,894528000,313550700,931800,326130000,568398000,,,0,0,85096600,0,0,1557300,9.3,15.1,11.4,13,1.2,41.2,2.3
"2026/02/09","2026/02/12","6367","ダイキン工業","東証およびＰＴＳ",,"確報",1900,30900,8900,29200,10500,30400,-21500,35245000,573195000,165095000,541660000,194775000,563920000,-398825000,,,0,0,20466000,0,0,6318000,2.9,5.9,3.4,4.3,1.1,2.3,1.5
"2026/02/09","2026/02/12","6368","オルガノ","東証およびＰＴＳ",,"確報",6400,0,38000,4800,1000,8300,29700,91712000,0,544540000,68784000,14330000,118939000,425601000,,,0,0,2686000,0,0,382500,5.5,3.4,27.1,6,3.7,4.6,4.1
"2026/02/09","2026/02/12","6369","トーヨーカネツ","東証およびＰＴＳ",,"確報",0,400,6300,400,100,3800,2500,0,1095200,17249400,1095200,273800,10404400,6845000,,,0,0,328300,0,0,171500,11.9,54.7,54.7,54.7,4.9,5.8,5.3
"2026/02/09","2026/02/12","6370","栗田工業","東証およびＰＴＳ",,"確報",3300,1000,15100,2300,0,15100,0,25736700,7799000,117764900,17937700,0,117764900,0,,,0,0,934400,0,0,934400,11.9,8.4,8.3,8.4,21.2,20.6,20.9
"2026/02/09","2026/02/12","6371","椿本チエイン","東証およびＰＴＳ",,"確報",600,22200,15800,0,19200,22200,-6400,1537800,56898600,40495400,0,49209600,56898600,-16403200,,,0,0,3366000,0,0,3726000,7.7,11.6,6.2,8.1,7.3,7.5,7.4
"2026/02/09","2026/02/12","6376","日機装","東証およびＰＴＳ",,"確報",0,1000,4900,0,0,1000,3900,0,1923000,9422700,0,0,1923000,7499700,,,0,0,318600,0,0,54000,8.3,57.6,8.2,14.4,9.1,2.2,3.6
"2026/02/09","2026/02/12","6378","木村化工機","東証およびＰＴＳ",,"確報",6200,700,19900,5500,0,19900,0,8103400,914900,26009300,7188500,0,26009300,0,,,0,0,0,216000,216000,0,9.3,10.8,5.9,7.6,10.1,17.1,12.7
"2026/02/09","2026/02/12","6379","レイズネクスト","東証およびＰＴＳ",,"確報",0,500,4700,200,0,400,4300,0,1328000,12483200,531200,0,1062400,11420800,,,0,0,156000,0,0,6000,33.1,29.5,47.2,36.3,6,0,12
"2026/02/09","2026/02/12","6380","オリエンタルチエン","東証およびＰＴＳ",,"確報",0,0,56200,0,0,0,56200,0,0,173377000,0,0,0,173377000,,,0,0,2248000,0,0,0,565,2825,313.9,565,0,0,0
"2026/02/09","2026/02/12","6381","アネスト岩田","東証およびＰＴＳ",,"確報",300,0,3100,300,0,3100,0,532200,0,5499400,532200,0,5499400,0,,,0,0,39200,0,0,39200,5.3,3.6,6.1,4.5,3.8,20.2,6.4
"2026/02/09","2026/02/12","6382","トリニティ工業","東証およびＰＴＳ",,"確報",0,0,1100,0,0,0,1100,0,0,1479500,0,0,0,1479500,,,0,0,3300,0,0,0,14.7,33,9.4,14.7,0,0,0
"2026/02/09","2026/02/12","6383","ダイフク","東証およびＰＴＳ",,"確報",6900,154800,24900,0,1900,15800,9100,41006700,919976400,147980700,0,11291700,93899400,54081300,,,0,0,22809600,0,0,2336400,2.3,3.3,1.6,2.2,2.9,9.7,4.4
"2026/02/09","2026/02/12","6384","昭和真空","東証およびＰＴＳ",,"確報",100,0,1700,0,0,0,1700,163000,0,2771000,0,0,0,2771000,,,0,0,0,4800,0,0,7.6,19,4.8,7.6,0,0,0
"2026/02/09","2026/02/12","6387","サムコ","東証およびＰＴＳ",,"確報",100,1300,4600,0,0,0,4600,535000,6955000,24610000,0,0,0,24610000,,,0,0,1160000,0,0,0,15.1,29.5,10.2,15.1,0,0,0
"2026/02/09","2026/02/12","6390","加藤製作所","東証およびＰＴＳ",,"確報",400,4300,118700,3900,1000,50300,68400,581600,6252200,172589800,5670600,1454000,73136200,99453600,,,0,0,1716400,0,0,663600,68.9,185.5,46.4,74.2,44.2,85.3,58.3
"2026/02/09","2026/02/12","6391","加地テック","東証およびＰＴＳ",,"確報",0,0,1900,0,0,0,1900,0,0,7277000,0,0,0,7277000,,,0,0,133000,0,0,0,11.9,6.3,95,11.9,0,0,0
"2026/02/09","2026/02/12","6392","ヤマダコーポ","東証およびＰＴＳ",,"確報",0,0,300,0,0,0,300,0,0,1965000,0,0,0,1965000,,,0,0,0,21000,0,0,16,16,16,16,0,0,0
"2026/02/09","2026/02/12","6393","油研工業","東証およびＰＴＳ",,"確報",0,0,700,0,0,200,500,0,0,2306500,0,0,659000,1647500,,,0,0,21000,0,0,6000,29.3,17,34,22.7,0,0,0
"2026/02/09","2026/02/12","6395","タダノ","東証およびＰＴＳ",,"確報",17300,1600,44700,0,4100,44700,0,22351600,2067200,57752400,0,5297200,57752400,0,,,0,0,957000,0,0,1610400,9.1,3.9,8.2,5.3,11.5,35.5,17.4
"2026/02/09","2026/02/12","6396","宇野澤組鐵工所","東証およびＰＴＳ",,"確報",0,0,300,0,0,0,300,0,0,1324500,0,0,0,1324500,,,0,0,24000,0,0,0,0,0,0,0,0,0,0
"2026/02/09","2026/02/12","6400","不二精機","東証およびＰＴＳ",,"確報",300,100,15300,200,0,6000,9300,97500,32500,4972500,65000,0,1950000,3022500,,,0,0,0,30200,11600,0,18.6,30.1,16.8,21.6,6.4,0,12.9
"2026/02/09","2026/02/12","6402","兼松エンジニアリング","東証およびＰＴＳ",,"確報",3700,0,10400,0,0,0,10400,6556400,0,18428800,0,0,0,18428800,,,0,0,422100,0,0,0,14.8,9.2,38.5,14.8,0,0,0
"2026/02/09","2026/02/12","6403","水道機工","東証およびＰＴＳ",,"確報",1100,100,2600,0,0,0,2600,4449500,404500,10517000,0,0,0,10517000,,,0,0,0,64000,0,0,5.4,6,5,5.4,0,0,0
"2026/02/09","2026/02/12","6405","鈴茂器工","東証およびＰＴＳ",,"確報",200,1500,3900,0,0,0,3900,284400,2133000,5545800,0,0,0,5545800,,,0,0,10400,0,0,0,16.7,26,12.3,16.7,0,0,0
"2026/02/09","2026/02/12","6406","フジテック","東証およびＰＴＳ",,"確報",0,100,300,0,0,0,300,0,566500,1699500,0,0,0,1699500,,,0,0,0,0,0,0,6,9,4.5,6,0,0,0
"2026/02/09","2026/02/12","6407","ＣＫＤ","東証およびＰＴＳ",,"確報",0,7500,12100,2400,300,66700,-54600,0,33187500,53542500,10620000,1327500,295147500,-241605000,,,0,0,3038000,0,0,10013000,26,13.9,5.7,8.1,39.3,93.3,55.3
"2026/02/09","2026/02/12","6408","小倉クラッチ","東証およびＰＴＳ",,"確報",0,0,100,0,0,0,100,0,0,375000,0,0,0,375000,,,0,0,5500,0,0,0,6,3,0,6,0,0,0
"2026/02/09","2026/02/12","6412","平和","東証およびＰＴＳ",,"確報",1700,0,18900,0,0,0,18900,3406800,0,37875600,0,0,0,37875600,,,0,0,0,309600,0,0,28.1,25.4,31.5,28.1,0,0,0
"2026/02/09","2026/02/12","6413","理想科学工業","東証およびＰＴＳ",,"確報",9800,1000,25300,1500,0,26900,-1600,12367600,1262000,31928600,1893000,0,33947800,-2019200,,,0,0,49500,0,0,76200,7.6,3.7,5.7,4.5,9.6,128.8,17.8
"2026/02/09","2026/02/12","6417","ＳＡＮＫＹＯ","東証およびＰＴＳ",,"確報",200,600,25200,300,100,1200,24000,464900,1394700,58577400,697350,232450,2789400,55788000,,,0,0,0,243200,9500,0,28.3,171.6,21.8,38.7,3.8,3.8,3.8
"2026/02/09","2026/02/12","6418","日本金銭機械","東証およびＰＴＳ",,"確報",0,26400,28700,700,12400,47300,-18600,0,30122400,32746700,798700,14148400,53969300,-21222600,,,0,0,6116100,0,0,6549000,14.1,10.2,6.8,8.2,58.2,21.5,31.4
"2026/02/09","2026/02/12","6419","マースグループＨＤ","東証およびＰＴＳ",,"確報",0,300,6900,0,100,2200,4700,0,975000,22425000,0,325000,7150000,15275000,,,0,0,0,0,0,0,42.5,116.3,116.3,116.3,11.8,19.7,14.8
"2026/02/09","2026/02/12","6420","ガリレイ","東証およびＰＴＳ",,"確報",100,200,9000,100,800,700,8300,364000,728000,32760000,364000,2912000,2548000,30212000,,,0,0,364000,0,0,56000,15.1,53.4,13.4,21.4,6.9,3.8,4.9
"2026/02/09","2026/02/12","6424","高見沢サイバ","東証およびＰＴＳ",,"確報",0,0,1200,0,0,0,1200,0,0,1141200,0,0,0,1141200,,,0,0,0,4800,0,0,12.3,18.5,9.3,12.3,0,0,0
"2026/02/09","2026/02/12","6425","ユニバーサルエンタ","東証およびＰＴＳ",,"確報",2500,1800,111300,1900,1200,111300,0,1955000,1407600,87036600,1485800,938400,87036600,0,,,0,0,442400,0,0,442400,19,13.4,12.5,13,39.2,32.4,35.5
"2026/02/09","2026/02/12","6428","オーイズミ","東証およびＰＴＳ",,"確報",0,500,4500,0,0,0,4500,0,172000,1548000,0,0,0,1548000,,,0,0,30000,0,0,0,39.4,128,23.3,39.4,0,0,0
"2026/02/09","2026/02/12","6430","ダイコク電機","東証およびＰＴＳ",,"確報",0,400,8100,300,0,3200,4900,0,1133200,22947300,849900,0,9065600,13881700,,,0,0,110500,0,0,37700,37.5,211,60.3,93.8,9.3,23.3,13.3
"2026/02/09","2026/02/12","6432","竹内製作所","東証およびＰＴＳ",,"確報",20800,3700,31500,2500,300,8600,22900,150800000,26825000,228375000,18125000,2175000,62350000,166025000,,,0,0,1728000,0,0,768000,1.9,3.4,1.5,2.1,1.5,1.7,1.6
"2026/02/09","2026/02/12","6433","ヒーハイスト","東証およびＰＴＳ",,"確報",18100,3300,48700,0,0,0,48700,32942000,6006000,88634000,0,0,0,88634000,,,0,0,0,12034500,0,0,6,4.3,9.9,6,0,0,0
"2026/02/09","2026/02/12","6436","アマノ","東証およびＰＴＳ",,"確報",100,800,1400,0,100,500,900,407300,3258400,5702200,0,407300,2036500,3665700,,,0,0,111300,0,0,31800,4.1,5.4,6.4,5.9,2.3,2.3,2.3
"2026/02/09","2026/02/12","6440","ジューキ","東証およびＰＴＳ",,"確報",9300,1200,40800,20500,4700,62500,-21700,5273100,680400,23133600,11623500,2664900,35437500,-12303900,,,0,0,392400,0,0,560400,6.2,9.2,4.1,5.6,7.3,6.5,6.9
"2026/02/09","2026/02/12","6444","サンデン","東証およびＰＴＳ",,"確報",0,4200,253200,0,1600,71000,182200,0,600600,36207600,0,228800,10153000,26054600,,,0,0,0,0,0,0,92.9,9999.9,49.9,99.4,372.3,41.8,75.2
"2026/02/09","2026/02/12","6445","ジャノメ","東証およびＰＴＳ",,"確報",1200,300,22000,0,4800,33400,-11400,1518000,379500,27830000,0,6072000,42251000,-14421000,,,0,0,654100,0,0,1184200,32.2,58.1,22.5,32.4,34.6,29.9,32.1
"2026/02/09","2026/02/12","6448","ブラザー工業","東証およびＰＴＳ",,"確報",5500,1200,12100,500,6400,1900,10200,17094000,3729600,37606800,1554000,19891200,5905200,31701600,,,0,0,0,1216800,1216800,0,3.9,2.7,5.7,3.6,5.3,3.5,4.2
"2026/02/09","2026/02/12","6454","マックス","東証およびＰＴＳ",,"確報",500,1000,8300,1000,0,19700,-11400,3350000,6700000,55610000,6700000,0,131990000,-76380000,,,0,0,2640000,0,0,5610000,12.7,9.5,7.1,8.1,26.7,12.3,16.8
"2026/02/09","2026/02/12","6455","モリタＨＤ","東証およびＰＴＳ",,"確報",1900,3800,7200,2000,0,11100,-3900,5435900,10871800,20599200,5722000,0,31757100,-11157900,,,0,0,682500,0,0,682500,5.1,4.5,2.6,3.3,15.7,6.9,9.6
"2026/02/09","2026/02/12","6457","グローリー","東証およびＰＴＳ",,"確報",200,6600,800,3600,3500,8700,-7900,811800,26789400,3247200,14612400,14206500,35313300,-32066100,,,0,0,0,576000,688000,0,2.7,1.5,1.2,1.3,3.9,3.1,3.4
"2026/02/09","2026/02/12","6458","新晃工業","東証およびＰＴＳ",,"確報",300,0,94000,0,1300,32800,61200,470700,0,147486000,0,2039700,51463200,96022800,,,0,0,1592900,0,0,579700,46.3,165.2,2312.5,308.3,12.7,13.9,13.3
"2026/02/09","2026/02/12","6459","大和冷機工業","東証およびＰＴＳ",,"確報",0,300,7700,0,0,16600,-8900,0,484500,12435500,0,0,26809000,-14373500,,,0,0,168000,0,0,348600,14.2,70.2,24.8,36.6,11,10.9,11
"2026/02/09","2026/02/12","6460","セガサミーＨＤ","東証およびＰＴＳ",,"確報",500,0,68500,0,0,2600,65900,1177500,0,161317500,0,0,6123000,155194500,,,0,0,0,918000,35100,0,58,75,49.6,59.7,26.6,44.3,33.3
"2026/02/09","2026/02/12","6463","ＴＰＲ","東証およびＰＴＳ",,"確報",11100,800,57100,0,1000,67800,-10700,15662100,1128800,80568100,0,1411000,95665800,-15097700,,,0,0,982800,0,0,1444800,15.8,7.8,8.5,8.1,73.3,73.3,73.3
"2026/02/09","2026/02/12","6464","ツバキ・ナカシマ","東証およびＰＴＳ",,"確報",0,144700,162300,16700,0,362100,-199800,0,47172200,52909800,5444200,0,118044600,-65134800,,,0,0,307000,0,0,345400,9.4,4.6,3.8,4.2,36.1,212,61.6
"2026/02/09","2026/02/12","6465","ホシザキ","東証およびＰＴＳ",,"確報",0,1000,3900,0,0,0,3900,0,5301000,20673900,0,0,0,20673900,,,0,0,494900,0,0,0,4.6,122,2.3,4.6,0,0,0
"2026/02/09","2026/02/12","6466","ＴＶＥ","東証およびＰＴＳ",,"確報",0,1000,2800,0,0,0,2800,0,3375000,9450000,0,0,0,9450000,,,0,0,1406000,0,0,0,21.9,62,13.3,21.9,0,0,0
"2026/02/09","2026/02/12","6467","ニチダイ","東証およびＰＴＳ",,"確報",9000,300,16800,0,0,0,16800,3240000,108000,6048000,0,0,0,6048000,,,0,0,0,0,0,0,3.6,2.2,9.7,3.6,0,0,0
"2026/02/09","2026/02/12","6469","放電精密加工研究所","東証およびＰＴＳ",,"確報",1600,400,28000,0,0,0,28000,5424000,1356000,94920000,0,0,0,94920000,,,0,0,0,1206000,0,0,21,16.4,29.1,21,0,0,0
"2026/02/09","2026/02/12","6470","大豊工業","東証およびＰＴＳ",,"確報",800,500,62900,6400,200,43200,19700,720800,450500,56672900,5766400,180200,38923200,17749700,,,0,0,1189400,0,0,703000,18.3,96.1,12.1,21.5,15.4,12.8,14
"2026/02/09","2026/02/12","6471","日本精工","東証およびＰＴＳ",,"確報",3700,8800,57800,0,1400,57800,0,4654600,11070400,72712400,0,1761200,72712400,0,,,0,0,3019200,0,0,2841600,7.7,8.4,19.1,11.7,3.4,12.6,5.3
"2026/02/09","2026/02/12","6472","ＮＴＮ","東証およびＰＴＳ",,"確報",21500,80900,167900,19000,95600,177900,-10000,8858000,33330800,69174800,7828000,39387200,73294800,-4120000,,,0,0,1613830,0,0,1806950,6,12,6.5,8.4,5.6,4.3,4.8
"2026/02/09","2026/02/12","6473","ジェイテクト","東証およびＰＴＳ",,"確報",15800,3700,26300,12100,0,26300,0,31576300,7394450,52560550,24181850,0,52560550,0,,,0,0,1278000,0,0,1278000,6,3.2,5.5,4,6.6,55.8,11.8
"2026/02/09","2026/02/12","6474","不二越","東証およびＰＴＳ",,"確報",700,900,19000,0,200,19000,0,3605000,4635000,97850000,0,1030000,97850000,0,,,0,0,3264000,0,0,3264000,4.7,3.6,2.3,2.8,22.2,6.6,10.1
"2026/02/09","2026/02/12","6479","ミネベアミツミ","東証およびＰＴＳ",,"確報",300,12700,14700,200,9600,14700,0,1049400,44424600,51420600,699600,33580800,51420600,0,,,0,0,6558200,0,0,5832200,5.1,5.3,4.1,4.6,6.1,5.5,5.8
"2026/02/09","2026/02/12","6480","日本トムソン","東証およびＰＴＳ",,"確報",5000,1900,32700,100,300,29400,3300,4925000,1871500,32209500,98500,295500,28959000,3250500,,,0,0,384800,0,0,384800,13.2,7.8,12.9,9.7,16.6,44.2,24.1
"2026/02/09","2026/02/12","6481","ＴＨＫ","東証およびＰＴＳ",,"確報",2500,900,28700,5000,3400,28700,0,12707500,4574700,145882100,25415000,17282200,145882100,0,,,0,0,2222200,0,0,2222200,8.2,6.2,9.9,7.6,7.1,12.4,9
"2026/02/09","2026/02/12","6482","ＹＵＳＨＩＮ","東証およびＰＴＳ",,"確報",300,200,57600,7500,0,103600,-46000,244500,163000,46944000,6112500,0,84434000,-37490000,,,0,0,402500,0,0,672700,38.7,11.4,65.8,19.5,45.2,537.9,83.5
"2026/02/09","2026/02/12","6484","ケーブイケー","東証およびＰＴＳ",,"確報",0,0,300,0,0,0,300,0,0,760800,0,0,0,760800,,,0,0,12900,0,0,0,0,0,0,0,0,0,0
"2026/02/09","2026/02/12","6485","前澤給装工業","東証およびＰＴＳ",,"確報",200,1500,10400,300,100,14800,-4400,341200,2559000,17742400,511800,170600,25248800,-7506400,,,0,0,280800,0,0,350400,8.5,5.6,3.8,4.5,51.6,28.9,37
"2026/02/09","2026/02/12","6486","イーグル工業","東証およびＰＴＳ",,"確報",6000,1900,19800,20300,200,25800,-6000,20580000,6517000,67914000,69629000,686000,88494000,-20580000,,,0,0,1805500,0,0,655500,4.6,5,21,8,1.3,164.5,2.5
"2026/02/09","2026/02/12","6488","ヨシタケ","東証およびＰＴＳ",,"確報",0,0,0,0,0,0,0,0,0,0,0,0,0,0,,,0,0,0,0,0,0,0,0,0,0,0,0,0
"2026/02/09","2026/02/12","6489","前澤工業","東証およびＰＴＳ",,"確報",0,100,5000,0,1300,1700,3300,0,216100,10805000,0,2809300,3673700,7131300,,,0,0,0,168300,99000,0,9.5,58,11.6,19.3,1.9,4.4,2.7
"2026/02/09","2026/02/12","6490","ＰＩＬＬＡＲ","東証およびＰＴＳ",,"確報",2100,1000,3300,200,1100,16100,-12800,14406000,6860000,22638000,1372000,7546000,110446000,-87808000,,,0,0,528000,0,0,4080000,17.7,4.1,7.1,5.2,57.9,16.7,25.9
"2026/02/09","2026/02/12","6492","岡野バルブ製造","東証およびＰＴＳ",,"確報",100,1700,2500,0,0,0,2500,855000,14535000,21375000,0,0,0,21375000,,,0,0,4510000,0,0,0,14.3,69.3,8,14.3,0,0,0
"2026/02/09","2026/02/12","6493","ＮＩＴＴＡＮ","東証およびＰＴＳ",,"確報",1500,2500,84800,0,0,0,84800,1123500,1872500,63515200,0,0,0,63515200,,,0,0,0,1716000,0,0,29.9,175.8,16.3,29.9,0,0,0
"2026/02/09","2026/02/12","6494","ＮＦＫＨＤ","東証およびＰＴＳ",,"確報",0,5000,152900,0,0,0,152900,0,670000,20488600,0,0,0,20488600,,,0,0,631600,0,0,0,107.8,116.8,100.1,107.8,0,0,0
"2026/02/09","2026/02/12","6495","宮入バルブ製作所","東証およびＰＴＳ",,"確報",52100,10900,116200,0,0,0,116200,13546000,2834000,30212000,0,0,0,30212000,,,0,0,3975000,0,0,0,6,3.4,24.3,6,0,0,0
"2026/02/09","2026/02/12","6496","中北製作所","東証およびＰＴＳ",,"確報",0,100,9300,0,0,6000,3300,0,679000,63147000,0,0,40740000,22407000,,,0,0,2444000,0,0,1560000,41.4,56.3,23,32.7,0,35.7,71.3
"2026/02/09","2026/02/12","6497","ハマイ","東証およびＰＴＳ",,"確報",0,0,100,0,0,0,100,0,0,132800,0,0,0,132800,,,0,0,1500,0,0,0,0.7,0,0.3,0.7,0,0,0
"2026/02/09","2026/02/12","6498","キッツ","東証およびＰＴＳ",,"確報",1000,5200,37100,0,800,40500,-3400,2194000,11408800,81397400,0,1755200,88857000,-7459600,,,0,0,3014900,0,0,3014900,13.5,14.4,10.2,11.9,17.1,14,15.4
"2026/02/09","2026/02/12","6501","日立製作所","東証およびＰＴＳ",,"確報",1500,159500,220600,57300,0,166400,54200,8727000,927971000,1283450800,333371400,0,968115200,315335600,,,0,0,170748600,0,0,49204100,6.1,9.4,5.5,7,2.4,9,3.8
"2026/02/09","2026/02/12","6503","三菱電機","東証およびＰＴＳ",,"確報",6500,9200,154000,5800,3200,5800,148200,37394500,52927600,885962000,33367400,18409600,33367400,852594600,,,0,0,42935800,0,0,876800,6.5,20.3,4.7,7.6,1,1.2,1.1
"2026/02/09","2026/02/12","6504","富士電機","東証およびＰＴＳ",,"確報",0,10000,24400,300,1600,900,23500,0,110400000,269376000,3312000,17664000,9936000,259440000,,,0,0,9116000,0,0,583000,12.7,36.7,10.7,16.5,2.4,2,2.2
"2026/02/09","2026/02/12","6505","東洋電機製造","東証およびＰＴＳ",,"確報",100,0,3900,0,300,2600,1300,214000,0,8346000,0,642000,5564000,2782000,,,0,0,174800,0,0,133400,21.5,18.7,15.8,17.2,0,15.9,31.8
"2026/02/09","2026/02/12","6506","安川電機","東証およびＰＴＳ",,"確報",2200,54500,218000,1700,100,1900,216100,11543400,285961500,1143846000,8919900,524700,9969300,1133876700,,,0,0,9190200,0,0,10200,13,50.4,7.7,13.4,2.1,2.9,2.4
"2026/02/09","2026/02/12","6507","シンフォニアテクノ","東証およびＰＴＳ",,"確報",1300,2700,6600,1100,600,8500,-1900,14846000,30834000,75372000,12562000,6852000,97070000,-21698000,,,0,0,4800000,0,0,4800000,7.3,6.2,4.9,5.5,9.5,10.5,10
"2026/02/09","2026/02/12","6508","明電舎","東証およびＰＴＳ",,"確報",0,2600,16000,0,900,3300,12700,0,17914000,110240000,0,6201000,22737000,87503000,,,0,0,4278000,0,0,966000,5.4,5.8,4.9,5.3,4.5,9.4,6.1
"2026/02/09","2026/02/12","6513","オリジン","東証およびＰＴＳ",,"確報",0,0,800,0,0,0,800,0,0,871200,0,0,0,871200,,,0,0,9600,0,0,0,15.3,0,7.7,15.3,0,0,0
"2026/02/09","2026/02/12","6516","山洋電気","東証およびＰＴＳ",,"確報",200,200,6100,0,0,6100,0,898000,898000,27389000,0,0,27389000,0,,,0,0,1281000,0,0,1281000,19.1,24.2,11.3,15.4,63,15.8,25.2
"2026/02/09","2026/02/12","6517","デンヨー","東証およびＰＴＳ",,"確報",7600,8300,7600,1400,0,9000,-1400,28918000,31581500,28918000,5327000,0,34245000,-5327000,,,0,0,1037500,0,0,950000,2.3,1.3,1.1,1.2,9.8,5.9,7.4
"2026/02/09","2026/02/12","6518","三相電機","東証およびＰＴＳ",,"確報",0,200,8800,0,0,0,8800,0,216600,9530400,0,0,0,9530400,,,0,0,252000,0,0,0,35.4,31.6,40.2,35.4,0,0,0
"2026/02/09","2026/02/12","6521","オキサイド","東証およびＰＴＳ",,"確報",900,10300,13200,0,0,0,13200,2250000,25750000,33000000,0,0,0,33000000,,,0,0,2531200,0,0,0,10.7,56.3,5.9,10.7,0,0,0
"2026/02/09","2026/02/12","6522","アスタリスク","東証およびＰＴＳ",,"確報",100,500,46300,0,400,46300,0,39600,198000,18334800,0,158400,18334800,0,,,0,0,0,46700,46700,0,53.6,28.1,26.8,27.4,0,582.8,1165.5
"2026/02/09","2026/02/12","6523","ＰＨＣＨＤ","東証およびＰＴＳ",,"確報",0,0,4900,0,0,0,4900,0,0,5419400,0,0,0,5419400,,,0,0,78400,0,0,0,66,38.5,231,66,0,0,0
"2026/02/09","2026/02/12","6524","湖北工業","東証およびＰＴＳ",,"確報",13500,600,37000,800,100,15700,21300,48330000,2148000,132460000,2864000,358000,56206000,76254000,,,0,0,3133000,0,0,1950000,12.7,7.7,42.2,13,17.3,9.5,12.3
"2026/02/09","2026/02/12","6525","ＫＯＫＵＳＡＩ","東証およびＰＴＳ",,"確報",12200,1900,85600,72700,0,85600,0,78202000,12179000,548696000,466007000,0,548696000,0,,,0,0,28086900,0,0,4811700,2,3.6,2.5,3,1.3,1.8,1.5
"2026/02/09","2026/02/12","6526","ソシオネクスト","東証およびＰＴＳ",,"確報",0,25400,358400,1800,0,2000,356400,0,53619400,756582400,3799800,0,4222000,752360400,,,0,0,22068500,0,0,11500,47.3,127.8,32.5,51.8,1.5,0.6,0.8
"2026/02/09","2026/02/12","6532","ベイカレント","東証およびＰＴＳ",,"確報",0,2200,90200,6500,100,68000,22200,0,10837200,444325200,32019000,492600,334968000,109357200,,,0,0,9609600,0,0,6406400,13.2,46.2,18.3,26.2,3.9,32.7,7
"2026/02/09","2026/02/12","6533","オーケストラＨＤ","東証およびＰＴＳ",,"確報",0,100,300,0,0,0,300,0,115900,347700,0,0,0,347700,,,0,0,1600,0,0,0,3.7,11.1,2.2,3.7,0,0,0
"2026/02/09","2026/02/12","6535","アイモバイル","東証およびＰＴＳ",,"確報",1200,0,45700,0,0,6200,39500,628800,0,23946800,0,0,3248800,20698000,,,0,0,222500,0,0,31000,49.3,118.6,26.5,43.3,0,0,0
"2026/02/09","2026/02/12","6537","ＷＡＳＨハウス","東証およびＰＴＳ",,"確報",4800,900,35700,0,1000,17500,18200,1848000,346500,13744500,0,385000,6737500,7007000,,,0,0,572400,0,0,333000,24.4,26.1,12.5,16.9,0,91.5,183
"2026/02/09","2026/02/12","6538","ディスラプターズ","東証およびＰＴＳ",,"確報",400,0,9300,1300,0,3600,5700,136800,0,3180600,444600,0,1231200,1949400,,,0,0,17800,0,0,4600,25.4,73.8,0,147.7,5.3,12.8,7.5
"2026/02/09","2026/02/12","6539","ＭＳ－Ｊａｐａｎ","東証およびＰＴＳ",,"確報",5200,200,25000,1800,0,30700,-5700,5496400,211400,26425000,1902600,0,32449900,-6024900,,,0,0,0,180000,260100,0,22.2,11.6,23.4,15.5,18.4,141.5,32.5
"2026/02/09","2026/02/12","6540","船場","東証およびＰＴＳ",,"確報",800,600,2300,200,0,2300,0,1430400,1072800,4112400,357600,0,4112400,0,,,0,0,0,6300,6300,0,9.9,6.1,6.8,6.4,18.2,27.3,21.8
"2026/02/09","2026/02/12","6543","日宣","東証およびＰＴＳ",,"確報",0,0,3500,0,0,0,3500,0,0,4497500,0,0,0,4497500,,,0,0,17500,0,0,0,67.6,56.3,84.5,67.6,0,0,0
"2026/02/09","2026/02/12","6544","ＪＥＳＨＤ","東証およびＰＴＳ",,"確報",3200,3400,54900,1500,500,67300,-12400,5307200,5638900,91051650,2487750,829250,111617050,-20565400,,,0,0,2534600,0,0,3049800,9.1,4.3,4.7,4.5,43.8,154.5,68.3
"2026/02/09","2026/02/12","6545","ＩＩＦ","東証およびＰＴＳ",,"確報",0,0,1400,100,0,400,1000,0,0,977200,69800,0,279200,698000,,,0,0,0,2800,600,0,58,71,71,71,16,0,32
"2026/02/09","2026/02/12","6546","フルテック","東証およびＰＴＳ",,"確報",100,4000,200,100,500,3500,-3300,119800,4792000,239600,119800,599000,4193000,-3953400,,,0,0,106600,0,0,101400,2.7,1.1,0.7,0.9,201,22.3,40.2
"2026/02/09","2026/02/12","6547","グリーンズ","東証およびＰＴＳ",,"確報",0,700,34400,0,0,100,34300,0,1536500,75508000,0,0,219500,75288500,,,0,0,1860300,0,0,5300,12.3,6.7,74.6,12.4,2,0,4
"2026/02/09","2026/02/12","6548","旅工房","東証およびＰＴＳ",,"確報",4800,0,9600,0,0,0,9600,758400,0,1516800,0,0,0,1516800,,,0,0,0,19200,0,0,7.6,5.5,12.3,7.6,0,0,0
"2026/02/09","2026/02/12","6549","ディーエムソリュ","東証およびＰＴＳ",,"確報",200,0,900,0,0,0,900,319200,0,1436400,0,0,0,1436400,,,0,0,0,7700,0,0,37,18.5,0,37,0,0,0
"2026/02/09","2026/02/12","6551","ツナグＧＨＤ","東証およびＰＴＳ",,"確報",8100,400,61200,0,0,0,61200,5783400,285600,43696800,0,0,0,43696800,,,0,0,160500,0,0,0,48.9,29.4,161,49.8,3,3,3
"2026/02/09","2026/02/12","6552","ＧａｍｅＷｉｔｈ","東証およびＰＴＳ",,"確報",800,0,22400,0,0,0,22400,131200,0,3673600,0,0,0,3673600,,,0,0,0,21600,0,0,102.9,56.8,540,102.9,0,0,0
"2026/02/09","2026/02/12","6554","エスユーエス","東証およびＰＴＳ",,"確報",1900,100,47600,0,0,0,47600,2167900,114100,54311600,0,0,0,54311600,,,0,0,0,1832000,0,0,13.8,7,384.2,13.8,0,0,0
"2026/02/09","2026/02/12","6555","ＭＳコンサル","東証およびＰＴＳ",,"確報",0,0,2900,0,0,0,2900,0,0,1203500,0,0,0,1203500,,,0,0,2900,0,0,0,27.2,177,14.8,27.2,0,0,0
"2026/02/09","2026/02/12","6557","ＡＩＡＩグループ","東証およびＰＴＳ",,"確報",100,0,3400,0,0,0,3400,130100,0,4423400,0,0,0,4423400,,,0,0,0,13200,0,0,11,7.8,18.5,11,0,0,0
"2026/02/09","2026/02/12","6558","クックビズ","東証およびＰＴＳ",,"確報",0,0,3900,0,0,0,3900,0,0,3276000,0,0,0,3276000,,,0,0,0,3900,0,0,201,0,100.5,201,0,0,0
"2026/02/09","2026/02/12","6560","エル・ティー・エス","東証およびＰＴＳ",,"確報",0,0,1400,0,0,500,900,0,0,2721600,0,0,972000,1749600,,,0,0,0,12600,4500,0,22.8,12.6,0,25.2,28,14,18.7
"2026/02/09","2026/02/12","6561","ＨＡＮＡＴＯＵＲ","東証およびＰＴＳ",,"確報",100,0,11600,0,0,0,11600,90000,0,10440000,0,0,0,10440000,,,0,0,0,138000,0,0,15,70,8.4,15,0,0,0
"2026/02/09","2026/02/12","6562","ジーニー","東証およびＰＴＳ",,"確報",500,100,213700,4600,0,90900,122800,498500,99700,213058900,4586200,0,90627300,122431600,,,0,0,0,2559600,1035600,0,131.4,99.6,1743.3,188.5,92.8,65.5,76.8
"2026/02/09","2026/02/12","6563","みらいワークス","東証およびＰＴＳ",,"確報",0,100,1900,0,100,1100,800,0,63200,1200800,0,63200,695200,505600,,,0,0,0,16000,9600,0,13.6,20.6,11.4,14.7,0,6.2,12.3
"2026/02/09","2026/02/12","6564","ミダックＨＤ","東証およびＰＴＳ",,"確報",0,3000,52200,0,0,0,52200,0,6366000,110768400,0,0,0,110768400,,,0,0,883200,0,0,0,51.2,312.9,27.9,51.2,0,0,0
"2026/02/09","2026/02/12","6565","ＡＢホテル","東証およびＰＴＳ",,"確報",0,200,4300,0,0,0,4300,0,319200,6862800,0,0,0,6862800,,,0,0,0,63000,0,0,33.5,31.1,36.3,33.5,0,0,0
"2026/02/09","2026/02/12","6566","要興業","東証およびＰＴＳ",,"確報",0,0,1300,0,0,1300,0,0,0,1937000,0,0,1937000,0,,,0,0,10400,0,0,10400,26.4,22,16.5,18.9,66,33,44
"2026/02/09","2026/02/12","6568","神戸天然物化学","東証およびＰＴＳ",,"確報",0,100,9300,0,0,0,9300,0,126000,11718000,0,0,0,11718000,,,0,0,18800,0,0,0,82.3,494,44.9,82.3,0,0,0
"2026/02/09","2026/02/12","6570","共和コーポレーション","東証およびＰＴＳ",,"確報",300,0,6200,0,200,0,6200,368400,0,7613600,0,245600,0,7613600,,,0,0,0,5900,200,0,40.5,29.6,0,59.2,4,2.7,3.2
"2026/02/09","2026/02/12","6571","キュービーネットＨＤ","東証およびＰＴＳ",,"確報",0,300,7000,0,0,0,7000,0,422400,9856000,0,0,0,9856000,,,0,0,175200,0,0,0,241.3,0,120.7,241.3,0,0,0
"2026/02/09","2026/02/12","6572","オープングループ","東証およびＰＴＳ",,"確報",600,4500,105700,100,4000,105700,0,136200,1021500,23993900,22700,908000,23993900,0,,,0,0,0,986400,986400,0,28.5,23.3,17.7,20.1,73.9,36.7,49
"2026/02/09","2026/02/12","6573","ＣＲＡＶＩＡ","東証およびＰＴＳ",,"確報",0,4300,223100,0,0,0,223100,0,305300,15840100,0,0,0,15840100,,,0,0,227400,0,0,0,65.3,45,119.3,65.3,0,0,0
"2026/02/09","2026/02/12","6574","コンヴァノ","東証およびＰＴＳ",,"確報",15200,17400,472000,0,0,0,472000,1884800,2157600,58528000,0,0,0,58528000,,,0,0,0,0,0,0,43.2,47.4,39.8,43.2,0,0,0
"2026/02/09","2026/02/12","6577","ベストワンドットコム","東証およびＰＴＳ",,"確報",0,0,700,0,0,0,700,0,0,1367100,0,0,0,1367100,,,0,0,700,0,0,0,12,7.5,30,12,0,0,0
"2026/02/09","2026/02/12","6578","コレックＨＤ","東証およびＰＴＳ",,"確報",0,0,300,0,0,0,300,0,0,144300,0,0,0,144300,,,0,0,0,0,0,0,0,0,0,0,0,0,0
"2026/02/09","2026/02/12","6579","ログリー","東証およびＰＴＳ",,"確報",0,100,300,0,0,0,300,0,32500,97500,0,0,0,97500,,,0,0,1600,0,0,0,16,16,16,16,0,0,0
"2026/02/09","2026/02/12","6580","ライトアップ","東証およびＰＴＳ",,"確報",1600,200,24700,1400,0,24700,0,4265600,533200,65850200,3732400,0,65850200,0,,,0,0,1304800,0,0,1304800,35.3,18.5,60.4,28.3,24.9,382.3,46.8
"2026/02/09","2026/02/12","6584","三櫻工業","東証およびＰＴＳ",,"確報",1000,1800,32800,200,0,200,32600,882000,1587600,28929600,176400,0,176400,28753200,,,0,0,537600,0,0,0,13.1,30.4,8.6,13.4,1,2,1.3
"2026/02/09","2026/02/12","6586","マキタ","東証およびＰＴＳ",,"確報",0,5300,4100,5700,2600,29300,-25200,0,31577400,24427800,33960600,15490800,174569400,-150141600,,,0,0,676800,0,0,1886400,3.8,2.6,3,2.8,5.7,3.1,4
"2026/02/09","2026/02/12","6588","東芝テック","東証およびＰＴＳ",,"確報",5200,6500,21000,1000,2300,21000,0,14497600,18122000,58548000,2788000,6412400,58548000,0,,,0,0,713600,0,0,713600,15.6,10.2,9.4,9.8,45.4,33,38.2
"2026/02/09","2026/02/12","6590","芝浦メカトロニクス","東証およびＰＴＳ",,"確報",3000,3800,9300,5400,0,8500,800,79800000,101080000,247380000,143640000,0,226100000,21280000,,,0,0,12423000,0,0,3813000,3.5,3.2,3.5,3.4,3.4,4.3,3.8
"2026/02/09","2026/02/12","6592","マブチモーター","東証およびＰＴＳ",,"確報",0,1500,77500,0,4500,41500,36000,0,2295000,118575000,0,6885000,63495000,55080000,,,0,0,1856500,0,0,1081000,31.4,98.2,56.9,72.1,14.3,16.1,15.1
"2026/02/09","2026/02/12","6594","ニデック","東証およびＰＴＳ",,"確報",0,15800,628200,1700,100,1700,626500,0,37288000,1482552000,4012000,236000,4012000,1478540000,,,0,0,26404000,0,0,4100,88.6,203.8,71.6,106,1.2,0.2,0.4
"2026/02/09","2026/02/12","6597","ＨＰＣシステムズ","東証およびＰＴＳ",,"確報",200,1800,19700,0,0,0,19700,384400,3459600,37863400,0,0,0,37863400,,,0,0,42600,0,0,0,56.1,64.8,49.4,56.1,0,0,0
"2026/02/09","2026/02/12","6599","エブレン","東証およびＰＴＳ",,"確報",100,100,1600,0,0,0,1600,290200,290200,4643200,0,0,0,4643200,,,0,0,0,6400,0,0,39.5,39.5,39.5,39.5,0,0,0
"2026/02/09","2026/02/12","6612","バルミューダ","東証およびＰＴＳ",,"確報",0,0,800,0,0,0,800,0,0,505600,0,0,0,505600,,,0,0,2400,0,0,0,80,40,0,80,0,0,0
"2026/02/09","2026/02/12","6613","ＱＤレーザ","東証およびＰＴＳ",,"確報",7600,37700,300600,0,0,0,300600,4765200,23637900,188476200,0,0,0,188476200,,,0,0,2645600,0,0,0,8,5.6,13.8,8,0,0,0
"2026/02/09","2026/02/12","6614","シキノハイテック","東証およびＰＴＳ",,"確報",4000,3000,10500,2300,2200,16200,-5700,3640000,2730000,9555000,2093000,2002000,14742000,-5187000,,,0,0,1425000,0,0,2415000,16.4,8.5,10.6,9.4,33.8,28,30.6
"2026/02/09","2026/02/12","6615","ＵＭＣエレ","東証およびＰＴＳ",,"確報",0,400,32700,0,0,0,32700,0,138400,11314200,0,0,0,11314200,,,0,0,0,0,0,0,150.8,165.9,138.3,150.8,0,0,0
"2026/02/09","2026/02/12","6616","トレックス・セミコン","東証およびＰＴＳ",,"確報",700,100,5600,0,0,0,5600,1103900,157700,8831200,0,0,0,8831200,,,0,0,70000,0,0,0,11.8,7.9,23.6,11.8,0,0,0
"2026/02/09","2026/02/12","6617","東光高岳","東証およびＰＴＳ",,"確報",1200,7900,14900,100,600,14900,0,6180000,40685000,76735000,515000,3090000,76735000,0,,,0,0,5184000,0,0,3696000,14.2,15.6,7.5,10.1,21.3,117,36
"2026/02/09","2026/02/12","6619","ダブル・スコープ","東証およびＰＴＳ",,"確報",46500,87300,433900,0,40800,433900,0,7719000,14491800,72027400,0,6772800,72027400,0,,,0,0,0,4747000,4747000,0,14.7,12,10.2,11,26.4,19.2,22.2
"2026/02/09","2026/02/12","6620","宮越ホールディングス","東証およびＰＴＳ",,"確報",0,6400,47200,500,1700,170700,-123500,0,5644800,41630400,441000,1499400,150557400,-108927000,,,0,0,804000,0,0,2578500,48.7,117.6,10.9,20,109.3,76.1,89.7
"2026/02/09","2026/02/12","6622","ダイヘン","東証およびＰＴＳ",,"確報",2700,1100,11300,1200,1000,7000,4300,35667000,14531000,149273000,15852000,13210000,92470000,56803000,,,0,0,8924000,0,0,6256000,11,12,8.1,9.7,13.1,16.2,14.5
"2026/02/09","2026/02/12","6625","ＪＡＬＣＯ　ＨＤ","東証およびＰＴＳ",,"確報",600,300,603500,300,0,603500,0,252000,126000,253470000,126000,0,253470000,0,,,0,0,1206400,0,0,1206400,474.2,239,310.4,270.1,1003.7,9999.9,1942.7
"2026/02/09","2026/02/12","6626","ＳＥＭＩＴＥＣ","東証およびＰＴＳ",,"確報",200,200,2200,0,0,0,2200,481200,481200,5293200,0,0,0,5293200,,,0,0,2200,0,0,0,22.2,55.5,13.9,22.2,0,0,0
"2026/02/09","2026/02/12","6627","テラプローブ","東証およびＰＴＳ",,"確報",900,200,5500,0,0,0,5500,7200000,1600000,44000000,0,0,0,44000000,,,0,0,3888000,0,0,0,12.2,16.2,9.7,12.2,0,0,0
"2026/02/09","2026/02/12","6629","テクノホライゾン","東証およびＰＴＳ",,"確報",134600,139800,374400,100,5300,374400,0,150213600,156016800,417830400,111600,5914800,417830400,0,,,0,0,0,17082000,17082000,0,7.2,4.5,3.7,4.1,31.8,28.7,30.2
"2026/02/09","2026/02/12","6630","ヤーマン","東証およびＰＴＳ",,"確報",0,1100,31300,0,2300,266400,-235100,0,771100,21941300,0,1612300,186746400,-164805100,,,0,0,97200,0,0,806100,53.5,5.2,30.3,8.8,114.9,78.6,93.4
"2026/02/09","2026/02/12","6632","ＪＶＣケンウッド","東証およびＰＴＳ",,"確報",3200,0,38300,7700,0,16700,21600,3968000,0,47492000,9548000,0,20708000,26784000,,,0,0,0,210600,54000,0,3.9,9,3.4,5,5.4,1.8,2.7
"2026/02/09","2026/02/12","6633","ＣＧＳＨＤ","東証およびＰＴＳ",,"確報",100,0,6100,100,0,100,6000,39900,0,2433900,39900,0,39900,2394000,,,0,0,0,6000,0,0,32.6,38.6,30.9,34.3,1,0,2
"2026/02/09","2026/02/12","6634","ネクスグループ","東証およびＰＴＳ",,"確報",7000,0,168400,0,0,0,168400,826000,0,19871200,0,0,0,19871200,,,0,0,484200,0,0,0,138.8,90,303.3,138.8,0,0,0
"2026/02/09","2026/02/12","6635","大日光・エンジニア","東証およびＰＴＳ",,"確報",400,100,9200,0,0,0,9200,212000,53000,4876000,0,0,0,4876000,,,0,0,80100,0,0,0,75,56.3,112.5,75,0,0,0
"2026/02/09","2026/02/12","6637","寺崎電気産業","東証およびＰＴＳ",,"確報",300,0,18700,0,0,0,18700,1348500,0,84056500,0,0,0,84056500,,,0,0,828000,0,0,0,73.9,61.6,92.4,73.9,0,0,0
"2026/02/09","2026/02/12","6638","ミマキエンジニア","東証およびＰＴＳ",,"確報",5700,500,14800,7900,0,14800,0,10710300,939500,27809200,14844100,0,27809200,0,,,0,0,297600,0,0,213900,9.6,8.6,45.2,14.5,3.8,33.9,6.8
"2026/02/09","2026/02/12","6643","戸上電機製作所","東証およびＰＴＳ",,"確報",100,500,4100,0,0,100,4000,484000,2420000,19844000,0,0,484000,19360000,,,0,0,540000,0,0,12000,9.2,9.7,8.8,9.2,0,5,10
"2026/02/09","2026/02/12","6644","大崎電気工業","東証およびＰＴＳ",,"確報",0,2400,20500,0,0,10800,9700,0,3614400,30873000,0,0,16264800,14608200,,,0,0,1946500,0,0,918000,13.5,15.2,15.4,15.3,6.3,26.8,10.2
"2026/02/09","2026/02/12","6645","オムロン","東証およびＰＴＳ",,"確報",0,8400,29200,1600,10700,13000,16200,0,41336400,143693200,7873600,52654700,63973000,79720200,,,0,0,14626400,0,0,8596900,7.1,72.7,6.3,11.5,1.6,3.3,2.1
"2026/02/09","2026/02/12","6647","森尾電機","東証およびＰＴＳ",,"確報",0,0,400,0,0,0,400,0,0,1052400,0,0,0,1052400,,,0,0,40800,0,0,0,3,1.8,9,3,0,0,0
"2026/02/09","2026/02/12","6648","かわでん","東証およびＰＴＳ",,"確報",6300,0,17700,0,0,0,17700,14735700,0,41400300,0,0,0,41400300,,,0,0,809400,0,0,0,13.7,7.4,86.9,13.7,0,0,0
"2026/02/09","2026/02/12","6651","日東工業","東証およびＰＴＳ",,"確報",6400,300,24900,1600,500,24900,0,27840000,1305000,108315000,6960000,2175000,108315000,0,,,0,0,2162000,0,0,2737000,13.7,5.8,45.9,10.3,10.6,77,18.6
"2026/02/09","2026/02/12","6652","ＩＤＥＣ","東証およびＰＴＳ",,"確報",200,900,10700,200,900,10700,0,612000,2754000,32742000,612000,2754000,32742000,0,,,0,0,798000,0,0,798000,8.2,5.6,4.9,5.2,12.7,39,19.1
"2026/02/09","2026/02/12","6653","正興電機製作所","東証およびＰＴＳ",,"確報",3900,1000,17400,2900,0,17400,0,10206300,2617000,45535800,7589300,0,45535800,0,,,0,0,2276500,0,0,2276500,11.6,11.7,14.7,13,5.5,142.8,10.5
"2026/02/09","2026/02/12","6654","不二電機工業","東証およびＰＴＳ",,"確報",2300,100,28300,0,2900,30600,-2300,2518500,109500,30988500,0,3175500,33507000,-2518500,,,0,0,0,26100,33500,0,11.1,8.3,10.2,9.2,16.8,11.1,13.4
"2026/02/09","2026/02/12","6656","インスペック","東証およびＰＴＳ",,"確報",2800,700,118500,1300,0,174400,-55900,1828400,457100,77380500,848900,0,113883200,-36502700,,,0,0,465600,0,0,692400,13.6,9.1,18.8,12.3,7.5,330.8,14.7
"2026/02/09","2026/02/12","6658","シライ電子工業","東証およびＰＴＳ",,"確報",0,400,3400,0,0,0,3400,0,303200,2577200,0,0,0,2577200,,,0,0,22800,0,0,0,19.2,45.5,12.1,19.2,0,0,0
"2026/02/09","2026/02/12","6659","メディアリンクス","東証およびＰＴＳ",,"確報",37900,0,409700,0,0,644100,-234400,1743400,0,18846200,0,0,29628600,-10782400,,,0,0,0,371800,644100,0,6,2.6,2.7,2.7,0,6442.8,9999.9
"2026/02/09","2026/02/12","6662","ユビテック","東証およびＰＴＳ",,"確報",1700,0,2400,0,0,0,2400,402900,0,568800,0,0,0,568800,,,0,0,0,9800,0,0,5.2,3.6,9.3,5.2,0,0,0
"2026/02/09","2026/02/12","6663","太洋テクノレックス","東証およびＰＴＳ",,"確報",5100,0,33600,0,0,0,33600,1754400,0,11558400,0,0,0,11558400,,,0,0,171000,0,0,0,7.8,7.6,8,7.8,0,0,0
"2026/02/09","2026/02/12","6664","オプトエレク","東証およびＰＴＳ",,"確報",0,2600,100100,0,2600,100100,0,0,855400,32932900,0,855400,32932900,0,,,0,0,205400,0,0,205400,64.9,318.9,32.7,59.2,5421,36.1,71.8
"2026/02/09","2026/02/12","6666","リバーエレテック","東証およびＰＴＳ",,"確報",100,1300,18100,0,0,0,18100,47600,618800,8615600,0,0,0,8615600,,,0,0,270200,0,0,0,46.7,41.4,53.5,46.7,0,0,0
"2026/02/09","2026/02/12","6668","アドテックプラズマ","東証およびＰＴＳ",,"確報",0,1100,182700,0,0,0,182700,0,2068000,343476000,0,0,0,343476000,,,0,0,0,0,0,0,161.7,202.2,134.8,161.7,0,0,0
"2026/02/09","2026/02/12","6670","ＭＣＪ","東証およびＰＴＳ",,"確報",4500,12200,71600,0,5400,200,71400,10345500,28047800,164608400,0,12414600,459800,164148600,,,0,0,28627300,0,0,2021600,14.5,38.8,11,17.1,9,2.5,3.9
"2026/02/09","2026/02/12","6674","ジーエス・ユアサ","東証およびＰＴＳ",,"確報",1400,800,18600,1400,7900,7000,11600,5950000,3400000,79050000,5950000,33575000,29750000,49300000,,,0,0,1962000,0,0,1471500,5.7,22.3,5.3,8.6,1.6,2.9,2.1
"2026/02/09","2026/02/12","6675","サクサ","東証およびＰＴＳ",,"確報",0,500,13100,0,500,13100,0,0,3610000,94582000,0,3610000,94582000,0,,,0,0,952000,0,0,952000,40.4,30.3,55.5,39.2,31.8,60.6,41.7
"2026/02/09","2026/02/12","6676","バッファロー","東証およびＰＴＳ",,"確報",2400,0,10100,400,100,46500,-36400,11232000,0,47268000,1872000,468000,217620000,-170352000,,,0,0,308000,0,0,1848000,44.9,9.6,14.9,11.7,59.5,282.8,98.3
"2026/02/09","2026/02/12","6677","エスケーエレク","東証およびＰＴＳ",,"確報",600,0,4000,0,0,0,4000,2031000,0,13540000,0,0,0,13540000,,,0,0,408000,0,0,0,33.4,18.6,167,33.4,0,0,0
"2026/02/09","2026/02/12","6678","テクノメディカ","東証およびＰＴＳ",,"確報",0,0,4200,0,0,0,4200,0,0,10164000,0,0,0,10164000,,,0,0,0,256200,0,0,16.3,12.3,24.5,16.3,0,0,0
"2026/02/09","2026/02/12","6694","ズーム","東証およびＰＴＳ",,"確報",0,300,1400,0,0,0,1400,0,197700,922600,0,0,0,922600,,,0,0,1700,0,0,0,33.6,84,21,33.6,0,0,0
"2026/02/09","2026/02/12","6696","トラースＯＰ","東証およびＰＴＳ",,"確報",100,0,7200,0,0,0,7200,33600,0,2419200,0,0,0,2419200,,,0,0,14200,0,0,0,8.3,93.5,4.3,8.3,0,0,0
"2026/02/09","2026/02/12","6699","ダイヤＨＤ","東証およびＰＴＳ",,"確報",400,0,26800,0,0,0,26800,242400,0,16240800,0,0,0,16240800,,,0,0,158400,0,0,0,51.3,125.9,32.2,51.3,0,0,0
"2026/02/09","2026/02/12","6701","日本電気","東証およびＰＴＳ",,"確報",20400,77200,674800,18300,1000,21300,653500,91963200,348017600,3041998400,82496400,4508000,96020400,2945978000,,,0,0,144125200,0,0,788000,9.4,6.6,19.8,9.9,1.9,2.9,2.3
"2026/02/09","2026/02/12","6702","富士通","東証およびＰＴＳ",,"確報",9000,47400,575500,9800,600,11100,564400,36144000,190358400,2311208000,39356800,2409600,44577600,2266630400,,,0,0,63231700,0,0,195700,12.9,8.4,31.4,13.3,1.5,8.6,2.6
"2026/02/09","2026/02/12","6703","沖電気工業","東証およびＰＴＳ",,"確報",2900,27500,29600,11400,0,29600,0,7554500,71637500,77108000,29697000,0,77108000,0,,,0,0,8292600,0,0,2784600,7.4,16,6.1,8.8,2.5,24.5,4.5
"2026/02/09","2026/02/12","6706","電気興業","東証およびＰＴＳ",,"確報",100,900,30100,200,2400,43000,-12900,287100,2583900,86417100,574200,6890400,123453000,-37035900,,,0,0,61800,0,0,90400,34.9,26.4,34.4,29.9,42.9,36.1,39.2
"2026/02/09","2026/02/12","6707","サンケン電気","東証およびＰＴＳ",,"確報",0,1300,5000,5700,1600,36700,-31700,0,10725000,41250000,47025000,13200000,302775000,-261525000,,,0,0,2526300,0,0,13072600,19.1,18.4,7.4,10.6,14.4,54.2,22.8
"2026/02/09","2026/02/12","6718","アイホン","東証およびＰＴＳ",,"確報",300,1900,14100,0,1600,14100,0,862500,5462500,40537500,0,4600000,40537500,0,,,0,0,0,0,0,0,7.1,4.6,14.2,6.9,4.7,15.5,7.2
"2026/02/09","2026/02/12","6721","ウインテスト","東証およびＰＴＳ",,"確報",0,12800,149300,0,0,0,149300,0,1523200,17766700,0,0,0,17766700,,,0,0,486300,0,0,0,35.5,31.9,40,35.5,0,0,0
"2026/02/09","2026/02/12","6723","ルネサスエレク","東証およびＰＴＳ",,"確報",50100,9800,222500,55500,15200,222500,0,155460300,30409400,690417500,172216500,47165600,690417500,0,,,0,0,26510100,0,0,26510100,3.1,2.4,2.1,2.2,4.7,5,4.9
"2026/02/09","2026/02/12","6724","セイコーエプソン","東証およびＰＴＳ",,"確報",1600,1400,12500,500,300,12500,0,3375200,2953300,26368750,1054750,632850,26368750,0,,,0,0,498150,0,0,498150,3.2,3.2,3.3,3.3,3.1,3.2,3.1
"2026/02/09","2026/02/12","6727","ワコム","東証およびＰＴＳ",,"確報",1300,2800,8100,0,1500,8100,0,1120600,2413600,6982200,0,1293000,6982200,0,,,0,0,28800,0,0,28800,1.9,4.3,1.1,1.8,7.2,1.2,2.1
"2026/02/09","2026/02/12","6728","アルバック","東証およびＰＴＳ",,"確報",200,600,5900,300,700,5900,0,1737000,5211000,51241500,2605500,6079500,51241500,0,,,0,0,2797200,0,0,2797200,6,8.2,2.5,3.8,18.9,10.9,13.8
"2026/02/09","2026/02/12","6730","アクセル","東証およびＰＴＳ",,"確報",2000,1600,20200,100,100,4100,16100,2522000,2017600,25472200,126100,126100,5170100,20302100,,,0,0,0,297000,61500,0,17.2,14.8,29.5,19.7,9.6,13.8,11.3
"2026/02/09","2026/02/12","6731","ピクセラ","東証およびＰＴＳ",,"確報",0,62800,413800,0,0,0,413800,0,2449200,16138200,0,0,0,16138200,,,0,0,476600,0,0,0,23.7,56.2,15,23.7,0,0,0
"2026/02/09","2026/02/12","6734","ニューテック","東証およびＰＴＳ",,"確報",0,0,0,0,0,0,0,0,0,0,0,0,0,0,,,0,0,0,0,0,0,0,0,0,0,0,0,0
"2026/02/09","2026/02/12","6736","サン電子","東証およびＰＴＳ",,"確報",0,3900,5800,400,0,19100,-13300,0,32721000,48662000,3356000,0,160249000,-111587000,,,0,0,3977000,0,0,7667000,27.1,15.3,8.4,10.9,57.1,228.5,91.4
"2026/02/09","2026/02/12","6737","ＥＩＺＯ","東証およびＰＴＳ",,"確報",1900,1400,23500,6800,0,44500,-21000,4159100,3064600,51441500,14885200,0,97410500,-45969000,,,0,0,46000,0,0,75400,15.7,7.3,38.3,12.2,12.1,38.7,18.4
"2026/02/09","2026/02/12","6740","ジャパンディスプレイ","東証およびＰＴＳ",,"確報",106600,399100,5646600,160900,1009400,3198500,2448100,2558400,9578400,135518400,3861600,24225600,76764000,58754400,,,0,0,11878200,0,0,8094000,11.4,8.4,15.9,11,45.1,7.1,12.2
"2026/02/09","2026/02/12","6741","日本信号","東証およびＰＴＳ",,"確報",0,1900,2000,1200,0,1700,300,0,3083700,3246000,1947600,0,2759100,486900,,,0,0,230100,0,0,29500,2.1,2.3,2.2,2.3,1.9,1.9,1.9
"2026/02/09","2026/02/12","6742","京三製作所","東証およびＰＴＳ",,"確報",4100,0,22100,4100,0,22100,0,3034000,0,16354000,3034000,0,16354000,0,,,0,0,252000,0,0,252000,14.4,8.1,23.7,12.1,10.3,61.7,17.6
"2026/02/09","2026/02/12","6743","大同信号","東証およびＰＴＳ",,"確報",1700,1800,2700,0,0,0,2700,1467100,1553400,2330100,0,0,0,2330100,,,0,0,0,263200,0,0,4.2,3.3,5.6,4.2,0,0,0
"2026/02/09","2026/02/12","6744","能美防災","東証およびＰＴＳ",,"確報",0,900,10500,300,1200,10500,0,0,3496500,40792500,1165500,4662000,40792500,0,,,0,0,627000,0,0,627000,9.9,17.4,3.5,5.9,32.8,31,31.9
"2026/02/09","2026/02/12","6745","ホーチキ","東証およびＰＴＳ",,"確報",1800,0,10400,100,1000,26000,-15600,9432000,0,54496000,524000,5240000,136240000,-81744000,,,0,0,688000,0,0,2152000,9.4,4.7,2.8,3.5,21,42.8,28.2
"2026/02/09","2026/02/12","6748","星和電機","東証およびＰＴＳ",,"確報",100,0,8400,1200,0,4100,4300,89800,0,7543200,1077600,0,3681800,3861400,,,0,0,91300,0,0,31900,13,30.1,195.5,52.1,3.7,6.8,4.8
"2026/02/09","2026/02/12","6750","エレコム","東証およびＰＴＳ",,"確報",0,400,3400,100,0,100,3300,0,674800,5735800,168700,0,168700,5567100,,,0,0,121600,0,0,0,37.4,62,31,41.3,1,0,2
"2026/02/09","2026/02/12","6752","パナソニックＨＤ","東証およびＰＴＳ",,"確報",8400,21000,42100,7400,21600,528200,-486100,20752200,51880500,104008050,18281700,53362800,1304918100,-1200910050,,,0,0,1641000,0,0,16272000,10.3,3.7,2.6,3.1,9.6,30,14.6
"2026/02/09","2026/02/12","6753","シャープ","東証およびＰＴＳ",,"確報",500,16200,174300,1100,700,11200,163100,374150,12122460,130428690,823130,523810,8380960,122047730,,,0,0,3819000,0,0,217080,35.5,81,22.4,35.1,31.3,76,44.3
"2026/02/09","2026/02/12","6754","アンリツ","東証およびＰＴＳ",,"確報",100,6000,61300,2700,900,13300,48000,246800,14808000,151288400,6663600,2221200,32824400,118464000,,,0,0,4200000,0,0,718750,12.6,17.2,17.9,17.6,2.6,8.5,4
"2026/02/09","2026/02/12","6757","ＯＳＧコーポ","東証およびＰＴＳ",,"確報",0,0,700,0,0,0,700,0,0,581000,0,0,0,581000,,,0,0,9100,0,0,0,10.3,9,12,10.3,0,0,0
"2026/02/09","2026/02/12","6758","ソニーグループ","東証およびＰＴＳ",,"確報",105200,13700,1738000,4800,45900,19500,1718500,363466000,47333500,6004790000,16584000,158584500,67372500,5937417500,,,0,0,0,85618000,3151200,0,21.6,18.5,48.7,26.8,1.3,1.5,1.4
"2026/02/09","2026/02/12","6762","ＴＤＫ","東証およびＰＴＳ",,"確報",300,58200,265000,8800,0,12400,252600,681150,132143100,601682500,19980400,0,28154200,573528300,,,0,0,34873200,0,0,388800,10,27.6,7.8,12.2,1.6,2.3,1.9
"2026/02/09","2026/02/12","6763","帝国通信工業","東証およびＰＴＳ",,"確報",400,0,7100,0,700,10500,-3400,1140000,0,20235000,0,1995000,29925000,-9690000,,,0,0,154100,0,0,257600,37.7,42.6,85.3,56.8,19.5,72.4,30.7
"2026/02/09","2026/02/12","6768","タムラ製作所","東証およびＰＴＳ",,"確報",18700,4000,86200,15300,600,86200,0,12042800,2576000,55512800,9853200,386400,55512800,0,,,0,0,1787500,0,0,1787500,7.8,5.3,9.1,6.7,6.8,14.5,9.3
"2026/02/09","2026/02/12","6769","ザインエレク","東証およびＰＴＳ",,"確報",0,1300,6700,0,0,0,6700,0,1062100,5473900,0,0,0,5473900,,,0,0,0,8000,0,0,6.6,7.3,6.1,6.6,0,0,0
"2026/02/09","2026/02/12","6770","アルプスアルパイン","東証およびＰＴＳ",,"確報",0,2500,13900,3000,0,11100,2800,0,5380000,29912800,6456000,0,23887200,6025600,,,0,0,541200,0,0,267300,4.5,31.1,3.6,6.4,2.2,3.2,2.6
"2026/02/09","2026/02/12","6771","池上通信機","東証およびＰＴＳ",,"確報",100,2400,11900,0,400,2100,9800,68500,1644000,8151500,0,274000,1438500,6713000,,,0,0,170400,0,0,30000,10.8,9.2,22.2,13,19.4,3.5,5.9
"2026/02/09","2026/02/12","6772","東京コスモス電機","東証およびＰＴＳ",,"確報",0,100,623500,0,0,0,623500,0,153400,956449000,0,0,0,956449000,,,0,0,20578800,0,0,0,9999.9,9999.9,9999.9,9999.9,0,0,0
"2026/02/09","2026/02/12","6775","ＴＢグループ","東証およびＰＴＳ",,"確報",800,0,51800,0,0,0,51800,97600,0,6319600,0,0,0,6319600,,,0,0,51000,0,0,0,64.3,62,66.8,64.3,0,0,0
"2026/02/09","2026/02/12","6776","天昇電気工業","東証およびＰＴＳ",,"確報",0,0,48200,0,0,0,48200,0,0,12869400,0,0,0,12869400,,,0,0,0,96400,0,0,85.3,43.5,2260,85.3,0,0,0
"2026/02/09","2026/02/12","6777","ｓａｎｔｅｃＨＤ","東証およびＰＴＳ",,"確報",1900,1000,24000,0,0,0,24000,30818000,16220000,389280000,0,0,0,389280000,,,0,0,23331000,0,0,0,3.7,2.9,5.3,3.7,0,0,0
"2026/02/09","2026/02/12","6778","アルチザＮＷ","東証およびＰＴＳ",,"確報",0,0,15700,0,100,2700,13000,0,0,9577000,0,61000,1647000,7930000,,,0,0,15700,0,0,2800,233,0,393,786,0,24.3,48.7
"2026/02/09","2026/02/12","6779","日本電波工業","東証およびＰＴＳ",,"確報",100,1600,21500,0,0,0,21500,109000,1744000,23435000,0,0,0,23435000,,,0,0,805000,0,0,0,6.4,8.1,5.4,6.4,0,0,0
"2026/02/09","2026/02/12","6785","鈴木","東証およびＰＴＳ",,"確報",0,500,5500,500,100,3600,1900,0,1332500,14657500,1332500,266500,9594000,5063500,,,0,0,90000,0,0,48000,18.7,37.6,17.7,24.1,13.3,14.3,13.8
"2026/02/09","2026/02/12","6786","ＲＶＨ","東証およびＰＴＳ",,"確報",0,0,0,0,0,0,0,0,0,0,0,0,0,0,,,0,0,0,0,0,0,0.2,0,0.1,0.2,0,0,0
"2026/02/09","2026/02/12","6787","メイコー","東証およびＰＴＳ",,"確報",13300,1800,25600,1100,4400,2900,22700,214662000,29052000,413184000,17754000,71016000,46806000,366378000,,,0,0,42300000,0,0,18600000,4.6,4,8,5.3,3.7,3.1,3.4
"2026/02/09","2026/02/12","6788","日本トリム","東証およびＰＴＳ",,"確報",0,1300,200,700,0,15500,-15300,0,6669000,1026000,3591000,0,79515000,-78489000,,,0,0,135000,0,0,1332000,24.6,0,3.2,6.3,19.1,353.5,36.3
"2026/02/09","2026/02/12","6794","フォスター電機","東証およびＰＴＳ",,"確報",11000,600,35000,10800,400,35000,0,33935000,1851000,107975000,33318000,1234000,107975000,0,,,0,0,2435400,0,0,2435400,6,4.3,4.4,4.3,8.9,10.4,9.6
"2026/02/09","2026/02/12","6797","名古屋電機工業","東証およびＰＴＳ",,"確報",200,0,10900,0,0,0,10900,261000,0,14224500,0,0,0,14224500,,,0,0,342400,0,0,0,16.2,8.4,268,16.2,0,0,0
"2026/02/09","2026/02/12","6798","ＳＭＫ","東証およびＰＴＳ",,"確報",1000,0,3700,1300,100,2900,800,2989000,0,11059300,3885700,298900,8668100,2391200,,,0,0,364500,0,0,229500,14.4,13.1,24,16.9,6.7,47,11.8
"2026/02/09","2026/02/12","6800","ヨコオ","東証およびＰＴＳ",,"確報",1100,900,10300,1100,2300,48000,-37700,2861100,2340900,26790300,2861100,5982300,124848000,-98057700,,,0,0,1868500,0,0,9102000,19.7,5.8,9,7,17.6,74.3,28.4
"2026/02/09","2026/02/12","6803","ティアック","東証およびＰＴＳ",,"確報",28100,11900,147400,10300,0,36900,110500,3259600,1380400,17098400,1194800,0,4280400,12818000,,,0,0,656000,0,0,133000,4.1,4.1,4.8,4.4,2.2,3.9,2.8
"2026/02/09","2026/02/12","6804","ホシデン","東証およびＰＴＳ",,"確報",200,1900,7100,200,0,1100,6000,546000,5187000,19383000,546000,0,3003000,16380000,,,0,0,1047200,0,0,107100,8.4,6.8,11.5,8.6,3.8,30,6.7
"2026/02/09","2026/02/12","6806","ヒロセ電機","東証およびＰＴＳ",,"確報",1600,400,3500,2400,200,4500,-1000,32760000,8190000,71662500,49140000,4095000,92137500,-20475000,,,0,0,356500,0,0,356500,3.9,6.4,3.5,4.5,1.8,13,3.1
"2026/02/09","2026/02/12","6807","日本航空電子工業","東証およびＰＴＳ",,"確報",0,2800,17000,0,5000,17400,-400,0,7254800,44047000,0,12955000,45083400,-1036400,,,0,0,752400,0,0,851200,17.9,23.2,18.1,20.4,17,15.1,16
"2026/02/09","2026/02/12","6809","ティーオーエー","東証およびＰＴＳ",,"確報",0,3800,15500,0,1200,3600,11900,0,6904600,28163500,0,2180400,6541200,21622300,,,0,0,173700,0,0,43200,7.2,5.9,11.8,7.8,5.8,5.6,5.7
"2026/02/09","2026/02/12","6810","マクセル","東証およびＰＴＳ",,"確報",0,200,15800,0,400,2500,13300,0,447000,35313000,0,894000,5587500,29725500,,,0,0,736000,0,0,133400,27.7,37.2,31.5,34.1,17.7,9.5,12.4
"2026/02/09","2026/02/12","6814","古野電気","東証およびＰＴＳ",,"確報",6000,2200,306900,200,1400,1600,305300,41640000,15268000,2129886000,1388000,9716000,11104000,2118782000,,,0,0,0,45465000,420000,0,7.7,8.3,7.3,7.8,4.7,5.6,5.1
"2026/02/09","2026/02/12","6817","スミダコーポ","東証およびＰＴＳ",,"確報",6900,15300,48300,0,4200,0,48300,8017800,17778600,56124600,0,4880400,0,56124600,,,0,0,0,3685500,273000,0,8.1,10.4,7.6,8.8,3.5,3.5,3.5
"2026/02/09","2026/02/12","6819","伊豆シャボテン","東証およびＰＴＳ",,"確報",400,0,21800,0,0,0,21800,192000,0,10464000,0,0,0,10464000,,,0,0,42800,0,0,0,137.3,183,109.8,137.3,0,0,0
"2026/02/09","2026/02/12","6820","アイコム","東証およびＰＴＳ",,"確報",0,0,503100,0,100,19100,484000,0,0,1536970500,0,305500,58350500,1478620000,,,0,0,38235600,0,0,1459200,2611.2,0,0,0,68.4,159.5,95.7
"2026/02/09","2026/02/12","6822","大井電気","東証およびＰＴＳ",,"確報",0,0,1500,0,0,0,1500,0,0,6067500,0,0,0,6067500,,,0,0,120000,0,0,0,51.3,77,38.5,51.3,0,0,0
"2026/02/09","2026/02/12","6823","リオン","東証およびＰＴＳ",,"確報",0,2300,30500,1500,0,40700,-10200,0,6587200,87352000,4296000,0,116564800,-29212800,,,0,0,1640000,0,0,1960000,75.7,101.6,28.5,44.5,93.9,1972,179.3
"2026/02/09","2026/02/12","6824","新コスモス電機","東証およびＰＴＳ",,"確報",0,0,1400,0,0,0,1400,0,0,5705000,0,0,0,5705000,,,0,0,14000,0,0,0,28.7,0,14.3,28.7,0,0,0
"2026/02/09","2026/02/12","6832","アオイ電子","東証およびＰＴＳ",,"確報",100,100,2600,0,0,0,2600,241000,241000,6266000,0,0,0,6266000,,,0,0,26000,0,0,0,7.2,6.9,7.6,7.2,0,0,0
"2026/02/09","2026/02/12","6834","精工技研","東証およびＰＴＳ",,"確報",100,5100,32000,3200,200,22200,9800,1609000,82059000,514880000,51488000,3218000,357198000,157682000,,,0,0,34410000,0,0,17856000,5.9,4.6,3.7,4.1,9.8,24.2,13.9
"2026/02/09","2026/02/12","6835","アライドテレシスＨＤ","東証およびＰＴＳ",,"確報",5000,10100,60700,0,0,0,60700,1755000,3545100,21305700,0,0,0,21305700,,,0,0,526400,0,0,0,10.1,10.2,9.9,10.1,0,0,0
"2026/02/09","2026/02/12","6836","ぷらっとホーム","東証およびＰＴＳ",,"確報",0,300,13700,0,0,0,13700,0,268200,12247800,0,0,0,12247800,,,0,0,0,70000,0,0,88.1,88.1,88.1,88.1,0,0,0
"2026/02/09","2026/02/12","6837","京写","東証およびＰＴＳ",,"確報",100,0,4100,0,0,0,4100,29900,0,1225900,0,0,0,1225900,,,0,0,12000,0,0,0,65.7,32.8,0,65.7,0,0,0
"2026/02/09","2026/02/12","6838","多摩川ＨＤ","東証およびＰＴＳ",,"確報",0,300,3200,0,0,0,3200,0,231000,2464000,0,0,0,2464000,,,0,0,0,24500,0,0,11.9,21.9,8.2,11.9,0,0,0
"2026/02/09","2026/02/12","6840","ＡＫＩＢＡＨＤ","東証およびＰＴＳ",,"確報",100,0,23800,0,0,0,23800,48700,0,11590600,0,0,0,11590600,,,0,0,47400,0,0,0,24,143.8,13.1,24,0,0,0
"2026/02/09","2026/02/12","6841","横河電機","東証およびＰＴＳ",,"確報",0,3200,9700,1500,100,7000,2700,0,15900800,48199300,7453500,496900,34783000,13416300,,,0,0,425700,0,0,184800,3.3,3.6,3.4,3.5,4.4,2.5,3.2
"2026/02/09","2026/02/12","6844","新電元工業","東証およびＰＴＳ",,"確報",3300,1800,12300,700,0,4500,7800,13150500,7173000,49015500,2789500,0,17932500,31083000,,,0,0,2538000,0,0,893000,12.7,14.4,9.7,11.6,9.3,0,18.6
"2026/02/09","2026/02/12","6845","アズビル","東証およびＰＴＳ",,"確報",21400,300,38100,21700,600,38100,0,26846300,376350,47796450,27222650,752700,47796450,0,,,0,0,0,2303500,2303500,0,4.5,2.9,4,3.4,3.6,58.2,6.7
"2026/02/09","2026/02/12","6848","東亜ディーケーケー","東証およびＰＴＳ",,"確報",100,0,2100,0,100,400,1700,89100,0,1871100,0,89100,356400,1514700,,,0,0,2000,0,0,500,32.5,52.5,52.5,52.5,0,6.3,12.5
"2026/02/09","2026/02/12","6849","日本光電工業","東証およびＰＴＳ",,"確報",19500,900,34500,100,55700,48400,-13900,33998250,1569150,60150750,174350,97112950,84385400,-24234650,,,0,0,1431000,0,0,9360000,2.7,2.6,10.3,4.2,1.9,3.1,2.4
"2026/02/09","2026/02/12","6850","チノー","東証およびＰＴＳ",,"確報",200,1600,5200,300,100,7100,-1900,295400,2363200,7680400,443100,147700,10486700,-2806300,,,0,0,217800,0,0,227700,17.6,17.6,11.1,13.6,18.1,36.1,24.1
"2026/02/09","2026/02/12","6853","共和電業","東証およびＰＴＳ",,"確報",1600,3300,9200,0,500,44200,-35000,1238400,2554200,7120800,0,387000,34210800,-27090000,,,0,0,87200,0,0,357600,25.6,16.8,5.9,8.8,43.1,165.9,68.5
"2026/02/09","2026/02/12","6855","日本電子材料","東証およびＰＴＳ",,"確報",3200,1600,23900,0,0,4100,19800,19296000,9648000,144117000,0,0,24723000,119394000,,,0,0,22300000,0,0,4100000,12.6,13.3,10.6,11.8,19.6,18.1,18.8
"2026/02/09","2026/02/12","6856","堀場製作所","東証およびＰＴＳ",,"確報",800,400,2100,400,0,2100,0,15900000,7950000,41737500,7950000,0,41737500,0,,,0,0,1462000,0,0,1462000,7.1,4.7,5.2,5,11,14.1,12.4
"2026/02/09","2026/02/12","6857","アドバンテスト","東証およびＰＴＳ",,"確報",5000,235300,54800,565300,100,581600,-526800,136775000,6436631500,1499054000,15463781500,2735500,15909668000,-14410614000,,,0,0,805407500,0,0,46330000,2.7,3.8,2.9,3.3,1.1,17.3,2.2
"2026/02/09","2026/02/12","6858","小野測器","東証およびＰＴＳ",,"確報",0,2800,27200,0,0,0,27200,0,2298800,22331200,0,0,0,22331200,,,0,0,0,120000,0,0,26.1,26.1,26.1,26.1,0,0,0
"2026/02/09","2026/02/12","6859","エスペック","東証およびＰＴＳ",,"確報",3100,200,8400,5100,100,13300,-4900,12012500,775000,32550000,19762500,387500,51537500,-18987500,,,0,0,577500,0,0,871500,5,3.1,18.6,5.3,2.6,29.3,4.9
"2026/02/09","2026/02/12","6861","キーエンス","東証およびＰＴＳ",,"確報",0,11000,28500,3800,500,3900,24600,0,608520000,1576620000,210216000,27660000,215748000,1360872000,,,0,0,81370000,0,0,1236000,6.6,6.5,9,7.6,1.5,2.5,1.9
"2026/02/09","2026/02/12","6862","ミナトＨＤ","東証およびＰＴＳ",,"確報",100,2600,30100,0,0,0,30100,145100,3772600,43675100,0,0,0,43675100,,,0,0,0,65200,0,0,2.5,2.5,2.5,2.5,0,0,0
"2026/02/09","2026/02/12","6863","ニレコ","東証およびＰＴＳ",,"確報",0,0,500,0,0,0,500,0,0,1115000,0,0,0,1115000,,,0,0,19000,0,0,0,5.6,0,2.8,5.6,0,0,0
"2026/02/09","2026/02/12","6864","エヌエフＨＤ","東証およびＰＴＳ",,"確報",2100,0,22900,0,0,0,22900,2662800,0,29037200,0,0,0,29037200,,,0,0,0,0,0,0,25.2,22.8,28.2,25.2,0,0,0
"2026/02/09","2026/02/12","6866","日置電機","東証およびＰＴＳ",,"確報",200,0,17200,200,0,17200,0,1336000,0,114896000,1336000,0,114896000,0,,,0,0,4590000,0,0,4590000,59.5,45.4,66.4,53.9,53.9,86.3,66.4
"2026/02/09","2026/02/12","6867","リーダー電子","東証およびＰＴＳ",,"確報",100,0,700,0,0,0,700,46700,0,326900,0,0,0,326900,,,0,0,0,5400,0,0,9.1,12.5,7.1,9.1,0,0,0
"2026/02/09","2026/02/12","6869","シスメックス","東証およびＰＴＳ",,"確報",300,1300,202300,0,0,3400,198900,456150,1976650,307597150,0,0,5169700,302427450,,,0,0,5285800,0,0,88400,50.3,63.2,40.7,49.5,0,0,0
"2026/02/09","2026/02/12","6870","日本フェンオール","東証およびＰＴＳ",,"確報",0,0,300,0,0,0,300,0,0,557700,0,0,0,557700,,,0,0,8700,0,0,0,0,0,0,0,0,0,0
"2026/02/09","2026/02/12","6871","日本マイクロニクス","東証およびＰＴＳ",,"確報",2800,21100,40600,5200,800,5600,35000,27720000,208890000,401940000,51480000,7920000,55440000,346500000,,,0,0,55955000,0,0,1140000,11.9,24,9.5,13.6,1.9,7.8,3
"2026/02/09","2026/02/12","6874","協立電機","東証およびＰＴＳ",,"確報",700,200,18900,0,0,0,18900,2046800,584800,55263600,0,0,0,55263600,,,0,0,1048800,0,0,0,88.2,115.8,71.2,88.2,0,0,0
"2026/02/09","2026/02/12","6875","メガチップス","東証およびＰＴＳ",,"確報",2800,1100,9700,4600,0,12600,-2900,25032000,9834000,86718000,41124000,0,112644000,-25926000,,,0,0,480000,0,0,480000,4.6,3.5,2.6,3,7.2,14.3,9.6
"2026/02/09","2026/02/12","6877","ＯＢＡＲＡＧ","東証およびＰＴＳ",,"確報",200,0,6800,200,100,2500,4300,769000,0,26146000,769000,384500,9612500,16533500,,,0,0,231000,0,0,84000,24.9,58.3,29.2,38.9,10.3,15.4,12.3
"2026/02/09","2026/02/12","6882","三社電機製作所","東証およびＰＴＳ",,"確報",0,200,19400,0,900,14600,4800,0,199400,19341800,0,897300,14556200,4785600,,,0,0,333200,0,0,263500,34.5,47.8,29,36.1,38.6,28.2,32.6
"2026/02/09","2026/02/12","6888","アクモス","東証およびＰＴＳ",,"確報",200,0,7400,0,0,900,6500,110200,0,4077400,0,0,495900,3581500,,,0,0,21600,0,0,2700,12.1,6.7,182,13,3.2,0,6.4
"2026/02/09","2026/02/12","6890","フェローテック","東証およびＰＴＳ",,"確報",4100,0,59700,0,0,200,59500,24313000,0,354021000,0,0,1186000,352835000,,,0,0,2224000,0,0,8000,12.6,12.6,12.4,12.5,0,0,0
"2026/02/09","2026/02/12","6894","パルステック工業","東証およびＰＴＳ",,"確報",0,0,0,0,0,0,0,0,0,0,0,0,0,0,,,0,0,0,0,0,0,0,0,0,0,0,0,0
"2026/02/09","2026/02/12","6897","ツインバード","東証およびＰＴＳ",,"確報",0,200,1100,0,0,0,1100,0,84600,465300,0,0,0,465300,,,0,0,1300,0,0,0,13.8,15.5,12.4,13.8,0,0,0
"2026/02/09","2026/02/12","6898","トミタ電機","東証およびＰＴＳ",,"確報",0,0,4700,0,0,0,4700,0,0,16920000,0,0,0,16920000,,,0,0,0,0,0,0,0,0,0,0,0,0,0
"2026/02/09","2026/02/12","6899","ＡＳＴＩ","東証およびＰＴＳ",,"確報",0,0,6000,0,0,0,6000,0,0,16722000,0,0,0,16722000,,,0,0,138000,0,0,0,72.8,58.2,97,72.8,0,0,0
"2026/02/09","2026/02/12","6901","澤藤電機","東証およびＰＴＳ",,"確報",2200,1100,14200,0,0,1100,13100,2840200,1420100,18332200,0,0,1420100,16912100,,,0,0,0,13100,1100,0,7.4,62.1,3.8,7.1,0,0,0
"2026/02/09","2026/02/12","6902","デンソー","東証およびＰＴＳ",,"確報",20300,8400,81600,6600,36100,8000,73600,43391250,17955000,174420000,14107500,77163750,17100000,157320000,,,0,0,0,1672800,900000,0,3.4,8,7.8,7.9,1.2,0.9,1
"2026/02/09","2026/02/12","6904","原田工業","東証およびＰＴＳ",,"確報",1400,1000,3200,0,0,0,3200,683200,488000,1561600,0,0,0,1561600,,,0,0,8400,0,0,0,10.9,10.9,10.9,10.9,0,0,0
"2026/02/09","2026/02/12","6905","コーセル","東証およびＰＴＳ",,"確報",100,400,36100,0,1600,149600,-113500,116900,467600,42200900,0,1870400,174882400,-132681500,,,0,0,327600,0,0,1360800,88.2,46.5,50.4,48.4,0,54.7,109.3
"2026/02/09","2026/02/12","6907","ジオマテック","東証およびＰＴＳ",,"確報",200,2400,10600,0,0,0,10600,244400,2932800,12953200,0,0,0,12953200,,,0,0,0,563200,0,0,16.7,13.4,22.3,16.7,0,0,0
"2026/02/09","2026/02/12","6908","イリソ電子工業","東証およびＰＴＳ",,"確報",0,3100,16200,700,2600,10200,6000,0,10896500,56943000,2460500,9139000,35853000,21090000,,,0,0,772000,0,0,484000,4.1,3.8,3.1,3.4,13.7,6.3,8.6
"2026/02/09","2026/02/12","6912","菊水ホールディングス","東証およびＰＴＳ",,"確報",200,0,500,0,0,0,500,416000,0,1040000,0,0,0,1040000,,,0,0,0,900,0,0,6.3,11,4.4,6.3,0,0,0
"2026/02/09","2026/02/12","6914","オプテックスグループ","東証およびＰＴＳ",,"確報",55200,14000,62900,200,4900,32300,30600,136123200,34524000,155111400,493200,12083400,79651800,75459600,,,0,0,824600,0,0,1406000,2.3,1.2,1.5,1.3,99.8,15.4,26.7
"2026/02/09","2026/02/12","6915","千代田インテグレ","東証およびＰＴＳ",,"確報",200,3000,1400,0,100,4100,-2700,676000,10140000,4732000,0,338000,13858000,-9126000,,,0,0,168000,0,0,168000,11.3,10.6,3.9,5.7,69.3,104,83.2
"2026/02/09","2026/02/12","6918","アバールデータ","東証およびＰＴＳ",,"確報",300,100,1400,0,0,0,1400,934500,311500,4361000,0,0,0,4361000,,,0,0,150000,0,0,0,9.1,9.6,8.6,9.1,0,0,0
"2026/02/09","2026/02/12","6919","ケル","東証およびＰＴＳ",,"確報",0,500,600,0,500,600,0,0,752000,902400,0,752000,902400,0,,,0,0,1100,0,0,1100,3.9,3.6,5.3,4.3,2.6,5.8,3.6
"2026/02/09","2026/02/12","6920","レーザーテック","東証およびＰＴＳ",,"確報",0,20100,186200,2100,300,15600,170600,0,629130000,5828060000,65730000,9390000,488280000,5339780000,,,0,0,228993000,0,0,15318000,16.2,30.6,12.1,17.4,6.8,9.1,7.8
"2026/02/09","2026/02/12","6923","スタンレー電気","東証およびＰＴＳ",,"確報",1200,500,3600,1300,600,3600,0,3740400,1558500,11221200,4052100,1870200,11221200,0,,,0,0,20300,0,0,20300,6.5,9.1,4.7,6.2,10.6,5,6.8
"2026/02/09","2026/02/12","6925","ウシオ電機","東証およびＰＴＳ",,"確報",6500,0,16700,100,3600,18100,-1400,19324500,0,49649100,297300,10702800,53811300,-4162200,,,0,0,734400,0,0,1555200,2,2.7,26.4,4.9,18.3,0.8,1.6
"2026/02/09","2026/02/12","6926","岡谷電機産業","東証およびＰＴＳ",,"確報",0,200,14200,100,300,14200,0,0,39800,2825800,19900,59700,2825800,0,,,0,0,14400,0,0,14400,42.2,65.2,27.6,38.8,89.6,31.2,46.3
"2026/02/09","2026/02/12","6927","ヘリオステクノＨＤ","東証およびＰＴＳ",,"確報",3400,300,8600,0,0,0,8600,4161600,367200,10526400,0,0,0,10526400,,,0,0,984500,0,0,0,12.7,9.5,19.5,12.7,0,0,0
"2026/02/09","2026/02/12","6928","エノモト","東証およびＰＴＳ",,"確報",5400,0,14400,0,0,0,14400,15120000,0,40320000,0,0,0,40320000,,,0,0,0,1179000,0,0,9,7.3,11.8,9,0,0,0
"2026/02/09","2026/02/12","6929","日本セラミック","東証およびＰＴＳ",,"確報",200,1200,80000,11200,100,13300,66700,732000,4392000,292800000,40992000,366000,48678000,244122000,,,0,0,0,5670000,154000,0,43.9,138.1,108.2,121.4,1.8,25.9,3.3
"2026/02/09","2026/02/12","6932","遠藤照明","東証およびＰＴＳ",,"確報",200,10500,5700,0,200,1700,4000,580400,30471000,16541400,0,580400,4933400,11608000,,,0,0,0,240000,28500,0,7.2,8,5.3,6.4,46,46,46
"2026/02/09","2026/02/12","6941","山一電機","東証およびＰＴＳ",,"確報",1200,11900,39600,4700,3800,24300,15300,10464000,103768000,345312000,40984000,33136000,211896000,133416000,,,0,0,0,12575000,5850000,0,4,2.7,3.7,3.2,6.1,7.8,6.8
"2026/02/09","2026/02/12","6942","ソフィアＨＤ","東証およびＰＴＳ",,"確報",0,0,1700,0,0,0,1700,0,0,2172600,0,0,0,2172600,,,0,0,13600,0,0,0,168,84,0,168,0,0,0
"2026/02/09","2026/02/12","6943","ＮＫＫスイッチズ","東証およびＰＴＳ",,"確報",0,0,10000,0,0,0,10000,0,0,47400000,0,0,0,47400000,,,0,0,0,0,0,0,0,0,0,0,0,0,0
"2026/02/09","2026/02/12","6946","日本アビオニクス","東証およびＰＴＳ",,"確報",1500,11800,72200,0,0,0,72200,10125000,79650000,487350000,0,0,0,487350000,,,0,0,36300000,0,0,0,4.1,5,3.5,4.1,0,0,0
"2026/02/09","2026/02/12","6947","図研","東証およびＰＴＳ",,"確報",2000,200,17000,400,100,22000,-5000,9260000,926000,78710000,1852000,463000,101860000,-23150000,,,0,0,2280000,0,0,3255000,13.3,8.1,5.6,6.6,34.3,25.6,29.3
"2026/02/09","2026/02/12","6951","日本電子","東証およびＰＴＳ",,"確報",200,0,52100,300,0,13300,38800,1243400,0,323905700,1865100,0,82686100,241219600,,,0,0,3736800,0,0,936000,62.9,162.9,260.7,200.5,60.5,11.4,19.2
"2026/02/09","2026/02/12","6952","カシオ計算機","東証およびＰＴＳ",,"確報",8700,5200,23800,6400,12900,41400,-17600,14037450,8390200,38401300,10326400,20814150,66798900,-28397600,,,0,0,913500,0,0,2155500,5.9,5.2,3.9,4.5,9.1,5.9,7.2
"2026/02/09","2026/02/12","6954","ファナック","東証およびＰＴＳ",,"確報",600,59200,259700,200,0,200,259500,4036800,398297600,1747261600,1345600,0,1345600,1745916000,,,0,0,49973100,0,0,0,13.3,69.3,7.5,13.5,2.8,0.6,1
"2026/02/09","2026/02/12","6955","エフ・ディー・ケイ","東証およびＰＴＳ",,"確報",400,500,21200,0,0,0,21200,164800,206000,8734400,0,0,0,8734400,,,0,0,170400,0,0,0,39.5,42.5,36.9,39.5,0,0,0
"2026/02/09","2026/02/12","6958","日本シイエムケイ","東証およびＰＴＳ",,"確報",5500,2700,121500,1800,10400,46000,75500,3404500,1671300,75208500,1114200,6437600,28474000,46734500,,,0,0,5341500,0,0,2457000,29.9,26,122.6,42.9,18.6,17.5,18
"2026/02/09","2026/02/12","6960","フクダ電子","東証およびＰＴＳ",,"確報",0,0,7000,200,0,12300,-5300,0,0,60900000,1740000,0,107010000,-46110000,,,0,0,770000,0,0,1331000,15.3,13.3,14.9,14.1,103.6,8.6,15.9
"2026/02/09","2026/02/12","6961","エンプラス","東証およびＰＴＳ",,"確報",0,4300,13600,3000,1300,22000,-8400,0,59254000,187408000,41340000,17914000,303160000,-115752000,,,0,0,9845000,0,0,11165000,5.7,4.1,3.4,3.7,8.2,17.6,11.2
"2026/02/09","2026/02/12","6962","大真空","東証およびＰＴＳ",,"確報",3100,2600,62300,19900,0,60400,1900,1897200,1591200,38127600,12178800,0,36964800,1162800,,,0,0,1174200,0,0,769500,19.6,64.7,62.1,63.4,5,49.2,9.1
"2026/02/09","2026/02/12","6963","ローム","東証およびＰＴＳ",,"確報",1400,6900,167700,22200,12200,34500,133200,3620400,17843400,433672200,57409200,31549200,89217000,344455200,,,0,0,13249800,0,0,1874250,8.8,9.6,22.2,13.5,3.9,3.3,3.6
"2026/02/09","2026/02/12","6964","サンコー","東証およびＰＴＳ",,"確報",0,0,1500,0,0,0,1500,0,0,1021500,0,0,0,1021500,,,0,0,0,22500,0,0,7.2,3.8,61,7.2,0,0,0
"2026/02/09","2026/02/12","6965","浜松ホトニクス","東証およびＰＴＳ",,"確報",1300,12100,170600,18800,300,69900,100700,2228200,20739400,292408400,32223200,514200,119808600,172599800,,,0,0,6621100,0,0,1876100,20.7,23.5,27.9,25.5,15.9,12.3,13.9
"2026/02/09","2026/02/12","6966","三井ハイテック","東証およびＰＴＳ",,"確報",0,21500,281900,33100,100,61000,220900,0,16920500,221855300,26049700,78700,48007000,173848300,,,0,0,1213600,0,0,112000,11.8,512,8.5,16.7,1.6,5.7,2.5
"2026/02/09","2026/02/12","6969","松尾電機","東証およびＰＴＳ",,"確報",0,1200,9400,0,0,0,9400,0,1015200,7952400,0,0,0,7952400,,,0,0,392200,0,0,0,41.4,103.6,25.9,41.4,0,0,0
"2026/02/09","2026/02/12","6971","京セラ","東証およびＰＴＳ",,"確報",300,11800,24400,9700,0,16900,7500,801000,31506000,65148000,25899000,0,45123000,20025000,,,0,0,3141250,0,0,630000,2.6,3.2,3.1,3.1,2.1,1.9,2
"2026/02/09","2026/02/12","6976","太陽誘電","東証およびＰＴＳ",,"確報",2100,31400,61500,14400,0,18700,42800,8192100,122491400,239911500,56174400,0,72948700,166962800,,,0,0,33596000,0,0,1591000,8.8,24.3,6.9,10.7,1.4,8.8,2.4
"2026/02/09","2026/02/12","6977","日本抵抗器製作所","東証およびＰＴＳ",,"確報",0,0,5600,0,0,0,5600,0,0,5392800,0,0,0,5392800,,,0,0,16800,0,0,0,110.8,92.3,138.5,110.8,0,0,0
"2026/02/09","2026/02/12","6981","村田製作所","東証およびＰＴＳ",,"確報",300,12000,128700,21000,400,23200,105500,980700,39228000,420720300,68649000,1307600,75840800,344879500,,,0,0,7300800,0,0,135200,10.2,29.6,9.6,14.5,1.5,2.4,1.9
"2026/02/09","2026/02/12","6982","リード","東証およびＰＴＳ",,"確報",0,0,0,0,0,0,0,0,0,0,0,0,0,0,,,0,0,0,0,0,0,1,1,1,1,0,0,0
"2026/02/09","2026/02/12","6986","双葉電子工業","東証およびＰＴＳ",,"確報",0,21600,169000,5400,0,277300,-108300,0,15336000,119990000,3834000,0,196883000,-76893000,,,0,0,2668400,0,0,3806600,39.5,21.3,16.9,18.9,119,205.6,150.8
"2026/02/09","2026/02/12","6988","日東電工","東証およびＰＴＳ",,"確報",0,6700,45700,100,600,5800,39900,0,24053000,164063000,359000,2154000,20822000,143241000,,,0,0,10165600,0,0,1222200,20.2,89.8,13.6,23.7,18.4,6.6,9.7
"2026/02/09","2026/02/12","6989","北陸電気工業","東証およびＰＴＳ",,"確報",600,1500,12800,0,100,3200,9600,1749000,4372500,37312000,0,291500,9328000,27984000,,,0,0,0,356200,85800,0,53.7,97.1,37.8,54.4,30.6,153,51
"2026/02/09","2026/02/12","6993","大黒屋ＨＤ","東証およびＰＴＳ",,"確報",37800,219000,6227300,102500,15200,6828400,-601100,5745600,33288000,946549600,15580000,2310400,1037916800,-91367200,,,0,0,0,6408500,6741100,0,16.9,8.9,21.6,12.6,78.8,12.9,22.2
"2026/02/09","2026/02/12","6994","指月電機製作所","東証およびＰＴＳ",,"確報",14500,100,73700,0,3500,4700,69000,11919000,82200,60581400,0,2877000,3863400,56718000,,,0,0,0,533700,73800,0,7.7,5.7,20.4,9,15.2,3.1,5.2
"2026/02/09","2026/02/12","6995","東海理化電機製作所","東証およびＰＴＳ",,"確報",300,0,17200,300,0,21300,-4100,967500,0,55470000,967500,0,68692500,-13222500,,,0,0,507000,0,0,630000,9.2,6.3,57.7,11.4,4.4,30.8,7.7
"2026/02/09","2026/02/12","6996","ニチコン","東証およびＰＴＳ",,"確報",35900,6400,46400,34000,200,50700,-4300,65876500,11744000,85144000,62390000,367000,93034500,-7890500,,,0,0,2619500,0,0,2619500,5.1,3.2,7.6,4.5,3.6,15.9,5.9
"2026/02/09","2026/02/12","6997","日本ケミコン","東証およびＰＴＳ",,"確報",0,4200,85900,1400,7000,115200,-29300,0,6766200,138384900,2255400,11277000,185587200,-47202300,,,0,0,3513900,0,0,4711200,12.4,7.6,5.3,6.3,52.6,72.1,60.8
"2026/02/09","2026/02/12","6998","日本タングステン","東証およびＰＴＳ",,"確報",600,3600,10900,0,6700,10900,0,1151400,6908400,20917100,0,12857300,20917100,0,,,0,0,125100,0,0,158400,8.8,14.5,5.6,8.1,394.3,4.7,9.3
"2026/02/09","2026/02/12","6999","コーア","東証およびＰＴＳ",,"確報",0,1700,45700,0,0,200,45500,0,2711500,72891500,0,0,319000,72572500,,,0,0,2512200,0,0,10600,27.7,50.6,24,32.6,2.2,1.6,1.9
"2026/02/09","2026/02/12","7003","三井Ｅ＆Ｓ","東証およびＰＴＳ",,"確報",10200,192000,420200,10200,100,270800,149400,72532200,1365312000,2988042200,72532200,711100,1925658800,1062383400,,,0,0,160132000,0,0,69346200,9.1,7.2,5.3,6.1,63.5,172.1,92.8
"2026/02/09","2026/02/12","7004","カナデビア","東証およびＰＴＳ",,"確報",2700,6000,154500,79800,600,118000,36500,2945700,6546000,168559500,87061800,654600,128738000,39821500,,,0,0,1893600,0,0,465600,10.1,31.1,19.9,24.3,2.1,11.8,3.6
"2026/02/09","2026/02/12","7011","三菱重工業","東証およびＰＴＳ",,"確報",9900,372900,1461900,84800,2700,334400,1127500,49203000,1853313000,7265643000,421456000,13419000,1661968000,5603675000,,,0,0,277384800,0,0,38349600,14.6,23.5,14.8,18.2,4.5,12.5,6.6
"2026/02/09","2026/02/12","7012","川崎重工業","東証およびＰＴＳ",,"確報",2700,72300,124600,26600,1400,37400,87200,45778500,1225846500,2112593000,451003000,23737000,634117000,1478476000,,,0,0,447631000,0,0,28121000,10.2,68.4,6.7,12.2,2,10,3.4
"2026/02/09","2026/02/12","7013","ＩＨＩ","東証およびＰＴＳ",,"確報",88000,54700,727000,33600,76200,452100,274900,377344000,234553600,3117376000,144076800,326745600,1938604800,1178771200,,,0,0,237245400,0,0,169187400,11.9,14,12.3,13.1,8.8,13,10.5
"2026/02/09","2026/02/12","7014","名村造船所","東証およびＰＴＳ",,"確報",37500,102700,356300,81900,2200,679200,-322900,175687500,481149500,1669265500,383701500,10307000,3182052000,-1512786500,,,0,0,54795000,0,0,77935000,7.3,4.5,2.9,3.5,18,138.3,31.8
"2026/02/09","2026/02/12","7018","内海造船","東証およびＰＴＳ",,"確報",600,2800,11100,0,0,0,11100,9192000,42896000,170052000,0,0,0,170052000,,,0,0,0,4389000,0,0,10.9,11.8,10.2,10.9,0,0,0
"2026/02/09","2026/02/12","7021","ニッチツ","東証およびＰＴＳ",,"確報",0,0,3300,0,0,0,3300,0,0,8131200,0,0,0,8131200,,,0,0,95700,0,0,0,51.1,179,29.8,51.1,0,0,0
"2026/02/09","2026/02/12","7022","サノヤスＨＤ","東証およびＰＴＳ",,"確報",0,200,385200,10100,3900,73600,311600,0,77800,149842800,3928900,1517100,28630400,121212400,,,0,0,0,3854000,674000,0,10,573.4,6.2,12.2,10.9,3.6,5.4
"2026/02/09","2026/02/12","7030","スプリックス","東証およびＰＴＳ",,"確報",0,0,3800,0,100,200,3600,0,0,4826000,0,127000,254000,4572000,,,0,0,0,57000,4500,0,28.3,46.3,26.4,33.6,13,6.5,8.7
"2026/02/09","2026/02/12","7031","インバウンドテック","東証およびＰＴＳ",,"確報",0,0,200,0,0,0,200,0,0,118400,0,0,0,118400,,,0,0,0,4200,0,0,6,6,6,6,0,0,0
"2026/02/09","2026/02/12","7033","ＭＳＯＬ","東証およびＰＴＳ",,"確報",100,3400,26000,100,3400,26000,0,128900,4382600,33514000,128900,4382600,33514000,0,,,0,0,468800,0,0,468800,7.2,6.3,27,10.3,3.3,14.5,5.4
"2026/02/09","2026/02/12","7034","プロレド","東証およびＰＴＳ",,"確報",0,0,10700,0,0,0,10700,0,0,5521200,0,0,0,5521200,,,0,0,139100,0,0,0,91.2,273.5,54.7,91.2,0,0,0
"2026/02/09","2026/02/12","7035","ａｎｆａｃ","東証およびＰＴＳ",,"確報",1200,1400,66700,0,200,66700,0,258000,301000,14340500,0,43000,14340500,0,,,0,0,0,66900,66900,0,90.3,141,45.7,69.1,3385,66.4,130.2
"2026/02/09","2026/02/12","7036","イーエムネットＪ","東証およびＰＴＳ",,"確報",0,0,2500,0,0,0,2500,0,0,2275000,0,0,0,2275000,,,0,0,0,22500,0,0,0,0,0,0,0,0,0
"2026/02/09","2026/02/12","7037","テノ．","東証およびＰＴＳ",,"確報",100,100,800,0,0,0,800,90200,90200,721600,0,0,0,721600,,,0,0,0,6400,0,0,24.7,18.5,37,24.7,0,0,0
"2026/02/09","2026/02/12","7038","フロンティアＭ","東証およびＰＴＳ",,"確報",0,100,4600,0,0,0,4600,0,58800,2704800,0,0,0,2704800,,,0,0,14100,0,0,0,19.5,22.4,17.2,19.5,0,0,0
"2026/02/09","2026/02/12","7039","ブリッジグループ","東証およびＰＴＳ",,"確報",0,0,900,0,0,600,300,0,0,1737900,0,0,1158600,579300,,,0,0,0,14400,9600,0,50.7,45,0,90,31,31,31
"2026/02/09","2026/02/12","7040","サン・ライフＨＤ","東証およびＰＴＳ",,"確報",0,300,6000,0,0,0,6000,0,305700,6114000,0,0,0,6114000,,,0,0,0,69300,0,0,52.2,39.1,78.3,52.2,0,0,0
"2026/02/09","2026/02/12","7041","ＣＲＧＨＤ","東証およびＰＴＳ",,"確報",0,0,300,0,0,0,300,0,0,97200,0,0,0,97200,,,0,0,300,0,0,0,0,0,0,0,0,0,0
"2026/02/09","2026/02/12","7042","アクセスグループ","東証およびＰＴＳ",,"確報",100,0,2700,0,0,0,2700,71400,0,1927800,0,0,0,1927800,,,0,0,23400,0,0,0,21.5,35,15.6,21.5,0,0,0
"2026/02/09","2026/02/12","7043","アルー","東証およびＰＴＳ",,"確報",800,100,1400,0,0,0,1400,759200,94900,1328600,0,0,0,1328600,,,0,0,33600,0,0,0,8.2,5,22.5,8.2,0,0,0
"2026/02/09","2026/02/12","7044","ピアラ","東証およびＰＴＳ",,"確報",100,0,5100,0,0,0,5100,53300,0,2718300,0,0,0,2718300,,,0,0,0,5000,0,0,30.2,23.4,42.8,30.2,0,0,0
"2026/02/09","2026/02/12","7046","ＴＤＳＥ","東証およびＰＴＳ",,"確報",0,100,600,0,0,0,600,0,146300,877800,0,0,0,877800,,,0,0,1400,0,0,0,7.6,6.3,9.5,7.6,0,0,0
"2026/02/09","2026/02/12","7047","ポート","東証およびＰＴＳ",,"確報",200,0,48200,0,0,100,48100,430800,0,103822800,0,0,215400,103607400,,,0,0,2256000,0,0,4700,113.5,348.3,84.1,135.4,2,0.3,0.6
"2026/02/09","2026/02/12","7048","ベルトラ","東証およびＰＴＳ",,"確報",2200,0,95600,600,1200,234300,-138700,385000,0,16730000,105000,210000,41002500,-24272500,,,0,0,0,186800,469800,0,38.6,51.2,17.8,26.5,43.1,56.4,48.9
"2026/02/09","2026/02/12","7049","識学","東証およびＰＴＳ",,"確報",400,3000,9000,9700,0,127800,-118800,370000,2775000,8325000,8972500,0,118215000,-109890000,,,0,0,0,46400,472400,0,32.4,56.8,10.1,17.2,18.6,406.8,35.5
"2026/02/09","2026/02/12","7050","フロンティアＩ","東証およびＰＴＳ",,"確報",0,0,1300,0,0,0,1300,0,0,1953900,0,0,0,1953900,,,0,0,28600,0,0,0,15.3,11.5,23,15.3,0,0,0
"2026/02/09","2026/02/12","7057","エヌ・シー・エヌ","東証およびＰＴＳ",,"確報",100,0,2500,0,0,0,2500,114800,0,2870000,0,0,0,2870000,,,0,0,91200,0,0,0,242,121,0,242,0,0,0
"2026/02/09","2026/02/12","7058","共栄セキュリティ","東証およびＰＴＳ",,"確報",0,0,2300,0,0,0,2300,0,0,6764300,0,0,0,6764300,,,0,0,140300,0,0,0,0,0,0,0,0,0,0
"2026/02/09","2026/02/12","7059","コプロＨＤ","東証およびＰＴＳ",,"確報",0,800,26700,200,100,2000,24700,0,854400,28515600,213600,106800,2136000,26379600,,,0,0,82500,0,0,5700,24.3,16.4,109,28.5,2.9,52,5.5
"2026/02/09","2026/02/12","7060","ギークス","東証およびＰＴＳ",,"確報",0,200,5200,100,0,600,4600,0,104800,2724800,52400,0,314400,2410400,,,0,0,124200,0,0,11500,18.1,13.3,35,19.3,4.8,0,9.5
"2026/02/09","2026/02/12","7061","日本ホスピス","東証およびＰＴＳ",,"確報",0,800,56300,0,2300,35100,21200,0,854400,60128400,0,2456400,37486800,22641600,,,0,0,1370400,0,0,897600,101.7,218.7,177.7,196.1,0,29.5,58.9
"2026/02/09","2026/02/12","7062","フレアス","東証およびＰＴＳ",,"確報",0,0,0,0,0,0,0,0,0,0,0,0,0,0,,,0,0,0,0,0,0,0,0,0,0,0,0,0
"2026/02/09","2026/02/12","7063","Ｂｉｒｄｍａｎ","東証およびＰＴＳ",,"確報",0,3900,97500,0,0,0,97500,0,479700,11992500,0,0,0,11992500,,,0,0,0,0,0,0,113.1,264.9,71.9,113.1,0,0,0
"2026/02/09","2026/02/12","7064","ハウテレビジョン","東証およびＰＴＳ",,"確報",0,0,800,0,0,0,800,0,0,980800,0,0,0,980800,,,0,0,1600,0,0,0,26.7,40,20,26.7,0,0,0
"2026/02/09","2026/02/12","7065","ユーピーアール","東証およびＰＴＳ",,"確報",100,100,13900,100,0,900,13000,104800,104800,14567200,104800,0,943200,13624000,,,0,0,236300,0,0,13600,20.8,12.2,63.3,20.5,21.5,43,28.7
"2026/02/09","2026/02/12","7066","ピアズ","東証およびＰＴＳ",,"確報",1200,0,14300,0,0,0,14300,505200,0,6020300,0,0,0,6020300,,,0,0,0,183400,0,0,74.1,41.7,333.5,74.1,0,0,0
"2026/02/09","2026/02/12","7067","ブランディング","東証およびＰＴＳ",,"確報",0,0,3000,0,0,0,3000,0,0,3060000,0,0,0,3060000,,,0,0,0,12000,0,0,100.7,151,75.5,100.7,0,0,0
"2026/02/09","2026/02/12","7068","ＦフォースＧ","東証およびＰＴＳ",,"確報",1100,700,25200,500,100,25200,0,699600,445200,16027200,318000,63600,16027200,0,,,0,0,124000,0,0,124000,80.3,44.5,49.8,47,207.5,415,276.7
"2026/02/09","2026/02/12","7069","サイバー・バズ","東証およびＰＴＳ",,"確報",0,0,400,0,0,0,400,0,0,358000,0,0,0,358000,,,0,0,2400,0,0,0,21,21,21,21,0,0,0
"2026/02/09","2026/02/12","7071","アンビス","東証およびＰＴＳ",,"確報",0,13500,228100,0,13500,228100,0,0,6709500,113365700,0,6709500,113365700,0,,,0,0,241600,0,0,241600,15.6,10.2,8.7,9.4,75.1,33.2,46.1
"2026/02/09","2026/02/12","7072","インテＭ","東証およびＰＴＳ",,"確報",100,0,4000,0,0,0,4000,111900,0,4476000,0,0,0,4476000,,,0,0,74100,0,0,0,47.8,47.8,47.8,47.8,0,0,0
"2026/02/09","2026/02/12","7073","ジェイック","東証およびＰＴＳ",,"確報",0,0,300,0,0,0,300,0,0,723000,0,0,0,723000,,,0,0,0,600,0,0,8.8,22,5.5,8.8,0,0,0
"2026/02/09","2026/02/12","7074","２４７ＨＤ","東証およびＰＴＳ",,"確報",600,0,3800,0,0,0,3800,133200,0,843600,0,0,0,843600,,,0,0,16000,0,0,0,18.7,28,14,18.7,0,0,0
"2026/02/09","2026/02/12","7075","ＱＬＳ","東証およびＰＴＳ",,"確報",300,0,2300,0,0,0,2300,237600,0,1821600,0,0,0,1821600,,,0,0,0,2000,0,0,8.6,11.4,6.9,8.6,0,0,0
"2026/02/09","2026/02/12","7077","ＡＬｉＮＫ","東証およびＰＴＳ",,"確報",0,0,0,0,0,0,0,0,0,0,0,0,0,0,,,0,0,0,0,0,0,0,0,0,0,0,0,0
"2026/02/09","2026/02/12","7078","ＩＮＣ　ＨＤ","東証およびＰＴＳ",,"確報",0,0,11500,0,0,0,11500,0,0,4657500,0,0,0,4657500,,,0,0,0,0,0,0,18.6,72.3,10.7,18.6,0,0,0
"2026/02/09","2026/02/12","7079","ＷＤＢココ","東証およびＰＴＳ",,"確報",500,100,13300,0,0,0,13300,1355000,271000,36043000,0,0,0,36043000,,,0,0,0,1238400,0,0,21.7,11,563,21.7,0,0,0
"2026/02/09","2026/02/12","7080","スポーツフィールド","東証およびＰＴＳ",,"確報",0,0,2700,0,0,0,2700,0,0,2178900,0,0,0,2178900,,,0,0,2700,0,0,0,15.1,12.4,19.4,15.1,0,0,0
"2026/02/09","2026/02/12","7081","コーユーレンティア","東証およびＰＴＳ",,"確報",200,0,400,0,0,0,400,270000,0,540000,0,0,0,540000,,,0,0,0,0,0,0,7,4.7,14,7,0,0,0
"2026/02/09","2026/02/12","7082","ジモティー","東証およびＰＴＳ",,"確報",500,100,11700,0,0,0,11700,445500,89100,10424700,0,0,0,10424700,,,0,0,101700,0,0,0,39.7,48,33.9,39.7,0,0,0
"2026/02/09","2026/02/12","7083","ＡＨＣグループ","東証およびＰＴＳ",,"確報",0,0,400,0,0,0,400,0,0,336400,0,0,0,336400,,,0,0,0,0,0,0,21,21,21,21,0,0,0
"2026/02/09","2026/02/12","7084","ＳｍｉｌｅＨＤ","東証およびＰＴＳ",,"確報",100,0,800,0,0,0,800,346500,0,2772000,0,0,0,2772000,,,0,0,84000,0,0,0,72,36,0,72,0,0,0
"2026/02/09","2026/02/12","7085","カーブスＨＤ","東証およびＰＴＳ",,"確報",100,0,95700,4100,600,30900,64800,76300,0,73019100,3128300,457800,23576700,49442400,,,0,0,191200,0,0,54800,5.7,5.5,4.4,4.9,15.1,147.9,27.4
"2026/02/09","2026/02/12","7087","ウイルテック","東証およびＰＴＳ",,"確報",100,400,300,0,200,400,-100,137300,549200,411900,0,274600,549200,-137300,,,0,0,0,1200,1200,0,3.7,9.7,4.1,5.8,3.3,2.6,2.9
"2026/02/09","2026/02/12","7088","フォーラムエンジニア","東証およびＰＴＳ",,"確報",0,0,100,0,0,0,100,0,0,169800,0,0,0,169800,,,0,0,0,0,0,0,0,0,0,0,0,0,0
"2026/02/09","2026/02/12","7089","フォースタ","東証およびＰＴＳ",,"確報",1500,3900,59200,0,0,0,59200,1683000,4375800,66422400,0,0,0,66422400,,,0,0,0,1108800,0,0,16.7,79.8,9.3,16.7,0,0,0
"2026/02/09","2026/02/12","7090","リグア","東証およびＰＴＳ",,"確報",0,0,200,0,0,0,200,0,0,193400,0,0,0,193400,,,0,0,0,2200,0,0,11,11,11,11,0,0,0
"2026/02/09","2026/02/12","7091","ＬＰＦ","東証およびＰＴＳ",,"確報",0,200,1000,0,0,0,1000,0,250800,1254000,0,0,0,1254000,,,0,0,31200,0,0,0,29,58,19.3,29,0,0,0
"2026/02/09","2026/02/12","7092","ＦＦＪ","東証およびＰＴＳ",,"確報",100,0,300,0,0,21400,-21100,230000,0,690000,0,0,49220000,-48530000,,,0,0,0,0,0,0,168.2,3,3.8,3.3,0,269.5,539
"2026/02/09","2026/02/12","7093","アディッシュ","東証およびＰＴＳ",,"確報",0,0,1400,0,0,0,1400,0,0,765800,0,0,0,765800,,,0,0,23800,0,0,0,17.8,80,10,17.8,0,0,0
"2026/02/09","2026/02/12","7094","ＮｅｘＴｏｎｅ","東証およびＰＴＳ",,"確報",800,700,49600,100,0,49600,0,1323200,1157800,82038400,165400,0,82038400,0,,,0,0,346500,0,0,346500,9.2,12.9,3.2,5.1,47.5,52.8,50
"2026/02/09","2026/02/12","7095","ＭａｃｂｅｅＰ","東証およびＰＴＳ",,"確報",200,300,15300,0,0,0,15300,294000,441000,22491000,0,0,0,22491000,,,0,0,154000,0,0,0,86.2,129.3,64.7,86.2,0,0,0
"2026/02/09","2026/02/12","7096","ステムセル研究所","東証およびＰＴＳ",,"確報",100,0,14900,200,100,14900,0,84300,0,12560700,168600,84300,12560700,0,,,0,0,0,14800,14800,0,45.1,157.8,29.2,49.3,98.6,26.3,41.5
"2026/02/09","2026/02/12","7097","さくらさくプラス","東証およびＰＴＳ",,"確報",0,0,500,0,0,0,500,0,0,1296500,0,0,0,1296500,,,0,0,0,14000,0,0,9.7,29,5.8,9.7,0,0,0
"2026/02/09","2026/02/12","7102","日本車輌製造","東証およびＰＴＳ",,"確報",100,600,17300,0,0,200,17100,426000,2556000,73698000,0,0,852000,72846000,,,0,0,1513000,0,0,17000,36.5,30.5,46.6,36.9,9,0,18
"2026/02/09","2026/02/12","7105","三菱ロジスネクスト","東証およびＰＴＳ",,"確報",59400,2900,68600,0,0,12900,55700,91357200,4460200,105506800,0,0,19840200,85666600,,,0,0,0,0,0,0,2.3,1.3,2.1,1.6,0,9,18
"2026/02/09","2026/02/12","7110","クラシコム","東証およびＰＴＳ",,"確報",100,0,6700,300,100,1700,5000,199500,0,13366500,598500,199500,3391500,9975000,,,0,0,0,422400,96000,0,34.2,333,83.3,133.2,4.5,38.5,8.1
"2026/02/09","2026/02/12","7111","ＩＮＥＳＴ","東証およびＰＴＳ",,"確報",0,0,4800,0,0,0,4800,0,0,2750400,0,0,0,2750400,,,0,0,0,19200,0,0,70.9,248,41.3,70.9,0,0,0
"2026/02/09","2026/02/12","7112","キューブ","東証およびＰＴＳ",,"確報",300,0,700,0,0,0,700,203100,0,473900,0,0,0,473900,,,0,0,4000,0,0,0,3.4,6.4,2.3,3.4,0,0,0
"2026/02/09","2026/02/12","7114","フーディソン","東証およびＰＴＳ",,"確報",0,0,800,0,0,0,800,0,0,710400,0,0,0,710400,,,0,0,4000,0,0,0,0,0,0,0,0,0,0
"2026/02/09","2026/02/12","7115","アルファパーチェス","東証およびＰＴＳ",,"確報",0,0,2300,0,0,0,2300,0,0,4832300,0,0,0,4832300,,,0,0,174800,0,0,0,0,0,0,0,0,0,0
"2026/02/09","2026/02/12","7116","ダイワ通信","東証およびＰＴＳ",,"確報",0,0,2900,0,0,0,2900,0,0,3387200,0,0,0,3387200,,,0,0,0,0,0,0,13.8,6.9,0,13.8,0,0,0
"2026/02/09","2026/02/12","7119","ハルメクＨＤ","東証およびＰＴＳ",,"確報",0,0,1000,0,0,900,100,0,0,1346000,0,0,1211400,134600,,,0,0,3000,0,0,2700,20.7,24.5,16.3,19.6,44,14.7,22
"2026/02/09","2026/02/12","7120","ＳＨＩＮＫＯ","東証およびＰＴＳ",,"確報",200,0,1900,0,0,0,1900,184200,0,1749900,0,0,0,1749900,,,0,0,0,8500,0,0,4.5,15.9,2.7,4.5,0,0,0
"2026/02/09","2026/02/12","7122","近畿車輛","東証およびＰＴＳ",,"確報",200,400,1900,100,0,1900,0,491000,982000,4664500,245500,0,4664500,0,,,0,0,63000,0,0,54000,12.4,10.1,10.1,10.1,15.1,17.7,16.3
"2026/02/09","2026/02/12","7126","グローバルスタイル","東証およびＰＴＳ",,"確報",0,0,300,0,0,0,300,0,0,450900,0,0,0,450900,,,0,0,0,900,0,0,6.4,16,4,6.4,0,0,0
"2026/02/09","2026/02/12","7127","一家ホールディングス","東証およびＰＴＳ",,"確報",0,0,4100,0,0,0,4100,0,0,2870000,0,0,0,2870000,,,0,0,4100,0,0,0,0,0,0,0,0,0,0
"2026/02/09","2026/02/12","7128","ユニソルＨＤ","東証およびＰＴＳ",,"確報",700,500,8300,100,0,16900,-8600,1658300,1184500,19662700,236900,0,40036100,-20373400,,,0,0,315900,0,0,655200,16.4,36,17.3,23.4,19.5,11.3,14.3
"2026/02/09","2026/02/12","7129","ミアヘルサＨＤ","東証およびＰＴＳ",,"確報",0,0,5400,0,0,0,5400,0,0,6334200,0,0,0,6334200,,,0,0,43200,0,0,0,271,271,271,271,0,0,0
"2026/02/09","2026/02/12","7130","ヤマエグループＨＤ","東証およびＰＴＳ",,"確報",400,400,51500,0,0,0,51500,1258000,1258000,161967500,0,0,0,161967500,,,0,0,1545000,0,0,0,48.3,124.9,33.5,52.8,1,1,1
"2026/02/09","2026/02/12","7131","のむら産業","東証およびＰＴＳ",,"確報",100,0,2700,0,0,0,2700,342000,0,9234000,0,0,0,9234000,,,0,0,130000,0,0,0,18.9,26.4,14.7,18.9,0,0,0
"2026/02/09","2026/02/12","7133","ヒュウガプライマ","東証およびＰＴＳ",,"確報",0,0,3000,0,0,0,3000,0,0,3579000,0,0,0,3579000,,,0,0,0,3000,0,0,0,0,0,0,0,0,0
"2026/02/09","2026/02/12","7134","アップガレージＧ","東証およびＰＴＳ",,"確報",200,800,2800,200,800,2800,0,208400,833600,2917600,208400,833600,2917600,0,,,0,0,0,234600,234600,0,9,11.5,10.1,10.7,5,16.8,7.7
"2026/02/09","2026/02/12","7135","ジャパンクラフトＨＤ","東証およびＰＴＳ",,"確報",100,900,21800,0,800,21800,0,22700,204300,4948600,0,181600,4948600,0,,,0,0,22600,0,0,22600,48.7,608.5,24.3,46.8,0,25.4,50.7
"2026/02/09","2026/02/12","7138","ＴＯＲＩＣＯ","東証およびＰＴＳ",,"確報",200,4000,79500,0,0,0,79500,64000,1280000,25440000,0,0,0,25440000,,,0,0,333200,0,0,0,44.2,101.9,28.2,44.2,0,0,0
"2026/02/09","2026/02/12","7140","ペットゴー","東証およびＰＴＳ",,"確報",100,100,1400,0,0,0,1400,93300,93300,1306200,0,0,0,1306200,,,0,0,30800,0,0,0,16.9,9.8,59,16.9,0,0,0
"2026/02/09","2026/02/12","7148","ＦＰＧ","東証およびＰＴＳ",,"確報",4700,6100,173900,700,15100,160900,13000,9968700,12938100,368841900,1484700,32027100,341268900,27573000,,,0,0,0,12972200,12972200,0,35.6,32.2,42,36.5,37,32.8,34.8
"2026/02/09","2026/02/12","7150","島根銀行","東証およびＰＴＳ",,"確報",7300,300,80200,11100,0,21300,58900,4788800,196800,52611200,7281600,0,13972800,38638400,,,0,0,1317600,0,0,183600,15.1,14.9,37.4,21.3,2.3,35.5,4.4
"2026/02/09","2026/02/12","7157","ライフネット生命保険","東証およびＰＴＳ",,"確報",300,3300,56200,0,2300,119100,-62900,607500,6682500,113805000,0,4657500,241177500,-127372500,,,0,0,1184000,0,0,2428000,48.1,23.2,24.9,24,163.1,62.9,90.7
"2026/02/09","2026/02/12","7161","じもとＨＤ","東証およびＰＴＳ",,"確報",44900,100,188300,0,2300,67400,120900,24335800,54200,102058600,0,1246600,36530800,65527800,,,0,0,1435000,0,0,697000,17.4,7.8,48.7,13.5,28.1,80.9,41.7
"2026/02/09","2026/02/12","7162","アストマックス","東証およびＰＴＳ",,"確報",100,0,65300,0,0,0,65300,20400,0,13321200,0,0,0,13321200,,,0,0,0,195600,0,0,84.4,45.8,541.7,84.4,0,0,0
"2026/02/09","2026/02/12","7164","全国保証","東証およびＰＴＳ",,"確報",12400,300,20400,12100,0,20400,0,38998000,943500,64158000,38054500,0,64158000,0,,,0,0,166000,0,0,166000,4.9,3.6,4.6,4,4.7,9.3,6.3
"2026/02/09","2026/02/12","7167","めぶきＦＧ","東証およびＰＴＳ",,"確報",16700,113200,79200,13300,300,188700,-109500,21868650,148235400,103712400,17416350,392850,247102650,-143390250,,,0,0,6237350,0,0,6237350,6.4,3.8,3.6,3.7,7.7,42.9,13.1
"2026/02/09","2026/02/12","7172","ＪＩＡ","東証およびＰＴＳ",,"確報",15300,400,109000,15100,200,109000,0,36811800,962400,262254000,36330600,481200,262254000,0,,,0,0,3387600,0,0,3387600,7.9,5.2,5.8,5.5,7.2,445.1,14.2
"2026/02/09","2026/02/12","7173","東京きらぼしＦＧ","東証およびＰＴＳ",,"確報",0,700,7900,100,100,3000,4900,0,7931000,89507000,1133000,1133000,33990000,55517000,,,0,0,3440000,0,0,1200000,17.9,20.7,29.5,24.3,10.7,10,10.3
"2026/02/09","2026/02/12","7175","今村証券","東証およびＰＴＳ",,"確報",0,0,3600,0,0,0,3600,0,0,4860000,0,0,0,4860000,,,0,0,162000,0,0,0,114,57,0,114,0,0,0
"2026/02/09","2026/02/12","7177","ＧＭＯＦＨＤ","東証およびＰＴＳ",,"確報",140500,700,247400,0,0,0,247400,124764000,621600,219691200,0,0,0,219691200,,,0,0,1076000,0,0,0,4.3,3.1,7.4,4.3,0,0,0
"2026/02/09","2026/02/12","7180","九州ＦＧ","東証およびＰＴＳ",,"確報",3400,2400,51700,1200,4000,33200,18500,4554300,3214800,69252150,1607400,5358000,44471400,24780750,,,0,0,2104050,0,0,1494000,9.2,10.2,11.5,10.8,8.7,7.1,7.8
"2026/02/09","2026/02/12","7181","かんぽ生命保険","東証およびＰＴＳ",,"確報",5200,1300,10300,5400,100,11700,-1400,27097200,6774300,53673300,28139400,521100,60968700,-7295400,,,0,0,1273600,0,0,1273600,6.3,5.3,6.7,5.9,4,24.6,6.9
"2026/02/09","2026/02/12","7182","ゆうちょ銀行","東証およびＰＴＳ",,"確報",19800,27600,84200,105300,0,160500,-76300,60192000,83904000,255968000,320112000,0,487920000,-231952000,,,0,0,9476000,0,0,5685600,5.3,12.5,7.3,9.2,2.3,7.1,3.4
"2026/02/09","2026/02/12","7183","あんしん保証","東証およびＰＴＳ",,"確報",700,0,39900,100,700,25500,14400,113400,0,6463800,16200,113400,4131000,2332800,,,0,0,117600,0,0,78300,62.4,96.9,1937,184.5,80.5,20.1,32.2
"2026/02/09","2026/02/12","7184","富山第一銀行","東証およびＰＴＳ",,"確報",0,13000,28800,9300,200,50900,-22100,0,35932000,79603200,25705200,552800,140687600,-61084400,,,0,0,1003200,0,0,1003200,6.8,4.1,3.3,3.7,16.7,50.1,25.1
"2026/02/09","2026/02/12","7185","ヒロセ通商","東証およびＰＴＳ",,"確報",0,100,300,0,0,0,300,0,365000,1095000,0,0,0,1095000,,,0,0,0,6000,0,0,12,18,9,12,0,0,0
"2026/02/09","2026/02/12","7186","横浜ＦＧ","東証およびＰＴＳ",,"確報",600,10300,151800,100,100,9200,142600,979200,16809600,247737600,163200,163200,15014400,232723200,,,0,0,13243000,0,0,754400,21.7,22.5,26.7,24.4,2.1,190,4.1
"2026/02/09","2026/02/12","7187","ジェイリース","東証およびＰＴＳ",,"確報",3500,4400,15500,0,900,15500,0,5040000,6336000,22320000,0,1296000,22320000,0,,,0,0,114800,0,0,114800,9.5,5.8,5.1,5.4,40.4,45.2,42.7
"2026/02/09","2026/02/12","7189","西日本ＦＨＤ","東証およびＰＴＳ",,"確報",2400,4000,11700,200,800,300,11400,10332000,17220000,50368500,861000,3444000,1291500,49077000,,,0,0,1941800,0,0,131400,5.9,9.3,5,6.5,1.8,1.7,1.8
"2026/02/09","2026/02/12","7191","イントラスト","東証およびＰＴＳ",,"確報",100,1700,10700,0,1600,10700,0,116200,1975400,12433400,0,1859200,12433400,0,,,0,0,0,184500,184500,0,19.8,18.8,21.6,20.1,18.3,20.9,19.5
"2026/02/09","2026/02/12","7192","日本モーゲージサービ","東証およびＰＴＳ",,"確報",3500,1400,17300,500,600,3700,13600,2240000,896000,11072000,320000,384000,2368000,8704000,,,0,0,243200,0,0,60800,8.3,8.8,7.4,8,8.5,14.1,10.6
"2026/02/09","2026/02/12","7196","Ｃａｓａ","東証およびＰＴＳ",,"確報",0,300,10600,0,0,0,10600,0,212100,7494200,0,0,0,7494200,,,0,0,0,10900,0,0,105.2,75.1,175.3,105.2,0,0,0
"2026/02/09","2026/02/12","7198","ＳＢＩアルヒ","東証およびＰＴＳ",,"確報",4000,2000,217800,0,3300,114700,103100,3708000,1854000,201900600,0,3059100,106326900,95573700,,,0,0,0,0,0,0,38.2,37.2,28.6,32.3,76.5,44.8,56.5
"2026/02/09","2026/02/12","7199","プレミアグループ","東証およびＰＴＳ",,"確報",200,1700,232800,100,1800,17000,215800,355600,3022600,413918400,177800,3200400,30226000,383692400,,,0,0,1171500,0,0,93500,68.5,195.7,52.4,82.7,52.8,13.2,21.1
"2026/02/09","2026/02/12","7201","日産自動車","東証およびＰＴＳ",,"確報",456400,344100,1373600,1000,857300,405000,968600,183974840,138706710,553698160,403100,345577630,163255500,390442660,,,0,0,0,17027550,17027550,0,4.9,6.8,7.8,7.3,2.7,3,2.9
"2026/02/09","2026/02/12","7202","いすゞ自動車","東証およびＰＴＳ",,"確報",700,100,7600,2200,7700,41900,-34300,1918350,274050,20827800,6029100,21101850,114826950,-93999150,,,0,0,28000,0,0,189600,6.1,5,1.4,2.2,7.8,9.4,8.5
"2026/02/09","2026/02/12","7203","トヨタ自動車","東証およびＰＴＳ",,"確報",56400,261000,317100,41100,23700,781800,-464700,210315600,973269000,1182465900,153261900,88377300,2915332200,-1732866300,,,0,0,0,26606700,38984400,0,1.8,4.6,2.5,3.2,1.7,1.7,1.7
"2026/02/09","2026/02/12","7205","日野自動車","東証およびＰＴＳ",,"確報",26200,92700,309100,12800,0,309100,0,12523600,44310600,147749800,6118400,0,147749800,0,,,0,0,5634000,0,0,4444500,7,4.9,5.3,5.1,10.7,13.1,11.8
"2026/02/09","2026/02/12","7208","カネミツ","東証およびＰＴＳ",,"確報",100,0,100,0,0,0,100,113600,0,113600,0,0,0,113600,,,0,0,0,0,0,0,2,1,0,2,0,0,0
"2026/02/09","2026/02/12","7211","三菱自動車工業","東証およびＰＴＳ",,"確報",10500,10700,74100,149700,249300,523400,-449300,4465650,4550710,31514730,63667410,106027290,222602020,-191087290,,,0,0,0,936180,7849800,0,2.9,55.4,4.3,8,1.5,3.9,2.1
"2026/02/09","2026/02/12","7212","エフテック","東証およびＰＴＳ",,"確報",600,0,14000,0,0,0,14000,492600,0,11494000,0,0,0,11494000,,,0,0,0,201000,0,0,41.3,72.2,28.9,41.3,0,0,0
"2026/02/09","2026/02/12","7213","レシップＨＤ","東証およびＰＴＳ",,"確報",0,0,7700,0,0,0,7700,0,0,3503500,0,0,0,3503500,,,0,0,15400,0,0,0,0,0,0,0,0,0,0
"2026/02/09","2026/02/12","7214","ＧＭＢ","東証およびＰＴＳ",,"確報",600,0,3700,0,0,0,3700,573000,0,3533500,0,0,0,3533500,,,0,0,21700,0,0,0,53.7,26.8,0,53.7,0,0,0
"2026/02/09","2026/02/12","7215","ファルテック","東証およびＰＴＳ",,"確報",0,0,2300,0,0,0,2300,0,0,887800,0,0,0,887800,,,0,0,9200,0,0,0,0,0,0,0,0,0,0
"2026/02/09","2026/02/12","7217","テイン","東証およびＰＴＳ",,"確報",300,0,1200,0,0,0,1200,125400,0,501600,0,0,0,501600,,,0,0,5400,0,0,0,15,7.5,0,15,0,0,0
"2026/02/09","2026/02/12","7218","田中精密工業","東証およびＰＴＳ",,"確報",0,100,800,0,0,0,800,0,117600,940800,0,0,0,940800,,,0,0,10800,0,0,0,6.4,4.8,9.6,6.4,0,0,0
"2026/02/09","2026/02/12","7219","エッチ・ケー・エス","東証およびＰＴＳ",,"確報",0,0,300,0,0,0,300,0,0,660000,0,0,0,660000,,,0,0,0,6000,0,0,0,0,0,0,0,0,0
"2026/02/09","2026/02/12","7220","武蔵精密工業","東証およびＰＴＳ",,"確報",84300,7200,117900,0,13200,27600,90300,211508700,18064800,295811100,0,33118800,69248400,226562700,,,0,0,0,17625600,17625600,0,4.5,2.3,4.7,3.1,86,10.4,18.6
"2026/02/09","2026/02/12","7222","日産車体","東証およびＰＴＳ",,"確報",400,1100,33100,100,100,82300,-49200,410400,1128600,33960600,102600,102600,84439800,-50479200,,,0,0,0,338000,823000,0,78.5,30.8,37.8,34,117.4,293.5,167.7
"2026/02/09","2026/02/12","7224","新明和工業","東証およびＰＴＳ",,"確報",500,4200,16800,700,1900,16800,0,1263500,10613400,42453600,1768900,4801300,42453600,0,,,0,0,1455500,0,0,1278000,5.7,12.1,4.2,6.2,6.8,4.1,5.1
"2026/02/09","2026/02/12","7226","極東開発工業","東証およびＰＴＳ",,"確報",2400,0,32500,400,0,6200,26300,8136000,0,110175000,1356000,0,21018000,89157000,,,0,0,1505000,0,0,290000,35.7,22.9,165.6,40.3,18.5,27.8,22.2
"2026/02/09","2026/02/12","7228","デイトナ","東証およびＰＴＳ",,"確報",0,0,400,0,0,0,400,0,0,1508000,0,0,0,1508000,,,0,0,4000,0,0,0,0,0,0,0,0,0,0
"2026/02/09","2026/02/12","7229","ユタカ技研","東証およびＰＴＳ",,"確報",4000,0,6600,0,0,0,6600,12160000,0,20064000,0,0,0,20064000,,,0,0,0,117000,0,0,7.7,4.1,56.7,7.7,0,0,0
"2026/02/09","2026/02/12","7231","トピー工業","東証およびＰＴＳ",,"確報",1800,1000,17900,2000,1200,17900,0,6093000,3385000,60591500,6770000,4062000,60591500,0,,,0,0,85500,0,0,85500,19.4,13.4,14.8,14.1,28.2,35,31.2
"2026/02/09","2026/02/12","7235","東京ラヂエーター製造","東証およびＰＴＳ",,"確報",1700,200,30500,0,0,0,30500,2937600,345600,52704000,0,0,0,52704000,,,0,0,145000,0,0,0,33.9,24.4,55.4,33.9,0,0,0
"2026/02/09","2026/02/12","7236","ティラド","東証およびＰＴＳ",,"確報",100,500,2300,100,300,1600,700,1163000,5815000,26749000,1163000,3489000,18608000,8141000,,,0,0,1107000,0,0,738000,5.8,7.3,8.1,7.7,4.7,4,4.4
"2026/02/09","2026/02/12","7238","曙ブレーキ工業","東証およびＰＴＳ",,"確報",10100,16800,434900,105600,0,267700,167200,1282700,2133600,55232300,13411200,0,33997900,21234400,,,0,0,441600,0,0,162100,18.8,69.1,38.8,49.7,5.5,13.4,7.8
"2026/02/09","2026/02/12","7239","タチエス","東証およびＰＴＳ",,"確報",200,100,6400,0,400,3800,2600,447600,223800,14323200,0,895200,8504400,5818800,,,0,0,151200,0,0,100800,24.4,25.9,16.4,20.1,40.2,33.5,36.5
"2026/02/09","2026/02/12","7240","エヌオーケー","東証およびＰＴＳ",,"確報",0,21200,17000,500,7500,35600,-18600,0,67522000,54145000,1592500,23887500,113386000,-59241000,,,0,0,2330200,0,0,2598600,6.3,3.4,3.1,3.3,295.3,7.5,14.7
"2026/02/09","2026/02/12","7241","フタバ産業","東証およびＰＴＳ",,"確報",0,700,12100,0,0,0,12100,0,765100,13225300,0,0,0,13225300,,,0,0,76800,0,0,0,15,15.8,14.8,15.3,1,1,1
"2026/02/09","2026/02/12","7242","カヤバ","東証およびＰＴＳ",,"確報",0,100,7300,400,0,2900,4400,0,476000,34748000,1904000,0,13804000,20944000,,,0,0,74000,0,0,25000,34.4,60.7,72.8,66.2,8.4,39,13.8
"2026/02/09","2026/02/12","7244","市光工業","東証およびＰＴＳ",,"確報",15300,9600,73600,5800,100,73600,0,8369100,5251200,40259200,3172600,54700,40259200,0,,,0,0,882700,0,0,882700,12.3,8,9.2,8.6,18.3,26.3,21.6
"2026/02/09","2026/02/12","7245","大同メタル工業","東証およびＰＴＳ",,"確報",1700,3100,139400,1500,0,8500,130900,1885300,3437900,154594600,1663500,0,9426500,145168100,,,0,0,3379200,0,0,168000,9.2,8.7,9.7,9.1,8.9,24.8,13.1
"2026/02/09","2026/02/12","7246","プレス工業","東証およびＰＴＳ",,"確報",2500,0,19600,0,0,0,19600,2272500,0,17816400,0,0,0,17816400,,,0,0,153900,0,0,0,22,15.1,41.1,22,0,0,0
"2026/02/09","2026/02/12","7247","ミクニ","東証およびＰＴＳ",,"確報",300,2200,54300,0,0,0,54300,121200,888800,21937200,0,0,0,21937200,,,0,0,224800,0,0,0,39.9,58.3,30.4,39.9,0,0,0
"2026/02/09","2026/02/12","7250","太平洋工業","東証およびＰＴＳ",,"確報",2000,0,2700,0,0,0,2700,6040000,0,8154000,0,0,0,8154000,,,0,0,0,0,0,0,5.1,2.8,29.5,5.1,0,0,0
"2026/02/09","2026/02/12","7254","ユニバンス","東証およびＰＴＳ",,"確報",200,0,294400,0,0,0,294400,164000,0,241408000,0,0,0,241408000,,,0,0,2647800,0,0,0,1728.4,864.2,0,1728.4,0,0,0
"2026/02/09","2026/02/12","7255","桜井製作所","東証およびＰＴＳ",,"確報",0,0,0,0,0,0,0,0,0,0,0,0,0,0,,,0,0,0,0,0,0,0,0,0,0,0,0,0
"2026/02/09","2026/02/12","7256","河西工業","東証およびＰＴＳ",,"確報",4100,0,80600,0,2500,17300,63300,668300,0,13137800,0,407500,2819900,10317900,,,0,0,76500,0,0,19800,8.4,6.4,9.3,7.6,36.6,6.8,11.5
"2026/02/09","2026/02/12","7259","アイシン","東証およびＰＴＳ",,"確報",100,4700,50600,300,0,2000,48600,284300,13362100,143855800,852900,0,5686000,138169800,,,0,0,0,2787600,85850,0,10.4,13.4,19.3,15.8,1.7,1.8,1.8
"2026/02/09","2026/02/12","7261","マツダ","東証およびＰＴＳ",,"確報",15700,12600,179600,22900,45200,179600,0,19028400,15271200,217675200,27754800,54782400,217675200,0,,,0,0,0,6795250,7773150,0,6.9,7.1,9.2,8,5.5,6.7,6.1
"2026/02/09","2026/02/12","7264","ムロコーポレーション","東証およびＰＴＳ",,"確報",0,0,100,0,0,0,100,0,0,141200,0,0,0,141200,,,0,0,100,0,0,0,0,0,0,0,0,0,0
"2026/02/09","2026/02/12","7265","エイケン工業","東証およびＰＴＳ",,"確報",0,0,800,0,0,0,800,0,0,2892000,0,0,0,2892000,,,0,0,0,0,0,0,25.3,19,38,25.3,0,0,0
"2026/02/09","2026/02/12","7266","今仙電機製作所","東証およびＰＴＳ",,"確報",21200,0,99900,0,2900,400,99500,19716000,0,92907000,0,2697000,372000,92535000,,,0,0,236100,0,0,9900,25.6,18.7,55.5,28,36,4,7.2
"2026/02/09","2026/02/12","7267","本田技研工業","東証およびＰＴＳ",,"確報",88900,30800,190900,14800,257100,190900,0,145351500,50358000,312121500,24198000,420358500,312121500,0,,,0,0,0,7569600,24692400,0,3,7.4,3.9,5.1,1.6,2.5,1.9
"2026/02/09","2026/02/12","7269","スズキ","東証およびＰＴＳ",,"確報",24500,13600,141500,0,9000,26800,114700,55394500,30749600,319931500,0,20349000,60594800,259336700,,,0,0,0,6138200,1682600,0,9.8,13,8.3,10.1,11.5,7,8.7
"2026/02/09","2026/02/12","7270","ＳＵＢＡＲＵ","東証およびＰＴＳ",,"確報",70400,4400,85700,11700,13200,14800,70900,214297600,13393600,260870800,35614800,40180800,45051200,215819600,,,0,0,0,5870600,4857400,0,2.6,1.6,4.6,2.4,2.8,3,2.9
"2026/02/09","2026/02/12","7271","安永","東証およびＰＴＳ",,"確報",800,0,5200,0,0,0,5200,962400,0,6255600,0,0,0,6255600,,,0,0,79200,0,0,0,19,18.3,19.8,19,0,0,0
"2026/02/09","2026/02/12","7272","ヤマハ発動機","東証およびＰＴＳ",,"確報",300,26600,454200,22000,6300,26800,427400,326250,28927500,493942500,23925000,6851250,29145000,464797500,,,0,0,0,4805000,111000,0,11.8,13.8,28.8,18.6,1.1,1.5,1.3
"2026/02/09","2026/02/12","7273","イクヨ","東証およびＰＴＳ",,"確報",177700,0,205100,0,0,0,205100,130076400,0,150133200,0,0,0,150133200,,,0,0,0,82200,0,0,1.8,1.4,2.7,1.8,0,0,0
"2026/02/09","2026/02/12","7276","小糸製作所","東証およびＰＴＳ",,"確報",1400,0,48800,3300,1900,48800,0,3697400,0,128880800,8715300,5017900,128880800,0,,,0,0,1896000,0,0,1896000,22.3,55.8,24.4,33.9,20.6,14,16.6
"2026/02/09","2026/02/12","7277","ＴＢＫ","東証およびＰＴＳ",,"確報",100,0,49800,0,200,35400,14400,37400,0,18625200,0,74800,13239600,5385600,,,0,0,0,49700,35600,0,145.8,2524,140.2,265.7,0,45.1,90.2
"2026/02/09","2026/02/12","7278","エクセディ","東証およびＰＴＳ",,"確報",100,100,16700,400,0,6000,10700,581000,581000,97027000,2324000,0,34860000,62167000,,,0,0,501000,0,0,168000,20.4,12.6,29.7,17.7,36,32,33.9
"2026/02/09","2026/02/12","7279","ハイレックス","東証およびＰＴＳ",,"確報",1400,100,21300,0,800,35500,-14200,5159000,368500,78490500,0,2948000,130817500,-52327000,,,0,0,900000,0,0,1633500,56.3,25.3,75.8,37.9,1858,38.7,75.8
"2026/02/09","2026/02/12","7280","ミツバ","東証およびＰＴＳ",,"確報",0,33600,291900,0,0,0,291900,0,49862400,433179600,0,0,0,433179600,,,0,0,5208000,0,0,0,4.9,6.2,4,4.9,0,0,0
"2026/02/09","2026/02/12","7282","豊田合成","東証およびＰＴＳ",,"確報",3900,0,14700,5300,1600,27100,-12400,19905600,0,75028800,27051200,8166400,138318400,-63289600,,,0,0,972000,0,0,2106000,7.2,4.9,4.4,4.7,6.6,26.1,10.6
"2026/02/09","2026/02/12","7283","愛三工業","東証およびＰＴＳ",,"確報",600,1300,21600,0,700,21600,0,1311000,2840500,47196000,0,1529500,47196000,0,,,0,0,0,245300,245300,0,17.8,59.3,9.6,16.6,171.9,10.2,19.2
"2026/02/09","2026/02/12","7284","盟和産業","東証およびＰＴＳ",,"確報",0,100,187500,0,0,0,187500,0,120100,225187500,0,0,0,225187500,,,0,0,0,2626400,0,0,9376,9376,9376,9376,0,0,0
"2026/02/09","2026/02/12","7287","日本精機","東証およびＰＴＳ",,"確報",9400,8200,38500,1400,200,38500,0,25474000,22222000,104335000,3794000,542000,104335000,0,,,0,0,1976900,0,0,1976900,13.4,7.6,7.2,7.4,96.2,56.6,71.2
"2026/02/09","2026/02/12","7291","日本プラスト","東証およびＰＴＳ",,"確報",500,1200,3100,100,0,100,3000,229000,549600,1419800,45800,0,45800,1374000,,,0,0,15200,0,0,0,11.4,14.8,9.7,11.7,1,0,2
"2026/02/09","2026/02/12","7292","村上開明堂","東証およびＰＴＳ",,"確報",100,0,52600,0,0,0,52600,655000,0,344530000,0,0,0,344530000,,,0,0,1575000,0,0,0,5252,2626,0,5252,0,0,0
"2026/02/09","2026/02/12","7294","ヨロズ","東証およびＰＴＳ",,"確報",1400,0,30800,1400,0,30800,0,1484000,0,32648000,1484000,0,32648000,0,,,0,0,147000,0,0,147000,43.2,46.4,42.6,44.4,43.8,40.3,42
"2026/02/09","2026/02/12","7296","エフ・シー・シー","東証およびＰＴＳ",,"確報",200,900,7500,300,700,14200,-6700,750000,3375000,28125000,1125000,2625000,53250000,-25125000,,,0,0,0,0,0,0,6.9,12.8,4.5,6.7,12.8,4.8,7
"2026/02/09","2026/02/12","7297","カーメイト","東証およびＰＴＳ",,"確報",0,0,100,0,0,0,100,0,0,92200,0,0,0,92200,,,0,0,1600,0,0,0,0,0,0,0,0,0,0
"2026/02/09","2026/02/12","7299","フジオーゼックス","東証およびＰＴＳ",,"確報",600,0,3900,0,0,0,3900,1230000,0,7995000,0,0,0,7995000,,,0,0,16500,0,0,0,38,28.5,57,38,0,0,0
"2026/02/09","2026/02/12","7305","新家工業","東証およびＰＴＳ",,"確報",200,200,6700,0,0,6700,0,1086000,1086000,36381000,0,0,36381000,0,,,0,0,0,402000,402000,0,6.4,6,2.7,3.8,18.6,28.7,22.6
"2026/02/09","2026/02/12","7309","シマノ","東証およびＰＴＳ",,"確報",500,300,3600,2100,2300,12300,-8700,9255000,5553000,66636000,38871000,42573000,227673000,-161037000,,,0,0,289000,0,0,1062500,7.5,5.8,3.8,4.6,6.5,16.7,9.4
"2026/02/09","2026/02/12","7313","テイ・エス　テック","東証およびＰＴＳ",,"確報",800,600,18200,100,6200,103300,-85100,1562000,1171500,35535500,195250,12105500,201693250,-166157750,,,0,0,0,477000,2899100,0,51.8,58.7,24.1,34.1,560.9,29.8,56.7
"2026/02/09","2026/02/12","7314","小田原機器","東証およびＰＴＳ",,"確報",0,0,1000,0,0,0,1000,0,0,1167000,0,0,0,1167000,,,0,0,0,1000,0,0,0,0,0,0,0,0,0
"2026/02/09","2026/02/12","7317","松屋アールアンドディ","東証およびＰＴＳ",,"確報",900,0,17800,0,0,42000,-24200,983700,0,19455400,0,0,45906000,-26450600,,,0,0,0,0,0,0,64.2,15,28.5,19.7,0,700,1400
"2026/02/09","2026/02/12","7318","セレンディップ","東証およびＰＴＳ",,"確報",300,200,70000,0,0,0,70000,320100,213400,74690000,0,0,0,74690000,,,0,0,0,1398000,0,0,143.8,123.3,172.6,143.8,0,0,0
"2026/02/09","2026/02/12","7320","Ｓｏｌｖｖｙ","東証およびＰＴＳ",,"確報",300,0,20000,0,0,0,20000,419100,0,27940000,0,0,0,27940000,,,0,0,256100,0,0,0,72.7,63.6,84.8,72.7,0,0,0
"2026/02/09","2026/02/12","7322","３３ＦＧ","東証およびＰＴＳ",,"確報",500,0,10900,200,700,900,10000,2895000,0,63111000,1158000,4053000,5211000,57900000,,,0,0,2184000,0,0,294000,16.9,28.2,36.3,31.8,5.4,4.1,4.7
"2026/02/09","2026/02/12","7325","アイリック","東証およびＰＴＳ",,"確報",0,0,2700,0,0,0,2700,0,0,2376000,0,0,0,2376000,,,0,0,21600,0,0,0,0,0,0,0,0,0,0
"2026/02/09","2026/02/12","7326","ＳＢＩインシュ","東証およびＰＴＳ",,"確報",900,800,20900,0,0,0,20900,2155500,1916000,50055500,0,0,0,50055500,,,0,0,312000,0,0,0,18.4,16.8,20.2,18.4,0,0,0
"2026/02/09","2026/02/12","7327","第四北越ＦＧ","東証およびＰＴＳ",,"確報",100,2300,8400,700,0,3300,5100,197700,4547100,16606800,1383900,0,6524100,10082700,,,0,0,795000,0,0,195000,4.7,9.1,2.9,4.4,18.2,4.7,7.5
"2026/02/09","2026/02/12","7337","ひろぎんＨＤ","東証およびＰＴＳ",,"確報",300,600,12100,100,1900,5800,6300,579150,1158300,23359050,193050,3667950,11196900,12162150,,,0,0,458800,0,0,281200,8.3,25.4,6.9,10.9,4.3,8.4,5.7
"2026/02/09","2026/02/12","7343","ブロードマインド","東証およびＰＴＳ",,"確報",0,0,2400,0,0,0,2400,0,0,3213600,0,0,0,3213600,,,0,0,0,43200,0,0,38.9,136,22.7,38.9,0,0,0
"2026/02/09","2026/02/12","7345","アイパートナーズ","東証およびＰＴＳ",,"確報",100,0,200,0,0,0,200,92700,0,185400,0,0,0,185400,,,0,0,0,300,0,0,2.9,10,1.7,2.9,0,0,0
"2026/02/09","2026/02/12","7347","マーキュリアＨＤ","東証およびＰＴＳ",,"確報",4900,400,178100,800,0,33700,144400,4204200,343200,152809800,686400,0,28914600,123895200,,,0,0,3298400,0,0,625100,49.6,30.7,928.3,59.5,179,15.2,28
"2026/02/09","2026/02/12","7350","おきなわＦＧ","東証およびＰＴＳ",,"確報",100,100,4100,0,600,1300,2800,571000,571000,23411000,0,3426000,7423000,15988000,,,0,0,41000,0,0,19000,7.7,5.6,9.7,7.1,25.3,5.6,9.2
"2026/02/09","2026/02/12","7351","グッドパッチ","東証およびＰＴＳ",,"確報",200,0,7200,0,0,0,7200,101600,0,3657600,0,0,0,3657600,,,0,0,0,35000,0,0,18.4,24.7,14.6,18.4,0,0,0
"2026/02/09","2026/02/12","7352","ＴＷＯＳＴＯＮＥ","東証およびＰＴＳ",,"確報",0,600,72800,0,0,0,72800,0,370800,44990400,0,0,0,44990400,,,0,0,0,146800,0,0,133.3,90,257,133.3,0,0,0
"2026/02/09","2026/02/12","7353","ＫＩＹＯラーニング","東証およびＰＴＳ",,"確報",0,0,2500,0,0,0,2500,0,0,1675000,0,0,0,1675000,,,0,0,0,7500,0,0,128,0,64,128,0,0,0
"2026/02/09","2026/02/12","7354","ＤｍＭｉＸ","東証およびＰＴＳ",,"確報",3500,0,65400,0,300,14600,50800,1102500,0,20601000,0,94500,4599000,16002000,,,0,0,247600,0,0,59600,28,53.4,20.3,29.4,14.8,50.7,22.9
"2026/02/09","2026/02/12","7356","Ｒｅｔｔｙ","東証およびＰＴＳ",,"確報",2600,0,56000,0,0,100,55900,395200,0,8512000,0,0,15200,8496800,,,0,0,53400,0,0,100,53.5,35.4,165.9,58.4,19,2.4,4.2
"2026/02/09","2026/02/12","7357","ジオコード","東証およびＰＴＳ",,"確報",300,0,2500,0,0,0,2500,496800,0,4140000,0,0,0,4140000,,,0,0,0,77000,0,0,34,39.7,29.8,34,0,0,0
"2026/02/09","2026/02/12","7358","ポピンズ","東証およびＰＴＳ",,"確報",0,0,800,0,0,0,800,0,0,1125600,0,0,0,1125600,,,0,0,16800,0,0,0,0,0,0,0,0,0,0
"2026/02/09","2026/02/12","7359","東京通信グループ","東証およびＰＴＳ",,"確報",100,100,13900,0,0,0,13900,31700,31700,4406300,0,0,0,4406300,,,0,0,55600,0,0,0,36.7,110.1,22,36.7,0,0,0
"2026/02/09","2026/02/12","7360","オンデック","東証およびＰＴＳ",,"確報",0,0,1600,0,0,0,1600,0,0,1284800,0,0,0,1284800,,,0,0,0,8000,0,0,0,0,0,0,0,0,0
"2026/02/09","2026/02/12","7361","ＨＣＨ","東証およびＰＴＳ",,"確報",0,0,400,0,0,0,400,0,0,532400,0,0,0,532400,,,0,0,0,1600,0,0,8.5,34,4.9,8.5,0,0,0
"2026/02/09","2026/02/12","7362","Ｔ．Ｓ．Ｉ","東証およびＰＴＳ",,"確報",0,0,400,0,0,0,400,0,0,322000,0,0,0,322000,,,0,0,4400,0,0,0,21,21,21,21,0,0,0
"2026/02/09","2026/02/12","7363","ベビーカレンダー","東証およびＰＴＳ",,"確報",100,0,1300,0,0,0,1300,153700,0,1998100,0,0,0,1998100,,,0,0,0,1200,0,0,41.3,31,62,41.3,0,0,0
"2026/02/09","2026/02/12","7366","ＬＩＴＡＬＩＣＯ","東証およびＰＴＳ",,"確報",4900,2600,129800,2500,500,154200,-24400,6394500,3393000,169389000,3262500,652500,201231000,-31842000,,,0,0,3952500,0,0,4718200,45.8,42.2,26.8,32.8,41,273.3,71.3
"2026/02/09","2026/02/12","7367","セルム","東証およびＰＴＳ",,"確報",0,0,9700,0,0,0,9700,0,0,3375600,0,0,0,3375600,,,0,0,0,0,0,0,35.5,17.8,0,35.5,0,0,0
"2026/02/09","2026/02/12","7368","表示灯","東証およびＰＴＳ",,"確報",0,0,0,0,0,0,0,0,0,0,0,0,0,0,,,0,0,0,0,0,0,0,0,0,0,0,0,0
"2026/02/09","2026/02/12","7369","メイホーＨＤ","東証およびＰＴＳ",,"確報",0,200,5100,0,0,0,5100,0,114000,2907000,0,0,0,2907000,,,0,0,0,42400,0,0,263,0,131.5,263,0,0,0
"2026/02/09","2026/02/12","7370","Ｅｎｊｉｎ","東証およびＰＴＳ",,"確報",700,0,15400,0,300,3900,11500,574000,0,12628000,0,246000,3198000,9430000,,,0,0,0,117600,33600,0,54.5,62.5,83.3,71.4,50.8,20.3,29
"2026/02/09","2026/02/12","7371","Ｚｅｎｋｅｎ","東証およびＰＴＳ",,"確報",0,0,12600,0,100,3100,9500,0,0,8568000,0,68000,2108000,6460000,,,0,0,75600,0,0,19200,176.2,631,631,631,162,27,46.3
"2026/02/09","2026/02/12","7372","デコルテＨＤ","東証およびＰＴＳ",,"確報",0,0,49900,0,0,0,49900,0,0,19461000,0,0,0,19461000,,,0,0,0,299400,0,0,28.9,36.9,23.7,28.9,0,0,0
"2026/02/09","2026/02/12","7373","アイドマＨＤ","東証およびＰＴＳ",,"確報",0,200,8800,0,0,0,8800,0,406600,17890400,0,0,0,17890400,,,0,0,144000,0,0,0,14.6,16.3,16.9,16.6,0,0.5,1
"2026/02/09","2026/02/12","7374","コンフィデンスＩ","東証およびＰＴＳ",,"確報",0,0,400,0,0,0,400,0,0,688400,0,0,0,688400,,,0,0,400,0,0,0,0,0,0,0,0,0,0
"2026/02/09","2026/02/12","7375","リファインバスＧ","東証およびＰＴＳ",,"確報",300,0,2600,0,0,0,2600,243900,0,2113800,0,0,0,2113800,,,0,0,0,34500,0,0,25.8,32.3,21.5,25.8,0,0,0
"2026/02/09","2026/02/12","7376","ＢＣＣ","東証およびＰＴＳ",,"確報",0,0,48800,0,0,0,48800,0,0,94818400,0,0,0,94818400,,,0,0,0,1268800,0,0,0,0,0,0,0,0,0
"2026/02/09","2026/02/12","7377","ＤＮホールディングス","東証およびＰＴＳ",,"確報",0,0,400,0,0,0,400,0,0,820800,0,0,0,820800,,,0,0,800,0,0,0,0,0,0,0,0,0,0
"2026/02/09","2026/02/12","7378","アシロ","東証およびＰＴＳ",,"確報",700,300,15100,0,5300,9400,5700,1159900,497100,25020700,0,8782100,15575800,9444900,,,0,0,0,705600,705600,0,9.1,20.3,9.5,12.9,12.4,4.6,6.7
"2026/02/09","2026/02/12","7380","十六ＦＧ","東証およびＰＴＳ",,"確報",0,200,11100,300,100,3700,7400,0,1880000,104340000,2820000,940000,34780000,69560000,,,0,0,4068000,0,0,1260000,13,26.6,20.7,23.3,8.8,5.7,6.9
"2026/02/09","2026/02/12","7381","ＣＣＩグループ","東証およびＰＴＳ",,"確報",1200,9900,60000,0,8700,60000,0,1159200,9563400,57960000,0,8404200,57960000,0,,,0,0,1648800,0,0,1648800,10.1,24,5.1,8.4,4132,6.4,12.8
"2026/02/09","2026/02/12","7383","ネットプロＨＤ","東証およびＰＴＳ",,"確報",12200,25800,161400,100,13700,161400,0,5502200,11635800,72791400,45100,6178700,72791400,0,,,0,0,5775000,0,0,5775000,7.6,4.5,4.4,4.4,53.8,45.9,49.5
"2026/02/09","2026/02/12","7384","プロクレアＨＤ","東証およびＰＴＳ",,"確報",1800,11000,36200,100,7900,58800,-22600,5058000,30910000,101722000,281000,22199000,165228000,-63506000,,,0,0,0,4540000,6660000,0,18.8,12.5,16,14,114.3,13.2,23.6
"2026/02/09","2026/02/12","7388","ＦＰパートナー","東証およびＰＴＳ",,"確報",4000,2400,41300,3100,1500,41300,0,9420000,5652000,97261500,7300500,3532500,97261500,0,,,0,0,0,357300,357300,0,13.6,9,11.9,10.2,24.2,16.8,19.9
"2026/02/09","2026/02/12","7389","あいちＦＧ","東証およびＰＴＳ",,"確報",1900,2400,9900,0,500,9900,0,11552000,14592000,60192000,0,3040000,60192000,0,,,0,0,1872000,0,0,1872000,9.8,7.2,7.2,7.2,15.1,15.1,15.1
"2026/02/09","2026/02/12","7399","ナンシン","東証およびＰＴＳ",,"確報",0,0,3100,0,0,0,3100,0,0,1943700,0,0,0,1943700,,,0,0,0,0,0,0,306,153,0,306,0,0,0
"2026/02/09","2026/02/12","7409","ＡｅｒｏＥｄｇｅ","東証およびＰＴＳ",,"確報",200,700,11000,0,0,0,11000,770000,2695000,42350000,0,0,0,42350000,,,0,0,1552500,0,0,0,33.3,41.6,27.7,33.3,0,0,0
"2026/02/09","2026/02/12","7412","アトム","東証およびＰＴＳ",,"確報",0,0,12200,69400,2700,945600,-933400,0,0,7661600,43583200,1695600,593836800,-586175200,,,0,0,0,24400,1757800,0,48,37.9,50.6,43.4,33.6,83.9,48
"2026/02/09","2026/02/12","7413","創健社","東証およびＰＴＳ",,"確報",0,0,0,0,0,0,0,0,0,0,0,0,0,0,,,0,0,0,0,0,0,0,0,0,0,0,0,0
"2026/02/09","2026/02/12","7414","小野建","東証およびＰＴＳ",,"確報",3500,900,10900,2600,0,10900,0,5113500,1314900,15924900,3798600,0,15924900,0,,,0,0,132800,0,0,132800,4.4,4.2,1.7,2.4,14.4,49.7,22.4
"2026/02/09","2026/02/12","7416","はるやまＨＤ","東証およびＰＴＳ",,"確報",0,0,2300,800,100,1500,800,0,0,1750300,608800,76100,1141500,608800,,,0,0,13800,0,0,4800,10.1,127,12.7,23.1,6.5,3.8,4.8
"2026/02/09","2026/02/12","7417","南陽","東証およびＰＴＳ",,"確報",0,500,4800,0,500,800,4000,0,769000,7382400,0,769000,1230400,6152000,,,0,0,111300,0,0,27300,16.8,55.4,17.3,26.4,4.3,8.5,5.7
"2026/02/09","2026/02/12","7419","ノジマ","東証およびＰＴＳ",,"確報",0,1700,226500,0,2000,3000,223500,0,1832600,244167000,0,2156000,3234000,240933000,,,0,0,228200,0,0,5000,10.3,5.3,311.2,10.5,2.6,6.5,3.7
"2026/02/09","2026/02/12","7420","佐鳥電機","東証およびＰＴＳ",,"確報",0,1000,4200,0,0,100,4100,0,1920000,8064000,0,0,192000,7872000,,,0,0,36400,0,0,700,32.5,84.3,21.1,33.7,0,7,14
"2026/02/09","2026/02/12","7421","カッパ・クリエイト","東証およびＰＴＳ",,"確報",0,500,16400,200,4100,100500,-84100,0,809500,26551600,323800,6637900,162709500,-136157900,,,0,0,270400,0,0,1670400,53.9,13.4,43.1,20.4,51.5,120.1,72.1
"2026/02/09","2026/02/12","7422","東邦レマック","東証およびＰＴＳ",,"確報",0,0,300,0,0,0,300,0,0,139500,0,0,0,139500,,,0,0,0,0,0,0,0,0,0,0,0,0,0
"2026/02/09","2026/02/12","7425","初穂商事","東証およびＰＴＳ",,"確報",0,0,0,0,0,0,0,0,0,0,0,0,0,0,,,0,0,0,0,0,0,0,0,0,0,0,0,0
"2026/02/09","2026/02/12","7426","山大","東証およびＰＴＳ",,"確報",2600,0,5800,0,0,0,5800,3439800,0,7673400,0,0,0,7673400,,,0,0,96000,0,0,0,8.1,4.9,23.7,8.1,0,0,0
"2026/02/09","2026/02/12","7427","エコートレーディング","東証およびＰＴＳ",,"確報",3700,200,5600,600,0,1300,4300,3463200,187200,5241600,561600,0,1216800,4024800,,,0,0,0,2100,700,0,4.5,3.5,5,4.1,8.2,8.2,8.2
"2026/02/09","2026/02/12","7433","伯東","東証およびＰＴＳ",,"確報",100,3400,7400,0,3300,7400,0,426000,14484000,31524000,0,14058000,31524000,0,,,0,0,0,321000,321000,0,11.9,13,10.4,11.5,14,11,12.4
"2026/02/09","2026/02/12","7434","オータケ","東証およびＰＴＳ",,"確報",0,0,0,0,0,0,0,0,0,0,0,0,0,0,,,0,0,0,0,0,0,6,0,3,6,0,0,0
"2026/02/09","2026/02/12","7435","ナ・デックス","東証およびＰＴＳ",,"確報",0,0,400,0,0,0,400,0,0,397200,0,0,0,397200,,,0,0,1200,0,0,0,0,0,0,0,0,0,0
"2026/02/09","2026/02/12","7438","コンドーテック","東証およびＰＴＳ",,"確報",300,0,7500,600,100,7700,-200,459000,0,11475000,918000,153000,11781000,-306000,,,0,0,129600,0,0,129600,22.9,12.6,19.7,15.4,25.4,178,44.5
"2026/02/09","2026/02/12","7442","中山福","東証およびＰＴＳ",,"確報",2600,0,4400,800,100,4400,0,1268800,0,2147200,390400,48800,2147200,0,,,0,0,0,0,0,0,5.1,2.2,5.5,3.2,6.1,15.3,8.7
"2026/02/09","2026/02/12","7443","横浜魚類","東証およびＰＴＳ",,"確報",0,200,1400,0,200,1400,0,0,135000,945000,0,135000,945000,0,,,0,0,8000,0,0,8000,28,84,14,24,0,16.8,33.6
"2026/02/09","2026/02/12","7444","ハリマ共和物産","東証およびＰＴＳ",,"確報",0,100,1400,0,0,0,1400,0,213000,2982000,0,0,0,2982000,,,0,0,90000,0,0,0,36.5,36.5,36.5,36.5,0,0,0
"2026/02/09","2026/02/12","7445","ライトオン","東証およびＰＴＳ",,"確報",0,0,2000,0,0,0,2000,0,0,618000,0,0,0,618000,,,0,0,2000,0,0,0,8.1,8.9,7.4,8.1,0,0,0
"2026/02/09","2026/02/12","7446","東北化学薬品","東証およびＰＴＳ",,"確報",0,0,500,0,0,0,500,0,0,2067500,0,0,0,2067500,,,0,0,27500,0,0,0,4.6,4.6,4.6,4.6,0,0,0
"2026/02/09","2026/02/12","7447","ナガイレーベン","東証およびＰＴＳ",,"確報",300,100,33200,0,1600,50500,-17300,543600,181200,60158400,0,2899200,91506000,-31347600,,,0,0,561000,0,0,885700,22.2,40.4,29,33.7,18.4,17.6,18
"2026/02/09","2026/02/12","7450","サンデー","東証およびＰＴＳ",,"確報",0,0,2000,0,0,0,2000,0,0,2556000,0,0,0,2556000,,,0,0,2000,0,0,0,0,0,0,0,0,0,0
"2026/02/09","2026/02/12","7453","良品計画","東証およびＰＴＳ",,"確報",7400,600,143900,0,100,1200,142700,24013000,1947000,466955500,0,324500,3894000,463061500,,,0,0,0,3427500,32500,0,15.4,34.2,10.4,15.9,21,1.8,3.3
"2026/02/09","2026/02/12","7455","パリミキＨＤ","東証およびＰＴＳ",,"確報",0,0,400,0,0,0,400,0,0,230800,0,0,0,230800,,,0,0,0,0,0,0,0,0,0,0,0,0,0
"2026/02/09","2026/02/12","7456","松田産業","東証およびＰＴＳ",,"確報",2000,3900,10800,2100,0,9900,900,13300000,25935000,71820000,13965000,0,65835000,5985000,,,0,0,4572000,0,0,2808000,13.2,25.6,9.3,13.7,9.6,17.6,12.5
"2026/02/09","2026/02/12","7458","第一興商","東証およびＰＴＳ",,"確報",0,300,10000,0,3000,1200,8800,0,508800,16960000,0,5088000,2035200,14924800,,,0,0,0,51500,21000,0,16.8,51.5,36.8,42.9,12.4,4,6
"2026/02/09","2026/02/12","7459","メディパルＨＤ","東証およびＰＴＳ",,"確報",1100,0,6400,400,900,8300,-1900,3217500,0,18720000,1170000,2632500,24277500,-5557500,,,0,0,376300,0,0,624800,25.4,21.5,15.1,17.7,74.8,23.6,35.9
"2026/02/09","2026/02/12","7460","ヤギ","東証およびＰＴＳ",,"確報",100,1300,10500,400,100,700,9800,351000,4563000,36855000,1404000,351000,2457000,34398000,,,0,0,0,0,0,0,48.6,573,40.9,76.4,7,7,7
"2026/02/09","2026/02/12","7461","キムラ","東証およびＰＴＳ",,"確報",0,0,1300,0,0,0,1300,0,0,668200,0,0,0,668200,,,0,0,10400,0,0,0,0,0,0,0,0,0,0
"2026/02/09","2026/02/12","7462","ＣＡＰＩＴＡ","東証およびＰＴＳ",,"確報",0,0,200,0,0,0,200,0,0,120000,0,0,0,120000,,,0,0,200,0,0,0,0,0,0,0,0,0,0
"2026/02/09","2026/02/12","7463","アドヴァングループ","東証およびＰＴＳ",,"確報",2000,200,16100,0,2600,30400,-14300,1898000,189800,15278900,0,2467400,28849600,-13570700,,,0,0,0,14300,33000,0,11.6,5.6,5,5.3,37,26,30.6
"2026/02/09","2026/02/12","7464","セフテック","東証およびＰＴＳ",,"確報",0,0,1000,0,0,0,1000,0,0,1674000,0,0,0,1674000,,,0,0,4000,0,0,0,35.3,0,17.7,35.3,0,0,0
"2026/02/09","2026/02/12","7466","エスピーケイ","東証およびＰＴＳ",,"確報",500,0,2300,100,0,1800,500,1271000,0,5846600,254200,0,4575600,1271000,,,0,0,270000,0,0,255000,20.5,9,22.5,12.9,42,84,56
"2026/02/09","2026/02/12","7467","萩原電気ＨＤ","東証およびＰＴＳ",,"確報",0,800,5900,0,0,2100,3800,0,3020000,22272500,0,0,7927500,14345000,,,0,0,201000,0,0,63000,31.1,43.3,16.5,23.9,0,0,0
"2026/02/09","2026/02/12","7472","鳥羽洋行","東証およびＰＴＳ",,"確報",300,0,600,300,0,600,0,1204500,0,2409000,1204500,0,2409000,0,,,0,0,0,0,0,0,2.9,2.6,3.3,2.9,2.6,3.3,2.9
"2026/02/09","2026/02/12","7475","アルビス","東証およびＰＴＳ",,"確報",0,600,4400,200,0,6700,-2300,0,1606200,11778800,535400,0,17935900,-6157100,,,0,0,130000,0,0,169000,33.9,34.6,13.4,19.4,83.5,66.8,74.2
"2026/02/09","2026/02/12","7476","アズワン","東証およびＰＴＳ",,"確報",0,500,14000,3600,0,36700,-22700,0,1181750,33089000,8508600,0,86740450,-53651450,,,0,0,572750,0,0,1307450,29.5,34,61.7,43.8,33.7,21.4,26.1
"2026/02/09","2026/02/12","7477","ムラキ","東証およびＰＴＳ",,"確報",0,0,9100,0,0,0,9100,0,0,16571100,0,0,0,16571100,,,0,0,0,263900,0,0,56,34.5,149.3,56,0,0,0
"2026/02/09","2026/02/12","7480","スズデン","東証およびＰＴＳ",,"確報",10000,1800,10800,0,600,2700,8100,17400000,3132000,18792000,0,1044000,4698000,14094000,,,0,0,13000,0,0,16500,2.7,1.8,1.8,1.8,39.3,7.9,13.1
"2026/02/09","2026/02/12","7481","尾家産業","東証およびＰＴＳ",,"確報",0,0,1300,0,0,0,1300,0,0,3413800,0,0,0,3413800,,,0,0,27300,0,0,0,66,66,66,66,0,0,0
"2026/02/09","2026/02/12","7482","シモジマ","東証およびＰＴＳ",,"確報",0,100,4600,0,100,3400,1200,0,141300,6499800,0,141300,4804200,1695600,,,0,0,0,9400,7000,0,81.2,58.5,78,66.9,172,86,114.7
"2026/02/09","2026/02/12","7483","ドウシシャ","東証およびＰＴＳ",,"確報",100,0,38000,0,0,300,37700,336000,0,127680000,0,0,1008000,126672000,,,0,0,1895000,0,0,15000,66.6,87.3,60,71.1,3.7,11,5.5
"2026/02/09","2026/02/12","7486","サンリン","東証およびＰＴＳ",,"確報",0,0,9400,0,0,0,9400,0,0,7106400,0,0,0,7106400,,,0,0,0,18800,0,0,190,0,95,190,0,0,0
"2026/02/09","2026/02/12","7487","小津産業","東証およびＰＴＳ",,"確報",0,300,3600,100,400,3600,0,0,546000,6552000,182000,728000,6552000,0,,,0,0,0,0,0,0,26.9,67.3,16.8,26.9,67.3,16.8,26.9
"2026/02/09","2026/02/12","7490","日新商事","東証およびＰＴＳ",,"確報",100,0,16900,0,0,0,16900,133400,0,22544600,0,0,0,22544600,,,0,0,588000,0,0,0,1682,841,0,1682,0,0,0
"2026/02/09","2026/02/12","7494","コナカ","東証およびＰＴＳ",,"確報",0,0,8200,0,200,7400,800,0,0,2041800,0,49800,1842600,199200,,,0,0,0,8200,7600,0,39,52.6,24.8,33.7,0,23.4,46.8
"2026/02/09","2026/02/12","7500","西川計測","東証およびＰＴＳ",,"確報",0,0,100,0,0,0,100,0,0,1058000,0,0,0,1058000,,,0,0,0,16000,0,0,0,0,0,0,0,0,0
"2026/02/09","2026/02/12","7501","ティムコ","東証およびＰＴＳ",,"確報",300,0,900,0,0,0,900,526800,0,1580400,0,0,0,1580400,,,0,0,0,22800,0,0,14.4,9,36,14.4,0,0,0
"2026/02/09","2026/02/12","7502","プラザＨＤ","東証およびＰＴＳ",,"確報",0,0,600,0,0,0,600,0,0,1090800,0,0,0,1090800,,,0,0,8400,0,0,0,0,0,0,0,0,0,0
"2026/02/09","2026/02/12","7504","高速","東証およびＰＴＳ",,"確報",1200,600,17200,11000,0,42200,-25000,3732000,1866000,53492000,34210000,0,131242000,-77750000,,,0,0,830000,0,0,1560000,17,33.4,25.6,29,9.1,29.2,13.9
"2026/02/09","2026/02/12","7505","扶桑電通","東証およびＰＴＳ",,"確報",200,0,8400,0,0,0,8400,389600,0,16363200,0,0,0,16363200,,,0,0,0,606800,0,0,116.6,68,408,116.6,0,0,0
"2026/02/09","2026/02/12","7506","ハウス　オブ　ローゼ","東証およびＰＴＳ",,"確報",400,0,9100,600,0,13300,-4200,564000,0,12831000,846000,0,18753000,-5922000,,,0,0,0,0,0,0,67.5,111.8,55.9,74.5,42.2,126.6,63.3
"2026/02/09","2026/02/12","7508","Ｇ－７ＨＤ","東証およびＰＴＳ",,"確報",1300,7400,7500,0,9900,3700,3800,1950000,11100000,11250000,0,14850000,5550000,5700000,,,0,0,176800,0,0,176800,1.4,2.2,0.9,1.3,1.6,1.7,1.6
"2026/02/09","2026/02/12","7509","アイエーグループ","東証およびＰＴＳ",,"確報",0,0,200,0,0,0,200,0,0,910000,0,0,0,910000,,,0,0,64000,0,0,0,6,9,4.5,6,0,0,0
"2026/02/09","2026/02/12","7510","たけびし","東証およびＰＴＳ",,"確報",100,400,3400,0,300,3400,0,239000,956000,8126000,0,717000,8126000,0,,,0,0,62900,0,0,62900,3.6,4.1,3.9,4,3.3,3.2,3.2
"2026/02/09","2026/02/12","7512","イオン北海道","東証およびＰＴＳ",,"確報",700,1100,17800,3000,0,63400,-45600,658700,1035100,16749800,2823000,0,59659400,-42909600,,,0,0,72800,0,0,241600,21.8,27.5,7.9,12.3,27.6,29.7,28.6
"2026/02/09","2026/02/12","7513","コジマ","東証およびＰＴＳ",,"確報",3000,2600,61400,1000,0,156900,-95500,3753000,3252600,76811400,1251000,0,196281900,-119470500,,,0,0,0,0,0,0,56.9,44.8,16.1,23.6,91.9,406.4,149.9
"2026/02/09","2026/02/12","7514","ヒマラヤ","東証およびＰＴＳ",,"確報",0,0,800,0,0,0,800,0,0,704800,0,0,0,704800,,,0,0,0,0,0,0,0,0,0,0,0,0,0
"2026/02/09","2026/02/12","7515","マルヨシセンター","東証およびＰＴＳ",,"確報",0,0,0,0,0,0,0,0,0,0,0,0,0,0,,,0,0,0,0,0,0,2,0,1,2,0,0,0
"2026/02/09","2026/02/12","7516","コーナン商事","東証およびＰＴＳ",,"確報",0,300,31000,1900,0,10900,20100,0,1194000,123380000,7562000,0,43382000,79998000,,,0,0,0,0,0,0,10.4,9.4,8.5,9,16.5,53.1,25.2
"2026/02/09","2026/02/12","7520","エコス","東証およびＰＴＳ",,"確報",0,0,1400,0,0,0,1400,0,0,4410000,0,0,0,4410000,,,0,0,35000,0,0,0,17.3,39,11.1,17.3,0,0,0
"2026/02/09","2026/02/12","7521","ムサシ","東証およびＰＴＳ",,"確報",0,0,1700,0,0,0,1700,0,0,4227900,0,0,0,4227900,,,0,0,0,28900,0,0,11.9,119,6.3,11.9,0,0,0
"2026/02/09","2026/02/12","7522","ワタミ","東証およびＰＴＳ",,"確報",200,800,5000,600,100,800,4200,194600,778400,4865000,583800,97300,778400,4086600,,,0,0,84000,0,0,4500,11.4,34.4,30.6,32.4,1.7,2,1.8
"2026/02/09","2026/02/12","7523","アールビバン","東証およびＰＴＳ",,"確報",1200,0,17200,0,0,0,17200,1953600,0,28001600,0,0,0,28001600,,,0,0,48000,0,0,0,44.2,71.8,31.9,44.2,0,0,0
"2026/02/09","2026/02/12","7524","マルシェ","東証およびＰＴＳ",,"確報",100,0,370600,0,0,12200,358400,19200,0,71155200,0,0,2342400,68812800,,,0,0,0,370500,12200,0,1366.9,1682.4,0,3364.7,0,37.1,74.2
"2026/02/09","2026/02/12","7525","リックス","東証およびＰＴＳ",,"確報",100,0,700,100,0,700,0,389000,0,2723000,389000,0,2723000,0,,,0,0,72000,0,0,72000,11.6,7.3,14.5,9.7,9.7,29,14.5
"2026/02/09","2026/02/12","7527","システムソフト","東証およびＰＴＳ",,"確報",2700,37600,299800,0,0,0,299800,175500,2444000,19487000,0,0,0,19487000,,,0,0,1004100,0,0,0,22,47.6,14.3,22,0,0,0
"2026/02/09","2026/02/12","7531","清和中央ＨＤ","東証およびＰＴＳ",,"確報",0,0,2500,0,0,0,2500,0,0,3650000,0,0,0,3650000,,,0,0,25000,0,0,0,16.7,8.4,0,16.7,0,0,0
"2026/02/09","2026/02/12","7532","パンパシフィックＨＤ","東証およびＰＴＳ",,"確報",2000,24500,369200,65700,0,99200,270000,1950000,23887500,359970000,64057500,0,96720000,263250000,,,0,0,3681980,0,0,314900,15.8,103.8,10.5,19,2.9,359.5,5.8
"2026/02/09","2026/02/12","7537","丸文","東証およびＰＴＳ",,"確報",600,300,13400,300,0,13400,0,766200,383100,17111800,383100,0,17111800,0,,,0,0,104800,0,0,104800,12.7,9.5,8.2,8.8,27.7,19,22.5
"2026/02/09","2026/02/12","7538","大水","東証およびＰＴＳ",,"確報",0,0,7700,0,0,0,7700,0,0,3218600,0,0,0,3218600,,,0,0,0,53900,0,0,7.5,4.2,37.6,7.5,0,0,0
"2026/02/09","2026/02/12","7539","アイナボＨＤ","東証およびＰＴＳ",,"確報",0,500,4700,0,400,1500,3200,0,380000,3572000,0,304000,1140000,2432000,,,0,0,0,5200,1900,0,14.7,21.5,29.5,24.8,4.2,12,6.3
"2026/02/09","2026/02/12","7544","スリーエフ","東証およびＰＴＳ",,"確報",100,0,6700,0,0,0,6700,56000,0,3752000,0,0,0,3752000,,,0,0,0,72600,0,0,162,81,0,162,0,0,0
"2026/02/09","2026/02/12","7545","西松屋チェーン","東証およびＰＴＳ",,"確報",600,10600,6100,8500,7600,46800,-40700,1329000,23479000,13511500,18827500,16834000,103662000,-90150500,,,0,0,209300,0,0,596700,8.5,14.9,3.2,5.2,11.3,10,10.6
"2026/02/09","2026/02/12","7550","ゼンショーＨＤ","東証およびＰＴＳ",,"確報",0,1800,13400,1200,500,8500,4900,0,16275600,121162800,10850400,4521000,76857000,44305800,,,0,0,471200,0,0,241800,11.1,71.5,7.7,13.9,3.8,16.6,6.2
"2026/02/09","2026/02/12","75505","ゼンショーＨＤ－優","東証およびＰＴＳ",,"確報",0,0,0,0,0,0,0,0,0,0,0,0,0,0,,,0,0,0,0,0,0,0,0,0,0,0,0,0
"2026/02/09","2026/02/12","7551","ウェッズ","東証およびＰＴＳ",,"確報",100,100,300,0,0,300,0,67000,67000,201000,0,0,201000,0,,,0,0,0,2100,2100,0,18,18,9,12,0,18,36
"2026/02/09","2026/02/12","7552","ハピネット","東証およびＰＴＳ",,"確報",3100,0,24100,2800,0,16200,7900,8717200,0,67769200,7873600,0,45554400,22214800,,,0,0,2058000,0,0,1313200,22.4,21.4,68.3,32.6,12.7,17.7,14.8
"2026/02/09","2026/02/12","7554","幸楽苑","東証およびＰＴＳ",,"確報",100,400,17800,5900,1000,45900,-28100,116100,464400,20665800,6849900,1161000,53289900,-32624100,,,0,0,162900,0,0,369000,19.5,12.4,18.4,14.8,14.8,48.4,22.7
"2026/02/09","2026/02/12","7555","大田花き","東証およびＰＴＳ",,"確報",0,0,0,0,0,0,0,0,0,0,0,0,0,0,,,0,0,0,0,0,0,0,0,0,0,0,0,0
"2026/02/09","2026/02/12","7561","ハークスレイ","東証およびＰＴＳ",,"確報",0,0,7600,100,200,600,7000,0,0,5380800,70800,141600,424800,4956000,,,0,0,53200,0,0,4900,18.7,29,19.3,23.2,4.7,6.6,5.5
"2026/02/09","2026/02/12","7562","安楽亭","東証およびＰＴＳ",,"確報",0,0,900,0,0,0,900,0,0,3393000,0,0,0,3393000,,,0,0,0,4500,0,0,84,42,0,84,0,0,0
"2026/02/09","2026/02/12","7564","ワークマン","東証およびＰＴＳ",,"確報",0,400,16500,500,0,3000,13500,0,2624000,108240000,3280000,0,19680000,88560000,,,0,0,845000,0,0,125000,22.5,39.7,21.2,27.6,14.7,7.3,9.8
"2026/02/09","2026/02/12","7565","萬世電機","東証およびＰＴＳ",,"確報",0,0,0,0,0,0,0,0,0,0,0,0,0,0,,,0,0,0,0,0,0,0,0,0,0,0,0,0
"2026/02/09","2026/02/12","7567","栄電子","東証およびＰＴＳ",,"確報",0,0,2500,0,0,0,2500,0,0,1257500,0,0,0,1257500,,,0,0,2500,0,0,0,250,125,0,250,0,0,0
"2026/02/09","2026/02/12","7570","橋本総業ＨＤ","東証およびＰＴＳ",,"確報",0,500,3100,0,500,3100,0,0,697000,4321400,0,697000,4321400,0,,,0,0,0,0,0,0,12.9,10.1,20.3,13.5,9.5,17.8,12.3
"2026/02/09","2026/02/12","7571","ヤマノＨＤ","東証およびＰＴＳ",,"確報",7300,0,45600,100,0,100,45500,839500,0,5244000,11500,0,11500,5232500,,,0,0,114900,0,0,0,15.1,18.9,12.8,15.2,2,2,2
"2026/02/09","2026/02/12","7575","日本ライフライン","東証およびＰＴＳ",,"確報",0,400,14100,0,0,100,14000,0,564800,19909200,0,0,141200,19768000,,,0,0,203000,0,0,1400,43,48.5,45.5,47,3,1.5,2
"2026/02/09","2026/02/12","7578","ニチリョク","東証およびＰＴＳ",,"確報",0,4900,6800,0,0,0,6800,0,607600,843200,0,0,0,843200,,,0,0,11700,0,0,0,9.7,0,4.9,9.7,0,0,0
"2026/02/09","2026/02/12","7581","サイゼリヤ","東証およびＰＴＳ",,"確報",500,500,5400,1600,6300,47000,-41600,3300000,3300000,35640000,10560000,41580000,310200000,-274560000,,,0,0,108000,0,0,1034000,13.5,22.1,9.6,13.3,10.7,18.5,13.5
"2026/02/09","2026/02/12","7585","かんなん丸","東証およびＰＴＳ",,"確報",0,0,100,0,0,0,100,0,0,41600,0,0,0,41600,,,0,0,0,100,0,0,6,6,6,6,0,0,0
"2026/02/09","2026/02/12","7590","タカショー","東証およびＰＴＳ",,"確報",100,0,5300,0,0,0,5300,39700,0,2104100,0,0,0,2104100,,,0,0,0,5200,0,0,23,51.7,14.8,23,0,0,0
"2026/02/09","2026/02/12","7593","ＶＴホールディングス","東証およびＰＴＳ",,"確報",800,0,17300,0,100,13000,4300,445600,0,9636100,0,55700,7241000,2395100,,,0,0,0,0,0,0,53.3,35,32.3,33.6,327,163.5,218
"2026/02/09","2026/02/12","7595","アルゴグラフィックス","東証およびＰＴＳ",,"確報",7000,4700,17400,2300,0,17400,0,10619000,7129900,26395800,3489100,0,26395800,0,,,0,0,498300,0,0,498300,6.4,3.9,5.2,4.5,7.3,22.9,11.1
"2026/02/09","2026/02/12","7596","魚力","東証およびＰＴＳ",,"確報",0,0,500,0,0,0,500,0,0,1164000,0,0,0,1164000,,,0,0,1500,0,0,0,0,0,0,0,0,0,0
"2026/02/09","2026/02/12","7599","ＩＤＯＭ","東証およびＰＴＳ",,"確報",8300,16900,47300,0,8600,47300,0,12541300,25535900,71470300,0,12994600,71470300,0,,,0,0,0,614900,614900,0,4.9,3.3,2.7,3,36.5,10.3,16
"2026/02/09","2026/02/12","7600","日本エム・ディ・エム","東証およびＰＴＳ",,"確報",0,0,91900,0,2400,55900,36000,0,0,44755300,0,1168800,27223300,17532000,,,0,0,183800,0,0,116600,109.7,765.7,176.7,287.1,114.7,36.3,55.2
"2026/02/09","2026/02/12","7601","ポプラ","東証およびＰＴＳ",,"確報",200,0,26800,0,0,0,26800,36200,0,4850800,0,0,0,4850800,,,0,0,0,53200,0,0,666.5,444.3,1333,666.5,0,0,0
"2026/02/09","2026/02/12","7602","レダックス","東証およびＰＴＳ",,"確報",20700,0,303300,0,12400,574000,-270700,5506200,0,80677800,0,3298400,152684000,-72006200,,,0,0,0,1130400,2345600,0,31.6,15.1,70.6,24.9,0,18,35.9
"2026/02/09","2026/02/12","7603","ジーイエット","東証およびＰＴＳ",,"確報",0,6100,168700,0,0,0,168700,0,1049200,29016400,0,0,0,29016400,,,0,0,699200,0,0,0,30,35.6,25.9,30,0,0,0
"2026/02/09","2026/02/12","7604","梅の花グループ","東証およびＰＴＳ",,"確報",0,0,1200,0,0,0,1200,0,0,1021200,0,0,0,1021200,,,0,0,1200,0,0,0,36,0,18,36,0,0,0
"2026/02/09","2026/02/12","7606","ユナイテッドアローズ","東証およびＰＴＳ",,"確報",0,4300,2600,3000,0,16200,-13600,0,11063900,6689800,7719000,0,41682600,-34992800,,,0,0,503700,0,0,963600,10.2,13,2.7,4.5,22.8,22.1,22.4
"2026/02/09","2026/02/12","7607","進和","東証およびＰＴＳ",,"確報",1600,3200,3300,0,100,4500,-1200,5112000,10224000,10543500,0,319500,14377500,-3834000,,,0,0,73500,0,0,69000,5.6,3.1,3.1,3.1,11.3,34,17
"2026/02/09","2026/02/12","7608","エスケイジャパン","東証およびＰＴＳ",,"確報",0,1900,22200,0,100,1400,20800,0,2912700,34032600,0,153300,2146200,31886400,,,0,0,192800,0,0,12000,22.3,40.9,16.8,23.8,7.3,14.5,9.7
"2026/02/09","2026/02/12","7609","ダイトロン","東証およびＰＴＳ",,"確報",0,200,12000,600,200,3900,8100,0,532200,31932000,1596600,532200,10377900,21554100,,,0,0,927200,0,0,266000,11.9,17.8,8.5,11.5,21.6,9.2,12.9
"2026/02/09","2026/02/12","7610","テイツー","東証およびＰＴＳ",,"確報",0,18500,324300,200,0,14400,309900,0,2701000,47347800,29200,0,2102400,45245400,,,0,0,1028400,0,0,42600,105.3,1431.5,56.7,109.1,32,224,56
"2026/02/09","2026/02/12","7611","ハイデイ日高","東証およびＰＴＳ",,"確報",1900,0,17400,600,0,8800,8600,6146500,0,56289000,1941000,0,28468000,27821000,,,0,0,775000,0,0,410000,27.2,21.3,46.1,29.1,18.8,32.8,23.9
"2026/02/09","2026/02/12","7613","シークス","東証およびＰＴＳ",,"確報",300,2400,13900,500,0,16500,-2600,413400,3307200,19154200,689000,0,22737000,-3582800,,,0,0,384000,0,0,384000,17,11.8,15.8,13.5,14,59.2,22.6
"2026/02/09","2026/02/12","7614","オーエムツーＮＷ","東証およびＰＴＳ",,"確報",0,0,9500,0,0,0,9500,0,0,14753500,0,0,0,14753500,,,0,0,28500,0,0,0,954,0,477,954,0,0,0
"2026/02/09","2026/02/12","7615","京都きもの友禅ＨＤ","東証およびＰＴＳ",,"確報",11300,2700,239600,0,0,0,239600,1717600,410400,36419200,0,0,0,36419200,,,0,0,462000,0,0,0,76.5,73.5,79.9,76.5,0,0,0
"2026/02/09","2026/02/12","7616","コロワイド","東証およびＰＴＳ",,"確報",1200,400,16800,800,0,16800,0,2170800,723600,30391200,1447200,0,30391200,0,,,0,0,0,336000,336000,0,20,16,16.9,16.4,24.6,26.9,25.7
"2026/02/09","2026/02/12","7619","田中商事","東証およびＰＴＳ",,"確報",0,0,800,0,0,0,800,0,0,727200,0,0,0,727200,,,0,0,0,7200,0,0,11.3,16.7,12.5,14.3,0,0.5,1
"2026/02/09","2026/02/12","7621","うかい","東証およびＰＴＳ",,"確報",0,0,0,0,0,0,0,0,0,0,0,0,0,0,,,0,0,0,0,0,0,0,0,0,0,0,0,0
"2026/02/09","2026/02/12","7624","ＮａＩＴＯ","東証およびＰＴＳ",,"確報",800,100,7400,0,0,0,7400,114400,14300,1058200,0,0,0,1058200,,,0,0,13400,0,0,0,20.4,10.5,337,20.4,0,0,0
"2026/02/09","2026/02/12","7625","グローバルダイニング","東証およびＰＴＳ",,"確報",0,0,2600,0,0,0,2600,0,0,1089400,0,0,0,1089400,,,0,0,7800,0,0,0,53.6,131,131,131,0,1,2
"2026/02/09","2026/02/12","7628","オーハシテクニカ","東証およびＰＴＳ",,"確報",1100,200,6500,1500,100,10100,-3600,1313400,238800,7761000,1791000,119400,12059400,-4298400,,,0,0,89600,0,0,139200,11.8,7.3,7.7,7.5,20.7,19,19.8
"2026/02/09","2026/02/12","7630","壱番屋","東証およびＰＴＳ",,"確報",1600,900,85200,10700,0,141800,-56600,1462400,822600,77872800,9779800,0,129605200,-51732400,,,0,0,0,338000,524400,0,23.8,14.9,13,13.9,31.8,91.8,47.2
"2026/02/09","2026/02/12","7634","星医療酸器","東証およびＰＴＳ",,"確報",0,0,0,0,0,0,0,0,0,0,0,0,0,0,,,0,0,0,0,0,0,0,0,0,0,0,0,0
"2026/02/09","2026/02/12","7635","杉田エース","東証およびＰＴＳ",,"確報",0,0,0,0,0,0,0,0,0,0,0,0,0,0,,,0,0,0,0,0,0,0,0,0,0,0,0,0
"2026/02/09","2026/02/12","7636","ハンズマン","東証およびＰＴＳ",,"確報",0,0,200,0,0,0,200,0,0,164200,0,0,0,164200,,,0,0,0,200,0,0,4.3,4.3,4.3,4.3,0,0,0
"2026/02/09","2026/02/12","7637","白銅","東証およびＰＴＳ",,"確報",100,500,6700,0,500,18300,-11600,239400,1197000,16039800,0,1197000,43810200,-27770400,,,0,0,284000,0,0,752000,33.9,17.7,26.6,21.3,39.8,45.4,42.4
"2026/02/09","2026/02/12","7638","ＮＥＷ　ＡＲＴ","東証およびＰＴＳ",,"確報",1000,0,4700,0,100,2200,2500,1460000,0,6862000,0,146000,3212000,3650000,,,0,0,0,25900,16100,0,25,11.1,66.3,19,56.5,56.5,56.5
"2026/02/09","2026/02/12","7640","トップカルチャー","東証およびＰＴＳ",,"確報",0,4100,65500,0,4100,65500,0,0,840500,13427500,0,840500,13427500,0,,,0,0,0,0,0,0,33,49,16.6,24.7,3576,24.8,49.3
"2026/02/09","2026/02/12","7643","ダイイチ","東証およびＰＴＳ",,"確報",100,0,500,0,0,0,500,178100,0,890500,0,0,0,890500,,,0,0,0,800,0,0,42,21,0,42,0,0,0
"2026/02/09","2026/02/12","7646","ＰＬＡＮＴ","東証およびＰＴＳ",,"確報",0,0,1300,0,0,0,1300,0,0,2655900,0,0,0,2655900,,,0,0,0,10400,0,0,134,0,67,134,0,0,0
"2026/02/09","2026/02/12","7649","スギホールディングス","東証およびＰＴＳ",,"確報",100,3600,17300,0,3000,25100,-7800,353800,12736800,61207400,0,10614000,88803800,-27596400,,,0,0,0,0,0,0,13.2,35.8,13.7,19.8,13.3,9,10.7
"2026/02/09","2026/02/12","7670","オーウエル","東証およびＰＴＳ",,"確報",0,0,2500,0,0,0,2500,0,0,3000000,0,0,0,3000000,,,0,0,25000,0,0,0,248,124,0,248,0,0,0
"2026/02/09","2026/02/12","7673","ダイコー通産","東証およびＰＴＳ",,"確報",0,0,5900,0,0,0,5900,0,0,10277800,0,0,0,10277800,,,0,0,88500,0,0,0,148,296,98.7,148,0,0,0
"2026/02/09","2026/02/12","7674","ＮＡＴＴＹＨＤ","東証およびＰＴＳ",,"確報",100,0,700,0,0,0,700,261200,0,1828400,0,0,0,1828400,,,0,0,0,54000,0,0,20,15,30,20,0,0,0
"2026/02/09","2026/02/12","7677","ヤシマキザイ","東証およびＰＴＳ",,"確報",0,0,100,0,0,0,100,0,0,283400,0,0,0,283400,,,0,0,0,4600,0,0,0,0,0,0,0,0,0
"2026/02/09","2026/02/12","7678","あさくま","東証およびＰＴＳ",,"確報",0,0,0,600,700,41500,-41500,0,0,0,2838000,3311000,196295000,-196295000,,,0,0,0,0,832000,0,36.1,1,1,1,70.3,29.4,41.5
"2026/02/09","2026/02/12","7679","薬王堂ＨＤ","東証およびＰＴＳ",,"確報",1000,3000,30400,600,0,33000,-2600,2051000,6153000,62350400,1230600,0,67683000,-5332600,,,0,0,0,0,0,0,14.1,8.2,6.5,7.3,125.8,181.7,148.6
"2026/02/09","2026/02/12","7681","レオクラン","東証およびＰＴＳ",,"確報",0,0,900,0,0,0,900,0,0,866700,0,0,0,866700,,,0,0,0,36000,0,0,0,0,0,0,0,0,0
"2026/02/09","2026/02/12","7682","浜木綿","東証およびＰＴＳ",,"確報",0,0,0,0,0,0,0,0,0,0,0,0,0,0,,,0,0,0,0,0,0,2,2,2,2,0,0,0
"2026/02/09","2026/02/12","7683","ダブルエー","東証およびＰＴＳ",,"確報",0,100,600,0,0,0,600,0,131600,789600,0,0,0,789600,,,0,0,1400,0,0,0,6.1,7.2,5.4,6.1,0,0,0
"2026/02/09","2026/02/12","7685","ＢＵＹＳＥＬＬ","東証およびＰＴＳ",,"確報",100,300,9200,0,0,0,9200,500000,1500000,46000000,0,0,0,46000000,,,0,0,470000,0,0,0,12.1,8.6,20.3,12.1,0,0,0
"2026/02/09","2026/02/12","7686","ひとまいる","東証およびＰＴＳ",,"確報",0,0,17500,0,100,0,17500,0,0,7647500,0,43700,0,7647500,,,0,0,0,70000,400,0,878,0,0,0,3,3,3
"2026/02/09","2026/02/12","7687","ミクリード","東証およびＰＴＳ",,"確報",0,1100,1100,0,0,0,1100,0,528000,528000,0,0,0,528000,,,0,0,0,13200,0,0,5.6,8.7,4.1,5.6,0,0,0
"2026/02/09","2026/02/12","7689","コパ","東証およびＰＴＳ",,"確報",100,0,300,0,0,0,300,46800,0,140400,0,0,0,140400,,,0,0,800,0,0,0,22,11,0,22,0,0,0
"2026/02/09","2026/02/12","7692","アースインフィニティ","東証およびＰＴＳ",,"確報",0,15800,242000,0,0,0,242000,0,1580000,24200000,0,0,0,24200000,,,0,0,0,0,0,0,40.8,110.9,25,40.8,0,0,0
"2026/02/09","2026/02/12","7694","いつも","東証およびＰＴＳ",,"確報",300,0,4800,0,0,0,4800,192000,0,3072000,0,0,0,3072000,,,0,0,0,72000,0,0,37.1,48.2,30.1,37.1,0,0,0
"2026/02/09","2026/02/12","7695","交換できるくん","東証およびＰＴＳ",,"確報",0,0,7000,0,0,0,7000,0,0,5656000,0,0,0,5656000,,,0,0,7000,0,0,0,0,0,0,0,0,0,0
"2026/02/09","2026/02/12","7698","アイスコ","東証およびＰＴＳ",,"確報",0,100,2200,0,0,0,2200,0,258800,5693600,0,0,0,5693600,,,0,0,73600,0,0,0,76.7,115,57.5,76.7,0,0,0
"2026/02/09","2026/02/12","7699","ＯＰＳ","東証およびＰＴＳ",,"確報",0,0,0,0,0,0,0,0,0,0,0,0,0,0,,,0,0,0,0,0,0,0,0,0,0,0,0,0
"2026/02/09","2026/02/12","7701","島津製作所","東証およびＰＴＳ",,"確報",800,28600,15400,200,37500,9800,5600,3406400,121778800,65573200,851600,159675000,41728400,23844800,,,0,0,1555200,0,0,1695600,2.4,2.3,2.4,2.3,2.5,2.4,2.5
"2026/02/09","2026/02/12","7702","ジェイ・エム・エス","東証およびＰＴＳ",,"確報",0,500,6200,0,500,6200,0,0,218500,2709400,0,218500,2709400,0,,,0,0,20100,0,0,20100,12.5,7.3,7.2,7.3,47.1,41.3,44
"2026/02/09","2026/02/12","7707","プレシジョンＳＳ","東証およびＰＴＳ",,"確報",15300,10700,186800,200,0,287700,-100900,3595500,2514500,43898000,47000,0,67609500,-23711500,,,0,0,364400,0,0,575000,43.3,28.7,19.7,23.3,162.1,70.8,98.5
"2026/02/09","2026/02/12","7709","クボテック","東証およびＰＴＳ",,"確報",2200,13400,37700,0,600,48300,-10600,389400,2371800,6672900,0,106200,8549100,-1876200,,,0,0,0,293400,293400,0,29.4,33.8,11.2,16.8,412.5,58.9,103.1
"2026/02/09","2026/02/12","7711","助川電気工業","東証およびＰＴＳ",,"確報",57600,22400,121300,0,0,0,121300,484992000,188608000,1021346000,0,0,0,1021346000,,,0,0,0,101598000,0,0,7.1,5.5,10.1,7.1,0,0,0
"2026/02/09","2026/02/12","7713","シグマ光機","東証およびＰＴＳ",,"確報",100,4300,9000,0,0,0,9000,171500,7374500,15435000,0,0,0,15435000,,,0,0,198000,0,0,0,12.1,56,6.8,12.1,0,0,0
"2026/02/09","2026/02/12","7715","長野計器","東証およびＰＴＳ",,"確報",200,900,12300,0,1500,16000,-3700,585600,2635200,36014400,0,4392000,46848000,-10833600,,,0,0,845000,0,0,1137500,14.5,15,6.9,9.5,27.2,20,23
"2026/02/09","2026/02/12","7716","ナカニシ","東証およびＰＴＳ",,"確報",2000,200,8200,0,900,11400,-3200,4524000,452400,18548400,0,2035800,25786800,-7238400,,,0,0,179200,0,0,344400,11.7,5.3,6.9,6,28,29.3,28.7
"2026/02/09","2026/02/12","7717","ブイ・テクノロジー","東証およびＰＴＳ",,"確報",600,1000,13900,1800,0,1800,12100,2106000,3510000,48789000,6318000,0,6318000,42471000,,,0,0,4218500,0,0,0,14.2,16.1,17.2,16.7,1,0,2
"2026/02/09","2026/02/12","7718","スター精密","東証およびＰＴＳ",,"確報",0,0,1500,0,0,1800,-300,0,0,3300000,0,0,3960000,-660000,,,0,0,0,1500,1800,0,31.3,20.5,11.7,14.9,0,0,0
"2026/02/09","2026/02/12","7719","東京衡機","東証およびＰＴＳ",,"確報",100,1100,16200,0,0,0,16200,32200,354200,5216400,0,0,0,5216400,,,0,0,17200,0,0,0,29.5,30.6,28.5,29.5,0,0,0
"2026/02/09","2026/02/12","7721","東京計器","東証およびＰＴＳ",,"確報",500,13100,27800,2000,200,11700,16100,3850000,100870000,214060000,15400000,1540000,90090000,123970000,,,0,0,20604000,0,0,5049000,9.7,23,6,9.5,8.8,13.5,10.7
"2026/02/09","2026/02/12","7722","国際計測器","東証およびＰＴＳ",,"確報",4100,200,10900,0,0,0,10900,4481300,218600,11913700,0,0,0,11913700,,,0,0,238000,0,0,0,4.7,4.1,5.4,4.7,0,0,0
"2026/02/09","2026/02/12","7723","愛知時計電機","東証およびＰＴＳ",,"確報",3800,0,8000,3800,0,8000,0,12160000,0,25600000,12160000,0,25600000,0,,,0,0,168000,0,0,168000,5.5,3.8,6.9,4.9,4.6,10.4,6.4
"2026/02/09","2026/02/12","7725","インターアクション","東証およびＰＴＳ",,"確報",300,6700,32600,1700,4100,79700,-47100,447000,9983000,48574000,2533000,6109000,118753000,-70179000,,,0,0,546000,0,0,1149400,35.9,115.4,15.7,27.6,40.3,43.8,42
"2026/02/09","2026/02/12","7726","黒田精工","東証およびＰＴＳ",,"確報",500,200,33500,0,100,58200,-24700,510000,204000,34170000,0,102000,59364000,-25194000,,,0,0,0,66400,116600,0,38,39.7,23.7,29.7,0,22.3,44.6
"2026/02/09","2026/02/12","7727","オーバル","東証およびＰＴＳ",,"確報",5500,100,41600,4000,4700,82000,-40400,3976500,72300,30076800,2892000,3398100,59286000,-29209200,,,0,0,470600,0,0,1075100,18.8,12,23.4,15.9,21.5,19.6,20.5
"2026/02/09","2026/02/12","7729","東京精密","東証およびＰＴＳ",,"確報",1900,3600,5300,12200,400,17900,-12600,30058000,56952000,83846000,193004000,6328000,283178000,-199332000,,,0,0,13825000,0,0,12047500,4.3,5.2,5,5.1,2.3,11.4,3.8
"2026/02/09","2026/02/12","7730","マニー","東証およびＰＴＳ",,"確報",700,0,17400,1600,0,17400,0,1122100,0,27892200,2564800,0,27892200,0,,,0,0,551100,0,0,521400,20.7,24.6,24.6,24.6,16.5,19.3,17.8
"2026/02/09","2026/02/12","7731","ニコン","東証およびＰＴＳ",,"確報",200,19200,31100,25900,81700,117100,-86000,390800,37516800,60769400,50608600,159641800,228813400,-168044000,,,0,0,5285550,0,0,18240950,4.2,4.6,4.7,4.7,3.4,5.1,4.1
"2026/02/09","2026/02/12","7733","オリンパス","東証およびＰＴＳ",,"確報",100,18200,12900,6500,0,11200,1700,193850,35280700,25006650,12600250,0,21711200,3295450,,,0,0,1643000,0,0,249100,7.8,75.8,4.5,8.5,2.7,24.7,4.9
"2026/02/09","2026/02/12","7734","理研計器","東証およびＰＴＳ",,"確報",1300,4600,13500,2200,0,49200,-35700,4407000,15594000,45765000,7458000,0,166788000,-121023000,,,0,0,1176000,0,0,3290000,26.1,13,11.9,12.4,48.6,34.8,40.6
"2026/02/09","2026/02/12","7735","ＳＣＲＥＥＮ　ＨＤ","東証およびＰＴＳ",,"確報",100,11600,16500,13000,100,38400,-21900,2134000,247544000,352110000,277420000,2134000,819456000,-467346000,,,0,0,33040000,0,0,30090000,5.6,6,3.4,4.3,7.5,7.8,7.6
"2026/02/09","2026/02/12","7739","キヤノン電子","東証およびＰＴＳ",,"確報",0,4000,3400,0,0,0,3400,0,14520000,12342000,0,0,0,12342000,,,0,0,37000,0,0,0,9.8,0,4.9,9.8,0,0,0
"2026/02/09","2026/02/12","7740","タムロン","東証およびＰＴＳ",,"確報",3300,0,16800,16700,3100,16800,0,3273600,0,16665600,16566400,3075200,16665600,0,,,0,0,0,472500,112000,0,6.5,19.3,47.5,27.4,1,6.2,1.8
"2026/02/09","2026/02/12","7741","ＨＯＹＡ","東証およびＰＴＳ",,"確報",200,9400,8400,14700,400,33900,-25500,5477000,257419000,230034000,402559500,10954000,928351500,-698317500,,,0,0,16544000,0,0,18424000,4.4,2.9,2.2,2.5,4.9,10.1,6.6
"2026/02/09","2026/02/12","7743","シード","東証およびＰＴＳ",,"確報",1200,0,6000,1700,500,6000,0,661200,0,3306000,936700,275500,3306000,0,,,0,0,0,196800,196800,0,6.1,3.3,15.8,5.5,3.7,38,6.8
"2026/02/09","2026/02/12","7744","ノーリツ鋼機","東証およびＰＴＳ",,"確報",800,400,6800,2200,200,6800,0,1847200,923600,15701200,5079800,461800,15701200,0,,,0,0,300800,0,0,225600,11.6,19,40.4,25.8,5.2,10.9,7
"2026/02/09","2026/02/12","7745","Ａ＆ＤホロンＨＤ","東証およびＰＴＳ",,"確報",3500,3700,24000,500,700,24000,0,8988000,9501600,61632000,1284000,1797600,61632000,0,,,0,0,2976600,0,0,2976600,6.8,4.2,3.2,3.6,30.9,53.4,39.2
"2026/02/09","2026/02/12","7746","岡本硝子","東証およびＰＴＳ",,"確報",86500,53700,423900,101900,41000,856100,-432200,122484000,76039200,600242400,144290400,58056000,1212237600,-611995200,,,0,0,0,50843000,103376000,0,7.3,5.6,8.1,6.6,4.2,56.7,7.8
"2026/02/09","2026/02/12","7747","朝日インテック","東証およびＰＴＳ",,"確報",700,0,45100,100,100,20000,25100,1786050,0,115072650,255150,255150,51030000,64042650,,,0,0,910200,0,0,410000,29.9,21,45.1,28.6,29.3,38.6,33.3
"2026/02/09","2026/02/12","7749","メディキット","東証およびＰＴＳ",,"確報",0,0,0,0,0,0,0,0,0,0,0,0,0,0,,,0,0,0,0,0,0,1,1,1,1,0,0,0
"2026/02/09","2026/02/12","7751","キヤノン","東証およびＰＴＳ",,"確報",400,11800,43000,0,0,1300,41700,1963200,57914400,211044000,0,0,6380400,204663600,,,0,0,2067200,0,0,49400,15,82.7,8.5,15.5,3.6,12.8,5.7
"2026/02/09","2026/02/12","7752","リコー","東証およびＰＴＳ",,"確報",1100,3700,43700,11800,6600,11800,31900,1697300,5709100,67429100,18207400,10183800,18207400,49221700,,,0,0,1875150,0,0,267300,8.6,55,11.7,19.3,1.8,2.4,2.1
"2026/02/09","2026/02/12","7760","ＩＭＶ","東証およびＰＴＳ",,"確報",800,800,11500,0,0,0,11500,2664000,2664000,38295000,0,0,0,38295000,,,0,0,2530000,0,0,0,17.1,13.9,22.3,17.1,0,0,0
"2026/02/09","2026/02/12","7762","シチズン時計","東証およびＰＴＳ",,"確報",1900,300,29300,2900,1700,45600,-16300,2690400,424800,41488800,4106400,2407200,64569600,-23080800,,,0,0,470900,0,0,754800,11.4,3.9,14.4,6.1,25.1,12.8,17
"2026/02/09","2026/02/12","7769","リズム","東証およびＰＴＳ",,"確報",0,2800,569400,100,400,23900,545500,0,11326000,2303223000,404500,1618000,96675500,2206547500,,,0,0,28610000,0,0,1210000,442.9,1434.1,292.7,486.1,304,93.5,143.1
"2026/02/09","2026/02/12","7771","日本精密","東証およびＰＴＳ",,"確報",13700,3100,53900,0,0,0,53900,9247500,2092500,36382500,0,0,0,36382500,,,0,0,4330000,0,0,0,4.9,5.3,4.6,4.9,0,0,0
"2026/02/09","2026/02/12","7774","Ｊ・ＴＥＣ","東証およびＰＴＳ",,"確報",1100,1400,122100,0,4900,243500,-121400,616000,784000,68376000,0,2744000,136360000,-67984000,,,0,0,489600,0,0,993600,37.9,23.4,16.4,19.3,129.8,49.2,71.4
"2026/02/09","2026/02/12","7775","大研医器","東証およびＰＴＳ",,"確報",0,0,6800,0,0,0,6800,0,0,3291200,0,0,0,3291200,,,0,0,68000,0,0,0,37.2,27.2,58.8,37.2,0,0,0
"2026/02/09","2026/02/12","7776","セルシード","東証およびＰＴＳ",,"確報",0,4900,85100,0,0,0,85100,0,1430800,24849200,0,0,0,24849200,,,0,0,450000,0,0,0,19.1,784.6,9.7,19.1,0,0,0
"2026/02/09","2026/02/12","7777","スリーディーＭ","東証およびＰＴＳ",,"確報",0,21700,892300,0,0,0,892300,0,10242400,421165600,0,0,0,421165600,,,0,0,7312000,0,0,0,53.7,124.5,34.2,53.7,0,0,0
"2026/02/09","2026/02/12","7779","サイバーダイン","東証およびＰＴＳ",,"確報",104400,116200,822300,1400,13200,822300,0,30380400,33814200,239289300,407400,3841200,239289300,0,,,0,0,0,9175100,9175100,0,26,15.5,21.6,18,32.6,80.6,46.4
"2026/02/09","2026/02/12","7780","メニコン","東証およびＰＴＳ",,"確報",100,3800,44000,0,3700,44000,0,168000,6384000,73920000,0,6216000,73920000,0,,,0,0,810900,0,0,810900,22,15,14,14.5,51.1,41.1,45.6
"2026/02/09","2026/02/12","7781","平山ホールディングス","東証およびＰＴＳ",,"確報",0,0,2800,0,0,0,2800,0,0,3749200,0,0,0,3749200,,,0,0,0,14000,0,0,137,137,137,137,0,0,0
"2026/02/09","2026/02/12","7782","シンシア","東証およびＰＴＳ",,"確報",0,0,5100,0,0,400,4700,0,0,2509200,0,0,196800,2312400,,,0,0,5100,0,0,400,30.7,0,0,0,0,2.6,5.2
"2026/02/09","2026/02/12","7791","ドリームベッド","東証およびＰＴＳ",,"確報",0,100,600,0,0,0,600,0,87300,523800,0,0,0,523800,,,0,0,9100,0,0,0,11,11,11,11,0,0,0
"2026/02/09","2026/02/12","7792","コラントッテ","東証およびＰＴＳ",,"確報",200,0,1300,0,0,0,1300,298600,0,1940900,0,0,0,1940900,,,0,0,0,19800,0,0,10.8,17.2,7.8,10.8,0,0,0
"2026/02/09","2026/02/12","7793","イメージ・マジック","東証およびＰＴＳ",,"確報",0,100,1100,0,0,0,1100,0,169700,1866700,0,0,0,1866700,,,0,0,62400,0,0,0,39.3,59,29.5,39.3,0,0,0
"2026/02/09","2026/02/12","7794","イーディーピー","東証およびＰＴＳ",,"確報",66200,3600,165600,0,0,0,165600,89171400,4849200,223063200,0,0,0,223063200,,,0,0,30900000,0,0,0,5.8,4.1,9.8,5.8,0,0,0
"2026/02/09","2026/02/12","7795","ＫＹＯＲＩＴＳＵ","東証およびＰＴＳ",,"確報",600,200,9700,600,200,9700,0,139200,46400,2250400,139200,46400,2250400,0,,,0,0,0,0,0,0,4.4,7.1,4.3,5.4,4.5,3.1,3.7
"2026/02/09","2026/02/12","7800","アミファ","東証およびＰＴＳ",,"確報",100,0,1000,0,0,0,1000,71800,0,718000,0,0,0,718000,,,0,0,0,16200,0,0,31.3,23.5,47,31.3,0,0,0
"2026/02/09","2026/02/12","7803","ブシロード","東証およびＰＴＳ",,"確報",0,0,217000,1100,0,22300,194700,0,0,59458000,301400,0,6110200,53347800,,,0,0,651000,0,0,63600,122.3,323.8,93.3,144.9,68.8,36.7,47.8
"2026/02/09","2026/02/12","7804","ビーアンドピー","東証およびＰＴＳ",,"確報",0,0,2000,0,0,0,2000,0,0,5120000,0,0,0,5120000,,,0,0,20000,0,0,0,198,99,0,198,0,0,0
"2026/02/09","2026/02/12","7805","プリントネット","東証およびＰＴＳ",,"確報",0,0,1800,0,0,100,1700,0,0,1238400,0,0,68800,1169600,,,0,0,0,12600,700,0,192,0,91,182,0,0,0
"2026/02/09","2026/02/12","7806","ＭＴＧ","東証およびＰＴＳ",,"確報",200,0,19400,1600,0,9000,10400,848000,0,82256000,6784000,0,38160000,44096000,,,0,0,1248000,0,0,481000,19.2,30.4,911,58.8,7.2,10.1,8.4
"2026/02/09","2026/02/12","7807","幸和製作所","東証およびＰＴＳ",,"確報",0,0,600,0,0,0,600,0,0,511200,0,0,0,511200,,,0,0,6600,0,0,0,0,0,0,0,0,0,0
"2026/02/09","2026/02/12","7808","シー・エス・ランバー","東証およびＰＴＳ",,"確報",300,0,1100,0,0,0,1100,909000,0,3333000,0,0,0,3333000,,,0,0,24800,0,0,0,10.2,11.2,9.3,10.2,0,0,0
"2026/02/09","2026/02/12","7809","壽屋","東証およびＰＴＳ",,"確報",1100,0,1800,0,0,0,1800,1640100,0,2683800,0,0,0,2683800,,,0,0,0,0,0,0,7.5,4.5,24.5,7.5,0,0,0
"2026/02/09","2026/02/12","7810","クロスフォー","東証およびＰＴＳ",,"確報",7500,9000,167200,38000,900,52000,115200,1447500,1737000,32269600,7334000,173700,10036000,22233600,,,0,0,3374000,0,0,298000,6.3,5.6,15,8.1,2.7,3,2.8
"2026/02/09","2026/02/12","7811","中本パックス","東証およびＰＴＳ",,"確報",500,200,3700,400,200,2600,1100,1007500,403000,7455500,806000,403000,5239000,2216500,,,0,0,10200,0,0,7200,13.4,17.4,24.9,20.5,6.1,16.4,8.8
"2026/02/09","2026/02/12","7812","クレステック","東証およびＰＴＳ",,"確報",0,100,1700,0,0,100,1600,0,202200,3437400,0,0,202200,3235200,,,0,0,36000,0,0,2000,188,0,89,178,0,0,0
"2026/02/09","2026/02/12","7813","プラッツ","東証およびＰＴＳ",,"確報",0,0,0,0,0,0,0,0,0,0,0,0,0,0,,,0,0,0,0,0,0,0,0,0,0,0,0,0
"2026/02/09","2026/02/12","7814","日本創発グループ","東証およびＰＴＳ",,"確報",0,200,6800,5400,2600,301000,-294200,0,151400,5147600,4087800,1968200,227857000,-222709400,,,0,0,28000,0,0,1192800,28.8,0,11.1,22.2,18.9,63,29.1
"2026/02/09","2026/02/12","7815","東京ボード工業","東証およびＰＴＳ",,"確報",0,0,300,0,0,0,300,0,0,112800,0,0,0,112800,,,0,0,2100,0,0,0,0,0,0,0,0,0,0
"2026/02/09","2026/02/12","7818","トランザクション","東証およびＰＴＳ",,"確報",0,3100,46000,10600,0,96800,-50800,0,3881200,57592000,13271200,0,121193600,-63601600,,,0,0,1080200,0,0,1896400,30.5,120.7,25.1,41.6,28.3,25.5,26.8
"2026/02/09","2026/02/12","7819","粧美堂","東証およびＰＴＳ",,"確報",3000,0,19100,100,0,100,19000,2442000,0,15547400,81400,0,81400,15466000,,,0,0,0,96600,0,0,13.8,7,0,14,1,1,1
"2026/02/09","2026/02/12","7820","ニホンフラッシュ","東証およびＰＴＳ",,"確報",0,100,6700,200,0,4600,2100,0,84500,5661500,169000,0,3887000,1774500,,,0,0,122400,0,0,79200,66.2,68,170,97.1,74.3,31.9,44.6
"2026/02/09","2026/02/12","7821","前田工繊","東証およびＰＴＳ",,"確報",0,3900,20200,1600,0,72100,-51900,0,7718100,39975800,3166400,0,142685900,-102710100,,,0,0,506100,0,0,1480500,44.3,31,10.1,15.2,142.5,137,139.7
"2026/02/09","2026/02/12","7822","永大産業","東証およびＰＴＳ",,"確報",2900,0,41400,100,0,10000,31400,713400,0,10184400,24600,0,2460000,7724400,,,0,0,77000,0,0,19800,34.4,42.3,86.5,56.9,7,48,12.2
"2026/02/09","2026/02/12","7823","アートネイチャー","東証およびＰＴＳ",,"確報",0,0,5000,700,400,6100,-1100,0,0,4185000,585900,334800,5105700,-920700,,,0,0,40000,0,0,46400,9.8,10.8,3.6,5.4,29.6,37,32.9
"2026/02/09","2026/02/12","7826","フルヤ金属","東証およびＰＴＳ",,"確報",12100,0,106500,0,0,3800,102700,60439500,0,531967500,0,0,18981000,512986500,,,0,0,66080000,0,0,2660000,23.6,22.8,87.8,36.2,27.8,2.3,4.3
"2026/02/09","2026/02/12","7827","オービス","東証およびＰＴＳ",,"確報",0,0,600,0,0,0,600,0,0,982800,0,0,0,982800,,,0,0,0,0,0,0,0,0,0,0,0,0,0
"2026/02/09","2026/02/12","7831","ウイルコホールディン","東証およびＰＴＳ",,"確報",1300,0,49000,0,0,0,49000,115700,0,4361000,0,0,0,4361000,,,0,0,0,0,0,0,161.6,161.6,161.6,161.6,0,0,0
"2026/02/09","2026/02/12","7832","バンダイナムコ","東証およびＰＴＳ",,"確報",600,19900,51500,500,2400,500,51000,2480400,82266600,212901000,2067000,9921600,2067000,210834000,,,0,0,0,4318800,146400,0,7.5,8,8.4,8.2,1.6,1.2,1.4
"2026/02/09","2026/02/12","7833","アイフィスジャパン","東証およびＰＴＳ",,"確報",0,200,4800,100,100,1700,3100,0,136600,3278400,68300,68300,1161100,2117300,,,0,0,0,55000,18700,0,37.2,122,61,81.3,7.2,72,13.1
"2026/02/09","2026/02/12","7836","アビックス","東証およびＰＴＳ",,"確報",0,900,106900,0,0,0,106900,0,80100,9514100,0,0,0,9514100,,,0,0,0,0,0,0,69.5,0,34.8,69.5,0,0,0
"2026/02/09","2026/02/12","7837","アールシーコア","東証およびＰＴＳ",,"確報",0,0,2700,0,0,0,2700,0,0,982800,0,0,0,982800,,,0,0,0,2700,0,0,50.8,31.8,127,50.8,0,0,0
"2026/02/09","2026/02/12","7839","ＳＨＯＥＩ","東証およびＰＴＳ",,"確報",400,3300,18100,3000,1300,45100,-27000,695200,5735400,31457800,5214000,2259400,78383800,-46926000,,,0,0,252000,0,0,520800,6.3,3.8,8.8,5.3,3.8,60.5,7.1
"2026/02/09","2026/02/12","7840","フランスベッドＨＤ","東証およびＰＴＳ",,"確報",400,100,5200,4700,300,27000,-21800,523200,130800,6801600,6147600,392400,35316000,-28514400,,,0,0,0,98000,452000,0,31.7,36.4,28.3,31.9,24.1,46.3,31.7
"2026/02/09","2026/02/12","7841","遠藤製作所","東証およびＰＴＳ",,"確報",200,0,10600,0,0,0,10600,265000,0,14045000,0,0,0,14045000,,,0,0,0,10400,0,0,522,261,0,522,0,0,0
"2026/02/09","2026/02/12","7844","マーベラス","東証およびＰＴＳ",,"確報",0,5600,69400,6000,0,131200,-61800,0,2816800,34908200,3018000,0,65993600,-31085400,,,0,0,375000,0,0,626000,19.7,8.8,15.3,11.2,19.2,115.9,32.9
"2026/02/09","2026/02/12","7846","パイロット","東証およびＰＴＳ",,"確報",500,100,5000,2300,500,20100,-15100,2549500,509900,25495000,11727700,2549500,102489900,-76994900,,,0,0,496800,0,0,1976400,18.4,11.2,15.7,13.1,14.9,32.8,20.5
"2026/02/09","2026/02/12","7847","グラファイトデザイン","東証およびＰＴＳ",,"確報",0,0,700,0,0,0,700,0,0,478800,0,0,0,478800,,,0,0,14000,0,0,0,40,0,20,40,0,0,0
"2026/02/09","2026/02/12","7849","スターツ出版","東証およびＰＴＳ",,"確報",0,0,500,0,0,0,500,0,0,1920000,0,0,0,1920000,,,0,0,25000,0,0,0,46,23,0,46,0,0,0
"2026/02/09","2026/02/12","7850","総合商研","東証およびＰＴＳ",,"確報",0,0,1900,0,0,0,1900,0,0,1660600,0,0,0,1660600,,,0,0,0,3800,0,0,89,44.5,0,89,0,0,0
"2026/02/09","2026/02/12","7851","カワセコンピュ","東証およびＰＴＳ",,"確報",0,0,1300,0,0,0,1300,0,0,343200,0,0,0,343200,,,0,0,2600,0,0,0,15.5,0,7.7,15.5,0,0,0
"2026/02/09","2026/02/12","7856","萩原工業","東証およびＰＴＳ",,"確報",600,0,15400,0,1200,31600,-16200,1037400,0,26626600,0,2074800,54636400,-28009800,,,0,0,74000,0,0,164000,33.7,24.8,32.3,28.1,573,19.1,37
"2026/02/09","2026/02/12","7857","セキ","東証およびＰＴＳ",,"確報",0,0,0,0,0,0,0,0,0,0,0,0,0,0,,,0,0,0,0,0,0,0,0,0,0,0,0,0
"2026/02/09","2026/02/12","7859","アルメディオ","東証およびＰＴＳ",,"確報",35100,67900,661800,0,29400,665200,-3400,7055100,13647900,133021800,0,5909400,133705200,-683400,,,0,0,9029800,0,0,9029800,9.2,5.1,4.9,5,68.6,38.5,49.3
"2026/02/09","2026/02/12","7860","エイベックス","東証およびＰＴＳ",,"確報",0,200,7000,400,400,58000,-51000,0,234600,8211000,469200,469200,68034000,-59823000,,,0,0,0,21600,174000,0,7.1,2.1,2,2.1,31.4,10.5,15.7
"2026/02/09","2026/02/12","7863","平賀","東証およびＰＴＳ",,"確報",0,0,0,0,0,0,0,0,0,0,0,0,0,0,,,0,0,0,0,0,0,0,0,0,0,0,0,0
"2026/02/09","2026/02/12","7864","フジシール","東証およびＰＴＳ",,"確報",1600,0,2300,1600,0,2300,0,5344000,0,7682000,5344000,0,7682000,0,,,0,0,52500,0,0,52500,4.1,2.6,13,4.3,2.3,12.8,3.9
"2026/02/09","2026/02/12","7865","ピープル","東証およびＰＴＳ",,"確報",0,0,900,0,0,0,900,0,0,374400,0,0,0,374400,,,0,0,0,0,0,0,0,0,0,0,0,0,0
"2026/02/09","2026/02/12","7867","タカラトミー","東証およびＰＴＳ",,"確報",1500,0,30000,0,0,0,30000,4054500,0,81090000,0,0,0,81090000,,,0,0,0,769500,0,0,29.3,26.4,38.9,31.5,2,0.3,0.6
"2026/02/09","2026/02/12","7868","広済堂ＨＤ","東証およびＰＴＳ",,"確報",176200,14700,2400200,4200,12500,242500,2157700,89509600,7467600,1219301600,2133600,6350000,123190000,1096111600,,,0,0,2238700,0,0,250800,14.9,11,19.5,14,21.6,55.4,31.1
"2026/02/09","2026/02/12","7871","フクビ化学工業","東証およびＰＴＳ",,"確報",0,0,3900,0,0,0,3900,0,0,3607500,0,0,0,3607500,,,0,0,15600,0,0,0,390,0,195,390,0,0,0
"2026/02/09","2026/02/12","7872","エステールＨＤ","東証およびＰＴＳ",,"確報",100,0,1000,0,0,0,1000,64000,0,640000,0,0,0,640000,,,0,0,0,2700,0,0,15.3,46,9.2,15.3,0,0,0
"2026/02/09","2026/02/12","7874","レック","東証およびＰＴＳ",,"確報",200,0,22300,1900,0,12200,10100,204600,0,22812900,1943700,0,12480600,10332300,,,0,0,132600,0,0,61800,58.6,368,0,736,14.2,35.9,20.3
"2026/02/09","2026/02/12","7875","竹田ｉＰ","東証およびＰＴＳ",,"確報",0,0,1700,0,0,0,1700,0,0,1997500,0,0,0,1997500,,,0,0,32300,0,0,0,12.7,6.9,76,12.7,0,0,0
"2026/02/09","2026/02/12","7877","永大化工","東証およびＰＴＳ",,"確報",0,0,700,0,0,0,700,0,0,1351000,0,0,0,1351000,,,0,0,9800,0,0,0,0,0,0,0,0,0,0
"2026/02/09","2026/02/12","7878","光・彩","東証およびＰＴＳ",,"確報",0,500,1200,0,0,0,1200,0,534500,1282800,0,0,0,1282800,,,0,0,3400,0,0,0,13.5,37,8.2,13.5,0,0,0
"2026/02/09","2026/02/12","7879","ノダ","東証およびＰＴＳ",,"確報",0,200,12100,0,700,1300,10800,0,137000,8288500,0,479500,890500,7398000,,,0,0,36900,0,0,6000,73,0,205,410,0,6.8,13.5
"2026/02/09","2026/02/12","7883","サンメッセ","東証およびＰＴＳ",,"確報",0,0,2900,0,0,0,2900,0,0,1064300,0,0,0,1064300,,,0,0,2900,0,0,0,0,0,0,0,0,0,0
"2026/02/09","2026/02/12","7885","タカノ","東証およびＰＴＳ",,"確報",0,100,6500,100,0,600,5900,0,82700,5375500,82700,0,496200,4879300,,,0,0,0,217800,16500,0,8.4,4.2,80.3,7.9,13.5,27,18
"2026/02/09","2026/02/12","7886","ヤマトモビＭｆｇ","東証およびＰＴＳ",,"確報",0,0,100,0,0,0,100,0,0,84100,0,0,0,84100,,,0,0,200,0,0,0,0,0,0,0,0,0,0
"2026/02/09","2026/02/12","7887","南海プライウッド","東証およびＰＴＳ",,"確報",0,0,500,0,0,0,500,0,0,5125000,0,0,0,5125000,,,0,0,160000,0,0,0,0,0,0,0,0,0,0
"2026/02/09","2026/02/12","7888","三光合成","東証およびＰＴＳ",,"確報",0,800,14700,0,300,7000,7700,0,824800,15155700,0,309300,7217000,7938700,,,0,0,0,77500,36500,0,13.9,23.2,14.5,17.8,9.2,9.4,9.3
"2026/02/09","2026/02/12","7893","プロネクサス","東証およびＰＴＳ",,"確報",0,600,11700,200,0,7900,3800,0,717000,13981500,239000,0,9440500,4541000,,,0,0,258300,0,0,161700,95,305.5,76.4,122.2,48.3,128.7,70.2
"2026/02/09","2026/02/12","7896","セブン工業","東証およびＰＴＳ",,"確報",0,0,1300,0,0,0,1300,0,0,696800,0,0,0,696800,,,0,0,0,1300,0,0,66,66,66,66,0,0,0
"2026/02/09","2026/02/12","7897","ホクシン","東証およびＰＴＳ",,"確報",500,3200,109200,0,2700,109200,0,56000,358400,12230400,0,302400,12230400,0,,,0,0,0,0,0,0,74.2,85.7,46.4,60.2,185.6,65.5,96.8
"2026/02/09","2026/02/12","7898","ウッドワン","東証およびＰＴＳ",,"確報",0,0,2600,300,0,2000,600,0,0,2649400,305700,0,2038000,611400,,,0,0,13000,0,0,8500,40,0,0,0,7,0,14
"2026/02/09","2026/02/12","7901","マツモト","東証およびＰＴＳ",,"確報",800,700,4200,0,0,0,4200,1138400,996100,5976600,0,0,0,5976600,,,0,0,0,1640000,0,0,4,3.4,4.9,4,0,0,0
"2026/02/09","2026/02/12","7902","ソノコム","東証およびＰＴＳ",,"確報",0,0,700,0,0,0,700,0,0,840000,0,0,0,840000,,,0,0,60200,0,0,0,70,35,0,70,0,0,0
"2026/02/09","2026/02/12","7906","ヨネックス","東証およびＰＴＳ",,"確報",1100,4300,2600,1400,600,6100,-3500,3806000,14878000,8996000,4844000,2076000,21106000,-12110000,,,0,0,1102000,0,0,1007000,2,1.5,1.4,1.4,9,15.9,11.5
"2026/02/09","2026/02/12","7908","きもと","東証およびＰＴＳ",,"確報",1200,0,8900,0,0,0,8900,307200,0,2278400,0,0,0,2278400,,,0,0,0,23100,0,0,10.6,37.6,6.2,10.6,0,0,0
"2026/02/09","2026/02/12","7911","ＴＯＰＰＡＮ　ＨＤ","東証およびＰＴＳ",,"確報",1900,200,15000,2000,0,15000,0,9351800,984400,73830000,9844000,0,73830000,0,,,0,0,2034900,0,0,1989000,8.6,18.2,7.2,10.3,5.5,9.9,7.1
"2026/02/09","2026/02/12","7912","大日本印刷","東証およびＰＴＳ",,"確報",2300,5200,37700,3500,0,22700,15000,7081700,16010800,116078300,10776500,0,69893300,46185000,,,0,0,7064400,0,0,3340800,19.2,64.9,28,39.1,8,11.3,9.3
"2026/02/09","2026/02/12","7914","共同印刷","東証およびＰＴＳ",,"確報",3800,1500,21500,2300,0,21500,0,6368800,2514000,36034000,3854800,0,36034000,0,,,0,0,768000,0,0,768000,8.1,9,3.8,5.3,13.3,24,17.1
"2026/02/09","2026/02/12","7915","ＮＩＳＳＨＡ","東証およびＰＴＳ",,"確報",2400,2800,29100,1400,0,39000,-9900,3285600,3833200,39837900,1916600,0,53391000,-13553100,,,0,0,855500,0,0,1090400,24.9,18.3,22.1,20,15.7,0,31.3
"2026/02/09","2026/02/12","7916","光村印刷","東証およびＰＴＳ",,"確報",1400,0,1700,0,100,1800,-100,2625000,0,3187500,0,187500,3375000,-187500,,,0,0,12000,0,0,76000,10.3,1.8,8.3,3,0,25.3,50.5
"2026/02/09","2026/02/12","7917","ＺＡＣＲＯＳ","東証およびＰＴＳ",,"確報",3400,17900,15000,0,14500,15000,0,4596800,24200800,20280000,0,19604000,20280000,0,,,0,0,0,147500,147500,0,3.1,2.9,3.2,3.1,3,3.2,3.1
"2026/02/09","2026/02/12","7918","ヴィアＨＤ","東証およびＰＴＳ",,"確報",0,0,8600,0,0,0,8600,0,0,937400,0,0,0,937400,,,0,0,0,0,0,0,856,428,0,856,0,0,0
"2026/02/09","2026/02/12","7919","野崎印刷紙業","東証およびＰＴＳ",,"確報",0,0,7800,0,0,0,7800,0,0,1622400,0,0,0,1622400,,,0,0,0,7800,0,0,2.8,2.9,2.6,2.8,0,0,0
"2026/02/09","2026/02/12","7921","ＴＡＫＡＲＡ＆ＣＯ","東証およびＰＴＳ",,"確報",300,1000,5700,200,0,21400,-15700,1290000,4300000,24510000,860000,0,92020000,-67510000,,,0,0,256000,0,0,848000,62.8,39.9,21.3,27.7,118,88.5,101.1
"2026/02/09","2026/02/12","7922","三光産業","東証およびＰＴＳ",,"確報",0,1500,3700,0,0,0,3700,0,1147500,2830500,0,0,0,2830500,,,0,0,0,78000,0,0,6,9.7,4.4,6,0,0,0
"2026/02/09","2026/02/12","7923","トーイン","東証およびＰＴＳ",,"確報",0,0,300,0,0,0,300,0,0,355500,0,0,0,355500,,,0,0,0,0,0,0,0,0,0,0,0,0,0
"2026/02/09","2026/02/12","7925","前澤化成工業","東証およびＰＴＳ",,"確報",800,1500,11500,0,3000,47900,-36400,1866400,3499500,26829500,0,6999000,111750700,-84921200,,,0,0,0,512400,2137800,0,30.3,8.4,7.1,7.7,433.2,36.6,67.5
"2026/02/09","2026/02/12","7927","ムトー精工","東証およびＰＴＳ",,"確報",300,1000,7200,0,500,2800,4400,706200,2354000,16948800,0,1177000,6591200,10357600,,,0,0,268600,0,0,112200,33.9,133.7,22.3,38.2,31.6,22.6,26.3
"2026/02/09","2026/02/12","7928","旭化学工業","東証およびＰＴＳ",,"確報",0,0,3900,0,0,0,3900,0,0,2386800,0,0,0,2386800,,,0,0,0,0,0,0,0,0,0,0,0,0,0
"2026/02/09","2026/02/12","7931","未来工業","東証およびＰＴＳ",,"確報",0,700,9100,0,0,13600,-4500,0,2418500,31440500,0,0,46988000,-15547500,,,0,0,441000,0,0,612000,20.1,23.6,7,10.8,67.9,45.3,54.3
"2026/02/09","2026/02/12","7932","ニッピ","東証およびＰＴＳ",,"確報",0,0,1200,0,0,0,1200,0,0,17148000,0,0,0,17148000,,,0,0,168000,0,0,0,13.8,0,6.9,13.8,0,0,0
"2026/02/09","2026/02/12","7936","アシックス","東証およびＰＴＳ",,"確報",0,19800,137100,9200,0,9400,127700,0,77200200,534552900,35870800,0,36650600,497902300,,,0,0,23848800,0,0,30400,23.6,29.7,25.6,27.5,1.1,51,2.1
"2026/02/09","2026/02/12","7937","ツツミ","東証およびＰＴＳ",,"確報",0,400,10200,0,300,2000,8200,0,1188000,30294000,0,891000,5940000,24354000,,,0,0,731400,0,0,158700,28.9,30.4,73.9,43.1,13.1,10.7,11.8
"2026/02/09","2026/02/12","7938","リーガルコーポ","東証およびＰＴＳ",,"確報",0,0,400,0,0,0,400,0,0,990400,0,0,0,990400,,,0,0,8400,0,0,0,0,0,0,0,0,0,0
"2026/02/09","2026/02/12","7939","研創","東証およびＰＴＳ",,"確報",0,0,800,0,0,0,800,0,0,492000,0,0,0,492000,,,0,0,800,0,0,0,0,0,0,0,0,0,0
"2026/02/09","2026/02/12","7940","ウェーブロックＨＤ","東証およびＰＴＳ",,"確報",9900,2200,120300,0,0,0,120300,12414600,2758800,150856200,0,0,0,150856200,,,0,0,0,450400,0,0,24.3,13,192.6,24.3,0,0,0
"2026/02/09","2026/02/12","7942","ジェイ　エス　ピー","東証およびＰＴＳ",,"確報",1300,100,19700,500,400,41900,-22200,3612700,277900,54746300,1389500,1111600,116440100,-61693800,,,0,0,832500,0,0,1881000,35,14.3,54.8,22.7,77,31.9,45.1
"2026/02/09","2026/02/12","7943","ニチハ","東証およびＰＴＳ",,"確報",0,400,1600,1300,500,10400,-8800,0,1420000,5680000,4615000,1775000,36920000,-31240000,,,0,0,120000,0,0,576000,10.4,17.2,4.8,7.5,9,14.4,11.1
"2026/02/09","2026/02/12","7944","ローランド","東証およびＰＴＳ",,"確報",500,0,600,500,0,600,0,1952500,0,2343000,1952500,0,2343000,0,,,0,0,4000,0,0,4000,2.6,2.6,2.6,2.6,1.9,4.3,2.6
"2026/02/09","2026/02/12","7946","光陽社","東証およびＰＴＳ",,"確報",100,0,400,0,0,0,400,223600,0,894400,0,0,0,894400,,,0,0,600,0,0,0,32,16,0,32,0,0,0
"2026/02/09","2026/02/12","7947","エフピコ","東証およびＰＴＳ",,"確報",1000,500,19300,500,0,19300,0,2755000,1377500,53171500,1377500,0,53171500,0,,,0,0,300800,0,0,300800,15,10.5,22.7,14.3,11.2,26.5,15.8
"2026/02/09","2026/02/12","7949","小松ウオール工業","東証およびＰＴＳ",,"確報",100,1000,21500,400,400,35800,-14300,294300,2943000,63274500,1177200,1177200,105359400,-42084900,,,0,0,1030400,0,0,1646800,15.2,13,5.6,7.9,33.3,41.3,36.9
"2026/02/09","2026/02/12","7951","ヤマハ","東証およびＰＴＳ",,"確報",200,1700,22800,192300,100,299400,-276600,243400,2068900,27747600,234029100,121700,364369800,-336622200,,,0,0,583200,0,0,2572800,4.2,2.6,4.2,3.2,2.2,101.1,4.4
"2026/02/09","2026/02/12","7952","河合楽器製作所","東証およびＰＴＳ",,"確報",1000,0,7500,1100,100,7500,0,2871000,0,21532500,3158100,287100,21532500,0,,,0,0,188500,0,0,188500,9,7.9,14,10.1,6.6,10.5,8.1
"2026/02/09","2026/02/12","7953","菊水化学工業","東証およびＰＴＳ",,"確報",200,0,11200,0,0,0,11200,78800,0,4412800,0,0,0,4412800,,,0,0,33000,0,0,0,183.7,137.8,275.5,183.7,0,0,0
"2026/02/09","2026/02/12","7955","クリナップ","東証およびＰＴＳ",,"確報",200,2200,13500,200,1800,24200,-10700,183800,2021800,12406500,183800,1654200,22239800,-9833300,,,0,0,155000,0,0,258000,3.6,2.2,3.4,2.7,2.9,10.1,4.5
"2026/02/09","2026/02/12","7956","ピジョン","東証およびＰＴＳ",,"確報",300,600,16400,500,0,1100,15300,495450,990900,27084600,825750,0,1816650,25267950,,,0,0,0,116900,4200,0,28.2,187.6,15.9,29.3,7,0,14
"2026/02/09","2026/02/12","7957","フジコピアン","東証およびＰＴＳ",,"確報",0,0,0,0,0,0,0,0,0,0,0,0,0,0,,,0,0,0,0,0,0,1.3,2,1,1.3,0,0,0
"2026/02/09","2026/02/12","7962","キングジム","東証およびＰＴＳ",,"確報",1300,300,28200,2000,0,242200,-214000,1058200,244200,22954800,1628000,0,197150800,-174196000,,,0,0,54400,0,0,480400,233.6,45.2,52.1,48.4,447.3,377.4,409.4
"2026/02/09","2026/02/12","7963","興研","東証およびＰＴＳ",,"確報",600,0,2300,100,0,100,2200,1171200,0,4489600,195200,0,195200,4294400,,,0,0,32300,0,0,0,12,18.8,9.4,12.6,1,0,2
"2026/02/09","2026/02/12","7965","象印マホービン","東証およびＰＴＳ",,"確報",200,1400,44300,11200,8400,172900,-128600,320000,2240000,70880000,17920000,13440000,276640000,-205760000,,,0,0,273000,0,0,1020600,27.2,37.1,18.7,24.9,73.2,17.2,27.8
"2026/02/09","2026/02/12","7966","リンテック","東証およびＰＴＳ",,"確報",6400,800,7700,600,0,5900,1800,32576000,4072000,39193000,3054000,0,30031000,9162000,,,0,0,399000,0,0,1007000,2.7,1.3,1.6,1.5,17.7,15.7,16.6
"2026/02/09","2026/02/12","7970","信越ポリマー","東証およびＰＴＳ",,"確報",0,4800,53800,0,100,67800,-14000,0,10017600,112280600,0,208700,141498600,-29218000,,,0,0,2285400,0,0,2648100,60.3,83.7,28.5,42.5,228.3,58.1,92.6
"2026/02/09","2026/02/12","7971","東リ","東証およびＰＴＳ",,"確報",700,600,12300,0,500,4500,7800,550900,472200,9680100,0,393500,3541500,6138600,,,0,0,0,97600,40000,0,29.1,18.7,31.5,23.5,247,41.2,70.6
"2026/02/09","2026/02/12","7972","イトーキ","東証およびＰＴＳ",,"確報",4900,800,14200,200,0,15900,-1700,13401500,2188000,38837000,547000,0,43486500,-4649500,,,0,0,929200,0,0,1444400,10.5,4.4,6.1,5.1,77.5,110.7,91.2
"2026/02/09","2026/02/12","7974","任天堂","東証およびＰＴＳ",,"確報",24600,115400,1156300,1400,500,1400,1154900,213085200,999594800,10015870600,12126800,4331000,12126800,10003743800,,,0,0,275609100,0,0,110500,16.3,10.8,35.4,16.5,1,1.3,1.1
"2026/02/09","2026/02/12","7975","リヒトラブ","東証およびＰＴＳ",,"確報",0,0,300,0,0,0,300,0,0,388500,0,0,0,388500,,,0,0,5100,0,0,0,30,0,15,30,0,0,0
"2026/02/09","2026/02/12","7976","三菱鉛筆","東証およびＰＴＳ",,"確報",200,900,3500,1900,0,52500,-49000,480000,2160000,8400000,4560000,0,126000000,-117600000,,,0,0,285600,0,0,3440800,38,13.1,12.3,12.7,29.5,94,44.9
"2026/02/09","2026/02/12","7979","松風","東証およびＰＴＳ",,"確報",100,200,9300,0,0,3000,6300,176900,353800,16451700,0,0,5307000,11144700,,,0,0,0,65800,21000,0,21.3,18,19.5,18.7,50.3,30.2,37.8
"2026/02/09","2026/02/12","7980","重松製作所","東証およびＰＴＳ",,"確報",100,0,1500,0,0,0,1500,80500,0,1207500,0,0,0,1207500,,,0,0,5600,0,0,0,20.3,23.7,17.8,20.3,0,0,0
"2026/02/09","2026/02/12","7981","タカラスタンダード","東証およびＰＴＳ",,"確報",0,1500,2700,12500,200,44100,-41400,0,4612500,8302500,38437500,615000,135607500,-127305000,,,0,0,252000,0,0,1908000,3.9,3.3,1.1,1.6,4.8,50.3,8.8
"2026/02/09","2026/02/12","7983","ミロク","東証およびＰＴＳ",,"確報",100,0,1800,0,0,0,1800,113600,0,2044800,0,0,0,2044800,,,0,0,17000,0,0,0,86,86,86,86,0,0,0
"2026/02/09","2026/02/12","7984","コクヨ","東証およびＰＴＳ",,"確報",900,5000,25700,0,5900,123100,-97400,849960,4722000,24271080,0,5571960,116255640,-91984560,,,0,0,387400,0,0,1677000,48.1,26.7,9.9,14.4,257.3,61.3,99
"2026/02/09","2026/02/12","7985","ネポン","東証およびＰＴＳ",,"確報",0,0,700,0,0,0,700,0,0,1097600,0,0,0,1097600,,,0,0,23800,0,0,0,0,0,0,0,0,0,0
"2026/02/09","2026/02/12","7986","日本アイ・エス・ケイ","東証およびＰＴＳ",,"確報",0,0,300,0,0,0,300,0,0,545400,0,0,0,545400,,,0,0,11400,0,0,0,0,0,0,0,0,0,0
"2026/02/09","2026/02/12","7987","ナカバヤシ","東証およびＰＴＳ",,"確報",500,0,7700,1100,500,6900,800,302000,0,4650800,664400,302000,4167600,483200,,,0,0,21600,0,0,18900,15.5,18.4,17.6,18,16.1,11.7,13.6
"2026/02/09","2026/02/12","7988","ニフコ","東証およびＰＴＳ",,"確報",700,800,1500,1700,400,19100,-17600,3594500,4108000,7702500,8729500,2054000,98078500,-90376000,,,0,0,203200,0,0,2260600,13.3,3.3,3.9,3.5,19.7,13.2,15.8
"2026/02/09","2026/02/12","7989","立川ブラインド工業","東証およびＰＴＳ",,"確報",0,600,3700,0,600,3700,0,0,1208400,7451800,0,1208400,7451800,0,,,0,0,68800,0,0,68800,12.3,30.7,13.4,18.7,11.4,7.7,9.2
"2026/02/09","2026/02/12","7990","グローブライド","東証およびＰＴＳ",,"確報",500,1000,10800,500,0,25000,-14200,1157500,2315000,25002000,1157500,0,57875000,-32873000,,,0,0,169500,0,0,367500,21,17.1,14.4,15.6,14.5,102.8,25.4
"2026/02/09","2026/02/12","7991","マミヤ・オーピー","東証およびＰＴＳ",,"確報",0,500,22600,200,8300,8400,14200,0,765000,34578000,306000,12699000,12852000,21726000,,,0,0,0,0,0,0,4.8,4,7.3,5.1,5,3.9,4.4
"2026/02/09","2026/02/12","7992","セーラー万年筆","東証およびＰＴＳ",,"確報",0,0,36700,0,0,0,36700,0,0,4110400,0,0,0,4110400,,,0,0,36700,0,0,0,67.8,0,33.9,67.8,0,0,0
"2026/02/09","2026/02/12","7994","オカムラ","東証およびＰＴＳ",,"確報",5100,2300,16800,3400,0,17300,-500,12969300,5848900,42722400,8646200,0,43993900,-1271500,,,0,0,1484000,0,0,1473400,14.7,13.1,13.6,13.4,15.1,17.7,16.3
"2026/02/09","2026/02/12","7995","バルカー","東証およびＰＴＳ",,"確報",300,2500,17500,400,600,7600,9900,1372500,11437500,80062500,1830000,2745000,34770000,45292500,,,0,0,1477500,0,0,585000,7.3,7,9.3,8,13.2,4.3,6.5
"2026/02/09","2026/02/12","7997","くろがね工作所","東証およびＰＴＳ",,"確報",0,0,1600,0,0,0,1600,0,0,1510400,0,0,0,1510400,,,0,0,20800,0,0,0,0,0,0,0,0,0,0
"2026/02/09","2026/02/12","7999","ＭＵＴＯＨ－ＨＤ","東証およびＰＴＳ",,"確報",800,0,45200,0,0,1200,44000,5584000,0,315496000,0,0,8376000,307120000,,,0,0,124320000,0,0,3360000,102.6,78.4,146.4,102.1,0,61,122
"2026/02/09","2026/02/12","8001","伊藤忠商事","東証およびＰＴＳ",,"確報",2300,79700,575600,38900,1000,560900,14700,4755250,164779750,1190053000,80425750,2067500,1159660750,30392250,,,0,0,326500,0,0,261500,29,22.5,27.8,24.9,21.2,110.3,35.6
"2026/02/09","2026/02/12","8002","丸紅","東証およびＰＴＳ",,"確報",100,12700,136300,6900,5000,51700,84600,595700,75653900,811939100,41103300,29785000,307976900,503962200,,,0,0,44670000,0,0,14940000,10.1,11.9,11,11.4,6.7,8.4,7.5
"2026/02/09","2026/02/12","8005","スクロール","東証およびＰＴＳ",,"確報",100,500,7700,0,400,7700,0,134600,673000,10364200,0,538400,10364200,0,,,0,0,81000,0,0,81000,44.2,56.9,28.4,37.9,99.5,36.2,53.1
"2026/02/09","2026/02/12","8006","ユアサ・フナショク","東証およびＰＴＳ",,"確報",400,200,2000,0,0,0,2000,682400,341200,3412000,0,0,0,3412000,,,0,0,0,117000,0,0,25.4,17.8,44.5,25.4,0,0,0
"2026/02/09","2026/02/12","8007","高島","東証およびＰＴＳ",,"確報",300,3700,20700,0,3900,20700,0,276300,3407700,19064700,0,3591900,19064700,0,,,0,0,0,144600,147600,0,18.8,22.4,9.9,13.8,100.6,16.1,27.8
"2026/02/09","2026/02/12","8008","ヨンドシーホールディ","東証およびＰＴＳ",,"確報",2500,0,8100,2500,0,8100,0,4600000,0,14904000,4600000,0,14904000,0,,,0,0,33600,0,0,33600,8.9,6.7,9.5,7.8,8.5,13.6,10.4
"2026/02/09","2026/02/12","8011","三陽商会","東証およびＰＴＳ",,"確報",100,600,26600,2600,600,39500,-12900,436000,2616000,115976000,11336000,2616000,172220000,-56244000,,,0,0,2439000,0,0,3375000,35.8,225.8,75.3,112.9,19.2,32.9,24.3
"2026/02/09","2026/02/12","8012","長瀬産業","東証およびＰＴＳ",,"確報",900,3700,23500,6400,0,32700,-9200,4072500,16742500,106337500,28960000,0,147967500,-41630000,,,0,0,2498500,0,0,2498500,13.6,9.2,8.4,8.8,15.7,137.9,28.1
"2026/02/09","2026/02/12","8013","ナイガイ","東証およびＰＴＳ",,"確報",500,0,179900,0,0,0,179900,149000,0,53610200,0,0,0,53610200,,,0,0,0,179400,0,0,716.6,447.9,1791.4,716.6,0,0,0
"2026/02/09","2026/02/12","8014","蝶理","東証およびＰＴＳ",,"確報",0,200,3000,0,200,3000,0,0,883000,13245000,0,883000,13245000,0,,,0,0,144000,0,0,144000,23.8,17.9,28.6,22,20.4,35.8,26
"2026/02/09","2026/02/12","8015","豊田通商","東証およびＰＴＳ",,"確報",800,8400,33700,2900,200,7600,26100,5373600,56422800,226362900,19479300,1343400,51049200,175313700,,,0,0,15817900,0,0,1876700,9.4,38.8,8,13.2,2.1,4.1,2.8
"2026/02/09","2026/02/12","8016","オンワードＨＤ","東証およびＰＴＳ",,"確報",4900,3800,14100,2900,1800,14100,0,3733800,2895600,10744200,2209800,1371600,10744200,0,,,0,0,13000,0,0,13000,4.1,4.2,2,2.7,6.4,15,8.9
"2026/02/09","2026/02/12","8018","三共生興","東証およびＰＴＳ",,"確報",800,0,152500,300,2700,30600,121900,681600,0,129930000,255600,2300400,26071200,103858800,,,0,0,6219700,0,0,1353000,93.3,508.6,293.4,372.1,17.3,23.6,20
"2026/02/09","2026/02/12","8020","兼松","東証およびＰＴＳ",,"確報",10200,5300,49600,21000,200,21000,28600,22302300,11588450,108450400,45916500,437300,45916500,62533900,,,0,0,3531300,0,0,15800,8.7,11,14.8,12.6,1,106,2
"2026/02/09","2026/02/12","8022","美津濃","東証およびＰＴＳ",,"確報",100,1600,16400,0,3300,11900,4500,366500,5864000,60106000,0,12094500,43613500,16492500,,,0,0,984500,0,0,836000,4.2,3.6,3.4,3.5,6.5,7.8,7.1
"2026/02/09","2026/02/12","8023","ＤＡＩＫＯＸＴ","東証およびＰＴＳ",,"確報",100,0,7100,0,0,0,7100,111500,0,7916500,0,0,0,7916500,,,0,0,175000,0,0,0,234.7,176,352,234.7,0,0,0
"2026/02/09","2026/02/12","8025","ツカモトコーポ","東証およびＰＴＳ",,"確報",0,0,500,0,0,0,500,0,0,681500,0,0,0,681500,,,0,0,0,2500,0,0,12.7,6.3,0,12.7,0,0,0
"2026/02/09","2026/02/12","8029","ルックＨＤ","東証およびＰＴＳ",,"確報",0,800,7700,0,800,7700,0,0,1984000,19096000,0,1984000,19096000,0,,,0,0,178500,0,0,178500,22.5,37.4,16.6,23,34.5,16,21.9
"2026/02/09","2026/02/12","8030","中央魚類","東証およびＰＴＳ",,"確報",0,0,1900,0,0,100,1800,0,0,7524000,0,0,396000,7128000,,,0,0,47500,0,0,2500,18.4,126,10.5,19.4,3,0,6
"2026/02/09","2026/02/12","8031","三井物産","東証およびＰＴＳ",,"確報",67000,20000,143900,358200,0,455100,-311200,359388000,107280000,771879600,1921384800,0,2441156400,-1669276800,,,0,0,18217200,0,0,18217200,3.7,3.9,5.1,4.4,2.2,7.7,3.4
"2026/02/09","2026/02/12","8032","日本紙パルプ商事","東証およびＰＴＳ",,"確報",17300,0,30000,0,800,140500,-110500,17992000,0,31200000,0,832000,146120000,-114920000,,,0,0,101600,0,0,1130400,29.5,4.1,18.7,6.7,30.1,134.5,49.3
"2026/02/09","2026/02/12","8035","東京エレクトロン","東証およびＰＴＳ",,"確報",5300,12300,71500,2700,4500,8700,62800,215180000,499380000,2902900000,109620000,182700000,353220000,2549680000,,,0,0,0,33755000,4515000,0,8.7,12.5,10.1,11.2,3.8,3.4,3.6
"2026/02/09","2026/02/12","8037","カメイ","東証およびＰＴＳ",,"確報",0,100,400,100,100,300,100,0,329000,1316000,329000,329000,987000,329000,,,0,0,32500,0,0,19500,10.6,24,12,16,6.5,6.5,6.5
"2026/02/09","2026/02/12","8039","築地魚市場","東証およびＰＴＳ",,"確報",0,0,1200,0,0,0,1200,0,0,4716000,0,0,0,4716000,,,0,0,18000,0,0,0,0,0,0,0,0,0,0
"2026/02/09","2026/02/12","8040","東京ソワール","東証およびＰＴＳ",,"確報",0,100,1800,0,0,0,1800,0,106600,1918800,0,0,0,1918800,,,0,0,1900,0,0,0,91,91,91,91,0,0,0
"2026/02/09","2026/02/12","8041","ＯＵＧＨＤ","東証およびＰＴＳ",,"確報",0,200,2900,0,0,0,2900,0,816000,11832000,0,0,0,11832000,,,0,0,62000,0,0,0,23.3,0,11.6,23.3,0,0,0
"2026/02/09","2026/02/12","8043","スターゼン","東証およびＰＴＳ",,"確報",1400,0,5600,100,1100,500,5100,1916600,0,7666400,136900,1505900,684500,6981900,,,0,0,79800,0,0,28500,8.3,8.4,57,14.7,1.2,1.8,1.4
"2026/02/09","2026/02/12","8045","横浜丸魚","東証およびＰＴＳ",,"確報",0,0,400,0,0,0,400,0,0,692000,0,0,0,692000,,,0,0,28000,0,0,0,0,0,0,0,0,0,0
"2026/02/09","2026/02/12","8046","丸藤シートパイル","東証およびＰＴＳ",,"確報",0,0,1500,0,0,0,1500,0,0,7327500,0,0,0,7327500,,,0,0,0,15000,0,0,3.5,17.4,1.9,3.5,0,0,0
"2026/02/09","2026/02/12","8050","セイコーグループ","東証およびＰＴＳ",,"確報",0,500,100,3100,1400,8700,-8600,0,4190000,838000,25978000,11732000,72906000,-72068000,,,0,0,288000,0,0,3360000,9.5,29,4.1,7.3,9.3,10.2,9.7
"2026/02/09","2026/02/12","8051","山善","東証およびＰＴＳ",,"確報",200,500,16000,1000,0,32700,-16700,296600,741500,23728000,1483000,0,48494100,-24766100,,,0,0,456400,0,0,887600,40.4,37.7,19.7,25.9,76,46.9,58
"2026/02/09","2026/02/12","8052","椿本興業","東証およびＰＴＳ",,"確報",0,0,4200,300,300,4200,0,0,0,12377400,884100,884100,12377400,0,,,0,0,138600,0,0,138600,15.5,11.8,33.5,17.5,10.1,22.3,13.9
"2026/02/09","2026/02/12","8053","住友商事","東証およびＰＴＳ",,"確報",1200,22700,95000,100,4500,11700,83300,7599600,143759100,601635000,633300,28498500,74096100,527538900,,,0,0,21436000,0,0,2962400,11.4,9.9,15.8,12.2,6.2,8.6,7.2
"2026/02/09","2026/02/12","8056","ＢＩＰＲＯＧＹ","東証およびＰＴＳ",,"確報",100,800,6000,800,0,1900,4100,471400,3771200,28284000,3771200,0,8956600,19327400,,,0,0,93800,0,0,15400,7.6,11.3,25.5,15.7,2.7,2.9,2.8
"2026/02/09","2026/02/12","8057","内田洋行","東証およびＰＴＳ",,"確報",0,400,14100,0,0,4500,9600,0,830800,29285700,0,0,9346500,19939200,,,0,0,362500,0,0,112500,9.9,204.6,4.1,8.1,0,0,0
"2026/02/09","2026/02/12","8058","三菱商事","東証およびＰＴＳ",,"確報",46200,64900,479100,66600,13700,525000,-45900,227535000,319632500,2359567500,328005000,67472500,2585625000,-226057500,,,0,0,100555600,0,0,95364200,12.8,25.6,16.5,20.1,7.1,13.5,9.3
"2026/02/09","2026/02/12","8059","第一実業","東証およびＰＴＳ",,"確報",0,700,6000,200,600,1400,4600,0,2446500,20970000,699000,2097000,4893000,16077000,,,0,0,636500,0,0,171000,5.5,10.3,26.3,14.8,2,2.1,2.1
"2026/02/09","2026/02/12","8060","キヤノンＭＪ","東証およびＰＴＳ",,"確報",0,300,4900,1100,0,2600,2300,0,2116200,34564600,7759400,0,18340400,16224200,,,0,0,421200,0,0,121500,12,20.1,13.7,16.3,3.5,40.5,6.5
"2026/02/09","2026/02/12","8061","西華産業","東証およびＰＴＳ",,"確報",0,200,14000,0,0,0,14000,0,478600,33502000,0,0,0,33502000,,,0,0,610600,0,0,0,19.2,19.1,19.7,19.4,0,1,2
"2026/02/09","2026/02/12","8065","佐藤商事","東証およびＰＴＳ",,"確報",1400,700,3500,0,100,2700,800,3406200,1703100,8515500,0,243300,6569100,1946400,,,0,0,137200,0,0,137200,6,3.5,3.7,3.6,23.3,20,21.5
"2026/02/09","2026/02/12","8066","三谷商事","東証およびＰＴＳ",,"確報",0,200,500,100,0,800,-300,0,518800,1297000,259400,0,2075200,-778200,,,0,0,65800,0,0,65800,6.5,4.1,3.7,3.9,11.7,35,17.5
"2026/02/09","2026/02/12","8070","東京産業","東証およびＰＴＳ",,"確報",400,2500,13300,0,300,4000,9300,388000,2425000,12901000,0,291000,3880000,9021000,,,0,0,77000,0,0,21500,23.2,30.6,18.4,22.9,0,12.1,24.1
"2026/02/09","2026/02/12","8074","ユアサ商事","東証およびＰＴＳ",,"確報",200,0,2400,0,200,100,2300,1202000,0,14424000,0,1202000,601000,13823000,,,0,0,0,66000,9000,0,14.3,61,11.1,18.8,2.3,3.5,2.8
"2026/02/09","2026/02/12","8075","神鋼商事","東証およびＰＴＳ",,"確報",700,500,12500,200,0,12500,0,1941100,1386500,34662500,554600,0,34662500,0,,,0,0,0,344400,344400,0,12.1,12,18,14.4,5.1,199.5,10
"2026/02/09","2026/02/12","8076","カノークス","東証およびＰＴＳ",,"確報",0,0,1400,0,100,100,1300,0,0,3045000,0,217500,217500,2827500,,,0,0,36400,0,0,5200,23.1,70,0,140,11,2.2,3.7
"2026/02/09","2026/02/12","8077","トルク","東証およびＰＴＳ",,"確報",0,100,15600,0,0,1900,13700,0,22200,3463200,0,0,421800,3041400,,,0,0,47100,0,0,5700,221.3,395,158,225.7,0,95,190
"2026/02/09","2026/02/12","8078","阪和興業","東証およびＰＴＳ",,"確報",100,600,6100,100,600,6100,0,833000,4998000,50813000,833000,4998000,50813000,0,,,0,0,1254000,0,0,1254000,14.6,40.9,6.3,10.9,28.3,34.6,31.1
"2026/02/09","2026/02/12","8079","正栄食品工業","東証およびＰＴＳ",,"確報",500,100,13300,1300,200,20800,-7500,2055000,411000,54663000,5343000,822000,85488000,-30825000,,,0,0,0,129000,197000,0,34.8,81,162,108,21.5,28.5,24.5
"2026/02/09","2026/02/12","8081","カナデン","東証およびＰＴＳ",,"確報",0,200,1400,0,0,0,1400,0,442600,3098200,0,0,0,3098200,,,0,0,41600,0,0,0,11.1,10.3,12,11.1,0,0,0
"2026/02/09","2026/02/12","8084","ＲＹＯＤＥＮ","東証およびＰＴＳ",,"確報",300,800,4600,0,500,4600,0,1095000,2920000,16790000,0,1825000,16790000,0,,,0,0,229500,0,0,229500,13.2,16.6,7.9,10.7,40.4,10.9,17.2
"2026/02/09","2026/02/12","8085","ナラサキ産業","東証およびＰＴＳ",,"確報",0,0,700,0,0,0,700,0,0,2884000,0,0,0,2884000,,,0,0,24500,0,0,0,18.5,0,9.3,18.5,0,0,0
"2026/02/09","2026/02/12","8086","ニプロ","東証およびＰＴＳ",,"確報",17900,2400,33000,0,4900,98100,-65100,25919200,3475200,47784000,0,7095200,142048800,-94264800,,,0,0,61250,0,0,360500,25.5,5.1,14.6,7.6,59.6,42.8,49.9
"2026/02/09","2026/02/12","8088","岩谷産業","東証およびＰＴＳ",,"確報",1600,3000,22400,0,600,0,22400,3080000,5775000,43120000,0,1155000,0,43120000,,,0,0,0,476000,12000,0,11.8,19.2,9.5,12.8,4.3,1.7,2.5
"2026/02/09","2026/02/12","8089","ナイス","東証およびＰＴＳ",,"確報",0,0,2900,0,0,900,2000,0,0,5791300,0,0,1797300,3994000,,,0,0,81200,0,0,25200,72.8,71,0,142,20,40,26.7
"2026/02/09","2026/02/12","8091","ニチモウ","東証およびＰＴＳ",,"確報",700,0,3500,0,200,1000,2500,1832600,0,9163000,0,523600,2618000,6545000,,,0,0,100800,0,0,43200,18.9,11.2,26.8,15.8,0,16,32
"2026/02/09","2026/02/12","8093","極東貿易","東証およびＰＴＳ",,"確報",3400,0,8200,400,0,2900,5300,7177400,0,17310200,844400,0,6121900,11188300,,,0,0,638400,0,0,332500,11.9,5.7,35.4,9.8,15,60,24
"2026/02/09","2026/02/12","8095","アステナＨＤ","東証およびＰＴＳ",,"確報",0,3400,20100,3600,0,17100,3000,0,1632000,9648000,1728000,0,8208000,1440000,,,0,0,0,23500,13500,0,19.4,19.4,18.7,19.1,18.4,21.5,19.8
"2026/02/09","2026/02/12","8097","三愛オブリ","東証およびＰＴＳ",,"確報",200,200,11600,0,2500,20300,-8700,451400,451400,26181200,0,5642500,45817100,-19635900,,,0,0,92800,0,0,182400,31.8,53.1,36.5,43.3,24.4,32,27.7
"2026/02/09","2026/02/12","8098","稲畑産業","東証およびＰＴＳ",,"確報",600,400,3000,500,200,3100,-100,2397000,1598000,11985000,1997500,799000,12384500,-399500,,,0,0,126000,0,0,126000,3.8,2.2,3.5,2.7,13.7,3.6,5.7
"2026/02/09","2026/02/12","8101","ＧＳＩクレオス","東証およびＰＴＳ",,"確報",4500,200,8000,5000,700,8000,0,12154500,540200,21608000,13505000,1890700,21608000,0,,,0,0,503200,0,0,503200,5.1,3.1,10.7,4.8,3.4,15.2,5.5
"2026/02/09","2026/02/12","8103","明和産業","東証およびＰＴＳ",,"確報",0,1200,19300,100,0,300,19000,0,1173600,18875400,97800,0,293400,18582000,,,0,0,328000,0,0,3200,9.3,17.9,18.5,18.2,18.1,2,3.6
"2026/02/09","2026/02/12","8104","クワザワＨＤ","東証およびＰＴＳ",,"確報",600,0,3800,0,0,0,3800,363600,0,2302800,0,0,0,2302800,,,0,0,0,124800,0,0,31.8,17.7,159,31.8,0,0,0
"2026/02/09","2026/02/12","8105","ＢｉｔｃｏｉｎＪＰＮ","東証およびＰＴＳ",,"確報",9800,49700,865600,0,0,0,865600,2244200,11381300,198222400,0,0,0,198222400,,,0,0,0,9055000,0,0,60.5,61.6,59.4,60.5,0,0,0
"2026/02/09","2026/02/12","8107","キムラタン","東証およびＰＴＳ",,"確報",0,35100,107400,0,0,0,107400,0,1088100,3329400,0,0,0,3329400,,,0,0,0,142500,0,0,14.9,14.2,15.7,14.9,0,0,0
"2026/02/09","2026/02/12","8111","ゴールドウィン","東証およびＰＴＳ",,"確報",1200,2300,27300,0,1000,1800,25500,2986200,5723550,67936050,0,2488500,4479300,63456750,,,0,0,738400,0,0,72800,22.3,21.5,29.9,25,10.4,8.7,9.5
"2026/02/09","2026/02/12","8113","ユニ・チャーム","東証およびＰＴＳ",,"確報",7800,3800,293500,2800,47200,25200,268300,7332000,3572000,275890000,2632000,44368000,23688000,252202000,,,0,0,0,17370000,4176000,0,23,157.9,25,43.1,9.2,4.7,6.2
"2026/02/09","2026/02/12","8115","ムーンバット","東証およびＰＴＳ",,"確報",0,100,1600,0,0,0,1600,0,146600,2345600,0,0,0,2345600,,,0,0,22100,0,0,0,84,0,42,84,0,0,0
"2026/02/09","2026/02/12","8117","中央自動車工業","東証およびＰＴＳ",,"確報",100,1500,13100,0,1400,13100,0,209700,3145500,27470700,0,2935800,27470700,0,,,0,0,159500,0,0,159500,18.1,26.6,10.9,15.5,53.2,13.8,21.9
"2026/02/09","2026/02/12","8118","キング","東証およびＰＴＳ",,"確報",0,100,11500,300,300,7100,4400,0,97400,11201000,292200,292200,6915400,4285600,,,0,0,0,0,0,0,72.5,591,98.5,168.9,32,44,37.1
"2026/02/09","2026/02/12","8119","三栄コーポレーション","東証およびＰＴＳ",,"確報",100,0,1000,0,0,0,1000,85100,0,851000,0,0,0,851000,,,0,0,0,4500,0,0,18.5,9.3,0,18.5,0,0,0
"2026/02/09","2026/02/12","8123","川辺","東証およびＰＴＳ",,"確報",0,0,1800,0,0,0,1800,0,0,2696400,0,0,0,2696400,,,0,0,12600,0,0,0,0,0,0,0,0,0,0
"2026/02/09","2026/02/12","8125","ワキタ","東証およびＰＴＳ",,"確報",1100,3700,100300,0,4900,51500,48800,2264900,7618300,206517700,0,10089100,106038500,100479200,,,0,0,411600,0,0,225600,4.2,2.9,2.5,2.7,49,15.4,23.5
"2026/02/09","2026/02/12","8127","ヤマトインタ","東証およびＰＴＳ",,"確報",0,0,4400,200,0,63200,-58800,0,0,2631200,119600,0,37793600,-35162400,,,0,0,0,8800,126000,0,59.4,53.5,53.5,53.5,669.4,31.3,59.8
"2026/02/09","2026/02/12","8129","東邦ホールディングス","東証およびＰＴＳ",,"確報",0,400,7300,0,0,7900,-600,0,1900400,34682300,0,0,37532900,-2850600,,,0,0,731500,0,0,750500,13,5.4,8.2,6.5,404,80.8,134.7
"2026/02/09","2026/02/12","8130","サンゲツ","東証およびＰＴＳ",,"確報",1300,1200,7900,100,0,7900,0,4225000,3900000,25675000,325000,0,25675000,0,,,0,0,39000,0,0,39000,10,9.9,3.6,5.3,55.3,193.5,86
"2026/02/09","2026/02/12","8131","ミツウロコＧＨＤ","東証およびＰＴＳ",,"確報",500,0,5500,1100,400,12500,-7000,1138500,0,12523500,2504700,910800,28462500,-15939000,,,0,0,230000,0,0,542800,16.9,43,86,57.3,10,17.8,12.8
"2026/02/09","2026/02/12","8132","シナネンＨＤ","東証およびＰＴＳ",,"確報",0,0,100,100,300,10900,-10800,0,0,632000,632000,1896000,68888000,-68256000,,,0,0,0,8000,888000,0,29.5,5,2,2.9,28.2,48.7,35.7
"2026/02/09","2026/02/12","8133","伊藤忠エネクス","東証およびＰＴＳ",,"確報",0,100,12700,100,2500,6000,6700,0,193500,24574500,193500,4837500,11610000,12964500,,,0,0,166400,0,0,109200,18.6,64.2,58.4,61.1,24.9,5.8,9.4
"2026/02/09","2026/02/12","8135","ゼット","東証およびＰＴＳ",,"確報",0,200,54800,0,0,0,54800,0,109200,29920800,0,0,0,29920800,,,0,0,0,220000,0,0,90.3,142.2,66.1,90.3,0,0,0
"2026/02/09","2026/02/12","8136","サンリオ","東証およびＰＴＳ",,"確報",1600,18800,1248500,100,0,2700,1245800,7600000,89300000,5930375000,475000,0,12825000,5917550000,,,0,0,20251200,0,0,41600,43.6,73.5,31.7,44.3,6.1,5.7,5.9
"2026/02/09","2026/02/12","8137","サンワテクノス","東証およびＰＴＳ",,"確報",100,100,2900,0,0,2900,0,322500,322500,9352500,0,0,9352500,0,,,0,0,130500,0,0,130500,10.9,5.9,12.9,8.1,14.8,18.5,16.4
"2026/02/09","2026/02/12","8138","三京化成","東証およびＰＴＳ",,"確報",0,0,0,0,0,0,0,0,0,0,0,0,0,0,,,0,0,0,0,0,0,0,0,0,0,0,0,0
"2026/02/09","2026/02/12","8139","ナガホリ","東証およびＰＴＳ",,"確報",200,100,432400,0,0,0,432400,422600,211300,913661200,0,0,0,913661200,,,0,0,0,6916800,0,0,39.1,845.9,20,39.1,0,0,0
"2026/02/09","2026/02/12","8141","新光商事","東証およびＰＴＳ",,"確報",0,0,97400,0,4300,80200,17200,0,0,104705000,0,4622500,86215000,18490000,,,0,0,389600,0,0,338000,71.6,54.3,698.3,100.8,44.3,67.2,53.4
"2026/02/09","2026/02/12","8142","トーホー","東証およびＰＴＳ",,"確報",300,1500,96200,0,300,3900,92300,391200,1956000,125444800,0,391200,5085600,120359200,,,0,0,1948000,0,0,84000,5,6.6,6.8,6.7,150.5,0.8,1.6
"2026/02/09","2026/02/12","8143","ラピーヌ","東証およびＰＴＳ",,"確報",0,100,1400,0,0,0,1400,0,22500,315000,0,0,0,315000,,,0,0,0,0,0,0,148,0,74,148,0,0,0
"2026/02/09","2026/02/12","8144","デンキョーグループ","東証およびＰＴＳ",,"確報",0,0,0,0,0,0,0,0,0,0,0,0,0,0,,,0,0,0,0,0,0,0,0,0,0,0,0,0
"2026/02/09","2026/02/12","8147","トミタ","東証およびＰＴＳ",,"確報",0,0,3300,0,0,0,3300,0,0,4653000,0,0,0,4653000,,,0,0,148500,0,0,0,330,165,0,330,0,0,0
"2026/02/09","2026/02/12","8150","三信電気","東証およびＰＴＳ",,"確報",0,2000,14200,0,0,0,14200,0,6230000,44233000,0,0,0,44233000,,,0,0,405000,0,0,0,11.9,9.4,16.3,11.9,0,0,0
"2026/02/09","2026/02/12","8151","東陽テクニカ","東証およびＰＴＳ",,"確報",3100,2800,16800,300,0,16800,0,5862100,5294800,31768800,567300,0,31768800,0,,,0,0,544500,0,0,544500,20.6,10.3,16.7,12.7,27,0,54.1
"2026/02/09","2026/02/12","8152","ソマール","東証およびＰＴＳ",,"確報",0,0,3800,0,0,0,3800,0,0,22648000,0,0,0,22648000,,,0,0,0,0,0,0,0,0,0,0,0,0,0
"2026/02/09","2026/02/12","8153","モスフードサービス","東証およびＰＴＳ",,"確報",0,1200,1200,2000,600,23600,-22400,0,5154000,5154000,8590000,2577000,101362000,-96208000,,,0,0,48000,0,0,444000,23.7,69.5,4.8,9,26,34.6,29.7
"2026/02/09","2026/02/12","8154","加賀電子","東証およびＰＴＳ",,"確報",100,200,5600,200,300,5600,0,395000,790000,22120000,790000,1185000,22120000,0,,,0,0,456000,0,0,456000,20.7,14.7,15.5,15.1,31,34.9,32.8
"2026/02/09","2026/02/12","8157","都築電気","東証およびＰＴＳ",,"確報",0,100,35000,300,0,5600,29400,0,374000,130900000,1122000,0,20944000,109956000,,,0,0,1579500,0,0,238500,63.3,366,50.8,89.3,19.3,26.3,22.2
"2026/02/09","2026/02/12","8158","ソーダニッカ","東証およびＰＴＳ",,"確報",200,1400,11200,100,0,6000,5200,235800,1650600,13204800,117900,0,7074000,6130800,,,0,0,173600,0,0,82600,15.5,12.2,10.7,11.4,100.7,100.7,100.7
"2026/02/09","2026/02/12","8159","立花エレテック","東証およびＰＴＳ",,"確報",0,400,5600,300,400,6400,-800,0,1236000,17304000,927000,1236000,19776000,-2472000,,,0,0,0,210000,227500,0,17.5,11.7,28,16.5,11,59.4,18.6
"2026/02/09","2026/02/12","8160","木曽路","東証およびＰＴＳ",,"確報",0,200,6800,1600,100,43800,-37000,0,515400,17523600,4123200,257700,112872600,-95349000,,,0,0,0,98000,592200,0,27.8,10.8,8.2,9.3,30.5,72.6,43
"2026/02/09","2026/02/12","8163","ＳＲＳＨＤ","東証およびＰＴＳ",,"確報",500,7200,29800,3000,1200,71200,-41400,635500,9151200,37875800,3813000,1525200,90495200,-52619400,,,0,0,0,474500,902200,0,26.2,30.5,12.9,18.1,38.4,29.5,33.4
"2026/02/09","2026/02/12","8165","千趣会","東証およびＰＴＳ",,"確報",5200,600,135500,0,4000,740700,-605200,1071200,123600,27913000,0,824000,152584200,-124671200,,,0,0,0,0,0,0,260.4,77.7,206.3,112.8,1390,192.5,338.1
"2026/02/09","2026/02/12","8166","タカキュー","東証およびＰＴＳ",,"確報",0,2700,57600,0,0,0,57600,0,237600,5068800,0,0,0,5068800,,,0,0,60300,0,0,0,65.1,72.3,59.3,65.1,0,0,0
"2026/02/09","2026/02/12","8167","リテールパートナーズ","東証およびＰＴＳ",,"確報",400,0,57700,200,300,10200,47500,559600,0,80722300,279800,419700,14269800,66452500,,,0,0,171900,0,0,30900,60.8,58.9,288.4,97.8,16.3,24.9,19.7
"2026/02/09","2026/02/12","8173","上新電機","東証およびＰＴＳ",,"確報",500,200,3000,3100,100,35100,-32100,1373000,549200,8238000,8512600,274600,96384600,-88146600,,,0,0,37800,0,0,449400,12.8,3.9,8.9,5.4,18.7,12.2,14.7
"2026/02/09","2026/02/12","8174","日本瓦斯","東証およびＰＴＳ",,"確報",400,500,2800,100,100,2800,0,1168000,1460000,8176000,292000,292000,8176000,0,,,0,0,100050,0,0,96600,3.4,3.1,4.2,3.5,5.3,2.4,3.3
"2026/02/09","2026/02/12","8179","ロイヤルＨＤ","東証およびＰＴＳ",,"確報",0,4200,17300,7200,700,128300,-111000,0,5812800,23943200,9964800,968800,177567200,-153624000,,,0,0,559000,0,0,3166800,25.1,17.6,6.6,9.6,32.2,39.2,35.3
"2026/02/09","2026/02/12","8181","東天紅","東証およびＰＴＳ",,"確報",0,0,400,0,0,0,400,0,0,438400,0,0,0,438400,,,0,0,0,8800,0,0,0,0,0,0,0,0,0
"2026/02/09","2026/02/12","8185","チヨダ","東証およびＰＴＳ",,"確報",21700,66400,47800,9300,0,93800,-46000,24434200,74766400,53822800,10471800,0,105618800,-51796000,,,0,0,462500,0,0,422500,6.4,3.7,2.7,3.1,31.7,206.7,54.9
"2026/02/09","2026/02/12","8194","ライフコーポ","東証およびＰＴＳ",,"確報",500,0,12200,0,0,400,11800,1352500,0,33001000,0,0,1082000,31919000,,,0,0,655200,0,0,22400,27.3,34.7,22.3,27.2,17,0,34
"2026/02/09","2026/02/12","8198","マックスバリュ東海","東証およびＰＴＳ",,"確報",0,100,2600,0,0,0,2600,0,388000,10088000,0,0,0,10088000,,,0,0,0,27000,0,0,53.6,134,33.5,53.6,0,0,0
"2026/02/09","2026/02/12","8200","リンガーハット","東証およびＰＴＳ",,"確報",100,2800,27200,5300,100,60100,-32900,228000,6384000,62016000,12084000,228000,137028000,-75012000,,,0,0,508300,0,0,933300,25.3,98.1,11.7,20.9,24,36.4,28.9
"2026/02/09","2026/02/12","8202","ラオックスＨＤ","東証およびＰＴＳ",,"確報",300,1000,75300,100,800,75300,0,43200,144000,10843200,14400,115200,10843200,0,,,0,0,0,76000,76000,0,51,45.3,91.6,60.6,27.7,106.9,44
"2026/02/09","2026/02/12","8203","ＭｒＭａｘＨＤ","東証およびＰＴＳ",,"確報",0,300,8100,0,0,1000,7100,0,242100,6536700,0,0,807000,5729700,,,0,0,0,0,0,0,16.4,16.3,14.7,15.5,52,26,34.7
"2026/02/09","2026/02/12","8207","テンアライド","東証およびＰＴＳ",,"確報",0,0,2000,0,0,0,2000,0,0,582000,0,0,0,582000,,,0,0,0,0,0,0,2,6.4,1.2,2,0,0,0
"2026/02/09","2026/02/12","8214","ＡＯＫＩＨＤ","東証およびＰＴＳ",,"確報",1500,300,4000,300,1800,1300,2700,2685000,537000,7160000,537000,3222000,2327000,4833000,,,0,0,0,39200,39200,0,5.5,5.7,5.5,5.6,9.4,3.8,5.4
"2026/02/09","2026/02/12","8217","オークワ","東証およびＰＴＳ",,"確報",4300,100,14900,2500,0,35000,-20100,3805500,88500,13186500,2212500,0,30975000,-17788500,,,0,0,10700,0,0,32500,9.9,10.2,4.2,5.9,12.5,14.6,13.5
"2026/02/09","2026/02/12","8218","コメリ","東証およびＰＴＳ",,"確報",800,1800,18800,0,1000,18800,0,2744000,6174000,64484000,0,3430000,64484000,0,,,0,0,792000,0,0,792000,27.4,42.3,17.8,25,59.6,20.3,30.3
"2026/02/09","2026/02/12","8219","青山商事","東証およびＰＴＳ",,"確報",0,15500,5800,46400,0,70800,-65000,0,41974000,15706400,125651200,0,191726400,-176020000,,,0,0,489900,0,0,561200,6.8,28.8,4.6,8,3.4,46.8,6.3
"2026/02/09","2026/02/12","8225","タカチホ","東証およびＰＴＳ",,"確報",0,0,800,0,0,0,800,0,0,3048000,0,0,0,3048000,,,0,0,0,12000,0,0,0,0,0,0,0,0,0
"2026/02/09","2026/02/12","8226","理経","東証およびＰＴＳ",,"確報",24900,31300,127100,0,0,0,127100,14392200,18091400,73463800,0,0,0,73463800,,,0,0,0,133500,0,0,16.9,23.8,13.1,16.9,0,0,0
"2026/02/09","2026/02/12","8227","しまむら","東証およびＰＴＳ",,"確報",300,800,7200,100,400,6000,1200,3246000,8656000,77904000,1082000,4328000,64920000,12984000,,,0,0,808500,0,0,661500,13.1,18,15.8,16.8,9.7,10.4,10.1
"2026/02/09","2026/02/12","8230","はせがわ","東証およびＰＴＳ",,"確報",100,0,2300,100,0,2300,0,33100,0,761300,33100,0,761300,0,,,0,0,0,2200,2200,0,8.4,5.3,11.1,7.1,5.2,0,10.5
"2026/02/09","2026/02/12","8233","高島屋","東証およびＰＴＳ",,"確報",1400,500,765700,275500,4700,594500,171200,3282300,1172250,1795183650,645909750,11019150,1393805250,401378400,,,0,0,85275200,0,0,36092550,17.9,1161.2,934.6,1035.7,4.4,8.6,5.8
"2026/02/09","2026/02/12","8237","松屋","東証およびＰＴＳ",,"確報",0,1000,400,3800,9600,359000,-358600,0,2235000,894000,8493000,21456000,802365000,-801471000,,,0,0,196000,0,0,51072000,48.5,4.3,4.7,4.5,49.5,50,49.7
"2026/02/09","2026/02/12","8242","Ｈ２Ｏリテイリング","東証およびＰＴＳ",,"確報",5300,100,9000,7000,100,9000,0,12725300,240100,21609000,16807000,240100,21609000,0,,,0,0,258400,0,0,142800,2.1,1.8,2.5,2.1,1.5,3,2
"2026/02/09","2026/02/12","8244","近鉄百貨店","東証およびＰＴＳ",,"確報",11600,6800,22100,300,100,22100,0,21286000,12478000,40553500,550500,183500,40553500,0,,,0,0,0,103800,131400,0,5.6,2.7,3.2,2.9,42.1,20.7,27.7
"2026/02/09","2026/02/12","8247","大和","東証およびＰＴＳ",,"確報",0,300,300,0,0,0,300,0,120000,120000,0,0,0,120000,,,0,0,0,0,0,0,7.7,11.5,5.8,7.7,0,0,0
"2026/02/09","2026/02/12","8252","丸井グループ","東証およびＰＴＳ",,"確報",200,500,30000,1200,0,8200,21800,635800,1589500,95370000,3814800,0,26067800,69302200,,,0,0,2302800,0,0,532000,26.3,108.2,17.8,30.6,14.1,21.2,17
"2026/02/09","2026/02/12","8253","クレディセゾン","東証およびＰＴＳ",,"確報",1400,400,3600,1000,0,3600,0,6339200,1811200,16300800,4528000,0,16300800,0,,,0,0,280800,0,0,280800,5.1,4,4.1,4.1,5.1,10.9,6.9
"2026/02/09","2026/02/12","8254","さいか屋","東証およびＰＴＳ",,"確報",8600,5100,20000,0,0,0,20000,3259400,1932900,7580000,0,0,0,7580000,,,0,0,0,825000,0,0,9.1,7.6,11.2,9.1,0,0,0
"2026/02/09","2026/02/12","8255","アクシアル　リテ","東証およびＰＴＳ",,"確報",0,0,2500,0,600,1400,1100,0,0,3177500,0,762600,1779400,1398100,,,0,0,40000,0,0,32000,9.4,30,8.3,13,7.7,5.9,6.7
"2026/02/09","2026/02/12","8260","井筒屋","東証およびＰＴＳ",,"確報",5000,300,559000,0,3200,19800,539200,2525000,151500,282295000,0,1616000,9999000,272296000,,,0,0,0,554300,23000,0,125.4,144.9,261.1,186.4,161,8.2,15.6
"2026/02/09","2026/02/12","8267","イオン","東証およびＰＴＳ",,"確報",500,59500,65000,73400,0,191900,-126900,1116750,132893250,145177500,163938900,0,428608650,-283431150,,,0,0,0,3596000,3436500,0,6.2,9.7,3.3,5,5.4,27.7,9
"2026/02/09","2026/02/12","8273","イズミ","東証およびＰＴＳ",,"確報",0,800,9300,0,800,9300,0,0,2504000,29109000,0,2504000,29109000,0,,,0,0,0,0,0,0,6.4,4.9,34.1,8.5,2.9,16,4.9
"2026/02/09","2026/02/12","8275","フォーバル","東証およびＰＴＳ",,"確報",0,100,2500,0,100,2500,0,0,112900,2822500,0,112900,2822500,0,,,0,0,0,10400,10400,0,18,13,39,19.5,11.7,29.3,16.7
"2026/02/09","2026/02/12","8276","平和堂","東証およびＰＴＳ",,"確報",0,0,1000,4500,3600,32100,-31100,0,0,3030000,13635000,10908000,97263000,-94233000,,,0,0,0,10000,312000,0,14.1,0,16.7,33.3,11.9,16.6,13.8
"2026/02/09","2026/02/12","8278","フジ","東証およびＰＴＳ",,"確報",1200,400,32200,500,0,99300,-67100,2582400,860800,69294400,1076000,0,213693600,-144399200,,,0,0,0,533800,1679600,0,68.5,30.1,19.2,23.4,227.5,131.7,166.8
"2026/02/09","2026/02/12","8281","ゼビオＨＤ","東証およびＰＴＳ",,"確報",300,2700,24900,4800,0,35300,-10400,328800,2959200,27290400,5260800,0,38688800,-11398400,,,0,0,109200,0,0,122000,29.2,23.7,22.5,23.1,24.6,76.2,37.2
"2026/02/09","2026/02/12","8282","ケーズホールディング","東証およびＰＴＳ",,"確報",600,400,12400,13300,4700,39300,-26900,987000,658000,20398000,21878500,7731500,64648500,-44250500,,,0,0,530700,0,0,1335450,9.7,17.5,21.3,19.2,10.8,7,8.5
"2026/02/09","2026/02/12","8283","ＰＡＬＴＡＣ","東証およびＰＴＳ",,"確報",100,1100,4500,0,2900,6400,-1900,485100,5336100,21829500,0,14067900,31046400,-9216900,,,0,0,0,660000,1116000,0,12.1,21.6,18.3,19.8,15.7,7.6,10.3
"2026/02/09","2026/02/12","8285","三谷産業","東証およびＰＴＳ",,"確報",100,700,690000,0,1900,107600,582400,69900,489300,482310000,0,1328100,75212400,407097600,,,0,0,6906000,0,0,1095000,15.3,432.6,7.4,14.5,15.5,207.7,28.8
"2026/02/09","2026/02/12","8289","Ｏｌｙｍｐｉｃグルー","東証およびＰＴＳ",,"確報",100,0,4400,0,100,1200,3200,46200,0,2032800,0,46200,554400,1478400,,,0,0,17200,0,0,5200,21.2,106.5,213,142,94,3.8,7.2
"2026/02/09","2026/02/12","8291","日産東京販売ＨＤ","東証およびＰＴＳ",,"確報",400,600,51800,100,500,20200,31600,210800,316200,27298600,52700,263500,10645400,16653200,,,0,0,0,0,0,0,54.8,651,325.5,434,10,34.7,15.5
"2026/02/09","2026/02/12","8303","ＳＢＩ新生銀行","東証およびＰＴＳ",,"確報",5200,305200,2484100,0,0,0,2484100,10873200,638173200,5194253100,0,0,0,5194253100,,,0,0,0,80738900,0,0,12.2,31.6,7.6,12.2,0,0,0
"2026/02/09","2026/02/12","8304","あおぞら銀行","東証およびＰＴＳ",,"確報",200,5200,21900,10200,100,17900,4000,573100,14900600,62754450,29228100,286550,51292450,11462000,,,0,0,1883000,0,0,546000,5.2,9.9,6.3,7.7,1.8,4.3,2.6
"2026/02/09","2026/02/12","8306","三菱ＵＦＪＦＧ","東証およびＰＴＳ",,"確報",14200,372300,3046500,9900,3200,645700,2400800,41996500,1101077250,9010023750,29279250,9464000,1909657750,7100366000,,,0,0,20427600,0,0,3834000,12.1,13.9,9.5,11.3,14.7,29.5,19.7
"2026/02/09","2026/02/12","8308","りそなＨＤ","東証およびＰＴＳ",,"確報",8600,63800,51000,124100,12800,352800,-301800,18176100,134841300,107788500,262285350,27052800,745642800,-637854300,,,0,0,10566900,0,0,24029250,3,1.7,1.3,1.5,3.4,10.2,5.1
"2026/02/09","2026/02/12","8309","三井住友トラストＧ","東証およびＰＴＳ",,"確報",7600,5400,68500,2400,200,68500,0,41997600,29840400,378531000,13262400,1105200,378531000,0,,,0,0,7757100,0,0,7757100,15.4,9.6,9.5,9.6,22.1,183.3,39.5
"2026/02/09","2026/02/12","8316","三井住友ＦＧ","東証およびＰＴＳ",,"確報",11800,111200,1381100,10400,27100,402800,978300,70611200,665420800,8264502400,62233600,162166400,2410355200,5854147200,,,0,0,109557000,0,0,31043000,21.4,104,14.7,25.7,7.9,28.1,12.4
"2026/02/09","2026/02/12","8331","千葉銀行","東証およびＰＴＳ",,"確報",1100,3500,56600,3700,1400,45900,10700,2655400,8449000,136632400,8931800,3379600,110802600,25829800,,,0,0,4661000,0,0,3444400,5.6,4,5,4.4,6.3,11.7,8.2
"2026/02/09","2026/02/12","8334","群馬銀行","東証およびＰＴＳ",,"確報",1200,6700,21500,300,7800,19500,2000,2667600,14894100,47794500,666900,17339400,43348500,4446000,,,0,0,1350000,0,0,1350000,9.1,10.2,11.4,10.8,6.4,10,7.8
"2026/02/09","2026/02/12","8336","武蔵野銀行","東証およびＰＴＳ",,"確報",22500,1500,30700,0,200,0,30700,139950000,9330000,190954000,0,1244000,0,190954000,,,0,0,2231000,0,0,46000,2.3,1.7,3.5,2.3,11,2.8,4.4
"2026/02/09","2026/02/12","8337","千葉興業銀行","東証およびＰＴＳ",,"確報",200,600,6100,100,500,6100,0,445800,1337400,13596900,222900,1114500,13596900,0,,,0,0,188500,0,0,188500,14.9,11.3,9.1,10.1,40.9,21.8,28.4
"2026/02/09","2026/02/12","8338","筑波銀行","東証およびＰＴＳ",,"確報",24200,25200,289800,11200,12200,289800,0,16601200,17287200,198802800,7683200,8369200,198802800,0,,,0,0,16575600,0,0,16575600,12.8,12.2,7.4,9.2,40.4,13.3,20
"2026/02/09","2026/02/12","8341","七十七銀行","東証およびＰＴＳ",,"確報",700,1500,7500,400,100,7500,0,6596800,14136000,70680000,3769600,942400,70680000,0,,,0,0,2365500,0,0,2052000,7.6,17.3,7.7,10.6,3.9,9.6,5.5
"2026/02/09","2026/02/12","8343","秋田銀行","東証およびＰＴＳ",,"確報",21500,21800,49000,17000,300,66000,-17000,118035000,119682000,269010000,93330000,1647000,362340000,-93330000,,,0,0,3451000,0,0,3451000,6.3,3.8,6.1,4.7,5.4,26.1,9
"2026/02/09","2026/02/12","8344","山形銀行","東証およびＰＴＳ",,"確報",13500,600,38400,31600,0,81300,-42900,33372000,1483200,94924800,78115200,0,200973600,-106048800,,,0,0,1555500,0,0,3031700,7.3,5.1,22.9,8.3,4.2,18,6.9
"2026/02/09","2026/02/12","8345","岩手銀行","東証およびＰＴＳ",,"確報",200,800,4100,100,200,800,3300,1346000,5384000,27593000,673000,1346000,5384000,22209000,,,0,0,517000,0,0,99000,18.2,76,17.5,28.5,5.6,7.5,6.4
"2026/02/09","2026/02/12","8346","東邦銀行","東証およびＰＴＳ",,"確報",144900,0,254600,0,7000,269200,-14600,101719800,0,178729200,0,4914000,188978400,-10249200,,,0,0,2413400,0,0,6076400,9,2.9,5.4,3.8,103.1,33,50
"2026/02/09","2026/02/12","8349","東北銀行","東証およびＰＴＳ",,"確報",0,1300,3700,200,2200,2700,1000,0,2132000,6068000,328000,3608000,4428000,1640000,,,0,0,50000,0,0,47000,6.1,12.4,5.7,7.8,5.8,3.9,4.7
"2026/02/09","2026/02/12","8354","ふくおかＦＧ","東証およびＰＴＳ",,"確報",1700,2800,12500,200,1300,12500,0,12051300,19849200,88612500,1417800,9215700,88612500,0,,,0,0,3032800,0,0,3032800,6.6,8.3,8.5,8.4,3.4,9.1,5
"2026/02/09","2026/02/12","8358","スルガ銀行","東証およびＰＴＳ",,"確報",87400,10000,119300,2800,600,31500,87800,185288000,21200000,252916000,5936000,1272000,66780000,186136000,,,0,0,2765400,0,0,1933800,2.7,1.6,2.7,2,13.5,17.6,15.3
"2026/02/09","2026/02/12","8359","八十二長野銀行","東証およびＰＴＳ",,"確報",300,2600,31200,0,2800,12300,18900,639900,5545800,66549600,0,5972400,26235900,40313700,,,0,0,1356750,0,0,611550,6.7,5.8,7.9,6.7,9.9,5.3,6.9
"2026/02/09","2026/02/12","8360","山梨中央銀行","東証およびＰＴＳ",,"確報",4100,2000,19400,0,200,19400,0,22468000,10960000,106312000,0,1096000,106312000,0,,,0,0,3806000,0,0,4312000,11.5,9.3,5.7,7,58,13.9,22.5
"2026/02/09","2026/02/12","8361","大垣共立銀行","東証およびＰＴＳ",,"確報",400,1800,13900,900,700,12200,1700,2528000,11376000,87848000,5688000,4424000,77104000,10744000,,,0,0,3213000,0,0,2520000,13.3,15.1,8.9,11.2,33.2,11.4,17
"2026/02/09","2026/02/12","8362","福井銀行","東証およびＰＴＳ",,"確報",2800,0,18800,1000,3500,19700,-900,9338000,0,62698000,3335000,11672500,65699500,-3001500,,,0,0,1520000,0,0,2109000,10.9,6.6,32.3,10.9,12,10,10.9
"2026/02/09","2026/02/12","8364","清水銀行","東証およびＰＴＳ",,"確報",0,500,278900,0,2100,31500,247400,0,1414000,788729200,0,5938800,89082000,699647200,,,0,0,15367000,0,0,1848000,482.2,1996.9,776.6,1118.2,0,42.3,84.6
"2026/02/09","2026/02/12","8365","富山銀行","東証およびＰＴＳ",,"確報",300,2300,30800,0,2000,30800,0,734700,5632700,75429200,0,4898000,75429200,0,,,0,0,951200,0,0,951200,13.4,7.7,7.2,7.4,84.7,64.4,73.2
"2026/02/09","2026/02/12","8366","滋賀銀行","東証およびＰＴＳ",,"確報",18300,3300,27400,600,1500,27400,0,163968000,29568000,245504000,5376000,13440000,245504000,0,,,0,0,3472000,0,0,7924000,5.8,2.2,3.2,2.6,40.1,20.6,27.2
"2026/02/09","2026/02/12","8367","南都銀行","東証およびＰＴＳ",,"確報",400,600,9700,100,300,9700,0,2964000,4446000,71877000,741000,2223000,71877000,0,,,0,0,2178000,0,0,2178000,3.6,2.3,2.3,2.3,12.1,11.5,11.8
"2026/02/09","2026/02/12","8368","百五銀行","東証およびＰＴＳ",,"確報",87000,85900,205400,4300,3200,205400,0,137199000,135464300,323915800,6781100,5046400,323915800,0,,,0,0,11849400,0,0,11849400,5.6,3.1,3.1,3.1,30.9,29.8,30.4
"2026/02/09","2026/02/12","8370","紀陽銀行","東証およびＰＴＳ",,"確報",100,2900,13200,300,100,13200,0,419000,12151000,55308000,1257000,419000,55308000,0,,,0,0,1680000,0,0,1365000,7.8,5.6,4.3,4.8,59.7,13.5,22
"2026/02/09","2026/02/12","8377","ほくほくＦＧ","東証およびＰＴＳ",,"確報",3600,0,30000,3700,100,30000,0,22204800,0,185040000,22821600,616800,185040000,0,,,0,0,7180800,0,0,7180800,9.7,6.8,13.3,9,7.7,17,10.6
"2026/02/09","2026/02/12","8381","山陰合同銀行","東証およびＰＴＳ",,"確報",0,1100,11500,1500,0,8400,3100,0,1912900,19998500,2608500,0,14607600,5390900,,,0,0,667800,0,0,365700,15.4,16.2,15.3,15.7,10.2,27.5,14.9
"2026/02/09","2026/02/12","8383","鳥取銀行","東証およびＰＴＳ",,"確報",0,300,3600,0,1200,2300,1300,0,573600,6883200,0,2294400,4397600,2485600,,,0,0,0,42900,38500,0,12,8.5,9.4,9,55.7,11.9,19.6
"2026/02/09","2026/02/12","8386","百十四銀行","東証およびＰＴＳ",,"確報",0,400,8300,0,0,4600,3700,0,3880000,80510000,0,0,44620000,35890000,,,0,0,2262000,0,0,1196000,9.2,10.4,10.4,10.4,9.9,6.6,8
"2026/02/09","2026/02/12","8387","四国銀行","東証およびＰＴＳ",,"確報",1400,0,17200,100,100,4000,13200,3336200,0,40987600,238300,238300,9532000,31455600,,,0,0,1058600,0,0,268000,20.8,10.4,78.8,18.4,34.3,41.2,37.5
"2026/02/09","2026/02/12","8388","阿波銀行","東証およびＰＴＳ",,"確報",900,400,12800,600,100,12800,0,5301000,2356000,75392000,3534000,589000,75392000,0,,,0,0,2829000,0,0,2829000,16.7,22,12,15.6,27.5,13.5,18.1
"2026/02/09","2026/02/12","8392","大分銀行","東証およびＰＴＳ",,"確報",2000,100,13700,2500,600,13700,0,19180000,959000,131383000,23975000,5754000,131383000,0,,,0,0,2006000,0,0,2006000,2.7,4.7,1,1.7,7.5,8,7.7
"2026/02/09","2026/02/12","8393","宮崎銀行","東証およびＰＴＳ",,"確報",300,200,25200,500,0,6300,18900,2718000,1812000,228312000,4530000,0,57078000,171234000,,,0,0,6024000,0,0,1392000,32,103.3,154.9,123.9,9.5,8.6,9
"2026/02/09","2026/02/12","8395","佐賀銀行","東証およびＰＴＳ",,"確報",1500,1600,126900,0,0,0,126900,7710000,8224000,652266000,0,0,0,652266000,,,0,0,16510000,0,0,0,58.5,240.3,33.3,58.5,0,0,0
"2026/02/09","2026/02/12","8399","琉球銀行","東証およびＰＴＳ",,"確報",700,500,10200,1300,1100,10200,0,1715000,1225000,24990000,3185000,2695000,24990000,0,,,0,0,600000,0,0,600000,10.7,8.8,8.9,8.8,13.3,13.6,13.4
"2026/02/09","2026/02/12","8410","セブン銀行","東証およびＰＴＳ",,"確報",42800,1100,205200,1400,84800,37200,168000,12668800,325600,60739200,414400,25100800,11011200,49728000,,,0,0,0,2076450,1531620,0,13.9,16.7,39.2,23.4,42.9,4.7,8.4
"2026/02/09","2026/02/12","8411","みずほＦＧ","東証およびＰＴＳ",,"確報",5000,25700,247400,18900,5500,63400,184000,37795000,194266300,1870096600,142865100,41574500,479240600,1390856000,,,0,0,56837200,0,0,10600000,2.9,37.1,2.3,4.4,3.4,0.6,1
"2026/02/09","2026/02/12","8416","高知銀行","東証およびＰＴＳ",,"確報",1700,4000,29800,900,3200,29800,0,2223600,5232000,38978400,1177200,4185600,38978400,0,,,0,0,0,5103900,5103900,0,5.7,4.7,5.7,5.1,3.8,28.4,6.7
"2026/02/09","2026/02/12","8418","山口ＦＧ","東証およびＰＴＳ",,"確報",8100,3300,18900,4900,100,18900,0,22234500,9058500,51880500,13450500,274500,51880500,0,,,0,0,1163250,0,0,1163250,8.9,5.5,7.4,6.3,11.3,23.4,15.3
"2026/02/09","2026/02/12","8421","信金中央金庫","東証およびＰＴＳ",,"確報",0,7,15,0,0,432,-417,0,1354500,2902500,0,0,83592000,-80689500,,,0,0,15400,0,0,302400,12.6,3.7,3.6,3.6,7.2,0,14.4
"2026/02/09","2026/02/12","8424","芙蓉総合リース","東証およびＰＴＳ",,"確報",300,2500,7600,1500,3700,7600,0,1362600,11355000,34519200,6813000,16805400,34519200,0,,,0,0,803600,0,0,803600,2.2,3.2,3.3,3.3,1.8,1.8,1.8
"2026/02/09","2026/02/12","8425","みずほリース","東証およびＰＴＳ",,"確報",400,200,20100,900,0,7200,12900,594400,297200,29868600,1337400,0,10699200,19169400,,,0,0,616900,0,0,195300,14.1,8.5,30.3,13.3,19.9,14,16.5
"2026/02/09","2026/02/12","8439","東京センチュリー","東証およびＰＴＳ",,"確報",1100,400,34900,500,15200,10200,24700,2404600,874400,76291400,1093000,33227200,22297200,53994200,,,0,0,0,615600,448200,0,16.3,65.2,141.3,89.3,18.8,4.4,7.1
"2026/02/09","2026/02/12","8473","ＳＢＩＨＤ","東証およびＰＴＳ",,"確報",20500,104000,3112600,0,0,200,3112400,71996000,365248000,10931451200,0,0,702400,10930748800,,,0,0,63922000,0,0,4000,44.7,30.7,82.2,44.7,3,0,6
"2026/02/09","2026/02/12","8508","Ｊトラスト","東証およびＰＴＳ",,"確報",5300,0,79700,100,100,4300,75400,2517500,0,37857500,47500,47500,2042500,35815000,,,0,0,520800,0,0,30100,2.2,2.1,2.1,2.1,12.8,9.5,10.9
"2026/02/09","2026/02/12","8511","日本証券金融","東証およびＰＴＳ",,"確報",1200,200,41300,200,1500,65000,-23700,2654400,442400,91355600,442400,3318000,143780000,-52424400,,,0,0,926900,0,0,1524900,39.1,16.6,44,24.1,38.3,160.8,61.8
"2026/02/09","2026/02/12","8515","アイフル","東証およびＰＴＳ",,"確報",302700,5300,678200,3200,800,32100,646100,167998500,2941500,376401000,1776000,444000,17815500,358585500,,,0,0,3046400,0,0,237600,6.8,7.3,5.8,6.4,25.9,24.7,25.3
"2026/02/09","2026/02/12","8518","日本アジア投資","東証およびＰＴＳ",,"確報",0,2600,83700,0,0,0,83700,0,512200,16488900,0,0,0,16488900,,,0,0,0,0,0,0,133.9,153.1,119.1,133.9,0,0,0
"2026/02/09","2026/02/12","8522","名古屋銀行","東証およびＰＴＳ",,"確報",0,0,15800,0,0,8000,7800,0,0,92904000,0,0,47040000,45864000,,,0,0,4582000,0,0,2320000,23.3,14.5,17.6,15.9,402,100.5,160.8
"2026/02/09","2026/02/12","8524","北洋銀行","東証およびＰＴＳ",,"確報",198800,159600,535000,3900,0,535000,0,198800000,159600000,535000000,3900000,0,535000000,0,,,0,0,11403400,0,0,12215300,9.7,4.9,5.5,5.2,37.2,221.7,63.7
"2026/02/09","2026/02/12","8537","大光銀行","東証およびＰＴＳ",,"確報",0,100,23100,100,200,1500,21600,0,255800,59089800,255800,511600,3837000,55252800,,,0,0,951200,0,0,65600,30.3,35.3,32.3,33.7,7.6,22.7,11.3
"2026/02/09","2026/02/12","8541","愛媛銀行","東証およびＰＴＳ",,"確報",6800,35100,16000,0,700,38900,-22900,12872400,66444300,30288000,0,1325100,73637700,-43349700,,,0,0,3278200,0,0,2930400,4.2,2.2,1.8,2,86.6,16.9,28.3
"2026/02/09","2026/02/12","8542","トマト銀行","東証およびＰＴＳ",,"確報",0,900,2600,0,900,2600,0,0,1650600,4768400,0,1650600,4768400,0,,,0,0,63000,0,0,63000,4.1,4.7,5.3,5,2.8,4.4,3.4
"2026/02/09","2026/02/12","8544","京葉銀行","東証およびＰＴＳ",,"確報",5300,0,48900,600,1300,54900,-6000,11320800,0,104450400,1281600,2776800,117266400,-12816000,,,0,0,4752400,0,0,6060400,3.5,1.9,2,2,114.5,15,26.6
"2026/02/09","2026/02/12","8550","栃木銀行","東証およびＰＴＳ",,"確報",1500,21400,75600,200,18100,59600,16000,1507500,21507000,75978000,201000,18190500,59898000,16080000,,,0,0,668500,0,0,542500,12.9,50,6.5,11.6,15.2,15.8,15.5
"2026/02/09","2026/02/12","8551","北日本銀行","東証およびＰＴＳ",,"確報",2400,0,43400,0,100,2500,40900,12312000,0,222642000,0,513000,12825000,209817000,,,0,0,5535000,0,0,351000,2.3,1.6,3,2.1,47.3,15.8,23.7
"2026/02/09","2026/02/12","8558","東和銀行","東証およびＰＴＳ",,"確報",400,300,38200,1100,0,24500,13700,483200,362400,46145600,1328800,0,29596000,16549600,,,0,0,1143000,0,0,702000,26,40.9,74,52.7,11,22.2,14.7
"2026/02/09","2026/02/12","8562","福島銀行","東証およびＰＴＳ",,"確報",30500,7100,184000,13100,7600,408600,-224600,12444000,2896800,75072000,5344800,3100800,166708800,-91636800,,,0,0,0,1445400,3627900,0,7.3,6.9,1.3,2.3,21.8,102.8,36
"2026/02/09","2026/02/12","8563","大東銀行","東証およびＰＴＳ",,"確報",1400,3000,102400,5400,1300,32300,70100,1573600,3372000,115097600,6069600,1461200,36305200,78792400,,,0,0,5200000,0,0,1410000,20.7,50.6,35.3,41.5,3.3,53.8,6.2
"2026/02/09","2026/02/12","8566","リコーリース","東証およびＰＴＳ",,"確報",0,3100,2900,0,1200,16900,-14000,0,18910000,17690000,0,7320000,103090000,-85400000,,,0,0,1080000,0,0,3258000,16.5,3.2,3.6,3.4,154.3,25,43.1
"2026/02/09","2026/02/12","8570","イオンＦＳ","東証およびＰＴＳ",,"確報",0,8800,32100,300,9100,32100,0,0,15637600,57041700,533100,16170700,57041700,0,,,0,0,0,265850,265850,0,21.8,27.9,15.2,19.6,38.9,17.9,24.6
"2026/02/09","2026/02/12","8572","アコム","東証およびＰＴＳ",,"確報",0,13600,109000,2600,0,48200,60800,0,7062480,56603700,1350180,0,25030260,31573440,,,0,0,1728660,0,0,642960,25.3,58.4,18,27.5,15.2,32.3,20.7
"2026/02/09","2026/02/12","8584","ジャックス","東証およびＰＴＳ",,"確報",100,300,14600,0,200,14600,0,431000,1293000,62926000,0,862000,62926000,0,,,0,0,592000,0,0,592000,3.6,2.5,2.5,2.5,17,17.8,17.3
"2026/02/09","2026/02/12","8585","オリエントコーポ","東証およびＰＴＳ",,"確報",300,800,26500,300,1000,23900,2600,347100,925600,30660500,347100,1157000,27652300,3008200,,,0,0,189000,0,0,172200,29,27.8,19,22.6,41.4,42.9,42.1
"2026/02/09","2026/02/12","8591","オリックス","東証およびＰＴＳ",,"確報",11900,0,76200,2900,0,3100,73100,59880800,0,383438400,14592800,0,15599200,367839200,,,0,0,6365700,0,0,19800,13.7,17.2,14,15.4,1.4,2.8,1.9
"2026/02/09","2026/02/12","8593","三菱ＨＣキャピタル","東証およびＰＴＳ",,"確報",0,12600,90200,2400,3100,63100,27100,0,18162900,130023300,3459600,4468650,90958650,39064650,,,0,0,2210200,0,0,1371700,18,18.5,10.4,13.4,80.1,29.7,43.3
"2026/02/09","2026/02/12","8595","ジャフコ　グループ","東証およびＰＴＳ",,"確報",1200,200,25800,1000,0,25800,0,3008400,501400,64680600,2507000,0,64680600,0,,,0,0,111600,0,0,111600,12.4,9.6,11.2,10.4,13.8,17.3,15.4
"2026/02/09","2026/02/12","8596","九州リースサービス","東証およびＰＴＳ",,"確報",0,1200,4500,0,1200,2700,1800,0,1771200,6642000,0,1771200,3985200,2656800,,,0,0,0,108300,74100,0,15.8,14.9,13.4,14.1,60,11.3,18.9
"2026/02/09","2026/02/12","8600","トモニＨＤ","東証およびＰＴＳ",,"確報",1000,1200,37300,400,600,37300,0,965000,1158000,35994500,386000,579000,35994500,0,,,0,0,1237500,0,0,1237500,8.4,32.4,6.8,11.2,2.9,57.9,5.5
"2026/02/09","2026/02/12","8601","大和証券グループ本社","東証およびＰＴＳ",,"確報",28300,22600,70900,20700,1400,84500,-13600,46157300,36860600,115637900,33761700,2283400,137819500,-22181600,,,0,0,2934000,0,0,2934000,4.5,3.8,3.5,3.6,4.6,8.1,5.9
"2026/02/09","2026/02/12","8604","野村ホールディングス","東証およびＰＴＳ",,"確報",9500,323300,594700,12000,100,280800,313900,13414000,456499600,839716400,16944000,141200,396489600,443226800,,,0,0,38157000,0,0,11293800,10.4,8.1,9.1,8.6,16.7,33.7,22.4
"2026/02/09","2026/02/12","8609","岡三証券グループ","東証およびＰＴＳ",,"確報",1400,1200,71900,3500,2100,106400,-34500,1331400,1141200,68376900,3328500,1997100,101186400,-32809500,,,0,0,1434000,0,0,2100000,11.1,6.1,26,9.9,14.8,10,12
"2026/02/09","2026/02/12","8613","丸三証券","東証およびＰＴＳ",,"確報",3100,5200,32900,5200,0,40400,-7500,3354200,5626400,35597800,5626400,0,43712800,-8115000,,,0,0,245000,0,0,246400,9.5,11.6,5.6,7.6,18.3,9.5,12.5
"2026/02/09","2026/02/12","8614","東洋証券","東証およびＰＴＳ",,"確報",138400,12200,455400,45300,1200,173700,281700,104215200,9186600,342916200,34110900,903600,130796100,212120100,,,0,0,987600,0,0,388800,11.6,6.5,28.9,10.6,11.5,21.5,15
"2026/02/09","2026/02/12","8616","東海東京ＦＨＤ","東証およびＰＴＳ",,"確報",7700,0,51200,5100,3000,58900,-7700,5882800,0,39116800,3896400,2292000,44999600,-5882800,,,0,0,435000,0,0,568000,5.4,4.7,6,5.3,4.4,7.3,5.5
"2026/02/09","2026/02/12","8617","光世証券","東証およびＰＴＳ",,"確報",1500,200,45400,800,0,53900,-8500,838500,111800,25378600,447200,0,30130100,-4751500,,,0,0,220500,0,0,265500,6.1,2.7,2.8,2.7,31.7,105.2,48.7
"2026/02/09","2026/02/12","8622","水戸証券","東証およびＰＴＳ",,"確報",8500,2000,117700,10300,0,154500,-36800,5338000,1256000,73915600,6468400,0,97026000,-23110400,,,0,0,1223200,0,0,1586200,10.3,6.1,5.6,5.9,19.3,77.1,30.9
"2026/02/09","2026/02/12","8624","いちよし証券","東証およびＰＴＳ",,"確報",800,2100,18900,5800,1600,118900,-100000,1084000,2845500,25609500,7859000,2168000,161109500,-135500000,,,0,0,707000,0,0,4014500,17.6,19.2,7.8,11.1,20.2,20,20.1
"2026/02/09","2026/02/12","8628","松井証券","東証およびＰＴＳ",,"確報",3800,13700,126300,15100,1200,204200,-77900,3549200,12795800,117964200,14103400,1120800,190722800,-72758600,,,0,0,2315400,0,0,3235100,4.2,2.4,1.8,2,34.5,25.4,29.3
"2026/02/09","2026/02/12","8630","ＳＯＭＰＯＨＤ","東証およびＰＴＳ",,"確報",2400,3500,10700,400,800,4400,6300,14167200,20660500,63162100,2361200,4722400,25973200,37188900,,,0,0,1121000,0,0,456000,5.7,11,4.2,6,4.2,5.7,4.9
"2026/02/09","2026/02/12","8697","日本取引所グループ","東証およびＰＴＳ",,"確報",26000,45500,69400,17300,0,164600,-95200,44915000,78601250,119888500,29885750,0,284346500,-164458000,,,0,0,7023100,0,0,11636700,5.2,3,2.2,2.6,12.2,11.2,11.7
"2026/02/09","2026/02/12","8698","マネックスグループ","東証およびＰＴＳ",,"確報",5000,64700,1019700,0,0,0,1019700,3575000,46260500,729085500,0,0,0,729085500,,,0,0,8635200,0,0,0,37.8,198.1,21.2,38.3,0,0,0
"2026/02/09","2026/02/12","8699","ＨＳホールディングス","東証およびＰＴＳ",,"確報",200,0,595400,0,0,200,595200,261400,0,778187800,0,0,261400,777926400,,,0,0,7737600,0,0,2600,2483.8,3723.9,2482.6,2979.1,15,5,7.5
"2026/02/09","2026/02/12","8700","丸八証券","東証およびＰＴＳ",,"確報",300,0,3100,0,0,0,3100,537600,0,5555200,0,0,0,5555200,,,0,0,53200,0,0,0,72,48,144,72,0,0,0
"2026/02/09","2026/02/12","8704","トレイダーズＨＤ","東証およびＰＴＳ",,"確報",0,100,59600,100,2000,400,59200,0,103200,61507200,103200,2064000,412800,61094400,,,0,0,417900,0,0,16100,55.9,447.9,49,88.3,2.3,2.7,2.5
"2026/02/09","2026/02/12","8705","日産証券グループ","東証およびＰＴＳ",,"確報",19300,1300,141600,800,0,150600,-9000,4246000,286000,31152000,176000,0,33132000,-1980000,,,0,0,370800,0,0,449400,17.6,9.8,14.6,11.7,808.6,14.8,29
"2026/02/09","2026/02/12","8706","極東証券","東証およびＰＴＳ",,"確報",1200,1100,13300,300,200,13300,0,2118000,1941500,23474500,529500,353000,23474500,0,,,0,0,0,52800,52800,0,8.5,9.1,14.2,11.1,4.1,18,6.7
"2026/02/09","2026/02/12","8707","岩井コスモＨＤ","東証およびＰＴＳ",,"確報",1200,4700,5000,1700,0,5000,0,4542000,17789500,18925000,6434500,0,18925000,0,,,0,0,1402500,0,0,544500,4.5,4.7,2.8,3.5,5.1,38.6,9
"2026/02/09","2026/02/12","8708","アイザワ証券グループ","東証およびＰＴＳ",,"確報",600,3100,34000,400,0,98200,-64200,867600,4482600,49164000,578400,0,141997200,-92833200,,,0,0,474500,0,0,1271400,79.4,25.3,28.1,26.6,489.8,195.9,279.9
"2026/02/09","2026/02/12","8713","フィデアＨＤ","東証およびＰＴＳ",,"確報",3200,0,24800,3400,200,24800,0,7113600,0,55130400,7558200,444600,55130400,0,,,0,0,1080000,0,0,1080000,15.3,8.4,24.9,12.6,11,82.4,19.5
"2026/02/09","2026/02/12","8714","池田泉州ＨＤ","東証およびＰＴＳ",,"確報",30500,25700,135900,5200,400,135900,0,28212500,23772500,125707500,4810000,370000,125707500,0,,,0,0,4064100,0,0,4064100,18.5,10.2,12.9,11.4,32.5,102.3,49.4
"2026/02/09","2026/02/12","8715","アニコムＨＤ","東証およびＰＴＳ",,"確報",6200,2600,57500,100000,5400,231100,-173600,6361200,2667600,58995000,102600000,5540400,237108600,-178113600,,,0,0,0,808500,2047500,0,13.1,18.4,18.5,18.4,7.2,33.4,11.9
"2026/02/09","2026/02/12","8725","ＭＳ＆ＡＤ","東証およびＰＴＳ",,"確報",1200,4200,101700,8800,0,12100,89600,4986000,17451000,422563500,36564000,0,50275500,372288000,,,0,0,0,418800,13200,0,15.2,105.2,14.2,25,1.6,3.1,2.1
"2026/02/09","2026/02/12","8729","ソニーＦＧ","東証およびＰＴＳ",,"確報",497700,28000,6280500,0,0,0,6280500,76347180,4295200,963428700,0,0,0,963428700,,,0,0,0,8135120,0,0,26.1,25.6,26.5,26.1,0,0,0
"2026/02/09","2026/02/12","8737","あかつき本社","東証およびＰＴＳ",,"確報",100,0,18200,0,0,0,18200,64000,0,11648000,0,0,0,11648000,,,0,0,181000,0,0,0,27.2,14.6,197,27.2,0,0,0
"2026/02/09","2026/02/12","8739","スパークス・グループ","東証およびＰＴＳ",,"確報",100,5500,18200,800,800,63300,-45100,204500,11247500,37219000,1636000,1636000,129448500,-92229500,,,0,0,495600,0,0,1329300,13.3,5.1,8.1,6.3,13.3,105.1,23.6
"2026/02/09","2026/02/12","8742","小林洋行","東証およびＰＴＳ",,"確報",100,0,61200,2500,0,59700,1500,47500,0,29070000,1187500,0,28357500,712500,,,0,0,0,488800,457600,0,77.3,339.2,610.6,436.1,22.7,168.9,40
"2026/02/09","2026/02/12","8746","ｕｎｂａｎｋｅｄ","東証およびＰＴＳ",,"確報",320900,6400,1001400,0,0,0,1001400,164621700,3283200,513718200,0,0,0,513718200,,,0,0,23354600,0,0,0,9.8,7.1,15.9,9.8,0,0,0
"2026/02/09","2026/02/12","8747","豊トラスティ証券","東証およびＰＴＳ",,"確報",0,900,14900,0,0,0,14900,0,2700000,44700000,0,0,0,44700000,,,0,0,0,1580000,0,0,26.7,31.5,23.2,26.7,0,0,0
"2026/02/09","2026/02/12","8750","第一生命ＨＤ","東証およびＰＴＳ",,"確報",0,128600,35400,27000,5700,279300,-243900,0,187177300,51524700,39298500,8296350,406521150,-354996450,,,0,0,3116000,0,0,4902000,4.1,2.2,1.8,2,3.4,21.4,5.9
"2026/02/09","2026/02/12","8766","東京海上ＨＤ","東証およびＰＴＳ",,"確報",0,43500,121600,44000,700,102300,19300,0,266568000,745164800,269632000,4289600,626894400,118270400,,,0,0,14363700,0,0,5133000,10.3,36.8,6.8,11.5,4.5,44.6,8.1
"2026/02/09","2026/02/12","8769","アドバンテッジリスク","東証およびＰＴＳ",,"確報",0,3100,31200,0,3100,31200,0,0,1912700,19250400,0,1912700,19250400,0,,,0,0,0,308700,308700,0,24.8,44.9,16.6,24.2,48.9,17.1,25.4
"2026/02/09","2026/02/12","8771","イー・ギャランティ","東証およびＰＴＳ",,"確報",100,300,33500,200,100,24600,8900,179000,537000,59965000,358000,179000,44034000,15931000,,,0,0,1348000,0,0,980000,10.7,3.7,12.2,5.7,311,73.2,118.5
"2026/02/09","2026/02/12","8772","アサックス","東証およびＰＴＳ",,"確報",200,0,7800,0,0,0,7800,186000,0,7254000,0,0,0,7254000,,,0,0,83600,0,0,0,92.5,46.3,0,92.5,0,0,0
"2026/02/09","2026/02/12","8783","ａｂｃ","東証およびＰＴＳ",,"確報",0,0,34400,0,0,0,34400,0,0,7980800,0,0,0,7980800,,,0,0,172000,0,0,0,102.6,67.1,218,102.6,0,0,0
"2026/02/09","2026/02/12","8789","フィンテック","東証およびＰＴＳ",,"確報",52100,0,531000,11100,0,79300,451700,8179700,0,83367000,1742700,0,12450100,70916900,,,0,0,957800,0,0,136400,46.3,27.6,148.1,46.5,22.3,0,44.7
"2026/02/09","2026/02/12","8793","ＮＥＣキャピタル","東証およびＰＴＳ",,"確報",800,1300,3300,0,500,3300,0,3352000,5447000,13827000,0,2095000,13827000,0,,,0,0,285000,0,0,285000,7.3,6.3,4.4,5.1,21.9,8.8,12.5
"2026/02/09","2026/02/12","8795","Ｔ＆ＤＨＤ","東証およびＰＴＳ",,"確報",500,23100,800,11400,8300,58200,-57400,2070500,95657100,3312800,47207400,34370300,241006200,-237693400,,,0,0,1755000,0,0,4132500,3.7,1,1,1,5.2,9.9,6.8
"2026/02/09","2026/02/12","8798","アドバンスクリエイト","東証およびＰＴＳ",,"確報",1600,1000,65400,0,0,0,65400,320000,200000,13080000,0,0,0,13080000,,,0,0,129600,0,0,0,39.1,29.2,59,39.1,0,0,0
"2026/02/09","2026/02/12","8801","三井不動産","東証およびＰＴＳ",,"確報",33100,95400,158600,193100,200,413800,-255200,66779250,192469500,319975500,389579250,403500,834841500,-514866000,,,0,0,27170700,0,0,27170700,5.6,4,4.3,4.2,4.2,34.9,7.5
"2026/02/09","2026/02/12","8802","三菱地所","東証およびＰＴＳ",,"確報",25600,400,59500,27900,2700,59500,0,114329600,1786400,265727000,124601400,12058200,265727000,0,,,0,0,8163400,0,0,8163400,5,4.6,4.2,4.4,4,10.2,5.7
"2026/02/09","2026/02/12","8803","平和不動産","東証およびＰＴＳ",,"確報",500,1400,37900,1600,1300,55900,-18000,1223000,3424400,92703400,3913600,3179800,136731400,-44028000,,,0,0,776000,0,0,1112000,25.7,35.3,18.8,24.6,16.8,63.4,26.6
"2026/02/09","2026/02/12","8804","東京建物","東証およびＰＴＳ",,"確報",100,5000,14100,4100,0,39700,-25600,395600,19780000,55779600,16219600,0,157053200,-101273600,,,0,0,2413000,0,0,4521200,11.1,4.4,8.7,5.8,12.7,30.3,17.9
"2026/02/09","2026/02/12","8818","京阪神ビルディング","東証およびＰＴＳ",,"確報",500,200,15500,0,500,65700,-50200,1009500,403800,31294500,0,1009500,132648300,-101353800,,,0,0,182400,0,0,794400,40.5,15.5,12.9,14.1,238.1,38.8,66.7
"2026/02/09","2026/02/12","8830","住友不動産","東証およびＰＴＳ",,"確報",9800,13000,56400,18600,800,56400,0,48029800,63713000,276416400,91158600,3920800,276416400,0,,,0,0,16747600,0,0,10846600,6.2,3,8.6,4.4,12,6.5,8.4
"2026/02/09","2026/02/12","8835","太平洋興発","東証およびＰＴＳ",,"確報",100,100,14300,0,0,14300,0,91600,91600,13098800,0,0,13098800,0,,,0,0,0,42900,42900,0,89.9,89.9,59.9,71.9,179.8,89.9,119.8
"2026/02/09","2026/02/12","8836","ＲＩＳＥ","東証およびＰＴＳ",,"確報",0,0,0,0,0,0,0,0,0,0,0,0,0,0,,,0,0,0,0,0,0,0,0,0,0,0,0,0
"2026/02/09","2026/02/12","8841","テーオーシー","東証およびＰＴＳ",,"確報",6700,100,38400,0,2000,115500,-77100,5695000,85000,32640000,0,1700000,98175000,-65535000,,,0,0,31800,0,0,117500,59.2,12,59.4,19.9,198.1,92.9,126.4
"2026/02/09","2026/02/12","8844","コスモスイニシア","東証およびＰＴＳ",,"確報",16200,0,57300,0,400,2000,55300,20590200,0,72828300,0,508400,2542000,70286300,,,0,0,1315200,0,0,76800,8.4,4.4,61.7,8.1,16.7,19.5,18
"2026/02/09","2026/02/12","8848","レオパレス２１","東証およびＰＴＳ",,"確報",53800,0,659500,4700,100,135800,523700,38090400,0,466926000,3327600,70800,96146400,370779600,,,0,0,0,5451300,1180800,0,6,5.2,4.4,4.8,53.7,412.6,95
"2026/02/09","2026/02/12","8850","スターツコーポ","東証およびＰＴＳ",,"確報",600,900,2700,2600,0,17100,-14400,3030000,4545000,13635000,13130000,0,86355000,-72720000,,,0,0,285000,0,0,1377500,16.9,11.1,7.4,8.9,20.9,19.9,20.4
"2026/02/09","2026/02/12","8860","フジ住宅","東証およびＰＴＳ",,"確報",0,1900,3600,0,100,3200,400,0,1552300,2941200,0,81700,2614400,326800,,,0,0,0,5500,3300,0,9.8,8.5,5.9,7,57,15.5,24.4
"2026/02/09","2026/02/12","8864","空港施設","東証およびＰＴＳ",,"確報",100,7300,12700,0,0,0,12700,102700,7497100,13042900,0,0,0,13042900,,,0,0,398000,0,0,0,16.9,30.1,11.8,16.9,0,0,0
"2026/02/09","2026/02/12","8869","明和地所","東証およびＰＴＳ",,"確報",2300,800,17700,0,0,0,17700,2755400,958400,21204600,0,0,0,21204600,,,0,0,48600,0,0,0,21.3,32.7,15.8,21.3,0,0,0
"2026/02/09","2026/02/12","8871","ゴールドクレスト","東証およびＰＴＳ",,"確報",0,0,1200,0,900,21100,-19900,0,0,3996000,0,2997000,70263000,-66267000,,,0,0,12000,0,0,220000,15.7,8,2.5,3.8,0,10,19.9
"2026/02/09","2026/02/12","8876","リログループ","東証およびＰＴＳ",,"確報",200,300,72200,100,3000,17100,55100,363400,545100,131187400,181700,5451000,31070700,100116700,,,0,0,2132850,0,0,590000,55.2,367.2,62.2,106.4,46.5,13,20.3
"2026/02/09","2026/02/12","8877","エスリード","東証およびＰＴＳ",,"確報",400,0,1200,600,0,1000,200,2804000,0,8412000,4206000,0,7010000,1402000,,,0,0,120000,0,0,60000,5.6,6.1,5.5,5.8,2.9,23,5.1
"2026/02/09","2026/02/12","8881","日神グループＨＤ","東証およびＰＴＳ",,"確報",24700,4300,36100,9000,0,24700,11400,19883500,3461500,29060500,7245000,0,19883500,9177000,,,0,0,0,204100,204100,0,6.8,3.8,8.8,5.3,5.6,258,11.1
"2026/02/09","2026/02/12","8887","シーラＨＤ","東証およびＰＴＳ",,"確報",200,4300,122400,0,11800,169300,-46900,82000,1763000,50184000,0,4838000,69413000,-19229000,,,0,0,253000,0,0,362200,66.6,103.9,41.8,59.6,0,36.3,72.6
"2026/02/09","2026/02/12","8891","ＡＭＧＨＤ","東証およびＰＴＳ",,"確報",200,0,10400,0,0,0,10400,490000,0,25480000,0,0,0,25480000,,,0,0,0,91800,0,0,64.6,64.6,64.6,64.6,0,0,0
"2026/02/09","2026/02/12","8892","エスコン","東証およびＰＴＳ",,"確報",2900,200,47500,0,500,47500,0,3378500,233000,55337500,0,582500,55337500,0,,,0,0,0,0,0,0,52.3,27.8,59.2,37.9,58.4,140.8,82.6
"2026/02/09","2026/02/12","8894","ＲＥＶＯＬＵＴＩＯＮ","東証およびＰＴＳ",,"確報",1400,100,717100,0,0,0,717100,72800,5200,37289200,0,0,0,37289200,,,0,0,0,715800,0,0,117.2,429.2,67.9,117.2,0,0,0
"2026/02/09","2026/02/12","8897","ミラースＨＤ","東証およびＰＴＳ",,"確報",0,4800,63000,0,100,28700,34300,0,1905600,25011000,0,39700,11393900,13617100,,,0,0,0,67800,28800,0,87.3,221.9,53.7,86.4,122.8,70.2,89.3
"2026/02/09","2026/02/12","8898","センチュリー２１","東証およびＰＴＳ",,"確報",0,0,100,0,0,0,100,0,0,113000,0,0,0,113000,,,0,0,0,600,0,0,0,0,0,0,0,0,0
"2026/02/09","2026/02/12","8904","ＡＶＡＮＴＩＡ","東証およびＰＴＳ",,"確報",0,200,6000,0,0,0,6000,0,174400,5232000,0,0,0,5232000,,,0,0,0,31000,0,0,31.2,104,18.4,31.2,0,0,0
"2026/02/09","2026/02/12","8908","毎日コムネット","東証およびＰＴＳ",,"確報",100,0,9700,0,0,900,8800,91500,0,8875500,0,0,823500,8052000,,,0,0,38400,0,0,3600,47.3,48,80,60,13.3,13.3,13.3
"2026/02/09","2026/02/12","8912","エリアクエスト","東証およびＰＴＳ",,"確報",2300,1900,47300,0,1900,5100,42200,370300,305900,7615300,0,305900,821100,6794200,,,0,0,93800,0,0,14000,35.8,77.1,26.3,39.2,346,11.5,22.3
"2026/02/09","2026/02/12","8914","エリアリンク","東証およびＰＴＳ",,"確報",1600,1100,61900,1900,1400,61900,0,1814400,1247400,70194600,2154600,1587600,70194600,0,,,0,0,2333200,0,0,2333200,21.9,15.6,13.5,14.4,58.8,36.9,45.4
"2026/02/09","2026/02/12","8917","ファースト住建","東証およびＰＴＳ",,"確報",100,0,13200,0,1000,4900,8300,120700,0,15932400,0,1207000,5914300,10018100,,,0,0,0,39300,17700,0,64.3,217.7,0,435.3,0,11.5,23
"2026/02/09","2026/02/12","8918","ランド","東証およびＰＴＳ",,"確報",27600,0,2363800,0,0,0,2363800,248400,0,21274200,0,0,0,21274200,,,0,0,0,2336200,0,0,311.8,225.7,504.6,311.8,0,0,0
"2026/02/09","2026/02/12","8919","カチタス","東証およびＰＴＳ",,"確報",28500,1500,65400,37000,1000,65400,0,87922500,4627500,201759000,114145000,3085000,201759000,0,,,0,0,0,768000,588000,0,5.3,2.5,8.9,3.9,4.7,25.4,7.9
"2026/02/09","2026/02/12","8920","東祥","東証およびＰＴＳ",,"確報",400,1400,15400,500,1600,16400,-1000,370800,1297800,14275800,463500,1483200,15202800,-927000,,,0,0,0,147600,157500,0,4,2.6,2.9,2.8,5.1,20.9,8.3
"2026/02/09","2026/02/12","8923","トーセイ","東証およびＰＴＳ",,"確報",0,1600,7400,100,0,4100,3300,0,2600000,12025000,162500,0,6662500,5362500,,,0,0,288000,0,0,128000,26.4,45.8,14.8,22.3,27.1,190,47.5
"2026/02/09","2026/02/12","8927","明豊エンタープライズ","東証およびＰＴＳ",,"確報",300,5000,29000,0,0,1000,28000,131400,2190000,12702000,0,0,438000,12264000,,,0,0,101100,0,0,3000,5,146,2.5,5,0,0,0
"2026/02/09","2026/02/12","8928","穴吹興産","東証およびＰＴＳ",,"確報",0,0,1900,300,100,300,1600,0,0,4428900,699300,233100,699300,3729600,,,0,0,15200,0,0,800,16.6,108,15.4,27,2,4,2.7
"2026/02/09","2026/02/12","8929","青山財産ＮＷ","東証およびＰＴＳ",,"確報",800,1000,11700,0,0,0,11700,1168000,1460000,17082000,0,0,0,17082000,,,0,0,0,357000,0,0,28.9,21.7,43.3,28.9,0,0,0
"2026/02/09","2026/02/12","8931","和田興産","東証およびＰＴＳ",,"確報",100,0,5000,0,100,300,4700,177500,0,8875000,0,177500,532500,8342500,,,0,0,24500,0,0,2000,50.4,127.5,36.4,56.7,0,11,22
"2026/02/09","2026/02/12","8934","サンフロンティア","東証およびＰＴＳ",,"確報",200,100,38800,100,1100,3300,35500,478800,239400,92887200,239400,2633400,7900200,84987000,,,0,0,619200,0,0,68800,37,57.1,44.2,49.8,6.8,11.5,8.5
"2026/02/09","2026/02/12","8935","ＦＪネクストＨＤ","東証およびＰＴＳ",,"確報",900,6500,5500,100,5700,5500,0,1613700,11654500,9861500,179300,10220100,9861500,0,,,0,0,965700,0,0,965700,4.7,4.4,3.4,3.8,5.8,6.5,6.1
"2026/02/09","2026/02/12","8938","グロームＨＤ","東証およびＰＴＳ",,"確報",0,0,6800,0,0,0,6800,0,0,2339200,0,0,0,2339200,,,0,0,0,34000,0,0,43.6,371,23.2,43.6,0,0,0
"2026/02/09","2026/02/12","8944","ランドビジネス","東証およびＰＴＳ",,"確報",0,0,4800,0,0,0,4800,0,0,1156800,0,0,0,1156800,,,0,0,4800,0,0,0,239,119.5,0,239,0,0,0
"2026/02/09","2026/02/12","8945","サンネクスタグループ","東証およびＰＴＳ",,"確報",500,100,700,0,0,0,700,565500,113100,791700,0,0,0,791700,,,0,0,2700,0,0,0,3.5,2,14,3.5,0,0,0
"2026/02/09","2026/02/12","8946","ＡＳＩＡＮ　ＳＴＡＲ","東証およびＰＴＳ",,"確報",0,5500,36000,0,0,0,36000,0,451000,2952000,0,0,0,2952000,,,0,0,83000,0,0,0,72.1,0,36.1,72.1,0,0,0
"2026/02/09","2026/02/12","8951","Ｒ－ビルＦ","東証およびＰＴＳ",,"確報",0,0,21,24,116,240,-219,0,0,3063900,3501600,16924400,35016000,-31952100,,,0,0,0,6300,99600,0,3.6,52,0.5,1,4.2,4.5,4.3
"2026/02/09","2026/02/12","8952","Ｒ－ジャパン","東証およびＰＴＳ",,"確報",0,0,390,0,31,66,324,0,0,49491000,0,3933900,8375400,41115600,,,0,0,0,0,0,0,26.7,1967,178.8,327.8,6.6,4.1,5.1
"2026/02/09","2026/02/12","8953","Ｒ－都市ファンド","東証およびＰＴＳ",,"確報",0,70,391,0,3,53,338,0,8680000,48484000,0,372000,6572000,41912000,,,0,0,322700,0,0,39200,15.8,29.5,9.5,14.4,91.7,55,68.8
"2026/02/09","2026/02/12","8954","Ｒ－オリックスＦ","東証およびＰＴＳ",,"確報",9,9,81,1,0,81,0,944100,944100,8496900,104900,0,8496900,0,,,0,0,16200,0,0,16000,4.7,2.6,2.5,2.5,35.1,28.1,31.2
"2026/02/09","2026/02/12","8955","Ｒ－Ｊプライム","東証およびＰＴＳ",,"確報",3,4,181,0,0,388,-207,316200,421600,19077400,0,0,40895200,-21817800,,,0,0,0,0,0,0,50.8,26.9,15.3,19.5,136,634.7,224
"2026/02/09","2026/02/12","8956","Ｒ－ＮＴＴ都市開発Ｒ","東証およびＰＴＳ",,"確報",12,0,103,0,0,10,93,1701600,0,14605400,0,0,1418000,13187400,,,0,0,54600,0,0,6000,22.8,26.8,19.6,22.7,24,24,24
"2026/02/09","2026/02/12","8957","Ｒ－東急ＲＥ","東証およびＰＴＳ",,"確報",8,1,33,2,4,426,-393,1680800,210100,6933300,420200,840400,89502600,-82569300,,,0,0,0,7800,128400,0,26.3,4.4,3.4,3.8,26.8,59.5,37
"2026/02/09","2026/02/12","8958","Ｒ－グロバル","東証およびＰＴＳ",,"確報",0,0,176,0,0,3,173,0,0,24464000,0,0,417000,24047000,,,0,0,88000,0,0,1500,128.1,126,176.4,147,15,15,15
"2026/02/09","2026/02/12","8960","Ｒ－ユナイテド","東証およびＰＴＳ",,"確報",31,0,228,0,0,33,195,5614100,0,41290800,0,0,5976300,35314500,,,0,0,177300,0,0,29700,31.5,20.8,58.6,30.6,42.8,34.2,38
"2026/02/09","2026/02/12","8961","Ｒ－森トラスト","東証およびＰＴＳ",,"確報",27,8,154,0,0,346,-192,2111400,625600,12042800,0,0,27057200,-15014400,,,0,0,40500,0,0,103800,10.8,3.3,3.8,3.6,49.3,43.3,46.1
"2026/02/09","2026/02/12","8963","Ｒ－ＩＮＶ","東証およびＰＴＳ",,"確報",0,36,730,0,0,92,638,0,2397600,48618000,0,0,6127200,42490800,,,0,0,76600,0,0,9200,30,232.3,16.5,30.9,24.9,23.7,24.3
"2026/02/09","2026/02/12","8964","Ｒ－フロンティア","東証およびＰＴＳ",,"確報",0,0,53,0,0,53,0,0,0,4891900,0,0,4891900,0,,,0,0,31800,0,0,31800,55,55,27.5,36.7,0,55,110
"2026/02/09","2026/02/12","8966","平和不動産リート投資","東証およびＰＴＳ",,"確報",15,15,213,0,0,213,0,2301000,2301000,32674200,0,0,32674200,0,,,0,0,63900,0,0,63900,76.1,48.4,44.4,46.3,266.3,177.5,213
"2026/02/09","2026/02/12","8967","日本ロジＦ投資","東証およびＰＴＳ",,"確報",0,0,213,0,0,67,146,0,0,21619500,0,0,6800500,14819000,,,0,0,85200,0,0,26800,56.4,75.8,36.6,49.3,0,49.7,99.4
"2026/02/09","2026/02/12","8968","Ｒ－福岡","東証およびＰＴＳ",,"確報",32,11,77,0,4,52,25,5958400,2048200,14337400,0,744800,9682400,4655000,,,0,0,0,61600,61600,0,5.6,3.1,3.2,3.1,45.7,45.7,45.7
"2026/02/09","2026/02/12","8972","Ｒ－ＫＤＸ不動産","東証およびＰＴＳ",,"確報",30,1,468,35,0,65,403,5040000,168000,78624000,5880000,0,10920000,67704000,,,0,0,439000,0,0,30000,17.5,20.7,41.4,27.6,3.1,5.6,4
"2026/02/09","2026/02/12","8975","いちごオフィスリート","東証およびＰＴＳ",,"確報",0,0,13,0,0,13,0,0,0,1284400,0,0,1284400,0,,,0,0,0,0,0,0,22.3,33.5,16.8,22.3,33.5,16.8,22.3
"2026/02/09","2026/02/12","8976","大和証券オフィス投資","東証およびＰＴＳ",,"確報",9,1,16,0,14,16,0,3348000,372000,5952000,0,5208000,5952000,0,,,0,0,16000,0,0,60000,4.9,7,2.9,4.1,5.9,5.9,5.9
"2026/02/09","2026/02/12","8977","Ｒ－阪急阪神","東証およびＰＴＳ",,"確報",0,5,87,0,0,3,84,0,823500,14328900,0,0,494100,13834800,,,0,0,46000,0,0,1500,31.7,40.6,26.3,31.9,12,0,24
"2026/02/09","2026/02/12","8979","Ｒ－スターツＰＲ","東証およびＰＴＳ",,"確報",0,0,18,0,0,0,18,0,0,3823200,0,0,0,3823200,,,0,0,37800,0,0,0,59.3,89,44.5,59.3,0,0,0
"2026/02/09","2026/02/12","8984","大和ハウスリート","東証およびＰＴＳ",,"確報",0,4,668,0,0,36,632,0,540000,90180000,0,0,4860000,85320000,,,0,0,0,470400,25200,0,37.1,71.5,23.7,35.6,0,92,184
"2026/02/09","2026/02/12","8985","ジャパンホテルリート","東証およびＰＴＳ",,"確報",34,150,691,0,0,76,615,2900200,12795000,58942300,0,0,6482800,52459500,,,0,0,403500,0,0,38000,8.1,211.9,4,7.8,21,71.4,32.5
"2026/02/09","2026/02/12","8986","Ｒ－大和証券リビング","東証およびＰＴＳ",,"確報",0,0,104,0,0,10,94,0,0,11960000,0,0,1150000,10810000,,,0,0,0,20800,2000,0,1136,0,0,0,48,0,96
"2026/02/09","2026/02/12","8987","Ｒ－エクセレント","東証およびＰＴＳ",,"確報",0,0,50,0,30,171,-121,0,0,7500000,0,4500000,25650000,-18150000,,,0,0,0,0,0,0,12.3,3.8,4.4,4,32.6,12.9,18.5
"2026/02/09","2026/02/12","8995","誠建設工業","東証およびＰＴＳ",,"確報",0,1000,5100,0,0,0,5100,0,1280000,6528000,0,0,0,6528000,,,0,0,0,701500,0,0,6.8,6.1,7.8,6.8,0,0,0
"2026/02/09","2026/02/12","8996","ハウスフリーダム","東証およびＰＴＳ",,"確報",0,0,2100,200,0,200,1900,0,0,2163000,206000,0,206000,1957000,,,0,0,84000,0,0,0,24.7,0,0,0,1.2,1.5,1.3
"2026/02/09","2026/02/12","8999","グランディハウス","東証およびＰＴＳ",,"確報",0,300,6300,200,100,5400,900,0,193500,4063500,129000,64500,3483000,580500,,,0,0,33000,0,0,26500,16.7,374,7.2,14.1,16.2,37,22.5
"2026/02/09","2026/02/12","9001","東武鉄道","東証およびＰＴＳ",,"確報",500,13600,6000,2800,15900,6000,0,1487000,40446400,17844000,8327200,47286600,17844000,0,,,0,0,229200,0,0,229200,2.5,3.1,2.1,2.5,2.6,2.4,2.5
"2026/02/09","2026/02/12","9003","相鉄ホールディングス","東証およびＰＴＳ",,"確報",100,1000,15900,6500,100,30300,-14400,291600,2916000,46364400,18954000,291600,88354800,-41990400,,,0,0,445200,0,0,633350,8.8,7,6.2,6.6,7.4,22.3,11.1
"2026/02/09","2026/02/12","9005","東急","東証およびＰＴＳ",,"確報",12100,1700,46400,12000,1600,46400,0,22185350,3116950,85074400,22002000,2933600,85074400,0,,,0,0,252000,0,0,252000,7.9,4.7,9.9,6.4,5.7,60.5,10.5
"2026/02/09","2026/02/12","9006","京浜急行電鉄","東証およびＰＴＳ",,"確報",300,57500,2900,1100,1000,19600,-16700,477900,91597500,4619700,1752300,1593000,31222800,-26603100,,,0,0,60100,0,0,19500,1.6,1.2,1.1,1.1,7.1,13.1,9.2
"2026/02/09","2026/02/12","9007","小田急電鉄","東証およびＰＴＳ",,"確報",500,1200,18300,100,800,18300,0,851000,2042400,31146600,170200,1361600,31146600,0,,,0,0,0,9500,9500,0,3.5,9.2,1,1.9,58.1,16.9,26.2
"2026/02/09","2026/02/12","9008","京王電鉄","東証およびＰＴＳ",,"確報",2000,500,8800,500,0,500,8300,8062000,2015500,35472800,2015500,0,2015500,33457300,,,0,0,438000,0,0,0,7.2,6.9,13,9.1,1,1.1,1
"2026/02/09","2026/02/12","9009","京成電鉄","東証およびＰＴＳ",,"確報",0,19100,63500,9700,0,55400,8100,0,24543500,81597500,12464500,0,71189000,10408500,,,0,0,3221400,0,0,1782300,17.8,66.9,12.8,21.4,9.6,22,13.4
"2026/02/09","2026/02/12","9010","富士急行","東証およびＰＴＳ",,"確報",8800,200,45200,8600,0,45200,0,18717600,425400,96140400,18292200,0,96140400,0,,,0,0,512400,0,0,512400,18.1,11.3,32.2,16.7,12.6,46.3,19.8
"2026/02/09","2026/02/12","9012","秩父鉄道","東証およびＰＴＳ",,"確報",0,0,0,0,0,0,0,0,0,0,0,0,0,0,,,0,0,0,0,0,0,0,0,0,0,0,0,0
"2026/02/09","2026/02/12","9017","新潟交通","東証およびＰＴＳ",,"確報",0,0,200,0,0,0,200,0,0,424000,0,0,0,424000,,,0,0,200,0,0,0,0,0,0,0,0,0,0
"2026/02/09","2026/02/12","9020","東日本旅客鉄道","東証およびＰＴＳ",,"確報",16000,1100,47600,2500,0,3100,44500,62832000,4319700,186925200,9817500,0,12173700,174751500,,,0,0,0,1667700,30600,0,4.7,9,8.2,8.6,1.1,1.2,1.1
"2026/02/09","2026/02/12","9021","西日本旅客鉄道","東証およびＰＴＳ",,"確報",800,6100,18200,200,5600,18200,0,2807200,21404900,63863800,701800,19650400,63863800,0,,,0,0,0,141000,141600,0,3.2,4.8,3.2,3.9,2.3,3.2,2.7
"2026/02/09","2026/02/12","9022","東海旅客鉄道","東証およびＰＴＳ",,"確報",3700,3900,14700,2300,3100,14700,0,17449200,18392400,69325200,10846800,14619600,69325200,0,,,0,0,715200,0,0,744000,2.5,4.9,1.7,2.5,2.4,2.6,2.5
"2026/02/09","2026/02/12","9023","東京地下鉄","東証およびＰＴＳ",,"確報",2800,27500,348000,10000,7300,1346600,-998600,4709600,46255000,585336000,16820000,12278600,2264981200,-1679645200,,,0,0,0,931750,3359750,0,49.1,77.8,11.8,20.5,48.3,489.6,87.9
"2026/02/09","2026/02/12","9024","西武ホールディングス","東証およびＰＴＳ",,"確報",0,0,9900,100,3500,196100,-186200,0,0,43451100,438900,15361500,860682900,-817231800,,,0,0,19800,0,0,399000,30.1,137,16.1,28.8,45,22.7,30.1
"2026/02/09","2026/02/12","9025","鴻池運輸","東証およびＰＴＳ",,"確報",100,0,2200,0,0,200,2000,342000,0,7524000,0,0,684000,6840000,,,0,0,63000,0,0,6000,22.5,136,11.3,20.9,0,0,0
"2026/02/09","2026/02/12","9028","ゼロ","東証およびＰＴＳ",,"確報",100,200,4700,0,0,0,4700,399000,798000,18753000,0,0,0,18753000,,,0,0,408000,0,0,0,45.1,247,30.9,54.9,1,1,1
"2026/02/09","2026/02/12","9029","ヒガシＨＤ","東証およびＰＴＳ",,"確報",200,0,2500,0,0,0,2500,392600,0,4907500,0,0,0,4907500,,,0,0,25300,0,0,0,25,20.8,31.3,25,0,0,0
"2026/02/09","2026/02/12","9031","西日本鉄道","東証およびＰＴＳ",,"確報",0,100,800,3300,0,18400,-17600,0,298950,2391600,9865350,0,55006800,-52615200,,,0,0,46800,0,0,785200,14.9,47,5.2,9.4,16.9,14.1,15.4
"2026/02/09","2026/02/12","9033","広島電鉄","東証およびＰＴＳ",,"確報",0,0,500,0,0,0,500,0,0,328000,0,0,0,328000,,,0,0,3500,0,0,0,50,25,0,50,0,0,0
"2026/02/09","2026/02/12","9034","南総通運","東証およびＰＴＳ",,"確報",0,100,300,0,0,0,300,0,164100,492300,0,0,0,492300,,,0,0,800,0,0,0,17,17,17,17,0,0,0
"2026/02/09","2026/02/12","9036","東部ネットワーク","東証およびＰＴＳ",,"確報",0,0,2200,0,0,0,2200,0,0,2653200,0,0,0,2653200,,,0,0,57200,0,0,0,0,0,0,0,0,0,0
"2026/02/09","2026/02/12","9037","ハマキョウレックス","東証およびＰＴＳ",,"確報",0,500,23500,1500,0,25500,-2000,0,922500,43357500,2767500,0,47047500,-3690000,,,0,0,264000,0,0,264000,11,14.9,6.1,8.7,28.3,9.5,14.2
"2026/02/09","2026/02/12","9039","サカイ引越センター","東証およびＰＴＳ",,"確報",100,200,2100,0,0,14100,-12000,295900,591800,6213900,0,0,41721900,-35508000,,,0,0,44000,0,0,282000,10.3,16.6,4.8,7.5,16.3,8.1,10.9
"2026/02/09","2026/02/12","9041","近鉄グループＨＤ","東証およびＰＴＳ",,"確報",0,600,377400,0,2000,6100,371300,0,2018400,1269573600,0,6728000,20520400,1249053200,,,0,0,7560000,0,0,162000,198.8,2731.1,205.6,382.4,2.2,8.2,3.5
"2026/02/09","2026/02/12","9042","阪急阪神ＨＤ","東証およびＰＴＳ",,"確報",0,1000,8800,3300,0,8400,400,0,4515000,39732000,14899500,0,37926000,1806000,,,0,0,735000,0,0,382500,11.7,19.3,8.5,11.8,6,137,11.4
"2026/02/09","2026/02/12","9044","南海電気鉄道","東証およびＰＴＳ",,"確報",500,5100,9400,5300,0,30400,-21000,1508000,15381600,28350400,15984800,0,91686400,-63336000,,,0,0,672000,0,0,1204800,10.4,16.1,4.1,6.6,17.9,14.1,15.8
"2026/02/09","2026/02/12","9045","京阪ホールディングス","東証およびＰＴＳ",,"確報",0,400,3800,600,0,2000,1800,0,1420800,13497600,2131200,0,7104000,6393600,,,0,0,239400,0,0,79800,5.4,4.7,5.1,4.9,9.4,4.9,6.5
"2026/02/09","2026/02/12","9046","神戸電鉄","東証およびＰＴＳ",,"確報",300,100,6600,300,800,21700,-15100,752100,250700,16546200,752100,2005600,54401900,-37855700,,,0,0,0,6400,22200,0,41.9,80.5,322,128.8,35.2,35.2,35.2
"2026/02/09","2026/02/12","9048","名古屋鉄道","東証およびＰＴＳ",,"確報",0,7400,19000,2500,0,14800,4200,0,13157200,33782000,4445000,0,26314400,7467600,,,0,0,0,356400,166050,0,7.8,6.8,7.7,7.2,9.9,7.8,8.8
"2026/02/09","2026/02/12","9049","京福電気鉄道","東証およびＰＴＳ",,"確報",0,0,0,0,0,0,0,0,0,0,0,0,0,0,,,0,0,0,0,0,0,0,0,0,0,0,0,0
"2026/02/09","2026/02/12","9051","センコン物流","東証およびＰＴＳ",,"確報",0,0,200,0,0,0,200,0,0,293000,0,0,0,293000,,,0,0,0,0,0,0,0,0,0,0,0,0,0
"2026/02/09","2026/02/12","9052","山陽電気鉄道","東証およびＰＴＳ",,"確報",1500,1700,4000,1400,0,16100,-12100,3088500,3500300,8236000,2882600,0,33149900,-24913900,,,0,0,67200,0,0,235200,15.8,4.3,6.7,5.2,22.7,40.7,29.2
"2026/02/09","2026/02/12","9057","遠州トラック","東証およびＰＴＳ",,"確報",0,0,2500,0,0,0,2500,0,0,9087500,0,0,0,9087500,,,0,0,0,62500,0,0,37.1,65,26,37.1,0,0,0
"2026/02/09","2026/02/12","9059","カンダＨＤ","東証およびＰＴＳ",,"確報",0,100,6000,100,0,200,5800,0,93700,5622000,93700,0,187400,5434600,,,0,0,61000,0,0,1000,103.7,303,303,303,4,4,4
"2026/02/09","2026/02/12","9060","日本ロジテム","東証およびＰＴＳ",,"確報",0,0,600,0,0,0,600,0,0,2970000,0,0,0,2970000,,,0,0,36000,0,0,0,0,0,0,0,0,0,0
"2026/02/09","2026/02/12","9063","岡山県貨物運送","東証およびＰＴＳ",,"確報",0,0,600,0,0,0,600,0,0,2640000,0,0,0,2640000,,,0,0,0,57000,0,0,18,13.5,27,18,0,0,0
"2026/02/09","2026/02/12","9064","ヤマトＨＤ","東証およびＰＴＳ",,"確報",12500,12000,45200,500,0,45200,0,23893750,22938000,86399800,955750,0,86399800,0,,,0,0,134100,0,0,134100,8.5,5.4,9.9,7,6.8,26.1,10.7
"2026/02/09","2026/02/12","9065","山九","東証およびＰＴＳ",,"確報",0,900,3600,1000,0,7600,-4000,0,8571600,34286400,9524000,0,72382400,-38096000,,,0,0,594000,0,0,871200,12.7,18.2,10.9,13.6,11.1,13.5,12.2
"2026/02/09","2026/02/12","9067","丸運","東証およびＰＴＳ",,"確報",0,0,300,0,0,0,300,0,0,284100,0,0,0,284100,,,0,0,0,0,0,0,0,0,0,0,0,0,0
"2026/02/09","2026/02/12","9068","丸全昭和運輸","東証およびＰＴＳ",,"確報",500,0,5700,0,0,12500,-6800,4395000,0,50103000,0,0,109875000,-59772000,,,0,0,1664000,0,0,4000000,23.2,14.2,29.9,19.2,29.2,22.4,25.3
"2026/02/09","2026/02/12","9069","センコーグループＨＤ","東証およびＰＴＳ",,"確報",0,900,19400,0,100,13600,5800,0,1777050,38305300,0,197450,26853200,11452100,,,0,0,172550,0,0,116450,23.9,16.9,23.7,19.7,69,23,34.5
"2026/02/09","2026/02/12","9072","ニッコンＨＤ","東証およびＰＴＳ",,"確報",0,8400,14200,1900,1500,55800,-41600,0,31214400,52767200,7060400,5574000,207352800,-154585600,,,0,0,1130000,0,0,2770000,21.9,7.9,6,6.8,71.7,75.6,73.6
"2026/02/09","2026/02/12","9073","京極運輸商事","東証およびＰＴＳ",,"確報",0,0,0,0,0,0,0,0,0,0,0,0,0,0,,,0,0,0,0,0,0,0,0,0,0,0,0,0
"2026/02/09","2026/02/12","9074","日本石油輸送","東証およびＰＴＳ",,"確報",0,0,2400,100,0,900,1500,0,0,13200000,550000,0,4950000,8250000,,,0,0,0,48000,16000,0,17.9,32.5,16.3,21.7,10,13.3,11.4
"2026/02/09","2026/02/12","9075","福山通運","東証およびＰＴＳ",,"確報",18700,8500,27900,0,200,26100,1800,89573000,40715000,133641000,0,958000,125019000,8622000,,,0,0,265500,0,0,394500,3.5,1.6,1.8,1.7,332.8,102.4,156.6
"2026/02/09","2026/02/12","9076","セイノーＨＤ","東証およびＰＴＳ",,"確報",2200,1000,19800,0,100,0,19800,5418600,2463000,48767400,0,246300,0,48767400,,,0,0,0,158100,850,0,25.9,19.8,42.5,27,2,1,1.3
"2026/02/09","2026/02/12","9081","神奈川中央交通","東証およびＰＴＳ",,"確報",0,1300,3800,0,200,3300,500,0,4712500,13775000,0,725000,11962500,1812500,,,0,0,76500,0,0,52500,8.6,4.4,6.4,5.2,28.2,28.2,28.2
"2026/02/09","2026/02/12","9082","大和自動車交通","東証およびＰＴＳ",,"確報",200,0,700,0,0,0,700,267200,0,935200,0,0,0,935200,,,0,0,0,1000,0,0,12,6,0,12,0,0,0
"2026/02/09","2026/02/12","9083","神姫バス","東証およびＰＴＳ",,"確報",0,0,0,0,0,0,0,0,0,0,0,0,0,0,,,0,0,0,0,0,0,3.5,7,2.3,3.5,0,0,0
"2026/02/09","2026/02/12","9087","タカセ","東証およびＰＴＳ",,"確報",0,0,0,0,0,0,0,0,0,0,0,0,0,0,,,0,0,0,0,0,0,0,0,0,0,0,0,0
"2026/02/09","2026/02/12","9090","ＡＺ－ＣＯＭ丸和ＨＤ","東証およびＰＴＳ",,"確報",2000,0,53600,3800,300,15900,37700,1866000,0,50008800,3545400,279900,14834700,35174100,,,0,0,0,1393200,334800,0,23.9,18.8,298.5,35.4,17.6,8.7,11.6
"2026/02/09","2026/02/12","9101","日本郵船","東証およびＰＴＳ",,"確報",900,6700,486600,0,3500,23000,463600,4537800,33781400,2453437200,0,17647000,115966000,2337471200,,,0,0,0,4431600,238500,0,40.1,42.7,68,52.5,22.6,6.1,9.6
"2026/02/09","2026/02/12","9104","商船三井","東証およびＰＴＳ",,"確報",15200,5300,100800,10900,12800,11900,88900,76395200,26637800,506620800,54783400,64332800,59809400,446811400,,,0,0,0,4999500,759000,0,5.9,10.7,7.4,8.8,1.4,1.6,1.5
"2026/02/09","2026/02/12","9107","川崎汽船","東証およびＰＴＳ",,"確報",6100,200,176400,700,19100,151500,24900,14097100,462200,407660400,1617700,44140100,350116500,57543900,,,0,0,0,5115000,5097000,0,8.5,50.1,6,10.8,4.5,13.7,6.7
"2026/02/09","2026/02/12","9110","ＮＳユナイテッド海運","東証およびＰＴＳ",,"確報",2000,1000,9500,100,1200,15700,-6200,14720000,7360000,69920000,736000,8832000,115552000,-45632000,,,0,0,0,170000,336000,0,11,8.5,9,8.7,8.2,32.3,13
"2026/02/09","2026/02/12","9115","明海グループ","東証およびＰＴＳ",,"確報",0,500,886500,0,0,0,886500,0,363000,643599000,0,0,0,643599000,,,0,0,0,0,0,0,32.5,9999.9,16.3,32.5,0,0,0
"2026/02/09","2026/02/12","9119","飯野海運","東証およびＰＴＳ",,"確報",2700,7000,19500,6500,2400,81700,-62200,4409100,11431000,31843500,10614500,3919200,133416100,-101572600,,,0,0,904400,0,0,2948800,10.9,3.6,3.8,3.7,40.5,25.8,31.5
"2026/02/09","2026/02/12","9127","玉井商船","東証およびＰＴＳ",,"確報",200,700,2100,0,0,0,2100,740000,2590000,7770000,0,0,0,7770000,,,0,0,390000,0,0,0,8.7,10,7.6,8.7,0,0,0
"2026/02/09","2026/02/12","9130","共栄タンカー","東証およびＰＴＳ",,"確報",2700,3800,24800,0,3900,24800,0,3075300,4328200,28247200,0,4442100,28247200,0,,,0,0,336700,0,0,373100,13,9.4,16.8,12.1,10.8,19.6,13.9
"2026/02/09","2026/02/12","9142","九州旅客鉄道","東証およびＰＴＳ",,"確報",800,900,5200,0,0,0,5200,3300800,3713400,21455200,0,0,0,21455200,,,0,0,233200,0,0,0,9.9,11.4,8.8,9.9,0,0,0
"2026/02/09","2026/02/12","9143","ＳＧホールディングス","東証およびＰＴＳ",,"確報",5200,0,60900,22200,0,31100,29800,7677800,0,89918850,32778300,0,45919150,43999700,,,0,0,0,3536950,565150,0,17,46.7,51.6,49,2.2,20.2,4
"2026/02/09","2026/02/12","9145","ビーイングＨＤ","東証およびＰＴＳ",,"確報",200,0,29000,1100,0,13300,15700,175400,0,25433000,964700,0,11664100,13768900,,,0,0,0,28800,12200,0,108.2,480,0,960,32.4,38.4,35.1
"2026/02/09","2026/02/12","9147","ＮＸＨＤ","東証およびＰＴＳ",,"確報",0,2400,4700,600,200,24300,-19600,0,8944800,17516900,2236200,745400,90566100,-73049200,,,0,0,362100,0,0,1218900,10.4,8.7,4.8,6.2,8.7,26.4,13.1
"2026/02/09","2026/02/12","9158","シーユーシー","東証およびＰＴＳ",,"確報",400,0,26200,0,300,8800,17400,365600,0,23946800,0,274200,8043200,15903600,,,0,0,1161000,0,0,409500,14.2,32.1,15.8,21.2,72.9,4.8,8.9
"2026/02/09","2026/02/12","9159","Ｗ　ＴＯＫＹＯ","東証およびＰＴＳ",,"確報",0,100,3600,0,0,0,3600,0,174000,6264000,0,0,0,6264000,,,0,0,107300,0,0,0,181,181,181,181,0,0,0
"2026/02/09","2026/02/12","9160","ノバレーゼ","東証およびＰＴＳ",,"確報",6700,5900,30000,300,3400,30000,0,2070300,1823100,9270000,92700,1050600,9270000,0,,,0,0,0,0,0,0,21,11.9,18.5,14.5,112.5,19.2,32.8
"2026/02/09","2026/02/12","9162","ブリーチ","東証およびＰＴＳ",,"確報",0,100,6000,0,0,0,6000,0,29700,1782000,0,0,0,1782000,,,0,0,6100,0,0,0,203.3,305,152.5,203.3,0,0,0
"2026/02/09","2026/02/12","9163","ナレルグループ","東証およびＰＴＳ",,"確報",0,0,15200,0,0,0,15200,0,0,35811200,0,0,0,35811200,,,0,0,0,60800,0,0,152.8,152.8,152.8,152.8,0,0,0
"2026/02/09","2026/02/12","9165","クオルテック","東証およびＰＴＳ",,"確報",0,0,1800,0,0,0,1800,0,0,2629800,0,0,0,2629800,,,0,0,37800,0,0,0,176,88,0,176,0,0,0
"2026/02/09","2026/02/12","9166","ＧＥＮＤＡ","東証およびＰＴＳ",,"確報",0,16900,484600,0,0,0,484600,0,11272300,323228200,0,0,0,323228200,,,0,0,1003000,0,0,0,14.2,45.4,8.4,14.2,0,0,0
"2026/02/09","2026/02/12","9168","ライズ","東証およびＰＴＳ",,"確報",0,12900,146700,0,0,0,146700,0,6630600,75403800,0,0,0,75403800,,,0,0,0,159600,0,0,10.3,11,9.6,10.3,0,0,0
"2026/02/09","2026/02/12","9171","栗林商船","東証およびＰＴＳ",,"確報",100,100,331100,0,0,0,331100,180900,180900,598959900,0,0,0,598959900,,,0,0,0,5297600,0,0,308.7,521,219.4,308.7,0,0,0
"2026/02/09","2026/02/12","9173","東海汽船","東証およびＰＴＳ",,"確報",0,0,500,0,0,0,500,0,0,1570000,0,0,0,1570000,,,0,0,0,0,0,0,22,11,0,22,0,0,0
"2026/02/09","2026/02/12","9193","東京汽船","東証およびＰＴＳ",,"確報",0,200,2600,0,0,0,2600,0,257000,3341000,0,0,0,3341000,,,0,0,123200,0,0,0,35.8,71.5,23.8,35.8,0,0,0
"2026/02/09","2026/02/12","9201","ＪＡＬ","東証およびＰＴＳ",,"確報",2300,6800,25900,14400,0,15800,10100,7228900,21372400,81403700,45259200,0,49659400,31744300,,,0,0,425600,0,0,19600,7,72.8,5.9,10.9,1.1,3.2,1.6
"2026/02/09","2026/02/12","9202","ＡＮＡＨＤ","東証およびＰＴＳ",,"確報",44600,24900,72500,30700,4400,116200,-43700,149231600,83315400,242585000,102722200,14722400,388805200,-146220200,,,0,0,1372800,0,0,2337400,6,4.2,4.4,4.3,4.9,24.5,8.2
"2026/02/09","2026/02/12","92025","ＡＮＡ－優","東証およびＰＴＳ",,"確報",0,0,0,0,0,0,0,0,0,0,0,0,0,0,,,0,0,0,0,0,0,0,0,0,0,0,0,0
"2026/02/09","2026/02/12","9204","スカイマーク","東証およびＰＴＳ",,"確報",1800,0,61600,0,0,0,61600,655200,0,22422400,0,0,0,22422400,,,0,0,0,1554800,0,0,49.9,61.8,41.8,49.9,0,0,0
"2026/02/09","2026/02/12","9206","スターフライヤー","東証およびＰＴＳ",,"確報",0,0,700,0,0,0,700,0,0,1463000,0,0,0,1463000,,,0,0,17500,0,0,0,0,0,0,0,0,0,0
"2026/02/09","2026/02/12","9211","エフ・コード","東証およびＰＴＳ",,"確報",0,500,79900,0,0,0,79900,0,815000,130237000,0,0,0,130237000,,,0,0,964800,0,0,0,65,42.3,140.5,65,0,0,0
"2026/02/09","2026/02/12","9212","ＧＥＩ","東証およびＰＴＳ",,"確報",0,0,3200,0,0,0,3200,0,0,1216000,0,0,0,1216000,,,0,0,0,9600,0,0,58.8,29.4,0,58.8,0,0,0
"2026/02/09","2026/02/12","9213","セイファート","東証およびＰＴＳ",,"確報",0,0,3900,0,0,0,3900,0,0,3038100,0,0,0,3038100,,,0,0,0,35100,0,0,196,196,196,196,0,0,0
"2026/02/09","2026/02/12","9214","リカバリー","東証およびＰＴＳ",,"確報",0,0,300,0,0,0,300,0,0,403500,0,0,0,403500,,,0,0,0,4200,0,0,12.7,19,9.5,12.7,0,0,0
"2026/02/09","2026/02/12","9215","ＣａＳｙ","東証およびＰＴＳ",,"確報",0,0,500,0,0,0,500,0,0,451500,0,0,0,451500,,,0,0,1500,0,0,0,46,23,0,46,0,0,0
"2026/02/09","2026/02/12","9216","ビーウィズ","東証およびＰＴＳ",,"確報",3600,3700,88400,0,100,88400,0,6235200,6408400,153108800,0,173200,153108800,0,,,0,0,2301000,0,0,2301000,27.4,15.4,15.8,15.6,104.2,121.1,112
"2026/02/09","2026/02/12","9218","メンタルヘルスＴ","東証およびＰＴＳ",,"確報",0,700,2500,0,8100,48700,-46200,0,549500,1962500,0,6358500,38229500,-36267000,,,0,0,0,16000,284000,0,22.9,13.9,6.4,8.8,302.7,13.1,25.1
"2026/02/09","2026/02/12","9219","ギックス","東証およびＰＴＳ",,"確報",200,100,3300,100,0,3300,0,189200,94600,3121800,94600,0,3121800,0,,,0,0,0,6400,6400,0,64.8,40.5,81,54,54,162,81
"2026/02/09","2026/02/12","9220","エフビー介護サービス","東証およびＰＴＳ",,"確報",100,0,1400,0,0,0,1400,118800,0,1663200,0,0,0,1663200,,,0,0,6500,0,0,0,66,66,66,66,0,0,0
"2026/02/09","2026/02/12","9221","フルハシＥＰＯ","東証およびＰＴＳ",,"確報",1300,0,8400,0,0,0,8400,1931800,0,12482400,0,0,0,12482400,,,0,0,99400,0,0,0,42.6,24.1,181,42.6,0,0,0
"2026/02/09","2026/02/12","9223","ＡＳＮＯＶＡ","東証およびＰＴＳ",,"確報",0,100,2000,0,0,0,2000,0,54900,1098000,0,0,0,1098000,,,0,0,0,2100,0,0,34.3,51.5,25.8,34.3,0,0,0
"2026/02/09","2026/02/12","9225","ブリッジコンサル","東証およびＰＴＳ",,"確報",0,0,0,0,0,0,0,0,0,0,0,0,0,0,,,0,0,0,0,0,0,0,0,0,0,0,0,0
"2026/02/09","2026/02/12","9227","マイクロ波化学","東証およびＰＴＳ",,"確報",27400,8800,167400,1200,3300,176400,-9000,32332000,10384000,197532000,1416000,3894000,208152000,-10620000,,,0,0,0,17856000,21420000,0,10.6,6,8.4,7,32.3,13.9,19.4
"2026/02/09","2026/02/12","9229","サンウェルズ","東証およびＰＴＳ",,"確報",0,100,31900,0,0,0,31900,0,33200,10590800,0,0,0,10590800,,,0,0,320000,0,0,0,66.5,41.4,170,66.5,0,0,0
"2026/02/09","2026/02/12","9233","アジア航測","東証およびＰＴＳ",,"確報",0,200,18400,0,200,1300,17100,0,251400,23128800,0,251400,1634100,21494700,,,0,0,130200,0,0,10500,40.2,62,44.3,51.7,25.3,6.9,10.9
"2026/02/09","2026/02/12","9235","売れるネットＧ","東証およびＰＴＳ",,"確報",200,0,27300,0,0,0,27300,124200,0,16953300,0,0,0,16953300,,,0,0,54200,0,0,0,78.5,343.3,44.3,78.5,0,0,0
"2026/02/09","2026/02/12","9236","ジャパンＭ＆Ａ","東証およびＰＴＳ",,"確報",0,0,200,0,0,0,200,0,0,202600,0,0,0,202600,,,0,0,2400,0,0,0,11,11,11,11,0,0,0
"2026/02/09","2026/02/12","9237","笑美面","東証およびＰＴＳ",,"確報",100,200,11300,0,0,0,11300,95000,190000,10735000,0,0,0,10735000,,,0,0,0,570000,0,0,39,26.9,70.6,39,0,0,0
"2026/02/09","2026/02/12","9238","バリューＣ","東証およびＰＴＳ",,"確報",0,100,900,0,0,0,900,0,125800,1132200,0,0,0,1132200,,,0,0,0,2000,0,0,47,47,47,47,0,0,0
"2026/02/09","2026/02/12","9240","デリバリコンサル","東証およびＰＴＳ",,"確報",100,0,2400,0,0,0,2400,47800,0,1147200,0,0,0,1147200,,,0,0,0,29900,0,0,25.1,46,17.3,25.1,0,0,0
"2026/02/09","2026/02/12","9241","ＦＬＮ","東証およびＰＴＳ",,"確報",100,700,1200,0,0,0,1200,162700,1138900,1952400,0,0,0,1952400,,,0,0,0,9000,0,0,15.8,43.5,9.7,15.8,0,0,0
"2026/02/09","2026/02/12","9242","メディア総研","東証およびＰＴＳ",,"確報",0,100,300,0,0,0,300,0,195500,586500,0,0,0,586500,,,0,0,0,10400,0,0,4.5,4.5,4.5,4.5,0,0,0
"2026/02/09","2026/02/12","9244","デジタリフト","東証およびＰＴＳ",,"確報",0,0,300,0,0,0,300,0,0,299400,0,0,0,299400,,,0,0,0,300,0,0,12.7,19,9.5,12.7,0,0,0
"2026/02/09","2026/02/12","9245","リベロ","東証およびＰＴＳ",,"確報",100,0,400,0,0,0,400,226400,0,905600,0,0,0,905600,,,0,0,900,0,0,0,32,16,0,32,0,0,0
"2026/02/09","2026/02/12","9246","プロジェクトＨＤ","東証およびＰＴＳ",,"確報",100,0,2800,0,0,0,2800,116800,0,3270400,0,0,0,3270400,,,0,0,0,13500,0,0,136,136,136,136,0,0,0
"2026/02/09","2026/02/12","9247","ＴＲＥＨＤ","東証およびＰＴＳ",,"確報",0,3200,26300,0,1600,4700,21600,0,5603200,46051300,0,2801600,8229700,37821600,,,0,0,354000,0,0,75600,17.2,52.3,16.7,25.3,3.6,12.8,5.6
"2026/02/09","2026/02/12","9248","人・夢・技術グループ","東証およびＰＴＳ",,"確報",0,1100,3200,0,0,0,3200,0,1736900,5052800,0,0,0,5052800,,,0,0,133300,0,0,0,19.8,104,10.9,19.8,0,0,0
"2026/02/09","2026/02/12","9249","日本エコシステム","東証およびＰＴＳ",,"確報",0,0,300,0,0,0,300,0,0,477300,0,0,0,477300,,,0,0,0,1200,0,0,0,0,0,0,0,0,0
"2026/02/09","2026/02/12","9250","ＧＲＣＳ","東証およびＰＴＳ",,"確報",400,600,3400,0,0,0,3400,446400,669600,3794400,0,0,0,3794400,,,0,0,0,50400,0,0,11.7,24.1,7.7,11.7,0,0,0
"2026/02/09","2026/02/12","9251","ＡＢ＆Ｃｏｍｐａｎｙ","東証およびＰＴＳ",,"確報",0,0,1900,0,0,0,1900,0,0,2302800,0,0,0,2302800,,,0,0,11400,0,0,0,20.9,18.8,23.5,20.9,0,0,0
"2026/02/09","2026/02/12","9252","ラストワンマイル","東証およびＰＴＳ",,"確報",0,0,5800,0,0,0,5800,0,0,24737000,0,0,0,24737000,,,0,0,145000,0,0,0,93.3,46.7,0,93.3,0,0,0
"2026/02/09","2026/02/12","9253","スローガン","東証およびＰＴＳ",,"確報",0,0,300,0,0,0,300,0,0,231000,0,0,0,231000,,,0,0,0,5400,0,0,15,0,7.5,15,0,0,0
"2026/02/09","2026/02/12","9254","ラバブルマーケ","東証およびＰＴＳ",,"確報",0,200,1000,0,0,0,1000,0,231400,1157000,0,0,0,1157000,,,0,0,8400,0,0,0,40.7,0,20.3,40.7,0,0,0
"2026/02/09","2026/02/12","9256","サクシード","東証およびＰＴＳ",,"確報",0,0,500,0,0,0,500,0,0,408000,0,0,0,408000,,,0,0,2000,0,0,0,27,27,27,27,0,0,0
"2026/02/09","2026/02/12","9257","ＹＣＰ","東証およびＰＴＳ",,"確報",0,0,4240000,0,0,0,4240000,0,0,3370800000,0,0,0,3370800000,,,0,0,0,0,0,0,0,0,0,0,0,0,0
"2026/02/09","2026/02/12","9258","ＣＳ－Ｃ","東証およびＰＴＳ",,"確報",0,0,100,0,0,0,100,0,0,35500,0,0,0,35500,,,0,0,0,900,0,0,0,0,0,0,0,0,0
"2026/02/09","2026/02/12","9259","タカヨシＨＤ","東証およびＰＴＳ",,"確報",0,100,2900,0,0,0,2900,0,85200,2470800,0,0,0,2470800,,,0,0,21000,0,0,0,32.7,24.5,49,32.7,0,0,0
"2026/02/09","2026/02/12","9262","シルバーライフ","東証およびＰＴＳ",,"確報",100,0,4800,700,500,3100,1700,80500,0,3864000,563500,402500,2495500,1368500,,,0,0,9400,0,0,5800,16.7,26,15.6,19.5,15.1,12.6,13.7
"2026/02/09","2026/02/12","9264","ポエック","東証およびＰＴＳ",,"確報",0,0,6300,0,0,4600,1700,0,0,10993500,0,0,8027000,2966500,,,0,0,25200,0,0,18400,273,314,314,314,0,116,232
"2026/02/09","2026/02/12","9265","ヤマシタヘルスケア","東証およびＰＴＳ",,"確報",0,0,200,0,0,0,200,0,0,744000,0,0,0,744000,,,0,0,0,17000,0,0,14,7,0,14,0,0,0
"2026/02/09","2026/02/12","9267","ゲンキードラッグ","東証およびＰＴＳ",,"確報",0,4600,16200,900,0,50400,-34200,0,20746000,73062000,4059000,0,227304000,-154242000,,,0,0,624000,0,0,1485000,21.5,13.4,8,10,23.9,268,43.9
"2026/02/09","2026/02/12","9268","オプティマス","東証およびＰＴＳ",,"確報",900,700,80100,200,0,80100,0,310500,241500,27634500,69000,0,27634500,0,,,0,0,0,79900,79900,0,50.8,25.4,27.3,26.3,362.6,0,725.3
"2026/02/09","2026/02/12","9270","バリュエンスＨＤ","東証およびＰＴＳ",,"確報",200,0,52900,200,0,52900,0,354800,0,93844600,354800,0,93844600,0,,,0,0,1054000,0,0,1054000,61.8,136.1,43.2,65.6,108.8,40,58.5
"2026/02/09","2026/02/12","9271","和心","東証およびＰＴＳ",,"確報",0,400,8800,0,0,0,8800,0,368000,8096000,0,0,0,8096000,,,0,0,46000,0,0,0,50.2,238.5,28.1,50.2,0,0,0
"2026/02/09","2026/02/12","9272","ブティックス","東証およびＰＴＳ",,"確報",0,200,7100,0,0,0,7100,0,277800,9861900,0,0,0,9861900,,,0,0,0,80300,0,0,180,180,180,180,0,0,0
"2026/02/09","2026/02/12","9273","コーア商事ＨＤ","東証およびＰＴＳ",,"確報",100,100,5500,400,400,5500,0,86300,86300,4746500,345200,345200,4746500,0,,,0,0,60500,0,0,60500,27,22.5,27,24.5,27,33.8,30
"2026/02/09","2026/02/12","9274","ＫＰＰグループＨＤ","東証およびＰＴＳ",,"確報",4300,9800,30500,4900,0,81100,-50600,3947400,8996400,27999000,4498200,0,74449800,-46450800,,,0,0,0,36000,76200,0,16.9,7.5,9.5,8.4,21.8,53.6,31
"2026/02/09","2026/02/12","9278","ブックオフＧＨＤ","東証およびＰＴＳ",,"確報",1200,0,9900,2400,100,21300,-11400,1951200,0,16097400,3902400,162600,34633800,-18536400,,,0,0,26100,0,0,57000,29.8,15,39.6,21.8,27.3,50.5,35.4
"2026/02/09","2026/02/12","9279","ギフトＨＤ","東証およびＰＴＳ",,"確報",200,0,1100,400,700,44500,-43400,761000,0,4185500,1522000,2663500,169322500,-165137000,,,0,0,0,22500,1120000,0,27.2,14,4.1,6.4,47,22.2,30.2
"2026/02/09","2026/02/12","9282","いちごグリーン","東証およびＰＴＳ",,"確報",3,0,269,0,0,0,269,166800,0,14956400,0,0,0,14956400,,,0,0,0,266000,0,0,60.9,33.6,327.3,60.9,0,0,0
"2026/02/09","2026/02/12","9284","カナディアンソラ","東証およびＰＴＳ",,"確報",3,0,198,0,0,0,198,272700,0,17998200,0,0,0,17998200,,,0,0,0,78000,0,0,199.2,332,142.3,199.2,0,0,0
"2026/02/09","2026/02/12","9285","東京インフラＦ","東証およびＰＴＳ",,"確報",2,0,101,0,0,0,101,99800,0,5039900,0,0,0,5039900,,,0,0,0,4950,0,0,11.3,351.5,5.8,11.3,0,0,0
"2026/02/09","2026/02/12","9286","エネクスインフラ","東証およびＰＴＳ",,"確報",51,0,3526,0,0,0,3526,2901900,0,200629400,0,0,0,200629400,,,0,0,0,695000,0,0,64.8,37.3,250,64.8,0,0,0
"2026/02/09","2026/02/12","9287","ＪＩＦ","東証およびＰＴＳ",,"確報",0,209,14,0,0,0,14,0,13898500,931000,0,0,0,931000,,,0,0,0,0,0,0,5.2,22.6,2.9,5.2,0,0,0
"2026/02/09","2026/02/12","9301","三菱倉庫","東証およびＰＴＳ",,"確報",100,3100,27300,100,4800,25600,1700,132450,4105950,36158850,132450,6357600,33907200,2251650,,,0,0,575700,0,0,575700,9.9,52.7,5.9,10.6,35.5,5.3,9.2
"2026/02/09","2026/02/12","9302","三井倉庫ＨＤ","東証およびＰＴＳ",,"確報",17300,0,17300,5100,1000,19500,-2200,67158600,0,67158600,19798200,3882000,75699000,-8540400,,,0,0,0,0,0,4789400,3.6,1,1.8,1.3,14.6,14.1,14.4
"2026/02/09","2026/02/12","9303","住友倉庫","東証およびＰＴＳ",,"確報",200,6600,2600,0,600,8400,-5800,756000,24948000,9828000,0,2268000,31752000,-21924000,,,0,0,495000,0,0,495000,4.9,2.4,2,2.2,39.3,18.1,24.8
"2026/02/09","2026/02/12","9304","澁澤倉庫","東証およびＰＴＳ",,"確報",900,1000,32400,0,300,43000,-10600,1221300,1357000,43966800,0,407100,58351000,-14384200,,,0,0,682500,0,0,909300,23.8,18.2,40.7,25.2,11.9,314.2,22.8
"2026/02/09","2026/02/12","9305","ヤマタネ","東証およびＰＴＳ",,"確報",0,200,6000,100,500,3400,2600,0,463000,13890000,231500,1157500,7871000,6019000,,,0,0,173600,0,0,106400,9.6,18.7,7,10.2,6.8,11.5,8.6
"2026/02/09","2026/02/12","9306","東陽倉庫","東証およびＰＴＳ",,"確報",0,100,120400,100,0,1200,119200,0,205000,246820000,205000,0,2460000,244360000,,,0,0,2530500,0,0,23100,318.9,272.9,2001.3,480.3,4.7,56,8.6
"2026/02/09","2026/02/12","9307","杉村倉庫","東証およびＰＴＳ",,"確報",1300,1400,8700,3700,0,8400,300,1332500,1435000,8917500,3792500,0,8610000,307500,,,0,0,0,308000,164500,0,13.9,29.2,13.1,18,7.3,16.2,10.1
"2026/02/09","2026/02/12","9308","乾汽船","東証およびＰＴＳ",,"確報",300,1400,14800,2200,100,65400,-50600,400200,1867600,19743200,2934800,133400,87243600,-67500400,,,0,0,651900,0,0,2595300,41.4,21.2,24.6,22.7,32.9,123.6,51.9
"2026/02/09","2026/02/12","9310","日本トランスシティ","東証およびＰＴＳ",,"確報",0,400,3400,100,1100,300,3100,0,529200,4498200,132300,1455300,396900,4101300,,,0,0,83600,0,0,28600,14.2,0,21.7,43.3,4.8,3.5,4.1
"2026/02/09","2026/02/12","9311","アサガミ","東証およびＰＴＳ",,"確報",0,0,0,0,0,0,0,0,0,0,0,0,0,0,,,0,0,0,0,0,0,0,0,0,0,0,0,0
"2026/02/09","2026/02/12","9312","ケイヒン","東証およびＰＴＳ",,"確報",400,0,3400,0,0,100,3300,1264000,0,10744000,0,0,316000,10428000,,,0,0,0,105000,3500,0,14,8.9,44.7,14.9,6,6,6
"2026/02/09","2026/02/12","9313","丸八倉庫","東証およびＰＴＳ",,"確報",0,0,1500,0,0,0,1500,0,0,1540500,0,0,0,1540500,,,0,0,3000,0,0,0,76,76,76,76,0,0,0
"2026/02/09","2026/02/12","9319","中央倉庫","東証およびＰＴＳ",,"確報",1800,0,111900,1700,300,8800,103100,3151800,0,195936900,2976700,525300,15408800,180528100,,,0,0,5725200,0,0,384800,35.2,18.8,5041,37.5,11.2,59.7,18.8
"2026/02/09","2026/02/12","9322","川西倉庫","東証およびＰＴＳ",,"確報",0,100,8800,0,0,0,8800,0,288700,25405600,0,0,0,25405600,,,0,0,0,498400,0,0,221.5,221.5,221.5,221.5,0,0,0
"2026/02/09","2026/02/12","9324","安田倉庫","東証およびＰＴＳ",,"確報",300,0,5900,300,0,6100,-200,728700,0,14331100,728700,0,14816900,-485800,,,0,0,112000,0,0,116000,4.6,2.5,2.9,2.7,26.5,48.7,34.4
"2026/02/09","2026/02/12","9325","ファイズＨＤ","東証およびＰＴＳ",,"確報",100,0,4700,0,0,0,4700,112800,0,5301600,0,0,0,5301600,,,0,0,0,92000,0,0,117,234,78,117,0,0,0
"2026/02/09","2026/02/12","9326","関通","東証およびＰＴＳ",,"確報",100,100,3200,0,0,0,3200,47700,47700,1526400,0,0,0,1526400,,,0,0,0,38400,0,0,106,79.5,159,106,0,0,0
"2026/02/09","2026/02/12","9327","イー・ロジット","東証およびＰＴＳ",,"確報",0,0,12900,0,0,0,12900,0,0,2889600,0,0,0,2889600,,,0,0,0,12900,0,0,424,212,0,424,0,0,0
"2026/02/09","2026/02/12","9330","揚羽","東証およびＰＴＳ",,"確報",0,0,4800,0,0,0,4800,0,0,3878400,0,0,0,3878400,,,0,0,0,0,0,0,0,0,0,0,0,0,0
"2026/02/09","2026/02/12","9331","キャスター","東証およびＰＴＳ",,"確報",0,0,300,0,0,0,300,0,0,231000,0,0,0,231000,,,0,0,6300,0,0,0,17,17,17,17,0,0,0
"2026/02/09","2026/02/12","9332","ＮＩＳＳＯＨＤ","東証およびＰＴＳ",,"確報",1700,1200,15200,700,200,15200,0,1184900,836400,10594400,487900,139400,10594400,0,,,0,0,0,73500,73500,0,3.3,5.2,1.2,1.9,7.2,49.3,12.6
"2026/02/09","2026/02/12","9336","大栄環境","東証およびＰＴＳ",,"確報",200,1400,22300,100,1300,22300,0,835000,5845000,93102500,417500,5427500,93102500,0,,,0,0,822500,0,0,822500,49.6,66.1,39.7,49.6,66.1,39.7,49.6
"2026/02/09","2026/02/12","9337","トリドリ","東証およびＰＴＳ",,"確報",0,100,4500,0,0,0,4500,0,316500,14242500,0,0,0,14242500,,,0,0,161000,0,0,0,18.7,10.4,93.5,18.7,0,0,0
"2026/02/09","2026/02/12","9338","ＩＮＦＯＲＩＣＨ","東証およびＰＴＳ",,"確報",0,2600,68100,0,0,0,68100,0,4963400,130002900,0,0,0,130002900,,,0,0,848400,0,0,0,104,398.8,59.8,104,0,0,0
"2026/02/09","2026/02/12","9339","コーチ・エィ","東証およびＰＴＳ",,"確報",0,0,0,0,0,0,0,0,0,0,0,0,0,0,,,0,0,0,0,0,0,0,0,0,0,0,0,0
"2026/02/09","2026/02/12","9340","アソインター","東証およびＰＴＳ",,"確報",0,0,4800,0,0,0,4800,0,0,3528000,0,0,0,3528000,,,0,0,38400,0,0,0,241,241,241,241,0,0,0
"2026/02/09","2026/02/12","9341","ＧＥＮＯＶＡ","東証およびＰＴＳ",,"確報",0,2200,5500,0,0,0,5500,0,1333200,3333000,0,0,0,3333000,,,0,0,23100,0,0,0,18,94.8,10,18,0,0,0
"2026/02/09","2026/02/12","9342","スマサポ","東証およびＰＴＳ",,"確報",100,0,900,0,0,0,900,114100,0,1026900,0,0,0,1026900,,,0,0,0,97600,0,0,82,41,0,82,0,0,0
"2026/02/09","2026/02/12","9343","アイビス","東証およびＰＴＳ",,"確報",0,0,3400,0,0,0,3400,0,0,2383400,0,0,0,2383400,,,0,0,0,0,0,0,20.1,14.3,34.2,20.1,0,0,0
"2026/02/09","2026/02/12","9344","アクシスＣ","東証およびＰＴＳ",,"確報",0,0,700,0,0,0,700,0,0,639800,0,0,0,639800,,,0,0,0,700,0,0,0,0,0,0,0,0,0
"2026/02/09","2026/02/12","9345","ビズメイツ","東証およびＰＴＳ",,"確報",0,0,1600,0,0,0,1600,0,0,1129600,0,0,0,1129600,,,0,0,0,38400,0,0,166,0,83,166,0,0,0
"2026/02/09","2026/02/12","9346","ココルポート","東証およびＰＴＳ",,"確報",100,100,5300,0,0,0,5300,165000,165000,8745000,0,0,0,8745000,,,0,0,26500,0,0,0,77.1,90,67.5,77.1,0,0,0
"2026/02/09","2026/02/12","9347","日本管財ＨＤ","東証およびＰＴＳ",,"確報",300,500,6400,600,100,32300,-25900,840600,1401000,17932800,1681200,280200,90504600,-72571800,,,0,0,85800,0,0,413400,18.3,6.7,4.6,5.5,38.5,121.3,58.4
"2026/02/09","2026/02/12","9348","ｉｓｐａｃｅ","東証およびＰＴＳ",,"確報",400,25000,192000,0,0,0,192000,253200,15825000,121536000,0,0,0,121536000,,,0,0,0,2599200,0,0,16.7,18.4,15.3,16.7,0,0,0
"2026/02/09","2026/02/12","9351","東洋埠頭","東証およびＰＴＳ",,"確報",0,300,4500,0,0,200,4300,0,579300,8689500,0,0,386200,8303300,,,0,0,76800,0,0,3200,25.2,20.8,28.6,24.1,0,0,0
"2026/02/09","2026/02/12","9353","櫻島埠頭","東証およびＰＴＳ",,"確報",100,1700,8100,0,0,0,8100,262400,4460800,21254400,0,0,0,21254400,,,0,0,0,494700,0,0,27.4,31.4,24.4,27.4,0,0,0
"2026/02/09","2026/02/12","9355","リンコーコーポ","東証およびＰＴＳ",,"確報",100,0,100,0,0,0,100,215700,0,215700,0,0,0,215700,,,0,0,0,0,0,0,2,1,0,2,0,0,0
"2026/02/09","2026/02/12","9360","鈴与シンワート","東証およびＰＴＳ",,"確報",100,0,200,0,0,0,200,318000,0,636000,0,0,0,636000,,,0,0,6000,0,0,0,12,6,0,12,0,0,0
"2026/02/09","2026/02/12","9361","伏木海陸運送","東証およびＰＴＳ",,"確報",100,0,100,0,0,0,100,219000,0,219000,0,0,0,219000,,,0,0,0,0,0,0,2,1,0,2,0,0,0
"2026/02/09","2026/02/12","9362","兵機海運","東証およびＰＴＳ",,"確報",0,0,100,0,0,0,100,0,0,373000,0,0,0,373000,,,0,0,13000,0,0,0,0,0,0,0,0,0,0
"2026/02/09","2026/02/12","9363","大運","東証およびＰＴＳ",,"確報",1000,0,11000,0,0,0,11000,482000,0,5302000,0,0,0,5302000,,,0,0,20000,0,0,0,35.7,22.5,86.3,35.7,0,0,0
"2026/02/09","2026/02/12","9364","上組","東証およびＰＴＳ",,"確報",0,100,2200,300,0,2200,0,0,566900,12471800,1700700,0,12471800,0,,,0,0,243800,0,0,201400,32,0,29,58,18,27,21.6
"2026/02/09","2026/02/12","9365","トレーディア","東証およびＰＴＳ",,"確報",0,0,1100,0,0,0,1100,0,0,1804000,0,0,0,1804000,,,0,0,25300,0,0,0,0,0,0,0,0,0,0
"2026/02/09","2026/02/12","9366","サンリツ","東証およびＰＴＳ",,"確報",0,0,200,0,0,0,200,0,0,182600,0,0,0,182600,,,0,0,2400,0,0,0,11,11,11,11,0,0,0
"2026/02/09","2026/02/12","9367","大東港運","東証およびＰＴＳ",,"確報",0,100,400,0,0,0,400,0,261000,1044000,0,0,0,1044000,,,0,0,25000,0,0,0,14,21,10.5,14,0,0,0
"2026/02/09","2026/02/12","9368","キムラユニティー","東証およびＰＴＳ",,"確報",200,0,1900,0,0,0,1900,182600,0,1734700,0,0,0,1734700,,,0,0,0,6800,0,0,27.4,47.5,23.8,31.7,0,1,2
"2026/02/09","2026/02/12","9369","キユーソー流通Ｓ","東証およびＰＴＳ",,"確報",0,200,60500,100,600,43000,17500,0,632000,191180000,316000,1896000,135880000,55300000,,,0,0,2428000,0,0,1740000,223.3,0,304,608,1104,63.1,119.4
"2026/02/09","2026/02/12","9376","ユーラシア旅行社","東証およびＰＴＳ",,"確報",300,0,1400,0,0,0,1400,284100,0,1325800,0,0,0,1325800,,,0,0,0,17600,0,0,18.9,16.5,22,18.9,0,0,0
"2026/02/09","2026/02/12","9380","東海運","東証およびＰＴＳ",,"確報",5000,600,8700,400,100,8700,0,2135000,256200,3714900,170800,42700,3714900,0,,,0,0,12900,0,0,25200,4.3,1.9,2.4,2.1,14.1,76,23.8
"2026/02/09","2026/02/12","9381","エーアイテイー","東証およびＰＴＳ",,"確報",0,200,1900,0,0,0,1900,0,457600,4347200,0,0,0,4347200,,,0,0,29400,0,0,0,16.5,24.8,12.4,16.5,0,0,0
"2026/02/09","2026/02/12","9385","ショーエイコーポ","東証およびＰＴＳ",,"確報",0,700,2000,0,0,0,2000,0,476700,1362000,0,0,0,1362000,,,0,0,5400,0,0,0,6.2,31,4.2,7.4,0,2.6,5.2
"2026/02/09","2026/02/12","9399","ビート","東証およびＰＴＳ",,"確報",0,0,0,0,0,0,0,0,0,0,0,0,0,0,,,0,0,0,0,0,0,0,0,0,0,0,0,0
"2026/02/09","2026/02/12","9401","ＴＢＳＨＤ","東証およびＰＴＳ",,"確報",600,12800,8600,400,3700,21300,-12700,3502800,74726400,50206800,2335200,21600600,124349400,-74142600,,,0,0,5782400,0,0,6838800,7.5,2.7,3.5,3,23.7,14.5,18
"2026/02/09","2026/02/12","9404","日本テレビＨＤ","東証およびＰＴＳ",,"確報",5900,12800,12200,100,7000,12200,0,20773900,45068800,42956200,352100,24647000,42956200,0,,,0,0,974100,0,0,974100,4.7,2.8,3.7,3.2,17.4,3.6,6
"2026/02/09","2026/02/12","9405","朝日放送グループＨＤ","東証およびＰＴＳ",,"確報",800,0,14900,3000,600,12600,2300,688800,0,12828900,2583000,516600,10848600,1980300,,,0,0,84600,0,0,61200,32.9,89.1,0,178.3,9.6,40.1,15.6
"2026/02/09","2026/02/12","9408","ＢＳＮメディアＨＤ","東証およびＰＴＳ",,"確報",0,0,0,0,0,0,0,0,0,0,0,0,0,0,,,0,0,0,0,0,0,0,0,0,0,0,0,0
"2026/02/09","2026/02/12","9409","テレビ朝日ＨＤ","東証およびＰＴＳ",,"確報",400,2900,10600,6400,0,19500,-8900,1428000,10353000,37842000,22848000,0,69615000,-31773000,,,0,0,1179000,0,0,1179000,7,3.3,7.3,4.6,11.4,7.4,9
"2026/02/09","2026/02/12","9412","スカパーＪＳＡＴ","東証およびＰＴＳ",,"確報",800,5100,171800,3300,0,21900,149900,2201600,14035200,472793600,9081600,0,60268800,412524800,,,0,0,31874100,0,0,3366600,3.1,2.3,4.3,3,4.1,3.4,3.7
"2026/02/09","2026/02/12","9413","テレ東ＨＤ","東証およびＰＴＳ",,"確報",0,300,300,100,0,200,100,0,1359000,1359000,453000,0,906000,453000,,,0,0,48000,0,0,8000,3.5,5.4,2.1,3,6,0,12
"2026/02/09","2026/02/12","9414","日本ＢＳ放送","東証およびＰＴＳ",,"確報",2100,0,17500,2100,0,17500,0,2007600,0,16730000,2007600,0,16730000,0,,,0,0,92400,0,0,92400,18,12.9,28,17.6,13.3,30.2,18.5
"2026/02/09","2026/02/12","9416","ビジョン","東証およびＰＴＳ",,"確報",0,400,2600,500,0,600,2000,0,524000,3406000,655000,0,786000,2620000,,,0,0,24000,0,0,800,5.4,11.9,7,8.9,3.5,0.9,1.4
"2026/02/09","2026/02/12","9417","スマートバリュー","東証およびＰＴＳ",,"確報",0,300,8500,0,0,12200,-3700,0,117900,3340500,0,0,4794600,-1454100,,,0,0,0,0,0,0,111.5,220.5,55.1,88.2,309,88.3,137.3
"2026/02/09","2026/02/12","9418","Ｕ－ＮＥＸＴ","東証およびＰＴＳ",,"確報",100,15600,181900,0,900,13100,168800,184000,28704000,334696000,0,1656000,24104000,310592000,,,0,0,3355800,0,0,238000,5.2,5,4.6,4.8,30.6,30.6,30.6
"2026/02/09","2026/02/12","9419","ワイヤレスゲート","東証およびＰＴＳ",,"確報",0,500,17900,0,0,0,17900,0,141000,5047800,0,0,0,5047800,,,0,0,0,36800,0,0,32.4,51.2,23.6,32.4,0,0,0
"2026/02/09","2026/02/12","9421","エヌジェイＨＤ","東証およびＰＴＳ",,"確報",0,0,2300,0,0,0,2300,0,0,1465100,0,0,0,1465100,,,0,0,0,0,0,0,236,0,118,236,0,0,0
"2026/02/09","2026/02/12","9423","フォーバルＲＳ","東証およびＰＴＳ",,"確報",0,0,39600,0,0,10200,29400,0,0,4435200,0,0,1142400,3292800,,,0,0,39600,0,0,10200,252.7,504.3,126.1,201.7,0,0,0
"2026/02/09","2026/02/12","9424","日本通信","東証およびＰＴＳ",,"確報",7000,76300,496000,0,17500,381900,114100,1001000,10910900,70928000,0,2502500,54611700,16316300,,,0,0,1695900,0,0,1198200,32.4,26.9,19,22.3,101.3,76.7,87.3
"2026/02/09","2026/02/12","9425","ＲｅＹｕｕＪａｐａｎ","東証およびＰＴＳ",,"確報",0,5000,47700,0,0,0,47700,0,1940000,18507600,0,0,0,18507600,,,0,0,0,210800,0,0,42.4,47.8,38.1,42.4,0,0,0
"2026/02/09","2026/02/12","9428","クロップス","東証およびＰＴＳ",,"確報",0,100,400,16000,0,16500,-16100,0,161100,644400,25776000,0,26581500,-25937100,,,0,0,123500,0,0,123500,2.5,12,6,8,1.2,185,2.3
"2026/02/09","2026/02/12","9432","ＮＴＴ","東証およびＰＴＳ",,"確報",244200,721000,14185300,0,37200,13100,14172200,37240500,109952500,2163258250,0,5673000,1997750,2161260500,,,0,0,0,0,0,0,13.1,10.8,18.7,13.7,1.8,1.3,1.5
"2026/02/09","2026/02/12","9433","ＫＤＤＩ","東証およびＰＴＳ",,"確報",129600,3900,179000,7000,42900,7300,171700,329313600,9909900,454839000,17787000,109008900,18549300,436289700,,,0,0,0,13751400,11145600,0,3.5,3.2,10.8,4.9,2.3,1.9,2.1
"2026/02/09","2026/02/12","9434","ソフトバンク","東証およびＰＴＳ",,"確報",136500,1400,2590300,0,9600,4200,2586100,29115450,298620,552510990,0,2047680,895860,551615130,,,0,0,0,2209680,12420,0,44.2,61.2,41.7,49.6,4.6,1.3,2
"2026/02/09","2026/02/12","94345","ソフトバンク－優","東証およびＰＴＳ",,"確報",0,0,0,0,0,0,0,0,0,0,0,0,0,0,,,0,0,0,0,0,0,0,0,0,0,0,0,0
"2026/02/09","2026/02/12","94346","ソフトバンク－２優","東証およびＰＴＳ",,"確報",0,0,0,0,0,0,0,0,0,0,0,0,0,0,,,0,0,0,0,0,0,0,0,0,0,0,0,0
"2026/02/09","2026/02/12","9435","光通信","東証およびＰＴＳ",,"確報",100,600,800,200,0,800,0,4475000,26850000,35800000,8950000,0,35800000,0,,,0,0,1872000,0,0,864000,8.7,15.3,4.4,6.8,10,0,20
"2026/02/09","2026/02/12","9436","沖縄セルラー電話","東証およびＰＴＳ",,"確報",800,900,11900,1400,300,35700,-23800,2604000,2929500,38734500,4557000,976500,116203500,-77469000,,,0,0,0,300000,865000,0,21.7,18.9,6.3,9.5,103.3,47.5,65
"2026/02/09","2026/02/12","9438","エムティーアイ","東証およびＰＴＳ",,"確報",600,400,28700,200,0,28700,0,411000,274000,19659500,137000,0,19659500,0,,,0,0,0,1054500,1054500,0,15.4,10.6,15.9,12.7,14.9,28.1,19.5
"2026/02/09","2026/02/12","9439","ＭＨグループ","東証およびＰＴＳ",,"確報",0,0,1600,0,0,0,1600,0,0,363200,0,0,0,363200,,,0,0,0,0,0,0,0,0,0,0,0,0,0
"2026/02/09","2026/02/12","9441","ベルパーク","東証およびＰＴＳ",,"確報",0,0,100,0,0,0,100,0,0,260700,0,0,0,260700,,,0,0,3600,0,0,0,14,0,0,0,0,2,4
"2026/02/09","2026/02/12","9444","トーシンＨＤ","東証およびＰＴＳ",,"確報",0,0,3000,0,0,0,3000,0,0,1314000,0,0,0,1314000,,,0,0,0,9000,0,0,76,76,76,76,0,0,0
"2026/02/09","2026/02/12","9445","フォーバルテレコム","東証およびＰＴＳ",,"確報",0,0,100,0,0,100,0,0,0,56900,0,0,56900,0,,,0,0,200,0,0,200,0,0,0,0,0,0,0
"2026/02/09","2026/02/12","9446","サカイＨＤ","東証およびＰＴＳ",,"確報",0,100,7700,0,0,0,7700,0,69400,5343800,0,0,0,5343800,,,0,0,46800,0,0,0,85.3,54.9,192,85.3,0,0,0
"2026/02/09","2026/02/12","9449","ＧＭＯ","東証およびＰＴＳ",,"確報",1200,0,28400,0,100,700,27700,4305600,0,101899200,0,358800,2511600,99387600,,,0,0,1033600,0,0,30400,10.3,7,47.2,12.2,2.6,1.9,2.2
"2026/02/09","2026/02/12","9450","ファイバーゲート","東証およびＰＴＳ",,"確報",900,0,262100,0,1600,600,261500,627300,0,182683700,0,1115200,418200,182265500,,,0,0,1044800,0,0,8800,277.2,256.5,1634.9,443.4,4.4,5.4,4.8
"2026/02/09","2026/02/12","9466","アイドマＭＣ","東証およびＰＴＳ",,"確報",0,0,9300,0,0,0,9300,0,0,2278500,0,0,0,2278500,,,0,0,9300,0,0,0,233.5,233.5,233.5,233.5,0,0,0
"2026/02/09","2026/02/12","9467","アルファポリス","東証およびＰＴＳ",,"確報",1900,200,23000,1700,0,23000,0,2749300,289400,33281000,2459900,0,33281000,0,,,0,0,234300,0,0,234300,26.9,32.1,21.4,25.7,36.1,23.1,28.2
"2026/02/09","2026/02/12","9468","ＫＡＤＯＫＡＷＡ","東証およびＰＴＳ",,"確報",0,2300,40000,1000,3300,40000,0,0,7171400,124720000,3118000,10289400,124720000,0,,,0,0,0,1861200,1861200,0,11.8,8.1,8.5,8.3,25.6,15.5,19.3
"2026/02/09","2026/02/12","9470","学研ホールディングス","東証およびＰＴＳ",,"確報",0,0,12600,0,2600,9000,3600,0,0,13469400,0,2779400,9621000,3848400,,,0,0,37800,0,0,34800,3.5,6.1,6.2,6.2,2.4,2.5,2.4
"2026/02/09","2026/02/12","9474","ゼンリン","東証およびＰＴＳ",,"確報",5400,20700,11200,0,3700,11200,0,5464800,20948400,11334400,0,3744400,11334400,0,,,0,0,79500,0,0,44700,3.3,2.5,2.5,2.5,4.8,4.7,4.8
"2026/02/09","2026/02/12","9475","昭文社ＨＤ","東証およびＰＴＳ",,"確報",0,0,4500,0,0,1500,3000,0,0,2268000,0,0,756000,1512000,,,0,0,0,36000,12000,0,202,0,0,0,0,26,52
"2026/02/09","2026/02/12","9476","中央経済社ＨＤ","東証およびＰＴＳ",,"確報",0,0,100,0,0,0,100,0,0,89700,0,0,0,89700,,,0,0,0,300,0,0,0,0,0,0,0,0,0
"2026/02/09","2026/02/12","9478","ＳＥＨＤ＆Ｉ","東証およびＰＴＳ",,"確報",700,0,3100,0,0,0,3100,322700,0,1429100,0,0,0,1429100,,,0,0,26400,0,0,0,7.3,9.3,6,7.3,0,0,0
"2026/02/09","2026/02/12","9501","東京電力ＨＤ","東証およびＰＴＳ",,"確報",120400,39500,5132900,5000,15800,258900,4874000,76646640,25145700,3267604140,3183000,10058280,164815740,3102788400,,,0,0,13135200,0,0,701220,29.4,30.6,27.7,29.1,31.6,44.5,37
"2026/02/09","2026/02/12","9502","中部電力","東証およびＰＴＳ",,"確報",0,12400,29400,300,0,10800,18600,0,30671400,72720900,742050,0,26713800,46007100,,,0,0,2090000,0,0,525000,6.3,76.6,3.9,7.4,5.4,1.8,2.7
"2026/02/09","2026/02/12","9503","関西電力","東証およびＰＴＳ",,"確報",300,35200,69400,6100,0,29200,40200,787050,92347200,182070900,16003350,0,76606200,105464700,,,0,0,4067700,0,0,900900,14.4,318.4,7.8,15.1,5.7,152.7,11
"2026/02/09","2026/02/12","9504","中国電力","東証およびＰＴＳ",,"確報",0,2300,23600,900,0,14700,8900,0,2277000,23364000,891000,0,14553000,8811000,,,0,0,282310,0,0,150420,1.3,26.3,0.4,0.8,9.4,9.9,9.6
"2026/02/09","2026/02/12","9505","北陸電力","東証およびＰＴＳ",,"確報",100,15100,126400,0,15000,126400,0,100400,15160400,126905600,0,15060000,126905600,0,,,0,0,0,1131200,1131200,0,27.5,20.3,21.4,20.8,38.7,42.6,40.5
"2026/02/09","2026/02/12","9506","東北電力","東証およびＰＴＳ",,"確報",400,154400,282600,0,4300,11000,271600,470800,181728800,332620200,0,5061100,12947000,319673200,,,0,0,3056200,0,0,107100,18.3,101.1,11.3,20.4,2.5,5.1,3.3
"2026/02/09","2026/02/12","9507","四国電力","東証およびＰＴＳ",,"確報",3000,11700,64000,400,3100,233100,-169100,4908000,19141200,104704000,654400,5071600,381351600,-276647600,,,0,0,472550,0,0,1532700,43.1,37.7,9,14.6,110.3,160.2,130.6
"2026/02/09","2026/02/12","9508","九州電力","東証およびＰＴＳ",,"確報",300,1500,56400,0,5700,6500,49900,539550,2697750,101435400,0,10251450,11690250,89745150,,,0,0,345600,0,0,73200,22.2,54.1,45.4,49.4,3.4,6.1,4.3
"2026/02/09","2026/02/12","9509","北海道電力","東証およびＰＴＳ",,"確報",18500,0,527600,1000,0,1000,526600,20017000,0,570863200,1082000,0,1082000,569781200,,,0,0,0,16800300,0,0,48,66.9,38.1,48.5,1,3.3,1.5
"2026/02/09","2026/02/12","9511","沖縄電力","東証およびＰＴＳ",,"確報",2400,1200,44300,1200,0,44300,0,2800800,1400400,51698100,1400400,0,51698100,0,,,0,0,431000,0,0,431000,15,11,21.8,14.7,11.4,23.1,15.3
"2026/02/09","2026/02/12","9513","電源開発","東証およびＰＴＳ",,"確報",5200,0,92800,0,0,400,92400,17872400,0,318953600,0,0,1374800,317578800,,,0,0,2890800,0,0,13200,35.9,38.9,290.3,68.6,6.7,0.2,0.3
"2026/02/09","2026/02/12","9514","エフオン","東証およびＰＴＳ",,"確報",100,400,44300,0,0,0,44300,37700,150800,16701100,0,0,0,16701100,,,0,0,178400,0,0,0,160.9,225.2,125.1,160.9,0,0,0
"2026/02/09","2026/02/12","9517","イーレックス","東証およびＰＴＳ",,"確報",0,400,71200,0,5300,59300,11900,0,253600,45140800,0,3360200,37596200,7544600,,,0,0,0,214800,193800,0,23.1,68.1,27.7,39.4,29.1,11,16
"2026/02/09","2026/02/12","9519","レノバ","東証およびＰＴＳ",,"確報",14800,8100,176300,16300,0,59100,117200,10715200,5864400,127641200,11801200,0,42788400,84852800,,,0,0,6953600,0,0,1754800,12.6,38.9,44.3,41.4,12.5,2.9,4.7
"2026/02/09","2026/02/12","9531","東京瓦斯","東証およびＰＴＳ",,"確報",2100,13400,9100,1800,0,22200,-13100,15892800,101411200,68868800,13622400,0,168009600,-99140800,,,0,0,6772800,0,0,6772800,3.8,2.3,1.8,2,17.8,14.4,15.9
"2026/02/09","2026/02/12","9532","大阪瓦斯","東証およびＰＴＳ",,"確報",2300,900,12500,400,2700,40000,-27500,15030500,5881500,81687500,2614000,17644500,261400000,-179712500,,,0,0,1365300,0,0,5202900,8,12,2,3.5,13.5,11.8,12.6
"2026/02/09","2026/02/12","9533","東邦瓦斯","東証およびＰＴＳ",,"確報",0,3800,8200,1100,400,37700,-29500,0,20672000,44608000,5984000,2176000,205088000,-160480000,,,0,0,1656000,0,0,5106000,22.1,7.9,5.8,6.6,30.9,206.1,53.8
"2026/02/09","2026/02/12","9534","北海道瓦斯","東証およびＰＴＳ",,"確報",1100,200,10800,0,100,100,10700,959200,174400,9417600,0,87200,87200,9330400,,,0,0,79200,0,0,1600,14.5,9.2,36.1,14.7,9,9,9
"2026/02/09","2026/02/12","9535","広島ガス","東証およびＰＴＳ",,"確報",2900,212600,6400,0,3400,54500,-48100,1084600,79512400,2393600,0,1271600,20383000,-17989400,,,0,0,864400,0,0,231600,1.7,1.1,1,1,47,13.2,20.6
"2026/02/09","2026/02/12","9536","西部ガスＨＤ","東証およびＰＴＳ",,"確報",600,0,6300,0,47400,4300,2000,1431600,0,15031800,0,113096400,10259800,4772000,,,0,0,11400,0,0,103400,2.4,16.5,17.6,17,1.9,1.9,1.9
"2026/02/09","2026/02/12","9537","北陸瓦斯","東証およびＰＴＳ",,"確報",0,400,100,0,0,0,100,0,1548000,387000,0,0,0,387000,,,0,0,7500,0,0,0,3.8,3.8,3.8,3.8,0,0,0
"2026/02/09","2026/02/12","9539","京葉瓦斯","東証およびＰＴＳ",,"確報",100,300,20100,600,0,20900,-800,118700,356100,23858700,712200,0,24808300,-949600,,,0,0,60900,0,0,60900,82,56.7,170.2,85.1,44.7,343,79.2
"2026/02/09","2026/02/12","9543","静岡ガス","東証およびＰＴＳ",,"確報",700,0,9700,600,500,4200,5500,903000,0,12513000,774000,645000,5418000,7095000,,,0,0,135000,0,0,61500,7.7,14.6,31.4,20,3.2,5,3.9
"2026/02/09","2026/02/12","9551","メタウォーター","東証およびＰＴＳ",,"確報",300,0,57300,0,2500,7500,49800,1084500,0,207139500,0,9037500,27112500,180027000,,,0,0,4275000,0,0,750000,34.7,168,31.4,52.9,12.9,10.2,11.4
"2026/02/09","2026/02/12","9552","クオンツ総研ＨＤ","東証およびＰＴＳ",,"確報",800,1200,77900,200,600,77900,0,859200,1288800,83664600,214800,644400,83664600,0,,,0,0,626400,0,0,626400,26.1,21.6,14.2,17.1,162.8,32.8,54.6
"2026/02/09","2026/02/12","9553","マイクロアド","東証およびＰＴＳ",,"確報",12400,9500,319900,5800,2900,319900,0,9163600,7020500,236406100,4286200,2143100,236406100,0,,,0,0,12363000,0,0,12363000,37.2,26.9,21.3,23.8,144.7,60,84.8
"2026/02/09","2026/02/12","9554","ＡＶｉＣ","東証およびＰＴＳ",,"確報",0,1200,3100,0,0,0,3100,0,2023200,5226600,0,0,0,5226600,,,0,0,0,232200,0,0,9.6,8.1,11.8,9.6,0,0,0
"2026/02/09","2026/02/12","9556","ＩＮＴＬＯＯＰ","東証およびＰＴＳ",,"確報",200,0,10600,0,0,0,10600,675000,0,35775000,0,0,0,35775000,,,0,0,936000,0,0,0,4.3,15.2,2.5,4.3,0,0,0
"2026/02/09","2026/02/12","9557","エアークローゼット","東証およびＰＴＳ",,"確報",600,0,32300,0,0,0,32300,150000,0,8075000,0,0,0,8075000,,,0,0,0,0,0,0,71.8,59.8,89.7,71.8,0,0,0
"2026/02/09","2026/02/12","9558","ジャパニアス","東証およびＰＴＳ",,"確報",0,200,3200,0,0,0,3200,0,427800,6844800,0,0,0,6844800,,,0,0,0,0,0,0,168,0,84,168,0,0,0
"2026/02/09","2026/02/12","9560","プログリット","東証およびＰＴＳ",,"確報",800,1700,38900,100,3100,70100,-31200,659200,1400800,32053600,82400,2554400,57762400,-25708800,,,0,0,0,1034800,1900600,0,32.2,13.1,15.3,14.1,137.8,65.1,88.4
"2026/02/09","2026/02/12","9561","グラッドキューブ","東証およびＰＴＳ",,"確報",200,0,9500,0,0,0,9500,93200,0,4427000,0,0,0,4427000,,,0,0,176700,0,0,0,83.5,51,229.5,83.5,0,0,0
"2026/02/09","2026/02/12","9562","ビジネスコーチ","東証およびＰＴＳ",,"確報",0,100,6000,0,0,0,6000,0,241100,14466000,0,0,0,14466000,,,0,0,0,323300,0,0,18.3,122,9.9,18.3,0,0,0
"2026/02/09","2026/02/12","9563","Ａｔｌａｓ","東証およびＰＴＳ",,"確報",0,0,1100,0,0,0,1100,0,0,316800,0,0,0,316800,,,0,0,0,3300,0,0,0,0,0,0,0,0,0
"2026/02/09","2026/02/12","9564","ＦＣＥ","東証およびＰＴＳ",,"確報",600,200,5700,0,0,0,5700,372000,124000,3534000,0,0,0,3534000,,,0,0,0,47700,0,0,29.3,26.4,33,29.3,0,0,0
"2026/02/09","2026/02/12","9565","ＧＬＯＥ","東証およびＰＴＳ",,"確報",0,1200,3900,0,0,0,3900,0,962400,3127800,0,0,0,3127800,,,0,0,0,0,0,0,36.9,240,20,36.9,0,0,0
"2026/02/09","2026/02/12","9600","アイネット","東証およびＰＴＳ",,"確報",0,0,300,0,0,0,300,0,0,753900,0,0,0,753900,,,0,0,0,0,0,0,21,0,10.5,21,0,0,0
"2026/02/09","2026/02/12","9601","松竹","東証およびＰＴＳ",,"確報",800,100,9200,1600,200,9900,-700,9288000,1161000,106812000,18576000,2322000,114939000,-8127000,,,0,0,170000,0,0,170000,7.4,5.4,4.9,5.1,10.5,17.7,13.2
"2026/02/09","2026/02/12","9602","東宝","東証およびＰＴＳ",,"確報",0,2900,44200,0,400,2200,42000,0,23084000,351832000,0,3184000,17512000,334320000,,,0,0,8807700,0,0,486200,30,59.3,26.9,37,8.7,6.4,7.4
"2026/02/09","2026/02/12","9603","エイチ・アイ・エス","東証およびＰＴＳ",,"確報",0,100,72700,11000,0,16600,56100,0,129900,94437300,14289000,0,21563400,72873900,,,0,0,0,800800,61600,0,23.8,46.5,29.4,36,3.1,32.9,5.6
"2026/02/09","2026/02/12","9605","東映","東証およびＰＴＳ",,"確報",200,700,1900,1800,0,10200,-8300,1146000,4011000,10887000,10314000,0,58446000,-47559000,,,0,0,312000,0,0,1092000,16.7,14.9,7,9.5,26.4,17,20.7
"2026/02/09","2026/02/12","9610","ウィルソン・ラーニン","東証およびＰＴＳ",,"確報",0,1100,59000,0,0,0,59000,0,283800,15222000,0,0,0,15222000,,,0,0,0,480800,0,0,93.8,386.9,53.4,93.8,0,0,0
"2026/02/09","2026/02/12","9612","ラックランド","東証およびＰＴＳ",,"確報",400,0,15600,0,0,0,15600,744800,0,29047200,0,0,0,29047200,,,0,0,729600,0,0,0,141.6,155.8,129.8,141.6,0,0,0
"2026/02/09","2026/02/12","9616","共立メンテナンス","東証およびＰＴＳ",,"確報",2100,300,65100,0,900,21900,43200,5962950,851850,184851450,0,2555550,62185050,122666400,,,0,0,2911800,0,0,1048800,13.6,17.9,8.4,11.4,47.9,36.7,41.6
"2026/02/09","2026/02/12","9619","イチネンＨＤ","東証およびＰＴＳ",,"確報",200,400,3500,0,200,3500,0,432000,864000,7560000,0,432000,7560000,0,,,0,0,96200,0,0,96200,35.6,25.4,29.7,27.4,44.5,59.3,50.9
"2026/02/09","2026/02/12","9621","建設技術研究所","東証およびＰＴＳ",,"確報",400,500,7800,2800,0,11600,-3800,1292000,1615000,25194000,9044000,0,37468000,-12274000,,,0,0,553000,0,0,616000,6,5.8,5.3,5.5,5.2,8.1,6.3
"2026/02/09","2026/02/12","9622","スペース","東証およびＰＴＳ",,"確報",0,100,4200,0,100,4200,0,0,162500,6825000,0,162500,6825000,0,,,0,0,94600,0,0,94600,25.8,16.8,18.3,17.5,43.8,54.8,48.7
"2026/02/09","2026/02/12","9625","セレスポ","東証およびＰＴＳ",,"確報",100,0,1300,0,0,0,1300,111300,0,1446900,0,0,0,1446900,,,0,0,7200,0,0,0,29,14.5,0,29,0,0,0
"2026/02/09","2026/02/12","9627","アインＨＤ","東証およびＰＴＳ",,"確報",400,300,6200,200,0,8200,-2000,2558400,1918800,39655200,1279200,0,52447200,-12792000,,,0,0,0,48800,64000,0,10.5,6,4.9,5.4,44,198,72
"2026/02/09","2026/02/12","9628","燦ホールディングス","東証およびＰＴＳ",,"確報",8000,0,127100,2700,0,20700,106400,12000000,0,190650000,4050000,0,31050000,159600000,,,0,0,1548300,0,0,234000,31.3,19.3,5698,38.4,6.7,0,13.4
"2026/02/09","2026/02/12","9629","ピー・シー・エー","東証およびＰＴＳ",,"確報",100,0,2300,0,0,0,2300,193700,0,4455100,0,0,0,4455100,,,0,0,6600,0,0,0,14.8,9.9,29.7,14.8,0,0,0
"2026/02/09","2026/02/12","9632","スバル興業","東証およびＰＴＳ",,"確報",0,200,400,0,0,0,400,0,678000,1356000,0,0,0,1356000,,,0,0,0,6000,0,0,5.4,38,2.9,5.4,0,0,0
"2026/02/09","2026/02/12","9633","東京テアトル","東証およびＰＴＳ",,"確報",100,0,365300,0,300,9000,356300,150200,0,548680600,0,450600,13518000,535162600,,,0,0,1095600,0,0,27900,1704.4,9999.9,4567,7307.2,240,32,56.5
"2026/02/09","2026/02/12","9635","武蔵野興業","東証およびＰＴＳ",,"確報",0,0,0,0,0,0,0,0,0,0,0,0,0,0,,,0,0,0,0,0,0,0,0,0,0,0,0,0
"2026/02/09","2026/02/12","9636","きんえい","東証およびＰＴＳ",,"確報",0,0,0,0,0,0,0,0,0,0,0,0,0,0,,,0,0,0,0,0,0,0,0,0,0,0,0,0
"2026/02/09","2026/02/12","9639","三協フロンテア","東証およびＰＴＳ",,"確報",0,0,1100,0,0,0,1100,0,0,2383700,0,0,0,2383700,,,0,0,20900,0,0,0,0,0,0,0,0,0,0
"2026/02/09","2026/02/12","9640","セゾンテクノロジー","東証およびＰＴＳ",,"確報",0,100,5200,0,0,0,5200,0,227100,11809200,0,0,0,11809200,,,0,0,0,185500,0,0,48,132,29.3,48,0,0,0
"2026/02/09","2026/02/12","9644","タナベコンサルＧ","東証およびＰＴＳ",,"確報",200,0,900,0,0,0,900,150800,0,678600,0,0,0,678600,,,0,0,5600,0,0,0,37,18.5,0,37,0,0,0
"2026/02/09","2026/02/12","9647","協和コンサルタンツ","東証およびＰＴＳ",,"確報",0,0,3400,0,0,0,3400,0,0,30464000,0,0,0,30464000,,,0,0,170000,0,0,0,55.3,41.5,83,55.3,0,0,0
"2026/02/09","2026/02/12","9651","日本プロセス","東証およびＰＴＳ",,"確報",100,0,1100,0,0,0,1100,179500,0,1974500,0,0,0,1974500,,,0,0,0,42000,0,0,102,51,0,102,0,0,0
"2026/02/09","2026/02/12","9656","グリーンランドリゾー","東証およびＰＴＳ",,"確報",0,0,0,0,0,0,0,0,0,0,0,0,0,0,,,0,0,0,0,0,0,0,0,0,0,0,0,0
"2026/02/09","2026/02/12","9658","ビジネス太田昭和","東証およびＰＴＳ",,"確報",0,0,1800,0,0,0,1800,0,0,5805000,0,0,0,5805000,,,0,0,45000,0,0,0,0,0,0,0,0,0,0
"2026/02/09","2026/02/12","9661","歌舞伎座","東証およびＰＴＳ",,"確報",0,0,700,0,0,0,700,0,0,3276000,0,0,0,3276000,,,0,0,0,7000,0,0,9.8,39,5.6,9.8,0,0,0
"2026/02/09","2026/02/12","9663","ナガワ","東証およびＰＴＳ",,"確報",1200,0,8700,100,400,24800,-16100,7080000,0,51330000,590000,2360000,146320000,-94990000,,,0,0,0,450000,1506000,0,35.7,8.5,15.2,10.9,184.4,61.5,92.2
"2026/02/09","2026/02/12","9672","東京都競馬","東証およびＰＴＳ",,"確報",1100,900,9900,200,0,9900,0,5984000,4896000,53856000,1088000,0,53856000,0,,,0,0,291000,0,0,291000,14.3,7.4,13.4,9.5,15.2,221,28.5
"2026/02/09","2026/02/12","9678","カナモト","東証およびＰＴＳ",,"確報",0,100,1500,700,0,1100,400,0,393500,5902500,2754500,0,4328500,1574000,,,0,0,152000,0,0,38000,8.6,78,9.8,17.3,4.3,3.8,4
"2026/02/09","2026/02/12","9679","ホウライ","東証およびＰＴＳ",,"確報",0,0,3600,0,0,0,3600,0,0,7272000,0,0,0,7272000,,,0,0,0,118800,0,0,0,0,0,0,0,0,0
"2026/02/09","2026/02/12","9682","ＤＴＳ","東証およびＰＴＳ",,"確報",2200,100,7100,3200,8200,17900,-10800,2527800,114900,8157900,3676800,9421800,20567100,-12409200,,,0,0,0,120000,549600,0,2.7,2.5,3,2.7,2.1,3.9,2.7
"2026/02/09","2026/02/12","9684","スクエニＨＤ","東証およびＰＴＳ",,"確報",600,2300,38700,6500,5400,30400,8300,1680000,6440000,108360000,18200000,15120000,85120000,23240000,,,0,0,3434000,0,0,2490500,6.2,7.7,3.4,4.7,13.2,7.4,9.5
"2026/02/09","2026/02/12","9685","ＫＹＣＯＭＨＤ","東証およびＰＴＳ",,"確報",0,0,500,0,0,0,500,0,0,333000,0,0,0,333000,,,0,0,3000,0,0,0,0,0,0,0,0,0,0
"2026/02/09","2026/02/12","9686","東洋テック","東証およびＰＴＳ",,"確報",0,200,2700,0,0,0,2700,0,351400,4743900,0,0,0,4743900,,,0,0,0,92800,0,0,16.5,11.7,28,16.5,0,0,0
"2026/02/09","2026/02/12","9687","ＫＳＫ","東証およびＰＴＳ",,"確報",0,100,13400,300,0,1200,12200,0,436500,58491000,1309500,0,5238000,53253000,,,0,0,742500,0,0,49500,20.9,181,12.1,22.6,11.6,9.7,10.5
"2026/02/09","2026/02/12","9691","両毛システムズ","東証およびＰＴＳ",,"確報",200,0,900,0,0,0,900,909000,0,4090500,0,0,0,4090500,,,0,0,14000,0,0,0,6.6,15.3,4.2,6.6,0,0,0
"2026/02/09","2026/02/12","9692","シーイーシー","東証およびＰＴＳ",,"確報",600,100,5100,0,0,0,5100,1200600,200100,10205100,0,0,0,10205100,,,0,0,4600,0,0,0,10,8,14.4,10.3,0,0,0
"2026/02/09","2026/02/12","9697","カプコン","東証およびＰＴＳ",,"確報",5700,0,181700,2400,0,22200,159500,17698500,0,564178500,7452000,0,68931000,495247500,,,0,0,10736000,0,0,1207800,21.1,12.3,189.2,23,17.3,9.9,12.6
"2026/02/09","2026/02/12","9698","クレオ","東証およびＰＴＳ",,"確報",0,0,1800,0,0,0,1800,0,0,2226600,0,0,0,2226600,,,0,0,0,0,0,0,0,0,0,0,0,0,0
"2026/02/09","2026/02/12","9699","ニシオＨＤ","東証およびＰＴＳ",,"確報",200,100,3400,100,100,800,2600,926000,463000,15742000,463000,463000,3704000,12038000,,,0,0,693000,0,0,168000,2.8,4.8,5.6,5.2,1.4,1.4,1.4
"2026/02/09","2026/02/12","9701","東京會舘","東証およびＰＴＳ",,"確報",0,0,0,0,0,0,0,0,0,0,0,0,0,0,,,0,0,0,0,0,0,6,0,3,6,0,0,0
"2026/02/09","2026/02/12","9702","アイ・エス・ビー","東証およびＰＴＳ",,"確報",3500,0,70600,700,100,2100,68500,6212500,0,125315000,1242500,177500,3727500,121587500,,,0,0,402600,0,0,9000,28.7,16.4,0,32.8,4.6,7,5.5
"2026/02/09","2026/02/12","9704","アゴーラＨＧ","東証およびＰＴＳ",,"確報",7300,0,518700,0,0,0,518700,379600,0,26972400,0,0,0,26972400,,,0,0,0,511400,0,0,92.3,200.6,59.9,92.3,0,0,0
"2026/02/09","2026/02/12","9706","日本空港ビルデング","東証およびＰＴＳ",,"確報",0,1800,4200,3100,0,24300,-20100,0,10098000,23562000,17391000,0,136323000,-112761000,,,0,0,1608000,0,0,5681600,5.9,4.4,3.2,3.7,3.8,349,7.5
"2026/02/09","2026/02/12","9708","帝国ホテル","東証およびＰＴＳ",,"確報",0,0,20600,800,2400,18600,2000,0,0,28242600,1096800,3290400,25500600,2742000,,,0,0,82400,0,0,80800,30.4,0,0,0,14.1,14.3,14.2
"2026/02/09","2026/02/12","9709","ＮＣＳ＆Ａ","東証およびＰＴＳ",,"確報",0,0,18700,0,0,0,18700,0,0,29265500,0,0,0,29265500,,,0,0,0,74800,0,0,3.1,3.1,3.1,3.1,0,0,0
"2026/02/09","2026/02/12","9713","ロイヤルホテル","東証およびＰＴＳ",,"確報",0,0,15600,0,0,0,15600,0,0,14523600,0,0,0,14523600,,,0,0,140400,0,0,0,51.9,831,26.8,51.9,0,0,0
"2026/02/09","2026/02/12","9715","トランス・コスモス","東証およびＰＴＳ",,"確報",400,100,3200,300,0,3200,0,1602000,400500,12816000,1201500,0,12816000,0,,,0,0,29000,0,0,29000,0.9,2.6,0.3,0.5,4.5,4.2,4.4
"2026/02/09","2026/02/12","9716","乃村工藝社","東証およびＰＴＳ",,"確報",8400,1100,56400,6100,0,56400,0,11936400,1563100,80144400,8668100,0,80144400,0,,,0,0,2013100,0,0,2062300,34.3,17.1,111,29.6,20.4,0,40.7
"2026/02/09","2026/02/12","9719","ＳＣＳＫ","東証およびＰＴＳ",,"確報",0,200,4400,0,0,0,4400,0,1137400,25022800,0,0,0,25022800,,,0,0,18400,0,0,0,44.8,56,37.3,44.8,0,0,0
"2026/02/09","2026/02/12","9720","ホテルニューグランド","東証およびＰＴＳ",,"確報",0,0,0,0,0,0,0,0,0,0,0,0,0,0,,,0,0,0,0,0,0,0,0,0,0,0,0,0
"2026/02/09","2026/02/12","9722","藤田観光","東証およびＰＴＳ",,"確報",0,800,33600,2500,4300,94500,-60900,0,2074400,87124800,6482500,11149900,245038500,-157913700,,,0,0,1410400,0,0,3948300,13.7,22.2,21.9,22.1,22.9,8.2,12
"2026/02/09","2026/02/12","9723","京都ホテル","東証およびＰＴＳ",,"確報",0,0,400,0,0,0,400,0,0,252800,0,0,0,252800,,,0,0,800,0,0,0,10,40,5.7,10,0,0,0
"2026/02/09","2026/02/12","9726","ＫＮＴ－ＣＴＨＤ","東証およびＰＴＳ",,"確報",1900,0,7500,0,0,0,7500,3450400,0,13620000,0,0,0,13620000,,,0,0,229600,0,0,0,18.7,14.7,25.7,18.7,0,0,0
"2026/02/09","2026/02/12","9729","トーカイ","東証およびＰＴＳ",,"確報",0,200,4700,0,600,3300,1400,0,510000,11985000,0,1530000,8415000,3570000,,,0,0,73500,0,0,58500,24.3,78.7,118,94.4,12.6,11.8,12.2
"2026/02/09","2026/02/12","9731","白洋舎","東証およびＰＴＳ",,"確報",0,0,1200,0,0,0,1200,0,0,3744000,0,0,0,3744000,,,0,0,6000,0,0,0,0,0,0,0,0,0,0
"2026/02/09","2026/02/12","9733","ナガセ","東証およびＰＴＳ",,"確報",100,0,5400,0,0,0,5400,273300,0,14758200,0,0,0,14758200,,,0,0,148400,0,0,0,32.1,32.1,32.1,32.1,0,0,0
"2026/02/09","2026/02/12","9735","セコム","東証およびＰＴＳ",,"確報",0,400,900,7100,200,21800,-20900,0,2445600,5502600,43409400,1222800,133285200,-127782600,,,0,0,197600,0,0,2264800,4.3,1.5,0.9,1.1,6.4,19.8,9.7
"2026/02/09","2026/02/12","9739","ＮＳＷ","東証およびＰＴＳ",,"確報",0,100,1100,0,0,0,1100,0,248400,2732400,0,0,0,2732400,,,0,0,0,6000,0,0,24,60,15,24,0,0,0
"2026/02/09","2026/02/12","9740","セントラル警備保障","東証およびＰＴＳ",,"確報",0,600,3100,0,600,3100,0,0,1758000,9083000,0,1758000,9083000,0,,,0,0,59200,0,0,59200,11.4,14.4,17.3,15.7,8.8,9.7,9.2
"2026/02/09","2026/02/12","9742","アイネス","東証およびＰＴＳ",,"確報",0,700,12500,600,0,24300,-11800,0,1372000,24500000,1176000,0,47628000,-23128000,,,0,0,26400,0,0,47400,33.2,61.9,15.8,25.2,23.4,149.4,40.5
"2026/02/09","2026/02/12","9743","丹青社","東証およびＰＴＳ",,"確報",800,1000,17100,0,0,0,17100,1231200,1539000,26316900,0,0,0,26316900,,,0,0,0,0,0,0,14.3,47.9,9.7,16.1,0,2,4
"2026/02/09","2026/02/12","9744","メイテックＧＨＤ","東証およびＰＴＳ",,"確報",300,400,7700,0,100,7700,0,1061100,1414800,27234900,0,353700,27234900,0,,,0,0,327600,0,0,327600,8.4,5.2,7.1,6,7.7,292,15
"2026/02/09","2026/02/12","9746","ＴＫＣ","東証およびＰＴＳ",,"確報",1200,4200,1900,5400,0,38500,-36600,4974000,17409000,7875500,22383000,0,159582500,-151707000,,,0,0,269500,0,0,1820500,10.1,4.7,2.6,3.4,8.3,31.4,13.1
"2026/02/09","2026/02/12","9753","アイエックスナレッジ","東証およびＰＴＳ",,"確報",0,0,19400,0,0,0,19400,0,0,24929000,0,0,0,24929000,,,0,0,640200,0,0,0,20.3,138.3,11,20.3,0,0,0
"2026/02/09","2026/02/12","9755","応用地質","東証およびＰＴＳ",,"確報",0,4300,25300,0,1700,28700,-3400,0,12642000,74382000,0,4998000,84378000,-9996000,,,0,0,1184000,0,0,1216000,13.6,8.7,7.2,7.9,234.3,20.8,38.1
"2026/02/09","2026/02/12","9757","船井総研ＨＤ","東証およびＰＴＳ",,"確報",47700,2300,105200,45400,0,105200,0,53853300,2596700,118770800,51256600,0,118770800,0,,,0,0,598000,0,0,598000,9.1,5.6,17.4,8.4,6.2,25.7,10
"2026/02/09","2026/02/12","9759","ＮＳＤ","東証およびＰＴＳ",,"確報",1800,0,7100,1800,0,7100,0,5590800,0,22052600,5590800,0,22052600,0,,,0,0,164300,0,0,164300,1.5,2.5,2.7,2.6,1.3,1.3,1.3
"2026/02/09","2026/02/12","9760","進学会ＨＤ","東証およびＰＴＳ",,"確報",400,0,9800,600,0,10900,-1100,64800,0,1587600,97200,0,1765800,-178200,,,0,0,0,0,0,0,23.7,6.4,47.1,11.3,74.6,261,116
"2026/02/09","2026/02/12","9761","東海リース","東証およびＰＴＳ",,"確報",0,0,3600,0,0,0,3600,0,0,9525600,0,0,0,9525600,,,0,0,97200,0,0,0,183,0,91.5,183,0,0,0
"2026/02/09","2026/02/12","9763","丸建リース","東証およびＰＴＳ",,"確報",900,400,3000,500,0,3000,0,4104000,1824000,13680000,2280000,0,13680000,0,,,0,0,0,187500,187500,0,9.2,7.5,7.9,7.7,7.7,28.8,12.1
"2026/02/09","2026/02/12","9765","オオバ","東証およびＰＴＳ",,"確報",400,200,3100,0,200,2100,1000,475600,237800,3685900,0,237800,2496900,1189000,,,0,0,20300,0,0,16100,21.2,17,30.6,21.9,41,13.7,20.5
"2026/02/09","2026/02/12","9766","コナミグループ","東証およびＰＴＳ",,"確報",0,3200,12800,800,200,1700,11100,0,59040000,236160000,14760000,3690000,31365000,204795000,,,0,0,9120000,0,0,627000,11,13.6,18.6,15.7,5.9,2.4,3.5
"2026/02/09","2026/02/12","9767","日建工学","東証およびＰＴＳ",,"確報",100,0,700,0,0,0,700,163400,0,1143800,0,0,0,1143800,,,0,0,6600,0,0,0,21.3,16,32,21.3,0,0,0
"2026/02/09","2026/02/12","9768","いであ","東証およびＰＴＳ",,"確報",200,1300,6300,0,0,0,6300,920000,5980000,28980000,0,0,0,28980000,,,0,0,222000,0,0,0,2.2,2.3,2.2,2.2,0,0,0
"2026/02/09","2026/02/12","9769","学究社","東証およびＰＴＳ",,"確報",0,300,100,0,0,0,100,0,737100,245700,0,0,0,245700,,,0,0,13200,0,0,0,7,14,4.7,7,0,0,0
"2026/02/09","2026/02/12","9776","札幌臨床検査センター","東証およびＰＴＳ",,"確報",0,0,0,0,0,0,0,0,0,0,0,0,0,0,,,0,0,0,0,0,0,0,0,0,0,0,0,0
"2026/02/09","2026/02/12","9778","昴","東証およびＰＴＳ",,"確報",0,0,0,0,0,0,0,0,0,0,0,0,0,0,,,0,0,0,0,0,0,2,0,1,2,0,0,0
"2026/02/09","2026/02/12","9780","ハリマビステム","東証およびＰＴＳ",,"確報",200,0,14000,0,0,0,14000,188000,0,13160000,0,0,0,13160000,,,0,0,207000,0,0,0,459.3,229.7,0,459.3,0,0,0
"2026/02/09","2026/02/12","9782","ディーエムエス","東証およびＰＴＳ",,"確報",0,0,6700,0,0,0,6700,0,0,25393000,0,0,0,25393000,,,0,0,0,167500,0,0,65.2,81.5,54.3,65.2,0,0,0
"2026/02/09","2026/02/12","9788","ナック","東証およびＰＴＳ",,"確報",100,100,4600,0,0,4600,0,55600,55600,2557600,0,0,2557600,0,,,0,0,41400,0,0,41400,65.1,45.6,45.6,45.6,114,114,114
"2026/02/09","2026/02/12","9790","福井コンピュータＨＤ","東証およびＰＴＳ",,"確報",0,400,8000,0,0,0,8000,0,1258000,25160000,0,0,0,25160000,,,0,0,210000,0,0,0,6.8,45.2,10.8,17.4,32.3,1.1,2.2
"2026/02/09","2026/02/12","9791","ビケンテクノ","東証およびＰＴＳ",,"確報",0,0,29300,0,0,0,29300,0,0,40990700,0,0,0,40990700,,,0,0,234400,0,0,0,197.9,494.7,123.7,197.9,0,0,0
"2026/02/09","2026/02/12","9793","ダイセキ","東証およびＰＴＳ",,"確報",0,600,2500,0,600,2500,0,0,2232000,9300000,0,2232000,9300000,0,,,0,0,248000,0,0,248000,7.2,9.7,6.7,7.9,7.8,5.7,6.6
"2026/02/09","2026/02/12","9795","ステップ","東証およびＰＴＳ",,"確報",400,100,2300,300,0,2300,0,999200,249800,5745400,749400,0,5745400,0,,,0,0,22000,0,0,22000,16.7,10,20,13.3,14.3,50,22.2
"2026/02/09","2026/02/12","9799","旭情報サービス","東証およびＰＴＳ",,"確報",0,0,1500,0,0,0,1500,0,0,1824000,0,0,0,1824000,,,0,0,3000,0,0,0,0,0,0,0,0,0,0
"2026/02/09","2026/02/12","9812","テーオーＨＤ","東証およびＰＴＳ",,"確報",300,0,3300,0,0,0,3300,86100,0,947100,0,0,0,947100,,,0,0,3000,0,0,0,19.4,12.4,45.3,19.4,0,0,0
"2026/02/09","2026/02/12","9816","ストライダーズ","東証およびＰＴＳ",,"確報",1000,200,1400,0,0,0,1400,313000,62600,438200,0,0,0,438200,,,0,0,6000,0,0,0,4.6,2.7,16,4.6,0,0,0
"2026/02/09","2026/02/12","9818","大丸エナウィン","東証およびＰＴＳ",,"確報",100,100,600,0,0,0,600,184700,184700,1108200,0,0,0,1108200,,,0,0,0,2400,0,0,8.6,7.5,10,8.6,0,0,0
"2026/02/09","2026/02/12","9820","エムティジェネックス","東証およびＰＴＳ",,"確報",0,100,100,0,0,0,100,0,347500,347500,0,0,0,347500,,,0,0,0,8000,0,0,18,0,9,18,0,0,0
"2026/02/09","2026/02/12","9823","マミーマートＨＤ","東証およびＰＴＳ",,"確報",0,200,43600,0,0,0,43600,0,279800,60996400,0,0,0,60996400,,,0,0,613200,0,0,0,548.3,2193,313.3,548.3,0,0,0
"2026/02/09","2026/02/12","9824","泉州電業","東証およびＰＴＳ",,"確報",200,400,6300,500,0,13600,-7300,1256000,2512000,39564000,3140000,0,85408000,-45844000,,,0,0,1105000,0,0,2227000,18.7,10.3,8.6,9.3,25.1,69.7,36.9
"2026/02/09","2026/02/12","9827","リリカラ","東証およびＰＴＳ",,"確報",300,0,3300,0,0,0,3300,197400,0,2171400,0,0,0,2171400,,,0,0,0,0,0,0,28.5,22.4,39.3,28.5,0,0,0
"2026/02/09","2026/02/12","9828","ゲンキＧＤＣ","東証およびＰＴＳ",,"確報",0,100,4600,0,200,2300,2300,0,294400,13542400,0,588800,6771200,6771200,,,0,0,0,103400,55000,0,33.7,46.8,29.3,36,0,15.2,30.4
"2026/02/09","2026/02/12","9830","トラスコ中山","東証およびＰＴＳ",,"確報",0,0,2900,500,0,800,2100,0,0,7603800,1311000,0,2097600,5506200,,,0,0,165300,0,0,17100,11.8,7.1,0,14.3,3.7,22,6.3
"2026/02/09","2026/02/12","9831","ヤマダＨＤ","東証およびＰＴＳ",,"確報",32400,500,175000,6900,27500,186500,-11500,17794080,274600,96110000,3789480,15103000,102425800,-6315800,,,0,0,214650,0,0,310650,10.2,17,11.4,13.7,8.8,7.9,8.3
"2026/02/09","2026/02/12","9832","オートバックスセブン","東証およびＰＴＳ",,"確報",900,300,3100,600,0,3100,0,1503900,501300,5180100,1002600,0,5180100,0,,,0,0,12500,0,0,12500,1.4,2.2,2.1,2.2,1.3,1.2,1.2
"2026/02/09","2026/02/12","9835","ジュンテンドー","東証およびＰＴＳ",,"確報",300,0,600,0,100,1100,-500,155100,0,310200,0,51700,568700,-258500,,,0,0,0,0,0,0,6.1,3.2,16,5.3,3.8,21,6.5
"2026/02/09","2026/02/12","9837","モリト","東証およびＰＴＳ",,"確報",3600,300,17400,3300,0,17400,0,6922800,576900,33460200,6345900,0,33460200,0,,,0,0,324300,0,0,324300,8.2,4.4,75.4,8.3,4,509,8
"2026/02/09","2026/02/12","9842","アークランズ","東証およびＰＴＳ",,"確報",1300,0,14200,3900,13800,66300,-52100,2581800,0,28201200,7745400,27406800,131671800,-103470600,,,0,0,12900,0,0,76200,14.7,7.1,7.5,7.3,20.3,16.6,18.3
"2026/02/09","2026/02/12","9843","ニトリＨＤ","東証およびＰＴＳ",,"確報",60900,3500,88900,54200,2100,187300,-98400,176366400,10136000,257454400,156963200,6081600,542420800,-284966400,,,0,0,378000,0,0,1622400,3.8,4.4,2.3,3,2.4,124.1,4.7
"2026/02/09","2026/02/12","9845","パーカーコーポ","東証およびＰＴＳ",,"確報",2500,200,6400,0,0,0,6400,3800000,304000,9728000,0,0,0,9728000,,,0,0,114800,0,0,0,8.5,5.9,15.7,8.5,0,0,0
"2026/02/09","2026/02/12","9846","天満屋ストア","東証およびＰＴＳ",,"確報",0,100,100,0,0,0,100,0,97100,97100,0,0,0,97100,,,0,0,600,0,0,0,6,6,6,6,0,0,0
"2026/02/09","2026/02/12","9849","共同紙販ＨＤ","東証およびＰＴＳ",,"確報",0,0,100,0,0,0,100,0,0,460000,0,0,0,460000,,,0,0,1500,0,0,0,0,0,0,0,0,0,0
"2026/02/09","2026/02/12","9850","グルメ杵屋","東証およびＰＴＳ",,"確報",100,400,15400,200,0,101200,-85800,100500,402000,15477000,201000,0,101706000,-86229000,,,0,0,0,15700,101000,0,128.8,103.6,20.2,33.8,566.4,149.9,237.1
"2026/02/09","2026/02/12","9853","銀座ルノアール","東証およびＰＴＳ",,"確報",0,0,800,0,0,0,800,0,0,758400,0,0,0,758400,,,0,0,0,4000,0,0,0,0,0,0,0,0,0
"2026/02/09","2026/02/12","9854","愛眼","東証およびＰＴＳ",,"確報",100,0,13300,0,0,0,13300,23100,0,3072300,0,0,0,3072300,,,0,0,39600,0,0,0,35.1,23.4,70.1,35.1,0,0,0
"2026/02/09","2026/02/12","9856","ケーユーＨＤ","東証およびＰＴＳ",,"確報",1100,0,6600,1100,0,6600,0,1413500,0,8481000,1413500,0,8481000,0,,,0,0,0,22000,22000,0,13.3,7.1,75.3,12.9,7.3,113,13.7
"2026/02/09","2026/02/12","9857","英和","東証およびＰＴＳ",,"確報",100,0,900,0,0,0,900,272800,0,2455200,0,0,0,2455200,,,0,0,0,13600,0,0,28,21,42,28,0,0,0
"2026/02/09","2026/02/12","9861","吉野家ＨＤ","東証およびＰＴＳ",,"確報",5700,1800,46400,3900,0,46400,0,17664300,5578200,143793600,12086100,0,143793600,0,,,0,0,722500,0,0,722500,15.4,9.6,9.3,9.4,45.4,39.8,42.4
"2026/02/09","2026/02/12","9867","ソレキア","東証およびＰＴＳ",,"確報",200,100,1300,0,0,0,1300,2274000,1137000,14781000,0,0,0,14781000,,,0,0,0,264000,0,0,9.5,7.1,14.3,9.5,0,0,0
"2026/02/09","2026/02/12","9869","加藤産業","東証およびＰＴＳ",,"確報",0,2200,2000,1300,0,15500,-13500,0,14872000,13520000,8788000,0,104780000,-91260000,,,0,0,1134000,0,0,3834000,15,17,6.1,8.9,16.6,18.5,17.5
"2026/02/09","2026/02/12","9872","北恵","東証およびＰＴＳ",,"確報",100,200,10100,0,1100,10100,0,89700,179400,9059700,0,986700,9059700,0,,,0,0,10200,0,0,11200,48.6,73.7,103.2,86,578,18.1,35
"2026/02/09","2026/02/12","9876","コックス","東証およびＰＴＳ",,"確報",0,0,3400,0,0,0,3400,0,0,843200,0,0,0,843200,,,0,0,0,10200,0,0,26.2,85,15.5,26.2,0,0,0
"2026/02/09","2026/02/12","9878","セキド","東証およびＰＴＳ",,"確報",0,800,5000,0,0,0,5000,0,428800,2680000,0,0,0,2680000,,,0,0,52200,0,0,0,44,0,22,44,0,0,0
"2026/02/09","2026/02/12","9880","イノテック","東証およびＰＴＳ",,"確報",1600,2500,11800,0,0,0,11800,3683200,5755000,27163600,0,0,0,27163600,,,0,0,1117600,0,0,0,6.2,15.6,3.8,6.2,0,0,0
"2026/02/09","2026/02/12","9882","イエローハット","東証およびＰＴＳ",,"確報",300,500,4000,400,0,1600,2400,498000,830000,6640000,664000,0,2656000,3984000,,,0,0,37800,0,0,10800,8.7,10.8,13.1,11.9,4.1,7.8,5.4
"2026/02/09","2026/02/12","9885","シャルレ","東証およびＰＴＳ",,"確報",200,0,2500,0,0,0,2500,74000,0,925000,0,0,0,925000,,,0,0,6900,0,0,0,9.6,62.5,5.2,9.6,0,0,0
"2026/02/09","2026/02/12","9887","松屋フーズＨＤ","東証およびＰＴＳ",,"確報",3700,200,10300,700,100,10700,-400,25086000,1356000,69834000,4746000,678000,72546000,-2712000,,,0,0,0,272000,404000,0,6.9,3.7,4.6,4.1,14.8,19.1,16.7
"2026/02/09","2026/02/12","9888","ＵＥＸ","東証およびＰＴＳ",,"確報",0,0,5000,0,0,0,5000,0,0,4185000,0,0,0,4185000,,,0,0,50000,0,0,0,11.8,10.6,13.3,11.8,0,0,0
"2026/02/09","2026/02/12","9889","ＪＢＣＣＨＤ","東証およびＰＴＳ",,"確報",500,0,10200,400,1200,1800,8400,687000,0,14014800,549600,1648800,2473200,11541600,,,0,0,0,58200,15600,0,3.3,6.7,2.2,3.4,10.3,2,3.3
"2026/02/09","2026/02/12","9890","マキヤ","東証およびＰＴＳ",,"確報",0,0,0,0,0,0,0,0,0,0,0,0,0,0,,,0,0,0,0,0,0,0,0,0,0,0,0,0
"2026/02/09","2026/02/12","9895","コンセック","東証およびＰＴＳ",,"確報",100,0,1600,0,0,0,1600,124200,0,1987200,0,0,0,1987200,,,0,0,1500,0,0,0,15.5,7.8,0,15.5,0,0,0
"2026/02/09","2026/02/12","9896","ＪＫホールディングス","東証およびＰＴＳ",,"確報",0,2400,2800,0,2400,2800,0,0,3619200,4222400,0,3619200,4222400,0,,,0,0,46800,0,0,46800,8.2,8.7,8.3,8.5,8,7.7,7.8
"2026/02/09","2026/02/12","9900","サガミＨＤ","東証およびＰＴＳ",,"確報",0,900,4400,6700,200,41800,-37400,0,1792800,8764800,13346400,398400,83265600,-74500800,,,0,0,95400,0,0,635400,19.1,16,6.9,9.7,15.4,43.2,22.7
"2026/02/09","2026/02/12","9902","日伝","東証およびＰＴＳ",,"確報",0,400,1300,0,300,6600,-5300,0,1005600,3268200,0,754200,16592400,-13324200,,,0,0,34000,0,0,138000,6,4.8,0.7,1.3,70.4,32,44
"2026/02/09","2026/02/12","9903","カンセキ","東証およびＰＴＳ",,"確報",0,0,1200,0,0,800,400,0,0,1052400,0,0,701600,350800,,,0,0,4800,0,0,3200,41.2,0,0,0,21.5,14.3,17.2
"2026/02/09","2026/02/12","9904","ベリテ","東証およびＰＴＳ",,"確報",0,700,3000,0,0,0,3000,0,281400,1206000,0,0,0,1206000,,,0,0,0,11100,0,0,17.7,15.9,19.9,17.7,0,0,0
"2026/02/09","2026/02/12","9906","藤井産業","東証およびＰＴＳ",,"確報",0,0,2400,0,0,0,2400,0,0,10320000,0,0,0,10320000,,,0,0,0,0,0,0,240,120,0,240,0,0,0
"2026/02/09","2026/02/12","9908","日本電計","東証およびＰＴＳ",,"確報",0,100,1800,0,0,0,1800,0,260900,4696200,0,0,0,4696200,,,0,0,114000,0,0,0,14.4,9,36,14.4,0,0,0
"2026/02/09","2026/02/12","9913","日邦産業","東証およびＰＴＳ",,"確報",0,100,2500,0,100,2500,0,0,291900,7297500,0,291900,7297500,0,,,0,0,0,54600,54600,0,21,15.9,10.6,12.7,0,27,54
"2026/02/09","2026/02/12","9914","植松商会","東証およびＰＴＳ",,"確報",0,0,0,0,0,0,0,0,0,0,0,0,0,0,,,0,0,0,0,0,0,0,0,0,0,0,0,0
"2026/02/09","2026/02/12","9927","ワットマン","東証およびＰＴＳ",,"確報",0,0,0,0,0,0,0,0,0,0,0,0,0,0,,,0,0,0,0,0,0,0,0,0,0,0,0,0
"2026/02/09","2026/02/12","9928","ミロク情報サービス","東証およびＰＴＳ",,"確報",900,6900,3900,0,7500,2400,1500,1611900,12357900,6984900,0,13432500,4298400,2686500,,,0,0,0,69300,69300,0,3.2,2.4,2.5,2.4,4.8,4.3,4.5
"2026/02/09","2026/02/12","9929","平和紙業","東証およびＰＴＳ",,"確報",0,0,0,0,0,0,0,0,0,0,0,0,0,0,,,0,0,0,0,0,0,0,0,0,0,0,0,0
"2026/02/09","2026/02/12","9930","北沢産業","東証およびＰＴＳ",,"確報",0,0,255100,0,100,0,255100,0,0,90050300,0,35300,0,90050300,,,0,0,0,0,0,0,667.6,437,6336.5,817.6,11,1.8,3.1
"2026/02/09","2026/02/12","9932","杉本商事","東証およびＰＴＳ",,"確報",1000,5900,3800,0,600,3800,0,1432000,8448800,5441600,0,859200,5441600,0,,,0,0,113100,0,0,57200,5.9,4.4,3.6,4,75.7,11.4,19.7
"2026/02/09","2026/02/12","9934","因幡電機産業","東証およびＰＴＳ",,"確報",4000,2100,12900,3600,0,14600,-1700,11044000,5798100,35616900,9939600,0,40310600,-4693700,,,0,0,869000,0,0,869000,6.2,4.4,4.7,4.5,10,9.2,9.6
"2026/02/09","2026/02/12","9936","王将フードサービス","東証およびＰＴＳ",,"確報",0,2000,5800,0,400,5700,100,0,6390000,18531000,0,1278000,18211500,319500,,,0,0,117000,0,0,91500,6.7,23.3,3.5,6.1,324,3.8,7.4
"2026/02/09","2026/02/12","9941","太洋物産","東証およびＰＴＳ",,"確報",0,700,4300,0,0,0,4300,0,525000,3225000,0,0,0,3225000,,,0,0,300000,0,0,0,69.4,0,34.7,69.4,0,0,0
"2026/02/09","2026/02/12","9946","ミニストップ","東証およびＰＴＳ",,"確報",100,1800,5000,1000,600,110300,-105300,203100,3655800,10155000,2031000,1218600,224019300,-213864300,,,0,0,0,73700,1208900,0,65,9.1,6.3,7.4,84.7,177.6,114.7
"2026/02/09","2026/02/12","9948","アークス","東証およびＰＴＳ",,"確報",300,100,2800,400,10600,5500,-2700,1096500,365500,10234000,1462000,38743000,20102500,-9868500,,,0,0,65000,0,0,392500,6.2,6.7,3.8,4.9,10.3,5.1,6.8
"2026/02/09","2026/02/12","9950","ハチバン","東証およびＰＴＳ",,"確報",0,0,0,0,0,0,0,0,0,0,0,0,0,0,,,0,0,0,0,0,0,0,0,0,0,0,0,0
"2026/02/09","2026/02/12","9955","ヨンキュウ","東証およびＰＴＳ",,"確報",0,0,0,0,0,0,0,0,0,0,0,0,0,0,,,0,0,0,0,0,0,0,0,0,0,0,0,0
"2026/02/09","2026/02/12","9956","バローＨＤ","東証およびＰＴＳ",,"確報",100,100,13300,400,0,500,12800,364500,364500,48478500,1458000,0,1822500,46656000,,,0,0,665000,0,0,5000,42.6,42.9,107.3,61.3,2.8,4.3,3.4
"2026/02/09","2026/02/12","9959","アシードＨＤ","東証およびＰＴＳ",,"確報",0,0,3200,0,0,200,3000,0,0,2787200,0,0,174200,2613000,,,0,0,0,54400,3400,0,8.8,7,0,13.9,2.5,2,2.2
"2026/02/09","2026/02/12","9960","東テク","東証およびＰＴＳ",,"確報",1700,400,9500,2500,0,18200,-8700,7250500,1706000,40517500,10662500,0,77623000,-37105500,,,0,0,1025000,0,0,1962500,18.4,12.2,18.4,14.7,22.2,19.4,20.7
"2026/02/09","2026/02/12","9962","ミスミグループ本社","東証およびＰＴＳ",,"確報",700,5000,5700,1600,3300,34200,-28500,2220400,15860000,18080400,5075200,10467600,108482400,-90402000,,,0,0,890000,0,0,3195100,6.9,4.5,4.1,4.3,19.1,4.6,7.4
"2026/02/09","2026/02/12","9969","ショクブン","東証およびＰＴＳ",,"確報",100,100,5500,0,0,5500,0,25900,25900,1424500,0,0,1424500,0,,,0,0,5500,0,0,5500,79.1,92.3,46.2,61.6,277,69.3,110.8
"2026/02/09","2026/02/12","9972","アルテック","東証およびＰＴＳ",,"確報",0,0,777500,0,0,200,777300,0,0,214590000,0,0,55200,214534800,,,0,0,0,777500,200,0,77.6,3323.3,39.5,78,16,3.2,5.3
"2026/02/09","2026/02/12","9973","ＫＯＺＯＨＤ","東証およびＰＴＳ",,"確報",38700,13700,2068800,0,0,0,2068800,1122300,397300,59995200,0,0,0,59995200,,,0,0,0,0,0,0,97.3,86.5,111.1,97.3,0,0,0
"2026/02/09","2026/02/12","9974","ベルク","東証およびＰＴＳ",,"確報",0,700,1300,0,0,600,700,0,5327000,9893000,0,0,4566000,5327000,,,0,0,40000,0,0,12000,3.9,5.9,3.1,4,7.2,2.5,3.8
"2026/02/09","2026/02/12","9976","セキチュー","東証およびＰＴＳ",,"確報",0,0,0,0,0,0,0,0,0,0,0,0,0,0,,,0,0,0,0,0,0,0,0,0,0,0,0,0
"2026/02/09","2026/02/12","9978","文教堂グループＨＤ","東証およびＰＴＳ",,"確報",1900,0,40700,0,0,0,40700,95000,0,2035000,0,0,0,2035000,,,0,0,0,38800,0,0,135.9,103.7,197,135.9,0,0,0
"2026/02/09","2026/02/12","9979","大庄","東証およびＰＴＳ",,"確報",0,400,2400,1500,100,48400,-46000,0,470000,2820000,1762500,117500,56870000,-54050000,,,0,0,0,14000,235000,0,30.2,27.8,1.9,3.5,41.8,156.1,65.9
"2026/02/09","2026/02/12","9980","ＭＲＫ　ＨＬＤ","東証およびＰＴＳ",,"確報",3500,6100,261700,0,0,0,261700,329000,573400,24599800,0,0,0,24599800,,,0,0,0,0,0,0,48.4,39.7,61.9,48.4,0,0,0
"2026/02/09","2026/02/12","9982","タキヒヨー","東証およびＰＴＳ",,"確報",2000,600,276600,0,0,0,276600,4342000,1302600,600498600,0,0,0,600498600,,,0,0,10182400,0,0,0,859.8,529.1,2292.8,859.8,0,0,0
"2026/02/09","2026/02/12","9983","ファーストリテイリン","東証およびＰＴＳ",,"確報",0,9900,2200,137400,200,219100,-216900,0,671715000,149270000,9322590000,13570000,14865935000,-14716665000,,,0,0,52635000,0,0,356265000,3.9,3.2,1.8,2.3,2.4,18.3,4.2
"2026/02/09","2026/02/12","9984","ソフトバンクグループ","東証およびＰＴＳ",,"確報",2800,864900,4684200,81900,1600,113300,4570900,11902800,3676689900,19912534200,348156900,6801600,481638300,19430895900,,,0,0,1397667600,0,0,8316000,17.7,24.9,15.2,18.8,2.5,4.6,3.2
"2026/02/09","2026/02/12","9986","蔵王産業","東証およびＰＴＳ",,"確報",0,0,1900,0,0,0,1900,0,0,4873500,0,0,0,4873500,,,0,0,19000,0,0,0,0,0,0,0,0,0,0
"2026/02/09","2026/02/12","9987","スズケン","東証およびＰＴＳ",,"確報",0,0,0,300,1400,13900,-13900,0,0,0,1965000,9170000,91045000,-91045000,,,0,0,0,0,0,1590000,26.1,0,1.4,2.8,38.8,22.4,28.4
"2026/02/09","2026/02/12","9989","サンドラッグ","東証およびＰＴＳ",,"確報",0,1300,600,200,0,500,100,0,5501600,2539200,846400,0,2116000,423200,,,0,0,20900,0,0,3300,4.1,13,2.9,4.8,2.2,3.1,2.6
"2026/02/09","2026/02/12","9990","サックスバー　ＨＤ","東証およびＰＴＳ",,"確報",500,1500,13200,0,1000,13200,0,407500,1222500,10758000,0,815000,10758000,0,,,0,0,0,0,0,0,20.4,24.4,10.4,14.6,370.5,17.6,33.7
"2026/02/09","2026/02/12","9991","ジェコス","東証およびＰＴＳ",,"確報",700,0,16600,0,200,2800,13800,1169000,0,27722000,0,334000,4676000,23046000,,,0,0,31800,0,0,6000,40.4,27,78.3,40.2,73.5,29.4,42
"2026/02/09","2026/02/12","9993","ヤマザワ","東証およびＰＴＳ",,"確報",0,100,400,0,0,0,400,0,120700,482800,0,0,0,482800,,,0,0,3000,0,0,0,48,0,24,48,0,0,0
"2026/02/09","2026/02/12","9994","やまや","東証およびＰＴＳ",,"確報",100,0,16300,100,0,700,15600,226200,0,36870600,226200,0,1583400,35287200,,,0,0,16200,0,0,600,110.4,269.3,269.3,269.3,3.3,6.7,4.4
"2026/02/09","2026/02/12","9996","サトー商会","東証およびＰＴＳ",,"確報",0,0,200,0,0,0,200,0,0,447600,0,0,0,447600,,,0,0,0,0,0,0,26,0,0,0,0,3,6
"2026/02/09","2026/02/12","9997","ベルーナ","東証およびＰＴＳ",,"確報",200,200,24800,0,0,400,24400,191200,191200,23708800,0,0,382400,23326400,,,0,0,49600,0,0,800,19.4,126.3,10.4,19.1,0,0,0
"2026/02/09","2026/02/12","1319","ＮＦ日経３００","名証",,"確報",0,0,0,0,0,0,0,0,0,0,0,0,0,0,,,0,0,0,0,0,0,0,0,0,0,0,0,0
"2026/02/09","2026/02/12","138A","光フードサービス","名証",,"確報",0,0,0,0,0,0,0,0,0,0,0,0,0,0,,,0,0,0,0,0,0,0,0,0,0,0,0,0
"2026/02/09","2026/02/12","1438","岐阜造園","名証",,"確報",0,0,0,0,0,0,0,0,0,0,0,0,0,0,,,0,0,0,0,0,0,0,0,0,0,0,0,0
"2026/02/09","2026/02/12","1444","ニッソウ","名証",,"確報",0,0,0,0,0,0,0,0,0,0,0,0,0,0,,,0,0,0,0,0,0,0,0,0,0,0,0,0
"2026/02/09","2026/02/12","1553","ＭＸＳＳ＆Ｐ東海投信","名証",,"確報",0,0,0,0,0,0,0,0,0,0,0,0,0,0,,,0,0,0,0,0,0,0,0,0,0,0,0,0
"2026/02/09","2026/02/12","1738","ニットー","名証",,"確報",0,0,100,0,0,0,100,0,0,62700,0,0,0,62700,,,0,0,0,1100,0,0,0,0,0,0,0,0,0
"2026/02/09","2026/02/12","1766","東建コーポレーション","名証",,"確報",0,0,0,0,0,0,0,0,0,0,0,0,0,0,,,0,0,0,0,0,0,0,0,0,0,0,0,0
"2026/02/09","2026/02/12","1777","川崎設備工業","名証",,"確報",1700,0,20700,0,0,0,20700,4511800,0,54937800,0,0,0,54937800,,,0,0,551000,0,0,0,45.2,38.9,54,45.2,0,0,0
"2026/02/09","2026/02/12","1780","ヤマウラ","名証",,"確報",0,0,0,0,0,0,0,0,0,0,0,0,0,0,,,0,0,0,0,0,0,0,0,0,0,0,0,0
"2026/02/09","2026/02/12","1801","大成建設","名証",,"確報",0,0,0,0,0,0,0,0,0,0,0,0,0,0,,,0,0,0,0,0,0,0,0,0,0,0,0,0
"2026/02/09","2026/02/12","1803","清水建設","名証",,"確報",0,0,0,0,0,0,0,0,0,0,0,0,0,0,,,0,0,0,0,0,0,0,0,0,0,0,0,0
"2026/02/09","2026/02/12","1811","銭高組","名証",,"確報",0,0,0,0,0,0,0,0,0,0,0,0,0,0,,,0,0,0,0,0,0,0,0,0,0,0,0,0
"2026/02/09","2026/02/12","1812","鹿島建設","名証",,"確報",0,0,0,0,0,0,0,0,0,0,0,0,0,0,,,0,0,0,0,0,0,0,0,0,0,0,0,0
"2026/02/09","2026/02/12","1869","名工建設","名証",,"確報",0,0,3800,0,0,0,3800,0,0,7026200,0,0,0,7026200,,,0,0,136800,0,0,0,34.6,19,0,38,0,2,4
"2026/02/09","2026/02/12","1870","矢作建設工業","名証",,"確報",0,0,0,0,0,0,0,0,0,0,0,0,0,0,,,0,0,0,0,0,0,0,0,0,0,0,0,0
"2026/02/09","2026/02/12","1878","大東建託","名証",,"確報",0,0,0,0,0,0,0,0,0,0,0,0,0,0,,,0,0,0,0,0,0,0,0,0,0,0,0,0
"2026/02/09","2026/02/12","1892","徳倉建設","名証",,"確報",0,0,1800,0,0,0,1800,0,0,12690000,0,0,0,12690000,,,0,0,90000,0,0,0,22.6,11.3,0,22.6,0,0,0
"2026/02/09","2026/02/12","1893","五洋建設","名証",,"確報",0,0,0,0,0,0,0,0,0,0,0,0,0,0,,,0,0,0,0,0,0,0,0,0,0,0,0,0
"2026/02/09","2026/02/12","1928","積水ハウス","名証",,"確報",0,0,0,0,0,0,0,0,0,0,0,0,0,0,,,0,0,0,0,0,0,0,0,0,0,0,0,0
"2026/02/09","2026/02/12","1946","トーエネック","名証",,"確報",0,0,0,0,0,0,0,0,0,0,0,0,0,0,,,0,0,0,0,0,0,0,0,0,0,0,0,0
"2026/02/09","2026/02/12","2053","中部飼料","名証",,"確報",0,0,0,0,0,0,0,0,0,0,0,0,0,0,,,0,0,0,0,0,0,0,0,0,0,0,0,0
"2026/02/09","2026/02/12","212A","フィットイージー","名証",,"確報",0,0,0,0,0,0,0,0,0,0,0,0,0,0,,,0,0,0,0,0,0,0,0,0,0,0,0,0
"2026/02/09","2026/02/12","2139","中広","名証",,"確報",0,0,0,0,0,0,0,0,0,0,0,0,0,0,,,0,0,0,0,0,0,0,0,0,0,0,0,0
"2026/02/09","2026/02/12","2169","ＣＤＳ","名証",,"確報",0,0,0,0,0,0,0,0,0,0,0,0,0,0,,,0,0,0,0,0,0,0,0,0,0,0,0,0
"2026/02/09","2026/02/12","2185","シイエム・シイ","名証",,"確報",0,0,0,0,0,0,0,0,0,0,0,0,0,0,,,0,0,0,0,0,0,0,0,0,0,0,0,0
"2026/02/09","2026/02/12","2207","ｍｅｉｔｏ","名証",,"確報",0,0,0,0,0,0,0,0,0,0,0,0,0,0,,,0,0,0,0,0,0,0,0,0,0,0,0,0
"2026/02/09","2026/02/12","2209","井村屋グループ","名証",,"確報",0,0,0,0,0,0,0,0,0,0,0,0,0,0,,,0,0,0,0,0,0,0,0,0,0,0,0,0
"2026/02/09","2026/02/12","2224","コモ","名証",,"確報",0,0,0,0,0,0,0,0,0,0,0,0,0,0,,,0,0,0,0,0,0,0,0,0,0,0,0,0
"2026/02/09","2026/02/12","2327","日鉄ソリューションズ","名証",,"確報",0,0,0,0,0,0,0,0,0,0,0,0,0,0,,,0,0,0,0,0,0,0,0,0,0,0,0,0
"2026/02/09","2026/02/12","2329","東北新社","名証",,"確報",0,0,0,0,0,0,0,0,0,0,0,0,0,0,,,0,0,0,0,0,0,0,0,0,0,0,0,0
"2026/02/09","2026/02/12","2351","ＡＳＪ","名証",,"確報",0,0,0,0,0,0,0,0,0,0,0,0,0,0,,,0,0,0,0,0,0,9999.9,9999.9,9999.9,9999.9,9999.9,9999.9,9999.9
"2026/02/09","2026/02/12","2376","サイネックス","名証",,"確報",0,0,0,0,0,0,0,0,0,0,0,0,0,0,,,0,0,0,0,0,0,0,0,0,0,0,0,0
"2026/02/09","2026/02/12","2424","ブラス","名証",,"確報",0,0,0,0,0,0,0,0,0,0,0,0,0,0,,,0,0,0,0,0,0,0,0,0,0,0,0,0
"2026/02/09","2026/02/12","2435","シダー","名証",,"確報",0,0,0,0,0,0,0,0,0,0,0,0,0,0,,,0,0,0,0,0,0,0,0,0,0,0,0,0
"2026/02/09","2026/02/12","246A","アスア","名証",,"確報",0,0,0,0,0,0,0,0,0,0,0,0,0,0,,,0,0,0,0,0,0,0,0,0,0,0,0,0
"2026/02/09","2026/02/12","2479","ジェイテック","名証",,"確報",0,0,0,0,0,0,0,0,0,0,0,0,0,0,,,0,0,0,0,0,0,0,0,0,0,0,0,0
"2026/02/09","2026/02/12","2485","ティア","名証",,"確報",0,0,0,0,0,0,0,0,0,0,0,0,0,0,,,0,0,0,0,0,0,0,0,0,0,0,0,0
"2026/02/09","2026/02/12","2551","マルサンアイ","名証",,"確報",0,0,600,0,0,0,600,0,0,2157000,0,0,0,2157000,,,0,0,6000,0,0,0,0,0,0,0,0,0,0
"2026/02/09","2026/02/12","259A","ケイ・ウノ","名証",,"確報",0,0,100,0,0,0,100,0,0,140000,0,0,0,140000,,,0,0,0,1300,0,0,0,0,0,0,0,0,0
"2026/02/09","2026/02/12","2686","ジーフット","名証",,"確報",0,0,0,0,0,0,0,0,0,0,0,0,0,0,,,0,0,0,0,0,0,0,0,0,0,0,0,0
"2026/02/09","2026/02/12","2722","ＩＫホールディングス","名証",,"確報",0,0,0,0,0,0,0,0,0,0,0,0,0,0,,,0,0,0,0,0,0,0,0,0,0,0,0,0
"2026/02/09","2026/02/12","2734","サーラコーポ","名証",,"確報",0,0,0,0,0,0,0,0,0,0,0,0,0,0,,,0,0,0,0,0,0,0,0,0,0,0,0,0
"2026/02/09","2026/02/12","2753","あみやき亭","名証",,"確報",0,0,0,0,0,0,0,0,0,0,0,0,0,0,,,0,0,0,0,0,0,0,0,0,0,0,0,0
"2026/02/09","2026/02/12","275A","ハンワホームズ","名証",,"確報",0,0,1500,0,0,0,1500,0,0,609000,0,0,0,609000,,,0,0,1500,0,0,0,0,0,0,0,0,0,0
"2026/02/09","2026/02/12","2778","パレモ・ＨＤ","名証",,"確報",0,0,0,0,0,0,0,0,0,0,0,0,0,0,,,0,0,0,0,0,0,0,0,0,0,0,0,0
"2026/02/09","2026/02/12","2780","コメ兵ＨＤ","名証",,"確報",0,0,0,0,0,0,0,0,0,0,0,0,0,0,,,0,0,0,0,0,0,0,0,0,0,0,0,0
"2026/02/09","2026/02/12","2806","ユタカフーズ","名証",,"確報",0,0,0,0,0,0,0,0,0,0,0,0,0,0,,,0,0,0,0,0,0,0,0,0,0,0,0,0
"2026/02/09","2026/02/12","2811","カゴメ","名証",,"確報",0,0,0,0,0,0,0,0,0,0,0,0,0,0,,,0,0,0,0,0,0,0,0,0,0,0,0,0
"2026/02/09","2026/02/12","2902","太陽化学","名証",,"確報",0,200,4600,0,0,0,4600,0,558800,12852400,0,0,0,12852400,,,0,0,264000,0,0,0,20.6,34.6,48.4,40.3,0,1.9,3.7
"2026/02/09","2026/02/12","2983","アールプランナー","名証",,"確報",0,0,0,0,0,0,0,0,0,0,0,0,0,0,,,0,0,0,0,0,0,0,0,0,0,0,0,0
"2026/02/09","2026/02/12","2986","ＬＡホールディングス","名証",,"確報",0,0,0,0,0,0,0,0,0,0,0,0,0,0,,,0,0,0,0,0,0,0,0,0,0,0,0,0
"2026/02/09","2026/02/12","3028","アルペン","名証",,"確報",0,0,0,0,0,0,0,0,0,0,0,0,0,0,,,0,0,0,0,0,0,0,0,0,0,0,0,0
"2026/02/09","2026/02/12","3032","ゴルフ・ドゥ","名証",,"確報",0,0,7700,0,0,0,7700,0,0,1655500,0,0,0,1655500,,,0,0,7700,0,0,0,154,77,0,154,0,0,0
"2026/02/09","2026/02/12","3035","ケイティケイ","名証",,"確報",0,0,0,0,0,0,0,0,0,0,0,0,0,0,,,0,0,0,0,0,0,0,0,0,0,0,0,0
"2026/02/09","2026/02/12","3066","ＪＢイレブン","名証",,"確報",500,0,6800,0,0,0,6800,321500,0,4372400,0,0,0,4372400,,,0,0,0,6300,0,0,80,64,106.7,80,0,0,0
"2026/02/09","2026/02/12","3086","Ｊ．フロントリテイリ","名証",,"確報",0,0,0,0,0,0,0,0,0,0,0,0,0,0,,,0,0,0,0,0,0,0,0,0,0,0,0,0
"2026/02/09","2026/02/12","3091","ブロンコビリー","名証",,"確報",0,0,0,0,0,0,0,0,0,0,0,0,0,0,,,0,0,0,0,0,0,0,0,0,0,0,0,0
"2026/02/09","2026/02/12","3116","トヨタ紡織","名証",,"確報",0,0,0,0,0,0,0,0,0,0,0,0,0,0,,,0,0,0,0,0,0,0,0,0,0,0,0,0
"2026/02/09","2026/02/12","3138","富士山マガジン","名証",,"確報",0,0,0,0,0,0,0,0,0,0,0,0,0,0,,,0,0,0,0,0,0,0,0,0,0,0,0,0
"2026/02/09","2026/02/12","3184","ＩＣＤＡ　ＨＤ","名証",,"確報",0,0,0,0,0,0,0,0,0,0,0,0,0,0,,,0,0,0,0,0,0,0,0,0,0,0,0,0
"2026/02/09","2026/02/12","3186","ネクステージ","名証",,"確報",0,0,0,0,0,0,0,0,0,0,0,0,0,0,,,0,0,0,0,0,0,0,0,0,0,0,0,0
"2026/02/09","2026/02/12","3202","ダイトウボウ","名証",,"確報",0,0,0,0,0,0,0,0,0,0,0,0,0,0,,,0,0,0,0,0,0,0,0,0,0,0,0,0
"2026/02/09","2026/02/12","3205","ダイドーリミテッド","名証",,"確報",0,0,0,0,0,0,0,0,0,0,0,0,0,0,,,0,0,0,0,0,0,0,0,0,0,0,0,0
"2026/02/09","2026/02/12","3221","ヨシックスＨＤ","名証",,"確報",0,0,0,0,0,0,0,0,0,0,0,0,0,0,,,0,0,0,0,0,0,0,0,0,0,0,0,0
"2026/02/09","2026/02/12","3232","三重交通グループＨＤ","名証",,"確報",0,0,0,0,0,0,0,0,0,0,0,0,0,0,,,0,0,0,0,0,0,0,0,0,0,0,0,0
"2026/02/09","2026/02/12","3320","クロスプラス","名証",,"確報",0,0,0,0,0,0,0,0,0,0,0,0,0,0,,,0,0,0,0,0,0,0,0,0,0,0,0,0
"2026/02/09","2026/02/12","3321","ミタチ産業","名証",,"確報",0,0,0,0,0,0,0,0,0,0,0,0,0,0,,,0,0,0,0,0,0,0,0,0,0,0,0,0
"2026/02/09","2026/02/12","3384","アークコア","名証",,"確報",0,0,1600,0,0,0,1600,0,0,1171200,0,0,0,1171200,,,0,0,0,0,0,0,9.2,19.4,6.1,9.2,0,0,0
"2026/02/09","2026/02/12","3422","Ｊ－ＭＡＸ","名証",,"確報",0,0,0,0,0,0,0,0,0,0,0,0,0,0,,,0,0,0,0,0,0,0,0,0,0,0,0,0
"2026/02/09","2026/02/12","3439","三ツ知","名証",,"確報",0,0,0,0,0,0,0,0,0,0,0,0,0,0,,,0,0,0,0,0,0,0,0,0,0,0,0,0
"2026/02/09","2026/02/12","3442","ＭＩＥコーポ","名証",,"確報",0,0,100,0,0,0,100,0,0,162900,0,0,0,162900,,,0,0,9400,0,0,0,1.3,0,0.6,1.3,0,0,0
"2026/02/09","2026/02/12","3447","信和","名証",,"確報",0,0,0,0,0,0,0,0,0,0,0,0,0,0,,,0,0,0,0,0,0,0,0,0,0,0,0,0
"2026/02/09","2026/02/12","3461","パルマ","名証",,"確報",0,0,0,0,0,0,0,0,0,0,0,0,0,0,,,0,0,0,0,0,0,0,0,0,0,0,0,0
"2026/02/09","2026/02/12","3469","デュアルタップ","名証",,"確報",0,0,0,0,0,0,0,0,0,0,0,0,0,0,,,0,0,0,0,0,0,0,0,0,0,0,0,0
"2026/02/09","2026/02/12","3494","マリオン","名証",,"確報",0,0,0,0,0,0,0,0,0,0,0,0,0,0,,,0,0,0,0,0,0,0,0,0,0,0,0,0
"2026/02/09","2026/02/12","3504","丸八ホールディングス","名証",,"確報",0,2500,54600,0,0,0,54600,0,2825000,61698000,0,0,0,61698000,,,0,0,0,0,0,0,118.3,2898,60.4,118.3,0,0,0
"2026/02/09","2026/02/12","3524","日東製網","名証",,"確報",0,0,0,0,0,0,0,0,0,0,0,0,0,0,,,0,0,0,0,0,0,0,0,0,0,0,0,0
"2026/02/09","2026/02/12","3543","コメダＨＤ","名証",,"確報",0,0,0,0,0,0,0,0,0,0,0,0,0,0,,,0,0,0,0,0,0,0,0,0,0,0,0,0
"2026/02/09","2026/02/12","3556","リネットジャパングル","名証",,"確報",0,0,0,0,0,0,0,0,0,0,0,0,0,0,,,0,0,0,0,0,0,0,0,0,0,0,0,0
"2026/02/09","2026/02/12","3559","ピーバンドットコム","名証",,"確報",0,0,0,0,0,0,0,0,0,0,0,0,0,0,,,0,0,0,0,0,0,0,0,0,0,0,0,0
"2026/02/09","2026/02/12","3571","ソトー","名証",,"確報",0,0,0,0,0,0,0,0,0,0,0,0,0,0,,,0,0,0,0,0,0,0,0,0,0,0,0,0
"2026/02/09","2026/02/12","3577","東海染工","名証",,"確報",0,0,0,0,0,0,0,0,0,0,0,0,0,0,,,0,0,0,0,0,0,0,0,0,0,0,0,0
"2026/02/09","2026/02/12","3670","協立情報通信","名証",,"確報",0,0,0,0,0,0,0,0,0,0,0,0,0,0,,,0,0,0,0,0,0,0,0,0,0,0,0,0
"2026/02/09","2026/02/12","3739","コムシード","名証",,"確報",0,500,45200,0,0,0,45200,0,79500,7186800,0,0,0,7186800,,,0,0,45700,0,0,0,39.4,25.8,83.3,39.4,0,0,0
"2026/02/09","2026/02/12","3771","システムリサーチ","名証",,"確報",0,0,0,0,0,0,0,0,0,0,0,0,0,0,,,0,0,0,0,0,0,0,0,0,0,0,0,0
"2026/02/09","2026/02/12","3775","ガイアックス","名証",,"確報",0,300,33400,0,0,0,33400,0,121500,13527000,0,0,0,13527000,,,0,0,0,33700,0,0,418.5,418.5,418.5,418.5,0,0,0
"2026/02/09","2026/02/12","377A","エージェントＩＧＨＤ","名証",,"確報",0,0,200,0,0,0,200,0,0,255600,0,0,0,255600,,,0,0,0,4400,0,0,0,0,0,0,0,0,0
"2026/02/09","2026/02/12","3842","ネクストジェン","名証",,"確報",0,0,0,0,0,0,0,0,0,0,0,0,0,0,,,0,0,0,0,0,0,0,0,0,0,0,0,0
"2026/02/09","2026/02/12","391A","山忠","名証",,"確報",0,0,9000,0,0,0,9000,0,0,22815000,0,0,0,22815000,,,0,0,90000,0,0,0,180,90,0,180,0,0,0
"2026/02/09","2026/02/12","3922","ＰＲ　ＴＩＭＥＳ","名証",,"確報",0,0,0,0,0,0,0,0,0,0,0,0,0,0,,,0,0,0,0,0,0,0,0,0,0,0,0,0
"2026/02/09","2026/02/12","3947","ダイナパック","名証",,"確報",0,0,0,0,0,0,0,0,0,0,0,0,0,0,,,0,0,0,0,0,0,0,0,0,0,0,0,0
"2026/02/09","2026/02/12","3958","笹徳印刷","名証",,"確報",0,0,0,0,0,0,0,0,0,0,0,0,0,0,,,0,0,0,0,0,0,0,0,0,0,0,0,0
"2026/02/09","2026/02/12","3974","ＳＣＡＴ","名証",,"確報",0,0,0,0,0,0,0,0,0,0,0,0,0,0,,,0,0,0,0,0,0,0,0,0,0,0,0,0
"2026/02/09","2026/02/12","4062","イビデン","名証",,"確報",0,0,0,0,0,0,0,0,0,0,0,0,0,0,,,0,0,0,0,0,0,0,0,0,0,0,0,0
"2026/02/09","2026/02/12","4063","信越化学工業","名証",,"確報",0,0,0,0,0,0,0,0,0,0,0,0,0,0,,,0,0,0,0,0,0,0,0,0,0,0,0,0
"2026/02/09","2026/02/12","4072","電算システムＨＤ","名証",,"確報",0,0,0,0,0,0,0,0,0,0,0,0,0,0,,,0,0,0,0,0,0,0,0,0,0,0,0,0
"2026/02/09","2026/02/12","4125","三和油化工業","名証",,"確報",0,0,0,0,0,0,0,0,0,0,0,0,0,0,,,0,0,0,0,0,0,0,0,0,0,0,0,0
"2026/02/09","2026/02/12","418A","ウリドキ","名証",,"確報",200,0,46900,0,0,0,46900,173000,0,40568500,0,0,0,40568500,,,0,0,0,420300,0,0,2337,1168.5,0,2337,0,0,0
"2026/02/09","2026/02/12","4196","ネオマーケティング","名証",,"確報",0,0,0,0,0,0,0,0,0,0,0,0,0,0,,,0,0,0,0,0,0,0,0,0,0,0,0,0
"2026/02/09","2026/02/12","4206","アイカ工業","名証",,"確報",0,0,0,0,0,0,0,0,0,0,0,0,0,0,,,0,0,0,0,0,0,0,0,0,0,0,0,0
"2026/02/09","2026/02/12","4240","クラスターＴ","名証",,"確報",0,0,0,0,0,0,0,0,0,0,0,0,0,0,,,0,0,0,0,0,0,0,0,0,0,0,0,0
"2026/02/09","2026/02/12","4247","ポバール興業","名証",,"確報",0,0,0,0,0,0,0,0,0,0,0,0,0,0,,,0,0,0,0,0,0,0,0,0,0,0,0,0
"2026/02/09","2026/02/12","4361","川口化学工業","名証",,"確報",0,0,0,0,0,0,0,0,0,0,0,0,0,0,,,0,0,0,0,0,0,0,0,0,0,0,0,0
"2026/02/09","2026/02/12","4430","東海ソフト","名証",,"確報",0,0,0,0,0,0,0,0,0,0,0,0,0,0,,,0,0,0,0,0,0,0,0,0,0,0,0,0
"2026/02/09","2026/02/12","4439","東名","名証",,"確報",0,0,0,0,0,0,0,0,0,0,0,0,0,0,,,0,0,0,0,0,0,0,0,0,0,0,0,0
"2026/02/09","2026/02/12","4445","リビンＴ","名証",,"確報",0,0,0,0,0,0,0,0,0,0,0,0,0,0,,,0,0,0,0,0,0,0,0,0,0,0,0,0
"2026/02/09","2026/02/12","4463","日華化学","名証",,"確報",0,0,0,0,0,0,0,0,0,0,0,0,0,0,,,0,0,0,0,0,0,0,0,0,0,0,0,0
"2026/02/09","2026/02/12","4502","武田薬品工業","名証",,"確報",0,0,0,0,0,0,0,0,0,0,0,0,0,0,,,0,0,0,0,0,0,0,0,0,0,0,0,0
"2026/02/09","2026/02/12","4530","久光製薬","名証",,"確報",0,0,0,0,0,0,0,0,0,0,0,0,0,0,,,0,0,0,0,0,0,0,0,0,0,0,0,0
"2026/02/09","2026/02/12","4616","川上塗料","名証",,"確報",0,0,0,0,0,0,0,0,0,0,0,0,0,0,,,0,0,0,0,0,0,0,0,0,0,0,0,0
"2026/02/09","2026/02/12","4658","日本空調サービス","名証",,"確報",0,0,0,0,0,0,0,0,0,0,0,0,0,0,,,0,0,0,0,0,0,0,0,0,0,0,0,0
"2026/02/09","2026/02/12","4667","アイサンテクノロジー","名証",,"確報",0,0,0,0,0,0,0,0,0,0,0,0,0,0,,,0,0,0,0,0,0,0,0,0,0,0,0,0
"2026/02/09","2026/02/12","4681","リゾートトラスト","名証",,"確報",0,0,0,0,0,0,0,0,0,0,0,0,0,0,,,0,0,0,0,0,0,0,0,0,0,0,0,0
"2026/02/09","2026/02/12","4691","ワシントンホテル","名証",,"確報",0,0,0,0,0,0,0,0,0,0,0,0,0,0,,,0,0,0,0,0,0,0,0,0,0,0,0,0
"2026/02/09","2026/02/12","4732","ユー・エス・エス","名証",,"確報",0,0,0,0,0,0,0,0,0,0,0,0,0,0,,,0,0,0,0,0,0,0,0,0,0,0,0,0
"2026/02/09","2026/02/12","4760","アルファ","名証",,"確報",0,0,0,0,0,0,0,0,0,0,0,0,0,0,,,0,0,0,0,0,0,0,0,0,0,0,0,0
"2026/02/09","2026/02/12","5020","ＥＮＥＯＳ","名証",,"確報",0,0,0,0,0,0,0,0,0,0,0,0,0,0,,,0,0,0,0,0,0,0,0,0,0,0,0,0
"2026/02/09","2026/02/12","5075","アップコン","名証",,"確報",0,0,10600,0,0,0,10600,0,0,12508000,0,0,0,12508000,,,0,0,0,95400,0,0,77.5,38.8,0,77.5,0,0,0
"2026/02/09","2026/02/12","5204","石塚硝子","名証",,"確報",0,0,0,0,0,0,0,0,0,0,0,0,0,0,,,0,0,0,0,0,0,0,0,0,0,0,0,0
"2026/02/09","2026/02/12","5241","日本オーエー研究所","名証",,"確報",0,0,2500,0,0,0,2500,0,0,2275000,0,0,0,2275000,,,0,0,0,10000,0,0,26.8,0,13.4,26.8,0,0,0
"2026/02/09","2026/02/12","5271","トーヨーアサノ","名証",,"確報",0,0,0,0,0,0,0,0,0,0,0,0,0,0,,,0,0,0,0,0,0,0,0,0,0,0,0,0
"2026/02/09","2026/02/12","5287","イトーヨーギョー","名証",,"確報",0,0,0,0,0,0,0,0,0,0,0,0,0,0,,,0,0,0,0,0,0,0,0,0,0,0,0,0
"2026/02/09","2026/02/12","5331","ノリタケ","名証",,"確報",0,0,0,0,0,0,0,0,0,0,0,0,0,0,,,0,0,0,0,0,0,0,0,0,0,0,0,0
"2026/02/09","2026/02/12","5332","ＴＯＴＯ","名証",,"確報",0,0,0,0,0,0,0,0,0,0,0,0,0,0,,,0,0,0,0,0,0,0,0,0,0,0,0,0
"2026/02/09","2026/02/12","5333","日本碍子","名証",,"確報",0,0,0,0,0,0,0,0,0,0,0,0,0,0,,,0,0,0,0,0,0,0,0,0,0,0,0,0
"2026/02/09","2026/02/12","5334","日本特殊陶業","名証",,"確報",0,0,0,0,0,0,0,0,0,0,0,0,0,0,,,0,0,0,0,0,0,0,0,0,0,0,0,0
"2026/02/09","2026/02/12","5342","ジャニス工業","名証",,"確報",0,0,0,0,0,0,0,0,0,0,0,0,0,0,,,0,0,0,0,0,0,0,0,0,0,0,0,0
"2026/02/09","2026/02/12","5343","ニッコー","名証",,"確報",0,0,10100,0,0,0,10100,0,0,1454400,0,0,0,1454400,,,0,0,0,0,0,0,0,0,0,0,0,0,0
"2026/02/09","2026/02/12","5344","ＭＡＲＵＷＡ","名証",,"確報",0,0,0,0,0,0,0,0,0,0,0,0,0,0,,,0,0,0,0,0,0,0,0,0,0,0,0,0
"2026/02/09","2026/02/12","5356","美濃窯業","名証",,"確報",0,0,0,0,0,0,0,0,0,0,0,0,0,0,,,0,0,0,0,0,0,0,0,0,0,0,0,0
"2026/02/09","2026/02/12","5384","フジミイン","名証",,"確報",0,0,0,0,0,0,0,0,0,0,0,0,0,0,,,0,0,0,0,0,0,0,0,0,0,0,0,0
"2026/02/09","2026/02/12","5386","鶴弥","名証",,"確報",0,0,0,0,0,0,0,0,0,0,0,0,0,0,,,0,0,0,0,0,0,0,0,0,0,0,0,0
"2026/02/09","2026/02/12","5401","日本製鉄","名証",,"確報",0,0,0,0,0,0,0,0,0,0,0,0,0,0,,,0,0,0,0,0,0,0,0,0,0,0,0,0
"2026/02/09","2026/02/12","5406","神戸製鋼所","名証",,"確報",0,0,0,0,0,0,0,0,0,0,0,0,0,0,,,0,0,0,0,0,0,0,0,0,0,0,0,0
"2026/02/09","2026/02/12","5461","中部鋼鈑","名証",,"確報",0,0,0,0,0,0,0,0,0,0,0,0,0,0,,,0,0,0,0,0,0,0,0,0,0,0,0,0
"2026/02/09","2026/02/12","5471","大同特殊鋼","名証",,"確報",0,0,0,0,0,0,0,0,0,0,0,0,0,0,,,0,0,0,0,0,0,0,0,0,0,0,0,0
"2026/02/09","2026/02/12","5482","愛知製鋼","名証",,"確報",0,0,0,0,0,0,0,0,0,0,0,0,0,0,,,0,0,0,0,0,0,0,0,0,0,0,0,0
"2026/02/09","2026/02/12","5530","日本システムバンク","名証",,"確報",100,0,1200,0,0,0,1200,98000,0,1176000,0,0,0,1176000,,,0,0,2200,0,0,0,36,18,0,36,0,0,0
"2026/02/09","2026/02/12","5589","オートサーバー","名証",,"確報",0,0,0,0,0,0,0,0,0,0,0,0,0,0,,,0,0,0,0,0,0,0,0,0,0,0,0,0
"2026/02/09","2026/02/12","5607","中央可鍛工業","名証",,"確報",5100,300,103600,0,0,0,103600,3692400,217200,75006400,0,0,0,75006400,,,0,0,296400,0,0,0,33.4,18.3,191.6,33.4,0,0,0
"2026/02/09","2026/02/12","5802","住友電気工業","名証",,"確報",0,0,0,0,0,0,0,0,0,0,0,0,0,0,,,0,0,0,0,0,0,0,0,0,0,0,0,0
"2026/02/09","2026/02/12","5918","瀧上工業","名証",,"確報",0,0,0,0,0,0,0,0,0,0,0,0,0,0,,,0,0,0,0,0,0,0,0,0,0,0,0,0
"2026/02/09","2026/02/12","5938","ＬＩＸＩＬ","名証",,"確報",0,0,0,0,0,0,0,0,0,0,0,0,0,0,,,0,0,0,0,0,0,0,0,0,0,0,0,0
"2026/02/09","2026/02/12","5947","リンナイ","名証",,"確報",0,0,0,0,0,0,0,0,0,0,0,0,0,0,,,0,0,0,0,0,0,0,0,0,0,0,0,0
"2026/02/09","2026/02/12","5952","アマテイ","名証",,"確報",0,0,0,0,0,0,0,0,0,0,0,0,0,0,,,0,0,0,0,0,0,0,0,0,0,0,0,0
"2026/02/09","2026/02/12","5979","カネソウ","名証",,"確報",0,0,1000,0,0,0,1000,0,0,5300000,0,0,0,5300000,,,0,0,10000,0,0,0,0,0,0,0,0,0,0
"2026/02/09","2026/02/12","5984","兼房","名証",,"確報",0,0,0,0,0,0,0,0,0,0,0,0,0,0,,,0,0,0,0,0,0,0,0,0,0,0,0,0
"2026/02/09","2026/02/12","5992","中央発條","名証",,"確報",0,0,0,0,0,0,0,0,0,0,0,0,0,0,,,0,0,0,0,0,0,0,0,0,0,0,0,0
"2026/02/09","2026/02/12","5994","ファインシンター","名証",,"確報",0,0,0,0,0,0,0,0,0,0,0,0,0,0,,,0,0,0,0,0,0,0,0,0,0,0,0,0
"2026/02/09","2026/02/12","6025","日本ＰＣサービス","名証",,"確報",0,0,1400,0,0,0,1400,0,0,980000,0,0,0,980000,,,0,0,0,21000,0,0,0,0,0,0,0,0,0
"2026/02/09","2026/02/12","6036","ＫｅｅＰｅｒ技研","名証",,"確報",0,0,0,0,0,0,0,0,0,0,0,0,0,0,,,0,0,0,0,0,0,0,0,0,0,0,0,0
"2026/02/09","2026/02/12","6055","ジャパンマテリアル","名証",,"確報",0,0,0,0,0,0,0,0,0,0,0,0,0,0,,,0,0,0,0,0,0,0,0,0,0,0,0,0
"2026/02/09","2026/02/12","6074","ジェイエスエス","名証",,"確報",0,0,0,0,0,0,0,0,0,0,0,0,0,0,,,0,0,0,0,0,0,0,0,0,0,0,0,0
"2026/02/09","2026/02/12","6103","オークマ","名証",,"確報",0,0,0,0,0,0,0,0,0,0,0,0,0,0,,,0,0,0,0,0,0,0,0,0,0,0,0,0
"2026/02/09","2026/02/12","6111","旭精機工業","名証",,"確報",0,0,1500,0,0,0,1500,0,0,3667500,0,0,0,3667500,,,0,0,39000,0,0,0,52,78,39,52,0,0,0
"2026/02/09","2026/02/12","6134","ＦＵＪＩ","名証",,"確報",0,0,0,0,0,0,0,0,0,0,0,0,0,0,,,0,0,0,0,0,0,0,0,0,0,0,0,0
"2026/02/09","2026/02/12","6136","オーエスジー","名証",,"確報",0,0,0,0,0,0,0,0,0,0,0,0,0,0,,,0,0,0,0,0,0,0,0,0,0,0,0,0
"2026/02/09","2026/02/12","6142","富士精工","名証",,"確報",0,0,3500,0,0,0,3500,0,0,5449500,0,0,0,5449500,,,0,0,0,150500,0,0,0,0,0,0,0,0,0
"2026/02/09","2026/02/12","6201","豊田自動織機","名証",,"確報",0,0,0,0,0,0,0,0,0,0,0,0,0,0,,,0,0,0,0,0,0,0,0,0,0,0,0,0
"2026/02/09","2026/02/12","6203","豊和工業","名証",,"確報",0,0,0,0,0,0,0,0,0,0,0,0,0,0,,,0,0,0,0,0,0,0,0,0,0,0,0,0
"2026/02/09","2026/02/12","6225","エコム","名証",,"確報",0,0,6500,0,0,0,6500,0,0,12161500,0,0,0,12161500,,,0,0,6500,0,0,0,0,0,0,0,0,0,0
"2026/02/09","2026/02/12","6267","ゼネラルパッカー","名証",,"確報",0,0,0,0,0,0,0,0,0,0,0,0,0,0,,,0,0,0,0,0,0,0,0,0,0,0,0,0
"2026/02/09","2026/02/12","6293","日精樹脂工業","名証",,"確報",0,0,0,0,0,0,0,0,0,0,0,0,0,0,,,0,0,0,0,0,0,0,0,0,0,0,0,0
"2026/02/09","2026/02/12","6325","タカキタ","名証",,"確報",0,0,0,0,0,0,0,0,0,0,0,0,0,0,,,0,0,0,0,0,0,0,0,0,0,0,0,0
"2026/02/09","2026/02/12","6339","新東工業","名証",,"確報",0,0,0,0,0,0,0,0,0,0,0,0,0,0,,,0,0,0,0,0,0,0,0,0,0,0,0,0
"2026/02/09","2026/02/12","6340","澁谷工業","名証",,"確報",0,0,0,0,0,0,0,0,0,0,0,0,0,0,,,0,0,0,0,0,0,0,0,0,0,0,0,0
"2026/02/09","2026/02/12","6342","太平製作所","名証",,"確報",0,0,0,0,0,0,0,0,0,0,0,0,0,0,,,0,0,0,0,0,0,0,0,0,0,0,0,0
"2026/02/09","2026/02/12","6345","アイチコーポ","名証",,"確報",0,0,0,0,0,0,0,0,0,0,0,0,0,0,,,0,0,0,0,0,0,0,0,0,0,0,0,0
"2026/02/09","2026/02/12","6346","キクカワエンタ","名証",,"確報",0,0,0,0,0,0,0,0,0,0,0,0,0,0,,,0,0,0,0,0,0,0,0,0,0,0,0,0
"2026/02/09","2026/02/12","6396","宇野澤組鐵工所","名証",,"確報",0,0,0,0,0,0,0,0,0,0,0,0,0,0,,,0,0,0,0,0,0,0,0,0,0,0,0,0
"2026/02/09","2026/02/12","6407","ＣＫＤ","名証",,"確報",0,0,0,0,0,0,0,0,0,0,0,0,0,0,,,0,0,0,0,0,0,0,0,0,0,0,0,0
"2026/02/09","2026/02/12","6430","ダイコク電機","名証",,"確報",0,0,0,0,0,0,0,0,0,0,0,0,0,0,,,0,0,0,0,0,0,0,0,0,0,0,0,0
"2026/02/09","2026/02/12","6439","中日本鋳工","名証",,"確報",0,0,5000,0,0,0,5000,0,0,2005000,0,0,0,2005000,,,0,0,0,0,0,0,0,0,0,0,0,0,0
"2026/02/09","2026/02/12","6448","ブラザー工業","名証",,"確報",0,0,0,0,0,0,0,0,0,0,0,0,0,0,,,0,0,0,0,0,0,0,0,0,0,0,0,0
"2026/02/09","2026/02/12","6465","ホシザキ","名証",,"確報",0,0,0,0,0,0,0,0,0,0,0,0,0,0,,,0,0,0,0,0,0,0,0,0,0,0,0,0
"2026/02/09","2026/02/12","6470","大豊工業","名証",,"確報",0,0,0,0,0,0,0,0,0,0,0,0,0,0,,,0,0,0,0,0,0,0,0,0,0,0,0,0
"2026/02/09","2026/02/12","6473","ジェイテクト","名証",,"確報",0,0,0,0,0,0,0,0,0,0,0,0,0,0,,,0,0,0,0,0,0,0,0,0,0,0,0,0
"2026/02/09","2026/02/12","6501","日立製作所","名証",,"確報",0,0,0,0,0,0,0,0,0,0,0,0,0,0,,,0,0,0,0,0,0,0,0,0,0,0,0,0
"2026/02/09","2026/02/12","6504","富士電機","名証",,"確報",0,0,0,0,0,0,0,0,0,0,0,0,0,0,,,0,0,0,0,0,0,0,0,0,0,0,0,0
"2026/02/09","2026/02/12","6508","明電舎","名証",,"確報",0,0,0,0,0,0,0,0,0,0,0,0,0,0,,,0,0,0,0,0,0,0,0,0,0,0,0,0
"2026/02/09","2026/02/12","6547","グリーンズ","名証",,"確報",0,0,0,0,0,0,0,0,0,0,0,0,0,0,,,0,0,0,0,0,0,0,0,0,0,0,0,0
"2026/02/09","2026/02/12","6564","ミダックＨＤ","名証",,"確報",0,0,0,0,0,0,0,0,0,0,0,0,0,0,,,0,0,0,0,0,0,0,0,0,0,0,0,0
"2026/02/09","2026/02/12","6565","ＡＢホテル","名証",,"確報",0,0,0,0,0,0,0,0,0,0,0,0,0,0,,,0,0,0,0,0,0,0,0,0,0,0,0,0
"2026/02/09","2026/02/12","6586","マキタ","名証",,"確報",0,0,0,0,0,0,0,0,0,0,0,0,0,0,,,0,0,0,0,0,0,0,0,0,0,0,0,0
"2026/02/09","2026/02/12","6615","ＵＭＣエレ","名証",,"確報",0,0,0,0,0,0,0,0,0,0,0,0,0,0,,,0,0,0,0,0,0,0,0,0,0,0,0,0
"2026/02/09","2026/02/12","6623","愛知電機","名証",,"確報",400,0,21200,0,0,0,21200,3360000,0,178080000,0,0,0,178080000,,,0,0,6864000,0,0,0,71.2,178,44.5,71.2,0,0,0
"2026/02/09","2026/02/12","6651","日東工業","名証",,"確報",0,0,0,0,0,0,0,0,0,0,0,0,0,0,,,0,0,0,0,0,0,0,0,0,0,0,0,0
"2026/02/09","2026/02/12","6655","東洋電機","名証",,"確報",0,0,3200,0,0,0,3200,0,0,2544000,0,0,0,2544000,,,0,0,3200,0,0,0,0,0,0,0,0,0,0
"2026/02/09","2026/02/12","6676","バッファロー","名証",,"確報",0,0,0,0,0,0,0,0,0,0,0,0,0,0,,,0,0,0,0,0,0,0,0,0,0,0,0,0
"2026/02/09","2026/02/12","6702","富士通","名証",,"確報",0,0,0,0,0,0,0,0,0,0,0,0,0,0,,,0,0,0,0,0,0,1,1,1,1,0,0,0
"2026/02/09","2026/02/12","6718","アイホン","名証",,"確報",0,0,0,0,0,0,0,0,0,0,0,0,0,0,,,0,0,0,0,0,0,0,0,0,0,0,0,0
"2026/02/09","2026/02/12","6797","名古屋電機工業","名証",,"確報",0,0,0,0,0,0,0,0,0,0,0,0,0,0,,,0,0,0,0,0,0,0,0,0,0,0,0,0
"2026/02/09","2026/02/12","6846","中央製作所","名証",,"確報",0,0,1800,0,0,0,1800,0,0,2502000,0,0,0,2502000,,,0,0,81000,0,0,0,0,0,0,0,0,0,0
"2026/02/09","2026/02/12","6902","デンソー","名証",,"確報",0,0,0,0,0,0,0,0,0,0,0,0,0,0,,,0,0,0,0,0,0,0,0,0,0,0,0,0
"2026/02/09","2026/02/12","6995","東海理化電機製作所","名証",,"確報",0,0,0,0,0,0,0,0,0,0,0,0,0,0,,,0,0,0,0,0,0,0,0,0,0,0,0,0
"2026/02/09","2026/02/12","6999","コーア","名証",,"確報",0,0,0,0,0,0,0,0,0,0,0,0,0,0,,,0,0,0,0,0,0,0,0,0,0,0,0,0
"2026/02/09","2026/02/12","7011","三菱重工業","名証",,"確報",0,0,0,0,0,0,0,0,0,0,0,0,0,0,,,0,0,0,0,0,0,1,0,0,0,1,1,1
"2026/02/09","2026/02/12","7012","川崎重工業","名証",,"確報",0,0,100,0,0,0,100,0,0,1695500,0,0,0,1695500,,,0,0,230500,0,0,0,0,0,0,0,0,0,0
"2026/02/09","2026/02/12","7059","コプロＨＤ","名証",,"確報",0,0,0,0,0,0,0,0,0,0,0,0,0,0,,,0,0,0,0,0,0,0,0,0,0,0,0,0
"2026/02/09","2026/02/12","7073","ジェイック","名証",,"確報",0,0,0,0,0,0,0,0,0,0,0,0,0,0,,,0,0,0,0,0,0,0,0,0,0,0,0,0
"2026/02/09","2026/02/12","7075","ＱＬＳ","名証",,"確報",0,0,0,0,0,0,0,0,0,0,0,0,0,0,,,0,0,0,0,0,0,0,0,0,0,0,0,0
"2026/02/09","2026/02/12","7076","名南Ｍ＆Ａ","名証",,"確報",0,500,4500,0,0,3000,1500,0,432500,3892500,0,0,2595000,1297500,,,0,0,50000,0,0,30000,58.7,0,31.4,62.8,0,26.7,53.3
"2026/02/09","2026/02/12","7102","日本車輌製造","名証",,"確報",0,0,0,0,0,0,0,0,0,0,0,0,0,0,,,0,0,0,0,0,0,0,0,0,0,0,0,0
"2026/02/09","2026/02/12","7129","ミアヘルサＨＤ","名証",,"確報",0,0,0,0,0,0,0,0,0,0,0,0,0,0,,,0,0,0,0,0,0,0,0,0,0,0,0,0
"2026/02/09","2026/02/12","7135","ジャパンクラフトＨＤ","名証",,"確報",0,0,0,0,0,0,0,0,0,0,0,0,0,0,,,0,0,0,0,0,0,0,0,0,0,0,0,0
"2026/02/09","2026/02/12","7203","トヨタ自動車","名証",,"確報",0,0,0,0,0,0,0,0,0,0,0,0,0,0,,,0,0,0,0,0,0,0,0,0,0,0,0,0
"2026/02/09","2026/02/12","7205","日野自動車","名証",,"確報",0,0,0,0,0,0,0,0,0,0,0,0,0,0,,,0,0,0,0,0,0,0,0,0,0,0,0,0
"2026/02/09","2026/02/12","7213","レシップＨＤ","名証",,"確報",0,0,0,0,0,0,0,0,0,0,0,0,0,0,,,0,0,0,0,0,0,0,0,0,0,0,0,0
"2026/02/09","2026/02/12","7220","武蔵精密工業","名証",,"確報",0,0,0,0,0,0,0,0,0,0,0,0,0,0,,,0,0,0,0,0,0,0,0,0,0,0,0,0
"2026/02/09","2026/02/12","7227","アスカ","名証",,"確報",0,0,900,0,0,0,900,0,0,1737000,0,0,0,1737000,,,0,0,51300,0,0,0,0,0,0,0,0,0,0
"2026/02/09","2026/02/12","7231","トピー工業","名証",,"確報",0,0,0,0,0,0,0,0,0,0,0,0,0,0,,,0,0,0,0,0,0,0,0,0,0,0,0,0
"2026/02/09","2026/02/12","7241","フタバ産業","名証",,"確報",0,0,0,0,0,0,0,0,0,0,0,0,0,0,,,0,0,0,0,0,0,0,0,0,0,0,0,0
"2026/02/09","2026/02/12","7245","大同メタル工業","名証",,"確報",0,0,0,0,0,0,0,0,0,0,0,0,0,0,,,0,0,0,0,0,0,0,0,0,0,0,0,0
"2026/02/09","2026/02/12","7250","太平洋工業","名証",,"確報",0,0,0,0,0,0,0,0,0,0,0,0,0,0,,,0,0,0,0,0,0,0,0,0,0,0,0,0
"2026/02/09","2026/02/12","7259","アイシン","名証",,"確報",0,0,0,0,0,0,0,0,0,0,0,0,0,0,,,0,0,0,0,0,0,0,0,0,0,0,0,0
"2026/02/09","2026/02/12","7266","今仙電機製作所","名証",,"確報",0,0,0,0,0,0,0,0,0,0,0,0,0,0,,,0,0,0,0,0,0,0,0,0,0,0,0,0
"2026/02/09","2026/02/12","7282","豊田合成","名証",,"確報",0,0,0,0,0,0,0,0,0,0,0,0,0,0,,,0,0,0,0,0,0,0,0,0,0,0,0,0
"2026/02/09","2026/02/12","7283","愛三工業","名証",,"確報",0,0,0,0,0,0,0,0,0,0,0,0,0,0,,,0,0,0,0,0,0,0,0,0,0,0,0,0
"2026/02/09","2026/02/12","7322","３３ＦＧ","名証",,"確報",0,0,0,0,0,0,0,0,0,0,0,0,0,0,,,0,0,0,0,0,0,0,0,0,0,0,0,0
"2026/02/09","2026/02/12","7362","Ｔ．Ｓ．Ｉ","名証",,"確報",0,0,0,0,0,0,0,0,0,0,0,0,0,0,,,0,0,0,0,0,0,0,0,0,0,0,0,0
"2026/02/09","2026/02/12","7369","メイホーＨＤ","名証",,"確報",0,0,0,0,0,0,0,0,0,0,0,0,0,0,,,0,0,0,0,0,0,0,0,0,0,0,0,0
"2026/02/09","2026/02/12","7380","十六ＦＧ","名証",,"確報",0,0,0,0,0,0,0,0,0,0,0,0,0,0,,,0,0,0,0,0,0,0,0,0,0,0,0,0
"2026/02/09","2026/02/12","7389","あいちＦＧ","名証",,"確報",0,0,0,0,0,0,0,0,0,0,0,0,0,0,,,0,0,0,0,0,0,0,0,0,0,0,0,0
"2026/02/09","2026/02/12","7412","アトム","名証",,"確報",0,0,0,0,0,0,0,0,0,0,0,0,0,0,,,0,0,0,0,0,0,0,0,0,0,0,0,0
"2026/02/09","2026/02/12","7467","萩原電気ＨＤ","名証",,"確報",0,0,0,0,0,0,0,0,0,0,0,0,0,0,,,0,0,0,0,0,0,0,0,0,0,0,0,0
"2026/02/09","2026/02/12","7485","岡谷鋼機","名証",,"確報",0,0,14100,0,0,0,14100,0,0,137475000,0,0,0,137475000,,,0,0,846000,0,0,0,1410,705,0,1410,0,0,0
"2026/02/09","2026/02/12","7488","ヤガミ","名証",,"確報",0,500,2400,0,0,0,2400,0,2810000,13488000,0,0,0,13488000,,,0,0,145000,0,0,0,13.6,9.9,21.5,13.6,0,0,0
"2026/02/09","2026/02/12","7514","ヒマラヤ","名証",,"確報",0,0,0,0,0,0,0,0,0,0,0,0,0,0,,,0,0,0,0,0,0,0,0,0,0,0,0,0
"2026/02/09","2026/02/12","7593","ＶＴホールディングス","名証",,"確報",0,0,0,0,0,0,0,0,0,0,0,0,0,0,,,0,0,0,0,0,0,0,0,0,0,0,0,0
"2026/02/09","2026/02/12","7607","進和","名証",,"確報",0,0,0,0,0,0,0,0,0,0,0,0,0,0,,,0,0,0,0,0,0,0,0,0,0,0,0,0
"2026/02/09","2026/02/12","7630","壱番屋","名証",,"確報",0,0,0,0,0,0,0,0,0,0,0,0,0,0,,,0,0,0,0,0,0,0,0,0,0,0,0,0
"2026/02/09","2026/02/12","7649","スギホールディングス","名証",,"確報",0,0,0,0,0,0,0,0,0,0,0,0,0,0,,,0,0,0,0,0,0,0,0,0,0,0,0,0
"2026/02/09","2026/02/12","7675","セントラルフォレスト","名証",,"確報",0,0,0,0,0,0,0,0,0,0,0,0,0,0,,,0,0,0,0,0,0,0,0,0,0,0,0,0
"2026/02/09","2026/02/12","7682","浜木綿","名証",,"確報",0,0,0,0,0,0,0,0,0,0,0,0,0,0,,,0,0,0,0,0,0,0,0,0,0,0,0,0
"2026/02/09","2026/02/12","7723","愛知時計電機","名証",,"確報",0,0,0,0,0,0,0,0,0,0,0,0,0,0,,,0,0,0,0,0,0,0,0,0,0,0,0,0
"2026/02/09","2026/02/12","7747","朝日インテック","名証",,"確報",0,0,0,0,0,0,0,0,0,0,0,0,0,0,,,0,0,0,0,0,0,0,0,0,0,0,0,0
"2026/02/09","2026/02/12","7751","キヤノン","名証",,"確報",0,0,0,0,0,0,0,0,0,0,0,0,0,0,,,0,0,0,0,0,0,0,0,0,0,0,0,0
"2026/02/09","2026/02/12","7780","メニコン","名証",,"確報",0,0,0,0,0,0,0,0,0,0,0,0,0,0,,,0,0,0,0,0,0,0,0,0,0,0,0,0
"2026/02/09","2026/02/12","7790","バルコス","名証",,"確報",0,0,1700,0,0,0,1700,0,0,1837700,0,0,0,1837700,,,0,0,78200,0,0,0,0,0,0,0,0,0,0
"2026/02/09","2026/02/12","7805","プリントネット","名証",,"確報",0,0,0,0,0,0,0,0,0,0,0,0,0,0,,,0,0,0,0,0,0,0,0,0,0,0,0,0
"2026/02/09","2026/02/12","7870","福島印刷","名証",,"確報",0,0,7500,0,0,0,7500,0,0,2865000,0,0,0,2865000,,,0,0,0,30000,0,0,0,0,0,0,0,0,0
"2026/02/09","2026/02/12","7871","フクビ化学工業","名証",,"確報",0,0,0,0,0,0,0,0,0,0,0,0,0,0,,,0,0,0,0,0,0,0,0,0,0,0,0,0
"2026/02/09","2026/02/12","7875","竹田ｉＰ","名証",,"確報",0,0,0,0,0,0,0,0,0,0,0,0,0,0,,,0,0,0,0,0,0,0,0,0,0,0,0,0
"2026/02/09","2026/02/12","7878","光・彩","名証",,"確報",0,0,0,0,0,0,0,0,0,0,0,0,0,0,,,0,0,0,0,0,0,0,0,0,0,0,0,0
"2026/02/09","2026/02/12","7896","セブン工業","名証",,"確報",0,0,0,0,0,0,0,0,0,0,0,0,0,0,,,0,0,0,0,0,0,0,0,0,0,0,0,0
"2026/02/09","2026/02/12","7928","旭化学工業","名証",,"確報",0,0,0,0,0,0,0,0,0,0,0,0,0,0,,,0,0,0,0,0,0,0,0,0,0,0,0,0
"2026/02/09","2026/02/12","7931","未来工業","名証",,"確報",0,0,0,0,0,0,0,0,0,0,0,0,0,0,,,0,0,0,0,0,0,0,0,0,0,0,0,0
"2026/02/09","2026/02/12","7943","ニチハ","名証",,"確報",0,0,0,0,0,0,0,0,0,0,0,0,0,0,,,0,0,0,0,0,0,0,0,0,0,0,0,0
"2026/02/09","2026/02/12","7946","光陽社","名証",,"確報",0,0,0,0,0,0,0,0,0,0,0,0,0,0,,,0,0,0,0,0,0,0,0,0,0,0,0,0
"2026/02/09","2026/02/12","7950","日本デコラックス","名証",,"確報",0,0,0,0,0,0,0,0,0,0,0,0,0,0,,,0,0,0,0,0,0,2,0,1,2,0,0,0
"2026/02/09","2026/02/12","7953","菊水化学工業","名証",,"確報",0,0,0,0,0,0,0,0,0,0,0,0,0,0,,,0,0,0,0,0,0,0,0,0,0,0,0,0
"2026/02/09","2026/02/12","7975","リヒトラブ","名証",,"確報",0,0,0,0,0,0,0,0,0,0,0,0,0,0,,,0,0,0,0,0,0,0,0,0,0,0,0,0
"2026/02/09","2026/02/12","8015","豊田通商","名証",,"確報",0,0,0,0,0,0,0,0,0,0,0,0,0,0,,,0,0,0,0,0,0,0,0,0,0,0,0,0
"2026/02/09","2026/02/12","8031","三井物産","名証",,"確報",0,0,0,0,0,0,0,0,0,0,0,0,0,0,,,0,0,0,0,0,0,0,0,0,0,0,0,0
"2026/02/09","2026/02/12","8071","東海エレクトロニクス","名証",,"確報",0,0,500,0,0,0,500,0,0,1537500,0,0,0,1537500,,,0,0,27500,0,0,0,0,0,0,0,0,0,0
"2026/02/09","2026/02/12","8076","カノークス","名証",,"確報",0,0,0,0,0,0,0,0,0,0,0,0,0,0,,,0,0,0,0,0,0,0,0,0,0,0,0,0
"2026/02/09","2026/02/12","8130","サンゲツ","名証",,"確報",0,0,0,0,0,0,0,0,0,0,0,0,0,0,,,0,0,0,0,0,0,0,0,0,0,0,0,0
"2026/02/09","2026/02/12","8145","中部水産","名証",,"確報",0,0,300,0,0,0,300,0,0,904500,0,0,0,904500,,,0,0,1500,0,0,0,36,0,18,36,0,0,0
"2026/02/09","2026/02/12","8160","木曽路","名証",,"確報",0,0,0,0,0,0,0,0,0,0,0,0,0,0,,,0,0,0,0,0,0,0,0,0,0,0,0,0
"2026/02/09","2026/02/12","8190","ヤマナカ","名証",,"確報",0,0,3500,0,0,0,3500,0,0,1869000,0,0,0,1869000,,,0,0,0,0,0,0,53.7,188,31.3,53.7,0,0,0
"2026/02/09","2026/02/12","8225","タカチホ","名証",,"確報",0,0,0,0,0,0,0,0,0,0,0,0,0,0,,,0,0,0,0,0,0,0,0,0,0,0,0,0
"2026/02/09","2026/02/12","8228","マルイチ産商","名証",,"確報",0,0,200,0,0,0,200,0,0,241400,0,0,0,241400,,,0,0,200,0,0,0,14,7,0,14,0,0,0
"2026/02/09","2026/02/12","8285","三谷産業","名証",,"確報",0,0,0,0,0,0,0,0,0,0,0,0,0,0,,,0,0,0,0,0,0,0,0,0,0,0,0,0
"2026/02/09","2026/02/12","8306","三菱ＵＦＪＦＧ","名証",,"確報",0,0,0,0,0,0,0,0,0,0,0,0,0,0,,,0,0,0,0,0,0,0,0,0,0,0,0,0
"2026/02/09","2026/02/12","8309","三井住友トラストＧ","名証",,"確報",0,0,0,0,0,0,0,0,0,0,0,0,0,0,,,0,0,0,0,0,0,0,0,0,0,0,0,0
"2026/02/09","2026/02/12","8316","三井住友ＦＧ","名証",,"確報",0,0,0,0,0,0,0,0,0,0,0,0,0,0,,,0,0,0,0,0,0,0,0,0,0,0,0,0
"2026/02/09","2026/02/12","8361","大垣共立銀行","名証",,"確報",0,0,0,0,0,0,0,0,0,0,0,0,0,0,,,0,0,0,0,0,0,0,0,0,0,0,0,0
"2026/02/09","2026/02/12","8368","百五銀行","名証",,"確報",0,0,0,0,0,0,0,0,0,0,0,0,0,0,,,0,0,0,0,0,0,0,0,0,0,0,0,0
"2026/02/09","2026/02/12","8522","名古屋銀行","名証",,"確報",0,0,0,0,0,0,0,0,0,0,0,0,0,0,,,0,0,0,0,0,0,0,0,0,0,0,0,0
"2026/02/09","2026/02/12","8601","大和証券グループ本社","名証",,"確報",0,0,0,0,0,0,0,0,0,0,0,0,0,0,,,0,0,0,0,0,0,0,0,0,0,0,0,0
"2026/02/09","2026/02/12","8604","野村ホールディングス","名証",,"確報",0,0,100,0,0,0,100,0,0,141200,0,0,0,141200,,,0,0,4200,0,0,0,0,0,0,0,0,0,0
"2026/02/09","2026/02/12","8609","岡三証券グループ","名証",,"確報",0,0,0,0,0,0,0,0,0,0,0,0,0,0,,,0,0,0,0,0,0,0,0,0,0,0,0,0
"2026/02/09","2026/02/12","8616","東海東京ＦＨＤ","名証",,"確報",0,0,0,0,0,0,0,0,0,0,0,0,0,0,,,0,0,0,0,0,0,0,0,0,0,0,0,0
"2026/02/09","2026/02/12","8725","ＭＳ＆ＡＤ","名証",,"確報",0,0,0,0,0,0,0,0,0,0,0,0,0,0,,,0,0,0,0,0,0,0,0,0,0,0,0,0
"2026/02/09","2026/02/12","8803","平和不動産","名証",,"確報",0,0,0,0,0,0,0,0,0,0,0,0,0,0,,,0,0,0,0,0,0,0,0,0,0,0,0,0
"2026/02/09","2026/02/12","8891","ＡＭＧＨＤ","名証",,"確報",0,0,0,0,0,0,0,0,0,0,0,0,0,0,,,0,0,0,0,0,0,0,0,0,0,0,0,0
"2026/02/09","2026/02/12","8904","ＡＶＡＮＴＩＡ","名証",,"確報",0,0,0,0,0,0,0,0,0,0,0,0,0,0,,,0,0,0,0,0,0,0,0,0,0,0,0,0
"2026/02/09","2026/02/12","8920","東祥","名証",,"確報",0,0,0,0,0,0,0,0,0,0,0,0,0,0,,,0,0,0,0,0,0,0,0,0,0,0,0,0
"2026/02/09","2026/02/12","8995","誠建設工業","名証",,"確報",0,0,0,0,0,0,0,0,0,0,0,0,0,0,,,0,0,0,0,0,0,0,0,0,0,0,0,0
"2026/02/09","2026/02/12","9022","東海旅客鉄道","名証",,"確報",0,0,0,0,0,0,0,0,0,0,0,0,0,0,,,0,0,0,0,0,0,0,0,0,0,0,0,0
"2026/02/09","2026/02/12","9040","大宝運輸","名証",,"確報",0,0,800,0,0,0,800,0,0,3268000,0,0,0,3268000,,,0,0,0,32000,0,0,80,0,40,80,0,0,0
"2026/02/09","2026/02/12","9048","名古屋鉄道","名証",,"確報",0,0,0,0,0,0,0,0,0,0,0,0,0,0,,,0,0,0,0,0,0,0,0,0,0,0,0,0
"2026/02/09","2026/02/12","9073","京極運輸商事","名証",,"確報",0,0,0,0,0,0,0,0,0,0,0,0,0,0,,,0,0,0,0,0,0,0,0,0,0,0,0,0
"2026/02/09","2026/02/12","9076","セイノーＨＤ","名証",,"確報",0,0,0,0,0,0,0,0,0,0,0,0,0,0,,,0,0,0,0,0,0,0,0,0,0,0,0,0
"2026/02/09","2026/02/12","9170","成友興業","名証",,"確報",0,0,0,0,0,0,0,0,0,0,0,0,0,0,,,0,0,0,0,0,0,0,0,0,0,0,0,0
"2026/02/09","2026/02/12","9221","フルハシＥＰＯ","名証",,"確報",0,0,0,0,0,0,0,0,0,0,0,0,0,0,,,0,0,0,0,0,0,0,0,0,0,0,0,0
"2026/02/09","2026/02/12","9223","ＡＳＮＯＶＡ","名証",,"確報",0,0,0,0,0,0,0,0,0,0,0,0,0,0,,,0,0,0,0,0,0,0,0,0,0,0,0,0
"2026/02/09","2026/02/12","9249","日本エコシステム","名証",,"確報",0,0,0,0,0,0,0,0,0,0,0,0,0,0,,,0,0,0,0,0,0,0,0,0,0,0,0,0
"2026/02/09","2026/02/12","9306","東陽倉庫","名証",,"確報",0,0,0,0,0,0,0,0,0,0,0,0,0,0,,,0,0,0,0,0,0,0,0,0,0,0,0,0
"2026/02/09","2026/02/12","9310","日本トランスシティ","名証",,"確報",0,0,0,0,0,0,0,0,0,0,0,0,0,0,,,0,0,0,0,0,0,0,0,0,0,0,0,0
"2026/02/09","2026/02/12","9330","揚羽","名証",,"確報",0,0,0,0,0,0,0,0,0,0,0,0,0,0,,,0,0,0,0,0,0,0,0,0,0,0,0,0
"2026/02/09","2026/02/12","9357","名港海運","名証",,"確報",100,0,900,0,0,0,900,213900,0,1925100,0,0,0,1925100,,,0,0,3200,0,0,0,82,41,0,82,0,0,0
"2026/02/09","2026/02/12","9359","伊勢湾海運","名証",,"確報",0,0,3400,0,0,0,3400,0,0,3230000,0,0,0,3230000,,,0,0,34000,0,0,0,0,0,0,0,0,0,0
"2026/02/09","2026/02/12","9368","キムラユニティー","名証",,"確報",0,0,0,0,0,0,0,0,0,0,0,0,0,0,,,0,0,0,0,0,0,0,0,0,0,0,0,0
"2026/02/09","2026/02/12","9402","中部日本放送","名証",,"確報",0,18000,40700,0,0,0,40700,0,19566000,44240900,0,0,0,44240900,,,0,0,1526200,0,0,0,13.1,12.4,14,13.1,0,0,0
"2026/02/09","2026/02/12","9428","クロップス","名証",,"確報",0,0,0,0,0,0,0,0,0,0,0,0,0,0,,,0,0,0,0,0,0,0,0,0,0,0,0,0
"2026/02/09","2026/02/12","9471","文溪堂","名証",,"確報",0,0,0,0,0,0,0,0,0,0,0,0,0,0,,,0,0,0,0,0,0,6,0,3,6,0,0,0
"2026/02/09","2026/02/12","9502","中部電力","名証",,"確報",0,0,0,0,0,0,0,0,0,0,0,0,0,0,,,0,0,0,0,0,0,0,0,0,0,0,0,0
"2026/02/09","2026/02/12","9531","東京瓦斯","名証",,"確報",0,0,0,0,0,0,0,0,0,0,0,0,0,0,,,0,0,0,0,0,0,0,0,0,0,0,0,0
"2026/02/09","2026/02/12","9533","東邦瓦斯","名証",,"確報",0,0,0,0,0,0,0,0,0,0,0,0,0,0,,,0,0,0,0,0,0,0,0,0,0,0,0,0
"2026/02/09","2026/02/12","9643","中日本興業","名証",,"確報",0,0,100,0,0,0,100,0,0,1118000,0,0,0,1118000,,,0,0,0,1000,0,0,0,0,0,0,0,0,0
"2026/02/09","2026/02/12","9664","御園座","名証",,"確報",0,200,800,0,0,0,800,0,345200,1380800,0,0,0,1380800,,,0,0,0,18000,0,0,8,8.8,7.3,8,0,0,0
"2026/02/09","2026/02/12","9793","ダイセキ","名証",,"確報",0,0,0,0,0,0,0,0,0,0,0,0,0,0,,,0,0,0,0,0,0,0,0,0,0,0,0,0
"2026/02/09","2026/02/12","9900","サガミＨＤ","名証",,"確報",0,0,0,0,0,0,0,0,0,0,0,0,0,0,,,0,0,0,0,0,0,0,0,0,0,0,0,0
"2026/02/09","2026/02/12","9913","日邦産業","名証",,"確報",0,0,0,0,0,0,0,0,0,0,0,0,0,0,,,0,0,0,0,0,0,0,0,0,0,0,0,0
"2026/02/09","2026/02/12","9914","植松商会","名証",,"確報",0,0,0,0,0,0,0,0,0,0,0,0,0,0,,,0,0,0,0,0,0,0,0,0,0,0,0,0
"2026/02/09","2026/02/12","9956","バローＨＤ","名証",,"確報",0,0,0,0,0,0,0,0,0,0,0,0,0,0,,,0,0,0,0,0,0,0,0,0,0,0,0,0
"2026/02/09","2026/02/12","9969","ショクブン","名証",,"確報",0,0,0,0,0,0,0,0,0,0,0,0,0,0,,,0,0,0,0,0,0,0,0,0,0,0,0,0
"2026/02/09","2026/02/12","9982","タキヒヨー","名証",,"確報",0,0,0,0,0,0,0,0,0,0,0,0,0,0,,,0,0,0,0,0,0,0,0,0,0,0,0,0
"2026/02/09","2026/02/12","9987","スズケン","名証",,"確報",0,0,0,0,0,0,0,0,0,0,0,0,0,0,,,0,0,0,0,0,0,0,0,0,0,0,0,0
"2026/02/09","2026/02/12","1319","ＮＦ日経３００","福証",,"確報",0,0,0,0,0,0,0,0,0,0,0,0,0,0,,,0,0,0,0,0,0,0,0,0,0,0,0,0
"2026/02/09","2026/02/12","1401","エムビーエス","福証",,"確報",0,0,0,0,0,0,0,0,0,0,0,0,0,0,,,0,0,0,0,0,0,0,0,0,0,0,0,0
"2026/02/09","2026/02/12","1419","タマホーム","福証",,"確報",0,0,0,0,0,0,0,0,0,0,0,0,0,0,,,0,0,0,0,0,0,0,0,0,0,0,0,0
"2026/02/09","2026/02/12","1431","Ｌｉｂ　Ｗｏｒｋ","福証",,"確報",0,0,0,0,0,0,0,0,0,0,0,0,0,0,,,0,0,0,0,0,0,0,0,0,0,0,0,0
"2026/02/09","2026/02/12","1518","三井松島ＨＤ","福証",,"確報",0,0,0,0,0,0,0,0,0,0,0,0,0,0,,,0,0,0,0,0,0,0,0,0,0,0,0,0
"2026/02/09","2026/02/12","1771","日本乾溜工業","福証",,"確報",0,0,500,0,0,0,500,0,0,470000,0,0,0,470000,,,0,0,3500,0,0,0,0,0,0,0,0,0,0
"2026/02/09","2026/02/12","1848","富士ピー・エス","福証",,"確報",0,0,0,0,0,0,0,0,0,0,0,0,0,0,,,0,0,0,0,0,0,0,0,0,0,0,0,0
"2026/02/09","2026/02/12","1959","クラフティア","福証",,"確報",0,0,0,0,0,0,0,0,0,0,0,0,0,0,,,0,0,0,0,0,0,0,0,0,0,0,0,0
"2026/02/09","2026/02/12","1966","高田工業所","福証",,"確報",0,0,0,0,0,0,0,0,0,0,0,0,0,0,,,0,0,0,0,0,0,0,0,0,0,0,0,0
"2026/02/09","2026/02/12","1999","サイタＨＤ","福証",,"確報",0,0,100,0,0,0,100,0,0,413500,0,0,0,413500,,,0,0,500,0,0,0,0,0,0,0,0,0,0
"2026/02/09","2026/02/12","2009","鳥越製粉","福証",,"確報",0,0,0,0,0,0,0,0,0,0,0,0,0,0,,,0,0,0,0,0,0,0,0,0,0,0,0,0
"2026/02/09","2026/02/12","2058","ヒガシマル","福証",,"確報",0,0,0,0,0,0,0,0,0,0,0,0,0,0,,,0,0,0,0,0,0,0,0,0,0,0,0,0
"2026/02/09","2026/02/12","231A","Ｃｒｏｓｓ　Ｅ","福証",,"確報",0,0,4100,0,0,0,4100,0,0,4756000,0,0,0,4756000,,,0,0,0,20500,0,0,102,204,68,102,0,0,0
"2026/02/09","2026/02/12","2327","日鉄ソリューションズ","福証",,"確報",0,0,0,0,0,0,0,0,0,0,0,0,0,0,,,0,0,0,0,0,0,0,0,0,0,0,0,0
"2026/02/09","2026/02/12","242A","リプライオリティ","福証",,"確報",0,0,2600,0,0,0,2600,0,0,3692000,0,0,0,3692000,,,0,0,117000,0,0,0,89.3,0,44.7,89.3,0,0,0
"2026/02/09","2026/02/12","272A","グリーンクロスＨＤ","福証",,"確報",0,0,0,0,0,0,0,0,0,0,0,0,0,0,,,0,0,0,0,0,0,0,0,0,0,0,0,0
"2026/02/09","2026/02/12","280A","ＴＭＨ","福証",,"確報",0,0,0,0,0,0,0,0,0,0,0,0,0,0,,,0,0,0,0,0,0,0,0,0,0,0,0,0
"2026/02/09","2026/02/12","2919","マルタイ","福証",,"確報",0,0,0,0,0,0,0,0,0,0,0,0,0,0,,,0,0,0,0,0,0,0,0,0,0,0,0,0
"2026/02/09","2026/02/12","2924","イフジ産業","福証",,"確報",0,0,0,0,0,0,0,0,0,0,0,0,0,0,,,0,0,0,0,0,0,0,0,0,0,0,0,0
"2026/02/09","2026/02/12","2974","大英産業","福証",,"確報",0,0,900,0,0,0,900,0,0,837000,0,0,0,837000,,,0,0,4500,0,0,0,0,0,0,0,0,0,0
"2026/02/09","2026/02/12","2986","ＬＡホールディングス","福証",,"確報",0,0,0,0,0,0,0,0,0,0,0,0,0,0,,,0,0,0,0,0,0,0,0,0,0,0,0,0
"2026/02/09","2026/02/12","3047","ＴＲＵＣＫ－ＯＮＥ","福証",,"確報",200,0,1900,0,0,0,1900,125000,0,1187500,0,0,0,1187500,,,0,0,66300,0,0,0,21.4,12.5,75,21.4,0,0,0
"2026/02/09","2026/02/12","3166","ＯＣＨＩＨＤ","福証",,"確報",0,0,0,0,0,0,0,0,0,0,0,0,0,0,,,0,0,0,0,0,0,0,0,0,0,0,0,0
"2026/02/09","2026/02/12","3246","コーセーアールイー","福証",,"確報",0,0,0,0,0,0,0,0,0,0,0,0,0,0,,,0,0,0,0,0,0,0,0,0,0,0,0,0
"2026/02/09","2026/02/12","3261","グランディーズ","福証",,"確報",0,0,0,0,0,0,0,0,0,0,0,0,0,0,,,0,0,0,0,0,0,0,0,0,0,0,0,0
"2026/02/09","2026/02/12","3280","エストラスト","福証",,"確報",0,0,0,0,0,0,0,0,0,0,0,0,0,0,,,0,0,0,0,0,0,0,0,0,0,0,0,0
"2026/02/09","2026/02/12","3286","トラストホールディン","福証",,"確報",0,0,0,0,0,0,0,0,0,0,0,0,0,0,,,0,0,0,0,0,0,0,0,0,0,0,0,0
"2026/02/09","2026/02/12","3297","東武住販","福証",,"確報",0,0,0,0,0,0,0,0,0,0,0,0,0,0,,,0,0,0,0,0,0,0,0,0,0,0,0,0
"2026/02/09","2026/02/12","3359","ｃｏｔｔａ","福証",,"確報",0,0,0,0,0,0,0,0,0,0,0,0,0,0,,,0,0,0,0,0,0,0,0,0,0,0,0,0
"2026/02/09","2026/02/12","3440","日創グループ","福証",,"確報",0,0,0,0,0,0,0,0,0,0,0,0,0,0,,,0,0,0,0,0,0,0,0,0,0,0,0,0
"2026/02/09","2026/02/12","3475","グッドコムアセット","福証",,"確報",0,0,0,0,0,0,0,0,0,0,0,0,0,0,,,0,0,0,0,0,0,0,0,0,0,0,0,0
"2026/02/09","2026/02/12","3494","マリオン","福証",,"確報",0,0,0,0,0,0,0,0,0,0,0,0,0,0,,,0,0,0,0,0,0,0,0,0,0,0,0,0
"2026/02/09","2026/02/12","3824","メディアファイブ","福証",,"確報",0,0,200,0,0,0,200,0,0,127000,0,0,0,127000,,,0,0,0,3600,0,0,0,0,0,0,0,0,0
"2026/02/09","2026/02/12","3943","大石産業","福証",,"確報",0,0,0,0,0,0,0,0,0,0,0,0,0,0,,,0,0,0,0,0,0,0,0,0,0,0,0,0
"2026/02/09","2026/02/12","4018","ジオロケ","福証",,"確報",0,0,200,0,0,0,200,0,0,218600,0,0,0,218600,,,0,0,600,0,0,0,6,3,0,6,0,0,0
"2026/02/09","2026/02/12","4250","フロンティア","福証",,"確報",0,0,0,0,0,0,0,0,0,0,0,0,0,0,,,0,0,0,0,0,0,0,0,0,0,0,0,0
"2026/02/09","2026/02/12","4392","ＦＩＧ","福証",,"確報",0,0,0,0,0,0,0,0,0,0,0,0,0,0,,,0,0,0,0,0,0,0,0,0,0,0,0,0
"2026/02/09","2026/02/12","4447","ピー・ビーシステムズ","福証",,"確報",0,0,0,0,0,0,0,0,0,0,0,0,0,0,,,0,0,0,0,0,0,0,0,0,0,0,0,0
"2026/02/09","2026/02/12","4502","武田薬品工業","福証",,"確報",0,0,0,0,0,0,0,0,0,0,0,0,0,0,,,0,0,0,0,0,0,0,0,0,0,0,0,0
"2026/02/09","2026/02/12","4530","久光製薬","福証",,"確報",0,0,0,0,0,0,0,0,0,0,0,0,0,0,,,0,0,0,0,0,0,0,0,0,0,0,0,0
"2026/02/09","2026/02/12","4651","サニックスＨＤ","福証",,"確報",0,0,0,0,0,0,0,0,0,0,0,0,0,0,,,0,0,0,0,0,0,0,0,0,0,0,0,0
"2026/02/09","2026/02/12","4827","ビジネス・ワンＨＤ","福証",,"確報",0,0,1700,0,0,0,1700,0,0,1555500,0,0,0,1555500,,,0,0,27200,0,0,0,0,0,0,0,0,0,0
"2026/02/09","2026/02/12","4892","サイフューズ","福証",,"確報",0,0,0,0,0,0,0,0,0,0,0,0,0,0,,,0,0,0,0,0,0,0,0,0,0,0,0,0
"2026/02/09","2026/02/12","4995","サンケイ化学","福証",,"確報",0,200,4300,0,0,0,4300,0,340000,7310000,0,0,0,7310000,,,0,0,45000,0,0,0,112,0,56,112,0,0,0
"2026/02/09","2026/02/12","5108","ブリヂストン","福証",,"確報",0,0,0,0,0,0,0,0,0,0,0,0,0,0,,,0,0,0,0,0,0,0,0,0,0,0,0,0
"2026/02/09","2026/02/12","5233","太平洋セメント","福証",,"確報",0,0,0,0,0,0,0,0,0,0,0,0,0,0,,,0,0,0,0,0,0,0,0,0,0,0,0,0
"2026/02/09","2026/02/12","5256","Ｆｕｓｉｃ","福証",,"確報",0,0,0,0,0,0,0,0,0,0,0,0,0,0,,,0,0,0,0,0,0,0,0,0,0,0,0,0
"2026/02/09","2026/02/12","5332","ＴＯＴＯ","福証",,"確報",0,0,0,0,0,0,0,0,0,0,0,0,0,0,,,0,0,0,0,0,0,0,0,0,0,0,0,0
"2026/02/09","2026/02/12","5352","黒崎播磨","福証",,"確報",0,0,0,0,0,0,0,0,0,0,0,0,0,0,,,0,0,0,0,0,0,0,0,0,0,0,0,0
"2026/02/09","2026/02/12","5401","日本製鉄","福証",,"確報",0,0,0,0,0,0,0,0,0,0,0,0,0,0,,,0,0,0,0,0,0,0,0,0,0,0,0,0
"2026/02/09","2026/02/12","5449","大阪製鐵","福証",,"確報",0,0,0,0,0,0,0,0,0,0,0,0,0,0,,,0,0,0,0,0,0,0,0,0,0,0,0,0
"2026/02/09","2026/02/12","5802","住友電気工業","福証",,"確報",0,0,0,0,0,0,0,0,0,0,0,0,0,0,,,0,0,0,0,0,0,0,0,0,0,0,0,0
"2026/02/09","2026/02/12","5953","昭和鉄工","福証",,"確報",0,0,3600,0,0,0,3600,0,0,20520000,0,0,0,20520000,,,0,0,0,0,0,0,182,182,182,182,0,0,0
"2026/02/09","2026/02/12","6076","アメイズ","福証",,"確報",0,100,16600,0,0,0,16600,0,125400,20816400,0,0,0,20816400,,,0,0,233800,0,0,0,834,834,834,834,0,0,0
"2026/02/09","2026/02/12","6144","西部電機","福証",,"確報",0,0,0,0,0,0,0,0,0,0,0,0,0,0,,,0,0,0,0,0,0,0,0,0,0,0,0,0
"2026/02/09","2026/02/12","6147","ヤマザキ","福証",,"確報",0,0,0,0,0,0,0,0,0,0,0,0,0,0,,,0,0,0,0,0,0,0,0,0,0,0,0,0
"2026/02/09","2026/02/12","6195","ホープ","福証",,"確報",0,0,0,0,0,0,0,0,0,0,0,0,0,0,,,0,0,0,0,0,0,0,0,0,0,0,0,0
"2026/02/09","2026/02/12","6504","富士電機","福証",,"確報",0,0,0,0,0,0,0,0,0,0,0,0,0,0,,,0,0,0,0,0,0,0,0,0,0,0,0,0
"2026/02/09","2026/02/12","6506","安川電機","福証",,"確報",0,0,0,0,0,0,0,0,0,0,0,0,0,0,,,0,0,0,0,0,0,0,0,0,0,0,0,0
"2026/02/09","2026/02/12","6537","ＷＡＳＨハウス","福証",,"確報",0,0,0,0,0,0,0,0,0,0,0,0,0,0,,,0,0,0,0,0,0,0,0,0,0,0,0,0
"2026/02/09","2026/02/12","6622","ダイヘン","福証",,"確報",0,0,0,0,0,0,0,0,0,0,0,0,0,0,,,0,0,0,0,0,0,0,0,0,0,0,0,0
"2026/02/09","2026/02/12","6653","正興電機製作所","福証",,"確報",0,0,0,0,0,0,0,0,0,0,0,0,0,0,,,0,0,0,0,0,0,0,0,0,0,0,0,0
"2026/02/09","2026/02/12","6966","三井ハイテック","福証",,"確報",0,0,0,0,0,0,0,0,0,0,0,0,0,0,,,0,0,0,0,0,0,0,0,0,0,0,0,0
"2026/02/09","2026/02/12","6982","リード","福証",,"確報",0,0,0,0,0,0,0,0,0,0,0,0,0,0,,,0,0,0,0,0,0,0,0,0,0,0,0,0
"2026/02/09","2026/02/12","6998","日本タングステン","福証",,"確報",0,0,0,0,0,0,0,0,0,0,0,0,0,0,,,0,0,0,0,0,0,0,0,0,0,0,0,0
"2026/02/09","2026/02/12","7011","三菱重工業","福証",,"確報",0,0,0,0,0,0,0,0,0,0,0,0,0,0,,,0,0,0,0,0,0,0,0,0,0,0,0,0
"2026/02/09","2026/02/12","7037","テノ．","福証",,"確報",0,0,0,0,0,0,0,0,0,0,0,0,0,0,,,0,0,0,0,0,0,0,0,0,0,0,0,0
"2026/02/09","2026/02/12","7042","アクセスグループ","福証",,"確報",0,0,0,0,0,0,0,0,0,0,0,0,0,0,,,0,0,0,0,0,0,0,0,0,0,0,0,0
"2026/02/09","2026/02/12","7047","ポート","福証",,"確報",0,0,0,0,0,0,0,0,0,0,0,0,0,0,,,0,0,0,0,0,0,0,0,0,0,0,0,0
"2026/02/09","2026/02/12","7130","ヤマエグループＨＤ","福証",,"確報",0,0,0,0,0,0,0,0,0,0,0,0,0,0,,,0,0,0,0,0,0,0,0,0,0,0,0,0
"2026/02/09","2026/02/12","7180","九州ＦＧ","福証",,"確報",0,0,0,0,0,0,0,0,0,0,0,0,0,0,,,0,0,0,0,0,0,0,0,0,0,0,0,0
"2026/02/09","2026/02/12","7189","西日本ＦＨＤ","福証",,"確報",0,0,0,0,0,0,0,0,0,0,0,0,0,0,,,0,0,0,0,0,0,0,0,0,0,0,0,0
"2026/02/09","2026/02/12","7350","おきなわＦＧ","福証",,"確報",0,0,0,0,0,0,0,0,0,0,0,0,0,0,,,0,0,0,0,0,0,0,0,0,0,0,0,0
"2026/02/09","2026/02/12","7414","小野建","福証",,"確報",0,0,0,0,0,0,0,0,0,0,0,0,0,0,,,0,0,0,0,0,0,0,0,0,0,0,0,0
"2026/02/09","2026/02/12","7417","南陽","福証",,"確報",0,0,0,0,0,0,0,0,0,0,0,0,0,0,,,0,0,0,0,0,0,0,0,0,0,0,0,0
"2026/02/09","2026/02/12","7441","Ｍｉｓｕｍｉ","福証",,"確報",0,0,0,0,0,0,0,0,0,0,0,0,0,0,,,0,0,0,0,0,0,0,0,0,0,0,0,0
"2026/02/09","2026/02/12","7525","リックス","福証",,"確報",0,0,0,0,0,0,0,0,0,0,0,0,0,0,,,0,0,0,0,0,0,0,0,0,0,0,0,0
"2026/02/09","2026/02/12","7751","キヤノン","福証",,"確報",0,0,0,0,0,0,0,0,0,0,0,0,0,0,,,0,0,0,0,0,0,0,0,0,0,0,0,0
"2026/02/09","2026/02/12","7813","プラッツ","福証",,"確報",0,0,0,0,0,0,0,0,0,0,0,0,0,0,,,0,0,0,0,0,0,0,0,0,0,0,0,0
"2026/02/09","2026/02/12","7851","カワセコンピュ","福証",,"確報",0,0,0,0,0,0,0,0,0,0,0,0,0,0,,,0,0,0,0,0,0,0,0,0,0,0,0,0
"2026/02/09","2026/02/12","7894","丸東産業","福証",,"確報",0,0,0,0,0,0,0,0,0,0,0,0,0,0,,,0,0,0,0,0,0,0,0,0,0,0,0,0
"2026/02/09","2026/02/12","7957","フジコピアン","福証",,"確報",0,0,0,0,0,0,0,0,0,0,0,0,0,0,,,0,0,0,0,0,0,0,0,0,0,0,0,0
"2026/02/09","2026/02/12","7985","ネポン","福証",,"確報",0,0,0,0,0,0,0,0,0,0,0,0,0,0,,,0,0,0,0,0,0,0,0,0,0,0,0,0
"2026/02/09","2026/02/12","8031","三井物産","福証",,"確報",0,0,0,0,0,0,0,0,0,0,0,0,0,0,,,0,0,0,0,0,0,0,0,0,0,0,0,0
"2026/02/09","2026/02/12","8179","ロイヤルＨＤ","福証",,"確報",0,0,0,0,0,0,0,0,0,0,0,0,0,0,,,0,0,0,0,0,0,0,0,0,0,0,0,0
"2026/02/09","2026/02/12","8200","リンガーハット","福証",,"確報",0,0,0,0,0,0,0,0,0,0,0,0,0,0,,,0,0,0,0,0,0,0,0,0,0,0,0,0
"2026/02/09","2026/02/12","8203","ＭｒＭａｘＨＤ","福証",,"確報",0,0,0,0,0,0,0,0,0,0,0,0,0,0,,,0,0,0,0,0,0,0,0,0,0,0,0,0
"2026/02/09","2026/02/12","8230","はせがわ","福証",,"確報",0,0,0,0,0,0,0,0,0,0,0,0,0,0,,,0,0,0,0,0,0,0,0,0,0,0,0,0
"2026/02/09","2026/02/12","8260","井筒屋","福証",,"確報",0,0,0,0,0,0,0,0,0,0,0,0,0,0,,,0,0,0,0,0,0,0,0,0,0,0,0,0
"2026/02/09","2026/02/12","8354","ふくおかＦＧ","福証",,"確報",0,0,0,0,0,0,0,0,0,0,0,0,0,0,,,0,0,0,0,0,0,0,0,0,0,0,0,0
"2026/02/09","2026/02/12","8392","大分銀行","福証",,"確報",0,0,0,0,0,0,0,0,0,0,0,0,0,0,,,0,0,0,0,0,0,0,0,0,0,0,0,0
"2026/02/09","2026/02/12","8393","宮崎銀行","福証",,"確報",0,0,0,0,0,0,0,0,0,0,0,0,0,0,,,0,0,0,0,0,0,0,0,0,0,0,0,0
"2026/02/09","2026/02/12","8395","佐賀銀行","福証",,"確報",0,0,0,0,0,0,0,0,0,0,0,0,0,0,,,0,0,0,0,0,0,0,0,0,0,0,0,0
"2026/02/09","2026/02/12","8398","筑邦銀行","福証",,"確報",0,100,600,0,0,0,600,0,192800,1156800,0,0,0,1156800,,,0,0,42000,0,0,0,31,31,31,31,0,0,0
"2026/02/09","2026/02/12","8399","琉球銀行","福証",,"確報",0,0,0,0,0,0,0,0,0,0,0,0,0,0,,,0,0,0,0,0,0,0,0,0,0,0,0,0
"2026/02/09","2026/02/12","8554","南日本銀行","福証",,"確報",1000,1100,11000,0,0,0,11000,1305000,1435500,14355000,0,0,0,14355000,,,0,0,144300,0,0,0,20.1,38.1,13.6,20.1,0,0,0
"2026/02/09","2026/02/12","8559","豊和銀行","福証",,"確報",400,0,400,0,0,0,400,216000,0,216000,0,0,0,216000,,,0,0,0,0,0,0,2,1,0,2,0,0,0
"2026/02/09","2026/02/12","8560","宮崎太陽銀行","福証",,"確報",0,0,0,0,0,0,0,0,0,0,0,0,0,0,,,0,0,0,0,0,0,0,0,0,0,0,0,0
"2026/02/09","2026/02/12","8596","九州リースサービス","福証",,"確報",0,0,0,0,0,0,0,0,0,0,0,0,0,0,,,0,0,0,0,0,0,0,0,0,0,0,0,0
"2026/02/09","2026/02/12","8798","アドバンスクリエイト","福証",,"確報",0,0,0,0,0,0,0,0,0,0,0,0,0,0,,,0,0,0,0,0,0,0,0,0,0,0,0,0
"2026/02/09","2026/02/12","8803","平和不動産","福証",,"確報",0,0,0,0,0,0,0,0,0,0,0,0,0,0,,,0,0,0,0,0,0,0,0,0,0,0,0,0
"2026/02/09","2026/02/12","8968","Ｒ－福岡","福証",,"確報",0,0,0,0,0,0,0,0,0,0,0,0,0,0,,,0,0,0,0,0,0,0,0,0,0,0,0,0
"2026/02/09","2026/02/12","8996","ハウスフリーダム","福証",,"確報",0,0,0,0,0,0,0,0,0,0,0,0,0,0,,,0,0,0,0,0,0,0,0,0,0,0,0,0
"2026/02/09","2026/02/12","9031","西日本鉄道","福証",,"確報",0,0,0,0,0,0,0,0,0,0,0,0,0,0,,,0,0,0,0,0,0,0,0,0,0,0,0,0
"2026/02/09","2026/02/12","9035","第一交通産業","福証",,"確報",0,0,2700,0,0,0,2700,0,0,2022300,0,0,0,2022300,,,0,0,5400,0,0,0,135,67.5,0,135,0,0,0
"2026/02/09","2026/02/12","9065","山九","福証",,"確報",0,0,0,0,0,0,0,0,0,0,0,0,0,0,,,0,0,0,0,0,0,0,0,0,0,0,0,0
"2026/02/09","2026/02/12","9142","九州旅客鉄道","福証",,"確報",0,0,0,0,0,0,0,0,0,0,0,0,0,0,,,0,0,0,0,0,0,0,0,0,0,0,0,0
"2026/02/09","2026/02/12","9242","メディア総研","福証",,"確報",0,0,0,0,0,0,0,0,0,0,0,0,0,0,,,0,0,0,0,0,0,0,0,0,0,0,0,0
"2026/02/09","2026/02/12","9407","ＲＫＢ毎日ＨＤ","福証",,"確報",0,0,400,0,0,0,400,0,0,2216000,0,0,0,2216000,,,0,0,0,16000,0,0,0,0,0,0,0,0,0
"2026/02/09","2026/02/12","9474","ゼンリン","福証",,"確報",0,0,0,0,0,0,0,0,0,0,0,0,0,0,,,0,0,0,0,0,0,0,0,0,0,0,0,0
"2026/02/09","2026/02/12","9508","九州電力","福証",,"確報",0,0,0,0,0,0,0,0,0,0,0,0,0,0,,,0,0,0,0,0,0,0,0,0,0,0,0,0
"2026/02/09","2026/02/12","9511","沖縄電力","福証",,"確報",0,0,0,0,0,0,0,0,0,0,0,0,0,0,,,0,0,0,0,0,0,0,0,0,0,0,0,0
"2026/02/09","2026/02/12","9536","西部ガスＨＤ","福証",,"確報",0,0,0,0,0,0,0,0,0,0,0,0,0,0,,,0,0,0,0,0,0,0,0,0,0,0,0,0
"2026/02/09","2026/02/12","9601","松竹","福証",,"確報",0,0,0,0,0,0,0,0,0,0,0,0,0,0,,,0,0,0,0,0,0,0,0,0,0,0,0,0
"2026/02/09","2026/02/12","9602","東宝","福証",,"確報",0,0,0,0,0,0,0,0,0,0,0,0,0,0,,,0,0,0,0,0,0,0,0,0,0,0,0,0
"2026/02/09","2026/02/12","9635","武蔵野興業","福証",,"確報",0,0,0,0,0,0,0,0,0,0,0,0,0,0,,,0,0,0,0,0,0,0,0,0,0,0,0,0
"2026/02/09","2026/02/12","9656","グリーンランドリゾー","福証",,"確報",0,0,0,0,0,0,0,0,0,0,0,0,0,0,,,0,0,0,0,0,0,0,0,0,0,0,0,0
"2026/02/09","2026/02/12","9942","ジョイフル","福証",,"確報",200,0,2100,0,0,0,2100,244600,0,2568300,0,0,0,2568300,,,0,0,5700,0,0,0,38,23.8,95,38,0,0,0
"2026/02/09","2026/02/12","1319","ＮＦ日経３００","札証",,"確報",0,0,0,0,0,0,0,0,0,0,0,0,0,0,,,0,0,0,0,0,0,0,0,0,0,0,0,0
"2026/02/09","2026/02/12","1449","ＦＵＪＩジャパン","札証",,"確報",0,0,100,0,0,0,100,0,0,25700,0,0,0,25700,,,0,0,0,0,0,0,7,0,3.5,7,0,0,0
"2026/02/09","2026/02/12","1832","北海電工","札証",,"確報",0,100,3300,0,0,0,3300,0,120000,3960000,0,0,0,3960000,,,0,0,0,0,0,0,5.2,134,2.6,5.2,0,0,0
"2026/02/09","2026/02/12","1840","土屋ホールディングス","札証",,"確報",0,0,0,0,0,0,0,0,0,0,0,0,0,0,,,0,0,0,0,0,0,0,0,0,0,0,0,0
"2026/02/09","2026/02/12","1885","東亜建設工業","札証",,"確報",0,0,0,0,0,0,0,0,0,0,0,0,0,0,,,0,0,0,0,0,0,0,0,0,0,0,0,0
"2026/02/09","2026/02/12","1921","巴コーポレーション","札証",,"確報",0,0,0,0,0,0,0,0,0,0,0,0,0,0,,,0,0,0,0,0,0,0,0,0,0,0,0,0
"2026/02/09","2026/02/12","2137","光ハイツ・ヴェラス","札証",,"確報",0,0,200,0,0,0,200,0,0,138600,0,0,0,138600,,,0,0,0,0,0,0,0,0,0,0,0,0,0
"2026/02/09","2026/02/12","2172","インサイト","札証",,"確報",0,0,300,0,0,0,300,0,0,129000,0,0,0,129000,,,0,0,1200,0,0,0,10,5,0,10,0,0,0
"2026/02/09","2026/02/12","2218","日糧製パン","札証",,"確報",0,0,0,0,0,0,0,0,0,0,0,0,0,0,,,0,0,0,0,0,0,0,0,0,0,0,0,0
"2026/02/09","2026/02/12","2270","雪印メグミルク","札証",,"確報",0,0,0,0,0,0,0,0,0,0,0,0,0,0,,,0,0,0,0,0,0,0,0,0,0,0,0,0
"2026/02/09","2026/02/12","2428","ウェルネット","札証",,"確報",0,0,0,0,0,0,0,0,0,0,0,0,0,0,,,0,0,0,0,0,0,0,0,0,0,0,0,0
"2026/02/09","2026/02/12","2501","サッポロＨＤ","札証",,"確報",0,0,0,0,0,0,0,0,0,0,0,0,0,0,,,0,0,0,0,0,0,0,0,0,0,0,0,0
"2026/02/09","2026/02/12","2573","北海道コカ・コーラ","札証",,"確報",0,0,0,0,0,0,0,0,0,0,0,0,0,0,,,0,0,0,0,0,0,0,0,0,0,0,0,0
"2026/02/09","2026/02/12","2747","北雄ラッキー","札証",,"確報",0,0,0,0,0,0,0,0,0,0,0,0,0,0,,,0,0,0,0,0,0,0,0,0,0,0,0,0
"2026/02/09","2026/02/12","2813","和弘食品","札証",,"確報",0,0,0,0,0,0,0,0,0,0,0,0,0,0,,,0,0,0,0,0,0,0,0,0,0,0,0,0
"2026/02/09","2026/02/12","2928","ＲＩＺＡＰグループ","札証",,"確報",3600,0,209900,0,0,0,209900,738000,0,43029500,0,0,0,43029500,,,0,0,0,0,0,0,124.7,184.8,94.1,124.7,0,0,0
"2026/02/09","2026/02/12","2930","北の達人コーポ","札証",,"確報",0,0,0,0,0,0,0,0,0,0,0,0,0,0,,,0,0,0,0,0,0,0,0,0,0,0,0,0
"2026/02/09","2026/02/12","2976","日本グランデ","札証",,"確報",0,0,0,0,0,0,0,0,0,0,0,0,0,0,,,0,0,0,0,0,0,3.3,5,2.5,3.3,0,0,0
"2026/02/09","2026/02/12","2986","ＬＡホールディングス","札証",,"確報",0,0,0,0,0,0,0,0,0,0,0,0,0,0,,,0,0,0,0,0,0,0,0,0,0,0,0,0
"2026/02/09","2026/02/12","3055","ほくやく・竹山ＨＤ","札証",,"確報",100,0,1900,0,0,0,1900,90000,0,1710000,0,0,0,1710000,,,0,0,0,9000,0,0,18.8,10.7,75,18.8,0,0,0
"2026/02/09","2026/02/12","3544","サツドラＨＤ","札証",,"確報",0,0,0,0,0,0,0,0,0,0,0,0,0,0,,,0,0,0,0,0,0,0,0,0,0,0,0,0
"2026/02/09","2026/02/12","3802","エコミック","札証",,"確報",0,0,0,0,0,0,0,0,0,0,0,0,0,0,,,0,0,0,0,0,0,0,0,0,0,0,0,0
"2026/02/09","2026/02/12","3849","日本テクノ・ラボ","札証",,"確報",0,0,600,0,0,0,600,0,0,331200,0,0,0,331200,,,0,0,0,1200,0,0,28,14,0,28,0,0,0
"2026/02/09","2026/02/12","3946","トーモク","札証",,"確報",0,0,0,0,0,0,0,0,0,0,0,0,0,0,,,0,0,0,0,0,0,0,0,0,0,0,0,0
"2026/02/09","2026/02/12","3977","フュージョン","札証",,"確報",0,0,200,0,0,0,200,0,0,116000,0,0,0,116000,,,0,0,800,0,0,0,10,0,5,10,0,0,0
"2026/02/09","2026/02/12","3987","エコモット","札証",,"確報",0,0,0,0,0,0,0,0,0,0,0,0,0,0,,,0,0,0,0,0,0,0,0,0,0,0,0,0
"2026/02/09","2026/02/12","4088","エア・ウォーター","札証",,"確報",0,0,0,0,0,0,0,0,0,0,0,0,0,0,,,0,0,0,0,0,0,0,0,0,0,0,0,0
"2026/02/09","2026/02/12","4320","ＣＥホールディングス","札証",,"確報",0,0,0,0,0,0,0,0,0,0,0,0,0,0,,,0,0,0,0,0,0,0,0,0,0,0,0,0
"2026/02/09","2026/02/12","4502","武田薬品工業","札証",,"確報",0,0,0,0,0,0,0,0,0,0,0,0,0,0,,,0,0,0,0,0,0,0,0,0,0,0,0,0
"2026/02/09","2026/02/12","4766","ピーエイ","札証",,"確報",0,0,0,0,0,0,0,0,0,0,0,0,0,0,,,0,0,0,0,0,0,0,0,0,0,0,0,0
"2026/02/09","2026/02/12","4834","キャリアバンク","札証",,"確報",0,0,1000,0,0,0,1000,0,0,1198000,0,0,0,1198000,,,0,0,0,0,0,0,0,0,0,0,0,0,0
"2026/02/09","2026/02/12","5039","キットアライブ","札証",,"確報",0,0,400,0,0,0,400,0,0,588000,0,0,0,588000,,,0,0,0,8800,0,0,0,0,0,0,0,0,0
"2026/02/09","2026/02/12","5351","品川リフラ","札証",,"確報",0,0,0,0,0,0,0,0,0,0,0,0,0,0,,,0,0,0,0,0,0,0,0,0,0,0,0,0
"2026/02/09","2026/02/12","5380","新東","札証",,"確報",0,0,0,0,0,0,0,0,0,0,0,0,0,0,,,0,0,0,0,0,0,0,0,0,0,0,0,0
"2026/02/09","2026/02/12","5401","日本製鉄","札証",,"確報",0,0,0,0,0,0,0,0,0,0,0,0,0,0,,,0,0,0,0,0,0,0,0,0,0,0,0,0
"2026/02/09","2026/02/12","5902","ホッカンＨＤ","札証",,"確報",0,0,0,0,0,0,0,0,0,0,0,0,0,0,,,0,0,0,0,0,0,0,0,0,0,0,0,0
"2026/02/09","2026/02/12","6147","ヤマザキ","札証",,"確報",0,0,0,0,0,0,0,0,0,0,0,0,0,0,,,0,0,0,0,0,0,0,0,0,0,0,0,0
"2026/02/09","2026/02/12","6546","フルテック","札証",,"確報",0,0,0,0,0,0,0,0,0,0,0,0,0,0,,,0,0,0,0,0,0,0,0,0,0,0,0,0
"2026/02/09","2026/02/12","7011","三菱重工業","札証",,"確報",0,0,0,0,0,0,0,0,0,0,0,0,0,0,,,0,0,0,0,0,0,0,0,0,0,0,0,0
"2026/02/09","2026/02/12","7512","イオン北海道","札証",,"確報",0,0,0,0,0,0,0,0,0,0,0,0,0,0,,,0,0,0,0,0,0,0,0,0,0,0,0,0
"2026/02/09","2026/02/12","7531","清和中央ＨＤ","札証",,"確報",0,0,0,0,0,0,0,0,0,0,0,0,0,0,,,0,0,0,0,0,0,0,0,0,0,0,0,0
"2026/02/09","2026/02/12","7643","ダイイチ","札証",,"確報",0,0,0,0,0,0,0,0,0,0,0,0,0,0,,,0,0,0,0,0,0,0,0,0,0,0,0,0
"2026/02/09","2026/02/12","7751","キヤノン","札証",,"確報",0,0,0,0,0,0,0,0,0,0,0,0,0,0,,,0,0,0,0,0,0,0,0,0,0,0,0,0
"2026/02/09","2026/02/12","8031","三井物産","札証",,"確報",0,0,0,0,0,0,0,0,0,0,0,0,0,0,,,0,0,0,0,0,0,0,0,0,0,0,0,0
"2026/02/09","2026/02/12","8085","ナラサキ産業","札証",,"確報",0,0,0,0,0,0,0,0,0,0,0,0,0,0,,,0,0,0,0,0,0,0,0,0,0,0,0,0
"2026/02/09","2026/02/12","8104","クワザワＨＤ","札証",,"確報",0,0,0,0,0,0,0,0,0,0,0,0,0,0,,,0,0,0,0,0,0,0,0,0,0,0,0,0
"2026/02/09","2026/02/12","8341","七十七銀行","札証",,"確報",0,0,0,0,0,0,0,0,0,0,0,0,0,0,,,0,0,0,0,0,0,0,0,0,0,0,0,0
"2026/02/09","2026/02/12","8377","ほくほくＦＧ","札証",,"確報",0,0,0,0,0,0,0,0,0,0,0,0,0,0,,,0,0,0,0,0,0,0,0,0,0,0,0,0
"2026/02/09","2026/02/12","8524","北洋銀行","札証",,"確報",0,0,0,0,0,0,0,0,0,0,0,0,0,0,,,0,0,0,0,0,0,0,0,0,0,0,0,0
"2026/02/09","2026/02/12","8594","中道リース","札証",,"確報",0,0,0,0,0,0,0,0,0,0,0,0,0,0,,,0,0,0,0,0,0,0,0,0,0,0,0,0
"2026/02/09","2026/02/12","8798","アドバンスクリエイト","札証",,"確報",0,0,0,0,0,0,0,0,0,0,0,0,0,0,,,0,0,0,0,0,0,0,0,0,0,0,0,0
"2026/02/09","2026/02/12","8803","平和不動産","札証",,"確報",0,0,0,0,0,0,0,0,0,0,0,0,0,0,,,0,0,0,0,0,0,0,0,0,0,0,0,0
"2026/02/09","2026/02/12","9027","ロジネット　ジャパン","札証",,"確報",0,0,200,0,0,0,200,0,0,803000,0,0,0,803000,,,0,0,13000,0,0,0,0,0,0,0,0,0,0
"2026/02/09","2026/02/12","9085","北海道中央バス","札証",,"確報",0,0,400,0,0,0,400,0,0,2520000,0,0,0,2520000,,,0,0,56000,0,0,0,0,0,0,0,0,0,0
"2026/02/09","2026/02/12","9450","ファイバーゲート","札証",,"確報",0,0,0,0,0,0,0,0,0,0,0,0,0,0,,,0,0,0,0,0,0,0,0,0,0,0,0,0
"2026/02/09","2026/02/12","9509","北海道電力","札証",,"確報",0,0,0,0,0,0,0,0,0,0,0,0,0,0,,,0,0,0,0,0,0,0,0,0,0,0,0,0
"2026/02/09","2026/02/12","9534","北海道瓦斯","札証",,"確報",0,0,0,0,0,0,0,0,0,0,0,0,0,0,,,0,0,0,0,0,0,0,0,0,0,0,0,0
"2026/02/09","2026/02/12","9601","松竹","札証",,"確報",0,0,0,0,0,0,0,0,0,0,0,0,0,0,,,0,0,0,0,0,0,0,0,0,0,0,0,0
"2026/02/09","2026/02/12","9627","アインＨＤ","札証",,"確報",0,0,0,0,0,0,0,0,0,0,0,0,0,0,,,0,0,0,0,0,0,0,0,0,0,0,0,0
"2026/02/09","2026/02/12","9678","カナモト","札証",,"確報",0,0,0,0,0,0,0,0,0,0,0,0,0,0,,,0,0,0,0,0,0,0,0,0,0,0,0,0
"2026/02/09","2026/02/12","9776","札幌臨床検査センター","札証",,"確報",0,0,0,0,0,0,0,0,0,0,0,0,0,0,,,0,0,0,0,0,0,0,0,0,0,0,0,0
"2026/02/09","2026/02/12","9812","テーオーＨＤ","札証",,"確報",0,0,0,0,0,0,0,0,0,0,0,0,0,0,,,0,0,0,0,0,0,0,0,0,0,0,0,0
"2026/02/09","2026/02/12","9843","ニトリＨＤ","札証",,"確報",0,0,0,0,0,0,0,0,0,0,0,0,0,0,,,0,0,0,0,0,0,0,0,0,0,0,0,0
"2026/02/09","2026/02/12","9948","アークス","札証",,"確報",0,0,0,0,0,0,0,0,0,0,0,0,0,0,,,0,0,0,0,0,0,0,0,0,0,0,0,0
"2026/02/09","2026/02/12","9987","スズケン","札証",,"確報",0,0,0,0,0,0,0,0,0,0,0,0,0,0,,,0,0,0,0,0,0,0,0,0,0,0,0,0
