"申込日","決済日","銘柄コード","銘柄名","取引所区分名","上場区分","速報／確報","融資新規株数","融資返済株数","融資残高株数","貸株新規株数","貸株返済株数","貸株残高株数","差引残高株数","融資新規金額","融資返済金額","融資残高金額","貸株新規金額","貸株返済金額","貸株残高金額","差引残高金額","制度信用・買残高株数","制度信用・売残高株数","融資権利落額","貸株権利落額","合計・更新差金融資値上り","合計・更新差金融資値下り","合計・更新差金貸株値下り","合計・更新差金貸株値上り","総合回転日数","融資・新規回転日数","融資・返済回転日数","融資・残高回転日数","貸株・新規回転日数","貸株・返済回転日数","貸株・残高回転日数"
"2026/02/10","2026/02/13","1301","極洋","東証およびＰＴＳ",,"確報",0,100,3100,100,0,500,2600,0,520000,16120000,520000,0,2600000,13520000,,,0,0,0,0,0,0,8.9,7.9,13.6,10,46,3.5,6.6
"2026/02/10","2026/02/13","1305","ｉＦＴＰＸ年１","東証およびＰＴＳ",,"確報",280,0,12210,200,400,10960,1250,1144920,0,49926690,817800,1635600,44815440,5111250,,,0,0,930540,0,0,870480,19.2,20.2,73.3,31.7,10.4,17.4,13.1
"2026/02/10","2026/02/13","1306","ＮＦＴＯＰＩＸ","東証およびＰＴＳ",,"確報",6250,16440,70670,12640,5460,35860,34810,25293750,66532680,286001490,51154080,22096620,145125420,140876070,,,0,0,5983640,0,0,2122320,5.2,3.8,9.6,5.5,3.7,6.4,4.7
"2026/02/10","2026/02/13","1308","上場ＴＯＰＩＸ","東証およびＰＴＳ",,"確報",750,3020,5685,7064,0,13715,-8030,3002250,12089060,22757055,28277192,0,54901145,-32144090,,,0,0,580715,0,0,485523,4.2,3.7,3.8,3.7,6.6,3.6,4.6
"2026/02/10","2026/02/13","1309","ＮＦ中国株上証５０","東証およびＰＴＳ",,"確報",0,1,44,0,0,0,44,0,56400,2481600,0,0,0,2481600,,,0,0,15300,0,0,0,18.2,72.7,10.4,18.2,0,0,0
"2026/02/10","2026/02/13","130A","ＶＩＳ","東証およびＰＴＳ",,"確報",1800,0,20400,0,0,0,20400,892800,0,10118400,0,0,0,10118400,,,0,0,130200,0,0,0,35.8,38.7,33.3,35.8,0,0,0
"2026/02/10","2026/02/13","1311","ＮＦＴＰＸ３０","東証およびＰＴＳ",,"確報",280,116,4519,600,0,1925,2594,559720,231884,9033481,1199400,0,3848075,5185406,,,0,0,130650,0,0,39750,5.3,5.3,5.3,5.3,4,10.3,5.7
"2026/02/10","2026/02/13","1319","ＮＦ日経３００","東証およびＰＴＳ",,"確報",0,0,0,0,0,0,0,0,0,0,0,0,0,0,,,0,0,0,0,0,0,0,0,0,0,0,0,0
"2026/02/10","2026/02/13","1320","ｉＦ２２５年１","東証およびＰＴＳ",,"確報",3,8,1560,2137,417,12716,-11156,178920,477120,93038400,127450680,24869880,758382240,-665343840,,,0,0,1924950,0,0,13525080,10.1,10.3,10.3,10.3,13.1,8.2,10.1
"2026/02/10","2026/02/13","1321","ＮＦ日経２２５","東証およびＰＴＳ",,"確報",3631,449,12929,15409,885,61825,-48896,217424280,26886120,774188520,922690920,52993800,3702081000,-2927892480,,,0,0,13060980,0,0,63383340,6.5,3.5,4.4,3.9,8.6,7.6,8.1
"2026/02/10","2026/02/13","1322","上場パンタ","東証およびＰＴＳ",,"確報",0,15,604,0,0,0,604,0,173625,6991300,0,0,0,6991300,,,0,0,30950,0,0,0,15.6,13.6,18.2,15.6,0,0,0
"2026/02/10","2026/02/13","1325","ＮＦブラジル株","東証およびＰＴＳ",,"確報",210,1800,10280,0,0,0,10280,64281,550980,3146708,0,0,0,3146708,,,0,0,46293,0,0,0,13.1,20.6,12.5,15.5,0,2,4
"2026/02/10","2026/02/13","1326","ＳＰＤＲゴール","東証およびＰＴＳ",,"確報",0,91,573,0,0,0,573,0,6539260,41175780,0,0,0,41175780,,,0,0,0,258960,0,0,9.8,8.3,12,9.8,0,0,0
"2026/02/10","2026/02/13","1328","ＮＦ金価格","東証およびＰＴＳ",,"確報",0,1980,15863,0,0,0,15863,0,36768600,294575910,0,0,0,294575910,,,0,0,0,1427440,0,0,16.9,18.7,15.3,16.9,0,0,0
"2026/02/10","2026/02/13","1329","ｉＳ２２５","東証およびＰＴＳ",,"確報",50,1317,27455,339,115,1584,25871,297800,7844052,163521980,2019084,684940,9434304,154087676,,,0,0,3647694,0,0,172720,3.1,4.2,3.9,4,1.6,0.6,0.9
"2026/02/10","2026/02/13","1330","上場２２５","東証およびＰＴＳ",,"確報",82,639,1452,2403,118,9400,-7948,4916720,38314440,87061920,144083880,7075280,563624000,-476562080,,,0,0,2551430,0,0,9036050,3.7,3.1,3.6,3.3,5.4,3,3.8
"2026/02/10","2026/02/13","1332","ニッスイ","東証およびＰＴＳ",,"確報",3600,700,29000,2200,1100,26800,2200,5394600,1048950,43456500,3296700,1648350,40159800,3296700,,,0,0,0,247950,244150,0,6.5,5.1,6.1,5.5,7.3,8.5,7.9
"2026/02/10","2026/02/13","1333","マルハニチロ","東証およびＰＴＳ",,"確報",6600,100,24400,0,0,0,24400,9428100,142850,34855400,0,0,0,34855400,,,0,0,0,626500,0,0,2.4,4.6,3.7,4.1,1.3,0,0.1
"2026/02/10","2026/02/13","133A","ＧＸ超短期米国債","東証およびＰＴＳ",,"確報",0,0,28,0,0,28,0,0,0,29428,0,0,29428,0,,,0,0,0,140,140,0,0,3.9,0,0,3.9,15,6.3
"2026/02/10","2026/02/13","1343","ＮＦＪ－ＲＥＩＴ","東証およびＰＴＳ",,"確報",1590,5960,183490,520,0,34310,149180,3429630,12855720,395787930,1121640,0,74006670,321781260,,,0,0,1596810,0,0,287215,3.4,9.9,10.7,10.3,1.6,1.5,1.5
"2026/02/10","2026/02/13","1345","上場Ｊリート","東証およびＰＴＳ",,"確報",0,1400,14300,0,0,0,14300,0,2856000,29172000,0,0,0,29172000,,,0,0,102050,0,0,0,26.2,20.8,35.4,26.2,0,0,0
"2026/02/10","2026/02/13","1346","ＭＸＳ２２５","東証およびＰＴＳ",,"確報",0,8,1575,541,0,3436,-1861,0,475920,93696750,32184090,0,204407640,-110710890,,,0,0,1899600,0,0,3474000,13.3,21.4,19.9,20.6,11.9,10.1,10.9
"2026/02/10","2026/02/13","1348","ＭＸＳトピクス","東証およびＰＴＳ",,"確報",0,0,4830,81,2954,476,4354,0,0,19320000,324000,11816000,1904000,17416000,,,0,0,391230,0,0,271269,15.2,1728.8,1152.5,1383,21.1,3.4,5.8
"2026/02/10","2026/02/13","1349","アジア債券","東証およびＰＴＳ",,"確報",0,0,0,0,0,0,0,0,0,0,0,0,0,0,,,0,0,0,0,0,0,0,0,0,0,0,0,0
"2026/02/10","2026/02/13","1356","ＴＰダブルインバース","東証およびＰＴＳ",,"確報",23900,92030,327710,930,0,11230,316480,3150020,12129554,43192178,122574,0,1480114,41712064,,,0,0,0,2177120,56650,0,6.5,5.3,10.8,7.1,5.4,1.9,2.9
"2026/02/10","2026/02/13","1357","ＮＦ日経ダブインバ","東証およびＰＴＳ",,"確報",235744,1160,1186146,51610,37821,451479,734667,1025722144,5047160,5160921246,224555110,164559171,1964385129,3196536117,,,0,0,0,192215524,88413380,0,10,7.7,8.1,7.9,18.7,22.6,20.5
"2026/02/10","2026/02/13","1358","上場日経２倍","東証およびＰＴＳ",,"確報",38,281,648,708,53,4031,-3383,4028000,29786000,68688000,75048000,5618000,427286000,-358598000,,,0,0,3786750,0,0,14348000,5.1,2.1,2.4,2.3,7.9,9.2,8.5
"2026/02/10","2026/02/13","135A","ＶＲＡＩＮ","東証およびＰＴＳ",,"確報",1200,3500,74200,0,2300,74200,0,3106800,9061500,192103800,0,5954700,192103800,0,,,0,0,12622500,0,0,12622500,28,15.4,19.6,17.2,49.4,156.5,75.1
"2026/02/10","2026/02/13","1360","ダブルインバース日経","東証およびＰＴＳ",,"確報",3473390,21910,13150910,11670,5030,11670,13139240,372000069,2346561,1408462461,1249857,538713,1249857,1407212604,,,0,0,0,46557264,24144,0,7.2,6.3,8.5,7.2,4.7,3.3,3.9
"2026/02/10","2026/02/13","1364","ｉＳＪＰＸ日経４００","東証およびＰＴＳ",,"確報",0,10,1020,0,0,12,1008,0,35650,3636300,0,0,42780,3593520,,,0,0,96820,0,0,1128,2.6,4.9,82.5,9.3,1,1,1
"2026/02/10","2026/02/13","1365","ｉＦ２２５ダブル","東証およびＰＴＳ",,"確報",0,265,185,963,0,1924,-1739,0,22737000,15873000,82625400,0,165079200,-149206200,,,0,0,1633500,0,0,3488430,3.1,2.8,2.2,2.5,3.9,3.4,3.6
"2026/02/10","2026/02/13","1366","ｉＦ２２５Ｗベア","東証およびＰＴＳ",,"確報",307463,0,1090607,0,0,0,1090607,33513467,0,118876163,0,0,0,118876163,,,0,0,0,3915720,0,0,10.7,9.5,12.3,10.7,0,0,0
"2026/02/10","2026/02/13","1367","ｉＦＴＰＸダブル","東証およびＰＴＳ",,"確報",87,119,456,39,37,490,-34,6095220,8337140,31947360,2732340,2592220,34329400,-2382040,,,0,0,1312720,0,0,1312720,3.8,2.3,2.4,2.4,29.6,20.1,24
"2026/02/10","2026/02/13","1368","ｉＦＴＰＸＷベア","東証およびＰＴＳ",,"確報",5344,500,51551,0,172,102,51449,1026048,96000,9897792,0,33024,19584,9878208,,,0,0,0,373656,2192,0,40,36.8,49,42,6.8,3.4,4.6
"2026/02/10","2026/02/13","1369","Ｏｎｅ・日経２２５","東証およびＰＴＳ",,"確報",0,0,0,136,0,415,-415,0,0,0,7858080,0,23978700,-23978700,,,0,0,0,0,0,340380,4.5,2.3,1.7,1.9,8.2,5.4,6.5
"2026/02/10","2026/02/13","1375","ユキグニファクトリー","東証およびＰＴＳ",,"確報",0,100,1200,0,0,0,1200,0,109300,1311600,0,0,0,1311600,,,0,0,24700,0,0,0,7.2,12.9,5,7.2,0,0,0
"2026/02/10","2026/02/13","1376","カネコ種苗","東証およびＰＴＳ",,"確報",0,0,600,0,0,0,600,0,0,917400,0,0,0,917400,,,0,0,5400,0,0,0,0,0,0,0,0,0,0
"2026/02/10","2026/02/13","1377","サカタのタネ","東証およびＰＴＳ",,"確報",10800,1400,15500,24600,0,30700,-15200,45522000,5901000,65332500,103689000,0,129400500,-64068000,,,0,0,396500,0,0,396500,4.1,3.1,6.8,4.3,2.3,15.2,3.9
"2026/02/10","2026/02/13","1379","ホクト","東証およびＰＴＳ",,"確報",900,0,1400,2800,100,3100,-1700,1845000,0,2870000,5740000,205000,6355000,-3485000,,,0,0,5500,0,0,4400,3.1,3,16.5,5.1,1.3,20,2.4
"2026/02/10","2026/02/13","137A","Ｃｏｃｏｌｉｖｅ","東証およびＰＴＳ",,"確報",200,600,2600,0,0,0,2600,155200,465600,2017600,0,0,0,2017600,,,0,0,18000,0,0,0,29.4,49,21,29.4,0,0,0
"2026/02/10","2026/02/13","1380","秋川牧園","東証およびＰＴＳ",,"確報",0,0,200,0,0,0,200,0,0,205200,0,0,0,205200,,,0,0,0,0,0,0,0,0,0,0,0,0,0
"2026/02/10","2026/02/13","1381","アクシーズ","東証およびＰＴＳ",,"確報",0,200,800,0,0,0,800,0,786000,3144000,0,0,0,3144000,,,0,0,25000,0,0,0,18,22.5,15,18,0,0,0
"2026/02/10","2026/02/13","1382","ホーブ","東証およびＰＴＳ",,"確報",0,0,2800,0,0,0,2800,0,0,5124000,0,0,0,5124000,,,0,0,47600,0,0,0,69.5,69.5,69.5,69.5,0,0,0
"2026/02/10","2026/02/13","1383","ベルグアース","東証およびＰＴＳ",,"確報",0,0,3200,0,0,0,3200,0,0,10240000,0,0,0,10240000,,,0,0,0,0,0,0,0,0,0,0,0,0,0
"2026/02/10","2026/02/13","1384","ホクリヨウ","東証およびＰＴＳ",,"確報",600,0,19900,0,0,0,19900,1902000,0,63083000,0,0,0,63083000,,,0,0,2412500,0,0,0,67.2,42.3,162.3,67.2,0,0,0
"2026/02/10","2026/02/13","138A","光フードサービス","東証およびＰＴＳ",,"確報",100,0,100,0,0,0,100,283400,0,283400,0,0,0,283400,,,0,0,0,0,0,0,1,1,1,1,0,0,0
"2026/02/10","2026/02/13","1397","ＳＭＤＡＭ　２２５","東証およびＰＴＳ",,"確報",0,14,0,3,0,22,-22,0,815360,0,174720,0,1281280,-1281280,,,0,0,17220,0,0,23370,4.6,4,4,4,8.2,3.6,5
"2026/02/10","2026/02/13","1398","ＳＭＤＡＭ　Ｊリート","東証およびＰＴＳ",,"確報",2940,0,8690,10,0,2290,6400,6090210,0,18001335,20715,0,4743735,13257600,,,0,0,40250,0,0,15960,8.8,3.3,0,6.6,51.7,180.8,80.4
"2026/02/10","2026/02/13","1399","上場高配当低ボラ","東証およびＰＴＳ",,"確報",0,80,260,0,0,0,260,0,242960,789620,0,0,0,789620,,,0,0,12240,0,0,0,2.4,2.1,8.9,3.4,2,2,2
"2026/02/10","2026/02/13","1401","エムビーエス","東証およびＰＴＳ",,"確報",0,700,900,0,0,0,900,0,1107400,1423800,0,0,0,1423800,,,0,0,97600,0,0,0,9.2,12,7.5,9.2,0,0,0
"2026/02/10","2026/02/13","1407","ウエストＨＤ","東証およびＰＴＳ",,"確報",100,2400,28000,0,0,2000,26000,164700,3952800,46116000,0,0,3294000,42822000,,,0,0,787800,0,0,52000,30.8,74.5,18,29,0,0,0
"2026/02/10","2026/02/13","140A","ｉＦ米１０国債ベア","東証およびＰＴＳ",,"確報",0,0,0,0,0,0,0,0,0,0,0,0,0,0,,,0,0,0,0,0,0,6,0,3,6,0,0,0
"2026/02/10","2026/02/13","1414","ショーボンドＨＤ","東証およびＰＴＳ",,"確報",10800,11300,104200,0,500,104200,0,16534800,17300300,159530200,0,765500,159530200,0,,,0,0,2303400,0,0,2303400,30.1,21.3,18.9,20,73.7,51.4,60.6
"2026/02/10","2026/02/13","1417","ミライト・ワン","東証およびＰＴＳ",,"確報",3100,1100,15400,1700,5300,7100,8300,12688300,4502300,63032200,6958100,21692900,29060300,33971900,,,0,0,857600,0,0,684800,7.2,6.5,9.3,7.6,6.6,6.3,6.5
"2026/02/10","2026/02/13","1418","インターライフＨＤ","東証およびＰＴＳ",,"確報",2300,4800,37200,0,0,60500,-23300,1386900,2894400,22431600,0,0,36481500,-14049900,,,0,0,158800,0,0,242000,36.4,11.6,24.2,15.7,168.2,252.3,201.9
"2026/02/10","2026/02/13","1419","タマホーム","東証およびＰＴＳ",,"確報",1500,0,15600,1200,6500,316100,-300500,5812500,0,60450000,4650000,25187500,1224887500,-1164437500,,,0,0,141000,0,0,3214000,75.8,45.1,360.5,80.1,282.4,43.7,75.7
"2026/02/10","2026/02/13","141A","トライアル","東証およびＰＴＳ",,"確報",12700,10700,326000,100,0,352700,-26700,37782500,31832500,969850000,297500,0,1049282500,-79432500,,,0,0,0,12960000,14104000,0,56.5,34,29.3,31.5,1058.2,121.6,218.1
"2026/02/10","2026/02/13","1420","サンヨーホームズ","東証およびＰＴＳ",,"確報",0,0,3800,0,100,0,3800,0,0,2766400,0,72800,0,2766400,,,0,0,7600,0,0,200,17.8,115.5,11,20.1,1,0.5,0.7
"2026/02/10","2026/02/13","1429","日本アクア","東証およびＰＴＳ",,"確報",22200,1700,28800,1400,0,9700,19100,19669200,1506200,25516800,1240400,0,8594200,16922600,,,0,0,141100,0,0,141100,6.9,3.2,10.4,4.9,37.1,10.6,16.5
"2026/02/10","2026/02/13","142A","ジンジブ","東証およびＰＴＳ",,"確報",200,0,3800,0,0,0,3800,145000,0,2755000,0,0,0,2755000,,,0,0,25200,0,0,0,91.5,61,183,91.5,0,0,0
"2026/02/10","2026/02/13","1430","ファーストコーポ","東証およびＰＴＳ",,"確報",0,0,32900,100,0,100,32800,0,0,34709500,105500,0,105500,34604000,,,0,0,0,98700,0,0,75,96.8,86.6,91.4,2,1.2,1.5
"2026/02/10","2026/02/13","1431","Ｌｉｂ　Ｗｏｒｋ","東証およびＰＴＳ",,"確報",0,2100,77500,100,5100,84200,-6700,0,1381800,50995000,65800,3355800,55403600,-4408600,,,0,0,398000,0,0,446000,62.1,146.1,77.4,101.2,116.4,29.3,46.8
"2026/02/10","2026/02/13","1433","ベステラ","東証およびＰＴＳ",,"確報",7800,600,49700,9500,2300,49700,0,9523800,732600,60683700,11599500,2808300,60683700,0,,,0,0,1020000,0,0,1020000,13.2,12.7,12,12.4,14.6,13.7,14.1
"2026/02/10","2026/02/13","1434","ＪＥＳＣＯ　ＨＤ","東証およびＰＴＳ",,"確報",300,100,13500,0,900,600,12900,609000,203000,27405000,0,1827000,1218000,26187000,,,0,0,399000,0,0,45000,10.4,13.4,25.3,17.5,2.5,2.6,2.6
"2026/02/10","2026/02/13","1435","ｒｏｂｏｔ　ｈｏｍｅ","東証およびＰＴＳ",,"確報",2000,0,81500,0,0,0,81500,338000,0,13773500,0,0,0,13773500,,,0,0,159000,0,0,0,17.1,27.9,12.3,17.1,0,0,0
"2026/02/10","2026/02/13","1436","グリーンエナジー","東証およびＰＴＳ",,"確報",200,0,9300,0,0,0,9300,508600,0,23649900,0,0,0,23649900,,,0,0,482300,0,0,0,85.1,117,66.9,85.1,0,0,0
"2026/02/10","2026/02/13","1438","岐阜造園","東証およびＰＴＳ",,"確報",0,0,300,0,0,0,300,0,0,535500,0,0,0,535500,,,0,0,0,1500,0,0,16,16,16,16,0,0,0
"2026/02/10","2026/02/13","143A","イシン","東証およびＰＴＳ",,"確報",100,0,600,0,0,0,600,82800,0,496800,0,0,0,496800,,,0,0,0,6000,0,0,18,27,13.5,18,0,0,0
"2026/02/10","2026/02/13","1443","技研ホールディングス","東証およびＰＴＳ",,"確報",0,4300,26400,0,0,0,26400,0,1466300,9002400,0,0,0,9002400,,,0,0,0,153500,0,0,8.5,8.9,8.1,8.5,0,0,0
"2026/02/10","2026/02/13","1444","ニッソウ","東証およびＰＴＳ",,"確報",0,0,0,0,0,0,0,0,0,0,0,0,0,0,,,0,0,0,0,0,0,0,0,0,0,0,0,0
"2026/02/10","2026/02/13","1446","キャンディル","東証およびＰＴＳ",,"確報",0,200,4400,100,200,1300,3100,0,117200,2578400,58600,117200,761800,1816600,,,0,0,9200,0,0,2800,18.9,231,57.8,92.4,12.5,4.5,6.7
"2026/02/10","2026/02/13","1447","ＳＡＡＦＨＤ","東証およびＰＴＳ",,"確報",5300,0,309500,0,0,0,309500,2469800,0,144227000,0,0,0,144227000,,,0,0,12472200,0,0,0,6.9,9.5,5.4,6.9,0,0,0
"2026/02/10","2026/02/13","1450","ＴＡＮＡＫＥＮ","東証およびＰＴＳ",,"確報",200,0,9400,0,0,0,9400,298000,0,14006000,0,0,0,14006000,,,0,0,101200,0,0,0,462,231,0,462,0,0,0
"2026/02/10","2026/02/13","1456","ｉＦ２２５ベア","東証およびＰＴＳ",,"確報",1920,410,5562,0,0,0,5562,2951040,630170,8548794,0,0,0,8548794,,,0,0,0,137768,0,0,7.9,6.9,9.4,7.9,0,0,0
"2026/02/10","2026/02/13","1457","ｉＦＴＰＸベア","東証およびＰＴＳ",,"確報",60,147,63,0,150,0,63,116460,285327,122283,0,291150,0,122283,,,0,0,0,4650,4650,0,3.4,3.6,3.1,3.3,4.7,2.8,3.5
"2026/02/10","2026/02/13","1458","楽天２２５ダブルブル","東証およびＰＴＳ",,"確報",541,2232,2605,8239,15,10157,-7552,35998140,148517280,173336700,548223060,998100,675846780,-502510080,,,0,0,12587280,0,0,5663690,3.4,6.9,3.8,4.9,1.9,2.6,2.2
"2026/02/10","2026/02/13","1459","楽天２２５ダブルベア","東証およびＰＴＳ",,"確報",1202103,0,6053421,0,5309,63906,5989515,210368025,0,1059348675,0,929075,11183550,1048165125,,,0,0,0,43661862,622935,0,8,7.3,8.6,7.9,15.7,22.9,18.6
"2026/02/10","2026/02/13","145A","Ｌ　ｉｓ　Ｂ","東証およびＰＴＳ",,"確報",0,0,4000,0,0,0,4000,0,0,4084000,0,0,0,4084000,,,0,0,124000,0,0,0,136,0,68,136,0,0,0
"2026/02/10","2026/02/13","1466","ｉＦＪ４００Ｗベア","東証およびＰＴＳ",,"確報",2850,0,3920,0,0,0,3920,701100,0,964320,0,0,0,964320,,,0,0,0,33170,0,0,5.7,2.9,4100,5.7,0,0,0
"2026/02/10","2026/02/13","1469","４００ベア２倍","東証およびＰＴＳ",,"確報",500,0,12540,0,0,0,12540,118950,0,2983266,0,0,0,2983266,,,0,0,0,96320,0,0,209.7,121.6,1520.3,225.2,0,0,0
"2026/02/10","2026/02/13","146A","コロンビア・ワークス","東証およびＰＴＳ",,"確報",600,0,19600,0,0,0,19600,2154000,0,70364000,0,0,0,70364000,,,0,0,3610000,0,0,0,25.1,21.2,30.7,25.1,0,0,0
"2026/02/10","2026/02/13","1472","ＮＦＪ４００Ｄインバ","東証およびＰＴＳ",,"確報",1010,0,3528,0,0,0,3528,98980,0,345744,0,0,0,345744,,,0,0,0,12590,0,0,18.8,11,65.3,18.8,0,0,0
"2026/02/10","2026/02/13","1473","Ｏｎｅ・トピックス","東証およびＰＴＳ",,"確報",0,0,140,0,0,0,140,0,0,549640,0,0,0,549640,,,0,0,10360,0,0,0,3.8,7.2,3.4,4.6,0,1.3,2.7
"2026/02/10","2026/02/13","1474","Ｏｎｅ・ＪＰＸ４００","東証およびＰＴＳ",,"確報",3,5,3,0,0,3,0,105690,176150,105690,0,0,105690,0,,,0,0,3550,0,0,2130,7.8,5,4,4.4,0,0,0
"2026/02/10","2026/02/13","1475","ｉＳＴＯＰＩＸ","東証およびＰＴＳ",,"確報",570,172230,93150,0,0,0,93150,225378,68099742,36831510,0,0,0,36831510,,,0,0,2012556,0,0,0,2.7,7.8,3.7,5,1,1,1
"2026/02/10","2026/02/13","1476","ｉＳＪリート","東証およびＰＴＳ",,"確報",0,3101,1030,260,0,260,770,0,6419070,2132100,538200,0,538200,1593900,,,0,0,53703,0,0,0,2.2,11.2,3.6,5.4,1.3,1.3,1.3
"2026/02/10","2026/02/13","1477","ｉＳＭＳＣＩ最小分散","東証およびＰＴＳ",,"確報",1,0,23,9,0,58,-35,3280,0,75440,29520,0,190240,-114800,,,0,0,1408,0,0,3136,7.3,3,71,5.7,4,0,8.1
"2026/02/10","2026/02/13","1478","ｉＳＭＳＣＩ高配当","東証およびＰＴＳ",,"確報",140,202,1630,0,0,0,1630,714980,1031614,8324410,0,0,0,8324410,,,0,0,71064,0,0,0,2.5,6.3,5.6,6,1,1,1
"2026/02/10","2026/02/13","1479","ｉＦＭＳＣＩ人材設備","東証およびＰＴＳ",,"確報",0,0,0,0,0,0,0,0,0,0,0,0,0,0,,,0,0,0,0,0,0,3.9,0,2,4,0,2,3.9
"2026/02/10","2026/02/13","147A","ソラコム","東証およびＰＴＳ",,"確報",600,12300,66300,200,6400,120500,-54200,734400,15055200,81151200,244800,7833600,147492000,-66340800,,,0,0,7878000,0,0,12796700,41.8,42,18.8,25.9,108.5,46.6,65.2
"2026/02/10","2026/02/13","1480","ＮＦ企業価値","東証およびＰＴＳ",,"確報",0,0,0,0,0,0,0,0,0,0,0,0,0,0,,,0,0,0,0,0,0,0,0,0,0,0,0,0
"2026/02/10","2026/02/13","1481","上場日本経済貢献","東証およびＰＴＳ",,"確報",0,0,0,0,0,0,0,0,0,0,0,0,0,0,,,0,0,0,0,0,0,0,0,0,0,0,0,0
"2026/02/10","2026/02/13","1482","ｉＳ米国債七十円へジ","東証およびＰＴＳ",,"確報",1446,1136,2756,0,0,2,2754,2342520,1840320,4464720,0,0,3240,4461480,,,0,0,14676,0,0,12,2.8,2.4,3.4,2.8,4.7,0.3,0.6
"2026/02/10","2026/02/13","1483","ＩＳ設備人材","東証およびＰＴＳ",,"確報",0,0,0,0,0,0,0,0,0,0,0,0,0,0,,,0,0,0,0,0,0,0,0,0,0,0,0,0
"2026/02/10","2026/02/13","1484","Ｏｎｅ・設備人材投資","東証およびＰＴＳ",,"確報",0,0,0,0,0,0,0,0,0,0,0,0,0,0,,,0,0,0,0,0,0,0,0,0,0,0,0,0
"2026/02/10","2026/02/13","1485","ＭＸＳＪ積極投資","東証およびＰＴＳ",,"確報",0,0,0,0,0,0,0,0,0,0,0,0,0,0,,,0,0,0,0,0,0,0,0,0,0,0,0,0
"2026/02/10","2026/02/13","1486","上場米債ヘッジなし","東証およびＰＴＳ",,"確報",0,0,11,0,0,11,0,0,0,265210,0,0,265210,0,,,0,0,0,825,825,0,2.1,1.6,0.9,1.1,56,56,56
"2026/02/10","2026/02/13","1487","上場米債ヘッジあり","東証およびＰＴＳ",,"確報",0,0,1,0,0,1,0,0,0,12430,0,0,12430,0,,,0,0,70,0,0,70,4,2,0,4,2,0,4
"2026/02/10","2026/02/13","1488","ｉＦＪリート","東証およびＰＴＳ",,"確報",0,0,2851,0,20,0,2851,0,0,5955739,0,41780,0,5955739,,,0,0,22808,0,0,160,17.6,26.6,1327.5,52.1,1.1,1.1,1.1
"2026/02/10","2026/02/13","1489","ＮＦ日経高配当５０","東証およびＰＴＳ",,"確報",0,6110,18731,0,0,1300,17431,0,20193550,61905955,0,0,4296500,57609455,,,0,0,1639506,0,0,85800,8.8,13.1,6.4,8.6,7.8,0,15.7
"2026/02/10","2026/02/13","148A","ハッチ・ワーク","東証およびＰＴＳ",,"確報",0,0,9200,0,0,0,9200,0,0,20092800,0,0,0,20092800,,,0,0,800400,0,0,0,76,76,76,76,0,0,0
"2026/02/10","2026/02/13","1490","上場ベータヘッジ","東証およびＰＴＳ",,"確報",0,0,0,0,0,0,0,0,0,0,0,0,0,0,,,0,0,0,0,0,0,0,0,0,0,0,0,0
"2026/02/10","2026/02/13","1491","中外鉱業","東証およびＰＴＳ",,"確報",0,600,63300,0,0,0,63300,0,671400,70832700,0,0,0,70832700,,,0,0,3067200,0,0,0,181.3,211.5,158.6,181.3,0,0,0
"2026/02/10","2026/02/13","1493","Ｏｎｅ・中小型","東証およびＰＴＳ",,"確報",0,4,0,1,0,7,-7,0,97320,0,24330,0,170310,-170310,,,0,0,2160,0,0,3240,5.9,74.7,2.7,5.3,31,0,62
"2026/02/10","2026/02/13","1494","Ｏｎｅ・高配当日本株","東証およびＰＴＳ",,"確報",0,1,593,0,0,0,593,0,44490,26382570,0,0,0,26382570,,,0,0,457380,0,0,0,20.5,18.6,28.6,22.6,11.3,1.8,3.1
"2026/02/10","2026/02/13","1495","上場アジアリート","東証およびＰＴＳ",,"確報",0,0,30,0,0,0,30,0,0,354000,0,0,0,354000,,,0,0,2100,0,0,0,3.4,7.7,2.2,3.4,0,0,0
"2026/02/10","2026/02/13","1496","ｉＳ米＄ＩＧ社債ヘジ","東証およびＰＴＳ",,"確報",0,0,1500,0,0,0,1500,0,0,2590500,0,0,0,2590500,,,0,0,3000,0,0,0,115.3,116.2,114.4,115.3,0,0,0
"2026/02/10","2026/02/13","1497","ｉＳ米＄ＨＹ社債ヘジ","東証およびＰＴＳ",,"確報",11,111,600,0,0,1,599,19745,199245,1077000,0,0,1795,1075205,,,0,0,3500,0,0,5,3.5,5.4,2.6,3.5,0,0,0
"2026/02/10","2026/02/13","1498","Ｏｎｅ・ＥＳＧ","東証およびＰＴＳ",,"確報",0,0,0,0,0,0,0,0,0,0,0,0,0,0,,,0,0,0,0,0,0,0,0,0,0,0,0,0
"2026/02/10","2026/02/13","1499","ＭＸＳ高配当７０ＭＮ","東証およびＰＴＳ",,"確報",0,0,14,0,0,0,14,0,0,130004,0,0,0,130004,,,0,0,0,924,0,0,3.5,0,5.4,10.8,0,0,0
"2026/02/10","2026/02/13","149A","シンカ","東証およびＰＴＳ",,"確報",100,0,1100,0,0,0,1100,78500,0,863500,0,0,0,863500,,,0,0,17000,0,0,0,27,27,27,27,0,0,0
"2026/02/10","2026/02/13","150A","ＪＳＨ","東証およびＰＴＳ",,"確報",0,0,300,0,0,0,300,0,0,121500,0,0,0,121500,,,0,0,0,300,0,0,4.6,16,2.7,4.6,0,0,0
"2026/02/10","2026/02/13","1514","住石ホールディングス","東証およびＰＴＳ",,"確報",22700,27000,533200,0,4300,533200,0,18432400,21924000,432958400,0,3491600,432958400,0,,,0,0,0,0,0,0,17.4,10.7,9.2,9.9,174,46.4,73.3
"2026/02/10","2026/02/13","1515","日鉄鉱業","東証およびＰＴＳ",,"確報",16100,539200,252400,12200,2000,65900,186500,63514500,2127144000,995718000,48129000,7890000,259975500,735742500,,,0,0,31020000,0,0,2228000,3.5,4.5,2.6,3.3,12.2,15.1,13.5
"2026/02/10","2026/02/13","1518","三井松島ＨＤ","東証およびＰＴＳ",,"確報",1800,800,46900,0,700,23400,23500,2773800,1232800,72272900,0,1078700,36059400,36213500,,,0,0,1193400,0,0,626600,25.6,23.2,37.4,28.6,13.9,43.3,21.1
"2026/02/10","2026/02/13","151A","ダイブ","東証およびＰＴＳ",,"確報",100,2000,12700,0,0,0,12700,69500,1390000,8826500,0,0,0,8826500,,,0,0,292000,0,0,0,30.6,38.2,25.5,30.6,0,0,0
"2026/02/10","2026/02/13","153A","カウリス","東証およびＰＴＳ",,"確報",900,4000,66600,0,2100,122000,-55400,1161000,5160000,85914000,0,2709000,157380000,-71466000,,,0,0,6342700,0,0,11293100,61.1,22.9,57.6,32.8,70.8,276.6,112.7
"2026/02/10","2026/02/13","1540","純金信託","東証およびＰＴＳ",,"確報",391,300,110565,40,4,105,110460,9462200,7260000,2675673000,968000,96800,2541000,2673132000,,,0,0,0,17675840,11040,0,24.8,19.1,35.2,24.8,6.4,8.7,7.4
"2026/02/10","2026/02/13","1541","純プラ信","東証およびＰＴＳ",,"確報",1309,2106,55608,0,50,150,55458,13142360,21144240,558304320,0,502000,1506000,556798320,,,0,0,0,10716950,38000,0,9.3,11.3,41,17.7,5.7,0.2,0.4
"2026/02/10","2026/02/13","1542","純銀信託","東証およびＰＴＳ",,"確報",1472,1747,45520,44,60,10074,35446,55347200,65687200,1711552000,1654400,2256000,378782400,1332769600,,,0,0,0,54496050,12007100,0,32.3,25.2,32.8,28.5,175.1,48.9,76.5
"2026/02/10","2026/02/13","1543","純パラ信","東証およびＰＴＳ",,"確報",9,18,510,0,0,0,510,688050,1376100,38989500,0,0,0,38989500,,,0,0,0,275070,0,0,17.1,45.2,10.6,17.1,0,0,0
"2026/02/10","2026/02/13","1545","ナスダックヘッジ無","東証およびＰＴＳ",,"確報",648,33,4939,270,1361,6422,-1483,25660800,1306800,195584400,10692000,53895600,254311200,-58726800,,,0,0,0,86480,150260,0,9.1,8.2,11.3,9.5,7,11.9,8.8
"2026/02/10","2026/02/13","1546","ダウヘッジ無","東証およびＰＴＳ",,"確報",5,25,349,0,302,349,0,379700,1898500,26503060,0,22933880,26503060,0,,,0,0,0,202950,358050,0,8.5,12.8,9,10.6,8.1,6.7,7.3
"2026/02/10","2026/02/13","1547","上場米国Ｓ＆Ｐ５００","東証およびＰＴＳ",,"確報",52,240,3676,0,0,448,3228,608140,2806800,42990820,0,0,5239360,37751460,,,0,0,0,173880,20160,0,8.7,6.8,9.2,7.8,58.6,21.1,31
"2026/02/10","2026/02/13","1550","ＭＸＳ外株ＭＳＣＩ","東証およびＰＴＳ",,"確報",70,6,70,1,0,7,63,512820,43956,512820,7326,0,51282,461538,,,0,0,0,18,18,0,2.8,1.3,10.4,2.3,7.8,10.3,8.9
"2026/02/10","2026/02/13","1551","スタンダドＴＯＰ２０","東証およびＰＴＳ",,"確報",20,0,1190,0,0,0,1190,133800,0,7961100,0,0,0,7961100,,,0,0,222300,0,0,0,5.6,2.8,0,5.6,0,0,0
"2026/02/10","2026/02/13","1554","上場インデＭＳ世界","東証およびＰＴＳ",,"確報",0,6,1251,0,6,1251,0,0,36672,7646112,0,36672,7646112,0,,,0,0,0,10056,10056,0,5.7,2.9,2.9,2.9,0,484.6,969.2
"2026/02/10","2026/02/13","1555","上場インデＡリート","東証およびＰＴＳ",,"確報",0,0,85,52,0,131,-46,0,0,217260,132912,0,334836,-117576,,,0,0,935,0,0,869,5.9,156.7,29.4,49.5,4.2,2.9,3.5
"2026/02/10","2026/02/13","1557","ＳＰＤＲ５００","東証およびＰＴＳ",,"確報",0,10,209,0,0,0,209,0,1079000,22551100,0,0,0,22551100,,,0,0,0,43800,0,0,41.6,66.3,30.3,41.6,0,0,0
"2026/02/10","2026/02/13","1559","ＮＦタイ株","東証およびＰＴＳ",,"確報",0,4,1,0,5,0,1,0,17360,4340,0,21700,0,4340,,,0,0,225,0,0,225,1.6,2.3,2.3,2.3,1,1,1
"2026/02/10","2026/02/13","155A","情報戦略テクノロジー","東証およびＰＴＳ",,"確報",1600,1100,48900,500,0,48900,0,2051200,1410200,62689800,641000,0,62689800,0,,,0,0,1452000,0,0,1452000,20.7,10.8,13.1,11.8,48.9,239.6,81.2
"2026/02/10","2026/02/13","1560","ＮＦマレーシア株","東証およびＰＴＳ",,"確報",0,0,112,0,20,0,112,0,0,779520,0,139200,0,779520,,,0,0,1120,0,0,200,2.5,2,5.6,3,1.8,1.8,1.8
"2026/02/10","2026/02/13","1563","東証グロース・コア","東証およびＰＴＳ",,"確報",209,87,1160,71,180,929,231,476520,198360,2644800,161880,410400,2118120,526680,,,0,0,92382,0,0,92382,9.7,8.7,8.3,8.5,7.6,24.5,11.6
"2026/02/10","2026/02/13","1566","上場ＥＭ債","東証およびＰＴＳ",,"確報",0,8,10,0,18,0,10,0,436800,546000,0,982800,0,546000,,,0,0,0,900,900,0,3.6,3.3,2.7,2.9,8.5,3.4,4.8
"2026/02/10","2026/02/13","1568","ＴＰレバレッジダブル","東証およびＰＴＳ",,"確報",73500,32170,588630,374390,10,377520,211110,66671850,29181407,533946273,339609169,9071,342448392,191497881,,,0,0,18936580,0,0,108644,3.6,13.7,4,6.2,4.3,1.2,1.9
"2026/02/10","2026/02/13","1569","トピックスインバース","東証およびＰＴＳ",,"確報",240,270,14400,0,0,6600,7800,195096,219483,11705760,0,0,5365140,6340620,,,0,0,0,210678,96360,0,28.6,31.5,14.9,20.2,0,0,0
"2026/02/10","2026/02/13","156A","マテリアルグループ","東証およびＰＴＳ",,"確報",700,400,13600,100,400,900,12700,592200,338400,11505600,84600,338400,761400,10744200,,,0,0,279300,0,0,25200,8.6,25.3,12.4,16.7,7.6,1.2,2.1
"2026/02/10","2026/02/13","1570","ＮＦ日経レバ","東証およびＰＴＳ",,"確報",59686,79254,278267,164757,489,297646,-19379,3338237980,4432676220,15563473310,9214859010,27349770,16647340780,-1083867470,,,0,0,750544200,0,0,336112560,2.2,2.2,2.9,2.5,2.3,1.5,1.8
"2026/02/10","2026/02/13","1571","ＮＦ日経インバ","東証およびＰＴＳ",,"確報",12956,137690,282844,449,0,19449,263395,4690072,49843780,102389528,162538,0,7040538,95348990,,,0,0,0,2445468,114000,0,6.8,5.9,8.6,7,2.1,49,4
"2026/02/10","2026/02/13","1572","Ｈ株レバレッジダブル","東証およびＰＴＳ",,"確報",10,30,3610,0,0,0,3610,82870,248610,29916070,0,0,0,29916070,,,0,0,294030,0,0,0,44,45.1,42.9,44,0,0,0
"2026/02/10","2026/02/13","1573","Ｈ株インバース","東証およびＰＴＳ",,"確報",70,30,1610,60,20,1080,530,533820,228780,12277860,457560,152520,8236080,4041780,,,0,0,0,147580,97760,0,40.2,65.9,43.9,52.7,23.3,41.3,29.8
"2026/02/10","2026/02/13","1577","ＮＦ日本高配当７０","東証およびＰＴＳ",,"確報",17,0,151,0,0,4,147,963390,0,8557170,0,0,226680,8330490,,,0,0,152760,0,0,4560,11,21.5,7.5,11.1,4.5,0,9
"2026/02/10","2026/02/13","1578","上場インデ２２５ミニ","東証およびＰＴＳ",,"確報",930,100,1129,100,288,2872,-1743,4282650,460500,5199045,460500,1326240,13225560,-8026515,,,0,0,34983,0,0,358020,3.3,1.9,3.6,2.5,2.1,21.7,3.9
"2026/02/10","2026/02/13","1579","日経レバレッジダブル","東証およびＰＴＳ",,"確報",72980,608290,249730,403900,8670,559760,-310030,43977748,366555554,150487298,243390140,5224542,337311376,-186824078,,,0,0,20646552,0,0,4327139,3.3,4.7,2.8,3.5,1.6,4.2,2.3
"2026/02/10","2026/02/13","157A","グリーンモンスター","東証およびＰＴＳ",,"確報",1900,0,26100,0,0,0,26100,1761300,0,24194700,0,0,0,24194700,,,0,0,145200,0,0,0,20.3,23.2,18,20.3,0,0,0
"2026/02/10","2026/02/13","1580","２２５インバース","東証およびＰＴＳ",,"確報",16400,5950,43390,0,0,15130,28260,15737440,5709620,41637044,0,0,14518748,27118296,,,0,0,0,642330,295035,0,6.5,3.6,6.4,4.6,41.8,10,16.2
"2026/02/10","2026/02/13","1585","ｉＦＥＸ－Ｆ","東証およびＰＴＳ",,"確報",0,0,0,0,0,10,-10,0,0,0,0,0,25400,-25400,,,0,0,0,0,0,45,4.6,0,0,0,0,2.3,4.6
"2026/02/10","2026/02/13","1586","上場ＥＸ－Ｆ","東証およびＰＴＳ",,"確報",0,0,0,0,0,0,0,0,0,0,0,0,0,0,,,0,0,0,0,0,0,2,0,1,2,0,0,0
"2026/02/10","2026/02/13","1591","ＮＦＪＰＸ４００","東証およびＰＴＳ",,"確報",0,146,204,0,0,230,-26,0,5102700,7129800,0,0,8038500,-908700,,,0,0,241500,0,0,158700,11.7,9.5,8.5,9,29.1,10.7,15.7
"2026/02/10","2026/02/13","1592","上場ＪＰＸ日経４００","東証およびＰＴＳ",,"確報",0,0,38,0,0,38,0,0,0,121486,0,0,121486,0,,,0,0,2546,0,0,2546,380,190,190,190,0,0,0
"2026/02/10","2026/02/13","1593","ＭＸＳＪＰＸ４００","東証およびＰＴＳ",,"確報",8,0,28,0,0,20,8,285520,0,999320,0,0,713800,285520,,,0,0,13000,0,0,13000,5.5,2.6,3.2,2.8,0,0,0
"2026/02/10","2026/02/13","1595","ＮＺＡＭ東証ＲＥＩＴ","東証およびＰＴＳ",,"確報",0,0,7050,0,0,50,7000,0,0,14459550,0,0,102550,14357000,,,0,0,77550,0,0,550,61.8,70.6,54.3,61.4,0,0,0
"2026/02/10","2026/02/13","1596","ＮＺＡＭ　Ｅｘ―Ｆ","東証およびＰＴＳ",,"確報",0,0,0,0,0,0,0,0,0,0,0,0,0,0,,,0,0,0,0,0,0,0,0,0,0,0,0,0
"2026/02/10","2026/02/13","1597","ＭＸＳ　Ｊリート投信","東証およびＰＴＳ",,"確報",101,0,481,0,0,0,481,209878,0,999518,0,0,0,999518,,,0,0,6460,0,0,0,16.5,21.2,15.2,17.7,0,2,4
"2026/02/10","2026/02/13","1599","ｉＦＪＰＸ日経４００","東証およびＰＴＳ",,"確報",2,5,2,0,1,0,2,70740,176850,70740,0,35370,0,70740,,,0,0,2650,0,0,530,5.2,6.3,3.8,4.8,0,3.5,7
"2026/02/10","2026/02/13","159A","ＪＰＸプライム１５０","東証およびＰＴＳ",,"確報",60,0,60,0,0,0,60,41358,0,41358,0,0,0,41358,,,0,0,0,0,0,0,2,1,0,2,0,0,0
"2026/02/10","2026/02/13","1605","ＩＮＰＥＸ","東証およびＰＴＳ",,"確報",16300,300,134900,3700,2600,4600,130300,62673500,1153500,518690500,14226500,9997000,17687000,501003500,,,0,0,14149100,0,0,416500,7.8,7.3,11,8.7,1.6,1.6,1.6
"2026/02/10","2026/02/13","160A","アズパートナーズ","東証およびＰＴＳ",,"確報",300,0,7100,0,0,0,7100,731400,0,17309800,0,0,0,17309800,,,0,0,489600,0,0,0,57,38,114,57,0,0,0
"2026/02/10","2026/02/13","1615","ＮＦ銀行業","東証およびＰＴＳ",,"確報",9900,220770,90060,0,3500,23000,67060,6633000,147915900,60340200,0,2345000,15410000,44930200,,,0,0,4935252,0,0,434600,6.5,19.6,4.6,7.5,64.4,2.1,4.1
"2026/02/10","2026/02/13","1617","ＮＦ食品Ｔ１７","東証およびＰＴＳ",,"確報",10,13,22,0,0,15,7,454200,590460,999240,0,0,681300,317940,,,0,0,0,500,300,0,3.4,30,1.8,3.4,2,0,4
"2026/02/10","2026/02/13","1618","ＮＦエネ資源Ｔ１７","東証およびＰＴＳ",,"確報",28,40,471,0,0,24,447,1052240,1503200,17700180,0,0,901920,16798260,,,0,0,598920,0,0,29760,6.5,3.4,37.1,6.2,10.5,19.3,13.6
"2026/02/10","2026/02/13","1619","ＮＦ建設資材Ｔ１７","東証およびＰＴＳ",,"確報",24,0,349,6,0,19,330,1232400,0,17921150,308100,0,975650,16945500,,,0,0,227500,0,0,9100,14.3,13.9,14.2,14.1,11.8,0,23.7
"2026/02/10","2026/02/13","1620","ＮＦ素材化学Ｔ１７","東証およびＰＴＳ",,"確報",0,5,5,0,0,1,4,0,174300,174300,0,0,34860,139440,,,0,0,4600,0,0,460,4.3,3.3,3.3,3.3,13.6,3,4.9
"2026/02/10","2026/02/13","1621","ＮＦ医薬品Ｔ１７","東証およびＰＴＳ",,"確報",0,9,264,0,0,20,244,0,291960,8564160,0,0,648800,7915360,,,0,0,158340,0,0,11600,14.5,14.6,24.9,18.4,1.8,4.3,2.5
"2026/02/10","2026/02/13","1622","ＮＦ自動車Ｔ１７","東証およびＰＴＳ",,"確報",0,30,26,13,0,73,-47,0,1195800,1036360,518180,0,2909780,-1873420,,,0,0,29680,0,0,31800,11.7,20.7,5.6,8.9,23.7,10.8,14.9
"2026/02/10","2026/02/13","1623","ＮＦ鉄鋼非鉄Ｔ１７","東証およびＰＴＳ",,"確報",23,1,572,0,0,11,561,1348950,58650,33547800,0,0,645150,32902650,,,0,0,1523500,0,0,30470,7.7,5.3,13.4,7.6,11,55,18.3
"2026/02/10","2026/02/13","1624","ＮＦ機械Ｔ１７","東証およびＰＴＳ",,"確報",0,8,59,3,0,15,44,0,759680,5602640,284880,0,1424400,4178240,,,0,0,192290,0,0,34440,15.6,20.4,18.2,19.2,5.3,9.6,6.9
"2026/02/10","2026/02/13","1625","ＮＦ電機精密Ｔ１７","東証およびＰＴＳ",,"確報",15,2,116,0,0,154,-38,813900,108520,6294160,0,0,8356040,-2061880,,,0,0,87550,0,0,130900,10.9,5,237.5,9.8,5.9,0,11.7
"2026/02/10","2026/02/13","1626","ＮＦ情通・他Ｔ１７","東証およびＰＴＳ",,"確報",0,1,7,1,2,7,0,0,40580,284060,40580,81160,284060,0,,,0,0,9680,0,0,9680,3.4,3.3,3.5,3.4,3.3,3.5,3.4
"2026/02/10","2026/02/13","1627","ＮＦ電力ガスＴ１７","東証およびＰＴＳ",,"確報",0,0,300,0,0,300,0,0,0,3775500,0,0,3775500,0,,,0,0,70500,0,0,70500,38.4,36.5,21.9,27.4,153.4,40.4,63.9
"2026/02/10","2026/02/13","1628","ＮＦ運輸物流Ｔ１７","東証およびＰＴＳ",,"確報",0,6,72,0,0,0,72,0,131880,1582560,0,0,0,1582560,,,0,0,4290,0,0,0,4.2,4.6,4.5,4.5,1,1,1
"2026/02/10","2026/02/13","1629","ＮＦ商社卸売Ｔ１７","東証およびＰＴＳ",,"確報",2,9,203,0,0,0,203,279700,1258650,28389550,0,0,0,28389550,,,0,0,882000,0,0,0,27.2,39.3,20.8,27.2,0,0,0
"2026/02/10","2026/02/13","162A","ＡＩセレクトＥＴＮ","東証およびＰＴＳ",,"確報",0,0,0,0,0,0,0,0,0,0,0,0,0,0,,,0,0,0,0,0,0,0,0,0,0,0,0,0
"2026/02/10","2026/02/13","1630","ＮＦ小売Ｔ１７","東証およびＰＴＳ",,"確報",0,1,14,0,1,14,0,0,39300,550200,0,39300,550200,0,,,0,0,4950,0,0,4950,5.2,11.3,2.4,4,36.5,36.5,36.5
"2026/02/10","2026/02/13","1631","ＮＦ銀行Ｔ１７","東証およびＰＴＳ",,"確報",92,0,221,0,0,0,221,3314760,0,7962630,0,0,0,7962630,,,0,0,178020,0,0,0,4.2,3.3,5.6,4.2,0,0,0
"2026/02/10","2026/02/13","1632","ＮＦ金融Ｔ１７","東証およびＰＴＳ",,"確報",8,0,32,8,0,32,0,301760,0,1207040,301760,0,1207040,0,,,0,0,29280,0,0,29280,10.7,5.6,118,10.7,5.6,118,10.7
"2026/02/10","2026/02/13","1633","ＮＦ不動産Ｔ１７","東証およびＰＴＳ",,"確報",0,19,34,0,2,2,32,0,1193770,2136220,0,125660,125660,2010560,,,0,0,155290,0,0,11720,2.7,2.1,3.2,2.5,21,4.2,7
"2026/02/10","2026/02/13","163A","半導体ＥＴＮ","東証およびＰＴＳ",,"確報",1,0,21,0,0,0,21,15480,0,325080,0,0,0,325080,,,0,0,4500,0,0,0,1.1,1,1.1,1.1,0,0,0
"2026/02/10","2026/02/13","1651","ｉＦ高配当４０","東証およびＰＴＳ",,"確報",324,100,3570,0,0,0,3570,997920,308000,10995600,0,0,0,10995600,,,0,0,187376,0,0,0,14.7,34.4,9.4,14.7,0,0,0
"2026/02/10","2026/02/13","1652","ｉＦ女性活躍ＷＩＮ","東証およびＰＴＳ",,"確報",0,0,0,0,0,0,0,0,0,0,0,0,0,0,,,0,0,0,0,0,0,0,0,0,0,0,0,0
"2026/02/10","2026/02/13","1653","ｉＦＥＳＧセレクト","東証およびＰＴＳ",,"確報",0,0,0,200,0,1000,-1000,0,0,0,996000,0,4980000,-4980000,,,0,0,0,0,0,64000,3.2,0,0,0,2.5,4.6,3.2
"2026/02/10","2026/02/13","1654","ｉＦブロッサム","東証およびＰＴＳ",,"確報",0,0,0,0,0,0,0,0,0,0,0,0,0,0,,,0,0,0,0,0,0,0,0,0,0,0,0,0
"2026/02/10","2026/02/13","1655","ｉＳＳＰ５００米国株","東証およびＰＴＳ",,"確報",7940,0,373180,200,20,5190,367990,6173350,0,290147450,155500,15550,4035225,286112225,,,0,0,0,949624,13026,0,15.3,14.6,18.1,16.2,40.4,2.4,4.5
"2026/02/10","2026/02/13","1656","ｉＳ米国債七十","東証およびＰＴＳ",,"確報",0,6500,7320,0,10,0,7320,0,2035800,2292624,0,3132,0,2292624,,,0,0,0,12438,9,0,1.7,1.8,1.7,1.7,1,1,1
"2026/02/10","2026/02/13","1657","ｉＳＭＳＣＩ先進国株","東証およびＰＴＳ",,"確報",0,0,6,0,0,0,6,0,0,39396,0,0,0,39396,,,0,0,0,90,0,0,6,3,0,6,0,0,0
"2026/02/10","2026/02/13","1658","ｉＳＭＳＣＩ新興国株","東証およびＰＴＳ",,"確報",0,0,110,0,0,0,110,0,0,427900,0,0,0,427900,,,0,0,0,440,0,0,12.6,0,29.5,59,1,1,1
"2026/02/10","2026/02/13","1659","ｉＳ米国リート","東証およびＰＴＳ",,"確報",11,14,39,0,17,130,-91,38401,48874,136149,0,59347,453830,-317681,,,0,0,0,798,2793,0,3,6.9,1.3,2.2,2.4,21.1,4.4
"2026/02/10","2026/02/13","1660","ＭＸＳ高利Ｊリート","東証およびＰＴＳ",,"確報",3,7,116,0,0,19,97,35220,82180,1361840,0,0,223060,1138780,,,0,0,8400,0,0,1330,5.2,4.1,4.8,4.4,48.5,97,64.7
"2026/02/10","2026/02/13","1662","石油資源開発","東証およびＰＴＳ",,"確報",10400,295100,163300,10700,800,38100,125200,22245600,631218900,349298700,22887300,1711200,81495900,267802800,,,0,0,43456000,0,0,2735400,2.7,3.8,1.9,2.5,5.9,13.2,8.1
"2026/02/10","2026/02/13","1663","Ｋ＆Ｏエナジー","東証およびＰＴＳ",,"確報",5600,7000,35000,0,1400,35000,0,27076000,33845000,169225000,0,6769000,169225000,0,,,0,0,4550000,0,0,4550000,7.9,5.5,4.1,4.7,38.9,19,25.6
"2026/02/10","2026/02/13","166A","タスキＨＤ","東証およびＰＴＳ",,"確報",2100,500,96300,0,0,0,96300,1787100,425500,81951300,0,0,0,81951300,,,0,0,1420500,0,0,0,50,42.6,79.3,55.4,0,0,0
"2026/02/10","2026/02/13","1671","ＷＴＩ原油ＥＴＦ","東証およびＰＴＳ",,"確報",8,1535,386,990,1081,13876,-13490,26560,5096200,1281520,3286800,3588920,46068320,-44786800,,,0,0,99476,0,0,726284,3.5,1.8,0.7,1,4,4,4
"2026/02/10","2026/02/13","1672","金ＥＴＦ","東証およびＰＴＳ",,"確報",0,0,0,0,0,0,0,0,0,0,0,0,0,0,,,0,0,0,0,0,0,0,0,0,0,0,0,0
"2026/02/10","2026/02/13","1673","銀ＥＴＦ","東証およびＰＴＳ",,"確報",0,0,60,0,0,0,60,0,0,691500,0,0,0,691500,,,0,0,0,8100,0,0,8,4,0,8,0,0,0
"2026/02/10","2026/02/13","1674","プラチナＥＴＦ","東証およびＰＴＳ",,"確報",0,0,0,0,0,0,0,0,0,0,0,0,0,0,,,0,0,0,0,0,0,0,0,0,0,0,0,0
"2026/02/10","2026/02/13","1675","パラジＥＴＦ","東証およびＰＴＳ",,"確報",0,0,0,0,0,0,0,0,0,0,0,0,0,0,,,0,0,0,0,0,0,0,0,0,0,0,0,0
"2026/02/10","2026/02/13","1676","キンゾクＥＴＦ","東証およびＰＴＳ",,"確報",0,0,0,0,0,0,0,0,0,0,0,0,0,0,,,0,0,0,0,0,0,0,0,0,0,0,0,0
"2026/02/10","2026/02/13","1677","上場外債","東証およびＰＴＳ",,"確報",0,0,0,0,0,0,0,0,0,0,0,0,0,0,,,0,0,0,0,0,0,0,0,0,0,0,0,0
"2026/02/10","2026/02/13","1678","ＮＦインド株","東証およびＰＴＳ",,"確報",5340,200,77410,0,0,0,77410,1871670,70100,27132205,0,0,0,27132205,,,0,0,0,43362,0,0,17.4,27.1,12.8,17.4,0,0,0
"2026/02/10","2026/02/13","1679","ＮＹダウ","東証およびＰＴＳ",,"確報",0,0,0,0,0,0,0,0,0,0,0,0,0,0,,,0,0,0,0,0,0,0,0,0,0,0,0,0
"2026/02/10","2026/02/13","167A","リョーサン菱洋","東証およびＰＴＳ",,"確報",6600,100,36100,6500,0,36100,0,21483000,325500,117505500,21157500,0,117505500,0,,,0,0,2516000,0,0,2516000,15.6,10.4,25.1,14.7,11.3,31.4,16.7
"2026/02/10","2026/02/13","1680","上場ＭＳコク","東証およびＰＴＳ",,"確報",0,0,0,0,0,0,0,0,0,0,0,0,0,0,,,0,0,0,0,0,0,0,0,0,0,0,0,0
"2026/02/10","2026/02/13","1681","上場ＭＳエマ","東証およびＰＴＳ",,"確報",0,1,59,0,1,59,0,0,2998,176882,0,2998,176882,0,,,0,0,1980,0,0,1980,3.9,3.2,5,3.9,3.2,5,3.9
"2026/02/10","2026/02/13","1684","商品ＥＴＦ","東証およびＰＴＳ",,"確報",0,0,0,0,0,0,0,0,0,0,0,0,0,0,,,0,0,0,0,0,0,0,0,0,0,0,0,0
"2026/02/10","2026/02/13","1685","エナジーＥＴＦ","東証およびＰＴＳ",,"確報",0,0,0,0,0,0,0,0,0,0,0,0,0,0,,,0,0,0,0,0,0,0,0,0,0,0,0,0
"2026/02/10","2026/02/13","1686","メタルＥＴＦ","東証およびＰＴＳ",,"確報",0,0,0,0,0,0,0,0,0,0,0,0,0,0,,,0,0,0,0,0,0,0,0,0,0,0,0,0
"2026/02/10","2026/02/13","1687","アグリＥＴＦ","東証およびＰＴＳ",,"確報",0,0,0,0,0,0,0,0,0,0,0,0,0,0,,,0,0,0,0,0,0,0,0,0,0,0,0,0
"2026/02/10","2026/02/13","1688","穀物ＥＴＦ","東証およびＰＴＳ",,"確報",0,0,0,0,0,0,0,0,0,0,0,0,0,0,,,0,0,0,0,0,0,0,0,0,0,0,0,0
"2026/02/10","2026/02/13","1689","ガスＥＴＦ","東証およびＰＴＳ",,"確報",0,0,0,0,0,0,0,0,0,0,0,0,0,0,,,0,0,0,0,0,0,0,0,0,0,0,0,0
"2026/02/10","2026/02/13","168A","イタミアート","東証およびＰＴＳ",,"確報",200,200,13200,0,0,0,13200,269200,269200,17767200,0,0,0,17767200,,,0,0,448800,0,0,0,13.2,82.7,7.2,13.2,0,0,0
"2026/02/10","2026/02/13","1690","原油ＥＴＦ","東証およびＰＴＳ",,"確報",0,0,0,0,0,0,0,0,0,0,0,0,0,0,,,0,0,0,0,0,0,0,0,0,0,0,0,0
"2026/02/10","2026/02/13","1691","ガソリンＥＴＦ","東証およびＰＴＳ",,"確報",0,0,0,0,0,0,0,0,0,0,0,0,0,0,,,0,0,0,0,0,0,0,0,0,0,0,0,0
"2026/02/10","2026/02/13","1692","アルミＥＴＦ","東証およびＰＴＳ",,"確報",0,0,0,0,0,0,0,0,0,0,0,0,0,0,,,0,0,0,0,0,0,0,0,0,0,0,0,0
"2026/02/10","2026/02/13","1693","銅ＥＴＦ","東証およびＰＴＳ",,"確報",0,0,4300,0,0,0,4300,0,0,34511800,0,0,0,34511800,,,0,0,0,141900,0,0,0,0,0,0,0,0,0
"2026/02/10","2026/02/13","1694","ニッケルＥＴＦ","東証およびＰＴＳ",,"確報",0,0,10,0,0,0,10,0,0,23530,0,0,0,23530,,,0,0,0,365,0,0,0,0,0,0,0,0,0
"2026/02/10","2026/02/13","1695","小麦ＥＴＦ","東証およびＰＴＳ",,"確報",0,0,1100,0,0,0,1100,0,0,3036000,0,0,0,3036000,,,0,0,0,24200,0,0,0,0,0,0,0,0,0
"2026/02/10","2026/02/13","1696","コーンＥＴＦ","東証およびＰＴＳ",,"確報",0,0,0,0,0,0,0,0,0,0,0,0,0,0,,,0,0,0,0,0,0,0,0,0,0,0,0,0
"2026/02/10","2026/02/13","1697","大豆ＥＴＦ","東証およびＰＴＳ",,"確報",0,0,0,0,0,0,0,0,0,0,0,0,0,0,,,0,0,0,0,0,0,0,0,0,0,0,0,0
"2026/02/10","2026/02/13","1698","上場配当","東証およびＰＴＳ",,"確報",1,0,452,0,100,21,431,4231,0,1912412,0,423100,88851,1823561,,,0,0,25256,0,0,6776,8.5,15.9,8.5,11.1,1.2,1.4,1.3
"2026/02/10","2026/02/13","1699","ＮＦ原油先物","東証およびＰＴＳ",,"確報",20,9140,5410,7750,10,46160,-40750,8532,3899124,2307906,3306150,4266,19691856,-17383950,,,0,0,104616,0,0,276624,3.3,5.2,2.5,3.4,3.7,3,3.3
"2026/02/10","2026/02/13","170A","ＳＭＴ　日本好配当株","東証およびＰＴＳ",,"確報",176,0,214,0,0,0,214,516912,0,628518,0,0,0,628518,,,0,0,1634,0,0,0,4.1,3,6.7,4.1,0,0,0
"2026/02/10","2026/02/13","1711","ＳＤＳＨＤ","東証およびＰＴＳ",,"確報",500,400,20300,0,0,0,20300,133500,106800,5420100,0,0,0,5420100,,,0,0,60600,0,0,0,26.2,24.9,27.5,26.2,0,0,0
"2026/02/10","2026/02/13","1716","第一カッター興業","東証およびＰＴＳ",,"確報",100,0,475400,100,1000,3300,472100,145000,0,689330000,145000,1450000,4785000,684545000,,,0,0,0,2376500,21000,0,592.5,9999.9,9999.9,9999.9,7.8,4.5,5.7
"2026/02/10","2026/02/13","1717","明豊ファシリワークス","東証およびＰＴＳ",,"確報",0,1000,13200,0,0,0,13200,0,1085000,14322000,0,0,0,14322000,,,0,0,0,14200,0,0,60.1,62.8,57.6,60.1,0,0,0
"2026/02/10","2026/02/13","1718","美樹工業","東証およびＰＴＳ",,"確報",0,100,2000,0,0,0,2000,0,970000,19400000,0,0,0,19400000,,,0,0,546000,0,0,0,12.7,14.3,11.4,12.7,0,0,0
"2026/02/10","2026/02/13","1719","安藤・間","東証およびＰＴＳ",,"確報",1300,100,33100,1300,100,33100,0,2846350,218950,72472450,2846350,218950,72472450,0,,,0,0,239250,0,0,239250,11.4,7.6,11,9,11.8,22.7,15.5
"2026/02/10","2026/02/13","1720","東急建設","東証およびＰＴＳ",,"確報",6500,1800,30300,8900,300,15600,14700,10374000,2872800,48358800,14204400,478800,24897600,23461200,,,0,0,3174400,0,0,868000,6.2,5.8,11.6,7.7,4.8,3.9,4.3
"2026/02/10","2026/02/13","1721","コムシスＨＤ","東証およびＰＴＳ",,"確報",100,4700,9400,1300,5900,9400,0,532900,25046300,50092600,6927700,31441100,50092600,0,,,0,0,2058000,0,0,2058000,5.4,6.4,5.3,5.8,5.5,4.6,5
"2026/02/10","2026/02/13","1723","日本電技","東証およびＰＴＳ",,"確報",400,0,5700,0,0,0,5700,4556000,0,64923000,0,0,0,64923000,,,0,0,0,2120000,0,0,5,15.3,3,5,0,0,0
"2026/02/10","2026/02/13","1724","シンクレイヤ","東証およびＰＴＳ",,"確報",0,0,2100,0,0,0,2100,0,0,1522500,0,0,0,1522500,,,0,0,10500,0,0,0,26,117,14.6,26,0,0,0
"2026/02/10","2026/02/13","1726","ＢＲホールディングス","東証およびＰＴＳ",,"確報",100,30800,26800,0,0,0,26800,52900,16293200,14177200,0,0,0,14177200,,,0,0,0,0,0,0,2.9,2.7,3.3,2.9,0,0,0
"2026/02/10","2026/02/13","1736","オーテック","東証およびＰＴＳ",,"確報",1500,1700,3900,0,0,0,3900,3843000,4355400,9991800,0,0,0,9991800,,,0,0,0,635500,0,0,8.7,11.6,7,8.7,0,0,0
"2026/02/10","2026/02/13","173A","ハンモック","東証およびＰＴＳ",,"確報",0,0,1600,0,0,0,1600,0,0,2398400,0,0,0,2398400,,,0,0,54400,0,0,0,156,78,0,156,0,0,0
"2026/02/10","2026/02/13","1758","太洋基礎工業","東証およびＰＴＳ",,"確報",0,0,600,0,0,0,600,0,0,1594800,0,0,0,1594800,,,0,0,34200,0,0,0,0,0,0,0,0,0,0
"2026/02/10","2026/02/13","175A","Ｗｉｌｌ　Ｓｍａｒｔ","東証およびＰＴＳ",,"確報",1000,100,69400,0,0,0,69400,840000,84000,58296000,0,0,0,58296000,,,0,0,0,137000,0,0,182.3,96.4,1686.5,182.3,0,0,0
"2026/02/10","2026/02/13","1762","高松コンストラクシＧ","東証およびＰＴＳ",,"確報",1900,13100,15200,0,0,45000,-29800,8227000,56723000,65816000,0,0,194850000,-129034000,,,0,0,4356000,0,0,7425000,25.7,31.3,7.3,11.9,41.3,702.3,78
"2026/02/10","2026/02/13","1764","工藤建設","東証およびＰＴＳ",,"確報",0,0,200,0,0,0,200,0,0,618000,0,0,0,618000,,,0,0,1000,0,0,0,18,9,0,18,0,0,0
"2026/02/10","2026/02/13","1766","東建コーポレーション","東証およびＰＴＳ",,"確報",200,0,1100,500,300,9300,-8200,3064000,0,16852000,7660000,4596000,142476000,-125624000,,,0,0,36000,0,0,364000,18.9,25,5.8,9.4,20.6,24.9,22.5
"2026/02/10","2026/02/13","1768","ソネック","東証およびＰＴＳ",,"確報",0,500,2500,0,200,400,2100,0,817000,4085000,0,326800,653600,3431400,,,0,0,0,195000,39000,0,6.2,5.9,7.4,6.6,3.6,6,4.5
"2026/02/10","2026/02/13","1770","藤田エンジニアリング","東証およびＰＴＳ",,"確報",0,0,300,0,0,0,300,0,0,555000,0,0,0,555000,,,0,0,3000,0,0,0,0,0,0,0,0,0,0
"2026/02/10","2026/02/13","1773","ワイ・ティー・エル","東証およびＰＴＳ",,"確報",0,0,15000,0,0,0,15000,0,0,1200000,0,0,0,1200000,,,0,0,0,0,0,0,0,0,0,0,0,0,0
"2026/02/10","2026/02/13","1776","三井住建道路","東証およびＰＴＳ",,"確報",0,0,7000,0,0,0,7000,0,0,11641000,0,0,0,11641000,,,0,0,7000,0,0,0,87.3,69.8,116.3,87.3,0,0,0
"2026/02/10","2026/02/13","177A","コージンバイオ","東証およびＰＴＳ",,"確報",0,100,3000,0,0,0,3000,0,119500,3585000,0,0,0,3585000,,,0,0,37200,0,0,0,98.7,74,148,98.7,0,0,0
"2026/02/10","2026/02/13","1780","ヤマウラ","東証およびＰＴＳ",,"確報",0,1600,25500,2100,400,9100,16400,0,2523200,40213500,3311700,630800,14350700,25862800,,,0,0,596200,0,0,162800,36.3,354,30.8,56.6,10.6,25.8,15
"2026/02/10","2026/02/13","1783","ｆａｎｔａｓｉｓｔａ","東証およびＰＴＳ",,"確報",0,0,0,0,0,0,0,0,0,0,0,0,0,0,,,0,0,0,0,0,0,0,0,0,0,0,0,0
"2026/02/10","2026/02/13","1786","オリエンタル白石","東証およびＰＴＳ",,"確報",57700,400,96500,2000,1200,148700,-52200,24984100,173200,41784500,866000,519600,64387100,-22602600,,,0,0,39200,0,0,147900,9.3,3.3,3.5,3.4,70.8,50.1,58.7
"2026/02/10","2026/02/13","1787","ナカボーテック","東証およびＰＴＳ",,"確報",100,0,100,0,0,0,100,597000,0,597000,0,0,0,597000,,,0,0,0,0,0,0,2,1,0,2,0,0,0
"2026/02/10","2026/02/13","1788","三東工業社","東証およびＰＴＳ",,"確報",0,0,100,0,0,0,100,0,0,600000,0,0,0,600000,,,0,0,2000,0,0,0,0,0,0,0,0,0,0
"2026/02/10","2026/02/13","178A","ＧＸ革新優良企業","東証およびＰＴＳ",,"確報",0,50,15146,0,0,0,15146,0,73650,22310058,0,0,0,22310058,,,0,0,91176,0,0,0,48.3,31,109.3,48.3,0,0,0
"2026/02/10","2026/02/13","1793","大本組","東証およびＰＴＳ",,"確報",0,0,1300,0,0,0,1300,0,0,2169700,0,0,0,2169700,,,0,0,13000,0,0,0,23,23,23,23,0,0,0
"2026/02/10","2026/02/13","1795","マサル","東証およびＰＴＳ",,"確報",0,0,0,0,0,0,0,0,0,0,0,0,0,0,,,0,0,0,0,0,0,0,0,0,0,0,0,0
"2026/02/10","2026/02/13","1798","守谷商会","東証およびＰＴＳ",,"確報",0,300,25300,0,0,0,25300,0,2007000,169257000,0,0,0,169257000,,,0,0,3584000,0,0,0,129.8,324.5,81.1,129.8,0,0,0
"2026/02/10","2026/02/13","1799","第一建設工業","東証およびＰＴＳ",,"確報",700,1800,3800,0,0,3800,0,3055500,7857000,16587000,0,0,16587000,0,,,0,0,563500,0,0,437000,12.2,12.9,9.1,10.7,7.8,0,15.5
"2026/02/10","2026/02/13","179A","ＧＸ超長期米国債Ｈ","東証およびＰＴＳ",,"確報",1510,9460,37130,10,0,60,37070,396375,2483250,9746625,2625,0,15750,9730875,,,0,0,85652,0,0,95,17.3,21.8,14.3,17.3,26,26,26
"2026/02/10","2026/02/13","1801","大成建設","東証およびＰＴＳ",,"確報",500,1600,32300,4200,1200,15800,16500,9342500,29896000,603525500,78477000,22422000,295223000,308302500,,,0,0,4008000,0,0,1536000,9.2,10.1,13.7,11.6,3.7,11.5,5.6
"2026/02/10","2026/02/13","1802","大林組","東証およびＰＴＳ",,"確報",15600,8400,120400,300,24000,6400,114000,67626000,36414000,521934000,1300500,104040000,27744000,494190000,,,0,0,5094000,0,0,1354500,5.8,3.9,24.1,6.8,7.3,2.8,4
"2026/02/10","2026/02/13","1803","清水建設","東証およびＰＴＳ",,"確報",3100,1900,43900,3600,7700,38600,5300,10905800,6684200,154440200,12664800,27088600,135794800,18645400,,,0,0,3202500,0,0,3202500,5.4,6.5,4.1,5,7.3,5.3,6.1
"2026/02/10","2026/02/13","1807","佐藤渡辺","東証およびＰＴＳ",,"確報",0,0,1200,0,0,0,1200,0,0,2329200,0,0,0,2329200,,,0,0,0,13200,0,0,26,0,13,26,0,0,0
"2026/02/10","2026/02/13","1808","長谷工コーポ","東証およびＰＴＳ",,"確報",11200,600,61400,3200,1500,67000,-5600,39166400,2098200,214715800,11190400,5245500,234299000,-19583200,,,0,0,4318000,0,0,5550500,15.5,13.3,21.5,16.5,15,14.4,14.7
"2026/02/10","2026/02/13","180A","ＧＸ超長期米国債","東証およびＰＴＳ",,"確報",0,0,50000,0,0,990,49010,0,0,14770000,0,0,292446,14477554,,,0,0,0,5000,99,0,2319,0,0,0,42.4,50.9,46.3
"2026/02/10","2026/02/13","1810","松井建設","東証およびＰＴＳ",,"確報",1400,0,12900,100,800,2900,10000,2373000,0,21865500,169500,1356000,4915500,16950000,,,0,0,690000,0,0,216000,31.8,28,65.3,39.2,35,13.5,19.4
"2026/02/10","2026/02/13","1811","銭高組","東証およびＰＴＳ",,"確報",600,600,4300,100,100,4300,0,5442000,5442000,39001000,907000,907000,39001000,0,,,0,0,1032000,0,0,1032000,11.3,7,6.5,6.7,41.8,29.9,34.8
"2026/02/10","2026/02/13","1812","鹿島建設","東証およびＰＴＳ",,"確報",27000,1200,82100,100,1900,9000,73100,207792000,9235200,631841600,769600,14622400,69264000,562577600,,,0,0,8895400,0,0,1706400,6.4,4.4,23.1,7.3,2.9,3.3,3.1
"2026/02/10","2026/02/13","1813","不動テトラ","東証およびＰＴＳ",,"確報",1200,5000,28200,200,4000,28200,0,4614000,19225000,108429000,769000,15380000,108429000,0,,,0,0,0,320000,320000,0,10.7,11.1,6,7.8,426.4,8.8,17.2
"2026/02/10","2026/02/13","1814","大末建設","東証およびＰＴＳ",,"確報",1100,900,13800,200,0,13800,0,4796000,3924000,60168000,872000,0,60168000,0,,,0,0,3196000,0,0,3196000,15.7,8.1,8,8.1,345.5,230.3,276.4
"2026/02/10","2026/02/13","1815","鉄建建設","東証およびＰＴＳ",,"確報",700,26100,10400,400,0,7600,2800,3962000,147726000,58864000,2264000,0,43016000,15848000,,,0,0,4654000,0,0,936000,2.6,2.3,1.5,1.8,13.8,8.9,10.8
"2026/02/10","2026/02/13","181A","ＭＸ米債１－３ヘ無","東証およびＰＴＳ",,"確報",0,0,0,0,0,0,0,0,0,0,0,0,0,0,,,0,0,0,0,0,0,0,0,0,0,0,0,0
"2026/02/10","2026/02/13","1820","西松建設","東証およびＰＴＳ",,"確報",800,600,13600,400,200,13600,0,5070400,3802800,86196800,2535200,1267600,86196800,0,,,0,0,951400,0,0,951400,26.1,14.5,15.1,14.8,95.1,133.2,111
"2026/02/10","2026/02/13","1822","大豊建設","東証およびＰＴＳ",,"確報",4700,0,49600,4800,100,49600,0,3910400,0,41267200,3993600,83200,41267200,0,,,0,0,853100,0,0,853100,20.8,9.7,24.3,13.8,48.6,31.4,38.1
"2026/02/10","2026/02/13","1826","佐田建設","東証およびＰＴＳ",,"確報",0,200,6200,0,0,0,6200,0,252400,7824400,0,0,0,7824400,,,0,0,89600,0,0,0,13.2,13.5,15.6,14.4,1,1,1
"2026/02/10","2026/02/13","1827","ナカノフドー建設","東証およびＰＴＳ",,"確報",400,500,64100,600,300,58100,6000,586400,733000,93970600,879600,439800,85174600,8796000,,,0,0,4301400,0,0,3872600,15.3,5.6,20.6,8.7,82.2,82.2,82.2
"2026/02/10","2026/02/13","1828","田辺工業","東証およびＰＴＳ",,"確報",0,300,4200,0,0,0,4200,0,834000,11676000,0,0,0,11676000,,,0,0,355500,0,0,0,36.4,0,18.2,36.4,0,0,0
"2026/02/10","2026/02/13","182A","ＭＸ米債２０超ヘ無","東証およびＰＴＳ",,"確報",0,0,0,0,0,0,0,0,0,0,0,0,0,0,,,0,0,0,0,0,0,0,0,0,0,0,0,0
"2026/02/10","2026/02/13","1833","奥村組","東証およびＰＴＳ",,"確報",1300,300,11100,1000,0,11100,0,9451000,2181000,80697000,7270000,0,80697000,0,,,0,0,1313000,0,0,1313000,6.8,5.1,3.3,4,13.7,61.6,22.4
"2026/02/10","2026/02/13","1835","東鉄工業","東証およびＰＴＳ",,"確報",4800,0,5400,0,400,200,5200,22896000,0,25758000,0,1908000,954000,24804000,,,0,0,0,246000,246000,0,3.3,1.6,14.2,2.8,14,4.7,7
"2026/02/10","2026/02/13","183A","ＭＸ米債２０超ヘ有","東証およびＰＴＳ",,"確報",0,0,0,0,0,0,0,0,0,0,0,0,0,0,,,0,0,0,0,0,0,0,0,0,0,0,0,0
"2026/02/10","2026/02/13","1840","土屋ホールディングス","東証およびＰＴＳ",,"確報",100,0,13100,0,0,0,13100,23300,0,3052300,0,0,0,3052300,,,0,0,0,13000,0,0,65.9,54.9,82.4,65.9,0,0,0
"2026/02/10","2026/02/13","1841","サンユー建設","東証およびＰＴＳ",,"確報",0,0,0,0,0,0,0,0,0,0,0,0,0,0,,,0,0,0,0,0,0,0,0,0,0,0,0,0
"2026/02/10","2026/02/13","1844","大盛工業","東証およびＰＴＳ",,"確報",0,1500,52300,0,0,0,52300,0,927000,32321400,0,0,0,32321400,,,0,0,484200,0,0,0,24.4,16.7,45.5,24.4,0,0,0
"2026/02/10","2026/02/13","1847","イチケン","東証およびＰＴＳ",,"確報",0,100,7700,0,0,0,7700,0,538000,41426000,0,0,0,41426000,,,0,0,546000,0,0,0,391,0,195.5,391,0,0,0
"2026/02/10","2026/02/13","1848","富士ピー・エス","東証およびＰＴＳ",,"確報",0,0,2900,0,300,1800,1100,0,0,2079300,0,215100,1290600,788700,,,0,0,81200,0,0,58800,38,0,74.5,149,19.6,16.3,17.8
"2026/02/10","2026/02/13","184A","学びエイド","東証およびＰＴＳ",,"確報",0,0,2900,0,0,0,2900,0,0,1128100,0,0,0,1128100,,,0,0,11600,0,0,0,145,0,72.5,145,0,0,0
"2026/02/10","2026/02/13","1850","南海辰村建設","東証およびＰＴＳ",,"確報",300,0,43500,0,0,0,43500,173700,0,25186500,0,0,0,25186500,,,0,0,43200,0,0,0,2.9,40.3,1.5,2.9,0,0,0
"2026/02/10","2026/02/13","1852","浅沼組","東証およびＰＴＳ",,"確報",21300,0,72400,3100,0,21300,51100,25986000,0,88328000,3782000,0,25986000,62342000,,,0,0,2299500,0,0,819000,4.2,6.8,2.3,3.4,7.2,62.5,13
"2026/02/10","2026/02/13","1853","森組","東証およびＰＴＳ",,"確報",0,100,1700,0,0,0,1700,0,34600,588200,0,0,0,588200,,,0,0,0,0,0,0,3.5,4.4,2.9,3.5,0,0,0
"2026/02/10","2026/02/13","1860","戸田建設","東証およびＰＴＳ",,"確報",8600,8800,43600,200,400,43600,0,13390200,13701600,67885200,311400,622800,67885200,0,,,0,0,1182600,0,0,1182600,4.9,2.5,3,2.7,88.1,30.2,45
"2026/02/10","2026/02/13","1861","熊谷組","東証およびＰＴＳ",,"確報",12200,13800,81700,0,1600,81700,0,24168200,27337800,161847700,0,3169600,161847700,0,,,0,0,1082900,0,0,1082900,11,10.3,4.4,6.2,204.6,43.4,71.6
"2026/02/10","2026/02/13","1866","北野建設","東証およびＰＴＳ",,"確報",1800,0,372200,2900,0,14100,358100,3058200,0,632367800,4927100,0,23955900,608411900,,,0,0,24816800,0,0,750400,426.4,975.8,9270,1765.7,20.9,17.1,18.8
"2026/02/10","2026/02/13","1867","植木組","東証およびＰＴＳ",,"確報",1100,0,27300,100,0,800,26500,3476000,0,86268000,316000,0,2528000,83740000,,,0,0,1441000,0,0,38500,33.3,25.5,78,38.4,2.4,6.3,3.5
"2026/02/10","2026/02/13","186A","アストロスケール","東証およびＰＴＳ",,"確報",19000,20300,883700,0,1300,883700,0,21299000,22756300,990627700,0,1457300,990627700,0,,,0,0,18585000,0,0,18585000,32.2,18,16.1,17,0,151,302
"2026/02/10","2026/02/13","1870","矢作建設工業","東証およびＰＴＳ",,"確報",0,2300,15400,300,3500,300,15100,0,5618900,37622200,732900,8550500,732900,36889300,,,0,0,584100,0,0,115500,12.6,21.4,20.3,20.8,8.9,2.3,3.6
"2026/02/10","2026/02/13","1871","ピーエス","東証およびＰＴＳ",,"確報",10300,38500,17300,0,5300,25500,-8200,34041500,127242500,57176500,0,17516500,84277500,-27101000,,,0,0,0,1592500,1078000,0,2,1.3,1,1.1,30.9,19.3,23.8
"2026/02/10","2026/02/13","1873","日本ハウスＨＤ","東証およびＰＴＳ",,"確報",0,1000,4300,0,0,0,4300,0,325000,1397500,0,0,0,1397500,,,0,0,15900,0,0,0,12.6,24.6,8.5,12.6,0,0,0
"2026/02/10","2026/02/13","1878","大東建託","東証およびＰＴＳ",,"確報",400,0,34600,1200,600,5500,29100,1378800,0,119266200,4136400,2068200,18958500,100307700,,,0,0,68400,0,0,9800,12.8,12.7,52.3,20.5,2.4,5.5,3.3
"2026/02/10","2026/02/13","1879","新日本建設","東証およびＰＴＳ",,"確報",1100,1400,3800,100,400,3800,0,2363900,3008600,8166200,214900,859600,8166200,0,,,0,0,168100,0,0,168100,5.7,4.7,4.4,4.5,8.2,7.3,7.7
"2026/02/10","2026/02/13","1882","東亜道路工業","東証およびＰＴＳ",,"確報",2200,900,20100,1200,0,9000,11100,4120600,1685700,37647300,2247600,0,16857000,20790300,,,0,0,319600,0,0,132600,15.2,18.8,22.4,20.4,12.3,8.5,10.1
"2026/02/10","2026/02/13","1885","東亜建設工業","東証およびＰＴＳ",,"確報",7700,900,70900,4500,3100,8400,62500,34265000,4005000,315505000,20025000,13795000,37380000,278125000,,,0,0,16025000,0,0,1750000,11.3,10.4,19.9,13.7,12.1,4.6,6.6
"2026/02/10","2026/02/13","1887","日本国土開発","東証およびＰＴＳ",,"確報",0,2700,99400,16600,0,29300,70100,0,1876500,69083000,11537000,0,20363500,48719500,,,0,0,918900,0,0,114300,13.5,8.5,63,15,5,41.7,8.9
"2026/02/10","2026/02/13","1888","若築建設","東証およびＰＴＳ",,"確報",3000,0,8800,3000,0,8800,0,15870000,0,46552000,15870000,0,46552000,0,,,0,0,1334000,0,0,1334000,7.7,5.4,5.9,5.6,8.2,106,15.1
"2026/02/10","2026/02/13","188A","ＧＸ印度トップ１０＋","東証およびＰＴＳ",,"確報",0,2000,6429,0,0,0,6429,0,1974000,6345423,0,0,0,6345423,,,0,0,0,33716,0,0,12.4,5788.7,6.2,12.4,0,0,0
"2026/02/10","2026/02/13","1893","五洋建設","東証およびＰＴＳ",,"確報",3300,34900,151700,1100,5000,11300,140400,6967950,73691350,320314550,2322650,10557500,23859950,296454600,,,0,0,33268950,0,0,2758800,11.2,12.2,12.5,12.3,3.3,6.1,4.3
"2026/02/10","2026/02/13","1897","金下建設","東証およびＰＴＳ",,"確報",0,0,0,0,0,0,0,0,0,0,0,0,0,0,,,0,0,0,0,0,0,0,0,0,0,0,0,0
"2026/02/10","2026/02/13","1898","世紀東急工業","東証およびＰＴＳ",,"確報",100,200,26500,500,0,9200,17300,169600,339200,44944000,848000,0,15603200,29340800,,,0,0,0,26600,8700,0,51.7,76.2,31.9,45,54.9,439,97.6
"2026/02/10","2026/02/13","1899","福田組","東証およびＰＴＳ",,"確報",0,0,7400,0,0,1700,5700,0,0,63196000,0,0,14518000,48678000,,,0,0,962000,0,0,221000,49.2,32.4,71.2,44.5,87,87,87
"2026/02/10","2026/02/13","189A","Ｄ＆Ｍカンパニー","東証およびＰＴＳ",,"確報",100,100,2200,0,0,0,2200,95900,95900,2109800,0,0,0,2109800,,,0,0,30800,0,0,0,73.3,110,55,73.3,0,0,0
"2026/02/10","2026/02/13","1904","大成温調","東証およびＰＴＳ",,"確報",0,0,5200,100,100,1300,3900,0,0,25636000,493000,493000,6409000,19227000,,,0,0,104000,0,0,26000,2.6,17.9,1.2,2.2,5.3,26.5,8.8
"2026/02/10","2026/02/13","1905","テノックス","東証およびＰＴＳ",,"確報",0,0,300,0,0,0,300,0,0,435000,0,0,0,435000,,,0,0,0,5700,0,0,10,5,0,10,0,0,0
"2026/02/10","2026/02/13","1909","日本ドライケミカル","東証およびＰＴＳ",,"確報",900,500,8800,0,800,2300,6500,10233000,5685000,100056000,0,9096000,26151000,73905000,,,0,0,0,924000,341000,0,9.2,5.5,41.5,9.8,9.3,7.1,8.1
"2026/02/10","2026/02/13","190A","Ｃｈｏｒｄｉａ","東証およびＰＴＳ",,"確報",9100,100,159200,0,0,0,159200,1082900,11900,18944800,0,0,0,18944800,,,0,0,450600,0,0,0,30,43.1,23,30,0,0,0
"2026/02/10","2026/02/13","1911","住友林業","東証およびＰＴＳ",,"確報",1400,200,77400,14000,300,17200,60200,2492000,356000,137772000,24920000,534000,30616000,107156000,,,0,0,2476500,0,0,113750,8.4,82.7,21.5,34.2,1.5,2.2,1.8
"2026/02/10","2026/02/13","1914","日本基礎技術","東証およびＰＴＳ",,"確報",700,0,11800,0,200,2600,9200,486500,0,8201000,0,139000,1807000,6394000,,,0,0,22200,0,0,5600,24.6,52.2,19.6,28.5,148,8.2,15.6
"2026/02/10","2026/02/13","1921","巴コーポレーション","東証およびＰＴＳ",,"確報",100,0,202800,1600,600,74800,128000,202200,0,410061600,3235200,1213200,151245600,258816000,,,0,0,0,15405200,5608800,0,120.9,919.9,9999.9,1686.5,43.1,28,33.9
"2026/02/10","2026/02/13","1925","大和ハウス工業","東証およびＰＴＳ",,"確報",10400,1500,26000,26500,100,43500,-17500,58229600,8398500,145574000,148373500,559900,243556500,-97982500,,,0,0,427500,0,0,427500,4.9,3.5,12.6,5.5,2.2,856,4.4
"2026/02/10","2026/02/13","1926","ライト工業","東証およびＰＴＳ",,"確報",0,8700,15500,200,8900,15500,0,0,34495500,61457500,793000,35288500,61457500,0,,,0,0,363000,0,0,363000,5.4,4.3,5.7,4.9,5.2,7.3,6.1
"2026/02/10","2026/02/13","1928","積水ハウス","東証およびＰＴＳ",,"確報",1200,1900,38000,7300,0,9500,28500,4437600,7026200,140524000,26995400,0,35131000,105393000,,,0,0,2244600,0,0,127600,6.2,18,5,7.9,1.5,2.6,1.9
"2026/02/10","2026/02/13","1929","日特建設","東証およびＰＴＳ",,"確報",2000,1500,20900,0,200,9900,11000,2786000,2089500,29113700,0,278600,13790700,15323000,,,0,0,469200,0,0,232300,13.7,9.8,23.2,13.7,12.1,15.8,13.7
"2026/02/10","2026/02/13","192A","インテグループ","東証およびＰＴＳ",,"確報",0,100,2500,0,0,0,2500,0,195900,4897500,0,0,0,4897500,,,0,0,0,96200,0,0,126,126,126,126,0,0,0
"2026/02/10","2026/02/13","1930","北陸電気工事","東証およびＰＴＳ",,"確報",300,0,7700,0,1400,3800,3900,506400,0,12997600,0,2363200,6414400,6583200,,,0,0,281200,0,0,197600,2.1,3.4,1.8,2.3,3,1.4,1.9
"2026/02/10","2026/02/13","1934","ユアテック","東証およびＰＴＳ",,"確報",100,200,3300,0,100,2200,1100,293700,587400,9692100,0,293700,6461400,3230700,,,0,0,142800,0,0,96600,6.2,20,4.6,7.5,119,2.4,4.8
"2026/02/10","2026/02/13","1938","日本リーテック","東証およびＰＴＳ",,"確報",700,0,4700,0,0,0,4700,1802500,0,12102500,0,0,0,12102500,,,0,0,44000,0,0,0,12.9,9.4,20.6,12.9,0,0,0
"2026/02/10","2026/02/13","1939","四電工","東証およびＰＴＳ",,"確報",0,1600,16000,200,1800,16000,0,0,3241600,32416000,405200,3646800,32416000,0,,,0,0,0,52800,52800,0,7.9,17.3,6.5,9.5,11.1,5.1,7
"2026/02/10","2026/02/13","1941","中電工","東証およびＰＴＳ",,"確報",1400,200,3600,1200,0,3600,0,6769000,967000,17406000,5802000,0,17406000,0,,,0,0,72000,0,0,72000,4.5,3.5,3.5,3.5,6.5,6.5,6.5
"2026/02/10","2026/02/13","1942","関電工","東証およびＰＴＳ",,"確報",11600,1300,23700,125700,1200,245400,-221700,69855200,7828600,142721400,756965400,7226400,1477798800,-1335077400,,,0,0,670000,0,0,6045000,3.6,9.1,3.9,5.5,1.6,33.5,3.1
"2026/02/10","2026/02/13","1944","きんでん","東証およびＰＴＳ",,"確報",200,900,27000,200,0,5700,21300,1580200,7110900,213327000,1580200,0,45035700,168291300,,,0,0,443200,0,0,88000,18.7,50.9,18.2,26.8,2.6,25.2,4.7
"2026/02/10","2026/02/13","1945","東京エネシス","東証およびＰＴＳ",,"確報",100,7900,14700,0,800,3800,10900,190200,15025800,27959400,0,1521600,7227600,20731800,,,0,0,810000,0,0,165600,7.7,9.2,6.5,7.6,33.2,4.5,7.8
"2026/02/10","2026/02/13","1946","トーエネック","東証およびＰＴＳ",,"確報",0,1000,18700,100,100,100,18600,0,2191000,40971700,219100,219100,219100,40752600,,,0,0,374300,0,0,1900,5.5,51.9,2.9,5.5,25,2.5,4.5
"2026/02/10","2026/02/13","1948","弘電社","東証およびＰＴＳ",,"確報",500,0,4000,0,0,0,4000,3230000,0,25840000,0,0,0,25840000,,,0,0,0,385000,0,0,14.6,24.6,10.4,14.6,0,0,0
"2026/02/10","2026/02/13","1949","住友電設","東証およびＰＴＳ",,"確報",0,0,200,0,0,300,-100,0,0,1940000,0,0,2910000,-970000,,,0,0,0,2000,3000,0,4,6.7,1.7,2.7,12,0,24
"2026/02/10","2026/02/13","194A","ＷＯＬＶＥＳ","東証およびＰＴＳ",,"確報",1600,800,9000,0,0,0,9000,3457600,1728800,19449000,0,0,0,19449000,,,0,0,713400,0,0,0,10.2,12.9,8.4,10.2,0,0,0
"2026/02/10","2026/02/13","1950","日本電設工業","東証およびＰＴＳ",,"確報",0,0,6000,1100,200,2600,3400,0,0,26430000,4845500,881000,11453000,14977000,,,0,0,480000,0,0,136000,8.7,17.4,14.7,15.9,3,5.6,3.9
"2026/02/10","2026/02/13","1951","エクシオグループ","東証およびＰＴＳ",,"確報",100,22200,10500,200,230600,1600,8900,276900,61471800,29074500,553800,638531400,4430400,24644100,,,0,0,0,521600,3712000,0,1.7,3.3,3.6,3.4,1.4,1.4,1.4
"2026/02/10","2026/02/13","1952","新日本空調","東証およびＰＴＳ",,"確報",5400,800,23600,400,0,8500,15100,21168000,3136000,92512000,1568000,0,33320000,59192000,,,0,0,2850000,0,0,1215000,19.4,10.9,44.2,17.5,18.6,48.9,27
"2026/02/10","2026/02/13","1959","クラフティア","東証およびＰＴＳ",,"確報",1100,0,5100,100,0,1100,4000,10148600,0,47052600,922600,0,10148600,36904000,,,0,0,260000,0,0,65000,5.8,8.6,18.9,11.8,2.6,1.1,1.6
"2026/02/10","2026/02/13","195A","ＭＵＳＣＡＴ　Ｇ","東証およびＰＴＳ",,"確報",300,0,800,0,0,0,800,268500,0,716000,0,0,0,716000,,,0,0,3000,0,0,0,18.7,9.3,0,18.7,0,0,0
"2026/02/10","2026/02/13","1960","サンテック","東証およびＰＴＳ",,"確報",3200,600,6700,0,0,0,6700,5334400,1000200,11168900,0,0,0,11168900,,,0,0,397700,0,0,0,10.4,7.4,17.9,10.4,0,0,0
"2026/02/10","2026/02/13","1961","三機工業","東証およびＰＴＳ",,"確報",3700,2100,9900,3000,0,9900,0,28342000,16086000,75834000,22980000,0,75834000,0,,,0,0,747000,0,0,621000,3.7,3.1,4.3,3.6,3.2,5.3,3.9
"2026/02/10","2026/02/13","1963","日揮ホールディングス","東証およびＰＴＳ",,"確報",53200,1000,106700,0,7600,6300,100400,126855400,2384500,254426150,0,18122200,15022350,239403800,,,0,0,2152750,0,0,549050,5.3,3.9,18,6.4,1.6,2.3,1.9
"2026/02/10","2026/02/13","1964","中外炉工業","東証およびＰＴＳ",,"確報",400,200,5100,300,0,2100,3000,1956000,978000,24939000,1467000,0,10269000,14670000,,,0,0,490000,0,0,180000,27.2,65.8,26.3,37.6,10.1,30.3,15.2
"2026/02/10","2026/02/13","1965","テクノ菱和","東証およびＰＴＳ",,"確報",2200,2700,7500,200,600,7500,0,19558000,24003000,66675000,1778000,5334000,66675000,0,,,0,0,0,320000,316000,0,9.9,7.4,5.5,6.3,54.9,15.4,24
"2026/02/10","2026/02/13","1966","高田工業所","東証およびＰＴＳ",,"確報",300,0,900,100,0,200,700,552000,0,1656000,184000,0,368000,1288000,,,0,0,0,6000,1000,0,10.5,9,18,12,3,0,6
"2026/02/10","2026/02/13","1967","ヤマト","東証およびＰＴＳ",,"確報",200,200,7800,0,0,2700,5100,454000,454000,17706000,0,0,6129000,11577000,,,0,0,0,70200,24300,0,8,22,9.5,13.3,144,1.9,3.7
"2026/02/10","2026/02/13","1968","太平電業","東証およびＰＴＳ",,"確報",1000,800,8000,100,1100,5300,2700,2579000,2063200,20632000,257900,2836900,13668700,6963300,,,0,0,0,31200,25200,0,14.3,15.7,17.7,16.7,7.9,24.3,11.9
"2026/02/10","2026/02/13","1969","高砂熱学工業","東証およびＰＴＳ",,"確報",2600,3700,15800,900,2000,15800,0,14177800,20176100,86157400,4907700,10906000,86157400,0,,,0,0,3008200,0,0,3008200,6,5.2,5.9,5.5,4.6,13.6,6.9
"2026/02/10","2026/02/13","196A","ＭＦＳ","東証およびＰＴＳ",,"確報",0,1400,36100,0,0,0,36100,0,396200,10216300,0,0,0,10216300,,,0,0,75000,0,0,0,98.3,383.4,56.4,98.3,0,0,0
"2026/02/10","2026/02/13","1972","三晃金属工業","東証およびＰＴＳ",,"確報",0,300,6800,100,100,100,6700,0,445800,10104800,148600,148600,148600,9956200,,,0,0,71000,0,0,1000,37.2,184.5,30.8,52.7,1,1,1
"2026/02/10","2026/02/13","1975","朝日工業社","東証およびＰＴＳ",,"確報",0,600,11200,400,0,8000,3200,0,2496000,46592000,1664000,0,33280000,13312000,,,0,0,944000,0,0,608000,20.6,20.5,19.1,19.8,15.4,39.4,22.2
"2026/02/10","2026/02/13","1976","明星工業","東証およびＰＴＳ",,"確報",1000,2500,9700,8300,100,51200,-41500,1885000,4712500,18284500,15645500,188500,96512000,-78227500,,,0,0,784000,0,0,3010000,20.8,11.5,12,11.8,16.4,56.3,25.5
"2026/02/10","2026/02/13","1979","大氣社","東証およびＰＴＳ",,"確報",4000,2800,7800,300,1100,5800,2000,15260000,10682000,29757000,1144500,4196500,22127000,7630000,,,0,0,0,132000,132000,0,9.5,5.5,6.5,5.9,46,17.9,25.8
"2026/02/10","2026/02/13","197A","タウンズ","東証およびＰＴＳ",,"確報",1800,12000,100000,0,10200,100000,0,1008000,6720000,56000000,0,5712000,56000000,0,,,0,0,0,0,0,0,25,18.9,14.6,16.5,87.7,36.8,51.8
"2026/02/10","2026/02/13","1980","ダイダン","東証およびＰＴＳ",,"確報",1400,61300,51400,1100,100,10300,41100,4410000,193095000,161910000,3465000,315000,32445000,129465000,,,0,0,8904000,0,0,744000,3.4,3.8,2.8,3.2,4,6.8,5
"2026/02/10","2026/02/13","1981","協和日成","東証およびＰＴＳ",,"確報",0,0,1800,0,0,0,1800,0,0,2898000,0,0,0,2898000,,,0,0,81000,0,0,0,7.7,4.2,54,7.7,0,0,0
"2026/02/10","2026/02/13","1982","日比谷総合設備","東証およびＰＴＳ",,"確報",16900,100,21100,0,200,21100,0,100893000,597000,125967000,0,1194000,125967000,0,,,0,0,2795000,0,0,13845000,13,2.2,32.4,4.1,97.1,50.9,66.8
"2026/02/10","2026/02/13","198A","ＰｏｓｔＰｒｉｍｅ","東証およびＰＴＳ",,"確報",10900,2700,72500,0,0,0,72500,2659600,658800,17690000,0,0,0,17690000,,,0,0,1157400,0,0,0,18.8,26,14.7,18.8,0,0,0
"2026/02/10","2026/02/13","1992","神田通信機","東証およびＰＴＳ",,"確報",0,0,0,0,0,0,0,0,0,0,0,0,0,0,,,0,0,0,0,0,0,0,0,0,0,0,0,0
"2026/02/10","2026/02/13","1994","高橋カーテンウォール","東証およびＰＴＳ",,"確報",200,0,200,0,0,0,200,110000,0,110000,0,0,0,110000,,,0,0,0,0,0,0,2,1,0,2,0,0,0
"2026/02/10","2026/02/13","1997","暁飯島工業","東証およびＰＴＳ",,"確報",0,0,1500,0,0,0,1500,0,0,6225000,0,0,0,6225000,,,0,0,7500,0,0,0,0,0,0,0,0,0,0
"2026/02/10","2026/02/13","2001","ニップン","東証およびＰＴＳ",,"確報",2500,600,13200,1900,0,13200,0,6957500,1669800,36735600,5287700,0,36735600,0,,,0,0,0,45200,45200,0,8.2,5.2,6.4,5.7,11.4,19.7,14.4
"2026/02/10","2026/02/13","2002","日清製粉グループ本社","東証およびＰＴＳ",,"確報",5000,3600,10200,1400,0,10200,0,10690000,7696800,21807600,2993200,0,21807600,0,,,0,0,96800,0,0,96800,4.2,4.9,2.7,3.5,8.5,3.6,5.1
"2026/02/10","2026/02/13","2003","日東富士製粉","東証およびＰＴＳ",,"確報",0,0,3900,0,0,5400,-1500,0,0,28119000,0,0,38934000,-10815000,,,0,0,0,0,0,0,45.6,32.2,38.6,35.1,286,31.8,57.2
"2026/02/10","2026/02/13","2004","昭和産業","東証およびＰＴＳ",,"確報",0,700,2700,100,1900,1600,1100,0,2338000,9018000,334000,6346000,5344000,3674000,,,0,0,34000,0,0,34000,5.4,18,16,16.9,3.1,2.5,2.8
"2026/02/10","2026/02/13","2009","鳥越製粉","東証およびＰＴＳ",,"確報",0,400,6200,0,0,0,6200,0,428400,6640200,0,0,0,6640200,,,0,0,33000,0,0,0,48.1,0,24.1,48.1,0,0,0
"2026/02/10","2026/02/13","200A","日経半導体株ＥＴＦ","東証およびＰＴＳ",,"確報",3495,82,36153,911,420,20071,16082,11002260,258136,113809644,2867828,1322160,63183508,50626136,,,0,0,1571520,0,0,939840,11.8,8.6,26.8,13.1,5.7,35.3,9.8
"2026/02/10","2026/02/13","2011","ＳＭＤＡＭ日本高配当","東証およびＰＴＳ",,"確報",0,0,250,0,0,0,250,0,0,205375,0,0,0,205375,,,0,0,2675,0,0,0,4,4,4,4,0,0,0
"2026/02/10","2026/02/13","2012","ｉＳ米国債０３月","東証およびＰＴＳ",,"確報",10,500,10,0,320,10,0,2320,116000,2320,0,74240,2320,0,,,0,0,0,700,462,0,2,2.1,2.1,2.1,1.1,1.1,1.1
"2026/02/10","2026/02/13","2013","ｉＳ米国高配当株","東証およびＰＴＳ",,"確報",0,13810,1920,0,0,0,1920,0,3941374,547968,0,0,0,547968,,,0,0,0,40898,0,0,5.8,21.5,3.7,6.3,1,1,1
"2026/02/10","2026/02/13","2014","ｉＳ米国連続増配株","東証およびＰＴＳ",,"確報",100,0,200,0,0,0,200,29340,0,58680,0,0,0,58680,,,0,0,0,220,0,0,1.3,1.5,1.7,1.6,1,1,1
"2026/02/10","2026/02/13","2015","ｉＦ米国債７１０Ｈ無","東証およびＰＴＳ",,"確報",0,0,0,0,0,0,0,0,0,0,0,0,0,0,,,0,0,0,0,0,0,6,0,3,6,0,0,0
"2026/02/10","2026/02/13","2016","ｉＦ米国債７１０Ｈ有","東証およびＰＴＳ",,"確報",302,0,302,0,0,0,302,560814,0,560814,0,0,0,560814,,,0,0,0,0,0,0,2,1,0,2,0,0,0
"2026/02/10","2026/02/13","2017","ｉＦＪＰＸプラ１５０","東証およびＰＴＳ",,"確報",1514,0,1514,0,3,42,1472,2158964,0,2158964,0,4278,59892,2099072,,,0,0,0,0,0,990,2.1,1.9,2.4,2.1,2.2,31,4
"2026/02/10","2026/02/13","2018","ＧＸＵＳリート２０","東証およびＰＴＳ",,"確報",0,0,0,0,0,0,0,0,0,0,0,0,0,0,,,0,0,0,0,0,0,0,0,0,0,0,0,0
"2026/02/10","2026/02/13","2019","ＧＸ優先証券隔月","東証およびＰＴＳ",,"確報",0,0,100,0,0,0,100,0,0,104100,0,0,0,104100,,,0,0,0,400,0,0,7.2,0,3.6,7.2,0,0,0
"2026/02/10","2026/02/13","201A","ｉＳＮＩＦＴＹ５０","東証およびＰＴＳ",,"確報",3980,1000,61570,0,0,0,61570,794010,199500,12283215,0,0,0,12283215,,,0,0,0,52731,0,0,32.7,41.5,27,32.7,0,2,4
"2026/02/10","2026/02/13","202A","豆蔵","東証およびＰＴＳ",,"確報",0,1700,13500,0,0,0,13500,0,6018000,47790000,0,0,0,47790000,,,0,0,0,76000,0,0,16.2,30.4,11.1,16.2,0,0,0
"2026/02/10","2026/02/13","2031","ハンセンダブルＥＴＮ","東証およびＰＴＳ",,"確報",0,2,5,0,0,0,5,0,18280,45700,0,0,0,45700,,,0,0,154,0,0,0,5.1,3.6,9,5.1,0,0,0
"2026/02/10","2026/02/13","2032","ハンセン・ベアＥＴＮ","東証およびＰＴＳ",,"確報",0,0,27,0,0,0,27,0,0,153225,0,0,0,153225,,,0,0,0,2457,0,0,40.6,0,20.3,40.6,0,0,0
"2026/02/10","2026/02/13","2033","ＫＯＳＰＩブルＥＴＮ","東証およびＰＴＳ",,"確報",31,0,338,0,0,0,338,1490170,0,16247660,0,0,0,16247660,,,0,0,0,595580,0,0,15,9.4,36.8,15,0,0,0
"2026/02/10","2026/02/13","2034","ＫＯＳＰＩベアＥＴＮ","東証およびＰＴＳ",,"確報",0,0,652,0,0,0,652,0,0,2083140,0,0,0,2083140,,,0,0,0,17604,0,0,34.5,34.5,34.5,34.5,0,0,0
"2026/02/10","2026/02/13","2036","金先物ダブルブル","東証およびＰＴＳ",,"確報",7,151,6851,0,0,0,6851,1605450,34631850,1571276850,0,0,0,1571276850,,,0,0,0,13640250,0,0,60.1,49.6,76.2,60.1,0,0,0
"2026/02/10","2026/02/13","2037","金先物ベア","東証およびＰＴＳ",,"確報",790,0,5361,0,0,0,5361,911660,0,6186594,0,0,0,6186594,,,0,0,59423,0,0,0,4.7,14.2,2.8,4.7,0,0,0
"2026/02/10","2026/02/13","2038","ドバイ原油先物ブル","東証およびＰＴＳ",,"確報",300,14141,6668,0,0,0,6668,494700,23318509,10995532,0,0,0,10995532,,,0,0,881887,0,0,0,3.9,15.1,2.2,3.9,0,0,0
"2026/02/10","2026/02/13","2039","ドバイ原油先物ベア","東証およびＰＴＳ",,"確報",345,0,10653,0,0,0,10653,288420,0,8905908,0,0,0,8905908,,,0,0,0,51540,0,0,37.7,26,68.8,37.7,0,0,0
"2026/02/10","2026/02/13","2040","ＮＹダウブルＥＴＮ","東証およびＰＴＳ",,"確報",0,0,103,0,0,0,103,0,0,3798640,0,0,0,3798640,,,0,0,0,11330,0,0,16.1,0,8.1,16.1,0,0,0
"2026/02/10","2026/02/13","2041","ＮＹダウベアＥＴＮ","東証およびＰＴＳ",,"確報",0,0,2043,0,0,0,2043,0,0,4167720,0,0,0,4167720,,,0,0,0,10215,0,0,37.8,176.9,21.2,37.8,0,0,0
"2026/02/10","2026/02/13","2042","グロース２５０ＥＴＮ","東証およびＰＴＳ",,"確報",7,0,705,0,0,0,705,53830,0,5421450,0,0,0,5421450,,,0,0,127734,0,0,0,8.8,6.5,13.3,8.8,0,0,0
"2026/02/10","2026/02/13","2043","アセアン５０ＥＴＮ","東証およびＰＴＳ",,"確報",10,0,10,0,0,0,10,278150,0,278150,0,0,0,278150,,,0,0,0,0,0,0,2,1,0,2,0,0,0
"2026/02/10","2026/02/13","2044","米国配当貴族ＥＴＮ","東証およびＰＴＳ",,"確報",0,0,0,0,0,0,0,0,0,0,0,0,0,0,,,0,0,0,0,0,0,2,0,1,2,0,0,0
"2026/02/10","2026/02/13","2045","シンガポールリート","東証およびＰＴＳ",,"確報",0,0,0,0,0,0,0,0,0,0,0,0,0,0,,,0,0,0,0,0,0,0,0,0,0,0,0,0
"2026/02/10","2026/02/13","2046","インドブルＥＴＮ","東証およびＰＴＳ",,"確報",68,20,1657,0,0,0,1657,2116160,622400,51565840,0,0,0,51565840,,,0,0,0,144810,0,0,41.3,117.3,25.1,41.3,0,0,0
"2026/02/10","2026/02/13","2047","インドベアＥＴＮ","東証およびＰＴＳ",,"確報",0,0,0,0,0,0,0,0,0,0,0,0,0,0,,,0,0,0,0,0,0,0,0,0,0,0,0,0
"2026/02/10","2026/02/13","2048","高配株ヘッジＥＴＮ","東証およびＰＴＳ",,"確報",4,0,4,0,0,0,4,206880,0,206880,0,0,0,206880,,,0,0,0,0,0,0,2.5,35,1.3,2.5,0,0,0
"2026/02/10","2026/02/13","2050","ニッチトップ中小型","東証およびＰＴＳ",,"確報",0,0,0,0,0,0,0,0,0,0,0,0,0,0,,,0,0,0,0,0,0,0,0,0,0,0,0,0
"2026/02/10","2026/02/13","2053","中部飼料","東証およびＰＴＳ",,"確報",1800,0,6800,2000,200,6800,0,3513600,0,13273600,3904000,390400,13273600,0,,,0,0,100000,0,0,100000,2.7,3.5,2.4,2.8,6.6,1.6,2.6
"2026/02/10","2026/02/13","2055","日和産業","東証およびＰＴＳ",,"確報",0,800,1300,0,2000,100,1200,0,293600,477100,0,734000,36700,440400,,,0,0,10500,0,0,10500,8.1,12.4,5.8,7.9,0,4.1,8.3
"2026/02/10","2026/02/13","205A","ロゴスＨＤ","東証およびＰＴＳ",,"確報",0,0,1700,0,0,0,1700,0,0,2922300,0,0,0,2922300,,,0,0,15300,0,0,0,87,0,43.5,87,0,0,0
"2026/02/10","2026/02/13","2060","フィード・ワン","東証およびＰＴＳ",,"確報",500,200,12800,0,0,1100,11700,625000,250000,16000000,0,0,1375000,14625000,,,0,0,312500,0,0,27500,2,16.5,2.9,4.9,1.4,0.5,0.7
"2026/02/10","2026/02/13","2065","日本株配当貴族ＥＴＮ","東証およびＰＴＳ",,"確報",0,0,0,0,0,0,0,0,0,0,0,0,0,0,,,0,0,0,0,0,0,0,0,0,0,0,0,0
"2026/02/10","2026/02/13","2066","東証リートＥＴＮ","東証およびＰＴＳ",,"確報",0,0,0,0,0,0,0,0,0,0,0,0,0,0,,,0,0,0,0,0,0,0,0,0,0,0,0,0
"2026/02/10","2026/02/13","2067","野村ＡＩ７０ＥＴＮ","東証およびＰＴＳ",,"確報",0,0,0,0,0,0,0,0,0,0,0,0,0,0,,,0,0,0,0,0,0,0,0,0,0,0,0,0
"2026/02/10","2026/02/13","2068","高ベータ３０ＥＴＮ","東証およびＰＴＳ",,"確報",0,0,0,0,0,0,0,0,0,0,0,0,0,0,,,0,0,0,0,0,0,0,0,0,0,0,0,0
"2026/02/10","2026/02/13","2069","低ベータ５０ＥＴＮ","東証およびＰＴＳ",,"確報",0,0,0,0,0,0,0,0,0,0,0,0,0,0,,,0,0,0,0,0,0,0,0,0,0,0,0,0
"2026/02/10","2026/02/13","206A","ＰＲＩＳＭＢｉｏ","東証およびＰＴＳ",,"確報",1200,0,74700,0,0,0,74700,232800,0,14491800,0,0,0,14491800,,,0,0,588000,0,0,0,34.3,46.6,27.2,34.3,0,0,0
"2026/02/10","2026/02/13","2070","ＥＳＧ女性活躍ＥＴＮ","東証およびＰＴＳ",,"確報",0,0,0,0,0,0,0,0,0,0,0,0,0,0,,,0,0,0,0,0,0,0,0,0,0,0,0,0
"2026/02/10","2026/02/13","2071","ＥＳＧ総合ＥＴＮ","東証およびＰＴＳ",,"確報",0,0,0,0,0,0,0,0,0,0,0,0,0,0,,,0,0,0,0,0,0,0,0,0,0,0,0,0
"2026/02/10","2026/02/13","2072","トップシェアＥＴＮ","東証およびＰＴＳ",,"確報",0,0,0,0,0,0,0,0,0,0,0,0,0,0,,,0,0,0,0,0,0,0,0,0,0,0,0,0
"2026/02/10","2026/02/13","2073","ＥＳＧ低カーボン","東証およびＰＴＳ",,"確報",0,0,0,0,0,0,0,0,0,0,0,0,0,0,,,0,0,0,0,0,0,0,0,0,0,0,0,0
"2026/02/10","2026/02/13","2080","ＰＢＲ１倍割れ解消","東証およびＰＴＳ",,"確報",1491,1760,14800,1000,0,14800,0,2815008,3322880,27942400,1888000,0,27942400,0,,,0,0,602760,0,0,552000,20.9,17.8,17.3,17.5,24.9,27.9,26.4
"2026/02/10","2026/02/13","2081","政策保有解消","東証およびＰＴＳ",,"確報",0,400,420,0,0,0,420,0,799200,839160,0,0,0,839160,,,0,0,7380,0,0,0,4.2,3.6,5.1,4.2,0,0,0
"2026/02/10","2026/02/13","2082","投資家経営者一心同体","東証およびＰＴＳ",,"確報",0,0,0,0,0,0,0,0,0,0,0,0,0,0,,,0,0,0,0,0,0,1.3,2,2,2,0,0,0
"2026/02/10","2026/02/13","2083","日本成長株アクティブ","東証およびＰＴＳ",,"確報",52,0,852,0,0,30,822,163852,0,2684652,0,0,94530,2590122,,,0,0,60000,0,0,2250,64.1,82,60.9,69.9,0,11.2,22.5
"2026/02/10","2026/02/13","2084","日本高配当アクティブ","東証およびＰＴＳ",,"確報",48,0,3460,0,0,155,3305,170400,0,12283000,0,0,550250,11732750,,,0,0,211544,0,0,9610,4.3,2.9,7.7,4.2,3,0,6
"2026/02/10","2026/02/13","2085","ＭＸ高配日株ア","東証およびＰＴＳ",,"確報",0,150,450,260,0,260,190,0,113580,340740,196872,0,196872,143868,,,0,0,7320,0,0,0,1.4,3.3,0.8,1.3,1.5,4.8,2.3
"2026/02/10","2026/02/13","2086","ＮＺＡＭ　ＳＰ５Ｈ","東証およびＰＴＳ",,"確報",30,0,40,51,0,51,-11,84870,0,113160,144279,0,144279,-31119,,,0,0,90,0,0,0,3.2,2.7,0,5.3,1,0,2
"2026/02/10","2026/02/13","2087","ＮＺＡＭ　ＮＱ１Ｈ","東証およびＰＴＳ",,"確報",0,0,0,0,0,0,0,0,0,0,0,0,0,0,,,0,0,0,0,0,0,0,0,0,0,0,0,0
"2026/02/10","2026/02/13","2088","ＮＺＡＭ　ＤｏｗＨ","東証およびＰＴＳ",,"確報",0,0,0,0,0,0,0,0,0,0,0,0,0,0,,,0,0,0,0,0,0,0,0,0,0,0,0,0
"2026/02/10","2026/02/13","2089","ＮＺＡＭ　ＤＡＸＨ","東証およびＰＴＳ",,"確報",0,0,0,0,0,0,0,0,0,0,0,0,0,0,,,0,0,0,0,0,0,0,0,0,0,0,0,0
"2026/02/10","2026/02/13","208A","構造計画ＨＤ","東証およびＰＴＳ",,"確報",100,0,1200,0,0,0,1200,314000,0,3768000,0,0,0,3768000,,,0,0,0,11000,0,0,26.5,17.7,53,26.5,0,0,0
"2026/02/10","2026/02/13","2090","ＮＺＡＭ　米７１０Ｈ","東証およびＰＴＳ",,"確報",0,0,0,0,0,0,0,0,0,0,0,0,0,0,,,0,0,0,0,0,0,0,0,0,0,0,0,0
"2026/02/10","2026/02/13","2091","ＮＺＡＭ　独７１０Ｈ","東証およびＰＴＳ",,"確報",0,0,0,0,0,0,0,0,0,0,0,0,0,0,,,0,0,0,0,0,0,0,0,0,0,0,0,0
"2026/02/10","2026/02/13","2092","ＮＺＡＭ　仏７１０Ｈ","東証およびＰＴＳ",,"確報",0,0,0,0,0,0,0,0,0,0,0,0,0,0,,,0,0,0,0,0,0,0,0,0,0,0,0,0
"2026/02/10","2026/02/13","2093","上場Ｔｒ米債０２ラダ","東証およびＰＴＳ",,"確報",0,0,20,0,0,0,20,0,0,103020,0,0,0,103020,,,0,0,0,720,0,0,0,0,0,0,0,0,0
"2026/02/10","2026/02/13","2094","ＲＥＩＴインバース","東証およびＰＴＳ",,"確報",0,0,430,0,0,0,430,0,0,313040,0,0,0,313040,,,0,0,0,860,0,0,0,0,0,0,0,0,0
"2026/02/10","2026/02/13","2095","ＧＸＵＳ配当貴族ヘ","東証およびＰＴＳ",,"確報",0,0,0,0,0,0,0,0,0,0,0,0,0,0,,,0,0,0,0,0,0,0,0,0,0,0,0,0
"2026/02/10","2026/02/13","2096","ＧＸオフィスＪリート","東証およびＰＴＳ",,"確報",0,0,0,0,0,0,0,0,0,0,0,0,0,0,,,0,0,0,0,0,0,0,0,0,0,0,0,0
"2026/02/10","2026/02/13","2097","ＧＸ住宅Ｊリート","東証およびＰＴＳ",,"確報",0,0,241,0,0,0,241,0,0,267028,0,0,0,267028,,,0,0,723,0,0,0,31.7,131.7,18,31.7,0,0,0
"2026/02/10","2026/02/13","2098","ＧＸホテリテＪリート","東証およびＰＴＳ",,"確報",0,0,165,0,0,0,165,0,0,190245,0,0,0,190245,,,0,0,0,0,0,0,8.5,132.3,4.4,8.5,0,0,0
"2026/02/10","2026/02/13","2108","日本甜菜製糖","東証およびＰＴＳ",,"確報",100,0,367900,600,100,39600,328300,414000,0,1523106000,2484000,414000,163944000,1359162000,,,0,0,0,29424000,3128000,0,5.9,2.4,4453,4.8,135.1,45,67.6
"2026/02/10","2026/02/13","2109","ＤＭ三井製糖","東証およびＰＴＳ",,"確報",200,100,800,200,0,800,0,694000,347000,2776000,694000,0,2776000,0,,,0,0,10500,0,0,9000,8,13.7,8.2,10.3,7.8,5.2,6.2
"2026/02/10","2026/02/13","210A","ｉＦ日経高リート","東証およびＰＴＳ",,"確報",0,0,50,0,0,0,50,0,0,89550,0,0,0,89550,,,0,0,450,0,0,0,3,3,3,3,0,0,0
"2026/02/10","2026/02/13","2112","塩水港精糖","東証およびＰＴＳ",,"確報",200,6600,27800,400,500,4600,23200,113600,3748800,15790400,227200,284000,2612800,13177600,,,0,0,410400,0,0,56400,11.4,41.9,6.4,11.1,11.8,21.3,15.2
"2026/02/10","2026/02/13","2114","フジ日本","東証およびＰＴＳ",,"確報",0,0,2800,0,300,400,2400,0,0,1850800,0,198300,264400,1586400,,,0,0,8400,0,0,2100,19.1,0,73,146,11.7,2.5,4.1
"2026/02/10","2026/02/13","2117","ウェルネオシュガー","東証およびＰＴＳ",,"確報",600,0,4400,600,0,4400,0,1755600,0,12874400,1755600,0,12874400,0,,,0,0,0,60800,60800,0,12.6,7,14,9.3,11.5,65.3,19.6
"2026/02/10","2026/02/13","211A","カドス","東証およびＰＴＳ",,"確報",0,100,100,0,0,0,100,0,458000,458000,0,0,0,458000,,,0,0,0,6000,0,0,3.8,4.6,3.3,3.8,0,0,0
"2026/02/10","2026/02/13","2120","ＬＩＦＵＬＬ","東証およびＰＴＳ",,"確報",1500,15000,59600,8600,0,43700,15900,270000,2700000,10728000,1548000,0,7866000,2862000,,,0,0,365500,0,0,175500,12.6,29.1,8.6,13.3,8.3,17.8,11.3
"2026/02/10","2026/02/13","2121","ＭＩＸＩ","東証およびＰＴＳ",,"確報",300,300,11900,0,0,0,11900,805800,805800,31963400,0,0,0,31963400,,,0,0,535500,0,0,0,16.4,12,31.8,17.5,0,0,0
"2026/02/10","2026/02/13","2122","インタースペース","東証およびＰＴＳ",,"確報",0,0,1400,0,0,0,1400,0,0,1741600,0,0,0,1741600,,,0,0,7000,0,0,0,71,71,71,71,0,0,0
"2026/02/10","2026/02/13","2124","ジェイエイシリクルト","東証およびＰＴＳ",,"確報",600,0,12500,0,1000,4200,8300,607200,0,12650000,0,1012000,4250400,8399600,,,0,0,0,23800,10400,0,27.8,59.9,199.7,92.2,8,9.6,8.7
"2026/02/10","2026/02/13","2127","日本Ｍ＆Ａ","東証およびＰＴＳ",,"確報",0,3700,179200,0,11400,76800,102400,0,2683240,129955840,0,8267280,55695360,74260480,,,0,0,0,182900,88200,0,14.5,44.9,56.3,50,9.5,5.1,6.6
"2026/02/10","2026/02/13","212A","フィットイージー","東証およびＰＴＳ",,"確報",700,7700,47000,0,0,0,47000,1724800,18972800,115808000,0,0,0,115808000,,,0,0,108000,0,0,0,18,22.5,15,18,0,0,0
"2026/02/10","2026/02/13","2130","メンバーズ","東証およびＰＴＳ",,"確報",0,800,51300,200,0,200,51100,0,973600,62432100,243400,0,243400,62188700,,,0,0,0,0,0,0,28.6,38.7,31.7,34.9,1.4,0.8,1
"2026/02/10","2026/02/13","2134","キタハマキャピタル","東証およびＰＴＳ",,"確報",175000,6400,842500,0,0,0,842500,7525000,275200,36227500,0,0,0,36227500,,,0,0,673900,0,0,0,14.6,15.9,13.4,14.6,0,0,0
"2026/02/10","2026/02/13","2136","ヒップ","東証およびＰＴＳ",,"確報",0,100,800,0,0,0,800,0,158700,1269600,0,0,0,1269600,,,0,0,3600,0,0,0,14.3,14.3,14.3,14.3,0,0,0
"2026/02/10","2026/02/13","2138","クルーズ","東証およびＰＴＳ",,"確報",6700,4500,27200,0,800,45500,-18300,4194200,2817000,17027200,0,500800,28483000,-11455800,,,0,0,100000,0,0,185200,31.7,16.5,12.3,14.1,75.2,281.9,118.7
"2026/02/10","2026/02/13","2139","中広","東証およびＰＴＳ",,"確報",0,300,12200,0,300,12200,0,0,139500,5673000,0,139500,5673000,0,,,0,0,75000,0,0,75000,82,68.3,153.8,94.6,55.9,102.5,72.4
"2026/02/10","2026/02/13","213A","上場日経半導体","東証およびＰＴＳ",,"確報",16880,1740,31100,1140,0,5340,25760,4868192,501816,8969240,328776,0,1540056,7429184,,,0,0,3192,0,0,840,5.6,6.1,4.9,5.4,6.7,8.9,7.6
"2026/02/10","2026/02/13","2146","ＵＴグループ","東証およびＰＴＳ",,"確報",5800,8100,795400,10500,12800,795400,0,1247000,1741500,171011000,2257500,2752000,171011000,0,,,0,0,797700,0,0,797700,86.7,67.9,87,76.2,86.4,119.9,100.4
"2026/02/10","2026/02/13","2148","アイティメディア","東証およびＰＴＳ",,"確報",700,0,7300,0,0,0,7300,1229900,0,12826100,0,0,0,12826100,,,0,0,171600,0,0,0,35.2,25.7,55.7,35.2,0,0,0
"2026/02/10","2026/02/13","2152","幼児活動研究会","東証およびＰＴＳ",,"確報",0,0,200,0,0,0,200,0,0,303600,0,0,0,303600,,,0,0,0,1400,0,0,5,10,3.3,5,0,0,0
"2026/02/10","2026/02/13","2153","Ｅ・ＪＨＤ","東証およびＰＴＳ",,"確報",0,700,2600,0,0,0,2600,0,1293600,4804800,0,0,0,4804800,,,0,0,62700,0,0,0,11.7,13,10.6,11.7,0,0,0
"2026/02/10","2026/02/13","2154","オープンアップＧ","東証およびＰＴＳ",,"確報",300,3000,3100,0,4900,900,2200,583200,5832000,6026400,0,9525600,1749600,4276800,,,0,0,0,17400,17400,0,4.1,6.2,3.4,4.4,7.4,2.5,3.8
"2026/02/10","2026/02/13","2156","セーラー広告","東証およびＰＴＳ",,"確報",100,100,21900,0,0,0,21900,31500,31500,6898500,0,0,0,6898500,,,0,0,197100,0,0,0,56.2,112.4,37.5,56.2,0,0,0
"2026/02/10","2026/02/13","2157","コシダカＨＤ","東証およびＰＴＳ",,"確報",1500,0,22100,0,6600,7800,14300,1755000,0,25857000,0,7722000,9126000,16731000,,,0,0,0,20600,14400,0,9.1,11,23.6,15,5.3,7,6
"2026/02/10","2026/02/13","2158","ＦＲＯＮＴＥＯ","東証およびＰＴＳ",,"確報",300,38400,150300,0,0,0,150300,261000,33408000,130761000,0,0,0,130761000,,,0,0,1884000,0,0,0,18,18.8,17.3,18,0,0,0
"2026/02/10","2026/02/13","215A","タイミー","東証およびＰＴＳ",,"確報",0,66800,1647600,0,41600,2012700,-365100,0,90046400,2220964800,0,56076800,2713119600,-492154800,,,0,0,0,3428800,4108600,0,36.9,23.5,16.1,19.1,2537.9,100.2,192.9
"2026/02/10","2026/02/13","2160","ジーエヌアイグループ","東証およびＰＴＳ",,"確報",31000,30800,525700,200,0,525700,0,79732000,79217600,1352100400,514400,0,1352100400,0,,,0,0,43616500,0,0,43616500,61.5,31.1,32,31.5,771,2621.4,1191.5
"2026/02/10","2026/02/13","2162","ｎｍｓ　ＨＤ","東証およびＰＴＳ",,"確報",800,600,11200,0,500,3300,7900,362400,271800,5073600,0,226500,1494900,3578700,,,0,0,0,55000,19000,0,24.5,55.1,78.7,64.8,3.3,16.3,5.4
"2026/02/10","2026/02/13","2163","アルトナー","東証およびＰＴＳ",,"確報",0,100,3000,0,0,0,3000,0,205700,6171000,0,0,0,6171000,,,0,0,43400,0,0,0,51,38.3,76.5,51,0,0,0
"2026/02/10","2026/02/13","2164","地域新聞社","東証およびＰＴＳ",,"確報",100,0,468600,0,0,0,468600,37700,0,176662200,0,0,0,176662200,,,0,0,0,0,0,0,13.4,781.4,6.7,13.4,0,0,0
"2026/02/10","2026/02/13","2168","パソナグループ","東証およびＰＴＳ",,"確報",700,5700,26000,0,1100,63500,-37500,1476300,12021300,54834000,0,2319900,133921500,-79087500,,,0,0,1736000,0,0,3617600,27.3,18.6,13.6,15.7,27.8,86.4,42
"2026/02/10","2026/02/13","2169","ＣＤＳ","東証およびＰＴＳ",,"確報",200,100,400,0,0,400,0,365600,182800,731200,0,0,731200,0,,,0,0,0,2100,2800,0,9.8,9.5,9.5,9.5,10,10,10
"2026/02/10","2026/02/13","2170","リンク＆モチベ","東証およびＰＴＳ",,"確報",300,3400,35000,900,0,8500,26500,157500,1785000,18375000,472500,0,4462500,13912500,,,0,0,571500,0,0,114000,34.8,473,25.6,48.5,20.4,10.8,14.1
"2026/02/10","2026/02/13","2173","博展","東証およびＰＴＳ",,"確報",0,0,6800,100,100,5200,1600,0,0,6922400,101800,101800,5293600,1628800,,,0,0,136000,0,0,104000,38.1,24.3,42.5,30.9,35.9,125.5,55.8
"2026/02/10","2026/02/13","2175","エス・エム・エス","東証およびＰＴＳ",,"確報",100,11100,32700,0,1700,66600,-33900,178500,19813500,58369500,0,3034500,118881000,-60511500,,,0,0,393300,0,0,614700,11.8,5.9,9.9,7.4,26.9,14,18.4
"2026/02/10","2026/02/13","2179","成学社","東証およびＰＴＳ",,"確報",0,100,100,0,0,0,100,0,80600,80600,0,0,0,80600,,,0,0,0,800,0,0,6,6,6,6,0,0,0
"2026/02/10","2026/02/13","2180","サニーサイドアップ","東証およびＰＴＳ",,"確報",100,0,7100,0,0,0,7100,93400,0,6631400,0,0,0,6631400,,,0,0,70000,0,0,0,38.2,51.9,30.3,38.2,0,0,0
"2026/02/10","2026/02/13","2181","パーソルＨＤ","東証およびＰＴＳ",,"確報",100,3900,65100,0,0,0,65100,27750,1082250,18065250,0,0,0,18065250,,,0,0,440960,0,0,0,25,27.2,23.1,25,0,0,0
"2026/02/10","2026/02/13","2183","リニカル","東証およびＰＴＳ",,"確報",0,0,4600,0,0,0,4600,0,0,1458200,0,0,0,1458200,,,0,0,0,9200,0,0,0,0,0,0,0,0,0
"2026/02/10","2026/02/13","2185","シイエム・シイ","東証およびＰＴＳ",,"確報",100,0,500,0,0,0,500,186800,0,934000,0,0,0,934000,,,0,0,30000,0,0,0,42,21,0,42,0,0,0
"2026/02/10","2026/02/13","2186","ソーバル","東証およびＰＴＳ",,"確報",0,0,0,0,0,0,0,0,0,0,0,0,0,0,,,0,0,0,0,0,0,1,1,1,1,0,0,0
"2026/02/10","2026/02/13","218A","Ｌｉｂｅｒａｗａｒｅ","東証およびＰＴＳ",,"確報",0,1100,123700,0,0,0,123700,0,1553200,174664400,0,0,0,174664400,,,0,0,748800,0,0,0,58.2,229.9,33.3,58.2,0,0,0
"2026/02/10","2026/02/13","2193","クックパッド","東証およびＰＴＳ",,"確報",122700,0,570900,34400,2100,676200,-105300,17791500,0,82780500,4988000,304500,98049000,-15268500,,,0,0,0,4482000,6439000,0,20.7,12.2,11.2,11.7,32.8,276,58.6
"2026/02/10","2026/02/13","2195","アミタＨＤ","東証およびＰＴＳ",,"確報",600,0,4600,0,0,0,4600,217800,0,1669800,0,0,0,1669800,,,0,0,0,12000,0,0,15.6,12.5,20.8,15.6,0,0,0
"2026/02/10","2026/02/13","2196","エスクリ","東証およびＰＴＳ",,"確報",3000,800,170300,0,2900,96300,74000,489000,130400,27758900,0,472700,15696900,12062000,,,0,0,0,0,0,0,142.4,129.2,163.9,144.5,0,69.5,139
"2026/02/10","2026/02/13","2198","アイ・ケイ・ケイＨＤ","東証およびＰＴＳ",,"確報",600,1600,15500,0,1000,15500,0,483000,1288000,12477500,0,805000,12477500,0,,,0,0,0,0,0,0,29.7,39.1,15.1,21.8,860,23.9,46.5
"2026/02/10","2026/02/13","219A","Ｈｅａｒｔｓｅｅｄ","東証およびＰＴＳ",,"確報",2000,9000,386900,1300,0,785500,-398600,3814000,17163000,737818300,2479100,0,1497948500,-760130200,,,0,0,7484100,0,0,14899800,114.1,41,44.9,42.9,914.3,644.5,756.1
"2026/02/10","2026/02/13","2201","森永製菓","東証およびＰＴＳ",,"確報",100,0,4400,200,0,200,4200,276300,0,12157200,552600,0,552600,11604600,,,0,0,34400,0,0,0,16.3,17.1,20,18.5,1.3,4,2
"2026/02/10","2026/02/13","2204","中村屋","東証およびＰＴＳ",,"確報",700,0,1500,100,700,1700,-200,2219000,0,4755000,317000,2219000,5389000,-634000,,,0,0,0,20000,57500,0,7.2,5.5,5.1,5.3,9.8,11,10.4
"2026/02/10","2026/02/13","2206","江崎グリコ","東証およびＰＴＳ",,"確報",0,100,6500,600,200,41500,-35000,0,584800,38012000,3508800,1169600,242692000,-204680000,,,0,0,330000,0,0,2055000,65.8,43,18.1,25.5,103,79.2,89.5
"2026/02/10","2026/02/13","2207","ｍｅｉｔｏ","東証およびＰＴＳ",,"確報",0,291000,218200,0,1700,52300,165900,0,761838000,571247600,0,4450600,136921400,434326200,,,0,0,1018400,0,0,108000,2.4,1.9,2.3,2,45.8,75.4,57
"2026/02/10","2026/02/13","2208","ブルボン","東証およびＰＴＳ",,"確報",0,0,200,0,0,0,200,0,0,610000,0,0,0,610000,,,0,0,15200,0,0,0,6,12,4,6,0,0,0
"2026/02/10","2026/02/13","2209","井村屋グループ","東証およびＰＴＳ",,"確報",700,0,1100,0,0,0,1100,1832600,0,2879800,0,0,0,2879800,,,0,0,5600,0,0,0,5.6,4.4,7.8,5.6,0,0,0
"2026/02/10","2026/02/13","220A","ファベル","東証およびＰＴＳ",,"確報",0,0,4100,0,0,0,4100,0,0,4186100,0,0,0,4186100,,,0,0,61500,0,0,0,406,203,0,406,0,0,0
"2026/02/10","2026/02/13","2211","不二家","東証およびＰＴＳ",,"確報",2100,100,33600,500,0,60700,-27100,5428500,258500,86856000,1292500,0,156909500,-70053500,,,0,0,568800,0,0,1083600,53.1,20.1,57.3,29.8,234.9,52.7,86
"2026/02/10","2026/02/13","2212","山崎製パン","東証およびＰＴＳ",,"確報",200,300,6800,0,1700,3000,3800,701800,1052700,23861200,0,5965300,10527000,13334200,,,0,0,0,89700,61100,0,12.2,98,14.5,25.3,5.9,6.7,6.3
"2026/02/10","2026/02/13","2215","第一屋製パン","東証およびＰＴＳ",,"確報",500,300,33400,100,0,6700,26700,317000,190200,21175600,63400,0,4247800,16927800,,,0,0,531200,0,0,105600,125.4,334.4,72.7,119.4,167,167,167
"2026/02/10","2026/02/13","2216","カンロ","東証およびＰＴＳ",,"確報",1700,600,46500,100,900,46500,0,2721700,960600,74446500,160100,1440900,74446500,0,,,0,0,0,454000,473000,0,38.5,33.5,74.8,46.2,68.9,21.9,33.2
"2026/02/10","2026/02/13","2217","モロゾフ","東証およびＰＴＳ",,"確報",100,1500,8600,1800,0,68100,-59500,151100,2266500,12994600,2719800,0,102899100,-89904500,,,0,0,60000,0,0,397800,32.4,12.7,11.6,12.1,22.6,3137,44.8
"2026/02/10","2026/02/13","221A","ＭＸＳ日経半導体株","東証およびＰＴＳ",,"確報",2830,1080,12790,0,1250,2430,10360,2323430,886680,10500590,0,1026250,1995030,8505560,,,0,0,34224,0,0,11408,15.3,16.4,26.5,20.3,10.9,6,7.8
"2026/02/10","2026/02/13","2220","亀田製菓","東証およびＰＴＳ",,"確報",0,0,94200,0,500,8500,85700,0,0,381039000,0,2022500,34382500,346656500,,,0,0,0,3297000,315000,0,49.2,43.2,2356,84.9,9,8.7,8.8
"2026/02/10","2026/02/13","2221","岩塚製菓","東証およびＰＴＳ",,"確報",200,0,500,0,0,0,500,619000,0,1547500,0,0,0,1547500,,,0,0,3000,0,0,0,17,8.5,0,17,0,0,0
"2026/02/10","2026/02/13","2222","寿スピリッツ","東証およびＰＴＳ",,"確報",8300,2000,28700,7800,5400,42500,-13800,17214200,4148000,59523800,16177200,11199600,88145000,-28621200,,,0,0,1411200,0,0,2526300,6.4,3.3,5.1,4,6.6,13.2,8.8
"2026/02/10","2026/02/13","2224","コモ","東証およびＰＴＳ",,"確報",0,0,1300,0,0,0,1300,0,0,4771000,0,0,0,4771000,,,0,0,6500,0,0,0,0,0,0,0,0,0,0
"2026/02/10","2026/02/13","2226","湖池屋","東証およびＰＴＳ",,"確報",0,300,1000,300,0,2500,-1500,0,1405500,4685000,1405500,0,11712500,-7027500,,,0,0,0,19500,33000,0,11,14.8,11.8,13.1,9.5,11.1,10.2
"2026/02/10","2026/02/13","2229","カルビー","東証およびＰＴＳ",,"確報",4800,3500,12500,2900,0,13000,-500,14769600,10769500,38462500,8923300,0,40001000,-1538500,,,0,0,33600,0,0,30300,3.5,3.7,3.8,3.7,11.2,2,3.4
"2026/02/10","2026/02/13","2235","上場ダウヘッジなし","東証およびＰＴＳ",,"確報",0,0,0,0,0,0,0,0,0,0,0,0,0,0,,,0,0,0,0,0,0,0.3,0,0.2,0.3,0,0,0
"2026/02/10","2026/02/13","2236","ＧＸＵＳ配当貴族","東証およびＰＴＳ",,"確報",10,0,10,0,0,0,10,14370,0,14370,0,0,0,14370,,,0,0,0,0,0,0,0.1,1.9,0,0.1,0,0,0
"2026/02/10","2026/02/13","2237","ｉＦＳＰ５００ダブル","東証およびＰＴＳ",,"確報",0,1,64,0,0,0,64,0,106200,6796800,0,0,0,6796800,,,0,0,107250,0,0,0,9.1,7.6,11.3,9.1,0,0,0
"2026/02/10","2026/02/13","2238","ｉＦＳＰ５００ベア","東証およびＰＴＳ",,"確報",0,3260,3620,0,0,0,3620,0,18702620,20767940,0,0,0,20767940,,,0,0,0,123840,0,0,8.6,8.8,8.5,8.6,0,0,0
"2026/02/10","2026/02/13","2239","上場Ｓ＆Ｐレバ２倍","東証およびＰＴＳ",,"確報",0,16,606,0,0,0,606,0,369440,13992540,0,0,0,13992540,,,0,0,65310,0,0,0,27.8,15.1,170.1,27.8,0,0,0
"2026/02/10","2026/02/13","223A","ＧＸＡＩビッグデータ","東証およびＰＴＳ",,"確報",83,0,2938,0,0,204,2734,117445,0,4157270,0,0,288660,3868610,,,0,0,39970,0,0,2856,36.1,104.2,28.7,45.1,3.1,0,6.2
"2026/02/10","2026/02/13","2240","上場Ｓ＆Ｐインバース","東証およびＰＴＳ",,"確報",0,0,459,0,0,0,459,0,0,2665872,0,0,0,2665872,,,0,0,0,5967,0,0,24.7,12.4,0,24.7,0,0,0
"2026/02/10","2026/02/13","2241","ＭＸＳダウ","東証およびＰＴＳ",,"確報",0,0,0,0,0,0,0,0,0,0,0,0,0,0,,,0,0,0,0,0,0,0,0,0,0,0,0,0
"2026/02/10","2026/02/13","2242","ＭＸＳダウヘ有","東証およびＰＴＳ",,"確報",0,0,0,0,0,0,0,0,0,0,0,0,0,0,,,0,0,0,0,0,0,0,0,0,0,0,0,0
"2026/02/10","2026/02/13","2243","ＧＸ半導体","東証およびＰＴＳ",,"確報",692,4748,13436,0,0,300,13136,2080844,14277236,40402052,0,0,902100,39499952,,,0,0,227396,0,0,3900,13,15.7,10.9,12.9,12.5,625,24.5
"2026/02/10","2026/02/13","2244","ＧＸＵＳテック２０","東証およびＰＴＳ",,"確報",30,159,19720,0,0,42,19678,89640,475092,58923360,0,0,125496,58797864,,,0,0,218339,0,0,462,15.3,16.3,14.6,15.4,4.1,3.8,4
"2026/02/10","2026/02/13","2245","独債７－１０ヘッジ有","東証およびＰＴＳ",,"確報",0,0,0,0,0,0,0,0,0,0,0,0,0,0,,,0,0,0,0,0,0,0,0,0,0,0,0,0
"2026/02/10","2026/02/13","2246","仏債７－１０ヘッジ有","東証およびＰＴＳ",,"確報",0,0,0,0,0,0,0,0,0,0,0,0,0,0,,,0,0,0,0,0,0,0,0,0,0,0,0,0
"2026/02/10","2026/02/13","2247","ｉＦＳＰ５００Ｈ無","東証およびＰＴＳ",,"確報",9,0,7047,0,0,0,7047,18333,0,14354739,0,0,0,14354739,,,0,0,0,42228,0,0,33.3,40.3,28.4,33.3,0,0,0
"2026/02/10","2026/02/13","2248","ｉＦＳＰ５００Ｈ有","東証およびＰＴＳ",,"確報",0,0,0,0,0,0,0,0,0,0,0,0,0,0,,,0,0,0,0,0,0,1.3,1.3,1.3,1.3,0,0,0
"2026/02/10","2026/02/13","2249","ｉＦＳＰ５００Ｗベア","東証およびＰＴＳ",,"確報",452,0,1679,0,0,0,1679,5173140,0,19216155,0,0,0,19216155,,,0,0,0,104295,0,0,7.8,4.2,57.3,7.8,0,0,0
"2026/02/10","2026/02/13","224A","ＧＸウラニウム","東証およびＰＴＳ",,"確報",530,225,18299,0,0,0,18299,1036150,439875,35774545,0,0,0,35774545,,,0,0,1295568,0,0,0,15.8,21.7,12.5,15.8,0,0,0
"2026/02/10","2026/02/13","2250","ｉＳＭＳＣＩ日株気候","東証およびＰＴＳ",,"確報",0,0,100,0,0,0,100,0,0,34240,0,0,0,34240,,,0,0,620,0,0,0,51,0,0,0,1,1,1
"2026/02/10","2026/02/13","2251","ＪＧＢダブルインバ","東証およびＰＴＳ",,"確報",60,0,13970,0,0,10,13960,51402,0,11968099,0,0,8567,11959532,,,0,0,0,52858,38,0,73.7,335.1,41.6,74.1,2,0,4
"2026/02/10","2026/02/13","2252","ＧＸＵＳ中小モート","東証およびＰＴＳ",,"確報",300,0,2700,0,0,0,2700,400200,0,3601800,0,0,0,3601800,,,0,0,0,31200,0,0,18.2,9.1,3465,18.2,0,0,0
"2026/02/10","2026/02/13","2253","ＧＸＵＳスーパーＤ","東証およびＰＴＳ",,"確報",0,0,550,0,0,0,550,0,0,698500,0,0,0,698500,,,0,0,0,5500,0,0,3,2.4,3.9,3,0,0,0
"2026/02/10","2026/02/13","2254","ＧＸ中国ＥＶバッテリ","東証およびＰＴＳ",,"確報",1,0,3716,0,0,0,3716,1198,0,4451768,0,0,0,4451768,,,0,0,0,7430,0,0,71.5,612.5,38,71.5,0,0,0
"2026/02/10","2026/02/13","2255","ｉＳ米国債二十","東証およびＰＴＳ",,"確報",0,0,2510,0,110,50,2460,0,0,522331,0,22891,10405,511926,,,0,0,0,251,16,0,2.1,2.1,2.1,2.1,2.3,2.3,2.3
"2026/02/10","2026/02/13","2256","ｉＳ米国総合債券","東証およびＰＴＳ",,"確報",0,0,50,0,0,0,50,0,0,11070,0,0,0,11070,,,0,0,0,30,0,0,7.8,0,3.9,7.8,0,0,0
"2026/02/10","2026/02/13","2257","ｉＳ＄ＩＧ社債","東証およびＰＴＳ",,"確報",0,0,0,0,0,0,0,0,0,0,0,0,0,0,,,0,0,0,0,0,0,0,0,0,0,0,0,0
"2026/02/10","2026/02/13","2258","ｉＳ＄ＨＹ社債","東証およびＰＴＳ",,"確報",0,0,450,0,0,0,450,0,0,101070,0,0,0,101070,,,0,0,0,630,0,0,448,224,0,448,0,0,0
"2026/02/10","2026/02/13","2259","ｉＳフランス国債ヘジ","東証およびＰＴＳ",,"確報",0,0,0,0,10,0,0,0,0,0,0,1898,0,0,,,0,0,0,0,0,4,4.7,0,3,6,4,4,4
"2026/02/10","2026/02/13","2264","森永乳業","東証およびＰＴＳ",,"確報",400,600,2600,0,1000,1800,800,1668800,2503200,10847200,0,4172000,7509600,3337600,,,0,0,67200,0,0,67200,7.7,6.5,7.5,6.9,10.3,7.4,8.6
"2026/02/10","2026/02/13","2266","六甲バター","東証およびＰＴＳ",,"確報",100,200,22700,0,1300,40200,-17500,121900,243800,27671300,0,1584700,49003800,-21332500,,,0,0,136800,0,0,249000,44.3,22.7,38.5,28.5,79,54.1,64.2
"2026/02/10","2026/02/13","2267","ヤクルト本社","東証およびＰＴＳ",,"確報",1100,7100,40100,18100,300,40100,0,2893000,18673000,105463000,47603000,789000,105463000,0,,,0,0,0,2719900,1315700,0,11.1,28.3,10.4,15.2,5.1,13.2,7.4
"2026/02/10","2026/02/13","2268","サーティワン","東証およびＰＴＳ",,"確報",0,1500,2000,0,0,0,2000,0,6030000,8040000,0,0,0,8040000,,,0,0,0,35000,0,0,18.1,77,10.3,18.1,0,0,0
"2026/02/10","2026/02/13","2269","明治ホールディングス","東証およびＰＴＳ",,"確報",2200,1300,16100,1600,700,16100,0,8423800,4977700,61646900,6126400,2680300,61646900,0,,,0,0,0,136800,136800,0,12.2,14.6,10.7,12.4,14.2,10.5,12
"2026/02/10","2026/02/13","2270","雪印メグミルク","東証およびＰＴＳ",,"確報",1900,200,11200,1700,0,11200,0,6650000,700000,39200000,5950000,0,39200000,0,,,0,0,237500,0,0,237500,13,11.3,11.5,11.4,14.9,15.3,15.1
"2026/02/10","2026/02/13","2281","プリマハム","東証およびＰＴＳ",,"確報",0,100,17600,300,0,7100,10500,0,279900,49262400,839700,0,19872900,29389500,,,0,0,0,0,0,0,41.8,295.3,63.3,104.2,102.5,10,18.2
"2026/02/10","2026/02/13","2282","日本ハム","東証およびＰＴＳ",,"確報",2600,5300,5000,3700,600,18800,-13800,17719000,36119500,34075000,25215500,4089000,128122000,-94047000,,,0,0,0,662200,1350200,0,3.3,1.6,1.8,1.7,5.5,8,6.5
"2026/02/10","2026/02/13","2286","林兼産業","東証およびＰＴＳ",,"確報",300,0,9700,0,0,100,9600,226800,0,7333200,0,0,75600,7257600,,,0,0,18800,0,0,200,33.5,30.1,37,33.2,0,0,0
"2026/02/10","2026/02/13","2288","丸大食品","東証およびＰＴＳ",,"確報",0,300,13800,100,700,13800,0,0,701100,32250600,233700,1635900,32250600,0,,,0,0,0,380700,388800,0,20.2,11.6,30.1,16.7,25.9,25,25.4
"2026/02/10","2026/02/13","228A","オプロ","東証およびＰＴＳ",,"確報",0,0,1600,0,0,0,1600,0,0,2665600,0,0,0,2665600,,,0,0,24000,0,0,0,23.1,81,13.5,23.1,0,0,0
"2026/02/10","2026/02/13","2291","福留ハム","東証およびＰＴＳ",,"確報",0,300,7700,0,300,26900,-19200,0,188400,4835600,0,188400,16893200,-12057600,,,0,0,0,16000,54400,0,112.7,55.7,65,60,193.9,123.4,150.8
"2026/02/10","2026/02/13","2292","エス　フーズ","東証およびＰＴＳ",,"確報",2000,500,4300,1600,100,4300,0,6350000,1587500,13652500,5080000,317500,13652500,0,,,0,0,84000,0,0,84000,6.6,3.6,5.6,4.4,8,38,13.2
"2026/02/10","2026/02/13","2293","滝沢ハム","東証およびＰＴＳ",,"確報",0,0,0,0,0,0,0,0,0,0,0,0,0,0,,,0,0,0,0,0,0,0,0,0,0,0,0,0
"2026/02/10","2026/02/13","2294","柿安本店","東証およびＰＴＳ",,"確報",0,1900,24600,200,2100,24600,0,0,5407400,70011600,569200,5976600,70011600,0,,,0,0,1298500,0,0,1298500,27.2,21.2,33.8,26,22.7,37.9,28.4
"2026/02/10","2026/02/13","2296","伊藤ハム米久ＨＤ","東証およびＰＴＳ",,"確報",4200,4600,10600,0,400,10600,0,25746000,28198000,64978000,0,2452000,64978000,0,,,0,0,220000,0,0,220000,7.5,4.4,5.5,4.9,11.6,23.8,15.6
"2026/02/10","2026/02/13","2300","きょくとう","東証およびＰＴＳ",,"確報",0,0,600,0,0,0,600,0,0,313800,0,0,0,313800,,,0,0,0,1200,0,0,60,0,30,60,0,0,0
"2026/02/10","2026/02/13","2301","学情","東証およびＰＴＳ",,"確報",100,200,5700,200,0,2000,3700,185800,371600,10590600,371600,0,3716000,6874600,,,0,0,69600,0,0,21600,7.2,69.8,4,7.5,5.5,6.5,5.9
"2026/02/10","2026/02/13","2303","ドーン","東証およびＰＴＳ",,"確報",0,500,700,0,0,0,700,0,1383500,1936900,0,0,0,1936900,,,0,0,224400,0,0,0,11.2,28,7,11.2,0,0,0
"2026/02/10","2026/02/13","2304","ＣＳＳＨＤ","東証およびＰＴＳ",,"確報",0,0,1600,0,100,0,1600,0,0,1600000,0,100000,0,1600000,,,0,0,19200,0,0,1200,7.7,5.3,63,9.7,3,2,2.4
"2026/02/10","2026/02/13","2305","スタジオアリス","東証およびＰＴＳ",,"確報",0,200,11300,1700,0,24300,-13000,0,399400,22566100,3394900,0,48527100,-25961000,,,0,0,23000,0,0,45200,15.8,11.8,7.8,9.4,12,1102,23.7
"2026/02/10","2026/02/13","2307","クロスキャット","東証およびＰＴＳ",,"確報",200,500,12000,0,0,0,12000,209200,523000,12552000,0,0,0,12552000,,,0,0,233700,0,0,0,13.8,8.7,33.8,13.8,0,0,0
"2026/02/10","2026/02/13","2311","エプコ","東証およびＰＴＳ",,"確報",0,300,3500,0,0,0,3500,0,249300,2908500,0,0,0,2908500,,,0,0,0,15200,0,0,93.5,187,62.3,93.5,0,0,0
"2026/02/10","2026/02/13","2315","ＣＡＩＣＡ　Ｄ","東証およびＰＴＳ",,"確報",220300,0,1935600,0,0,1593800,341800,21369100,0,187753200,0,0,154598600,33154600,,,0,0,0,6861200,6375200,0,48.8,30.9,142.7,50.8,39,58.5,46.8
"2026/02/10","2026/02/13","2317","システナ","東証およびＰＴＳ",,"確報",700,312700,127400,0,1000,0,127400,318500,142278500,57967000,0,455000,0,57967000,,,0,0,8788000,0,0,20000,2,2.6,1.7,2.1,1,0.1,0.2
"2026/02/10","2026/02/13","2321","ソフトフロントＨＤ","東証およびＰＴＳ",,"確報",2500,900,65400,0,0,0,65400,480000,172800,12556800,0,0,0,12556800,,,0,0,319000,0,0,0,34.1,42.3,28.6,34.1,0,0,0
"2026/02/10","2026/02/13","2323","ｆｏｎｆｕｎ","東証およびＰＴＳ",,"確報",900,0,498000,0,0,0,498000,387900,0,214638000,0,0,0,214638000,,,0,0,1988400,0,0,0,679.3,359.3,6198.5,679.3,0,0,0
"2026/02/10","2026/02/13","2325","ＮＪＳ","東証およびＰＴＳ",,"確報",200,3500,30400,400,100,35800,-5400,1008000,17640000,153216000,2016000,504000,180432000,-27216000,,,0,0,2359000,0,0,2485000,51.7,48,32,38.4,229.3,44.7,74.9
"2026/02/10","2026/02/13","2326","デジタルアーツ","東証およびＰＴＳ",,"確報",1200,0,12500,0,0,0,12500,6300000,0,65625000,0,0,0,65625000,,,0,0,2994500,0,0,0,6.2,12.9,4.2,6.3,0,0,0
"2026/02/10","2026/02/13","2327","日鉄ソリューションズ","東証およびＰＴＳ",,"確報",5300,300,13600,2600,600,15800,-2200,21051600,1191600,54019200,10327200,2383200,62757600,-8738400,,,0,0,705200,0,0,1131600,2.8,3.5,4.1,3.8,2.7,2.3,2.5
"2026/02/10","2026/02/13","2329","東北新社","東証およびＰＴＳ",,"確報",100,0,1900,0,0,0,1900,64300,0,1221700,0,0,0,1221700,,,0,0,5400,0,0,0,37.6,47,31.3,37.6,0,0,0
"2026/02/10","2026/02/13","2330","フォーサイド","東証およびＰＴＳ",,"確報",0,7600,204100,0,0,0,204100,0,1261600,33880600,0,0,0,33880600,,,0,0,423400,0,0,0,89.1,162.9,61.3,89.1,0,0,0
"2026/02/10","2026/02/13","2331","ＡＬＳＯＫ","東証およびＰＴＳ",,"確報",2200,0,9100,200,0,900,8200,2564100,0,10606050,233100,0,1048950,9557100,,,0,0,0,62100,6300,0,5.7,8.2,6.2,7.1,2.2,2.6,2.4
"2026/02/10","2026/02/13","2332","クエスト","東証およびＰＴＳ",,"確報",300,0,4400,0,600,1800,2600,534600,0,7840800,0,1069200,3207600,4633200,,,0,0,45100,0,0,26400,20.2,15.7,51,24,15.6,15.6,15.6
"2026/02/10","2026/02/13","2334","イオレ","東証およびＰＴＳ",,"確報",0,4700,564700,0,0,0,564700,0,1955200,234915200,0,0,0,234915200,,,0,0,0,0,0,0,131.7,336.3,81.9,131.7,0,0,0
"2026/02/10","2026/02/13","2335","キューブシステム","東証およびＰＴＳ",,"確報",1600,1000,3500,800,0,3500,0,1774400,1109000,3881500,887200,0,3881500,0,,,0,0,60900,0,0,56700,5.7,4.6,4.2,4.4,8.5,7.7,8.1
"2026/02/10","2026/02/13","2337","いちご","東証およびＰＴＳ",,"確報",0,10600,128200,800,500,291900,-163700,0,4706400,56920800,355200,222000,129603600,-72682800,,,0,0,832800,0,0,1749600,66.1,29.4,26.7,28,1237.9,98.4,182.3
"2026/02/10","2026/02/13","2338","クオンタムＳ","東証およびＰＴＳ",,"確報",0,0,35200,0,0,0,35200,0,0,6019200,0,0,0,6019200,,,0,0,0,140800,0,0,10.3,5.5,83.9,10.3,0,0,0
"2026/02/10","2026/02/13","233A","ｉＦインドＮ５０","東証およびＰＴＳ",,"確報",0,0,3200,69,0,101,3099,0,0,6672000,143865,0,210585,6461415,,,0,0,0,3200,32,0,11.1,9,20.6,12.5,1.9,1,1.3
"2026/02/10","2026/02/13","2340","極楽湯ＨＤ","東証およびＰＴＳ",,"確報",400,0,2100,0,0,0,2100,195600,0,1026900,0,0,0,1026900,,,0,0,3400,0,0,0,44.5,22.3,0,44.5,0,0,0
"2026/02/10","2026/02/13","2341","アルバイトタイムス","東証およびＰＴＳ",,"確報",200,0,13200,0,0,0,13200,38000,0,2508000,0,0,0,2508000,,,0,0,0,0,0,0,185.7,108.3,650,185.7,0,0,0
"2026/02/10","2026/02/13","2342","トランスＧＧ","東証およびＰＴＳ",,"確報",9300,200,59400,0,0,0,59400,2957400,63600,18889200,0,0,0,18889200,,,0,0,603600,0,0,0,19.6,21.9,17.7,19.6,0,0,0
"2026/02/10","2026/02/13","2344","平安レイサービス","東証およびＰＴＳ",,"確報",0,0,700,0,0,0,700,0,0,680400,0,0,0,680400,,,0,0,2800,0,0,0,0,0,0,0,0,0,0
"2026/02/10","2026/02/13","2345","ＨＯＤＬ１","東証およびＰＴＳ",,"確報",0,0,4200,0,0,0,4200,0,0,907200,0,0,0,907200,,,0,0,16800,0,0,0,42,21,0,42,0,0,0
"2026/02/10","2026/02/13","2349","エヌアイデイ","東証およびＰＴＳ",,"確報",0,0,500,0,0,0,500,0,0,1198000,0,0,0,1198000,,,0,0,0,24500,0,0,0,0,0,0,0,0,0
"2026/02/10","2026/02/13","234A","ＧＸＣＦキング日株","東証およびＰＴＳ",,"確報",0,103,0,0,0,0,0,0,152852,0,0,0,0,0,,,0,0,3090,0,0,0,1,1,1,1,0,0,0
"2026/02/10","2026/02/13","2351","ＡＳＪ","東証およびＰＴＳ",,"確報",0,0,6100,0,0,0,6100,0,0,2013000,0,0,0,2013000,,,0,0,0,36600,0,0,151,100.7,302,151,0,0,0
"2026/02/10","2026/02/13","2353","日本駐車場開発","東証およびＰＴＳ",,"確報",1000,15500,195700,0,6700,333000,-137300,286000,4433000,55970200,0,1916200,95238000,-39267800,,,0,0,1261200,0,0,2038200,27.2,29.2,9.4,14.3,5926.7,30.2,60.2
"2026/02/10","2026/02/13","2354","ＹＥ　ＤＩＧＩＴＡＬ","東証およびＰＴＳ",,"確報",400,0,17800,0,0,0,17800,322800,0,14364600,0,0,0,14364600,,,0,0,556800,0,0,0,22.2,54.9,13.9,22.2,0,0,0
"2026/02/10","2026/02/13","2359","コア","東証およびＰＴＳ",,"確報",100,0,1800,100,100,1100,700,229800,0,4136400,229800,229800,2527800,1608600,,,0,0,47600,0,0,30800,16.7,29.3,29.3,29.3,9,10.8,9.8
"2026/02/10","2026/02/13","235A","ＧＸ高配当３０日株","東証およびＰＴＳ",,"確報",95,0,420,0,0,0,420,133950,0,592200,0,0,0,592200,,,0,0,3575,0,0,0,4.5,3.9,5.4,4.5,0,0,0
"2026/02/10","2026/02/13","236A","ｉＳ日本国債七十","東証およびＰＴＳ",,"確報",0,0,7410,1000,140,2690,4720,0,0,3374514,455400,63756,1225026,2149488,,,0,0,13338,0,0,3294,3.9,4.6,3.2,3.8,10.2,2.7,4.3
"2026/02/10","2026/02/13","2370","メディネット","東証およびＰＴＳ",,"確報",12100,600,260100,0,0,0,260100,363000,18000,7803000,0,0,0,7803000,,,0,0,0,0,0,0,18.5,16.2,21.5,18.5,0,0,0
"2026/02/10","2026/02/13","2371","カカクコム","東証およびＰＴＳ",,"確報",6100,700,81800,0,0,121000,-39200,11236200,1289400,150675600,0,0,222882000,-72206400,,,0,0,1146000,0,0,1815000,6.7,3.6,12,5.5,4.3,49.2,7.9
"2026/02/10","2026/02/13","2373","ケア２１","東証およびＰＴＳ",,"確報",0,100,700,0,0,0,700,0,43400,303800,0,0,0,303800,,,0,0,3200,0,0,0,16,10.7,32,16,0,0,0
"2026/02/10","2026/02/13","2374","セントケアＨＤ","東証およびＰＴＳ",,"確報",0,0,100,0,0,0,100,0,0,121000,0,0,0,121000,,,0,0,0,0,0,0,0,0,0,0,0,0,0
"2026/02/10","2026/02/13","2375","ギグワークス","東証およびＰＴＳ",,"確報",2000,0,22500,0,0,0,22500,452000,0,5085000,0,0,0,5085000,,,0,0,123000,0,0,0,27.7,25.2,30.8,27.7,0,0,0
"2026/02/10","2026/02/13","2376","サイネックス","東証およびＰＴＳ",,"確報",0,0,3100,0,0,0,3100,0,0,2303300,0,0,0,2303300,,,0,0,0,6200,0,0,0,0,0,0,0,0,0
"2026/02/10","2026/02/13","2378","ルネサンス","東証およびＰＴＳ",,"確報",1600,1000,55900,0,2900,113300,-57400,1779200,1112000,62160800,0,3224800,125989600,-63828800,,,0,0,940100,0,0,1975400,65.3,29.2,98.3,45,345.2,46.6,82.1
"2026/02/10","2026/02/13","2379","ディップ","東証およびＰＴＳ",,"確報",1200,200,22200,0,400,8100,14100,2493600,415600,46131600,0,831200,16831800,29299800,,,0,0,466400,0,0,187000,2.1,2.4,1.5,1.8,2.4,2.2,2.3
"2026/02/10","2026/02/13","237A","ｉＳ米国債二十五","東証およびＰＴＳ",,"確報",0,0,26120,0,0,0,26120,0,0,4228828,0,0,0,4228828,,,0,0,5224,0,0,0,6.9,7.5,6.3,6.9,0,0,0
"2026/02/10","2026/02/13","2384","ＳＢＳＨＤ","東証およびＰＴＳ",,"確報",1000,0,1800,0,0,400,1400,4050000,0,7290000,0,0,1620000,5670000,,,0,0,52000,0,0,26000,7.9,4.6,51,8.5,3,0,6
"2026/02/10","2026/02/13","2385","総医研ＨＤ","東証およびＰＴＳ",,"確報",200,300,43000,0,0,0,43000,52200,78300,11223000,0,0,0,11223000,,,0,0,344800,0,0,0,57.4,73.7,47,57.4,0,0,0
"2026/02/10","2026/02/13","2388","ウェッジＨＤ","東証およびＰＴＳ",,"確報",100,400,40700,0,0,0,40700,6200,24800,2523400,0,0,0,2523400,,,0,0,0,0,0,0,71.9,2158,36.6,71.9,0,0,0
"2026/02/10","2026/02/13","2389","デジタルＨＤ","東証およびＰＴＳ",,"確報",11000,1100,13000,0,400,19400,-6400,22154000,2215400,26182000,0,805600,39071600,-12889600,,,0,0,9300,0,0,59400,14.6,1.7,19.5,3.2,0,31.7,63.3
"2026/02/10","2026/02/13","238A","ｉＳ米国債二十五ヘジ","東証およびＰＴＳ",,"確報",0,0,62250,0,0,0,62250,0,0,8665200,0,0,0,8665200,,,0,0,80925,0,0,0,170.1,174.9,165.6,170.1,0,0,0
"2026/02/10","2026/02/13","2391","プラネット","東証およびＰＴＳ",,"確報",0,0,2100,0,0,0,2100,0,0,2631300,0,0,0,2631300,,,0,0,23100,0,0,0,0,0,0,0,0,0,0
"2026/02/10","2026/02/13","2393","日本ケアサプライ","東証およびＰＴＳ",,"確報",0,200,1600,0,0,0,1600,0,495400,3963200,0,0,0,3963200,,,0,0,46800,0,0,0,28.7,28.7,28.7,28.7,0,0,0
"2026/02/10","2026/02/13","2395","新日本科学","東証およびＰＴＳ",,"確報",1500,8000,140100,200,0,50200,89900,2655000,14160000,247977000,354000,0,88854000,159123000,,,0,0,20524000,0,0,7000000,87.9,123.7,45.9,67,834.3,1251.5,1001.2
"2026/02/10","2026/02/13","2404","鉄人化ＨＤ","東証およびＰＴＳ",,"確報",0,300,6400,0,300,6400,0,0,150600,3212800,0,150600,3212800,0,,,0,0,6700,0,0,6700,39.3,0,20.8,41.6,354,19.7,37.3
"2026/02/10","2026/02/13","2408","ＫＧ情報","東証およびＰＴＳ",,"確報",0,100,1500,0,0,0,1500,0,73300,1099500,0,0,0,1099500,,,0,0,0,0,0,0,7.3,35.8,4.1,7.3,0,0,0
"2026/02/10","2026/02/13","2410","キャリアＤセンタ","東証およびＰＴＳ",,"確報",0,700,9100,0,0,200,8900,0,1703800,22149400,0,0,486800,21662600,,,0,0,245000,0,0,5000,39.3,95.8,25.2,39.9,0,12,24
"2026/02/10","2026/02/13","2411","ゲンダイエージェンシ","東証およびＰＴＳ",,"確報",0,0,12800,0,0,800,12000,0,0,6105600,0,0,381600,5724000,,,0,0,51200,0,0,3200,42.9,641,320.5,427.3,0,2.9,5.7
"2026/02/10","2026/02/13","2413","エムスリー","東証およびＰＴＳ",,"確報",20300,3100,262500,0,0,200,262300,35626500,5440500,460687500,0,0,351000,460336500,,,0,0,0,0,0,0,18.4,12.5,36.7,18.7,3.3,0.5,0.8
"2026/02/10","2026/02/13","2415","ヒューマンＨＤ","東証およびＰＴＳ",,"確報",0,0,2200,0,0,0,2200,0,0,4296600,0,0,0,4296600,,,0,0,0,8800,0,0,0,0,0,0,0,0,0
"2026/02/10","2026/02/13","2418","ツカダグローバルＨＤ","東証およびＰＴＳ",,"確報",6100,0,42500,0,400,5600,36900,3690500,0,25712500,0,242000,3388000,22324500,,,0,0,182000,0,0,30000,2.8,24.2,1.3,2.4,299,12.5,23.9
"2026/02/10","2026/02/13","241A","ＲＯＸＸ","東証およびＰＴＳ",,"確報",1000,1000,95300,0,0,95300,0,584000,584000,55655200,0,0,55655200,0,,,0,0,0,1715400,1715400,0,68.1,34,34,34,0,0,0
"2026/02/10","2026/02/13","2424","ブラス","東証およびＰＴＳ",,"確報",100,0,500,0,0,0,500,63300,0,316500,0,0,0,316500,,,0,0,400,0,0,0,21,21,21,21,0,0,0
"2026/02/10","2026/02/13","2425","ケアサービス","東証およびＰＴＳ",,"確報",0,0,1500,0,0,0,1500,0,0,1192500,0,0,0,1192500,,,0,0,3000,0,0,0,52.7,79,39.5,52.7,0,0,0
"2026/02/10","2026/02/13","2428","ウェルネット","東証およびＰＴＳ",,"確報",200,700,13300,7600,0,7800,5500,135400,473900,9004100,5145200,0,5280600,3723500,,,0,0,165600,0,0,2400,7.7,77.7,13.9,23.5,1.6,2.4,1.9
"2026/02/10","2026/02/13","2429","ワールドＨＤ","東証およびＰＴＳ",,"確報",2400,0,27400,0,0,900,26500,6331200,0,72281200,0,0,2374200,69907000,,,0,0,1300000,0,0,46800,26.7,16.6,86.5,27.8,11,14.7,12.6
"2026/02/10","2026/02/13","2432","ディー・エヌ・エー","東証およびＰＴＳ",,"確報",0,14600,111700,6000,0,6100,105600,0,38850600,297233700,15966000,0,16232100,281001600,,,0,0,16734750,0,0,13250,14.5,26,13.4,17.6,1.3,2,1.6
"2026/02/10","2026/02/13","2433","博報堂ＤＹＨＤ","東証およびＰＴＳ",,"確報",200,400,9300,400,100,26100,-16800,233000,466000,10834500,466000,116500,30406500,-19572000,,,0,0,180500,0,0,490200,14.8,9,7.7,8.3,41.8,15.1,22.1
"2026/02/10","2026/02/13","2435","シダー","東証およびＰＴＳ",,"確報",0,0,1100,0,0,0,1100,0,0,237600,0,0,0,237600,,,0,0,0,1100,0,0,24,16,48,24,0,0,0
"2026/02/10","2026/02/13","2436","共同ピーアール","東証およびＰＴＳ",,"確報",0,0,2700,0,0,0,2700,0,0,2589300,0,0,0,2589300,,,0,0,16200,0,0,0,0,0,0,0,0,0,0
"2026/02/10","2026/02/13","2437","シンワワイズ","東証およびＰＴＳ",,"確報",0,100,28000,0,0,0,28000,0,55800,15624000,0,0,0,15624000,,,0,0,0,84300,0,0,39.8,35.7,44.9,39.8,0,0,0
"2026/02/10","2026/02/13","2438","アスカネット","東証およびＰＴＳ",,"確報",7300,1900,105000,5400,0,105000,0,2832400,737200,40740000,2095200,0,40740000,0,,,0,0,398400,0,0,398400,67.6,47.8,68.5,56.3,66.7,115.2,84.5
"2026/02/10","2026/02/13","2440","ぐるなび","東証およびＰＴＳ",,"確報",0,268900,146800,0,12100,592300,-445500,0,43292900,23634800,0,1948100,95360300,-71725500,,,0,0,1662800,0,0,2417600,5.9,2.2,1.5,1.8,837.3,110,194.5
"2026/02/10","2026/02/13","2445","タカミヤ","東証およびＰＴＳ",,"確報",2700,0,48100,4600,0,10300,37800,1301400,0,23184200,2217200,0,4964600,18219600,,,0,0,454000,0,0,57000,31.5,32.3,81.2,46.2,5.4,65.2,10
"2026/02/10","2026/02/13","2449","プラップジャパン","東証およびＰＴＳ",,"確報",0,0,1200,0,0,0,1200,0,0,1329600,0,0,0,1329600,,,0,0,12000,0,0,0,61,61,61,61,0,0,0
"2026/02/10","2026/02/13","244A","グロースエクスパ","東証およびＰＴＳ",,"確報",0,100,3700,0,0,0,3700,0,144800,5357600,0,0,0,5357600,,,0,0,106400,0,0,0,38,95,23.8,38,0,0,0
"2026/02/10","2026/02/13","2454","オールアバウト","東証およびＰＴＳ",,"確報",0,0,2900,0,0,0,2900,0,0,1165800,0,0,0,1165800,,,0,0,20300,0,0,0,0,0,0,0,0,0,0
"2026/02/10","2026/02/13","2459","アウンコンサル","東証およびＰＴＳ",,"確報",900,0,19700,0,0,0,19700,216000,0,4728000,0,0,0,4728000,,,0,0,56400,0,0,0,14.3,7.9,70.1,14.3,0,0,0
"2026/02/10","2026/02/13","245A","ＩＮＧＳ","東証およびＰＴＳ",,"確報",0,0,600,0,0,0,600,0,0,1866000,0,0,0,1866000,,,0,0,3000,0,0,0,8,14,5.6,8,0,0,0
"2026/02/10","2026/02/13","2461","ファンコミュニ","東証およびＰＴＳ",,"確報",5200,0,54200,57100,0,118300,-64100,2506400,0,26124400,27522200,0,57020600,-30896200,,,0,0,0,98000,122400,0,13.6,19.1,37.4,25.3,6.6,26,10.5
"2026/02/10","2026/02/13","2462","ライク","東証およびＰＴＳ",,"確報",0,0,6100,0,200,2100,4000,0,0,9516000,0,312000,3276000,6240000,,,0,0,67100,0,0,25300,24.3,18.2,34.4,23.8,29,23.2,25.8
"2026/02/10","2026/02/13","2464","Ａｏｂａ‐ＢＢＴ","東証およびＰＴＳ",,"確報",0,100,2400,0,0,0,2400,0,34000,816000,0,0,0,816000,,,0,0,0,0,0,0,248,0,124,248,0,0,0
"2026/02/10","2026/02/13","2469","ヒビノ","東証およびＰＴＳ",,"確報",1900,0,4500,0,0,0,4500,6716500,0,15907500,0,0,0,15907500,,,0,0,507000,0,0,0,10.9,8.2,16.3,10.9,0,0,0
"2026/02/10","2026/02/13","246A","アスア","東証およびＰＴＳ",,"確報",100,0,2900,0,0,0,2900,62500,0,1812500,0,0,0,1812500,,,0,0,0,16800,0,0,70,70,70,70,0,0,0
"2026/02/10","2026/02/13","2471","エスプール","東証およびＰＴＳ",,"確報",0,9400,212700,0,9400,212700,0,0,2472200,55940100,0,2472200,55940100,0,,,0,0,0,0,0,0,48.7,44.8,34.9,39.2,80.8,53.4,64.3
"2026/02/10","2026/02/13","2475","ＷＤＢＨＤ","東証およびＰＴＳ",,"確報",100,500,1900,0,400,1900,0,161900,809500,3076100,0,647600,3076100,0,,,0,0,18400,0,0,18400,15.1,17.7,11.8,14.1,21.2,13.3,16.3
"2026/02/10","2026/02/13","2477","手間いらず","東証およびＰＴＳ",,"確報",1100,1200,6700,0,100,6700,0,3432000,3744000,20904000,0,312000,20904000,0,,,0,0,170000,0,0,170000,24.9,13,23.9,16.8,25.9,311,47.8
"2026/02/10","2026/02/13","2479","ジェイテック","東証およびＰＴＳ",,"確報",100,0,6000,0,0,0,6000,24400,0,1464000,0,0,0,1464000,,,0,0,5900,0,0,0,117.6,98,147,117.6,0,0,0
"2026/02/10","2026/02/13","247A","Ａｉ　ロボティクス","東証およびＰＴＳ",,"確報",8400,5200,795600,0,0,0,795600,11760000,7280000,1113840000,0,0,0,1113840000,,,0,0,57845200,0,0,0,131.2,276.9,86,131.2,0,0,0
"2026/02/10","2026/02/13","2480","システムロケーション","東証およびＰＴＳ",,"確報",0,200,2100,0,0,0,2100,0,345200,3624600,0,0,0,3624600,,,0,0,52900,0,0,0,14.3,9.6,28.7,14.3,0,0,0
"2026/02/10","2026/02/13","2481","タウンニュース社","東証およびＰＴＳ",,"確報",0,0,0,0,0,0,0,0,0,0,0,0,0,0,,,0,0,0,0,0,0,0,0,0,0,0,0,0
"2026/02/10","2026/02/13","2483","翻訳センター","東証およびＰＴＳ",,"確報",0,100,1300,0,0,0,1300,0,191800,2493400,0,0,0,2493400,,,0,0,0,7000,0,0,31.5,31.5,31.5,31.5,0,0,0
"2026/02/10","2026/02/13","2484","出前館","東証およびＰＴＳ",,"確報",432900,33300,946700,1100,3400,969700,-23000,58874400,4528800,128751200,149600,462400,131879200,-3128000,,,0,0,547100,0,0,972000,10.3,3.7,6,4.6,102.3,202.9,136
"2026/02/10","2026/02/13","2485","ティア","東証およびＰＴＳ",,"確報",200,300,85700,0,0,0,85700,106400,159600,45592400,0,0,0,45592400,,,0,0,85800,0,0,0,43.2,24,218.3,43.2,0,0,0
"2026/02/10","2026/02/13","2488","ＪＴＰ","東証およびＰＴＳ",,"確報",100,1900,13400,0,0,0,13400,127700,2426300,17111800,0,0,0,17111800,,,0,0,912000,0,0,0,53.3,149.2,32.4,53.3,0,0,0
"2026/02/10","2026/02/13","2489","アドウェイズ","東証およびＰＴＳ",,"確報",8700,9100,137400,0,400,137400,0,2488200,2602600,39296400,0,114400,39296400,0,,,0,0,3031600,0,0,3031600,56.2,35.2,42.4,38.4,83.7,140,104.7
"2026/02/10","2026/02/13","248A","キッズスター","東証およびＰＴＳ",,"確報",0,100,4700,0,0,0,4700,0,188100,8840700,0,0,0,8840700,,,0,0,100800,0,0,0,236,236,236,236,0,0,0
"2026/02/10","2026/02/13","2491","バリューコマース","東証およびＰＴＳ",,"確報",0,253800,341400,0,16300,578900,-237500,0,120301200,161823600,0,7726200,274398600,-112575000,,,0,0,8928000,0,0,8928000,5.9,3.1,2.6,2.8,22.5,107.8,37.3
"2026/02/10","2026/02/13","2492","インフォマート","東証およびＰＴＳ",,"確報",46400,15600,497000,57000,26200,497000,0,19256000,6474000,206255000,23655000,10873000,206255000,0,,,0,0,8391600,0,0,8391600,13.3,13,17.2,14.8,10.8,13.6,12
"2026/02/10","2026/02/13","2493","イーサポートリンク","東証およびＰＴＳ",,"確報",100,0,1100,0,0,0,1100,100800,0,1108800,0,0,0,1108800,,,0,0,4000,0,0,0,34.7,26,52,34.7,0,0,0
"2026/02/10","2026/02/13","2497","ユナイテッド","東証およびＰＴＳ",,"確報",700,12100,113800,600,0,227500,-113700,370300,6400900,60200200,317400,0,120347500,-60147300,,,0,0,1126800,0,0,2042100,80,122.2,37.7,57.7,388.2,57.7,100.4
"2026/02/10","2026/02/13","2498","オリコンＨＤ","東証およびＰＴＳ",,"確報",0,0,3900,0,0,0,3900,0,0,12402000,0,0,0,12402000,,,0,0,97500,0,0,0,129.3,97,194,129.3,0,0,0
"2026/02/10","2026/02/13","2499","日本和装ＨＤ","東証およびＰＴＳ",,"確報",100,0,600,0,0,0,600,36200,0,217200,0,0,0,217200,,,0,0,0,0,0,0,24,12,0,24,0,0,0
"2026/02/10","2026/02/13","2501","サッポロＨＤ","東証およびＰＴＳ",,"確報",2000,800,11200,3000,8600,307400,-296200,3464000,1385600,19398400,5196000,14895200,532416800,-513018400,,,0,0,0,110000,3443000,0,15.1,6.2,13.8,8.5,27,10.9,15.6
"2026/02/10","2026/02/13","2502","アサヒグループＨＤ","東証およびＰＴＳ",,"確報",20800,500,212500,15700,0,17200,195300,35016800,841750,357743750,26430950,0,28956200,328787550,,,0,0,0,2306400,18000,0,12.2,31.9,11.9,17.3,1.4,2,1.6
"2026/02/10","2026/02/13","2503","キリンＨＤ","東証およびＰＴＳ",,"確報",900,500,19900,3300,400,10200,9700,2249550,1249750,49740050,8248350,999800,25494900,24245150,,,0,0,1218750,0,0,456250,11.1,17.3,12.8,14.7,4.9,11.8,7
"2026/02/10","2026/02/13","250A","シマダヤ","東証およびＰＴＳ",,"確報",900,300,4000,0,0,0,4000,1667700,555900,7412000,0,0,0,7412000,,,0,0,47600,0,0,0,14.3,9.2,31.4,14.3,0,0,0
"2026/02/10","2026/02/13","2510","ＮＦ国内債券","東証およびＰＴＳ",,"確報",0,500,1370,0,0,1110,260,0,414850,1136689,0,0,920967,215722,,,0,0,3740,0,0,2220,4.7,6.2,5.3,5.7,4022,2.2,4.4
"2026/02/10","2026/02/13","2511","ＮＦ外債ヘッジ無","東証およびＰＴＳ",,"確報",0,0,120,10,0,20,100,0,0,142200,11850,0,23700,118500,,,0,0,0,600,50,0,9.8,5.4,0,10.8,2.5,0,5
"2026/02/10","2026/02/13","2512","ＮＦ外債ヘッジ有","東証およびＰＴＳ",,"確報",0,0,10,0,0,10,0,0,0,7537,0,0,7537,0,,,0,0,10,0,0,10,2,2,2,2,2,2,2
"2026/02/10","2026/02/13","2513","ＮＦ外株ヘッジ無","東証およびＰＴＳ",,"確報",0,16,171,0,16,171,0,0,51936,555066,0,51936,555066,0,,,0,0,0,0,0,0,9,8.3,18.6,11.5,4.6,18.6,7.4
"2026/02/10","2026/02/13","2514","ＮＦ外株ヘッジ有","東証およびＰＴＳ",,"確報",1005,0,1038,0,0,15,1023,1903470,0,1965972,0,0,28410,1937562,,,0,0,198,0,0,90,1.7,1.3,2.4,1.7,16,16,16
"2026/02/10","2026/02/13","2515","ＮＦ外ＲＥＩＴヘ無","東証およびＰＴＳ",,"確報",0,0,100,0,0,21,79,0,0,154900,0,0,32529,122371,,,0,0,0,1000,210,0,0,0,0,0,0,0,0
"2026/02/10","2026/02/13","2516","東証グロース２５０","東証およびＰＴＳ",,"確報",381380,14000,598200,0,93360,434530,163670,220056260,8078000,345161400,0,53868720,250723810,94437590,,,0,0,3208398,0,0,7337671,4.5,2.1,3.2,2.5,26.1,10.2,14.7
"2026/02/10","2026/02/13","2517","ＭＸＳＪリートコア","東証およびＰＴＳ",,"確報",10,0,10,10,0,10,0,12100,0,12100,12100,0,12100,0,,,0,0,0,0,0,0,1,1,0,2,1,1,1
"2026/02/10","2026/02/13","2518","ＮＦ日本株女性活躍","東証およびＰＴＳ",,"確報",0,0,20,0,0,0,20,0,0,43960,0,0,0,43960,,,0,0,840,0,0,0,4.2,2.3,23,4.2,0,0,0
"2026/02/10","2026/02/13","2519","ＮＦ新興国債券ヘ無","東証およびＰＴＳ",,"確報",0,10,120,0,0,0,120,0,11870,142440,0,0,0,142440,,,0,0,0,65,0,0,26.4,0,64,128,1,1,1
"2026/02/10","2026/02/13","2520","ＮＦ新興国株式ヘ無","東証およびＰＴＳ",,"確報",0,0,0,180,9,300,-300,0,0,0,381060,19053,635100,-635100,,,0,0,0,0,0,3483,2.6,1,1,1,1.4,29.6,2.7
"2026/02/10","2026/02/13","2521","上場米国ヘッジあり","東証およびＰＴＳ",,"確報",0,0,4089,0,0,0,4089,0,0,8153466,0,0,0,8153466,,,0,0,28623,0,0,0,25.7,13.2,9602,26.5,1,1,1
"2026/02/10","2026/02/13","2522","ｉＳロボット","東証およびＰＴＳ",,"確報",0,58,85,0,0,0,85,0,402578,589985,0,0,0,589985,,,0,0,4862,0,0,0,7.4,6.7,8.5,7.4,0,0,0
"2026/02/10","2026/02/13","2523","ＭＸＳトピ除く金融","東証およびＰＴＳ",,"確報",0,0,0,0,0,0,0,0,0,0,0,0,0,0,,,0,0,0,0,0,0,0,0,0,0,0,0,0
"2026/02/10","2026/02/13","2524","ＮＺＡＭ　ＴＰＸ","東証およびＰＴＳ",,"確報",0,0,0,7320,0,7320,-7320,0,0,0,29075040,0,29075040,-29075040,,,0,0,0,0,0,0,2,0,0,0,1,0,2
"2026/02/10","2026/02/13","2525","ＮＺＡＭ　２２５","東証およびＰＴＳ",,"確報",0,0,4,894,0,894,-890,0,0,233040,52084440,0,52084440,-51851400,,,0,0,4680,0,0,0,1.9,1.7,2.1,1.9,1,38.9,1.9
"2026/02/10","2026/02/13","2526","ＮＺＡＭ　４００","東証およびＰＴＳ",,"確報",0,0,0,25,0,25,-25,0,0,0,892500,0,892500,-892500,,,0,0,0,0,0,0,2,0,0,0,1,0,2
"2026/02/10","2026/02/13","2527","ＮＺＡＭＪリートコア","東証およびＰＴＳ",,"確報",20,36,22,0,0,22,0,24400,43920,26840,0,0,26840,0,,,0,0,114,0,0,66,3.9,3.7,2,2.6,334,3.8,7.5
"2026/02/10","2026/02/13","2528","ｉＦＪリートコア","東証およびＰＴＳ",,"確報",0,0,377,0,0,10,367,0,0,460317,0,0,12210,448107,,,0,0,2262,0,0,60,0,0,0,0,0,0,0
"2026/02/10","2026/02/13","2529","ＮＦ株主還元７０","東証およびＰＴＳ",,"確報",0,0,700,0,0,0,700,0,0,1603000,0,0,0,1603000,,,0,0,24500,0,0,0,28,0,14,28,0,0,0
"2026/02/10","2026/02/13","2530","ＭＸＳ中国Ａ株１８０","東証およびＰＴＳ",,"確報",66,0,580,0,0,0,580,1174470,0,10321100,0,0,0,10321100,,,0,0,0,5140,0,0,24.2,12.1,0,24.2,0,0,0
"2026/02/10","2026/02/13","2531","宝ホールディングス","東証およびＰＴＳ",,"確報",200,1500,51800,200,2400,141900,-90100,325000,2437500,84175000,325000,3900000,230587500,-146412500,,,0,0,531000,0,0,1441000,49.8,35.9,23,28,109.6,52.8,71.2
"2026/02/10","2026/02/13","2533","オエノンＨＤ","東証およびＰＴＳ",,"確報",12300,2300,20300,20300,0,20300,0,5867100,1097100,9683100,9683100,0,9683100,0,,,0,0,0,288400,0,0,3.7,4.9,4.3,4.6,3.2,2.9,3.1
"2026/02/10","2026/02/13","253A","ＥＴＳグループ","東証およびＰＴＳ",,"確報",0,2400,18700,3900,0,12900,5800,0,2980800,23225400,4843800,0,16021800,7203600,,,0,0,1856800,0,0,792000,13.8,20.8,12.4,15.6,6.2,43.1,10.9
"2026/02/10","2026/02/13","2540","養命酒製造","東証およびＰＴＳ",,"確報",100,31700,24200,0,0,300,23900,451500,143125500,109263000,0,0,1354500,107908500,,,0,0,3627000,0,0,19500,2.8,4,2.1,2.8,0,0,0
"2026/02/10","2026/02/13","254A","ＡＩフュージョンＣＧ","東証およびＰＴＳ",,"確報",0,0,17900,0,0,0,17900,0,0,16503800,0,0,0,16503800,,,0,0,411700,0,0,0,450,0,225,450,0,0,0
"2026/02/10","2026/02/13","2552","上場ＪリートＭ","東証およびＰＴＳ",,"確報",0,33,431,0,0,0,431,0,71148,929236,0,0,0,929236,,,0,0,3712,0,0,0,1.9,1.8,4.4,2.6,1.2,1,1.1
"2026/02/10","2026/02/13","2553","Ｏｎｅ・ＣＳＩ５００","東証およびＰＴＳ",,"確報",0,2080,40100,0,0,0,40100,0,5297760,102134700,0,0,0,102134700,,,0,0,0,295260,0,0,63.6,50,87.5,63.6,0,0,0
"2026/02/10","2026/02/13","2554","ＮＦ米社債ヘ有","東証およびＰＴＳ",,"確報",0,0,0,0,0,10,-10,0,0,0,0,0,7791,-7791,,,0,0,0,0,0,3,4,0,0,0,2,0,4
"2026/02/10","2026/02/13","2555","東証ＲＥＩＴ－ＥＴＦ","東証およびＰＴＳ",,"確報",0,0,130,0,10,0,130,0,0,268385,0,20645,0,268385,,,0,0,585,0,0,45,16.5,31.5,31.5,31.5,1.5,1.5,1.5
"2026/02/10","2026/02/13","2556","Ｏｎｅ・Ｊリート","東証およびＰＴＳ",,"確報",0,0,320,0,0,0,320,0,0,660640,0,0,0,660640,,,0,0,2560,0,0,0,44.6,39,52,44.6,0,0,0
"2026/02/10","2026/02/13","2557","ＳＭＤＡＭトピックス","東証およびＰＴＳ",,"確報",0,0,40,0,0,0,40,0,0,155920,0,0,0,155920,,,0,0,2600,0,0,0,40,0,0,0,0,0,0
"2026/02/10","2026/02/13","2558","ＭＸＳ米株ＳＰ５００","東証およびＰＴＳ",,"確報",85,0,4405,18,0,2249,2156,2640950,0,136863350,559260,0,69876430,66986920,,,0,0,0,302400,156170,0,23,38.3,32,34.8,13,14.4,13.7
"2026/02/10","2026/02/13","2559","ＭＸＳ全世界株式","東証およびＰＴＳ",,"確報",10,427,3461,0,0,341,3120,269400,11503380,93239340,0,0,9186540,84052800,,,0,0,135730,0,0,11935,15.5,87.7,8.9,16.2,5.7,31.2,9.6
"2026/02/10","2026/02/13","255A","ジーエルテクノＨＤ","東証およびＰＴＳ",,"確報",0,100,6100,100,0,500,5600,0,364000,22204000,364000,0,1820000,20384000,,,0,0,1705000,0,0,110000,67.2,104.3,104.3,104.3,11.5,11.5,11.5
"2026/02/10","2026/02/13","2560","ＭＸＳカーボン日本株","東証およびＰＴＳ",,"確報",0,0,1,0,0,0,1,0,0,51010,0,0,0,51010,,,0,0,1560,0,0,0,0,0,0,0,0,0,0
"2026/02/10","2026/02/13","2561","ｉＳ日本国債","東証およびＰＴＳ",,"確報",17760,226,19002,17934,400,19002,0,37367040,475504,39980208,37733136,841600,39980208,0,,,0,0,52848,0,0,52848,2.2,1.8,5.5,2.7,1.3,2.8,1.7
"2026/02/10","2026/02/13","2562","上場ダウヘッジあり","東証およびＰＴＳ",,"確報",0,14,1738,840,0,2925,-1187,0,49630,6161210,2977800,0,10369125,-4207915,,,0,0,0,3504,4170,0,18,458.1,395.6,424.5,7.2,19.9,10.6
"2026/02/10","2026/02/13","2563","ｉＳＳＰ５百米株ヘジ","東証およびＰＴＳ",,"確報",0,50000,339440,1550,141660,445800,-106360,0,18695000,126916616,579545,52966674,166684620,-39768004,,,0,0,545216,0,0,820274,19.2,18,11.8,14.3,141.2,13.8,25.1
"2026/02/10","2026/02/13","2564","ＧＸスーパーディビ","東証およびＰＴＳ",,"確報",0,0,0,0,0,0,0,0,0,0,0,0,0,0,,,0,0,0,0,0,0,0,0,0,0,0,0,0
"2026/02/10","2026/02/13","2565","ＧＸロジＪリート","東証およびＰＴＳ",,"確報",0,0,527,0,0,0,527,0,0,515406,0,0,0,515406,,,0,0,1054,0,0,0,3.6,3.8,3.5,3.6,2,2,2
"2026/02/10","2026/02/13","2566","上場ＥＳＧリート","東証およびＰＴＳ",,"確報",0,0,0,0,0,0,0,0,0,0,0,0,0,0,,,0,0,0,0,0,0,6,0,3,6,0,0,0
"2026/02/10","2026/02/13","2567","ＮＺＡＭ　カーボン","東証およびＰＴＳ",,"確報",50,0,70,0,0,280,-210,26410,0,36974,0,0,147896,-110922,,,0,0,590,0,0,8260,23.5,9.6,4.4,6,0,0,0
"2026/02/10","2026/02/13","2568","上場ＮＳＱ１００ヘ無","東証およびＰＴＳ",,"確報",0,70,2699,0,0,518,2181,0,469770,18112989,0,0,3476298,14636691,,,0,0,0,52611,9842,0,1.5,5,0.7,1.2,0,866.3,1732.7
"2026/02/10","2026/02/13","2569","上場ＮＳＱ１００ヘ有","東証およびＰＴＳ",,"確報",0,100,5076,198,0,198,4878,0,374000,18984240,740520,0,740520,18243720,,,0,0,124224,0,0,0,17.4,11.4,53.3,18.8,1.2,7.6,2
"2026/02/10","2026/02/13","256A","飛島ホールディングス","東証およびＰＴＳ",,"確報",800,1000,21800,0,200,21800,0,2136000,2670000,58206000,0,534000,58206000,0,,,0,0,858000,0,0,858000,20.9,10.6,13.4,11.9,47.4,521.5,86.9
"2026/02/10","2026/02/13","2573","北海道コカ・コーラ","東証およびＰＴＳ",,"確報",0,200,2100,0,0,0,2100,0,789000,8284500,0,0,0,8284500,,,0,0,23000,0,0,0,10.7,8.3,15.2,10.7,0,0,0
"2026/02/10","2026/02/13","2579","コカ・コーラＢＪＨ","東証およびＰＴＳ",,"確報",5000,0,18700,700,500,53400,-34700,17585000,0,65767900,2461900,1758500,187807800,-122039900,,,0,0,0,205500,798000,0,23.9,16.1,13,14.4,44.6,23.9,31.1
"2026/02/10","2026/02/13","257A","ＳＭＴ　日本株厳選投","東証およびＰＴＳ",,"確報",56,34,174,0,0,0,174,175336,106454,544794,0,0,0,544794,,,0,0,12920,0,0,0,7.5,46.7,4.1,7.5,0,0,0
"2026/02/10","2026/02/13","2585","ライフドリンクＣ","東証およびＰＴＳ",,"確報",0,4800,39100,0,1300,100,39000,0,7809600,63615700,0,2115100,162700,63453000,,,0,0,1229200,0,0,39200,31.3,51.8,30.9,38.7,1.6,1.8,1.7
"2026/02/10","2026/02/13","2586","フルッタフルッタ","東証およびＰＴＳ",,"確報",5500,72700,864700,0,0,0,864700,808500,10686900,127110900,0,0,0,127110900,,,0,0,7455200,0,0,0,62.4,117.8,42.5,62.4,0,0,0
"2026/02/10","2026/02/13","2587","サントリー食品インタ","東証およびＰＴＳ",,"確報",500,0,1000,0,1400,10500,-9500,2593000,0,5186000,0,7260400,54453000,-49267000,,,0,0,0,14500,345100,0,7.4,2.5,1.8,2.1,6.4,13.4,8.6
"2026/02/10","2026/02/13","2588","ＰウォーターＨＤ","東証およびＰＴＳ",,"確報",0,400,1700,0,0,0,1700,0,1378000,5856500,0,0,0,5856500,,,0,0,189000,0,0,0,50.5,0,25.3,50.5,0,0,0
"2026/02/10","2026/02/13","258A","ＳＭＴ　内リート厳選","東証およびＰＴＳ",,"確報",0,0,3,0,0,0,3,0,0,6873,0,0,0,6873,,,0,0,9,0,0,0,6.5,6.5,6.5,6.5,0,0,0
"2026/02/10","2026/02/13","2590","ＤｙＤｏ","東証およびＰＴＳ",,"確報",0,1700,6300,100,800,92700,-86400,0,4340100,16083900,255300,2042400,236663100,-220579200,,,0,0,256000,0,0,2988800,88.2,19.4,8,11.4,937.4,130.2,228.6
"2026/02/10","2026/02/13","2593","伊藤園","東証およびＰＴＳ",,"確報",4700,3100,62600,1600,0,62600,0,14499500,9563500,193121000,4936000,0,193121000,0,,,0,0,3172000,0,0,3172000,39.5,25.9,27.3,26.6,71.5,83.5,77.1
"2026/02/10","2026/02/13","25935","伊藤園第１種優先株式","東証およびＰＴＳ",,"確報",200,0,14200,0,0,0,14200,363400,0,25801400,0,0,0,25801400,,,0,0,0,0,0,0,20.6,18.7,22.9,20.6,0,0,0
"2026/02/10","2026/02/13","2594","キーコーヒー","東証およびＰＴＳ",,"確報",100,300,5100,200,1400,79500,-74400,200200,600600,10210200,400400,2802800,159159000,-148948800,,,0,0,0,10600,161400,0,66.4,20.1,5,8,138.5,154.5,146
"2026/02/10","2026/02/13","2597","ユニカフェ","東証およびＰＴＳ",,"確報",0,0,900,0,0,0,900,0,0,931500,0,0,0,931500,,,0,0,7200,0,0,0,0,0,0,0,0,0,0
"2026/02/10","2026/02/13","2602","日清オイリオグループ","東証およびＰＴＳ",,"確報",200,5500,1500,100,2400,18000,-16500,1174000,32285000,8805000,587000,14088000,105660000,-96855000,,,0,0,68000,0,0,203000,13.6,4.3,3.9,4.1,93.4,21,34.2
"2026/02/10","2026/02/13","2607","不二製油","東証およびＰＴＳ",,"確報",9600,8300,15800,1600,300,15800,0,40291200,34835100,66312600,6715200,1259100,66312600,0,,,0,0,101500,0,0,101500,6.1,3.7,3.8,3.8,14.7,16.8,15.7
"2026/02/10","2026/02/13","2612","かどや製油","東証およびＰＴＳ",,"確報",0,0,1500,0,0,0,1500,0,0,6742500,0,0,0,6742500,,,0,0,67500,0,0,0,18,9,0,18,0,0,0
"2026/02/10","2026/02/13","2613","Ｊ－オイルミルズ","東証およびＰＴＳ",,"確報",1000,600,5300,0,500,27600,-22300,2030000,1218000,10759000,0,1015000,56028000,-45269000,,,0,0,0,14700,84300,0,25.1,6.4,7.1,6.7,386.8,25,46.9
"2026/02/10","2026/02/13","261A","日水コン","東証およびＰＴＳ",,"確報",900,0,32000,0,0,0,32000,2155500,0,76640000,0,0,0,76640000,,,0,0,1648300,0,0,0,4.7,53.2,2.5,4.7,0,0,0
"2026/02/10","2026/02/13","2620","ｉＳ米国債一三","東証およびＰＴＳ",,"確報",0,0,300,20,0,1030,-730,0,0,108810,7254,0,373581,-264771,,,0,0,0,600,2020,0,107.2,0,153,306,49,490,89.1
"2026/02/10","2026/02/13","2621","ｉＳ米国債二十へジ","東証およびＰＴＳ",,"確報",0,500,40370,0,0,0,40370,0,539000,43518860,0,0,0,43518860,,,0,0,286090,0,0,0,24.7,23.2,26.4,24.7,0,0,0
"2026/02/10","2026/02/13","2622","ｉＳ新興国債券へジ","東証およびＰＴＳ",,"確報",0,0,0,0,0,0,0,0,0,0,0,0,0,0,,,0,0,0,0,0,0,0,0,0,0,0,0,0
"2026/02/10","2026/02/13","2623","ｉＳユロＩＧ社債ヘジ","東証およびＰＴＳ",,"確報",0,0,0,0,0,0,0,0,0,0,0,0,0,0,,,0,0,0,0,0,0,0,0,0,0,0,0,0
"2026/02/10","2026/02/13","2624","ｉＦ２２５年４","東証およびＰＴＳ",,"確報",0,34,66,300,0,400,-334,0,197234,382866,1740300,0,2320400,-1937534,,,0,0,13300,0,0,13300,3.7,8.7,3.7,5.2,1.2,251,2.5
"2026/02/10","2026/02/13","2625","ｉＦＴＰＸ年４","東証およびＰＴＳ",,"確報",0,1,7,0,1,7,0,0,3875,27125,0,3875,27125,0,,,0,0,720,0,0,720,10.3,6.2,15.5,8.9,7.8,31,12.4
"2026/02/10","2026/02/13","2626","ＧＸデジタル日株","東証およびＰＴＳ",,"確報",1,256,53,0,500,40,13,2912,745472,154336,0,1456000,116480,37856,,,0,0,22792,0,0,39960,3.9,3.9,3.9,3.9,3.8,4.1,3.9
"2026/02/10","2026/02/13","2627","ＧＸｅコマース日株","東証およびＰＴＳ",,"確報",0,0,1960,0,0,0,1960,0,0,2842000,0,0,0,2842000,,,0,0,74480,0,0,0,64.8,64.8,64.8,64.8,0,0,0
"2026/02/10","2026/02/13","2628","ｉＦ中国科創板５０","東証およびＰＴＳ",,"確報",10,183,29573,0,0,0,29573,32540,595482,96230542,0,0,0,96230542,,,0,0,118984,0,0,0,140.1,181.8,113.9,140.1,0,0,0
"2026/02/10","2026/02/13","2629","ｉＦ中国ＧＢＡ１００","東証およびＰＴＳ",,"確報",589,100,21574,0,0,0,21574,2232899,379100,81787034,0,0,0,81787034,,,0,0,0,400615,0,0,59,52.7,67.1,59,0,0,0
"2026/02/10","2026/02/13","262A","インターメスティック","東証およびＰＴＳ",,"確報",0,1100,18900,0,0,0,18900,0,2186800,37573200,0,0,0,37573200,,,0,0,1460000,0,0,0,39.9,94.3,25.3,39.9,0,0,0
"2026/02/10","2026/02/13","2630","ＭＸＳ米株ＳＰ５ヘ有","東証およびＰＴＳ",,"確報",0,0,425,0,0,0,425,0,0,6307000,0,0,0,6307000,,,0,0,23375,0,0,0,4.2,4.1,4.3,4.2,0,0,0
"2026/02/10","2026/02/13","2631","ＭＸＳナス１００","東証およびＰＴＳ",,"確報",29,0,2203,10,1,2833,-630,813595,0,61805165,280550,28055,79479815,-17674650,,,0,0,0,97830,127080,0,4.5,2.3,2.7,2.5,15.9,143.9,28.7
"2026/02/10","2026/02/13","2632","ＭＸＳナス１００ヘ有","東証およびＰＴＳ",,"確報",200,217,881,3,20,881,0,3110000,3374350,13699550,46650,311000,13699550,0,,,0,0,148170,0,0,148170,7,4.6,4.7,4.6,16.1,17,16.5
"2026/02/10","2026/02/13","2633","Ｓ＆Ｐ５００ヘッジ無","東証およびＰＴＳ",,"確報",4000,0,22970,150,0,16980,5990,1998000,0,11473515,74925,0,8481510,2992005,,,0,0,0,39837,35343,0,12.6,5.7,9,6.9,113.1,123,117.8
"2026/02/10","2026/02/13","2634","Ｓ＆Ｐ５００ヘッジ有","東証およびＰＴＳ",,"確報",1650,0,3025,0,485,750,2275,4837800,0,8869300,0,1422020,2199000,6670300,,,0,0,17875,0,0,16055,4.2,3.1,5,3.8,7.6,3.5,4.8
"2026/02/10","2026/02/13","2636","ＧＸガバナンス日株","東証およびＰＴＳ",,"確報",1,0,1,0,1,11,-10,4530,0,4530,0,4530,49830,-45300,,,0,0,0,0,0,888,9.1,19,3.2,5.4,26,6.5,10.4
"2026/02/10","2026/02/13","2637","ＧＸクリーン日株","東証およびＰＴＳ",,"確報",14,0,25,0,0,50,-25,31808,0,56800,0,0,113600,-56800,,,0,0,528,0,0,2400,10.3,1.9,3,2.4,251,251,251
"2026/02/10","2026/02/13","2638","ＧＸロボ＆ＡＩ日株","東証およびＰＴＳ",,"確報",1180,6200,9789,0,0,0,9789,3020800,15872000,25059840,0,0,0,25059840,,,0,0,1125484,0,0,0,8.1,18,5.3,8.1,1,1,1
"2026/02/10","2026/02/13","2639","ＧＸバイオ＆メド日株","東証およびＰＴＳ",,"確報",1,0,3,0,1,11,-8,1760,0,5280,0,1760,19360,-14080,,,0,0,30,0,0,180,12.6,5.8,4.6,5.1,19.7,59,29.5
"2026/02/10","2026/02/13","2640","ＧＸゲームアニメ日株","東証およびＰＴＳ",,"確報",60,147,2812,0,87,2812,0,243780,597261,11425156,0,353481,11425156,0,,,0,0,310193,0,0,310193,7.1,4.3,5.5,4.8,7.1,115.8,13.3
"2026/02/10","2026/02/13","2641","ＧＸＧリーダーズ日株","東証およびＰＴＳ",,"確報",0,0,0,15,0,49,-49,0,0,0,67080,0,219128,-219128,,,0,0,0,0,0,3196,2.7,1,1,1,2.2,0,4.4
"2026/02/10","2026/02/13","2642","ＳＭＴ低炭素日本株","東証およびＰＴＳ",,"確報",0,0,0,0,0,0,0,0,0,0,0,0,0,0,,,0,0,0,0,0,0,0,0,0,0,0,0,0
"2026/02/10","2026/02/13","2643","日本株セレクトＥＴＦ","東証およびＰＴＳ",,"確報",0,0,0,0,0,0,0,0,0,0,0,0,0,0,,,0,0,0,0,0,0,0,0,0,0,0,0,0
"2026/02/10","2026/02/13","2644","ＧＸ半導体日株","東証およびＰＴＳ",,"確報",4267,1922,17644,150,366,1513,16131,14098168,6350288,58295776,495600,1209264,4998952,53296824,,,0,0,244784,0,0,27664,7.1,15.2,5,7.6,2.5,4.4,3.2
"2026/02/10","2026/02/13","2645","ＧＸレジ＆エンタ日株","東証およびＰＴＳ",,"確報",0,0,0,0,0,0,0,0,0,0,0,0,0,0,,,0,0,0,0,0,0,6,0,3,6,0,0,0
"2026/02/10","2026/02/13","2646","ＧＸメタルビジ日株","東証およびＰＴＳ",,"確報",864,0,3307,0,0,0,3307,3106080,0,11888665,0,0,0,11888665,,,0,0,329805,0,0,0,8.5,7.8,9.2,8.5,0,0,0
"2026/02/10","2026/02/13","2647","米債７－１０ヘッジ無","東証およびＰＴＳ",,"確報",0,0,0,0,0,0,0,0,0,0,0,0,0,0,,,0,0,0,0,0,0,0,0,0,0,0,0,0
"2026/02/10","2026/02/13","2648","米債７－１０ヘッジ有","東証およびＰＴＳ",,"確報",0,0,30,0,0,3,27,0,0,105600,0,0,10560,95040,,,0,0,210,0,0,21,26.2,14.2,71,23.7,0,0,0
"2026/02/10","2026/02/13","2649","ｉＳＧＮＭＡ債ヘジ","東証およびＰＴＳ",,"確報",0,0,0,0,0,0,0,0,0,0,0,0,0,0,,,0,0,0,0,0,0,0,0,0,0,0,0,0
"2026/02/10","2026/02/13","264A","Ｓｃｈｏｏ","東証およびＰＴＳ",,"確報",700,0,56700,0,0,0,56700,464800,0,37648800,0,0,0,37648800,,,0,0,448000,0,0,0,92.3,290.9,54.9,92.3,0,0,0
"2026/02/10","2026/02/13","2652","まんだらけ","東証およびＰＴＳ",,"確報",0,1600,18100,0,1300,12000,6100,0,547200,6190200,0,444600,4104000,2086200,,,0,0,0,0,0,0,29.9,110.9,20,33.8,354.5,13.4,25.8
"2026/02/10","2026/02/13","2653","イオン九州","東証およびＰＴＳ",,"確報",0,0,2200,0,0,0,2200,0,0,6463600,0,0,0,6463600,,,0,0,63800,0,0,0,35.7,125,20.8,35.7,0,0,0
"2026/02/10","2026/02/13","2654","アスモ","東証およびＰＴＳ",,"確報",0,0,2900,0,0,0,2900,0,0,1162900,0,0,0,1162900,,,0,0,2900,0,0,0,144,144,144,144,0,0,0
"2026/02/10","2026/02/13","2656","ベクターＨＤ","東証およびＰＴＳ",,"確報",100,0,39700,0,0,0,39700,13300,0,5280100,0,0,0,5280100,,,0,0,0,0,0,0,12.1,20,8.6,12.1,0,0,0
"2026/02/10","2026/02/13","2659","サンエー","東証およびＰＴＳ",,"確報",0,0,19800,0,0,1000,18800,0,0,60192000,0,0,3040000,57152000,,,0,0,693000,0,0,35000,43.3,342,30.2,55.5,19,5.7,8.8
"2026/02/10","2026/02/13","265A","Ｈｍｃｏｍｍ","東証およびＰＴＳ",,"確報",500,100,23000,0,0,0,23000,550000,110000,25300000,0,0,0,25300000,,,0,0,542400,0,0,0,38.7,33,46.8,38.7,0,0,0
"2026/02/10","2026/02/13","2664","カワチ薬品","東証およびＰＴＳ",,"確報",1400,100,6600,200,200,30700,-24100,4347000,310500,20493000,621000,621000,95323500,-74830500,,,0,0,0,26500,153500,0,20.6,4.6,8,5.8,52,26.9,35.4
"2026/02/10","2026/02/13","2666","オートウェーブ","東証およびＰＴＳ",,"確報",0,0,3100,0,0,0,3100,0,0,564200,0,0,0,564200,,,0,0,12400,0,0,0,15.5,8.3,124,15.5,0,0,0
"2026/02/10","2026/02/13","2667","イメージ　ワン","東証およびＰＴＳ",,"確報",24500,34200,859300,3300,13000,859300,0,7717500,10773000,270679500,1039500,4095000,270679500,0,,,0,0,2607000,0,0,2607000,27.7,17.1,63.6,26.9,17.7,73.3,28.5
"2026/02/10","2026/02/13","2668","タビオ","東証およびＰＴＳ",,"確報",0,0,600,0,0,0,600,0,0,783600,0,0,0,783600,,,0,0,0,0,0,0,36,0,18,36,0,0,0
"2026/02/10","2026/02/13","2669","カネ美食品","東証およびＰＴＳ",,"確報",400,100,600,700,600,5600,-5000,1418000,354500,2127000,2481500,2127000,19852000,-17725000,,,0,0,0,9000,165000,0,11.4,9.8,3.5,5.2,11.7,17.2,13.9
"2026/02/10","2026/02/13","2670","エービーシー・マート","東証およびＰＴＳ",,"確報",0,400,33100,300,0,5700,27400,0,1068400,88410100,801300,0,15224700,73185400,,,0,0,1507500,0,0,243000,51.3,121.7,39.6,59.8,12.8,0,25.7
"2026/02/10","2026/02/13","2673","夢みつけ隊","東証およびＰＴＳ",,"確報",1400,5000,155200,0,0,0,155200,309400,1105000,34299200,0,0,0,34299200,,,0,0,1588000,0,0,0,26.3,44.1,18.7,26.3,0,0,0
"2026/02/10","2026/02/13","2674","ハードオフ","東証およびＰＴＳ",,"確報",300,100,17000,0,0,1200,15800,631800,210600,35802000,0,0,2527200,33274800,,,0,0,688800,0,0,49200,181,211.3,140.8,169,0,0,0
"2026/02/10","2026/02/13","2676","高千穂交易","東証およびＰＴＳ",,"確報",1500,700,15700,1400,200,116900,-101200,3157500,1473500,33048500,2947000,421000,246074500,-213026000,,,0,0,268200,0,0,2082600,35.2,5.3,8.9,6.7,41.1,810.6,78.3
"2026/02/10","2026/02/13","2678","アスクル","東証およびＰＴＳ",,"確報",8400,4800,62400,3600,0,62400,0,11508000,6576000,85488000,4932000,0,85488000,0,,,0,0,2058000,0,0,2058000,8.1,6.4,4.3,5.2,51.2,11.7,19.1
"2026/02/10","2026/02/13","2681","ゲオホールディングス","東証およびＰＴＳ",,"確報",2200,7400,35100,600,0,2000,33100,3737800,12572600,59634900,1019400,0,3398000,56236900,,,0,0,483600,0,0,16800,7,4.5,15.1,6.9,14.4,5.2,7.6
"2026/02/10","2026/02/13","2683","魚喜","東証およびＰＴＳ",,"確報",0,0,0,0,0,0,0,0,0,0,0,0,0,0,,,0,0,0,0,0,0,0,0,0,0,0,0,0
"2026/02/10","2026/02/13","2685","アンドエスティＨＤ","東証およびＰＴＳ",,"確報",2600,0,7000,2800,200,7000,0,7742800,0,20846000,8338400,595600,20846000,0,,,0,0,268400,0,0,268400,6.2,5.4,7,6.1,5.6,7.5,6.4
"2026/02/10","2026/02/13","2686","ジーフット","東証およびＰＴＳ",,"確報",0,0,500,0,0,0,500,0,0,147000,0,0,0,147000,,,0,0,0,0,0,0,0,0,0,0,0,0,0
"2026/02/10","2026/02/13","2687","ＣＶＳベイエリア","東証およびＰＴＳ",,"確報",100,0,5500,0,300,2500,3000,51700,0,2843500,0,155100,1292500,1551000,,,0,0,16200,0,0,8400,63.2,271,271,271,70,15.6,25.5
"2026/02/10","2026/02/13","2689","オルバヘルスケアＨＤ","東証およびＰＴＳ",,"確報",0,0,500,100,0,300,200,0,0,1058500,211700,0,635100,423400,,,0,0,0,1000,400,0,34,0,0,0,4.5,0,9
"2026/02/10","2026/02/13","268A","リガク","東証およびＰＴＳ",,"確報",500,300,34200,0,0,0,34200,612500,367500,41895000,0,0,0,41895000,,,0,0,34000,0,0,0,24.7,114.2,13.9,24.7,0,0,0
"2026/02/10","2026/02/13","2692","伊藤忠食品","東証およびＰＴＳ",,"確報",0,500,10400,0,600,10700,-300,0,5895000,122616000,0,7074000,126153000,-3537000,,,0,0,0,109000,113000,0,35.3,53.5,23.3,32.4,60.3,28.6,38.8
"2026/02/10","2026/02/13","2693","ＹＫＴ","東証およびＰＴＳ",,"確報",1000,0,7200,0,0,0,7200,235000,0,1692000,0,0,0,1692000,,,0,0,0,18600,0,0,43.5,29.6,81.5,43.5,0,0,0
"2026/02/10","2026/02/13","2694","焼肉坂井ＨＤ","東証およびＰＴＳ",,"確報",1900,5100,9800,4300,100,4500,5300,138700,372300,715400,313900,7300,328500,386900,,,0,0,13000,0,0,300,7.9,14.1,9.5,11.3,1.2,6.8,2
"2026/02/10","2026/02/13","2695","くら寿司","東証およびＰＴＳ",,"確報",3500,2700,24600,800,0,24600,0,12477500,9625500,87699000,2852000,0,87699000,0,,,0,0,2142000,0,0,2142000,25.9,24.5,15.6,19.1,76.2,27.6,40.5
"2026/02/10","2026/02/13","2698","キャンドゥ","東証およびＰＴＳ",,"確報",0,0,2700,0,0,0,2700,0,0,9504000,0,0,0,9504000,,,0,0,13500,0,0,0,266,133,0,266,0,0,0
"2026/02/10","2026/02/13","269A","Ｓａｐｅｅｔ","東証およびＰＴＳ",,"確報",100,0,2500,0,0,0,2500,209200,0,5230000,0,0,0,5230000,,,0,0,0,16800,0,0,121,121,121,121,0,0,0
"2026/02/10","2026/02/13","2700","木徳神糧","東証およびＰＴＳ",,"確報",0,100,9800,0,0,0,9800,0,268700,26332600,0,0,0,26332600,,,0,0,514800,0,0,0,58.8,55.6,62.5,58.8,0,0,0
"2026/02/10","2026/02/13","2702","日本マクドナルドＨＤ","東証およびＰＴＳ",,"確報",0,1200,9800,11300,400,68000,-58200,0,8388000,68502000,78987000,2796000,475320000,-406818000,,,0,0,990000,0,0,5139000,11.7,4.1,6.7,5.1,10.7,27.1,15.4
"2026/02/10","2026/02/13","2705","大戸屋ＨＤ","東証およびＰＴＳ",,"確報",5800,1700,14900,0,1100,14900,0,39556000,11594000,101618000,0,7502000,101618000,0,,,0,0,216000,0,0,320000,6.9,3.6,4.8,4.1,11.4,44.8,18.1
"2026/02/10","2026/02/13","2708","久世","東証およびＰＴＳ",,"確報",0,0,2200,0,0,0,2200,0,0,4870800,0,0,0,4870800,,,0,0,88000,0,0,0,214,107,0,214,0,0,0
"2026/02/10","2026/02/13","2722","ＩＫホールディングス","東証およびＰＴＳ",,"確報",400,100,3000,100,100,500,2500,155200,38800,1164000,38800,38800,194000,970000,,,0,0,13500,0,0,2500,29.6,34.5,46,39.4,25,8.3,12.5
"2026/02/10","2026/02/13","2726","パルグループＨＤ","東証およびＰＴＳ",,"確報",3700,302400,89900,0,0,2200,87700,6064300,495633600,147346100,0,0,3605800,143740300,,,0,0,12046600,0,0,68200,2.3,3.4,1.7,2.3,0,1.8,3.7
"2026/02/10","2026/02/13","2730","エディオン","東証およびＰＴＳ",,"確報",300,0,27900,300,0,27900,0,660000,0,61380000,660000,0,61380000,0,,,0,0,552000,0,0,552000,8.3,11.7,3.5,5.3,55.4,11.2,18.7
"2026/02/10","2026/02/13","2733","あらた","東証およびＰＴＳ",,"確報",300,0,2100,0,200,700,1400,948000,0,6636000,0,632000,2212000,4424000,,,0,0,18000,0,0,9000,11.8,11.9,0,23.7,4.8,4.8,4.8
"2026/02/10","2026/02/13","2734","サーラコーポ","東証およびＰＴＳ",,"確報",0,900,21600,0,4300,54500,-32900,0,1039500,24948000,0,4966500,62947500,-37999500,,,0,0,382500,0,0,999600,29.5,38.1,44.2,40.9,22.1,32.7,26.4
"2026/02/10","2026/02/13","2735","ワッツ","東証およびＰＴＳ",,"確報",100,0,2300,0,0,500,1800,67500,0,1552500,0,0,337500,1215000,,,0,0,19800,0,0,4500,9.1,69.5,5.8,10.7,2.9,10,4.4
"2026/02/10","2026/02/13","2736","フェスタリアＨＤ","東証およびＰＴＳ",,"確報",0,0,100,0,0,0,100,0,0,61900,0,0,0,61900,,,0,0,500,0,0,0,0,0,0,0,0,0,0
"2026/02/10","2026/02/13","2737","トーメンデバイス","東証およびＰＴＳ",,"確報",3100,15400,26900,0,0,0,26900,36828000,182952000,319572000,0,0,0,319572000,,,0,0,0,9016000,0,0,3.3,5,2.5,3.3,0,0,0
"2026/02/10","2026/02/13","273A","ＳＢＩサウジ上場投信","東証およびＰＴＳ",,"確報",0,0,102,0,0,0,102,0,0,1022550,0,0,0,1022550,,,0,0,0,7140,0,0,98,49,0,98,0,0,0
"2026/02/10","2026/02/13","2742","ハローズ","東証およびＰＴＳ",,"確報",1600,0,2800,1600,0,2800,0,7760000,0,13580000,7760000,0,13580000,0,,,0,0,78000,0,0,78000,4.5,2.3,33.5,4.3,2.4,0,4.8
"2026/02/10","2026/02/13","2747","北雄ラッキー","東証およびＰＴＳ",,"確報",0,0,200,0,0,0,200,0,0,651000,0,0,0,651000,,,0,0,0,1000,0,0,0,0,0,0,0,0,0
"2026/02/10","2026/02/13","2749","ＪＰホールディングス","東証およびＰＴＳ",,"確報",23000,0,36800,1200,100,61000,-24200,16629000,0,26606400,867600,72300,44103000,-17496600,,,0,0,179400,0,0,778700,14.3,2.8,74.1,5.4,23.4,27.8,25.4
"2026/02/10","2026/02/13","274A","ガーデン","東証およびＰＴＳ",,"確報",100,0,3000,0,0,0,3000,240400,0,7212000,0,0,0,7212000,,,0,0,98600,0,0,0,31.8,79.5,19.9,31.8,0,0,0
"2026/02/10","2026/02/13","2750","石光商事","東証およびＰＴＳ",,"確報",100,200,2500,100,300,700,1800,134300,268600,3357500,134300,402900,940100,2417400,,,0,0,20800,0,0,7200,12.3,8.3,50,14.3,10.3,8.2,9.1
"2026/02/10","2026/02/13","2751","テンポスＨＤ","東証およびＰＴＳ",,"確報",100,0,9500,100,0,9500,0,380000,0,36100000,380000,0,36100000,0,,,0,0,0,0,0,0,71.3,499,45.4,83.2,166.3,38.4,62.4
"2026/02/10","2026/02/13","2752","フジオフードＧ本社","東証およびＰＴＳ",,"確報",1200,200,111300,400,600,352000,-240700,1282800,213800,118979700,427600,641400,376288000,-257308300,,,0,0,0,0,0,0,93.4,83.6,29.4,43.5,1625.1,75.7,144.7
"2026/02/10","2026/02/13","2753","あみやき亭","東証およびＰＴＳ",,"確報",0,100,5100,0,0,0,5100,0,140700,7175700,0,0,0,7175700,,,0,0,26000,0,0,0,130.5,261,87,130.5,0,0,0
"2026/02/10","2026/02/13","2760","東京エレクトロンデバ","東証およびＰＴＳ",,"確報",1800,100,16200,500,200,5200,11000,6831000,379500,61479000,1897500,759000,19734000,41745000,,,0,0,652500,0,0,220500,12.1,13.7,25.1,17.8,3.4,8.9,4.9
"2026/02/10","2026/02/13","2762","ＳＡＮＫＯ　ＭＦ","東証およびＰＴＳ",,"確報",0,100,12000,0,0,0,12000,0,10000,1200000,0,0,0,1200000,,,0,0,0,0,0,0,96.8,52.8,581,96.8,0,0,0
"2026/02/10","2026/02/13","2763","エフティグループ","東証およびＰＴＳ",,"確報",0,200,1400,0,0,0,1400,0,253600,1775200,0,0,0,1775200,,,0,0,0,43200,0,0,37,37,37,37,0,0,0
"2026/02/10","2026/02/13","2764","ひらまつ","東証およびＰＴＳ",,"確報",0,500,16600,0,0,0,16600,0,66000,2191200,0,0,0,2191200,,,0,0,51300,0,0,0,51.4,169.6,30.3,51.4,0,0,0
"2026/02/10","2026/02/13","2767","円谷フィールズＨＤ","東証およびＰＴＳ",,"確報",1600,500,80000,0,0,0,80000,2907200,908500,145360000,0,0,0,145360000,,,0,0,2367000,0,0,0,58,42.7,90.3,58,0,0,0
"2026/02/10","2026/02/13","2768","双日","東証およびＰＴＳ",,"確報",1800,2900,125800,3200,100,3200,122600,11403000,18371500,796943000,20272000,633500,20272000,776671000,,,0,0,36801000,0,0,29000,18.4,26.3,19.3,22.3,1.3,1.5,1.4
"2026/02/10","2026/02/13","2769","ヴィレッジヴァンガド","東証およびＰＴＳ",,"確報",0,0,100,0,0,0,100,0,0,97000,0,0,0,97000,,,0,0,0,0,0,0,0,0,0,0,0,0,0
"2026/02/10","2026/02/13","276A","ククレブ","東証およびＰＴＳ",,"確報",100,800,36700,0,0,0,36700,386000,3088000,141662000,0,0,0,141662000,,,0,0,0,12342000,0,0,11.5,12.6,10.6,11.5,0,0,0
"2026/02/10","2026/02/13","2776","新都ホールディングス","東証およびＰＴＳ",,"確報",0,2100,32200,0,0,0,32200,0,279300,4282600,0,0,0,4282600,,,0,0,137200,0,0,0,60.4,77.7,49.4,60.4,0,0,0
"2026/02/10","2026/02/13","2778","パレモ・ＨＤ","東証およびＰＴＳ",,"確報",1600,2500,192100,0,900,192100,0,241600,377500,29007100,0,135900,29007100,0,,,0,0,193000,0,0,193000,51.5,127.5,29.4,47.8,207.2,32.3,55.9
"2026/02/10","2026/02/13","277A","グロービング","東証およびＰＴＳ",,"確報",2100,0,26400,0,0,0,26400,4464600,0,56126400,0,0,0,56126400,,,0,0,2308500,0,0,0,20,23.6,17.4,20,0,0,0
"2026/02/10","2026/02/13","2780","コメ兵ＨＤ","東証およびＰＴＳ",,"確報",600,0,12800,0,0,0,12800,2037000,0,43456000,0,0,0,43456000,,,0,0,0,793000,0,0,27.4,82.3,16.5,27.4,0,0,0
"2026/02/10","2026/02/13","2782","セリア","東証およびＰＴＳ",,"確報",1100,1300,12900,100,300,12900,0,4598000,5434000,53922000,418000,1254000,53922000,0,,,0,0,0,262000,262000,0,5.2,3.7,3.6,3.6,15.9,7,9.7
"2026/02/10","2026/02/13","2784","アルフレッサＨＤ","東証およびＰＴＳ",,"確報",1200,2300,5800,9200,100,22600,-16800,3081600,5906400,14894400,23625600,256800,58036800,-43142400,,,0,0,0,55200,108000,0,8.8,5.3,8.2,6.4,9.1,11.2,10
"2026/02/10","2026/02/13","2788","アップルインタナショ","東証およびＰＴＳ",,"確報",0,0,10700,0,0,0,10700,0,0,3702200,0,0,0,3702200,,,0,0,32100,0,0,0,80.6,188,51.3,80.6,0,0,0
"2026/02/10","2026/02/13","2789","カルラ","東証およびＰＴＳ",,"確報",0,0,0,0,0,0,0,0,0,0,0,0,0,0,,,0,0,0,0,0,0,0,0,0,0,0,0,0
"2026/02/10","2026/02/13","278A","テラドローン","東証およびＰＴＳ",,"確報",600,1400,40000,0,0,0,40000,1676400,3911600,111760000,0,0,0,111760000,,,0,0,0,326400,0,0,33.4,32.3,34.6,33.4,0,0,0
"2026/02/10","2026/02/13","2790","ナフコ","東証およびＰＴＳ",,"確報",0,0,4700,0,0,0,4700,0,0,10607900,0,0,0,10607900,,,0,0,150400,0,0,0,76.3,38.2,0,76.3,0,0,0
"2026/02/10","2026/02/13","2791","大黒天物産","東証およびＰＴＳ",,"確報",200,1900,27400,3200,400,41600,-14200,1084000,10298000,148508000,17344000,2168000,225472000,-76964000,,,0,0,3201000,0,0,4268000,31.6,93.3,18,30.1,40.3,27.6,32.8
"2026/02/10","2026/02/13","2792","ハニーズＨＬＤ","東証およびＰＴＳ",,"確報",0,900,22400,700,1600,22400,0,0,1358100,33801600,1056300,2414400,33801600,0,,,0,0,349500,0,0,349500,20.2,13.5,18.8,15.7,21.7,39.6,28.1
"2026/02/10","2026/02/13","2795","日本プリメックス","東証およびＰＴＳ",,"確報",0,0,0,0,0,0,0,0,0,0,0,0,0,0,,,0,0,0,0,0,0,0,0,0,0,0,0,0
"2026/02/10","2026/02/13","2796","ファーマライズＨＤ","東証およびＰＴＳ",,"確報",0,0,3600,0,0,200,3400,0,0,1868400,0,0,103800,1764600,,,0,0,7200,0,0,400,25.9,181,181,181,1.9,2.2,2
"2026/02/10","2026/02/13","2798","ワイズテーブル","東証およびＰＴＳ",,"確報",0,0,900,0,0,0,900,0,0,2704500,0,0,0,2704500,,,0,0,4500,0,0,0,46,46,46,46,0,0,0
"2026/02/10","2026/02/13","2801","キッコーマン","東証およびＰＴＳ",,"確報",13300,2800,39300,13100,2600,39300,0,19378100,4079600,57260100,19086700,3788200,57260100,0,,,0,0,720000,0,0,720000,3.9,3,4,3.4,3.7,5.6,4.5
"2026/02/10","2026/02/13","2802","味の素","東証およびＰＴＳ",,"確報",6700,38900,238300,500,31100,23300,215000,28843500,167464500,1025881500,2152500,133885500,100306500,925575000,,,0,0,0,25968000,5174400,0,8.5,105.1,7.3,13.7,1.7,2.1,1.9
"2026/02/10","2026/02/13","2804","ブルドックソース","東証およびＰＴＳ",,"確報",5100,300,43000,0,100,46400,-3400,9817500,577500,82775000,0,192500,89320000,-6545000,,,0,0,0,114600,139500,0,30.4,21,23.1,22,32.6,88.7,47.7
"2026/02/10","2026/02/13","2805","ヱスビー食品","東証およびＰＴＳ",,"確報",200,0,23000,0,0,0,23000,886000,0,101890000,0,0,0,101890000,,,0,0,0,228000,0,0,93.6,292.5,55.7,93.6,0,0,0
"2026/02/10","2026/02/13","2806","ユタカフーズ","東証およびＰＴＳ",,"確報",0,0,0,0,0,0,0,0,0,0,0,0,0,0,,,0,0,0,0,0,0,0,0,0,0,0,0,0
"2026/02/10","2026/02/13","2809","キユーピー","東証およびＰＴＳ",,"確報",1100,300,2100,500,3500,43900,-41800,5074300,1383900,9687300,2306500,16145500,202510700,-192823400,,,0,0,0,68900,2485700,0,24.3,4.6,9.1,6.1,23,33.7,27.3
"2026/02/10","2026/02/13","280A","ＴＭＨ","東証およびＰＴＳ",,"確報",400,9300,11500,0,0,0,11500,566800,13178100,16295500,0,0,0,16295500,,,0,0,510000,0,0,0,7,21.7,4.2,7,0,0,0
"2026/02/10","2026/02/13","2810","ハウス食品Ｇ本社","東証およびＰＴＳ",,"確報",300,900,17900,1800,0,56000,-38100,929100,2787300,55436300,5574600,0,173432000,-117995700,,,0,0,0,240500,704600,0,12.7,18.3,23.7,20.6,92.6,6.2,11.6
"2026/02/10","2026/02/13","2811","カゴメ","東証およびＰＴＳ",,"確報",0,1300,33700,500,0,36700,-3000,0,3770000,97730000,1450000,0,106430000,-8700000,,,0,0,1015000,0,0,1049800,47.2,47.2,30.9,37.4,54.1,76.6,63.4
"2026/02/10","2026/02/13","2813","和弘食品","東証およびＰＴＳ",,"確報",0,0,3300,0,0,0,3300,0,0,10527000,0,0,0,10527000,,,0,0,0,49500,0,0,112,168,84,112,0,0,0
"2026/02/10","2026/02/13","2814","佐藤食品工業","東証およびＰＴＳ",,"確報",0,0,900,0,0,0,900,0,0,2925000,0,0,0,2925000,,,0,0,18000,0,0,0,29.3,22,44,29.3,0,0,0
"2026/02/10","2026/02/13","2815","アリアケジャパン","東証およびＰＴＳ",,"確報",1700,3600,2700,100,1400,2700,0,9945000,21060000,15795000,585000,8190000,15795000,0,,,0,0,0,0,0,0,3.1,2.4,2.5,2.4,3.9,4.2,4
"2026/02/10","2026/02/13","2816","ダイショー","東証およびＰＴＳ",,"確報",0,100,400,0,100,400,0,0,141900,567600,0,141900,567600,0,,,0,0,2500,0,0,2500,8.3,25,5,8.3,25,5,8.3
"2026/02/10","2026/02/13","2818","ピエトロ","東証およびＰＴＳ",,"確報",0,100,1600,100,100,4600,-3000,0,177200,2835200,177200,177200,8151200,-5316000,,,0,0,0,5100,13800,0,10.6,28.3,14.2,18.9,5.1,28.2,8.7
"2026/02/10","2026/02/13","2819","エバラ食品工業","東証およびＰＴＳ",,"確報",800,500,4200,0,500,4600,-400,2208000,1380000,11592000,0,1380000,12696000,-1104000,,,0,0,0,152100,198900,0,9.8,6.9,8.8,7.7,27.7,7.1,11.3
"2026/02/10","2026/02/13","281A","インフォメティス","東証およびＰＴＳ",,"確報",100,0,12600,0,0,0,12600,34300,0,4321800,0,0,0,4321800,,,0,0,200000,0,0,0,51.5,223,29.1,51.5,0,0,0
"2026/02/10","2026/02/13","2820","やまみ","東証およびＰＴＳ",,"確報",300,0,18100,0,0,0,18100,1581000,0,95387000,0,0,0,95387000,,,0,0,0,534000,0,0,297.3,178.4,892,297.3,0,0,0
"2026/02/10","2026/02/13","282A","ＧＸ半導体１０日株","東証およびＰＴＳ",,"確報",800,2330,14378,0,0,3107,11271,1463200,4261570,26297362,0,0,5682703,20614659,,,0,0,206804,0,0,40391,12.2,23.4,6.9,10.6,0,0,0
"2026/02/10","2026/02/13","2831","はごろもフーズ","東証およびＰＴＳ",,"確報",0,0,200,0,0,0,200,0,0,680000,0,0,0,680000,,,0,0,2000,0,0,0,22,0,11,22,0,0,0
"2026/02/10","2026/02/13","2836","ＧＸフィンテック日株","東証およびＰＴＳ",,"確報",0,8,10,0,0,0,10,0,24400,30500,0,0,0,30500,,,0,0,1710,0,0,0,3.8,5.3,4.3,4.8,1,1,1
"2026/02/10","2026/02/13","2837","ＧＸ中小リーダー日株","東証およびＰＴＳ",,"確報",30,0,30,30,0,30,0,99270,0,99270,99270,0,99270,0,,,0,0,0,0,0,0,2,15.9,1.1,2,1,0,2
"2026/02/10","2026/02/13","2838","ＭＸ米債７－１０ヘ無","東証およびＰＴＳ",,"確報",0,0,0,0,0,0,0,0,0,0,0,0,0,0,,,0,0,0,0,0,0,0,0,0,0,0,0,0
"2026/02/10","2026/02/13","2839","ＭＸ米債７－１０ヘ有","東証およびＰＴＳ",,"確報",0,0,0,0,0,0,0,0,0,0,0,0,0,0,,,0,0,0,0,0,0,0,0,0,0,0,0,0
"2026/02/10","2026/02/13","283A","ＧＸＵＳテック配貴族","東証およびＰＴＳ",,"確報",0,0,100,0,0,0,100,0,0,118500,0,0,0,118500,,,0,0,0,500,0,0,8,4,0,8,0,0,0
"2026/02/10","2026/02/13","2840","ｉＦナス１００Ｈ無","東証およびＰＴＳ",,"確報",1583,10,9717,0,0,50,9667,3579163,22610,21970137,0,0,113050,21857087,,,0,0,0,40720,250,0,10,7.4,15.9,10.1,4.6,4.6,4.6
"2026/02/10","2026/02/13","2841","ｉＦナス１００Ｈ有","東証およびＰＴＳ",,"確報",0,0,4500,2000,0,2948,1552,0,0,6633000,2948000,0,4345352,2287648,,,0,0,36000,0,0,7584,2.5,3.7,1.9,2.5,1.3,0,2.6
"2026/02/10","2026/02/13","2842","ｉＦナス１００ベア","東証およびＰＴＳ",,"確報",0,384,1315,0,0,30,1285,0,5493120,18811075,0,0,429150,18381925,,,0,0,0,127425,2250,0,12.4,9.9,16.5,12.4,199,6.6,12.8
"2026/02/10","2026/02/13","2843","上場豪債ヘッジあり","東証およびＰＴＳ",,"確報",105,0,373,0,0,0,373,396900,0,1409940,0,0,0,1409940,,,0,0,2948,0,0,0,26.1,13.8,241.8,26.1,0,0,0
"2026/02/10","2026/02/13","2844","上場豪債ヘッジなし","東証およびＰＴＳ",,"確報",0,50,0,0,0,0,0,0,274700,0,0,0,0,0,,,0,0,300,0,0,0,8,0,4,8,0,0,0
"2026/02/10","2026/02/13","2845","ナスダックヘッジ有","東証およびＰＴＳ",,"確報",0,430,11975,0,50,1160,10815,0,1326120,36930900,0,154200,3577440,33353460,,,0,0,223290,0,0,21780,37,30.2,62.2,40.7,12.6,30.6,17.8
"2026/02/10","2026/02/13","2846","ダウヘッジ有","東証およびＰＴＳ",,"確報",0,0,0,0,0,0,0,0,0,0,0,0,0,0,,,0,0,0,0,0,0,1,1,1,1,0,0,0
"2026/02/10","2026/02/13","2847","ＧＸ成長インフラ日株","東証およびＰＴＳ",,"確報",0,0,0,0,0,0,0,0,0,0,0,0,0,0,,,0,0,0,0,0,0,0,0,0,0,0,0,0
"2026/02/10","2026/02/13","2848","ＧＸ気候変動日株","東証およびＰＴＳ",,"確報",0,0,0,0,0,0,0,0,0,0,0,0,0,0,,,0,0,0,0,0,0,0,0,0,0,0,0,0
"2026/02/10","2026/02/13","2849","ＧＸ高配当ＥＳＧ日株","東証およびＰＴＳ",,"確報",0,0,0,0,0,0,0,0,0,0,0,0,0,0,,,0,0,0,0,0,0,0,0,0,0,0,0,0
"2026/02/10","2026/02/13","2851","ｉＳＭＳＣＩＪＳＲＩ","東証およびＰＴＳ",,"確報",0,0,0,0,0,0,0,0,0,0,0,0,0,0,,,0,0,0,0,0,0,6,0,3,6,0,0,0
"2026/02/10","2026/02/13","2852","ｉＳグリーンＪリート","東証およびＰＴＳ",,"確報",0,0,280,0,0,0,280,0,0,54656,0,0,0,54656,,,0,0,224,0,0,0,1.9,5.8,10.2,7.4,1,1,1
"2026/02/10","2026/02/13","2853","ｉＳ気候外国債券ヘジ","東証およびＰＴＳ",,"確報",0,0,0,0,0,0,0,0,0,0,0,0,0,0,,,0,0,0,0,0,0,6,0,0,0,0,3,6
"2026/02/10","2026/02/13","2854","ＧＸテック２０日株","東証およびＰＴＳ",,"確報",0,47,2083,0,0,23,2060,0,100674,4461786,0,0,49266,4412520,,,0,0,106500,0,0,1150,95.4,197.4,71.4,104.9,5,0,10
"2026/02/10","2026/02/13","2855","ＧＸグリＪリート","東証およびＰＴＳ",,"確報",0,0,1,0,0,1,0,0,0,1093,0,0,1093,0,,,0,0,42,0,0,42,0,0,0,0,0,0,0
"2026/02/10","2026/02/13","2856","ｉＳ米国債三七ヘジ","東証およびＰＴＳ",,"確報",0,0,100,0,0,0,100,0,0,67390,0,0,0,67390,,,0,0,40,0,0,0,4,2,0,4,0,0,0
"2026/02/10","2026/02/13","2857","ｉＳドイツ国債ヘジ","東証およびＰＴＳ",,"確報",0,100,0,10,0,10,-10,0,64250,0,6425,0,6425,-6425,,,0,0,100,0,0,0,1,1,0.9,1,1.5,1.5,1.5
"2026/02/10","2026/02/13","2858","ＧＸ日経カバコ","東証およびＰＴＳ",,"確報",0,228,3,0,0,0,3,0,314868,4143,0,0,0,4143,,,0,0,1155,0,0,0,2.1,2.1,2.1,2.1,0,0,0
"2026/02/10","2026/02/13","2859","ＳＴＯＸＸヘッジ有","東証およびＰＴＳ",,"確報",0,0,2000,0,0,0,2000,0,0,6104000,0,0,0,6104000,,,0,0,32000,0,0,0,0,0,0,0,0,0,0
"2026/02/10","2026/02/13","285A","キオクシアＨＤ","東証およびＰＴＳ",,"確報",55100,223000,1233100,200,2600,10000,1223100,1038359500,4202435000,23237769500,3769000,48997000,188450000,23049319500,,,0,0,0,77055000,682000,0,5.3,4.8,5.9,5.3,6.7,4,5
"2026/02/10","2026/02/13","2860","ＤＡＸヘッジ有","東証およびＰＴＳ",,"確報",0,0,160,0,0,0,160,0,0,517120,0,0,0,517120,,,0,0,4640,0,0,0,4.5,6.5,3.4,4.5,0,0,0
"2026/02/10","2026/02/13","2861","上場フランス国債Ｈ無","東証およびＰＴＳ",,"確報",0,0,0,0,0,0,0,0,0,0,0,0,0,0,,,0,0,0,0,0,0,0,0,0,0,0,0,0
"2026/02/10","2026/02/13","2862","上場フランス国債Ｈ有","東証およびＰＴＳ",,"確報",0,0,0,0,0,0,0,0,0,0,0,0,0,0,,,0,0,0,0,0,0,0,0,0,0,0,0,0
"2026/02/10","2026/02/13","2864","ＧＸロジリート","東証およびＰＴＳ",,"確報",0,0,100,0,0,0,100,0,0,136800,0,0,0,136800,,,0,0,900,0,0,0,16.3,0,8.1,16.3,0,0,0
"2026/02/10","2026/02/13","2865","ＧＸＮＤＸカバコ","東証およびＰＴＳ",,"確報",1210,1149,49378,0,0,484,48894,1461680,1387992,59648624,0,0,584672,59063952,,,0,0,0,98634,968,0,4.8,6.3,4.3,5.1,2.1,1.4,1.7
"2026/02/10","2026/02/13","2866","ＧＸ優先証券","東証およびＰＴＳ",,"確報",0,0,20528,0,0,0,20528,0,0,20692224,0,0,0,20692224,,,0,0,0,41056,0,0,409.8,9999.9,351.4,679.6,1,1,1
"2026/02/10","2026/02/13","2867","ＧＸ自動ＥＶ","東証およびＰＴＳ",,"確報",0,7,28,0,0,0,28,0,11221,44884,0,0,0,44884,,,0,0,0,0,0,0,6,11.9,4,6,0,0,0
"2026/02/10","2026/02/13","2868","ＧＸＳＰＸカバコ","東証およびＰＴＳ",,"確報",500,6,11068,0,0,0,11068,548000,6576,12130528,0,0,0,12130528,,,0,0,0,74018,0,0,23.4,19.8,28.7,23.4,0,0,0
"2026/02/10","2026/02/13","2869","ｉＦナス１００ダブル","東証およびＰＴＳ",,"確報",150,266,4959,0,0,0,4959,8692500,15414700,287374050,0,0,0,287374050,,,0,0,3755500,0,0,0,15.9,10.7,37.8,16.7,0,0.7,1.3
"2026/02/10","2026/02/13","286A","ユカリア","東証およびＰＴＳ",,"確報",500,0,744700,0,5500,98700,646000,448500,0,667995900,0,4933500,88533900,579462000,,,0,0,9674600,0,0,1354600,469.5,5316.3,1488.6,2325.9,263.8,40.9,70.8
"2026/02/10","2026/02/13","2870","ｉＦナス１００Ｗベア","東証およびＰＴＳ",,"確報",634,60,4181,0,202,464,3717,6856710,648900,45217515,0,2184630,5018160,40199355,,,0,0,0,486945,89910,0,6.8,5.9,6.6,6.2,101,6.4,12
"2026/02/10","2026/02/13","2871","ニチレイ","東証およびＰＴＳ",,"確報",1300,4100,16900,5600,500,334500,-317600,2633150,8304550,34230950,11342800,1012750,677529750,-643298800,,,0,0,0,19700,329400,0,30.4,14.4,9,11.1,51.8,25.1,33.8
"2026/02/10","2026/02/13","2872","セイヒョー","東証およびＰＴＳ",,"確報",0,0,700,0,0,0,700,0,0,1447600,0,0,0,1447600,,,0,0,7000,0,0,0,35,0,17.5,35,0,0,0
"2026/02/10","2026/02/13","2874","横浜冷凍","東証およびＰＴＳ",,"確報",10200,1900,23900,500,1700,118000,-94100,13994400,2606800,32790800,686000,2332400,161896000,-129105200,,,0,0,0,78000,596000,0,38.9,8.7,8.9,8.8,58.7,215.4,92.3
"2026/02/10","2026/02/13","2875","東洋水産","東証およびＰＴＳ",,"確報",0,100,6800,600,200,11000,-4200,0,1208500,82178000,7251000,2417000,132935000,-50757000,,,0,0,138000,0,0,212000,6.8,5.1,8.8,6.5,10.9,5.1,6.9
"2026/02/10","2026/02/13","2876","デルソーレ","東証およびＰＴＳ",,"確報",0,0,1000,0,0,0,1000,0,0,465000,0,0,0,465000,,,0,0,17000,0,0,0,23,11.5,0,23,0,0,0
"2026/02/10","2026/02/13","2877","日東ベスト","東証およびＰＴＳ",,"確報",0,0,300,0,0,0,300,0,0,222600,0,0,0,222600,,,0,0,0,0,0,0,8,24,4.8,8,0,0,0
"2026/02/10","2026/02/13","287A","黒田グループ","東証およびＰＴＳ",,"確報",7000,5500,66800,0,0,0,66800,7224000,5676000,68937600,0,0,0,68937600,,,0,0,1044800,0,0,0,10.5,29.4,6.4,10.5,0,0,0
"2026/02/10","2026/02/13","2882","イートアンドＨＤ","東証およびＰＴＳ",,"確報",0,2000,3800,2000,2700,39500,-35700,0,4182000,7945800,4182000,5645700,82594500,-74648700,,,0,0,69600,0,0,482400,21.8,79.5,5.2,9.8,30.2,25.1,27.4
"2026/02/10","2026/02/13","2883","大冷","東証およびＰＴＳ",,"確報",0,0,100,0,0,0,100,0,0,199400,0,0,0,199400,,,0,0,200,0,0,0,0,0,0,0,0,0,0
"2026/02/10","2026/02/13","2884","ヨシムラフードＨＤ","東証およびＰＴＳ",,"確報",4800,2900,54600,1700,0,88700,-34100,4641600,2804300,52798200,1643900,0,85772900,-32974700,,,0,0,2476900,0,0,4089000,21.1,8,13.6,10,46.6,95.2,62.5
"2026/02/10","2026/02/13","288A","ラクサス","東証およびＰＴＳ",,"確報",0,6700,28800,0,0,0,28800,0,891100,3830400,0,0,0,3830400,,,0,0,71000,0,0,0,27.7,44.2,20.2,27.7,0,0,0
"2026/02/10","2026/02/13","2892","日本食品化工","東証およびＰＴＳ",,"確報",0,0,4400,0,0,0,4400,0,0,17028000,0,0,0,17028000,,,0,0,198000,0,0,0,113,226,75.3,113,0,0,0
"2026/02/10","2026/02/13","2894","石井食品","東証およびＰＴＳ",,"確報",0,300,3200,0,0,0,3200,0,103200,1100800,0,0,0,1100800,,,0,0,7000,0,0,0,14.9,17.6,12.9,14.9,0,0,0
"2026/02/10","2026/02/13","2897","日清食品ＨＤ","東証およびＰＴＳ",,"確報",300,500,32900,100,2600,12400,20500,980400,1634000,107517200,326800,8496800,40523200,66994000,,,0,0,0,0,0,0,2.5,7.4,2.5,3.7,3,1.4,1.9
"2026/02/10","2026/02/13","2901","ウェルディッシュ","東証およびＰＴＳ",,"確報",0,3500,20200,0,0,0,20200,0,1421000,8201200,0,0,0,8201200,,,0,0,165900,0,0,0,29.5,32.2,27.3,29.5,0,0,0
"2026/02/10","2026/02/13","2903","シノブフーズ","東証およびＰＴＳ",,"確報",0,0,100,0,0,0,100,0,0,199400,0,0,0,199400,,,0,0,10900,0,0,0,2.8,5.5,1.8,2.8,0,0,0
"2026/02/10","2026/02/13","2904","一正蒲鉾","東証およびＰＴＳ",,"確報",0,200,1300,200,400,1300,0,0,150000,975000,150000,300000,975000,0,,,0,0,0,0,0,0,16,0,13.3,26.7,20,8,11.4
"2026/02/10","2026/02/13","2907","あじかん","東証およびＰＴＳ",,"確報",0,0,600,200,100,300,300,0,0,834000,278000,139000,417000,417000,,,0,0,12600,0,0,4200,15.2,0,0,0,2.7,4,3.2
"2026/02/10","2026/02/13","2908","フジッコ","東証およびＰＴＳ",,"確報",100,2000,12300,100,700,63500,-51200,161900,3238000,19913700,161900,1133300,102806500,-82892800,,,0,0,56800,0,0,256400,80.5,40.4,15.6,22.5,3256,90.4,176
"2026/02/10","2026/02/13","290A","Ｓｙｎｓ","東証およびＰＴＳ",,"確報",4000,15300,349300,0,0,0,349300,5140000,19660500,448850500,0,0,0,448850500,,,0,0,19472400,0,0,0,52.1,82.7,38.1,52.1,0,0,0
"2026/02/10","2026/02/13","2910","ロック・フィールド","東証およびＰＴＳ",,"確報",0,3100,69500,400,500,116300,-46800,0,4395800,98551000,567200,709000,164913400,-66362400,,,0,0,217800,0,0,349200,122.3,86.4,71.1,78,1182.2,101.9,187.7
"2026/02/10","2026/02/13","2911","旭松食品","東証およびＰＴＳ",,"確報",0,100,600,0,0,0,600,0,230500,1383000,0,0,0,1383000,,,0,0,0,3500,0,0,31,31,31,31,0,0,0
"2026/02/10","2026/02/13","2914","日本たばこ産業","東証およびＰＴＳ",,"確報",12900,3300,87500,0,2300,1600,85900,77980500,19948500,528937500,0,13903500,9672000,519265500,,,0,0,0,6933100,347100,0,13.8,19.1,17.6,18.3,3.2,2.1,2.5
"2026/02/10","2026/02/13","2915","ケンコーマヨネーズ","東証およびＰＴＳ",,"確報",500,0,2900,0,1500,11000,-8100,1049500,0,6087100,0,3148500,23089000,-17001900,,,0,0,0,40800,212500,0,13.7,9.6,12.5,10.9,12.8,17,14.6
"2026/02/10","2026/02/13","2916","仙波糖化工業","東証およびＰＴＳ",,"確報",0,0,0,0,0,0,0,0,0,0,0,0,0,0,,,0,0,0,0,0,0,0,0,0,0,0,0,0
"2026/02/10","2026/02/13","2917","大森屋","東証およびＰＴＳ",,"確報",0,0,0,0,0,0,0,0,0,0,0,0,0,0,,,0,0,0,0,0,0,0,0,0,0,0,0,0
"2026/02/10","2026/02/13","2918","わらべや日洋ＨＤ","東証およびＰＴＳ",,"確報",1100,100,19200,100,0,3000,16200,4009500,364500,69984000,364500,0,10935000,59049000,,,0,0,0,0,0,0,9.5,40.5,5.4,9.5,6.1,24.4,9.8
"2026/02/10","2026/02/13","291A","リスキル","東証およびＰＴＳ",,"確報",0,100,700,0,0,0,700,0,337000,2359000,0,0,0,2359000,,,0,0,36000,0,0,0,36,36,36,36,0,0,0
"2026/02/10","2026/02/13","2922","なとり","東証およびＰＴＳ",,"確報",100,100,4300,1900,0,47900,-43600,192400,192400,8273200,3655600,0,92159600,-83886400,,,0,0,25800,0,0,276000,10,2.6,2.6,2.6,12,408.8,23.4
"2026/02/10","2026/02/13","2923","サトウ食品","東証およびＰＴＳ",,"確報",0,0,400,0,0,0,400,0,0,2964000,0,0,0,2964000,,,0,0,0,0,0,0,0,0,0,0,0,0,0
"2026/02/10","2026/02/13","2924","イフジ産業","東証およびＰＴＳ",,"確報",200,0,2700,0,100,500,2200,423800,0,5721300,0,211900,1059500,4661800,,,0,0,65000,0,0,15600,41.4,41.3,0,82.7,7,21,10.5
"2026/02/10","2026/02/13","2926","篠崎屋","東証およびＰＴＳ",,"確報",6200,7100,80400,0,300,10600,69800,582800,667400,7557600,0,28200,996400,6561200,,,0,0,0,0,0,0,10.5,8,16.8,10.8,10.1,7.7,8.7
"2026/02/10","2026/02/13","2927","ＡＦＣＨＤアムスライ","東証およびＰＴＳ",,"確報",100,1000,4700,0,0,0,4700,89200,892000,4192400,0,0,0,4192400,,,0,0,16800,0,0,0,10.4,11.1,9.8,10.4,0,0,0
"2026/02/10","2026/02/13","2929","ファーマフーズ","東証およびＰＴＳ",,"確報",0,300,84600,0,1100,77400,7200,0,201900,56935800,0,740300,52090200,4845600,,,0,0,679200,0,0,628000,30.2,37.1,30.5,33.5,27,27.6,27.3
"2026/02/10","2026/02/13","2930","北の達人コーポ","東証およびＰＴＳ",,"確報",300,30600,852800,100,0,993400,-140600,42900,4375800,121950400,14300,0,142056200,-20105800,,,0,0,883100,0,0,993300,75.2,30.3,94.5,45.9,85.4,3752.8,167.1
"2026/02/10","2026/02/13","2931","ユーグレナ","東証およびＰＴＳ",,"確報",49600,4800,363900,45400,600,363900,0,20732800,2006400,152110200,18977200,250800,152110200,0,,,0,0,1595500,0,0,1595500,10.4,6,8,6.9,14.8,37.1,21.1
"2026/02/10","2026/02/13","2932","ＳＴＩフードＨＤ","東証およびＰＴＳ",,"確報",0,0,2500,0,0,0,2500,0,0,3222500,0,0,0,3222500,,,0,0,7500,0,0,0,246,123,0,246,0,0,0
"2026/02/10","2026/02/13","2933","紀文食品","東証およびＰＴＳ",,"確報",300,100,6900,100,100,4000,2900,336600,112200,7741800,112200,112200,4488000,3253800,,,0,0,6700,0,0,4000,57.4,57.2,85.8,68.6,40.4,50.5,44.9
"2026/02/10","2026/02/13","2934","ジェイフロンティア","東証およびＰＴＳ",,"確報",0,100,1400,0,0,0,1400,0,138400,1937600,0,0,0,1937600,,,0,0,40500,0,0,0,34,34,34,34,0,0,0
"2026/02/10","2026/02/13","2935","ピックルスＨＤ","東証およびＰＴＳ",,"確報",0,0,6700,0,0,0,6700,0,0,8582700,0,0,0,8582700,,,0,0,0,6700,0,0,41.6,55.5,33.3,41.6,0,0,0
"2026/02/10","2026/02/13","2936","ベースフード","東証およびＰＴＳ",,"確報",0,0,10000,3200,1200,326000,-316000,0,0,3590000,1148800,430800,117034000,-113444000,,,0,0,40000,0,0,1296000,82.8,0,0,0,69.8,94.4,80.3
"2026/02/10","2026/02/13","2937","サンクゼール","東証およびＰＴＳ",,"確報",100,0,3800,0,700,8000,-4200,175200,0,6657600,0,1226400,14016000,-7358400,,,0,0,0,11100,26100,0,22.2,15.1,181,27.8,430,10.5,20.5
"2026/02/10","2026/02/13","2938","オカムラ食品工業","東証およびＰＴＳ",,"確報",4000,0,29400,0,600,124800,-95400,4468000,0,32839800,0,670200,139401600,-106561800,,,0,0,0,457200,2257200,0,92,21.4,30.9,25.3,230.2,194.3,210.7
"2026/02/10","2026/02/13","294A","気候変動ＥＴＦ","東証およびＰＴＳ",,"確報",0,0,0,0,0,0,0,0,0,0,0,0,0,0,,,0,0,0,0,0,0,0,0,0,0,0,0,0
"2026/02/10","2026/02/13","295A","Ｏｎｅ・サウジ","東証およびＰＴＳ",,"確報",0,0,0,0,0,0,0,0,0,0,0,0,0,0,,,0,0,0,0,0,0,0,0,0,0,0,0,0
"2026/02/10","2026/02/13","2961","日本調理機","東証およびＰＴＳ",,"確報",0,0,200,0,0,0,200,0,0,962000,0,0,0,962000,,,0,0,0,0,0,0,0,0,0,0,0,0,0
"2026/02/10","2026/02/13","2962","テクニスコ","東証およびＰＴＳ",,"確報",2100,2700,24300,0,0,0,24300,1549800,1992600,17933400,0,0,0,17933400,,,0,0,2490000,0,0,0,4.8,3.6,7.3,4.8,0,0,0
"2026/02/10","2026/02/13","296A","令和ＡＨ","東証およびＰＴＳ",,"確報",38100,900,51800,4000,400,18200,33600,26822400,633600,36467200,2816000,281600,12812800,23654400,,,0,0,204400,0,0,204400,7.5,2.7,66.8,5.1,12.9,91.6,22.6
"2026/02/10","2026/02/13","2970","ＧＬＣ　ＧＲＯＵＰ","東証およびＰＴＳ",,"確報",100,0,2500,0,0,0,2500,83200,0,2080000,0,0,0,2080000,,,0,0,57600,0,0,0,49.2,123,30.8,49.2,0,0,0
"2026/02/10","2026/02/13","2971","Ｒ－エスコンジャパン","東証およびＰＴＳ",,"確報",21,6,155,1,0,4,151,2637600,753600,19468000,125600,0,502400,18965600,,,0,0,196000,0,0,4200,12.1,7.2,41.1,12.3,5.3,16,8
"2026/02/10","2026/02/13","2972","Ｒ－サンケイＲＥ","東証およびＰＴＳ",,"確報",0,23,142,0,0,0,142,0,2990000,18460000,0,0,0,18460000,,,0,0,165000,0,0,0,18,32.4,12.4,18,0,0,0
"2026/02/10","2026/02/13","2975","スター・マイカＨＤ","東証およびＰＴＳ",,"確報",300,0,22700,600,0,9700,13000,478500,0,36206500,957000,0,15471500,20735000,,,0,0,761600,0,0,309400,28,202.7,23.4,41.9,8.2,60.6,14.4
"2026/02/10","2026/02/13","2978","ツクルバ","東証およびＰＴＳ",,"確報",0,100,2200,0,0,0,2200,0,45000,990000,0,0,0,990000,,,0,0,0,0,0,0,55.5,111,37,55.5,0,0,0
"2026/02/10","2026/02/13","2979","Ｒ－ＳＯＳｉＬＡ物流","東証およびＰＴＳ",,"確報",0,0,71,0,0,5,66,0,0,9080900,0,0,639500,8441400,,,0,0,78100,0,0,5500,22.9,15.7,298,29.8,0,3.8,7.6
"2026/02/10","2026/02/13","297A","アルピコＨＤ","東証およびＰＴＳ",,"確報",0,0,32100,0,0,0,32100,0,0,7832400,0,0,0,7832400,,,0,0,32100,0,0,0,637.6,318.8,0,637.6,0,0,0
"2026/02/10","2026/02/13","2980","ＳＲＥＨＤ","東証およびＰＴＳ",,"確報",20300,0,299900,4800,0,9500,290400,52292800,0,772542400,12364800,0,24472000,748070400,,,0,0,29078400,0,0,488800,28.7,16.8,360.8,32.1,8,5.1,6.2
"2026/02/10","2026/02/13","2981","ランディックス","東証およびＰＴＳ",,"確報",1100,1000,6200,0,0,0,6200,2846800,2588000,16045600,0,0,0,16045600,,,0,0,1116300,0,0,0,24.6,25.6,23.6,24.6,0,0,0
"2026/02/10","2026/02/13","2982","ＡＤワークスグループ","東証およびＰＴＳ",,"確報",20100,0,521800,21500,1400,521800,0,9969600,0,258812800,10664000,694400,258812800,0,,,0,0,7023800,0,0,7023800,58.4,51.1,61,55.6,56,68.2,61.5
"2026/02/10","2026/02/13","2983","アールプランナー","東証およびＰＴＳ",,"確報",500,200,12900,0,0,0,12900,1052000,420800,27141600,0,0,0,27141600,,,0,0,793800,0,0,0,15.9,11.3,26.5,15.9,0,0,0
"2026/02/10","2026/02/13","2984","ヤマイチエステート","東証およびＰＴＳ",,"確報",0,0,5200,0,0,200,5000,0,0,4004000,0,0,154000,3850000,,,0,0,0,5200,200,0,544,0,262,524,0,0,0
"2026/02/10","2026/02/13","2986","ＬＡホールディングス","東証およびＰＴＳ",,"確報",100,0,21400,300,0,1300,20100,1022000,0,218708000,3066000,0,13286000,205422000,,,0,0,426000,0,0,20000,42.6,58.3,116.7,77.8,4.5,4.8,4.6
"2026/02/10","2026/02/13","2989","Ｒ－東海道リート","東証およびＰＴＳ",,"確報",258,7,1490,0,0,0,1490,29205600,792400,168668000,0,0,0,168668000,,,0,0,1115100,0,0,0,11.3,5.8,218,11.3,0,0,0
"2026/02/10","2026/02/13","298A","ＧＶＡ　ＴＥＣＨ","東証およびＰＴＳ",,"確報",300,300,3200,0,0,0,3200,135600,135600,1446400,0,0,0,1446400,,,0,0,0,22400,0,0,21.9,27.3,18.2,21.9,0,0,0
"2026/02/10","2026/02/13","2991","ランドネット","東証およびＰＴＳ",,"確報",0,400,4900,0,0,0,4900,0,273200,3346700,0,0,0,3346700,,,0,0,84800,0,0,0,16.3,52,9.6,16.3,0,0,0
"2026/02/10","2026/02/13","2993","長栄","東証およびＰＴＳ",,"確報",0,0,1100,0,0,0,1100,0,0,2709300,0,0,0,2709300,,,0,0,31900,0,0,0,52,52,52,52,0,0,0
"2026/02/10","2026/02/13","2997","ストレージ王","東証およびＰＴＳ",,"確報",0,100,500,0,0,0,500,0,92500,462500,0,0,0,462500,,,0,0,0,5400,0,0,3.3,2.2,6.5,3.3,0,0,0
"2026/02/10","2026/02/13","2998","クリアル","東証およびＰＴＳ",,"確報",400,7100,434500,0,0,0,434500,373200,6624300,405388500,0,0,0,405388500,,,0,0,18089200,0,0,0,164.2,179.7,151.2,164.2,0,0,0
"2026/02/10","2026/02/13","2999","ホームポジション","東証およびＰＴＳ",,"確報",0,0,1800,0,0,0,1800,0,0,865800,0,0,0,865800,,,0,0,0,0,0,0,0,0,0,0,0,0,0
"2026/02/10","2026/02/13","299A","クラシル","東証およびＰＴＳ",,"確報",100,400,42800,0,0,0,42800,105700,422800,45239600,0,0,0,45239600,,,0,0,0,301700,0,0,12.3,8.6,21.2,12.3,0,0,0
"2026/02/10","2026/02/13","3001","片倉工業","東証およびＰＴＳ",,"確報",0,0,2700,0,700,27800,-25100,0,0,8383500,0,2173500,86319000,-77935500,,,0,0,94500,0,0,997500,40.3,67.5,16.9,27,243,23.1,42.3
"2026/02/10","2026/02/13","3002","グンゼ","東証およびＰＴＳ",,"確報",200,200,22300,300,1100,35900,-13600,902000,902000,100573000,1353000,4961000,161909000,-61336000,,,0,0,780500,0,0,1284500,6.8,5.3,12.2,7.4,3.9,16.9,6.4
"2026/02/10","2026/02/13","3003","ヒューリック","東証およびＰＴＳ",,"確報",3800,12700,81500,1000,9900,81500,0,7529700,25165050,161492250,1981500,19616850,161492250,0,,,0,0,180800,0,0,180800,7.3,5.5,8,6.5,6.7,10.8,8.3
"2026/02/10","2026/02/13","3004","神栄","東証およびＰＴＳ",,"確報",0,0,4200,0,100,0,4200,0,0,11062800,0,263400,0,11062800,,,0,0,0,54600,1300,0,36.3,108,30.9,48,2,1,1.3
"2026/02/10","2026/02/13","300A","ＭＩＣ","東証およびＰＴＳ",,"確報",1300,0,12500,0,0,0,12500,4290000,0,41250000,0,0,0,41250000,,,0,0,1848000,0,0,0,38.8,20.8,281,38.8,0,0,0
"2026/02/10","2026/02/13","3010","ポラリスＨＤ","東証およびＰＴＳ",,"確報",0,15600,46200,0,0,0,46200,0,2932800,8685600,0,0,0,8685600,,,0,0,61800,0,0,0,9.2,7.2,12.9,9.2,0,0,0
"2026/02/10","2026/02/13","3011","バナーズ","東証およびＰＴＳ",,"確報",0,0,0,0,0,0,0,0,0,0,0,0,0,0,,,0,0,0,0,0,0,0,0,0,0,0,0,0
"2026/02/10","2026/02/13","3020","アプライド","東証およびＰＴＳ",,"確報",100,100,7200,0,0,0,7200,437000,437000,31464000,0,0,0,31464000,,,0,0,468000,0,0,0,62,34.1,341,62,0,0,0
"2026/02/10","2026/02/13","3021","パシフィックネット","東証およびＰＴＳ",,"確報",100,800,5300,0,0,0,5300,208200,1665600,11034600,0,0,0,11034600,,,0,0,282000,0,0,0,26.8,40.1,20.1,26.8,0,0,0
"2026/02/10","2026/02/13","3023","ラサ商事","東証およびＰＴＳ",,"確報",0,800,16500,100,0,1700,14800,0,1764000,36382500,220500,0,3748500,32634000,,,0,0,380600,0,0,35200,31.3,38,25.7,30.7,40.5,40.5,40.5
"2026/02/10","2026/02/13","3024","クリエイト","東証およびＰＴＳ",,"確報",0,0,1700,0,0,0,1700,0,0,2114800,0,0,0,2114800,,,0,0,18700,0,0,0,176,0,88,176,0,0,0
"2026/02/10","2026/02/13","3028","アルペン","東証およびＰＴＳ",,"確報",2300,2600,15600,100,400,15600,0,5096800,5761600,34569600,221600,886400,34569600,0,,,0,0,429300,0,0,429300,10.3,6,14.8,8.5,7.9,37.9,13.1
"2026/02/10","2026/02/13","302A","ビースタイルＨＤ","東証およびＰＴＳ",,"確報",100,0,1500,0,0,0,1500,120500,0,1807500,0,0,0,1807500,,,0,0,0,7000,0,0,48,36,72,48,0,0,0
"2026/02/10","2026/02/13","3030","ハブ","東証およびＰＴＳ",,"確報",200,300,6100,0,0,0,6100,207800,311700,6337900,0,0,0,6337900,,,0,0,31000,0,0,0,21.3,19.9,22.9,21.3,0,0,0
"2026/02/10","2026/02/13","3031","ラクーンＨＤ","東証およびＰＴＳ",,"確報",5600,1900,49300,3700,0,49300,0,3707200,1257800,32636600,2449400,0,32636600,0,,,0,0,1368000,0,0,1368000,31.8,29.9,22.7,25.8,53.3,34,41.5
"2026/02/10","2026/02/13","3034","クオールＨＤ","東証およびＰＴＳ",,"確報",200,1400,511700,5000,2500,25800,485900,386800,2707600,989627800,9670000,4835000,49897200,939730600,,,0,0,10770900,0,0,489300,24.3,14.3,544.4,27.9,3.5,34.2,6.3
"2026/02/10","2026/02/13","3035","ケイティケイ","東証およびＰＴＳ",,"確報",600,3200,18300,0,0,100,18200,398400,2124800,12151200,0,0,66400,12084800,,,0,0,0,20900,100,0,48.5,112.3,31.6,49.3,0,7,14
"2026/02/10","2026/02/13","3036","アルコニックス","東証およびＰＴＳ",,"確報",4300,1600,25000,2700,0,25000,0,13050500,4856000,75875000,8194500,0,75875000,0,,,0,0,3679500,0,0,3679500,8.4,10.8,3.1,4.9,24.5,42.9,31.2
"2026/02/10","2026/02/13","3038","神戸物産","東証およびＰＴＳ",,"確報",0,2500,78200,700,0,27200,51000,0,9567500,299271400,2678900,0,104094400,195177000,,,0,0,5164800,0,0,1696000,34.5,25.6,98.4,40.7,39.6,18.1,24.9
"2026/02/10","2026/02/13","303A","ｖｉｓｕｍｏ","東証およびＰＴＳ",,"確報",0,0,800,0,0,0,800,0,0,720000,0,0,0,720000,,,0,0,3200,0,0,0,26,19.5,39,26,0,0,0
"2026/02/10","2026/02/13","3040","ソリトンシステムズ","東証およびＰＴＳ",,"確報",0,600,13500,0,0,0,13500,0,1243200,27972000,0,0,0,27972000,,,0,0,1452300,0,0,0,3.1,28.7,1.6,3.1,0,0,0
"2026/02/10","2026/02/13","3041","ビューティカダンＨＤ","東証およびＰＴＳ",,"確報",100,400,2500,0,300,2500,0,47800,191200,1195000,0,143400,1195000,0,,,0,0,0,2800,2800,0,17.8,35.5,10.1,15.8,71,11.8,20.3
"2026/02/10","2026/02/13","3042","セキュアヴェイル","東証およびＰＴＳ",,"確報",900,1900,89000,0,1000,89000,0,339300,716300,33553000,0,377000,33553000,0,,,0,0,1440000,0,0,1440000,36.2,18.9,140.5,33.3,20.8,421.6,39.6
"2026/02/10","2026/02/13","3045","カワサキ","東証およびＰＴＳ",,"確報",100,100,600,0,0,0,600,151200,151200,907200,0,0,0,907200,,,0,0,7200,0,0,0,30,30,30,30,0,0,0
"2026/02/10","2026/02/13","3046","ＪＩＮＳＨＤ","東証およびＰＴＳ",,"確報",0,70000,26800,100,0,100,26700,0,377300000,144452000,539000,0,539000,143913000,,,0,0,6776000,0,0,0,2.6,4,1.9,2.6,1.5,3,2
"2026/02/10","2026/02/13","3048","ビックカメラ","東証およびＰＴＳ",,"確報",0,1200,9100,8800,200,114000,-104900,0,2129400,16147950,15615600,354900,202293000,-186145050,,,0,0,283250,0,0,2898500,15,36.6,11.4,17.4,25.2,10.5,14.8
"2026/02/10","2026/02/13","304A","フォルシア","東証およびＰＴＳ",,"確報",0,0,600,0,0,0,600,0,0,1134000,0,0,0,1134000,,,0,0,0,12000,0,0,0,0,0,0,0,0,0
"2026/02/10","2026/02/13","3050","ＤＣＭＨＤ","東証およびＰＴＳ",,"確報",700,0,8100,500,1300,19500,-11400,1183700,0,13697100,845500,2198300,32974500,-19277400,,,0,0,29600,0,0,81200,13.1,14.1,8.2,10.4,13.3,16.9,14.9
"2026/02/10","2026/02/13","3053","ペッパーフドサビス","東証およびＰＴＳ",,"確報",0,21100,146800,1100,0,453800,-307000,0,3692500,25690000,192500,0,79415000,-53725000,,,0,0,335800,0,0,905400,39.2,184.7,8.2,15.8,65.1,544.9,116.4
"2026/02/10","2026/02/13","3054","ハイパー","東証およびＰＴＳ",,"確報",0,0,4200,0,0,0,4200,0,0,1192800,0,0,0,1192800,,,0,0,8400,0,0,0,30.4,76,19,30.4,0,0,0
"2026/02/10","2026/02/13","3058","三洋堂ＨＤ","東証およびＰＴＳ",,"確報",100,0,100,0,0,2500,-2400,69900,0,69900,0,0,1747500,-1677600,,,0,0,0,0,0,2500,28.9,1,2,1.3,64,32,42.7
"2026/02/10","2026/02/13","3059","ヒラキ","東証およびＰＴＳ",,"確報",0,100,600,0,100,600,0,0,83100,498600,0,83100,498600,0,,,0,0,1400,0,0,1400,10.6,12.3,5.3,7.4,0,9.3,18.5
"2026/02/10","2026/02/13","3063","ジェイグループＨＤ","東証およびＰＴＳ",,"確報",400,0,4900,2100,300,21300,-16400,336800,0,4125800,1768200,252600,17934600,-13808800,,,0,0,0,0,0,0,13.8,33.3,5.8,9.9,10.3,35.3,16
"2026/02/10","2026/02/13","3064","ＭｏｎｏｔａＲＯ","東証およびＰＴＳ",,"確報",2700,1200,141200,13200,900,47200,94000,5800950,2578200,303368200,28360200,1933650,101409200,201959000,,,0,0,2025650,0,0,506050,22.5,49.1,36.2,41.7,3.9,25.7,6.8
"2026/02/10","2026/02/13","3065","ライフフーズ","東証およびＰＴＳ",,"確報",0,0,100,0,0,0,100,0,0,164700,0,0,0,164700,,,0,0,500,0,0,0,0,0,0,0,0,0,0
"2026/02/10","2026/02/13","3067","東京一番フーズ","東証およびＰＴＳ",,"確報",0,0,3100,0,300,8300,-5200,0,0,1401200,0,135600,3751600,-2350400,,,0,0,0,3100,8600,0,60.5,23.2,139,39.7,0,36.3,72.7
"2026/02/10","2026/02/13","3068","ＷＤＩ","東証およびＰＴＳ",,"確報",0,0,2300,0,0,0,2300,0,0,7440500,0,0,0,7440500,,,0,0,23000,0,0,0,115,0,57.5,115,0,0,0
"2026/02/10","2026/02/13","3069","ＪＦＬＡＨＤ","東証およびＰＴＳ",,"確報",5100,5400,15900,0,1500,14700,1200,912900,966600,2846100,0,268500,2631300,214800,,,0,0,243000,0,0,243000,9.8,17.5,5.1,7.9,465.5,6.5,12.8
"2026/02/10","2026/02/13","3070","ジェリービーンズ","東証およびＰＴＳ",,"確報",8100,4339800,475600,0,0,0,475600,769500,412281000,45182000,0,0,0,45182000,,,0,0,14421900,0,0,0,1.6,2.5,1.2,1.6,0,0,0
"2026/02/10","2026/02/13","3071","ストリーム","東証およびＰＴＳ",,"確報",100,400,800,0,0,0,800,10800,43200,86400,0,0,0,86400,,,0,0,0,0,0,0,20.8,52,13,20.8,0,0,0
"2026/02/10","2026/02/13","3075","銚子丸","東証およびＰＴＳ",,"確報",0,100,300,0,0,0,300,0,165500,496500,0,0,0,496500,,,0,0,2000,0,0,0,38,0,19,38,0,0,0
"2026/02/10","2026/02/13","3076","あいホールディングス","東証およびＰＴＳ",,"確報",1000,600,10600,400,0,10600,0,2796000,1677600,29637600,1118400,0,29637600,0,,,0,0,469200,0,0,469200,23.7,11.8,49.7,19.1,15.5,0,31.1
"2026/02/10","2026/02/13","3077","ホリイフードサービス","東証およびＰＴＳ",,"確報",0,200,9500,0,0,0,9500,0,93400,4436500,0,0,0,4436500,,,0,0,0,0,0,0,85.1,52,234,85.1,0,0,0
"2026/02/10","2026/02/13","3079","ディーブイエックス","東証およびＰＴＳ",,"確報",100,100,600,2000,2600,9300,-8700,123300,123300,739800,2466000,3205800,11466900,-10727100,,,0,0,0,24600,405900,0,12.4,13.5,27,18,15.5,10.1,12.2
"2026/02/10","2026/02/13","3080","ジェーソン","東証およびＰＴＳ",,"確報",0,0,100,0,0,0,100,0,0,83900,0,0,0,83900,,,0,0,0,0,0,0,2.7,4,2,2.7,0,0,0
"2026/02/10","2026/02/13","3082","きちりＨＤ","東証およびＰＴＳ",,"確報",300,900,7800,0,800,9900,-2100,281400,844200,7316400,0,750400,9286200,-1969800,,,0,0,16800,0,0,21400,22.4,22.4,16.8,19.2,0,12.5,25.1
"2026/02/10","2026/02/13","3083","スターシーズ","東証およびＰＴＳ",,"確報",0,0,47000,0,0,0,47000,0,0,35015000,0,0,0,35015000,,,0,0,517000,0,0,0,11.6,6,187.1,11.6,0,0,0
"2026/02/10","2026/02/13","3086","Ｊ．フロントリテイリ","東証およびＰＴＳ",,"確報",1800,300,1900,6400,2800,45300,-43400,4958100,826350,5233550,17628800,7712600,124778850,-119545300,,,0,0,0,0,0,0,1.9,3.4,1.1,1.7,1.9,2,1.9
"2026/02/10","2026/02/13","3087","ドトール・日レスＨＤ","東証およびＰＴＳ",,"確報",2000,500,10500,400,300,14900,-4400,5920000,1480000,31080000,1184000,888000,44104000,-13024000,,,0,0,117000,0,0,192400,6.5,3.5,5.2,4.2,23.4,6.4,10.1
"2026/02/10","2026/02/13","3088","マツキヨココカラ","東証およびＰＴＳ",,"確報",100,2600,92600,0,0,200,92400,263350,6847100,243862100,0,0,526700,243335400,,,0,0,0,2995650,6300,0,92.5,163.9,64.2,92.3,0,0,0
"2026/02/10","2026/02/13","3089","テクノアルファ","東証およびＰＴＳ",,"確報",500,100,6900,0,0,400,6500,637000,127400,8790600,0,0,509600,8281000,,,0,0,78000,0,0,4800,24.4,23.1,24.8,23.9,19,0,38
"2026/02/10","2026/02/13","3091","ブロンコビリー","東証およびＰＴＳ",,"確報",0,0,1700,0,0,0,1700,0,0,6672500,0,0,0,6672500,,,0,0,25500,0,0,0,89,0,44.5,89,0,0,0
"2026/02/10","2026/02/13","3092","ＺＯＺＯ","東証およびＰＴＳ",,"確報",500,8600,91200,1500,6500,94300,-3100,585000,10062000,106704000,1755000,7605000,110331000,-3627000,,,0,0,446850,0,0,446850,24.8,30.1,22.8,26,24.9,22.5,23.7
"2026/02/10","2026/02/13","3093","トレジャーファクトリ","東証およびＰＴＳ",,"確報",4000,800,39200,0,3000,2900,36300,6860000,1372000,67228000,0,5145000,4973500,62254500,,,0,0,396000,0,0,64900,34,33.8,165.7,56.1,16.8,5.6,8.4
"2026/02/10","2026/02/13","3096","オーシャンシステム","東証およびＰＴＳ",,"確報",0,400,1700,0,0,0,1700,0,694800,2952900,0,0,0,2952900,,,0,0,8400,0,0,0,17.1,18.8,15.7,17.1,0,0,0
"2026/02/10","2026/02/13","3097","物語コーポレーション","東証およびＰＴＳ",,"確報",2500,7000,3200,12800,600,17300,-14100,11937500,33425000,15280000,61120000,2865000,82607500,-67327500,,,0,0,3927000,0,0,2601000,1.6,2.1,0.6,0.9,1.6,16.4,3
"2026/02/10","2026/02/13","3099","三越伊勢丹ホールディ","東証およびＰＴＳ",,"確報",300,5000,40500,9600,29200,71500,-31000,922200,15370000,124497000,29510400,89760800,219791000,-95294000,,,0,0,542400,0,0,1093200,3,2.8,3.7,3.2,2.3,3.8,2.9
"2026/02/10","2026/02/13","3101","東洋紡","東証およびＰＴＳ",,"確報",700,2400,29900,200,22500,9300,20600,1068900,3664800,45657300,305400,34357500,14201100,31456200,,,0,0,948000,0,0,948000,5.8,5.5,4.6,5,20.7,4.3,7.1
"2026/02/10","2026/02/13","3103","ユニチカ","東証およびＰＴＳ",,"確報",314700,248100,682300,222800,18400,682300,0,337358400,265963200,731425600,238841600,19724800,731425600,0,,,0,0,92355000,0,0,71685000,4.7,3.6,4.9,4.1,4.5,7.7,5.7
"2026/02/10","2026/02/13","3104","富士紡ＨＤ","東証およびＰＴＳ",,"確報",600,700,16300,200,300,16300,0,6036000,7042000,163978000,2012000,3018000,163978000,0,,,0,0,2788000,0,0,2788000,14,8.8,8.2,8.5,103.3,25,40.3
"2026/02/10","2026/02/13","3105","日清紡ＨＤ","東証およびＰＴＳ",,"確報",15500,27200,30900,6500,18200,30900,0,23498000,41235200,46844400,9854000,27591200,46844400,0,,,0,0,0,9435900,9435900,0,6.3,5.9,5.1,5.5,8.3,6.8,7.5
"2026/02/10","2026/02/13","3106","倉敷紡績","東証およびＰＴＳ",,"確報",2900,200,4500,200,4300,17500,-13000,29522000,2036000,45810000,2036000,43774000,178150000,-132340000,,,0,0,0,702000,8424000,0,13.7,2.1,5.3,3,57.2,13.9,22.4
"2026/02/10","2026/02/13","3107","ダイワボウＨＤ","東証およびＰＴＳ",,"確報",100,0,3600,200,100,700,2900,320000,0,11520000,640000,320000,2240000,9280000,,,0,0,472500,0,0,81000,9.1,8.7,49.3,14.8,3.1,2.5,2.8
"2026/02/10","2026/02/13","3109","シキボウ","東証およびＰＴＳ",,"確報",0,1000,10500,3800,0,9300,1200,0,1136000,11928000,4316800,0,10564800,1363200,,,0,0,184000,0,0,88000,5.7,29.1,5.2,8.8,7.8,2.3,3.6
"2026/02/10","2026/02/13","3110","日東紡績","東証およびＰＴＳ",,"確報",14200,13600,75800,400,600,5000,70800,266818000,255544000,1424282000,7516000,11274000,93950000,1330332000,,,0,0,73696000,0,0,5096000,5,7,3.9,5,4.4,6.1,5.1
"2026/02/10","2026/02/13","3111","オーミケンシ","東証およびＰＴＳ",,"確報",200,0,3000,0,0,0,3000,49400,0,741000,0,0,0,741000,,,0,0,0,0,0,0,31.8,47.7,23.8,31.8,0,0,0
"2026/02/10","2026/02/13","3113","ＵＮＩＶＡ・Ｏａｋ","東証およびＰＴＳ",,"確報",1500,0,49400,0,0,0,49400,109500,0,3606200,0,0,0,3606200,,,0,0,95800,0,0,0,32.4,18.5,130.5,32.4,0,0,0
"2026/02/10","2026/02/13","3116","トヨタ紡織","東証およびＰＴＳ",,"確報",1700,2300,24600,0,600,24600,0,5300600,7171400,76702800,0,1870800,76702800,0,,,0,0,1738800,0,0,1738800,3.7,2.8,4.2,3.4,3.4,5.2,4.1
"2026/02/10","2026/02/13","3121","マーチャントバンカズ","東証およびＰＴＳ",,"確報",182600,400,350200,1600,0,184400,165800,42911000,94000,82297000,376000,0,43334000,38963000,,,0,0,0,168000,182800,0,4,3.2,1.9,2.4,147.3,53.3,78.3
"2026/02/10","2026/02/13","3123","サイボー","東証およびＰＴＳ",,"確報",100,0,15300,0,0,0,15300,67100,0,10266300,0,0,0,10266300,,,0,0,699200,0,0,0,383,766,255.3,383,0,0,0
"2026/02/10","2026/02/13","3131","シンデンハイテク","東証およびＰＴＳ",,"確報",300,200,6400,0,0,0,6400,873300,582200,18630400,0,0,0,18630400,,,0,0,0,0,0,0,18.6,44.3,11.7,18.6,0,0,0
"2026/02/10","2026/02/13","3132","マクニカＨＤ","東証およびＰＴＳ",,"確報",300,0,31700,3300,100,16500,15200,779850,0,82404150,8578350,259950,42891750,39512400,,,0,0,1240300,0,0,525350,9.5,12,11.2,11.6,18.3,4.8,7.6
"2026/02/10","2026/02/13","3133","海帆","東証およびＰＴＳ",,"確報",0,2000,47200,0,0,0,47200,0,830000,19588000,0,0,0,19588000,,,0,0,196800,0,0,0,47.9,71.2,36.1,47.9,0,0,0
"2026/02/10","2026/02/13","3134","Ｈａｍｅｅ","東証およびＰＴＳ",,"確報",0,5800,25600,0,5800,25600,0,0,2830400,12492800,0,2830400,12492800,0,,,0,0,219800,0,0,219800,18.9,40.1,12.1,18.6,43.5,12.4,19.3
"2026/02/10","2026/02/13","3135","マーケットエンター","東証およびＰＴＳ",,"確報",0,700,2700,0,0,0,2700,0,995400,3839400,0,0,0,3839400,,,0,0,51000,0,0,0,6.5,11.1,4.6,6.5,0,0,0
"2026/02/10","2026/02/13","3137","ファンデリー","東証およびＰＴＳ",,"確報",0,100,5900,0,0,3900,2000,0,22400,1321600,0,0,873600,448000,,,0,0,12000,0,0,7800,26.6,41.7,58.4,48.7,53.5,9.7,16.5
"2026/02/10","2026/02/13","3138","富士山マガジン","東証およびＰＴＳ",,"確報",0,0,3100,0,0,0,3100,0,0,3242600,0,0,0,3242600,,,0,0,43400,0,0,0,0,0,0,0,0,0,0
"2026/02/10","2026/02/13","3139","ラクト・ジャパン","東証およびＰＴＳ",,"確報",0,200,4200,300,0,3100,1100,0,736000,15456000,1104000,0,11408000,4048000,,,0,0,352000,0,0,224000,13.1,24.3,27.4,25.8,7.6,8.4,8
"2026/02/10","2026/02/13","313A","ｉＳＳＰ５００Ｔ２０","東証およびＰＴＳ",,"確報",70,250,36490,0,10,0,36490,16548,59100,8626236,0,2364,0,8626236,,,0,0,0,7334,2,0,144.3,92.9,341.7,146.1,1,0.5,0.7
"2026/02/10","2026/02/13","3140","ＢＲＵＮＯ","東証およびＰＴＳ",,"確報",1300,300,16100,100,0,23300,-7200,1333800,307800,16518600,102600,0,23905800,-7387200,,,0,0,15100,0,0,23200,36.4,19.1,145.2,33.8,161.5,21.5,38
"2026/02/10","2026/02/13","3143","オーウイル","東証およびＰＴＳ",,"確報",100,0,1900,0,0,0,1900,72800,0,1383200,0,0,0,1383200,,,0,0,0,66600,0,0,47.5,47.5,47.5,47.5,0,0,0
"2026/02/10","2026/02/13","3148","クリエイトＳＤＨＤ","東証およびＰＴＳ",,"確報",8700,1100,14900,1000,0,18900,-4000,29319000,3707000,50213000,3370000,0,63693000,-13480000,,,0,0,292000,0,0,716000,5.5,2.6,3.8,3.1,6.5,75,12
"2026/02/10","2026/02/13","314A","ｉＳゴールド","東証およびＰＴＳ",,"確報",82310,0,1923790,7380,0,7380,1916410,30537010,0,713726090,2737980,0,2737980,710988110,,,0,0,0,2762220,0,0,14.2,16.4,18.3,17.3,1,1.1,1
"2026/02/10","2026/02/13","3150","グリムス","東証およびＰＴＳ",,"確報",200,200,22500,0,0,1600,20900,519800,519800,58477500,0,0,4158400,54319100,,,0,0,765000,0,0,54400,9.6,4.9,61.6,9.1,41,41,41
"2026/02/10","2026/02/13","3151","バイタルＫＳＫＨＤ","東証およびＰＴＳ",,"確報",1000,1000,7600,0,0,7600,0,1393000,1393000,10586800,0,0,10586800,0,,,0,0,0,136800,136800,0,15.6,8.4,16.8,11.2,14.6,111.7,25.8
"2026/02/10","2026/02/13","3153","八洲電機","東証およびＰＴＳ",,"確報",0,300,7500,0,0,0,7500,0,1065000,26625000,0,0,0,26625000,,,0,0,0,390000,0,0,16.7,108.5,9,16.7,0,0,0
"2026/02/10","2026/02/13","3154","メディアスＨＤ","東証およびＰＴＳ",,"確報",0,0,4800,300,0,3200,1600,0,0,4022400,251400,0,2681600,1340800,,,0,0,96000,0,0,58000,38.2,25.9,77.7,38.8,29.8,49.7,37.3
"2026/02/10","2026/02/13","3156","レスター","東証およびＰＴＳ",,"確報",800,300,3700,1100,100,4200,-500,2456000,921000,11359000,3377000,307000,12894000,-1535000,,,0,0,144000,0,0,144000,5.9,5.4,4.2,4.7,4.8,69.5,9
"2026/02/10","2026/02/13","3157","ジオリーブグループ","東証およびＰＴＳ",,"確報",200,0,2800,0,0,0,2800,314800,0,4407200,0,0,0,4407200,,,0,0,0,70200,0,0,132,66,0,132,0,0,0
"2026/02/10","2026/02/13","3159","丸善ＣＨＩＨＤ","東証およびＰＴＳ",,"確報",0,2600,7400,0,500,6400,1000,0,881400,2508600,0,169500,2169600,339000,,,0,0,0,0,0,0,28.2,45.6,14.7,22.2,180.5,24.1,42.5
"2026/02/10","2026/02/13","315A","ＧＸ銀行高配当日株","東証およびＰＴＳ",,"確報",10,2120,14298,0,0,1762,12536,17300,3667600,24735540,0,0,3048260,21687280,,,0,0,1099336,0,0,118054,5.8,8.7,3.8,5.3,0,232.8,465.7
"2026/02/10","2026/02/13","3160","大光","東証およびＰＴＳ",,"確報",0,1600,24900,0,500,28400,-3500,0,924800,14392200,0,289000,16415200,-2023000,,,0,0,0,0,0,0,62.2,164.5,59.8,87.7,504,26.1,49.6
"2026/02/10","2026/02/13","3161","アゼアス","東証およびＰＴＳ",,"確報",0,0,3100,0,0,0,3100,0,0,2052200,0,0,0,2052200,,,0,0,15500,0,0,0,25,0,12.5,25,0,0,0
"2026/02/10","2026/02/13","3166","ＯＣＨＩＨＤ","東証およびＰＴＳ",,"確報",0,100,1400,0,100,200,1200,0,151700,2123800,0,151700,303400,1820400,,,0,0,9000,0,0,1800,26.6,0,38.5,77,8,5.3,6.4
"2026/02/10","2026/02/13","3167","ＴＯＫＡＩ　ＨＤ","東証およびＰＴＳ",,"確報",700,300,9600,700,4100,14900,-5300,837200,358800,11481600,837200,4903600,17820400,-6338800,,,0,0,18400,0,0,36600,4.3,3.1,5,3.9,3.9,5.6,4.6
"2026/02/10","2026/02/13","3168","ＭＥＲＦ","東証およびＰＴＳ",,"確報",3800,3400,122000,900,500,122000,0,3940600,3525800,126514000,933300,518500,126514000,0,,,0,0,0,2553600,2553600,0,22.8,15.9,14.1,14.9,59.2,40.4,48
"2026/02/10","2026/02/13","3169","ミサワ","東証およびＰＴＳ",,"確報",300,0,500,0,0,0,500,189000,0,315000,0,0,0,315000,,,0,0,0,0,0,0,5,2.5,0,5,0,0,0
"2026/02/10","2026/02/13","316A","ｉＦＦＡＮＧ＋","東証およびＰＴＳ",,"確報",3430,1188,155247,0,2382,23057,132190,7323050,2536380,331452345,0,5085570,49226695,282225650,,,0,0,2295075,0,0,381585,38.9,39,45,41.8,22.4,31.3,26.1
"2026/02/10","2026/02/13","3172","ティーライフ","東証およびＰＴＳ",,"確報",700,0,2000,100,500,6200,-4200,806400,0,2304000,115200,576000,7142400,-4838400,,,0,0,1300,0,0,6600,6.8,6.2,68,11.3,22.1,3.7,6.4
"2026/02/10","2026/02/13","3173","Ｃｏｍｉｎｉｘ","東証およびＰＴＳ",,"確報",0,0,300,0,0,0,300,0,0,271200,0,0,0,271200,,,0,0,0,0,0,0,0,0,0,0,0,0,0
"2026/02/10","2026/02/13","3174","ハピネスアンドディ","東証およびＰＴＳ",,"確報",0,800,3800,0,0,0,3800,0,492000,2337000,0,0,0,2337000,,,0,0,0,4600,0,0,9.2,14.1,6.8,9.2,0,0,0
"2026/02/10","2026/02/13","3176","三洋貿易","東証およびＰＴＳ",,"確報",1900,3200,16700,300,0,16700,0,3461800,5830400,30427400,546600,0,30427400,0,,,0,0,0,360000,328000,0,9.9,10.3,9.9,10.1,7.2,14.5,9.6
"2026/02/10","2026/02/13","3177","ありがとうサービス","東証およびＰＴＳ",,"確報",100,300,500,0,0,0,500,387500,1162500,1937500,0,0,0,1937500,,,0,0,7000,0,0,0,4.8,4.8,4.8,4.8,0,0,0
"2026/02/10","2026/02/13","3178","チムニー","東証およびＰＴＳ",,"確報",200,0,4800,500,800,108000,-103200,259200,0,6220800,648000,1036800,139968000,-133747200,,,0,0,0,13800,324900,0,186,33.6,29.4,31.3,604.2,147,236.4
"2026/02/10","2026/02/13","3179","シュッピン","東証およびＰＴＳ",,"確報",1800,8200,32900,200,6600,32900,0,2318400,10561600,42375200,257600,8500800,42375200,0,,,0,0,589500,0,0,589500,6.7,6.2,4.8,5.5,10.9,7.2,8.7
"2026/02/10","2026/02/13","3180","ビューティガレージ","東証およびＰＴＳ",,"確報",600,100,33700,0,9300,23900,9800,849600,141600,47719200,0,13168800,33842400,13876800,,,0,0,0,0,0,0,14.6,90.3,9.9,17.8,118,6.4,12.2
"2026/02/10","2026/02/13","3181","買取王国","東証およびＰＴＳ",,"確報",0,0,2000,0,0,0,2000,0,0,1772000,0,0,0,1772000,,,0,0,20000,0,0,0,52.5,105,35,52.5,0,0,0
"2026/02/10","2026/02/13","3182","オイラ大地","東証およびＰＴＳ",,"確報",0,3300,59800,0,3300,59800,0,0,4801500,87009000,0,4801500,87009000,0,,,0,0,1262000,0,0,1262000,26.7,26.8,24.1,25.4,30,26.6,28.2
"2026/02/10","2026/02/13","3183","ウイン・パートナーズ","東証およびＰＴＳ",,"確報",0,1000,5000,500,1500,5000,0,0,1427000,7135000,713500,2140500,7135000,0,,,0,0,330000,0,0,330000,12.6,10.8,22.7,14.6,8.7,15.1,11.1
"2026/02/10","2026/02/13","3184","ＩＣＤＡ　ＨＤ","東証およびＰＴＳ",,"確報",0,0,0,0,0,0,0,0,0,0,0,0,0,0,,,0,0,0,0,0,0,0,0,0,0,0,0,0
"2026/02/10","2026/02/13","3185","夢展望","東証およびＰＴＳ",,"確報",300,300,24600,0,0,0,24600,66900,66900,5485800,0,0,0,5485800,,,0,0,0,24600,0,0,38.9,44.4,34.6,38.9,0,0,0
"2026/02/10","2026/02/13","3186","ネクステージ","東証およびＰＴＳ",,"確報",11700,2200,38500,500,700,33200,5300,39955500,7513000,131477500,1707500,2390500,113378000,18099500,,,0,0,0,580000,668000,0,10.6,4.4,11.3,6.4,68.3,13.4,22.5
"2026/02/10","2026/02/13","3187","ミラタップ","東証およびＰＴＳ",,"確報",3200,700,8400,3200,700,8400,0,832000,182000,2184000,832000,182000,2184000,0,,,0,0,0,11800,11800,0,5.2,3.5,3.9,3.7,8,9.9,8.8
"2026/02/10","2026/02/13","3189","ＡＮＡＰ","東証およびＰＴＳ",,"確報",100,0,27300,0,0,0,27300,25900,0,7070700,0,0,0,7070700,,,0,0,244800,0,0,0,105.5,105.5,105.5,105.5,0,0,0
"2026/02/10","2026/02/13","318A","ＶＩＸ先物ＥＴＦ","東証およびＰＴＳ",,"確報",56030,100050,684830,0,0,0,684830,30244994,54006990,369671234,0,0,0,369671234,,,0,0,0,5393490,0,0,13.1,17.3,10.5,13.1,0,0,0
"2026/02/10","2026/02/13","3190","ホットマン","東証およびＰＴＳ",,"確報",0,0,100,0,0,0,100,0,0,57200,0,0,0,57200,,,0,0,0,0,0,0,4,2,0,4,0,0,0
"2026/02/10","2026/02/13","3191","ジョイフル本田","東証およびＰＴＳ",,"確報",1200,100,13000,0,200,65600,-52600,2648400,220700,28691000,0,441400,144779200,-116088200,,,0,0,404600,0,0,2237200,32.4,5.9,63.3,10.9,30.7,126.2,49.4
"2026/02/10","2026/02/13","3192","白鳩","東証およびＰＴＳ",,"確報",0,0,1000,0,0,0,1000,0,0,293000,0,0,0,293000,,,0,0,1000,0,0,0,35.3,0,17.7,35.3,0,0,0
"2026/02/10","2026/02/13","3193","エターナルホスピＧ","東証およびＰＴＳ",,"確報",5700,2700,8500,300,1100,7100,1400,19636500,9301500,29282500,1033500,3789500,24459500,4823000,,,0,0,192500,0,0,276500,6.6,3.6,4.8,4.2,62.1,6.5,11.8
"2026/02/10","2026/02/13","3195","ジェネレーションパス","東証およびＰＴＳ",,"確報",4300,4100,55000,200,1400,129500,-74500,2442400,2328800,31240000,113600,795200,73556000,-42316000,,,0,0,2192000,0,0,5228000,54.2,19,38.6,25.5,71.7,153.6,97.7
"2026/02/10","2026/02/13","3196","ホットランドＨＤ","東証およびＰＴＳ",,"確報",0,1800,32500,0,5600,87000,-54500,0,3542400,63960000,0,11020800,171216000,-107256000,,,0,0,205800,0,0,555600,45.1,136.4,24,40.8,115.3,29.6,47.1
"2026/02/10","2026/02/13","3197","すかいらーくＨＤ","東証およびＰＴＳ",,"確報",1000,2100,24800,10400,200,123100,-98300,3435000,7213500,85188000,35724000,687000,422848500,-337660500,,,0,0,1191400,0,0,5193400,7.1,6.6,6.9,6.7,4.3,21.9,7.2
"2026/02/10","2026/02/13","3198","ＳＦＰ","東証およびＰＴＳ",,"確報",0,0,300,0,0,0,300,0,0,680700,0,0,0,680700,,,0,0,1200,0,0,0,1.9,2.6,1.4,1.9,0,0,0
"2026/02/10","2026/02/13","3199","綿半ホールディングス","東証およびＰＴＳ",,"確報",100,200,2800,0,100,2800,0,148500,297000,4158000,0,148500,4158000,0,,,0,0,52200,0,0,52200,41.7,29.2,24.3,26.5,146,73,97.3
"2026/02/10","2026/02/13","319A","技術承継機構","東証およびＰＴＳ",,"確報",600,100,7100,0,0,0,7100,5982000,997000,70787000,0,0,0,70787000,,,0,0,1386000,0,0,0,29.8,20.2,57.2,29.8,0,0,0
"2026/02/10","2026/02/13","3201","日本毛織","東証およびＰＴＳ",,"確報",2000,400,16300,2100,8600,42800,-26500,3982000,796400,32453300,4181100,17122600,85214800,-52761500,,,0,0,514500,0,0,1725500,14.9,18.7,22.1,20.2,34.3,8.7,13.8
"2026/02/10","2026/02/13","3202","ダイトウボウ","東証およびＰＴＳ",,"確報",0,400,9100,0,0,0,9100,0,52800,1201200,0,0,0,1201200,,,0,0,19000,0,0,0,9.1,10.6,7.9,9.1,0,0,0
"2026/02/10","2026/02/13","3204","トーア紡コーポ","東証およびＰＴＳ",,"確報",3100,2100,94000,0,1100,3300,90700,1581000,1071000,47940000,0,561000,1683000,46257000,,,0,0,93000,0,0,4400,36.6,39.6,35.2,37.3,41.8,19,26.1
"2026/02/10","2026/02/13","3205","ダイドーリミテッド","東証およびＰＴＳ",,"確報",2900,134800,22900,7400,3500,313900,-291000,3546700,164860400,28006700,9050200,4280500,383899700,-355893000,,,0,0,0,15015600,30070000,0,16.5,38.8,3.9,7.1,31.8,187.4,54.4
"2026/02/10","2026/02/13","3221","ヨシックスＨＤ","東証およびＰＴＳ",,"確報",2400,0,5100,400,1200,31900,-26800,8220000,0,17467500,1370000,4110000,109257500,-91790000,,,0,0,297000,0,0,3597000,26.8,4.9,6.7,5.7,47.2,42.1,44.5
"2026/02/10","2026/02/13","3222","Ｕ．Ｓ．Ｍ．Ｈ","東証およびＰＴＳ",,"確報",200,2400,9100,200,0,2500,6600,195600,2347200,8899800,195600,0,2445000,6454800,,,0,0,124300,0,0,25300,9.7,20.2,6.1,9.4,19.9,7.7,11.1
"2026/02/10","2026/02/13","3223","エスエルディー","東証およびＰＴＳ",,"確報",0,0,100,0,0,0,100,0,0,101100,0,0,0,101100,,,0,0,100,0,0,0,0,0,0,0,0,0,0
"2026/02/10","2026/02/13","3224","ゼネラル・オイスター","東証およびＰＴＳ",,"確報",0,0,1000,0,0,0,1000,0,0,847000,0,0,0,847000,,,0,0,2000,0,0,0,0,0,0,0,0,0,0
"2026/02/10","2026/02/13","3226","Ｒ－三井不アコモ","東証およびＰＴＳ",,"確報",0,0,423,34,28,291,132,0,0,59008500,4743000,3906000,40594500,18414000,,,0,0,549900,0,0,370500,17.4,20.9,25.7,23,12.4,12.2,12.3
"2026/02/10","2026/02/13","3231","野村不動産ＨＤ","東証およびＰＴＳ",,"確報",400,1300,46000,6000,2800,25100,20900,441400,1434550,50761000,6621000,3089800,27697850,23063150,,,0,0,398650,0,0,186150,13.8,16.1,26,19.9,17,5.9,8.8
"2026/02/10","2026/02/13","3232","三重交通グループＨＤ","東証およびＰＴＳ",,"確報",0,4200,25600,0,4600,14400,11200,0,2457000,14976000,0,2691000,8424000,6552000,,,0,0,0,119200,76000,0,4.9,10.6,9.5,10,3.7,3.2,3.4
"2026/02/10","2026/02/13","3234","Ｒ－森ヒルズ","東証およびＰＴＳ",,"確報",0,31,96,12,0,1085,-989,0,4597300,14236800,1779600,0,160905500,-146668700,,,0,0,114300,0,0,965700,49.6,11.5,6.1,8,73.4,0,146.8
"2026/02/10","2026/02/13","3236","プロパスト","東証およびＰＴＳ",,"確報",1700,0,39000,0,0,0,39000,669800,0,15366000,0,0,0,15366000,,,0,0,186500,0,0,0,36.2,18.3,1844,36.2,0,0,0
"2026/02/10","2026/02/13","3237","イントランス","東証およびＰＴＳ",,"確報",22000,0,144000,0,0,0,144000,1452000,0,9504000,0,0,0,9504000,,,0,0,0,122000,0,0,39.4,24.8,94.9,39.4,0,0,0
"2026/02/10","2026/02/13","3238","セントラル総合開発","東証およびＰＴＳ",,"確報",300,0,3800,0,0,0,3800,126000,0,1596000,0,0,0,1596000,,,0,0,3500,0,0,0,118.7,59.3,0,118.7,0,0,0
"2026/02/10","2026/02/13","323A","フライヤー","東証およびＰＴＳ",,"確報",0,0,2600,0,0,0,2600,0,0,1198600,0,0,0,1198600,,,0,0,5200,0,0,0,64.5,129,43,64.5,0,0,0
"2026/02/10","2026/02/13","3241","ウィル","東証およびＰＴＳ",,"確報",0,100,2700,0,0,100,2600,0,59600,1609200,0,0,59600,1549600,,,0,0,16800,0,0,600,20.9,161,13.4,24.8,0,2,4
"2026/02/10","2026/02/13","3242","アーバネット","東証およびＰＴＳ",,"確報",1000,2200,26000,0,1200,26000,0,572000,1258400,14872000,0,686400,14872000,0,,,0,0,108800,0,0,108800,12.7,8.1,18.9,11.3,9.5,29.7,14.4
"2026/02/10","2026/02/13","3245","ディア・ライフ","東証およびＰＴＳ",,"確報",1500,331400,45300,0,200,3800,41500,1659000,366528400,50101800,0,221200,4202800,45899000,,,0,0,375200,0,0,4000,2,2.6,1.5,1.9,7.5,5.9,6.6
"2026/02/10","2026/02/13","3246","コーセーアールイー","東証およびＰＴＳ",,"確報",600,0,2900,0,0,0,2900,401400,0,1940100,0,0,0,1940100,,,0,0,11500,0,0,0,34.6,20.2,121,34.6,0,0,0
"2026/02/10","2026/02/13","3248","アールエイジ","東証およびＰＴＳ",,"確報",0,0,3200,0,0,0,3200,0,0,2809600,0,0,0,2809600,,,0,0,9600,0,0,0,156,78,0,156,0,0,0
"2026/02/10","2026/02/13","3249","Ｒ－産業ファ","東証およびＰＴＳ",,"確報",3,5,186,0,35,153,33,450000,750000,27900000,0,5250000,22950000,4950000,,,0,0,0,75200,75200,0,17.4,29,11.4,16.4,299.3,9.7,18.7
"2026/02/10","2026/02/13","324A","ブッキングリゾート","東証およびＰＴＳ",,"確報",200,100,13000,0,0,0,13000,210800,105400,13702000,0,0,0,13702000,,,0,0,103200,0,0,0,40.2,22.3,201,40.2,0,0,0
"2026/02/10","2026/02/13","3252","地主","東証およびＰＴＳ",,"確報",0,4900,38800,100,900,17200,21600,0,17395000,137740000,355000,3195000,61060000,76680000,,,0,0,2185000,0,0,900000,31.8,254.7,17.8,33.2,22.7,38.2,28.5
"2026/02/10","2026/02/13","325A","ＴＥＮＴＩＡＬ","東証およびＰＴＳ",,"確報",5800,7100,458900,100,1400,458900,0,22533000,27583500,1782826500,388500,5439000,1782826500,0,,,0,0,34515000,0,0,34515000,310.6,171.6,171.6,171.6,1642,1642,1642
"2026/02/10","2026/02/13","3261","グランディーズ","東証およびＰＴＳ",,"確報",100,300,8100,0,0,0,8100,51700,155100,4187700,0,0,0,4187700,,,0,0,132800,0,0,0,52.9,450,28.1,52.9,0,0,0
"2026/02/10","2026/02/13","3266","ファンドクリエＧ","東証およびＰＴＳ",,"確報",100,7300,165700,0,0,0,165700,9000,657000,14913000,0,0,0,14913000,,,0,0,345800,0,0,0,49.3,47.6,51.2,49.3,0,0,0
"2026/02/10","2026/02/13","3267","フィル・カンパニー","東証およびＰＴＳ",,"確報",0,500,5300,0,0,0,5300,0,522500,5538500,0,0,0,5538500,,,0,0,17400,0,0,0,44.5,96.3,28.9,44.5,0,0,0
"2026/02/10","2026/02/13","3269","Ｒ－ＡＤＲ","東証およびＰＴＳ",,"確報",0,0,105,5,0,39,66,0,0,17944500,854500,0,6665100,11279400,,,0,0,115500,0,0,37400,45.9,0,42.9,85.8,33.2,14.2,19.9
"2026/02/10","2026/02/13","3271","ＴＨＥグローバル社","東証およびＰＴＳ",,"確報",1900,290200,1835100,0,2800,10200,1824900,1789800,273368400,1728664200,0,2637600,9608400,1719055800,,,0,0,65825400,0,0,403000,17.9,969.8,9,17.9,11,12.7,11.8
"2026/02/10","2026/02/13","3276","ＪＰＭＣ","東証およびＰＴＳ",,"確報",0,0,10300,0,300,8500,1800,0,0,13410600,0,390600,11067000,2343600,,,0,0,20600,0,0,17600,95,0,88.8,177.7,0,30.9,61.9
"2026/02/10","2026/02/13","3277","サンセイランディック","東証およびＰＴＳ",,"確報",0,0,3200,0,300,1500,1700,0,0,4348800,0,407700,2038500,2310300,,,0,0,3200,0,0,1800,21.5,0,0,0,12.3,6.1,8.2
"2026/02/10","2026/02/13","3279","アクティビア・プロパ","東証およびＰＴＳ",,"確報",94,2,119,0,0,182,-63,13846200,294600,17528700,0,0,26808600,-9279900,,,0,0,5400,0,0,36400,6.9,2.6,2.4,2.5,0,304.3,608.7
"2026/02/10","2026/02/13","3280","エストラスト","東証およびＰＴＳ",,"確報",0,200,5700,0,0,0,5700,0,230200,6560700,0,0,0,6560700,,,0,0,53100,0,0,0,73.5,147,49,73.5,0,0,0
"2026/02/10","2026/02/13","3281","ＧＬＰ投法人投資証券","東証およびＰＴＳ",,"確報",81,0,600,0,0,40,560,11542500,0,85500000,0,0,5700000,79800000,,,0,0,0,207600,16000,0,11.3,11.6,31.6,17,3.4,2.7,3
"2026/02/10","2026/02/13","3282","コンフォリアレジデン","東証およびＰＴＳ",,"確報",0,1,182,26,0,87,95,0,111400,20274800,2896400,0,9691800,10583000,,,0,0,109800,0,0,36600,5.9,3.6,6.6,4.7,12.6,8.5,10.2
"2026/02/10","2026/02/13","3283","日本プロロジスリート","東証およびＰＴＳ",,"確報",0,35,152,0,0,73,79,0,3209500,13938400,0,0,6694100,7244300,,,0,0,0,56100,21900,0,25.6,89.6,11.8,20.8,74.6,46.6,57.4
"2026/02/10","2026/02/13","3284","フージャースＨＤ","東証およびＰＴＳ",,"確報",8300,200,89200,0,0,2900,86300,11537000,278000,123988000,0,0,4031000,119957000,,,0,0,1540900,0,0,55100,32.5,30.4,34.4,32.3,20.7,0,41.4
"2026/02/10","2026/02/13","3286","トラストホールディン","東証およびＰＴＳ",,"確報",3300,0,3800,0,0,0,3800,3184500,0,3667000,0,0,0,3667000,,,0,0,0,19500,0,0,3.5,1.8,0,3.5,0,0,0
"2026/02/10","2026/02/13","3287","星野リゾート・リート","東証およびＰＴＳ",,"確報",1,1,94,0,0,32,62,261500,261500,24581000,0,0,8368000,16213000,,,0,0,235000,0,0,80000,210.3,471,94.2,157,0,0,0
"2026/02/10","2026/02/13","3288","オープンハウスＧ","東証およびＰＴＳ",,"確報",3400,0,5900,2800,3600,34100,-28200,32453000,0,56315500,26726000,34362000,325484500,-269169000,,,0,0,530000,0,0,7398800,15.9,3.4,7.7,4.7,20.8,19.7,20.3
"2026/02/10","2026/02/13","3289","東急不動産ＨＤ","東証およびＰＴＳ",,"確報",2200,1700,61600,7300,6800,61600,0,3437500,2656250,96250000,11406250,10625000,96250000,0,,,0,0,4185350,0,0,4185350,17.6,14.6,25,18.5,13.6,22.2,16.9
"2026/02/10","2026/02/13","328A","ＧＸ価格パワー日株","東証およびＰＴＳ",,"確報",0,0,992,0,0,0,992,0,0,1386816,0,0,0,1386816,,,0,0,26784,0,0,0,8,4,0,8,0,0,0
"2026/02/10","2026/02/13","3290","Ｒ－Ｏｎｅリート","東証およびＰＴＳ",,"確報",11,7,381,0,0,7,374,1003200,638400,34747200,0,0,638400,34108800,,,0,0,0,150800,2800,0,22.3,74.7,12.9,22,0,0,0
"2026/02/10","2026/02/13","3291","飯田グループＨＤ","東証およびＰＴＳ",,"確報",7700,400,20900,1100,400,24500,-3600,21094150,1095800,57255550,3013450,1095800,67117750,-9862200,,,0,0,1060800,0,0,1856400,12.7,5.9,18.2,8.9,28.5,11.4,16.3
"2026/02/10","2026/02/13","3292","イオンリート投資法人","東証およびＰＴＳ",,"確報",0,8,63,3,0,39,24,0,1091200,8593200,409200,0,5319600,3273600,,,0,0,56800,0,0,28800,24.7,47.1,15.1,22.8,24,38.4,29.5
"2026/02/10","2026/02/13","3293","アズマハウス","東証およびＰＴＳ",,"確報",0,100,200,0,0,0,200,0,78700,157400,0,0,0,157400,,,0,0,900,0,0,0,6,4.5,9,6,0,0,0
"2026/02/10","2026/02/13","3294","イーグランド","東証およびＰＴＳ",,"確報",0,200,2200,0,300,2100,100,0,449200,4941200,0,673800,4716600,224600,,,0,0,14400,0,0,14400,15.4,35.8,7.9,13,0,9.5,18.9
"2026/02/10","2026/02/13","3295","ヒューリックリート","東証およびＰＴＳ",,"確報",1,22,45,19,0,45,0,173500,3817000,7807500,3296500,0,7807500,0,,,0,0,0,0,0,0,13.2,33.9,8,13,8,50.7,13.8
"2026/02/10","2026/02/13","3296","Ｒ－日本リート","東証およびＰＴＳ",,"確報",0,278,463,0,0,7,456,0,27049400,45049900,0,0,681100,44368800,,,0,0,0,148200,1400,0,9.3,9.3,9.4,9.4,6.8,6.8,6.8
"2026/02/10","2026/02/13","3297","東武住販","東証およびＰＴＳ",,"確報",100,0,5900,0,0,0,5900,125400,0,7398600,0,0,0,7398600,,,0,0,0,0,0,0,114,95,142.5,114,0,0,0
"2026/02/10","2026/02/13","3299","ムゲンエステート","東証およびＰＴＳ",,"確報",0,5500,54800,400,0,2800,52000,0,12424500,123793200,903600,0,6325200,117468000,,,0,0,783900,0,0,31200,33,76.1,24,36.5,9.4,11,10.2
"2026/02/10","2026/02/13","3300","アンビションＤＸ","東証およびＰＴＳ",,"確報",0,0,42600,0,0,0,42600,0,0,101515800,0,0,0,101515800,,,0,0,3280200,0,0,0,282,176.3,705,282,0,0,0
"2026/02/10","2026/02/13","3302","帝国繊維","東証およびＰＴＳ",,"確報",1200,1300,10000,3000,100,32000,-22000,3924000,4251000,32700000,9810000,327000,104640000,-71940000,,,0,0,808000,0,0,2328000,19.2,18.6,7.9,11.1,25.1,29.8,27.2
"2026/02/10","2026/02/13","3306","日本製麻","東証およびＰＴＳ",,"確報",0,0,485300,0,0,0,485300,0,0,343107100,0,0,0,343107100,,,0,0,485300,0,0,0,4415.1,0,2207.5,4415.1,0,0,0
"2026/02/10","2026/02/13","3309","積水ハウスリート","東証およびＰＴＳ",,"確報",5,0,190,0,6,61,129,461000,0,17518000,0,553200,5624200,11893800,,,0,0,0,148000,53600,0,52,38,152,60.8,55.8,27.9,37.2
"2026/02/10","2026/02/13","330A","ＴａｌｅｎｔＸ","東証およびＰＴＳ",,"確報",1700,0,18300,0,0,0,18300,1405900,0,15134100,0,0,0,15134100,,,0,0,448200,0,0,0,19.5,16.5,23.8,19.5,0,0,0
"2026/02/10","2026/02/13","3315","日本コークス工業","東証およびＰＴＳ",,"確報",105000,47900,231100,55500,31400,437500,-206400,13125000,5987500,28887500,6937500,3925000,54687500,-25800000,,,0,0,348000,0,0,826800,3.9,1.8,2.4,2.1,5.3,8.4,6.5
"2026/02/10","2026/02/13","3317","フライングガーデン","東証およびＰＴＳ",,"確報",600,0,900,0,0,0,900,975600,0,1463400,0,0,0,1463400,,,0,0,3300,0,0,0,7,3.5,0,7,0,0,0
"2026/02/10","2026/02/13","331A","メディックス","東証およびＰＴＳ",,"確報",0,0,3800,0,0,0,3800,0,0,2063400,0,0,0,2063400,,,0,0,0,7600,0,0,41.6,187,23.4,41.6,0,0,0
"2026/02/10","2026/02/13","3320","クロスプラス","東証およびＰＴＳ",,"確報",1300,1300,3900,100,100,3900,0,1860300,1860300,5580900,143100,143100,5580900,0,,,0,0,23400,0,0,23400,8.9,16.7,4.9,7.6,44.5,6.1,10.7
"2026/02/10","2026/02/13","3321","ミタチ産業","東証およびＰＴＳ",,"確報",0,100,7600,0,0,0,7600,0,221800,16856800,0,0,0,16856800,,,0,0,254100,0,0,0,62,61.8,92.8,74.2,1,1,1
"2026/02/10","2026/02/13","3323","レカム","東証およびＰＴＳ",,"確報",52200,48200,589100,0,0,0,589100,6264000,5784000,70692000,0,0,0,70692000,,,0,0,2340400,0,0,0,13.8,12.5,15.4,13.8,0,0,0
"2026/02/10","2026/02/13","3326","ランシステム","東証およびＰＴＳ",,"確報",400,0,1600,0,0,0,1600,312000,0,1248000,0,0,0,1248000,,,0,0,0,0,0,0,13.6,15,12.5,13.6,0,0,0
"2026/02/10","2026/02/13","3329","東和フードサービス","東証およびＰＴＳ",,"確報",200,100,3200,100,0,3200,0,422400,211200,6758400,211200,0,6758400,0,,,0,0,6200,0,0,6200,23.1,34.6,13.3,19.2,86.5,17.3,28.8
"2026/02/10","2026/02/13","332A","ミーク","東証およびＰＴＳ",,"確報",500,2000,30500,0,0,0,30500,596500,2386000,36386500,0,0,0,36386500,,,0,0,1120000,0,0,0,10,10.7,9.4,10,0,0,0
"2026/02/10","2026/02/13","3333","あさひ","東証およびＰＴＳ",,"確報",500,5600,12700,0,3000,14800,-2100,651000,7291200,16535400,0,3906000,19269600,-2734200,,,0,0,231400,0,0,231400,12.6,10.7,10.2,10.5,13.2,19.6,15.8
"2026/02/10","2026/02/13","3349","コスモス薬品","東証およびＰＴＳ",,"確報",300,700,27000,300,0,4100,22900,2181600,5090400,196344000,2181600,0,29815200,166528800,,,0,0,301400,0,0,41800,68.6,469.7,47,85.4,40.6,22.6,29
"2026/02/10","2026/02/13","334A","ＶＰＪ","東証およびＰＴＳ",,"確報",0,200,4100,0,0,0,4100,0,363600,7453800,0,0,0,7453800,,,0,0,86000,0,0,0,29.4,25.8,34.3,29.4,0,0,0
"2026/02/10","2026/02/13","3350","メタプラネット","東証およびＰＴＳ",,"確報",700,122200,4288500,0,0,0,4288500,250600,43747600,1535283000,0,0,0,1535283000,,,0,0,13230000,0,0,0,59.6,75.3,49.4,59.6,0,0,0
"2026/02/10","2026/02/13","3352","バッファロー","東証およびＰＴＳ",,"確報",0,0,700,0,0,0,700,0,0,1179500,0,0,0,1179500,,,0,0,0,0,0,0,0,0,0,0,0,0,0
"2026/02/10","2026/02/13","3353","メディ一光Ｇ","東証およびＰＴＳ",,"確報",0,0,1600,0,0,0,1600,0,0,4896000,0,0,0,4896000,,,0,0,128000,0,0,0,0,0,0,0,0,0,0
"2026/02/10","2026/02/13","3355","クリヤマＨＤ","東証およびＰＴＳ",,"確報",200,0,7300,0,0,0,7300,353000,0,12884500,0,0,0,12884500,,,0,0,149100,0,0,0,60.5,121,40.3,60.5,0,0,0
"2026/02/10","2026/02/13","3358","Ｔｒａｉｌｈｅａｄ","東証およびＰＴＳ",,"確報",1000,100,286600,0,0,0,286600,98000,9800,28086800,0,0,0,28086800,,,0,0,571400,0,0,0,922.2,1429.4,680.7,922.2,0,0,0
"2026/02/10","2026/02/13","3359","ｃｏｔｔａ","東証およびＰＴＳ",,"確報",900,12600,6900,1900,200,6900,0,452700,6337800,3470700,955700,100600,3470700,0,,,0,0,148800,0,0,41600,9,90.3,4.1,7.9,12.5,19.6,15.3
"2026/02/10","2026/02/13","335A","ミライロ","東証およびＰＴＳ",,"確報",200,0,1100,0,0,0,1100,88000,0,484000,0,0,0,484000,,,0,0,13500,0,0,0,11.3,7.5,22.5,11.3,0,0,0
"2026/02/10","2026/02/13","3360","シップヘルスケアＨＤ","東証およびＰＴＳ",,"確報",300,0,900,900,100,17500,-16600,841500,0,2524500,2524500,280500,49087500,-46563000,,,0,0,15300,0,0,425850,4,2.9,3.8,3.3,2.1,91,4.1
"2026/02/10","2026/02/13","3361","トーエル","東証およびＰＴＳ",,"確報",1000,0,2400,0,0,0,2400,865000,0,2076000,0,0,0,2076000,,,0,0,0,4200,0,0,16,8,0,16,0,0,0
"2026/02/10","2026/02/13","336A","ダイナミクマップ","東証およびＰＴＳ",,"確報",2200,900,77100,0,0,0,77100,1361800,557100,47724900,0,0,0,47724900,,,0,0,2046600,0,0,0,52.6,51.5,53.7,52.6,0,0,0
"2026/02/10","2026/02/13","3370","フジタコーポ","東証およびＰＴＳ",,"確報",0,0,6100,0,0,0,6100,0,0,2879200,0,0,0,2879200,,,0,0,73200,0,0,0,76.5,306,43.7,76.5,0,0,0
"2026/02/10","2026/02/13","3371","ソフトクリエイトＨＤ","東証およびＰＴＳ",,"確報",800,0,9600,100,0,3100,6500,1608800,0,19305600,201100,0,6234100,13071500,,,0,0,0,193600,66000,0,65.7,36.6,109.8,54.9,152,152,152
"2026/02/10","2026/02/13","3372","関門海","東証およびＰＴＳ",,"確報",0,0,9100,0,0,0,9100,0,0,2056600,0,0,0,2056600,,,0,0,0,18200,0,0,52.3,235.5,29.4,52.3,0,0,0
"2026/02/10","2026/02/13","3374","内外テック","東証およびＰＴＳ",,"確報",200,200,3400,0,0,3400,0,498200,498200,8469400,0,0,8469400,0,,,0,0,0,95200,95200,0,14.6,7.7,12.2,9.4,18.3,146,32.4
"2026/02/10","2026/02/13","3375","ＺＯＡ","東証およびＰＴＳ",,"確報",500,0,800,0,0,0,800,967500,0,1548000,0,0,0,1548000,,,0,0,0,4200,0,0,5.1,3,18,5.1,0,0,0
"2026/02/10","2026/02/13","3377","バイク王＆カンパニー","東証およびＰＴＳ",,"確報",0,0,7300,0,0,0,7300,0,0,2920000,0,0,0,2920000,,,0,0,7300,0,0,0,143.6,89.8,359,143.6,0,0,0
"2026/02/10","2026/02/13","3382","セブン＆アイＨＤ","東証およびＰＴＳ",,"確報",1000,8000,71600,19400,300,32000,39600,2327500,18620000,166649000,45153500,698250,74480000,92169000,,,0,0,0,510900,83850,0,10.3,51.5,8.8,15,1.5,20.6,2.7
"2026/02/10","2026/02/13","3386","コスモ・バイオ","東証およびＰＴＳ",,"確報",0,0,2500,100,0,600,1900,0,0,3285000,131400,0,788400,2496600,,,0,0,25000,0,0,5000,44.3,125,125,125,30,7.5,12
"2026/02/10","2026/02/13","3387","クリエイトレストラン","東証およびＰＴＳ",,"確報",200,46300,225400,3600,2900,290100,-64700,152000,35188000,171304000,2736000,2204000,220476000,-49172000,,,0,0,3258000,0,0,3472800,15.1,9.9,6.7,8,89.3,93.4,91.3
"2026/02/10","2026/02/13","3388","明治電機工業","東証およびＰＴＳ",,"確報",100,200,2500,100,200,2500,0,242400,484800,6060000,242400,484800,6060000,0,,,0,0,67600,0,0,67600,8.9,5.8,6.4,6.1,14.9,19.1,16.8
"2026/02/10","2026/02/13","338A","ＺｅｎｍｕＴｅｃｈ","東証およびＰＴＳ",,"確報",0,700,23800,0,0,0,23800,0,4130000,140420000,0,0,0,140420000,,,0,0,2940000,0,0,0,43.7,97.5,28.2,43.7,0,0,0
"2026/02/10","2026/02/13","3391","ツルハＨＤ","東証およびＰＴＳ",,"確報",1200,700,16000,0,0,0,16000,3090600,1802850,41208000,0,0,0,41208000,,,0,0,108500,0,0,0,21.8,39,15.1,21.8,0,0,0
"2026/02/10","2026/02/13","3392","デリカフーズＨＤ","東証およびＰＴＳ",,"確報",0,100,7200,0,0,0,7200,0,92900,6688800,0,0,0,6688800,,,0,0,51100,0,0,0,42.4,33.9,56.5,42.4,0,0,0
"2026/02/10","2026/02/13","3393","スターティアＨＤ","東証およびＰＴＳ",,"確報",0,400,2000,200,0,500,1500,0,1124800,5624000,562400,0,1406000,4218000,,,0,0,69600,0,0,8700,5.2,5.2,5.9,5.5,3,5,3.8
"2026/02/10","2026/02/13","3395","サンマルクＨＤ","東証およびＰＴＳ",,"確報",100,800,2700,700,700,4900,-2200,305000,2440000,8235000,2135000,2135000,14945000,-6710000,,,0,0,241400,0,0,347900,7.1,5.3,6.5,5.9,6.5,10.9,8.2
"2026/02/10","2026/02/13","3396","フェリシモ","東証およびＰＴＳ",,"確報",0,0,100,0,0,0,100,0,0,86800,0,0,0,86800,,,0,0,0,200,0,0,14,0,7,14,0,0,0
"2026/02/10","2026/02/13","3397","トリドールＨＤ","東証およびＰＴＳ",,"確報",2400,2500,12400,600,700,12400,0,10420800,10855000,53840800,2605200,3039400,53840800,0,,,0,0,1100000,0,0,1100000,20.1,12.4,15.6,13.8,28.2,53.9,37.1
"2026/02/10","2026/02/13","3399","丸千代山岡家","東証およびＰＴＳ",,"確報",40200,44800,57600,1100,1100,57600,0,144519000,161056000,207072000,3954500,3954500,207072000,0,,,0,0,4043000,0,0,3744000,4.2,2.4,2,2.2,183.8,61.3,91.9
"2026/02/10","2026/02/13","339A","プログレス","東証およびＰＴＳ",,"確報",0,300,8400,0,0,0,8400,0,463500,12978000,0,0,0,12978000,,,0,0,165300,0,0,0,30.5,65.3,19.9,30.5,0,0,0
"2026/02/10","2026/02/13","3401","帝人","東証およびＰＴＳ",,"確報",2200,2800,50600,100,700,50600,0,3672900,4674600,84476700,166950,1168650,84476700,0,,,0,0,2816000,0,0,2816000,9.9,7,7.4,7.2,14.8,16.8,15.8
"2026/02/10","2026/02/13","3402","東レ","東証およびＰＴＳ",,"確報",40200,30500,191400,10200,4300,58400,133000,50169600,38064000,238867200,12729600,5366400,72883200,165984000,,,0,0,0,1362750,393750,0,8.4,5.6,15.5,8.2,8.6,10.1,9.3
"2026/02/10","2026/02/13","3405","クラレ","東証およびＰＴＳ",,"確報",21400,200,58900,200,2600,19100,39800,38006400,355200,104606400,355200,4617600,33921600,70684800,,,0,0,0,301600,172000,0,11,5.5,41,9.7,11.8,20.6,15
"2026/02/10","2026/02/13","3407","旭化成","東証およびＰＴＳ",,"確報",4700,9700,54900,0,5000,54900,0,8156850,16834350,95278950,0,8677500,95278950,0,,,0,0,0,838600,838600,0,4.7,6.1,8.1,7,2.2,4.9,3.1
"2026/02/10","2026/02/13","3409","北紡","東証およびＰＴＳ",,"確報",0,0,952700,0,0,0,952700,0,0,131472600,0,0,0,131472600,,,0,0,0,1905400,0,0,0,0,0,0,0,0,0
"2026/02/10","2026/02/13","340A","ジグザグ","東証およびＰＴＳ",,"確報",3600,0,31300,0,0,0,31300,1357200,0,11800100,0,0,0,11800100,,,0,0,221600,0,0,0,47.2,25.3,354.3,47.2,0,0,0
"2026/02/10","2026/02/13","3415","ＴＯＫＹＯ　ＢＡＳＥ","東証およびＰＴＳ",,"確報",1100,1400,108600,1200,0,6500,102100,442200,562800,43657200,482400,0,2613000,41044200,,,0,0,980100,0,0,47700,4.5,23.6,2.6,4.6,3.2,2.7,2.9
"2026/02/10","2026/02/13","3416","ピクスタ","東証およびＰＴＳ",,"確報",0,300,1500,0,0,0,1500,0,277200,1386000,0,0,0,1386000,,,0,0,23400,0,0,0,58,0,29,58,0,0,0
"2026/02/10","2026/02/13","3417","大木ヘルスケア","東証およびＰＴＳ",,"確報",0,100,421400,0,0,0,421400,0,133000,560462000,0,0,0,560462000,,,0,0,8008500,0,0,0,21.4,17.8,26.7,21.4,0,0,0
"2026/02/10","2026/02/13","3418","バルニバービ","東証およびＰＴＳ",,"確報",100,3800,22900,0,0,0,22900,109400,4157200,25052600,0,0,0,25052600,,,0,0,345800,0,0,0,22.9,35.9,16.8,22.9,0,0,0
"2026/02/10","2026/02/13","341A","トヨコー","東証およびＰＴＳ",,"確報",400,1400,23900,0,0,0,23900,1016000,3556000,60706000,0,0,0,60706000,,,0,0,3436200,0,0,0,72.9,112.7,53.9,72.9,0,0,0
"2026/02/10","2026/02/13","3420","ケー・エフ・シー","東証およびＰＴＳ",,"確報",0,0,100,0,0,0,100,0,0,162200,0,0,0,162200,,,0,0,1000,0,0,0,0,0,0,0,0,0,0
"2026/02/10","2026/02/13","3421","稲葉製作所","東証およびＰＴＳ",,"確報",0,300,500,0,0,0,500,0,495000,825000,0,0,0,825000,,,0,0,8800,0,0,0,8.2,0,4.1,8.2,0,0,0
"2026/02/10","2026/02/13","3422","Ｊ－ＭＡＸ","東証およびＰＴＳ",,"確報",0,200,9900,0,300,100,9800,0,89600,4435200,0,134400,44800,4390400,,,0,0,20200,0,0,800,21.3,112,13,23.3,15,3,5
"2026/02/10","2026/02/13","3423","エスイー","東証およびＰＴＳ",,"確報",1000,600,22700,0,0,2400,20300,291000,174600,6605700,0,0,698400,5907300,,,0,0,44600,0,0,4800,81.3,103.8,63.4,78.8,59,0,118
"2026/02/10","2026/02/13","3426","アトムリビンテック","東証およびＰＴＳ",,"確報",0,0,0,0,0,0,0,0,0,0,0,0,0,0,,,0,0,0,0,0,0,0,0,0,0,0,0,0
"2026/02/10","2026/02/13","3431","宮地エンジニアリング","東証およびＰＴＳ",,"確報",900,7100,13000,600,0,19800,-6800,1765800,13930200,25506000,1177200,0,38847600,-13341600,,,0,0,0,979200,979200,0,23.7,31.2,10,15.1,45.6,55.8,50.2
"2026/02/10","2026/02/13","3433","トーカロ","東証およびＰＴＳ",,"確報",0,3400,42400,4900,0,30100,12300,0,9428200,117575200,13587700,0,83467300,34107900,,,0,0,3068600,0,0,1688400,8,6.7,7.4,7,14.5,8.3,10.5
"2026/02/10","2026/02/13","3434","アルファＣｏ","東証およびＰＴＳ",,"確報",0,0,900,0,0,0,900,0,0,1160100,0,0,0,1160100,,,0,0,7200,0,0,0,0,0,0,0,0,0,0
"2026/02/10","2026/02/13","3435","サンコーテクノ","東証およびＰＴＳ",,"確報",100,0,300,0,0,0,300,140500,0,421500,0,0,0,421500,,,0,0,2400,0,0,0,7.2,18,4.5,7.2,0,0,0
"2026/02/10","2026/02/13","3436","ＳＵＭＣＯ","東証およびＰＴＳ",,"確報",6900,17300,187200,16500,32800,89900,97300,12175050,30525850,330314400,29114250,57875600,158628550,171685850,,,0,0,13832000,0,0,7434000,12,26.4,15.2,19.3,6.2,6.4,6.3
"2026/02/10","2026/02/13","3437","特殊電極","東証およびＰＴＳ",,"確報",100,0,600,0,0,0,600,330500,0,1983000,0,0,0,1983000,,,0,0,0,30000,0,0,52,26,0,52,0,0,0
"2026/02/10","2026/02/13","3439","三ツ知","東証およびＰＴＳ",,"確報",100,100,3900,0,0,0,3900,64400,64400,2511600,0,0,0,2511600,,,0,0,27300,0,0,0,128,96,192,128,0,0,0
"2026/02/10","2026/02/13","343A","ＩＡＣＥトラベル","東証およびＰＴＳ",,"確報",0,0,3300,0,0,0,3300,0,0,4933500,0,0,0,4933500,,,0,0,19800,0,0,0,166,0,83,166,0,0,0
"2026/02/10","2026/02/13","3440","日創グループ","東証およびＰＴＳ",,"確報",0,0,2900,0,0,0,2900,0,0,2900000,0,0,0,2900000,,,0,0,0,0,0,0,0,0,0,0,0,0,0
"2026/02/10","2026/02/13","3441","山王","東証およびＰＴＳ",,"確報",0,0,10000,0,0,0,10000,0,0,12520000,0,0,0,12520000,,,0,0,0,20000,0,0,246.5,123.3,0,246.5,0,0,0
"2026/02/10","2026/02/13","3443","川田テクノロジーズ","東証およびＰＴＳ",,"確報",200,1100,11200,300,0,3500,7700,1046000,5753000,58576000,1569000,0,18305000,40271000,,,0,0,968000,0,0,256000,19.1,35.6,14.9,21,10.9,17.8,13.5
"2026/02/10","2026/02/13","3444","菊池製作所","東証およびＰＴＳ",,"確報",1700,7800,41200,8400,0,26700,14500,1509600,6926400,36585600,7459200,0,23709600,12876000,,,0,0,1419000,0,0,549000,8.8,11.3,8.7,9.8,5.3,11.2,7.2
"2026/02/10","2026/02/13","3445","ＲＳＴＥＣＨ","東証およびＰＴＳ",,"確報",300,0,6200,0,0,500,5700,1185000,0,24490000,0,0,1975000,22515000,,,0,0,560500,0,0,47500,18.7,14.7,265,27.9,3.2,2.7,2.9
"2026/02/10","2026/02/13","3446","ＪＴＥＣＣＯＲＰ","東証およびＰＴＳ",,"確報",2400,30100,48200,6400,0,82300,-34100,3816000,47859000,76638000,10176000,0,130857000,-54219000,,,0,0,0,2656500,2656500,0,13.8,20.6,5.6,8.8,67.8,18.1,28.6
"2026/02/10","2026/02/13","3447","信和","東証およびＰＴＳ",,"確報",0,1600,15800,0,0,0,15800,0,1662400,16416200,0,0,0,16416200,,,0,0,0,609000,0,0,10.5,6.3,31.1,10.5,0,0,0
"2026/02/10","2026/02/13","3449","テクノフレックス","東証およびＰＴＳ",,"確報",3000,0,10200,500,0,800,9400,6858000,0,23317200,1143000,0,1828800,21488400,,,0,0,914400,0,0,38100,13,9.9,36.9,15.6,4,3,3.4
"2026/02/10","2026/02/13","3451","Ｒ－トーセイ・リート","東証およびＰＴＳ",,"確報",0,0,32,0,0,0,32,0,0,4819200,0,0,0,4819200,,,0,0,0,3200,0,0,26.3,0,13.1,26.3,0,0,0
"2026/02/10","2026/02/13","3452","ビーロット","東証およびＰＴＳ",,"確報",6900,5200,86500,0,100,3300,83200,11019300,8304400,138140500,0,159700,5270100,132870400,,,0,0,3052800,0,0,122400,54.7,51,71.7,59.6,9.5,47.7,15.9
"2026/02/10","2026/02/13","3454","ファーストブラザーズ","東証およびＰＴＳ",,"確報",0,0,51500,0,0,1200,50300,0,0,62933000,0,0,1466400,61466600,,,0,0,309000,0,0,7200,22.7,11.9,2316,23.6,8.7,10.2,9.4
"2026/02/10","2026/02/13","3455","ＨＣＭ","東証およびＰＴＳ",,"確報",20,40,263,1,0,2,261,2530000,5060000,33269500,126500,0,253000,33016500,,,0,0,452800,0,0,1600,14.6,20,11.5,14.6,9,9,9
"2026/02/10","2026/02/13","3457","Ａｎｄ　Ｄｏ　ＨＬＤ","東証およびＰＴＳ",,"確報",3100,1400,45300,0,7400,20200,25100,3397600,1534400,49648800,0,8110400,22139200,27509600,,,0,0,0,872000,552000,0,29.3,34.7,68.3,46,29.3,13.7,18.6
"2026/02/10","2026/02/13","3459","サムティレジ","東証およびＰＴＳ",,"確報",5,4,119,0,0,1,118,580000,464000,13804000,0,0,116000,13688000,,,0,0,0,47200,400,0,39.3,48.8,73.1,58.5,0,0.5,1
"2026/02/10","2026/02/13","345A","高配当成長ＥＴＮ","東証およびＰＴＳ",,"確報",0,0,350,0,0,0,350,0,0,5372500,0,0,0,5372500,,,0,0,63000,0,0,0,23.3,11.7,0,23.3,0,0,0
"2026/02/10","2026/02/13","3461","パルマ","東証およびＰＴＳ",,"確報",0,100,1100,0,0,0,1100,0,54100,595100,0,0,0,595100,,,0,0,0,12000,0,0,38,57,28.5,38,0,0,0
"2026/02/10","2026/02/13","3462","野村不動産マスターＦ","東証およびＰＴＳ",,"確報",3,4,39,5,0,39,0,507300,676400,6594900,845500,0,6594900,0,,,0,0,28000,0,0,23800,3.4,3.9,3.8,3.9,3,3,3
"2026/02/10","2026/02/13","3463","いちごホテルリート","東証およびＰＴＳ",,"確報",0,26,210,0,0,0,210,0,3213600,25956000,0,0,0,25956000,,,0,0,377600,0,0,0,15.3,16.5,14.3,15.3,0,0,0
"2026/02/10","2026/02/13","3465","ケイアイスター不動産","東証およびＰＴＳ",,"確報",0,0,7200,400,300,3600,3600,0,0,47808000,2656000,1992000,23904000,23904000,,,0,0,360000,0,0,175000,19.5,52.1,33.2,40.6,5.6,23,8.9
"2026/02/10","2026/02/13","3466","ラサールロジ投資法人","東証およびＰＴＳ",,"確報",31,5,62,0,5,40,22,4873200,786000,9746400,0,786000,6288000,3458400,,,0,0,0,21600,27000,0,6.2,6.4,3.9,4.8,9.6,11.2,10.3
"2026/02/10","2026/02/13","3467","アグレ都市デザイン","東証およびＰＴＳ",,"確報",200,300,3500,0,0,0,3500,522000,783000,9135000,0,0,0,9135000,,,0,0,0,90000,0,0,19.6,28,15.1,19.6,0,0,0
"2026/02/10","2026/02/13","3468","スターアジア投資法人","東証およびＰＴＳ",,"確報",1,17,468,6,0,18,450,60500,1028500,28314000,363000,0,1089000,27225000,,,0,0,338800,0,0,8400,30.1,25.4,47.7,33.2,5.5,11.8,7.5
"2026/02/10","2026/02/13","3469","デュアルタップ","東証およびＰＴＳ",,"確報",0,0,1200,0,0,0,1200,0,0,1142400,0,0,0,1142400,,,0,0,0,4800,0,0,0,0,0,0,0,0,0
"2026/02/10","2026/02/13","346A","Ｓ＆Ｐ５００半導体","東証およびＰＴＳ",,"確報",80,1370,4182,0,0,0,4182,287840,4929260,15046836,0,0,0,15046836,,,0,0,290016,0,0,0,6.6,6,7.3,6.6,0,0,0
"2026/02/10","2026/02/13","3470","マリモ地方創生リート","東証およびＰＴＳ",,"確報",0,13,170,0,0,0,170,0,1415700,18513000,0,0,0,18513000,,,0,0,73200,0,0,0,19.1,18.9,19.3,19.1,0,0,0
"2026/02/10","2026/02/13","3471","三井不ロジパーク","東証およびＰＴＳ",,"確報",31,58,157,53,0,157,0,3676600,6878800,18620200,6285800,0,18620200,0,,,0,0,220800,0,0,124800,7,13.4,4.6,6.9,3.7,138,7.3
"2026/02/10","2026/02/13","3472","Ｒ－日本ホテル＆レジ","東証およびＰＴＳ",,"確報",0,14,427,0,0,0,427,0,1075200,32793600,0,0,0,32793600,,,0,0,705600,0,0,0,273.6,1094.5,156.4,273.6,0,0,0
"2026/02/10","2026/02/13","3474","Ｇ－ＦＡＣＴＯＲＹ","東証およびＰＴＳ",,"確報",0,0,800,0,0,0,800,0,0,464000,0,0,0,464000,,,0,0,2400,0,0,0,0,0,0,0,0,0,0
"2026/02/10","2026/02/13","3475","グッドコムアセット","東証およびＰＴＳ",,"確報",4600,4200,228300,2200,11200,358400,-130100,6601000,6027000,327610500,3157000,16072000,514304000,-186693500,,,0,0,3646400,0,0,5878400,59.2,31,83.2,45.2,66.1,81.5,73
"2026/02/10","2026/02/13","3476","投資法人みらい","東証およびＰＴＳ",,"確報",0,0,103,1,0,7,96,0,0,5242700,50900,0,356300,4886400,,,0,0,30900,0,0,1800,89.2,50.5,0,101,15,0,30
"2026/02/10","2026/02/13","3477","フォーライフ","東証およびＰＴＳ",,"確報",0,0,600,0,0,0,600,0,0,547200,0,0,0,547200,,,0,0,0,3000,0,0,60,0,30,60,0,0,0
"2026/02/10","2026/02/13","3479","ティーケーピー","東証およびＰＴＳ",,"確報",0,1400,193200,900,600,226000,-32800,0,3344600,461554800,2150100,1433400,539914000,-78359200,,,0,0,3308200,0,0,3836900,153.9,495.8,81.3,139.7,119.2,290.4,169.1
"2026/02/10","2026/02/13","3480","ジェイ・エス・ビー","東証およびＰＴＳ",,"確報",0,3200,6800,0,1900,16100,-9300,0,10832000,23018000,0,6431500,54498500,-31480500,,,0,0,0,200000,360000,0,18.6,39.3,9.6,15.5,15,36.3,21.2
"2026/02/10","2026/02/13","3481","Ｒ－三菱地所物流","東証およびＰＴＳ",,"確報",2,88,27,0,67,227,-200,265600,11686400,3585600,0,8897600,30145600,-26560000,,,0,0,45200,0,0,117600,7.9,2.6,2.3,2.4,564,7.4,14.6
"2026/02/10","2026/02/13","3482","ロードスター","東証およびＰＴＳ",,"確報",900,2000,51100,0,0,2700,48400,2893500,6430000,164286500,0,0,8680500,155606000,,,0,0,4437000,0,0,229500,121.2,162.2,99.8,123.6,132,66,88
"2026/02/10","2026/02/13","3484","イノベーションＨＤ","東証およびＰＴＳ",,"確報",400,0,1700,400,0,1700,0,520800,0,2213400,520800,0,2213400,0,,,0,0,14300,0,0,14300,15.2,7.6,13.6,9.7,17.3,0,34.5
"2026/02/10","2026/02/13","3486","グローバルリンクＭ","東証およびＰＴＳ",,"確報",900,0,44800,800,0,1800,43000,1987200,0,98918400,1766400,0,3974400,94944000,,,0,0,1712100,0,0,39000,145.7,221,442,294.7,3.2,48,6
"2026/02/10","2026/02/13","3487","Ｒ－ＣＲＥロジ","東証およびＰＴＳ",,"確報",0,19,33,0,0,4,29,0,3182500,5527500,0,0,670000,4857500,,,0,0,10400,0,0,800,17.9,89,9.2,16.7,0,0,0
"2026/02/10","2026/02/13","3488","Ｒ－セントラル","東証およびＰＴＳ",,"確報",0,6,239,0,0,0,239,0,700800,27915200,0,0,0,27915200,,,0,0,49000,0,0,0,27.1,56.6,17.8,27.1,0,0,0
"2026/02/10","2026/02/13","3489","フェイスネットワーク","東証およびＰＴＳ",,"確報",200,21300,22700,0,0,100,22600,169000,17998500,19181500,0,0,84500,19097000,,,0,0,613200,0,0,1400,9.4,57.1,5.2,9.5,1.5,3,2
"2026/02/10","2026/02/13","348A","ＭＸＳ読売３３３日株","東証およびＰＴＳ",,"確報",0,0,17030,0,10,0,17030,0,0,4720716,0,2772,0,4720716,,,0,0,71526,0,0,42,71.6,82.3,64.8,72.5,1,0.5,0.7
"2026/02/10","2026/02/13","3490","アズ企画設計","東証およびＰＴＳ",,"確報",100,0,800,0,0,0,800,303500,0,2428000,0,0,0,2428000,,,0,0,14000,0,0,0,8.3,11,6.6,8.3,0,0,0
"2026/02/10","2026/02/13","3491","ＧＡ　ＴＥＣＨ","東証およびＰＴＳ",,"確報",500,1400,64600,0,0,0,64600,800000,2240000,103360000,0,0,0,103360000,,,0,0,3537000,0,0,0,119.3,371.2,71.1,119.3,0,0,0
"2026/02/10","2026/02/13","3492","Ｒ－ＭＩＲＡＲＴＨ","東証およびＰＴＳ",,"確報",0,95,630,0,0,7,623,0,8996500,59661000,0,0,662900,58998100,,,0,0,362500,0,0,3500,29.3,56.9,19.6,29.1,34,0,68
"2026/02/10","2026/02/13","3494","マリオン","東証およびＰＴＳ",,"確報",1000,100,27600,0,0,0,27600,385000,38500,10626000,0,0,0,10626000,,,0,0,160200,0,0,0,158.4,103.5,336.5,158.4,0,0,0
"2026/02/10","2026/02/13","3495","香陵住販","東証およびＰＴＳ",,"確報",0,0,1200,0,0,0,1200,0,0,3061200,0,0,0,3061200,,,0,0,1200,0,0,0,0,0,0,0,0,0,0
"2026/02/10","2026/02/13","3496","アズーム","東証およびＰＴＳ",,"確報",800,0,14600,0,0,0,14600,3596000,0,65627000,0,0,0,65627000,,,0,0,759000,0,0,0,5.2,14.6,3.2,5.2,0,0,0
"2026/02/10","2026/02/13","3498","霞ヶ関キャピタル","東証およびＰＴＳ",,"確報",500,65500,132100,0,0,61000,71100,3645000,477495000,963009000,0,0,444690000,518319000,,,0,0,37449000,0,0,11590000,8.8,10.5,4.7,6.5,236.2,105.9,146.2
"2026/02/10","2026/02/13","349A","ＳＭＤＡＭ日本グロ株","東証およびＰＴＳ",,"確報",0,0,0,0,0,20,-20,0,0,0,0,0,15000,-15000,,,0,0,0,0,0,460,2,0,0,0,10,1.3,2.2
"2026/02/10","2026/02/13","3501","ＳＵＭＩＮＯＥ","東証およびＰＴＳ",,"確報",0,200,4100,0,0,200,3900,0,269000,5514500,0,0,269000,5245500,,,0,0,60200,0,0,2800,46.4,109.5,36.5,54.8,13,13,13
"2026/02/10","2026/02/13","350A","デジタルグリッド","東証およびＰＴＳ",,"確報",0,6400,115700,0,0,0,115700,0,4787200,86543600,0,0,0,86543600,,,0,0,3907200,0,0,0,92.3,106.3,81.6,92.3,0,0,0
"2026/02/10","2026/02/13","3512","日本フエルト","東証およびＰＴＳ",,"確報",50800,0,754500,0,0,0,754500,45974000,0,682822500,0,0,0,682822500,,,0,0,41518300,0,0,0,98.9,49.6,9999.9,98.9,0,0,0
"2026/02/10","2026/02/13","3513","イチカワ","東証およびＰＴＳ",,"確報",0,100,33800,0,0,0,33800,0,351000,118638000,0,0,0,118638000,,,0,0,3051000,0,0,0,42.3,22.1,522,42.3,0,0,0
"2026/02/10","2026/02/13","3521","テルマー湯ＨＤ","東証およびＰＴＳ",,"確報",0,500,230300,200,0,6900,223400,0,90000,41454000,36000,0,1242000,40212000,,,0,0,461600,0,0,13400,269.5,3870,252.4,473.9,6.5,246,12.6
"2026/02/10","2026/02/13","3524","日東製網","東証およびＰＴＳ",,"確報",0,0,4800,0,0,0,4800,0,0,7771200,0,0,0,7771200,,,0,0,14400,0,0,0,158,118.5,237,158,0,0,0
"2026/02/10","2026/02/13","3526","芦森工業","東証およびＰＴＳ",,"確報",0,0,0,0,0,0,0,0,0,0,0,0,0,0,,,0,0,0,0,0,0,0,0,0,0,0,0,0
"2026/02/10","2026/02/13","3529","アツギ","東証およびＰＴＳ",,"確報",105600,37600,140900,800,0,100600,40300,114576000,40796000,152876500,868000,0,109151000,43725500,,,0,0,0,1239300,1696600,0,4.7,2,2.8,2.3,316.6,97.4,149
"2026/02/10","2026/02/13","352A","ＬＯＩＶＥ","東証およびＰＴＳ",,"確報",200,100,2400,0,0,0,2400,200400,100200,2404800,0,0,0,2404800,,,0,0,18400,0,0,0,19.1,20.7,17.7,19.1,0,0,0
"2026/02/10","2026/02/13","3536","アクサスＨＤ","東証およびＰＴＳ",,"確報",100,0,11200,0,0,0,11200,13400,0,1500800,0,0,0,1500800,,,0,0,44400,0,0,0,75.5,113.2,56.6,75.5,0,0,0
"2026/02/10","2026/02/13","3537","昭栄薬品","東証およびＰＴＳ",,"確報",0,0,700,0,0,0,700,0,0,1113000,0,0,0,1113000,,,0,0,4900,0,0,0,16.8,0,8.4,16.8,0,0,0
"2026/02/10","2026/02/13","3538","ウイルプラスＨＤ","東証およびＰＴＳ",,"確報",0,400,1900,0,0,100,1800,0,420000,1995000,0,0,105000,1890000,,,0,0,16100,0,0,700,17.1,38,12.7,19,6,6,6
"2026/02/10","2026/02/13","3539","ＪＭホールディングス","東証およびＰＴＳ",,"確報",200,0,7300,300,100,7300,0,355400,0,12972100,533100,177700,12972100,0,,,0,0,0,127800,127800,0,9.2,8.4,11,9.5,7.9,10.2,8.9
"2026/02/10","2026/02/13","3541","農業総合研究所","東証およびＰＴＳ",,"確報",0,300,120300,0,0,40600,79700,0,229800,92149800,0,0,31099600,61050200,,,0,0,0,120600,40600,0,21.6,30.8,23.8,26.8,0,7.4,14.9
"2026/02/10","2026/02/13","3542","ベガコーポレーション","東証およびＰＴＳ",,"確報",100,500,39700,800,100,65900,-26200,147900,739500,58716300,1183200,147900,97466100,-38749800,,,0,0,2726800,0,0,4433600,109.5,134.2,37.3,58.3,154.4,540.3,240.1
"2026/02/10","2026/02/13","3543","コメダＨＤ","東証およびＰＴＳ",,"確報",1000,60200,14600,100,0,1900,12700,2880000,173376000,42048000,288000,0,5472000,36576000,,,0,0,442800,0,0,10800,1.5,2.1,1.1,1.4,54.5,9.9,16.8
"2026/02/10","2026/02/13","3544","サツドラＨＤ","東証およびＰＴＳ",,"確報",200,0,10500,0,400,100,10400,173600,0,9114000,0,347200,86800,9027200,,,0,0,20600,0,0,1000,70.4,127.8,0,255.5,4.3,2.4,3.1
"2026/02/10","2026/02/13","3546","アレンザＨＤ","東証およびＰＴＳ",,"確報",300,0,13400,400,100,13400,0,342600,0,15302800,456800,114200,15302800,0,,,0,0,91700,0,0,91700,7,4.7,8.6,6.1,4.5,105.3,8.6
"2026/02/10","2026/02/13","3547","串カツ田中","東証およびＰＴＳ",,"確報",100,400,39500,200,7500,73100,-33600,199300,797200,78723500,398600,14947500,145688300,-66964800,,,0,0,1512400,0,0,3055200,39.3,30.7,18.2,22.8,497.4,32.6,61.2
"2026/02/10","2026/02/13","3548","バロック","東証およびＰＴＳ",,"確報",2100,1100,65500,0,0,192500,-127000,1684200,882200,52531000,0,0,154385000,-101854000,,,0,0,258000,0,0,770000,38.3,15.9,7.6,10.3,0,147.1,294.3
"2026/02/10","2026/02/13","3549","クスリのアオキＨＤ","東証およびＰＴＳ",,"確報",2100,5800,23100,2500,0,45100,-22000,9080400,25079200,99884400,10810000,0,195012400,-95128000,,,0,0,3725200,0,0,5921400,22.7,28.7,7.9,12.4,35.4,78.4,48.8
"2026/02/10","2026/02/13","354A","ｉＦ高配当５０","東証およびＰＴＳ",,"確報",0,471,2392,0,0,0,2392,0,1454448,7386496,0,0,0,7386496,,,0,0,166054,0,0,0,5.7,3.8,12.2,5.7,0,0,0
"2026/02/10","2026/02/13","3550","スタジオアタオ","東証およびＰＴＳ",,"確報",0,100,100,0,0,0,100,0,23000,23000,0,0,0,23000,,,0,0,0,0,0,0,3.7,0,1.8,3.7,0,0,0
"2026/02/10","2026/02/13","3551","ダイニック","東証およびＰＴＳ",,"確報",0,0,500,0,0,0,500,0,0,596000,0,0,0,596000,,,0,0,21000,0,0,0,0,0,0,0,0,0,0
"2026/02/10","2026/02/13","3553","共和レザー","東証およびＰＴＳ",,"確報",5100,600,20200,0,4100,36100,-15900,5875200,691200,23270400,0,4723200,41587200,-18316800,,,0,0,31400,0,0,80400,20.7,8.1,36,13.3,124.1,14.2,25.5
"2026/02/10","2026/02/13","3556","リネットジャパングル","東証およびＰＴＳ",,"確報",400,121300,37400,0,0,0,37400,482800,146409100,45141800,0,0,0,45141800,,,0,0,9498000,0,0,0,1.8,2.6,1.4,1.8,0,0,0
"2026/02/10","2026/02/13","3557","Ｕ＆Ｃ","東証およびＰＴＳ",,"確報",100,0,200,0,0,0,200,100100,0,200200,0,0,0,200200,,,0,0,100,0,0,0,3.5,2.3,7,3.5,0,0,0
"2026/02/10","2026/02/13","3558","ジェイドグループ","東証およびＰＴＳ",,"確報",1200,700,103600,0,0,0,103600,2078400,1212400,179435200,0,0,0,179435200,,,0,0,1855800,0,0,0,133.1,262.9,89.1,133.1,0,0,0
"2026/02/10","2026/02/13","3559","ピーバンドットコム","東証およびＰＴＳ",,"確報",7000,300,70800,6700,0,70800,0,3514000,150600,35541600,3363400,0,35541600,0,,,0,0,448700,0,0,448700,54.6,27.3,115.1,44.2,35.8,0,71.6
"2026/02/10","2026/02/13","3560","ほぼ日","東証およびＰＴＳ",,"確報",0,0,200,0,0,0,200,0,0,728000,0,0,0,728000,,,0,0,0,0,0,0,0,0,0,0,0,0,0
"2026/02/10","2026/02/13","3561","力の源ＨＤ","東証およびＰＴＳ",,"確報",1300,200,72100,900,7800,329200,-257100,1931800,297200,107140600,1337400,11590800,489191200,-382050600,,,0,0,1278000,0,0,6049800,32.6,96.6,127.7,110,28.5,28.1,28.3
"2026/02/10","2026/02/13","3562","Ｎｏ．１","東証およびＰＴＳ",,"確報",0,300,7000,0,0,0,7000,0,563400,13146000,0,0,0,13146000,,,0,0,153300,0,0,0,29.7,38.6,24.1,29.7,0,0,0
"2026/02/10","2026/02/13","3563","Ｆ＆ＬＣ","東証およびＰＴＳ",,"確報",3000,100,25600,0,2700,5300,20300,27297000,909900,232934400,0,24567300,48224700,184709700,,,0,0,0,2474300,872000,0,4.1,6.4,7.4,6.9,2.1,2.4,2.3
"2026/02/10","2026/02/13","3565","アセンテック","東証およびＰＴＳ",,"確報",3600,800,56000,0,0,2400,53600,5331600,1184800,82936000,0,0,3554400,79381600,,,0,0,2340800,0,0,105600,36.8,33.8,62.8,43.9,8.3,8.8,8.5
"2026/02/10","2026/02/13","3566","ユニフォームネクスト","東証およびＰＴＳ",,"確報",0,0,900,0,0,0,900,0,0,673200,0,0,0,673200,,,0,0,23400,0,0,0,4.6,14.7,2.8,4.6,0,0,0
"2026/02/10","2026/02/13","3569","セーレン","東証およびＰＴＳ",,"確報",0,1100,16200,2500,0,3800,12400,0,3701500,54513000,8412500,0,12787000,41726000,,,0,0,605500,0,0,45500,20.4,38.4,36.6,37.5,1.8,24,3.3
"2026/02/10","2026/02/13","356A","ＧＸＳＰＣＦ１００","東証およびＰＴＳ",,"確報",0,0,625,0,0,0,625,0,0,868750,0,0,0,868750,,,0,0,0,5000,0,0,7.4,5.9,9.7,7.4,0,0,0
"2026/02/10","2026/02/13","3571","ソトー","東証およびＰＴＳ",,"確報",0,300,3700,0,100,1300,2400,0,241500,2978500,0,80500,1046500,1932000,,,0,0,0,12000,4200,0,36,111,18.5,31.7,66,66,66
"2026/02/10","2026/02/13","3577","東海染工","東証およびＰＴＳ",,"確報",0,0,200,0,0,0,200,0,0,200000,0,0,0,200000,,,0,0,0,0,0,0,0,0,0,0,0,0,0
"2026/02/10","2026/02/13","3580","小松マテーレ","東証およびＰＴＳ",,"確報",0,2000,68500,400,100,22000,46500,0,1784000,61102000,356800,89200,19624000,41478000,,,0,0,493500,0,0,151900,57.8,221.1,80.4,117.9,40.2,16.3,23.2
"2026/02/10","2026/02/13","3583","オーベクス","東証およびＰＴＳ",,"確報",0,1200,500,0,0,0,500,0,1594800,664500,0,0,0,664500,,,0,0,0,8500,0,0,11.1,72,6,11.1,0,0,0
"2026/02/10","2026/02/13","3591","ワコールＨＤ","東証およびＰＴＳ",,"確報",500,0,28000,100,2400,83500,-55500,2358500,0,132076000,471700,11320800,393869500,-261793500,,,0,0,3135000,0,0,9781200,24.1,28.2,12.9,17.7,42,20.2,27.3
"2026/02/10","2026/02/13","3593","ホギメディカル","東証およびＰＴＳ",,"確報",0,100,1000,0,200,1100,-100,0,669000,6690000,0,1338000,7359000,-669000,,,0,0,0,11000,13000,0,23.8,28.5,14.3,19,62,20.7,31
"2026/02/10","2026/02/13","3597","自重堂","東証およびＰＴＳ",,"確報",0,0,400,0,0,0,400,0,0,4004000,0,0,0,4004000,,,0,0,0,4000,0,0,40,20,0,40,0,0,0
"2026/02/10","2026/02/13","3598","山喜","東証およびＰＴＳ",,"確報",100,0,1700,0,0,0,1700,17000,0,289000,0,0,0,289000,,,0,0,0,0,0,0,29,29,29,29,0,0,0
"2026/02/10","2026/02/13","3600","フジックス","東証およびＰＴＳ",,"確報",0,100,0,0,0,0,0,0,168800,0,0,0,0,0,,,0,0,0,0,0,0,1,1,1,1,0,0,0
"2026/02/10","2026/02/13","3607","クラウディアＨＤ","東証およびＰＴＳ",,"確報",500,0,4300,0,0,0,4300,176000,0,1513600,0,0,0,1513600,,,0,0,3800,0,0,0,36.6,18.3,0,36.6,0,0,0
"2026/02/10","2026/02/13","3608","ＴＳＩＨＤ","東証およびＰＴＳ",,"確報",100,100,62200,0,0,62200,0,111800,111800,69539600,0,0,69539600,0,,,0,0,1057400,0,0,1057400,31.9,16,16,16,0,3113,6226
"2026/02/10","2026/02/13","360A","リートコア","東証およびＰＴＳ",,"確報",0,0,0,0,0,0,0,0,0,0,0,0,0,0,,,0,0,0,0,0,0,0,0,0,0,0,0,0
"2026/02/10","2026/02/13","3611","マツオカ","東証およびＰＴＳ",,"確報",0,200,58900,200,0,800,58100,0,535200,157616400,535200,0,2140800,155475600,,,0,0,5259900,0,0,53400,299.5,982,736.5,841.7,9.8,6.1,7.5
"2026/02/10","2026/02/13","3612","ワールド","東証およびＰＴＳ",,"確報",0,1300,8800,100,0,5200,3600,0,4166500,28204000,320500,0,16666000,11538000,,,0,0,606000,0,0,306000,21,36.2,19.5,25.4,10.4,32.5,15.8
"2026/02/10","2026/02/13","3622","ネットイヤーグループ","東証およびＰＴＳ",,"確報",200,0,15600,0,0,0,15600,123400,0,9625200,0,0,0,9625200,,,0,0,0,15400,0,0,386.5,257.7,773,386.5,0,0,0
"2026/02/10","2026/02/13","3623","ビリングシステム","東証およびＰＴＳ",,"確報",100,0,2600,0,0,0,2600,99200,0,2579200,0,0,0,2579200,,,0,0,10000,0,0,0,36.6,42.7,32,36.6,0,0,0
"2026/02/10","2026/02/13","3624","アクセルマーク","東証およびＰＴＳ",,"確報",500,0,146300,0,0,0,146300,40500,0,11850300,0,0,0,11850300,,,0,0,0,0,0,0,394.4,561.3,304,394.4,0,0,0
"2026/02/10","2026/02/13","3625","テックファームＨＤ","東証およびＰＴＳ",,"確報",100,500,9300,0,0,0,9300,66200,331000,6156600,0,0,0,6156600,,,0,0,116400,0,0,0,74.2,241,43.8,74.2,0,0,0
"2026/02/10","2026/02/13","3626","ＴＩＳ","東証およびＰＴＳ",,"確報",19500,1200,33400,28700,400,33400,0,69556500,4280400,119137800,102372900,1426800,119137800,0,,,0,0,1283500,0,0,433500,1.8,1.8,3.2,2.3,1.1,2.1,1.4
"2026/02/10","2026/02/13","3627","テクミラ","東証およびＰＴＳ",,"確報",800,300,6700,0,0,1200,5500,207200,77700,1735300,0,0,310800,1424500,,,0,0,12400,0,0,2400,17.8,21.8,33.9,26.5,4.3,7.2,5.4
"2026/02/10","2026/02/13","3628","データホライゾン","東証およびＰＴＳ",,"確報",100,0,6200,0,0,0,6200,48900,0,3031800,0,0,0,3031800,,,0,0,48800,0,0,0,76.5,43.7,306,76.5,0,0,0
"2026/02/10","2026/02/13","3632","グリーＨＤ","東証およびＰＴＳ",,"確報",15400,1700,103800,13700,0,103800,0,6006000,663000,40482000,5343000,0,40482000,0,,,0,0,991100,0,0,991100,5.9,4.4,8.1,5.7,3.5,23.4,6.1
"2026/02/10","2026/02/13","3633","ＧＭＯペパボ","東証およびＰＴＳ",,"確報",0,200,3000,0,0,0,3000,0,420000,6300000,0,0,0,6300000,,,0,0,25600,0,0,0,32.8,164,18.2,32.8,0,0,0
"2026/02/10","2026/02/13","3634","ソケッツ","東証およびＰＴＳ",,"確報",800,4200,1500,0,0,0,1500,688000,3612000,1290000,0,0,0,1290000,,,0,0,0,333200,0,0,1.3,1.2,1.6,1.3,0,0,0
"2026/02/10","2026/02/13","3635","コーエーテクモＨＤ","東証およびＰＴＳ",,"確報",4400,100,90400,0,8600,14800,75600,7235800,164450,148662800,0,14142700,24338600,124324200,,,0,0,5553450,0,0,1509300,24.5,33.7,52.6,41.1,14.4,6.3,8.7
"2026/02/10","2026/02/13","3636","三菱総合研究所","東証およびＰＴＳ",,"確報",0,500,3300,1400,300,8900,-5600,0,2635000,17391000,7378000,1581000,46903000,-29512000,,,0,0,0,38000,78000,0,4.8,2.9,3.4,3.1,4,20.4,6.7
"2026/02/10","2026/02/13","3639","ボルテージ","東証およびＰＴＳ",,"確報",0,1300,147400,0,4500,86200,61200,0,348400,39503200,0,1206000,23101600,16401600,,,0,0,0,1040900,634900,0,167.2,1853.3,570.2,872.1,0,36.4,72.8
"2026/02/10","2026/02/13","363A","ｉＦ英国ＦＴ１００","東証およびＰＴＳ",,"確報",0,0,30,0,0,0,30,0,0,78210,0,0,0,78210,,,0,0,0,300,0,0,15,15,15,15,0,0,0
"2026/02/10","2026/02/13","3640","電算","東証およびＰＴＳ",,"確報",500,0,8200,0,100,0,8200,1735000,0,28454000,0,347000,0,28454000,,,0,0,0,1655500,21500,0,12.4,14,13,13.5,1.7,1.7,1.7
"2026/02/10","2026/02/13","3641","パピレス","東証およびＰＴＳ",,"確報",0,100,1600,0,0,0,1600,0,106500,1704000,0,0,0,1704000,,,0,0,13600,0,0,0,87,0,43.5,87,0,0,0
"2026/02/10","2026/02/13","3645","メディカルネット","東証およびＰＴＳ",,"確報",1100,300,6700,0,200,5700,1000,334400,91200,2036800,0,60800,1732800,304000,,,0,0,0,5900,5900,0,21.9,17.3,15.6,16.4,100.7,20.1,33.6
"2026/02/10","2026/02/13","3646","駅探","東証およびＰＴＳ",,"確報",3200,2600,9500,0,0,0,9500,1356800,1102400,4028000,0,0,0,4028000,,,0,0,124600,0,0,0,2,1.8,2.1,2,0,0,0
"2026/02/10","2026/02/13","3647","アスリナ","東証およびＰＴＳ",,"確報",10000,1400,49000,0,0,0,49000,1420000,198800,6958000,0,0,0,6958000,,,0,0,242400,0,0,0,4.1,4.2,4,4.1,0,0,0
"2026/02/10","2026/02/13","3648","ＡＧＳ","東証およびＰＴＳ",,"確報",1200,5300,42200,100,200,1300,40900,1504800,6646200,52918800,125400,250800,1630200,51288600,,,0,0,972300,0,0,29400,45,126.6,34,53.6,85,4.5,8.5
"2026/02/10","2026/02/13","3649","ファインデックス","東証およびＰＴＳ",,"確報",800,2300,53200,0,1500,53200,0,740800,2129800,49263200,0,1389000,49263200,0,,,0,0,0,656400,656400,0,38.3,23.7,84,36.9,24.8,100.1,39.7
"2026/02/10","2026/02/13","364A","Ｓ＆Ｐ５００配当貴族","東証およびＰＴＳ",,"確報",0,0,1495,0,0,0,1495,0,0,3634345,0,0,0,3634345,,,0,0,0,38870,0,0,145.5,72.8,0,145.5,0,0,0
"2026/02/10","2026/02/13","3652","ディジタルメデプロ","東証およびＰＴＳ",,"確報",100,0,19800,0,0,0,19800,227600,0,45064800,0,0,0,45064800,,,0,0,0,689500,0,0,101.8,74.4,161.2,101.8,0,0,0
"2026/02/10","2026/02/13","3653","モルフォ","東証およびＰＴＳ",,"確報",400,1400,40800,0,1000,40800,0,325200,1138200,33170400,0,813000,33170400,0,,,0,0,1170400,0,0,1170400,61.1,271,31,55.6,2168,34.4,67.8
"2026/02/10","2026/02/13","3655","ブレインパッド","東証およびＰＴＳ",,"確報",0,0,1000,0,0,500,500,0,0,2708000,0,0,1354000,1354000,,,0,0,0,2000,1000,0,0,0,0,0,0,0,0
"2026/02/10","2026/02/13","3656","ＫＬａｂ","東証およびＰＴＳ",,"確報",16000,45700,3825000,71100,100800,3825000,0,5424000,15492300,1296675000,24102900,34171200,1296675000,0,,,0,0,92512800,0,0,92512800,86.7,78.2,83,80.5,90.8,97.4,94
"2026/02/10","2026/02/13","3657","ポールＨＤ","東証およびＰＴＳ",,"確報",2200,900,102900,1300,0,102900,0,660000,270000,30870000,390000,0,30870000,0,,,0,0,304800,0,0,304800,12.8,7.4,6.8,7.1,122.3,48.4,69.4
"2026/02/10","2026/02/13","3659","ネクソン","東証およびＰＴＳ",,"確報",0,0,1200,600,6700,13300,-12100,0,0,4482000,2241000,25024500,49675500,-45193500,,,0,0,20400,0,0,329800,2.6,1.8,1.7,1.8,2.7,3.5,3
"2026/02/10","2026/02/13","365A","伊澤タオル","東証およびＰＴＳ",,"確報",0,5600,13400,0,0,0,13400,0,4020800,9621200,0,0,0,9621200,,,0,0,228000,0,0,0,13.2,29.5,8.5,13.2,0,0,0
"2026/02/10","2026/02/13","3660","アイスタイル","東証およびＰＴＳ",,"確報",26100,531000,597000,0,10600,52300,544700,12293100,250101000,281187000,0,4992600,24633300,256553700,,,0,0,18732300,0,0,1069300,5.3,7.2,4,5.2,6.1,21.2,9.4
"2026/02/10","2026/02/13","3661","エムアップＨＤ","東証およびＰＴＳ",,"確報",900,206600,209800,1800,100,24600,185200,736200,168998800,171616400,1472400,81800,20122800,151493600,,,0,0,11218500,0,0,618300,4.2,5.7,3,4,12.5,539,24.5
"2026/02/10","2026/02/13","3662","エイチームＨＤ","東証およびＰＴＳ",,"確報",1300,9800,47200,0,3300,162600,-115400,1383200,10427200,50220800,0,3511200,173006400,-122785600,,,0,0,612700,0,0,1824900,23.1,7.7,9.3,8.4,38,106.6,56
"2026/02/10","2026/02/13","3663","セルシス","東証およびＰＴＳ",,"確報",8700,2100,98400,100,2300,107300,-8900,12545400,3028200,141892800,144200,3316600,154726600,-12833800,,,0,0,1836000,0,0,2190000,64.9,26.7,114.9,43.3,109.3,113.8,111.5
"2026/02/10","2026/02/13","3664","モブキャストＨＤ","東証およびＰＴＳ",,"確報",3600,7400,972000,0,0,19600,952400,122400,251600,33048000,0,0,666400,32381600,,,0,0,0,0,0,0,155.5,169.7,144.1,155.8,141,141,141
"2026/02/10","2026/02/13","3665","エニグモ","東証およびＰＴＳ",,"確報",9500,28100,252200,900,1400,486300,-234100,3885500,11492900,103149800,368100,572600,198896700,-95746900,,,0,0,1624800,0,0,2920800,17.6,22.2,11.1,14.8,37.9,13.2,19.5
"2026/02/10","2026/02/13","3667","ｅｎｉｓｈ","東証およびＰＴＳ",,"確報",5800,4600,182000,10000,0,30300,151700,365400,289800,11466000,630000,0,1908900,9557100,,,0,0,723200,0,0,81200,37,47.7,34.8,40.2,11.2,0,22.3
"2026/02/10","2026/02/13","3668","コロプラ","東証およびＰＴＳ",,"確報",54200,500,168300,27100,0,236500,-68200,24119000,222500,74893500,12059500,0,105242500,-30349000,,,0,0,1489800,0,0,2722200,9,5.1,22.7,8.3,5.2,65.9,9.6
"2026/02/10","2026/02/13","366A","ウェルネスＣ","東証およびＰＴＳ",,"確報",300,0,18400,0,0,0,18400,303900,0,18639200,0,0,0,18639200,,,0,0,144800,0,0,0,83.2,57.2,152.5,83.2,0,0,0
"2026/02/10","2026/02/13","3670","協立情報通信","東証およびＰＴＳ",,"確報",100,200,5900,0,0,0,5900,214000,428000,12626000,0,0,0,12626000,,,0,0,252000,0,0,0,62.2,155.5,38.9,62.2,0,0,0
"2026/02/10","2026/02/13","3671","ソフトマックス","東証およびＰＴＳ",,"確報",0,0,15100,0,0,0,15100,0,0,5118900,0,0,0,5118900,,,0,0,60400,0,0,0,34.4,19.1,176.3,34.4,0,0,0
"2026/02/10","2026/02/13","3672","オルトプラス","東証およびＰＴＳ",,"確報",17300,0,129100,0,0,0,129100,813100,0,6067700,0,0,0,6067700,,,0,0,0,111800,0,0,17.3,13.3,24.9,17.3,0,0,0
"2026/02/10","2026/02/13","3673","ブロードリーフ","東証およびＰＴＳ",,"確報",5200,1200,54500,1000,0,163900,-109400,3244800,748800,34008000,624000,0,102273600,-68265600,,,0,0,1262500,0,0,4072500,22.2,7.7,24.7,11.7,44.3,22.6,29.9
"2026/02/10","2026/02/13","3674","オークファン","東証およびＰＴＳ",,"確報",0,0,15100,0,400,4500,10600,0,0,5088700,0,134800,1516500,3572200,,,0,0,0,15100,4900,0,145.1,0,757,1514,259,21.6,39.8
"2026/02/10","2026/02/13","3675","クロス・マーケティン","東証およびＰＴＳ",,"確報",200,0,652100,0,0,0,652100,129400,0,421908700,0,0,0,421908700,,,0,0,0,651900,0,0,215.8,110.5,4594.1,215.8,0,0,0
"2026/02/10","2026/02/13","3676","デジハＨＤ","東証およびＰＴＳ",,"確報",0,1800,28800,0,0,0,28800,0,1659600,26553600,0,0,0,26553600,,,0,0,0,0,0,0,25.2,48.4,17,25.2,0,0,0
"2026/02/10","2026/02/13","3678","メディアドゥ","東証およびＰＴＳ",,"確報",2400,700,25900,1700,0,25900,0,3926400,1145200,42372400,2781200,0,42372400,0,,,0,0,24200,0,0,24200,13.4,7.9,84.8,14.4,6.2,0,12.5
"2026/02/10","2026/02/13","3679","じげん","東証およびＰＴＳ",,"確報",4700,14200,21400,800,13200,9100,12300,2086800,6304800,9501600,355200,5860800,4040400,5461200,,,0,0,0,370800,258000,0,4.8,6,8.6,7.1,3.2,2.6,2.8
"2026/02/10","2026/02/13","367A","プリモＧＨＤ","東証およびＰＴＳ",,"確報",0,3300,24700,0,0,0,24700,0,7220400,54043600,0,0,0,54043600,,,0,0,1792000,0,0,0,4.5,27.4,2.5,4.5,0,0,0
"2026/02/10","2026/02/13","3680","ホットリンク","東証およびＰＴＳ",,"確報",12600,900,99600,11700,0,99600,0,3150000,225000,24900000,2925000,0,24900000,0,,,0,0,439500,0,0,439500,28,19.9,32.7,24.8,24.5,47,32.2
"2026/02/10","2026/02/13","3682","エンカレッジ・テクノ","東証およびＰＴＳ",,"確報",100,0,800,0,200,200,600,70000,0,560000,0,140000,140000,420000,,,0,0,2800,0,0,1600,9.4,24,8,12,0,3.4,6.8
"2026/02/10","2026/02/13","3683","サイバーリンクス","東証およびＰＴＳ",,"確報",100,600,79600,0,200,3200,76400,130000,780000,103480000,0,260000,4160000,99320000,,,0,0,1762200,0,0,74800,160.4,115.7,393.3,178.8,31.6,79,45.1
"2026/02/10","2026/02/13","3686","ディー・エル・イー","東証およびＰＴＳ",,"確報",2600,202700,151600,0,5300,348100,-196500,319800,24932100,18646800,0,651900,42816300,-24169500,,,0,0,703400,0,0,706800,6.1,4,2.1,2.7,109.2,9.6,17.7
"2026/02/10","2026/02/13","3687","フィックスターズ","東証およびＰＴＳ",,"確報",1500,6500,103700,300,5300,103700,0,2271000,9841000,157001800,454200,8024200,157001800,0,,,0,0,3587100,0,0,3587100,27.1,25,25,25,19.3,62.4,29.5
"2026/02/10","2026/02/13","368A","北里コーポレーション","東証およびＰＴＳ",,"確報",100,500,46100,0,0,0,46100,156800,784000,72284800,0,0,0,72284800,,,0,0,2185500,0,0,0,50,60.2,42.7,50,0,0,0
"2026/02/10","2026/02/13","3690","イルグルム","東証およびＰＴＳ",,"確報",0,0,5200,0,300,2300,2900,0,0,2984800,0,172200,1320200,1664600,,,0,0,0,5200,2600,0,13.9,6.8,77,12.5,15.6,21.8,18.2
"2026/02/10","2026/02/13","3691","デジタルプラス","東証およびＰＴＳ",,"確報",0,0,9500,0,0,0,9500,0,0,15048000,0,0,0,15048000,,,0,0,551000,0,0,0,36.2,0,18.1,36.2,0,0,0
"2026/02/10","2026/02/13","3692","ＦＦＲＩセキュ","東証およびＰＴＳ",,"確報",25900,19200,384200,90400,14900,453000,-68800,239834000,177792000,3557692000,837104000,137974000,4194780000,-637088000,,,0,0,0,86825000,86825000,0,24.5,22.6,21.1,21.8,19.4,49.7,27.9
"2026/02/10","2026/02/13","3694","オプティム","東証およびＰＴＳ",,"確報",200,4400,97600,0,4200,97600,0,101000,2222000,49288000,0,2121000,49288000,0,,,0,0,2036000,0,0,2036000,57,57.7,46,51.2,74.9,56.4,64.3
"2026/02/10","2026/02/13","3695","ＧＭＯ－ＰＰ","東証およびＰＴＳ",,"確報",0,0,100,0,0,0,100,0,0,205000,0,0,0,205000,,,0,0,100,0,0,0,3.5,3.5,3.5,3.5,0,0,0
"2026/02/10","2026/02/13","3696","セレス","東証およびＰＴＳ",,"確報",2100,1700,38200,200,100,1900,36300,3834600,3104200,69753200,365200,182600,3469400,66283800,,,0,0,1096200,0,0,52200,22.9,48.9,15.2,23.2,13.6,23.8,17.3
"2026/02/10","2026/02/13","3697","ＳＨＩＦＴ","東証およびＰＴＳ",,"確報",9000,2300,665800,0,3000,130200,535600,6246900,1596430,462131780,0,2082300,90371820,371759960,,,0,0,18850260,0,0,3809520,25.9,42.7,44.3,43.5,4.5,31.7,7.9
"2026/02/10","2026/02/13","3698","ＣＲＩ・ミドルウェア","東証およびＰＴＳ",,"確報",200,100,6100,0,400,0,6100,214200,107100,6533100,0,428400,0,6533100,,,0,0,144000,0,0,9600,19.6,15.3,97,26.5,3.3,2.6,2.9
"2026/02/10","2026/02/13","369A","エータイ","東証およびＰＴＳ",,"確報",300,100,13300,0,0,0,13300,813900,271300,36082900,0,0,0,36082900,,,0,0,799100,0,0,0,30.8,28.8,33.2,30.8,0,0,0
"2026/02/10","2026/02/13","3708","特種東海製紙","東証およびＰＴＳ",,"確報",1400,2900,7100,300,100,8800,-1700,2297400,4758900,11651100,492300,164100,14440800,-2789700,,,0,0,0,163400,163400,0,12.4,6.5,8.5,7.4,26.1,24.7,25.4
"2026/02/10","2026/02/13","3710","ジョルダン","東証およびＰＴＳ",,"確報",300,600,1000,0,300,1000,0,179400,358800,598000,0,179400,598000,0,,,0,0,3900,0,0,3900,11.6,21.3,7.1,10.7,32,8,12.8
"2026/02/10","2026/02/13","3712","情報企画","東証およびＰＴＳ",,"確報",200,0,900,400,300,2700,-1800,1200000,0,5400000,2400000,1800000,16200000,-10800000,,,0,0,0,168000,624000,0,4.7,1.8,3.8,2.4,5.2,8.1,6.3
"2026/02/10","2026/02/13","3719","ＡＩストーム","東証およびＰＴＳ",,"確報",0,15300,187800,0,0,0,187800,0,4391100,53898600,0,0,0,53898600,,,0,0,1827900,0,0,0,6.4,49.3,3.4,6.4,0,0,0
"2026/02/10","2026/02/13","3723","日本ファルコム","東証およびＰＴＳ",,"確報",200,0,1800,0,0,0,1800,357400,0,3216600,0,0,0,3216600,,,0,0,54400,0,0,0,20,13.3,40,20,0,0,0
"2026/02/10","2026/02/13","3726","フォーシーズＨＤ","東証およびＰＴＳ",,"確報",0,0,112400,0,0,0,112400,0,0,52153600,0,0,0,52153600,,,0,0,674400,0,0,0,2252,0,1126,2252,0,0,0
"2026/02/10","2026/02/13","3727","アプリックス","東証およびＰＴＳ",,"確報",1400,0,43700,0,0,0,43700,287000,0,8958500,0,0,0,8958500,,,0,0,0,84600,0,0,44,22.2,1980,44,0,0,0
"2026/02/10","2026/02/13","372A","レント","東証およびＰＴＳ",,"確報",100,0,2700,0,0,0,2700,616000,0,16632000,0,0,0,16632000,,,0,0,26000,0,0,0,26.6,33.3,22.2,26.6,0,0,0
"2026/02/10","2026/02/13","3733","ソフトウェアサビス","東証およびＰＴＳ",,"確報",0,0,2000,0,0,5100,-3100,0,0,25340000,0,0,64617000,-39277000,,,0,0,20000,0,0,51000,34.2,20.6,34.3,25.8,0,19.5,39
"2026/02/10","2026/02/13","373A","リップス","東証およびＰＴＳ",,"確報",0,0,10900,0,0,0,10900,0,0,17658000,0,0,0,17658000,,,0,0,446900,0,0,0,277,0,138.5,277,0,0,0
"2026/02/10","2026/02/13","3741","セック","東証およびＰＴＳ",,"確報",3000,5600,92800,0,2600,92800,0,11970000,22344000,370272000,0,10374000,370272000,0,,,0,0,20511000,0,0,20511000,15.3,8.2,9.5,8.8,41,99.8,58.1
"2026/02/10","2026/02/13","3744","サイオス","東証およびＰＴＳ",,"確報",3000,2400,12000,0,500,10900,1100,1593000,1274400,6372000,0,265500,5787900,584100,,,0,0,182400,0,0,182400,13.5,7.4,7.7,7.6,140,46.7,70
"2026/02/10","2026/02/13","3747","インタートレード","東証およびＰＴＳ",,"確報",700,1400,82900,0,1800,95800,-12900,493500,987000,58444500,0,1269000,67539000,-9094500,,,0,0,836000,0,0,976000,91,127.5,39,59.7,123.1,266.8,168.5
"2026/02/10","2026/02/13","3750","ＡＤＲ１２０Ｓ","東証およびＰＴＳ",,"確報",0,0,0,0,0,0,0,0,0,0,0,0,0,0,,,0,0,0,0,0,0,0,0,0,0,0,0,0
"2026/02/10","2026/02/13","3753","フライト","東証およびＰＴＳ",,"確報",500,100,42500,0,0,0,42500,81000,16200,6885000,0,0,0,6885000,,,0,0,168400,0,0,0,29.4,142.2,16.4,29.4,0,0,0
"2026/02/10","2026/02/13","3758","アエリア","東証およびＰＴＳ",,"確報",0,0,10100,0,0,6900,3200,0,0,2918900,0,0,1994100,924800,,,0,0,30300,0,0,20700,121.4,505,505,505,0,28.8,57.5
"2026/02/10","2026/02/13","3760","ケイブ","東証およびＰＴＳ",,"確報",0,300,6100,0,0,0,6100,0,200700,4080900,0,0,0,4080900,,,0,0,134400,0,0,0,54.5,42.9,75,54.5,0,0,0
"2026/02/10","2026/02/13","3762","テクマトリックス","東証およびＰＴＳ",,"確報",0,400,6100,700,0,2700,3400,0,807200,12309800,1412600,0,5448600,6861200,,,0,0,494000,0,0,152000,1.3,1.9,1.4,1.6,6.4,0.4,0.8
"2026/02/10","2026/02/13","3763","プロシップ","東証およびＰＴＳ",,"確報",400,2200,2200,0,0,0,2200,581600,3198800,3198800,0,0,0,3198800,,,0,0,0,24000,0,0,7.7,10.3,6.1,7.7,0,0,0
"2026/02/10","2026/02/13","3765","ガンホー・オンライン","東証およびＰＴＳ",,"確報",0,0,80200,0,1000,76500,3700,0,0,211487400,0,2637000,201730500,9756900,,,0,0,2085200,0,0,2015000,224.5,671.7,403,503.8,174,119.6,141.8
"2026/02/10","2026/02/13","3766","システムズ・デザイン","東証およびＰＴＳ",,"確報",0,0,300,0,0,0,300,0,0,417000,0,0,0,417000,,,0,0,10200,0,0,0,0,0,0,0,0,0,0
"2026/02/10","2026/02/13","3768","リスクモンスター","東証およびＰＴＳ",,"確報",200,0,900,100,0,500,400,123800,0,557100,61900,0,309500,247600,,,0,0,7000,0,0,4000,15.5,9.5,19,12.7,24,24,24
"2026/02/10","2026/02/13","3769","ＧＭＯペイメント","東証およびＰＴＳ",,"確報",500,1000,11100,0,100,2600,8500,4375000,8750000,97125000,0,875000,22750000,74375000,,,0,0,730800,0,0,170100,18.8,17.3,29.2,21.8,13.6,11.5,12.5
"2026/02/10","2026/02/13","376A","米債７－１０ヘ有７５","東証およびＰＴＳ",,"確報",0,0,0,0,0,0,0,0,0,0,0,0,0,0,,,0,0,0,0,0,0,0,0,0,0,0,0,0
"2026/02/10","2026/02/13","3771","システムリサーチ","東証およびＰＴＳ",,"確報",0,100,17500,0,0,3400,14100,0,193700,33897500,0,0,6585800,27311700,,,0,0,563200,0,0,108800,15.2,7.4,70.9,13.4,0,21.5,43
"2026/02/10","2026/02/13","3772","ウェルスマネジメント","東証およびＰＴＳ",,"確報",0,1200,600,0,0,0,600,0,1298400,649200,0,0,0,649200,,,0,0,3600,0,0,0,2,3.8,1.4,2,0,0,0
"2026/02/10","2026/02/13","3773","アドバンストメディア","東証およびＰＴＳ",,"確報",0,200,114600,0,700,52600,62000,0,230400,132019200,0,806400,60595200,71424000,,,0,0,3558800,0,0,1652300,34.1,120.7,405.4,186.1,17.9,11.4,13.9
"2026/02/10","2026/02/13","3774","インターネットイニシ","東証およびＰＴＳ",,"確報",4900,200,28700,0,0,800,27900,11218550,457900,65708650,0,0,1831600,63877050,,,0,0,1752000,0,0,58400,11.7,7.4,26.2,11.6,52,8.7,14.9
"2026/02/10","2026/02/13","3776","ブロードバンドタワー","東証およびＰＴＳ",,"確報",74200,0,175600,0,0,0,175600,16695000,0,39510000,0,0,0,39510000,,,0,0,912600,0,0,0,9.5,6.6,17,9.5,0,0,0
"2026/02/10","2026/02/13","3777","環境フレンドリー","東証およびＰＴＳ",,"確報",77500,0,897800,0,0,0,897800,5425000,0,62846000,0,0,0,62846000,,,0,0,4921800,0,0,0,13.3,11.5,15.7,13.3,0,0,0
"2026/02/10","2026/02/13","3778","さくらインターネット","東証およびＰＴＳ",,"確報",0,39400,546600,2200,700,1238200,-691600,0,112605200,1562182800,6287600,2000600,3538775600,-1976592800,,,0,0,31058000,0,0,65545100,64.1,46.9,29.4,36.2,160.5,70.3,97.8
"2026/02/10","2026/02/13","3779","Ｊ・エスコムＨＤ","東証およびＰＴＳ",,"確報",200,0,52200,0,0,0,52200,36000,0,9396000,0,0,0,9396000,,,0,0,208000,0,0,0,274.5,260.8,289.8,274.5,0,0,0
"2026/02/10","2026/02/13","3787","テクノマセマティカル","東証およびＰＴＳ",,"確報",500,200,1800,0,0,0,1800,345500,138200,1243800,0,0,0,1243800,,,0,0,150000,0,0,0,16,13.3,20,16,0,0,0
"2026/02/10","2026/02/13","3788","ＧＭＯＧＳＨＤ","東証およびＰＴＳ",,"確報",1600,1700,12900,0,100,12900,0,3737600,3971200,30134400,0,233600,30134400,0,,,0,0,1950000,0,0,1950000,27.6,15.9,26.5,19.8,28.9,105.8,45.4
"2026/02/10","2026/02/13","378A","ヒット","東証およびＰＴＳ",,"確報",1600,0,3100,0,0,0,3100,3521600,0,6823100,0,0,0,6823100,,,0,0,0,6000,0,0,8.9,7.3,11.6,8.9,0,0,0
"2026/02/10","2026/02/13","3791","ＩＧポート","東証およびＰＴＳ",,"確報",2900,16800,117500,0,400,131000,-13500,3407500,19740000,138062500,0,470000,153925000,-15862500,,,0,0,5124600,0,0,5124600,45.3,37,22.9,28.3,87.6,148.7,110.3
"2026/02/10","2026/02/13","3793","ドリコム","東証およびＰＴＳ",,"確報",3200,0,740300,2600,0,261400,478900,1337600,0,309445400,1086800,0,109265200,200180200,,,0,0,11793600,0,0,4140800,208.2,275,5264.1,522.7,70.7,86.4,77.8
"2026/02/10","2026/02/13","3796","いい生活","東証およびＰＴＳ",,"確報",0,200,4600,0,200,2500,2100,0,103200,2373600,0,103200,1290000,1083600,,,0,0,0,33600,18900,0,37.4,116,116,116,0,8.9,17.8
"2026/02/10","2026/02/13","3798","ＵＬＳグループ","東証およびＰＴＳ",,"確報",1300,0,13300,0,0,0,13300,717600,0,7341600,0,0,0,7341600,,,0,0,348000,0,0,0,8.5,13.1,6.3,8.5,0,0,0
"2026/02/10","2026/02/13","3799","キーウェアソリュショ","東証およびＰＴＳ",,"確報",100,0,100,100,500,9400,-9300,122800,0,122800,122800,614000,11543200,-11420400,,,0,0,0,0,0,274400,26.4,1,2,1.3,30.4,27.1,28.6
"2026/02/10","2026/02/13","379A","ＧＸＳＰＸプロテクト","東証およびＰＴＳ",,"確報",0,0,510,0,0,0,510,0,0,617100,0,0,0,617100,,,0,0,0,14790,0,0,0,0,0,0,0,0,0
"2026/02/10","2026/02/13","3800","ユニリタ","東証およびＰＴＳ",,"確報",0,0,0,0,0,0,0,0,0,0,0,0,0,0,,,0,0,0,0,0,0,0,0,0,0,0,0,0
"2026/02/10","2026/02/13","3802","エコミック","東証およびＰＴＳ",,"確報",0,0,0,0,0,0,0,0,0,0,0,0,0,0,,,0,0,0,0,0,0,6,0,3,6,0,0,0
"2026/02/10","2026/02/13","3803","イメージ情報開発","東証およびＰＴＳ",,"確報",2800,5100,10400,0,0,0,10400,2114000,3850500,7852000,0,0,0,7852000,,,0,0,0,292100,0,0,5.4,4.7,6.4,5.4,0,0,0
"2026/02/10","2026/02/13","3804","システム　ディ","東証およびＰＴＳ",,"確報",0,0,200,0,0,0,200,0,0,326200,0,0,0,326200,,,0,0,0,3600,0,0,11,11,11,11,0,0,0
"2026/02/10","2026/02/13","3807","フィスコ","東証およびＰＴＳ",,"確報",800,22900,398300,5400,27500,398300,0,97600,2793800,48592600,658800,3355000,48592600,0,,,0,0,1681600,0,0,1681600,38.9,19,39.7,25.7,271.9,43.1,74.4
"2026/02/10","2026/02/13","380A","ＧＸチャイナテック","東証およびＰＴＳ",,"確報",18,0,191,18,0,191,0,20286,0,215257,20286,0,215257,0,,,0,0,0,346,346,0,7.5,10.8,5.8,7.5,10.8,5.8,7.5
"2026/02/10","2026/02/13","3810","サイバーステップＨＤ","東証およびＰＴＳ",,"確報",0,600,293200,0,0,0,293200,0,180600,88253200,0,0,0,88253200,,,0,0,587600,0,0,0,8.3,531.2,4.2,8.3,0,0,0
"2026/02/10","2026/02/13","3815","メディア工房","東証およびＰＴＳ",,"確報",200,100,200,0,0,0,200,102200,51100,102200,0,0,0,102200,,,0,0,0,300,0,0,2.3,2,2.7,2.3,0,0,0
"2026/02/10","2026/02/13","3816","大和コンピューター","東証およびＰＴＳ",,"確報",0,0,1300,0,0,0,1300,0,0,1463800,0,0,0,1463800,,,0,0,3900,0,0,0,0,0,0,0,0,0,0
"2026/02/10","2026/02/13","3817","ＳＲＡＨＤ","東証およびＰＴＳ",,"確報",0,200,1400,0,0,0,1400,0,1076000,7532000,0,0,0,7532000,,,0,0,224000,0,0,0,7.6,15.4,15.4,15.4,0,1,2
"2026/02/10","2026/02/13","381A","ｉＦ米国債３５Ｈ無","東証およびＰＴＳ",,"確報",0,0,52,0,0,0,52,0,0,113308,0,0,0,113308,,,0,0,0,728,0,0,0,0,0,0,0,0,0
"2026/02/10","2026/02/13","3823","ＷＨＹ　ＨＯＷ　ＤＯ","東証およびＰＴＳ",,"確報",297000,17200,751200,0,0,0,751200,21384000,1238400,54086400,0,0,0,54086400,,,0,0,9899400,0,0,0,14.5,8.5,50.1,14.5,0,0,0
"2026/02/10","2026/02/13","3825","リミックスポイント","東証およびＰＴＳ",,"確報",0,12700,625000,0,0,0,625000,0,3314700,163125000,0,0,0,163125000,,,0,0,6377000,0,0,0,101.9,171.1,72.6,101.9,0,0,0
"2026/02/10","2026/02/13","3826","システムインテグレタ","東証およびＰＴＳ",,"確報",200,0,2000,0,0,700,1300,105800,0,1058000,0,0,370300,687700,,,0,0,39600,0,0,15400,9.3,18.8,4.7,7.5,0,10.3,20.5
"2026/02/10","2026/02/13","382A","ｉＦ米国債３５Ｈ有","東証およびＰＴＳ",,"確報",0,0,3,0,0,0,3,0,0,5967,0,0,0,5967,,,0,0,9,0,0,0,0,0,0,0,0,0,0
"2026/02/10","2026/02/13","3834","朝日ネット","東証およびＰＴＳ",,"確報",300,100,4000,0,800,3000,1000,213600,71200,2848000,0,569600,2136000,712000,,,0,0,3800,0,0,3800,14.1,37.9,7.6,12.6,16.4,18,17.1
"2026/02/10","2026/02/13","3835","ｅＢＡＳＥ","東証およびＰＴＳ",,"確報",1200,106300,31800,300,100,137100,-105300,534000,47303500,14151000,133500,44500,61009500,-46858500,,,0,0,1505900,0,0,1505900,3.5,1.6,1.1,1.3,31.1,86.7,45.8
"2026/02/10","2026/02/13","3836","アバントグループ","東証およびＰＴＳ",,"確報",200,6500,21900,0,2100,35800,-13900,311200,10114000,34076400,0,3267600,55704800,-21628400,,,0,0,958800,0,0,1288600,12.6,9.4,10.2,9.7,10.7,33.2,16.2
"2026/02/10","2026/02/13","3837","アドソル日進","東証およびＰＴＳ",,"確報",26600,8000,66700,400,300,66700,0,46603200,14016000,116858400,700800,525600,116858400,0,,,0,0,3126500,0,0,4329000,9,4.8,10.1,6.5,8.2,51,14.1
"2026/02/10","2026/02/13","3839","ＯＤＫソリューション","東証およびＰＴＳ",,"確報",0,0,1200,0,500,0,1200,0,0,748800,0,312000,0,748800,,,0,0,3600,0,0,1500,14.5,0,0,0,9,3,4.5
"2026/02/10","2026/02/13","383A","ＭＸＳＳＰ５００均等","東証およびＰＴＳ",,"確報",0,0,0,0,0,0,0,0,0,0,0,0,0,0,,,0,0,0,0,0,0,4,0,2,4,0,0,0
"2026/02/10","2026/02/13","3840","パス","東証およびＰＴＳ",,"確報",10000,1500,60600,0,0,0,60600,540000,81000,3272400,0,0,0,3272400,,,0,0,52100,0,0,0,40.7,23,176.5,40.7,0,0,0
"2026/02/10","2026/02/13","3841","ジーダット","東証およびＰＴＳ",,"確報",100,100,4200,0,0,0,4200,121000,121000,5082000,0,0,0,5082000,,,0,0,16800,0,0,0,27.6,20.7,41.4,27.6,0,0,0
"2026/02/10","2026/02/13","3842","ネクストジェン","東証およびＰＴＳ",,"確報",100,100,2500,0,0,0,2500,102500,102500,2562500,0,0,0,2562500,,,0,0,0,10000,0,0,44,66,33,44,0,0,0
"2026/02/10","2026/02/13","3843","フリービット","東証およびＰＴＳ",,"確報",0,94800,1300,300,100,400,900,0,154618800,2120300,489300,163100,652400,1467900,,,0,0,1825900,0,0,3800,0.7,1.1,0.6,0.7,1.8,2.8,2.2
"2026/02/10","2026/02/13","3844","コムチュア","東証およびＰＴＳ",,"確報",200,300,8500,100,0,200,8300,299600,449400,12733000,149800,0,299600,12433400,,,0,0,240800,0,0,2800,5.5,5.3,14.1,7.7,4.8,2.6,3.4
"2026/02/10","2026/02/13","3845","アイフリークモバイル","東証およびＰＴＳ",,"確報",300,0,25500,0,0,0,25500,72300,0,6145500,0,0,0,6145500,,,0,0,75600,0,0,0,69.9,39.6,297,69.9,0,0,0
"2026/02/10","2026/02/13","3848","データ・アプリケショ","東証およびＰＴＳ",,"確報",1300,100,3600,2500,0,3600,0,1310400,100800,3628800,2520000,0,3628800,0,,,0,0,0,12000,5500,0,7.9,10.1,35.3,15.7,2.9,8.1,4.3
"2026/02/10","2026/02/13","3850","ＮＴＴＤイントラマト","東証およびＰＴＳ",,"確報",200,1400,7800,0,0,0,7800,752000,5264000,29328000,0,0,0,29328000,,,0,0,2205000,0,0,0,44.5,222.5,24.7,44.5,0,0,0
"2026/02/10","2026/02/13","3851","日本一ソフトウェア","東証およびＰＴＳ",,"確報",0,0,1400,0,100,900,500,0,0,1139600,0,81400,732600,407000,,,0,0,0,5600,4000,0,34.9,71,71,71,0,10.2,20.4
"2026/02/10","2026/02/13","3853","アステリア","東証およびＰＴＳ",,"確報",47600,111000,350800,0,500,413700,-62900,62070400,144744000,457443200,0,652000,539464800,-82021600,,,0,0,17396400,0,0,17396400,14.2,7.6,6.1,6.8,2955.9,3448.5,3183.2
"2026/02/10","2026/02/13","3854","アイル","東証およびＰＴＳ",,"確報",0,0,4400,0,0,0,4400,0,0,10819600,0,0,0,10819600,,,0,0,352000,0,0,0,17.1,0,8.5,17.1,0,0,0
"2026/02/10","2026/02/13","3856","Ａｂａｌａｎｃｅ","東証およびＰＴＳ",,"確報",0,300,42400,0,0,0,42400,0,177300,25058400,0,0,0,25058400,,,0,0,1750700,0,0,0,60.5,108.9,41.9,60.5,0,0,0
"2026/02/10","2026/02/13","3858","ユビキタスＡＩ","東証およびＰＴＳ",,"確報",1000,900,11100,0,0,0,11100,393000,353700,4362300,0,0,0,4362300,,,0,0,132000,0,0,0,29.8,21.7,47.4,29.8,0,0,0
"2026/02/10","2026/02/13","3861","王子ホールディングス","東証およびＰＴＳ",,"確報",0,3800,51200,6400,600,39400,11800,0,3629760,48906240,6113280,573120,37634880,11271360,,,0,0,528000,0,0,322560,12,16.1,12.1,13.8,11.4,9.2,10.2
"2026/02/10","2026/02/13","3863","日本製紙","東証およびＰＴＳ",,"確報",400,2000,17100,3200,0,4300,12800,461200,2306000,19716300,3689600,0,4957900,14758400,,,0,0,317900,0,0,18700,7.4,7.6,11,9,2.8,4.7,3.5
"2026/02/10","2026/02/13","3864","三菱製紙","東証およびＰＴＳ",,"確報",0,2200,746800,2800,300,17500,729300,0,1548800,525747200,1971200,211200,12320000,513427200,,,0,0,5992000,0,0,120000,303.5,0,318.3,636.7,4.1,86.7,7.8
"2026/02/10","2026/02/13","3865","北越コーポレーション","東証およびＰＴＳ",,"確報",0,3100,44600,1600,0,179700,-135100,0,3007000,43262000,1552000,0,174309000,-131047000,,,0,0,620100,0,0,2315300,95.6,152.7,28.7,48.4,66.4,8695,131.7
"2026/02/10","2026/02/13","386A","みのや","東証およびＰＴＳ",,"確報",100,0,2900,0,0,0,2900,172300,0,4996700,0,0,0,4996700,,,0,0,165200,0,0,0,96.7,145,72.5,96.7,0,0,0
"2026/02/10","2026/02/13","3877","中越パルプ工業","東証およびＰＴＳ",,"確報",0,500,5200,0,100,3400,1800,0,1011500,10519600,0,202300,6878200,3641400,,,0,0,45600,0,0,28000,19.9,37,51.8,43.2,4.8,119,9.2
"2026/02/10","2026/02/13","3878","巴川コーポレーション","東証およびＰＴＳ",,"確報",600,1900,10600,0,0,0,10600,467400,1480100,8257400,0,0,0,8257400,,,0,0,0,345100,0,0,33,63.9,28.8,39.7,1,1,1
"2026/02/10","2026/02/13","387A","フラー","東証およびＰＴＳ",,"確報",200,0,5800,0,0,0,5800,301000,0,8729000,0,0,0,8729000,,,0,0,274400,0,0,0,81.1,71,94.7,81.1,0,0,0
"2026/02/10","2026/02/13","3880","大王製紙","東証およびＰＴＳ",,"確報",200,16600,47900,32800,100,98200,-50300,207400,17214200,49672300,34013600,103700,101833400,-52161100,,,0,0,2186200,0,0,2227000,6.1,3.5,3.2,3.3,7.9,867.3,15.6
"2026/02/10","2026/02/13","3891","ニッポン高度紙工業","東証およびＰＴＳ",,"確報",300,0,8900,100,0,6100,2800,1017000,0,30171000,339000,0,20679000,9492000,,,0,0,129000,0,0,90000,12.5,21.2,53,30.3,7.7,5.1,6.1
"2026/02/10","2026/02/13","3892","岡山製紙","東証およびＰＴＳ",,"確報",0,0,6400,0,500,10700,-4300,0,0,11468800,0,896000,19174400,-7705600,,,0,0,121600,0,0,212800,61.3,26.9,0,53.8,48.4,106.4,66.5
"2026/02/10","2026/02/13","3895","ハビックス","東証およびＰＴＳ",,"確報",100,100,6500,0,0,0,6500,43200,43200,2808000,0,0,0,2808000,,,0,0,0,0,0,0,33.5,45.4,26.5,33.5,0,0,0
"2026/02/10","2026/02/13","3896","阿波製紙","東証およびＰＴＳ",,"確報",7100,3800,32200,0,0,0,32200,3656500,1957000,16583000,0,0,0,16583000,,,0,0,28900,0,0,0,7.6,5,15.5,7.6,0,0,0
"2026/02/10","2026/02/13","3900","クラウドワークス","東証およびＰＴＳ",,"確報",6500,8100,88100,200,5500,337300,-249200,5213000,6496200,70656200,160400,4411000,270514600,-199858400,,,0,0,448500,0,0,1713000,12.1,16,3.5,5.7,216.9,53.4,85.7
"2026/02/10","2026/02/13","3901","マークラインズ","東証およびＰＴＳ",,"確報",0,0,265700,0,2900,10400,255300,0,0,395893000,0,4321000,15496000,380397000,,,0,0,531400,0,0,26600,222.8,1021.7,948.7,983.9,107.3,7,13.1
"2026/02/10","2026/02/13","3902","ＭＤＶ","東証およびＰＴＳ",,"確報",200,600,17100,200,0,7600,9500,336000,1008000,28728000,336000,0,12768000,15960000,,,0,0,0,35000,14800,0,32.8,78.5,16.3,27,191,38.2,63.7
"2026/02/10","2026/02/13","3903","ｇｕｍｉ","東証およびＰＴＳ",,"確報",600,43800,2138200,0,3000,1703500,434700,207600,15154800,739817200,0,1038000,589411000,150406200,,,0,0,21814000,0,0,17065000,333.5,424.5,144.1,215.2,1332.7,958.3,1114.9
"2026/02/10","2026/02/13","3904","カヤック","東証およびＰＴＳ",,"確報",100,100,32000,0,0,0,32000,53200,53200,17024000,0,0,0,17024000,,,0,0,0,256000,0,0,145.2,133.1,159.7,145.2,0,0,0
"2026/02/10","2026/02/13","3905","データセクション","東証およびＰＴＳ",,"確報",34600,23000,1008400,6200,0,1011800,-3400,66743400,44367000,1945203600,11959800,0,1951762200,-6558600,,,0,0,122606400,0,0,123688800,50.7,37.4,27.5,31.7,391.2,74.5,125.1
"2026/02/10","2026/02/13","3907","シリコンスタジオ","東証およびＰＴＳ",,"確報",0,100,1200,0,0,0,1200,0,70900,850800,0,0,0,850800,,,0,0,5200,0,0,0,28.4,71,17.8,28.4,0,0,0
"2026/02/10","2026/02/13","3908","コラボス","東証およびＰＴＳ",,"確報",500,0,5600,0,0,0,5600,199500,0,2234400,0,0,0,2234400,,,0,0,15300,0,0,0,11.8,12.8,11,11.8,0,0,0
"2026/02/10","2026/02/13","3909","ショーケース","東証およびＰＴＳ",,"確報",1000,300,5500,0,0,0,5500,265000,79500,1457500,0,0,0,1457500,,,0,0,4800,0,0,0,29.1,17.6,82.3,29.1,0,0,0
"2026/02/10","2026/02/13","3910","エムケイシステム","東証およびＰＴＳ",,"確報",0,0,100,0,0,0,100,0,0,29400,0,0,0,29400,,,0,0,0,0,0,0,6,3,0,6,0,0,0
"2026/02/10","2026/02/13","3911","Ａｉｍｉｎｇ","東証およびＰＴＳ",,"確報",0,3400,149100,0,0,0,149100,0,765000,33547500,0,0,0,33547500,,,0,0,915000,0,0,0,71.1,48.6,132.2,71.1,0,0,0
"2026/02/10","2026/02/13","3912","モバイルファクトリー","東証およびＰＴＳ",,"確報",100,100,4500,0,100,100,4400,116300,116300,5233500,0,116300,116300,5117200,,,0,0,0,18000,800,0,7.1,80.7,11.5,20.2,2.1,1.3,1.6
"2026/02/10","2026/02/13","3913","ＧｒｅｅｎＢｅｅ","東証およびＰＴＳ",,"確報",800,0,8100,0,0,0,8100,1115200,0,11291400,0,0,0,11291400,,,0,0,321200,0,0,0,23.5,18.5,32,23.5,0,0,0
"2026/02/10","2026/02/13","3914","ＪＩＧ－ＳＡＷ","東証およびＰＴＳ",,"確報",0,300,8700,0,0,0,8700,0,812700,23568300,0,0,0,23568300,,,0,0,540000,0,0,0,31,31,31,31,0,0,0
"2026/02/10","2026/02/13","3915","テラスカイ","東証およびＰＴＳ",,"確報",1300,6000,25400,0,3100,125400,-100000,2611700,12054000,51028600,0,6227900,251928600,-200900000,,,0,0,2829400,0,0,12079000,37.1,11.7,7.2,9,102.7,181.9,131.2
"2026/02/10","2026/02/13","3916","ＤＩＴ","東証およびＰＴＳ",,"確報",17300,2700,38800,0,200,42700,-3900,20950300,3269700,46986800,0,242200,51709700,-4722900,,,0,0,1016400,0,0,1801800,12.9,7,8.5,7.6,24,32.4,27.6
"2026/02/10","2026/02/13","3917","アイリッジ","東証およびＰＴＳ",,"確報",1000,1000,31700,0,0,4800,26900,622000,622000,19717400,0,0,2985600,16731800,,,0,0,317000,0,0,48000,30,83.6,16.7,27.9,254,36.3,63.5
"2026/02/10","2026/02/13","3918","ＰＣＩＨＤ","東証およびＰＴＳ",,"確報",900,100,13100,0,0,0,13100,1302300,144700,18955700,0,0,0,18955700,,,0,0,516600,0,0,0,47.4,37.6,64,47.4,0,0,0
"2026/02/10","2026/02/13","3920","アイビーシー","東証およびＰＴＳ",,"確報",100,100,3100,0,100,200,2900,95800,95800,2969800,0,95800,191600,2778200,,,0,0,12400,0,0,1200,30.2,78,52,62.4,2.5,5,3.3
"2026/02/10","2026/02/13","3921","ネオジャパン","東証およびＰＴＳ",,"確報",100,0,51700,0,800,1300,50400,174300,0,90113100,0,1394400,2265900,87847200,,,0,0,1238400,0,0,50400,66,161.6,430.8,235,2.8,3.1,2.9
"2026/02/10","2026/02/13","3922","ＰＲ　ＴＩＭＥＳ","東証およびＰＴＳ",,"確報",200,0,14500,1700,0,7000,7500,495400,0,35916500,4210900,0,17339000,18577500,,,0,0,786500,0,0,291500,8.8,42.5,15.3,22.5,3.6,4.1,3.8
"2026/02/10","2026/02/13","3923","ラクス","東証およびＰＴＳ",,"確報",5400,14100,135300,13300,2200,70600,64700,4623480,12072420,115843860,11387460,1883640,60447720,55396140,,,0,0,7963200,0,0,3290350,8.4,7.1,8.2,7.6,9.3,14.9,11.5
"2026/02/10","2026/02/13","3924","ランドコンピュータ","東証およびＰＴＳ",,"確報",0,100,4800,0,0,9900,-5100,0,100000,4800000,0,0,9900000,-5100000,,,0,0,122500,0,0,247500,247.3,0,49.8,99.6,493,0,986
"2026/02/10","2026/02/13","3925","ダブルスタンダード","東証およびＰＴＳ",,"確報",100,400,66400,0,0,0,66400,161600,646400,107302400,0,0,0,107302400,,,0,0,2201100,0,0,0,19.9,191.8,10.5,19.9,0,0,0
"2026/02/10","2026/02/13","3926","オープンドア","東証およびＰＴＳ",,"確報",100,300,21800,0,0,0,21800,30500,91500,6649000,0,0,0,6649000,,,0,0,132000,0,0,0,100.4,62,263.5,100.4,0,0,0
"2026/02/10","2026/02/13","3927","フーバーブレイン","東証およびＰＴＳ",,"確報",2000,3000,79600,0,0,0,79600,1980000,2970000,78804000,0,0,0,78804000,,,0,0,5077800,0,0,0,82.2,79.8,84.9,82.2,0,0,0
"2026/02/10","2026/02/13","3928","マイネット","東証およびＰＴＳ",,"確報",100,1000,25900,1400,0,16600,9300,30600,306000,7925400,428400,0,5079600,2845800,,,0,0,348400,0,0,197600,62.9,1359,68,129.4,16.2,0,32.5
"2026/02/10","2026/02/13","3929","ソーシャルワイヤー","東証およびＰＴＳ",,"確報",0,0,2400,0,0,0,2400,0,0,712800,0,0,0,712800,,,0,0,2400,0,0,0,18,19.5,16.7,18,0,0,0
"2026/02/10","2026/02/13","392A","ｉＳＱトップ","東証およびＰＴＳ",,"確報",350,0,18780,0,0,0,18780,80570,0,4323156,0,0,0,4323156,,,0,0,5529,0,0,0,35.3,22.4,83.8,35.3,0,0,0
"2026/02/10","2026/02/13","3930","はてな","東証およびＰＴＳ",,"確報",0,0,600,0,0,0,600,0,0,562800,0,0,0,562800,,,0,0,4200,0,0,0,27,27,27,27,0,0,0
"2026/02/10","2026/02/13","3931","バリューゴルフ","東証およびＰＴＳ",,"確報",0,100,100,0,0,0,100,0,154500,154500,0,0,0,154500,,,0,0,0,2200,0,0,6,6,6,6,0,0,0
"2026/02/10","2026/02/13","3932","アカツキ","東証およびＰＴＳ",,"確報",2500,300,20500,1200,0,16600,3900,6862500,823500,56272500,3294000,0,45567000,10705500,,,0,0,3916200,0,0,3295600,26.5,28.4,25.4,26.8,72.9,15.9,26.1
"2026/02/10","2026/02/13","3933","チエル","東証およびＰＴＳ",,"確報",0,100,4000,0,0,400,3600,0,67600,2704000,0,0,270400,2433600,,,0,0,20500,0,0,2000,37.2,101.5,50.8,67.7,0,3.3,6.7
"2026/02/10","2026/02/13","3934","ベネフィットジャパン","東証およびＰＴＳ",,"確報",300,100,800,0,0,0,800,598800,199600,1596800,0,0,0,1596800,,,0,0,0,7800,0,0,10.3,7.8,15.5,10.3,0,0,0
"2026/02/10","2026/02/13","3935","エディア","東証およびＰＴＳ",,"確報",300,500,25300,0,0,0,25300,224700,374500,18949700,0,0,0,18949700,,,0,0,1096500,0,0,0,25,32.2,20.4,25,0,0,0
"2026/02/10","2026/02/13","3936","グローバルウェイ","東証およびＰＴＳ",,"確報",1700,2500,117200,0,0,0,117200,244800,360000,16876800,0,0,0,16876800,,,0,0,590000,0,0,0,27.4,51.9,18.6,27.4,0,0,0
"2026/02/10","2026/02/13","3937","Ｕｂｉｃｏｍ","東証およびＰＴＳ",,"確報",400,100,12300,100,0,600,11700,404000,101000,12423000,101000,0,606000,11817000,,,0,0,0,36000,1500,0,14,45.5,15.5,23.2,4.3,1.3,2
"2026/02/10","2026/02/13","3939","カナミックＮ","東証およびＰＴＳ",,"確報",700,3100,60900,2800,0,119200,-58300,385000,1705000,33495000,1540000,0,65560000,-32065000,,,0,0,886200,0,0,1629600,15.4,13,10.6,11.7,9.9,1041.4,19.5
"2026/02/10","2026/02/13","3940","ノムラシステム","東証およびＰＴＳ",,"確報",3700,100,23600,3600,0,23600,0,492100,13300,3138800,478800,0,3138800,0,,,0,0,0,0,0,0,11.7,14,327.3,26.9,3.3,716,6.6
"2026/02/10","2026/02/13","3941","レンゴー","東証およびＰＴＳ",,"確報",1400,13000,34600,100,26600,19700,14900,2072000,19240000,51208000,148000,39368000,29156000,22052000,,,0,0,1178100,0,0,1178100,6.3,6.2,4.4,5.2,20.6,5.2,8.3
"2026/02/10","2026/02/13","3943","大石産業","東証およびＰＴＳ",,"確報",0,0,3700,0,0,0,3700,0,0,5242900,0,0,0,5242900,,,0,0,44400,0,0,0,0,0,0,0,0,0,0
"2026/02/10","2026/02/13","3944","古林紙工","東証およびＰＴＳ",,"確報",100,0,100,0,0,0,100,276500,0,276500,0,0,0,276500,,,0,0,0,0,0,0,1,1,1,1,0,0,0
"2026/02/10","2026/02/13","3945","スーパーバッグ","東証およびＰＴＳ",,"確報",0,100,600,0,0,0,600,0,267200,1603200,0,0,0,1603200,,,0,0,0,3500,0,0,12.5,8.3,25,12.5,0,0,0
"2026/02/10","2026/02/13","3946","トーモク","東証およびＰＴＳ",,"確報",0,200,2300,0,0,1800,500,0,717000,8245500,0,0,6453000,1792500,,,0,0,100000,0,0,72000,24.4,10.6,19.5,13.8,0,0,0
"2026/02/10","2026/02/13","3947","ダイナパック","東証およびＰＴＳ",,"確報",0,0,30300,0,0,0,30300,0,0,80779800,0,0,0,80779800,,,0,0,0,272700,0,0,1520,0,760,1520,0,0,0
"2026/02/10","2026/02/13","3948","光ビジネスフォーム","東証およびＰＴＳ",,"確報",0,0,0,0,0,0,0,0,0,0,0,0,0,0,,,0,0,0,0,0,0,6,0,3,6,0,0,0
"2026/02/10","2026/02/13","394A","業界改革厳選テレビ","東証およびＰＴＳ",,"確報",0,0,110,0,0,0,110,0,0,63074,0,0,0,63074,,,0,0,2024,0,0,0,112,0,56,112,0,0,0
"2026/02/10","2026/02/13","3950","ザ・パック","東証およびＰＴＳ",,"確報",1300,100,8400,1500,500,35600,-27200,1774500,136500,11466000,2047500,682500,48594000,-37128000,,,0,0,151200,0,0,726600,9,4.9,4.7,4.8,8.2,24.4,12.3
"2026/02/10","2026/02/13","3951","朝日印刷","東証およびＰＴＳ",,"確報",100,0,3300,300,100,300,3000,89700,0,2960100,269100,89700,269100,2691000,,,0,0,0,6400,200,0,42.3,161,0,322,1.6,4,2.3
"2026/02/10","2026/02/13","3953","大村紙業","東証およびＰＴＳ",,"確報",0,0,1700,0,0,0,1700,0,0,1400800,0,0,0,1400800,,,0,0,0,6800,0,0,0,0,0,0,0,0,0
"2026/02/10","2026/02/13","3954","昭和パックス","東証およびＰＴＳ",,"確報",600,0,206100,0,0,0,206100,1968000,0,676008000,0,0,0,676008000,,,0,0,0,0,0,0,661.2,330.6,0,661.2,0,0,0
"2026/02/10","2026/02/13","3955","イムラ","東証およびＰＴＳ",,"確報",0,200,3000,300,0,1500,1500,0,189600,2844000,284400,0,1422000,1422000,,,0,0,9600,0,0,3600,8.2,9.2,9.2,9.2,7.5,5.9,6.6
"2026/02/10","2026/02/13","3958","笹徳印刷","東証およびＰＴＳ",,"確報",0,0,13000,0,0,0,13000,0,0,7514000,0,0,0,7514000,,,0,0,39000,0,0,0,0,0,0,0,0,0,0
"2026/02/10","2026/02/13","395A","業界改革厳選地銀","東証およびＰＴＳ",,"確報",110,1100,39800,0,0,0,39800,98241,982410,35545380,0,0,0,35545380,,,0,0,603692,0,0,0,39.1,26.2,77.6,39.1,0,0,0
"2026/02/10","2026/02/13","3961","シルバーエッグ","東証およびＰＴＳ",,"確報",100,0,300,0,0,0,300,76300,0,228900,0,0,0,228900,,,0,0,0,0,0,0,3.3,1.7,0,3.3,0,0,0
"2026/02/10","2026/02/13","3962","チェンジＨＤ","東証およびＰＴＳ",,"確報",100,16700,485300,300,0,31200,454100,103800,17334600,503741400,311400,0,32385600,471355800,,,0,0,13551300,0,0,834300,106.1,108.3,104.6,106.4,82.1,130,100.6
"2026/02/10","2026/02/13","3963","シンクロ・フード","東証およびＰＴＳ",,"確報",4200,1900,117000,2000,100,150700,-33700,2482200,1122900,69147000,1182000,59100,89063700,-19916700,,,0,0,3096900,0,0,4017600,33.6,18.3,22.9,20.3,79.4,57.1,66.4
"2026/02/10","2026/02/13","3964","オークネット","東証およびＰＴＳ",,"確報",100,0,11900,0,1700,5300,6600,215900,0,25692100,0,3670300,11442700,14249400,,,0,0,129800,0,0,77000,32.3,294,0,588,11.8,10.1,10.9
"2026/02/10","2026/02/13","3965","ＣＡＰ","東証およびＰＴＳ",,"確報",300,0,2200,0,0,0,2200,242100,0,1775400,0,0,0,1775400,,,0,0,1900,0,0,0,14,36.8,8.6,14,0,0,0
"2026/02/10","2026/02/13","3967","エルテス","東証およびＰＴＳ",,"確報",100,0,8000,0,0,0,8000,66900,0,5352000,0,0,0,5352000,,,0,0,118500,0,0,0,160.4,200.5,133.7,160.4,0,0,0
"2026/02/10","2026/02/13","3968","セグエグループ","東証およびＰＴＳ",,"確報",43400,23600,171200,2700,872500,107600,63600,23392600,12720400,92276800,1455300,470277500,57996400,34280400,,,0,0,1665400,0,0,10751400,4.4,8.4,6.6,7.4,4.2,4,4.1
"2026/02/10","2026/02/13","3969","エイトレッド","東証およびＰＴＳ",,"確報",300,0,1400,0,0,0,1400,427800,0,1996400,0,0,0,1996400,,,0,0,17600,0,0,0,16.6,9.7,58,16.6,0,0,0
"2026/02/10","2026/02/13","396A","業界改革厳選ＲＥＩＴ","東証およびＰＴＳ",,"確報",0,0,0,0,0,0,0,0,0,0,0,0,0,0,,,0,0,0,0,0,0,0,0,0,0,0,0,0
"2026/02/10","2026/02/13","3970","イノベーション","東証およびＰＴＳ",,"確報",100,0,700,0,0,0,700,93300,0,653100,0,0,0,653100,,,0,0,0,16800,0,0,62,31,0,62,0,0,0
"2026/02/10","2026/02/13","3974","ＳＣＡＴ","東証およびＰＴＳ",,"確報",0,0,1100,0,0,0,1100,0,0,633600,0,0,0,633600,,,0,0,0,0,0,0,0,0,0,0,0,0,0
"2026/02/10","2026/02/13","3979","うるる","東証およびＰＴＳ",,"確報",600,0,2200,0,0,0,2200,248400,0,910800,0,0,0,910800,,,0,0,12800,0,0,0,28.7,14.3,0,28.7,0,0,0
"2026/02/10","2026/02/13","3981","ビーグリー","東証およびＰＴＳ",,"確報",0,0,40700,0,0,0,40700,0,0,51119200,0,0,0,51119200,,,0,0,0,81400,0,0,127.9,73.4,495.8,127.9,0,0,0
"2026/02/10","2026/02/13","3983","オロ","東証およびＰＴＳ",,"確報",0,700,20000,5800,2700,41900,-21900,0,1414700,40420000,11721800,5456700,84679900,-44259900,,,0,0,703800,0,0,1319200,25.7,21.1,29.2,24.5,19.9,38.7,26.3
"2026/02/10","2026/02/13","3984","ユーザーローカル","東証およびＰＴＳ",,"確報",200,1100,40900,200,1100,40900,0,350600,1928300,71697700,350600,1928300,71697700,0,,,0,0,627000,0,0,627000,29.3,25.9,47.7,33.6,21.1,33.6,25.9
"2026/02/10","2026/02/13","3985","テモナ","東証およびＰＴＳ",,"確報",200,0,2200,0,0,0,2200,44000,0,484000,0,0,0,484000,,,0,0,0,2000,0,0,13.5,57.5,7.7,13.5,0,0,0
"2026/02/10","2026/02/13","3986","ビーブレイク","東証およびＰＴＳ",,"確報",0,0,1600,0,0,0,1600,0,0,718400,0,0,0,718400,,,0,0,11200,0,0,0,78,78,78,78,0,0,0
"2026/02/10","2026/02/13","3987","エコモット","東証およびＰＴＳ",,"確報",0,0,600,0,0,0,600,0,0,303600,0,0,0,303600,,,0,0,0,1200,0,0,66,0,33,66,0,0,0
"2026/02/10","2026/02/13","3988","ＳＹＳＨＤ","東証およびＰＴＳ",,"確報",0,100,500,0,0,0,500,0,54500,272500,0,0,0,272500,,,0,0,0,2400,0,0,11.5,11.5,11.5,11.5,0,0,0
"2026/02/10","2026/02/13","3989","シェアリングＴ","東証およびＰＴＳ",,"確報",900,100,10100,0,0,0,10100,1044900,116100,11726100,0,0,0,11726100,,,0,0,195300,0,0,0,23.4,16.5,39.9,23.4,0,0,0
"2026/02/10","2026/02/13","3991","ウォンテッドリー","東証およびＰＴＳ",,"確報",0,100,600,0,0,0,600,0,111600,669600,0,0,0,669600,,,0,0,0,6300,0,0,14,9.3,28,14,0,0,0
"2026/02/10","2026/02/13","3992","ニーズウェル","東証およびＰＴＳ",,"確報",100,8000,94400,0,4400,373700,-279300,55400,4432000,52297600,0,2437600,207029800,-154732200,,,0,0,306900,0,0,1134300,23.4,26.1,29.2,27.6,67.1,13.6,22.6
"2026/02/10","2026/02/13","3993","ＰＫＳＨＡ","東証およびＰＴＳ",,"確報",100,2400,674100,6000,2300,256600,417500,292000,7008000,1968372000,17520000,6716000,749272000,1219100000,,,0,0,111606000,0,0,41728500,274.2,301.9,363.6,329.9,123,408.6,189.1
"2026/02/10","2026/02/13","3994","マネーフォワード","東証およびＰＴＳ",,"確報",31400,13200,121500,0,5700,121500,0,103620000,43560000,400950000,0,18810000,400950000,0,,,0,0,10846500,0,0,13356000,11.8,7.3,12.1,9.1,11.5,27.8,16.3
"2026/02/10","2026/02/13","3996","サインポスト","東証およびＰＴＳ",,"確報",100,0,67600,0,700,47500,20100,27400,0,18522400,0,191800,13015000,5507400,,,0,0,270000,0,0,192800,111.4,85.7,208.9,121.5,0,50,100
"2026/02/10","2026/02/13","3997","トレードワークス","東証およびＰＴＳ",,"確報",0,14400,1027900,6300,1700,422100,605800,0,6854400,489280400,2998800,809200,200919600,288360800,,,0,0,23972900,0,0,9602500,59.1,42.7,102.3,60.2,97.9,40,56.8
"2026/02/10","2026/02/13","3998","すららネット","東証およびＰＴＳ",,"確報",400,900,13700,100,600,13700,0,131200,295200,4493600,32800,196800,4493600,0,,,0,0,28400,0,0,28400,19.6,15.5,10.5,12.5,145.4,26.9,45.4
"2026/02/10","2026/02/13","399A","上場日経高配当５０","東証およびＰＴＳ",,"確報",10,1645,11890,0,0,0,11890,21900,3602550,26039100,0,0,0,26039100,,,0,0,541000,0,0,0,10.1,9,11.5,10.1,0,0,0
"2026/02/10","2026/02/13","4004","レゾナックＨＤ","東証およびＰＴＳ",,"確報",15100,2200,57300,8800,3700,183600,-126300,143721800,20939600,545381400,83758400,35216600,1747504800,-1202123400,,,0,0,13364400,0,0,53728500,8.4,4.7,6.2,5.3,9.7,11.7,10.6
"2026/02/10","2026/02/13","4005","住友化学","東証およびＰＴＳ",,"確報",49900,20300,218100,8300,22600,82800,135300,28423040,11562880,124229760,4727680,12872960,47162880,77066880,,,0,0,1866150,0,0,961290,2.1,3.2,2.5,2.8,1.4,1.6,1.5
"2026/02/10","2026/02/13","4008","住友精化","東証およびＰＴＳ",,"確報",4000,1400,9400,600,200,2500,6900,25480000,8918000,59878000,3822000,1274000,15925000,43953000,,,0,0,1020000,0,0,315000,4.5,2.3,8.6,3.7,5.5,31.3,9.4
"2026/02/10","2026/02/13","4011","ヘッドウォータース","東証およびＰＴＳ",,"確報",0,1000,10000,0,0,0,10000,0,2924000,29240000,0,0,0,29240000,,,0,0,924000,0,0,0,18.8,16.2,22.3,18.8,0,0,0
"2026/02/10","2026/02/13","4012","アクシス","東証およびＰＴＳ",,"確報",100,200,2900,0,100,2900,0,166000,332000,4814000,0,166000,4814000,0,,,0,0,0,30000,30000,0,4.5,4.2,5.2,4.6,2.9,8.8,4.4
"2026/02/10","2026/02/13","4013","勤次郎","東証およびＰＴＳ",,"確報",3100,300,34000,4400,0,12800,21200,3131000,303000,34340000,4444000,0,12928000,21412000,,,0,0,2340000,0,0,630000,3.2,6.3,1.7,2.7,11.1,2.9,4.7
"2026/02/10","2026/02/13","4014","カラダノート","東証およびＰＴＳ",,"確報",500,0,6300,0,0,0,6300,228500,0,2879100,0,0,0,2879100,,,0,0,52200,0,0,0,53.8,32.9,148,53.8,0,0,0
"2026/02/10","2026/02/13","4015","ペイクラウドＨＤ","東証およびＰＴＳ",,"確報",200,800,13000,0,0,0,13000,102000,408000,6630000,0,0,0,6630000,,,0,0,122400,0,0,0,45.2,140,26.9,45.2,0,0,0
"2026/02/10","2026/02/13","4016","ＭＩＴＨＤ","東証およびＰＴＳ",,"確報",800,0,4300,0,0,0,4300,757600,0,4072100,0,0,0,4072100,,,0,0,0,38500,0,0,14.1,11,19.6,14.1,0,0,0
"2026/02/10","2026/02/13","4017","クリーマ","東証およびＰＴＳ",,"確報",200,0,5600,0,0,0,5600,50000,0,1400000,0,0,0,1400000,,,0,0,0,5400,0,0,179.3,89.7,0,179.3,0,0,0
"2026/02/10","2026/02/13","4019","スタメン","東証およびＰＴＳ",,"確報",100,5400,59100,0,10800,109800,-50700,66900,3612600,39537900,0,7225200,73456200,-33918300,,,0,0,1867600,0,0,3497400,26,26.3,13.1,17.5,27,50.3,35.2
"2026/02/10","2026/02/13","401A","Ｒ－霞ヶ関ホテル","東証およびＰＴＳ",,"確報",3,0,211,0,0,0,211,316500,0,22260500,0,0,0,22260500,,,0,0,62400,0,0,0,40.9,40.1,41.7,40.9,0,0,0
"2026/02/10","2026/02/13","4020","ビートレンド","東証およびＰＴＳ",,"確報",100,0,1700,0,0,0,1700,77000,0,1309000,0,0,0,1309000,,,0,0,0,6400,0,0,162,81,0,162,0,0,0
"2026/02/10","2026/02/13","4021","日産化学","東証およびＰＴＳ",,"確報",8500,700,13000,11900,500,13000,0,58386500,4808300,89297000,81741100,3434500,89297000,0,,,0,0,5200000,0,0,1600000,3.5,3.1,7.5,4.4,1.3,12.1,2.3
"2026/02/10","2026/02/13","4022","ラサ工業","東証およびＰＴＳ",,"確報",2700,0,24000,200,500,10000,14000,22734000,0,202080000,1684000,4210000,84200000,117880000,,,0,0,8094000,0,0,3914000,18.2,20.9,42.5,28,7.3,12.6,9.2
"2026/02/10","2026/02/13","4023","クレハ","東証およびＰＴＳ",,"確報",3700,2300,16000,1400,0,16000,0,17316000,10764000,74880000,6552000,0,74880000,0,,,0,0,1606000,0,0,1606000,5,4.4,4.7,4.6,5.3,5.7,5.5
"2026/02/10","2026/02/13","4025","多木化学","東証およびＰＴＳ",,"確報",17600,1300,24300,16700,0,24700,-400,68992000,5096000,95256000,65464000,0,96824000,-1568000,,,0,0,520000,0,0,520000,5,2.9,7.2,4.2,3.8,18.2,6.3
"2026/02/10","2026/02/13","4026","神島化学工業","東証およびＰＴＳ",,"確報",900,0,13400,0,200,1100,12300,1543500,0,22981000,0,343000,1886500,21094500,,,0,0,187500,0,0,19500,21.5,41.8,16.3,23.4,14.6,10.4,12.2
"2026/02/10","2026/02/13","4027","テイカ","東証およびＰＴＳ",,"確報",17000,1400,638000,1300,200,86400,551600,28067000,2311400,1053338000,2146300,330200,142646400,910691600,,,0,0,15560000,0,0,2132500,23.4,13.3,683.5,26.1,6.9,49.2,12.2
"2026/02/10","2026/02/13","4028","石原産業","東証およびＰＴＳ",,"確報",300,300,19100,0,0,0,19100,934500,934500,59496500,0,0,0,59496500,,,0,0,573000,0,0,0,21.3,32.6,15.8,21.3,0,0,0
"2026/02/10","2026/02/13","402A","アクセルスペース","東証およびＰＴＳ",,"確報",38300,1403900,1031700,0,0,0,1031700,21333100,781972300,574656900,0,0,0,574656900,,,0,0,2397300,0,0,0,2.8,3.2,2.5,2.8,0,0,0
"2026/02/10","2026/02/13","4031","片倉コープアグリ","東証およびＰＴＳ",,"確報",0,0,5600,0,100,2200,3400,0,0,5560800,0,99300,2184600,3376200,,,0,0,0,11200,4600,0,42.5,93,279,139.5,62.5,9.6,16.7
"2026/02/10","2026/02/13","4040","南海化学","東証およびＰＴＳ",,"確報",0,0,1200,0,0,0,1200,0,0,3906000,0,0,0,3906000,,,0,0,18000,0,0,0,17,0,8.5,17,0,0,0
"2026/02/10","2026/02/13","4041","日本曹達","東証およびＰＴＳ",,"確報",1700,2000,3400,100,1000,2800,600,6621500,7790000,13243000,389500,3895000,10906000,2337000,,,0,0,129500,0,0,129500,5.3,4.6,5.4,5,5.6,5.6,5.6
"2026/02/10","2026/02/13","4042","東ソー","東証およびＰＴＳ",,"確報",2300,300,17000,2000,0,17000,0,6034050,787050,44599500,5247000,0,44599500,0,,,0,0,547500,0,0,547500,3.2,2.5,2.4,2.4,4.9,4,4.4
"2026/02/10","2026/02/13","4043","トクヤマ","東証およびＰＴＳ",,"確報",1700,2100,25100,100,0,2900,22200,7072000,8736000,104416000,416000,0,12064000,92352000,,,0,0,1581000,0,0,173600,18.9,22.7,14,17.3,141,0,282
"2026/02/10","2026/02/13","4044","セントラル硝子","東証およびＰＴＳ",,"確報",1800,1200,3300,100,300,2500,800,7173000,4782000,13150500,398500,1195500,9962500,3188000,,,0,0,391500,0,0,391500,6.8,3.5,4.6,4,25,31.3,27.8
"2026/02/10","2026/02/13","4045","東亞合成","東証およびＰＴＳ",,"確報",9200,400,26100,2000,0,74400,-48300,17277600,751200,49015800,3756000,0,139723200,-90707400,,,0,0,207600,0,0,868800,20.7,10.1,7,8.3,32.5,59.1,42
"2026/02/10","2026/02/13","4046","大阪ソーダ","東証およびＰＴＳ",,"確報",14300,2100,40700,36300,600,83200,-42500,33290400,4888800,94749600,84506400,1396800,193689600,-98940000,,,0,0,0,2536500,4227500,0,9.2,4.4,11.2,6.3,7,58.9,12.5
"2026/02/10","2026/02/13","4047","関東電化工業","東証およびＰＴＳ",,"確報",4700,3600,32700,1100,400,165300,-132600,6457800,4946400,44929800,1511400,549600,227122200,-182192400,,,0,0,600400,0,0,3127400,46.1,15.4,7.4,10,111.8,388.6,173.6
"2026/02/10","2026/02/13","404A","ＧＸ中国テック１０","東証およびＰＴＳ",,"確報",3500,0,10555,0,0,0,10555,3881500,0,11705495,0,0,0,11705495,,,0,0,63495,0,0,0,18.4,11.6,44.5,18.4,0,0,0
"2026/02/10","2026/02/13","4051","ＧＭＯ－ＦＧ","東証およびＰＴＳ",,"確報",100,200,16000,0,0,0,16000,524000,1048000,83840000,0,0,0,83840000,,,0,0,1932000,0,0,0,159.8,159.8,159.8,159.8,0,0,0
"2026/02/10","2026/02/13","4052","フィーチャ","東証およびＰＴＳ",,"確報",0,0,1300,0,0,0,1300,0,0,380900,0,0,0,380900,,,0,0,0,0,0,0,28,14,0,28,0,0,0
"2026/02/10","2026/02/13","4053","サンアスタリスク","東証およびＰＴＳ",,"確報",0,5600,107500,0,5600,107500,0,0,2570400,49342500,0,2570400,49342500,0,,,0,0,1809600,0,0,1809600,20.5,30,11.2,16.3,119.9,15.6,27.6
"2026/02/10","2026/02/13","4054","日本情報クリエイト","東証およびＰＴＳ",,"確報",800,1300,50200,0,100,200,50000,500000,812500,31375000,0,62500,125000,31250000,,,0,0,1166100,0,0,6900,53.9,63.5,60.5,62,4.2,2.6,3.2
"2026/02/10","2026/02/13","4055","ティアンドエスＧ","東証およびＰＴＳ",,"確報",11000,14300,54400,0,3300,54400,0,20625000,26812500,102000000,0,6187500,102000000,0,,,0,0,3288900,0,0,3288900,19,11.3,13,12.1,35.5,61.7,45
"2026/02/10","2026/02/13","4056","ニューラルグループ","東証およびＰＴＳ",,"確報",900,0,12600,0,0,0,12600,378900,0,5304600,0,0,0,5304600,,,0,0,269100,0,0,0,67.2,55,86.4,67.2,0,0,0
"2026/02/10","2026/02/13","4057","インターファクトリー","東証およびＰＴＳ",,"確報",0,0,600,0,0,0,600,0,0,243600,0,0,0,243600,,,0,0,1800,0,0,0,0,0,0,0,0,0,0
"2026/02/10","2026/02/13","4058","トヨクモ","東証およびＰＴＳ",,"確報",4300,0,30300,4300,0,30300,0,9825500,0,69235500,9825500,0,69235500,0,,,0,0,3562000,0,0,3562000,24.3,12.5,35.1,18.4,18.5,432.7,35.6
"2026/02/10","2026/02/13","4059","まぐまぐ","東証およびＰＴＳ",,"確報",0,0,500,0,0,0,500,0,0,277000,0,0,0,277000,,,0,0,6500,0,0,0,26,26,26,26,0,0,0
"2026/02/10","2026/02/13","4060","ｒａｋｕｍｏ","東証およびＰＴＳ",,"確報",0,0,12300,0,100,2100,10200,0,0,13443900,0,109300,2295300,11148600,,,0,0,332100,0,0,59400,51.1,77,154,102.7,5.7,37,9.9
"2026/02/10","2026/02/13","4061","デンカ","東証およびＰＴＳ",,"確報",1300,5900,10000,0,600,0,10000,3953300,17941900,30410000,0,1824600,0,30410000,,,0,0,1540300,0,0,63300,7.5,10.8,6.3,7.9,4.4,2.9,3.5
"2026/02/10","2026/02/13","4062","イビデン","東証およびＰＴＳ",,"確報",6800,28500,228200,0,2500,6500,221700,53842400,225663000,1806887600,0,19795000,51467000,1755420600,,,0,0,30987600,0,0,1116000,6.8,5.8,8.8,7,4.4,1.8,2.5
"2026/02/10","2026/02/13","4063","信越化学工業","東証およびＰＴＳ",,"確報",2800,6800,196900,406100,0,5910400,-5713500,15257200,37053200,1072908100,2212838900,0,32205769600,-31132861500,,,0,0,35358400,0,0,968756800,6.7,4.7,3.5,4,3.5,138.9,6.8
"2026/02/10","2026/02/13","4064","日本カーバイド工業","東証およびＰＴＳ",,"確報",1700,3400,15200,500,100,4600,10600,5028600,10057200,44961600,1479000,295800,13606800,31354800,,,0,0,946400,0,0,235200,5.4,4.6,6.3,5.3,4.8,6.6,5.6
"2026/02/10","2026/02/13","4068","ベイシス","東証およびＰＴＳ",,"確報",100,0,200,0,0,0,200,180900,0,361800,0,0,0,361800,,,0,0,0,200,0,0,6,6,6,6,0,0,0
"2026/02/10","2026/02/13","4069","ＢｌｕｅＭｅｍｅ","東証およびＰＴＳ",,"確報",100,100,500,0,0,0,500,134800,134800,674000,0,0,0,674000,,,0,0,16000,0,0,0,15.3,11.5,23,15.3,0,0,0
"2026/02/10","2026/02/13","4071","プラスアルファ","東証およびＰＴＳ",,"確報",200,0,9300,300,100,9300,0,421400,0,19595100,632100,210700,19595100,0,,,0,0,646100,0,0,646100,14.6,14.2,12.7,13.4,13.8,19.1,16
"2026/02/10","2026/02/13","4072","電算システムＨＤ","東証およびＰＴＳ",,"確報",0,2200,36400,5700,900,9600,26800,0,6985000,115570000,18097500,2857500,30480000,85090000,,,0,0,7758600,0,0,964800,23.5,32.2,58.2,41.4,3.6,15.4,5.9
"2026/02/10","2026/02/13","4073","ジィ・シィ企画","東証およびＰＴＳ",,"確報",0,100,3700,0,0,0,3700,0,56500,2090500,0,0,0,2090500,,,0,0,19000,0,0,0,124.7,187,93.5,124.7,0,0,0
"2026/02/10","2026/02/13","4074","ラキール","東証およびＰＴＳ",,"確報",100,6200,86600,0,3900,98100,-11500,78100,4842200,67634600,0,3045900,76616100,-8981500,,,0,0,3800700,0,0,4182000,40.4,19.8,62.1,30.1,479.1,29.8,56.1
"2026/02/10","2026/02/13","4075","ブレインズ","東証およびＰＴＳ",,"確報",200,0,2000,0,0,0,2000,170400,0,1704000,0,0,0,1704000,,,0,0,32400,0,0,0,18,11.3,45,18,0,0,0
"2026/02/10","2026/02/13","4076","シイエヌエス","東証およびＰＴＳ",,"確報",0,100,900,0,0,0,900,0,172300,1550700,0,0,0,1550700,,,0,0,1000,0,0,0,30.7,46,23,30.7,0,0,0
"2026/02/10","2026/02/13","4078","堺化学工業","東証およびＰＴＳ",,"確報",200,1300,7200,100,0,700,6500,721000,4686500,25956000,360500,0,2523500,23432500,,,0,0,249000,0,0,18000,10.8,21.4,12.7,15.9,4,1.5,2.1
"2026/02/10","2026/02/13","407A","ＵＮＩＣＯＮ　ＨＤ","東証およびＰＴＳ",,"確報",200,400,1800,0,0,0,1800,244600,489200,2201400,0,0,0,2201400,,,0,0,0,10000,0,0,14.2,12.1,17,14.2,0,0,0
"2026/02/10","2026/02/13","4082","第一稀元素化学工業","東証およびＰＴＳ",,"確報",13700,2500,281100,0,3900,208400,72700,37442100,6832500,768246300,0,10658700,569557200,198689100,,,0,0,0,17543500,13799500,0,58.5,43,50.9,46.6,106.5,74.4,87.6
"2026/02/10","2026/02/13","4088","エア・ウォーター","東証およびＰＴＳ",,"確報",0,400,33700,5500,200,48200,-14500,0,986000,83070500,13557500,493000,118813000,-35742500,,,0,0,1057100,0,0,1329900,13.5,9.3,47.4,15.6,6.1,828,12.2
"2026/02/10","2026/02/13","408A","ｉＳベストＡＩ","東証およびＰＴＳ",,"確報",0,4150,14650,0,0,0,14650,0,933750,3296250,0,0,0,3296250,,,0,0,88360,0,0,0,5.5,5.2,5.7,5.5,0,0,0
"2026/02/10","2026/02/13","4091","日本酸素ＨＤ","東証およびＰＴＳ",,"確報",1000,400,14600,600,0,14600,0,5548000,2219200,81000800,3328800,0,81000800,0,,,0,0,0,238000,238000,0,1.4,1.1,1.1,1.1,4.6,6.8,5.5
"2026/02/10","2026/02/13","4092","日本化学工業","東証およびＰＴＳ",,"確報",1000,100,12000,0,1800,6500,5500,3350000,335000,40200000,0,6030000,21775000,18425000,,,0,0,0,388500,290500,0,15.5,17.4,19.2,18.3,12.4,12.8,12.6
"2026/02/10","2026/02/13","4093","東邦アセチレン","東証およびＰＴＳ",,"確報",900,0,13400,0,0,0,13400,340200,0,5065200,0,0,0,5065200,,,0,0,50000,0,0,0,40.7,30,63.1,40.7,0,0,0
"2026/02/10","2026/02/13","4094","日本化学産業","東証およびＰＴＳ",,"確報",0,0,1300,0,0,0,1300,0,0,3458000,0,0,0,3458000,,,0,0,57200,0,0,0,8.1,19,5.2,8.1,0,0,0
"2026/02/10","2026/02/13","4095","日本パーカライジング","東証およびＰＴＳ",,"確報",1600,300,8500,4100,0,41400,-32900,2496000,468000,13260000,6396000,0,64584000,-51324000,,,0,0,28800,0,0,149200,20,14.2,8.9,10.9,21.4,28.8,24.6
"2026/02/10","2026/02/13","4097","高圧ガス工業","東証およびＰＴＳ",,"確報",2200,0,14400,2200,0,14400,0,2574000,0,16848000,2574000,0,16848000,0,,,0,0,195200,0,0,195200,19.5,16.3,22.5,18.9,17.2,24.2,20.1
"2026/02/10","2026/02/13","4098","チタン工業","東証およびＰＴＳ",,"確報",500,0,12000,0,0,0,12000,608500,0,14604000,0,0,0,14604000,,,0,0,0,253000,0,0,28.8,60.4,18.9,28.8,0,0,0
"2026/02/10","2026/02/13","4099","四国化成ＨＤ","東証およびＰＴＳ",,"確報",200,900,1800,300,2600,39400,-37600,885000,3982500,7965000,1327500,11505000,174345000,-166380000,,,0,0,0,75000,1251000,0,10.9,4,3.1,3.5,33.6,7.6,12.4
"2026/02/10","2026/02/13","409A","オリオンビール","東証およびＰＴＳ",,"確報",300,1900,45700,0,0,0,45700,406200,2572600,61877800,0,0,0,61877800,,,0,0,236500,0,0,0,65.1,55.6,78.6,65.1,0,0,0
"2026/02/10","2026/02/13","4100","戸田工業","東証およびＰＴＳ",,"確報",11100,20600,80400,6800,300,104700,-24300,15262500,28325000,110550000,9350000,412500,143962500,-33412500,,,0,0,0,9169800,10016400,0,22.1,16.5,9.8,12.3,52.9,146.4,77.8
"2026/02/10","2026/02/13","4102","丸尾カルシウム","東証およびＰＴＳ",,"確報",100,0,500,0,0,0,500,146400,0,732000,0,0,0,732000,,,0,0,0,6800,0,0,21,21,21,21,0,0,0
"2026/02/10","2026/02/13","4107","伊勢化学工業","東証およびＰＴＳ",,"確報",6500,5800,117400,0,0,0,117400,46540000,41528000,840584000,0,0,0,840584000,,,0,0,0,45513000,0,0,16.7,13.8,21.2,16.7,0,0,0
"2026/02/10","2026/02/13","4109","ステラ　ケミファ","東証およびＰＴＳ",,"確報",700,0,31200,100,0,33800,-2600,3962000,0,176592000,566000,0,191308000,-14716000,,,0,0,0,610000,674000,0,77.3,28,118.3,45.2,854,122,213.5
"2026/02/10","2026/02/13","410A","ＧＭＯコマース","東証およびＰＴＳ",,"確報",100,100,11000,0,0,0,11000,129400,129400,14234000,0,0,0,14234000,,,0,0,473000,0,0,0,79.6,92.8,69.6,79.6,0,0,0
"2026/02/10","2026/02/13","4112","保土谷化学工業","東証およびＰＴＳ",,"確報",200,0,824200,400,700,77200,747000,471600,0,1943463600,943200,1650600,182037600,1761426000,,,0,0,24720000,0,0,2325000,125.3,67,9999.9,133.6,995.5,39.8,76.6
"2026/02/10","2026/02/13","4113","田岡化学工業","東証およびＰＴＳ",,"確報",200,114800,23900,0,0,0,23900,233600,134086400,27915200,0,0,0,27915200,,,0,0,4986000,0,0,0,1.4,2,1.1,1.4,0,0,0
"2026/02/10","2026/02/13","4114","日本触媒","東証およびＰＴＳ",,"確報",0,800,18100,0,900,5700,12400,0,1950800,44136850,0,2194650,13899450,30237400,,,0,0,406350,0,0,141900,7.9,14.2,7.5,9.8,15.3,4,6.3
"2026/02/10","2026/02/13","4116","大日精化工業","東証およびＰＴＳ",,"確報",300,300,7700,100,0,2900,4800,1399500,1399500,35920500,466500,0,13528500,22392000,,,0,0,924000,0,0,336000,27.4,18.5,55.4,27.7,19,44.3,26.6
"2026/02/10","2026/02/13","4118","カネカ","東証およびＰＴＳ",,"確報",600,900,20300,400,0,5600,14700,3031800,4547700,102575900,2021200,0,28296800,74279100,,,0,0,1586200,0,0,400400,20.8,29.7,31.5,30.6,9.2,11.2,10.1
"2026/02/10","2026/02/13","4119","日本ピグメントＨＤ","東証およびＰＴＳ",,"確報",0,0,1600,0,0,0,1600,0,0,6384000,0,0,0,6384000,,,0,0,120000,0,0,0,53.3,26.7,0,53.3,0,0,0
"2026/02/10","2026/02/13","4120","スガイ化学工業","東証およびＰＴＳ",,"確報",0,0,200,0,0,0,200,0,0,474800,0,0,0,474800,,,0,0,0,5000,0,0,14,7,0,14,0,0,0
"2026/02/10","2026/02/13","4124","大阪油化工業","東証およびＰＴＳ",,"確報",0,0,200,0,0,0,200,0,0,488200,0,0,0,488200,,,0,0,1600,0,0,0,11,0,5.5,11,0,0,0
"2026/02/10","2026/02/13","4125","三和油化工業","東証およびＰＴＳ",,"確報",1000,0,12200,0,0,0,12200,2670000,0,32574000,0,0,0,32574000,,,0,0,806400,0,0,0,35.9,34.9,37.1,35.9,0,0,0
"2026/02/10","2026/02/13","412A","台湾テック５０","東証およびＰＴＳ",,"確報",153,0,1687,0,0,0,1687,438345,0,4833255,0,0,0,4833255,,,0,0,110448,0,0,0,14.1,8.6,39.3,14.1,0,0,0
"2026/02/10","2026/02/13","413A","ｉＦ台湾テック","東証およびＰＴＳ",,"確報",151,0,237,0,0,0,237,403321,0,633027,0,0,0,633027,,,0,0,3096,0,0,0,5.4,13.2,3.4,5.4,0,0,0
"2026/02/10","2026/02/13","414A","オーバーラップ","東証およびＰＴＳ",,"確報",200,300,39500,0,0,0,39500,207800,311700,41040500,0,0,0,41040500,,,0,0,950400,0,0,0,11.2,10.4,12.2,11.2,0,0,0
"2026/02/10","2026/02/13","4151","協和キリン","東証およびＰＴＳ",,"確報",0,5800,17100,8900,6200,14000,3100,0,15091600,44494200,23157800,16132400,36428000,8066200,,,0,0,5312800,0,0,2621600,5.8,13.2,11.7,12.4,2.7,3.8,3.2
"2026/02/10","2026/02/13","415A","ＧＭＯＴＥ－ＨＤ","東証およびＰＴＳ",,"確報",200,0,800,0,0,0,800,922000,0,3688000,0,0,0,3688000,,,0,0,0,3000,0,0,23.3,17.5,35,23.3,0,0,0
"2026/02/10","2026/02/13","4165","プレイド","東証およびＰＴＳ",,"確報",16500,100,172100,21600,5200,172100,0,12160500,73700,126837700,15919200,3832400,126837700,0,,,0,0,2958300,0,0,2958300,30.7,17.4,61,27,20.5,131.1,35.4
"2026/02/10","2026/02/13","4166","かっこ","東証およびＰＴＳ",,"確報",200,0,5700,0,0,0,5700,155200,0,4423200,0,0,0,4423200,,,0,0,137500,0,0,0,94.7,94.7,94.7,94.7,0,0,0
"2026/02/10","2026/02/13","4167","ココペリ","東証およびＰＴＳ",,"確報",0,500,27900,0,500,27900,0,0,155000,8649000,0,155000,8649000,0,,,0,0,56800,0,0,56800,48.1,1516,28.6,56.1,151.6,24.5,42.1
"2026/02/10","2026/02/13","4168","ヤプリ","東証およびＰＴＳ",,"確報",8200,200,87900,10000,2000,87900,0,6863400,167400,73572300,8370000,1674000,73572300,0,,,0,0,1757800,0,0,1757800,12.4,11.9,70.2,20.3,4.7,74.1,8.8
"2026/02/10","2026/02/13","4169","ＥＮＥＣＨＡＮＧＥ","東証およびＰＴＳ",,"確報",2500,12600,29400,0,0,0,29400,660000,3326400,7761600,0,0,0,7761600,,,0,0,158000,0,0,0,8,10,6.7,8,0,0,0
"2026/02/10","2026/02/13","416A","富士ユナイトＨＤ","東証およびＰＴＳ",,"確報",0,100,6600,100,1100,4200,2400,0,129300,8533800,129300,1422300,5430600,3103200,,,0,0,80400,0,0,62400,19.4,71.8,18.9,29.9,80,7.6,13.9
"2026/02/10","2026/02/13","4170","ＫａｉｚｅｎＰＦ","東証およびＰＴＳ",,"確報",11300,0,264800,11900,0,313300,-48500,2271300,0,53224800,2391900,0,62973300,-9748500,,,0,0,507000,0,0,602800,27.9,18,51.9,26.8,14.6,2301.5,29
"2026/02/10","2026/02/13","4171","グローバルＩ","東証およびＰＴＳ",,"確報",0,0,300,0,0,0,300,0,0,428700,0,0,0,428700,,,0,0,8400,0,0,0,0,0,0,0,0,0,0
"2026/02/10","2026/02/13","4172","Ｈｉクラテス","東証およびＰＴＳ",,"確報",0,100,0,0,0,0,0,0,240500,0,0,0,0,0,,,0,0,0,0,0,0,1,1,1,1,0,0,0
"2026/02/10","2026/02/13","4174","アピリッツ","東証およびＰＴＳ",,"確報",0,0,2500,0,0,0,2500,0,0,1655000,0,0,0,1655000,,,0,0,17500,0,0,0,47.2,39.3,59,47.2,0,0,0
"2026/02/10","2026/02/13","4175","ｃｏｌｙ","東証およびＰＴＳ",,"確報",0,200,2800,0,0,0,2800,0,374000,5236000,0,0,0,5236000,,,0,0,180000,0,0,0,11.9,155,6.2,11.9,0,0,0
"2026/02/10","2026/02/13","4176","ココナラ","東証およびＰＴＳ",,"確報",2000,13300,263400,0,11300,263400,0,612000,4069800,80600400,0,3457800,80600400,0,,,0,0,1648200,0,0,1648200,17.6,10,11.4,10.6,39.4,75.7,51.8
"2026/02/10","2026/02/13","4177","ｉ‐ｐｌｕｇ","東証およびＰＴＳ",,"確報",0,0,300,0,0,0,300,0,0,504000,0,0,0,504000,,,0,0,600,0,0,0,0,0,0,0,0,0,0
"2026/02/10","2026/02/13","4178","Ｓイノベーション","東証およびＰＴＳ",,"確報",0,100,2200,0,0,0,2200,0,60400,1328800,0,0,0,1328800,,,0,0,0,11500,0,0,228,0,114,228,0,0,0
"2026/02/10","2026/02/13","4179","ジーネクスト","東証およびＰＴＳ",,"確報",0,0,1400,0,0,0,1400,0,0,480200,0,0,0,480200,,,0,0,5600,0,0,0,19.5,0,9.8,19.5,0,0,0
"2026/02/10","2026/02/13","417A","ブルーゾーンＨＤ","東証およびＰＴＳ",,"確報",200,100,5300,700,0,5100,200,1856000,928000,49184000,6496000,0,47328000,1856000,,,0,0,785200,0,0,664400,31.4,37.4,37.4,37.4,30,24,26.7
"2026/02/10","2026/02/13","4180","Ａｐｐｉｅｒ","東証およびＰＴＳ",,"確報",7100,1900,312100,0,0,0,312100,7149700,1913300,314284700,0,0,0,314284700,,,0,0,13503600,0,0,0,20.4,61.7,12.2,20.4,0,0,0
"2026/02/10","2026/02/13","4182","三菱瓦斯化学","東証およびＰＴＳ",,"確報",5700,600,30200,600,100,13100,17100,19516800,2054400,103404800,2054400,342400,44854400,58550400,,,0,0,1706800,0,0,856800,14.9,9,20.2,12.5,19,35.8,24.8
"2026/02/10","2026/02/13","4183","三井化学","東証およびＰＴＳ",,"確報",400,3000,24200,300,0,8500,15700,959800,7198500,58067900,719850,0,20395750,37672150,,,0,0,1273000,0,0,389500,5.7,5.7,7.2,6.4,5.8,3.7,4.5
"2026/02/10","2026/02/13","4186","東京応化工業","東証およびＰＴＳ",,"確報",2300,4900,41700,0,2900,2600,39100,18910600,40287800,342857400,0,23843800,21377200,321480200,,,0,0,0,9303000,1155000,0,10.2,8.8,15.6,11.2,5.5,4.6,5
"2026/02/10","2026/02/13","4187","大阪有機化学工業","東証およびＰＴＳ",,"確報",0,200,17900,700,2200,13100,4800,0,883000,79028500,3090500,9713000,57836500,21192000,,,0,0,2172000,0,0,1752000,32.3,25.2,65.8,36.4,40.9,21.7,28.4
"2026/02/10","2026/02/13","4188","三菱ケミカルグループ","東証およびＰＴＳ",,"確報",4200,300,37700,3300,900,36200,1500,4769100,340650,42808350,3747150,1021950,41105100,1703250,,,0,0,1504100,0,0,1504100,2.6,2.6,2.6,2.6,2.5,2.9,2.6
"2026/02/10","2026/02/13","4189","ＫＨネオケム","東証およびＰＴＳ",,"確報",1400,5300,5600,1900,5800,5600,0,4200000,15900000,16800000,5700000,17400000,16800000,0,,,0,0,2109000,0,0,2109000,2.8,3.3,3.8,3.5,2.1,2.4,2.2
"2026/02/10","2026/02/13","4192","スパイダープラス","東証およびＰＴＳ",,"確報",12500,8400,193800,100,9300,193800,0,4187500,2814000,64923000,33500,3115500,64923000,0,,,0,0,3794000,0,0,4060000,17.9,24.4,8.2,12.3,5572.5,14.5,29
"2026/02/10","2026/02/13","4193","ファブリカＨＤ","東証およびＰＴＳ",,"確報",0,0,700,0,0,0,700,0,0,1436400,0,0,0,1436400,,,0,0,5600,0,0,0,0,0,0,0,0,0,0
"2026/02/10","2026/02/13","4194","ビジョナル","東証およびＰＴＳ",,"確報",600,200,7800,500,100,6900,900,5209200,1736400,67719600,4341000,868200,59905800,7813800,,,0,0,1317200,0,0,1157000,23.1,15.8,21.1,18,18.5,314,34.9
"2026/02/10","2026/02/13","4196","ネオマーケティング","東証およびＰＴＳ",,"確報",100,300,400,0,0,0,400,135000,405000,540000,0,0,0,540000,,,0,0,1800,0,0,0,8.3,14.5,5.8,8.3,0,0,0
"2026/02/10","2026/02/13","4197","アスマーク","東証およびＰＴＳ",,"確報",0,100,1100,0,0,0,1100,0,233800,2571800,0,0,0,2571800,,,0,0,6000,0,0,0,24,30,20,24,0,0,0
"2026/02/10","2026/02/13","4198","テンダ","東証およびＰＴＳ",,"確報",100,0,7900,0,0,0,7900,55600,0,4392400,0,0,0,4392400,,,0,0,15600,0,0,0,394,394,394,394,0,0,0
"2026/02/10","2026/02/13","4199","ワンダープラネット","東証およびＰＴＳ",,"確報",1200,0,19000,0,0,0,19000,1857600,0,29412000,0,0,0,29412000,,,0,0,551800,0,0,0,3.1,16.7,1.7,3.1,0,0,0
"2026/02/10","2026/02/13","4202","ダイセル","東証およびＰＴＳ",,"確報",2400,6400,5500,400,200,5500,0,3840000,10240000,8800000,640000,320000,8800000,0,,,0,0,175750,0,0,98050,2.9,3.1,2,2.4,5.8,2.7,3.6
"2026/02/10","2026/02/13","4203","住友ベークライト","東証およびＰＴＳ",,"確報",900,700,7000,200,0,7000,0,5038200,3918600,39186000,1119600,0,39186000,0,,,0,0,0,163200,163200,0,15.5,24.3,8.8,12.9,12.6,56.5,20.5
"2026/02/10","2026/02/13","4204","積水化学工業","東証およびＰＴＳ",,"確報",3100,1300,95600,700,0,4000,91600,9143450,3834350,281972200,2064650,0,11798000,270174200,,,0,0,1266300,0,0,44550,14.8,56.2,9,15.6,2.3,11.3,3.8
"2026/02/10","2026/02/13","4205","日本ゼオン","東証およびＰＴＳ",,"確報",0,1000,14200,300,0,6800,7400,0,2002000,28428400,600600,0,13613600,14814800,,,0,0,129200,0,0,55250,9.7,30.1,13.9,19,8.1,3.9,5.3
"2026/02/10","2026/02/13","4206","アイカ工業","東証およびＰＴＳ",,"確報",0,200,7200,700,0,1300,5900,0,761000,27396000,2663500,0,4946500,22449500,,,0,0,296000,0,0,24000,5.9,37.2,4.3,7.7,1.7,2,1.9
"2026/02/10","2026/02/13","4208","ＵＢＥ","東証およびＰＴＳ",,"確報",2500,1400,43600,28800,0,43600,0,7102500,3977400,123867600,81820800,0,123867600,0,,,0,0,2167500,0,0,754800,6.7,7.1,27.1,11.2,2,30.7,3.7
"2026/02/10","2026/02/13","4212","積水樹脂","東証およびＰＴＳ",,"確報",800,300,12900,5000,0,17400,-4500,1826400,684900,29450700,11415000,0,39724200,-10273500,,,0,0,334800,0,0,334800,9.4,5.9,35.4,10.1,4.6,87.4,8.8
"2026/02/10","2026/02/13","4216","旭有機材","東証およびＰＴＳ",,"確報",200,0,5200,300,300,40200,-35000,994000,0,25844000,1491000,1491000,199794000,-173950000,,,0,0,225000,0,0,1809000,36.5,9.1,14.4,11.1,70.5,42.9,53.4
"2026/02/10","2026/02/13","4218","ニチバン","東証およびＰＴＳ",,"確報",1000,0,2800,700,200,33600,-30800,1953000,0,5468400,1367100,390600,65620800,-60152400,,,0,0,0,84600,1555700,0,50.9,3,11.7,4.8,53.5,207.5,85.1
"2026/02/10","2026/02/13","421A","ムービン","東証およびＰＴＳ",,"確報",500,0,3600,0,0,0,3600,1282000,0,9230400,0,0,0,9230400,,,0,0,341000,0,0,0,13.9,15.1,12.9,13.9,0,0,0
"2026/02/10","2026/02/13","4220","リケンテクノス","東証およびＰＴＳ",,"確報",100,100,4900,0,0,0,4900,175200,175200,8584800,0,0,0,8584800,,,0,0,29400,0,0,0,28.5,40.3,22,28.5,0,0,0
"2026/02/10","2026/02/13","4221","大倉工業","東証およびＰＴＳ",,"確報",400,0,3300,400,0,1200,2100,2012000,0,16599000,2012000,0,6036000,10563000,,,0,0,246500,0,0,68000,8.8,18,10.3,13.1,3.4,4.6,3.9
"2026/02/10","2026/02/13","4222","児玉化学工業","東証およびＰＴＳ",,"確報",500,1200,170100,0,0,0,170100,466000,1118400,158533200,0,0,0,158533200,,,0,0,5124000,0,0,0,41.2,24.6,124.8,41.2,0,0,0
"2026/02/10","2026/02/13","4224","ロンシール工業","東証およびＰＴＳ",,"確報",500,0,600,0,0,0,600,1023000,0,1227600,0,0,0,1227600,,,0,0,0,700,0,0,2.9,2.5,3.3,2.9,0,0,0
"2026/02/10","2026/02/13","4228","積水化成品工業","東証およびＰＴＳ",,"確報",0,2700,16600,0,100,13400,3200,0,1328400,8167200,0,49200,6592800,1574400,,,0,0,289500,0,0,202500,24.1,68.9,16.4,26.4,0,10.9,21.7
"2026/02/10","2026/02/13","4229","群栄化学工業","東証およびＰＴＳ",,"確報",600,3000,230700,1200,1100,28500,202200,2997000,14985000,1152346500,5994000,5494500,142357500,1009989000,,,0,0,0,12820500,1562000,0,65.6,42.9,237.8,72.7,46.7,30.8,37.1
"2026/02/10","2026/02/13","4231","タイガースポリマー","東証およびＰＴＳ",,"確報",4100,100,8600,0,3000,0,8600,4686300,114300,9829800,0,3429000,0,9829800,,,0,0,630200,0,0,411000,6.6,6,264,11.7,3,2.8,2.9
"2026/02/10","2026/02/13","4234","サンエー化研","東証およびＰＴＳ",,"確報",200,0,13200,0,0,0,13200,169200,0,11167200,0,0,0,11167200,,,0,0,0,0,0,0,60.6,47.6,83.4,60.6,0,0,0
"2026/02/10","2026/02/13","4235","ＵＦＨＤ","東証およびＰＴＳ",,"確報",0,1200,1800,0,0,0,1800,0,943200,1414800,0,0,0,1414800,,,0,0,36000,0,0,0,6.9,17.9,4.3,6.9,0,0,0
"2026/02/10","2026/02/13","4237","フジプレアム","東証およびＰＴＳ",,"確報",33600,13200,158100,9500,17600,304500,-146400,15422400,6058800,72567900,4360500,8078400,139765500,-67197600,,,0,0,0,3717900,8440200,0,9.5,10.6,4.5,6.3,12.9,15.4,14
"2026/02/10","2026/02/13","4238","ミライアル","東証およびＰＴＳ",,"確報",0,500,18100,0,0,0,18100,0,665500,24091100,0,0,0,24091100,,,0,0,837000,0,0,0,94.3,64,179.2,94.3,0,0,0
"2026/02/10","2026/02/13","423A","ライオン事務器","東証およびＰＴＳ",,"確報",100,700,7100,0,0,0,7100,36700,256900,2605700,0,0,0,2605700,,,0,0,92400,0,0,0,19.3,51.4,11.9,19.3,0,0,0
"2026/02/10","2026/02/13","4240","クラスターＴ","東証およびＰＴＳ",,"確報",400,600,20900,0,0,0,20900,177600,266400,9279600,0,0,0,9279600,,,0,0,822900,0,0,0,29.3,33.6,26,29.3,0,0,0
"2026/02/10","2026/02/13","4241","アテクト","東証およびＰＴＳ",,"確報",2000,400,39900,0,0,0,39900,1290000,258000,25735500,0,0,0,25735500,,,0,0,804300,0,0,0,33.2,34.4,32.1,33.2,0,0,0
"2026/02/10","2026/02/13","4242","タカギセイコー","東証およびＰＴＳ",,"確報",0,200,9000,0,0,200,8800,0,356600,16047000,0,0,356600,15690400,,,0,0,55200,0,0,1200,116.3,113.8,113.8,113.8,0,0,0
"2026/02/10","2026/02/13","4243","ニックス","東証およびＰＴＳ",,"確報",300,0,900,0,0,0,900,269400,0,808200,0,0,0,808200,,,0,0,10200,0,0,0,14.8,12.3,18.5,14.8,0,0,0
"2026/02/10","2026/02/13","4245","ダイキアクシス","東証およびＰＴＳ",,"確報",0,100,9500,200,0,4900,4600,0,68800,6536000,137600,0,3371200,3164800,,,0,0,28800,0,0,14100,33.2,47.9,53.2,50.4,133.5,11.1,20.5
"2026/02/10","2026/02/13","4246","ダイキョーニシカワ","東証およびＰＴＳ",,"確報",600,300,30000,300,0,9300,20700,525600,262800,26280000,262800,0,8146800,18133200,,,0,0,623700,0,0,189000,2.3,3.2,3,3.1,1.6,1.6,1.6
"2026/02/10","2026/02/13","4247","ポバール興業","東証およびＰＴＳ",,"確報",0,0,400,0,0,0,400,0,0,572800,0,0,0,572800,,,0,0,2800,0,0,0,0,0,0,0,0,0,0
"2026/02/10","2026/02/13","4248","竹本容器","東証およびＰＴＳ",,"確報",0,0,4100,0,0,100,4000,0,0,3608000,0,0,88000,3520000,,,0,0,16400,0,0,400,211,206,206,206,0,0,0
"2026/02/10","2026/02/13","4249","森六","東証およびＰＴＳ",,"確報",500,600,5100,0,100,5100,0,1243000,1491600,12678600,0,248600,12678600,0,,,0,0,0,202800,202800,0,11.6,6.1,22.6,9.6,7.8,113,14.6
"2026/02/10","2026/02/13","424A","ＧＸゴールドＨ","東証およびＰＴＳ",,"確報",0,1700,210240,0,0,0,210240,0,670310,82897632,0,0,0,82897632,,,0,0,127164,0,0,0,33.7,27.2,44.1,33.7,0,0,0
"2026/02/10","2026/02/13","4251","恵和","東証およびＰＴＳ",,"確報",100,1500,13200,700,0,4000,9200,139900,2098500,18466800,979300,0,5596000,12870800,,,0,0,233600,0,0,52800,10.4,7.5,17.2,10.5,5.8,48,10.3
"2026/02/10","2026/02/13","4255","ＴＨＥＣＯＯ","東証およびＰＴＳ",,"確報",0,0,1400,0,0,0,1400,0,0,3341800,0,0,0,3341800,,,0,0,19600,0,0,0,0,0,0,0,0,0,0
"2026/02/10","2026/02/13","4256","サインド","東証およびＰＴＳ",,"確報",300,0,2100,0,0,0,2100,410100,0,2870700,0,0,0,2870700,,,0,0,23400,0,0,0,21.6,16.2,32.3,21.6,0,0,0
"2026/02/10","2026/02/13","4258","網屋","東証およびＰＴＳ",,"確報",0,1100,26600,0,1100,26600,0,0,3271400,79108400,0,3271400,79108400,0,,,0,0,3794900,0,0,3794900,42.6,31.5,44,36.7,41.3,66.1,50.8
"2026/02/10","2026/02/13","4259","エクサウィザーズ","東証およびＰＴＳ",,"確報",11500,1400,126300,0,0,0,126300,10384500,1264200,114048900,0,0,0,114048900,,,0,0,581000,0,0,0,20.6,20.8,20.4,20.6,0,0,0
"2026/02/10","2026/02/13","425A","ＧＸゴールド","東証およびＰＴＳ",,"確報",33660,0,256320,0,0,0,256320,14103540,0,107398080,0,0,0,107398080,,,0,0,0,400788,0,0,13.7,13.7,13.8,13.7,0,0,0
"2026/02/10","2026/02/13","4260","ハイブリッドテク","東証およびＰＴＳ",,"確報",200,0,1900,0,0,0,1900,60200,0,571900,0,0,0,571900,,,0,0,3400,0,0,0,13.4,21.4,9.7,13.4,0,0,0
"2026/02/10","2026/02/13","4261","アジアクエスト","東証およびＰＴＳ",,"確報",200,300,1200,0,0,0,1200,799000,1198500,4794000,0,0,0,4794000,,,0,0,247000,0,0,0,14,11.2,18.7,14,0,0,0
"2026/02/10","2026/02/13","4262","ニフティライフ","東証およびＰＴＳ",,"確報",0,0,900,0,0,100,800,0,0,1301400,0,0,144600,1156800,,,0,0,0,2700,300,0,27,0,46,92,8,4,5.3
"2026/02/10","2026/02/13","4263","サスメド","東証およびＰＴＳ",,"確報",500,7500,128100,0,8400,128100,0,511000,7665000,130918200,0,8584800,130918200,0,,,0,0,3377500,0,0,3412500,83.3,262.4,50.9,85.3,227.9,49.5,81.4
"2026/02/10","2026/02/13","4264","セキュア","東証およびＰＴＳ",,"確報",1200,100,5000,0,0,0,5000,1898400,158200,7910000,0,0,0,7910000,,,0,0,198900,0,0,0,10.3,14.2,8.1,10.3,0,0,0
"2026/02/10","2026/02/13","4265","ＩＧＳ","東証およびＰＴＳ",,"確報",0,0,10500,0,0,0,10500,0,0,3213000,0,0,0,3213000,,,0,0,10500,0,0,0,350.7,263,526,350.7,0,0,0
"2026/02/10","2026/02/13","426A","ＳＰ５００ＥＷＨ無","東証およびＰＴＳ",,"確報",0,0,0,0,0,0,0,0,0,0,0,0,0,0,,,0,0,0,0,0,0,0,0,0,0,0,0,0
"2026/02/10","2026/02/13","4270","ＢｅｅＸ","東証およびＰＴＳ",,"確報",0,0,300,0,0,0,300,0,0,663300,0,0,0,663300,,,0,0,21000,0,0,0,34,0,17,34,0,0,0
"2026/02/10","2026/02/13","4272","日本化薬","東証およびＰＴＳ",,"確報",100,2000,8400,0,5500,3500,4900,186600,3732000,15674400,0,10263000,6531000,9143400,,,0,0,103000,0,0,90000,4.9,5.4,4.5,4.9,7.3,3.6,4.8
"2026/02/10","2026/02/13","4274","細谷火工","東証およびＰＴＳ",,"確報",3400,1000,7700,0,0,0,7700,4267000,1255000,9663500,0,0,0,9663500,,,0,0,450500,0,0,0,7.8,6.8,9.2,7.8,0,0,0
"2026/02/10","2026/02/13","4275","カーリット","東証およびＰＴＳ",,"確報",800,2400,67800,300,1900,67800,0,2023200,6069600,171466200,758700,4805100,171466200,0,,,0,0,3123000,0,0,3123000,48.2,52.3,32.4,40,94.4,44.7,60.7
"2026/02/10","2026/02/13","4284","ソルクシーズ","東証およびＰＴＳ",,"確報",2400,0,32400,0,0,0,32400,1255200,0,16945200,0,0,0,16945200,,,0,0,300000,0,0,0,34.6,17.9,472.3,34.6,0,0,0
"2026/02/10","2026/02/13","4286","ＣＬホールディングス","東証およびＰＴＳ",,"確報",0,100,2000,0,0,1400,600,0,114900,2298000,0,0,1608600,689400,,,0,0,73500,0,0,49000,17.1,0,104,208,12,6,8
"2026/02/10","2026/02/13","4287","ジャストプランニング","東証およびＰＴＳ",,"確報",0,0,1400,0,0,0,1400,0,0,656600,0,0,0,656600,,,0,0,0,1400,0,0,6.2,105,3.2,6.2,0,0,0
"2026/02/10","2026/02/13","4288","アズジェント","東証およびＰＴＳ",,"確報",100,0,31300,100,900,13200,18100,67800,0,21221400,67800,610200,8949600,12271800,,,0,0,998400,0,0,448000,39.2,33.4,128,53,36,19.9,25.6
"2026/02/10","2026/02/13","428A","サイプレスＨＤ","東証およびＰＴＳ",,"確報",200,0,1300,0,0,0,1300,171600,0,1115400,0,0,0,1115400,,,0,0,9900,0,0,0,16.5,22,13.2,16.5,0,0,0
"2026/02/10","2026/02/13","4290","プレステージＩＮ","東証およびＰＴＳ",,"確報",100,400,78000,100,0,3100,74900,69800,279200,54444000,69800,0,2163800,52280200,,,0,0,626400,0,0,24000,245.8,278.2,299.6,288.5,80,40,53.3
"2026/02/10","2026/02/13","4293","セプテーニＨＤ","東証およびＰＴＳ",,"確報",0,17200,164100,11900,0,29600,134500,0,7189600,68593800,4974200,0,12372800,56221000,,,0,0,1813000,0,0,177000,20.5,60.1,25.8,36.1,11.4,3.5,5.3
"2026/02/10","2026/02/13","4299","ハイマックス","東証およびＰＴＳ",,"確報",0,0,3500,0,0,0,3500,0,0,4637500,0,0,0,4637500,,,0,0,52500,0,0,0,176,176,176,176,0,0,0
"2026/02/10","2026/02/13","429A","テクセンド","東証およびＰＴＳ",,"確報",4200,1900,107800,0,0,0,107800,13020000,5890000,334180000,0,0,0,334180000,,,0,0,7385000,0,0,0,31.6,53.8,22.4,31.6,0,0,0
"2026/02/10","2026/02/13","4301","アミューズ","東証およびＰＴＳ",,"確報",500,100,16500,0,900,43000,-26500,1034000,206800,34122000,0,1861200,88924000,-54802000,,,0,0,0,16100,43900,0,39.6,7,144.6,13.3,2225,57.1,111.3
"2026/02/10","2026/02/13","4307","野村総合研究所","東証およびＰＴＳ",,"確報",14500,13900,141700,900,700,2800,138900,63858000,61215600,624046800,3963600,3082800,12331200,611715600,,,0,0,25398000,0,0,468000,9.7,9.4,18.2,12.4,1.3,1.4,1.3
"2026/02/10","2026/02/13","4308","Ｊストリーム","東証およびＰＴＳ",,"確報",400,0,3200,0,0,0,3200,147600,0,1180800,0,0,0,1180800,,,0,0,14000,0,0,0,29.6,14.8,0,29.6,0,0,0
"2026/02/10","2026/02/13","4310","ドリームインキュベタ","東証およびＰＴＳ",,"確報",300,500,21300,0,300,61700,-40400,870900,1451500,61833900,0,870900,179115100,-117281200,,,0,0,107500,0,0,310000,36.1,11.5,10.6,11,222.5,163.9,188.8
"2026/02/10","2026/02/13","4316","ビーマップ","東証およびＰＴＳ",,"確報",1100,100,34600,0,0,0,34600,1166000,106000,36676000,0,0,0,36676000,,,0,0,0,1747200,0,0,50.3,34.8,90.8,50.3,0,0,0
"2026/02/10","2026/02/13","4317","レイ","東証およびＰＴＳ",,"確報",100,0,19200,0,0,0,19200,72000,0,13824000,0,0,0,13824000,,,0,0,0,0,0,0,193.6,322.7,138.3,193.6,0,0,0
"2026/02/10","2026/02/13","4318","クイック","東証およびＰＴＳ",,"確報",0,500,35100,200,0,8900,26200,0,439000,30817800,175600,0,7814200,23003600,,,0,0,854400,0,0,208800,61.4,75.8,87.2,81.1,36.5,27.4,31.3
"2026/02/10","2026/02/13","431A","ユーソナー","東証およびＰＴＳ",,"確報",500,1600,26400,0,0,0,26400,966500,3092800,51031200,0,0,0,51031200,,,0,0,1815000,0,0,0,3.6,48.2,1.9,3.6,0,0,0
"2026/02/10","2026/02/13","4320","ＣＥホールディングス","東証およびＰＴＳ",,"確報",0,1100,176800,0,0,0,176800,0,1423400,228779200,0,0,0,228779200,,,0,0,8361300,0,0,0,39,20.5,429.5,39,0,0,0
"2026/02/10","2026/02/13","4323","日本システム技術","東証およびＰＴＳ",,"確報",1500,200,17000,0,3200,50100,-33100,3715500,495400,42109000,0,7926400,124097700,-81988700,,,0,0,1193200,0,0,4050800,40.2,13.8,28,18.5,60.2,68.1,63.9
"2026/02/10","2026/02/13","4324","電通グループ","東証およびＰＴＳ",,"確報",2100,900,46900,41900,100,87700,-40800,6279000,2691000,140231000,125281000,299000,262223000,-121992000,,,0,0,4684250,0,0,4704750,4.8,11.6,10.6,11,1.6,6.4,2.5
"2026/02/10","2026/02/13","4326","インテージＨＤ","東証およびＰＴＳ",,"確報",600,100,18800,0,700,36200,-17400,985200,164200,30869600,0,1149400,59440400,-28570800,,,0,0,0,91500,184500,0,23.5,8.8,14.9,11,37.9,72.7,49.8
"2026/02/10","2026/02/13","4331","Ｔ＆Ｇニーズ","東証およびＰＴＳ",,"確報",200,0,5800,0,0,0,5800,163000,0,4727000,0,0,0,4727000,,,0,0,61600,0,0,0,63.3,71.3,57,63.3,0,0,0
"2026/02/10","2026/02/13","4333","東邦システムサイエン","東証およびＰＴＳ",,"確報",0,200,200,0,0,0,200,0,235200,235200,0,0,0,235200,,,0,0,7600,0,0,0,13.3,0,6.7,13.3,0,0,0
"2026/02/10","2026/02/13","4334","ユークス","東証およびＰＴＳ",,"確報",200,0,2600,0,0,0,2600,80600,0,1047800,0,0,0,1047800,,,0,0,12000,0,0,0,50,41.7,62.5,50,0,0,0
"2026/02/10","2026/02/13","4335","ＩＰＳＨＤ","東証およびＰＴＳ",,"確報",0,0,1900,0,0,0,1900,0,0,2327500,0,0,0,2327500,,,0,0,9500,0,0,0,0,0,0,0,0,0,0
"2026/02/10","2026/02/13","4337","ぴあ","東証およびＰＴＳ",,"確報",300,800,11000,0,500,11000,0,832800,2220800,30536000,0,1388000,30536000,0,,,0,0,299000,0,0,299000,34.3,21.1,42.2,28.2,28.9,91.5,43.9
"2026/02/10","2026/02/13","4341","西菱電機","東証およびＰＴＳ",,"確報",0,300,400,0,0,0,400,0,248400,331200,0,0,0,331200,,,0,0,9800,0,0,0,7.7,7.7,7.7,7.7,0,0,0
"2026/02/10","2026/02/13","4343","イオンファンタジー","東証およびＰＴＳ",,"確報",900,3900,45400,0,3000,45400,0,2485800,10771800,125394800,0,8286000,125394800,0,,,0,0,0,0,0,0,10.6,6.9,5.1,5.9,84.3,38.7,53.1
"2026/02/10","2026/02/13","4344","ソースネクスト","東証およびＰＴＳ",,"確報",34200,146600,828600,101000,23800,1144400,-315800,5130000,21990000,124290000,15150000,3570000,171660000,-47370000,,,0,0,2823000,0,0,3201600,35.3,53.9,16.1,24.7,38.1,111.9,56.8
"2026/02/10","2026/02/13","4345","シーティーエス","東証およびＰＴＳ",,"確報",10400,3400,14500,0,1200,14500,0,10732800,3508800,14964000,0,1238400,14964000,0,,,0,0,7500,0,0,15700,6.8,5.5,5.1,5.3,48.2,4.8,8.7
"2026/02/10","2026/02/13","4346","ＮＥＸＹＺ．Ｇ","東証およびＰＴＳ",,"確報",0,2700,12300,0,0,200,12100,0,2135700,9729300,0,0,158200,9571100,,,0,0,210000,0,0,2800,45.9,0,25.1,50.3,3,6,4
"2026/02/10","2026/02/13","4347","ブロードメディア","東証およびＰＴＳ",,"確報",0,200,114600,0,0,1400,113200,0,420000,240660000,0,0,2940000,237720000,,,0,0,2755200,0,0,33600,323.8,575.9,221.5,319.9,0,0,0
"2026/02/10","2026/02/13","4350","メディカルシステム","東証およびＰＴＳ",,"確報",100,0,69400,0,0,0,69400,52400,0,36365600,0,0,0,36365600,,,0,0,69300,0,0,0,54.9,28.2,1070.3,54.9,0,0,0
"2026/02/10","2026/02/13","4351","山田債権","東証およびＰＴＳ",,"確報",0,200,1700,0,0,0,1700,0,168400,1431400,0,0,0,1431400,,,0,0,0,11400,0,0,11.5,6.9,34.5,11.5,0,0,0
"2026/02/10","2026/02/13","4356","応用技術","東証およびＰＴＳ",,"確報",0,400,5100,0,0,0,5100,0,751600,9582900,0,0,0,9582900,,,0,0,390500,0,0,0,20.7,13.8,41.3,20.7,0,0,0
"2026/02/10","2026/02/13","435A","ｉＦ日本配当ローテ","東証およびＰＴＳ",,"確報",0,2516,46603,0,0,0,46603,0,6033368,111753994,0,0,0,111753994,,,0,0,1620927,0,0,0,44.5,37.5,54.6,44.5,0,0,0
"2026/02/10","2026/02/13","4360","マナック・ケミカルＰ","東証およびＰＴＳ",,"確報",1300,100,9000,0,0,0,9000,1227200,94400,8496000,0,0,0,8496000,,,0,0,109200,0,0,0,10.8,6.4,33.4,10.8,0,0,0
"2026/02/10","2026/02/13","4361","川口化学工業","東証およびＰＴＳ",,"確報",600,600,5800,0,0,0,5800,1004400,1004400,9709200,0,0,0,9709200,,,0,0,696000,0,0,0,44.8,48.5,41.6,44.8,0,0,0
"2026/02/10","2026/02/13","4362","日本精化","東証およびＰＴＳ",,"確報",100,1100,10800,3500,0,15300,-4500,266600,2932600,28792800,9331000,0,40789800,-11997000,,,0,0,778800,0,0,778800,8.3,7.2,11,8.7,5.2,17,8
"2026/02/10","2026/02/13","4365","松本油脂製薬","東証およびＰＴＳ",,"確報",0,0,100,0,0,0,100,0,0,1991000,0,0,0,1991000,,,0,0,0,0,0,0,0,0,0,0,0,0,0
"2026/02/10","2026/02/13","4366","ダイトーケミックス","東証およびＰＴＳ",,"確報",800,0,29300,0,0,0,29300,320000,0,11720000,0,0,0,11720000,,,0,0,85500,0,0,0,94.6,94.6,94.6,94.6,0,0,0
"2026/02/10","2026/02/13","4367","広栄化学","東証およびＰＴＳ",,"確報",0,0,1800,0,200,1400,400,0,0,4109400,0,456600,3196200,913200,,,0,0,7200,0,0,6400,43.8,0,45.5,91,0,14,28
"2026/02/10","2026/02/13","4368","扶桑化学工業","東証およびＰＴＳ",,"確報",2200,16300,12300,5800,200,8800,3500,18612000,137898000,104058000,49068000,1692000,74448000,29610000,,,0,0,5544000,0,0,672000,3.1,3.8,2.4,2.9,2.4,14.6,4.1
"2026/02/10","2026/02/13","4369","トリケミカル研究所","東証およびＰＴＳ",,"確報",4500,3900,31300,2300,0,14600,16700,15457500,13396500,107515500,7900500,0,50151000,57364500,,,0,0,3070000,0,0,1230000,16.8,17.8,20.7,19.1,18.1,10.2,13
"2026/02/10","2026/02/13","436A","サイバーＳＯＬ","東証およびＰＴＳ",,"確報",0,1200,18000,0,0,0,18000,0,1512000,22680000,0,0,0,22680000,,,0,0,883200,0,0,0,74.4,322.3,42,74.4,0,0,0
"2026/02/10","2026/02/13","4370","モビルス","東証およびＰＴＳ",,"確報",0,0,4300,0,0,0,4300,0,0,1616800,0,0,0,1616800,,,0,0,4300,0,0,0,424,212,0,424,0,0,0
"2026/02/10","2026/02/13","4371","ＣＣＴ","東証およびＰＴＳ",,"確報",500,1400,73400,0,500,17800,55600,602500,1687000,88447000,0,602500,21449000,66998000,,,0,0,520100,0,0,128100,26.7,469.1,17.3,33.4,120.8,8,15
"2026/02/10","2026/02/13","4372","ユミルリンク","東証およびＰＴＳ",,"確報",100,0,7100,0,0,0,7100,143700,0,10202700,0,0,0,10202700,,,0,0,84000,0,0,0,234,351,175.5,234,0,0,0
"2026/02/10","2026/02/13","4373","シンプレクスＨＤ","東証およびＰＴＳ",,"確報",1900,3600,67500,1500,200,7900,59600,1660600,3146400,58995000,1311000,174800,6904600,52090400,,,0,0,2422000,0,0,231000,10.7,19.4,12.3,15,5.3,2.3,3.2
"2026/02/10","2026/02/13","4374","ロボペイ","東証およびＰＴＳ",,"確報",100,0,3300,0,0,0,3300,240400,0,7933200,0,0,0,7933200,,,0,0,300800,0,0,0,51,25.5,0,51,0,0,0
"2026/02/10","2026/02/13","4375","セーフィー","東証およびＰＴＳ",,"確報",2400,7800,151400,0,5400,151400,0,2121600,6895200,133837600,0,4773600,133837600,0,,,0,0,10348800,0,0,10348800,47.2,35.8,42.8,39,52.5,69,59.6
"2026/02/10","2026/02/13","4376","くふうカンパニー","東証およびＰＴＳ",,"確報",100,0,3900,0,0,0,3900,16000,0,624000,0,0,0,624000,,,0,0,0,0,0,0,61.3,36.8,184,61.3,0,0,0
"2026/02/10","2026/02/13","4377","ワンキャリア","東証およびＰＴＳ",,"確報",300,0,17300,0,0,0,17300,729600,0,42073600,0,0,0,42073600,,,0,0,187000,0,0,0,15.3,7.8,386,15.3,0,0,0
"2026/02/10","2026/02/13","4378","ＣＩＮＣ","東証およびＰＴＳ",,"確報",0,0,200,0,0,0,200,0,0,100000,0,0,0,100000,,,0,0,1400,0,0,0,0,0,0,0,0,0,0
"2026/02/10","2026/02/13","4379","Ｐｈｏｔｏｓｙｎｔｈ","東証およびＰＴＳ",,"確報",600,0,5100,0,0,0,5100,253200,0,2152200,0,0,0,2152200,,,0,0,112500,0,0,0,46.2,28.9,115.5,46.2,0,0,0
"2026/02/10","2026/02/13","4380","Ｍマート","東証およびＰＴＳ",,"確報",0,100,1000,0,0,0,1000,0,130000,1300000,0,0,0,1300000,,,0,0,47300,0,0,0,51,51,51,51,0,0,0
"2026/02/10","2026/02/13","4381","ビープラッツ","東証およびＰＴＳ",,"確報",0,0,600,0,0,0,600,0,0,334200,0,0,0,334200,,,0,0,4800,0,0,0,0,0,0,0,0,0,0
"2026/02/10","2026/02/13","4382","ＨＥＲＯＺ","東証およびＰＴＳ",,"確報",1600,1400,137800,500,1900,229500,-91700,1324800,1159200,114098400,414000,1573200,190026000,-75927600,,,0,0,825600,0,0,1385400,144.7,278,65,105.3,172.6,202.9,186.6
"2026/02/10","2026/02/13","4384","ラクスル","東証およびＰＴＳ",,"確報",0,200,29500,0,0,5700,23800,0,420000,61950000,0,0,11970000,49980000,,,0,0,267300,0,0,51300,115,136.1,74.9,96.6,0,0,0
"2026/02/10","2026/02/13","4385","メルカリ","東証およびＰＴＳ",,"確報",700,214000,1556400,240800,25200,656600,899800,2496900,763338000,5551678800,858933600,89888400,2342092200,3209586600,,,0,0,607007100,0,0,151263000,14.4,397.1,8.2,16.1,9,12,10.3
"2026/02/10","2026/02/13","4386","ＳＩＧグループ","東証およびＰＴＳ",,"確報",0,0,900,0,0,700,200,0,0,874800,0,0,680400,194400,,,0,0,0,3600,2800,0,10.6,15.3,6.1,8.7,8.5,0,17
"2026/02/10","2026/02/13","4387","ＺＵＵ","東証およびＰＴＳ",,"確報",100,0,3800,0,0,0,3800,67000,0,2546000,0,0,0,2546000,,,0,0,0,48100,0,0,186,186,186,186,0,0,0
"2026/02/10","2026/02/13","4388","エーアイ","東証およびＰＴＳ",,"確報",1200,0,12400,100,0,4900,7500,537600,0,5555200,44800,0,2195200,3360000,,,0,0,22400,0,0,9600,31.3,33.9,115.2,52.4,142.5,9.2,17.3
"2026/02/10","2026/02/13","4389","プロパティＤＢＫ","東証およびＰＴＳ",,"確報",0,0,1400,0,0,0,1400,0,0,1239000,0,0,0,1239000,,,0,0,0,9800,0,0,27.6,23,34.5,27.6,0,0,0
"2026/02/10","2026/02/13","438A","インフキュリオン","東証およびＰＴＳ",,"確報",300,700,11600,0,0,0,11600,471900,1101100,18246800,0,0,0,18246800,,,0,0,840000,0,0,0,1.4,20.1,0.7,1.4,0,0,0
"2026/02/10","2026/02/13","4390","ｉｐｓ","東証およびＰＴＳ",,"確報",1300,300,19600,0,500,18100,1500,3971500,916500,59878000,0,1527500,55295500,4582500,,,0,0,2120400,0,0,2120400,17.2,18.2,40.4,25.1,7,52.9,12.4
"2026/02/10","2026/02/13","4391","ロジザード","東証およびＰＴＳ",,"確報",0,100,1000,0,0,0,1000,0,109900,1099000,0,0,0,1099000,,,0,0,4400,0,0,0,52,52,52,52,0,0,0
"2026/02/10","2026/02/13","4392","ＦＩＧ","東証およびＰＴＳ",,"確報",1000,7400,70200,11600,0,66800,3400,341000,2523400,23938200,3955600,0,22778800,1159400,,,0,0,612800,0,0,441600,8.9,11.2,7.7,9.1,11.4,6.9,8.6
"2026/02/10","2026/02/13","4393","バンクオブイノベ","東証およびＰＴＳ",,"確報",900,900,44100,0,0,44100,0,5607000,5607000,274743000,0,0,274743000,0,,,0,0,3087000,0,0,3087000,62.8,31.4,44.2,36.7,108.3,0,216.5
"2026/02/10","2026/02/13","4394","エクスモーション","東証およびＰＴＳ",,"確報",0,0,1200,0,0,0,1200,0,0,958800,0,0,0,958800,,,0,0,12000,0,0,0,0,0,0,0,0,0,0
"2026/02/10","2026/02/13","4395","アクリート","東証およびＰＴＳ",,"確報",2000,100,30800,0,0,0,30800,2420000,121000,37268000,0,0,0,37268000,,,0,0,1445000,0,0,0,4.2,56.7,2.2,4.2,0,0,0
"2026/02/10","2026/02/13","4396","システムサポートＨＤ","東証およびＰＴＳ",,"確報",900,0,5900,0,600,4200,1700,1244700,0,8159700,0,829800,5808600,2351100,,,0,0,85000,0,0,81600,6.7,7.3,6,6.6,9.5,5.3,6.8
"2026/02/10","2026/02/13","4397","チームスピリット","東証およびＰＴＳ",,"確報",200,100,15700,0,0,0,15700,94000,47000,7379000,0,0,0,7379000,,,0,0,265200,0,0,0,87,195.8,55.9,87,0,0,0
"2026/02/10","2026/02/13","4398","ＢＢＳｅｃ","東証およびＰＴＳ",,"確報",100,0,4000,0,0,0,4000,144900,0,5796000,0,0,0,5796000,,,0,0,0,3900,0,0,392,196,0,392,0,0,0
"2026/02/10","2026/02/13","4401","ＡＤＥＫＡ","東証およびＰＴＳ",,"確報",5500,2800,18800,1300,400,10700,8100,24651000,12549600,84261600,5826600,1792800,47957400,36304200,,,0,0,0,7599200,4625600,0,9.9,6.8,9.2,7.8,27,14.5,18.9
"2026/02/10","2026/02/13","4403","日油","東証およびＰＴＳ",,"確報",1300,300,14300,1000,0,14300,0,4141800,955800,45559800,3186000,0,45559800,0,,,0,0,545300,0,0,545300,24.5,15.2,15.5,15.4,58.3,63.5,60.8
"2026/02/10","2026/02/13","4404","ミヨシ油脂","東証およびＰＴＳ",,"確報",400,300,486700,100,200,51600,435100,1050400,787800,1278074200,262600,525200,135501600,1142572600,,,0,0,2919600,0,0,310200,1346.9,2213.3,1521.6,1803.4,2592,216,398.8
"2026/02/10","2026/02/13","4406","新日本理化","東証およびＰＴＳ",,"確報",0,2900,90600,2100,100,46200,44400,0,684400,21381600,495600,23600,10903200,10478400,,,0,0,374000,0,0,176800,38.8,124.6,39.5,59.9,117.5,13.1,23.6
"2026/02/10","2026/02/13","4409","東邦化学工業","東証およびＰＴＳ",,"確報",0,0,400,0,0,0,400,0,0,298400,0,0,0,298400,,,0,0,2000,0,0,0,13.3,10,20,13.3,0,0,0
"2026/02/10","2026/02/13","4410","ハリマ化成グループ","東証およびＰＴＳ",,"確報",0,2300,10100,800,0,3000,7100,0,2332200,10241400,811200,0,3042000,7199400,,,0,0,0,12400,2200,0,15.8,21.9,11.9,15.4,15.6,20.8,17.9
"2026/02/10","2026/02/13","4412","サイエンスアーツ","東証およびＰＴＳ",,"確報",0,100,3700,0,0,0,3700,0,233100,8624700,0,0,0,8624700,,,0,0,0,68400,0,0,11.2,12.7,10,11.2,0,0,0
"2026/02/10","2026/02/13","4413","ボードルア","東証およびＰＴＳ",,"確報",2400,100,15900,0,0,0,15900,4442400,185100,29430900,0,0,0,29430900,,,0,0,1659200,0,0,0,2.1,7.9,1.2,2.1,0,0,0
"2026/02/10","2026/02/13","4414","フレクト","東証およびＰＴＳ",,"確報",400,0,4600,0,0,0,4600,656000,0,7544000,0,0,0,7544000,,,0,0,252000,0,0,0,8.5,8.9,8.1,8.5,0,0,0
"2026/02/10","2026/02/13","4415","ブロードエンター","東証およびＰＴＳ",,"確報",1700,0,6000,0,0,0,6000,2544900,0,8982000,0,0,0,8982000,,,0,0,1290000,0,0,0,12.9,6.5,0,12.9,0,0,0
"2026/02/10","2026/02/13","4416","ＴｒｕｅＤａｔａ","東証およびＰＴＳ",,"確報",0,300,4900,0,0,0,4900,0,201900,3297700,0,0,0,3297700,,,0,0,20800,0,0,0,74.9,131,52.4,74.9,0,0,0
"2026/02/10","2026/02/13","4417","グローバルセキュ","東証およびＰＴＳ",,"確報",1900,0,32900,0,0,0,32900,5601200,0,96989200,0,0,0,96989200,,,0,0,4185000,0,0,0,67.4,38.8,258.5,67.4,0,0,0
"2026/02/10","2026/02/13","4418","ＪＤＳＣ","東証およびＰＴＳ",,"確報",3100,400,76900,0,4900,84500,-7600,3453400,445600,85666600,0,5458600,94133000,-8466400,,,0,0,3487400,0,0,4201800,33.6,20,62.3,30.3,23.4,86.9,36.9
"2026/02/10","2026/02/13","4419","Ｆｉｎａｔｅｘｔ","東証およびＰＴＳ",,"確報",3400,94300,138800,0,0,0,138800,2784600,77231700,113677200,0,0,0,113677200,,,0,0,11485000,0,0,0,9.9,52,5.4,9.9,0,0,0
"2026/02/10","2026/02/13","441A","ＮＥ","東証およびＰＴＳ",,"確報",100,400,4900,0,0,0,4900,72100,288400,3532900,0,0,0,3532900,,,0,0,161200,0,0,0,51.6,129,32.3,51.6,0,0,0
"2026/02/10","2026/02/13","4420","イーソル","東証およびＰＴＳ",,"確報",11600,2500,43700,9100,0,43700,0,6588800,1420000,24821600,5168800,0,24821600,0,,,0,0,1487800,0,0,1487800,11.6,7.7,12.7,9.6,10.8,23.9,14.9
"2026/02/10","2026/02/13","4421","ディ・アイ・システム","東証およびＰＴＳ",,"確報",800,0,1400,0,0,0,1400,769600,0,1346800,0,0,0,1346800,,,0,0,9000,0,0,0,9.5,4.8,0,9.5,0,0,0
"2026/02/10","2026/02/13","4422","ＶＡＬＵＥＮＥＸ","東証およびＰＴＳ",,"確報",1100,0,10300,0,0,0,10300,464200,0,4346600,0,0,0,4346600,,,0,0,0,64400,0,0,8.6,11.7,6.8,8.6,0,0,0
"2026/02/10","2026/02/13","4424","Ａｍａｚｉａ","東証およびＰＴＳ",,"確報",7800,10500,88600,0,8800,222200,-133600,2246400,3024000,25516800,0,2534400,63993600,-38476800,,,0,0,639100,0,0,1617000,66.4,36.3,26.9,30.9,605.1,67.6,121.7
"2026/02/10","2026/02/13","4425","Ｋｕｄａｎ","東証およびＰＴＳ",,"確報",2200,6600,64100,26000,100,233600,-169500,4325200,12975600,126020600,51116000,196600,459257600,-333237000,,,0,0,7740500,0,0,23470100,16.9,12.3,6.1,8.2,23.3,33.1,27.3
"2026/02/10","2026/02/13","4427","ＥｄｕＬａｂ","東証およびＰＴＳ",,"確報",100,0,14000,0,0,0,14000,23800,0,3332000,0,0,0,3332000,,,0,0,0,13900,0,0,135.8,75.4,679,135.8,0,0,0
"2026/02/10","2026/02/13","4428","シノプス","東証およびＰＴＳ",,"確報",0,200,6200,100,0,400,5800,0,160000,4960000,80000,0,320000,4640000,,,0,0,128000,0,0,6000,29.9,185,18.5,33.6,9.5,9.5,9.5
"2026/02/10","2026/02/13","4429","リックソフト","東証およびＰＴＳ",,"確報",0,100,1700,0,100,1700,0,0,97200,1652400,0,97200,1652400,0,,,0,0,7200,0,0,7200,45.5,91,22.8,36.4,0,30.3,60.7
"2026/02/10","2026/02/13","442A","クラシコ","東証およびＰＴＳ",,"確報",100,200,3700,0,0,0,3700,168300,336600,6227100,0,0,0,6227100,,,0,0,0,482600,0,0,32.7,65.3,21.8,32.7,0,0,0
"2026/02/10","2026/02/13","4430","東海ソフト","東証およびＰＴＳ",,"確報",300,0,2400,0,0,0,2400,566400,0,4531200,0,0,0,4531200,,,0,0,54600,0,0,0,2.3,8.2,1.4,2.3,0,0,0
"2026/02/10","2026/02/13","4431","スマレジ","東証およびＰＴＳ",,"確報",8900,1500,118100,1800,0,131200,-13100,22187700,3739500,294423300,4487400,0,327081600,-32658300,,,0,0,11402100,0,0,13328200,34.9,8.6,158.6,16.3,190.8,463.4,270.3
"2026/02/10","2026/02/13","4432","ウイングアーク１ｓｔ","東証およびＰＴＳ",,"確報",0,5000,11100,0,100,300,10800,0,15100000,33522000,0,302000,906000,32616000,,,0,0,772800,0,0,19200,15.6,61.7,9.8,16.9,17,3.4,5.7
"2026/02/10","2026/02/13","4433","ヒトコムＨＤ","東証およびＰＴＳ",,"確報",100,600,6000,0,0,0,6000,98000,588000,5880000,0,0,0,5880000,,,0,0,84500,0,0,0,27.5,20.1,43.1,27.5,0,0,0
"2026/02/10","2026/02/13","4434","サーバーワークス","東証およびＰＴＳ",,"確報",19300,16400,35400,200,2600,35400,0,40375600,34308800,74056800,418400,5439200,74056800,0,,,0,0,1397500,0,0,1625400,5.4,2.7,3,2.9,27,28.7,27.8
"2026/02/10","2026/02/13","4436","ミンカブ","東証およびＰＴＳ",,"確報",800,5100,89200,5000,200,193700,-104500,376000,2397000,41924000,2350000,94000,91039000,-49115000,,,0,0,1870000,0,0,3778000,54.8,41.4,53.3,46.6,31.7,568.1,60
"2026/02/10","2026/02/13","4437","ＧＤＨ","東証およびＰＴＳ",,"確報",0,300,3400,0,0,0,3400,0,202500,2295000,0,0,0,2295000,,,0,0,14800,0,0,0,91,0,45.5,91,0,0,0
"2026/02/10","2026/02/13","4438","Ｗｅｌｂｙ","東証およびＰＴＳ",,"確報",0,0,11100,0,0,0,11100,0,0,3163500,0,0,0,3163500,,,0,0,22200,0,0,0,278,556,185.3,278,0,0,0
"2026/02/10","2026/02/13","4439","東名","東証およびＰＴＳ",,"確報",0,900,1900,800,2900,36100,-34200,0,967500,2042500,860000,3117500,38807500,-36765000,,,0,0,16800,0,0,229200,12.3,32.1,3.1,5.6,8.9,45,14.9
"2026/02/10","2026/02/13","443A","ｉＦＪリート２","東証およびＰＴＳ",,"確報",0,0,0,0,0,0,0,0,0,0,0,0,0,0,,,0,0,0,0,0,0,0,0,0,0,0,0,0
"2026/02/10","2026/02/13","4440","ヴィッツ","東証およびＰＴＳ",,"確報",300,0,31600,0,0,0,31600,449700,0,47368400,0,0,0,47368400,,,0,0,2097100,0,0,0,41.8,40.2,43.5,41.8,0,0,0
"2026/02/10","2026/02/13","4441","トビラシステムズ","東証およびＰＴＳ",,"確報",200,0,1800,0,0,0,1800,233600,0,2102400,0,0,0,2102400,,,0,0,76800,0,0,0,27.7,27.7,27.7,27.7,0,0,0
"2026/02/10","2026/02/13","4442","バルテスＨＤ","東証およびＰＴＳ",,"確報",200,100,10200,100,0,10200,0,85400,42700,4355400,42700,0,4355400,0,,,0,0,70700,0,0,70700,111.3,71.6,100.2,83.5,125.3,250.5,167
"2026/02/10","2026/02/13","4443","Ｓａｎｓａｎ","東証およびＰＴＳ",,"確報",12800,9600,96600,3300,4100,38800,57800,16345600,12259200,123358200,4214100,5235700,49547600,73810600,,,0,0,9246600,0,0,3920400,15.4,12.5,16.9,14.4,16.8,21.2,18.8
"2026/02/10","2026/02/13","4444","インフォネット","東証およびＰＴＳ",,"確報",0,0,300,0,0,0,300,0,0,277200,0,0,0,277200,,,0,0,1200,0,0,0,0,0,0,0,0,0,0
"2026/02/10","2026/02/13","4445","リビンＴ","東証およびＰＴＳ",,"確報",100,0,300,0,0,0,300,351000,0,1053000,0,0,0,1053000,,,0,0,0,12000,0,0,5.2,4.3,6.5,5.2,0,0,0
"2026/02/10","2026/02/13","4446","Ｌｉｎｋ－Ｕグループ","東証およびＰＴＳ",,"確報",1800,2200,133500,1300,1700,133500,0,2156400,2635600,159933000,1557400,2036600,159933000,0,,,0,0,21022300,0,0,21022300,42.7,60.1,24.7,35.1,155.8,33.1,54.6
"2026/02/10","2026/02/13","4447","ピー・ビーシステムズ","東証およびＰＴＳ",,"確報",0,0,3300,0,0,200,3100,0,0,1646700,0,0,99800,1546900,,,0,0,42900,0,0,2600,116.7,0,82.5,165,0,10,20
"2026/02/10","2026/02/13","4448","ｋｕｂｅｌｌ","東証およびＰＴＳ",,"確報",900,2300,211900,0,1400,211900,0,310500,793500,73105500,0,483000,73105500,0,,,0,0,3412800,0,0,3412800,56.5,29.9,193.6,51.8,33.1,513.2,62.2
"2026/02/10","2026/02/13","4449","ギフティ","東証およびＰＴＳ",,"確報",3400,800,72800,0,0,1400,71400,4243200,998400,90854400,0,0,1747200,89107200,,,0,0,1755000,0,0,35000,8.7,83.3,4.6,8.7,5,0,10
"2026/02/10","2026/02/13","4450","ＰＳＯＬ","東証およびＰＴＳ",,"確報",100,0,1600,0,0,0,1600,226200,0,3619200,0,0,0,3619200,,,0,0,0,13500,0,0,75,37.5,0,75,0,0,0
"2026/02/10","2026/02/13","4452","花王","東証およびＰＴＳ",,"確報",1100,3300,9600,100,1400,10500,-900,7198400,21595200,62822400,654400,9161600,68712000,-5889600,,,0,0,82600,0,0,82600,6.9,37.9,5.4,9.4,6.2,3.9,4.8
"2026/02/10","2026/02/13","4461","第一工業製薬","東証およびＰＴＳ",,"確報",2800,15500,12400,100,2100,12400,0,32032000,177320000,141856000,1144000,24024000,141856000,0,,,0,0,0,6024000,3456000,0,4.4,3.2,2.6,2.9,21.4,8,11.7
"2026/02/10","2026/02/13","4462","石原ケミカル","東証およびＰＴＳ",,"確報",400,0,7700,5400,0,19200,-11500,1040400,0,20027700,14045400,0,49939200,-29911500,,,0,0,102200,0,0,193200,15.6,17.3,86.5,28.8,6.6,180.3,12.8
"2026/02/10","2026/02/13","4463","日華化学","東証およびＰＴＳ",,"確報",100,0,2000,0,0,0,2000,160900,0,3218000,0,0,0,3218000,,,0,0,7600,0,0,0,27.7,32.3,24.3,27.7,0,0,0
"2026/02/10","2026/02/13","4464","ソフト９９","東証およびＰＴＳ",,"確報",300,300,5800,0,0,0,5800,1227000,1227000,23722000,0,0,0,23722000,,,0,0,0,0,0,0,8.3,22.6,5.1,8.3,0,0,0
"2026/02/10","2026/02/13","4465","ニイタカ","東証およびＰＴＳ",,"確報",600,1000,6800,200,0,7400,-600,1502400,2504000,17027200,500800,0,18529600,-1502400,,,0,0,309600,0,0,309600,20.1,10.5,12.4,11.4,73.8,61.5,67.1
"2026/02/10","2026/02/13","446A","ノースサンド","東証およびＰＴＳ",,"確報",3300,300,43500,0,0,0,43500,3950100,359100,52069500,0,0,0,52069500,,,0,0,0,526500,0,0,14.7,11.8,19.6,14.7,0,0,0
"2026/02/10","2026/02/13","4471","三洋化成工業","東証およびＰＴＳ",,"確報",200,5700,6000,1100,900,11700,-5700,1184000,33744000,35520000,6512000,5328000,69264000,-33744000,,,0,0,2645000,0,0,2645000,10.4,17.1,4.9,7.6,21.8,12.3,15.7
"2026/02/10","2026/02/13","4475","ＨＥＮＮＧＥ","東証およびＰＴＳ",,"確報",600,900,206300,0,300,206300,0,606000,909000,208363000,0,303000,208363000,0,,,0,0,2685800,0,0,2685800,9.7,7,38.8,11.9,4.2,107.1,8.1
"2026/02/10","2026/02/13","4476","ＡＩ　ＣＲＯＳＳ","東証およびＰＴＳ",,"確報",100,300,6700,0,0,0,6700,160300,480900,10740100,0,0,0,10740100,,,0,0,13800,0,0,0,77.3,348,43.5,77.3,0,0,0
"2026/02/10","2026/02/13","4477","ＢＡＳＥ","東証およびＰＴＳ",,"確報",37300,1000,474400,3100,100,144000,330400,12047900,323000,153231200,1001300,32300,46512000,106719200,,,0,0,1314300,0,0,423000,35.3,23.4,46.4,31.1,166.9,36.8,60.3
"2026/02/10","2026/02/13","4478","フリー","東証およびＰＴＳ",,"確報",14100,17100,36500,0,4200,35300,1200,33854100,41057100,87636500,0,10084200,84755300,2881200,,,0,0,3594500,0,0,3594500,8.1,4.9,7.7,6,8.9,22.6,12.7
"2026/02/10","2026/02/13","4479","マクアケ","東証およびＰＴＳ",,"確報",0,2900,15600,0,0,0,15600,0,3108800,16723200,0,0,0,16723200,,,0,0,610500,0,0,0,21.7,27.5,17.9,21.7,0,0,0
"2026/02/10","2026/02/13","447A","ＳＳゴールドヘッジ無","東証およびＰＴＳ",,"確報",20,0,55250,0,0,0,55250,6240,0,17238000,0,0,0,17238000,,,0,0,0,88368,0,0,9.2,10.6,8.1,9.2,0,0,0
"2026/02/10","2026/02/13","4480","メドレー","東証およびＰＴＳ",,"確報",100,4100,76500,500,0,429600,-353100,238800,9790800,182682000,1194000,0,1025884800,-843202800,,,0,0,3944500,0,0,21025900,83.6,9.8,31.5,15,459.5,327.2,382.2
"2026/02/10","2026/02/13","4481","ベース","東証およびＰＴＳ",,"確報",0,100,13100,100,0,1800,11300,0,306000,40086000,306000,0,5508000,34578000,,,0,0,884400,0,0,113900,60.4,60.8,51.5,55.8,86,0,172
"2026/02/10","2026/02/13","4482","ウィルズ","東証およびＰＴＳ",,"確報",700,0,4700,500,0,2100,2600,514500,0,3454500,367500,0,1543500,1911000,,,0,0,84000,0,0,33600,15.5,18.6,29.3,22.8,4.2,67,7.9
"2026/02/10","2026/02/13","4483","ＪＭＤＣ","東証およびＰＴＳ",,"確報",4100,10500,46200,0,6400,46200,0,15170000,38850000,170940000,0,23680000,170940000,0,,,0,0,8153000,0,0,8153000,12.6,8.1,16,10.8,10.4,27.8,15.1
"2026/02/10","2026/02/13","4484","ランサーズ","東証およびＰＴＳ",,"確報",0,0,4000,0,0,0,4000,0,0,1196000,0,0,0,1196000,,,0,0,16000,0,0,0,81.6,68,102,81.6,0,0,0
"2026/02/10","2026/02/13","4486","ユナイトアンドグロウ","東証およびＰＴＳ",,"確報",0,100,7400,0,0,100,7300,0,67800,5017200,0,0,67800,4949400,,,0,0,105000,0,0,1400,24.6,13.8,158.5,25.4,3,0,6
"2026/02/10","2026/02/13","4487","スペースマーケット","東証およびＰＴＳ",,"確報",100,0,600,0,0,0,600,31000,0,186000,0,0,0,186000,,,0,0,2000,0,0,0,52,26,0,52,0,0,0
"2026/02/10","2026/02/13","4488","ＡＩ　ｉｎｓｉｄｅ","東証およびＰＴＳ",,"確報",0,300,7000,0,0,0,7000,0,772800,18032000,0,0,0,18032000,,,0,0,255500,0,0,0,72.4,72.4,72.4,72.4,0,0,0
"2026/02/10","2026/02/13","448A","ＳＳゴールドヘッジ有","東証およびＰＴＳ",,"確報",0,0,42550,0,0,0,42550,0,0,13143695,0,0,0,13143695,,,0,0,21275,0,0,0,8.4,13.4,6.1,8.4,0,0,0
"2026/02/10","2026/02/13","4490","ビザスク","東証およびＰＴＳ",,"確報",300,0,10200,0,0,0,10200,170100,0,5783400,0,0,0,5783400,,,0,0,297000,0,0,0,65.9,41.2,164.7,65.9,0,0,0
"2026/02/10","2026/02/13","4491","Ｃマネージメント","東証およびＰＴＳ",,"確報",0,0,100,0,0,0,100,0,0,299800,0,0,0,299800,,,0,0,0,1200,0,0,0,0,0,0,0,0,0
"2026/02/10","2026/02/13","4492","ゼネテック","東証およびＰＴＳ",,"確報",2800,400,5500,0,0,0,5500,1349600,192800,2651000,0,0,0,2651000,,,0,0,18600,0,0,0,7.1,6,8.6,7.1,0,0,0
"2026/02/10","2026/02/13","4493","サイバーセキュリ","東証およびＰＴＳ",,"確報",1100,900,51400,0,0,0,51400,2032800,1663200,94987200,0,0,0,94987200,,,0,0,3840000,0,0,0,54.3,48.7,61.4,54.3,0,0,0
"2026/02/10","2026/02/13","4494","バリオセキュア","東証およびＰＴＳ",,"確報",0,300,2000,0,0,0,2000,0,227100,1514000,0,0,0,1514000,,,0,0,0,0,0,0,45.2,113,28.3,45.2,0,0,0
"2026/02/10","2026/02/13","4495","アイキューブド","東証およびＰＴＳ",,"確報",0,0,1000,0,0,0,1000,0,0,2462000,0,0,0,2462000,,,0,0,107000,0,0,0,20,30,15,20,0,0,0
"2026/02/10","2026/02/13","4496","コマースワン","東証およびＰＴＳ",,"確報",0,0,900,0,0,0,900,0,0,703800,0,0,0,703800,,,0,0,0,2700,0,0,0,0,0,0,0,0,0
"2026/02/10","2026/02/13","4498","サイバートラスト","東証およびＰＴＳ",,"確報",2000,100,16800,300,100,8800,8000,2518000,125900,21151200,377700,125900,11079200,10072000,,,0,0,804600,0,0,464400,20.5,13,52.1,20.9,23.1,17.3,19.8
"2026/02/10","2026/02/13","4499","Ｓｐｅｅｅ","東証およびＰＴＳ",,"確報",9500,0,166400,2100,100,345100,-178700,23132500,0,405184000,5113500,243500,840318500,-435134500,,,0,0,0,17886600,39113400,0,124.6,50.7,53.7,52.1,366.8,351.8,359.1
"2026/02/10","2026/02/13","449A","ＳＳＳＰヘッジ無","東証およびＰＴＳ",,"確報",1300,0,4500,0,0,0,4500,952380,0,3296700,0,0,0,3296700,,,0,0,0,7680,0,0,12.1,7.2,37.8,12.1,0,0,0
"2026/02/10","2026/02/13","4502","武田薬品工業","東証およびＰＴＳ",,"確報",100,700,2400,26400,2900,76200,-73800,558100,3906700,13394400,147338400,16184900,425272200,-411877800,,,0,0,231000,0,0,4057900,4,15.9,10.6,12.7,3.5,4.5,3.9
"2026/02/10","2026/02/13","4503","アステラス製薬","東証およびＰＴＳ",,"確報",1300,1800,49700,25600,1400,29900,19800,3290950,4556700,125815550,64806400,3544100,75691850,50123700,,,0,0,1380500,0,0,156750,4.6,15.5,6.9,9.6,1.4,2.1,1.7
"2026/02/10","2026/02/13","4506","住友ファーマ","東証およびＰＴＳ",,"確報",200,610600,372600,4700,300,5000,367600,474100,1447427300,883248300,11141350,711150,11852500,871395800,,,0,0,117960000,0,0,72000,3.5,5.3,2.6,3.5,2.1,1.6,1.8
"2026/02/10","2026/02/13","4507","塩野義製薬","東証およびＰＴＳ",,"確報",3700,7300,88900,1300,12300,88900,0,12927800,25506200,310616600,4542200,42976200,310616600,0,,,0,0,0,2497500,2697300,0,14.9,12.2,8.8,10.2,71.9,15.9,26
"2026/02/10","2026/02/13","450A","ＳＳＳＰヘッジ有","東証およびＰＴＳ",,"確報",0,0,10,0,0,0,10,0,0,7250,0,0,0,7250,,,0,0,21,0,0,0,0,0,0,0,0,0,0
"2026/02/10","2026/02/13","4512","わかもと製薬","東証およびＰＴＳ",,"確報",100,2200,75800,400,0,98200,-22400,32600,717200,24710800,130400,0,32013200,-7302400,,,0,0,233700,0,0,293400,18.5,15.5,15.8,15.6,14.1,51.1,22.1
"2026/02/10","2026/02/13","4516","日本新薬","東証およびＰＴＳ",,"確報",4800,1100,13700,1100,100,19600,-5900,24758400,5673800,70664600,5673800,515800,101096800,-30432200,,,0,0,480000,0,0,892800,7.4,3.8,6.2,4.7,9.2,20.9,12.8
"2026/02/10","2026/02/13","4519","中外製薬","東証およびＰＴＳ",,"確報",2100,100,27700,0,1200,1500,26200,18946200,902200,249909400,0,10826400,13533000,236376400,,,0,0,0,2672800,280800,0,11,11.3,11.7,11.5,6.9,6,6.4
"2026/02/10","2026/02/13","451A","ＳＳＳＰ高配当","東証およびＰＴＳ",,"確報",0,3480,0,0,0,0,0,0,969180,0,0,0,0,0,,,0,0,0,4176,0,0,7.6,517,3.8,7.6,0,0,0
"2026/02/10","2026/02/13","4521","科研製薬","東証およびＰＴＳ",,"確報",3000,7400,13300,0,7800,26600,-13300,12645000,31191000,56059500,0,32877000,112119000,-56059500,,,0,0,531000,0,0,1032000,6.7,5.6,5.7,5.6,5.7,11.4,7.6
"2026/02/10","2026/02/13","4523","エーザイ","東証およびＰＴＳ",,"確報",2300,56400,32600,2100,500,2100,30500,11122800,272750400,157653600,10155600,2418000,10155600,147498000,,,0,0,23669100,0,0,136500,10.8,58.5,6.2,11.2,1.1,4.7,1.8
"2026/02/10","2026/02/13","4524","森下仁丹","東証およびＰＴＳ",,"確報",0,0,0,0,0,0,0,0,0,0,0,0,0,0,,,0,0,0,0,0,0,0,0,0,0,0,0,0
"2026/02/10","2026/02/13","4526","理研ビタミン","東証およびＰＴＳ",,"確報",100,0,7200,100,100,15700,-8500,325500,0,23436000,325500,325500,51103500,-27667500,,,0,0,0,35500,78500,0,33.2,35.1,31.9,33.4,31.7,34.5,33
"2026/02/10","2026/02/13","4527","ロート製薬","東証およびＰＴＳ",,"確報",1300,2200,11000,0,900,11000,0,3357250,5681500,28407500,0,2324250,28407500,0,,,0,0,0,238000,238000,0,11.6,9.2,8,8.6,20.7,15.4,17.7
"2026/02/10","2026/02/13","4528","小野薬品工業","東証およびＰＴＳ",,"確報",1400,1800,23100,400,800,23100,0,3565100,4583700,58824150,1018600,2037200,58824150,0,,,0,0,0,35250,35250,0,18.2,29.5,12.4,17.5,34.4,13.2,19.1
"2026/02/10","2026/02/13","452A","ｉＳＳＰカバコ","東証およびＰＴＳ",,"確報",30,100,3560,0,0,0,3560,24252,80840,2877904,0,0,0,2877904,,,0,0,1452,0,0,0,20.8,24.1,18.3,20.8,0,0,0
"2026/02/10","2026/02/13","4530","久光製薬","東証およびＰＴＳ",,"確報",0,500,3800,0,0,3200,600,0,3255000,24738000,0,0,20832000,3906000,,,0,0,258000,0,0,192000,72.6,103,29.4,45.8,157,0,314
"2026/02/10","2026/02/13","4531","有機合成薬品工業","東証およびＰＴＳ",,"確報",35400,13200,95400,0,200,2600,92800,17098200,6375600,46078200,0,96600,1255800,44822400,,,0,0,5856000,0,0,224000,9.8,6.5,17.7,9.5,0,69,138
"2026/02/10","2026/02/13","4534","持田製薬","東証およびＰＴＳ",,"確報",0,400,11100,0,4300,11900,-800,0,1498000,41569500,0,16103500,44565500,-2996000,,,0,0,172500,0,0,243000,12.3,6.7,9.8,7.9,58.7,12.5,20.6
"2026/02/10","2026/02/13","4536","参天製薬","東証およびＰＴＳ",,"確報",300,4700,10200,700,5200,10200,0,518250,8119250,17620500,1209250,8983000,17620500,0,,,0,0,0,489100,492450,0,4.9,4.3,3.5,3.8,10.1,5.3,6.9
"2026/02/10","2026/02/13","4538","扶桑薬品工業","東証およびＰＴＳ",,"確報",200,0,2300,300,100,2300,0,472800,0,5437200,709200,236400,5437200,0,,,0,0,18900,0,0,18900,32.6,36,36,36,26,34.7,29.7
"2026/02/10","2026/02/13","4539","日本ケミファ","東証およびＰＴＳ",,"確報",0,0,1200,0,0,0,1200,0,0,2089200,0,0,0,2089200,,,0,0,25200,0,0,0,0,0,0,0,0,0,0
"2026/02/10","2026/02/13","453A","ｉＳ米債カバコ","東証およびＰＴＳ",,"確報",0,0,6840,0,0,0,6840,0,0,5446692,0,0,0,5446692,,,0,0,0,684,0,0,104.6,0,52.3,104.6,0,0,0
"2026/02/10","2026/02/13","4540","ツムラ","東証およびＰＴＳ",,"確報",500,1100,8300,0,0,1700,6600,2064500,4541900,34270700,0,0,7019300,27251400,,,0,0,293700,0,0,56100,13.7,9.6,14.3,11.5,86,86,86
"2026/02/10","2026/02/13","4543","テルモ","東証およびＰＴＳ",,"確報",1000,2900,83400,18500,0,20000,63400,2112000,6124800,176140800,39072000,0,42240000,133900800,,,0,0,2729600,0,0,48000,17.1,30.3,20.2,24.3,1.5,68,2.9
"2026/02/10","2026/02/13","4544","ＨＵグループＨＤ","東証およびＰＴＳ",,"確報",600,5300,9400,12300,3000,38900,-29500,1912800,16896400,29967200,39212400,9564000,124013200,-94046000,,,0,0,0,1184400,2486400,0,8,4.9,4.2,4.5,7.7,29.9,12.3
"2026/02/10","2026/02/13","4547","キッセイ薬品工業","東証およびＰＴＳ",,"確報",0,500,2100,600,0,3900,-1800,0,2330000,9786000,2796000,0,18174000,-8388000,,,0,0,247000,0,0,313500,7.1,10.5,7.6,8.8,37.2,3.4,6.3
"2026/02/10","2026/02/13","4548","生化学工業","東証およびＰＴＳ",,"確報",200,14700,119900,18000,0,152400,-32500,136000,9996000,81532000,12240000,0,103632000,-22100000,,,0,0,1612800,0,0,1612800,16.9,15.4,18.6,16.9,11.1,35.8,16.9
"2026/02/10","2026/02/13","4549","栄研化学","東証およびＰＴＳ",,"確報",100,1300,46300,0,1800,64200,-17900,251800,3273400,116583400,0,4532400,161655600,-45072200,,,0,0,1520000,0,0,2112000,59.1,26.7,51,35.1,135.9,98.8,114.5
"2026/02/10","2026/02/13","4552","ＪＣＲファーマ","東証およびＰＴＳ",,"確報",15300,4200,158600,11700,600,158600,0,10419300,2860200,108006600,7967700,408600,108006600,0,,,0,0,4867500,0,0,4867500,22.8,17.4,21.8,19.4,23.9,33.1,27.8
"2026/02/10","2026/02/13","4553","東和薬品","東証およびＰＴＳ",,"確報",3000,900,15700,500,200,19800,-4100,11265000,3379500,58953500,1877500,751000,74349000,-15395500,,,0,0,952000,0,0,1365000,8.8,6.4,62.6,11.6,4.4,20.7,7.3
"2026/02/10","2026/02/13","4554","富士製薬工業","東証およびＰＴＳ",,"確報",1600,3000,66400,0,1400,66400,0,3448000,6465000,143092000,0,3017000,143092000,0,,,0,0,0,1423800,1423800,0,6.5,3.9,7.4,5.1,6,15.6,8.6
"2026/02/10","2026/02/13","4556","カイノス","東証およびＰＴＳ",,"確報",0,0,900,0,0,0,900,0,0,1803600,0,0,0,1803600,,,0,0,360000,0,0,0,30.7,46,23,30.7,0,0,0
"2026/02/10","2026/02/13","4558","中京医薬品","東証およびＰＴＳ",,"確報",200,0,18000,0,0,0,18000,41200,0,3708000,0,0,0,3708000,,,0,0,35600,0,0,0,16.9,13.2,23.6,16.9,0,0,0
"2026/02/10","2026/02/13","4559","ゼリア新薬工業","東証およびＰＴＳ",,"確報",400,0,5000,0,500,0,5000,882000,0,11025000,0,1102500,0,11025000,,,0,0,124200,0,0,13500,3,3.9,5,4.4,3,0.4,0.7
"2026/02/10","2026/02/13","4563","アンジェス","東証およびＰＴＳ",,"確報",0,93100,7548200,0,0,0,7548200,0,5865300,475536600,0,0,0,475536600,,,0,0,38206500,0,0,0,122.8,681.2,67.5,122.8,0,0,0
"2026/02/10","2026/02/13","4564","オンコセラピサイエン","東証およびＰＴＳ",,"確報",35500,29600,2921500,100,138200,5100,2916400,710000,592000,58430000,2000,2764000,102000,58328000,,,0,0,0,0,0,0,44.8,90.6,72.3,80.4,1.1,1.1,1.1
"2026/02/10","2026/02/13","4565","ネクセラファーマ","東証およびＰＴＳ",,"確報",200,18500,125500,0,200,45300,80200,177600,16428000,111444000,0,177600,40226400,71217600,,,0,0,4314000,0,0,1365000,13.4,3645.5,5.4,10.8,52.4,85.3,64.9
"2026/02/10","2026/02/13","4568","第一三共","東証およびＰＴＳ",,"確報",10700,122500,516700,1500,200,6700,510000,31923450,365478750,1541574450,4475250,596700,19989450,1521585000,,,0,0,19797750,0,0,170100,18,54.2,11.5,19,1.6,3,2.1
"2026/02/10","2026/02/13","4569","杏林製薬","東証およびＰＴＳ",,"確報",300,0,17000,0,7400,22100,-5100,499500,0,28305000,0,12321000,36796500,-8491500,,,0,0,66800,0,0,118000,7.1,12.7,18.6,15.1,9.7,3.8,5.4
"2026/02/10","2026/02/13","456A","ＨＵＭＡＮ　ＭＡＤＥ","東証およびＰＴＳ",,"確報",500,0,12900,0,0,0,12900,1875000,0,48375000,0,0,0,48375000,,,0,0,0,496000,0,0,29.1,16.6,116.2,29.1,0,0,0
"2026/02/10","2026/02/13","4570","免疫生物研究所","東証およびＰＴＳ",,"確報",600,400,89700,0,0,0,89700,965400,643600,144327300,0,0,0,144327300,,,0,0,6444000,0,0,0,94.3,141.5,70.8,94.3,0,0,0
"2026/02/10","2026/02/13","4571","ＮＡＮＯ","東証およびＰＴＳ",,"確報",40800,2900,167800,0,0,0,167800,5834400,414700,23995400,0,0,0,23995400,,,0,0,389700,0,0,0,22.7,15.9,39.6,22.7,0,0,0
"2026/02/10","2026/02/13","4572","カルナバイオサイエ","東証およびＰＴＳ",,"確報",200,1000,33900,0,0,0,33900,62400,312000,10576800,0,0,0,10576800,,,0,0,589900,0,0,0,45.7,52.8,40.3,45.7,0,0,0
"2026/02/10","2026/02/13","4574","大幸薬品","東証およびＰＴＳ",,"確報",0,41600,143200,1000,700,318000,-174800,0,12396800,42673600,298000,208600,94764000,-52090400,,,0,0,1478400,0,0,2541600,41.1,49.8,11.3,18.5,122.3,170.2,142.3
"2026/02/10","2026/02/13","4575","キャンバス","東証およびＰＴＳ",,"確報",0,4500,125000,0,0,0,125000,0,4000500,111125000,0,0,0,111125000,,,0,0,4791500,0,0,0,64.8,284.4,36.5,64.8,0,0,0
"2026/02/10","2026/02/13","4576","デウエスタンセラピテ","東証およびＰＴＳ",,"確報",0,7100,352000,0,0,0,352000,0,724200,35904000,0,0,0,35904000,,,0,0,718200,0,0,0,37.4,53.3,28.7,37.4,0,0,0
"2026/02/10","2026/02/13","4577","ダイト","東証およびＰＴＳ",,"確報",0,100,6200,0,3100,36200,-30000,0,135300,8388600,0,4194300,48978600,-40590000,,,0,0,18900,0,0,117900,13.8,103,154.5,123.6,12.5,11.3,11.9
"2026/02/10","2026/02/13","4578","大塚ホールディングス","東証およびＰＴＳ",,"確報",2200,2300,7900,5400,100,11000,-3100,21685400,22671100,77870300,53227800,985700,108427000,-30556700,,,0,0,1968000,0,0,1402200,6.9,7.7,5.2,6.2,4.9,20.8,7.9
"2026/02/10","2026/02/13","4579","ラクオリア創薬","東証およびＰＴＳ",,"確報",700,1300,88300,0,0,0,88300,718900,1335100,90684100,0,0,0,90684100,,,0,0,1778000,0,0,0,91.3,354.7,52.4,91.3,0,0,0
"2026/02/10","2026/02/13","4582","シンバイオ製薬","東証およびＰＴＳ",,"確報",0,6800,234000,0,0,0,234000,0,598400,20592000,0,0,0,20592000,,,0,0,481600,0,0,0,32.5,33.6,31.5,32.5,0,0,0
"2026/02/10","2026/02/13","4583","カイオムバイオサイエ","東証およびＰＴＳ",,"確報",1900,45500,221400,0,0,0,221400,224200,5369000,26125200,0,0,0,26125200,,,0,0,265000,0,0,0,31.6,156.4,17.6,31.6,0,0,0
"2026/02/10","2026/02/13","4584","キッズウェル・バイオ","東証およびＰＴＳ",,"確報",100,6700,306100,0,0,0,306100,26000,1742000,79586000,0,0,0,79586000,,,0,0,4690500,0,0,0,85.9,8011.5,43.2,85.9,0,0,0
"2026/02/10","2026/02/13","4586","メドレックス","東証およびＰＴＳ",,"確報",0,13800,340400,0,0,0,340400,0,1587000,39146000,0,0,0,39146000,,,0,0,708400,0,0,0,3.5,38.4,1.8,3.5,0,0,0
"2026/02/10","2026/02/13","4587","ペプチドリーム","東証およびＰＴＳ",,"確報",2400,200,103100,4000,0,9900,93200,3754800,312900,161299950,6258000,0,15488550,145811400,,,0,0,4389150,0,0,256650,38.7,55,140.5,79,3.6,5.8,4.5
"2026/02/10","2026/02/13","4588","オンコリスバイオ","東証およびＰＴＳ",,"確報",7700,0,161700,0,0,0,161700,16801400,0,352829400,0,0,0,352829400,,,0,0,3388000,0,0,0,31.4,24.8,42.8,31.4,0,0,0
"2026/02/10","2026/02/13","4591","リボミック","東証およびＰＴＳ",,"確報",0,16300,498500,0,0,0,498500,0,1401800,42871000,0,0,0,42871000,,,0,0,1544400,0,0,0,37.2,44.1,32.2,37.2,0,0,0
"2026/02/10","2026/02/13","4592","サンバイオ","東証およびＰＴＳ",,"確報",2900,4300,297200,0,0,0,297200,5713000,8471000,585484000,0,0,0,585484000,,,0,0,27769800,0,0,0,109.7,117,103.3,109.7,0,0,0
"2026/02/10","2026/02/13","4593","ヘリオス","東証およびＰＴＳ",,"確報",22200,26800,1207700,0,4600,1207700,0,8502600,10264400,462549100,0,1761800,462549100,0,,,0,0,20609100,0,0,20609100,57,38.3,30.2,33.8,495.2,111.8,182.4
"2026/02/10","2026/02/13","4594","ブライトパス・バイオ","東証およびＰＴＳ",,"確報",13300,4200,1409200,0,0,0,1409200,917700,289800,97234800,0,0,0,97234800,,,0,0,0,1400100,0,0,63.5,51.7,82.3,63.5,0,0,0
"2026/02/10","2026/02/13","4595","ミズホメディー","東証およびＰＴＳ",,"確報",100,0,4300,0,0,0,4300,181000,0,7783000,0,0,0,7783000,,,0,0,79800,0,0,0,53.3,213,30.4,53.3,0,0,0
"2026/02/10","2026/02/13","4596","窪田製薬ＨＤ","東証およびＰＴＳ",,"確報",81700,4400,467500,0,0,0,467500,18382500,990000,105187500,0,0,0,105187500,,,0,0,19510000,0,0,0,8.6,8.5,8.7,8.6,0,0,0
"2026/02/10","2026/02/13","4597","ソレイジア・ファーマ","東証およびＰＴＳ",,"確報",0,26100,1406200,18300,52200,1023300,382900,0,835200,44998400,585600,1670400,32745600,12252800,,,0,0,2864600,0,0,2114400,42.3,106.8,26.3,42.2,39.6,45.8,42.4
"2026/02/10","2026/02/13","4598","ＤＥＬＴＡ－Ｐ","東証およびＰＴＳ",,"確報",1000,3500,106200,0,0,0,106200,224000,784000,23788800,0,0,0,23788800,,,0,0,652200,0,0,0,55.3,125.3,35.5,55.3,0,0,0
"2026/02/10","2026/02/13","4599","ステムリム","東証およびＰＴＳ",,"確報",0,1500,14400,0,0,0,14400,0,438000,4204800,0,0,0,4204800,,,0,0,95400,0,0,0,35.2,61,24.8,35.2,0,0,0
"2026/02/10","2026/02/13","459A","野村高利回りＪリート","東証およびＰＴＳ",,"確報",0,0,15,0,0,0,15,0,0,175725,0,0,0,175725,,,0,0,3225,0,0,0,17,0,8.5,17,0,0,0
"2026/02/10","2026/02/13","460A","ＢＲＡＮＵ","東証およびＰＴＳ",,"確報",600,500,10200,0,0,0,10200,582000,485000,9894000,0,0,0,9894000,,,0,0,181800,0,0,0,34.1,75.6,22,34.1,0,0,0
"2026/02/10","2026/02/13","4611","大日本塗料","東証およびＰＴＳ",,"確報",400,7900,7600,5800,0,21000,-13400,568400,11225900,10799600,8241800,0,29841000,-19041400,,,0,0,0,256700,258400,0,7.5,5.9,5.4,5.6,5.3,136.6,10.1
"2026/02/10","2026/02/13","4612","日本ペイントＨＤ","東証およびＰＴＳ",,"確報",0,10000,84700,2500,0,60700,24000,0,10540000,89273800,2635000,0,63977800,25296000,,,0,0,378800,0,0,232800,22.4,228.1,8,15.5,70.3,98.4,82
"2026/02/10","2026/02/13","4613","関西ペイント","東証およびＰＴＳ",,"確報",3100,3200,10600,6300,300,10600,0,8458350,8731200,28922100,17189550,818550,28922100,0,,,0,0,1257250,0,0,540500,3.6,2.1,3.9,2.8,3.2,18.7,5.5
"2026/02/10","2026/02/13","4615","神東塗料","東証およびＰＴＳ",,"確報",200,26500,49500,0,0,0,49500,25200,3339000,6237000,0,0,0,6237000,,,0,0,75800,0,0,0,7.9,9.1,7,7.9,0,0,0
"2026/02/10","2026/02/13","4616","川上塗料","東証およびＰＴＳ",,"確報",0,100,400,0,0,0,400,0,196000,784000,0,0,0,784000,,,0,0,0,500,0,0,21,21,21,21,0,0,0
"2026/02/10","2026/02/13","4617","中国塗料","東証およびＰＴＳ",,"確報",1700,42600,63200,1300,0,9600,53600,6936000,173808000,257856000,5304000,0,39168000,218688000,,,0,0,2082000,0,0,166000,4.7,5.2,4.7,4.9,2.6,4.7,3.3
"2026/02/10","2026/02/13","4619","日本特殊塗料","東証およびＰＴＳ",,"確報",0,200,9100,0,0,0,9100,0,490000,22295000,0,0,0,22295000,,,0,0,167400,0,0,0,157.3,0,94.4,188.8,0,0,0
"2026/02/10","2026/02/13","461A","ＭＸ日株高配ＳＭＡＲ","東証およびＰＴＳ",,"確報",2450,10,2760,0,0,0,2760,6068650,24770,6836520,0,0,0,6836520,,,0,0,11840,0,0,0,2.3,1.1,315,2.3,0,0,0
"2026/02/10","2026/02/13","4620","藤倉化成","東証およびＰＴＳ",,"確報",14000,0,639600,0,2500,101400,538200,12740000,0,582036000,0,2275000,92274000,489762000,,,0,0,15640000,0,0,2597500,8.8,4.1,54.5,7.7,17.3,141.2,30.8
"2026/02/10","2026/02/13","4623","アサヒペン","東証およびＰＴＳ",,"確報",0,0,3400,0,0,0,3400,0,0,5933000,0,0,0,5933000,,,0,0,0,10200,0,0,0,0,0,0,0,0,0
"2026/02/10","2026/02/13","4624","イサム塗料","東証およびＰＴＳ",,"確報",0,0,0,0,0,0,0,0,0,0,0,0,0,0,,,0,0,0,0,0,0,2,5,1.3,2,0,0,0
"2026/02/10","2026/02/13","4625","アトミクス","東証およびＰＴＳ",,"確報",0,0,6200,0,0,0,6200,0,0,4873200,0,0,0,4873200,,,0,0,0,37200,0,0,130,0,65,130,0,0,0
"2026/02/10","2026/02/13","4626","太陽ホールディングス","東証およびＰＴＳ",,"確報",400,1800,42900,100,400,88200,-45300,2183600,9826200,234191100,545900,2183600,481483800,-247292700,,,0,0,0,708800,1416000,0,24.5,22.3,10.3,14.1,32.8,82,46.9
"2026/02/10","2026/02/13","4627","ナトコ","東証およびＰＴＳ",,"確報",0,0,1000,0,0,0,1000,0,0,1593000,0,0,0,1593000,,,0,0,3000,0,0,0,4,2,0,4,0,0,0
"2026/02/10","2026/02/13","4628","エスケー化研","東証およびＰＴＳ",,"確報",0,0,200,0,0,0,200,0,0,2334000,0,0,0,2334000,,,0,0,56000,0,0,0,0,0,0,0,0,0,0
"2026/02/10","2026/02/13","4629","大伸化学","東証およびＰＴＳ",,"確報",0,100,1800,0,0,0,1800,0,174900,3148200,0,0,0,3148200,,,0,0,20900,0,0,0,41.2,0,20.6,41.2,0,0,0
"2026/02/10","2026/02/13","462A","ＦＵＮＤＩＮＮＯ","東証およびＰＴＳ",,"確報",1500,1000,44200,0,0,0,44200,1359000,906000,40045200,0,0,0,40045200,,,0,0,0,1223600,0,0,30.3,36.3,26,30.3,0,0,0
"2026/02/10","2026/02/13","4631","ＤＩＣ","東証およびＰＴＳ",,"確報",300,300,9800,0,0,700,9100,1250700,1250700,40856200,0,0,2918300,37937900,,,0,0,1176000,0,0,84000,15.7,34.2,9.4,14.8,0,0,0
"2026/02/10","2026/02/13","4633","サカタインクス","東証およびＰＴＳ",,"確報",1100,0,27200,0,0,0,27200,2754400,0,68108800,0,0,0,68108800,,,0,0,1122300,0,0,0,29,17.6,82.1,29,0,0,0
"2026/02/10","2026/02/13","4634","ａｒｔｉｅｎｃｅ","東証およびＰＴＳ",,"確報",1000,100,5100,1000,100,5100,0,3960000,396000,20196000,3960000,396000,20196000,0,,,0,0,273000,0,0,273000,10.1,6.8,7,6.9,18.2,19.8,19
"2026/02/10","2026/02/13","4635","東京インキ","東証およびＰＴＳ",,"確報",1300,0,6600,0,0,0,6600,2290600,0,11629200,0,0,0,11629200,,,0,0,0,201400,0,0,9.6,8.5,11,9.6,0,0,0
"2026/02/10","2026/02/13","463A","インテリックスＨＤ","東証およびＰＴＳ",,"確報",0,1000,5700,0,0,0,5700,0,977000,5568900,0,0,0,5568900,,,0,0,80400,0,0,0,19.2,28.8,14.4,19.2,0,0,0
"2026/02/10","2026/02/13","4641","アルプス技研","東証およびＰＴＳ",,"確報",0,0,6500,0,0,2200,4300,0,0,17530500,0,0,5933400,11597100,,,0,0,84500,0,0,28600,175.2,0,0,0,113,28.3,45.2
"2026/02/10","2026/02/13","4642","オリジナル設計","東証およびＰＴＳ",,"確報",700,0,2500,0,0,0,2500,1101800,0,3935000,0,0,0,3935000,,,0,0,75600,0,0,0,22.4,14.4,50.5,22.4,0,0,0
"2026/02/10","2026/02/13","4644","イマジニア","東証およびＰＴＳ",,"確報",1200,0,3100,0,0,1200,1900,1314000,0,3394500,0,0,1314000,2080500,,,0,0,7600,0,0,4800,17.6,7.6,38,12.7,0,31,62
"2026/02/10","2026/02/13","4645","市進ホールディングス","東証およびＰＴＳ",,"確報",0,100,0,0,0,0,0,0,45000,0,0,0,0,0,,,0,0,0,100,0,0,7,0,3.5,7,0,0,0
"2026/02/10","2026/02/13","464A","ＱＰＳＨＤ","東証およびＰＴＳ",,"確報",400000,445500,696400,0,900,741000,-44600,846000000,942232500,1472886000,0,1903500,1567215000,-94329000,,,0,0,49707300,0,0,49707300,5.6,2.8,2.7,2.8,4118,4118,4118
"2026/02/10","2026/02/13","4650","ＳＤエンター","東証およびＰＴＳ",,"確報",0,0,3500,0,0,0,3500,0,0,1043000,0,0,0,1043000,,,0,0,0,0,0,0,176,176,176,176,0,0,0
"2026/02/10","2026/02/13","4651","サニックスＨＤ","東証およびＰＴＳ",,"確報",3000,200,54600,400,0,9300,45300,678000,45200,12339600,90400,0,2101800,10237800,,,0,0,103600,0,0,17800,12.3,15.5,9.6,11.9,12.3,21.4,15.7
"2026/02/10","2026/02/13","4657","環境管理センター","東証およびＰＴＳ",,"確報",0,1300,2500,0,0,0,2500,0,605800,1165000,0,0,0,1165000,,,0,0,7600,0,0,0,8.5,11.2,6.9,8.5,0,0,0
"2026/02/10","2026/02/13","4658","日本空調サービス","東証およびＰＴＳ",,"確報",4000,29000,14200,100,1200,38100,-23900,5900000,42775000,20945000,147500,1770000,56197500,-35252500,,,0,0,1332800,0,0,1332800,9.2,16.6,3.9,6.4,25.7,11.2,15.6
"2026/02/10","2026/02/13","4659","エイジス","東証およびＰＴＳ",,"確報",100,0,400,0,0,0,400,294000,0,1176000,0,0,0,1176000,,,0,0,0,1500,0,0,32,16,0,32,0,0,0
"2026/02/10","2026/02/13","465A","ＧＸ日経株主還元","東証およびＰＴＳ",,"確報",0,3049,3494,0,0,0,3494,0,3759417,4308102,0,0,0,4308102,,,0,0,150489,0,0,0,5.8,5.5,6.2,5.8,0,0,0
"2026/02/10","2026/02/13","4661","オリエンタルランド","東証およびＰＴＳ",,"確報",600,2200,349900,17300,0,75400,274500,1664400,6102800,970622600,47990200,0,209159600,761463000,,,0,0,7557250,0,0,1249150,27.9,59.8,26.6,36.8,7.1,22.3,10.8
"2026/02/10","2026/02/13","4662","フォーカスシステムズ","東証およびＰＴＳ",,"確報",0,1000,15800,0,0,0,15800,0,1830000,28914000,0,0,0,28914000,,,0,0,1092000,0,0,0,2.3,50,1.2,2.3,0,0,0
"2026/02/10","2026/02/13","4664","アール・エス・シー","東証およびＰＴＳ",,"確報",1300,0,11400,0,0,0,11400,1328600,0,11650800,0,0,0,11650800,,,0,0,181800,0,0,0,37.3,32.6,43.5,37.3,0,0,0
"2026/02/10","2026/02/13","4665","ダスキン","東証およびＰＴＳ",,"確報",800,200,6300,1100,100,52500,-46200,3490400,872600,27486900,4799300,436300,229057500,-201570600,,,0,0,330600,0,0,2987000,27.6,4.9,21.7,8,21.7,91.6,35.1
"2026/02/10","2026/02/13","4666","パーク二四","東証およびＰＴＳ",,"確報",0,1200,40300,2400,1000,10200,30100,0,2666400,89546600,5332800,2222000,22664400,66882200,,,0,0,1411000,0,0,299200,20,29.7,50.1,37.3,4.3,7.3,5.4
"2026/02/10","2026/02/13","4667","アイサンテクノロジー","東証およびＰＴＳ",,"確報",200,0,8900,0,0,0,8900,416600,0,18538700,0,0,0,18538700,,,0,0,234900,0,0,0,41.5,38,45.6,41.5,0,0,0
"2026/02/10","2026/02/13","4668","明光ネットワクジャパ","東証およびＰＴＳ",,"確報",100,500,900,300,200,6600,-5700,72700,363500,654300,218100,145400,4798200,-4143900,,,0,0,7800,0,0,39000,18,36,3.6,6.5,33.3,25.6,29
"2026/02/10","2026/02/13","466A","ＧＸ防衛テック","東証およびＰＴＳ",,"確報",530,5159,86455,0,0,0,86455,637060,6201118,103918910,0,0,0,103918910,,,0,0,455420,0,0,0,21.6,24.7,19.2,21.6,0,0,0
"2026/02/10","2026/02/13","4671","ファルコＨＤ","東証およびＰＴＳ",,"確報",1400,700,2600,400,0,2600,0,3794000,1897000,7046000,1084000,0,7046000,0,,,0,0,51300,0,0,59400,6.7,3.1,4.1,3.5,30,40,34.3
"2026/02/10","2026/02/13","4673","川崎地質","東証およびＰＴＳ",,"確報",100,0,2000,0,0,0,2000,466000,0,9320000,0,0,0,9320000,,,0,0,0,114000,0,0,50,50,50,50,0,0,0
"2026/02/10","2026/02/13","4674","クレスコ","東証およびＰＴＳ",,"確報",100,300,12100,0,300,3000,9100,164500,493500,19904500,0,493500,4935000,14969500,,,0,0,405900,0,0,108900,12.8,16,38.1,22.6,3,4.2,3.5
"2026/02/10","2026/02/13","4676","フジ・メディア・ＨＤ","東証およびＰＴＳ",,"確報",1500,600,124500,0,0,0,124500,5443500,2177400,451810500,0,0,0,451810500,,,0,0,123600,0,0,0,2.5,2.2,2.9,2.5,0,0,0
"2026/02/10","2026/02/13","4678","秀英予備校","東証およびＰＴＳ",,"確報",0,0,2300,0,300,7600,-5300,0,0,738300,0,96300,2439600,-1701300,,,0,0,0,2300,7900,0,34.7,0,39.3,78.7,113.8,17.5,30.3
"2026/02/10","2026/02/13","4679","田谷","東証およびＰＴＳ",,"確報",0,0,2300,0,0,0,2300,0,0,855600,0,0,0,855600,,,0,0,2300,0,0,0,34.3,120,20,34.3,0,0,0
"2026/02/10","2026/02/13","467A","ＧＸＵＳ社債Ｈ","東証およびＰＴＳ",,"確報",0,0,340,0,0,0,340,0,0,101762,0,0,0,101762,,,0,0,102,0,0,0,0,0,0,0,0,0,0
"2026/02/10","2026/02/13","4680","ラウンドワン","東証およびＰＴＳ",,"確報",8700,0,181000,700,0,800,180200,9213300,0,191679000,741300,0,847200,190831800,,,0,0,0,6547400,3800,0,53.9,42.6,77.6,55,1.7,0,3.4
"2026/02/10","2026/02/13","4681","リゾートトラスト","東証およびＰＴＳ",,"確報",2000,1000,16400,1000,0,16400,0,3672000,1836000,30110400,1836000,0,30110400,0,,,0,0,231000,0,0,231000,0.8,4.6,1.9,2.7,15.8,0.2,0.4
"2026/02/10","2026/02/13","4684","オービック","東証およびＰＴＳ",,"確報",5600,4700,45700,0,0,0,45700,22652000,19011500,184856500,0,0,0,184856500,,,0,0,9452800,0,0,0,7.2,6.8,7.5,7.2,0,0,0
"2026/02/10","2026/02/13","4685","菱友システムズ","東証およびＰＴＳ",,"確報",100,1600,10700,0,0,0,10700,356500,5704000,38145500,0,0,0,38145500,,,0,0,366000,0,0,0,15.6,11.5,24.3,15.6,0,0,0
"2026/02/10","2026/02/13","4686","ジャストシステム","東証およびＰＴＳ",,"確報",4000,2000,31000,3700,1700,31000,0,17200000,8600000,133300000,15910000,7310000,133300000,0,,,0,0,2610000,0,0,2610000,21.6,14.1,20.8,16.8,22.4,46.3,30.2
"2026/02/10","2026/02/13","4687","ＴＤＣソフト","東証およびＰＴＳ",,"確報",100,200,2300,400,0,1200,1100,112100,224200,2578300,448400,0,1345200,1233100,,,0,0,40800,0,0,13600,3,5.9,2.4,3.4,24.7,1.4,2.7
"2026/02/10","2026/02/13","4689","ＬＩＮＥヤフー","東証およびＰＴＳ",,"確報",7000,94000,981600,95300,0,297800,683800,2941400,39498800,412468320,40045060,0,125135560,287332760,,,0,0,0,4381260,830250,0,13.9,64.5,11,18.8,2.4,55.4,4.6
"2026/02/10","2026/02/13","468A","ＧＸＵＳ社債","東証およびＰＴＳ",,"確報",0,0,0,0,0,0,0,0,0,0,0,0,0,0,,,0,0,0,0,0,0,0,0,0,0,0,0,0
"2026/02/10","2026/02/13","4690","日本パレットプール","東証およびＰＴＳ",,"確報",0,100,3600,0,0,0,3600,0,250700,9025200,0,0,0,9025200,,,0,0,0,3700,0,0,31.3,62.7,20.9,31.3,0,0,0
"2026/02/10","2026/02/13","4691","ワシントンホテル","東証およびＰＴＳ",,"確報",400,300,8200,0,0,0,8200,530400,397800,10873200,0,0,0,10873200,,,0,0,210600,0,0,0,63.2,58.7,68.5,63.2,0,0,0
"2026/02/10","2026/02/13","4694","ビー・エム・エル","東証およびＰＴＳ",,"確報",0,100,1700,200,2300,35100,-33400,0,404500,6876500,809000,9303500,141979500,-135103000,,,0,0,0,135000,2790000,0,27.3,10.8,4.1,5.9,81.8,24.5,37.7
"2026/02/10","2026/02/13","469A","フィットクルー","東証およびＰＴＳ",,"確報",100,300,6800,0,0,0,6800,248000,744000,16864000,0,0,0,16864000,,,0,0,0,77000,0,0,22,46.8,14.4,22,0,0,0
"2026/02/10","2026/02/13","4704","トレンドマイクロ","東証およびＰＴＳ",,"確報",2400,400,54200,0,0,300,53900,14104800,2350800,318533400,0,0,1763100,316770300,,,0,0,7986600,0,0,45900,29.3,23,46.1,30.7,4,4,4
"2026/02/10","2026/02/13","4705","クリップコーポ","東証およびＰＴＳ",,"確報",0,0,0,0,0,0,0,0,0,0,0,0,0,0,,,0,0,0,0,0,0,0,0,0,0,0,0,0
"2026/02/10","2026/02/13","4707","キタック","東証およびＰＴＳ",,"確報",1400,0,7500,0,0,0,7500,492800,0,2640000,0,0,0,2640000,,,0,0,42700,0,0,0,15.8,7.9,0,15.8,0,0,0
"2026/02/10","2026/02/13","4709","ＩＤホールディングス","東証およびＰＴＳ",,"確報",0,300,7300,0,200,2200,5100,0,595800,14497800,0,397200,4369200,10128600,,,0,0,190000,0,0,60000,47.9,53.7,94,68.4,127,14.1,25.4
"2026/02/10","2026/02/13","4712","ＫｅｙＨｏｌｄｅｒ","東証およびＰＴＳ",,"確報",0,100,8200,0,0,0,8200,0,73000,5986000,0,0,0,5986000,,,0,0,41500,0,0,0,202.5,135,405,202.5,0,0,0
"2026/02/10","2026/02/13","4714","リソー教育グループ","東証およびＰＴＳ",,"確報",6700,16200,301500,0,9500,301500,0,1407000,3402000,63315000,0,1995000,63315000,0,,,0,0,311000,0,0,311000,30.2,17.9,29.9,22.4,30.5,96.3,46.3
"2026/02/10","2026/02/13","4716","日本オラクル","東証およびＰＴＳ",,"確報",3600,1700,9900,1000,1800,7200,2700,36738000,17348500,101029500,10205000,18369000,73476000,27553500,,,0,0,4544000,0,0,4544000,6.5,6.5,6.5,6.5,4.8,10.5,6.6
"2026/02/10","2026/02/13","4718","早稲田アカデミー","東証およびＰＴＳ",,"確報",200,200,12000,0,1100,17900,-5900,411600,411600,24696000,0,2263800,36838200,-12142200,,,0,0,204000,0,0,323000,19.1,17.4,24,20.2,34.1,12.6,18.4
"2026/02/10","2026/02/13","4719","アルファシステムズ","東証およびＰＴＳ",,"確報",600,200,1400,400,0,1400,0,2328000,776000,5432000,1552000,0,5432000,0,,,0,0,125000,0,0,125000,7.3,3.9,5.7,4.6,10.2,51,17
"2026/02/10","2026/02/13","471A","ＮＳ　グループ","東証およびＰＴＳ",,"確報",0,100,9100,0,0,0,9100,0,148600,13522600,0,0,0,13522600,,,0,0,0,36800,0,0,68.9,482,37.1,68.9,0,0,0
"2026/02/10","2026/02/13","4720","城南進学研究社","東証およびＰＴＳ",,"確報",0,0,8300,0,0,0,8300,0,0,2357200,0,0,0,2357200,,,0,0,0,0,0,0,20.2,13.2,42.9,20.2,0,0,0
"2026/02/10","2026/02/13","4722","フューチャー","東証およびＰＴＳ",,"確報",0,4900,8100,0,9200,3800,4300,0,9158100,15138900,0,17194800,7102200,8036700,,,0,0,858000,0,0,858000,3,4.1,4.7,4.3,2.4,1.9,2.1
"2026/02/10","2026/02/13","4725","ＣＡＣＨＤ","東証およびＰＴＳ",,"確報",0,4600,18300,600,0,43800,-25500,0,9361000,37240500,1221000,0,89133000,-51892500,,,0,0,572500,0,0,1080000,34,40.5,11.3,17.6,52,118.4,72.2
"2026/02/10","2026/02/13","4728","トーセ","東証およびＰＴＳ",,"確報",100,0,800,0,0,0,800,65800,0,526400,0,0,0,526400,,,0,0,2100,0,0,0,15.3,23,11.5,15.3,0,0,0
"2026/02/10","2026/02/13","472A","ミラティブ","東証およびＰＴＳ",,"確報",500,0,4700,0,0,0,4700,353500,0,3322900,0,0,0,3322900,,,0,0,37800,0,0,0,14.2,21.8,10.5,14.2,0,0,0
"2026/02/10","2026/02/13","4732","ユー・エス・エス","東証およびＰＴＳ",,"確報",1000,0,7500,800,300,5600,1900,1758000,0,13185000,1406400,527400,9844800,3340200,,,0,0,169000,0,0,132600,23,23.4,27,25.1,16.9,27,20.8
"2026/02/10","2026/02/13","4733","オービックＢＣ","東証およびＰＴＳ",,"確報",500,1000,8300,0,0,0,8300,3144500,6289000,52198700,0,0,0,52198700,,,0,0,2173600,0,0,0,7.9,7.2,8.9,7.9,0,0,0
"2026/02/10","2026/02/13","4735","京進","東証およびＰＴＳ",,"確報",0,0,1700,0,0,0,1700,0,0,538900,0,0,0,538900,,,0,0,11900,0,0,0,0,0,0,0,0,0,0
"2026/02/10","2026/02/13","4736","日本ラッド","東証およびＰＴＳ",,"確報",100,0,10200,0,0,0,10200,62400,0,6364800,0,0,0,6364800,,,0,0,10100,0,0,0,204.4,255.5,170.3,204.4,0,0,0
"2026/02/10","2026/02/13","473A","ＮＡＭ日経２２５イン","東証およびＰＴＳ",,"確報",0,10,690,0,0,0,690,0,11580,799020,0,0,0,799020,,,0,0,18200,0,0,0,138.6,138.6,138.6,138.6,0,0,0
"2026/02/10","2026/02/13","4743","アイティフォー","東証およびＰＴＳ",,"確報",0,0,2600,0,0,2600,0,0,0,4433000,0,0,4433000,0,,,0,0,52000,0,0,52000,19.1,31.6,13.2,18.6,13.2,39.7,19.8
"2026/02/10","2026/02/13","4746","東計電算","東証およびＰＴＳ",,"確報",0,100,3300,200,200,1600,1700,0,430000,14190000,860000,860000,6880000,7310000,,,0,0,170000,0,0,80000,9.8,12.1,10.6,11.3,15.4,5.1,7.7
"2026/02/10","2026/02/13","4750","ダイサン","東証およびＰＴＳ",,"確報",0,0,2500,0,0,700,1800,0,0,1517500,0,0,424900,1092600,,,0,0,17500,0,0,4900,108,0,63.5,127,0,35,70
"2026/02/10","2026/02/13","4751","サイバーエージェント","東証およびＰＴＳ",,"確報",0,38600,171900,100,600,13900,158000,0,55352400,246504600,143400,860400,19932600,226572000,,,0,0,15892750,0,0,1087200,11.9,11.8,13.6,12.6,2.6,13.6,4.4
"2026/02/10","2026/02/13","4752","昭和システム","東証およびＰＴＳ",,"確報",0,0,0,0,0,0,0,0,0,0,0,0,0,0,,,0,0,0,0,0,0,0,0,0,0,0,0,0
"2026/02/10","2026/02/13","4754","トスネット","東証およびＰＴＳ",,"確報",0,0,0,0,0,0,0,0,0,0,0,0,0,0,,,0,0,0,0,0,0,0,0,0,0,0,0,0
"2026/02/10","2026/02/13","4755","楽天グループ","東証およびＰＴＳ",,"確報",0,636600,1565700,54100,17600,104700,1461000,0,631761840,1553800680,53688840,17466240,103904280,1449896400,,,0,0,90954990,0,0,2816660,15,47,9.5,15.8,4.2,9.8,5.9
"2026/02/10","2026/02/13","475A","ギミック","東証およびＰＴＳ",,"確報",0,800,2900,0,0,0,2900,0,910400,3300200,0,0,0,3300200,,,0,0,37000,0,0,0,8.8,12.3,6.8,8.8,0,0,0
"2026/02/10","2026/02/13","4760","アルファ","東証およびＰＴＳ",,"確報",100,0,2000,0,0,0,2000,160900,0,3218000,0,0,0,3218000,,,0,0,0,0,0,0,61.3,30.7,0,61.3,0,0,0
"2026/02/10","2026/02/13","4761","さくらケーシーエス","東証およびＰＴＳ",,"確報",0,0,3800,0,0,0,3800,0,0,4715800,0,0,0,4715800,,,0,0,3800,0,0,0,191,191,191,191,0,0,0
"2026/02/10","2026/02/13","4762","エックスネット","東証およびＰＴＳ",,"確報",100,0,500,0,0,0,500,150200,0,751000,0,0,0,751000,,,0,0,0,8000,0,0,14.7,11,22,14.7,0,0,0
"2026/02/10","2026/02/13","4763","クリーク＆リバー社","東証およびＰＴＳ",,"確報",100,2500,22900,800,0,800,22100,150500,3762500,34464500,1204000,0,1204000,33260500,,,0,0,354200,0,0,0,26.4,234.5,15.1,28.4,1,0,2
"2026/02/10","2026/02/13","4765","ＳＢＩＧアセットＭ","東証およびＰＴＳ",,"確報",400,34400,151900,100,4400,13000,138900,250800,21568800,95241300,62700,2758800,8151000,87090300,,,0,0,929500,0,0,86500,18.1,18.6,21.3,19.9,92.2,5,9.5
"2026/02/10","2026/02/13","4766","ピーエイ","東証およびＰＴＳ",,"確報",0,500,5000,0,0,0,5000,0,137500,1375000,0,0,0,1375000,,,0,0,0,5500,0,0,42.3,68.8,30.6,42.3,0,0,0
"2026/02/10","2026/02/13","4767","テーオーダブリュー","東証およびＰＴＳ",,"確報",300,0,49000,0,0,0,49000,114600,0,18718000,0,0,0,18718000,,,0,0,340900,0,0,0,243.3,304.1,202.8,243.3,0,0,0
"2026/02/10","2026/02/13","4768","大塚商会","東証およびＰＴＳ",,"確報",600,5200,1200,13500,400,18400,-17200,1874400,16244800,3748800,42174000,1249600,57481600,-53732800,,,0,0,620600,0,0,567100,1.7,1.4,1.4,1.4,2.8,1.5,2
"2026/02/10","2026/02/13","4769","ＩＣ","東証およびＰＴＳ",,"確報",0,0,100,100,0,100,0,0,0,105400,105400,0,105400,0,,,0,0,0,100,0,0,3,2,0,4,1,0,2
"2026/02/10","2026/02/13","476A","辻・本郷ＩＴコンサル","東証およびＰＴＳ",,"確報",100,0,1700,0,0,0,1700,210900,0,3585300,0,0,0,3585300,,,0,0,144000,0,0,0,28,42,21,28,0,0,0
"2026/02/10","2026/02/13","4771","エフアンドエム","東証およびＰＴＳ",,"確報",1700,0,15400,1700,0,15400,0,3971200,0,35974400,3971200,0,35974400,0,,,0,0,1082300,0,0,1082300,11.6,7.7,27,11.9,7.4,23.6,11.2
"2026/02/10","2026/02/13","4772","ＳＭ　ＥＮＴＥＲ","東証およびＰＴＳ",,"確報",11500,200,86800,0,0,0,86800,1127000,19600,8506400,0,0,0,8506400,,,0,0,0,302000,0,0,47.8,28.8,139,47.8,0,0,0
"2026/02/10","2026/02/13","4776","サイボウズ","東証およびＰＴＳ",,"確報",6200,900,108300,12900,100,49100,59200,13826000,2007000,241509000,28767000,223000,109493000,132016000,,,0,0,10300000,0,0,3630000,13.8,24.1,27.3,25.6,2.5,44.3,4.7
"2026/02/10","2026/02/13","4777","ガーラ","東証およびＰＴＳ",,"確報",200,0,15300,0,0,0,15300,44200,0,3381300,0,0,0,3381300,,,0,0,90600,0,0,0,140.9,387.5,86.1,140.9,0,0,0
"2026/02/10","2026/02/13","477A","スタートライン","東証およびＰＴＳ",,"確報",200,800,277300,0,0,0,277300,141600,566400,196328400,0,0,0,196328400,,,0,0,6113800,0,0,0,534.5,926.5,375.6,534.5,0,0,0
"2026/02/10","2026/02/13","4783","ＮＣＤ","東証およびＰＴＳ",,"確報",0,300,600,300,1800,600,0,0,999000,1998000,999000,5994000,1998000,0,,,0,0,0,81000,189000,0,4.3,8.7,2.1,3.4,7.6,3.3,4.6
"2026/02/10","2026/02/13","4784","ＧＭＯインターネット","東証およびＰＴＳ",,"確報",700,443000,301900,0,0,0,301900,559300,353957000,241218100,0,0,0,241218100,,,0,0,26047000,0,0,0,3.5,5.4,2.6,3.5,0,0,0
"2026/02/10","2026/02/13","478A","フツパー","東証およびＰＴＳ",,"確報",1100,25600,29000,0,0,0,29000,1214400,28262400,32016000,0,0,0,32016000,,,0,0,3424000,0,0,0,16.2,65.3,9.3,16.2,0,0,0
"2026/02/10","2026/02/13","4792","山田コンサルティング","東証およびＰＴＳ",,"確報",200,0,7000,200,0,3200,3800,339800,0,11893000,339800,0,5436800,6456200,,,0,0,0,0,0,0,25.8,15.4,102.3,26.7,42.5,17,24.3
"2026/02/10","2026/02/13","479A","ＰＲＯＮＩ","東証およびＰＴＳ",,"確報",0,78500,4800,0,0,0,4800,0,132508000,8102400,0,0,0,8102400,,,0,0,6830600,0,0,0,1,1.3,0.8,1,0,0,0
"2026/02/10","2026/02/13","4800","オリコン","東証およびＰＴＳ",,"確報",0,700,26300,0,100,200,26100,0,634900,23854100,0,90700,181400,23672700,,,0,0,0,0,0,0,70.8,274,65.2,105.4,1.4,1.7,1.5
"2026/02/10","2026/02/13","4801","セントラルスポーツ","東証およびＰＴＳ",,"確報",0,0,1000,0,0,0,1000,0,0,2473000,0,0,0,2473000,,,0,0,10000,0,0,0,0,0,0,0,0,0,0
"2026/02/10","2026/02/13","4809","パラカ","東証およびＰＴＳ",,"確報",0,300,7000,0,0,0,7000,0,603600,14084000,0,0,0,14084000,,,0,0,14600,0,0,0,28.4,16.4,104,28.4,0,0,0
"2026/02/10","2026/02/13","480A","リブコンサル","東証およびＰＴＳ",,"確報",600,200,21300,0,0,0,21300,646800,215600,22961400,0,0,0,22961400,,,0,0,1295800,0,0,0,5.8,58.8,3.1,5.8,0,0,0
"2026/02/10","2026/02/13","4811","ドリーム・アーツ","東証およびＰＴＳ",,"確報",100,0,100,0,0,0,100,104600,0,104600,0,0,0,104600,,,0,0,0,0,0,0,2.1,2.5,1.9,2.1,0,0,0
"2026/02/10","2026/02/13","4812","電通総研","東証およびＰＴＳ",,"確報",4300,83800,9100,1800,0,41100,-32000,9429900,183773400,19956300,3947400,0,90132300,-70176000,,,0,0,4961600,0,0,2200800,2.8,2,1.3,1.5,58.2,31.4,40.8
"2026/02/10","2026/02/13","4813","ＡＣＣＥＳＳ","東証およびＰＴＳ",,"確報",1400,9300,196000,0,7900,196000,0,945000,6277500,132300000,0,5332500,132300000,0,,,0,0,6524800,0,0,6524800,26.5,454,13.3,25.8,9999.9,13.6,27.2
"2026/02/10","2026/02/13","4814","ネクストウェア","東証およびＰＴＳ",,"確報",1700,0,96200,0,0,0,96200,340000,0,19240000,0,0,0,19240000,,,0,0,378000,0,0,0,25.5,28.1,23.4,25.5,0,0,0
"2026/02/10","2026/02/13","4816","東映アニメーション","東証およびＰＴＳ",,"確報",1300,0,25100,0,500,10200,14900,3424200,0,66113400,0,1317000,26866800,39246600,,,0,0,0,166600,74900,0,20,36.1,36.1,36.1,8.9,8.3,8.6
"2026/02/10","2026/02/13","4819","デジタルガレージ","東証およびＰＴＳ",,"確報",0,1200,15800,0,1200,15800,0,0,2758800,36324200,0,2758800,36324200,0,,,0,0,136000,0,0,136000,16.4,10.7,23.3,14.7,12.6,35,18.6
"2026/02/10","2026/02/13","4820","イーエムシステムズ","東証およびＰＴＳ",,"確報",100,7600,40000,2500,0,85700,-45700,75000,5700000,30000000,1875000,0,64275000,-34275000,,,0,0,522500,0,0,915200,17.4,17.1,9.8,12.4,11.9,0,23.9
"2026/02/10","2026/02/13","4825","ウェザーニューズ","東証およびＰＴＳ",,"確報",0,1200,41200,100,1300,41200,0,0,4998000,171598000,416500,5414500,171598000,0,,,0,0,3604000,0,0,3604000,53.3,35.7,51.3,42.1,55.4,105.2,72.6
"2026/02/10","2026/02/13","4826","シー・アイ・ジェイ","東証およびＰＴＳ",,"確報",0,11000,124000,4300,0,73200,50800,0,5665000,63860000,2214500,0,37698000,26162000,,,0,0,2025000,0,0,1033500,25.4,34.6,34.8,34.7,9.9,56.2,16.8
"2026/02/10","2026/02/13","4828","ビーエンジ","東証およびＰＴＳ",,"確報",1700,2900,7700,100,1300,7700,0,2397000,4089000,10857000,141000,1833000,10857000,0,,,0,0,462800,0,0,462800,2.4,4.7,1.8,2.6,4.1,1.5,2.2
"2026/02/10","2026/02/13","4829","日本エンタープライズ","東証およびＰＴＳ",,"確報",0,4400,23200,700,0,2200,21000,0,536800,2830400,85400,0,268400,2562000,,,0,0,82800,0,0,4500,11.5,63.4,9.1,16,25.7,1.7,3.2
"2026/02/10","2026/02/13","4832","ＪＦＥシステムズ","東証およびＰＴＳ",,"確報",0,0,3400,0,0,0,3400,0,0,7435800,0,0,0,7435800,,,0,0,272000,0,0,0,114,171,85.5,114,0,0,0
"2026/02/10","2026/02/13","4833","Ｄｅｆコンサル","東証およびＰＴＳ",,"確報",4300,138700,1711400,0,0,0,1711400,344000,11096000,136912000,0,0,0,136912000,,,0,0,3691600,0,0,0,11.8,10.6,13.3,11.8,0,0,0
"2026/02/10","2026/02/13","4838","ＳＳＳＫ　ＨＤ","東証およびＰＴＳ",,"確報",0,100,8300,0,0,0,8300,0,83400,6922200,0,0,0,6922200,,,0,0,201600,0,0,0,79.4,44.1,397,79.4,0,0,0
"2026/02/10","2026/02/13","4839","ワウワウ","東証およびＰＴＳ",,"確報",26400,18200,112400,100,300,112400,0,36775200,25352600,156573200,139300,417900,156573200,0,,,0,0,4376400,0,0,4729200,32.8,18.3,23.4,20.5,56.1,125,77.5
"2026/02/10","2026/02/13","483A","テラテクノロジー","東証およびＰＴＳ",,"確報",300,0,2800,0,0,0,2800,704400,0,6574400,0,0,0,6574400,,,0,0,107500,0,0,0,36,25.2,63,36,0,0,0
"2026/02/10","2026/02/13","4840","トライアイズ","東証およびＰＴＳ",,"確報",0,0,300,0,0,0,300,0,0,146100,0,0,0,146100,,,0,0,0,0,0,0,4.8,4,6,4.8,0,0,0
"2026/02/10","2026/02/13","4845","スカラ","東証およびＰＴＳ",,"確報",0,0,15400,0,200,5200,10200,0,0,5836600,0,75800,1970800,3865800,,,0,0,92400,0,0,32400,68,0,47.5,94.9,46.8,31.2,37.5
"2026/02/10","2026/02/13","4847","インテリジェントウェ","東証およびＰＴＳ",,"確報",2500,3200,24400,200,0,24400,0,2480000,3174400,24204800,198400,0,24204800,0,,,0,0,476900,0,0,459800,12.2,33.4,18.3,23.7,3.5,431,7
"2026/02/10","2026/02/13","4848","フルキャストＨＤ","東証およびＰＴＳ",,"確報",0,0,6900,100,300,3600,3300,0,0,11937000,173000,519000,6228000,5709000,,,0,0,48300,0,0,26600,13.6,37.8,13.5,19.9,71,5.2,9.6
"2026/02/10","2026/02/13","4849","エン","東証およびＰＴＳ",,"確報",300,0,26400,0,8500,117200,-90800,440100,0,38728800,0,12469500,171932400,-133203600,,,0,0,678600,0,0,3268200,38.8,81.1,27,40.5,88.2,24.6,38.5
"2026/02/10","2026/02/13","485A","パワーエックス","東証およびＰＴＳ",,"確報",3700,98300,170900,0,0,0,170900,8954000,237886000,413578000,0,0,0,413578000,,,0,0,49648500,0,0,0,4.8,10.1,3.2,4.8,0,0,0
"2026/02/10","2026/02/13","486A","ＳＴＯＸＸヘッジ無","東証およびＰＴＳ",,"確報",0,0,360,0,0,0,360,0,0,766080,0,0,0,766080,,,0,0,3600,0,0,0,240,120,0,240,0,0,0
"2026/02/10","2026/02/13","4875","メディシノバ・インク","東証およびＰＴＳ",,"確報",0,0,3600,0,0,0,3600,0,0,993600,0,0,0,993600,,,0,0,32400,0,0,0,0,0,0,0,0,0,0
"2026/02/10","2026/02/13","487A","ＤＡＸヘッジ無","東証およびＰＴＳ",,"確報",0,2989,31,0,0,0,31,0,6208153,64387,0,0,0,64387,,,0,0,57380,0,0,0,8.1,0,4,8.1,0,0,0
"2026/02/10","2026/02/13","4880","セルソース","東証およびＰＴＳ",,"確報",0,7900,92000,300,4900,152400,-60400,0,3310100,38548000,125700,2053100,63855600,-25307600,,,0,0,599400,0,0,942000,27.4,19.8,10.5,13.7,2656.7,39.9,78.5
"2026/02/10","2026/02/13","4881","ファンペップ","東証およびＰＴＳ",,"確報",500,59200,82000,0,0,0,82000,50500,5979200,8282000,0,0,0,8282000,,,0,0,0,562800,0,0,4.1,3.6,4.8,4.1,0,0,0
"2026/02/10","2026/02/13","4882","ペルセウス","東証およびＰＴＳ",,"確報",0,2400,33700,0,0,0,33700,0,571200,8020600,0,0,0,8020600,,,0,0,0,0,0,0,33.6,42.5,27.7,33.6,0,0,0
"2026/02/10","2026/02/13","4883","モダリス","東証およびＰＴＳ",,"確報",27000,2400,436000,0,0,0,436000,1566000,139200,25288000,0,0,0,25288000,,,0,0,411400,0,0,0,59.6,38,138.3,59.6,0,0,0
"2026/02/10","2026/02/13","4884","クリングルファーマ","東証およびＰＴＳ",,"確報",0,600,13600,0,0,0,13600,0,229200,5195200,0,0,0,5195200,,,0,0,99400,0,0,0,37.1,23,95.4,37.1,0,0,0
"2026/02/10","2026/02/13","4885","室町ケミカル","東証およびＰＴＳ",,"確報",2100,100,26200,0,0,1700,24500,2381400,113400,29710800,0,0,1927800,27783000,,,0,0,0,24200,1700,0,11.7,14.7,14.7,14.7,4,3.8,3.9
"2026/02/10","2026/02/13","4886","あすか製薬ＨＤ","東証およびＰＴＳ",,"確報",0,62300,54400,0,3900,34500,19900,0,151015200,131865600,0,9453600,83628000,48237600,,,0,0,2800800,0,0,921600,4.9,6,2.5,3.6,35.5,12.9,18.9
"2026/02/10","2026/02/13","4887","サワイグループＨＤ","東証およびＰＴＳ",,"確報",800,0,6600,0,1300,73700,-67100,1920000,0,15840000,0,3120000,176880000,-161040000,,,0,0,0,14500,187500,0,61,30.7,61.4,40.9,234.4,36.8,63.6
"2026/02/10","2026/02/13","4888","ステラファーマ","東証およびＰＴＳ",,"確報",5600,21400,127600,0,0,0,127600,1926400,7361600,43894400,0,0,0,43894400,,,0,0,2724600,0,0,0,14.9,21.4,11.4,14.9,0,0,0
"2026/02/10","2026/02/13","4889","レナサイエンス","東証およびＰＴＳ",,"確報",12900,110700,91600,0,0,0,91600,21285000,182655000,151140000,0,0,0,151140000,,,0,0,35417800,0,0,0,4.3,4.2,4.5,4.3,0,0,0
"2026/02/10","2026/02/13","488A","ｉＳ円高フォーカス","東証およびＰＴＳ",,"確報",0,0,5870,0,0,0,5870,0,0,4687782,0,0,0,4687782,,,0,0,29350,0,0,0,5876,0,2938,5876,0,0,0
"2026/02/10","2026/02/13","4890","坪田ラボ","東証およびＰＴＳ",,"確報",100,0,75200,0,0,0,75200,28100,0,21131200,0,0,0,21131200,,,0,0,0,450600,0,0,5.3,3.1,18.3,5.3,0,0,0
"2026/02/10","2026/02/13","4891","ティムス","東証およびＰＴＳ",,"確報",0,5400,91100,0,0,0,91100,0,772200,13027300,0,0,0,13027300,,,0,0,289500,0,0,0,25.9,50.7,17.4,25.9,0,0,0
"2026/02/10","2026/02/13","4892","サイフューズ","東証およびＰＴＳ",,"確報",0,0,27400,0,0,0,27400,0,0,18549800,0,0,0,18549800,,,0,0,411000,0,0,0,90.1,90.1,90.1,90.1,0,0,0
"2026/02/10","2026/02/13","4893","ノイルイミューン","東証およびＰＴＳ",,"確報",87100,34100,298100,24400,0,326000,-27900,13587600,5319600,46503600,3806400,0,50856000,-4352400,,,0,0,1225500,0,0,1508000,22.3,10,20.4,13.4,42.5,47.5,44.8
"2026/02/10","2026/02/13","4894","クオリプス","東証およびＰＴＳ",,"確報",500,3100,34200,0,0,0,34200,4305000,26691000,294462000,0,0,0,294462000,,,0,0,8464000,0,0,0,24.6,33.9,19.3,24.6,0,0,0
"2026/02/10","2026/02/13","4896","ケイファーマ","東証およびＰＴＳ",,"確報",1200,400,11200,0,0,0,11200,842400,280800,7862400,0,0,0,7862400,,,0,0,145600,0,0,0,45.3,41.8,49.4,45.3,0,0,0
"2026/02/10","2026/02/13","489A","物流フォーカス","東証およびＰＴＳ",,"確報",0,0,0,0,0,0,0,0,0,0,0,0,0,0,,,0,0,0,0,0,0,0,0,0,0,0,0,0
"2026/02/10","2026/02/13","4901","富士フイルムＨＤ","東証およびＰＴＳ",,"確報",34800,500,372600,0,27400,200,372400,106140000,1525000,1136430000,0,83570000,610000,1135820000,,,0,0,0,1014900,82800,0,16.2,15.6,46.3,23.4,1,0.8,0.9
"2026/02/10","2026/02/13","4902","コニカミノルタ","東証およびＰＴＳ",,"確報",5800,16900,133400,400,0,1000,132400,3625000,10562500,83375000,250000,0,625000,82750000,,,0,0,3092300,0,0,12840,7.8,6.9,20.1,10.3,1.2,1.2,1.2
"2026/02/10","2026/02/13","4911","資生堂","東証およびＰＴＳ",,"確報",1900,0,21400,27700,11300,298000,-276600,5286750,0,59545500,77075250,31442250,829185000,-769639500,,,0,0,0,1472250,21260800,0,12.9,40.9,5.5,9.8,8.3,34.4,13.3
"2026/02/10","2026/02/13","4912","ライオン","東証およびＰＴＳ",,"確報",400,2800,21100,100,1500,28400,-7300,680000,4760000,35870000,170000,2550000,48280000,-12410000,,,0,0,0,235000,298000,0,20.6,16.3,14.6,15.4,56.4,17.8,27
"2026/02/10","2026/02/13","4914","高砂香料工業","東証およびＰＴＳ",,"確報",2100,100,52500,2100,100,52500,0,3294900,156900,82372500,3294900,156900,82372500,0,,,0,0,959500,0,0,959500,62.4,51.9,33.9,41,90.9,231.3,130.5
"2026/02/10","2026/02/13","4917","マンダム","東証およびＰＴＳ",,"確報",400,0,14300,0,0,13400,900,1248000,0,44616000,0,0,41808000,2808000,,,0,0,0,556000,536000,0,390.9,139.6,698,232.7,0,670,1340
"2026/02/10","2026/02/13","4918","アイビー化粧品","東証およびＰＴＳ",,"確報",0,300,3500,0,0,0,3500,0,115500,1347500,0,0,0,1347500,,,0,0,15200,0,0,0,37.6,37.6,37.6,37.6,0,0,0
"2026/02/10","2026/02/13","4919","ミルボン","東証およびＰＴＳ",,"確報",400,6400,7000,0,3800,63400,-56400,1090800,17452800,19089000,0,10362600,172891800,-153802800,,,0,0,0,91000,470400,0,23.4,6.4,5.1,5.7,73.6,42.5,53.9
"2026/02/10","2026/02/13","491A","ｉＳＳ＆Ｐ除く金融","東証およびＰＴＳ",,"確報",0,0,200,0,0,0,200,0,0,101220,0,0,0,101220,,,0,0,700,0,0,0,68,102,51,68,0,0,0
"2026/02/10","2026/02/13","4920","日本色材工業研究所","東証およびＰＴＳ",,"確報",0,0,0,0,0,0,0,0,0,0,0,0,0,0,,,0,0,0,0,0,0,0,0,0,0,0,0,0
"2026/02/10","2026/02/13","4922","コーセーＨＤ","東証およびＰＴＳ",,"確報",0,3200,6900,300,0,25900,-19000,0,19036800,41048100,1784700,0,154079100,-113031000,,,0,0,565600,0,0,1433600,19.2,11.4,4.8,6.7,117,183.9,143
"2026/02/10","2026/02/13","4923","コタ","東証およびＰＴＳ",,"確報",1300,100,11500,100,200,73800,-62300,1666600,128200,14743000,128200,256400,94611600,-79868600,,,0,0,0,20600,147800,0,107.6,10.9,26.8,15.5,335.1,526.6,409.6
"2026/02/10","2026/02/13","4925","ハーバー研究所","東証およびＰＴＳ",,"確報",0,0,1700,0,0,0,1700,0,0,2951200,0,0,0,2951200,,,0,0,0,0,0,0,0,0,0,0,0,0,0
"2026/02/10","2026/02/13","4926","シーボン","東証およびＰＴＳ",,"確報",0,0,0,0,0,0,0,0,0,0,0,0,0,0,,,0,0,0,0,0,0,0,0,0,0,0,0,0
"2026/02/10","2026/02/13","4927","ポーラオルビスＨＤ","東証およびＰＴＳ",,"確報",100,1500,15000,1900,0,49500,-34500,140200,2103000,21030000,2663800,0,69399000,-48369000,,,0,0,246000,0,0,714000,5.9,5.9,8.2,6.9,5.7,5.6,5.6
"2026/02/10","2026/02/13","4928","ノエビアＨＤ","東証およびＰＴＳ",,"確報",0,300,8100,300,0,17400,-9300,0,1395000,37665000,1395000,0,80910000,-43245000,,,0,0,210000,0,0,427500,9.5,5.2,5.7,5.4,11,45.9,17.7
"2026/02/10","2026/02/13","4929","アジュバンＨＤ","東証およびＰＴＳ",,"確報",0,0,12800,0,300,6000,6800,0,0,10278400,0,240900,4818000,5460400,,,0,0,0,12800,6300,0,121.1,0,320,640,329,25.3,47
"2026/02/10","2026/02/13","492A","ＯｎｅＪ高クーポン","東証およびＰＴＳ",,"確報",0,0,0,0,0,0,0,0,0,0,0,0,0,0,,,0,0,0,0,0,0,0,0,0,0,0,0,0
"2026/02/10","2026/02/13","4931","新日本製薬","東証およびＰＴＳ",,"確報",300,3200,9700,100,3000,9700,0,630600,6726400,20389400,210200,6306000,20389400,0,,,0,0,151200,0,0,151200,15.6,18.5,13.2,15.4,19.1,13.5,15.9
"2026/02/10","2026/02/13","4932","アルマード","東証およびＰＴＳ",,"確報",0,100,4500,0,0,0,4500,0,119000,5355000,0,0,0,5355000,,,0,0,46000,0,0,0,68.6,0,34.3,68.6,0,0,0
"2026/02/10","2026/02/13","4933","Ｉ－ｎｅ","東証およびＰＴＳ",,"確報",700,1400,24000,0,500,30200,-6200,973000,1946000,33360000,0,695000,41978000,-8618000,,,0,0,494000,0,0,614000,22,47.4,16.4,24.4,0,10.2,20.4
"2026/02/10","2026/02/13","4934","Ｐアンチエイジ","東証およびＰＴＳ",,"確報",800,2800,11200,0,600,12600,-1400,579200,2027200,8108800,0,434400,9122400,-1013600,,,0,0,13200,0,0,13200,17.2,14.7,8.1,10.4,220.3,26.4,47.2
"2026/02/10","2026/02/13","4935","リベルタ","東証およびＰＴＳ",,"確報",4200,3000,82300,0,0,0,82300,1285200,918000,25183800,0,0,0,25183800,,,0,0,2433000,0,0,0,33.3,48.4,25.3,33.3,0,0,0
"2026/02/10","2026/02/13","4936","アクシージア","東証およびＰＴＳ",,"確報",200,0,19500,1100,900,19500,0,77600,0,7566000,426800,349200,7566000,0,,,0,0,135100,0,0,135100,25,78,17.5,28.6,44.1,14.9,22.3
"2026/02/10","2026/02/13","4937","Ｗａｑｏｏ","東証およびＰＴＳ",,"確報",0,100,0,0,0,0,0,0,140200,0,0,0,0,0,,,0,0,100,0,0,0,1,1,1,1,0,0,0
"2026/02/10","2026/02/13","493A","ＯｎｅＪ１－３年","東証およびＰＴＳ",,"確報",0,0,0,0,0,0,0,0,0,0,0,0,0,0,,,0,0,0,0,0,0,0,0,0,0,0,0,0
"2026/02/10","2026/02/13","494A","ＯｎｅＪ３－７年","東証およびＰＴＳ",,"確報",0,0,0,0,0,0,0,0,0,0,0,0,0,0,,,0,0,0,0,0,0,0,0,0,0,0,0,0
"2026/02/10","2026/02/13","4951","エステー","東証およびＰＴＳ",,"確報",3500,0,5300,400,0,22400,-17100,5467000,0,8278600,624800,0,34988800,-26710200,,,0,0,1800,0,0,22000,25.1,4,6.5,5,53.2,55.9,54.5
"2026/02/10","2026/02/13","4956","コニシ","東証およびＰＴＳ",,"確報",700,3200,3500,3000,0,9000,-5500,959000,4384000,4795000,4110000,0,12330000,-7535000,,,0,0,36000,0,0,36000,5.2,5.8,5.3,5.5,6.4,4,4.9
"2026/02/10","2026/02/13","4957","ヤスハラケミカル","東証およびＰＴＳ",,"確報",0,0,100,0,0,500,-400,0,0,136900,0,0,684500,-547600,,,0,0,0,0,0,0,0,0,0,0,0,0,0
"2026/02/10","2026/02/13","4958","長谷川香料","東証およびＰＴＳ",,"確報",0,8500,6300,15200,0,47300,-41000,0,24259000,17980200,43380800,0,134994200,-117014000,,,0,0,1716800,0,0,3723600,10.8,7.4,4.3,5.4,13.5,16.4,14.8
"2026/02/10","2026/02/13","495A","ＯｎｅＪ７－１０年","東証およびＰＴＳ",,"確報",0,0,10,0,0,0,10,0,0,9971,0,0,0,9971,,,0,0,0,19,0,0,0,0,0,0,0,0,0
"2026/02/10","2026/02/13","4960","ケミプロ化成","東証およびＰＴＳ",,"確報",1100,2900,47500,0,0,0,47500,998800,2633200,43130000,0,0,0,43130000,,,0,0,0,1281800,0,0,6.5,6.2,6.7,6.5,0,0,0
"2026/02/10","2026/02/13","4966","上村工業","東証およびＰＴＳ",,"確報",400,700,1200,0,0,0,1200,8092000,14161000,24276000,0,0,0,24276000,,,0,0,1575000,0,0,0,4.4,3.5,5.9,4.4,0,0,0
"2026/02/10","2026/02/13","4967","小林製薬","東証およびＰＴＳ",,"確報",4800,3200,33600,2500,0,42400,-8800,26001600,17334400,182011200,13542500,0,229680800,-47669600,,,0,0,3104000,0,0,3870300,15,10.4,9.3,9.8,31.9,24.2,27.5
"2026/02/10","2026/02/13","4968","荒川化学工業","東証およびＰＴＳ",,"確報",1600,1100,12800,500,0,12800,0,2401600,1651100,19212800,750500,0,19212800,0,,,0,0,467400,0,0,467400,7.3,4.4,9.1,5.9,6.1,21.9,9.5
"2026/02/10","2026/02/13","496A","ＯｎｅＪ１７－２０年","東証およびＰＴＳ",,"確報",0,0,0,0,0,0,0,0,0,0,0,0,0,0,,,0,0,0,0,0,0,0,0,0,0,0,0,0
"2026/02/10","2026/02/13","4970","東洋合成工業","東証およびＰＴＳ",,"確報",0,100,4900,0,0,0,4900,0,973000,47677000,0,0,0,47677000,,,0,0,1250000,0,0,0,20.7,20.7,20.7,20.7,0,0,0
"2026/02/10","2026/02/13","4971","メック","東証およびＰＴＳ",,"確報",200,6500,15000,700,0,10100,4900,1280000,41600000,96000000,4480000,0,64640000,31360000,,,0,0,6816000,0,0,3008000,11.2,27.7,6.8,10.9,11.2,13,12.1
"2026/02/10","2026/02/13","4972","綜研化学","東証およびＰＴＳ",,"確報",0,1500,5000,0,0,0,5000,0,4465500,14885000,0,0,0,14885000,,,0,0,71500,0,0,0,11.1,7.8,19.2,11.1,0,0,0
"2026/02/10","2026/02/13","4973","日本高純度化学","東証およびＰＴＳ",,"確報",0,1300,1600,0,0,0,1600,0,6370000,7840000,0,0,0,7840000,,,0,0,0,145000,0,0,9,12.6,7,9,0,0,0
"2026/02/10","2026/02/13","4974","タカラバイオ","東証およびＰＴＳ",,"確報",0,22400,89000,0,3400,191100,-102100,0,18300800,72713000,0,2777800,156128700,-83415700,,,0,0,2673600,0,0,4668000,36.4,41.5,11.4,17.9,73.7,117.9,90.7
"2026/02/10","2026/02/13","4975","ＪＣＵ","東証およびＰＴＳ",,"確報",1200,200,23600,0,200,31100,-7500,6912000,1152000,135936000,0,1152000,179136000,-43200000,,,0,0,1356000,0,0,1878000,16.4,5.9,11.1,7.7,544.7,40.9,76
"2026/02/10","2026/02/13","4976","東洋ドライルーブ","東証およびＰＴＳ",,"確報",0,100,0,0,0,0,0,0,157400,0,0,0,0,0,,,0,0,3400,0,0,0,0.7,1,0.5,0.7,0,0,0
"2026/02/10","2026/02/13","4977","新田ゼラチン","東証およびＰＴＳ",,"確報",0,200,10200,200,0,3500,6700,0,258600,13188600,258600,0,4525500,8663100,,,0,0,156000,0,0,49500,52.3,73.1,170.7,102.4,18.7,24,21
"2026/02/10","2026/02/13","4978","リプロセル","東証およびＰＴＳ",,"確報",9900,7100,142800,0,0,0,142800,1623600,1164400,23419200,0,0,0,23419200,,,0,0,560000,0,0,0,14.7,17.1,12.9,14.7,0,0,0
"2026/02/10","2026/02/13","4979","ＯＡＴアグリオ","東証およびＰＴＳ",,"確報",0,0,1200,0,0,0,1200,0,0,2586000,0,0,0,2586000,,,0,0,0,13200,0,0,8,0,4,8,0,0,0
"2026/02/10","2026/02/13","497A","インバウンドＥＴＮ","東証およびＰＴＳ",,"確報",0,0,0,0,0,0,0,0,0,0,0,0,0,0,,,0,0,0,0,0,0,0,0,0,0,0,0,0
"2026/02/10","2026/02/13","4980","デクセリアルズ","東証およびＰＴＳ",,"確報",85500,4500,186700,0,0,0,186700,212638500,11191500,464322900,0,0,0,464322900,,,0,0,0,64265600,0,0,10.2,6,46,10.5,4.7,0.4,0.7
"2026/02/10","2026/02/13","4985","アース製薬","東証およびＰＴＳ",,"確報",3100,200,7700,1000,0,10600,-2900,15624000,1008000,38808000,5040000,0,53424000,-14616000,,,0,0,240000,0,0,480000,13.8,7.6,34.1,12.4,7.6,417,14.9
"2026/02/10","2026/02/13","498A","防衛航空宇宙欧州株","東証およびＰＴＳ",,"確報",8,0,122,0,0,0,122,78880,0,1202920,0,0,0,1202920,,,0,0,23142,0,0,0,22.9,18.4,30.3,22.9,0,0,0
"2026/02/10","2026/02/13","4990","昭和化学工業","東証およびＰＴＳ",,"確報",0,200,1100,0,0,0,1100,0,103600,569800,0,0,0,569800,,,0,0,0,2600,0,0,40,60,30,40,0,0,0
"2026/02/10","2026/02/13","4992","北興化学工業","東証およびＰＴＳ",,"確報",0,400,4300,200,0,300,4000,0,717600,7714200,358800,0,538200,7176000,,,0,0,131600,0,0,2800,19.5,20.5,25,22.5,3,9,4.5
"2026/02/10","2026/02/13","4994","大成ラミックグループ","東証およびＰＴＳ",,"確報",200,200,1700,100,1000,5200,-3500,538400,538400,4576400,269200,2692000,13998400,-9422000,,,0,0,30600,0,0,109800,19.5,24.3,10.8,14.9,20.1,23.2,21.6
"2026/02/10","2026/02/13","4996","クミアイ化学工業","東証およびＰＴＳ",,"確報",1900,9800,107900,5400,0,72800,35100,1362300,7026600,77364300,3871800,0,52197600,25166700,,,0,0,926400,0,0,539200,9.2,64.9,3.4,6.4,51.5,19,27.7
"2026/02/10","2026/02/13","4997","日本農薬","東証およびＰＴＳ",,"確報",100,2000,27600,2800,0,23000,4600,103800,2076000,28648800,2906400,0,23874000,4774800,,,0,0,354000,0,0,242400,15.4,58.4,38.4,46.3,6.4,12.5,8.4
"2026/02/10","2026/02/13","4998","フマキラー","東証およびＰＴＳ",,"確報",300,100,5800,100,0,500,5300,351300,117100,6791800,117100,0,585500,6206300,,,0,0,0,44800,3200,0,35.2,29.6,266,53.2,33,5.5,9.4
"2026/02/10","2026/02/13","499A","ラグジュアリー欧州株","東証およびＰＴＳ",,"確報",0,0,0,0,0,0,0,0,0,0,0,0,0,0,,,0,0,0,0,0,0,0,0,0,0,0,0,0
"2026/02/10","2026/02/13","5010","日本精蝋","東証およびＰＴＳ",,"確報",2100,0,33200,0,0,0,33200,426300,0,6739600,0,0,0,6739600,,,0,0,186600,0,0,0,143.3,71.6,0,143.3,0,0,0
"2026/02/10","2026/02/13","5011","ニチレキグループ","東証およびＰＴＳ",,"確報",100,200,26100,400,0,31600,-5500,250200,500400,65302200,1000800,0,79063200,-13761000,,,0,0,157200,0,0,187200,79.7,121.8,58.3,78.8,49.6,212.6,80.4
"2026/02/10","2026/02/13","5013","ユシロ","東証およびＰＴＳ",,"確報",0,200,2800,0,200,2800,0,0,622000,8708000,0,622000,8708000,0,,,0,0,0,30000,30000,0,10.7,5.8,8,6.7,16,64,25.6
"2026/02/10","2026/02/13","5015","ビーピーカストロール","東証およびＰＴＳ",,"確報",0,100,600,0,0,0,600,0,96000,576000,0,0,0,576000,,,0,0,9800,0,0,0,32,32,32,32,0,0,0
"2026/02/10","2026/02/13","5016","ＪＸ金属","東証およびＰＴＳ",,"確報",104300,24000,1367600,0,400,0,1367600,289901850,66708000,3801244200,0,1111800,0,3801244200,,,0,0,115213350,0,0,35800,16.6,12.5,25.6,16.8,1.9,1.6,1.7
"2026/02/10","2026/02/13","5018","ＭＯＲＥＳＣＯ","東証およびＰＴＳ",,"確報",0,300,10200,100,0,100,10100,0,584700,19879800,194900,0,194900,19684900,,,0,0,94500,0,0,0,19.5,28.9,15.8,20.4,7,3.5,4.7
"2026/02/10","2026/02/13","5019","出光興産","東証およびＰＴＳ",,"確報",2500,200,30300,2300,0,30300,0,3622500,289800,43904700,3332700,0,43904700,0,,,0,0,644000,0,0,644000,9.3,7.6,9.7,8.5,8.9,11.9,10.2
"2026/02/10","2026/02/13","5020","ＥＮＥＯＳ","東証およびＰＴＳ",,"確報",38000,5000,219000,900,700,40400,178600,55499000,7302500,319849500,1314450,1022350,59004200,260845300,,,0,0,6975000,0,0,1507500,7.2,6.1,15.6,8.8,7.6,3,4.2
"2026/02/10","2026/02/13","5021","コスモエネルギーＨＤ","東証およびＰＴＳ",,"確報",2300,0,7900,100,100,100,7800,10538600,0,36197800,458200,458200,458200,35739600,,,0,0,134400,0,0,2400,11.2,8.3,25.6,12.5,1.3,1.3,1.3
"2026/02/10","2026/02/13","5025","マーキュリー","東証およびＰＴＳ",,"確報",400,0,1200,0,0,0,1200,287600,0,862800,0,0,0,862800,,,0,0,0,12000,0,0,9.5,4.8,0,9.5,0,0,0
"2026/02/10","2026/02/13","5026","トリプルアイズ","東証およびＰＴＳ",,"確報",200,600,7700,0,0,0,7700,158800,476400,6113800,0,0,0,6113800,,,0,0,356400,0,0,0,27.8,53.9,18.7,27.8,0,0,0
"2026/02/10","2026/02/13","5027","ＡｎｙＭｉｎｄ","東証およびＰＴＳ",,"確報",300,0,26200,0,0,0,26200,202200,0,17658800,0,0,0,17658800,,,0,0,310800,0,0,0,38,93.6,23.8,38,0,0,0
"2026/02/10","2026/02/13","5028","セカンドサイト","東証およびＰＴＳ",,"確報",100,0,7200,0,0,0,7200,39100,0,2815200,0,0,0,2815200,,,0,0,7100,0,0,0,16.2,82.4,9,16.2,0,0,0
"2026/02/10","2026/02/13","5029","サークレイス","東証およびＰＴＳ",,"確報",100,0,1300,0,0,0,1300,90500,0,1176500,0,0,0,1176500,,,0,0,0,3600,0,0,12.2,22.3,8.4,12.2,0,0,0
"2026/02/10","2026/02/13","502A","ＧＸ超短期円建債券","東証およびＰＴＳ",,"確報",0,0,0,0,0,0,0,0,0,0,0,0,0,0,,,0,0,0,0,0,0,0,0,0,0,0,0,0
"2026/02/10","2026/02/13","5031","モイ","東証およびＰＴＳ",,"確報",0,400,900,0,0,0,900,0,121200,272700,0,0,0,272700,,,0,0,9100,0,0,0,12.2,0,6.1,12.2,0,0,0
"2026/02/10","2026/02/13","5032","ＡＮＹＣＯＬＯＲ","東証およびＰＴＳ",,"確報",0,7600,139100,0,0,1700,137400,0,33288000,609258000,0,0,7446000,601812000,,,0,0,22005000,0,0,255000,7.4,84.7,3.9,7.4,19.8,5.6,8.8
"2026/02/10","2026/02/13","5033","ヌーラボ","東証およびＰＴＳ",,"確報",100,0,13800,0,200,4800,9000,72500,0,10005000,0,145000,3480000,6525000,,,0,0,0,82200,30000,0,54.6,351.5,63.9,108.2,0,12.2,24.3
"2026/02/10","2026/02/13","5034","ｕｎｅｒｒｙ","東証およびＰＴＳ",,"確報",0,500,12500,0,0,0,12500,0,1305000,32625000,0,0,0,32625000,,,0,0,728000,0,0,0,42.7,66.2,31.5,42.7,0,0,0
"2026/02/10","2026/02/13","5035","ＨＯＵＳＥＩ","東証およびＰＴＳ",,"確報",0,100,200,0,0,0,200,0,44200,88400,0,0,0,88400,,,0,0,1200,0,0,0,7.3,11,5.5,7.3,0,0,0
"2026/02/10","2026/02/13","5036","日本ビジネスシステム","東証およびＰＴＳ",,"確報",0,800,11100,200,0,4800,6300,0,1268800,17604600,317200,0,7612800,9991800,,,0,0,487900,0,0,188600,9.8,30,11.1,16.2,89.3,2.7,5.2
"2026/02/10","2026/02/13","5038","ｅＷｅＬＬ","東証およびＰＴＳ",,"確報",100,2000,15600,0,0,0,15600,249000,4980000,38844000,0,0,0,38844000,,,0,0,1995000,0,0,0,12.4,8.2,25.7,12.4,0,0,0
"2026/02/10","2026/02/13","5071","ヴィス","東証およびＰＴＳ",,"確報",0,0,200,100,0,100,100,0,0,309800,154900,0,154900,154900,,,0,0,7400,0,0,0,13,0,12,24,1,0,2
"2026/02/10","2026/02/13","5074","テスホールディングス","東証およびＰＴＳ",,"確報",0,10500,151600,1900,0,24100,127500,0,4221000,60943200,763800,0,9688200,51255000,,,0,0,2755700,0,0,377400,40.8,97.5,37.1,53.8,45.9,9.9,16.3
"2026/02/10","2026/02/13","5076","インフロニアＨＤ","東証およびＰＴＳ",,"確報",20400,2800,103800,0,0,0,103800,54019200,7414400,274862400,0,0,0,274862400,,,0,0,0,560300,0,0,16.8,9.2,94.5,16.8,0,0,0
"2026/02/10","2026/02/13","50765","インフロニア－優","東証およびＰＴＳ",,"確報",0,0,0,0,0,0,0,0,0,0,0,0,0,0,,,0,0,0,0,0,0,0,0,0,0,0,0,0
"2026/02/10","2026/02/13","5078","セレコーポレーション","東証およびＰＴＳ",,"確報",0,0,200,0,0,0,200,0,0,996000,0,0,0,996000,,,0,0,9000,0,0,0,22,0,11,22,0,0,0
"2026/02/10","2026/02/13","5079","ノバック","東証およびＰＴＳ",,"確報",0,0,5600,0,0,0,5600,0,0,16083200,0,0,0,16083200,,,0,0,134400,0,0,0,0,0,0,0,0,0,0
"2026/02/10","2026/02/13","5101","横浜ゴム","東証およびＰＴＳ",,"確報",7700,2600,14800,5800,200,14800,0,52937500,17875000,101750000,39875000,1375000,101750000,0,,,0,0,2172800,0,0,2060800,7.7,7.3,8.4,7.8,3.9,100.5,7.5
"2026/02/10","2026/02/13","5103","昭和ホールディングス","東証およびＰＴＳ",,"確報",0,0,10000,0,0,0,10000,0,0,450000,0,0,0,450000,,,0,0,0,0,0,0,0,0,0,0,0,0,0
"2026/02/10","2026/02/13","5105","ＴＯＹＯ　ＴＩＲＥ","東証およびＰＴＳ",,"確報",100,0,3800,300,100,1400,2400,465500,0,17689000,1396500,465500,6517000,11172000,,,0,0,421800,0,0,136800,9.1,20.9,8,11.6,2.1,15.5,3.6
"2026/02/10","2026/02/13","5108","ブリヂストン","東証およびＰＴＳ",,"確報",8300,0,14800,15500,0,52300,-37500,31241200,0,55707200,58342000,0,196857200,-141150000,,,0,0,58500,0,0,331200,4.9,4.6,1.9,2.7,3.7,26.6,6.5
"2026/02/10","2026/02/13","5110","住友ゴム工業","東証およびＰＴＳ",,"確報",800,0,14300,400,2100,6300,8000,2209600,0,39496600,1104800,5800200,17400600,22096000,,,0,0,735750,0,0,436000,17.8,36.3,10.8,16.7,25.9,17.2,20.7
"2026/02/10","2026/02/13","5121","藤倉コンポジット","東証およびＰＴＳ",,"確報",4400,11900,30600,5900,300,29700,900,11088000,29988000,77112000,14868000,756000,74844000,2268000,,,0,0,3543300,0,0,2241300,14.3,16.3,10.1,12.5,10.4,89.5,18.6
"2026/02/10","2026/02/13","5122","オカモト","東証およびＰＴＳ",,"確報",1100,0,1200,1000,0,16400,-15200,6325000,0,6900000,5750000,0,94300000,-87400000,,,0,0,7000,0,0,1078000,41.1,2,8,3.2,48.6,97.3,64.8
"2026/02/10","2026/02/13","5125","ファインズ","東証およびＰＴＳ",,"確報",300,0,3800,0,0,0,3800,228900,0,2899400,0,0,0,2899400,,,0,0,0,3500,0,0,37.8,24.3,85,37.8,0,0,0
"2026/02/10","2026/02/13","5126","ポーターズ","東証およびＰＴＳ",,"確報",0,100,600,0,0,0,600,0,169900,1019400,0,0,0,1019400,,,0,0,8400,0,0,0,13,8.7,26,13,0,0,0
"2026/02/10","2026/02/13","5129","ＦＩＸＥＲ","東証およびＰＴＳ",,"確報",1300,22000,76100,10000,7500,332800,-256700,521300,8822000,30516100,4010000,3007500,133452800,-102936700,,,0,0,290400,0,0,990900,33.5,9.8,7.8,8.7,106.3,145.5,122.9
"2026/02/10","2026/02/13","5131","リンカーズ","東証およびＰＴＳ",,"確報",300,20000,661300,3300,0,830800,-169500,46500,3100000,102501500,511500,0,128774000,-26272500,,,0,0,0,0,0,0,11.7,5.8,5.4,5.6,29.7,4982.5,59
"2026/02/10","2026/02/13","5132","ｐｌｕｓｚｅｒｏ","東証およびＰＴＳ",,"確報",1000,2500,26000,100,1900,144600,-118600,2467000,6167500,64142000,246700,4687300,356728200,-292586200,,,0,0,1237500,0,0,6588000,130.4,129.8,19,33.2,384.5,251.9,304.4
"2026/02/10","2026/02/13","5133","テリロジーＨＤ","東証およびＰＴＳ",,"確報",0,0,23300,0,0,0,23300,0,0,7619100,0,0,0,7619100,,,0,0,186400,0,0,0,33,19.6,106.6,33,0,0,0
"2026/02/10","2026/02/13","5134","ＰＯＰＥＲ","東証およびＰＴＳ",,"確報",200,100,3200,0,0,0,3200,103800,51900,1660800,0,0,0,1660800,,,0,0,0,3100,0,0,45.1,39.5,52.7,45.1,0,0,0
"2026/02/10","2026/02/13","5136","ｔｒｉｐｌａ","東証およびＰＴＳ",,"確報",200,0,11700,0,0,0,11700,348200,0,20369700,0,0,0,20369700,,,0,0,828000,0,0,0,16.1,10.4,35.6,16.1,0,0,0
"2026/02/10","2026/02/13","5137","スマートドライブ","東証およびＰＴＳ",,"確報",100,13300,163800,400,13600,163800,0,34500,4588500,56511000,138000,4692000,56511000,0,,,0,0,3186000,0,0,3186000,14.8,8.6,26,12.9,10.4,55,17.5
"2026/02/10","2026/02/13","5138","Ｒｅｂａｓｅ","東証およびＰＴＳ",,"確報",300,0,700,0,0,0,700,240900,0,562100,0,0,0,562100,,,0,0,400,0,0,0,7.4,5.2,13,7.4,0,0,0
"2026/02/10","2026/02/13","5139","オープンワーク","東証およびＰＴＳ",,"確報",100,1100,4500,0,0,0,4500,119800,1317800,5391000,0,0,0,5391000,,,0,0,280500,0,0,0,13.2,30,8.5,13.2,0,0,0
"2026/02/10","2026/02/13","5142","アキレス","東証およびＰＴＳ",,"確報",2100,1000,16400,400,800,9300,7100,3483900,1659000,27207600,663600,1327200,15428700,11778900,,,0,0,1377000,0,0,873000,9.8,5.8,13.4,8.1,11.9,22.7,15.7
"2026/02/10","2026/02/13","5161","西川ゴム工業","東証およびＰＴＳ",,"確報",400,100,4800,0,0,0,4800,1480000,370000,17760000,0,0,0,17760000,,,0,0,45000,0,0,0,20.9,15.3,32.9,20.9,0,0,0
"2026/02/10","2026/02/13","5162","朝日ラバー","東証およびＰＴＳ",,"確報",100,500,2400,200,0,700,1700,71300,356500,1711200,142600,0,499100,1212100,,,0,0,0,5600,1000,0,8.7,5.7,18.2,8.7,9,9,9
"2026/02/10","2026/02/13","5184","ニチリン","東証およびＰＴＳ",,"確報",100,0,1000,200,0,500,500,386000,0,3860000,772000,0,1930000,1930000,,,0,0,45000,0,0,15000,6.5,27,9,13.5,2.4,4,3
"2026/02/10","2026/02/13","5185","フコク","東証およびＰＴＳ",,"確報",1000,1000,8500,100,200,5900,2600,2094000,2094000,17799000,209400,418800,12354600,5444400,,,0,0,187000,0,0,132000,13.2,11.6,14.7,13,7.6,60.8,13.5
"2026/02/10","2026/02/13","5186","ニッタ","東証およびＰＴＳ",,"確報",600,0,1800,100,200,600,1200,2574000,0,7722000,429000,858000,2574000,5148000,,,0,0,66000,0,0,38500,6.1,3.7,8.7,5.2,16.5,5.5,8.3
"2026/02/10","2026/02/13","5187","クリエートメディック","東証およびＰＴＳ",,"確報",0,0,700,0,0,0,700,0,0,805000,0,0,0,805000,,,0,0,10500,0,0,0,20.5,20.5,20.5,20.5,0,0,0
"2026/02/10","2026/02/13","5189","櫻護謨","東証およびＰＴＳ",,"確報",200,100,1100,0,0,0,1100,571000,285500,3140500,0,0,0,3140500,,,0,0,156000,0,0,0,20.8,17.3,26,20.8,0,0,0
"2026/02/10","2026/02/13","5192","三ツ星ベルト","東証およびＰＴＳ",,"確報",200,100,9500,400,200,16500,-7000,830000,415000,39425000,1660000,830000,68475000,-29050000,,,0,0,470000,0,0,815000,20.3,7.3,12.4,9.2,29.7,257.7,53.3
"2026/02/10","2026/02/13","5194","相模ゴム工業","東証およびＰＴＳ",,"確報",0,500,12700,0,0,0,12700,0,339000,8610600,0,0,0,8610600,,,0,0,145200,0,0,0,81.5,130.4,59.3,81.5,0,0,0
"2026/02/10","2026/02/13","5195","バンドー化学","東証およびＰＴＳ",,"確報",3200,300,4900,2900,0,4900,0,7376000,691500,11294500,6684500,0,11294500,0,,,0,0,130000,0,0,130000,4.5,2.7,4,3.2,5,10.7,6.8
"2026/02/10","2026/02/13","5199","不二ラテックス","東証およびＰＴＳ",,"確報",0,0,0,0,0,0,0,0,0,0,0,0,0,0,,,0,0,0,0,0,0,0,0,0,0,0,0,0
"2026/02/10","2026/02/13","5201","ＡＧＣ","東証およびＰＴＳ",,"確報",3900,500,24600,0,1200,400,24200,24328200,3119000,153454800,0,7485600,2495200,150959600,,,0,0,169600,0,0,12800,10.4,14.1,11.4,12.6,1.8,0.9,1.2
"2026/02/10","2026/02/13","5202","日本板硝子","東証およびＰＴＳ",,"確報",5300,459800,433800,4700,4000,41400,392400,3238300,280937800,265051800,2871700,2444000,25295400,239756400,,,0,0,8883000,0,0,407000,3.7,4.4,3.1,3.6,5.8,8.2,6.8
"2026/02/10","2026/02/13","5204","石塚硝子","東証およびＰＴＳ",,"確報",0,0,4400,0,0,300,4100,0,0,17314000,0,0,1180500,16133500,,,0,0,88000,0,0,6000,17.9,25.9,17.9,21.2,5.7,5.7,5.7
"2026/02/10","2026/02/13","5208","有沢製作所","東証およびＰＴＳ",,"確報",5500,2800,32900,2800,100,32900,0,12419000,6322400,74288200,6322400,225800,74288200,0,,,0,0,1147600,0,0,1147600,7.2,5.8,6.4,6.1,8.3,9.6,8.9
"2026/02/10","2026/02/13","5210","日本山村硝子","東証およびＰＴＳ",,"確報",200,100,4400,100,0,200,4200,657000,328500,14454000,328500,0,657000,13797000,,,0,0,21500,0,0,500,25.9,32.1,32.1,32.1,4,4,4
"2026/02/10","2026/02/13","5214","日本電気硝子","東証およびＰＴＳ",,"確報",9400,4000,41400,3300,300,25500,15900,56616200,24092000,249352200,19875900,1806900,153586500,95765700,,,0,0,0,7380000,4612500,0,8.4,4.8,7.2,5.8,26.2,14.5,18.7
"2026/02/10","2026/02/13","5216","倉元製作所","東証およびＰＴＳ",,"確報",8700,7500,100600,0,0,0,100600,1957500,1687500,22635000,0,0,0,22635000,,,0,0,0,596400,0,0,12.7,10.1,17,12.7,0,0,0
"2026/02/10","2026/02/13","5218","オハラ","東証およびＰＴＳ",,"確報",48000,100,83100,0,1100,83100,0,53664000,111800,92905800,0,1229800,92905800,0,,,0,0,1091200,0,0,2610200,7.2,2.7,3.9,3.2,4302,68.3,134.4
"2026/02/10","2026/02/13","5232","住友大阪セメント","東証およびＰＴＳ",,"確報",4100,100,13700,200,1900,13700,0,17277400,421400,57731800,842800,8006600,57731800,0,,,0,0,0,2037000,3234000,0,12.7,5.1,25.3,8.4,16.4,20.6,18.3
"2026/02/10","2026/02/13","5233","太平洋セメント","東証およびＰＴＳ",,"確報",0,2600,15500,600,8000,6300,9200,0,11988600,71470500,2766600,36888000,29049300,42421200,,,0,0,1502300,0,0,1137100,7,39.2,8.9,14.5,3.4,2.8,3
"2026/02/10","2026/02/13","5237","ノザワ","東証およびＰＴＳ",,"確報",100,0,427700,0,0,100,427600,109200,0,467048400,0,0,109200,466939200,,,0,0,5131200,0,0,1200,931.3,793.3,1189.9,951.9,2,0,4
"2026/02/10","2026/02/13","5240","ｍｏｎｏＡＩ","東証およびＰＴＳ",,"確報",40200,46700,499400,0,6500,499400,0,9607800,11161300,119356600,0,1553500,119356600,0,,,0,0,2529500,0,0,2529500,32.6,25.3,16.3,19.8,9999.9,45.9,91.6
"2026/02/10","2026/02/13","5242","アイズ","東証およびＰＴＳ",,"確報",400,0,1300,0,0,0,1300,452000,0,1469000,0,0,0,1469000,,,0,0,0,32400,0,0,5,2.7,30,5,0,0,0
"2026/02/10","2026/02/13","5243","ｎｏｔｅ","東証およびＰＴＳ",,"確報",100,4900,82700,0,0,0,82700,249600,12230400,206419200,0,0,0,206419200,,,0,0,87500,0,0,0,18.6,24.3,15.1,18.6,0,0,0
"2026/02/10","2026/02/13","5244","ｊｉｇ．ｊｐ","東証およびＰＴＳ",,"確報",100,3600,99800,200,0,2800,97000,23700,853200,23652600,47400,0,663600,22989000,,,0,0,723100,0,0,18200,53.3,113.8,43,62.4,5,18.4,7.8
"2026/02/10","2026/02/13","5246","ＥＬＥＭＥＮＴＳ","東証およびＰＴＳ",,"確報",17500,0,177500,0,0,0,177500,12162500,0,123362500,0,0,0,123362500,,,0,0,0,1920000,0,0,15.8,11.1,27.1,15.8,0,0,0
"2026/02/10","2026/02/13","5247","ＢＴＭ","東証およびＰＴＳ",,"確報",0,0,9200,0,0,0,9200,0,0,6532000,0,0,0,6532000,,,0,0,64400,0,0,0,66.7,93.4,51.9,66.7,0,0,0
"2026/02/10","2026/02/13","5248","テクノロジーズ","東証およびＰＴＳ",,"確報",700,0,10100,0,0,0,10100,373800,0,5393400,0,0,0,5393400,,,0,0,122200,0,0,0,27.8,25,31.3,27.8,0,0,0
"2026/02/10","2026/02/13","5250","プライムストラテジー","東証およびＰＴＳ",,"確報",0,0,1200,0,0,0,1200,0,0,1262400,0,0,0,1262400,,,0,0,0,10800,0,0,37.3,28,56,37.3,0,0,0
"2026/02/10","2026/02/13","5252","日本ナレッジ","東証およびＰＴＳ",,"確報",700,100,4800,0,0,0,4800,518700,74100,3556800,0,0,0,3556800,,,0,0,138600,0,0,0,4.5,16.8,2.6,4.5,0,0,0
"2026/02/10","2026/02/13","5253","カバー","東証およびＰＴＳ",,"確報",0,44200,526500,3100,1100,1226300,-699800,0,70454800,839241000,4941400,1753400,1954722200,-1115481200,,,0,0,33100600,0,0,71009400,83.3,35.1,43.2,38.7,123.8,297.1,174.8
"2026/02/10","2026/02/13","5254","Ａｒｅｎｔ","東証およびＰＴＳ",,"確報",0,400,9400,0,0,0,9400,0,1482000,34827000,0,0,0,34827000,,,0,0,833000,0,0,0,32.7,35.1,30.7,32.7,0,0,0
"2026/02/10","2026/02/13","5256","Ｆｕｓｉｃ","東証およびＰＴＳ",,"確報",100,0,1600,0,0,0,1600,239600,0,3833600,0,0,0,3833600,,,0,0,144000,0,0,0,76,76,76,76,0,0,0
"2026/02/10","2026/02/13","5257","ノバシステム","東証およびＰＴＳ",,"確報",200,0,1100,0,0,0,1100,506800,0,2787400,0,0,0,2787400,,,0,0,20700,0,0,0,6.5,4,18,6.5,0,0,0
"2026/02/10","2026/02/13","5258","ＴＭＮ","東証およびＰＴＳ",,"確報",2800,0,720800,0,23300,218800,502000,1316000,0,338776000,0,10951000,102836000,235940000,,,0,0,12206000,0,0,4115700,127,950.6,94.1,171.2,226.8,41.9,70.7
"2026/02/10","2026/02/13","5259","ＢＢＤイニシアティブ","東証およびＰＴＳ",,"確報",100,100,2100,0,0,0,2100,115200,115200,2419200,0,0,0,2419200,,,0,0,16800,0,0,0,10.4,40,6,10.4,0,0,0
"2026/02/10","2026/02/13","5261","リソルＨＤ","東証およびＰＴＳ",,"確報",200,0,2800,0,0,0,2800,1670000,0,23380000,0,0,0,23380000,,,0,0,0,78000,0,0,15.1,19.4,12.4,15.1,0,0,0
"2026/02/10","2026/02/13","5262","日本ヒューム","東証およびＰＴＳ",,"確報",8800,3600,645900,80000,2300,1132800,-486900,14546400,5950800,1067672700,132240000,3801900,1872518400,-804845700,,,0,0,17298900,0,0,28487700,38.5,73,30.1,42.7,68.6,24.7,36.3
"2026/02/10","2026/02/13","5268","旭コンクリート工業","東証およびＰＴＳ",,"確報",0,200,52100,0,0,0,52100,0,203200,52933600,0,0,0,52933600,,,0,0,470700,0,0,0,75.8,272.7,44,75.8,0,0,0
"2026/02/10","2026/02/13","5269","日本コンクリート工業","東証およびＰＴＳ",,"確報",14700,10500,159500,4200,0,245900,-86400,5365500,3832500,58217500,1533000,0,89753500,-31536000,,,0,0,2329500,0,0,3625500,12.8,8.8,5.7,6.9,24.3,81.6,37.5
"2026/02/10","2026/02/13","5271","トーヨーアサノ","東証およびＰＴＳ",,"確報",0,0,100,0,0,0,100,0,0,248000,0,0,0,248000,,,0,0,2400,0,0,0,2.7,4,2,2.7,0,0,0
"2026/02/10","2026/02/13","5273","三谷セキサン","東証およびＰＴＳ",,"確報",600,100,1000,0,100,1100,-100,4812000,802000,8020000,0,802000,8822000,-802000,,,0,0,50000,0,0,120000,4.1,1.7,2.8,2.1,13.8,7.9,10
"2026/02/10","2026/02/13","5279","日本興業","東証およびＰＴＳ",,"確報",0,0,1100,0,0,0,1100,0,0,1662100,0,0,0,1662100,,,0,0,44000,0,0,0,17.8,0,8.9,17.8,0,0,0
"2026/02/10","2026/02/13","5280","ヨシコン","東証およびＰＴＳ",,"確報",0,200,3800,0,0,0,3800,0,556800,10579200,0,0,0,10579200,,,0,0,176000,0,0,0,55.4,64.7,48.5,55.4,0,0,0
"2026/02/10","2026/02/13","5282","ジオスター","東証およびＰＴＳ",,"確報",600,100,28500,0,0,0,28500,277200,46200,13167000,0,0,0,13167000,,,0,0,84000,0,0,0,21.5,106.9,12,21.5,0,0,0
"2026/02/10","2026/02/13","5283","高見澤","東証およびＰＴＳ",,"確報",0,0,0,0,0,0,0,0,0,0,0,0,0,0,,,0,0,0,0,0,0,0,0,0,0,0,0,0
"2026/02/10","2026/02/13","5284","ヤマウＨＤ","東証およびＰＴＳ",,"確報",0,0,600,0,0,0,600,0,0,1463400,0,0,0,1463400,,,0,0,4200,0,0,0,17,17,17,17,0,0,0
"2026/02/10","2026/02/13","5285","ヤマックス","東証およびＰＴＳ",,"確報",100,900,8500,100,0,300,8200,190800,1717200,16218000,190800,0,572400,15645600,,,0,0,260400,0,0,5600,7.6,11.4,20.1,14.6,29.5,0.9,1.7
"2026/02/10","2026/02/13","5287","イトーヨーギョー","東証およびＰＴＳ",,"確報",300,0,15900,0,0,0,15900,395400,0,20956200,0,0,0,20956200,,,0,0,624000,0,0,0,33.7,25.5,49.4,33.7,0,0,0
"2026/02/10","2026/02/13","5288","アジアパイルＨＤ","東証およびＰＴＳ",,"確報",1000,1600,18800,0,0,0,18800,1576000,2521600,29628800,0,0,0,29628800,,,0,0,989400,0,0,0,20.9,16.9,27.3,20.9,0,0,0
"2026/02/10","2026/02/13","5290","ベルテクス","東証およびＰＴＳ",,"確報",12100,6400,42700,0,200,42700,0,16310800,8627200,57559600,0,269600,57559600,0,,,0,0,0,222000,257400,0,12.9,6,7.5,6.6,49,526.8,89.7
"2026/02/10","2026/02/13","5301","東海カーボン","東証およびＰＴＳ",,"確報",1000,1800,41200,0,0,0,41200,1119000,2014200,46102800,0,0,0,46102800,,,0,0,504000,0,0,0,22.6,37.3,16.9,23.2,1,1,1
"2026/02/10","2026/02/13","5302","日本カーボン","東証およびＰＴＳ",,"確報",1900,0,3000,300,0,800,2200,9148500,0,14445000,1444500,0,3852000,10593000,,,0,0,0,0,0,0,5,3,7.4,4.2,11,6.3,8
"2026/02/10","2026/02/13","5304","ＳＥＣカーボン","東証およびＰＴＳ",,"確報",0,100,1600,0,100,1600,0,0,285100,4561600,0,285100,4561600,0,,,0,0,0,13600,13600,0,11.9,14.4,7.8,10.1,25.3,10.1,14.4
"2026/02/10","2026/02/13","5310","東洋炭素","東証およびＰＴＳ",,"確報",0,200,6300,0,100,1400,4900,0,1176000,37044000,0,588000,8232000,28812000,,,0,0,585000,0,0,135000,20.5,47.3,19.5,27.6,11.8,6.6,8.4
"2026/02/10","2026/02/13","5331","ノリタケ","東証およびＰＴＳ",,"確報",0,0,11300,200,900,7200,4100,0,0,73224000,1296000,5832000,46656000,26568000,,,0,0,0,1808000,1264000,0,9.8,4.5,19,7.3,14.2,18.8,16.2
"2026/02/10","2026/02/13","5332","ＴＯＴＯ","東証およびＰＴＳ",,"確報",4100,2400,31200,1500,12100,36500,-5300,23292100,13634400,177247200,8521500,68740100,207356500,-30109300,,,0,0,0,2802500,4474500,0,7.1,6.7,7.1,6.9,8.1,6.5,7.2
"2026/02/10","2026/02/13","5333","日本碍子","東証およびＰＴＳ",,"確報",2300,11600,27500,400,9700,27500,0,9503600,47931200,113630000,1652800,40080400,113630000,0,,,0,0,956800,0,0,956800,4.9,4,6.2,4.9,3.3,9.3,4.9
"2026/02/10","2026/02/13","5334","日本特殊陶業","東証およびＰＴＳ",,"確報",0,1200,16400,400,0,1600,14800,0,8124000,111028000,2708000,0,10832000,100196000,,,0,0,475200,0,0,32400,10,11.7,8.7,10,8.7,15.3,11.1
"2026/02/10","2026/02/13","5337","ダントーＨＤ","東証およびＰＴＳ",,"確報",300,900,900,0,0,0,900,205200,615600,615600,0,0,0,615600,,,0,0,88500,0,0,0,1.6,1.6,1.6,1.6,0,0,0
"2026/02/10","2026/02/13","5341","ＡＳＡＨＩ　ＥＩＴＯ","東証およびＰＴＳ",,"確報",100,0,7900,0,0,0,7900,21200,0,1674800,0,0,0,1674800,,,0,0,23400,0,0,0,94.8,47.4,0,94.8,0,0,0
"2026/02/10","2026/02/13","5344","ＭＡＲＵＷＡ","東証およびＰＴＳ",,"確報",2200,600,4100,7900,100,10300,-6200,110902000,30246000,206681000,398239000,5041000,519223000,-312542000,,,0,0,6625000,0,0,6625000,1.9,2.2,4.5,3,2.4,1.2,1.6
"2026/02/10","2026/02/13","5351","品川リフラ","東証およびＰＴＳ",,"確報",600,700,4000,0,100,4000,0,1387800,1619100,9252000,0,231300,9252000,0,,,0,0,196800,0,0,196800,3.9,2.2,2.3,2.3,16.9,31,21.9
"2026/02/10","2026/02/13","5352","黒崎播磨","東証およびＰＴＳ",,"確報",100,2100,1900,0,0,0,1900,420000,8820000,7980000,0,0,0,7980000,,,0,0,0,19500,0,0,2.4,2.2,2.7,2.4,0,0,0
"2026/02/10","2026/02/13","5355","日本坩堝","東証およびＰＴＳ",,"確報",0,100,200,0,0,0,200,0,65300,130600,0,0,0,130600,,,0,0,600,0,0,0,7.7,0,3.8,7.7,0,0,0
"2026/02/10","2026/02/13","5356","美濃窯業","東証およびＰＴＳ",,"確報",0,0,6700,0,0,0,6700,0,0,8127100,0,0,0,8127100,,,0,0,13400,0,0,0,337,0,0,0,2,2,2
"2026/02/10","2026/02/13","5357","ヨータイ","東証およびＰＴＳ",,"確報",100,500,7200,300,700,7200,0,190500,952500,13716000,571500,1333500,13716000,0,,,0,0,0,0,0,0,11.6,15.6,10.1,12.2,13.8,9.3,11.1
"2026/02/10","2026/02/13","5363","東京窯業","東証およびＰＴＳ",,"確報",0,800,5500,100,0,100,5400,0,491200,3377000,61400,0,61400,3315600,,,0,0,119700,0,0,0,13.5,13.2,24.3,17.1,1.5,1,1.2
"2026/02/10","2026/02/13","5367","ニッカトー","東証およびＰＴＳ",,"確報",1900,0,4700,0,0,900,3800,1339500,0,3313500,0,0,634500,2679000,,,0,0,95200,0,0,30600,8.2,15.1,5.1,7.6,26.5,10.6,15.1
"2026/02/10","2026/02/13","5368","日本インシュレ","東証およびＰＴＳ",,"確報",0,0,4100,0,0,0,4100,0,0,4657600,0,0,0,4657600,,,0,0,28700,0,0,0,46.2,69.3,34.7,46.2,0,0,0
"2026/02/10","2026/02/13","5380","新東","東証およびＰＴＳ",,"確報",0,0,2400,0,0,0,2400,0,0,3849600,0,0,0,3849600,,,0,0,0,19200,0,0,49.2,41,61.5,49.2,0,0,0
"2026/02/10","2026/02/13","5381","マイポックス","東証およびＰＴＳ",,"確報",17100,7200,138200,400,1000,127700,10500,13184100,5551200,106552200,308400,771000,98456700,8095500,,,0,0,0,1283000,1283000,0,7.7,5.2,6.6,5.8,9.3,15,11.5
"2026/02/10","2026/02/13","5384","フジミイン","東証およびＰＴＳ",,"確報",200,200,12900,0,400,6600,6300,596800,596800,38493600,0,1193600,19694400,18799200,,,0,0,167700,0,0,91000,5.4,7.3,4,5.2,30.9,3.1,5.6
"2026/02/10","2026/02/13","5386","鶴弥","東証およびＰＴＳ",,"確報",0,0,0,0,0,0,0,0,0,0,0,0,0,0,,,0,0,0,0,0,0,4,0,2,4,0,0,0
"2026/02/10","2026/02/13","5388","クニミネ工業","東証およびＰＴＳ",,"確報",0,0,500,0,0,100,400,0,0,670500,0,0,134100,536400,,,0,0,0,0,0,0,32,0,0,0,7,7,7
"2026/02/10","2026/02/13","5391","Ａ＆Ａマテリアル","東証およびＰＴＳ",,"確報",0,100,1500,0,0,0,1500,0,140600,2109000,0,0,0,2109000,,,0,0,0,28800,0,0,2.3,6.6,1.5,2.5,1.8,1.8,1.8
"2026/02/10","2026/02/13","5393","ニチアス","東証およびＰＴＳ",,"確報",2400,1300,5800,200,3700,5800,0,19584000,10608000,47328000,1632000,30192000,47328000,0,,,0,0,0,1433500,2836500,0,5.5,4.3,2.8,3.3,14.7,6.8,9.3
"2026/02/10","2026/02/13","5401","日本製鉄","東証およびＰＴＳ",,"確報",31000,38100,1915500,7400,45900,310000,1605500,21225700,26087070,1311542850,5066780,31427730,212257000,1099285850,,,0,0,22686680,0,0,4112300,18.5,77.4,20.9,32.9,4.2,7.7,5.5
"2026/02/10","2026/02/13","5406","神戸製鋼所","東証およびＰＴＳ",,"確報",21900,8800,127800,0,200,7100,120700,50096250,20130000,292342500,0,457500,16241250,276101250,,,0,0,1032300,0,0,65700,10,7.7,13.4,9.8,72.2,9.3,16.4
"2026/02/10","2026/02/13","5408","中山製鋼所","東証およびＰＴＳ",,"確報",0,1400,79400,9400,0,69400,10000,0,880600,49942600,5912600,0,43652600,6290000,,,0,0,242400,0,0,180000,13,14.6,9.1,11.2,37.9,10.1,15.9
"2026/02/10","2026/02/13","5410","合同製鐵","東証およびＰＴＳ",,"確報",200,200,3000,0,0,0,3000,814000,814000,12210000,0,0,0,12210000,,,0,0,90000,0,0,0,7.3,9.6,6,7.3,0,0,0
"2026/02/10","2026/02/13","5411","ＪＦＥ","東証およびＰＴＳ",,"確報",5500,29800,44000,74200,6300,134800,-90800,12883750,69806500,103070000,173813500,14757750,315769000,-212699000,,,0,0,5259100,0,0,5151300,3.8,12.3,5.6,7.7,1.8,4.6,2.6
"2026/02/10","2026/02/13","5423","東京製鐵","東証およびＰＴＳ",,"確報",200,0,4000,4900,100,133700,-129700,325400,0,6508000,7972300,162700,217529900,-211021900,,,0,0,45600,0,0,1546800,20.8,96,4.8,9.1,15.3,37.1,21.7
"2026/02/10","2026/02/13","5440","共英製鋼","東証およびＰＴＳ",,"確報",900,400,6300,4500,0,10300,-4000,2352600,1045600,16468200,11763000,0,26924200,-10456000,,,0,0,394400,0,0,394400,4.2,2.7,3.3,3,4.2,10.4,6
"2026/02/10","2026/02/13","5444","大和工業","東証およびＰＴＳ",,"確報",0,100,5200,100,200,5200,0,0,1290500,67106000,1290500,2581000,67106000,0,,,0,0,318000,0,0,318000,13.7,17.4,10.2,12.8,21.1,11.3,14.8
"2026/02/10","2026/02/13","5445","東京鐵鋼","東証およびＰＴＳ",,"確報",200,100,3400,0,0,0,3400,1318000,659000,22406000,0,0,0,22406000,,,0,0,528000,0,0,0,21.3,34,15.5,21.3,0,0,0
"2026/02/10","2026/02/13","5446","北越メタル","東証およびＰＴＳ",,"確報",0,0,1200,0,0,0,1200,0,0,1515600,0,0,0,1515600,,,0,0,0,1200,0,0,0,0,0,0,0,0,0
"2026/02/10","2026/02/13","5449","大阪製鐵","東証およびＰＴＳ",,"確報",3000,0,948500,8300,300,89600,858900,7551000,0,2387374500,20891100,755100,225523200,2161851300,,,0,0,0,96441000,8323200,0,108.7,402.6,1962.9,668.2,8.9,12.5,10.4
"2026/02/10","2026/02/13","5451","ヨドコウ","東証およびＰＴＳ",,"確報",2400,0,17000,7300,0,99300,-82300,3458400,0,24497000,10519300,0,143091300,-118594300,,,0,0,0,14600,92000,0,34.2,11.7,26.2,16.1,25.1,133.8,42.2
"2026/02/10","2026/02/13","5458","高砂鐵工","東証およびＰＴＳ",,"確報",100,0,1400,0,0,0,1400,115200,0,1612800,0,0,0,1612800,,,0,0,0,10400,0,0,44.7,33.5,67,44.7,0,0,0
"2026/02/10","2026/02/13","5461","中部鋼鈑","東証およびＰＴＳ",,"確報",0,200,21600,4600,0,30600,-9000,0,497200,53697600,11435600,0,76071600,-22374000,,,0,0,2855800,0,0,3406000,22.4,31.1,34.9,32.9,25.3,13.7,17.8
"2026/02/10","2026/02/13","5463","丸一鋼管","東証およびＰＴＳ",,"確報",1100,4600,20200,6800,100,73300,-53100,1802900,7539400,33107800,11145200,163900,120138700,-87030900,,,0,0,568800,0,0,1598400,25.2,6.3,12.5,8.3,42.1,75,53.9
"2026/02/10","2026/02/13","5464","モリ工業","東証およびＰＴＳ",,"確報",200,0,6700,200,0,6700,0,202000,0,6767000,202000,0,6767000,0,,,0,0,6500,0,0,6500,2.1,1.5,1.5,1.5,11.1,3.3,5
"2026/02/10","2026/02/13","5471","大同特殊鋼","東証およびＰＴＳ",,"確報",0,3700,101400,2800,0,23300,78100,0,7627550,209036100,5772200,0,48032950,161003150,,,0,0,1629050,0,0,317750,16.2,39.7,14.4,21.2,4.5,9.9,6.2
"2026/02/10","2026/02/13","5480","日本冶金工業","東証およびＰＴＳ",,"確報",2300,2300,21800,0,0,21800,0,11097500,11097500,105185000,0,0,105185000,0,,,0,0,109000,0,0,109000,12,10.8,9.1,9.9,17.6,13.5,15.3
"2026/02/10","2026/02/13","5482","愛知製鋼","東証およびＰＴＳ",,"確報",0,1000,16300,4400,500,12100,4200,0,3370000,54931000,14828000,1685000,40777000,14154000,,,0,0,692000,0,0,328000,9.6,62.2,6.7,12.1,3.3,24.7,5.9
"2026/02/10","2026/02/13","5484","東北特殊鋼","東証およびＰＴＳ",,"確報",100,0,400,0,0,0,400,225100,0,900400,0,0,0,900400,,,0,0,13200,0,0,0,4.4,2.8,11,4.4,0,0,0
"2026/02/10","2026/02/13","5491","日本金属","東証およびＰＴＳ",,"確報",0,5100,36100,600,0,13600,22500,0,5074500,35919500,597000,0,13532000,22387500,,,0,0,865200,0,0,273000,31.2,83.8,20.5,33,55.8,17.6,26.8
"2026/02/10","2026/02/13","5527","ｐｒｏｐｅｔｅｃ","東証およびＰＴＳ",,"確報",1000,0,24800,0,0,0,24800,736000,0,18252800,0,0,0,18252800,,,0,0,214200,0,0,0,115.7,121.5,110.5,115.7,0,0,0
"2026/02/10","2026/02/13","5532","リアルゲイト","東証およびＰＴＳ",,"確報",200,0,16400,0,0,0,16400,588400,0,48248800,0,0,0,48248800,,,0,0,1377000,0,0,0,55.9,123.7,36.1,55.9,0,0,0
"2026/02/10","2026/02/13","5533","エリッツＨＤ","東証およびＰＴＳ",,"確報",0,0,500,0,0,0,500,0,0,975500,0,0,0,975500,,,0,0,0,21000,0,0,0,0,0,0,0,0,0
"2026/02/10","2026/02/13","5535","ミガロＨＤ","東証およびＰＴＳ",,"確報",0,19700,82500,0,0,0,82500,0,8589200,35970000,0,0,0,35970000,,,0,0,1941800,0,0,0,16.1,26.8,11.5,16.1,0,0,0
"2026/02/10","2026/02/13","5537","ＡｌｂａＬｉｎｋ","東証およびＰＴＳ",,"確報",700,0,40800,0,0,0,40800,1808800,0,105427200,0,0,0,105427200,,,0,0,5012500,0,0,0,65.9,45.7,118.2,65.9,0,0,0
"2026/02/10","2026/02/13","5541","大平洋金属","東証およびＰＴＳ",,"確報",16400,11300,71900,5100,0,71900,0,48101200,33142900,210882700,14958300,0,210882700,0,,,0,0,0,66800,66800,0,14.5,8.3,9.1,8.7,35.4,55.7,43.3
"2026/02/10","2026/02/13","5542","新報国マテリアル","東証およびＰＴＳ",,"確報",0,600,1000,0,0,0,1000,0,471600,786000,0,0,0,786000,,,0,0,27200,0,0,0,9.5,9.5,9.5,9.5,0,0,0
"2026/02/10","2026/02/13","5563","新日本電工","東証およびＰＴＳ",,"確報",4000,60300,264800,8400,0,700500,-435700,1632000,24602400,108038400,3427200,0,285804000,-177765600,,,0,0,1284400,0,0,2768400,28.3,13.3,17.9,15.3,31.3,88,46.2
"2026/02/10","2026/02/13","5570","ジェノバ","東証およびＰＴＳ",,"確報",100,1400,5500,0,0,0,5500,70800,991200,3894000,0,0,0,3894000,,,0,0,0,47600,0,0,23.3,48.3,15.4,23.3,0,0,0
"2026/02/10","2026/02/13","5571","エキサイトＨＤ","東証およびＰＴＳ",,"確報",0,0,1500,0,0,0,1500,0,0,1914000,0,0,0,1914000,,,0,0,0,6000,0,0,36.5,36.5,36.5,36.5,0,0,0
"2026/02/10","2026/02/13","5572","Ｒｉｄｇｅ－ｉ","東証およびＰＴＳ",,"確報",0,100,7000,0,0,0,7000,0,213100,14917000,0,0,0,14917000,,,0,0,475700,0,0,0,100.3,87.8,117,100.3,0,0,0
"2026/02/10","2026/02/13","5574","ＡＢＥＪＡ","東証およびＰＴＳ",,"確報",0,2000,32000,0,0,0,32000,0,6220000,99520000,0,0,0,99520000,,,0,0,0,2040000,0,0,43.1,77.4,29.9,43.1,0,0,0
"2026/02/10","2026/02/13","5575","Ｇｌｏｂｅｅ","東証およびＰＴＳ",,"確報",100,0,3700,0,0,0,3700,66000,0,2442000,0,0,0,2442000,,,0,0,18000,0,0,0,74.4,93,62,74.4,0,0,0
"2026/02/10","2026/02/13","5576","オービーシステム","東証およびＰＴＳ",,"確報",0,0,1600,0,0,0,1600,0,0,4523200,0,0,0,4523200,,,0,0,129600,0,0,0,10.3,10.3,10.3,10.3,0,0,0
"2026/02/10","2026/02/13","5578","ＡＲアドバンスト","東証およびＰＴＳ",,"確報",300,0,12300,0,0,0,12300,324300,0,13296300,0,0,0,13296300,,,0,0,288000,0,0,0,44.6,58.7,35.9,44.6,0,0,0
"2026/02/10","2026/02/13","5580","プロディライト","東証およびＰＴＳ",,"確報",0,0,600,0,0,0,600,0,0,1026600,0,0,0,1026600,,,0,0,11400,0,0,0,0,0,0,0,0,0,0
"2026/02/10","2026/02/13","5582","グリッド","東証およびＰＴＳ",,"確報",800,1300,12000,0,0,0,12000,2016800,3277300,30252000,0,0,0,30252000,,,0,0,962500,0,0,0,30.4,25.3,38,30.4,0,0,0
"2026/02/10","2026/02/13","5586","Ｌａｂｏｒｏ．ＡＩ","東証およびＰＴＳ",,"確報",1200,0,28700,0,0,0,28700,1104000,0,26404000,0,0,0,26404000,,,0,0,247500,0,0,0,46.1,24.8,328.8,46.1,0,0,0
"2026/02/10","2026/02/13","5587","インバウンドＰＦ","東証およびＰＴＳ",,"確報",0,0,2400,0,0,0,2400,0,0,2109600,0,0,0,2109600,,,0,0,45600,0,0,0,50.8,127,31.8,50.8,0,0,0
"2026/02/10","2026/02/13","5588","ファーストＡ","東証およびＰＴＳ",,"確報",0,300,5300,0,0,0,5300,0,281400,4971400,0,0,0,4971400,,,0,0,218400,0,0,0,22.6,16.3,37.1,22.6,0,0,0
"2026/02/10","2026/02/13","5589","オートサーバー","東証およびＰＴＳ",,"確報",0,0,1900,0,300,300,1600,0,0,4913400,0,775800,775800,4137600,,,0,0,3800,0,0,1200,18.9,0,47.5,95,14,3.1,5.1
"2026/02/10","2026/02/13","5590","ネットスターズ","東証およびＰＴＳ",,"確報",2500,1300,245900,100,5900,77100,168800,2215000,1151800,217867400,88600,5227400,68310600,149556800,,,0,0,8075100,0,0,2735700,35.5,17.6,406.3,33.7,34.8,52.6,41.8
"2026/02/10","2026/02/13","5591","ＡＶＩＬＥＮ","東証およびＰＴＳ",,"確報",400,100,4900,0,0,0,4900,498800,124700,6110300,0,0,0,6110300,,,0,0,276000,0,0,0,18.2,31.9,12.8,18.2,0,0,0
"2026/02/10","2026/02/13","5592","くすりの窓口","東証およびＰＴＳ",,"確報",500,0,16500,0,0,0,16500,1343500,0,44335500,0,0,0,44335500,,,0,0,1504000,0,0,0,45.6,43.2,48.2,45.6,0,0,0
"2026/02/10","2026/02/13","5596","アウトルック","東証およびＰＴＳ",,"確報",0,0,0,0,0,0,0,0,0,0,0,0,0,0,,,0,0,0,0,0,0,6,0,3,6,0,0,0
"2026/02/10","2026/02/13","5597","ブルーイノベーション","東証およびＰＴＳ",,"確報",200,300,22400,0,0,0,22400,336800,505200,37721600,0,0,0,37721600,,,0,0,382500,0,0,0,64.8,59.7,70.9,64.8,0,0,0
"2026/02/10","2026/02/13","5599","Ｓ＆Ｊ","東証およびＰＴＳ",,"確報",100,100,5300,0,0,0,5300,234000,234000,12402000,0,0,0,12402000,,,0,0,106000,0,0,0,36.9,21.8,120,36.9,0,0,0
"2026/02/10","2026/02/13","5602","栗本鐵工所","東証およびＰＴＳ",,"確報",0,91800,43200,11100,0,33500,9700,0,154591200,72748800,18692400,0,56414000,16334800,,,0,0,7290000,0,0,1209600,3.2,2.9,2.1,2.4,8.3,17.1,11.2
"2026/02/10","2026/02/13","5603","虹技","東証およびＰＴＳ",,"確報",0,0,9400,200,0,200,9200,0,0,12605400,268200,0,268200,12337200,,,0,0,103400,0,0,0,136.3,237.5,158.3,190,1,0,2
"2026/02/10","2026/02/13","5609","日本鋳造","東証およびＰＴＳ",,"確報",100,200,8100,0,0,0,8100,85200,170400,6901200,0,0,0,6901200,,,0,0,65600,0,0,0,205,410,136.7,205,0,0,0
"2026/02/10","2026/02/13","5612","日本鋳鉄管","東証およびＰＴＳ",,"確報",100,700,14100,0,0,0,14100,198700,1390900,28016700,0,0,0,28016700,,,0,0,764400,0,0,0,50.1,66,40.3,50.1,0,0,0
"2026/02/10","2026/02/13","5616","雨風太陽","東証およびＰＴＳ",,"確報",0,0,4900,0,0,0,4900,0,0,4316900,0,0,0,4316900,,,0,0,9800,0,0,0,11.9,0,5.9,11.9,0,0,0
"2026/02/10","2026/02/13","5618","ナイル","東証およびＰＴＳ",,"確報",0,0,2600,0,0,0,2600,0,0,803400,0,0,0,803400,,,0,0,5200,0,0,0,10.7,0,5.3,10.7,0,0,0
"2026/02/10","2026/02/13","5619","マーソ","東証およびＰＴＳ",,"確報",0,0,0,0,0,0,0,0,0,0,0,0,0,0,,,0,0,0,0,0,0,0,0,0,0,0,0,0
"2026/02/10","2026/02/13","5621","ヒューマンＴ","東証およびＰＴＳ",,"確報",0,100,1900,0,0,0,1900,0,177300,3368700,0,0,0,3368700,,,0,0,22000,0,0,0,51,51,51,51,0,0,0
"2026/02/10","2026/02/13","5631","日本製鋼所","東証およびＰＴＳ",,"確報",3300,18700,79300,14100,1000,79300,0,32155200,182212800,772699200,137390400,9744000,772699200,0,,,0,0,27273600,0,0,19065600,16.9,24.8,8.5,12.7,21.1,212.2,38.4
"2026/02/10","2026/02/13","5632","三菱製鋼","東証およびＰＴＳ",,"確報",0,500,13600,0,200,7000,6600,0,966500,26288800,0,386600,13531000,12757800,,,0,0,112800,0,0,57600,14.4,27.6,9,13.6,9.6,63.6,16.7
"2026/02/10","2026/02/13","5644","メタルアート","東証およびＰＴＳ",,"確報",100,0,2000,0,0,0,2000,573000,0,11460000,0,0,0,11460000,,,0,0,209000,0,0,0,39.2,24.5,98,39.2,0,0,0
"2026/02/10","2026/02/13","5658","日亜鋼業","東証およびＰＴＳ",,"確報",0,800,8100,0,800,8100,0,0,321600,3256200,0,321600,3256200,0,,,0,0,35600,0,0,35600,8.1,5.8,4.8,5.3,25.7,13.2,17.5
"2026/02/10","2026/02/13","5659","日本精線","東証およびＰＴＳ",,"確報",100,500,5600,0,3800,22400,-16800,129700,648500,7263200,0,4928600,29052800,-21789600,,,0,0,198000,0,0,864600,12.5,7.2,12,9,29.9,8.8,13.6
"2026/02/10","2026/02/13","5660","神鋼鋼線工業","東証およびＰＴＳ",,"確報",0,100,6100,0,0,0,6100,0,147300,8985300,0,0,0,8985300,,,0,0,55800,0,0,0,24.9,25.9,23.9,24.9,0,0,0
"2026/02/10","2026/02/13","5695","パウダーテック","東証およびＰＴＳ",,"確報",0,100,300,0,0,0,300,0,246500,739500,0,0,0,739500,,,0,0,7200,0,0,0,22,0,11,22,0,0,0
"2026/02/10","2026/02/13","5697","サンユウ","東証およびＰＴＳ",,"確報",0,0,1900,0,0,0,1900,0,0,1539000,0,0,0,1539000,,,0,0,15200,0,0,0,5,5.8,4.5,5,0,0,0
"2026/02/10","2026/02/13","5698","エンビプロＨＤ","東証およびＰＴＳ",,"確報",2400,1500,43300,0,0,0,43300,2205600,1378500,39792700,0,0,0,39792700,,,0,0,805600,0,0,0,20,15.3,28.8,20,0,0,0
"2026/02/10","2026/02/13","5699","イボキン","東証およびＰＴＳ",,"確報",100,0,9400,0,0,0,9400,153100,0,14391400,0,0,0,14391400,,,0,0,0,120900,0,0,117.3,93.8,156.3,117.3,0,0,0
"2026/02/10","2026/02/13","5702","大紀アルミニウム工業","東証およびＰＴＳ",,"確報",1600,400,51200,0,300,32000,19200,2262400,565600,72396800,0,424200,45248000,27148800,,,0,0,1200000,0,0,775200,21,11.9,41.8,18.5,15,106.2,26.3
"2026/02/10","2026/02/13","5703","日本軽金属ＨＤ","東証およびＰＴＳ",,"確報",3100,2100,22500,3600,2600,22500,0,9455000,6405000,68625000,10980000,7930000,68625000,0,,,0,0,0,107500,107500,0,9,4,14.8,6.3,11.7,14.4,12.9
"2026/02/10","2026/02/13","5704","ＪＭＣ","東証およびＰＴＳ",,"確報",0,0,6800,0,0,0,6800,0,0,2944400,0,0,0,2944400,,,0,0,34000,0,0,0,91,0,45.5,91,0,0,0
"2026/02/10","2026/02/13","5706","三井金属","東証およびＰＴＳ",,"確報",13500,500,25500,1800,13200,141800,-116300,316305000,11715000,597465000,42174000,309276000,3322374000,-2724909000,,,0,0,10437500,0,0,127922000,5.8,3.2,1.9,2.4,9.9,26.2,14.3
"2026/02/10","2026/02/13","5707","東邦亜鉛","東証およびＰＴＳ",,"確報",154400,137700,388400,4000,5200,370500,17900,264641600,236017800,665717600,6856000,8912800,635037000,30680600,,,0,0,66162600,0,0,66162600,13.2,7.5,7.8,7.7,80.5,35.3,49.1
"2026/02/10","2026/02/13","5711","三菱マテリアル","東証およびＰＴＳ",,"確報",33400,2500,182900,101800,0,253800,-70900,164962600,12347500,903343100,502790200,0,1253518200,-350175100,,,0,0,24776000,0,0,24776000,13.1,9.8,19.3,13,7.1,86.4,13.1
"2026/02/10","2026/02/13","5713","住友金属鉱山","東証およびＰＴＳ",,"確報",1000,54600,206300,4000,2400,6600,199700,10230000,558558000,2110449000,40920000,24552000,67518000,2042931000,,,0,0,200642800,0,0,3860000,11.6,19.3,10.1,13.3,1.5,1.8,1.7
"2026/02/10","2026/02/13","5714","ＤＯＷＡＨＤ","東証およびＰＴＳ",,"確報",3200,400,20100,400,300,3700,16400,31590400,3948800,198427200,3948800,2961600,36526400,161900800,,,0,0,7663900,0,0,1594800,7.9,10.4,7.7,8.8,6.3,4.3,5.1
"2026/02/10","2026/02/13","5715","古河機械金属","東証およびＰＴＳ",,"確報",41500,41400,114800,700,600,114800,0,256885000,256266000,710612000,4333000,3714000,710612000,0,,,0,0,114700000,0,0,114700000,6.5,4,3.6,3.8,13,92.8,22.8
"2026/02/10","2026/02/13","5721","エス・サイエンス","東証およびＰＴＳ",,"確報",0,33600,569300,0,0,0,569300,0,4939200,83687100,0,0,0,83687100,,,0,0,0,0,0,0,46.8,69.3,35.3,46.8,0,0,0
"2026/02/10","2026/02/13","5724","アサカ理研","東証およびＰＴＳ",,"確報",2000,600,27700,0,0,0,27700,8260000,2478000,114401000,0,0,0,114401000,,,0,0,0,131500,0,0,13.3,12.8,13.8,13.3,0,0,0
"2026/02/10","2026/02/13","5726","大阪チタニウムテクノ","東証およびＰＴＳ",,"確報",0,177500,355000,47700,1900,1375100,-1020100,0,488125000,976250000,131175000,5225000,3781525000,-2805275000,,,0,0,133125000,0,0,332325000,35.9,33.2,7,11.6,93.5,315.8,144.3
"2026/02/10","2026/02/13","5727","東邦チタニウム","東証およびＰＴＳ",,"確報",25600,7400,82900,72100,100,123700,-40800,50048000,14467000,162069500,140955500,195500,241833500,-79764000,,,0,0,4529000,0,0,3619000,5.8,5.2,4.1,4.6,4.9,17.9,7.6
"2026/02/10","2026/02/13","5729","日本精鉱","東証およびＰＴＳ",,"確報",100,400,3000,0,0,0,3000,1180000,4720000,35400000,0,0,0,35400000,,,0,0,3168000,0,0,0,5.7,5,6.5,5.7,0,0,0
"2026/02/10","2026/02/13","5741","ＵＡＣＪ","東証およびＰＴＳ",,"確報",3000,3000,29600,0,1700,27900,1700,8670000,8670000,85544000,0,4913000,80631000,4913000,,,0,0,2101600,0,0,2101600,16.1,15.9,19.6,17.5,10.1,26,14.6
"2026/02/10","2026/02/13","5742","エヌアイシ・オート","東証およびＰＴＳ",,"確報",200,0,4400,100,200,400,4000,160800,0,3537600,80400,160800,321600,3216000,,,0,0,4200,0,0,500,42.7,106,0,212,3.8,7.7,5.1
"2026/02/10","2026/02/13","5753","日本伸銅","東証およびＰＴＳ",,"確報",0,100,9800,0,0,0,9800,0,256100,25097800,0,0,0,25097800,,,0,0,207900,0,0,0,86.9,53.1,239,86.9,0,0,0
"2026/02/10","2026/02/13","5757","ＣＫサンエツ","東証およびＰＴＳ",,"確報",0,500,1000,0,0,0,1000,0,2295000,4590000,0,0,0,4590000,,,0,0,120000,0,0,0,16.9,0,8.4,16.9,0,0,0
"2026/02/10","2026/02/13","5801","古河電気工業","東証およびＰＴＳ",,"確報",5500,54200,55700,242800,500,275900,-220200,118250000,1165300000,1197550000,5220200000,10750000,5931850000,-4734300000,,,0,0,417600000,0,0,134400000,3.9,6.7,4.9,5.7,1.5,17.2,2.8
"2026/02/10","2026/02/13","5802","住友電気工業","東証およびＰＴＳ",,"確報",40300,2100,139600,600,2300,11500,128100,351738400,18328800,1218428800,5236800,20074400,100372000,1118056800,,,0,0,36605400,0,0,4765200,6.4,7.5,6.3,6.9,3,4.3,3.6
"2026/02/10","2026/02/13","5803","フジクラ","東証およびＰＴＳ",,"確報",20000,76500,310200,2600,4800,111100,199100,461200000,1764090000,7153212000,59956000,110688000,2561966000,4591246000,,,0,0,405203500,0,0,125196500,8.7,5.1,11.4,7.1,22.4,20.5,21.4
"2026/02/10","2026/02/13","5805","ＳＷＣＣ","東証およびＰＴＳ",,"確報",6500,8200,54000,8800,1600,74700,-20700,89830000,113324000,746280000,121616000,22112000,1032354000,-286074000,,,0,0,32863000,0,0,39825000,10.2,5.4,7,6.1,15.4,36.3,21.7
"2026/02/10","2026/02/13","5816","オーナンバ","東証およびＰＴＳ",,"確報",600,0,313500,0,1100,2700,310800,900000,0,470250000,0,1650000,4050000,466200000,,,0,0,1564500,0,0,19000,1439,2608.5,0,5217,44.5,14.8,22.3
"2026/02/10","2026/02/13","5817","ＪＭＡＣＳ","東証およびＰＴＳ",,"確報",4000,0,33700,0,0,0,33700,5032000,0,42394600,0,0,0,42394600,,,0,0,1128600,0,0,0,6.6,4.2,14.6,6.6,0,0,0
"2026/02/10","2026/02/13","5819","カナレ電気","東証およびＰＴＳ",,"確報",0,100,200,0,0,0,200,0,187400,374800,0,0,0,374800,,,0,0,3300,0,0,0,11,11,11,11,0,0,0
"2026/02/10","2026/02/13","5820","三ッ星","東証およびＰＴＳ",,"確報",500,0,146300,0,0,0,146300,342000,0,100069200,0,0,0,100069200,,,0,0,1020600,0,0,0,730.1,663.7,811.2,730.1,0,0,0
"2026/02/10","2026/02/13","5821","平河ヒューテック","東証およびＰＴＳ",,"確報",1100,200,158300,0,0,0,158300,4427500,805000,637157500,0,0,0,637157500,,,0,0,45646000,0,0,0,129.6,112.9,152,129.6,0,0,0
"2026/02/10","2026/02/13","5830","いよぎんＨＤ","東証およびＰＴＳ",,"確報",10600,6500,50000,4100,0,50000,0,36093000,22132500,170250000,13960500,0,170250000,0,,,0,0,8262000,0,0,8262000,10.2,7.2,8.6,7.9,12.4,17.2,14.4
"2026/02/10","2026/02/13","5831","しずおかＦＧ","東証およびＰＴＳ",,"確報",4200,2000,31700,1300,1500,13500,18200,12291300,5853000,92770050,3804450,4389750,39507750,53262300,,,0,0,1091500,0,0,506900,11.8,12.2,18.7,14.8,7.6,7.7,7.7
"2026/02/10","2026/02/13","5832","ちゅうぎんＦＧ","東証およびＰＴＳ",,"確報",300,1100,4700,1300,0,4700,0,1017000,3729000,15933000,4407000,0,15933000,0,,,0,0,418000,0,0,258400,7.7,7.2,10.3,8.4,4.5,13.4,6.7
"2026/02/10","2026/02/13","5834","ＳＢＩリーシング","東証およびＰＴＳ",,"確報",7600,0,40100,0,0,200,39900,51984000,0,274284000,0,0,1368000,272916000,,,0,0,0,5525000,34000,0,18.8,15.7,26.2,19.7,1.4,1.8,1.6
"2026/02/10","2026/02/13","5838","楽天銀行","東証およびＰＴＳ",,"確報",100,152800,117500,5200,200,10400,107100,840000,1283520000,987000000,43680000,1680000,87360000,899640000,,,0,0,195084400,0,0,3898800,11,79.7,6,11.1,4.8,20.5,7.8
"2026/02/10","2026/02/13","5842","インテグラル","東証およびＰＴＳ",,"確報",100,300,5100,0,0,0,5100,349000,1047000,17799000,0,0,0,17799000,,,0,0,397500,0,0,0,30.6,65,20,30.6,0,0,0
"2026/02/10","2026/02/13","5843","ニッポンインシュア","東証およびＰＴＳ",,"確報",0,0,7500,0,0,0,7500,0,0,17977500,0,0,0,17977500,,,0,0,465000,0,0,0,147.2,73.6,0,147.2,0,0,0
"2026/02/10","2026/02/13","5844","京都ＦＧ","東証およびＰＴＳ",,"確報",7100,0,23400,1400,1000,7200,16200,28094700,0,92593800,5539800,3957000,28490400,64103400,,,0,0,309700,0,0,129200,3,6.6,2.8,3.9,16.1,1.1,2
"2026/02/10","2026/02/13","5845","全保連","東証およびＰＴＳ",,"確報",900,1200,13200,0,300,13200,0,925200,1233600,13569600,0,308400,13569600,0,,,0,0,243000,0,0,243000,18.1,11.6,12.9,12.3,29.8,40.4,34.3
"2026/02/10","2026/02/13","5851","リョービ","東証およびＰＴＳ",,"確報",400,1000,5600,4000,200,4700,900,1178000,2945000,16492000,11780000,589000,13841500,2650500,,,0,0,279000,0,0,40500,4.7,20.9,8.4,12,1.3,2.5,1.8
"2026/02/10","2026/02/13","5852","アーレスティ","東証およびＰＴＳ",,"確報",500,2200,25200,0,0,0,25200,436000,1918400,21974400,0,0,0,21974400,,,0,0,322800,0,0,0,27.8,99.7,19.1,32.1,1,1,1
"2026/02/10","2026/02/13","5856","エルアイイーエイチ","東証およびＰＴＳ",,"確報",0,0,10000,0,0,0,10000,0,0,270000,0,0,0,270000,,,0,0,10000,0,0,0,0,0,0,0,0,0,0
"2026/02/10","2026/02/13","5857","ＡＲＥＨＤ","東証およびＰＴＳ",,"確報",3300,400,79300,0,0,0,79300,13216500,1602000,317596500,0,0,0,317596500,,,0,0,1910000,0,0,0,15.1,21.6,11.7,15.2,1,1,1
"2026/02/10","2026/02/13","5858","ＳＴＧ","東証およびＰＴＳ",,"確報",0,200,600,0,0,0,600,0,339600,1018800,0,0,0,1018800,,,0,0,22400,0,0,0,17,17,17,17,0,0,0
"2026/02/10","2026/02/13","5867","エスネットワークス","東証およびＰＴＳ",,"確報",0,0,0,0,0,0,0,0,0,0,0,0,0,0,,,0,0,0,0,0,0,4,0,2,4,0,0,0
"2026/02/10","2026/02/13","5868","ロココ","東証およびＰＴＳ",,"確報",100,300,3600,0,0,0,3600,107400,322200,3866400,0,0,0,3866400,,,0,0,22800,0,0,0,18.1,47,11.2,18.1,0,0,0
"2026/02/10","2026/02/13","5869","早稲田学習研究会","東証およびＰＴＳ",,"確報",0,0,700,100,0,100,600,0,0,872900,124700,0,124700,748200,,,0,0,0,0,0,0,12.7,0,35,70,1,1.5,1.2
"2026/02/10","2026/02/13","5870","ナルネット","東証およびＰＴＳ",,"確報",300,0,13300,0,0,0,13300,314700,0,13951700,0,0,0,13951700,,,0,0,208000,0,0,0,186.9,109,654,186.9,0,0,0
"2026/02/10","2026/02/13","5871","ＳＯＬＩＺＥ　ＨＤ","東証およびＰＴＳ",,"確報",0,200,2300,100,100,1100,1200,0,288400,3316600,144200,144200,1586200,1730400,,,0,0,0,15000,6600,0,7.1,20.2,17.3,18.6,3,5,3.8
"2026/02/10","2026/02/13","5884","クラダシ","東証およびＰＴＳ",,"確報",0,0,2800,0,0,0,2800,0,0,1187200,0,0,0,1187200,,,0,0,11200,0,0,0,282,0,141,282,0,0,0
"2026/02/10","2026/02/13","5885","ジーデップアドバンス","東証およびＰＴＳ",,"確報",1900,0,8200,0,0,0,8200,5508100,0,23771800,0,0,0,23771800,,,0,0,938700,0,0,0,17.8,18.3,17.4,17.8,0,0,0
"2026/02/10","2026/02/13","5888","ダイワサイクル","東証およびＰＴＳ",,"確報",0,0,1700,0,0,0,1700,0,0,6341000,0,0,0,6341000,,,0,0,144500,0,0,0,48.5,0,24.3,48.5,0,0,0
"2026/02/10","2026/02/13","5889","ＪＥＨ","東証およびＰＴＳ",,"確報",100,500,9100,0,0,0,9100,202300,1011500,18409300,0,0,0,18409300,,,0,0,456000,0,0,0,36.6,39.7,34,36.6,0,0,0
"2026/02/10","2026/02/13","5891","魁力屋","東証およびＰＴＳ",,"確報",0,0,2200,0,0,0,2200,0,0,3533200,0,0,0,3533200,,,0,0,19800,0,0,0,214,107,0,214,0,0,0
"2026/02/10","2026/02/13","5892","ｙｕｔｏｒｉ","東証およびＰＴＳ",,"確報",1000,300,25200,0,0,0,25200,2947000,884100,74264400,0,0,0,74264400,,,0,0,2401000,0,0,0,47.8,82.9,33.6,47.8,0,0,0
"2026/02/10","2026/02/13","5900","ダイケン","東証およびＰＴＳ",,"確報",0,0,0,0,0,0,0,0,0,0,0,0,0,0,,,0,0,0,0,0,0,0,0,0,0,0,0,0
"2026/02/10","2026/02/13","5901","東洋製罐グループＨＤ","東証およびＰＴＳ",,"確報",3300,0,24800,3900,600,24800,0,13645500,0,102548000,16126500,2481000,102548000,0,,,0,0,1569500,0,0,1569500,17.2,13.9,20.7,16.6,15,21.6,17.7
"2026/02/10","2026/02/13","5902","ホッカンＨＤ","東証およびＰＴＳ",,"確報",400,100,3400,400,100,3400,0,931200,232800,7915200,931200,232800,7915200,0,,,0,0,27900,0,0,27900,5.9,3.5,12.6,5.5,3.8,19.6,6.3
"2026/02/10","2026/02/13","5903","シンポ","東証およびＰＴＳ",,"確報",0,0,300,0,0,0,300,0,0,357600,0,0,0,357600,,,0,0,0,900,0,0,0,0,0,0,0,0,0
"2026/02/10","2026/02/13","5905","日本製罐","東証およびＰＴＳ",,"確報",100,0,2700,0,0,0,2700,131500,0,3550500,0,0,0,3550500,,,0,0,0,41600,0,0,51.2,64,42.7,51.2,0,0,0
"2026/02/10","2026/02/13","5906","エムケー精工","東証およびＰＴＳ",,"確報",300,500,15300,0,0,0,15300,273900,456500,13968900,0,0,0,13968900,,,0,0,46500,0,0,0,21.1,22.3,19.9,21.1,0,0,0
"2026/02/10","2026/02/13","5909","コロナ","東証およびＰＴＳ",,"確報",0,0,100,0,0,0,100,0,0,97900,0,0,0,97900,,,0,0,100,0,0,0,4,6,3,4,0,0,0
"2026/02/10","2026/02/13","5911","横河ブリッジＨＤ","東証およびＰＴＳ",,"確報",200,0,12200,0,400,14800,-2600,646000,0,39406000,0,1292000,47804000,-8398000,,,0,0,0,0,0,0,5.5,3.5,2.4,2.8,142.2,12,22.2
"2026/02/10","2026/02/13","5915","駒井ハルテック","東証およびＰＴＳ",,"確報",0,0,1900,100,100,1900,0,0,0,4060300,213700,213700,4060300,0,,,0,0,0,41800,41800,0,19.5,11.1,0,22.3,9.8,78,17.3
"2026/02/10","2026/02/13","5918","瀧上工業","東証およびＰＴＳ",,"確報",0,0,100,0,0,0,100,0,0,720000,0,0,0,720000,,,0,0,0,0,0,0,0,0,0,0,0,0,0
"2026/02/10","2026/02/13","5921","川岸工業","東証およびＰＴＳ",,"確報",500,0,1500,0,0,0,1500,2232500,0,6697500,0,0,0,6697500,,,0,0,55000,0,0,0,8,6,12,8,0,0,0
"2026/02/10","2026/02/13","5922","那須電機鉄工","東証およびＰＴＳ",,"確報",0,0,0,0,0,0,0,0,0,0,0,0,0,0,,,0,0,0,0,0,0,0,0,0,0,0,0,0
"2026/02/10","2026/02/13","5923","高田機工","東証およびＰＴＳ",,"確報",0,300,1300,0,0,0,1300,0,391200,1695200,0,0,0,1695200,,,0,0,0,14400,0,0,51.3,0,25.7,51.3,0,0,0
"2026/02/10","2026/02/13","5928","アルメタックス","東証およびＰＴＳ",,"確報",2000,0,10700,0,300,3100,7600,566000,0,3028100,0,84900,877300,2150800,,,0,0,34800,0,0,13600,32.3,19.5,89.6,32,0,16.5,33.1
"2026/02/10","2026/02/13","5929","三和ホールディングス","東証およびＰＴＳ",,"確報",100,200,7600,200,0,200,7400,385200,770400,29275200,770400,0,770400,28504800,,,0,0,508200,0,0,0,13.6,15.7,12.8,14.1,1,0,2
"2026/02/10","2026/02/13","5930","文化シヤッター","東証およびＰＴＳ",,"確報",100,500,11100,0,0,0,11100,209600,1048000,23265600,0,0,0,23265600,,,0,0,241500,0,0,0,58.7,55.8,62,58.7,0,0,0
"2026/02/10","2026/02/13","5932","三協立山","東証およびＰＴＳ",,"確報",0,200,21000,0,200,21000,0,0,137800,14469000,0,137800,14469000,0,,,0,0,445200,0,0,445200,106.3,118.1,96.6,106.3,118.1,96.6,106.3
"2026/02/10","2026/02/13","5933","アルインコ","東証およびＰＴＳ",,"確報",0,5000,8600,0,0,0,8600,0,5690000,9786800,0,0,0,9786800,,,0,0,27200,0,0,0,21.5,317.5,11.1,21.5,0,0,0
"2026/02/10","2026/02/13","5936","東洋シヤッター","東証およびＰＴＳ",,"確報",100,0,2600,0,0,0,2600,95300,0,2477800,0,0,0,2477800,,,0,0,0,7500,0,0,13.6,62.5,0,125,2.6,1.5,1.9
"2026/02/10","2026/02/13","5938","ＬＩＸＩＬ","東証およびＰＴＳ",,"確報",1100,0,39700,1200,0,2100,37600,2076250,0,74933750,2265000,0,3963750,70970000,,,0,0,270200,0,0,6300,13.8,35.2,9.3,14.7,1.9,11,3.3
"2026/02/10","2026/02/13","5939","大谷工業","東証およびＰＴＳ",,"確報",100,0,3800,0,0,0,3800,795000,0,30210000,0,0,0,30210000,,,0,0,185000,0,0,0,33.3,22.9,61,33.3,0,0,0
"2026/02/10","2026/02/13","5940","不二サッシ","東証およびＰＴＳ",,"確報",600,0,20600,0,0,0,20600,616200,0,21156200,0,0,0,21156200,,,0,0,340000,0,0,0,47.6,33.3,83.3,47.6,0,0,0
"2026/02/10","2026/02/13","5941","中西製作所","東証およびＰＴＳ",,"確報",0,0,300,0,0,200,100,0,0,824400,0,0,549600,274800,,,0,0,9600,0,0,6400,17.3,0,18,36,4,0,8
"2026/02/10","2026/02/13","5942","日本フイルコン","東証およびＰＴＳ",,"確報",0,4400,28100,0,0,0,28100,0,2508000,16017000,0,0,0,16017000,,,0,0,162500,0,0,0,64.4,1578,32.9,64.4,0,0,0
"2026/02/10","2026/02/13","5943","ノーリツ","東証およびＰＴＳ",,"確報",1900,100,7000,0,0,73300,-66300,4126800,217200,15204000,0,0,159207600,-144003600,,,0,0,104000,0,0,1466000,57.1,4.7,11.3,6.7,77.6,202.7,112.3
"2026/02/10","2026/02/13","5945","天龍製鋸","東証およびＰＴＳ",,"確報",0,0,100,0,0,0,100,0,0,235800,0,0,0,235800,,,0,0,2100,0,0,0,0,0,0,0,0,0,0
"2026/02/10","2026/02/13","5946","長府製作所","東証およびＰＴＳ",,"確報",0,0,421400,100,0,65300,356100,0,0,876090600,207900,0,135758700,740331900,,,0,0,18541600,0,0,2868800,18.2,0,8.3,16.5,3422,29.8,59
"2026/02/10","2026/02/13","5947","リンナイ","東証およびＰＴＳ",,"確報",1700,0,3600,500,4400,9200,-5600,7327000,0,15516000,2155000,18964000,39652000,-24136000,,,0,0,9500,0,0,65500,12.5,4.5,34.7,8,48.6,8,13.7
"2026/02/10","2026/02/13","5949","ユニプレス","東証およびＰＴＳ",,"確報",0,400,17200,1000,0,4900,12300,0,592000,25456000,1480000,0,7252000,18204000,,,0,0,422400,0,0,93600,56.6,438.5,146.2,219.3,11.7,15.3,13.3
"2026/02/10","2026/02/13","5950","日本パワー","東証およびＰＴＳ",,"確報",0,800,5400,0,0,0,5400,0,153600,1036800,0,0,0,1036800,,,0,0,6200,0,0,0,13.8,22.2,10,13.8,0,0,0
"2026/02/10","2026/02/13","5951","ダイニチ工業","東証およびＰＴＳ",,"確報",0,100,12400,0,200,2300,10100,0,91600,11358400,0,183200,2106800,9251600,,,0,0,0,187500,37500,0,213.7,0,312,624,0,24.8,49.6
"2026/02/10","2026/02/13","5952","アマテイ","東証およびＰＴＳ",,"確報",0,3800,16300,0,0,0,16300,0,786600,3374100,0,0,0,3374100,,,0,0,0,201000,0,0,18.6,16.5,21.2,18.6,0,0,0
"2026/02/10","2026/02/13","5955","ワイズＨＤ","東証およびＰＴＳ",,"確報",110100,45500,968900,65600,1000,968900,0,15083700,6233500,132739300,8987200,137000,132739300,0,,,0,0,9043000,0,0,9043000,6,4.9,43.2,8.8,2,964.8,4
"2026/02/10","2026/02/13","5956","トーソー","東証およびＰＴＳ",,"確報",0,1400,3300,200,0,4900,-1600,0,926800,2184600,132400,0,3243800,-1059200,,,0,0,112800,0,0,112800,23.8,22.4,11.9,15.5,83.3,27.8,41.7
"2026/02/10","2026/02/13","5957","日東精工","東証およびＰＴＳ",,"確報",500,0,688700,0,3200,14100,674600,382000,0,526166800,0,2444800,10772400,515394400,,,0,0,9634800,0,0,242200,690.2,4303.4,3442.7,3825.2,25.8,14.3,18.4
"2026/02/10","2026/02/13","5958","三洋工業","東証およびＰＴＳ",,"確報",100,0,200,200,0,200,0,469500,0,939000,939000,0,939000,0,,,0,0,19500,0,0,0,2.6,2.8,3.5,3.1,1.9,2.6,2.2
"2026/02/10","2026/02/13","5959","岡部","東証およびＰＴＳ",,"確報",500,0,16400,1000,0,9500,6900,505000,0,16564000,1010000,0,9595000,6969000,,,0,0,95400,0,0,51000,62.2,73.1,61.8,67,33.8,146.3,54.9
"2026/02/10","2026/02/13","5962","浅香工業","東証およびＰＴＳ",,"確報",0,100,600,0,0,0,600,0,179900,1079400,0,0,0,1079400,,,0,0,700,0,0,0,32,32,32,32,0,0,0
"2026/02/10","2026/02/13","5965","フジマック","東証およびＰＴＳ",,"確報",100,0,3600,0,0,0,3600,111900,0,4028400,0,0,0,4028400,,,0,0,42000,0,0,0,352,176,0,352,0,0,0
"2026/02/10","2026/02/13","5966","京都機械工具","東証およびＰＴＳ",,"確報",0,100,500,0,0,0,500,0,251000,1255000,0,0,0,1255000,,,0,0,0,6000,0,0,29,29,29,29,0,0,0
"2026/02/10","2026/02/13","5967","ＴＯＮＥ","東証およびＰＴＳ",,"確報",300,200,7700,0,0,0,7700,146700,97800,3765300,0,0,0,3765300,,,0,0,22800,0,0,0,17.6,10.9,46.6,17.6,0,0,0
"2026/02/10","2026/02/13","5969","ロブテックス","東証およびＰＴＳ",,"確報",0,0,200,0,0,0,200,0,0,249000,0,0,0,249000,,,0,0,4800,0,0,0,6,12,4,6,0,0,0
"2026/02/10","2026/02/13","5970","ジーテクト","東証およびＰＴＳ",,"確報",500,0,24400,1800,0,5900,18500,1010500,0,49312400,3637800,0,11923900,37388500,,,0,0,884300,0,0,151700,13.4,109.1,9.7,17.8,3.2,13,5.1
"2026/02/10","2026/02/13","5971","共和工業所","東証およびＰＴＳ",,"確報",0,0,600,0,0,0,600,0,0,4356000,0,0,0,4356000,,,0,0,30000,0,0,0,60,0,30,60,0,0,0
"2026/02/10","2026/02/13","5973","トーアミ","東証およびＰＴＳ",,"確報",0,0,2000,0,0,0,2000,0,0,1140000,0,0,0,1140000,,,0,0,18000,0,0,0,3.3,2.5,4.8,3.3,0,0,0
"2026/02/10","2026/02/13","5974","中国工業","東証およびＰＴＳ",,"確報",0,100,600,0,0,0,600,0,82500,495000,0,0,0,495000,,,0,0,2100,0,0,0,14.7,44,8.8,14.7,0,0,0
"2026/02/10","2026/02/13","5975","東プレ","東証およびＰＴＳ",,"確報",0,0,2700,0,100,600,2100,0,0,7352100,0,272300,1633800,5718300,,,0,0,75600,0,0,19600,30.4,33.3,66.5,44.3,34,8.5,13.6
"2026/02/10","2026/02/13","5976","高周波熱錬","東証およびＰＴＳ",,"確報",10300,200,28600,0,4300,30400,-1800,14677500,285000,40755000,0,6127500,43320000,-2565000,,,0,0,333000,0,0,624600,13.2,5.3,11.9,7.3,115.3,14,24.9
"2026/02/10","2026/02/13","5981","東京製綱","東証およびＰＴＳ",,"確報",0,0,6700,0,100,2100,4600,0,0,11785300,0,175900,3693900,8091400,,,0,0,127300,0,0,41800,24.6,40.9,20.4,27.3,11.5,46,18.4
"2026/02/10","2026/02/13","5982","マルゼン","東証およびＰＴＳ",,"確報",0,0,400,0,0,0,400,0,0,1608000,0,0,0,1608000,,,0,0,34000,0,0,0,5,4,6.7,5,0,0,0
"2026/02/10","2026/02/13","5983","イワブチ","東証およびＰＴＳ",,"確報",0,0,800,0,0,0,800,0,0,10208000,0,0,0,10208000,,,0,0,280000,0,0,0,0,0,0,0,0,0,0
"2026/02/10","2026/02/13","5984","兼房","東証およびＰＴＳ",,"確報",200,0,600,0,0,0,600,169800,0,509400,0,0,0,509400,,,0,0,14400,0,0,0,11.5,7.7,23,11.5,0,0,0
"2026/02/10","2026/02/13","5985","サンコール","東証およびＰＴＳ",,"確報",3200,100,186200,100,0,100,186100,3356800,104900,195323800,104900,0,104900,195218900,,,0,0,6225400,0,0,0,78.1,53.4,163.1,80.5,1,1.3,1.1
"2026/02/10","2026/02/13","5986","モリテック　スチール","東証およびＰＴＳ",,"確報",5900,13600,28600,0,0,0,28600,1309800,3019200,6349200,0,0,0,6349200,,,0,0,399300,0,0,0,11.8,12.7,11,11.8,0,0,0
"2026/02/10","2026/02/13","5987","オーネックス","東証およびＰＴＳ",,"確報",0,0,1300,0,0,0,1300,0,0,2229500,0,0,0,2229500,,,0,0,0,0,0,0,130,0,65,130,0,0,0
"2026/02/10","2026/02/13","5988","パイオラックス","東証およびＰＴＳ",,"確報",100,600,27000,100,200,89900,-62900,180400,1082400,48708000,180400,360800,162179600,-113471600,,,0,0,302500,0,0,990000,159.8,87.7,36.9,52,4511,237.4,451.1
"2026/02/10","2026/02/13","5989","エイチワン","東証およびＰＴＳ",,"確報",600,500,24700,0,0,0,24700,897600,748000,36951200,0,0,0,36951200,,,0,0,196800,0,0,0,60.5,44.8,93.1,60.5,0,0,0
"2026/02/10","2026/02/13","5990","スーパーツール","東証およびＰＴＳ",,"確報",0,0,200,0,0,0,200,0,0,398000,0,0,0,398000,,,0,0,0,0,0,0,0,0,0,0,0,0,0
"2026/02/10","2026/02/13","5991","日本発条","東証およびＰＴＳ",,"確報",1800,700,22700,1800,800,43300,-20600,5637600,2192400,71096400,5637600,2505600,135615600,-64519200,,,0,0,1641600,0,0,3214800,17.2,15.4,12.4,13.7,26.4,16.1,20
"2026/02/10","2026/02/13","5992","中央発條","東証およびＰＴＳ",,"確報",0,100,1033500,400,600,43000,990500,0,356000,3679260000,1424000,2136000,153080000,3526180000,,,0,0,36176000,0,0,1512000,80,40.9,8406.2,81.5,123.3,37,56.9
"2026/02/10","2026/02/13","5994","ファインシンター","東証およびＰＴＳ",,"確報",500,0,9400,0,0,0,9400,998000,0,18762400,0,0,0,18762400,,,0,0,453900,0,0,0,34.3,43.6,28.2,34.3,0,0,0
"2026/02/10","2026/02/13","5997","協立エアテック","東証およびＰＴＳ",,"確報",0,0,700,0,0,0,700,0,0,531300,0,0,0,531300,,,0,0,1400,0,0,0,0,0,0,0,0,0,0
"2026/02/10","2026/02/13","5998","アドバネクス","東証およびＰＴＳ",,"確報",400,200,6800,0,0,0,6800,893200,446600,15184400,0,0,0,15184400,,,0,0,303600,0,0,0,44.6,26,156,44.6,0,0,0
"2026/02/10","2026/02/13","6005","三浦工業","東証およびＰＴＳ",,"確報",3500,1400,22900,2400,300,22900,0,12271000,4908400,80287400,8414400,1051800,80287400,0,,,0,0,2204800,0,0,2204800,14.4,7.8,13,9.7,16.2,94.3,27.7
"2026/02/10","2026/02/13","6013","タクマ","東証およびＰＴＳ",,"確報",200,0,4600,1300,400,3700,900,528400,0,12153200,3434600,1056800,9775400,2377800,,,0,0,145200,0,0,92400,9.7,51.2,17.1,25.6,5.9,4.4,5
"2026/02/10","2026/02/13","6016","ジャパンエンジン","東証およびＰＴＳ",,"確報",2200,21200,15100,0,0,0,15100,31614000,304644000,216987000,0,0,0,216987000,,,0,0,12617000,0,0,0,3.6,3.7,3.4,3.6,0,0,0
"2026/02/10","2026/02/13","6018","阪神内燃機工業","東証およびＰＴＳ",,"確報",100,0,700,0,0,0,700,452000,0,3164000,0,0,0,3164000,,,0,0,81000,0,0,0,28,14,0,28,0,0,0
"2026/02/10","2026/02/13","6022","赤阪鐵工所","東証およびＰＴＳ",,"確報",0,100,1000,0,0,0,1000,0,473000,4730000,0,0,0,4730000,,,0,0,181500,0,0,0,108,0,54,108,0,0,0
"2026/02/10","2026/02/13","6023","ダイハツインフィ","東証およびＰＴＳ",,"確報",5000,79900,50900,0,900,3200,47700,12765000,203984700,129947700,0,2297700,8169600,121778100,,,0,0,1006400,0,0,32800,3.1,4.6,2.3,3.1,4.7,10,6.4
"2026/02/10","2026/02/13","6027","弁護士ドットコム","東証およびＰＴＳ",,"確報",6400,0,111000,100,1800,441600,-330600,16608000,0,288045000,259500,4671000,1145952000,-857907000,,,0,0,7949600,0,0,33690800,37.8,22,13.7,16.9,31.5,246.3,55.8
"2026/02/10","2026/02/13","6029","アトラグループ","東証およびＰＴＳ",,"確報",2700,3100,70900,0,0,0,70900,456300,523900,11982100,0,0,0,11982100,,,0,0,285200,0,0,0,21.2,20.6,21.8,21.2,0,0,0
"2026/02/10","2026/02/13","6030","アドベンチャー","東証およびＰＴＳ",,"確報",0,0,45100,0,0,0,45100,0,0,80458400,0,0,0,80458400,,,0,0,3788400,0,0,0,27,14.1,349.2,27,0,0,0
"2026/02/10","2026/02/13","6031","ＺＥＴＡ","東証およびＰＴＳ",,"確報",110000,0,170800,114200,700,170800,0,33770000,0,52435600,35059400,214900,52435600,0,,,0,0,0,3100800,2922300,0,4.9,2.9,12.2,4.7,3,16.6,5.1
"2026/02/10","2026/02/13","6033","エクストリーム","東証およびＰＴＳ",,"確報",0,200,5700,0,0,0,5700,0,277600,7911600,0,0,0,7911600,,,0,0,153400,0,0,0,45.7,74.3,37.1,49.5,0,0,0
"2026/02/10","2026/02/13","6034","ＭＲＴ","東証およびＰＴＳ",,"確報",0,0,1800,0,100,1300,500,0,0,1162800,0,64600,839800,323000,,,0,0,19800,0,0,15400,21.6,97,19.4,32.3,87,8.7,15.8
"2026/02/10","2026/02/13","6035","ＩＲジャパンＨＤ","東証およびＰＴＳ",,"確報",200,17800,60700,0,2500,98000,-37300,176000,15664000,53416000,0,2200000,86240000,-32824000,,,0,0,2035800,0,0,2613000,26.5,17.8,9.4,12.3,311.6,92.3,142.5
"2026/02/10","2026/02/13","6036","ＫｅｅＰｅｒ技研","東証およびＰＴＳ",,"確報",0,4700,50200,7300,0,24800,25400,0,15980000,170680000,24820000,0,84320000,86360000,,,0,0,9882000,0,0,3150000,25,546.2,31,58.7,6.5,21,9.9
"2026/02/10","2026/02/13","6037","楽待","東証およびＰＴＳ",,"確報",100,1500,29000,0,1400,29000,0,105800,1587000,30682000,0,1481200,30682000,0,,,0,0,425600,0,0,425600,25.6,16.2,24,19.3,27.5,62,38.1
"2026/02/10","2026/02/13","6038","イード","東証およびＰＴＳ",,"確報",0,0,1400,100,100,900,500,0,0,1346800,96200,96200,865800,481000,,,0,0,4200,0,0,2700,23.6,71,71,71,5.8,35,10
"2026/02/10","2026/02/13","6039","日本動物高度医療","東証およびＰＴＳ",,"確報",700,0,25400,0,0,0,25400,876400,0,31800800,0,0,0,31800800,,,0,0,419900,0,0,0,75.8,50.5,151.5,75.8,0,0,0
"2026/02/10","2026/02/13","6040","日本スキー場開発","東証およびＰＴＳ",,"確報",2100,0,29300,0,0,0,29300,1056300,0,14737900,0,0,0,14737900,,,0,0,0,0,0,0,36.2,35.3,37.1,36.2,0,0,0
"2026/02/10","2026/02/13","6042","ニッキ","東証およびＰＴＳ",,"確報",0,0,200,0,0,0,200,0,0,842000,0,0,0,842000,,,0,0,0,2000,0,0,22,0,11,22,0,0,0
"2026/02/10","2026/02/13","6044","三機サービス","東証およびＰＴＳ",,"確報",0,0,3400,0,0,0,3400,0,0,5946600,0,0,0,5946600,,,0,0,0,0,0,0,342,0,171,342,0,0,0
"2026/02/10","2026/02/13","6045","レントラックス","東証およびＰＴＳ",,"確報",100,500,12900,100,500,12900,0,184500,922500,23800500,184500,922500,23800500,0,,,0,0,226100,0,0,226100,31.1,22.8,45.5,30.3,23.6,49,31.9
"2026/02/10","2026/02/13","6046","リンクバル","東証およびＰＴＳ",,"確報",39000,200500,225700,0,161500,225700,0,8190000,42105000,47397000,0,33915000,47397000,0,,,0,0,13164800,0,0,13164800,14.6,36,7.6,12.5,193.7,9.1,17.5
"2026/02/10","2026/02/13","6047","Ｇｕｎｏｓｙ","東証およびＰＴＳ",,"確報",1000,5100,243400,0,4100,243400,0,571000,2912100,138981400,0,2341100,138981400,0,,,0,0,2227500,0,0,2227500,111.8,116,86.2,98.9,159.1,107.9,128.6
"2026/02/10","2026/02/13","6049","イトクロ","東証およびＰＴＳ",,"確報",300,300,3000,0,0,0,3000,75900,75900,759000,0,0,0,759000,,,0,0,3000,0,0,0,22.7,26.5,19.9,22.7,0,0,0
"2026/02/10","2026/02/13","6050","イー・ガーディアン","東証およびＰＴＳ",,"確報",500,1200,33500,0,400,169200,-135700,827500,1986000,55442500,0,662000,280026000,-224583500,,,0,0,136800,0,0,678400,20.4,16.3,21.5,18.5,80.2,11.9,20.7
"2026/02/10","2026/02/13","6054","リブセンス","東証およびＰＴＳ",,"確報",600,1500,40600,0,900,40600,0,75000,187500,5075000,0,112500,5075000,0,,,0,0,41500,0,0,41500,6.7,3.8,11.4,5.7,4.5,35.6,8
"2026/02/10","2026/02/13","6055","ジャパンマテリアル","東証およびＰＴＳ",,"確報",7600,366800,193300,0,7000,30400,162900,13512800,652170400,343687400,0,12446000,54051200,289636200,,,0,0,26520000,0,0,1795200,2.9,4.3,2,2.8,12.3,5,7.1
"2026/02/10","2026/02/13","6058","ベクトル","東証およびＰＴＳ",,"確報",500,9000,17900,100,0,1600,16300,738000,13284000,26420400,147600,0,2361600,24058800,,,0,0,158400,0,0,9000,3.3,11.3,1.9,3.2,5.7,2.8,3.7
"2026/02/10","2026/02/13","6059","ウチヤマＨＤ","東証およびＰＴＳ",,"確報",200,0,4200,0,500,3100,1100,80000,0,1680000,0,200000,1240000,440000,,,0,0,4000,0,0,3600,15.6,70.3,35.2,46.9,6.4,10.1,7.8
"2026/02/10","2026/02/13","6061","ユニバーサル園芸社","東証およびＰＴＳ",,"確報",0,0,700,0,0,0,700,0,0,2233000,0,0,0,2233000,,,0,0,28000,0,0,0,13.6,17,11.3,13.6,0,0,0
"2026/02/10","2026/02/13","6062","チャームケアコーポ","東証およびＰＴＳ",,"確報",500,7600,43200,0,7100,43200,0,700000,10640000,60480000,0,9940000,60480000,0,,,0,0,0,0,0,0,15.2,10.6,20.4,14,12.1,26.3,16.5
"2026/02/10","2026/02/13","6063","日本エマージェンシー","東証およびＰＴＳ",,"確報",0,700,100,0,0,0,100,0,697200,99600,0,0,0,99600,,,0,0,18400,0,0,0,2.2,2.6,1.9,2.2,0,0,0
"2026/02/10","2026/02/13","6069","トレンダーズ","東証およびＰＴＳ",,"確報",100,0,11500,0,200,200,11300,103000,0,11845000,0,206000,206000,11639000,,,0,0,262200,0,0,9200,56.6,39.9,0,79.9,1.8,3.5,2.3
"2026/02/10","2026/02/13","6070","キャリアリンク","東証およびＰＴＳ",,"確報",0,300,6200,100,0,300,5900,0,822300,16994200,274100,0,822300,16171900,,,0,0,71500,0,0,2200,55,107.3,46,64.4,4,0,8
"2026/02/10","2026/02/13","6071","ＩＢＪ","東証およびＰＴＳ",,"確報",200,12300,39100,100,12200,39100,0,147800,9089700,28894900,73900,9015800,28894900,0,,,0,0,358400,0,0,358400,14.2,11.9,10.9,11.4,20.5,17.8,19.1
"2026/02/10","2026/02/13","6072","地盤ネットＨＤ","東証およびＰＴＳ",,"確報",21700,104700,245300,6000,1000,566200,-320900,5381600,25965600,60834400,1488000,248000,140417600,-79583200,,,0,0,16415000,0,0,28060000,8.8,4.7,2.7,3.4,166,52.3,79.5
"2026/02/10","2026/02/13","6073","アサンテ","東証およびＰＴＳ",,"確報",200,100,4800,300,1800,16900,-12100,322600,161300,7742400,483900,2903400,27259700,-19517300,,,0,0,0,9400,36800,0,23.8,11.2,9.6,10.3,52.9,31,39.1
"2026/02/10","2026/02/13","6074","ジェイエスエス","東証およびＰＴＳ",,"確報",0,0,600,0,0,0,600,0,0,333000,0,0,0,333000,,,0,0,0,1800,0,0,0,0,0,0,0,0,0
"2026/02/10","2026/02/13","6078","バリューＨＲ","東証およびＰＴＳ",,"確報",500,800,13500,200,4800,174100,-160600,708000,1132800,19116000,283200,6796800,246525600,-227409600,,,0,0,0,96600,1250900,0,86.9,38.4,26.6,31.4,570.3,55,100.3
"2026/02/10","2026/02/13","6080","Ｍ＆Ａキャピタル","東証およびＰＴＳ",,"確報",0,9100,21100,800,6400,56900,-35800,0,31895500,73955500,2804000,22432000,199434500,-125479000,,,0,0,1057000,0,0,2187500,13.2,10.4,10.4,10.4,11.9,20.7,15.1
"2026/02/10","2026/02/13","6081","アライドアーキテクツ","東証およびＰＴＳ",,"確報",21300,28500,252200,0,7200,252200,0,8136600,10887000,96340400,0,2750400,96340400,0,,,0,0,12970000,0,0,12970000,22.6,22.1,12.2,15.7,150.4,23,39.9
"2026/02/10","2026/02/13","6082","ライドオンＥＸＨＤ","東証およびＰＴＳ",,"確報",100,100,3100,0,0,0,3100,104500,104500,3239500,0,0,0,3239500,,,0,0,0,0,0,0,53.7,80.5,40.3,53.7,0,0,0
"2026/02/10","2026/02/13","6083","ＥＲＩ　ＨＤ","東証およびＰＴＳ",,"確報",300,0,8000,300,0,8000,0,1384500,0,36920000,1384500,0,36920000,0,,,0,0,1309000,0,0,1309000,21.8,11.9,31.8,17.3,16.6,127,29.3
"2026/02/10","2026/02/13","6085","アーキテクツＳＪ","東証およびＰＴＳ",,"確報",2700,2100,5700,0,0,0,5700,2335500,1816500,4930500,0,0,0,4930500,,,0,0,765000,0,0,0,3.4,2.9,4.2,3.4,0,0,0
"2026/02/10","2026/02/13","6086","シンメンテＨＤ","東証およびＰＴＳ",,"確報",0,0,11100,0,0,0,11100,0,0,13530900,0,0,0,13530900,,,0,0,0,0,0,0,281,562,187.3,281,0,0,0
"2026/02/10","2026/02/13","6087","アビスト","東証およびＰＴＳ",,"確報",0,0,1200,0,0,0,1200,0,0,4098000,0,0,0,4098000,,,0,0,0,0,0,0,0,0,0,0,0,0,0
"2026/02/10","2026/02/13","6088","シグマクシスＨＤ","東証およびＰＴＳ",,"確報",3100,6200,39500,300,3800,6000,33500,2154500,4309000,27452500,208500,2641000,4170000,23282500,,,0,0,979800,0,0,218500,13.1,31.7,15.8,21.1,5.8,4.7,5.2
"2026/02/10","2026/02/13","6089","ウィルグループ","東証およびＰＴＳ",,"確報",200,4900,45700,900,300,4700,41000,252600,6188700,57719100,1136700,378900,5936100,51783000,,,0,0,2318400,0,0,188600,4.3,2.2,14.4,3.8,11.5,27.9,16.3
"2026/02/10","2026/02/13","6090","ヒューマンＭＴ","東証およびＰＴＳ",,"確報",100,0,4400,0,0,0,4400,70200,0,3088800,0,0,0,3088800,,,0,0,25800,0,0,0,87.6,109.5,73,87.6,0,0,0
"2026/02/10","2026/02/13","6091","ウエスコＨＤ","東証およびＰＴＳ",,"確報",200,0,2900,0,0,500,2400,170400,0,2470800,0,0,426000,2044800,,,0,0,13500,0,0,2500,14.6,9.8,128,18.3,3.6,18,6
"2026/02/10","2026/02/13","6092","エンバイオＨＤ","東証およびＰＴＳ",,"確報",100,0,6200,0,0,0,6200,62700,0,3887400,0,0,0,3887400,,,0,0,12200,0,0,0,29.6,185,16.1,29.6,0,0,0
"2026/02/10","2026/02/13","6093","エスクローＡＪ","東証およびＰＴＳ",,"確報",1600,4900,187900,0,3300,187900,0,316800,970200,37204200,0,653400,37204200,0,,,0,0,0,191200,191200,0,25.8,17.1,28.6,21.4,23.5,52.8,32.5
"2026/02/10","2026/02/13","6094","フリークアウト・ホー","東証およびＰＴＳ",,"確報",100,0,1300,0,0,0,1300,55800,0,725400,0,0,0,725400,,,0,0,4800,0,0,0,10.8,6.8,27,10.8,0,0,0
"2026/02/10","2026/02/13","6096","レアジョブ","東証およびＰＴＳ",,"確報",0,0,5100,100,0,3300,1800,0,0,1698300,33300,0,1098900,599400,,,0,0,10200,0,0,6400,82.2,0,0,0,26,39,31.2
"2026/02/10","2026/02/13","6098","リクルートＨＤ","東証およびＰＴＳ",,"確報",40100,1200,268400,2300,2600,9100,259300,295136000,8832000,1975424000,16928000,19136000,66976000,1908448000,,,0,0,47506500,0,0,1945800,9.8,5.7,72.6,10.5,2.1,2.3,2.2
"2026/02/10","2026/02/13","6099","エラン","東証およびＰＴＳ",,"確報",3300,2600,83200,9800,0,93400,-10200,2349600,1851200,59238400,6977600,0,66500800,-7262400,,,0,0,1485000,0,0,1504800,7.8,4.8,20,7.7,4.1,91.7,7.8
"2026/02/10","2026/02/13","6101","ツガミ","東証およびＰＴＳ",,"確報",1800,0,6400,0,600,900,5500,6489000,0,23072000,0,2163000,3244500,19827500,,,0,0,483000,0,0,157500,6.6,5.7,7.6,6.5,8.1,6.2,7
"2026/02/10","2026/02/13","6103","オークマ","東証およびＰＴＳ",,"確報",11100,0,17300,200,500,33200,-15900,50782500,0,79147500,915000,2287500,151890000,-72742500,,,0,0,961000,0,0,5192500,9.8,2.3,5.4,3.2,16.3,33.7,22
"2026/02/10","2026/02/13","6104","芝浦機械","東証およびＰＴＳ",,"確報",0,5100,6700,0,3600,9400,-2700,0,21955500,28843500,0,15498000,40467000,-11623500,,,0,0,767000,0,0,845000,13.4,26.3,8.5,12.9,62.4,7.8,13.9
"2026/02/10","2026/02/13","6113","アマダ","東証およびＰＴＳ",,"確報",8500,3200,13700,1800,4500,33800,-20100,19669000,7404800,31701800,4165200,10413000,78213200,-46511400,,,0,0,0,8400,36500,0,8.4,4.1,4.2,4.1,11.9,28.2,16.7
"2026/02/10","2026/02/13","6118","アイダエンジニア","東証およびＰＴＳ",,"確報",15400,11700,49700,2700,1300,91400,-41700,19819800,15057900,63963900,3474900,1673100,117631800,-53667900,,,0,0,1380000,0,0,2700000,34.2,13.6,17.1,15.2,76.9,126.1,95.6
"2026/02/10","2026/02/13","6125","岡本工作機械製作所","東証およびＰＴＳ",,"確報",700,600,133500,0,0,0,133500,3745000,3210000,714225000,0,0,0,714225000,,,0,0,25346000,0,0,0,349.5,237.2,664.1,349.5,0,0,0
"2026/02/10","2026/02/13","6134","ＦＵＪＩ","東証およびＰＴＳ",,"確報",4000,0,11900,4300,300,11900,0,16652000,0,49539700,17900900,1248900,49539700,0,,,0,0,1311400,0,0,1311400,7.3,6.1,14.4,8.6,4.7,9.3,6.3
"2026/02/10","2026/02/13","6135","牧野フライス製作所","東証およびＰＴＳ",,"確報",12200,100,43100,0,0,0,43100,142252000,1166000,502546000,0,0,0,502546000,,,0,0,0,930000,0,0,15.1,13.3,17.4,15.1,0,0,0
"2026/02/10","2026/02/13","6136","オーエスジー","東証およびＰＴＳ",,"確報",500,200,4600,300,0,4600,0,1371500,548600,12617800,822900,0,12617800,0,,,0,0,70950,0,0,70950,7,7.3,4,5.2,13.6,10.3,11.7
"2026/02/10","2026/02/13","6137","小池酸素工業","東証およびＰＴＳ",,"確報",100,1000,2600,0,2100,1400,1200,200800,2008000,5220800,0,4216800,2811200,2409600,,,0,0,182000,0,0,182000,7.9,13,5.5,7.7,38.8,4.6,8.2
"2026/02/10","2026/02/13","6138","ダイジヱット工業","東証およびＰＴＳ",,"確報",2100,0,6500,0,0,0,6500,2297400,0,7111000,0,0,0,7111000,,,0,0,0,17600,0,0,6.4,3.3,81.5,6.4,0,0,0
"2026/02/10","2026/02/13","6140","旭ダイヤモンド工業","東証およびＰＴＳ",,"確報",15000,146400,144900,2100,0,112100,32800,14850000,144936000,143451000,2079000,0,110979000,32472000,,,0,0,3039300,0,0,1210000,5.5,4.7,2.9,3.6,19.7,37.4,25.8
"2026/02/10","2026/02/13","6141","ＤＭＧ森精機","東証およびＰＴＳ",,"確報",2400,12900,53900,0,10500,53900,0,7776000,41796000,174636000,0,34020000,174636000,0,,,0,0,8178800,0,0,8178800,14.6,17.3,8.6,11.5,18.6,24.3,21.1
"2026/02/10","2026/02/13","6143","ソディック","東証およびＰＴＳ",,"確報",10700,1300,40500,9400,0,40500,0,12668800,1539200,47952000,11129600,0,47952000,0,,,0,0,1337300,0,0,1337300,7.6,5.3,4.9,5.1,11.3,27.8,16.1
"2026/02/10","2026/02/13","6144","西部電機","東証およびＰＴＳ",,"確報",0,100,8400,0,0,0,8400,0,278300,23377200,0,0,0,23377200,,,0,0,0,59500,0,0,107.5,143.3,86,107.5,0,0,0
"2026/02/10","2026/02/13","6145","ＮＩＴＴＯＫＵ","東証およびＰＴＳ",,"確報",200,1500,15300,0,0,0,15300,483600,3627000,36995400,0,0,0,36995400,,,0,0,1245000,0,0,0,22.3,15.1,42.6,22.3,0,0,0
"2026/02/10","2026/02/13","6146","ディスコ","東証およびＰＴＳ",,"確報",1600,2100,8200,27800,69500,326200,-318000,120592000,158277000,618034000,2095286000,5238215000,24585694000,-23967660000,,,0,0,27318000,0,0,1155206000,2.7,3.6,2.7,3.1,2,3.9,2.6
"2026/02/10","2026/02/13","6147","ヤマザキ","東証およびＰＴＳ",,"確報",0,0,800,0,0,0,800,0,0,268800,0,0,0,268800,,,0,0,0,2400,0,0,4.4,20,2.5,4.4,0,0,0
"2026/02/10","2026/02/13","6149","小田原エンジニア","東証およびＰＴＳ",,"確報",0,0,14600,0,0,0,14600,0,0,33258800,0,0,0,33258800,,,0,0,978200,0,0,0,134.2,147.6,123,134.2,0,0,0
"2026/02/10","2026/02/13","6150","タケダ機械","東証およびＰＴＳ",,"確報",800,0,1600,0,0,0,1600,2664000,0,5328000,0,0,0,5328000,,,0,0,0,12000,0,0,9.4,5.2,47,9.4,0,0,0
"2026/02/10","2026/02/13","6151","日東工器","東証およびＰＴＳ",,"確報",100,200,26500,0,1200,38500,-12000,188400,376800,49926000,0,2260800,72534000,-22608000,,,0,0,1436400,0,0,2143800,121.2,64.5,129,86,0,82.6,165.3
"2026/02/10","2026/02/13","6155","高松機械工業","東証およびＰＴＳ",,"確報",0,0,1500,0,0,0,1500,0,0,718500,0,0,0,718500,,,0,0,0,3000,0,0,0,0,0,0,0,0,0
"2026/02/10","2026/02/13","6156","エーワン精密","東証およびＰＴＳ",,"確報",0,0,1100,0,0,0,1100,0,0,2110900,0,0,0,2110900,,,0,0,0,4400,0,0,55,27.5,0,55,0,0,0
"2026/02/10","2026/02/13","6157","日進工具","東証およびＰＴＳ",,"確報",1700,0,37000,100,1200,50000,-13000,1569100,0,34151000,92300,1107600,46150000,-11999000,,,0,0,247100,0,0,357700,34.9,62.6,9.6,16.7,1289.5,80.6,151.7
"2026/02/10","2026/02/13","6158","和井田製作所","東証およびＰＴＳ",,"確報",2200,400,11200,1800,0,11200,0,2255000,410000,11480000,1845000,0,11480000,0,,,0,0,300800,0,0,300800,9.3,5.6,12.8,7.8,7.4,28.2,11.7
"2026/02/10","2026/02/13","6159","ミクロン精密","東証およびＰＴＳ",,"確報",0,0,0,0,0,0,0,0,0,0,0,0,0,0,,,0,0,0,0,0,0,0,0,0,0,0,0,0
"2026/02/10","2026/02/13","6161","エスティック","東証およびＰＴＳ",,"確報",0,100,4200,0,0,0,4200,0,106900,4489800,0,0,0,4489800,,,0,0,81700,0,0,0,38.9,0,19.5,38.9,0,0,0
"2026/02/10","2026/02/13","6165","パンチ工業","東証およびＰＴＳ",,"確報",0,0,740600,200,300,3200,737400,0,0,396961600,107200,160800,1715200,395246400,,,0,0,3703000,0,0,16500,13.3,117.8,7.3,13.8,1.5,1.9,1.6
"2026/02/10","2026/02/13","6166","中村超硬","東証およびＰＴＳ",,"確報",4200,5600,62300,0,0,0,62300,2809800,3746400,41678700,0,0,0,41678700,,,0,0,1210300,0,0,0,8.8,9.4,8.3,8.8,0,0,0
"2026/02/10","2026/02/13","6167","冨士ダイス","東証およびＰＴＳ",,"確報",1500,1800,191300,0,300,191300,0,1795500,2154600,228986100,0,359100,228986100,0,,,0,0,383200,0,0,383200,84.8,47.2,48.8,48,320.8,418.4,363.1
"2026/02/10","2026/02/13","6171","土木管理総合試験所","東証およびＰＴＳ",,"確報",300,1000,50900,0,700,50900,0,138600,462000,23515800,0,323400,23515800,0,,,0,0,567600,0,0,567600,38.1,21.2,19.5,20.3,862.7,184.9,304.5
"2026/02/10","2026/02/13","6176","ブランジスタ","東証およびＰＴＳ",,"確報",1300,1700,47800,0,0,0,47800,947700,1239300,34846200,0,0,0,34846200,,,0,0,1012200,0,0,0,37.7,83.6,24.3,37.7,0,0,0
"2026/02/10","2026/02/13","6177","ＡｐｐＢａｎｋ","東証およびＰＴＳ",,"確報",0,30300,364100,0,0,0,364100,0,3999600,48061200,0,0,0,48061200,,,0,0,394400,0,0,0,20.1,74.5,11.6,20.1,0,0,0
"2026/02/10","2026/02/13","6178","日本郵政","東証およびＰＴＳ",,"確報",9800,0,81400,9300,8800,97900,-16500,20364400,0,169149200,19325400,18286400,203436200,-34287000,,,0,0,2004800,0,0,2727200,8.4,5.4,11.6,7.4,7.8,11.8,9.4
"2026/02/10","2026/02/13","6180","ＧＭＯメディア","東証およびＰＴＳ",,"確報",200,1600,1200,0,0,0,1200,1106000,8848000,6636000,0,0,0,6636000,,,0,0,260000,0,0,0,10.5,19.2,7.2,10.5,0,0,0
"2026/02/10","2026/02/13","6182","メタリアル","東証およびＰＴＳ",,"確報",3600,1300,118800,3700,500,311700,-192900,1998000,721500,65934000,2053500,277500,172993500,-107059500,,,0,0,0,0,0,0,33,38.1,28.1,32.3,20,99.5,33.3
"2026/02/10","2026/02/13","6183","ベル２４ＨＤ","東証およびＰＴＳ",,"確報",400,600,11600,0,200,11600,0,572000,858000,16588000,0,286000,16588000,0,,,0,0,94400,0,0,94400,12.7,9.5,16.7,12.1,7,226.5,13.5
"2026/02/10","2026/02/13","6184","鎌倉新書","東証およびＰＴＳ",,"確報",6700,5600,57400,1100,0,57400,0,3852500,3220000,33005000,632500,0,33005000,0,,,0,0,1013400,0,0,1013400,13.6,12.8,8.1,9.9,41.7,14.4,21.4
"2026/02/10","2026/02/13","6185","ＳＭＮ","東証およびＰＴＳ",,"確報",300,5100,44900,0,400,18000,26900,133500,2269500,19980500,0,178000,8010000,11970500,,,0,0,795200,0,0,294400,38.2,78.4,22.7,35.2,28.5,182.2,49.2
"2026/02/10","2026/02/13","6186","一蔵","東証およびＰＴＳ",,"確報",0,0,1800,0,0,0,1800,0,0,712800,0,0,0,712800,,,0,0,7200,0,0,0,0,0,0,0,0,0,0
"2026/02/10","2026/02/13","6189","グローバルキッズＣ","東証およびＰＴＳ",,"確報",200,0,13500,0,0,100,13400,156000,0,10530000,0,0,78000,10452000,,,0,0,199500,0,0,1500,51.2,38.9,73.4,50.8,0,0,0
"2026/02/10","2026/02/13","6190","フェニックスバイオ","東証およびＰＴＳ",,"確報",200,600,10500,0,0,0,10500,95600,286800,5019000,0,0,0,5019000,,,0,0,163500,0,0,0,71.3,76.4,66.9,71.3,0,0,0
"2026/02/10","2026/02/13","6191","エアトリ","東証およびＰＴＳ",,"確報",100,3000,402200,500,5300,206900,195300,75300,2259000,302856600,376500,3990900,155795700,147060900,,,0,0,3240800,0,0,1693600,147.6,1122.3,594.2,777,53,63.2,57.7
"2026/02/10","2026/02/13","6193","バーチャレクス","東証およびＰＴＳ",,"確報",100,0,2400,0,0,0,2400,101000,0,2424000,0,0,0,2424000,,,0,0,20700,0,0,0,76,38,0,76,0,0,0
"2026/02/10","2026/02/13","6194","アトラエ","東証およびＰＴＳ",,"確報",8700,3600,111900,0,2000,111900,0,5837700,2415600,75084900,0,1342000,75084900,0,,,0,0,0,1922400,2050200,0,72.9,49.2,63.7,55.5,85,138.1,105.2
"2026/02/10","2026/02/13","6195","ホープ","東証およびＰＴＳ",,"確報",200,0,84000,0,0,0,84000,48200,0,20244000,0,0,0,20244000,,,0,0,586600,0,0,0,419.2,465.8,381.1,419.2,0,0,0
"2026/02/10","2026/02/13","6196","ストライク","東証およびＰＴＳ",,"確報",400,100,53800,100,0,500,53300,1660000,415000,223270000,415000,0,2075000,221195000,,,0,0,8292500,0,0,62000,158.8,141.2,206.3,167.6,9,0,18
"2026/02/10","2026/02/13","6197","ソラスト","東証およびＰＴＳ",,"確報",62100,280500,493100,1500,3700,152500,340600,61913700,279658500,491620700,1495500,3688900,152042500,339578200,,,0,0,17787500,0,0,3867500,7.7,4.6,8.3,5.9,199.9,67.2,100.6
"2026/02/10","2026/02/13","6198","キャリア","東証およびＰＴＳ",,"確報",0,0,13400,0,0,0,13400,0,0,3323200,0,0,0,3323200,,,0,0,26800,0,0,0,671,671,671,671,0,0,0
"2026/02/10","2026/02/13","6199","セラク","東証およびＰＴＳ",,"確報",100,200,3800,1000,500,26400,-22600,165800,331600,6300400,1658000,829000,43771200,-37470800,,,0,0,167700,0,0,1113700,14.8,30.9,7.7,12.3,9.3,45.3,15.4
"2026/02/10","2026/02/13","6200","インソース","東証およびＰＴＳ",,"確報",800,200,110000,0,700,14000,96000,568800,142200,78210000,0,497700,9954000,68256000,,,0,0,109400,0,0,14700,5.6,26.5,2.8,5,29.2,17.4,21.8
"2026/02/10","2026/02/13","6201","豊田自動織機","東証およびＰＴＳ",,"確報",2000,0,10400,0,0,0,10400,39340000,0,204568000,0,0,0,204568000,,,0,0,0,588000,0,0,8.9,5.6,21.4,8.9,0,0,0
"2026/02/10","2026/02/13","6203","豊和工業","東証およびＰＴＳ",,"確報",40500,1800,71000,0,2200,71000,0,64152000,2851200,112464000,0,3484800,112464000,0,,,0,0,3068500,0,0,6954000,7.4,3,4.2,3.5,58.8,41.7,48.8
"2026/02/10","2026/02/13","6208","石川製作所","東証およびＰＴＳ",,"確報",9500,12600,50200,700,3800,50200,0,20073500,26623800,106072600,1479100,8029400,106072600,0,,,0,0,20627100,0,0,20627100,24.7,19.3,14.8,16.7,155.2,27.8,47.1
"2026/02/10","2026/02/13","6209","リケンＮＰＲ","東証およびＰＴＳ",,"確報",99200,300,111800,1800,900,7800,104000,390352000,1180500,439933000,7083000,3541500,30693000,409240000,,,0,0,1354500,0,0,724500,3.6,1.7,78.5,3.2,6.5,32.4,10.8
"2026/02/10","2026/02/13","6210","ＴＯＹＯイノベックス","東証およびＰＴＳ",,"確報",100,100,19800,0,0,19800,0,68700,68700,13602600,0,0,13602600,0,,,0,0,198000,0,0,198000,65.7,145.4,37.7,59.9,254.5,42.4,72.7
"2026/02/10","2026/02/13","6217","津田駒工業","東証およびＰＴＳ",,"確報",1000,2700,28200,3000,1800,9700,18500,571000,1541700,16102200,1713000,1027800,5538700,10563500,,,0,0,1016600,0,0,289000,24.1,57.6,17.9,27.4,12.7,23.9,16.6
"2026/02/10","2026/02/13","6218","エンシュウ","東証およびＰＴＳ",,"確報",0,0,4200,200,200,2300,1900,0,0,2305800,109800,109800,1262700,1043100,,,0,0,4200,0,0,2300,21.7,72,27,39.3,10.9,12.1,11.5
"2026/02/10","2026/02/13","6222","島精機製作所","東証およびＰＴＳ",,"確報",100,1900,50500,0,1800,50500,0,99000,1881000,49995000,0,1782000,49995000,0,,,0,0,889100,0,0,889100,18.1,45.2,10.9,17.5,113,10.2,18.8
"2026/02/10","2026/02/13","6223","西部技研","東証およびＰＴＳ",,"確報",300,0,7100,300,0,1500,5600,562800,0,13319600,562800,0,2814000,10505600,,,0,0,204000,0,0,36000,11.5,14.7,10.5,12.2,6.2,15.5,8.9
"2026/02/10","2026/02/13","6224","ＪＲＣ","東証およびＰＴＳ",,"確報",0,700,14200,0,0,0,14200,0,999600,20277600,0,0,0,20277600,,,0,0,417200,0,0,0,45.5,774,23.5,45.5,0,0,0
"2026/02/10","2026/02/13","6226","守谷輸送機工業","東証およびＰＴＳ",,"確報",3700,3800,13000,0,100,13000,0,21090000,21660000,74100000,0,570000,74100000,0,,,0,0,2751000,0,0,2751000,17.3,11,12.1,11.5,30.8,41,35.1
"2026/02/10","2026/02/13","6227","ＡＩメカテック","東証およびＰＴＳ",,"確報",2700,800,22700,200,0,300,22400,32022000,9488000,269222000,2372000,0,3558000,265664000,,,0,0,26832000,0,0,129000,13.9,15.4,13.2,14.2,3,4.5,3.6
"2026/02/10","2026/02/13","6228","ジェイ・イー・ティ","東証およびＰＴＳ",,"確報",1300,0,10800,0,0,0,10800,876200,0,7279200,0,0,0,7279200,,,0,0,0,9500,0,0,6.2,27.9,3.5,6.2,0,0,0
"2026/02/10","2026/02/13","6229","オーケーエム","東証およびＰＴＳ",,"確報",0,300,4700,0,0,0,4700,0,578100,9056900,0,0,0,9056900,,,0,0,190000,0,0,0,16.5,21.3,13.5,16.5,0,0,0
"2026/02/10","2026/02/13","6230","ＳＡＮＥＩ","東証およびＰＴＳ",,"確報",0,0,2500,0,0,0,2500,0,0,5575000,0,0,0,5575000,,,0,0,12500,0,0,0,125,0,62.5,125,0,0,0
"2026/02/10","2026/02/13","6231","木村工機","東証およびＰＴＳ",,"確報",300,0,900,0,0,0,900,4692000,0,14076000,0,0,0,14076000,,,0,0,498000,0,0,0,8.5,5.7,17,8.5,0,0,0
"2026/02/10","2026/02/13","6232","ＡＣＳＬ","東証およびＰＴＳ",,"確報",31600,400,585000,0,1700,886300,-301300,37035200,468800,685620000,0,1992400,1038743600,-353123600,,,0,0,1107600,0,0,1776000,73.5,37.7,28.2,32.3,9999.9,235.1,462.8
"2026/02/10","2026/02/13","6233","ＫＬＡＳＳ","東証およびＰＴＳ",,"確報",700,0,5400,0,0,0,5400,287000,0,2214000,0,0,0,2214000,,,0,0,0,4700,0,0,27.4,13.7,0,27.4,0,0,0
"2026/02/10","2026/02/13","6235","オプトラン","東証およびＰＴＳ",,"確報",3200,7600,57300,600,4600,57700,-400,6972800,16560400,124856700,1307400,10023400,125728300,-871600,,,0,0,1912700,0,0,1912700,20.5,15.3,16.2,15.8,138.4,16.4,29.3
"2026/02/10","2026/02/13","6237","イワキポンプ","東証およびＰＴＳ",,"確報",500,100,7400,900,0,7900,-500,1408000,281600,20838400,2534400,0,22246400,-1408000,,,0,0,532000,0,0,532000,36.5,27.2,58.8,37.2,22.4,89.5,35.8
"2026/02/10","2026/02/13","6238","フリュー","東証およびＰＴＳ",,"確報",300,400,67200,300,100,3100,64100,318300,424400,71299200,318300,106100,3289100,68010100,,,0,0,605700,0,0,26100,46.5,147.4,65.2,90.4,4.7,4.8,4.8
"2026/02/10","2026/02/13","6239","ナガオカ","東証およびＰＴＳ",,"確報",200,200,43300,0,0,0,43300,302000,302000,65383000,0,0,0,65383000,,,0,0,692800,0,0,0,306.3,214.4,536,306.3,0,0,0
"2026/02/10","2026/02/13","6240","ヤマシンフィルタ","東証およびＰＴＳ",,"確報",1000,26300,161400,1000,6700,186700,-25300,649000,17068700,104748600,649000,4348300,121168300,-16419700,,,0,0,1867000,0,0,1924000,28.5,27.3,18.5,22,33.2,49.7,39.8
"2026/02/10","2026/02/13","6245","ヒラノテクシード","東証およびＰＴＳ",,"確報",0,700,27800,300,0,2600,25200,0,1326500,52681000,568500,0,4927000,47754000,,,0,0,0,285000,23000,0,25.3,89.2,59.5,71.4,25.4,2.5,4.6
"2026/02/10","2026/02/13","6246","テクノスマート","東証およびＰＴＳ",,"確報",0,0,5600,0,0,1900,3700,0,0,11575200,0,0,3927300,7647900,,,0,0,0,16800,5700,0,252.7,0,0,0,99,49.5,66
"2026/02/10","2026/02/13","6247","日阪製作所","東証およびＰＴＳ",,"確報",700,0,22700,300,2200,32000,-9300,1170400,0,37954400,501600,3678400,53504000,-15549600,,,0,0,286000,0,0,440700,32.7,25,51.1,33.5,21.1,67,32.1
"2026/02/10","2026/02/13","6248","横田製作所","東証およびＰＴＳ",,"確報",0,0,1000,0,0,0,1000,0,0,1889000,0,0,0,1889000,,,0,0,29000,0,0,0,9.8,7.8,13,9.8,0,0,0
"2026/02/10","2026/02/13","6249","ゲームカードＨＤ","東証およびＰＴＳ",,"確報",0,100,5000,0,0,0,5000,0,281200,14060000,0,0,0,14060000,,,0,0,0,153000,0,0,19,14.9,26.4,19,0,0,0
"2026/02/10","2026/02/13","6250","やまびこ","東証およびＰＴＳ",,"確報",200,0,2100,0,0,200,1900,719000,0,7549500,0,0,719000,6830500,,,0,0,114000,0,0,12000,31.7,25.3,33.7,28.9,0,0,0
"2026/02/10","2026/02/13","6254","野村マイクロ・Ｓ","東証およびＰＴＳ",,"確報",8600,8600,350500,0,0,350500,0,30530000,30530000,1244275000,0,0,1244275000,0,,,0,0,42060000,0,0,42060000,88.7,44.4,44.9,44.6,3504,0,7008
"2026/02/10","2026/02/13","6255","エヌ・ピー・シー","東証およびＰＴＳ",,"確報",300,11800,98900,0,7900,160300,-61400,229500,9027000,75658500,0,6043500,122629500,-46971000,,,0,0,220800,0,0,336400,24.7,30.3,8,12.7,258.8,43.8,74.9
"2026/02/10","2026/02/13","6257","藤商事","東証およびＰＴＳ",,"確報",100,700,6800,1000,3400,32900,-26100,104400,730800,7099200,1044000,3549600,34347600,-27248400,,,0,0,14800,0,0,70600,2.8,3.6,4.2,3.9,2,3.6,2.6
"2026/02/10","2026/02/13","6258","平田機工","東証およびＰＴＳ",,"確報",0,900,25300,100,600,700,24600,0,2635200,74078400,292800,1756800,2049600,72028800,,,0,0,1965000,0,0,90000,8.6,9.5,31.6,14.7,5.4,2.7,3.6
"2026/02/10","2026/02/13","6262","ＰＥＧＡＳＵＳ","東証およびＰＴＳ",,"確報",0,290100,859200,0,500,89200,770000,0,226278000,670176000,0,390000,69576000,600600000,,,0,0,16090200,0,0,1255800,14.3,2050.8,6.8,13.5,939.2,35,67.6
"2026/02/10","2026/02/13","6264","マルマエ","東証およびＰＴＳ",,"確報",0,6600,77600,1100,4200,86000,-8400,0,20559000,241724000,3426500,13083000,267890000,-26166000,,,0,0,421000,0,0,445500,37.4,38,26.6,31.3,46.2,45.3,45.7
"2026/02/10","2026/02/13","6265","コンバム","東証およびＰＴＳ",,"確報",0,0,100,0,0,0,100,0,0,252000,0,0,0,252000,,,0,0,0,0,0,0,10,0,5,10,0,0,0
"2026/02/10","2026/02/13","6266","タツモ","東証およびＰＴＳ",,"確報",1300,900,44100,500,100,44100,0,3588000,2484000,121716000,1380000,276000,121716000,0,,,0,0,1660600,0,0,1660600,53.4,59.7,34.9,44.1,113.5,48.3,67.7
"2026/02/10","2026/02/13","6267","ゼネラルパッカー","東証およびＰＴＳ",,"確報",0,0,0,0,0,0,0,0,0,0,0,0,0,0,,,0,0,0,0,0,0,0,0,0,0,0,0,0
"2026/02/10","2026/02/13","6268","ナブテスコ","東証およびＰＴＳ",,"確報",3400,0,29900,1600,0,7900,22000,16150000,0,142025000,7600000,0,37525000,104500000,,,0,0,4849500,0,0,1152900,15,23.5,12.5,16.3,7.4,21.4,11
"2026/02/10","2026/02/13","6269","三井海洋開発","東証およびＰＴＳ",,"確報",4600,209300,147500,0,0,400,147100,71668000,3260894000,2298050000,0,0,6232000,2291818000,,,0,0,112704000,0,0,128000,3.4,5.4,2.5,3.4,13,6.5,8.7
"2026/02/10","2026/02/13","6272","レオン自動機","東証およびＰＴＳ",,"確報",200,100,7400,0,0,4000,3400,312000,156000,11544000,0,0,6240000,5304000,,,0,0,0,343100,188000,0,161.7,123,123,123,197,0,394
"2026/02/10","2026/02/13","6273","エスエムシー","東証およびＰＴＳ",,"確報",700,0,1100,3300,0,9800,-8700,48034000,0,75482000,226446000,0,672476000,-596994000,,,0,0,804000,0,0,13065000,4.1,2.1,2,2.1,4.1,19.3,6.7
"2026/02/10","2026/02/13","6276","シリウスビジョン","東証およびＰＴＳ",,"確報",0,600,30100,0,0,0,30100,0,169800,8518300,0,0,0,8518300,,,0,0,92100,0,0,0,149.8,115.2,214,149.8,0,0,0
"2026/02/10","2026/02/13","6277","ホソカワミクロン","東証およびＰＴＳ",,"確報",100,0,138100,1500,0,27800,110300,668000,0,922508000,10020000,0,185704000,736804000,,,0,0,22080000,0,0,4208000,241.7,2301.3,3452,2761.6,29.9,69.2,41.7
"2026/02/10","2026/02/13","6278","ユニオンツール","東証およびＰＴＳ",,"確報",7500,900,10900,200,1200,19200,-8300,92175000,11061000,133961000,2458000,14748000,235968000,-102007000,,,0,0,3612000,0,0,16968000,5.8,2,2.5,2.2,85.7,19.4,31.6
"2026/02/10","2026/02/13","6279","瑞光","東証およびＰＴＳ",,"確報",0,23100,3900,13700,100,86500,-82600,0,23700600,4001400,14056200,102600,88749000,-84747600,,,0,0,54000,0,0,145800,15.5,1463,3.5,7,17.2,145.5,30.7
"2026/02/10","2026/02/13","6282","オイレス工業","東証およびＰＴＳ",,"確報",4000,0,11200,200,100,29000,-17800,10304000,0,28851200,515200,257600,74704000,-45852800,,,0,0,468000,0,0,1878500,32.8,7.7,28.1,12.1,79.5,47.2,59.3
"2026/02/10","2026/02/13","6284","日精エーエスビー機械","東証およびＰＴＳ",,"確報",200,0,2200,100,0,1700,500,1330000,0,14630000,665000,0,11305000,3325000,,,0,0,140000,0,0,112000,18.6,56,14,22.4,13.3,18.6,15.5
"2026/02/10","2026/02/13","6286","靜甲","東証およびＰＴＳ",,"確報",0,0,1700,0,0,0,1700,0,0,2329000,0,0,0,2329000,,,0,0,0,0,0,0,32.8,41,27.3,32.8,0,0,0
"2026/02/10","2026/02/13","6287","サトー","東証およびＰＴＳ",,"確報",1200,500,5200,1500,0,6000,-800,2905200,1210500,12589200,3631500,0,14526000,-1936800,,,0,0,117000,0,0,117000,6.3,4.7,5.2,5,5,28.3,8.5
"2026/02/10","2026/02/13","6289","技研製作所","東証およびＰＴＳ",,"確報",1000,1400,43900,200,300,44200,-300,2189000,3064600,96097100,437800,656700,96753800,-656700,,,0,0,88600,0,0,88600,12.3,6.6,6.7,6.6,146.2,45.7,69.6
"2026/02/10","2026/02/13","6291","日本エアーテック","東証およびＰＴＳ",,"確報",1000,0,44100,0,0,0,44100,1349000,0,59490900,0,0,0,59490900,,,0,0,1120600,0,0,0,22.5,12.9,88.2,22.5,0,0,0
"2026/02/10","2026/02/13","6292","カワタ","東証およびＰＴＳ",,"確報",100,0,1300,0,0,0,1300,81800,0,1063400,0,0,0,1063400,,,0,0,8400,0,0,0,122,61,0,122,0,0,0
"2026/02/10","2026/02/13","6293","日精樹脂工業","東証およびＰＴＳ",,"確報",2100,0,14800,500,500,33000,-18200,1913100,0,13482800,455500,455500,30063000,-16580200,,,0,0,127000,0,0,330000,20.9,26.2,13.6,17.9,17,35.2,22.9
"2026/02/10","2026/02/13","6294","オカダアイヨン","東証およびＰＴＳ",,"確報",100,100,6700,400,0,600,6100,240900,240900,16140300,963600,0,1445400,14694900,,,0,0,301500,0,0,9000,71.2,171,85.5,114,3.5,0,7
"2026/02/10","2026/02/13","6298","ワイエイシイＨＤ","東証およびＰＴＳ",,"確報",2600,0,21600,300,300,7800,13800,2930200,0,24343200,338100,338100,8790600,15552600,,,0,0,190000,0,0,78000,21.5,24.2,58.4,34.2,19,8.6,11.9
"2026/02/10","2026/02/13","6301","小松製作所","東証およびＰＴＳ",,"確報",2500,2000,39700,4500,19100,367600,-327900,18575000,14860000,294971000,33435000,141913000,2731268000,-2436297000,,,0,0,0,1724800,16816800,0,9.2,5.4,8.8,6.7,9.5,9.7,9.6
"2026/02/10","2026/02/13","6302","住友重機械工業","東証およびＰＴＳ",,"確報",18000,900,53800,3100,0,14000,39800,107712000,5385600,321939200,18550400,0,83776000,238163200,,,0,0,20845600,0,0,6191200,12.5,7.4,39.6,12.5,9.9,17.5,12.6
"2026/02/10","2026/02/13","6305","日立建機","東証およびＰＴＳ",,"確報",7200,2200,22900,5600,600,22900,0,46951200,14346200,149330900,36517600,3912600,149330900,0,,,0,0,375900,0,0,375900,4.3,2.7,5,3.5,3.8,10.3,5.5
"2026/02/10","2026/02/13","6306","日工","東証およびＰＴＳ",,"確報",500,1200,13800,300,0,7100,6700,438500,1052400,12102600,263100,0,6226700,5875900,,,0,0,72500,0,0,34000,27.8,18,24.6,20.8,58,116,77.3
"2026/02/10","2026/02/13","6307","サンセイ","東証およびＰＴＳ",,"確報",700,1100,6400,0,0,0,6400,538300,845900,4921600,0,0,0,4921600,,,0,0,197200,0,0,0,8.2,8.3,8.1,8.2,0,0,0
"2026/02/10","2026/02/13","6309","巴工業","東証およびＰＴＳ",,"確報",600,0,6700,0,0,0,6700,1242600,0,13875700,0,0,0,13875700,,,0,0,67100,0,0,0,25.3,25.3,25.3,25.3,0,0,0
"2026/02/10","2026/02/13","6310","井関農機","東証およびＰＴＳ",,"確報",0,400,57000,2900,600,10600,46400,0,770800,109839000,5588300,1156200,20426200,89412800,,,0,0,3444000,0,0,498000,59.4,259.3,101.9,146.3,6.3,42.6,10.9
"2026/02/10","2026/02/13","6315","ＴＯＷＡ","東証およびＰＴＳ",,"確報",18800,141100,247100,100,2400,152200,94900,53636400,402558300,704976300,285300,6847200,434226600,270749700,,,0,0,0,18470000,7725000,0,4.9,4.8,2.7,3.5,225.9,150.6,180.7
"2026/02/10","2026/02/13","6316","丸山製作所","東証およびＰＴＳ",,"確報",200,0,800,0,0,0,800,484400,0,1937600,0,0,0,1937600,,,0,0,19200,0,0,0,10.3,7.8,15.5,10.3,0,0,0
"2026/02/10","2026/02/13","6317","北川鉄工所","東証およびＰＴＳ",,"確報",0,600,1900,0,0,700,1200,0,1143000,3619500,0,0,1333500,2286000,,,0,0,85000,0,0,23800,7.7,77,4.2,8,5,7.5,6
"2026/02/10","2026/02/13","6322","タクミナ","東証およびＰＴＳ",,"確報",0,0,1800,0,0,0,1800,0,0,2826000,0,0,0,2826000,,,0,0,23400,0,0,0,6,3,0,6,0,0,0
"2026/02/10","2026/02/13","6323","ローツェ","東証およびＰＴＳ",,"確報",1500,2900,143200,100,8300,700,142500,5284500,10216700,504493600,352300,29240900,2466100,502027500,,,0,0,6217800,0,0,382700,12,45.6,10.2,16.7,2.4,1,1.4
"2026/02/10","2026/02/13","6324","ハーモニックドライブ","東証およびＰＴＳ",,"確報",80000,76400,251300,3900,300,251300,0,304000000,290320000,954940000,14820000,1140000,954940000,0,,,0,0,58209500,0,0,58209500,5.8,3.3,3.4,3.3,13.3,129.6,24.2
"2026/02/10","2026/02/13","6325","タカキタ","東証およびＰＴＳ",,"確報",0,1700,5100,0,200,7600,-2500,0,681700,2045100,0,80200,3047600,-1002500,,,0,0,6800,0,0,7800,4.8,3.5,1.8,2.3,396,24.8,46.6
"2026/02/10","2026/02/13","6326","クボタ","東証およびＰＴＳ",,"確報",27400,4000,63400,25800,2400,63400,0,75130800,10968000,173842800,70743600,6580800,173842800,0,,,0,0,1760000,0,0,1760000,5,6.1,6,6.1,3.5,5.3,4.2
"2026/02/10","2026/02/13","6327","北川精機","東証およびＰＴＳ",,"確報",1200,200,20100,0,0,0,20100,1196400,199400,20039700,0,0,0,20039700,,,0,0,0,133700,0,0,33.6,30.4,37.4,33.6,0,0,0
"2026/02/10","2026/02/13","6328","荏原実業","東証およびＰＴＳ",,"確報",2500,500,8600,2100,100,8600,0,6502500,1300500,22368600,5462100,260100,22368600,0,,,0,0,2481600,0,0,2481600,6.1,5,5.7,5.3,6.7,8,7.3
"2026/02/10","2026/02/13","6330","東洋エンジニアリング","東証およびＰＴＳ",,"確報",14300,21900,436400,22900,100500,1813300,-1376900,87945000,134685000,2683860000,140835000,618075000,11151795000,-8467935000,,,0,0,0,31080000,132363000,0,41.3,17.6,15.9,16.7,95.7,44.5,60.8
"2026/02/10","2026/02/13","6331","三菱化工機","東証およびＰＴＳ",,"確報",3600,1200,118200,0,100,0,118200,12834000,4278000,421383000,0,356500,0,421383000,,,0,0,2895000,0,0,2500,47.7,50.6,46.5,48.5,1.5,1.5,1.5
"2026/02/10","2026/02/13","6332","月島ホールディングス","東証およびＰＴＳ",,"確報",0,2400,8900,0,7500,3800,5100,0,7908000,29325500,0,24712500,12521000,16804500,,,0,0,1412500,0,0,1412500,2.6,33,1.4,2.6,2.8,2.6,2.7
"2026/02/10","2026/02/13","6333","帝国電機製作所","東証およびＰＴＳ",,"確報",100,200,5700,100,200,5700,0,311000,622000,17727000,311000,622000,17727000,0,,,0,0,0,464000,464000,0,47.3,31.6,35.5,33.4,71,94.7,81.1
"2026/02/10","2026/02/13","6334","明治機械","東証およびＰＴＳ",,"確報",200,0,600,0,0,0,600,85000,0,255000,0,0,0,255000,,,0,0,4000,0,0,0,11,11,11,11,0,0,0
"2026/02/10","2026/02/13","6335","東京機械製作所","東証およびＰＴＳ",,"確報",0,100,16000,0,0,0,16000,0,52200,8352000,0,0,0,8352000,,,0,0,0,80500,0,0,43.4,58.9,34.3,43.4,0,0,0
"2026/02/10","2026/02/13","6336","石井表記","東証およびＰＴＳ",,"確報",0,100,1800,0,0,0,1800,0,76200,1371600,0,0,0,1371600,,,0,0,3800,0,0,0,38,95,23.8,38,0,0,0
"2026/02/10","2026/02/13","6337","テセック","東証およびＰＴＳ",,"確報",100,0,6600,0,0,0,6600,289100,0,19080600,0,0,0,19080600,,,0,0,507000,0,0,0,32.2,26.8,40.3,32.2,0,0,0
"2026/02/10","2026/02/13","6338","タカトリ","東証およびＰＴＳ",,"確報",3400,1200,25200,0,0,0,25200,5382200,1899600,39891600,0,0,0,39891600,,,0,0,782000,0,0,0,28.5,18.2,65.5,28.5,0,0,0
"2026/02/10","2026/02/13","6339","新東工業","東証およびＰＴＳ",,"確報",300,1000,20900,6400,0,59300,-38400,351600,1172000,24494800,7500800,0,69499600,-45004800,,,0,0,216000,0,0,529000,10.9,8.5,12.6,10.2,6.1,74.9,11.3
"2026/02/10","2026/02/13","6340","澁谷工業","東証およびＰＴＳ",,"確報",100,0,2100,700,0,2700,-600,381000,0,8001000,2667000,0,10287000,-2286000,,,0,0,170000,0,0,170000,7.8,4.4,15.8,6.9,4.5,0,8.9
"2026/02/10","2026/02/13","6342","太平製作所","東証およびＰＴＳ",,"確報",0,1200,1600,0,0,0,1600,0,3708000,4944000,0,0,0,4944000,,,0,0,56000,0,0,0,8.8,22.7,5.4,8.8,0,0,0
"2026/02/10","2026/02/13","6343","フリージア・マクロス","東証およびＰＴＳ",,"確報",4900,7300,110000,1700,100,22200,87800,1029000,1533000,23100000,357000,21000,4662000,18438000,,,0,0,1910800,0,0,350200,24.3,24.1,20.9,22.4,53.1,42.5,47.2
"2026/02/10","2026/02/13","6345","アイチコーポ","東証およびＰＴＳ",,"確報",1300,900,23900,3400,500,26600,-2700,1818700,1259100,33436100,4756600,699500,37213400,-3777300,,,0,0,399500,0,0,402900,13.7,12.5,20.6,15.6,6.9,50.9,12.1
"2026/02/10","2026/02/13","6346","キクカワエンタ","東証およびＰＴＳ",,"確報",0,0,0,0,0,0,0,0,0,0,0,0,0,0,,,0,0,0,0,0,0,0,0,0,0,0,0,0
"2026/02/10","2026/02/13","6347","プラコー","東証およびＰＴＳ",,"確報",2700,11900,386500,0,0,0,386500,1080000,4760000,154600000,0,0,0,154600000,,,0,0,7518300,0,0,0,85.9,202.8,54.5,85.9,0,0,0
"2026/02/10","2026/02/13","6349","小森コーポレーション","東証およびＰＴＳ",,"確報",200,0,9600,0,0,3100,6500,354200,0,17001600,0,0,5490100,11511500,,,0,0,37600,0,0,12400,84.9,96.4,80.3,87.6,38.8,0,77.5
"2026/02/10","2026/02/13","6351","鶴見製作所","東証およびＰＴＳ",,"確報",2400,2100,12800,1800,0,16300,-3500,5800800,5075700,30937600,4350600,0,39397100,-8459500,,,0,0,562500,0,0,652500,4.6,2.4,2.7,2.5,8.1,24.1,12.1
"2026/02/10","2026/02/13","6356","日本ギア工業","東証およびＰＴＳ",,"確報",0,2600,33900,0,0,0,33900,0,2415400,31493100,0,0,0,31493100,,,0,0,657000,0,0,0,32.7,62.6,22.1,32.7,0,0,0
"2026/02/10","2026/02/13","6357","三精テクノロジーズ","東証およびＰＴＳ",,"確報",100,200,9000,100,0,400,8600,249600,499200,22464000,249600,0,998400,21465600,,,0,0,54600,0,0,1800,45.1,155,33.2,54.7,2.3,0,4.5
"2026/02/10","2026/02/13","6358","酒井重工業","東証およびＰＴＳ",,"確報",0,200,5800,0,200,5800,0,0,463200,13432800,0,463200,13432800,0,,,0,0,210000,0,0,210000,18.8,14.3,13.6,14,30,27.3,28.6
"2026/02/10","2026/02/13","6360","東京自働機械製作所","東証およびＰＴＳ",,"確報",0,0,800,0,0,0,800,0,0,3280000,0,0,0,3280000,,,0,0,88000,0,0,0,0,0,0,0,0,0,0
"2026/02/10","2026/02/13","6361","荏原製作所","東証およびＰＴＳ",,"確報",4500,2000,34000,100,3400,28200,5800,24048000,10688000,181696000,534400,18169600,150700800,30995200,,,0,0,4662000,0,0,4662000,9.7,15.2,8.8,11.2,6.9,9.9,8.1
"2026/02/10","2026/02/13","6363","酉島製作所","東証およびＰＴＳ",,"確報",4800,700,19600,400,0,12600,7000,13123200,1913800,53586400,1093600,0,34448400,19138000,,,0,0,6696000,0,0,5270400,16.2,15.4,18.9,16.9,8,128.3,15.1
"2026/02/10","2026/02/13","6364","ＡＩＲＭＡＮ","東証およびＰＴＳ",,"確報",0,100,5100,100,200,5100,0,0,214100,10919100,214100,428200,10919100,0,,,0,0,31200,0,0,31200,19.1,14.1,18.1,15.8,20.2,29.1,23.8
"2026/02/10","2026/02/13","6365","電業社機械製作所","東証およびＰＴＳ",,"確報",0,0,500,0,0,0,500,0,0,2865000,0,0,0,2865000,,,0,0,0,0,0,0,56,0,28,56,0,0,0
"2026/02/10","2026/02/13","6366","千代田化工建設","東証およびＰＴＳ",,"確報",3100,25000,554100,500,53200,157300,396800,5037500,40625000,900412500,812500,86450000,255612500,644800000,,,0,0,41472000,0,0,15120000,8.8,15.6,10.8,12.7,1.9,6.7,3
"2026/02/10","2026/02/13","6367","ダイキン工業","東証およびＰＴＳ",,"確報",16900,400,25400,3200,23300,10300,15100,316959500,7502000,476377000,60016000,436991500,193176500,283200500,,,0,0,1824500,0,0,6232000,2.5,3.6,3.8,3.7,1.3,1.5,1.4
"2026/02/10","2026/02/13","6368","オルガノ","東証およびＰＴＳ",,"確報",3100,17500,23600,400,100,8600,15000,44981000,253925000,342436000,5804000,1451000,124786000,217650000,,,0,0,6840000,0,0,1494000,4.5,3.6,5.8,4.5,3.9,5,4.4
"2026/02/10","2026/02/13","6369","トーヨーカネツ","東証およびＰＴＳ",,"確報",0,0,6300,500,0,4300,2000,0,0,17766000,1410000,0,12126000,5640000,,,0,0,516600,0,0,311600,15.1,108.3,54.2,72.2,8.1,5.4,6.5
"2026/02/10","2026/02/13","6370","栗田工業","東証およびＰＴＳ",,"確報",1900,1000,16000,1000,100,16000,0,15146800,7972000,127552000,7972000,797200,127552000,0,,,0,0,2612300,0,0,2612300,11.9,8.1,8.5,8.3,20.1,22.7,21.3
"2026/02/10","2026/02/13","6371","椿本チエイン","東証およびＰＴＳ",,"確報",8100,0,23900,1700,0,23900,0,21019500,0,62020500,4411500,0,62020500,0,,,0,0,505600,0,0,710400,8.4,9.1,5.9,7.1,13.7,7.7,9.8
"2026/02/10","2026/02/13","6376","日機装","東証およびＰＴＳ",,"確報",1200,200,5900,0,0,1000,4900,2385600,397600,11729200,0,0,1988000,9741200,,,0,0,318500,0,0,65000,8,16.5,11.2,13.3,0,1.2,2.4
"2026/02/10","2026/02/13","6378","木村化工機","東証およびＰＴＳ",,"確報",700,1000,19600,0,300,19600,0,927500,1325000,25970000,0,397500,25970000,0,,,0,0,358200,0,0,358200,9.4,9.3,5.4,6.8,10.7,25.5,15.1
"2026/02/10","2026/02/13","6379","レイズネクスト","東証およびＰＴＳ",,"確報",0,0,4700,0,100,300,4400,0,0,12549000,0,267000,801000,11748000,,,0,0,65800,0,0,5600,33.5,34,47.6,39.7,6.5,13,8.7
"2026/02/10","2026/02/13","6380","オリエンタルチエン","東証およびＰＴＳ",,"確報",0,100,56100,0,0,0,56100,0,322000,180642000,0,0,0,180642000,,,0,0,7587000,0,0,0,512,2816,281.6,512,0,0,0
"2026/02/10","2026/02/13","6381","アネスト岩田","東証およびＰＴＳ",,"確報",300,700,2700,0,400,2700,0,533400,1244600,4800600,0,711200,4800600,0,,,0,0,12400,0,0,12400,6.7,4.2,6.2,5,7.3,16.4,10.1
"2026/02/10","2026/02/13","6382","トリニティ工業","東証およびＰＴＳ",,"確報",0,0,1100,0,0,0,1100,0,0,1499300,0,0,0,1499300,,,0,0,19800,0,0,0,16.9,0,8.4,16.9,0,0,0
"2026/02/10","2026/02/13","6383","ダイフク","東証およびＰＴＳ",,"確報",5400,400,29900,3400,0,19200,10700,32540400,2410400,180177400,20488400,0,115699200,64478200,,,0,0,2066700,0,0,1311400,1.9,2.4,1.3,1.7,3.9,11.7,5.9
"2026/02/10","2026/02/13","6384","昭和真空","東証およびＰＴＳ",,"確報",100,0,1800,0,0,0,1800,165900,0,2986200,0,0,0,2986200,,,0,0,49300,0,0,0,6.2,13.5,4.1,6.2,0,0,0
"2026/02/10","2026/02/13","6387","サムコ","東証およびＰＴＳ",,"確報",400,0,5000,0,0,0,5000,2212000,0,27650000,0,0,0,27650000,,,0,0,828000,0,0,0,19,55.2,11.5,19,0,0,0
"2026/02/10","2026/02/13","6390","加藤製作所","東証およびＰＴＳ",,"確報",0,1300,117400,1600,100,51800,65600,0,1947400,175865200,2396800,149800,77596400,98268800,,,0,0,5222800,0,0,2213200,67.7,215,46,75.7,34.8,116.1,53.6
"2026/02/10","2026/02/13","6391","加地テック","東証およびＰＴＳ",,"確報",0,0,1900,0,0,0,1900,0,0,7277000,0,0,0,7277000,,,0,0,0,0,0,0,0,0,0,0,0,0,0
"2026/02/10","2026/02/13","6392","ヤマダコーポ","東証およびＰＴＳ",,"確報",0,0,300,0,0,0,300,0,0,1968000,0,0,0,1968000,,,0,0,3000,0,0,0,16,16,16,16,0,0,0
"2026/02/10","2026/02/13","6393","油研工業","東証およびＰＴＳ",,"確報",0,0,700,0,0,200,500,0,0,2306500,0,0,659000,1647500,,,0,0,0,0,0,0,30,17.5,35,23.3,0,0,0
"2026/02/10","2026/02/13","6395","タダノ","東証およびＰＴＳ",,"確報",26600,26100,45200,500,0,45200,0,39474400,38732400,67076800,742000,0,67076800,0,,,0,0,8582400,0,0,8582400,7,2.8,5,3.6,20.2,36.3,25.9
"2026/02/10","2026/02/13","6396","宇野澤組鐵工所","東証およびＰＴＳ",,"確報",0,0,300,0,0,0,300,0,0,1339500,0,0,0,1339500,,,0,0,15000,0,0,0,0,0,0,0,0,0,0
"2026/02/10","2026/02/13","6400","不二精機","東証およびＰＴＳ",,"確報",400,200,15500,100,0,6100,9400,130400,65200,5053000,32600,0,1988600,3064400,,,0,0,15300,0,0,6000,20.8,32.6,15.7,21.2,9.9,0,19.7
"2026/02/10","2026/02/13","6402","兼松エンジニアリング","東証およびＰＴＳ",,"確報",0,100,10300,0,0,0,10300,0,177900,18323700,0,0,0,18323700,,,0,0,72800,0,0,0,16.2,10.4,37.6,16.2,0,0,0
"2026/02/10","2026/02/13","6403","水道機工","東証およびＰＴＳ",,"確報",200,0,2800,0,0,0,2800,809000,0,11326000,0,0,0,11326000,,,0,0,0,0,0,0,5.3,5.8,4.8,5.3,0,0,0
"2026/02/10","2026/02/13","6405","鈴茂器工","東証およびＰＴＳ",,"確報",200,200,3900,0,0,0,3900,281200,281200,5483400,0,0,0,5483400,,,0,0,0,62400,0,0,17.4,25.1,13.3,17.4,0,0,0
"2026/02/10","2026/02/13","6406","フジテック","東証およびＰＴＳ",,"確報",0,0,300,0,0,0,300,0,0,1699500,0,0,0,1699500,,,0,0,0,0,0,0,9,9,9,9,0,0,0
"2026/02/10","2026/02/13","6407","ＣＫＤ","東証およびＰＴＳ",,"確報",2000,0,14100,800,700,66800,-52700,9010000,0,63520500,3604000,3153500,300934000,-237413500,,,0,0,968000,0,0,5336000,32.9,10.5,9,9.7,65.5,86.2,74.5
"2026/02/10","2026/02/13","6408","小倉クラッチ","東証およびＰＴＳ",,"確報",0,100,0,0,0,0,0,0,378500,0,0,0,0,0,,,0,0,3500,0,0,0,3,3,3,3,0,0,0
"2026/02/10","2026/02/13","6412","平和","東証およびＰＴＳ",,"確報",0,1500,17400,100,0,100,17300,0,3030000,35148000,202000,0,202000,34946000,,,0,0,302400,0,0,0,23.6,25.3,22.7,23.9,1,0,2
"2026/02/10","2026/02/13","6413","理想科学工業","東証およびＰＴＳ",,"確報",700,9800,16200,2400,0,29300,-13100,896000,12544000,20736000,3072000,0,37504000,-16768000,,,0,0,455400,0,0,484200,6.7,3.7,3.7,3.7,9.3,184.3,17.8
"2026/02/10","2026/02/13","6417","ＳＡＮＫＹＯ","東証およびＰＴＳ",,"確報",100,1400,23900,200,0,1400,22500,234250,3279500,55985750,468500,0,3279500,52706250,,,0,0,453600,0,0,21600,26.9,218.8,19.9,36.5,3.6,4.7,4.1
"2026/02/10","2026/02/13","6418","日本金銭機械","東証およびＰＴＳ",,"確報",23200,100,51800,8500,0,55800,-4000,27097600,116800,60502400,9928000,0,65174400,-4672000,,,0,0,774900,0,0,1277100,10.2,5.3,7.3,6.1,21.5,21.5,21.5
"2026/02/10","2026/02/13","6419","マースグループＨＤ","東証およびＰＴＳ",,"確報",0,100,6800,600,0,2800,4000,0,329000,22372000,1974000,0,9212000,13160000,,,0,0,276000,0,0,88000,40.9,116,87,99.4,12.2,20.3,15.3
"2026/02/10","2026/02/13","6420","ガリレイ","東証およびＰＴＳ",,"確報",0,1100,7900,500,100,1100,6800,0,4042500,29032500,1837500,367500,4042500,24990000,,,0,0,315000,0,0,24500,11.6,49.3,9.7,16.2,4.5,3.6,4
"2026/02/10","2026/02/13","6424","高見沢サイバ","東証およびＰＴＳ",,"確報",0,300,900,0,0,0,900,0,289800,869400,0,0,0,869400,,,0,0,18000,0,0,0,11.5,0,5.7,11.5,0,0,0
"2026/02/10","2026/02/13","6425","ユニバーサルエンタ","東証およびＰＴＳ",,"確報",11800,2400,120700,10000,600,120700,0,9310200,1893600,95232300,7890000,473400,95232300,0,,,0,0,779100,0,0,779100,16.3,10.6,12.5,11.5,23.5,35.1,28.1
"2026/02/10","2026/02/13","6428","オーイズミ","東証およびＰＴＳ",,"確報",0,100,4400,0,0,0,4400,0,34600,1522400,0,0,0,1522400,,,0,0,9000,0,0,0,44.9,247,24.7,44.9,0,0,0
"2026/02/10","2026/02/13","6430","ダイコク電機","東証およびＰＴＳ",,"確報",0,0,8100,100,0,3300,4800,0,0,23214600,286600,0,9457800,13756800,,,0,0,267300,0,0,105600,42.1,417,69.5,119.1,9.5,38,15.2
"2026/02/10","2026/02/13","6432","竹内製作所","東証およびＰＴＳ",,"確報",800,23300,9000,400,0,9000,0,5936000,172886000,66780000,2968000,0,66780000,0,,,0,0,5355000,0,0,1462000,1.6,2.4,1.2,1.6,1.6,1.9,1.8
"2026/02/10","2026/02/13","6433","ヒーハイスト","東証およびＰＴＳ",,"確報",3900,8700,43900,0,0,0,43900,8658000,19314000,97458000,0,0,0,97458000,,,0,0,19480000,0,0,0,6.2,4.6,9.4,6.2,0,0,0
"2026/02/10","2026/02/13","6436","アマノ","東証およびＰＴＳ",,"確報",5100,0,6500,16400,0,16900,-10400,21083400,0,26871000,67797600,0,69864600,-42993600,,,0,0,85400,0,0,30500,2.6,2.4,9.4,3.8,1.1,11.3,2.1
"2026/02/10","2026/02/13","6440","ジューキ","東証およびＰＴＳ",,"確報",1600,2500,39900,1600,5100,59000,-19100,928000,1450000,23142000,928000,2958000,34220000,-11078000,,,0,0,530400,0,0,812500,6.9,7.4,3.4,4.6,8.7,16.6,11.4
"2026/02/10","2026/02/13","6444","サンデン","東証およびＰＴＳ",,"確報",100,1900,251400,100,0,71100,180300,14400,273600,36201600,14400,0,10238400,25963200,,,0,0,253200,0,0,71000,86.4,6448,45.6,90.5,364.5,41.4,74.4
"2026/02/10","2026/02/13","6445","ジャノメ","東証およびＰＴＳ",,"確報",300,1500,20800,9200,0,42600,-21800,388500,1942500,26936000,11914000,0,55167000,-28231000,,,0,0,660000,0,0,1002000,22.8,63.4,25.7,36.5,12.9,33.7,18.7
"2026/02/10","2026/02/13","6448","ブラザー工業","東証およびＰＴＳ",,"確報",12900,3700,21300,19400,0,21300,0,41112300,11791900,67883100,61827800,0,67883100,0,,,0,0,955900,0,0,150100,2.9,2,5.5,2.9,2.1,5.2,3
"2026/02/10","2026/02/13","6454","マックス","東証およびＰＴＳ",,"確報",900,0,9200,0,600,19100,-9900,5994000,0,61272000,0,3996000,127206000,-65934000,,,0,0,0,332000,788000,0,13.5,9.2,12.8,10.7,26,10.8,15.3
"2026/02/10","2026/02/13","6455","モリタＨＤ","東証およびＰＴＳ",,"確報",200,1200,6200,100,2300,8900,-2700,579200,3475200,17955200,289600,6660800,25774400,-7819200,,,0,0,252000,0,0,388500,4.7,4.4,2.7,3.4,17.4,4.6,7.3
"2026/02/10","2026/02/13","6457","グローリー","東証およびＰＴＳ",,"確報",3100,200,3700,1700,2000,8400,-4700,12911500,833000,15410500,7080500,8330000,34986000,-19575500,,,0,0,84800,0,0,922200,2.7,1.4,2,1.7,5.7,2.4,3.4
"2026/02/10","2026/02/13","6458","新晃工業","東証およびＰＴＳ",,"確報",13800,0,107800,7100,0,39900,67900,22328400,0,174420400,11487800,0,64558200,109862200,,,0,0,4606000,0,0,1607200,30.5,29.4,4787,58.4,8.8,25.5,13
"2026/02/10","2026/02/13","6459","大和冷機工業","東証およびＰＴＳ",,"確報",9700,1200,16200,600,0,17200,-1000,16538500,2046000,27621000,1023000,0,29326000,-1705000,,,0,0,693000,0,0,1494000,10.5,4.9,17,7.6,19.6,10.4,13.6
"2026/02/10","2026/02/13","6460","セガサミーＨＤ","東証およびＰＴＳ",,"確報",0,400,68100,0,0,2600,65500,0,955800,162724950,0,0,6212700,156512250,,,0,0,2363250,0,0,89700,75.4,75,75,75,0,43.3,86.7
"2026/02/10","2026/02/13","6463","ＴＰＲ","東証およびＰＴＳ",,"確報",1000,3500,54600,1500,100,69200,-14600,1431000,5008500,78132600,2146500,143100,99025200,-20892600,,,0,0,1142000,0,0,1356000,18.5,11,7.9,9.2,56.1,285,93.7
"2026/02/10","2026/02/13","6464","ツバキ・ナカシマ","東証およびＰＴＳ",,"確報",200,25400,137100,3700,0,365800,-228700,69200,8788400,47436600,1280200,0,126566800,-79130200,,,0,0,3246000,0,0,7242000,10.4,5.8,3.3,4.2,52,215.1,83.8
"2026/02/10","2026/02/13","6465","ホシザキ","東証およびＰＴＳ",,"確報",400,0,4300,4200,0,4200,100,2196000,0,23607000,23058000,0,23058000,549000,,,0,0,737100,0,0,0,2.8,32.4,1.6,3,1,0,2
"2026/02/10","2026/02/13","6466","ＴＶＥ","東証およびＰＴＳ",,"確報",0,200,2600,0,0,0,2600,0,702000,9126000,0,0,0,9126000,,,0,0,378000,0,0,0,19.1,86,10.8,19.1,0,0,0
"2026/02/10","2026/02/13","6467","ニチダイ","東証およびＰＴＳ",,"確報",2000,0,18800,0,0,0,18800,720000,0,6768000,0,0,0,6768000,,,0,0,0,0,0,0,5,3.1,13.2,5,0,0,0
"2026/02/10","2026/02/13","6469","放電精密加工研究所","東証およびＰＴＳ",,"確報",2500,7200,23300,0,0,0,23300,8900000,25632000,82948000,0,0,0,82948000,,,0,0,4760000,0,0,0,12.3,12.4,12.2,12.3,0,0,0
"2026/02/10","2026/02/13","6470","大豊工業","東証およびＰＴＳ",,"確報",200,900,62200,0,2400,40800,21400,181000,814500,56291000,0,2172000,36924000,19367000,,,0,0,251600,0,0,172800,16.8,148.7,10.8,20.2,15.4,10.7,12.6
"2026/02/10","2026/02/13","6471","日本精工","東証およびＰＴＳ",,"確報",3300,4300,56800,1200,2200,56800,0,4199250,5471750,72278000,1527000,2799500,72278000,0,,,0,0,838100,0,0,838100,9.3,11.5,15.2,13.1,4.4,16,6.9
"2026/02/10","2026/02/13","6472","ＮＴＮ","東証およびＰＴＳ",,"確報",100,13700,154300,31900,8500,201300,-47000,41790,5725230,64481970,13331010,3552150,84123270,-19641300,,,0,0,990610,0,0,1049610,5.7,13.5,5.4,7.8,5.2,4.2,4.6
"2026/02/10","2026/02/13","6473","ジェイテクト","東証およびＰＴＳ",,"確報",2100,3200,25200,0,1100,25200,0,4280850,6523200,51370200,0,2242350,51370200,0,,,0,0,1052000,0,0,1052000,7.3,4,7.1,5.1,7.5,49.6,13.1
"2026/02/10","2026/02/13","6474","不二越","東証およびＰＴＳ",,"確報",1100,3100,17000,100,2100,17000,0,5753000,16213000,88910000,523000,10983000,88910000,0,,,0,0,1520000,0,0,1520000,6.8,4.8,5,4.9,1019,5.7,11.3
"2026/02/10","2026/02/13","6479","ミネベアミツミ","東証およびＰＴＳ",,"確報",3100,1500,16300,3200,1600,16300,0,10719800,5187000,56365400,11065600,5532800,56365400,0,,,0,0,0,588000,588000,0,5.2,4.6,4.7,4.7,5.8,5.9,5.9
"2026/02/10","2026/02/13","6480","日本トムソン","東証およびＰＴＳ",,"確報",3500,900,35300,1400,3400,27400,7900,3745000,963000,37771000,1498000,3638000,29318000,8453000,,,0,0,2779500,0,0,2499000,15.1,10.6,15.9,12.7,16.3,24.6,19.6
"2026/02/10","2026/02/13","6481","ＴＨＫ","東証およびＰＴＳ",,"確報",4000,3300,29400,2900,2200,29400,0,20512000,16922400,150763200,14871200,11281600,150763200,0,,,0,0,1291500,0,0,1291500,8.6,6.7,10.1,8,7.4,12,9.2
"2026/02/10","2026/02/13","6482","ＹＵＳＨＩＮ","東証およびＰＴＳ",,"確報",300,300,57600,3300,0,106900,-49300,246600,246600,47347200,2712600,0,87871800,-40524600,,,0,0,403200,0,0,725200,45.6,17.9,72.3,28.6,35.5,710.6,67.7
"2026/02/10","2026/02/13","6484","ケーブイケー","東証およびＰＴＳ",,"確報",0,0,300,0,0,0,300,0,0,775800,0,0,0,775800,,,0,0,15000,0,0,0,0,0,0,0,0,0,0
"2026/02/10","2026/02/13","6485","前澤給装工業","東証およびＰＴＳ",,"確報",6100,2000,14500,0,300,14500,0,10412700,3414000,24751500,0,512100,24751500,0,,,0,0,10400,0,0,14800,9.8,4.8,5.3,5,55.6,60.3,57.8
"2026/02/10","2026/02/13","6486","イーグル工業","東証およびＰＴＳ",,"確報",1900,0,21700,1300,3100,24000,-2300,6517000,0,74431000,4459000,10633000,82320000,-7889000,,,0,0,0,0,0,0,5.6,5.3,24.7,8.7,2.1,17.2,3.7
"2026/02/10","2026/02/13","6488","ヨシタケ","東証およびＰＴＳ",,"確報",0,0,0,0,0,0,0,0,0,0,0,0,0,0,,,0,0,0,0,0,0,0,0,0,0,0,0,0
"2026/02/10","2026/02/13","6489","前澤工業","東証およびＰＴＳ",,"確報",400,0,5400,0,0,1700,3700,862000,0,11637000,0,0,3663500,7973500,,,0,0,0,30000,10200,0,9.3,34.3,11.4,17.1,2.5,5.7,3.4
"2026/02/10","2026/02/13","6490","ＰＩＬＬＡＲ","東証およびＰＴＳ",,"確報",2600,2100,3800,500,2600,14000,-10200,19864000,16044000,29032000,3820000,19864000,106960000,-77928000,,,0,0,2574000,0,0,12558000,12.2,2.5,4.1,3.1,46.3,15.4,23.1
"2026/02/10","2026/02/13","6492","岡野バルブ製造","東証およびＰＴＳ",,"確報",1100,0,3600,0,0,0,3600,9141000,0,29916000,0,0,0,29916000,,,0,0,0,600000,0,0,10,15,7.5,10,0,0,0
"2026/02/10","2026/02/13","6493","ＮＩＴＴＡＮ","東証およびＰＴＳ",,"確報",500,2500,82800,0,0,0,82800,383500,1917500,63507600,0,0,0,63507600,,,0,0,1526400,0,0,0,34.3,141.3,19.5,34.3,0,0,0
"2026/02/10","2026/02/13","6494","ＮＦＫＨＤ","東証およびＰＴＳ",,"確報",4200,0,157100,0,0,0,157100,554400,0,20737200,0,0,0,20737200,,,0,0,0,305800,0,0,104,84.2,135.9,104,0,0,0
"2026/02/10","2026/02/13","6495","宮入バルブ製作所","東証およびＰＴＳ",,"確報",1900,54200,63900,0,0,0,63900,459800,13116400,15463800,0,0,0,15463800,,,0,0,0,2091600,0,0,4.9,4.4,5.5,4.9,0,0,0
"2026/02/10","2026/02/13","6496","中北製作所","東証およびＰＴＳ",,"確報",0,300,9000,0,0,6000,3000,0,2055000,61650000,0,0,41100000,20550000,,,0,0,558000,0,0,360000,42.4,61.6,22.4,32.9,0,39.1,78.3
"2026/02/10","2026/02/13","6497","ハマイ","東証およびＰＴＳ",,"確報",0,0,100,0,0,0,100,0,0,132700,0,0,0,132700,,,0,0,0,100,0,0,0,0,0,0,0,0,0
"2026/02/10","2026/02/13","6498","キッツ","東証およびＰＴＳ",,"確報",1300,1700,36700,0,1100,39400,-2700,2932800,3835200,82795200,0,2481600,88886400,-6091200,,,0,0,2300200,0,0,2511000,17,26.1,8.8,13.1,354,12.3,23.7
"2026/02/10","2026/02/13","6501","日立製作所","東証およびＰＴＳ",,"確報",101100,200,321500,300,98200,68500,253000,571215000,1130000,1816475000,1695000,554830000,387025000,1429450000,,,0,0,0,37060800,27955200,0,5.2,6.5,5.9,6.2,2.8,2.8,2.8
"2026/02/10","2026/02/13","6503","三菱電機","東証およびＰＴＳ",,"確報",11200,3600,161600,100,3800,2100,159500,65116800,20930400,939542400,581400,22093200,12209400,927333000,,,0,0,9394000,0,0,353800,5.5,26.5,3.8,6.6,1.1,1.1,1.1
"2026/02/10","2026/02/13","6504","富士電機","東証およびＰＴＳ",,"確報",1500,700,25200,800,300,1400,23800,17520000,8176000,294336000,9344000,3504000,16352000,277984000,,,0,0,15616000,0,0,576000,11.6,25.8,10.8,15.2,2.1,1.7,1.9
"2026/02/10","2026/02/13","6505","東洋電機製造","東証およびＰＴＳ",,"確報",1000,0,4900,200,500,2300,2600,2199000,0,10775100,439800,1099500,5057700,5717400,,,0,0,230100,0,0,153400,16.1,11.4,24,15.4,73,9.7,17.2
"2026/02/10","2026/02/13","6506","安川電機","東証およびＰＴＳ",,"確報",6300,46600,177700,7700,0,9600,168100,34335000,253970000,968465000,41965000,0,52320000,916145000,,,0,0,44254000,0,0,385700,12.9,37.4,8.5,13.9,1.6,5.3,2.4
"2026/02/10","2026/02/13","6507","シンフォニアテクノ","東証およびＰＴＳ",,"確報",1700,1500,6800,1000,900,8600,-1800,19363000,17085000,77452000,11390000,10251000,97954000,-20502000,,,0,0,0,198000,255000,0,7.3,6.3,5.5,5.9,9.3,9.1,9.2
"2026/02/10","2026/02/13","6508","明電舎","東証およびＰＴＳ",,"確報",1000,2000,15000,500,400,3400,11600,7080000,14160000,106200000,3540000,2832000,24072000,82128000,,,0,0,3040000,0,0,627000,6.9,33.9,3.8,6.8,7.1,8,7.5
"2026/02/10","2026/02/13","6513","オリジン","東証およびＰＴＳ",,"確報",0,0,800,0,0,0,800,0,0,876000,0,0,0,876000,,,0,0,4800,0,0,0,13.3,0,6.7,13.3,0,0,0
"2026/02/10","2026/02/13","6516","山洋電気","東証およびＰＴＳ",,"確報",800,500,6400,300,0,6400,0,3652000,2282500,29216000,1369500,0,29216000,0,,,0,0,457500,0,0,457500,15.5,15.9,9.4,11.8,43.1,15.1,22.4
"2026/02/10","2026/02/13","6517","デンヨー","東証およびＰＴＳ",,"確報",8200,7100,8700,100,400,8700,0,30873000,26731500,32755500,376500,1506000,32755500,0,,,0,0,0,304000,360000,0,2.1,1.1,1.2,1.2,27.6,4.9,8.4
"2026/02/10","2026/02/13","6518","三相電機","東証およびＰＴＳ",,"確報",300,400,8700,0,0,0,8700,372300,496400,10796700,0,0,0,10796700,,,0,0,1390400,0,0,0,37.8,54.4,29,37.8,0,0,0
"2026/02/10","2026/02/13","6521","オキサイド","東証およびＰＴＳ",,"確報",1400,0,14600,0,0,0,14600,3638600,0,37945400,0,0,0,37945400,,,0,0,1306800,0,0,0,9.5,30.4,5.7,9.5,0,0,0
"2026/02/10","2026/02/13","6522","アスタリスク","東証およびＰＴＳ",,"確報",1100,1100,46300,0,0,46300,0,440000,440000,18520000,0,0,18520000,0,,,0,0,185200,0,0,185200,80.2,43.1,40.1,41.6,0,581.8,1163.5
"2026/02/10","2026/02/13","6523","ＰＨＣＨＤ","東証およびＰＴＳ",,"確報",0,0,4900,0,0,0,4900,0,0,5502700,0,0,0,5502700,,,0,0,83300,0,0,0,78.3,47,235,78.3,0,0,0
"2026/02/10","2026/02/13","6524","湖北工業","東証およびＰＴＳ",,"確報",4100,2300,38800,200,200,15700,23100,15313500,8590500,144918000,747000,747000,58639500,86278500,,,0,0,5735000,0,0,2433500,12.6,7.4,33.2,12.2,28.1,8.7,13.3
"2026/02/10","2026/02/13","6525","ＫＯＫＵＳＡＩ","東証およびＰＴＳ",,"確報",24900,11200,99300,0,52700,32900,66400,155450700,69921600,619929900,0,329006100,205394700,414535200,,,0,0,0,14295200,14295200,0,2.2,3.3,4.3,3.7,1.5,1.4,1.4
"2026/02/10","2026/02/13","6526","ソシオネクスト","東証およびＰＴＳ",,"確報",11300,1700,368000,0,0,2000,366000,23803450,3581050,775192000,0,0,4213000,770979000,,,0,0,0,1612800,9000,0,50.3,86.8,36.8,51.7,2.4,24,4.4
"2026/02/10","2026/02/13","6532","ベイカレント","東証およびＰＴＳ",,"確報",5000,1700,93500,0,5600,62400,31100,25200000,8568000,471240000,0,28224000,314496000,156744000,,,0,0,10282800,0,0,7752000,13.2,31.5,19.3,23.9,4.8,24,7.9
"2026/02/10","2026/02/13","6533","オーケストラＨＤ","東証およびＰＴＳ",,"確報",200,200,300,0,0,0,300,232000,232000,348000,0,0,0,348000,,,0,0,300,0,0,0,2.2,6.9,1.3,2.2,0,0,0
"2026/02/10","2026/02/13","6535","アイモバイル","東証およびＰＴＳ",,"確報",900,0,46600,0,0,6200,40400,474300,0,24558200,0,0,3267400,21290800,,,0,0,137100,0,0,18600,135.4,98.3,150.8,119.1,0,0,0
"2026/02/10","2026/02/13","6537","ＷＡＳＨハウス","東証およびＰＴＳ",,"確報",3700,700,38700,0,1900,15600,23100,1424500,269500,14899500,0,731500,6006000,8893500,,,0,0,0,0,0,0,23.4,17.6,18.1,17.9,0,30.6,61.1
"2026/02/10","2026/02/13","6538","ディスラプターズ","東証およびＰＴＳ",,"確報",0,100,9200,0,400,3200,6000,0,34000,3128000,0,136000,1088000,2040000,,,0,0,0,18600,7200,0,28.8,74.7,448,128,8.2,9.8,8.9
"2026/02/10","2026/02/13","6539","ＭＳ－Ｊａｐａｎ","東証およびＰＴＳ",,"確報",300,6600,18700,0,800,29900,-11200,317400,6982800,19784600,0,846400,31634200,-11849600,,,0,0,25000,0,0,30700,18.8,11.2,12,11.6,19.2,123.3,33.3
"2026/02/10","2026/02/13","6540","船場","東証およびＰＴＳ",,"確報",0,100,2200,0,100,2200,0,0,180300,3966600,0,180300,3966600,0,,,0,0,34500,0,0,34500,10.7,7.1,6.3,6.7,35.7,21.4,26.8
"2026/02/10","2026/02/13","6543","日宣","東証およびＰＴＳ",,"確報",0,0,3500,0,0,0,3500,0,0,4529000,0,0,0,4529000,,,0,0,31500,0,0,0,68,56.7,85,68,0,0,0
"2026/02/10","2026/02/13","6544","ＪＥＳＨＤ","東証およびＰＴＳ",,"確報",30300,17800,67400,3800,3700,67400,0,52116000,30616000,115928000,6536000,6364000,115928000,0,,,0,0,3376350,0,0,4138950,6.8,3.2,3.9,3.5,29.8,70.4,41.9
"2026/02/10","2026/02/13","6545","ＩＩＦ","東証およびＰＴＳ",,"確報",0,0,1400,0,0,400,1000,0,0,971600,0,0,277600,694000,,,0,0,0,5600,1600,0,58.7,71,71,71,17,0,34
"2026/02/10","2026/02/13","6546","フルテック","東証およびＰＴＳ",,"確報",4100,0,4300,0,200,3300,1000,4866700,0,5104100,0,237400,3917100,1187000,,,0,0,0,2200,38500,0,3,1,1.6,1.3,191,17.4,31.8
"2026/02/10","2026/02/13","6547","グリーンズ","東証およびＰＴＳ",,"確報",1700,0,36100,0,100,0,36100,3728100,0,79167300,0,219300,0,79167300,,,0,0,0,68800,200,0,13.4,7.2,118.8,13.5,2,2,2
"2026/02/10","2026/02/13","6548","旅工房","東証およびＰＴＳ",,"確報",200,4200,5600,0,0,0,5600,34200,718200,957600,0,0,0,957600,,,0,0,124800,0,0,0,5.7,5.5,5.9,5.7,0,0,0
"2026/02/10","2026/02/13","6549","ディーエムソリュ","東証およびＰＴＳ",,"確報",0,0,900,0,0,0,900,0,0,1440900,0,0,0,1440900,,,0,0,4500,0,0,0,39,19.5,0,39,0,0,0
"2026/02/10","2026/02/13","6551","ツナグＧＨＤ","東証およびＰＴＳ",,"確報",6100,100,67200,0,0,0,67200,4215100,69100,46435200,0,0,0,46435200,,,0,0,0,1407600,0,0,35.4,18.7,360.4,35.6,0,2,4
"2026/02/10","2026/02/13","6552","ＧａｍｅＷｉｔｈ","東証およびＰＴＳ",,"確報",100,0,22500,0,0,0,22500,16800,0,3780000,0,0,0,3780000,,,0,0,89600,0,0,0,99.8,54.9,549,99.8,0,0,0
"2026/02/10","2026/02/13","6554","エスユーエス","東証およびＰＴＳ",,"確報",200,100,47700,0,0,0,47700,227200,113600,54187200,0,0,0,54187200,,,0,0,0,238000,0,0,16.8,8.6,361.2,16.8,0,0,0
"2026/02/10","2026/02/13","6555","ＭＳコンサル","東証およびＰＴＳ",,"確報",0,0,2900,0,0,0,2900,0,0,1209300,0,0,0,1209300,,,0,0,5800,0,0,0,27.8,167,15.2,27.8,0,0,0
"2026/02/10","2026/02/13","6557","ＡＩＡＩグループ","東証およびＰＴＳ",,"確報",0,300,3100,0,0,0,3100,0,391500,4045500,0,0,0,4045500,,,0,0,13600,0,0,0,13,12.4,13.5,13,0,0,0
"2026/02/10","2026/02/13","6558","クックビズ","東証およびＰＴＳ",,"確報",100,0,4000,0,0,0,4000,80400,0,3216000,0,0,0,3216000,,,0,0,0,140400,0,0,133.3,200,100,133.3,0,0,0
"2026/02/10","2026/02/13","6560","エル・ティー・エス","東証およびＰＴＳ",,"確報",0,0,1400,0,0,500,900,0,0,2839200,0,0,1014000,1825200,,,0,0,117600,0,0,42000,26.9,16.8,0,33.5,27,13.5,18
"2026/02/10","2026/02/13","6561","ＨＡＮＡＴＯＵＲ","東証およびＰＴＳ",,"確報",100,0,11700,0,0,0,11700,91000,0,10647000,0,0,0,10647000,,,0,0,116000,0,0,0,16.3,57.9,9.5,16.3,0,0,0
"2026/02/10","2026/02/13","6562","ジーニー","東証およびＰＴＳ",,"確報",100,2900,210900,1900,100,92700,118200,102400,2969600,215961600,1945600,102400,94924800,121036800,,,0,0,5769900,0,0,2454300,118.6,104.3,339.7,159.5,66.7,82.7,73.8
"2026/02/10","2026/02/13","6563","みらいワークス","東証およびＰＴＳ",,"確報",200,0,2100,0,0,1100,1000,127200,0,1335600,0,0,699600,636000,,,0,0,7600,0,0,4400,15.2,17.2,17.2,17.2,0,6.4,12.8
"2026/02/10","2026/02/13","6564","ミダックＨＤ","東証およびＰＴＳ",,"確報",0,1600,50600,0,0,0,50600,0,3396800,107423800,0,0,0,107423800,,,0,0,52200,0,0,0,44.3,540.8,23.1,44.3,0,0,0
"2026/02/10","2026/02/13","6565","ＡＢホテル","東証およびＰＴＳ",,"確報",0,100,4200,0,0,0,4200,0,159700,6707400,0,0,0,6707400,,,0,0,4300,0,0,0,36.3,36.3,36.3,36.3,0,0,0
"2026/02/10","2026/02/13","6566","要興業","東証およびＰＴＳ",,"確報",100,0,1400,100,0,1400,0,156000,0,2184000,156000,0,2184000,0,,,0,0,91000,0,0,91000,26.8,16.8,22.3,19.1,33.5,67,44.7
"2026/02/10","2026/02/13","6568","神戸天然物化学","東証およびＰＴＳ",,"確報",300,0,9600,0,0,0,9600,379500,0,12144000,0,0,0,12144000,,,0,0,46500,0,0,0,64.9,121.8,44.3,64.9,0,0,0
"2026/02/10","2026/02/13","6570","共和コーポレーション","東証およびＰＴＳ",,"確報",900,0,7100,0,0,0,7100,1108800,0,8747200,0,0,0,8747200,,,0,0,24800,0,0,0,33.4,22.1,0,44.3,3.5,2.3,2.8
"2026/02/10","2026/02/13","6571","キュービーネットＨＤ","東証およびＰＴＳ",,"確報",0,0,7000,0,0,0,7000,0,0,9821000,0,0,0,9821000,,,0,0,0,35000,0,0,239.3,0,119.7,239.3,0,0,0
"2026/02/10","2026/02/13","6572","オープングループ","東証およびＰＴＳ",,"確報",3700,400,109000,3400,100,109000,0,873200,94400,25724000,802400,23600,25724000,0,,,0,0,951300,0,0,951300,34,32.2,20.1,24.8,110.2,36,54.3
"2026/02/10","2026/02/13","6573","ＣＲＡＶＩＡ","東証およびＰＴＳ",,"確報",0,1800,221300,0,0,0,221300,0,129600,15933600,0,0,0,15933600,,,0,0,223100,0,0,0,66.6,49.7,100.8,66.6,0,0,0
"2026/02/10","2026/02/13","6574","コンヴァノ","東証およびＰＴＳ",,"確報",100,8100,464000,0,0,0,464000,12700,1028700,58928000,0,0,0,58928000,,,0,0,1416000,0,0,0,47,48.2,45.9,47,0,0,0
"2026/02/10","2026/02/13","6577","ベストワンドットコム","東証およびＰＴＳ",,"確報",0,0,700,0,0,0,700,0,0,1369900,0,0,0,1369900,,,0,0,2800,0,0,0,20.7,15.5,31,20.7,0,0,0
"2026/02/10","2026/02/13","6578","コレックＨＤ","東証およびＰＴＳ",,"確報",0,0,300,0,0,0,300,0,0,143400,0,0,0,143400,,,0,0,0,900,0,0,0,0,0,0,0,0,0
"2026/02/10","2026/02/13","6579","ログリー","東証およびＰＴＳ",,"確報",0,0,300,0,0,0,300,0,0,99000,0,0,0,99000,,,0,0,1500,0,0,0,16,16,16,16,0,0,0
"2026/02/10","2026/02/13","6580","ライトアップ","東証およびＰＴＳ",,"確報",400,2500,22600,0,2100,22600,0,1066000,6662500,60229000,0,5596500,60229000,0,,,0,0,0,24700,24700,0,26.2,18,26.5,21.4,26,48.7,33.9
"2026/02/10","2026/02/13","6584","三櫻工業","東証およびＰＴＳ",,"確報",600,700,32700,2800,0,3000,29700,540000,630000,29430000,2520000,0,2700000,26730000,,,0,0,590400,0,0,3600,11.8,52.8,7.4,13,1.1,17,2
"2026/02/10","2026/02/13","6586","マキタ","東証およびＰＴＳ",,"確報",300,300,4100,6200,2700,32800,-28700,1829400,1829400,25001800,37807600,16464600,200014400,-175012600,,,0,0,574000,0,0,4102000,5.3,3.4,3.3,3.3,5.2,6.8,5.9
"2026/02/10","2026/02/13","6588","東芝テック","東証およびＰＴＳ",,"確報",500,1500,20000,4000,5000,20000,0,1507500,4522500,60300000,12060000,15075000,60300000,0,,,0,0,4767000,0,0,4767000,11.7,9.7,8.9,9.3,16.9,14.6,15.7
"2026/02/10","2026/02/13","6590","芝浦メカトロニクス","東証およびＰＴＳ",,"確報",5400,0,14700,0,4000,4500,10200,136026000,0,370293000,0,100760000,113355000,256938000,,,0,0,0,13113000,11985000,0,3.2,2.7,4.4,3.4,3.5,2.6,3
"2026/02/10","2026/02/13","6592","マブチモーター","東証およびＰＴＳ",,"確報",900,0,78400,5900,1100,46300,32100,1395900,0,121598400,9150900,1706100,71811300,49787100,,,0,0,1627500,0,0,871500,33.3,100.2,66.3,79.8,10.8,33.2,16.3
"2026/02/10","2026/02/13","6594","ニデック","東証およびＰＴＳ",,"確報",700,17500,611400,4300,0,6000,605400,1670900,41772500,1459411800,10264100,0,14322000,1445089800,,,0,0,16961400,0,0,45900,95.5,194.6,71.8,104.9,1.3,80,2.6
"2026/02/10","2026/02/13","6597","ＨＰＣシステムズ","東証およびＰＴＳ",,"確報",600,0,20300,0,0,0,20300,1161000,0,39280500,0,0,0,39280500,,,0,0,256100,0,0,0,55.8,64.5,49.1,55.8,0,0,0
"2026/02/10","2026/02/13","6599","エブレン","東証およびＰＴＳ",,"確報",0,100,1500,0,0,0,1500,0,290500,4357500,0,0,0,4357500,,,0,0,4800,0,0,0,39.5,39.5,39.5,39.5,0,0,0
"2026/02/10","2026/02/13","6612","バルミューダ","東証およびＰＴＳ",,"確報",0,0,800,0,0,0,800,0,0,511200,0,0,0,511200,,,0,0,5600,0,0,0,0,0,0,0,0,0,0
"2026/02/10","2026/02/13","6613","ＱＤレーザ","東証およびＰＴＳ",,"確報",335600,8000,628200,0,0,0,628200,211763600,5048000,396394200,0,0,0,396394200,,,0,0,1202400,0,0,0,5.7,3.4,16.7,5.7,0,0,0
"2026/02/10","2026/02/13","6614","シキノハイテック","東証およびＰＴＳ",,"確報",1500,2700,9300,34600,200,50600,-41300,1590000,2862000,9858000,36676000,212000,53636000,-43778000,,,0,0,1575000,0,0,2430000,6.2,8.1,6.8,7.4,3.1,39.8,5.8
"2026/02/10","2026/02/13","6615","ＵＭＣエレ","東証およびＰＴＳ",,"確報",1400,0,34100,0,0,0,34100,495600,0,12071400,0,0,0,12071400,,,0,0,261600,0,0,0,95.4,72.6,139.2,95.4,0,0,0
"2026/02/10","2026/02/13","6616","トレックス・セミコン","東証およびＰＴＳ",,"確報",300,100,5800,0,0,0,5800,495000,165000,9570000,0,0,0,9570000,,,0,0,408800,0,0,0,17.2,14.1,22.3,17.2,0,0,0
"2026/02/10","2026/02/13","6617","東光高岳","東証およびＰＴＳ",,"確報",800,1600,14100,0,800,14100,0,4200000,8400000,74025000,0,4200000,74025000,0,,,0,0,1490000,0,0,1490000,14.4,17.9,7,10.1,25.6,51.1,34.1
"2026/02/10","2026/02/13","6619","ダブル・スコープ","東証およびＰＴＳ",,"確報",111900,69000,476800,43000,100,476800,0,19694400,12144000,83916800,7568000,17600,83916800,0,,,0,0,4339000,0,0,4339000,14.3,11.5,9,10.1,35,18.7,24.4
"2026/02/10","2026/02/13","6620","宮越ホールディングス","東証およびＰＴＳ",,"確報",5200,500,51900,600,900,170400,-118500,4508400,433500,44997300,520200,780300,147736800,-102739500,,,0,0,0,708000,2560500,0,50.7,34.7,14.8,20.7,101.3,82.6,91
"2026/02/10","2026/02/13","6622","ダイヘン","東証およびＰＴＳ",,"確報",700,0,12000,0,300,6700,5300,9513000,0,163080000,0,4077000,91053000,72027000,,,0,0,4294000,0,0,2660000,11.4,13,8,9.9,17.6,14,15.6
"2026/02/10","2026/02/13","6625","ＪＡＬＣＯ　ＨＤ","東証およびＰＴＳ",,"確報",2500,102500,503500,0,100000,503500,0,1057500,43357500,212980500,0,42300000,212980500,0,,,0,0,1810500,0,0,1810500,51.4,220.8,26.4,47.2,971.4,29.1,56.5
"2026/02/10","2026/02/13","6626","ＳＥＭＩＴＥＣ","東証およびＰＴＳ",,"確報",400,0,2600,0,0,0,2600,977600,0,6354400,0,0,0,6354400,,,0,0,83600,0,0,0,25.3,19,38,25.3,0,0,0
"2026/02/10","2026/02/13","6627","テラプローブ","東証およびＰＴＳ",,"確報",3900,500,8900,0,0,0,8900,32760000,4200000,74760000,0,0,0,74760000,,,0,0,2200000,0,0,0,9,5.3,28.7,9,0,0,0
"2026/02/10","2026/02/13","6629","テクノホライゾン","東証およびＰＴＳ",,"確報",108400,116200,366600,0,7800,366600,0,121624800,130376400,411325200,0,8751600,411325200,0,,,0,0,2246400,0,0,2246400,6.6,3.8,3.4,3.6,196.1,27.9,48.9
"2026/02/10","2026/02/13","6630","ヤーマン","東証およびＰＴＳ",,"確報",300,0,31600,0,1100,265300,-233700,209400,0,22056800,0,767800,185179400,-163122600,,,0,0,0,93900,799200,0,70.2,7.2,34.1,11.8,315.3,84.2,132.9
"2026/02/10","2026/02/13","6632","ＪＶＣケンウッド","東証およびＰＴＳ",,"確報",300,4300,34300,17600,0,34300,0,393300,5637300,44967300,23073600,0,44967300,0,,,0,0,2719300,0,0,1185700,4.9,21.4,9.7,13.3,2.2,1.7,1.9
"2026/02/10","2026/02/13","6633","ＣＧＳＨＤ","東証およびＰＴＳ",,"確報",0,0,6100,0,0,100,6000,0,0,2452200,0,0,40200,2412000,,,0,0,18300,0,0,300,34.2,43.7,30.6,36,2,0,4
"2026/02/10","2026/02/13","6634","ネクスグループ","東証およびＰＴＳ",,"確報",0,600,167800,0,0,0,167800,0,70800,19800400,0,0,0,19800400,,,0,0,0,0,0,0,158.2,115.9,249.3,158.2,0,0,0
"2026/02/10","2026/02/13","6635","大日光・エンジニア","東証およびＰＴＳ",,"確報",100,200,9100,0,0,0,9100,53400,106800,4859400,0,0,0,4859400,,,0,0,36800,0,0,0,64.6,56.5,75.3,64.6,0,0,0
"2026/02/10","2026/02/13","6637","寺崎電気産業","東証およびＰＴＳ",,"確報",0,600,18100,0,0,0,18100,0,2868000,86518000,0,0,0,86518000,,,0,0,5329500,0,0,0,71.4,61.9,84.4,71.4,0,0,0
"2026/02/10","2026/02/13","6638","ミマキエンジニア","東証およびＰＴＳ",,"確報",1100,200,15700,900,0,15700,0,2074600,377200,29610200,1697400,0,29610200,0,,,0,0,103600,0,0,103600,11,8.3,42.9,14,5,41.2,8.9
"2026/02/10","2026/02/13","6643","戸上電機製作所","東証およびＰＴＳ",,"確報",0,200,3900,0,0,100,3800,0,960000,18720000,0,0,480000,18240000,,,0,0,0,164000,4000,0,12.3,19.1,8.9,12.1,0,0,0
"2026/02/10","2026/02/13","6644","大崎電気工業","東証およびＰＴＳ",,"確報",0,1000,19500,0,400,10400,9100,0,1542000,30069000,0,616800,16036800,14032200,,,0,0,738000,0,0,388800,13.6,17.7,13.3,15.2,7,23.5,10.8
"2026/02/10","2026/02/13","6645","オムロン","東証およびＰＴＳ",,"確報",1300,12400,18100,8400,3300,18100,0,6331000,60388000,88147000,40908000,16071000,88147000,0,,,0,0,0,1489200,663000,0,4.9,45.8,4,7.3,1.7,3.8,2.4
"2026/02/10","2026/02/13","6647","森尾電機","東証およびＰＴＳ",,"確報",100,200,300,0,0,0,300,263000,526000,789000,0,0,0,789000,,,0,0,0,400,0,0,2.7,2,4,2.7,0,0,0
"2026/02/10","2026/02/13","6648","かわでん","東証およびＰＴＳ",,"確報",4400,5500,16600,0,0,0,16600,9636000,12045000,36354000,0,0,0,36354000,,,0,0,0,2637300,0,0,7.2,5.4,10.8,7.2,0,0,0
"2026/02/10","2026/02/13","6651","日東工業","東証およびＰＴＳ",,"確報",500,12000,13400,0,7500,17400,-4000,2145000,51480000,57486000,0,32175000,74646000,-17160000,,,0,0,0,1494000,1494000,0,8.4,6,6.5,6.3,10.8,12.4,11.5
"2026/02/10","2026/02/13","6652","ＩＤＥＣ","東証およびＰＴＳ",,"確報",200,1800,9100,100,1700,9100,0,631000,5679000,28710500,315500,5363500,28710500,0,,,0,0,1016500,0,0,1016500,10.5,7.7,7.1,7.4,20.9,16.7,18.6
"2026/02/10","2026/02/13","6653","正興電機製作所","東証およびＰＴＳ",,"確報",4500,2400,19500,2100,0,19500,0,12294000,6556800,53274000,5737200,0,53274000,0,,,0,0,2001000,0,0,2001000,12.9,7.5,12.1,9.3,11.4,194.5,21.6
"2026/02/10","2026/02/13","6654","不二電機工業","東証およびＰＴＳ",,"確報",2500,0,30800,300,100,30800,0,2752500,0,33910800,330300,110100,33910800,0,,,0,0,169800,0,0,183600,31,24.7,37.7,29.8,55.7,22.6,32.1
"2026/02/10","2026/02/13","6656","インスペック","東証およびＰＴＳ",,"確報",700,6400,112800,0,700,173700,-60900,457800,4185600,73771200,0,457800,113599800,-39828600,,,0,0,118500,0,0,174400,28.7,27.7,47.1,34.9,13,685.8,25.5
"2026/02/10","2026/02/13","6658","シライ電子工業","東証およびＰＴＳ",,"確報",0,100,3300,0,0,0,3300,0,77200,2547600,0,0,0,2547600,,,0,0,47600,0,0,0,25.1,44,17.6,25.1,0,0,0
"2026/02/10","2026/02/13","6659","メディアリンクス","東証およびＰＴＳ",,"確報",500,44500,365700,0,0,644100,-278400,24000,2136000,17553600,0,0,30916800,-13363200,,,0,0,819400,0,0,1288200,9.6,8.9,2.2,3.6,0,6441.8,9999.9
"2026/02/10","2026/02/13","6662","ユビテック","東証およびＰＴＳ",,"確報",0,1000,1400,0,0,0,1400,0,234000,327600,0,0,0,327600,,,0,0,0,7200,0,0,3.8,3.7,3.9,3.8,0,0,0
"2026/02/10","2026/02/13","6663","太洋テクノレックス","東証およびＰＴＳ",,"確報",2300,2000,33900,0,0,0,33900,784300,682000,11559900,0,0,0,11559900,,,0,0,0,100800,0,0,9.6,9.8,9.4,9.6,0,0,0
"2026/02/10","2026/02/13","6664","オプトエレク","東証およびＰＴＳ",,"確報",100,100,100100,0,0,100100,0,33200,33200,33233200,0,0,33233200,0,,,0,0,300300,0,0,300300,68,1054.4,34.2,66.3,5272,35.1,69.8
"2026/02/10","2026/02/13","6666","リバーエレテック","東証およびＰＴＳ",,"確報",0,1500,16600,0,0,0,16600,0,735000,8134000,0,0,0,8134000,,,0,0,253400,0,0,0,33.3,40.9,28.1,33.3,0,0,0
"2026/02/10","2026/02/13","6668","アドテックプラズマ","東証およびＰＴＳ",,"確報",0,3000,179700,0,0,0,179700,0,5835000,349516500,0,0,0,349516500,,,0,0,11875500,0,0,0,167.7,576.3,98.1,167.7,0,0,0
"2026/02/10","2026/02/13","6670","ＭＣＪ","東証およびＰＴＳ",,"確報",0,2200,69400,100,0,300,69100,0,5016000,158232000,228000,0,684000,157548000,,,0,0,0,1360400,3800,0,13.2,37.8,9.8,15.5,6.5,2.1,3.1
"2026/02/10","2026/02/13","6674","ジーエス・ユアサ","東証およびＰＴＳ",,"確報",1000,1400,18200,6000,0,13000,5200,4477000,6267800,81481400,26862000,0,58201000,23280400,,,0,0,4222200,0,0,1589000,5,18.2,4.6,7.3,1.8,4.6,2.6
"2026/02/10","2026/02/13","6675","サクサ","東証およびＰＴＳ",,"確報",200,100,13200,100,0,13200,0,1480000,740000,97680000,740000,0,97680000,0,,,0,0,2358000,0,0,2358000,51.6,39.4,51.5,44.7,51.6,74.6,61
"2026/02/10","2026/02/13","6676","バッファロー","東証およびＰＴＳ",,"確報",1000,0,11100,200,600,46100,-35000,4775000,0,53002500,955000,2865000,220127500,-167125000,,,0,0,959500,0,0,4417500,51.6,10.4,22.9,14.3,78.6,175.2,108.5
"2026/02/10","2026/02/13","6677","エスケーエレク","東証およびＰＴＳ",,"確報",1800,600,5200,0,0,0,5200,6138000,2046000,17732000,0,0,0,17732000,,,0,0,100000,0,0,0,11.4,7,31.3,11.4,0,0,0
"2026/02/10","2026/02/13","6678","テクノメディカ","東証およびＰＴＳ",,"確報",0,0,4200,0,0,0,4200,0,0,10416000,0,0,0,10416000,,,0,0,252000,0,0,0,17.7,13.5,25.4,17.7,0,0,0
"2026/02/10","2026/02/13","6694","ズーム","東証およびＰＴＳ",,"確報",0,0,1400,0,0,0,1400,0,0,918400,0,0,0,918400,,,0,0,0,4200,0,0,40,0,20,40,0,0,0
"2026/02/10","2026/02/13","6696","トラースＯＰ","東証およびＰＴＳ",,"確報",1600,100,8700,0,0,0,8700,547200,34200,2975400,0,0,0,2975400,,,0,0,43200,0,0,0,17.7,18.6,16.9,17.7,0,0,0
"2026/02/10","2026/02/13","6699","ダイヤＨＤ","東証およびＰＴＳ",,"確報",2000,0,28800,0,0,0,28800,1236000,0,17798400,0,0,0,17798400,,,0,0,321600,0,0,0,38.8,44.4,34.4,38.8,0,0,0
"2026/02/10","2026/02/13","6701","日本電気","東証およびＰＴＳ",,"確報",75800,34500,716100,2000,13500,9800,706300,366493000,166807500,3462343500,9670000,65272500,47383000,3414960500,,,0,0,220659600,0,0,6965100,9.1,6.3,21.4,9.8,1.8,1.7,1.8
"2026/02/10","2026/02/13","6702","富士通","東証およびＰＴＳ",,"確報",18400,14500,579400,0,10900,200,579200,75863200,59783500,2388866200,0,44940700,824600,2388041600,,,0,0,61578500,0,0,1187700,13.2,8.8,32.2,13.8,1.5,1.5,1.5
"2026/02/10","2026/02/13","6703","沖電気工業","東証およびＰＴＳ",,"確報",5300,3000,31900,15500,13200,31900,0,14628000,8280000,88044000,42780000,36432000,88044000,0,,,0,0,4588000,0,0,4588000,5.4,11.8,5.2,7.2,2.3,5.9,3.3
"2026/02/10","2026/02/13","6706","電気興業","東証およびＰＴＳ",,"確報",1100,200,31000,0,1000,42000,-11000,3180100,578200,89621000,0,2891000,121422000,-31801000,,,0,0,602000,0,0,860000,39.8,23.5,76.3,35.9,69.8,31,42.9
"2026/02/10","2026/02/13","6707","サンケン電気","東証およびＰＴＳ",,"確報",200,0,5200,2500,200,39000,-33800,1644200,0,42749200,20552500,1644200,320619000,-277869800,,,0,0,0,145000,1064300,0,19.3,16.5,9,11.6,13.1,67,21.9
"2026/02/10","2026/02/13","6718","アイホン","東証およびＰＴＳ",,"確報",400,1600,12900,100,1300,12900,0,1152800,4611200,37177800,288200,3746600,37177800,0,,,0,0,98700,0,0,98700,7.4,5.1,12.2,7.2,5.3,13.3,7.6
"2026/02/10","2026/02/13","6721","ウインテスト","東証およびＰＴＳ",,"確報",5100,1800,152600,0,0,0,152600,627300,221400,18769800,0,0,0,18769800,,,0,0,597200,0,0,0,31.4,26.4,38.6,31.4,0,0,0
"2026/02/10","2026/02/13","6723","ルネサスエレク","東証およびＰＴＳ",,"確報",62500,109200,175800,4700,51400,175800,0,186406250,325689000,524323500,14017750,153300500,524323500,0,,,0,0,0,26811250,26811250,0,3.5,2.3,3.1,2.7,6.1,4.6,5.2
"2026/02/10","2026/02/13","6724","セイコーエプソン","東証およびＰＴＳ",,"確報",7100,0,19600,7400,300,19600,0,15350200,0,42375200,15998800,648600,42375200,0,,,0,0,656250,0,0,656250,3.4,3,4.4,3.6,2.7,3.9,3.2
"2026/02/10","2026/02/13","6727","ワコム","東証およびＰＴＳ",,"確報",4300,0,12400,4500,200,12400,0,3796900,0,10949200,3973500,176600,10949200,0,,,0,0,170100,0,0,170100,4.9,3.4,5.2,4.1,4.5,9.5,6.1
"2026/02/10","2026/02/13","6728","アルバック","東証およびＰＴＳ",,"確報",2700,2100,6500,600,0,6500,0,23805900,18515700,57310500,5290200,0,57310500,0,,,0,0,778800,0,0,778800,9.9,9.6,5.7,7.1,37.3,10.2,16
"2026/02/10","2026/02/13","6730","アクセル","東証およびＰＴＳ",,"確報",0,1500,18700,0,0,4100,14600,0,1881000,23449800,0,0,5141400,18308400,,,0,0,0,141400,28700,0,16.6,15.5,20.2,17.5,13.1,13.9,13.5
"2026/02/10","2026/02/13","6731","ピクセラ","東証およびＰＴＳ",,"確報",5400,4600,414600,0,0,0,414600,221400,188600,16998600,0,0,0,16998600,,,0,0,827600,0,0,0,26.9,54.9,17.9,26.9,0,0,0
"2026/02/10","2026/02/13","6734","ニューテック","東証およびＰＴＳ",,"確報",0,0,0,0,0,0,0,0,0,0,0,0,0,0,,,0,0,0,0,0,0,0,0,0,0,0,0,0
"2026/02/10","2026/02/13","6736","サン電子","東証およびＰＴＳ",,"確報",700,400,6100,100,100,19100,-13000,6055000,3460000,52765000,865000,865000,165215000,-112450000,,,0,0,1508000,0,0,4966000,25.8,12.1,7.9,9.6,54.7,930,103.3
"2026/02/10","2026/02/13","6737","ＥＩＺＯ","東証およびＰＴＳ",,"確報",2800,800,25500,5200,0,49700,-24200,6193600,1769600,56406000,11502400,0,109936400,-53530400,,,0,0,540500,0,0,1023500,19.1,11.9,42.3,18.6,12.7,40.9,19.4
"2026/02/10","2026/02/13","6740","ジャパンディスプレイ","東証およびＰＴＳ",,"確報",99400,1273300,4472700,251100,2669100,780500,3692200,2485000,31832500,111817500,6277500,66727500,19512500,92305000,,,0,0,5646600,0,0,3198500,11.1,38.8,9.9,15.8,24.3,4.3,7.3
"2026/02/10","2026/02/13","6741","日本信号","東証およびＰＴＳ",,"確報",2500,0,4500,400,600,1500,3000,4135000,0,7443000,661600,992400,2481000,4962000,,,0,0,62000,0,0,52700,2.2,3.1,2.1,2.5,2,1.8,1.9
"2026/02/10","2026/02/13","6742","京三製作所","東証およびＰＴＳ",,"確報",200,2300,20000,0,2100,20000,0,147400,1695100,14740000,0,1547700,14740000,0,,,0,0,0,66300,66300,0,16.6,12,20.9,15.2,13.7,26.7,18.1
"2026/02/10","2026/02/13","6743","大同信号","東証およびＰＴＳ",,"確報",100,0,2800,0,0,0,2800,86800,0,2430400,0,0,0,2430400,,,0,0,13500,0,0,0,5,4.3,6,5,0,0,0
"2026/02/10","2026/02/13","6744","能美防災","東証およびＰＴＳ",,"確報",300,400,10400,200,900,9800,600,1177500,1570000,40820000,785000,3532500,38465000,2355000,,,0,0,420000,0,0,420000,24.1,24.2,23.2,23.7,29,21.2,24.5
"2026/02/10","2026/02/13","6745","ホーチキ","東証およびＰＴＳ",,"確報",500,1100,9800,1700,0,27700,-17900,2715000,5973000,53214000,9231000,0,150411000,-97197000,,,0,0,1976000,0,0,4940000,12.1,4.7,5.7,5.2,17.8,49.3,26.1
"2026/02/10","2026/02/13","6748","星和電機","東証およびＰＴＳ",,"確報",0,600,7800,1000,0,5100,2700,0,547800,7121400,913000,0,4656300,2465100,,,0,0,126000,0,0,61500,13,35.9,56.4,43.9,4.1,7.6,5.3
"2026/02/10","2026/02/13","6750","エレコム","東証およびＰＴＳ",,"確報",200,0,3600,0,0,100,3500,338600,0,6094800,0,0,169300,5925500,,,0,0,20400,0,0,600,37,61,30.5,40.7,2,0,4
"2026/02/10","2026/02/13","6752","パナソニックＨＤ","東証およびＰＴＳ",,"確報",1600,7000,36700,66600,1500,593300,-556600,4028000,17622500,92392250,167665500,3776250,1493632750,-1401240500,,,0,0,1978700,0,0,24825400,10.5,3.4,2.5,2.9,9.3,31.9,14.4
"2026/02/10","2026/02/13","6753","シャープ","東証およびＰＴＳ",,"確報",6200,8200,172300,21000,8000,24200,148100,4784540,6327940,132963910,16205700,6173600,18675140,114288770,,,0,0,4078620,0,0,262080,23.3,84,21.7,34.5,3,7.7,4.3
"2026/02/10","2026/02/13","6754","アンリツ","東証およびＰＴＳ",,"確報",0,3000,58300,2000,100,15200,43100,0,7522500,146187250,5015000,250750,38114000,108073250,,,0,0,2421350,0,0,525350,14,17.4,23.2,19.9,3.1,12.7,5
"2026/02/10","2026/02/13","6757","ＯＳＧコーポ","東証およびＰＴＳ",,"確報",0,0,700,0,0,0,700,0,0,582400,0,0,0,582400,,,0,0,1400,0,0,0,14.8,12.3,18.5,14.8,0,0,0
"2026/02/10","2026/02/13","6758","ソニーグループ","東証およびＰＴＳ",,"確報",21600,114900,1644700,24000,4300,39200,1605500,76896000,409044000,5855132000,85440000,15308000,139552000,5715580000,,,0,0,182490000,0,0,2047500,19.6,18.8,33.4,24.1,1.4,1.6,1.5
"2026/02/10","2026/02/13","6762","ＴＤＫ","東証およびＰＴＳ",,"確報",1800,17700,249100,200,600,12000,237100,4175100,41055150,577787450,463900,1391700,27834000,549953450,,,0,0,12985000,0,0,607600,15.3,27.5,15.2,19.6,2.7,2,2.3
"2026/02/10","2026/02/13","6763","帝国通信工業","東証およびＰＴＳ",,"確報",100,100,7100,100,100,10500,-3400,284400,284400,20192400,284400,284400,29862000,-9669600,,,0,0,0,42600,63000,0,44.4,57.3,114.7,76.4,23.7,65.1,34.7
"2026/02/10","2026/02/13","6768","タムラ製作所","東証およびＰＴＳ",,"確報",0,16500,69700,0,16500,69700,0,0,10708500,45235300,0,10708500,45235300,0,,,0,0,431000,0,0,431000,8.9,5.9,10.9,7.6,7.5,18.5,10.7
"2026/02/10","2026/02/13","6769","ザインエレク","東証およびＰＴＳ",,"確報",0,0,6700,0,0,0,6700,0,0,5507400,0,0,0,5507400,,,0,0,33500,0,0,0,6.9,7.2,6.7,6.9,0,0,0
"2026/02/10","2026/02/13","6770","アルプスアルパイン","東証およびＰＴＳ",,"確報",1700,600,15000,1700,100,12700,2300,3710250,1309500,32737500,3710250,218250,27717750,5019750,,,0,0,423950,0,0,338550,4.5,22.2,3.4,5.9,2.9,3.4,3.1
"2026/02/10","2026/02/13","6771","池上通信機","東証およびＰＴＳ",,"確報",400,0,12300,0,1000,1100,11200,276000,0,8487000,0,690000,759000,7728000,,,0,0,59500,0,0,10500,22.9,38.7,27.4,32.1,23.8,5.4,8.8
"2026/02/10","2026/02/13","6772","東京コスモス電機","東証およびＰＴＳ",,"確報",500,0,624000,0,0,0,624000,761500,0,950352000,0,0,0,950352000,,,0,0,0,6858500,0,0,8908.9,5196.8,9999.9,8908.9,0,0,0
"2026/02/10","2026/02/13","6775","ＴＢグループ","東証およびＰＴＳ",,"確報",900,200,52500,0,0,0,52500,108900,24200,6352500,0,0,0,6352500,,,0,0,0,51800,0,0,56.8,51.3,63.8,56.8,0,0,0
"2026/02/10","2026/02/13","6776","天昇電気工業","東証およびＰＴＳ",,"確報",0,300,47900,0,0,0,47900,0,80400,12837200,0,0,0,12837200,,,0,0,48200,0,0,0,82.4,44.4,577,82.4,0,0,0
"2026/02/10","2026/02/13","6777","ｓａｎｔｅｃＨＤ","東証およびＰＴＳ",,"確報",1500,12400,13100,0,0,0,13100,26250000,217000000,229250000,0,0,0,229250000,,,0,0,30720000,0,0,0,3.4,4.4,2.8,3.4,0,0,0
"2026/02/10","2026/02/13","6778","アルチザＮＷ","東証およびＰＴＳ",,"確報",0,0,15700,0,100,2600,13100,0,0,9592700,0,61100,1588600,8004100,,,0,0,15700,0,0,2700,231,0,785,1570,0,19.9,39.7
"2026/02/10","2026/02/13","6779","日本電波工業","東証およびＰＴＳ",,"確報",9300,0,30800,0,0,0,30800,10462500,0,34650000,0,0,0,34650000,,,0,0,752500,0,0,0,8.1,10,6.8,8.1,0,0,0
"2026/02/10","2026/02/13","6785","鈴木","東証およびＰＴＳ",,"確報",1200,400,6300,300,100,3800,2500,3412800,1137600,17917200,853200,284400,10807200,7110000,,,0,0,984500,0,0,644400,14.3,15.1,15.1,15.1,13.3,13.3,13.3
"2026/02/10","2026/02/13","6786","ＲＶＨ","東証およびＰＴＳ",,"確報",0,0,0,0,0,0,0,0,0,0,0,0,0,0,,,0,0,0,0,0,0,0,0,0,0,0,0,0
"2026/02/10","2026/02/13","6787","メイコー","東証およびＰＴＳ",,"確報",200,13500,12300,3800,1000,5700,6600,3368000,227340000,207132000,63992000,16840000,95988000,111144000,,,0,0,17920000,0,0,2030000,3.8,5,3.6,4.2,3.8,2.4,3
"2026/02/10","2026/02/13","6788","日本トリム","東証およびＰＴＳ",,"確報",0,0,200,200,700,15000,-14800,0,0,1028000,1028000,3598000,77100000,-76072000,,,0,0,2000,0,0,155000,25,0,2.8,5.5,22.2,81.2,34.8
"2026/02/10","2026/02/13","6794","フォスター電機","東証およびＰＴＳ",,"確報",100,4400,30700,100,4400,30700,0,322000,14168000,98854000,322000,14168000,98854000,0,,,0,0,4725000,0,0,4725000,9.4,10.8,8.7,9.6,10.3,8.4,9.2
"2026/02/10","2026/02/13","6797","名古屋電機工業","東証およびＰＴＳ",,"確報",0,1500,9400,0,0,0,9400,0,1941000,12163600,0,0,0,12163600,,,0,0,0,119900,0,0,50,105,32.8,50,0,0,0
"2026/02/10","2026/02/13","6798","ＳＭＫ","東証およびＰＴＳ",,"確報",0,0,3700,0,0,2900,800,0,0,11248000,0,0,8816000,2432000,,,0,0,188700,0,0,147900,20.2,14.1,0,28.2,7.6,107,14.3
"2026/02/10","2026/02/13","6800","ヨコオ","東証およびＰＴＳ",,"確報",57000,4400,62900,900,1700,47200,15700,176985000,13662000,195304500,2794500,5278500,146556000,48748500,,,0,0,5191200,0,0,24192000,7.6,1.5,14.7,2.8,18,50.9,26.6
"2026/02/10","2026/02/13","6803","ティアック","東証およびＰＴＳ",,"確報",19200,25900,140700,32300,0,69200,71500,2400000,3237500,17587500,4037500,0,8650000,8937500,,,0,0,1326600,0,0,332100,3.9,3.9,4.4,4.1,2.1,6.2,3.1
"2026/02/10","2026/02/13","6804","ホシデン","東証およびＰＴＳ",,"確報",900,200,7800,5000,0,6100,1700,2546100,565800,22066200,14145000,0,17256900,4809300,,,0,0,702900,0,0,108900,6.5,6.3,15.3,9,1.5,87,2.9
"2026/02/10","2026/02/13","6806","ヒロセ電機","東証およびＰＴＳ",,"確報",500,1300,2700,300,100,4700,-2000,10507500,27319500,56740500,6304500,2101500,98770500,-42030000,,,0,0,1890000,0,0,2430000,3.7,4.7,2.4,3.2,2.5,17.3,4.4
"2026/02/10","2026/02/13","6807","日本航空電子工業","東証およびＰＴＳ",,"確報",4400,300,21100,3700,0,21100,0,11690800,797100,56062700,9830900,0,56062700,0,,,0,0,1122000,0,0,1148400,14.7,11.7,24.3,15.8,10.6,19.6,13.8
"2026/02/10","2026/02/13","6809","ティーオーエー","東証およびＰＴＳ",,"確報",200,200,15500,0,1800,1800,13700,366400,366400,28396000,0,3297600,3297600,25098400,,,0,0,232500,0,0,54000,7.9,8.6,11.8,10,5.4,3.6,4.3
"2026/02/10","2026/02/13","6810","マクセル","東証およびＰＴＳ",,"確報",0,500,15300,800,0,3300,12000,0,1126000,34455600,1801600,0,7431600,27024000,,,0,0,268600,0,0,42500,34.3,198.5,28.4,49.6,8.8,18.9,12
"2026/02/10","2026/02/13","6814","古野電気","東証およびＰＴＳ",,"確報",700,157800,149800,100,0,1700,148100,5047000,1137738000,1080058000,721000,0,12257000,1067801000,,,0,0,82863000,0,0,432000,4.8,7.2,3.6,4.8,4.7,5.8,5.2
"2026/02/10","2026/02/13","6817","スミダコーポ","東証およびＰＴＳ",,"確報",3000,23500,27800,0,0,0,27800,3684000,28858000,34138400,0,0,0,34138400,,,0,0,3187800,0,0,0,7.1,9.3,6.1,7.4,9.5,2.8,4.3
"2026/02/10","2026/02/13","6819","伊豆シャボテン","東証およびＰＴＳ",,"確報",0,0,21800,0,0,0,21800,0,0,10573000,0,0,0,10573000,,,0,0,109000,0,0,0,136.8,182.3,109.4,136.8,0,0,0
"2026/02/10","2026/02/13","6820","アイコム","東証およびＰＴＳ",,"確報",0,500,502600,100,400,18800,483800,0,1532500,1540469000,306500,1226000,57622000,1482847000,,,0,0,5031000,0,0,191000,1800.9,0,5030,9999.9,64.2,107,80.3
"2026/02/10","2026/02/13","6822","大井電気","東証およびＰＴＳ",,"確報",0,0,1500,0,0,0,1500,0,0,6375000,0,0,0,6375000,,,0,0,307500,0,0,0,75,0,37.5,75,0,0,0
"2026/02/10","2026/02/13","6823","リオン","東証およびＰＴＳ",,"確報",100,500,30100,100,600,40200,-10100,290900,1454500,87560900,290900,1745400,116941800,-29380900,,,0,0,1372500,0,0,1831500,106.9,228.3,45.7,76.1,110.2,283.3,158.6
"2026/02/10","2026/02/13","6824","新コスモス電機","東証およびＰＴＳ",,"確報",300,0,1700,0,0,0,1700,1248000,0,7072000,0,0,0,7072000,,,0,0,119000,0,0,0,18.4,27.7,13.8,18.4,0,0,0
"2026/02/10","2026/02/13","6832","アオイ電子","東証およびＰＴＳ",,"確報",0,200,2400,0,0,0,2400,0,503400,6040800,0,0,0,6040800,,,0,0,278200,0,0,0,7.1,6.9,7.3,7.1,0,0,0
"2026/02/10","2026/02/13","6834","精工技研","東証およびＰＴＳ",,"確報",6500,15700,22800,800,200,22800,0,110695000,267371000,388284000,13624000,3406000,388284000,0,,,0,0,30080000,0,0,20868000,5.6,3.9,3.6,3.7,11.7,24.1,15.7
"2026/02/10","2026/02/13","6835","アライドテレシスＨＤ","東証およびＰＴＳ",,"確報",8900,0,69600,0,0,0,69600,3284100,0,25682400,0,0,0,25682400,,,0,0,1092600,0,0,0,10.4,8.2,14,10.4,0,0,0
"2026/02/10","2026/02/13","6836","ぷらっとホーム","東証およびＰＴＳ",,"確報",0,1700,12000,0,0,0,12000,0,1550400,10944000,0,0,0,10944000,,,0,0,246600,0,0,0,48.8,227.7,27.3,48.8,0,0,0
"2026/02/10","2026/02/13","6837","京写","東証およびＰＴＳ",,"確報",400,0,4500,0,0,0,4500,119600,0,1345500,0,0,0,1345500,,,0,0,0,0,0,0,51.3,25.6,0,51.3,0,0,0
"2026/02/10","2026/02/13","6838","多摩川ＨＤ","東証およびＰＴＳ",,"確報",0,0,3200,0,0,0,3200,0,0,2537600,0,0,0,2537600,,,0,0,73600,0,0,0,11,20.2,7.6,11,0,0,0
"2026/02/10","2026/02/13","6840","ＡＫＩＢＡＨＤ","東証およびＰＴＳ",,"確報",8700,0,32500,0,0,0,32500,4767600,0,17810000,0,0,0,17810000,,,0,0,1451800,0,0,0,13.9,14.8,13.1,13.9,0,0,0
"2026/02/10","2026/02/13","6841","横河電機","東証およびＰＴＳ",,"確報",600,2000,8300,800,200,7600,700,3043800,10146000,42105900,4058400,1014600,38554800,3551100,,,0,0,1008800,0,0,728000,3.6,3.7,4.8,4.2,13.3,1.6,2.8
"2026/02/10","2026/02/13","6844","新電元工業","東証およびＰＴＳ",,"確報",1900,1300,12900,0,1000,3500,9400,7828000,5356000,53148000,0,4120000,14420000,38728000,,,0,0,1660500,0,0,607500,10.2,9.7,9.1,9.4,11.4,18.3,14.1
"2026/02/10","2026/02/13","6845","アズビル","東証およびＰＴＳ",,"確報",0,26900,11200,200,27300,11000,200,0,34055400,14179200,253200,34561800,13926000,253200,,,0,0,438150,0,0,438150,3.4,3.6,3.1,3.3,3.8,3.3,3.5
"2026/02/10","2026/02/13","6848","東亜ディーケーケー","東証およびＰＴＳ",,"確報",900,300,2700,2700,0,3100,-400,765000,255000,2295000,2295000,0,2635000,-340000,,,0,0,0,86100,16400,0,7.2,10.1,22.2,13.9,1.9,25,3.4
"2026/02/10","2026/02/13","6849","日本光電工業","東証およびＰＴＳ",,"確報",300,21600,13200,0,22600,25800,-12600,531000,38232000,23364000,0,40002000,45666000,-22302000,,,0,0,914250,0,0,1282600,2.4,2.8,2.9,2.8,2.1,2.4,2.2
"2026/02/10","2026/02/13","6850","チノー","東証およびＰＴＳ",,"確報",300,2500,3000,0,500,6600,-3600,447600,3730000,4476000,0,746000,9847200,-5371200,,,0,0,78000,0,0,106500,13,15.8,5.7,8.4,19.5,30.1,23.6
"2026/02/10","2026/02/13","6853","共和電業","東証およびＰＴＳ",,"確報",300,1000,8500,11200,0,55400,-46900,228600,762000,6477000,8534400,0,42214800,-35737800,,,0,0,0,110400,530400,0,18,21.1,5,8.1,14.3,192.2,26.7
"2026/02/10","2026/02/13","6855","日本電子材料","東証およびＰＴＳ",,"確報",3100,2900,24100,0,1100,3000,21100,21793000,20387000,169423000,0,7733000,21090000,148333000,,,0,0,23900000,0,0,4100000,11.4,10,11.8,10.9,53.8,9,15.4
"2026/02/10","2026/02/13","6856","堀場製作所","東証およびＰＴＳ",,"確報",100,500,1700,0,400,1700,0,2005000,10025000,34085000,0,8020000,34085000,0,,,0,0,367500,0,0,367500,7.8,7.2,4.9,5.8,18.6,8.5,11.6
"2026/02/10","2026/02/13","6857","アドバンテスト","東証およびＰＴＳ",,"確報",55700,5300,105200,13300,35000,559900,-454700,1541497500,146677500,2911410000,368077500,968625000,15495232500,-12583822500,,,0,0,17536000,0,0,186112000,3.5,3.2,3.3,3.2,2.1,16.1,3.7
"2026/02/10","2026/02/13","6858","小野測器","東証およびＰＴＳ",,"確報",1600,200,28600,0,0,0,28600,1312000,164000,23452000,0,0,0,23452000,,,0,0,0,27200,0,0,34.1,39.2,30.2,34.1,0,0,0
"2026/02/10","2026/02/13","6859","エスペック","東証およびＰＴＳ",,"確報",100,1300,7200,100,600,12800,-5600,394500,5128500,28404000,394500,2367000,50496000,-22092000,,,0,0,588000,0,0,931000,6.4,4,13.2,6.1,3.8,25.9,6.6
"2026/02/10","2026/02/13","6861","キーエンス","東証およびＰＴＳ",,"確報",1000,4600,24900,0,2500,1400,23500,56630000,260498000,1410087000,0,141575000,79282000,1330805000,,,0,0,37335000,0,0,5109000,6.7,6.6,9.9,7.9,1.6,1.3,1.4
"2026/02/10","2026/02/13","6862","ミナトＨＤ","東証およびＰＴＳ",,"確報",1200,700,30600,0,0,0,30600,1826400,1065400,46573200,0,0,0,46573200,,,0,0,2137100,0,0,0,3,30.7,1.6,3,0,0,0
"2026/02/10","2026/02/13","6863","ニレコ","東証およびＰＴＳ",,"確報",400,0,900,0,0,0,900,912800,0,2053800,0,0,0,2053800,,,0,0,26000,0,0,0,8.3,7.3,9.7,8.3,0,0,0
"2026/02/10","2026/02/13","6864","エヌエフＨＤ","東証およびＰＴＳ",,"確報",0,1100,21800,0,0,0,21800,0,1424500,28231000,0,0,0,28231000,,,0,0,618300,0,0,0,25.7,27.3,24.2,25.7,0,0,0
"2026/02/10","2026/02/13","6866","日置電機","東証およびＰＴＳ",,"確報",300,900,16600,1500,0,18700,-2100,2088000,6264000,115536000,10440000,0,130152000,-14616000,,,0,0,4816000,0,0,4816000,45.3,47.9,45.4,46.6,29.4,88.3,44.2
"2026/02/10","2026/02/13","6867","リーダー電子","東証およびＰＴＳ",,"確報",0,100,600,0,0,0,600,0,46900,281400,0,0,0,281400,,,0,0,1400,0,0,0,8.8,22,5.5,8.8,0,0,0
"2026/02/10","2026/02/13","6869","シスメックス","東証およびＰＴＳ",,"確報",0,1900,200400,0,1400,2000,198400,0,2909850,306912600,0,2144100,3063000,303849600,,,0,0,2225300,0,0,37400,49.9,69.8,40,50.8,0,11.1,22.3
"2026/02/10","2026/02/13","6870","日本フェンオール","東証およびＰＴＳ",,"確報",100,0,400,0,0,0,400,194800,0,779200,0,0,0,779200,,,0,0,26700,0,0,0,32,16,0,32,0,0,0
"2026/02/10","2026/02/13","6871","日本マイクロニクス","東証およびＰＴＳ",,"確報",9700,700,49600,1100,1900,4800,44800,99813000,7203000,510384000,11319000,19551000,49392000,460992000,,,0,0,15834000,0,0,2184000,9.7,13.4,9.4,11,2.2,4.8,3
"2026/02/10","2026/02/13","6874","協立電機","東証およびＰＴＳ",,"確報",600,4500,15000,0,0,0,15000,1686600,12649500,42165000,0,0,0,42165000,,,0,0,0,2135700,0,0,28.3,63.6,18.2,28.3,0,0,0
"2026/02/10","2026/02/13","6875","メガチップス","東証およびＰＴＳ",,"確報",4300,0,14000,17800,600,29800,-15800,38012000,0,123760000,157352000,5304000,263432000,-139672000,,,0,0,0,970000,1260000,0,5.5,4.3,8.5,5.7,2.9,33.5,5.3
"2026/02/10","2026/02/13","6877","ＯＢＡＲＡＧ","東証およびＰＴＳ",,"確報",0,0,6800,0,0,2500,4300,0,0,26520000,0,0,9750000,16770000,,,0,0,374000,0,0,137500,28.2,170,28.3,48.6,11.5,15.8,13.3
"2026/02/10","2026/02/13","6882","三社電機製作所","東証およびＰＴＳ",,"確報",0,600,18800,700,0,15300,3500,0,608400,19063200,709800,0,15514200,3549000,,,0,0,329800,0,0,248200,54.3,60,80,68.6,28.8,83.3,42.9
"2026/02/10","2026/02/13","6888","アクモス","東証およびＰＴＳ",,"確報",0,0,7400,0,0,900,6500,0,0,4092200,0,0,497700,3594500,,,0,0,14800,0,0,1800,61.8,182,182,182,4.2,0,8.4
"2026/02/10","2026/02/13","6890","フェローテック","東証およびＰＴＳ",,"確報",300,1000,59000,0,0,200,58800,1830000,6100000,359900000,0,0,1220000,358680000,,,0,0,10149000,0,0,34000,27.2,45.3,19.3,27.1,0,0,0
"2026/02/10","2026/02/13","6894","パルステック工業","東証およびＰＴＳ",,"確報",0,0,0,0,0,0,0,0,0,0,0,0,0,0,,,0,0,0,0,0,0,0,0,0,0,0,0,0
"2026/02/10","2026/02/13","6897","ツインバード","東証およびＰＴＳ",,"確報",0,0,1100,0,0,0,1100,0,0,468600,0,0,0,468600,,,0,0,3300,0,0,0,13.6,15.3,12.2,13.6,0,0,0
"2026/02/10","2026/02/13","6898","トミタ電機","東証およびＰＴＳ",,"確報",0,0,4700,0,0,0,4700,0,0,16920000,0,0,0,16920000,,,0,0,0,0,0,0,0,0,0,0,0,0,0
"2026/02/10","2026/02/13","6899","ＡＳＴＩ","東証およびＰＴＳ",,"確報",0,1600,4400,0,0,0,4400,0,4441600,12214400,0,0,0,12214400,,,0,0,0,66000,0,0,24.2,55.6,15.4,24.2,0,0,0
"2026/02/10","2026/02/13","6901","澤藤電機","東証およびＰＴＳ",,"確報",0,0,14200,0,0,1100,13100,0,0,18318000,0,0,1419000,16899000,,,0,0,0,14200,1100,0,5.7,46.7,2.8,5.4,0,0,0
"2026/02/10","2026/02/13","6902","デンソー","東証およびＰＴＳ",,"確報",15500,200,96900,21700,0,29700,67200,33294000,429600,208141200,46611600,0,63795600,144345600,,,0,0,856800,0,0,84000,4.1,9.4,8.1,8.7,1.3,1,1.2
"2026/02/10","2026/02/13","6904","原田工業","東証およびＰＴＳ",,"確報",100,0,3300,0,0,0,3300,48900,0,1613700,0,0,0,1613700,,,0,0,3200,0,0,0,10.6,10.2,10.9,10.6,0,0,0
"2026/02/10","2026/02/13","6905","コーセル","東証およびＰＴＳ",,"確報",900,900,36100,0,3100,146500,-110400,1054800,1054800,42309200,0,3633200,171698000,-129388800,,,0,0,108300,0,0,448800,88.2,45.6,57,50.6,0,53.7,107.3
"2026/02/10","2026/02/13","6907","ジオマテック","東証およびＰＴＳ",,"確報",0,600,10000,0,0,0,10000,0,779400,12990000,0,0,0,12990000,,,0,0,816200,0,0,0,15.7,13.9,18.1,15.7,0,0,0
"2026/02/10","2026/02/13","6908","イリソ電子工業","東証およびＰＴＳ",,"確報",100,1900,14400,2000,0,12200,2200,357000,6783000,51408000,7140000,0,43554000,7854000,,,0,0,891000,0,0,561000,5.2,73.3,2,3.9,9.6,16.3,12.1
"2026/02/10","2026/02/13","6912","菊水ホールディングス","東証およびＰＴＳ",,"確報",0,0,500,0,0,0,500,0,0,1048000,0,0,0,1048000,,,0,0,8000,0,0,0,5.4,9.5,3.8,5.4,0,0,0
"2026/02/10","2026/02/13","6914","オプテックスグループ","東証およびＰＴＳ",,"確報",14900,55000,22800,2500,800,34000,-11200,37428800,138160000,57273600,6280000,2009600,85408000,-28134400,,,0,0,2893400,0,0,1485800,2.1,1.3,1,1.1,42.7,17.5,24.8
"2026/02/10","2026/02/13","6915","千代田インテグレ","東証およびＰＴＳ",,"確報",1300,100,2600,0,100,4000,-1400,4498000,346000,8996000,0,346000,13840000,-4844000,,,0,0,112000,0,0,328000,9.1,5.5,3.5,4.3,206,68.7,103
"2026/02/10","2026/02/13","6918","アバールデータ","東証およびＰＴＳ",,"確報",0,0,1400,0,0,0,1400,0,0,4361000,0,0,0,4361000,,,0,0,0,0,0,0,11.8,23.7,7.9,11.8,0,0,0
"2026/02/10","2026/02/13","6919","ケル","東証およびＰＴＳ",,"確報",0,500,100,0,500,100,0,0,759000,151800,0,759000,151800,0,,,0,0,8400,0,0,8400,2.9,3.3,2.7,3,2.7,3,2.9
"2026/02/10","2026/02/13","6920","レーザーテック","東証およびＰＴＳ",,"確報",7800,200,193800,3700,100,19200,174600,241098000,6182000,5990358000,114367000,3091000,593472000,5396886000,,,0,0,0,72618000,6084000,0,16,25,12.7,16.9,7.2,13.3,9.4
"2026/02/10","2026/02/13","6923","スタンレー電気","東証およびＰＴＳ",,"確報",300,800,3100,0,300,3300,-200,940200,2507200,9715400,0,940200,10342200,-626800,,,0,0,61200,0,0,61200,5.7,10.6,3.6,5.4,12.3,4,6
"2026/02/10","2026/02/13","6925","ウシオ電機","東証およびＰＴＳ",,"確報",200,7900,9000,9400,100,27400,-18400,602400,23794800,27108000,28312800,301200,82528800,-55420800,,,0,0,651300,0,0,705900,5.5,3.7,5.4,4.4,7.5,5.3,6.2
"2026/02/10","2026/02/13","6926","岡谷電機産業","東証およびＰＴＳ",,"確報",0,1400,12800,0,1400,12800,0,0,278600,2547200,0,278600,2547200,0,,,0,0,0,0,0,0,38.8,69.9,25,36.8,87.4,26.9,41.1
"2026/02/10","2026/02/13","6927","ヘリオステクノＨＤ","東証およびＰＴＳ",,"確報",200,400,8400,0,0,0,8400,245200,490400,10298400,0,0,0,10298400,,,0,0,17200,0,0,0,13,9.5,20.6,13,0,0,0
"2026/02/10","2026/02/13","6928","エノモト","東証およびＰＴＳ",,"確報",500,4200,10700,0,0,0,10700,1399000,11751600,29938600,0,0,0,29938600,,,0,0,0,28800,0,0,6.6,7.1,6.1,6.6,0,0,0
"2026/02/10","2026/02/13","6929","日本セラミック","東証およびＰＴＳ",,"確報",0,300,79700,6000,0,19300,60400,0,1113000,295687000,22260000,0,71603000,224084000,,,0,0,4000000,0,0,665000,36,181.2,99.7,128.6,2.1,127.3,4.2
"2026/02/10","2026/02/13","6932","遠藤照明","東証およびＰＴＳ",,"確報",100,300,5500,0,100,1600,3900,288400,865200,15862000,0,288400,4614400,11247600,,,0,0,0,102600,30600,0,7.7,12,4.7,6.8,90,30,45
"2026/02/10","2026/02/13","6941","山一電機","東証およびＰＴＳ",,"確報",12100,31600,20100,0,4200,20100,0,105028000,274288000,174468000,0,36456000,174468000,0,,,0,0,0,1584000,972000,0,3.1,2.3,2.2,2.3,6.7,6.4,6.6
"2026/02/10","2026/02/13","6942","ソフィアＨＤ","東証およびＰＴＳ",,"確報",100,0,1800,0,0,0,1800,128000,0,2304000,0,0,0,2304000,,,0,0,3400,0,0,0,86,43,0,86,0,0,0
"2026/02/10","2026/02/13","6943","ＮＫＫスイッチズ","東証およびＰＴＳ",,"確報",0,0,10000,0,0,0,10000,0,0,47250000,0,0,0,47250000,,,0,0,0,150000,0,0,0,0,0,0,0,0,0
"2026/02/10","2026/02/13","6946","日本アビオニクス","東証およびＰＴＳ",,"確報",400,46300,26300,0,0,0,26300,2752000,318544000,180944000,0,0,0,180944000,,,0,0,9386000,0,0,0,2.9,4.2,2.2,2.9,0,0,0
"2026/02/10","2026/02/13","6947","図研","東証およびＰＴＳ",,"確報",2100,2200,16900,3300,0,25300,-8400,9912000,10384000,79768000,15576000,0,119416000,-39648000,,,0,0,1530000,0,0,1980000,16,7.2,18.1,10.3,21.6,25.8,23.5
"2026/02/10","2026/02/13","6951","日本電子","東証およびＰＴＳ",,"確報",0,200,51900,100,2200,11200,40700,0,1245200,323129400,622600,13697200,69731200,253398200,,,0,0,468900,0,0,119700,59,520,216.7,305.9,117.3,7.9,14.8
"2026/02/10","2026/02/13","6952","カシオ計算機","東証およびＰＴＳ",,"確報",8100,8200,23700,2000,7200,36200,-12500,13150350,13312700,38476950,3247000,11689200,58770700,-20293750,,,0,0,238000,0,0,414000,5.8,4,4,4,9.7,6.6,7.9
"2026/02/10","2026/02/13","6954","ファナック","東証およびＰＴＳ",,"確報",7000,10600,256100,0,200,0,256100,47600000,72080000,1741480000,0,1360000,0,1741480000,,,0,0,18698400,0,0,14400,14.8,58,8.6,15,1,0.4,0.5
"2026/02/10","2026/02/13","6955","エフ・ディー・ケイ","東証およびＰＴＳ",,"確報",0,1600,19600,0,0,0,19600,0,656000,8036000,0,0,0,8036000,,,0,0,0,42400,0,0,41.3,107.4,25.6,41.3,0,0,0
"2026/02/10","2026/02/13","6958","日本シイエムケイ","東証およびＰＴＳ",,"確報",3600,3400,121700,0,5700,40300,81400,2232000,2108000,75454000,0,3534000,24986000,50468000,,,0,0,121500,0,0,46000,26.6,24.9,75.2,37.4,22.8,12.3,16
"2026/02/10","2026/02/13","6960","フクダ電子","東証およびＰＴＳ",,"確報",0,0,7000,600,0,12900,-5900,0,0,62720000,5376000,0,115584000,-52864000,,,0,0,1820000,0,0,3198000,17.1,117,14,25.1,81.5,8,14.7
"2026/02/10","2026/02/13","6961","エンプラス","東証およびＰＴＳ",,"確報",4800,900,17500,100,4600,17500,0,63840000,11970000,232750000,1330000,61180000,232750000,0,,,0,0,0,6528000,10560000,0,6.7,4.9,4.3,4.6,13.2,9.9,11.3
"2026/02/10","2026/02/13","6962","大真空","東証およびＰＴＳ",,"確報",1700,400,63600,0,6500,53900,9700,1050600,247200,39304800,0,4017000,33310200,5994600,,,0,0,373800,0,0,362400,19.4,48.1,69.5,56.8,5.8,33.5,10
"2026/02/10","2026/02/13","6963","ローム","東証およびＰＴＳ",,"確報",300,6600,161400,1600,22100,14000,147400,769350,16925700,413910300,4103200,56675450,35903000,378007300,,,0,0,0,3605550,741750,0,8.4,10.4,28.8,15.3,3.3,2.1,2.5
"2026/02/10","2026/02/13","6964","サンコー","東証およびＰＴＳ",,"確報",0,0,1500,0,0,0,1500,0,0,1030500,0,0,0,1030500,,,0,0,9000,0,0,0,8.9,4.8,76,8.9,0,0,0
"2026/02/10","2026/02/13","6965","浜松ホトニクス","東証およびＰＴＳ",,"確報",1800,16600,155800,4200,100,74000,81800,3178800,29315600,275142800,7417200,176600,130684000,144458800,,,0,0,8871200,0,0,3634800,20.9,24.5,26.9,25.6,13.3,15,14.1
"2026/02/10","2026/02/13","6966","三井ハイテック","東証およびＰＴＳ",,"確報",200,19600,262500,7700,20700,48000,214500,163200,15993600,214200000,6283200,16891200,39168000,175032000,,,0,0,8175100,0,0,1769000,12.2,1404.8,10.6,21.1,2,4.1,2.7
"2026/02/10","2026/02/13","6969","松尾電機","東証およびＰＴＳ",,"確報",900,3900,6400,0,0,0,6400,745200,3229200,5299200,0,0,0,5299200,,,0,0,0,169200,0,0,13,33.8,8,13,0,0,0
"2026/02/10","2026/02/13","6971","京セラ","東証およびＰＴＳ",,"確報",1700,2800,23300,7300,5600,18600,4700,4616350,7603400,63271150,19823150,15206800,50508300,12762850,,,0,0,1110200,0,0,768950,2.7,7.4,2.5,3.8,3.6,1.1,1.6
"2026/02/10","2026/02/13","6976","太陽誘電","東証およびＰＴＳ",,"確報",200,12500,49200,700,10500,8900,40300,803200,50200000,197587200,2811200,42168000,35742400,161844800,,,0,0,7072500,0,0,2150500,7.1,21.4,5.9,9.2,1.7,2.7,2.1
"2026/02/10","2026/02/13","6977","日本抵抗器製作所","東証およびＰＴＳ",,"確報",0,0,5600,0,0,0,5600,0,0,5325600,0,0,0,5325600,,,0,0,0,67200,0,0,139.5,93,279,139.5,0,0,0
"2026/02/10","2026/02/13","6981","村田製作所","東証およびＰＴＳ",,"確報",2300,3100,127900,0,23100,100,127800,7633700,10288900,424500100,0,76668900,331900,424168200,,,0,0,6435000,0,0,1160000,14.2,27.8,32.1,29.8,1.6,1.4,1.5
"2026/02/10","2026/02/13","6982","リード","東証およびＰＴＳ",,"確報",0,0,0,0,0,0,0,0,0,0,0,0,0,0,,,0,0,0,0,0,0,1,1,1,1,0,0,0
"2026/02/10","2026/02/13","6986","双葉電子工業","東証およびＰＴＳ",,"確報",24100,10200,182900,500,9000,268800,-85900,18171400,7690800,137906600,377000,6786000,202675200,-64768600,,,0,0,7436000,0,0,12201200,31.1,14.8,15.5,15.1,114,107.6,110.7
"2026/02/10","2026/02/13","6988","日東電工","東証およびＰＴＳ",,"確報",1600,300,47000,7300,0,13100,33900,5832000,1093500,171315000,26608500,0,47749500,123565500,,,0,0,2513500,0,0,319000,18,75.3,16.2,26.7,4.8,7.1,5.7
"2026/02/10","2026/02/13","6989","北陸電気工業","東証およびＰＴＳ",,"確報",0,600,12200,100,0,3300,8900,0,1747200,35526400,291200,0,9609600,25916800,,,0,0,0,38400,9600,0,44.3,94.7,27.6,42.8,31.4,157,52.3
"2026/02/10","2026/02/13","6993","大黒屋ＨＤ","東証およびＰＴＳ",,"確報",97200,19200,6305300,53000,169200,6712200,-406900,14677200,2899200,952100300,8003000,25549200,1013542200,-61441900,,,0,0,0,6227300,6828400,0,20.6,9.7,24,13.9,72.8,20.9,32.4
"2026/02/10","2026/02/13","6994","指月電機製作所","東証およびＰＴＳ",,"確報",700,1400,73000,0,100,4600,68400,598500,1197000,62415000,0,85500,3933000,58482000,,,0,0,2432100,0,0,155100,8.5,6.4,21.7,9.8,12.3,3.2,5.1
"2026/02/10","2026/02/13","6995","東海理化電機製作所","東証およびＰＴＳ",,"確報",2300,7300,12200,0,9100,12200,0,7590000,24090000,40260000,0,30030000,40260000,0,,,0,0,1290000,0,0,1597500,6.6,6.5,9,7.6,4.8,7.6,5.9
"2026/02/10","2026/02/13","6996","ニチコン","東証およびＰＴＳ",,"確報",1700,300,47800,29800,200,80300,-32500,3369400,594600,94739600,59063600,396400,159154600,-64415000,,,0,0,6820800,0,0,7452900,5.3,3.7,9.9,5.4,2.9,28.2,5.3
"2026/02/10","2026/02/13","6997","日本ケミコン","東証およびＰＴＳ",,"確報",72300,61000,97200,1200,53100,63300,33900,111631200,94184000,150076800,1852800,81986400,97735200,52341600,,,0,0,0,5755300,7718400,0,6.2,3.6,3.9,3.8,49.4,8.8,14.9
"2026/02/10","2026/02/13","6998","日本タングステン","東証およびＰＴＳ",,"確報",1500,1100,11300,400,0,11300,0,2889000,2118600,21763800,770400,0,21763800,0,,,0,0,76300,0,0,76300,8.3,11.7,6.5,8.3,138,4.3,8.4
"2026/02/10","2026/02/13","6999","コーア","東証およびＰＴＳ",,"確報",0,1600,44100,0,0,200,43900,0,2614400,72059400,0,0,326800,71732600,,,0,0,1782300,0,0,7800,32,52,27.2,35.7,0,0.6,1.3
"2026/02/10","2026/02/13","7003","三井Ｅ＆Ｓ","東証およびＰＴＳ",,"確報",57200,119100,358300,5600,12200,264200,94100,406692000,846801000,2547513000,39816000,86742000,1878462000,669051000,,,0,0,0,420200,270800,0,7.4,5.9,4.3,5,54,66.3,59.5
"2026/02/10","2026/02/13","7004","カナデビア","東証およびＰＴＳ",,"確報",11400,0,165900,500,21200,97300,68600,12574200,0,182987700,551500,23383600,107321900,75665800,,,0,0,1854000,0,0,1416000,9.5,23.6,19.7,21.5,2.8,8,4.1
"2026/02/10","2026/02/13","7011","三菱重工業","東証およびＰＴＳ",,"確報",13300,250600,1224600,66200,3100,397500,827100,67923100,1279814200,6254032200,338083400,15831700,2030032500,4223999700,,,0,0,200280300,0,0,45812800,13.5,24.6,10.9,15.1,6.2,13.3,8.4
"2026/02/10","2026/02/13","7012","川崎重工業","東証およびＰＴＳ",,"確報",9300,15100,118800,10300,14700,33000,85800,169725000,275575000,2168100000,187975000,268275000,602250000,1565850000,,,0,0,161357000,0,0,48433000,7.9,43.1,5.6,9.8,2.2,4.7,3
"2026/02/10","2026/02/13","7013","ＩＨＩ","東証およびＰＴＳ",,"確報",55800,21400,761400,51800,32200,471700,289700,251100000,96300000,3426300000,233100000,144900000,2122650000,1303650000,,,0,0,154124000,0,0,95845200,12.5,12.3,18.7,14.9,8.9,11.4,10
"2026/02/10","2026/02/13","7014","名村造船所","東証およびＰＴＳ",,"確報",85200,30800,410700,31600,0,710800,-300100,418758000,151382000,2018590500,155314000,0,3493582000,-1474991500,,,0,0,81949000,0,0,156216000,8.7,4.2,3.9,4,24.9,143.1,42.5
"2026/02/10","2026/02/13","7018","内海造船","東証およびＰＴＳ",,"確報",300,0,11400,0,0,0,11400,4707000,0,178866000,0,0,0,178866000,,,0,0,4107000,0,0,0,12.3,12.4,12.2,12.3,0,0,0
"2026/02/10","2026/02/13","7021","ニッチツ","東証およびＰＴＳ",,"確報",0,0,3300,0,0,0,3300,0,0,8230200,0,0,0,8230200,,,0,0,99000,0,0,0,57.7,0,28.8,57.7,0,0,0
"2026/02/10","2026/02/13","7022","サノヤスＨＤ","東証およびＰＴＳ",,"確報",0,0,385200,10200,7400,76400,308800,0,0,161398800,4273800,3100600,32011600,129387200,,,0,0,11556000,0,0,2208000,22.7,1957,18.1,35.8,15.1,5.6,8.2
"2026/02/10","2026/02/13","7030","スプリックス","東証およびＰＴＳ",,"確報",0,0,3800,0,0,200,3600,0,0,4898200,0,0,257800,4640400,,,0,0,72200,0,0,3800,50,47,188,75.2,12,6,8
"2026/02/10","2026/02/13","7031","インバウンドテック","東証およびＰＴＳ",,"確報",100,0,300,0,0,0,300,60300,0,180900,0,0,0,180900,,,0,0,2200,0,0,0,6,6,6,6,0,0,0
"2026/02/10","2026/02/13","7033","ＭＳＯＬ","東証およびＰＴＳ",,"確報",9900,0,35900,10000,100,35900,0,12998700,0,47136700,13130000,131300,47136700,0,,,0,0,624000,0,0,624000,7.2,4.9,32.7,8.6,3.6,21.5,6.1
"2026/02/10","2026/02/13","7034","プロレド","東証およびＰＴＳ",,"確報",200,200,10700,0,0,0,10700,106600,106600,5703100,0,0,0,5703100,,,0,0,181900,0,0,0,67.4,134.8,44.9,67.4,0,0,0
"2026/02/10","2026/02/13","7035","ａｎｆａｃ","東証およびＰＴＳ",,"確報",1800,2200,66300,100,500,66300,0,390600,477400,14387100,21700,108500,14387100,0,,,0,0,133400,0,0,133400,81.5,87.9,41.3,56.2,3342,76,148.5
"2026/02/10","2026/02/13","7036","イーエムネットＪ","東証およびＰＴＳ",,"確報",0,0,2500,0,0,0,2500,0,0,2285000,0,0,0,2285000,,,0,0,10000,0,0,0,0,0,0,0,0,0,0
"2026/02/10","2026/02/13","7037","テノ．","東証およびＰＴＳ",,"確報",0,300,500,0,0,0,500,0,269700,449500,0,0,0,449500,,,0,0,0,2400,0,0,11.7,17.5,8.8,11.7,0,0,0
"2026/02/10","2026/02/13","7038","フロンティアＭ","東証およびＰＴＳ",,"確報",0,800,3800,0,0,0,3800,0,484000,2299000,0,0,0,2299000,,,0,0,78200,0,0,0,15.9,23.9,11.9,15.9,0,0,0
"2026/02/10","2026/02/13","7039","ブリッジグループ","東証およびＰＴＳ",,"確報",0,200,700,0,0,600,100,0,389800,1364300,0,0,1169400,194900,,,0,0,16200,0,0,10800,37,0,21.5,43,31,31,31
"2026/02/10","2026/02/13","7040","サン・ライフＨＤ","東証およびＰＴＳ",,"確報",1000,0,7000,0,0,0,7000,1013000,0,7091000,0,0,0,7091000,,,0,0,0,36000,0,0,42.7,29.1,80,42.7,0,0,0
"2026/02/10","2026/02/13","7041","ＣＲＧＨＤ","東証およびＰＴＳ",,"確報",0,0,300,0,0,0,300,0,0,97500,0,0,0,97500,,,0,0,300,0,0,0,0,0,0,0,0,0,0
"2026/02/10","2026/02/13","7042","アクセスグループ","東証およびＰＴＳ",,"確報",0,0,2700,0,0,0,2700,0,0,1944000,0,0,0,1944000,,,0,0,16200,0,0,0,30.4,45.7,22.8,30.4,0,0,0
"2026/02/10","2026/02/13","7043","アルー","東証およびＰＴＳ",,"確報",0,200,1200,0,0,0,1200,0,191000,1146000,0,0,0,1146000,,,0,0,8400,0,0,0,8.2,6.1,12.3,8.2,0,0,0
"2026/02/10","2026/02/13","7044","ピアラ","東証およびＰＴＳ",,"確報",900,0,6000,0,0,0,6000,492300,0,3282000,0,0,0,3282000,,,0,0,71400,0,0,0,24.3,16.7,44.5,24.3,0,0,0
"2026/02/10","2026/02/13","7046","ＴＤＳＥ","東証およびＰＴＳ",,"確報",100,0,700,0,0,0,700,147300,0,1031100,0,0,0,1031100,,,0,0,6000,0,0,0,10.6,12.3,9.3,10.6,0,0,0
"2026/02/10","2026/02/13","7047","ポート","東証およびＰＴＳ",,"確報",1100,0,49300,0,0,100,49200,2440900,0,109396700,0,0,221900,109174800,,,0,0,3133000,0,0,6500,113.1,151.8,93.4,115.6,3,0,6
"2026/02/10","2026/02/13","7048","ベルトラ","東証およびＰＴＳ",,"確報",2800,0,98400,400,7300,227400,-129000,512400,0,18007200,73200,1335900,41614200,-23607000,,,0,0,764800,0,0,1874400,47.8,40.3,24.1,30.2,43.3,128.3,64.7
"2026/02/10","2026/02/13","7049","識学","東証およびＰＴＳ",,"確報",500,1300,8200,7200,1100,133900,-125700,461000,1198600,7560400,6638400,1014200,123455800,-115895400,,,0,0,0,27000,383400,0,29.2,40.5,9.6,15.5,17,241,31.7
"2026/02/10","2026/02/13","7050","フロンティアＩ","東証およびＰＴＳ",,"確報",0,200,1100,0,0,0,1100,0,305800,1681900,0,0,0,1681900,,,0,0,33800,0,0,0,15.1,17,13.6,15.1,0,0,0
"2026/02/10","2026/02/13","7057","エヌ・シー・エヌ","東証およびＰＴＳ",,"確報",0,0,2500,0,0,0,2500,0,0,2885000,0,0,0,2885000,,,0,0,15000,0,0,0,244,122,0,244,0,0,0
"2026/02/10","2026/02/13","7058","共栄セキュリティ","東証およびＰＴＳ",,"確報",0,0,2300,0,0,0,2300,0,0,6764300,0,0,0,6764300,,,0,0,0,0,0,0,0,0,0,0,0,0,0
"2026/02/10","2026/02/13","7059","コプロＨＤ","東証およびＰＴＳ",,"確報",500,800,26400,0,0,2000,24400,540000,864000,28512000,0,0,2160000,26352000,,,0,0,320400,0,0,24000,24.8,18.4,65.7,28.7,3.8,69,7.3
"2026/02/10","2026/02/13","7060","ギークス","東証およびＰＴＳ",,"確報",0,0,5200,100,0,700,4500,0,0,2714400,52200,0,365400,2349000,,,0,0,0,10400,1200,0,45.5,0,34,68,4.8,0,9.6
"2026/02/10","2026/02/13","7061","日本ホスピス","東証およびＰＴＳ",,"確報",500,500,56300,0,5200,29900,26400,537000,537000,60466200,0,5584800,32112600,28353600,,,0,0,337800,0,0,210600,64.2,158,167.3,162.5,0,16.3,32.6
"2026/02/10","2026/02/13","7062","フレアス","東証およびＰＴＳ",,"確報",0,0,0,0,0,0,0,0,0,0,0,0,0,0,,,0,0,0,0,0,0,0,0,0,0,0,0,0
"2026/02/10","2026/02/13","7063","Ｂｉｒｄｍａｎ","東証およびＰＴＳ",,"確報",0,400,97100,0,0,0,97100,0,50400,12234600,0,0,0,12234600,,,0,0,292500,0,0,0,121.7,262.6,79.2,121.7,0,0,0
"2026/02/10","2026/02/13","7064","ハウテレビジョン","東証およびＰＴＳ",,"確報",0,100,700,0,0,0,700,0,123400,863800,0,0,0,863800,,,0,0,6400,0,0,0,26,39,19.5,26,0,0,0
"2026/02/10","2026/02/13","7065","ユーピーアール","東証およびＰＴＳ",,"確報",100,500,13500,0,0,900,12600,105100,525500,14188500,0,0,945900,13242600,,,0,0,41700,0,0,2700,97.9,230,76.7,115,22,44,29.3
"2026/02/10","2026/02/13","7066","ピアズ","東証およびＰＴＳ",,"確報",200,0,14500,0,0,0,14500,85800,0,6220500,0,0,0,6220500,,,0,0,114400,0,0,0,68.3,37.9,341.5,68.3,0,0,0
"2026/02/10","2026/02/13","7067","ブランディング","東証およびＰＴＳ",,"確報",100,0,3100,0,0,0,3100,103500,0,3208500,0,0,0,3208500,,,0,0,45000,0,0,0,101.3,76,152,101.3,0,0,0
"2026/02/10","2026/02/13","7068","ＦフォースＧ","東証およびＰＴＳ",,"確報",300,500,25000,100,300,25000,0,197100,328500,16425000,65700,197100,16425000,0,,,0,0,529200,0,0,529200,80.4,49.8,51.9,50.9,178,207.7,191.7
"2026/02/10","2026/02/13","7069","サイバー・バズ","東証およびＰＴＳ",,"確報",0,0,400,0,0,0,400,0,0,361600,0,0,0,361600,,,0,0,3600,0,0,0,40,0,20,40,0,0,0
"2026/02/10","2026/02/13","7071","アンビス","東証およびＰＴＳ",,"確報",31100,9000,250200,66600,0,294700,-44500,15923200,4608000,128102400,34099200,0,150886400,-22784000,,,0,0,3421500,0,0,3421500,23.4,24.5,24.1,24.3,16.2,37.3,22.6
"2026/02/10","2026/02/13","7072","インテＭ","東証およびＰＴＳ",,"確報",2200,200,6000,0,0,0,6000,2442000,222000,6660000,0,0,0,6660000,,,0,0,0,36000,0,0,15.4,8.3,107.5,15.4,0,0,0
"2026/02/10","2026/02/13","7073","ジェイック","東証およびＰＴＳ",,"確報",0,0,300,0,0,0,300,0,0,718500,0,0,0,718500,,,0,0,0,4500,0,0,10,20,6.7,10,0,0,0
"2026/02/10","2026/02/13","7074","２４７ＨＤ","東証およびＰＴＳ",,"確報",500,200,4100,0,0,0,4100,112500,45000,922500,0,0,0,922500,,,0,0,11400,0,0,0,13.7,16,12,13.7,0,0,0
"2026/02/10","2026/02/13","7075","ＱＬＳ","東証およびＰＴＳ",,"確報",200,0,2500,0,0,0,2500,161000,0,2012500,0,0,0,2012500,,,0,0,29900,0,0,0,9.2,17.7,6.2,9.2,0,0,0
"2026/02/10","2026/02/13","7077","ＡＬｉＮＫ","東証およびＰＴＳ",,"確報",0,0,0,0,0,0,0,0,0,0,0,0,0,0,,,0,0,0,0,0,0,0,0,0,0,0,0,0
"2026/02/10","2026/02/13","7078","ＩＮＣ　ＨＤ","東証およびＰＴＳ",,"確報",100,0,11600,0,0,0,11600,41600,0,4825600,0,0,0,4825600,,,0,0,126500,0,0,0,57.6,64,52.4,57.6,0,0,0
"2026/02/10","2026/02/13","7079","ＷＤＢココ","東証およびＰＴＳ",,"確報",300,0,13600,0,0,0,13600,812100,0,36815200,0,0,0,36815200,,,0,0,0,39900,0,0,25.9,13.2,608,25.9,0,0,0
"2026/02/10","2026/02/13","7080","スポーツフィールド","東証およびＰＴＳ",,"確報",100,0,2800,0,0,0,2800,80200,0,2245600,0,0,0,2245600,,,0,0,0,13500,0,0,26.4,44,18.9,26.4,0,0,0
"2026/02/10","2026/02/13","7081","コーユーレンティア","東証およびＰＴＳ",,"確報",0,0,400,0,0,0,400,0,0,545600,0,0,0,545600,,,0,0,5600,0,0,0,8,5.3,16,8,0,0,0
"2026/02/10","2026/02/13","7082","ジモティー","東証およびＰＴＳ",,"確報",200,0,11900,0,0,0,11900,184600,0,10983700,0,0,0,10983700,,,0,0,374400,0,0,0,52.9,41.6,72.8,52.9,0,0,0
"2026/02/10","2026/02/13","7083","ＡＨＣグループ","東証およびＰＴＳ",,"確報",100,0,500,0,0,0,500,83900,0,419500,0,0,0,419500,,,0,0,0,800,0,0,21,21,21,21,0,0,0
"2026/02/10","2026/02/13","7084","ＳｍｉｌｅＨＤ","東証およびＰＴＳ",,"確報",0,0,800,0,0,0,800,0,0,2788000,0,0,0,2788000,,,0,0,16000,0,0,0,74,37,0,74,0,0,0
"2026/02/10","2026/02/13","7085","カーブスＨＤ","東証およびＰＴＳ",,"確報",0,200,95500,1400,200,32100,63400,0,154200,73630500,1079400,154200,24749100,48881400,,,0,0,765600,0,0,247200,8.1,2552.5,3.4,6.8,14.1,142.2,25.6
"2026/02/10","2026/02/13","7087","ウイルテック","東証およびＰＴＳ",,"確報",0,200,100,100,100,400,-300,0,274400,137200,137200,137200,548800,-411600,,,0,0,0,300,400,0,3,11.5,2.9,4.6,2.8,2.3,2.5
"2026/02/10","2026/02/13","7088","フォーラムエンジニア","東証およびＰＴＳ",,"確報",0,0,100,0,0,0,100,0,0,169900,0,0,0,169900,,,0,0,100,0,0,0,0,0,0,0,0,0,0
"2026/02/10","2026/02/13","7089","フォースタ","東証およびＰＴＳ",,"確報",800,6200,53800,0,0,0,53800,1015200,7867800,68272200,0,0,0,68272200,,,0,0,8702400,0,0,0,31.2,64.1,20.6,31.2,0,0,0
"2026/02/10","2026/02/13","7090","リグア","東証およびＰＴＳ",,"確報",100,100,200,0,0,0,200,95900,95900,191800,0,0,0,191800,,,0,0,0,1600,0,0,6.7,10,5,6.7,0,0,0
"2026/02/10","2026/02/13","7091","ＬＰＦ","東証およびＰＴＳ",,"確報",0,0,1000,0,0,0,1000,0,0,1263000,0,0,0,1263000,,,0,0,9000,0,0,0,28,56,18.7,28,0,0,0
"2026/02/10","2026/02/13","7092","ＦＦＪ","東証およびＰＴＳ",,"確報",100,100,300,0,0,21400,-21100,230000,230000,690000,0,0,49220000,-48530000,,,0,0,0,0,0,0,167.4,3.5,2.8,3.1,0,268.5,537
"2026/02/10","2026/02/13","7093","アディッシュ","東証およびＰＴＳ",,"確報",0,100,1300,0,0,0,1300,0,59900,778700,0,0,0,778700,,,0,0,72800,0,0,0,14.4,72,8,14.4,0,0,0
"2026/02/10","2026/02/13","7094","ＮｅｘＴｏｎｅ","東証およびＰＴＳ",,"確報",2700,3300,49000,0,600,49000,0,4617000,5643000,83790000,0,1026000,83790000,0,,,0,0,2777600,0,0,2777600,39.8,23.8,33.9,28,48.1,120.3,68.7
"2026/02/10","2026/02/13","7095","ＭａｃｂｅｅＰ","東証およびＰＴＳ",,"確報",0,500,14800,0,0,0,14800,0,757000,22407200,0,0,0,22407200,,,0,0,673200,0,0,0,76.2,254,44.8,76.2,0,0,0
"2026/02/10","2026/02/13","7096","ステムセル研究所","東証およびＰＴＳ",,"確報",200,200,14900,100,100,14900,0,169800,169800,12650100,84900,84900,12650100,0,,,0,0,89400,0,0,89400,45.4,110.1,30.8,48.2,85.7,28.6,42.8
"2026/02/10","2026/02/13","7097","さくらさくプラス","東証およびＰＴＳ",,"確報",200,100,600,0,0,0,600,522600,261300,1567800,0,0,0,1567800,,,0,0,10000,0,0,0,9.7,9.7,9.7,9.7,0,0,0
"2026/02/10","2026/02/13","7102","日本車輌製造","東証およびＰＴＳ",,"確報",200,0,17500,0,100,100,17400,857000,0,74987500,0,428500,428500,74559000,,,0,0,432500,0,0,5000,46,44.4,52.2,48,9,9,9
"2026/02/10","2026/02/13","7105","三菱ロジスネクスト","東証およびＰＴＳ",,"確報",500,59700,9400,0,3500,9400,0,773000,92296200,14532400,0,5411000,14532400,0,,,0,0,548800,0,0,103200,1.7,1.5,1.1,1.2,0,5.5,11.1
"2026/02/10","2026/02/13","7110","クラシコム","東証およびＰＴＳ",,"確報",200,0,6900,200,0,1900,5000,411600,0,14200200,411600,0,3910200,10290000,,,0,0,422100,0,0,107100,75.5,111.3,167,133.6,16.2,81,27
"2026/02/10","2026/02/13","7111","ＩＮＥＳＴ","東証およびＰＴＳ",,"確報",400,0,5200,0,0,0,5200,226000,0,2938000,0,0,0,2938000,,,0,0,0,38400,0,0,55.3,49.8,62.3,55.3,0,0,0
"2026/02/10","2026/02/13","7112","キューブ","東証およびＰＴＳ",,"確報",600,0,1300,0,0,0,1300,411600,0,891800,0,0,0,891800,,,0,0,6300,0,0,0,3.2,4.2,2.6,3.2,0,0,0
"2026/02/10","2026/02/13","7114","フーディソン","東証およびＰＴＳ",,"確報",0,0,800,0,0,0,800,0,0,704800,0,0,0,704800,,,0,0,0,5600,0,0,0,0,0,0,0,0,0
"2026/02/10","2026/02/13","7115","アルファパーチェス","東証およびＰＴＳ",,"確報",200,0,2500,0,0,0,2500,431600,0,5395000,0,0,0,5395000,,,0,0,131100,0,0,0,117,58.5,0,117,0,0,0
"2026/02/10","2026/02/13","7116","ダイワ通信","東証およびＰＴＳ",,"確報",0,0,2900,0,0,0,2900,0,0,3384300,0,0,0,3384300,,,0,0,0,2900,0,0,0,0,0,0,0,0,0
"2026/02/10","2026/02/13","7119","ハルメクＨＤ","東証およびＰＴＳ",,"確報",0,0,1000,0,100,800,200,0,0,1347000,0,134700,1077600,269400,,,0,0,1000,0,0,900,62.7,50,0,100,44,44,44
"2026/02/10","2026/02/13","7120","ＳＨＩＮＫＯ","東証およびＰＴＳ",,"確報",0,200,1700,0,0,0,1700,0,186800,1587800,0,0,0,1587800,,,0,0,24700,0,0,0,3,17.2,1.7,3,0,0,0
"2026/02/10","2026/02/13","7122","近畿車輛","東証およびＰＴＳ",,"確報",900,100,2700,800,0,2700,0,2216700,246300,6650100,1970400,0,6650100,0,,,0,0,15200,0,0,15200,9.9,7.2,9.6,8.2,9.3,18.7,12.4
"2026/02/10","2026/02/13","7126","グローバルスタイル","東証およびＰＴＳ",,"確報",0,0,300,0,0,0,300,0,0,450600,0,0,0,450600,,,0,0,0,300,0,0,16,16,16,16,0,0,0
"2026/02/10","2026/02/13","7127","一家ホールディングス","東証およびＰＴＳ",,"確報",100,0,4200,0,0,0,4200,70100,0,2944200,0,0,0,2944200,,,0,0,4100,0,0,0,412,206,0,412,0,0,0
"2026/02/10","2026/02/13","7128","ユニソルＨＤ","東証およびＰＴＳ",,"確報",500,200,8600,1000,100,17800,-9200,1202500,481000,20683000,2405000,240500,42809000,-22126000,,,0,0,298800,0,0,608400,19.8,25.1,19.4,21.9,27.8,14.3,18.9
"2026/02/10","2026/02/13","7129","ミアヘルサＨＤ","東証およびＰＴＳ",,"確報",0,1200,4200,0,0,0,4200,0,1404000,4914000,0,0,0,4914000,,,0,0,0,16200,0,0,37,259,19.9,37,0,0,0
"2026/02/10","2026/02/13","7130","ヤマエグループＨＤ","東証およびＰＴＳ",,"確報",400,300,51600,0,0,0,51600,1260000,945000,162540000,0,0,0,162540000,,,0,0,257500,0,0,0,45.3,107.6,32,49.3,1,1,1
"2026/02/10","2026/02/13","7131","のむら産業","東証およびＰＴＳ",,"確報",0,0,2700,0,0,0,2700,0,0,9153000,0,0,0,9153000,,,0,0,0,81000,0,0,26.4,26.4,26.4,26.4,0,0,0
"2026/02/10","2026/02/13","7133","ヒュウガプライマ","東証およびＰＴＳ",,"確報",0,0,3000,0,0,0,3000,0,0,3567000,0,0,0,3567000,,,0,0,0,12000,0,0,0,0,0,0,0,0,0
"2026/02/10","2026/02/13","7134","アップガレージＧ","東証およびＰＴＳ",,"確報",200,0,3000,0,0,2800,200,205800,0,3087000,0,0,2881200,205800,,,0,0,0,36400,36400,0,11,10.1,10.1,10.1,9.4,17.7,12.2
"2026/02/10","2026/02/13","7135","ジャパンクラフトＨＤ","東証およびＰＴＳ",,"確報",0,200,21600,0,200,21600,0,0,45400,4903200,0,45400,4903200,0,,,0,0,0,0,0,0,48.8,585.5,24.4,46.8,0,25.5,50.9
"2026/02/10","2026/02/13","7138","ＴＯＲＩＣＯ","東証およびＰＴＳ",,"確報",500,1200,78800,0,0,0,78800,165000,396000,26004000,0,0,0,26004000,,,0,0,795000,0,0,0,55.1,177.2,32.6,55.1,0,0,0
"2026/02/10","2026/02/13","7140","ペットゴー","東証およびＰＴＳ",,"確報",0,100,1300,0,0,0,1300,0,92600,1203800,0,0,0,1203800,,,0,0,0,9800,0,0,15.8,10.5,31.5,15.8,0,0,0
"2026/02/10","2026/02/13","7148","ＦＰＧ","東証およびＰＴＳ",,"確報",4000,0,177900,1100,7900,154100,23800,8460000,0,376258500,2326500,16708500,325921500,50337000,,,0,0,0,1043400,965400,0,38.2,32.3,47.8,38.5,57.2,28.3,37.9
"2026/02/10","2026/02/13","7150","島根銀行","東証およびＰＴＳ",,"確報",0,14400,65800,5600,0,26900,38900,0,9403200,42967400,3656800,0,17565700,25401700,,,0,0,0,240600,63900,0,11.7,14.9,15.4,15.1,2.7,65.4,5.3
"2026/02/10","2026/02/13","7157","ライフネット生命保険","東証およびＰＴＳ",,"確報",100,5500,50800,0,500,118600,-67800,208500,11467500,105918000,0,1042500,247281000,-141363000,,,0,0,3372000,0,0,7146000,49.2,22.9,20.6,21.7,162.4,96.9,121.4
"2026/02/10","2026/02/13","7161","じもとＨＤ","東証およびＰＴＳ",,"確報",15700,5100,198900,10000,0,77400,121500,8729200,2835600,110588400,5560000,0,43034400,67554000,,,0,0,2636200,0,0,943600,16.2,7.5,56.7,13.3,18.9,84.4,30.9
"2026/02/10","2026/02/13","7162","アストマックス","東証およびＰＴＳ",,"確報",0,2200,63100,0,0,0,63100,0,470800,13503400,0,0,0,13503400,,,0,0,653000,0,0,0,170.6,216.1,141,170.6,0,0,0
"2026/02/10","2026/02/13","7164","全国保証","東証およびＰＴＳ",,"確報",11400,100,31700,20400,200,40600,-8900,35944200,315300,99950100,64321200,630600,128011800,-28061700,,,0,0,163200,0,0,163200,5.4,3.2,26.5,5.7,2.7,46.6,5.1
"2026/02/10","2026/02/13","7167","めぶきＦＧ","東証およびＰＴＳ",,"確報",87900,6600,160500,300,4900,184100,-23600,115896150,8702100,211619250,395550,6460650,242735850,-31116600,,,0,0,712800,0,0,1698300,6.8,2.9,4.3,3.4,28.1,36.6,31.8
"2026/02/10","2026/02/13","7172","ＪＩＡ","東証およびＰＴＳ",,"確報",49400,1400,157000,48000,0,157000,0,122660200,3476200,389831000,119184000,0,389831000,0,,,0,0,8393000,0,0,8393000,9.1,4.6,67.1,8.6,4.9,838.5,9.7
"2026/02/10","2026/02/13","7173","東京きらぼしＦＧ","東証およびＰＴＳ",,"確報",1400,0,9300,300,0,3300,6000,16338000,0,108531000,3501000,0,38511000,70020000,,,0,0,2686000,0,0,1020000,20,15.8,30.4,20.8,14.1,25.8,18.2
"2026/02/10","2026/02/13","7175","今村証券","東証およびＰＴＳ",,"確報",0,0,3600,0,0,0,3600,0,0,4892400,0,0,0,4892400,,,0,0,32400,0,0,0,116,58,0,116,0,0,0
"2026/02/10","2026/02/13","7177","ＧＭＯＦＨＤ","東証およびＰＴＳ",,"確報",0,142200,105200,0,0,0,105200,0,127126800,94048800,0,0,0,94048800,,,0,0,1484400,0,0,0,3.4,4.3,2.8,3.4,0,0,0
"2026/02/10","2026/02/13","7180","九州ＦＧ","東証およびＰＴＳ",,"確報",500,400,51800,3000,500,35700,16100,679750,543800,70422100,4078500,679750,48534150,21887950,,,0,0,1034000,0,0,664000,12.4,17.4,11.4,13.8,32.8,6.6,10.9
"2026/02/10","2026/02/13","7181","かんぽ生命保険","東証およびＰＴＳ",,"確報",11000,900,20400,9200,500,20400,0,58190000,4761000,107916000,48668000,2645000,107916000,0,,,0,0,813700,0,0,924300,5,3,10.5,4.7,3,25.9,5.3
"2026/02/10","2026/02/13","7182","ゆうちょ銀行","東証およびＰＴＳ",,"確報",199900,43900,240200,200,86500,74200,166000,617491100,135607100,741977800,617800,267198500,229203800,512774000,,,0,0,4125800,0,0,7864500,3.3,2.7,6,3.7,2.7,2.9,2.8
"2026/02/10","2026/02/13","7183","あんしん保証","東証およびＰＴＳ",,"確報",1300,1500,39700,5100,7200,23400,16300,221000,255000,6749000,867000,1224000,3978000,2771000,,,0,0,319200,0,0,204000,25.8,59.2,122.1,79.8,19.4,9.6,12.8
"2026/02/10","2026/02/13","7184","富山第一銀行","東証およびＰＴＳ",,"確報",28700,12100,45400,0,5500,45400,0,77633500,32730500,122807000,0,14877500,122807000,0,,,0,0,0,1699200,3003100,0,5.3,2.7,3,2.8,17.5,31.1,22.4
"2026/02/10","2026/02/13","7185","ヒロセ通商","東証およびＰＴＳ",,"確報",0,0,300,0,0,0,300,0,0,1102500,0,0,0,1102500,,,0,0,7500,0,0,0,11.3,17,8.5,11.3,0,0,0
"2026/02/10","2026/02/13","7186","横浜ＦＧ","東証およびＰＴＳ",,"確報",9900,3600,158100,0,3900,5300,152800,16493400,5997600,263394600,0,6497400,8829800,254564800,,,0,0,5161200,0,0,312800,19.3,18.2,28.9,22.3,2.6,6,3.7
"2026/02/10","2026/02/13","7187","ジェイリース","東証およびＰＴＳ",,"確報",1600,3200,13900,100,1700,13900,0,2276800,4553600,19779700,142300,2419100,19779700,0,,,0,0,0,263500,263500,0,8.1,5,4.3,4.6,38.1,28.2,32.4
"2026/02/10","2026/02/13","7189","西日本ＦＨＤ","東証およびＰＴＳ",,"確報",70200,4300,77600,100,200,200,77400,302351400,18520100,334223200,430700,861400,861400,333361800,,,0,0,23400,0,0,600,2.8,1.8,6.8,2.8,1.8,1.7,1.7
"2026/02/10","2026/02/13","7191","イントラスト","東証およびＰＴＳ",,"確報",0,1900,8800,0,1900,8800,0,0,2240100,10375200,0,2240100,10375200,0,,,0,0,181900,0,0,181900,17.7,27.9,12.1,16.9,32.8,13,18.6
"2026/02/10","2026/02/13","7192","日本モーゲージサービ","東証およびＰＴＳ",,"確報",700,100,17900,0,1600,2100,15800,450100,64300,11509700,0,1028800,1350300,10159400,,,0,0,51900,0,0,11100,8.1,8.9,7.2,8,11.4,7,8.6
"2026/02/10","2026/02/13","7196","Ｃａｓａ","東証およびＰＴＳ",,"確報",100,0,10700,0,0,0,10700,70900,0,7586300,0,0,0,7586300,,,0,0,21200,0,0,0,96.5,66.4,177,96.5,0,0,0
"2026/02/10","2026/02/13","7198","ＳＢＩアルヒ","東証およびＰＴＳ",,"確報",0,15000,202800,0,11300,103400,99400,0,14070000,190226400,0,10599400,96989200,93237200,,,0,0,2395800,0,0,1261700,32.5,52.3,20.1,29.1,157.7,23.6,41.1
"2026/02/10","2026/02/13","7199","プレミアグループ","東証およびＰＴＳ",,"確報",0,16400,216400,0,200,16800,199600,0,29536400,389736400,0,360200,30256800,359479600,,,0,0,5354400,0,0,391000,67,192.1,42.2,69.2,52.6,42.6,47.1
"2026/02/10","2026/02/13","7201","日産自動車","東証およびＰＴＳ",,"確報",3400,309700,1067300,377400,9400,773000,294300,1390940,126698270,436632430,154394340,3845540,316234300,120398130,,,0,0,8241600,0,0,2430000,4.6,8.1,5.8,6.8,2.5,3.3,2.8
"2026/02/10","2026/02/13","7202","いすゞ自動車","東証およびＰＴＳ",,"確報",0,0,7600,4800,1500,45200,-37600,0,0,20938000,13224000,4132500,124526000,-103588000,,,0,0,110200,0,0,607550,12,21.5,60.8,31.7,8.9,14.2,10.9
"2026/02/10","2026/02/13","7203","トヨタ自動車","東証およびＰＴＳ",,"確報",92800,5100,404800,45900,1400,826300,-421500,344659200,18941400,1503427200,170472600,5199600,3068878200,-1565451000,,,0,0,0,4756500,11727000,0,1.8,3.6,3.1,3.3,1.7,1.6,1.7
"2026/02/10","2026/02/13","7205","日野自動車","東証およびＰＴＳ",,"確報",53000,36700,325400,0,43200,265900,59500,24857000,17212300,152612600,0,20260800,124707100,27905500,,,0,0,0,2781900,2781900,0,7,5,5.2,5.1,13.4,10.8,12
"2026/02/10","2026/02/13","7208","カネミツ","東証およびＰＴＳ",,"確報",100,0,200,0,0,0,200,113500,0,227000,0,0,0,227000,,,0,0,0,100,0,0,3,1.5,0,3,0,0,0
"2026/02/10","2026/02/13","7211","三菱自動車工業","東証およびＰＴＳ",,"確報",0,30900,43200,415300,1000,937700,-894500,0,14146020,19776960,190124340,457800,429279060,-409502100,,,0,0,2408250,0,0,17010500,3,45.5,2.8,5.3,1.7,6.8,2.7
"2026/02/10","2026/02/13","7212","エフテック","東証およびＰＴＳ",,"確報",0,0,14000,0,0,0,14000,0,0,11816000,0,0,0,11816000,,,0,0,322000,0,0,0,45.4,117.2,28.1,45.4,0,0,0
"2026/02/10","2026/02/13","7213","レシップＨＤ","東証およびＰＴＳ",,"確報",0,0,7700,0,0,0,7700,0,0,3580500,0,0,0,3580500,,,0,0,77000,0,0,0,0,0,0,0,0,0,0
"2026/02/10","2026/02/13","7214","ＧＭＢ","東証およびＰＴＳ",,"確報",0,0,3700,0,0,0,3700,0,0,3570500,0,0,0,3570500,,,0,0,37000,0,0,0,55.7,27.8,0,55.7,0,0,0
"2026/02/10","2026/02/13","7215","ファルテック","東証およびＰＴＳ",,"確報",100,0,2400,0,0,0,2400,39200,0,940800,0,0,0,940800,,,0,0,13800,0,0,0,232,116,0,232,0,0,0
"2026/02/10","2026/02/13","7217","テイン","東証およびＰＴＳ",,"確報",0,200,1000,0,0,0,1000,0,84000,420000,0,0,0,420000,,,0,0,2400,0,0,0,12.3,8.2,24.5,12.3,0,0,0
"2026/02/10","2026/02/13","7218","田中精密工業","東証およびＰＴＳ",,"確報",0,0,800,0,0,0,800,0,0,944800,0,0,0,944800,,,0,0,4000,0,0,0,7.8,6.4,10.2,7.8,0,0,0
"2026/02/10","2026/02/13","7219","エッチ・ケー・エス","東証およびＰＴＳ",,"確報",0,0,300,0,0,0,300,0,0,672000,0,0,0,672000,,,0,0,12000,0,0,0,0,0,0,0,0,0,0
"2026/02/10","2026/02/13","7220","武蔵精密工業","東証およびＰＴＳ",,"確報",3800,71000,50700,0,26200,1400,49300,9754600,182257000,130146900,0,67255400,3593800,126553100,,,0,0,6838200,0,0,1600800,3.2,2.8,2.3,2.5,68.3,3.6,6.9
"2026/02/10","2026/02/13","7222","日産車体","東証およびＰＴＳ",,"確報",0,1400,31700,0,1200,81100,-49400,0,1471400,33316700,0,1261200,85236100,-51919400,,,0,0,827500,0,0,2057500,85.7,39.2,28.4,33,454.8,163.7,240.8
"2026/02/10","2026/02/13","7224","新明和工業","東証およびＰＴＳ",,"確報",600,5200,12200,0,6300,10500,1700,1552200,13452400,31561400,0,16298100,27163500,4397900,,,0,0,1008000,0,0,1008000,6.1,18.9,5.3,8.3,6.1,3.5,4.5
"2026/02/10","2026/02/13","7226","極東開発工業","東証およびＰＴＳ",,"確報",700,700,32500,700,0,6900,25600,2408000,2408000,111800000,2408000,0,23736000,88064000,,,0,0,1625000,0,0,310000,33.8,25.6,95.9,40.4,13.2,29,18.1
"2026/02/10","2026/02/13","7228","デイトナ","東証およびＰＴＳ",,"確報",0,0,400,0,0,0,400,0,0,1534000,0,0,0,1534000,,,0,0,26000,0,0,0,0,0,0,0,0,0,0
"2026/02/10","2026/02/13","7229","ユタカ技研","東証およびＰＴＳ",,"確報",400,100,6900,0,0,0,6900,1216000,304000,20976000,0,0,0,20976000,,,0,0,0,0,0,0,9.1,4.7,106.5,9.1,0,0,0
"2026/02/10","2026/02/13","7231","トピー工業","東証およびＰＴＳ",,"確報",3900,100,21700,3800,0,21700,0,13416000,344000,74648000,13072000,0,74648000,0,,,0,0,984500,0,0,984500,15.4,9.8,15.7,12,15.2,36.4,21.4
"2026/02/10","2026/02/13","7235","東京ラヂエーター製造","東証およびＰＴＳ",,"確報",200,1000,29700,0,0,0,29700,355200,1776000,52747200,0,0,0,52747200,,,0,0,1464000,0,0,0,34.7,29.1,42.9,34.7,0,0,0
"2026/02/10","2026/02/13","7236","ティラド","東証およびＰＴＳ",,"確報",300,0,2600,0,300,1300,1300,3492000,0,30264000,0,3492000,15132000,15132000,,,0,0,23000,0,0,16000,7.7,20,10.8,14,8.3,3.1,4.6
"2026/02/10","2026/02/13","7238","曙ブレーキ工業","東証およびＰＴＳ",,"確報",113000,26000,521900,264600,10400,521900,0,15029000,3458000,69412700,35191800,1383200,69412700,0,,,0,0,2609400,0,0,1606200,9.8,16.8,29.3,21.4,3,16,5.1
"2026/02/10","2026/02/13","7239","タチエス","東証およびＰＴＳ",,"確報",800,100,7100,100,0,3900,3200,1813600,226700,16095700,226700,0,8841300,7254400,,,0,0,185600,0,0,110200,24.2,16,29.1,20.6,33.5,33.5,33.5
"2026/02/10","2026/02/13","7240","エヌオーケー","東証およびＰＴＳ",,"確報",19800,1000,35800,18900,100,54400,-18600,63439200,3204000,114703200,60555600,320400,174297600,-59594400,,,0,0,323000,0,0,676400,5.4,3.3,3.1,3.2,11.7,8.2,9.6
"2026/02/10","2026/02/13","7241","フタバ産業","東証およびＰＴＳ",,"確報",100,400,11800,0,0,0,11800,111400,445600,13145200,0,0,0,13145200,,,0,0,254100,0,0,0,23.2,66,14.3,23.6,0,0,0
"2026/02/10","2026/02/13","7242","カヤバ","東証およびＰＴＳ",,"確報",100,0,7400,100,0,3000,4400,485500,0,35927000,485500,0,14565000,21362000,,,0,0,693500,0,0,275500,41.4,52.7,184.5,82,9.8,64,17.1
"2026/02/10","2026/02/13","7244","市光工業","東証およびＰＴＳ",,"確報",2300,100,75800,2200,0,75800,0,1271900,55300,41917400,1216600,0,41917400,0,,,0,0,441600,0,0,441600,15,10.5,10.3,10.4,28.1,26.2,27.1
"2026/02/10","2026/02/13","7245","大同メタル工業","東証およびＰＴＳ",,"確報",2800,2000,140200,6100,0,14600,125600,3220000,2300000,161230000,7015000,0,16790000,144440000,,,0,0,5715400,0,0,348500,14.1,52.2,8.6,14.8,4.2,58.9,7.9
"2026/02/10","2026/02/13","7246","プレス工業","東証およびＰＴＳ",,"確報",2200,0,21800,100,0,100,21700,2028400,0,20099600,92200,0,92200,20007400,,,0,0,254800,0,0,0,19.7,12.9,43.5,19.9,1,0,2
"2026/02/10","2026/02/13","7247","ミクニ","東証およびＰＴＳ",,"確報",0,1700,52600,0,0,0,52600,0,720800,22302400,0,0,0,22302400,,,0,0,1086000,0,0,0,35.8,62,25.1,35.8,0,0,0
"2026/02/10","2026/02/13","7250","太平洋工業","東証およびＰＴＳ",,"確報",0,0,2700,0,0,0,2700,0,0,8154000,0,0,0,8154000,,,0,0,0,0,0,0,6.8,3.7,39,6.8,0,0,0
"2026/02/10","2026/02/13","7254","ユニバンス","東証およびＰＴＳ",,"確報",200,100,294500,0,0,0,294500,168000,84000,247380000,0,0,0,247380000,,,0,0,5888000,0,0,0,1470.9,774.2,9999.9,1470.9,0,0,0
"2026/02/10","2026/02/13","7255","桜井製作所","東証およびＰＴＳ",,"確報",0,0,0,0,0,0,0,0,0,0,0,0,0,0,,,0,0,0,0,0,0,0,0,0,0,0,0,0
"2026/02/10","2026/02/13","7256","河西工業","東証およびＰＴＳ",,"確報",2200,20100,62700,4700,0,22000,40700,358600,3276300,10220100,766100,0,3586000,6634100,,,0,0,0,0,0,0,9.1,6.6,11.8,8.5,23.1,8.2,12.1
"2026/02/10","2026/02/13","7259","アイシン","東証およびＰＴＳ",,"確報",0,2400,48200,8900,100,10800,37400,0,6945600,139490800,25756600,289400,31255200,108235600,,,0,0,2580600,0,0,102000,9.5,16.7,17,16.8,1.4,2.7,1.9
"2026/02/10","2026/02/13","7261","マツダ","東証およびＰＴＳ",,"確報",0,145500,34100,670900,5800,844700,-810600,0,197516250,46290750,910746750,7873500,1146680250,-1100389500,,,0,0,26131800,0,0,26131800,3.9,8,3.5,4.9,2.1,12.4,3.5
"2026/02/10","2026/02/13","7264","ムロコーポレーション","東証およびＰＴＳ",,"確報",100,0,200,0,0,0,200,141600,0,283200,0,0,0,283200,,,0,0,400,0,0,0,12,6,0,12,0,0,0
"2026/02/10","2026/02/13","7265","エイケン工業","東証およびＰＴＳ",,"確報",0,0,800,0,0,0,800,0,0,2900000,0,0,0,2900000,,,0,0,8000,0,0,0,40,20,0,40,0,0,0
"2026/02/10","2026/02/13","7266","今仙電機製作所","東証およびＰＴＳ",,"確報",0,10100,89800,0,0,400,89400,0,9514200,84591600,0,0,376800,84214800,,,0,0,1198800,0,0,4800,20.3,19.4,24.5,21.6,55,3.1,5.8
"2026/02/10","2026/02/13","7267","本田技研工業","東証およびＰＴＳ",,"確報",70500,10300,251100,393700,6400,578200,-327100,117699750,17195850,419211450,657282150,10684800,965304900,-546093450,,,0,0,6586050,0,0,6586050,2.9,4.9,4.2,4.5,1.5,4.3,2.3
"2026/02/10","2026/02/13","7269","スズキ","東証およびＰＴＳ",,"確報",800,32900,109400,37900,0,64700,44700,1908800,78499400,261028400,90429400,0,154374200,106654200,,,0,0,17687500,0,0,3350000,7.4,12.5,6.1,8.2,3.8,8.2,5.2
"2026/02/10","2026/02/13","7270","ＳＵＢＡＲＵ","東証およびＰＴＳ",,"確報",2900,31200,57400,15700,12100,18400,39000,9164000,98592000,181384000,49612000,38236000,58144000,123240000,,,0,0,9941200,0,0,1716800,2.5,2.1,3.3,2.6,2.5,2.1,2.3
"2026/02/10","2026/02/13","7271","安永","東証およびＰＴＳ",,"確報",0,100,5100,0,0,0,5100,0,125700,6410700,0,0,0,6410700,,,0,0,280800,0,0,0,34.3,30,40,34.3,0,0,0
"2026/02/10","2026/02/13","7272","ヤマハ発動機","東証およびＰＴＳ",,"確報",12100,5600,460700,15100,20200,21700,439000,13158750,6090000,501011250,16421250,21967500,23598750,477412500,,,0,0,0,0,0,0,15.4,75.4,26.9,39.7,1.1,1.4,1.3
"2026/02/10","2026/02/13","7273","イクヨ","東証およびＰＴＳ",,"確報",0,177200,27900,0,0,0,27900,0,130773600,20590200,0,0,0,20590200,,,0,0,1230600,0,0,0,1.2,1.8,0.9,1.2,0,0,0
"2026/02/10","2026/02/13","7276","小糸製作所","東証およびＰＴＳ",,"確報",3300,0,52100,3700,400,52100,0,8814300,0,139159100,9882700,1068400,139159100,0,,,0,0,1464000,0,0,1464000,24.9,37.5,38.7,38.1,18.4,18.6,18.5
"2026/02/10","2026/02/13","7277","ＴＢＫ","東証およびＰＴＳ",,"確報",0,0,49800,0,1000,34400,15400,0,0,18874200,0,379000,13037600,5836600,,,0,0,249000,0,0,177000,124.8,2507,139.3,263.9,0,36,72
"2026/02/10","2026/02/13","7278","エクセディ","東証およびＰＴＳ",,"確報",100,100,16700,1300,0,7300,9400,595000,595000,99365000,7735000,0,43435000,55930000,,,0,0,2338000,0,0,840000,22,13.7,43.4,20.8,14.6,102,25.5
"2026/02/10","2026/02/13","7279","ハイレックス","東証およびＰＴＳ",,"確報",200,100,21400,500,0,36000,-14600,760000,380000,81320000,1900000,0,136800000,-55480000,,,0,0,2449500,0,0,4082500,64.5,28.1,112.6,45,365,48,84.9
"2026/02/10","2026/02/13","7280","ミツバ","東証およびＰＴＳ",,"確報",8700,190200,110400,0,0,0,110400,12336600,269703600,156547200,0,0,0,156547200,,,0,0,0,19265400,0,0,2.9,4.8,2.1,2.9,0,0,0
"2026/02/10","2026/02/13","7282","豊田合成","東証およびＰＴＳ",,"確報",4400,1700,17400,2100,0,29200,-11800,22734800,8783900,89905800,10850700,0,150876400,-60970600,,,0,0,926100,0,0,1707300,8.1,5.4,4.4,4.8,7.8,28.8,12.3
"2026/02/10","2026/02/13","7283","愛三工業","東証およびＰＴＳ",,"確報",1600,0,23200,3100,0,24700,-1500,3580800,0,51921600,6937800,0,55278600,-3357000,,,0,0,1144800,0,0,1144800,28.2,32.1,29.6,30.8,35.7,20.7,26.2
"2026/02/10","2026/02/13","7284","盟和産業","東証およびＰＴＳ",,"確報",100,0,187600,0,0,0,187600,120600,0,226245600,0,0,0,226245600,,,0,0,937500,0,0,0,6251.3,4688.5,9377,6251.3,0,0,0
"2026/02/10","2026/02/13","7287","日本精機","東証およびＰＴＳ",,"確報",4800,4900,38400,0,100,38400,0,13142400,13416200,105139200,0,273800,105139200,0,,,0,0,1078000,0,0,1078000,13.4,7.5,7.2,7.4,95.5,57.9,72.1
"2026/02/10","2026/02/13","7291","日本プラスト","東証およびＰＴＳ",,"確報",300,0,3400,0,100,0,3400,136800,0,1550400,0,45600,0,1550400,,,0,0,0,6200,200,0,10.2,12.5,9.4,10.7,1,1,1
"2026/02/10","2026/02/13","7292","村上開明堂","東証およびＰＴＳ",,"確報",0,500,52100,0,0,0,52100,0,3320000,345944000,0,0,0,345944000,,,0,0,4734000,0,0,0,874,2622,524.4,874,0,0,0
"2026/02/10","2026/02/13","7294","ヨロズ","東証およびＰＴＳ",,"確報",4500,6700,28600,0,2200,28600,0,4945500,7363300,31431400,0,2417800,31431400,0,,,0,0,1201200,0,0,1201200,25,25.2,14.4,18.4,93,24.8,39.2
"2026/02/10","2026/02/13","7296","エフ・シー・シー","東証およびＰＴＳ",,"確報",500,1300,6700,200,200,14200,-7500,1902500,4946500,25493500,761000,761000,54031000,-28537500,,,0,0,412500,0,0,781000,6.1,11.1,3.7,5.6,11,4.5,6.4
"2026/02/10","2026/02/13","7297","カーメイト","東証およびＰＴＳ",,"確報",0,0,100,0,0,0,100,0,0,92500,0,0,0,92500,,,0,0,300,0,0,0,0,0,0,0,0,0,0
"2026/02/10","2026/02/13","7299","フジオーゼックス","東証およびＰＴＳ",,"確報",0,300,3600,0,0,0,3600,0,613500,7362000,0,0,0,7362000,,,0,0,0,19500,0,0,38.7,29,58,38.7,0,0,0
"2026/02/10","2026/02/13","7305","新家工業","東証およびＰＴＳ",,"確報",100,800,6000,0,700,6000,0,551000,4408000,33060000,0,3857000,33060000,0,,,0,0,536000,0,0,536000,13.3,9.4,9.9,9.6,19.9,22.7,21.2
"2026/02/10","2026/02/13","7309","シマノ","東証およびＰＴＳ",,"確報",500,1800,2300,7500,300,19500,-17200,9400000,33840000,43240000,141000000,5640000,366600000,-323360000,,,0,0,1044000,0,0,3567000,6.7,4.9,4.9,4.9,4.7,18.1,7.5
"2026/02/10","2026/02/13","7313","テイ・エス　テック","東証およびＰＴＳ",,"確報",300,3100,15400,100,23800,79600,-64200,597150,6170550,30653700,199050,47373900,158443800,-127790100,,,0,0,691600,0,0,3925400,24.6,52.7,14.9,23.3,521,12.7,24.9
"2026/02/10","2026/02/13","7314","小田原機器","東証およびＰＴＳ",,"確報",0,0,1000,0,0,0,1000,0,0,1165000,0,0,0,1165000,,,0,0,0,2000,0,0,0,0,0,0,0,0,0
"2026/02/10","2026/02/13","7317","松屋アールアンドディ","東証およびＰＴＳ",,"確報",900,200,18500,0,0,42000,-23500,982800,218400,20202000,0,0,45864000,-25662000,,,0,0,0,17800,42000,0,116.5,48.3,26.4,34.1,0,0,0
"2026/02/10","2026/02/13","7318","セレンディップ","東証およびＰＴＳ",,"確報",1900,7000,64900,0,0,0,64900,2147000,7910000,73337000,0,0,0,73337000,,,0,0,4410000,0,0,0,51.7,72.6,40.2,51.7,0,0,0
"2026/02/10","2026/02/13","7320","Ｓｏｌｖｖｙ","東証およびＰＴＳ",,"確報",300,0,20300,0,0,0,20300,423600,0,28663600,0,0,0,28663600,,,0,0,300000,0,0,0,112.4,168.7,84.3,112.4,0,0,0
"2026/02/10","2026/02/13","7322","３３ＦＧ","東証およびＰＴＳ",,"確報",100,100,10900,0,500,400,10500,587000,587000,63983000,0,2935000,2348000,61635000,,,0,0,872000,0,0,72000,20.6,27.3,64.9,38.4,22.3,2.5,4.5
"2026/02/10","2026/02/13","7325","アイリック","東証およびＰＴＳ",,"確報",100,0,2800,0,0,0,2800,87500,0,2450000,0,0,0,2450000,,,0,0,0,13500,0,0,272,136,0,272,0,0,0
"2026/02/10","2026/02/13","7326","ＳＢＩインシュ","東証およびＰＴＳ",,"確報",2500,0,23400,0,0,0,23400,5972500,0,55902600,0,0,0,55902600,,,0,0,0,125400,0,0,17.6,12.6,29.4,17.6,0,0,0
"2026/02/10","2026/02/13","7327","第四北越ＦＧ","東証およびＰＴＳ",,"確報",4800,200,13000,2200,100,5400,7600,9657600,402400,26156000,4426400,201200,10864800,15291200,,,0,0,294000,0,0,115500,4.2,5.4,3.2,4,5.5,5.7,5.6
"2026/02/10","2026/02/13","7337","ひろぎんＨＤ","東証およびＰＴＳ",,"確報",0,600,11500,0,1100,4700,6800,0,1162200,22275500,0,2130700,9103900,13171600,,,0,0,78650,0,0,37700,11.7,37.5,9.5,15.2,10.5,6.5,8
"2026/02/10","2026/02/13","7343","ブロードマインド","東証およびＰＴＳ",,"確報",0,0,2400,0,0,0,2400,0,0,3240000,0,0,0,3240000,,,0,0,26400,0,0,0,37.4,131,21.8,37.4,0,0,0
"2026/02/10","2026/02/13","7345","アイパートナーズ","東証およびＰＴＳ",,"確報",0,0,200,0,0,0,200,0,0,187800,0,0,0,187800,,,0,0,2400,0,0,0,6,9,4.5,6,0,0,0
"2026/02/10","2026/02/13","7347","マーキュリアＨＤ","東証およびＰＴＳ",,"確報",100,0,178200,0,2900,30800,147400,86200,0,153608400,0,2499800,26549600,127058800,,,0,0,712400,0,0,134800,62.9,43.8,1709,85.5,187,14.5,26.9
"2026/02/10","2026/02/13","7350","おきなわＦＧ","東証およびＰＴＳ",,"確報",0,400,3700,500,0,1800,1900,0,2348000,21719000,2935000,0,10566000,11153000,,,0,0,656000,0,0,208000,7.3,6.4,8.7,7.4,12.9,5,7.2
"2026/02/10","2026/02/13","7351","グッドパッチ","東証およびＰＴＳ",,"確報",200,200,7200,0,0,0,7200,105800,105800,3808800,0,0,0,3808800,,,0,0,151200,0,0,0,20.2,46.8,12.9,20.2,0,0,0
"2026/02/10","2026/02/13","7352","ＴＷＯＳＴＯＮＥ","東証およびＰＴＳ",,"確報",200,1300,71700,0,0,0,71700,124800,811200,44740800,0,0,0,44740800,,,0,0,436800,0,0,0,128.6,120.1,138.5,128.6,0,0,0
"2026/02/10","2026/02/13","7353","ＫＩＹＯラーニング","東証およびＰＴＳ",,"確報",0,200,2300,0,0,0,2300,0,137800,1584700,0,0,0,1584700,,,0,0,47500,0,0,0,83.3,0,41.7,83.3,0,0,0
"2026/02/10","2026/02/13","7354","ＤｍＭｉＸ","東証およびＰＴＳ",,"確報",1200,15400,51200,0,1200,13400,37800,381600,4897200,16281600,0,381600,4261200,12020400,,,0,0,196200,0,0,43800,17.7,41.9,10.5,16.7,21.1,27.6,23.9
"2026/02/10","2026/02/13","7356","Ｒｅｔｔｙ","東証およびＰＴＳ",,"確報",500,0,56500,0,100,0,56500,76000,0,8588000,0,15200,0,8588000,,,0,0,0,0,0,0,52,34.4,169.9,57.2,11,1.2,2.2
"2026/02/10","2026/02/13","7357","ジオコード","東証およびＰＴＳ",,"確報",0,1200,1300,0,0,0,1300,0,1927200,2087800,0,0,0,2087800,,,0,0,0,125000,0,0,12.7,36,7.7,12.7,0,0,0
"2026/02/10","2026/02/13","7358","ポピンズ","東証およびＰＴＳ",,"確報",200,0,1000,0,0,0,1000,285600,0,1428000,0,0,0,1428000,,,0,0,16800,0,0,0,42,21,0,42,0,0,0
"2026/02/10","2026/02/13","7359","東京通信グループ","東証およびＰＴＳ",,"確報",1900,0,15800,0,0,0,15800,655500,0,5451000,0,0,0,5451000,,,0,0,389200,0,0,0,27.5,37.8,21.6,27.5,0,0,0
"2026/02/10","2026/02/13","7360","オンデック","東証およびＰＴＳ",,"確報",100,0,1700,0,0,0,1700,80600,0,1370200,0,0,0,1370200,,,0,0,4800,0,0,0,162,81,0,162,0,0,0
"2026/02/10","2026/02/13","7361","ＨＣＨ","東証およびＰＴＳ",,"確報",0,0,400,0,0,0,400,0,0,550000,0,0,0,550000,,,0,0,17600,0,0,0,7,28,4,7,0,0,0
"2026/02/10","2026/02/13","7362","Ｔ．Ｓ．Ｉ","東証およびＰＴＳ",,"確報",100,0,500,0,0,0,500,82700,0,413500,0,0,0,413500,,,0,0,8800,0,0,0,14.7,11,22,14.7,0,0,0
"2026/02/10","2026/02/13","7363","ベビーカレンダー","東証およびＰＴＳ",,"確報",0,100,1200,0,0,0,1200,0,154200,1850400,0,0,0,1850400,,,0,0,6500,0,0,0,31,31,31,31,0,0,0
"2026/02/10","2026/02/13","7366","ＬＩＴＡＬＩＣＯ","東証およびＰＴＳ",,"確報",1500,1400,129900,600,1900,152900,-23000,1948500,1818600,168740100,779400,2468100,198617100,-29877000,,,0,0,0,778800,925200,0,50.4,51,30.5,38.2,42,209,70
"2026/02/10","2026/02/13","7367","セルム","東証およびＰＴＳ",,"確報",0,1200,8500,0,0,0,8500,0,422400,2992000,0,0,0,2992000,,,0,0,38800,0,0,0,34.4,31,38.8,34.4,0,0,0
"2026/02/10","2026/02/13","7368","表示灯","東証およびＰＴＳ",,"確報",0,0,0,0,0,0,0,0,0,0,0,0,0,0,,,0,0,0,0,0,0,0,0,0,0,0,0,0
"2026/02/10","2026/02/13","7369","メイホーＨＤ","東証およびＰＴＳ",,"確報",0,0,5100,0,0,0,5100,0,0,2927400,0,0,0,2927400,,,0,0,20400,0,0,0,261,0,130.5,261,0,0,0
"2026/02/10","2026/02/13","7370","Ｅｎｊｉｎ","東証およびＰＴＳ",,"確報",200,100,15500,100,200,3800,11700,165200,82600,12803000,82600,165200,3138800,9664200,,,0,0,92400,0,0,23400,48.8,54,94.5,68.7,39.2,16.3,23.1
"2026/02/10","2026/02/13","7371","Ｚｅｎｋｅｎ","東証およびＰＴＳ",,"確報",200,0,12800,0,0,3100,9700,138600,0,8870400,0,0,2148300,6722100,,,0,0,163800,0,0,40300,198.3,211,633,316.5,160,53.3,80
"2026/02/10","2026/02/13","7372","デコルテＨＤ","東証およびＰＴＳ",,"確報",0,0,49900,0,0,0,49900,0,0,19461000,0,0,0,19461000,,,0,0,0,0,0,0,32.7,37.2,29.2,32.7,0,0,0
"2026/02/10","2026/02/13","7373","アイドマＨＤ","東証およびＰＴＳ",,"確報",400,0,9200,100,0,100,9100,818400,0,18823200,204600,0,204600,18618600,,,0,0,114400,0,0,0,18.2,20.6,18.9,19.7,2,0.7,1
"2026/02/10","2026/02/13","7374","コンフィデンスＩ","東証およびＰＴＳ",,"確報",0,0,400,0,0,0,400,0,0,688800,0,0,0,688800,,,0,0,400,0,0,0,0,0,0,0,0,0,0
"2026/02/10","2026/02/13","7375","リファインバスＧ","東証およびＰＴＳ",,"確報",0,0,2600,0,0,0,2600,0,0,2113800,0,0,0,2113800,,,0,0,0,0,0,0,28,42,21,28,0,0,0
"2026/02/10","2026/02/13","7376","ＢＣＣ","東証およびＰＴＳ",,"確報",0,0,48800,0,0,0,48800,0,0,94769600,0,0,0,94769600,,,0,0,0,48800,0,0,0,0,0,0,0,0,0
"2026/02/10","2026/02/13","7377","ＤＮホールディングス","東証およびＰＴＳ",,"確報",0,0,400,0,0,0,400,0,0,824000,0,0,0,824000,,,0,0,3200,0,0,0,0,0,0,0,0,0,0
"2026/02/10","2026/02/13","7378","アシロ","東証およびＰＴＳ",,"確報",0,400,14700,4400,0,13800,900,0,707600,26004300,7783600,0,24412200,1592100,,,0,0,1691200,0,0,1052800,8.6,19.1,8.8,12.1,6.9,6,6.4
"2026/02/10","2026/02/13","7380","十六ＦＧ","東証およびＰＴＳ",,"確報",300,300,11100,100,200,3600,7500,2835000,2835000,104895000,945000,1890000,34020000,70875000,,,0,0,555000,0,0,185000,16.7,28.2,35.2,31.3,26.6,4.7,8
"2026/02/10","2026/02/13","7381","ＣＣＩグループ","東証およびＰＴＳ",,"確報",8000,1600,66400,6400,0,66400,0,7864000,1572800,65271200,6291200,0,65271200,0,,,0,0,1020000,0,0,1020000,9.1,20.7,5,8,55.2,5.9,10.6
"2026/02/10","2026/02/13","7383","ネットプロＨＤ","東証およびＰＴＳ",,"確報",30500,6500,185400,0,6800,154600,30800,15097500,3217500,91773000,0,3366000,76527000,15246000,,,0,0,7101600,0,0,7101600,10.1,10.8,4,5.8,53.5,40.5,46.1
"2026/02/10","2026/02/13","7384","プロクレアＨＤ","東証およびＰＴＳ",,"確報",1000,2200,35000,700,400,59100,-24100,2854000,6278800,99890000,1997800,1141600,168671400,-68781400,,,0,0,1592800,0,0,2587200,21.9,24.2,14.5,18.1,104.4,14.3,25.2
"2026/02/10","2026/02/13","7388","ＦＰパートナー","東証およびＰＴＳ",,"確報",2500,400,43400,2100,0,43400,0,5957500,953200,103422200,5004300,0,103422200,0,,,0,0,1156400,0,0,1156400,14.9,10.8,11.9,11.3,20.5,22,21.2
"2026/02/10","2026/02/13","7389","あいちＦＧ","東証およびＰＴＳ",,"確報",3000,500,12400,2600,100,12400,0,18870000,3145000,77996000,16354000,629000,77996000,0,,,0,0,2079000,0,0,2079000,10.1,5.6,10.8,7.3,9.4,52.9,16
"2026/02/10","2026/02/13","7399","ナンシン","東証およびＰＴＳ",,"確報",0,700,2400,0,0,0,2400,0,435400,1492800,0,0,0,1492800,,,0,0,0,15500,0,0,36.8,147,21,36.8,0,0,0
"2026/02/10","2026/02/13","7409","ＡｅｒｏＥｄｇｅ","東証およびＰＴＳ",,"確報",1400,200,12200,0,0,0,12200,5691000,813000,49593000,0,0,0,49593000,,,0,0,2365000,0,0,0,26.2,22.7,31,26.2,0,0,0
"2026/02/10","2026/02/13","7412","アトム","東証およびＰＴＳ",,"確報",300,0,12500,49200,1400,993400,-980900,187800,0,7825000,30799200,876400,621868400,-614043400,,,0,0,0,24400,1891200,0,40.6,32.4,55.9,41,25.9,93.2,40.6
"2026/02/10","2026/02/13","7413","創健社","東証およびＰＴＳ",,"確報",0,0,0,0,0,0,0,0,0,0,0,0,0,0,,,0,0,0,0,0,0,0,0,0,0,0,0,0
"2026/02/10","2026/02/13","7414","小野建","東証およびＰＴＳ",,"確報",1200,0,12100,1200,0,12100,0,1764000,0,17787000,1764000,0,17787000,0,,,0,0,98100,0,0,98100,15.2,8.1,23.1,12,11.3,121.5,20.7
"2026/02/10","2026/02/13","7416","はるやまＨＤ","東証およびＰＴＳ",,"確報",0,0,2300,100,0,1600,700,0,0,1757200,76400,0,1222400,534800,,,0,0,6900,0,0,4500,13.9,121,17.3,30.3,6.6,7.3,6.9
"2026/02/10","2026/02/13","7417","南陽","東証およびＰＴＳ",,"確報",100,0,4900,0,300,500,4400,154300,0,7560700,0,462900,771500,6789200,,,0,0,24000,0,0,4000,17.4,88,16.5,27.8,6.3,5.6,5.9
"2026/02/10","2026/02/13","7419","ノジマ","東証およびＰＴＳ",,"確報",0,400,226100,0,0,3000,223100,0,437600,247353400,0,0,3282000,244071400,,,0,0,3624000,0,0,48000,36.5,21.7,299.4,40.4,3.2,8,4.6
"2026/02/10","2026/02/13","7420","佐鳥電機","東証およびＰＴＳ",,"確報",2000,0,6200,0,100,0,6200,3908000,0,12114800,0,195400,0,12114800,,,0,0,142800,0,0,3400,16.2,13.1,23.8,16.9,0,2.5,5
"2026/02/10","2026/02/13","7421","カッパ・クリエイト","東証およびＰＴＳ",,"確報",200,10200,6400,18300,1600,117200,-110800,321200,16381200,10278400,29389800,2569600,188223200,-177944800,,,0,0,0,213200,1306500,0,24.2,15.6,5.8,8.5,19.5,90.6,32
"2026/02/10","2026/02/13","7422","東邦レマック","東証およびＰＴＳ",,"確報",0,0,300,0,0,0,300,0,0,139500,0,0,0,139500,,,0,0,0,0,0,0,0,0,0,0,0,0,0
"2026/02/10","2026/02/13","7425","初穂商事","東証およびＰＴＳ",,"確報",0,0,0,0,0,0,0,0,0,0,0,0,0,0,,,0,0,0,0,0,0,0,0,0,0,0,0,0
"2026/02/10","2026/02/13","7426","山大","東証およびＰＴＳ",,"確報",0,600,5200,0,0,0,5200,0,768600,6661200,0,0,0,6661200,,,0,0,0,243600,0,0,8.6,5.6,19,8.6,0,0,0
"2026/02/10","2026/02/13","7427","エコートレーディング","東証およびＰＴＳ",,"確報",500,200,5900,0,500,800,5100,464500,185800,5481100,0,464500,743200,4737900,,,0,0,0,39200,9100,0,4.8,4.4,4.9,4.6,7.7,5.1,6.1
"2026/02/10","2026/02/13","7433","伯東","東証およびＰＴＳ",,"確報",4400,0,11800,4400,0,11800,0,19184000,0,51448000,19184000,0,51448000,0,,,0,0,740000,0,0,740000,9.6,8.2,10.9,9.4,8.5,11.4,9.7
"2026/02/10","2026/02/13","7434","オータケ","東証およびＰＴＳ",,"確報",0,0,0,0,0,0,0,0,0,0,0,0,0,0,,,0,0,0,0,0,0,4,0,2,4,0,0,0
"2026/02/10","2026/02/13","7435","ナ・デックス","東証およびＰＴＳ",,"確報",100,0,500,0,0,0,500,100500,0,502500,0,0,0,502500,,,0,0,4800,0,0,0,42,21,0,42,0,0,0
"2026/02/10","2026/02/13","7438","コンドーテック","東証およびＰＴＳ",,"確報",0,200,7300,0,0,7700,-400,0,308600,11263900,0,0,11881100,-617200,,,0,0,97500,0,0,100100,38.2,24,40,30,30.5,183,52.3
"2026/02/10","2026/02/13","7442","中山福","東証およびＰＴＳ",,"確報",1500,1200,4700,700,400,4700,0,733500,586800,2298300,342300,195600,2298300,0,,,0,0,4400,0,0,4400,5.2,2.6,4.3,3.2,7.3,15.2,9.9
"2026/02/10","2026/02/13","7443","横浜魚類","東証およびＰＴＳ",,"確報",0,0,1400,0,0,1400,0,0,0,952000,0,0,952000,0,,,0,0,7000,0,0,7000,26.3,79,13.2,22.6,0,15.8,31.6
"2026/02/10","2026/02/13","7444","ハリマ共和物産","東証およびＰＴＳ",,"確報",0,100,1300,0,0,0,1300,0,214900,2793700,0,0,0,2793700,,,0,0,26600,0,0,0,35.5,71,23.7,35.5,0,0,0
"2026/02/10","2026/02/13","7445","ライトオン","東証およびＰＴＳ",,"確報",5800,0,7800,0,0,0,7800,1815400,0,2441400,0,0,0,2441400,,,0,0,8000,0,0,0,4.3,2.3,51.3,4.3,0,0,0
"2026/02/10","2026/02/13","7446","東北化学薬品","東証およびＰＴＳ",,"確報",0,100,400,0,0,0,400,0,419000,1676000,0,0,0,1676000,,,0,0,27500,0,0,0,23,23,23,23,0,0,0
"2026/02/10","2026/02/13","7447","ナガイレーベン","東証およびＰＴＳ",,"確報",100,600,32700,4700,0,55200,-22500,180800,1084800,59121600,8497600,0,99801600,-40680000,,,0,0,0,132800,202000,0,25.6,39.9,26.8,32.1,14.4,52.3,22.6
"2026/02/10","2026/02/13","7450","サンデー","東証およびＰＴＳ",,"確報",0,0,2000,0,0,0,2000,0,0,2556000,0,0,0,2556000,,,0,0,0,0,0,0,0,0,0,0,0,0,0
"2026/02/10","2026/02/13","7453","良品計画","東証およびＰＴＳ",,"確報",19700,94400,69200,8100,0,9300,59900,67157300,321809600,235902800,27612900,0,31703700,204199100,,,0,0,23599600,0,0,196800,7.1,16.1,4.7,7.3,1.7,47.7,3.3
"2026/02/10","2026/02/13","7455","パリミキＨＤ","東証およびＰＴＳ",,"確報",0,0,400,0,0,0,400,0,0,230800,0,0,0,230800,,,0,0,0,0,0,0,0,0,0,0,0,0,0
"2026/02/10","2026/02/13","7456","松田産業","東証およびＰＴＳ",,"確報",4900,1200,14500,100,400,9600,4900,34055000,8340000,100775000,695000,2780000,66720000,34055000,,,0,0,3240000,0,0,2970000,9.9,9.3,8.4,8.9,10,16.2,12.4
"2026/02/10","2026/02/13","7458","第一興商","東証およびＰＴＳ",,"確報",0,900,9100,900,0,2100,7000,0,1541250,15583750,1541250,0,3596250,11987500,,,0,0,165000,0,0,19800,14.5,124,21.6,36.7,8.2,3.4,4.8
"2026/02/10","2026/02/13","7459","メディパルＨＤ","東証およびＰＴＳ",,"確報",400,2100,4700,1300,300,9300,-4600,1183400,6212850,13904950,3846050,887550,27514050,-13609100,,,0,0,214400,0,0,278050,15.8,16.6,7.8,10.6,26.1,20.2,22.8
"2026/02/10","2026/02/13","7460","ヤギ","東証およびＰＴＳ",,"確報",2000,0,12500,500,500,700,11800,8090000,0,50562500,2022500,2022500,2831500,47731000,,,0,0,5617500,0,0,374500,23.2,27.7,44.7,34.2,3.8,3.4,3.6
"2026/02/10","2026/02/13","7461","キムラ","東証およびＰＴＳ",,"確報",100,0,1400,0,0,0,1400,51500,0,721000,0,0,0,721000,,,0,0,1300,0,0,0,132,66,0,132,0,0,0
"2026/02/10","2026/02/13","7462","ＣＡＰＩＴＡ","東証およびＰＴＳ",,"確報",0,0,200,0,0,0,200,0,0,119400,0,0,0,119400,,,0,0,0,600,0,0,0,0,0,0,0,0,0
"2026/02/10","2026/02/13","7463","アドヴァングループ","東証およびＰＴＳ",,"確報",0,800,15300,100,700,29800,-14500,0,774400,14810400,96800,677600,28846400,-14036000,,,0,0,305900,0,0,577600,16.7,25.2,4.3,7.3,178.1,22.6,40.1
"2026/02/10","2026/02/13","7464","セフテック","東証およびＰＴＳ",,"確報",0,0,1000,0,0,0,1000,0,0,1682000,0,0,0,1682000,,,0,0,8000,0,0,0,104,0,52,104,0,0,0
"2026/02/10","2026/02/13","7466","エスピーケイ","東証およびＰＴＳ",,"確報",200,400,2100,0,200,1600,500,511200,1022400,5367600,0,511200,4089600,1278000,,,0,0,32200,0,0,25200,15.4,8.5,13.4,10.4,41.5,27.7,33.2
"2026/02/10","2026/02/13","7467","萩原電気ＨＤ","東証およびＰＴＳ",,"確報",0,300,5600,0,0,2100,3500,0,1162500,21700000,0,0,8137500,13562500,,,0,0,590000,0,0,210000,29.1,41.5,15.1,22.1,0,0,0
"2026/02/10","2026/02/13","7472","鳥羽洋行","東証およびＰＴＳ",,"確報",0,400,200,0,400,200,0,0,1608000,804000,0,1608000,804000,0,,,0,0,3000,0,0,3000,2.7,2.9,2.9,2.9,2.6,2.6,2.6
"2026/02/10","2026/02/13","7475","アルビス","東証およびＰＴＳ",,"確報",0,1100,3300,800,200,7300,-4000,0,2984300,8952900,2170400,542600,19804900,-10852000,,,0,0,158400,0,0,241200,24.1,32.3,9.8,15.1,28.4,68.2,40.1
"2026/02/10","2026/02/13","7476","アズワン","東証およびＰＴＳ",,"確報",0,300,13700,2500,0,39200,-25500,0,717150,32749850,5976250,0,93707600,-60957750,,,0,0,378000,0,0,990900,34.7,34.4,62.5,44.4,23.3,51.3,32
"2026/02/10","2026/02/13","7477","ムラキ","東証およびＰＴＳ",,"確報",0,0,9100,0,0,0,9100,0,0,16844100,0,0,0,16844100,,,0,0,273000,0,0,0,112.5,90,150,112.5,0,0,0
"2026/02/10","2026/02/13","7480","スズデン","東証およびＰＴＳ",,"確報",2400,10100,3100,400,0,3100,0,4192800,17644700,5415700,698800,0,5415700,0,,,0,0,75600,0,0,18900,2.7,1.8,1.7,1.8,19.3,14,16.2
"2026/02/10","2026/02/13","7481","尾家産業","東証およびＰＴＳ",,"確報",100,0,1400,0,0,0,1400,266800,0,3735200,0,0,0,3735200,,,0,0,54600,0,0,0,44.7,33.5,67,44.7,0,0,0
"2026/02/10","2026/02/13","7482","シモジマ","東証およびＰＴＳ",,"確報",200,0,4800,100,0,3500,1300,285400,0,6849600,142700,0,4994500,1855100,,,0,0,64400,0,0,47600,81.6,58.8,78.3,67.1,86.5,173,115.3
"2026/02/10","2026/02/13","7483","ドウシシャ","東証およびＰＴＳ",,"確報",0,3100,34900,0,0,300,34600,0,10648500,119881500,0,0,1030500,118851000,,,0,0,2850000,0,0,22500,44,89.5,29.8,44.7,6.5,0,13
"2026/02/10","2026/02/13","7486","サンリン","東証およびＰＴＳ",,"確報",0,0,9400,0,0,0,9400,0,0,7106400,0,0,0,7106400,,,0,0,0,0,0,0,188,0,94,188,0,0,0
"2026/02/10","2026/02/13","7487","小津産業","東証およびＰＴＳ",,"確報",0,300,3300,0,300,3300,0,0,547200,6019200,0,547200,6019200,0,,,0,0,14400,0,0,14400,25.5,191,15.9,29.4,63.7,13.6,22.5
"2026/02/10","2026/02/13","7490","日新商事","東証およびＰＴＳ",,"確報",0,100,16800,0,0,0,16800,0,130300,21890400,0,0,0,21890400,,,0,0,0,523900,0,0,841,841,841,841,0,0,0
"2026/02/10","2026/02/13","7494","コナカ","東証およびＰＴＳ",,"確報",0,200,8000,0,200,7200,800,0,50000,2000000,0,50000,1800000,200000,,,0,0,8200,0,0,7400,69.2,0,51.6,103.3,0,25.5,51.1
"2026/02/10","2026/02/13","7500","西川計測","東証およびＰＴＳ",,"確報",0,0,100,0,0,0,100,0,0,1095000,0,0,0,1095000,,,0,0,37000,0,0,0,0,0,0,0,0,0,0
"2026/02/10","2026/02/13","7501","ティムコ","東証およびＰＴＳ",,"確報",300,0,1200,0,0,0,1200,537000,0,2148000,0,0,0,2148000,,,0,0,30600,0,0,0,11.7,6.8,41,11.7,0,0,0
"2026/02/10","2026/02/13","7502","プラザＨＤ","東証およびＰＴＳ",,"確報",0,0,600,0,0,0,600,0,0,1089600,0,0,0,1089600,,,0,0,0,1200,0,0,0,0,0,0,0,0,0
"2026/02/10","2026/02/13","7504","高速","東証およびＰＴＳ",,"確報",0,800,16400,2700,100,44800,-28400,0,2504000,51332000,8451000,313000,140224000,-88892000,,,0,0,344000,0,0,844000,16.5,35.6,22.5,27.6,8.9,31.2,13.8
"2026/02/10","2026/02/13","7505","扶桑電通","東証およびＰＴＳ",,"確報",100,500,8000,0,0,0,8000,193600,968000,15488000,0,0,0,15488000,,,0,0,0,100800,0,0,62.9,58.4,68.2,62.9,0,0,0
"2026/02/10","2026/02/13","7506","ハウス　オブ　ローゼ","東証およびＰＴＳ",,"確報",100,0,9200,100,0,13400,-4200,141100,0,12981200,141100,0,18907400,-5926200,,,0,0,9100,0,0,13300,70,88.8,55.5,68.3,49.3,128.2,71.2
"2026/02/10","2026/02/13","7508","Ｇ－７ＨＤ","東証およびＰＴＳ",,"確報",0,300,7200,0,1200,2500,4700,0,451800,10843200,0,1807200,3765000,7078200,,,0,0,45000,0,0,22200,1.9,3.9,1.7,2.3,2.5,1,1.5
"2026/02/10","2026/02/13","7509","アイエーグループ","東証およびＰＴＳ",,"確報",0,0,200,0,0,0,200,0,0,926000,0,0,0,926000,,,0,0,16000,0,0,0,9,9,9,9,0,0,0
"2026/02/10","2026/02/13","7510","たけびし","東証およびＰＴＳ",,"確報",200,0,3600,200,0,3600,0,489000,0,8802000,489000,0,8802000,0,,,0,0,187000,0,0,187000,4.7,24.9,3.1,5.5,28.4,2.3,4.2
"2026/02/10","2026/02/13","7512","イオン北海道","東証およびＰＴＳ",,"確報",1500,900,18400,1400,1300,63500,-45100,1407000,844200,17259200,1313200,1219400,59563000,-42303800,,,0,0,0,53400,190200,0,22.6,18.8,10.1,13.2,25.2,33.1,28.6
"2026/02/10","2026/02/13","7513","コジマ","東証およびＰＴＳ",,"確報",1000,5900,56500,900,0,157800,-101300,1286000,7587400,72659000,1157400,0,202930800,-130271800,,,0,0,2149000,0,0,5491500,50,43.5,12.4,19.3,85.7,487.3,145.7
"2026/02/10","2026/02/13","7514","ヒマラヤ","東証およびＰＴＳ",,"確報",0,500,300,0,0,0,300,0,441000,264600,0,0,0,264600,,,0,0,800,0,0,0,14,0,7,14,0,0,0
"2026/02/10","2026/02/13","7515","マルヨシセンター","東証およびＰＴＳ",,"確報",0,0,0,0,0,0,0,0,0,0,0,0,0,0,,,0,0,0,0,0,0,0,0,0,0,0,0,0
"2026/02/10","2026/02/13","7516","コーナン商事","東証およびＰＴＳ",,"確報",700,0,31700,100,400,10600,21100,2803500,0,126958500,400500,1602000,42453000,84505500,,,0,0,775000,0,0,272500,16,143.6,7.6,14.5,17.1,41.3,24.1
"2026/02/10","2026/02/13","7520","エコス","東証およびＰＴＳ",,"確報",900,0,2300,0,0,0,2300,2862000,0,7314000,0,0,0,7314000,,,0,0,42000,0,0,0,9.1,7.5,11.7,9.1,0,0,0
"2026/02/10","2026/02/13","7521","ムサシ","東証およびＰＴＳ",,"確報",0,400,1300,0,0,0,1300,0,1020800,3317600,0,0,0,3317600,,,0,0,110500,0,0,0,9.5,100,5,9.5,0,0,0
"2026/02/10","2026/02/13","7522","ワタミ","東証およびＰＴＳ",,"確報",300,0,5300,2400,0,3200,2100,289800,0,5119800,2318400,0,3091200,2028600,,,0,0,0,35000,5600,0,10.2,45.3,30.2,36.3,1.5,2.8,2
"2026/02/10","2026/02/13","7523","アールビバン","東証およびＰＴＳ",,"確報",100,0,17300,0,0,0,17300,164600,0,28475800,0,0,0,28475800,,,0,0,309600,0,0,0,55.2,65.8,47.6,55.2,0,0,0
"2026/02/10","2026/02/13","7524","マルシェ","東証およびＰＴＳ",,"確報",0,100,370500,0,700,11500,359000,0,19400,71877000,0,135800,2231000,69646000,,,0,0,741200,0,0,24400,1159.2,1683.3,9999.9,3086,0,29,58.1
"2026/02/10","2026/02/13","7525","リックス","東証およびＰＴＳ",,"確報",0,100,600,0,100,600,0,0,393500,2361000,0,393500,2361000,0,,,0,0,31500,0,0,31500,12.4,7.8,15.5,10.3,10.3,31,15.5
"2026/02/10","2026/02/13","7527","システムソフト","東証およびＰＴＳ",,"確報",100,2700,297200,0,0,0,297200,6600,178200,19615200,0,0,0,19615200,,,0,0,299800,0,0,0,24.1,60.9,15,24.1,0,0,0
"2026/02/10","2026/02/13","7531","清和中央ＨＤ","東証およびＰＴＳ",,"確報",500,0,3000,0,0,0,3000,738000,0,4428000,0,0,0,4428000,,,0,0,40000,0,0,0,13.5,6.8,0,13.5,0,0,0
"2026/02/10","2026/02/13","7532","パンパシフィックＨＤ","東証およびＰＴＳ",,"確報",32000,4600,396600,64500,2100,161600,235000,31209600,4486380,386803980,62906850,2048130,157608480,229195500,,,0,0,110760,0,0,29760,13.6,40.6,12.4,19,2.5,130,5
"2026/02/10","2026/02/13","7537","丸文","東証およびＰＴＳ",,"確報",2500,1600,14300,900,0,14300,0,3262500,2088000,18661500,1174500,0,18661500,0,,,0,0,375200,0,0,375200,17,11.6,13.2,12.3,24,32,27.4
"2026/02/10","2026/02/13","7538","大水","東証およびＰＴＳ",,"確報",0,100,7600,0,0,0,7600,0,41500,3154000,0,0,0,3154000,,,0,0,0,23100,0,0,9,5,39.8,9,0,0,0
"2026/02/10","2026/02/13","7539","アイナボＨＤ","東証およびＰＴＳ",,"確報",200,0,4900,0,200,1300,3600,152600,0,3738700,0,152600,991900,2746800,,,0,0,14100,0,0,4500,16.2,21.7,29.9,25.2,6.3,9.5,7.6
"2026/02/10","2026/02/13","7544","スリーエフ","東証およびＰＴＳ",,"確報",300,0,7000,0,0,0,7000,168000,0,3920000,0,0,0,3920000,,,0,0,0,0,0,0,94.6,47.3,0,94.6,0,0,0
"2026/02/10","2026/02/13","7545","西松屋チェーン","東証およびＰＴＳ",,"確報",200,1200,5100,4500,300,51000,-45900,447600,2685600,11413800,10071000,671400,114138000,-102724200,,,0,0,140300,0,0,1076400,10,12.2,3.7,5.6,9.7,17.6,12.5
"2026/02/10","2026/02/13","7550","ゼンショーＨＤ","東証およびＰＴＳ",,"確報",1400,2700,12100,3700,100,12100,0,13204800,25466400,114127200,34898400,943200,114127200,0,,,0,0,5226000,0,0,3315000,8.3,31.5,6,10,3.3,20.8,5.8
"2026/02/10","2026/02/13","75505","ゼンショーＨＤ－優","東証およびＰＴＳ",,"確報",0,0,0,0,0,0,0,0,0,0,0,0,0,0,,,0,0,0,0,0,0,0,0,0,0,0,0,0
"2026/02/10","2026/02/13","7551","ウェッズ","東証およびＰＴＳ",,"確報",400,200,500,100,0,400,100,270800,135400,338500,67700,0,270800,67700,,,0,0,2100,0,0,2100,6.7,3.8,4.8,4.2,18,18,18
"2026/02/10","2026/02/13","7552","ハピネット","東証およびＰＴＳ",,"確報",10600,100,34600,1800,2000,16000,18600,31026200,292700,101274200,5268600,5854000,46832000,54442200,,,0,0,2771500,0,0,1863000,13.2,7.9,82.3,14.4,9.8,14.2,11.6
"2026/02/10","2026/02/13","7554","幸楽苑","東証およびＰＴＳ",,"確報",13900,800,30900,300,6100,40100,-9200,16235200,934400,36091200,350400,7124800,46836800,-10745600,,,0,0,124600,0,0,321300,14.2,6.2,24.5,9.9,14.8,22.8,18
"2026/02/10","2026/02/13","7555","大田花き","東証およびＰＴＳ",,"確報",0,0,0,0,0,0,0,0,0,0,0,0,0,0,,,0,0,0,0,0,0,0,0,0,0,0,0,0
"2026/02/10","2026/02/13","7561","ハークスレイ","東証およびＰＴＳ",,"確報",4800,0,12400,0,500,100,12300,3768000,0,9734000,0,392500,78500,9655500,,,0,0,585200,0,0,46200,9.9,7.2,23.6,11.1,4.8,2.9,3.6
"2026/02/10","2026/02/13","7562","安楽亭","東証およびＰＴＳ",,"確報",0,0,900,0,0,0,900,0,0,3397500,0,0,0,3397500,,,0,0,4500,0,0,0,86,43,0,86,0,0,0
"2026/02/10","2026/02/13","7564","ワークマン","東証およびＰＴＳ",,"確報",1500,400,17600,2400,100,5300,12300,9960000,2656000,116864000,15936000,664000,35192000,81672000,,,0,0,1320000,0,0,240000,19.9,44.4,19.7,27.3,4.9,19.5,7.8
"2026/02/10","2026/02/13","7565","萬世電機","東証およびＰＴＳ",,"確報",0,0,0,0,0,0,0,0,0,0,0,0,0,0,,,0,0,0,0,0,0,0,0,0,0,0,0,0
"2026/02/10","2026/02/13","7567","栄電子","東証およびＰＴＳ",,"確報",0,0,2500,0,0,0,2500,0,0,1257500,0,0,0,1257500,,,0,0,0,0,0,0,0,0,0,0,0,0,0
"2026/02/10","2026/02/13","7570","橋本総業ＨＤ","東証およびＰＴＳ",,"確報",0,200,2900,0,200,2900,0,0,280600,4068700,0,280600,4068700,0,,,0,0,27900,0,0,27900,13.5,10.6,21.3,14.2,9.9,18.6,13
"2026/02/10","2026/02/13","7571","ヤマノＨＤ","東証およびＰＴＳ",,"確報",3100,0,48700,0,0,100,48600,372000,0,5844000,0,0,12000,5832000,,,0,0,228000,0,0,500,22.6,16.4,37.4,22.8,2,2,2
"2026/02/10","2026/02/13","7575","日本ライフライン","東証およびＰＴＳ",,"確報",200,300,14000,0,100,0,14000,282000,423000,19740000,0,141000,0,19740000,,,0,0,0,28200,200,0,41.5,51.6,38.1,43.8,3,3,3
"2026/02/10","2026/02/13","7578","ニチリョク","東証およびＰＴＳ",,"確報",0,0,6800,0,0,0,6800,0,0,843200,0,0,0,843200,,,0,0,0,0,0,0,7.7,0,3.9,7.7,0,0,0
"2026/02/10","2026/02/13","7581","サイゼリヤ","東証およびＰＴＳ",,"確報",1200,500,6100,4500,2200,49300,-43200,8028000,3345000,40809000,30105000,14718000,329817000,-289008000,,,0,0,486000,0,0,4230000,12.6,11.4,10.6,11,10.5,16.4,12.8
"2026/02/10","2026/02/13","7585","かんなん丸","東証およびＰＴＳ",,"確報",0,0,100,0,0,0,100,0,0,41700,0,0,0,41700,,,0,0,100,0,0,0,6,6,6,6,0,0,0
"2026/02/10","2026/02/13","7590","タカショー","東証およびＰＴＳ",,"確報",200,0,5500,0,0,0,5500,79800,0,2194500,0,0,0,2194500,,,0,0,10600,0,0,0,21.1,42.3,14.1,21.1,0,0,0
"2026/02/10","2026/02/13","7593","ＶＴホールディングス","東証およびＰＴＳ",,"確報",0,0,17300,0,0,13000,4300,0,0,9722600,0,0,7306000,2416600,,,0,0,86500,0,0,65000,65.2,35.3,49.8,41.3,326.5,217.7,261.2
"2026/02/10","2026/02/13","7595","アルゴグラフィックス","東証およびＰＴＳ",,"確報",9100,1300,25200,7800,0,25200,0,14378000,2054000,39816000,12324000,0,39816000,0,,,0,0,1096200,0,0,1096200,8.1,4.8,8,6,8.3,25.6,12.6
"2026/02/10","2026/02/13","7596","魚力","東証およびＰＴＳ",,"確報",0,0,500,0,0,0,500,0,0,1169500,0,0,0,1169500,,,0,0,5500,0,0,0,0,0,0,0,0,0,0
"2026/02/10","2026/02/13","7599","ＩＤＯＭ","東証およびＰＴＳ",,"確報",4500,7200,44600,0,2700,44600,0,6646500,10634400,65874200,0,3987900,65874200,0,,,0,0,0,1608200,1608200,0,6.3,5.8,2.9,3.9,65,10.1,17.5
"2026/02/10","2026/02/13","7600","日本エム・ディ・エム","東証およびＰＴＳ",,"確報",500,0,92400,0,2200,53700,38700,248500,0,45922800,0,1093400,26688900,19233900,,,0,0,919000,0,0,559000,121.5,417.5,382.8,399.4,112.8,38.1,56.9
"2026/02/10","2026/02/13","7601","ポプラ","東証およびＰＴＳ",,"確報",0,200,26600,0,0,0,26600,0,36200,4814600,0,0,0,4814600,,,0,0,0,0,0,0,532.8,666,444,532.8,0,0,0
"2026/02/10","2026/02/13","7602","レダックス","東証およびＰＴＳ",,"確報",17200,3500,317000,0,1600,572400,-255400,4540800,924000,83688000,0,422400,151113600,-67425600,,,0,0,0,606600,1148000,0,39.9,18.9,68.8,29.6,0,23.9,47.8
"2026/02/10","2026/02/13","7603","ジーイエット","東証およびＰＴＳ",,"確報",800,1100,168400,0,0,0,168400,142400,195800,29975200,0,0,0,29975200,,,0,0,1012200,0,0,0,40.5,114.7,24.6,40.5,0,0,0
"2026/02/10","2026/02/13","7604","梅の花グループ","東証およびＰＴＳ",,"確報",100,0,1300,0,0,0,1300,84900,0,1103700,0,0,0,1103700,,,0,0,0,2400,0,0,27.6,69,17.3,27.6,0,0,0
"2026/02/10","2026/02/13","7606","ユナイテッドアローズ","東証およびＰＴＳ",,"確報",100,1300,1400,2100,3600,14700,-13300,262200,3408600,3670800,5506200,9439200,38543400,-34872600,,,0,0,127400,0,0,793800,7.9,8.7,1.8,3,13.8,16.7,15.1
"2026/02/10","2026/02/13","7607","進和","東証およびＰＴＳ",,"確報",400,100,3600,500,0,5000,-1400,1298000,324500,11682000,1622500,0,16225000,-4543000,,,0,0,165000,0,0,225000,5.9,3,3.4,3.2,9.8,112.5,18
"2026/02/10","2026/02/13","7608","エスケイジャパン","東証およびＰＴＳ",,"確報",5600,1100,26700,1300,0,2700,24000,8876000,1743500,42319500,2060500,0,4279500,38040000,,,0,0,1154400,0,0,72800,13.7,14.3,14.8,14.5,3.7,78,7.1
"2026/02/10","2026/02/13","7609","ダイトロン","東証およびＰＴＳ",,"確報",100,200,11900,0,200,3700,8200,270100,540200,32141900,0,540200,9993700,22148200,,,0,0,480000,0,0,156000,15.6,17.1,13.6,15.1,21.1,14.6,17.3
"2026/02/10","2026/02/13","7610","テイツー","東証およびＰＴＳ",,"確報",12500,0,336800,0,0,14400,322400,1837500,0,49509600,0,0,2116800,47392800,,,0,0,324300,0,0,14400,77.3,124.2,56.7,77.9,33,0,66
"2026/02/10","2026/02/13","7611","ハイデイ日高","東証およびＰＴＳ",,"確報",700,1700,16400,400,0,9200,7200,2303000,5593000,53956000,1316000,0,30268000,23688000,,,0,0,957000,0,0,484000,27.9,29.4,23.5,26.1,16.7,418,32.2
"2026/02/10","2026/02/13","7613","シークス","東証およびＰＴＳ",,"確報",400,900,13400,1700,0,18200,-4800,563200,1267200,18867200,2393600,0,25625600,-6758400,,,0,0,417000,0,0,495000,16.2,12.5,13.4,12.9,12.6,63.2,21.1
"2026/02/10","2026/02/13","7614","オーエムツーＮＷ","東証およびＰＴＳ",,"確報",2000,0,11500,0,0,0,11500,3134000,0,18020500,0,0,0,18020500,,,0,0,133000,0,0,0,47.2,24.8,496,47.2,0,0,0
"2026/02/10","2026/02/13","7615","京都きもの友禅ＨＤ","東証およびＰＴＳ",,"確報",68600,800,307400,0,0,0,307400,11456200,133600,51335800,0,0,0,51335800,,,0,0,3594000,0,0,0,26.6,15.7,87.2,26.6,0,0,0
"2026/02/10","2026/02/13","7616","コロワイド","東証およびＰＴＳ",,"確報",2000,2300,16500,100,400,16500,0,3702000,4257300,30541500,185100,740400,30541500,0,,,0,0,705600,0,0,705600,21.2,19,12.1,14.8,83.7,23.9,37.2
"2026/02/10","2026/02/13","7619","田中商事","東証およびＰＴＳ",,"確報",0,0,800,0,0,0,800,0,0,736000,0,0,0,736000,,,0,0,8800,0,0,0,15.7,47,11.8,18.8,0,0,0
"2026/02/10","2026/02/13","7621","うかい","東証およびＰＴＳ",,"確報",0,0,0,0,0,0,0,0,0,0,0,0,0,0,,,0,0,0,0,0,0,0,0,0,0,0,0,0
"2026/02/10","2026/02/13","7624","ＮａＩＴＯ","東証およびＰＴＳ",,"確報",0,0,7400,0,0,0,7400,0,0,1065600,0,0,0,1065600,,,0,0,7400,0,0,0,53.5,29,348,53.5,0,0,0
"2026/02/10","2026/02/13","7625","グローバルダイニング","東証およびＰＴＳ",,"確報",0,0,2600,0,0,0,2600,0,0,1092000,0,0,0,1092000,,,0,0,2600,0,0,0,65,0,130,260,0,0,0
"2026/02/10","2026/02/13","7628","オーハシテクニカ","東証およびＰＴＳ",,"確報",3900,700,9700,100,500,9700,0,4730700,849100,11766100,121300,606500,11766100,0,,,0,0,123500,0,0,191900,9.4,4.7,7.1,5.7,19.7,17.5,18.5
"2026/02/10","2026/02/13","7630","壱番屋","東証およびＰＴＳ",,"確報",0,10100,75100,3200,8900,136100,-61000,0,9393000,69843000,2976000,8277000,126573000,-56730000,,,0,0,1363200,0,0,2268800,23.5,33.6,9.9,15.2,31.8,41.7,36.1
"2026/02/10","2026/02/13","7634","星医療酸器","東証およびＰＴＳ",,"確報",0,0,0,0,0,0,0,0,0,0,0,0,0,0,,,0,0,0,0,0,0,0,0,0,0,0,0,0
"2026/02/10","2026/02/13","7635","杉田エース","東証およびＰＴＳ",,"確報",0,0,0,0,0,0,0,0,0,0,0,0,0,0,,,0,0,0,0,0,0,0,0,0,0,0,0,0
"2026/02/10","2026/02/13","7636","ハンズマン","東証およびＰＴＳ",,"確報",0,0,200,0,0,0,200,0,0,164000,0,0,0,164000,,,0,0,0,200,0,0,4.3,4.3,4.3,4.3,0,0,0
"2026/02/10","2026/02/13","7637","白銅","東証およびＰＴＳ",,"確報",3800,600,9900,200,0,18500,-8600,9762200,1541400,25433100,513800,0,47526500,-22093400,,,0,0,1172500,0,0,3202500,28.8,7,27.5,11.2,187.6,44.7,72.2
"2026/02/10","2026/02/13","7638","ＮＥＷ　ＡＲＴ","東証およびＰＴＳ",,"確報",0,100,4600,0,0,2200,2400,0,149000,6854000,0,0,3278000,3576000,,,0,0,141000,0,0,66000,33.8,16,52,24.5,113,113,113
"2026/02/10","2026/02/13","7640","トップカルチャー","東証およびＰＴＳ",,"確報",0,1600,63900,0,1600,63900,0,0,336000,13419000,0,336000,13419000,0,,,0,0,327500,0,0,327500,30.3,48.2,15.2,23.1,3422,22.1,43.9
"2026/02/10","2026/02/13","7643","ダイイチ","東証およびＰＴＳ",,"確報",100,0,600,0,0,0,600,178800,0,1072800,0,0,0,1072800,,,0,0,3500,0,0,0,23,11.5,0,23,0,0,0
"2026/02/10","2026/02/13","7646","ＰＬＡＮＴ","東証およびＰＴＳ",,"確報",0,0,1300,0,0,0,1300,0,0,2675400,0,0,0,2675400,,,0,0,19500,0,0,0,132,0,66,132,0,0,0
"2026/02/10","2026/02/13","7649","スギホールディングス","東証およびＰＴＳ",,"確報",0,400,16900,4700,0,29800,-12900,0,1434800,60620300,16858900,0,106892600,-46272300,,,0,0,847700,0,0,1229900,14.7,38.1,13.4,19.8,11.6,13.6,12.5
"2026/02/10","2026/02/13","7670","オーウエル","東証およびＰＴＳ",,"確報",0,0,2500,0,0,0,2500,0,0,3030000,0,0,0,3030000,,,0,0,30000,0,0,0,250,125,0,250,0,0,0
"2026/02/10","2026/02/13","7673","ダイコー通産","東証およびＰＴＳ",,"確報",0,0,5900,0,0,0,5900,0,0,10354500,0,0,0,10354500,,,0,0,76700,0,0,0,296,296,296,296,0,0,0
"2026/02/10","2026/02/13","7674","ＮＡＴＴＹＨＤ","東証およびＰＴＳ",,"確報",100,0,800,0,0,0,800,270500,0,2164000,0,0,0,2164000,,,0,0,65100,0,0,0,22,11,0,22,0,0,0
"2026/02/10","2026/02/13","7677","ヤシマキザイ","東証およびＰＴＳ",,"確報",0,0,100,0,0,0,100,0,0,283400,0,0,0,283400,,,0,0,0,0,0,0,0,0,0,0,0,0,0
"2026/02/10","2026/02/13","7678","あさくま","東証およびＰＴＳ",,"確報",0,0,0,100,3900,37700,-37700,0,0,0,479000,18681000,180583000,-180583000,,,0,0,0,0,0,2490000,28.9,1,1,1,77.9,20.4,32.3
"2026/02/10","2026/02/13","7679","薬王堂ＨＤ","東証およびＰＴＳ",,"確報",2600,500,32500,800,0,33800,-1300,5408000,1040000,67600000,1664000,0,70304000,-2704000,,,0,0,881600,0,0,957000,18.4,8.8,10.8,9.7,109.5,205.3,142.8
"2026/02/10","2026/02/13","7681","レオクラン","東証およびＰＴＳ",,"確報",0,0,900,0,0,0,900,0,0,892800,0,0,0,892800,,,0,0,26100,0,0,0,0,0,0,0,0,0,0
"2026/02/10","2026/02/13","7682","浜木綿","東証およびＰＴＳ",,"確報",0,0,0,0,0,0,0,0,0,0,0,0,0,0,,,0,0,0,0,0,0,2,2,2,2,0,0,0
"2026/02/10","2026/02/13","7683","ダブルエー","東証およびＰＴＳ",,"確報",200,0,800,0,0,0,800,265400,0,1061600,0,0,0,1061600,,,0,0,6600,0,0,0,6.2,8,5,6.2,0,0,0
"2026/02/10","2026/02/13","7685","ＢＵＹＳＥＬＬ","東証およびＰＴＳ",,"確報",2500,0,11700,0,0,0,11700,13025000,0,60957000,0,0,0,60957000,,,0,0,1932000,0,0,0,11.6,7,35.3,11.6,0,0,0
"2026/02/10","2026/02/13","7686","ひとまいる","東証およびＰＴＳ",,"確報",0,0,17500,0,0,0,17500,0,0,7682500,0,0,0,7682500,,,0,0,35000,0,0,0,878,0,0,0,3,3,3
"2026/02/10","2026/02/13","7687","ミクリード","東証およびＰＴＳ",,"確報",0,0,1100,0,0,0,1100,0,0,532400,0,0,0,532400,,,0,0,4400,0,0,0,4.9,7.6,3.6,4.9,0,0,0
"2026/02/10","2026/02/13","7689","コパ","東証およびＰＴＳ",,"確報",100,0,400,0,0,0,400,47100,0,188400,0,0,0,188400,,,0,0,900,0,0,0,13,6.5,0,13,0,0,0
"2026/02/10","2026/02/13","7692","アースインフィニティ","東証およびＰＴＳ",,"確報",5200,1100,246100,0,0,0,246100,530400,112200,25102200,0,0,0,25102200,,,0,0,484000,0,0,0,40.4,77.6,27.3,40.4,0,0,0
"2026/02/10","2026/02/13","7694","いつも","東証およびＰＴＳ",,"確報",0,100,4700,0,0,0,4700,0,65400,3073800,0,0,0,3073800,,,0,0,67200,0,0,0,36.6,47.6,29.8,36.6,0,0,0
"2026/02/10","2026/02/13","7695","交換できるくん","東証およびＰＴＳ",,"確報",0,0,7000,0,0,0,7000,0,0,5705000,0,0,0,5705000,,,0,0,49000,0,0,0,0,0,0,0,0,0,0
"2026/02/10","2026/02/13","7698","アイスコ","東証およびＰＴＳ",,"確報",0,100,2100,0,0,0,2100,0,263000,5523000,0,0,0,5523000,,,0,0,92400,0,0,0,74.7,0,37.3,74.7,0,0,0
"2026/02/10","2026/02/13","7699","ＯＰＳ","東証およびＰＴＳ",,"確報",0,0,0,0,0,0,0,0,0,0,0,0,0,0,,,0,0,0,0,0,0,0,0,0,0,0,0,0
"2026/02/10","2026/02/13","7701","島津製作所","東証およびＰＴＳ",,"確報",0,500,14900,800,0,10600,4300,0,2125000,63325000,3400000,0,45050000,18275000,,,0,0,0,123200,78400,0,2.6,2.7,3,2.8,2.5,2.5,2.5
"2026/02/10","2026/02/13","7702","ジェイ・エム・エス","東証およびＰＴＳ",,"確報",5100,3100,8200,600,0,6800,1400,2254200,1370200,3624400,265200,0,3005600,618800,,,0,0,31000,0,0,31000,8.6,4.4,5.8,5,25.8,41.9,31.9
"2026/02/10","2026/02/13","7707","プレシジョンＳＳ","東証およびＰＴＳ",,"確報",9000,3500,192300,0,1400,286300,-94000,2142000,833000,45767400,0,333200,68139400,-22372000,,,0,0,560400,0,0,863100,41.6,24.6,19,21.5,320.2,65.5,108.8
"2026/02/10","2026/02/13","7709","クボテック","東証およびＰＴＳ",,"確報",500,600,37600,300,1000,47600,-10000,89500,107400,6730400,53700,179000,8520400,-1790000,,,0,0,75400,0,0,96600,28.4,35.8,10.6,16.4,485.6,46.7,85.2
"2026/02/10","2026/02/13","7711","助川電気工業","東証およびＰＴＳ",,"確報",2700,51500,72500,0,0,0,72500,21978000,419210000,590150000,0,0,0,590150000,,,0,0,0,33964000,0,0,5.2,5.3,5,5.2,0,0,0
"2026/02/10","2026/02/13","7713","シグマ光機","東証およびＰＴＳ",,"確報",700,0,9700,0,0,0,9700,1201900,0,16654900,0,0,0,16654900,,,0,0,18000,0,0,0,11.4,85.1,6.1,11.4,0,0,0
"2026/02/10","2026/02/13","7715","長野計器","東証およびＰＴＳ",,"確報",3000,300,15000,1800,0,17800,-2800,9000000,900000,45000000,5400000,0,53400000,-8400000,,,0,0,885600,0,0,1152000,18,10.8,30.4,15.9,20,20,20
"2026/02/10","2026/02/13","7716","ナカニシ","東証およびＰＴＳ",,"確報",900,1700,7400,0,600,10800,-3400,2034900,3843700,16731400,0,1356600,24418800,-7687400,,,0,0,0,8200,11400,0,12,7.6,5.3,6.3,32,22.5,26.4
"2026/02/10","2026/02/13","7717","ブイ・テクノロジー","東証およびＰＴＳ",,"確報",700,200,14400,0,600,1200,13200,2502500,715000,51480000,0,2145000,4290000,47190000,,,0,0,903500,0,0,117000,14.7,20.8,16.3,18.2,1.7,5,2.5
"2026/02/10","2026/02/13","7718","スター精密","東証およびＰＴＳ",,"確報",0,100,1400,0,0,1800,-400,0,219800,3077200,0,0,3956400,-879200,,,0,0,0,3000,3600,0,28,19.5,9.8,13,0,0,0
"2026/02/10","2026/02/13","7719","東京衡機","東証およびＰＴＳ",,"確報",800,0,17000,0,0,0,17000,254400,0,5406000,0,0,0,5406000,,,0,0,0,64800,0,0,28.5,28.5,28.5,28.5,0,0,0
"2026/02/10","2026/02/13","7721","東京計器","東証およびＰＴＳ",,"確報",1100,2800,26100,13800,0,25500,600,8580000,21840000,203580000,107640000,0,198900000,4680000,,,0,0,2780000,0,0,1170000,8.9,18.9,7.1,10.3,3.9,21.8,6.6
"2026/02/10","2026/02/13","7722","国際計測器","東証およびＰＴＳ",,"確報",1200,2000,10100,0,0,0,10100,1219200,2032000,10261600,0,0,0,10261600,,,0,0,0,839300,0,0,6.9,4.3,17.2,6.9,0,0,0
"2026/02/10","2026/02/13","7723","愛知時計電機","東証およびＰＴＳ",,"確報",0,2000,6000,0,2000,6000,0,0,6480000,19440000,0,6480000,19440000,0,,,0,0,320000,0,0,320000,6.2,4.4,7.7,5.6,5.2,10.1,6.8
"2026/02/10","2026/02/13","7725","インターアクション","東証およびＰＴＳ",,"確報",400,5000,28000,5000,1700,83000,-55000,600400,7505000,42028000,7505000,2551700,124583000,-82555000,,,0,0,358600,0,0,876700,29.8,114.3,12.3,22.2,33.2,37.5,35.2
"2026/02/10","2026/02/13","7726","黒田精工","東証およびＰＴＳ",,"確報",3000,400,36100,0,300,57900,-21800,3093000,412400,37219100,0,309300,59694900,-22475800,,,0,0,368500,0,0,640200,32.7,23.4,23.7,23.6,0,20.8,41.6
"2026/02/10","2026/02/13","7727","オーバル","東証およびＰＴＳ",,"確報",400,4600,37400,1600,600,83000,-45600,299600,3445400,28012600,1198400,449400,62167000,-34154400,,,0,0,1081600,0,0,2132000,25.4,14.9,16.2,15.5,33.6,39.2,36.2
"2026/02/10","2026/02/13","7729","東京精密","東証およびＰＴＳ",,"確報",5400,200,10500,2600,1400,19100,-8600,90180000,3340000,175350000,43420000,23380000,318970000,-143620000,,,0,0,4664000,0,0,15752000,4.6,3.6,5.7,4.4,3.1,10.7,4.8
"2026/02/10","2026/02/13","7730","マニー","東証およびＰＴＳ",,"確報",2200,100,19500,2100,0,19500,0,3599200,163600,31902000,3435600,0,31902000,0,,,0,0,574200,0,0,574200,17.3,16.6,24.4,19.8,12.3,20.4,15.3
"2026/02/10","2026/02/13","7731","ニコン","東証およびＰＴＳ",,"確報",100,1200,30000,7500,8300,116300,-86300,194500,2334000,58350000,14587500,16143500,226203500,-167853500,,,0,0,0,279900,1053900,0,4.4,5.7,4.4,5,3.6,5.3,4.3
"2026/02/10","2026/02/13","7733","オリンパス","東証およびＰＴＳ",,"確報",13000,1100,24800,14900,1300,24800,0,25675000,2172500,48980000,29427500,2567500,48980000,0,,,0,0,470850,0,0,408800,5,10.7,3.8,5.6,2,26.2,3.8
"2026/02/10","2026/02/13","7734","理研計器","東証およびＰＴＳ",,"確報",100,1000,12600,200,200,49200,-36600,335500,3355000,42273000,671000,671000,165066000,-122793000,,,0,0,0,472500,1722000,0,34.1,14.1,10.5,12,47.4,237.2,79.1
"2026/02/10","2026/02/13","7735","ＳＣＲＥＥＮ　ＨＤ","東証およびＰＴＳ",,"確報",13100,0,29600,500,9300,29600,0,277523500,0,627076000,10592500,197020500,627076000,0,,,0,0,0,2557500,5952000,0,5.4,5,3.7,4.2,11.3,5.4,7.3
"2026/02/10","2026/02/13","7739","キヤノン電子","東証およびＰＴＳ",,"確報",0,200,3200,0,0,0,3200,0,725000,11600000,0,0,0,11600000,,,0,0,0,17000,0,0,7.7,0,3.8,7.7,0,0,0
"2026/02/10","2026/02/13","7740","タムロン","東証およびＰＴＳ",,"確報",6500,700,22600,5800,0,22600,0,6636500,714700,23074600,5921800,0,23074600,0,,,0,0,487200,0,0,487200,6,7.8,46.9,13.4,1.7,13,3
"2026/02/10","2026/02/13","7741","ＨＯＹＡ","東証およびＰＴＳ",,"確報",200,6500,2100,9100,600,42400,-40300,5625000,182812500,59062500,255937500,16875000,1192500000,-1133437500,,,0,0,6216000,0,0,25086000,4.8,3.2,2.1,2.5,4.7,11.7,6.8
"2026/02/10","2026/02/13","7743","シード","東証およびＰＴＳ",,"確報",200,700,5500,400,900,5500,0,109400,382900,3008500,218800,492300,3008500,0,,,0,0,0,24000,24000,0,6.7,4.2,11.8,6.2,4.7,16,7.2
"2026/02/10","2026/02/13","7744","ノーリツ鋼機","東証およびＰＴＳ",,"確報",200,800,6200,0,1300,5500,700,462000,1848000,14322000,0,3003000,12705000,1617000,,,0,0,6800,0,0,6800,10.8,19.1,20.3,19.6,6.4,8.1,7.1
"2026/02/10","2026/02/13","7745","Ａ＆ＤホロンＨＤ","東証およびＰＴＳ",,"確報",400,10400,14000,0,14100,9900,4100,1057200,27487200,37002000,0,37266300,26165700,10836300,,,0,0,1800000,0,0,1800000,7.4,6.8,4.8,5.6,43.2,6.4,11.1
"2026/02/10","2026/02/13","7746","岡本硝子","東証およびＰＴＳ",,"確報",104100,6200,521800,3100,14600,844600,-322800,134705400,8022800,675209200,4011400,18892400,1092912400,-417703200,,,0,0,0,51715800,104444200,0,8.4,5,10.7,6.8,5.3,55,9.7
"2026/02/10","2026/02/13","7747","朝日インテック","東証およびＰＴＳ",,"確報",2600,1100,46600,1300,0,21300,25300,6779500,2868250,121509500,3389750,0,55539750,65969750,,,0,0,2525600,0,0,1120000,28.2,17.9,40.5,24.8,22.8,167.3,40.2
"2026/02/10","2026/02/13","7749","メディキット","東証およびＰＴＳ",,"確報",0,0,0,0,0,0,0,0,0,0,0,0,0,0,,,0,0,0,0,0,0,0,0,0,0,0,0,0
"2026/02/10","2026/02/13","7751","キヤノン","東証およびＰＴＳ",,"確報",700,1100,42600,100,0,1400,41200,3450300,5421900,209975400,492900,0,6900600,203074800,,,0,0,903000,0,0,27300,16.7,71.8,9.8,17.3,4.4,15.3,6.8
"2026/02/10","2026/02/13","7752","リコー","東証およびＰＴＳ",,"確報",1100,100,44700,24000,0,35800,8900,1730850,157350,70335450,37764000,0,56331300,14004150,,,0,0,1332850,0,0,359900,7.3,67,14.2,23.5,1.5,4,2.2
"2026/02/10","2026/02/13","7760","ＩＭＶ","東証およびＰＴＳ",,"確報",3100,100,14500,0,0,0,14500,10710500,345500,50097500,0,0,0,50097500,,,0,0,1437500,0,0,0,15.2,8.6,63.3,15.2,0,0,0
"2026/02/10","2026/02/13","7762","シチズン時計","東証およびＰＴＳ",,"確報",400,1300,28400,700,4900,41400,-13000,572400,1860300,40640400,1001700,7011900,59243400,-18603000,,,0,0,439500,0,0,684000,11.5,4.9,15.8,7.4,43.9,9.5,15.7
"2026/02/10","2026/02/13","7769","リズム","東証およびＰＴＳ",,"確報",100,3100,566400,100,0,24000,542400,406000,12586000,2299584000,406000,0,97440000,2202144000,,,0,0,8541000,0,0,358500,469.1,7144,262.2,505.8,242.4,134.7,173.1
"2026/02/10","2026/02/13","7771","日本精密","東証およびＰＴＳ",,"確報",9200,16300,46800,0,0,0,46800,7130000,12632500,36270000,0,0,0,36270000,,,0,0,5390000,0,0,0,4.2,4.5,4,4.2,0,0,0
"2026/02/10","2026/02/13","7774","Ｊ・ＴＥＣ","東証およびＰＴＳ",,"確報",4300,6200,120200,1000,10200,234300,-114100,2554200,3682800,71398800,594000,6058800,139174200,-67775400,,,0,0,4151400,0,0,8279000,46.2,30.9,26.4,28.5,1249.6,34.4,67
"2026/02/10","2026/02/13","7775","大研医器","東証およびＰＴＳ",,"確報",0,0,6800,0,0,0,6800,0,0,3264000,0,0,0,3264000,,,0,0,0,27200,0,0,77.8,116.7,58.3,77.8,0,0,0
"2026/02/10","2026/02/13","7776","セルシード","東証およびＰＴＳ",,"確報",4000,1500,87600,0,0,0,87600,1216000,456000,26630400,0,0,0,26630400,,,0,0,1021200,0,0,0,19,107.5,10.4,19,0,0,0
"2026/02/10","2026/02/13","7777","スリーディーＭ","東証およびＰＴＳ",,"確報",31300,28600,895000,0,0,0,895000,15837800,14471600,452870000,0,0,0,452870000,,,0,0,30338200,0,0,0,46.5,68,35.3,46.5,0,0,0
"2026/02/10","2026/02/13","7779","サイバーダイン","東証およびＰＴＳ",,"確報",65500,1500,886300,64000,0,886300,0,18536500,424500,250822900,18112000,0,250822900,0,,,0,0,0,6578400,6578400,0,27.7,16.7,23.9,19.6,33.1,82.1,47.2
"2026/02/10","2026/02/13","7780","メニコン","東証およびＰＴＳ",,"確報",2900,2900,44000,0,0,44000,0,4950300,4950300,75108000,0,0,75108000,0,,,0,0,1188000,0,0,1188000,37.2,26.5,29.2,27.8,51.3,62.4,56.3
"2026/02/10","2026/02/13","7781","平山ホールディングス","東証およびＰＴＳ",,"確報",100,100,2800,0,0,0,2800,133100,133100,3726800,0,0,0,3726800,,,0,0,0,22400,0,0,92,69,138,92,0,0,0
"2026/02/10","2026/02/13","7782","シンシア","東証およびＰＴＳ",,"確報",0,0,5100,0,0,400,4700,0,0,2514300,0,0,197200,2317100,,,0,0,5100,0,0,400,30.3,0,0,0,0,1.7,3.5
"2026/02/10","2026/02/13","7791","ドリームベッド","東証およびＰＴＳ",,"確報",0,0,600,0,0,0,600,0,0,526800,0,0,0,526800,,,0,0,3000,0,0,0,15.5,31,10.3,15.5,0,0,0
"2026/02/10","2026/02/13","7792","コラントッテ","東証およびＰＴＳ",,"確報",0,100,1200,0,0,0,1200,0,151800,1821600,0,0,0,1821600,,,0,0,32500,0,0,0,9.8,19.5,6.5,9.8,0,0,0
"2026/02/10","2026/02/13","7793","イメージ・マジック","東証およびＰＴＳ",,"確報",0,0,1100,0,0,0,1100,0,0,1863400,0,0,0,1863400,,,0,0,0,3300,0,0,38.7,58,29,38.7,0,0,0
"2026/02/10","2026/02/13","7794","イーディーピー","東証およびＰＴＳ",,"確報",3200,81900,86900,0,0,0,86900,4451200,113922900,120877900,0,0,0,120877900,,,0,0,7286400,0,0,0,4.2,4.3,4.2,4.2,0,0,0
"2026/02/10","2026/02/13","7795","ＫＹＯＲＩＴＳＵ","東証およびＰＴＳ",,"確報",0,2300,7400,0,2300,7400,0,0,545100,1753800,0,545100,1753800,0,,,0,0,48500,0,0,48500,7.1,7.4,8.6,7.9,5,9,6.4
"2026/02/10","2026/02/13","7800","アミファ","東証およびＰＴＳ",,"確報",3100,200,3900,0,0,0,3900,2690800,173600,3385200,0,0,0,3385200,,,0,0,150000,0,0,0,4.3,2.3,25.7,4.3,0,0,0
"2026/02/10","2026/02/13","7803","ブシロード","東証およびＰＴＳ",,"確報",6800,400,223400,700,0,23000,200400,1931200,113600,63445600,198800,0,6532000,56913600,,,0,0,2170000,0,0,223000,99.7,108,113.5,110.7,50,50,50
"2026/02/10","2026/02/13","7804","ビーアンドピー","東証およびＰＴＳ",,"確報",100,0,2100,0,0,0,2100,256800,0,5392800,0,0,0,5392800,,,0,0,16000,0,0,0,101,50.5,0,101,0,0,0
"2026/02/10","2026/02/13","7805","プリントネット","東証およびＰＴＳ",,"確報",0,0,1800,0,0,100,1700,0,0,1240200,0,0,68900,1171300,,,0,0,1800,0,0,100,190,0,90,180,0,0,0
"2026/02/10","2026/02/13","7806","ＭＴＧ","東証およびＰＴＳ",,"確報",4800,0,24200,400,900,8500,15700,21120000,0,106480000,1760000,3960000,37400000,69080000,,,0,0,3104000,0,0,1440000,16.7,14.4,978,28.3,9.2,8.7,9
"2026/02/10","2026/02/13","7807","幸和製作所","東証およびＰＴＳ",,"確報",0,0,600,0,0,0,600,0,0,512400,0,0,0,512400,,,0,0,1200,0,0,0,0,0,0,0,0,0,0
"2026/02/10","2026/02/13","7808","シー・エス・ランバー","東証およびＰＴＳ",,"確報",0,0,1100,0,0,0,1100,0,0,3333000,0,0,0,3333000,,,0,0,0,0,0,0,11.8,17.7,8.8,11.8,0,0,0
"2026/02/10","2026/02/13","7809","壽屋","東証およびＰＴＳ",,"確報",0,100,1700,0,0,0,1700,0,149900,2548300,0,0,0,2548300,,,0,0,14400,0,0,0,8.1,5.2,19,8.1,0,0,0
"2026/02/10","2026/02/13","7810","クロスフォー","東証およびＰＴＳ",,"確報",13000,29800,150400,0,41400,10600,139800,2522000,5781200,29177600,0,8031600,2056400,27121200,,,0,0,167200,0,0,52000,5.3,5.6,11.6,7.6,2,1.2,1.5
"2026/02/10","2026/02/13","7811","中本パックス","東証およびＰＴＳ",,"確報",700,100,4300,100,0,2700,1600,1425200,203600,8754800,203600,0,5497200,3257600,,,0,0,77700,0,0,54600,13.3,12.1,26,16.5,7.4,17.9,10.4
"2026/02/10","2026/02/13","7812","クレステック","東証およびＰＴＳ",,"確報",0,100,1600,0,0,100,1500,0,205100,3281600,0,0,205100,3076500,,,0,0,49300,0,0,2900,92,0,43.5,87,0,0,0
"2026/02/10","2026/02/13","7813","プラッツ","東証およびＰＴＳ",,"確報",0,0,0,0,0,0,0,0,0,0,0,0,0,0,,,0,0,0,0,0,0,0,0,0,0,0,0,0
"2026/02/10","2026/02/13","7814","日本創発グループ","東証およびＰＴＳ",,"確報",100,0,6900,33800,4700,330100,-323200,75700,0,5223300,25586600,3557900,249885700,-244662400,,,0,0,0,0,0,0,45.9,362,22.6,42.6,37,60.9,46
"2026/02/10","2026/02/13","7815","東京ボード工業","東証およびＰＴＳ",,"確報",100,0,400,0,0,0,400,37700,0,150800,0,0,0,150800,,,0,0,300,0,0,0,32,16,0,32,0,0,0
"2026/02/10","2026/02/13","7818","トランザクション","東証およびＰＴＳ",,"確報",700,1300,45400,1800,0,98600,-53200,884100,1641900,57340200,2273400,0,124531800,-67191600,,,0,0,506000,0,0,1064800,33.1,87.9,35.4,50.5,31.8,25.3,28.2
"2026/02/10","2026/02/13","7819","粧美堂","東証およびＰＴＳ",,"確報",1400,0,20500,0,100,0,20500,1142400,0,16728000,0,81600,0,16728000,,,0,0,38200,0,0,200,15.7,8,0,16,1,1,1
"2026/02/10","2026/02/13","7820","ニホンフラッシュ","東証およびＰＴＳ",,"確報",200,0,6900,0,200,4400,2500,168000,0,5796000,0,168000,3696000,2100000,,,0,0,0,33500,23000,0,102.5,113.7,170.5,136.4,74.3,74.3,74.3
"2026/02/10","2026/02/13","7821","前田工繊","東証およびＰＴＳ",,"確報",100,400,19900,800,100,72800,-52900,199300,797200,39660700,1594400,199300,145090400,-105429700,,,0,0,282800,0,0,1009400,44.4,28.3,9.5,14.2,108.5,238.7,149.2
"2026/02/10","2026/02/13","7822","永大産業","東証およびＰＴＳ",,"確報",2200,0,43600,0,4400,5600,38000,550000,0,10900000,0,1100000,1400000,9500000,,,0,0,165600,0,0,40000,25.8,33.3,92.2,48.9,7.2,9.5,8.2
"2026/02/10","2026/02/13","7823","アートネイチャー","東証およびＰＴＳ",,"確報",0,0,5000,0,1000,5100,-100,0,0,4180000,0,836000,4263600,-83600,,,0,0,0,5000,6100,0,38.4,250,0,500,31.9,15.9,21.3
"2026/02/10","2026/02/13","7826","フルヤ金属","東証およびＰＴＳ",,"確報",39600,9200,136900,0,800,3000,133900,225720000,52440000,780330000,0,4560000,17100000,763230000,,,0,0,75082500,0,0,2679000,12.4,8.6,37.5,14.1,19.2,2,3.6
"2026/02/10","2026/02/13","7827","オービス","東証およびＰＴＳ",,"確報",0,0,600,0,0,0,600,0,0,988800,0,0,0,988800,,,0,0,6000,0,0,0,0,0,0,0,0,0,0
"2026/02/10","2026/02/13","7831","ウイルコホールディン","東証およびＰＴＳ",,"確報",600,9900,39700,0,0,0,39700,55200,910800,3652400,0,0,0,3652400,,,0,0,147000,0,0,0,35.1,111.1,20.8,35.1,0,0,0
"2026/02/10","2026/02/13","7832","バンダイナムコ","東証およびＰＴＳ",,"確報",7000,100,58400,0,0,500,57900,29197000,417100,243586400,0,0,2085500,241500900,,,0,0,1905500,0,0,18500,7.2,7,8.8,7.8,1.4,1.1,1.2
"2026/02/10","2026/02/13","7833","アイフィスジャパン","東証およびＰＴＳ",,"確報",0,200,4600,0,200,1500,3100,0,138400,3183200,0,138400,1038000,2145200,,,0,0,43200,0,0,15300,42.3,121,60.5,80.7,12.5,25,16.7
"2026/02/10","2026/02/13","7836","アビックス","東証およびＰＴＳ",,"確報",900,8800,99000,0,0,0,99000,80100,783200,8811000,0,0,0,8811000,,,0,0,0,0,0,0,41.6,598.8,21.6,41.6,0,0,0
"2026/02/10","2026/02/13","7837","アールシーコア","東証およびＰＴＳ",,"確報",0,0,2700,0,0,0,2700,0,0,982800,0,0,0,982800,,,0,0,0,0,0,0,64.5,43,129,64.5,0,0,0
"2026/02/10","2026/02/13","7839","ＳＨＯＥＩ","東証およびＰＴＳ",,"確報",200,200,18100,500,4200,41400,-23300,351000,351000,31765500,877500,7371000,72657000,-40891500,,,0,0,307700,0,0,766700,10.7,11,8.5,9.6,7.1,28.4,11.4
"2026/02/10","2026/02/13","7840","フランスベッドＨＤ","東証およびＰＴＳ",,"確報",300,900,4600,600,0,27600,-23000,393900,1181700,6039800,787800,0,36238800,-30199000,,,0,0,26000,0,0,135000,30.7,25.1,17.9,20.9,23,65.3,34
"2026/02/10","2026/02/13","7841","遠藤製作所","東証およびＰＴＳ",,"確報",100,0,10700,0,0,0,10700,130100,0,13920700,0,0,0,13920700,,,0,0,0,254400,0,0,350,175,0,350,0,0,0
"2026/02/10","2026/02/13","7844","マーベラス","東証およびＰＴＳ",,"確報",500,21000,48900,100,1700,129600,-80700,261000,10962000,25525800,52200,887400,67651200,-42125400,,,0,0,1318600,0,0,2492800,19.6,14.1,7.4,9.7,24.7,90.8,38.8
"2026/02/10","2026/02/13","7846","パイロット","東証およびＰＴＳ",,"確報",0,300,4700,100,1300,18900,-14200,0,1528500,23946500,509500,6623500,96295500,-72349000,,,0,0,0,20000,80400,0,19.7,16.6,12.9,14.5,20.4,22.8,21.5
"2026/02/10","2026/02/13","7847","グラファイトデザイン","東証およびＰＴＳ",,"確報",0,100,600,0,0,0,600,0,67900,407400,0,0,0,407400,,,0,0,0,3500,0,0,24.7,0,12.3,24.7,0,0,0
"2026/02/10","2026/02/13","7849","スターツ出版","東証およびＰＴＳ",,"確報",0,0,500,0,0,0,500,0,0,1975000,0,0,0,1975000,,,0,0,55000,0,0,0,48,24,0,48,0,0,0
"2026/02/10","2026/02/13","7850","総合商研","東証およびＰＴＳ",,"確報",0,0,1900,0,0,0,1900,0,0,1668200,0,0,0,1668200,,,0,0,7600,0,0,0,91,45.5,0,91,0,0,0
"2026/02/10","2026/02/13","7851","カワセコンピュ","東証およびＰＴＳ",,"確報",10100,0,11400,0,0,0,11400,2716900,0,3066600,0,0,0,3066600,,,0,0,6500,0,0,0,3.1,1.7,15.9,3.1,0,0,0
"2026/02/10","2026/02/13","7856","萩原工業","東証およびＰＴＳ",,"確報",200,200,15400,2600,0,34200,-18800,347400,347400,26749800,4516200,0,59405400,-32655600,,,0,0,123200,0,0,252800,39.6,39.6,68.4,50.1,58.1,26.3,36.2
"2026/02/10","2026/02/13","7857","セキ","東証およびＰＴＳ",,"確報",0,0,0,0,0,0,0,0,0,0,0,0,0,0,,,0,0,0,0,0,0,0,0,0,0,0,0,0
"2026/02/10","2026/02/13","7859","アルメディオ","東証およびＰＴＳ",,"確報",45700,68800,638700,0,26500,638700,0,9551300,14379200,133488300,0,5538500,133488300,0,,,0,0,5294400,0,0,5321600,8.8,4.9,4.9,4.9,74.6,29.1,41.9
"2026/02/10","2026/02/13","7860","エイベックス","東証およびＰＴＳ",,"確報",4800,0,11800,10900,0,68900,-57100,5769600,0,14183600,13101800,0,82817800,-68634200,,,0,0,203000,0,0,1682000,8,8.7,1.2,2.1,18.7,10.2,13.2
"2026/02/10","2026/02/13","7863","平賀","東証およびＰＴＳ",,"確報",0,0,0,0,0,0,0,0,0,0,0,0,0,0,,,0,0,0,0,0,0,0,0,0,0,0,0,0
"2026/02/10","2026/02/13","7864","フジシール","東証およびＰＴＳ",,"確報",0,1200,1100,0,1900,400,700,0,4026000,3690500,0,6374500,1342000,2348500,,,0,0,34500,0,0,34500,2.7,2.9,3.7,3.3,2.4,2.1,2.2
"2026/02/10","2026/02/13","7865","ピープル","東証およびＰＴＳ",,"確報",0,0,900,0,0,0,900,0,0,377100,0,0,0,377100,,,0,0,2700,0,0,0,0,0,0,0,0,0,0
"2026/02/10","2026/02/13","7867","タカラトミー","東証およびＰＴＳ",,"確報",500,500,30000,100,0,100,29900,1372250,1372250,82335000,274450,0,274450,82060550,,,0,0,1245000,0,0,0,32.6,33.7,34.4,34,1,1,1
"2026/02/10","2026/02/13","7868","広済堂ＨＤ","東証およびＰＴＳ",,"確報",61100,564500,1896800,40000,15700,266800,1630000,31466500,290717500,976852000,20600000,8085500,137402000,839450000,,,0,0,16801400,0,0,1697500,10.5,10.3,9.5,9.9,13.2,39.1,19.7
"2026/02/10","2026/02/13","7871","フクビ化学工業","東証およびＰＴＳ",,"確報",0,0,3900,0,0,0,3900,0,0,3607500,0,0,0,3607500,,,0,0,0,0,0,0,0,0,0,0,0,0,0
"2026/02/10","2026/02/13","7872","エステールＨＤ","東証およびＰＴＳ",,"確報",0,0,1000,0,0,0,1000,0,0,647000,0,0,0,647000,,,0,0,7000,0,0,0,94,47,0,94,0,0,0
"2026/02/10","2026/02/13","7874","レック","東証およびＰＴＳ",,"確報",0,100,22200,0,600,11600,10600,0,104800,23265600,0,628800,12156800,11108800,,,0,0,557500,0,0,305000,57.4,368.7,1106,553,14.7,35,20.7
"2026/02/10","2026/02/13","7875","竹田ｉＰ","東証およびＰＴＳ",,"確報",100,0,1800,0,0,0,1800,116800,0,2102400,0,0,0,2102400,,,0,0,0,11900,0,0,13.4,7.3,87,13.4,0,0,0
"2026/02/10","2026/02/13","7877","永大化工","東証およびＰＴＳ",,"確報",0,0,700,0,0,0,700,0,0,1352400,0,0,0,1352400,,,0,0,1400,0,0,0,0,0,0,0,0,0,0
"2026/02/10","2026/02/13","7878","光・彩","東証およびＰＴＳ",,"確報",0,0,1200,0,0,0,1200,0,0,1274400,0,0,0,1274400,,,0,0,0,8400,0,0,20.3,35.5,14.2,20.3,0,0,0
"2026/02/10","2026/02/13","7879","ノダ","東証およびＰＴＳ",,"確報",0,0,12100,0,500,800,11300,0,0,8312700,0,343500,549600,7763100,,,0,0,24200,0,0,2600,56.4,0,204,408,0,4.2,8.5
"2026/02/10","2026/02/13","7883","サンメッセ","東証およびＰＴＳ",,"確報",0,0,2900,0,0,0,2900,0,0,1064300,0,0,0,1064300,,,0,0,0,0,0,0,0,0,0,0,0,0,0
"2026/02/10","2026/02/13","7885","タカノ","東証およびＰＴＳ",,"確報",0,0,6500,0,0,600,5900,0,0,5343000,0,0,493200,4849800,,,0,0,0,32500,3000,0,14.7,7.6,91.3,14.1,27,27,27
"2026/02/10","2026/02/13","7886","ヤマトモビＭｆｇ","東証およびＰＴＳ",,"確報",0,0,100,0,0,0,100,0,0,85100,0,0,0,85100,,,0,0,1000,0,0,0,0,0,0,0,0,0,0
"2026/02/10","2026/02/13","7887","南海プライウッド","東証およびＰＴＳ",,"確報",0,100,400,0,0,0,400,0,1030000,4120000,0,0,0,4120000,,,0,0,25000,0,0,0,48,0,24,48,0,0,0
"2026/02/10","2026/02/13","7888","三光合成","東証およびＰＴＳ",,"確報",300,100,14900,0,0,7000,7900,313800,104600,15585400,0,0,7322000,8263400,,,0,0,220500,0,0,105000,22.3,275.3,13.8,26.2,178,8.7,16.6
"2026/02/10","2026/02/13","7893","プロネクサス","東証およびＰＴＳ",,"確報",0,100,11600,0,800,7100,4500,0,119000,13804000,0,952000,8449000,5355000,,,0,0,0,58500,39500,0,75.6,603,67,120.6,76,34.5,47.5
"2026/02/10","2026/02/13","7896","セブン工業","東証およびＰＴＳ",,"確報",0,0,1300,0,0,0,1300,0,0,700700,0,0,0,700700,,,0,0,3900,0,0,0,130,0,65,130,0,0,0
"2026/02/10","2026/02/13","7897","ホクシン","東証およびＰＴＳ",,"確報",0,5500,103700,0,5500,103700,0,0,621500,11718100,0,621500,11718100,0,,,0,0,109200,0,0,109200,61.6,85.7,37.1,51.7,182.8,48.1,76.2
"2026/02/10","2026/02/13","7898","ウッドワン","東証およびＰＴＳ",,"確報",100,0,2700,400,200,2200,500,104900,0,2832300,419600,209800,2307800,524500,,,0,0,78000,0,0,60000,25.1,131,0,262,5.9,41,10.3
"2026/02/10","2026/02/13","7901","マツモト","東証およびＰＴＳ",,"確報",100,0,4300,0,0,0,4300,132100,0,5680300,0,0,0,5680300,,,0,0,0,428400,0,0,5.3,4,7.8,5.3,0,0,0
"2026/02/10","2026/02/13","7902","ソノコム","東証およびＰＴＳ",,"確報",100,0,800,0,0,0,800,114700,0,917600,0,0,0,917600,,,0,0,0,37100,0,0,72,36,0,72,0,0,0
"2026/02/10","2026/02/13","7906","ヨネックス","東証およびＰＴＳ",,"確報",5800,1100,7300,100,1700,4500,2800,20677000,3921500,26024500,356500,6060500,16042500,9982000,,,0,0,273000,0,0,640500,1.9,2.6,0.7,1.1,8.7,9,8.9
"2026/02/10","2026/02/13","7908","きもと","東証およびＰＴＳ",,"確報",0,2500,6400,0,0,0,6400,0,657500,1683200,0,0,0,1683200,,,0,0,62300,0,0,0,11.4,33.7,6.8,11.4,0,0,0
"2026/02/10","2026/02/13","7911","ＴＯＰＰＡＮ　ＨＤ","東証およびＰＴＳ",,"確報",800,1400,14400,0,600,14400,0,3985600,6974800,71740800,0,2989200,71740800,0,,,0,0,900000,0,0,900000,11.2,15.4,10.1,12.2,9.1,11.6,10.2
"2026/02/10","2026/02/13","7912","大日本印刷","東証およびＰＴＳ",,"確報",200,400,37500,200,1300,21600,15900,624400,1248800,117075000,624400,4058600,67435200,49639800,,,0,0,1621100,0,0,976100,20.1,61.7,28.2,38.7,10.5,9.8,10.1
"2026/02/10","2026/02/13","7914","共同印刷","東証およびＰＴＳ",,"確報",200,2100,19600,300,2200,19600,0,339200,3561600,33241600,508800,3731200,33241600,0,,,0,0,430000,0,0,430000,16.3,12.4,15.9,13.9,16.7,23.8,19.6
"2026/02/10","2026/02/13","7915","ＮＩＳＳＨＡ","東証およびＰＴＳ",,"確報",1200,0,30300,0,600,38400,-8100,1657200,0,41844300,0,828600,53030400,-11186100,,,0,0,349200,0,0,468000,32.1,25.4,22,23.6,24.5,306.5,45.4
"2026/02/10","2026/02/13","7916","光村印刷","東証およびＰＴＳ",,"確報",0,100,1600,0,0,1800,-200,0,187100,2993600,0,0,3367800,-374200,,,0,0,0,6800,7200,0,10.9,2.6,9,4.1,0,24.3,48.5
"2026/02/10","2026/02/13","7917","ＺＡＣＲＯＳ","東証およびＰＴＳ",,"確報",25700,1500,39200,24300,100,39200,0,36365500,2122500,55468000,34384500,141500,55468000,0,,,0,0,945000,0,0,945000,2.9,2.2,3.7,2.8,2.8,3.4,3.1
"2026/02/10","2026/02/13","7918","ヴィアＨＤ","東証およびＰＴＳ",,"確報",0,0,8600,0,0,0,8600,0,0,937400,0,0,0,937400,,,0,0,0,0,0,0,858,429,0,858,0,0,0
"2026/02/10","2026/02/13","7919","野崎印刷紙業","東証およびＰＴＳ",,"確報",500,0,8300,0,0,0,8300,104500,0,1734700,0,0,0,1734700,,,0,0,7800,0,0,0,3,3,3.1,3,0,0,0
"2026/02/10","2026/02/13","7921","ＴＡＫＡＲＡ＆ＣＯ","東証およびＰＴＳ",,"確報",900,0,6600,0,600,20800,-14200,3888000,0,28512000,0,2592000,89856000,-61344000,,,0,0,114000,0,0,428000,60,22.8,22.8,22.8,118,118,118
"2026/02/10","2026/02/13","7922","三光産業","東証およびＰＴＳ",,"確報",1300,0,5000,0,0,0,5000,950300,0,3655000,0,0,0,3655000,,,0,0,0,125800,0,0,4.9,6.4,4,4.9,0,0,0
"2026/02/10","2026/02/13","7923","トーイン","東証およびＰＴＳ",,"確報",0,0,300,0,0,0,300,0,0,355500,0,0,0,355500,,,0,0,0,0,0,0,0,0,0,0,0,0,0
"2026/02/10","2026/02/13","7925","前澤化成工業","東証およびＰＴＳ",,"確報",300,1400,10400,0,1900,46000,-35600,697800,3256400,24190400,0,4419400,106996000,-82805600,,,0,0,0,80500,335300,0,32.2,8.8,11.2,9.8,420.8,31.6,58.7
"2026/02/10","2026/02/13","7927","ムトー精工","東証およびＰＴＳ",,"確報",400,0,7600,0,0,2800,4800,956000,0,18164000,0,0,6692000,11472000,,,0,0,259200,0,0,100800,34.2,56.1,26.2,35.7,51.3,22,30.8
"2026/02/10","2026/02/13","7928","旭化学工業","東証およびＰＴＳ",,"確報",0,0,3900,0,0,0,3900,0,0,2382900,0,0,0,2382900,,,0,0,0,3900,0,0,0,0,0,0,0,0,0
"2026/02/10","2026/02/13","7931","未来工業","東証およびＰＴＳ",,"確報",100,100,9100,0,100,13500,-4400,345000,345000,31395000,0,345000,46575000,-15180000,,,0,0,0,45500,68000,0,50.5,79.8,20.8,33,68.2,97.4,80.2
"2026/02/10","2026/02/13","7932","ニッピ","東証およびＰＴＳ",,"確報",500,100,1600,0,0,0,1600,7245000,1449000,23184000,0,0,0,23184000,,,0,0,240000,0,0,0,10.2,13.2,8.3,10.2,0,0,0
"2026/02/10","2026/02/13","7936","アシックス","東証およびＰＴＳ",,"確報",0,19400,117700,0,9100,300,117400,0,77386600,469505300,0,36299900,1196700,468308600,,,0,0,12339000,0,0,846000,16.6,37.5,14.6,21,1.1,1.1,1.1
"2026/02/10","2026/02/13","7937","ツツミ","東証およびＰＴＳ",,"確報",0,3600,6600,0,0,2000,4600,0,10699200,19615200,0,0,5944000,13671200,,,0,0,20400,0,0,4000,19.3,96,11.4,20.4,36.7,10,15.7
"2026/02/10","2026/02/13","7938","リーガルコーポ","東証およびＰＴＳ",,"確報",0,0,400,0,0,0,400,0,0,984000,0,0,0,984000,,,0,0,0,6400,0,0,0,0,0,0,0,0,0
"2026/02/10","2026/02/13","7939","研創","東証およびＰＴＳ",,"確報",0,0,800,0,0,0,800,0,0,495200,0,0,0,495200,,,0,0,3200,0,0,0,0,0,0,0,0,0,0
"2026/02/10","2026/02/13","7940","ウェーブロックＨＤ","東証およびＰＴＳ",,"確報",5100,0,125400,0,0,0,125400,6451500,0,158631000,0,0,0,158631000,,,0,0,1323300,0,0,0,25.4,13.6,206.9,25.4,0,0,0
"2026/02/10","2026/02/13","7942","ジェイ　エス　ピー","東証およびＰＴＳ",,"確報",300,600,19400,0,700,41200,-21800,830700,1661400,53718600,0,1938300,114082800,-60364200,,,0,0,0,197000,419000,0,40.1,21.8,53.2,30.9,87.5,31.3,46.1
"2026/02/10","2026/02/13","7943","ニチハ","東証およびＰＴＳ",,"確報",100,1100,600,1600,0,12000,-11400,362500,3987500,2175000,5800000,0,43500000,-41325000,,,0,0,120000,0,0,780000,11.4,12.8,5.1,7.3,10.8,14.8,12.5
"2026/02/10","2026/02/13","7944","ローランド","東証およびＰＴＳ",,"確報",200,0,800,200,0,800,0,800000,0,3200000,800000,0,3200000,0,,,0,0,57000,0,0,57000,3,2.6,2.6,2.6,2.2,10,3.6
"2026/02/10","2026/02/13","7946","光陽社","東証およびＰＴＳ",,"確報",0,100,300,0,0,0,300,0,222200,666600,0,0,0,666600,,,0,0,0,5600,0,0,16,16,16,16,0,0,0
"2026/02/10","2026/02/13","7947","エフピコ","東証およびＰＴＳ",,"確報",3600,100,22800,3500,0,22800,0,10033200,278700,63543600,9754500,0,63543600,0,,,0,0,617600,0,0,617600,18.1,13.5,25.3,17.6,14.1,27.4,18.6
"2026/02/10","2026/02/13","7949","小松ウオール工業","東証およびＰＴＳ",,"確報",200,2000,19700,100,5400,30500,-10800,592800,5928000,58390800,296400,16005600,90402000,-32011200,,,0,0,451500,0,0,751800,21.5,13.1,16.6,14.7,32.6,29.3,30.9
"2026/02/10","2026/02/13","7951","ヤマハ","東証およびＰＴＳ",,"確報",0,100,22700,327000,158600,467800,-445100,0,122300,27762100,399921000,193967800,572119400,-544357300,,,0,0,136800,0,0,1796400,2.8,3.1,5.6,4,1.7,6.2,2.7
"2026/02/10","2026/02/13","7952","河合楽器製作所","東証およびＰＴＳ",,"確報",1400,1600,7300,200,400,7300,0,4104800,4691200,21403600,586400,1172800,21403600,0,,,0,0,457500,0,0,457500,8,6.2,8.9,7.3,6.8,12.5,8.8
"2026/02/10","2026/02/13","7953","菊水化学工業","東証およびＰＴＳ",,"確報",0,0,11200,0,0,0,11200,0,0,4435200,0,0,0,4435200,,,0,0,22400,0,0,0,184.3,138.3,276.5,184.3,0,0,0
"2026/02/10","2026/02/13","7955","クリナップ","東証およびＰＴＳ",,"確報",100,1300,12300,200,1500,22900,-10600,93100,1210300,11451300,186200,1396500,21319900,-9868600,,,0,0,162000,0,0,290400,4.1,2.5,3.6,2.9,3.6,10.7,5.3
"2026/02/10","2026/02/13","7956","ピジョン","東証およびＰＴＳ",,"確報",100,0,16500,0,500,600,15900,165900,0,27373500,0,829500,995400,26378100,,,0,0,123000,0,0,8250,26,148.2,16.2,29.1,7,7,7
"2026/02/10","2026/02/13","7957","フジコピアン","東証およびＰＴＳ",,"確報",100,0,100,0,0,0,100,146400,0,146400,0,0,0,146400,,,0,0,0,0,0,0,2,2,2,2,0,0,0
"2026/02/10","2026/02/13","7962","キングジム","東証およびＰＴＳ",,"確報",500,1700,27000,0,3000,239200,-212200,408500,1388900,22059000,0,2451000,195426400,-173367400,,,0,0,84600,0,0,726600,170.5,39.6,32.9,35.9,573.2,197.3,293.6
"2026/02/10","2026/02/13","7963","興研","東証およびＰＴＳ",,"確報",1000,0,3300,100,0,200,3100,1857000,0,6128100,185700,0,371400,5756700,,,0,0,0,218500,9500,0,8.3,7.4,10.7,8.7,1.5,0,3
"2026/02/10","2026/02/13","7965","象印マホービン","東証およびＰＴＳ",,"確報",0,10100,34200,700,800,172800,-138600,0,16382200,55472400,1135400,1297600,280281600,-224809200,,,0,0,974600,0,0,3803800,24.9,54.5,11,18.3,68,17,27.2
"2026/02/10","2026/02/13","7966","リンテック","東証およびＰＴＳ",,"確報",3100,4500,6300,1800,400,7300,-1000,15019500,21802500,30523500,8721000,1938000,35368500,-4845000,,,0,0,0,1886500,1445500,0,2.6,1.5,1.4,1.4,9.7,13.2,11.2
"2026/02/10","2026/02/13","7970","信越ポリマー","東証およびＰＴＳ",,"確報",15400,2600,66600,600,0,68400,-1800,32386200,5467800,140059800,1261800,0,143845200,-3785400,,,0,0,860800,0,0,1084800,36,16.2,29.3,20.8,161.8,69.3,97.1
"2026/02/10","2026/02/13","7971","東リ","東証およびＰＴＳ",,"確報",1000,1400,11900,0,0,4500,7400,785000,1099000,9341500,0,0,3532500,5809000,,,0,0,0,24600,9000,0,20.9,14.5,18.4,16.2,0,40.2,80.3
"2026/02/10","2026/02/13","7972","イトーキ","東証およびＰＴＳ",,"確報",700,3200,11700,0,900,15000,-3300,1965600,8985600,32853600,0,2527200,42120000,-9266400,,,0,0,1036600,0,0,1160700,10.4,5.9,4.5,5.1,85.6,55,67
"2026/02/10","2026/02/13","7974","任天堂","東証およびＰＴＳ",,"確報",14500,189100,981700,3700,200,4900,976800,129485000,1688663000,8766581000,33041000,1786000,43757000,8722824000,,,0,0,309888400,0,0,375200,13.2,11.2,16.6,13.4,1.1,2.8,1.6
"2026/02/10","2026/02/13","7975","リヒトラブ","東証およびＰＴＳ",,"確報",0,0,300,0,0,0,300,0,0,387900,0,0,0,387900,,,0,0,0,600,0,0,0,0,0,0,0,0,0
"2026/02/10","2026/02/13","7976","三菱鉛筆","東証およびＰＴＳ",,"確報",1800,100,5200,0,3400,49100,-43900,4311000,239500,12454000,0,8143000,117594500,-105140500,,,0,0,0,17500,262500,0,36,6.7,14.3,9.1,57.3,41.3,48
"2026/02/10","2026/02/13","7979","松風","東証およびＰＴＳ",,"確報",0,0,9300,0,200,2800,6500,0,0,16693500,0,359000,5026000,11667500,,,0,0,241800,0,0,78000,24.5,18.3,26.4,21.6,50,37.5,42.9
"2026/02/10","2026/02/13","7980","重松製作所","東証およびＰＴＳ",,"確報",0,300,1200,0,0,0,1200,0,242700,970800,0,0,0,970800,,,0,0,6000,0,0,0,13.4,22.3,9.6,13.4,0,0,0
"2026/02/10","2026/02/13","7981","タカラスタンダード","東証およびＰＴＳ",,"確報",0,500,2200,200,1200,43100,-40900,0,1537500,6765000,615000,3690000,132532500,-125767500,,,0,0,0,0,0,0,4.5,2,0.9,1.3,5.7,45.7,10.1
"2026/02/10","2026/02/13","7983","ミロク","東証およびＰＴＳ",,"確報",0,0,1800,0,0,0,1800,0,0,2043000,0,0,0,2043000,,,0,0,0,1800,0,0,174,87,0,174,0,0,0
"2026/02/10","2026/02/13","7984","コクヨ","東証およびＰＴＳ",,"確報",3500,500,28700,5400,500,128000,-99300,3365600,480800,27597920,5192640,480800,123084800,-95486880,,,0,0,442040,0,0,2117320,39.3,15.6,10.8,12.8,91.3,58.1,71
"2026/02/10","2026/02/13","7985","ネポン","東証およびＰＴＳ",,"確報",0,100,600,0,0,0,600,0,156400,938400,0,0,0,938400,,,0,0,0,2800,0,0,68,0,34,68,0,0,0
"2026/02/10","2026/02/13","7986","日本アイ・エス・ケイ","東証およびＰＴＳ",,"確報",0,0,300,0,0,0,300,0,0,546900,0,0,0,546900,,,0,0,1500,0,0,0,0,0,0,0,0,0,0
"2026/02/10","2026/02/13","7987","ナカバヤシ","東証およびＰＴＳ",,"確報",2200,0,9900,500,200,7200,2700,1339800,0,6029100,304500,121800,4384800,1644300,,,0,0,38500,0,0,34500,13.2,10.8,18.3,13.5,15.7,10.7,12.7
"2026/02/10","2026/02/13","7988","ニフコ","東証およびＰＴＳ",,"確報",200,200,1500,1900,100,20900,-19400,1036400,1036400,7773000,9845800,518200,108303800,-100530800,,,0,0,70500,0,0,897700,13.1,3.5,4.4,3.9,19.5,12.7,15.4
"2026/02/10","2026/02/13","7989","立川ブラインド工業","東証およびＰＴＳ",,"確報",2000,1900,3800,100,0,3800,0,5028000,4776600,9553200,251400,0,9553200,0,,,0,0,1850000,0,0,1850000,8.9,9.2,5.8,7.1,20.2,8.4,11.9
"2026/02/10","2026/02/13","7990","グローブライド","東証およびＰＴＳ",,"確報",0,1000,9800,100,4700,20400,-10600,0,2340000,22932000,234000,10998000,47736000,-24804000,,,0,0,270000,0,0,625000,16.7,16.9,14.7,15.7,15.3,19.8,17.3
"2026/02/10","2026/02/13","7991","マミヤ・オーピー","東証およびＰＴＳ",,"確報",0,0,22600,100,1400,7100,15500,0,0,34374600,152100,2129400,10799100,23575500,,,0,0,0,203400,75600,0,5.2,5.7,7.6,6.5,4.7,3.5,4
"2026/02/10","2026/02/13","7992","セーラー万年筆","東証およびＰＴＳ",,"確報",3400,0,40100,0,0,0,40100,380800,0,4491200,0,0,0,4491200,,,0,0,0,0,0,0,52.1,56.6,48.2,52.1,0,0,0
"2026/02/10","2026/02/13","7994","オカムラ","東証およびＰＴＳ",,"確報",2300,5800,13300,0,4000,13300,0,5961600,15033600,34473600,0,10368000,34473600,0,,,0,0,823200,0,0,847700,10.2,9.1,7.7,8.3,14.8,11.7,13.1
"2026/02/10","2026/02/13","7995","バルカー","東証およびＰＴＳ",,"確報",0,1700,15800,400,200,7800,8000,0,7845500,72917000,1846000,923000,35997000,36920000,,,0,0,700000,0,0,304000,6.8,7.2,8.5,7.8,11.5,3.6,5.5
"2026/02/10","2026/02/13","7997","くろがね工作所","東証およびＰＴＳ",,"確報",0,0,1600,0,0,0,1600,0,0,1529600,0,0,0,1529600,,,0,0,19200,0,0,0,0,0,0,0,0,0,0
"2026/02/10","2026/02/13","7999","ＭＵＴＯＨ－ＨＤ","東証およびＰＴＳ",,"確報",200,16400,29000,0,500,700,28300,1522000,124804000,220690000,0,3805000,5327000,215363000,,,0,0,28476000,0,0,756000,20.3,68.5,11.9,20.3,0,9.2,18.3
"2026/02/10","2026/02/13","8001","伊藤忠商事","東証およびＰＴＳ",,"確報",89500,70600,594500,35600,2000,594500,0,191530000,151084000,1272230000,76184000,4280000,1272230000,0,,,0,0,41731000,0,0,40665250,21.9,13.7,17.5,15.4,25.3,104.8,40.8
"2026/02/10","2026/02/13","8002","丸紅","東証およびＰＴＳ",,"確報",5800,43500,98600,10000,1200,60500,38100,35878800,269091000,609939600,61860000,7423200,374253000,235686600,,,0,0,31212700,0,0,11839300,8.1,10.6,6.9,8.3,6.8,8.6,7.6
"2026/02/10","2026/02/13","8005","スクロール","東証およびＰＴＳ",,"確報",100,0,7800,100,0,7800,0,136400,0,10639200,136400,0,10639200,0,,,0,0,138600,0,0,138600,66,79.2,56.6,66,79.2,56.6,66
"2026/02/10","2026/02/13","8006","ユアサ・フナショク","東証およびＰＴＳ",,"確報",400,0,2400,0,0,0,2400,700400,0,4202400,0,0,0,4202400,,,0,0,90000,0,0,0,17.5,10.7,48,17.5,0,0,0
"2026/02/10","2026/02/13","8007","高島","東証およびＰＴＳ",,"確報",100,400,20400,0,300,20400,0,92100,368400,18788400,0,276300,18788400,0,,,0,0,0,0,0,0,21.5,25.4,12.6,16.8,1225,14.6,28.8
"2026/02/10","2026/02/13","8008","ヨンドシーホールディ","東証およびＰＴＳ",,"確報",300,200,8200,700,600,8200,0,555300,370200,15178200,1295700,1110600,15178200,0,,,0,0,89100,0,0,89100,9.6,8.6,9,8.8,10.3,11,10.7
"2026/02/10","2026/02/13","8011","三陽商会","東証およびＰＴＳ",,"確報",900,0,27500,4300,600,43200,-15700,4117500,0,125812500,19672500,2745000,197640000,-71827500,,,0,0,5719000,0,0,8492500,37.4,96.9,104.3,100.4,21.7,32.9,26.1
"2026/02/10","2026/02/13","8012","長瀬産業","東証およびＰＴＳ",,"確報",1200,12400,12300,100,20500,12300,0,5523600,57077200,56616900,460300,94361500,56616900,0,,,0,0,1833000,0,0,2550600,8.7,19.1,5.7,8.7,16.9,5.8,8.6
"2026/02/10","2026/02/13","8013","ナイガイ","東証およびＰＴＳ",,"確報",1600,0,181500,0,0,0,181500,472000,0,53542500,0,0,0,53542500,,,0,0,0,539700,0,0,438.4,249.7,1797.6,438.4,0,0,0
"2026/02/10","2026/02/13","8014","蝶理","東証およびＰＴＳ",,"確報",0,100,2900,0,100,2900,0,0,447000,12963000,0,447000,12963000,0,,,0,0,165000,0,0,165000,29.4,21,49,29.4,21,49,29.4
"2026/02/10","2026/02/13","8015","豊田通商","東証およびＰＴＳ",,"確報",7400,400,40700,1000,3000,5600,35100,48825200,2639200,268538600,6598000,19794000,36948800,231589800,,,0,0,0,4010300,904400,0,7.9,20.4,7.5,10.9,2.4,3.3,2.8
"2026/02/10","2026/02/13","8016","オンワードＨＤ","東証およびＰＴＳ",,"確報",15000,7200,21900,10700,2900,21900,0,11610000,5572800,16950600,8281800,2244600,16950600,0,,,0,0,169200,0,0,169200,4,2.5,4.2,3.1,3.8,10.6,5.6
"2026/02/10","2026/02/13","8018","三共生興","東証およびＰＴＳ",,"確報",0,0,152500,600,3100,28100,124400,0,0,134200000,528000,2728000,24728000,109472000,,,0,0,4270000,0,0,856800,92.3,845.8,292.8,435,22.8,15.9,18.7
"2026/02/10","2026/02/13","8020","兼松","東証およびＰＴＳ",,"確報",4000,700,52900,0,300,20700,32200,8886000,1555050,117517350,0,666450,45985050,71532300,,,0,0,1736000,0,0,735000,9.4,10.7,14.9,12.5,2,83.8,3.9
"2026/02/10","2026/02/13","8022","美津濃","東証およびＰＴＳ",,"確報",9100,2500,23000,11400,300,23000,0,36172500,9937500,91425000,45315000,1192500,91425000,0,,,0,0,5084000,0,0,3689000,4.4,9.3,2.5,3.9,3.6,9.8,5.2
"2026/02/10","2026/02/13","8023","ＤＡＩＫＯＸＴ","東証およびＰＴＳ",,"確報",100,0,7200,0,0,0,7200,111500,0,8028000,0,0,0,8028000,,,0,0,0,0,0,0,177,118,354,177,0,0,0
"2026/02/10","2026/02/13","8025","ツカモトコーポ","東証およびＰＴＳ",,"確報",0,0,500,0,0,0,500,0,0,687000,0,0,0,687000,,,0,0,5500,0,0,0,14.7,7.3,0,14.7,0,0,0
"2026/02/10","2026/02/13","8029","ルックＨＤ","東証およびＰＴＳ",,"確報",300,300,7700,100,100,7700,0,752100,752100,19303900,250700,250700,19303900,0,,,0,0,207900,0,0,207900,26.4,140.7,14.1,25.6,211,14.6,27.2
"2026/02/10","2026/02/13","8030","中央魚類","東証およびＰＴＳ",,"確報",100,0,2000,0,100,0,2000,392000,0,7840000,0,392000,0,7840000,,,0,0,0,76000,4000,0,14.9,58,9.7,16.6,3,3,3
"2026/02/10","2026/02/13","8031","三井物産","東証およびＰＴＳ",,"確報",9400,68000,85300,200,425800,29500,55800,51653000,373660000,468723500,1099000,2339771000,162102500,306621000,,,0,0,18850900,0,0,59618100,2.4,5.7,3.4,4.2,2.2,1.6,1.9
"2026/02/10","2026/02/13","8032","日本紙パルプ商事","東証およびＰＴＳ",,"確報",15000,100,44900,200,17100,123600,-78700,16605000,110700,49704300,221400,18929700,136825200,-87120900,,,0,0,2010000,0,0,9413500,22.1,3.4,34,6.1,49.7,31.4,38.5
"2026/02/10","2026/02/13","8035","東京エレクトロン","東証およびＰＴＳ",,"確報",6100,7800,69800,5200,1700,12200,57600,253150000,323700000,2896700000,215800000,70550000,506300000,2390400000,,,0,0,64350000,0,0,7830000,8.7,10.5,11.9,11.2,4,2.9,3.3
"2026/02/10","2026/02/13","8037","カメイ","東証およびＰＴＳ",,"確報",2500,0,2900,0,200,100,2800,8200000,0,9512000,0,656000,328000,9184000,,,0,0,0,4000,3000,0,3.7,1.9,48,3.7,5.5,2.8,3.7
"2026/02/10","2026/02/13","8039","築地魚市場","東証およびＰＴＳ",,"確報",0,0,1200,0,0,0,1200,0,0,4710000,0,0,0,4710000,,,0,0,0,6000,0,0,0,0,0,0,0,0,0
"2026/02/10","2026/02/13","8040","東京ソワール","東証およびＰＴＳ",,"確報",0,0,1800,0,0,0,1800,0,0,1908000,0,0,0,1908000,,,0,0,0,10800,0,0,91,91,91,91,0,0,0
"2026/02/10","2026/02/13","8041","ＯＵＧＨＤ","東証およびＰＴＳ",,"確報",0,100,2800,0,0,0,2800,0,410000,11480000,0,0,0,11480000,,,0,0,58000,0,0,0,20,0,10,20,0,0,0
"2026/02/10","2026/02/13","8043","スターゼン","東証およびＰＴＳ",,"確報",0,500,5100,0,0,500,4600,0,685500,6992100,0,0,685500,6306600,,,0,0,11200,0,0,1000,9.4,13.2,26.3,17.6,1.5,2.2,1.8
"2026/02/10","2026/02/13","8045","横浜丸魚","東証およびＰＴＳ",,"確報",0,0,400,0,0,0,400,0,0,672800,0,0,0,672800,,,0,0,0,19200,0,0,0,0,0,0,0,0,0
"2026/02/10","2026/02/13","8046","丸藤シートパイル","東証およびＰＴＳ",,"確報",100,300,1300,0,0,0,1300,485500,1456500,6311500,0,0,0,6311500,,,0,0,0,45000,0,0,8.3,25,5,8.3,0,0,0
"2026/02/10","2026/02/13","8050","セイコーグループ","東証およびＰＴＳ",,"確報",3600,0,3700,1200,3900,6000,-2300,30816000,0,31672000,10272000,33384000,51360000,-19688000,,,0,0,18000,0,0,1566000,5.4,1.6,8.4,2.7,8.3,5.1,6.3
"2026/02/10","2026/02/13","8051","山善","東証およびＰＴＳ",,"確報",100,600,15500,4100,0,36800,-21300,150300,901800,23296500,6162300,0,55310400,-32013900,,,0,0,320000,0,0,654000,36.6,46.6,17.8,25.8,26.6,183.2,46.5
"2026/02/10","2026/02/13","8052","椿本興業","東証およびＰＴＳ",,"確報",400,700,3900,0,300,3900,0,1193600,2088800,11637600,0,895200,11637600,0,,,0,0,155400,0,0,155400,18,19.8,15.2,17.2,22,16.5,18.9
"2026/02/10","2026/02/13","8053","住友商事","東証およびＰＴＳ",,"確報",2400,3300,94100,1100,800,12000,82100,15710400,21601800,615978600,7200600,5236800,78552000,537426600,,,0,0,20235000,0,0,2492100,11.6,10,16.5,12.5,6.6,7.9,7.2
"2026/02/10","2026/02/13","8056","ＢＩＰＲＯＧＹ","東証およびＰＴＳ",,"確報",600,0,6600,100,1400,600,6000,2955000,0,32505000,492500,6895000,2955000,29550000,,,0,0,1266000,0,0,400900,6.7,11.5,26.8,16.1,2.3,1.8,2.1
"2026/02/10","2026/02/13","8057","内田洋行","東証およびＰＴＳ",,"確報",2000,500,15600,0,0,4500,11100,4292000,1073000,33477600,0,0,9657000,23820600,,,0,0,972900,0,0,310500,7.9,32.4,3.4,6.2,0,0,0
"2026/02/10","2026/02/13","8058","三菱商事","東証およびＰＴＳ",,"確報",3200,22900,459400,67800,17300,575500,-116100,16438400,117637300,2359937800,348288600,88870100,2956343500,-596405700,,,0,0,101569200,0,0,111300000,12.9,24.7,14.5,18.3,8.3,12.9,10.1
"2026/02/10","2026/02/13","8059","第一実業","東証およびＰＴＳ",,"確報",200,0,6200,100,0,1500,4700,710000,0,22010000,355000,0,5325000,16685000,,,0,0,330000,0,0,77000,5.8,10.3,30.9,15.5,2.1,2.2,2.1
"2026/02/10","2026/02/13","8060","キヤノンＭＪ","東証およびＰＴＳ",,"確報",800,700,5000,200,0,2800,2200,5758400,5038600,35990000,1439600,0,20154400,15835600,,,0,0,705600,0,0,374400,12.1,15.9,11,13,5.6,48,10.1
"2026/02/10","2026/02/13","8061","西華産業","東証およびＰＴＳ",,"確報",300,400,13900,1300,0,1300,12600,732900,977200,33957700,3175900,0,3175900,30781800,,,0,0,700000,0,0,0,25.5,26,46.7,33.4,1,13,1.9
"2026/02/10","2026/02/13","8065","佐藤商事","東証およびＰＴＳ",,"確報",700,0,4200,0,0,2700,1500,1708700,0,10252200,0,0,6590700,3661500,,,0,0,28000,0,0,21600,7.5,4,5.9,4.8,27.6,19.7,23
"2026/02/10","2026/02/13","8066","三谷商事","東証およびＰＴＳ",,"確報",200,0,700,0,100,700,0,538600,0,1885100,0,269300,1885100,0,,,0,0,49500,0,0,79200,6.4,3.8,4.3,4,12,18,14.4
"2026/02/10","2026/02/13","8070","東京産業","東証およびＰＴＳ",,"確報",200,2400,11100,0,0,4000,7100,197200,2366400,10944600,0,0,3944000,7000600,,,0,0,212800,0,0,64000,18.3,33,11.4,16.9,0,12.4,24.8
"2026/02/10","2026/02/13","8074","ユアサ商事","東証およびＰＴＳ",,"確報",100,200,2300,100,0,200,2100,619000,1238000,14237000,619000,0,1238000,12999000,,,0,0,432000,0,0,18000,13.1,38.3,11.5,17.7,2.3,4.5,3
"2026/02/10","2026/02/13","8075","神鋼商事","東証およびＰＴＳ",,"確報",1200,1300,12400,0,100,12400,0,3333600,3611400,34447200,0,277800,34447200,0,,,0,0,62500,0,0,62500,12.1,10,16,12.3,6.1,157.7,11.8
"2026/02/10","2026/02/13","8076","カノークス","東証およびＰＴＳ",,"確報",300,0,1700,200,0,300,1400,657600,0,3726400,438400,0,657600,3068800,,,0,0,23800,0,0,1700,16.6,24.3,0,48.7,3.3,2.5,2.9
"2026/02/10","2026/02/13","8077","トルク","東証およびＰＴＳ",,"確報",100,0,15700,0,0,1900,13800,22300,0,3501100,0,0,423700,3077400,,,0,0,15600,0,0,1900,294.3,394,197,262.7,0,0,0
"2026/02/10","2026/02/13","8078","阪和興業","東証およびＰＴＳ",,"確報",500,1300,5300,100,4100,2100,3200,4230000,10998000,44838000,846000,34686000,17766000,27072000,,,0,0,793000,0,0,793000,8.5,24.8,4.9,8.2,30,5.4,9.2
"2026/02/10","2026/02/13","8079","正栄食品工業","東証およびＰＴＳ",,"確報",100,0,13400,200,200,20800,-7400,410500,0,55007000,821000,821000,85384000,-30377000,,,0,0,0,66500,104000,0,38.4,72.7,218,109,27.7,27,27.4
"2026/02/10","2026/02/13","8081","カナデン","東証およびＰＴＳ",,"確報",0,0,1400,0,0,0,1400,0,0,3147200,0,0,0,3147200,,,0,0,49000,0,0,0,36,36,36,36,0,0,0
"2026/02/10","2026/02/13","8084","ＲＹＯＤＥＮ","東証およびＰＴＳ",,"確報",2200,0,6800,2200,0,6800,0,8129000,0,25126000,8129000,0,25126000,0,,,0,0,207000,0,0,207000,9.2,8.1,7.8,7.9,11.3,10.8,11.1
"2026/02/10","2026/02/13","8085","ナラサキ産業","東証およびＰＴＳ",,"確報",0,0,700,0,0,0,700,0,0,2807000,0,0,0,2807000,,,0,0,0,77000,0,0,35,0,17.5,35,0,0,0
"2026/02/10","2026/02/13","8086","ニプロ","東証およびＰＴＳ",,"確報",2100,15600,19500,600,0,98700,-79200,3164700,23509200,29386500,904200,0,148740900,-119354400,,,0,0,1947000,0,0,5787900,20.5,4.7,4.7,4.7,56,81.3,66.3
"2026/02/10","2026/02/13","8088","岩谷産業","東証およびＰＴＳ",,"確報",1300,900,22800,0,0,0,22800,2572700,1781100,45121200,0,0,0,45121200,,,0,0,1209600,0,0,0,12.5,40.7,8.3,13.8,2.8,1.1,1.6
"2026/02/10","2026/02/13","8089","ナイス","東証およびＰＴＳ",,"確報",100,0,3000,0,0,900,2100,200400,0,6012000,0,0,1803600,4208400,,,0,0,20300,0,0,6300,74.8,48.3,0,96.7,21,0,42
"2026/02/10","2026/02/13","8091","ニチモウ","東証およびＰＴＳ",,"確報",100,0,3600,0,0,1000,2600,265500,0,9558000,0,0,2655000,6903000,,,0,0,129500,0,0,37000,21.6,11.2,72.5,19.3,0,15,30
"2026/02/10","2026/02/13","8093","極東貿易","東証およびＰＴＳ",,"確報",500,1000,7700,0,0,2900,4800,1063500,2127000,16377900,0,0,6168300,10209600,,,0,0,131200,0,0,46400,12.5,7,17.2,10,16,0,32
"2026/02/10","2026/02/13","8095","アステナＨＤ","東証およびＰＴＳ",,"確報",300,2200,18200,0,1200,15900,2300,145800,1069200,8845200,0,583200,7727400,1117800,,,0,0,120600,0,0,102600,17.8,28.2,13.1,17.8,20.1,15.8,17.7
"2026/02/10","2026/02/13","8097","三愛オブリ","東証およびＰＴＳ",,"確報",1000,0,12600,500,2500,18300,-5700,2270000,0,28602000,1135000,5675000,41541000,-12939000,,,0,0,150800,0,0,263900,24.8,28.3,59.5,38.4,21.7,19.6,20.6
"2026/02/10","2026/02/13","8098","稲畑産業","東証およびＰＴＳ",,"確報",0,2500,500,2400,0,5500,-5000,0,10037500,2007500,9636000,0,22082500,-20075000,,,0,0,60000,0,0,62000,3.1,3,1.8,2.2,4.7,3.9,4.3
"2026/02/10","2026/02/13","8101","ＧＳＩクレオス","東証およびＰＴＳ",,"確報",0,1700,6300,300,2000,6300,0,0,4613800,17098200,814200,5428000,17098200,0,,,0,0,104000,0,0,104000,4.9,3.6,7.1,4.8,3.7,7.7,5
"2026/02/10","2026/02/13","8103","明和産業","東証およびＰＴＳ",,"確報",0,900,18400,0,300,0,18400,0,879300,17976800,0,293100,0,17976800,,,0,0,0,19300,300,0,9.6,89.7,15.9,27,82,1,2
"2026/02/10","2026/02/13","8104","クワザワＨＤ","東証およびＰＴＳ",,"確報",300,100,4000,0,0,0,4000,183000,61000,2440000,0,0,0,2440000,,,0,0,15200,0,0,0,24.1,14.1,84.5,24.1,0,0,0
"2026/02/10","2026/02/13","8105","ＢｉｔｃｏｉｎＪＰＮ","東証およびＰＴＳ",,"確報",0,29900,835700,0,0,0,835700,0,6936800,193882400,0,0,0,193882400,,,0,0,2596800,0,0,0,67.5,173,41.9,67.5,0,0,0
"2026/02/10","2026/02/13","8107","キムラタン","東証およびＰＴＳ",,"確報",0,13400,94000,0,0,0,94000,0,428800,3008000,0,0,0,3008000,,,0,0,107400,0,0,0,12.5,14,11.3,12.5,0,0,0
"2026/02/10","2026/02/13","8111","ゴールドウィン","東証およびＰＴＳ",,"確報",0,900,26400,0,0,1800,24600,0,2267100,66501600,0,0,4534200,61967400,,,0,0,832650,0,0,54900,22.5,22.8,28.2,25.2,10.2,8.5,9.3
"2026/02/10","2026/02/13","8113","ユニ・チャーム","東証およびＰＴＳ",,"確報",0,14600,278900,66800,0,92000,186900,0,13954680,266572620,63847440,0,87933600,178639020,,,0,0,4637300,0,0,398160,15.6,159.3,19.8,35.2,3.3,6.2,4.3
"2026/02/10","2026/02/13","8115","ムーンバット","東証およびＰＴＳ",,"確報",0,0,1600,0,0,0,1600,0,0,2318400,0,0,0,2318400,,,0,0,0,27200,0,0,166,0,83,166,0,0,0
"2026/02/10","2026/02/13","8117","中央自動車工業","東証およびＰＴＳ",,"確報",0,1200,11900,0,1200,11900,0,0,2583600,25620700,0,2583600,25620700,0,,,0,0,733600,0,0,733600,19,104.4,9.9,18,243.7,10.4,20
"2026/02/10","2026/02/13","8118","キング","東証およびＰＴＳ",,"確報",0,0,11500,100,100,7100,4400,0,0,11431000,99400,99400,7057400,4373600,,,0,0,230000,0,0,142000,67.2,586,97.7,167.4,29.6,39.4,33.8
"2026/02/10","2026/02/13","8119","三栄コーポレーション","東証およびＰＴＳ",,"確報",0,100,900,0,0,0,900,0,86900,782100,0,0,0,782100,,,0,0,18000,0,0,0,16,10,40,16,0,0,0
"2026/02/10","2026/02/13","8123","川辺","東証およびＰＴＳ",,"確報",0,0,1800,0,0,0,1800,0,0,2700000,0,0,0,2700000,,,0,0,3600,0,0,0,0,0,0,0,0,0,0
"2026/02/10","2026/02/13","8125","ワキタ","東証およびＰＴＳ",,"確報",32200,91400,41100,1500,100,52900,-11800,66976000,190112000,85488000,3120000,208000,110032000,-24544000,,,0,0,2106300,0,0,1081500,2.8,2,1.4,1.6,38.5,33.8,36
"2026/02/10","2026/02/13","8127","ヤマトインタ","東証およびＰＴＳ",,"確報",0,600,3800,0,2200,61000,-57200,0,360000,2280000,0,1320000,36600000,-34320000,,,0,0,8800,0,0,126400,52.2,52.3,23.2,32.2,809,28.1,54.4
"2026/02/10","2026/02/13","8129","東邦ホールディングス","東証およびＰＴＳ",,"確報",100,2000,5400,0,0,7900,-2500,483200,9664000,26092800,0,0,38172800,-12080000,,,0,0,591300,0,0,639900,14.1,9,5.4,6.7,0,79.8,159.6
"2026/02/10","2026/02/13","8130","サンゲツ","東証およびＰＴＳ",,"確報",600,600,7900,0,0,7900,0,1962000,1962000,25833000,0,0,25833000,0,,,0,0,158000,0,0,158000,24.3,13,13.9,13.4,97.3,194.5,129.7
"2026/02/10","2026/02/13","8131","ミツウロコＧＨＤ","東証およびＰＴＳ",,"確報",1700,600,6600,3400,0,15900,-9300,4046000,1428000,15708000,8092000,0,37842000,-22134000,,,0,0,566500,0,0,1287500,13,11.8,30.2,17,8.4,19.7,11.7
"2026/02/10","2026/02/13","8132","シナネンＨＤ","東証およびＰＴＳ",,"確報",800,100,800,0,100,10800,-10000,5216000,652000,5216000,0,652000,70416000,-65200000,,,0,0,20000,0,0,2180000,27,1.4,2.3,1.8,38.5,49,43.1
"2026/02/10","2026/02/13","8133","伊藤忠エネクス","東証およびＰＴＳ",,"確報",0,200,12500,0,1100,4900,7600,0,390000,24375000,0,2145000,9555000,14820000,,,0,0,190500,0,0,90000,18.8,317,63.4,105.7,73,4.1,7.8
"2026/02/10","2026/02/13","8135","ゼット","東証およびＰＴＳ",,"確報",400,0,55200,0,0,0,55200,216400,0,29863200,0,0,0,29863200,,,0,0,0,274000,0,0,85.6,122.8,65.7,85.6,0,0,0
"2026/02/10","2026/02/13","8136","サンリオ","東証およびＰＴＳ",,"確報",50500,2900,1296100,0,100,2600,1293500,239117500,13731500,6137033500,0,473500,12311000,6124722500,,,0,0,0,18727500,40500,0,42.5,67.1,31.5,42.9,27.8,4.6,7.9
"2026/02/10","2026/02/13","8137","サンワテクノス","東証およびＰＴＳ",,"確報",200,100,3000,100,0,3000,0,650000,325000,9750000,325000,0,9750000,0,,,0,0,72500,0,0,72500,12.1,7.5,12.5,9.4,13.8,21.7,16.9
"2026/02/10","2026/02/13","8138","三京化成","東証およびＰＴＳ",,"確報",0,0,0,0,0,0,0,0,0,0,0,0,0,0,,,0,0,0,0,0,0,0,0,0,0,0,0,0
"2026/02/10","2026/02/13","8139","ナガホリ","東証およびＰＴＳ",,"確報",0,0,432400,0,0,0,432400,0,0,914093600,0,0,0,914093600,,,0,0,432400,0,0,0,39.7,807.2,20.3,39.7,0,0,0
"2026/02/10","2026/02/13","8141","新光商事","東証およびＰＴＳ",,"確報",3000,0,100400,2600,0,82800,17600,3279000,0,109737200,2841800,0,90500400,19236800,,,0,0,1753200,0,0,1443600,101.7,163.7,818.7,272.9,51.7,67.5,58.5
"2026/02/10","2026/02/13","8142","トーホー","東証およびＰＴＳ",,"確報",0,3100,93100,100,0,4000,89100,0,4098200,123078200,132200,0,5288000,117790200,,,0,0,1731600,0,0,70200,9.5,35.7,6.5,11,98,1.8,3.6
"2026/02/10","2026/02/13","8143","ラピーヌ","東証およびＰＴＳ",,"確報",0,0,1400,0,0,0,1400,0,0,317800,0,0,0,317800,,,0,0,2800,0,0,0,146,0,73,146,0,0,0
"2026/02/10","2026/02/13","8144","デンキョーグループ","東証およびＰＴＳ",,"確報",0,0,0,0,0,0,0,0,0,0,0,0,0,0,,,0,0,0,0,0,0,0,0,0,0,0,0,0
"2026/02/10","2026/02/13","8147","トミタ","東証およびＰＴＳ",,"確報",0,0,3300,0,0,0,3300,0,0,4537500,0,0,0,4537500,,,0,0,0,115500,0,0,0,0,0,0,0,0,0
"2026/02/10","2026/02/13","8150","三信電気","東証およびＰＴＳ",,"確報",200,0,14400,0,0,0,14400,630000,0,45360000,0,0,0,45360000,,,0,0,497000,0,0,0,13.1,9.6,20.4,13.1,0,0,0
"2026/02/10","2026/02/13","8151","東陽テクニカ","東証およびＰＴＳ",,"確報",3100,400,19500,2700,0,19500,0,5998500,774000,37732500,5224500,0,37732500,0,,,0,0,739200,0,0,739200,16.5,8.3,16.7,11.1,16.4,0,32.7
"2026/02/10","2026/02/13","8152","ソマール","東証およびＰＴＳ",,"確報",0,0,3800,0,0,0,3800,0,0,23028000,0,0,0,23028000,,,0,0,380000,0,0,0,0,0,0,0,0,0,0
"2026/02/10","2026/02/13","8153","モスフードサービス","東証およびＰＴＳ",,"確報",0,0,1200,1000,100,24500,-23300,0,0,5244000,4370000,437000,107065000,-101821000,,,0,0,90000,0,0,1770000,22.8,111,3.8,7.4,22.4,38.8,28.4
"2026/02/10","2026/02/13","8154","加賀電子","東証およびＰＴＳ",,"確報",200,100,5700,200,100,5700,0,808000,404000,23028000,808000,404000,23028000,0,,,0,0,504000,0,0,504000,21.6,15.6,17.6,16.5,28.1,35.1,31.2
"2026/02/10","2026/02/13","8157","都築電気","東証およびＰＴＳ",,"確報",0,2000,33000,0,800,4800,28200,0,7580000,125070000,0,3032000,18192000,106878000,,,0,0,1750000,0,0,280000,48.9,0,32.3,64.5,28,14.7,19.3
"2026/02/10","2026/02/13","8158","ソーダニッカ","東証およびＰＴＳ",,"確報",0,400,10800,400,100,6300,4500,0,470400,12700800,470400,117600,7408800,5292000,,,0,0,0,33600,18000,0,14.8,12.6,9.9,11.1,60.6,75.8,67.3
"2026/02/10","2026/02/13","8159","立花エレテック","東証およびＰＴＳ",,"確報",1700,1700,5600,0,800,5600,0,5312500,5312500,17500000,0,2500000,17500000,0,,,0,0,196000,0,0,224000,13,8.8,12.6,10.4,13.3,23.6,17.1
"2026/02/10","2026/02/13","8160","木曽路","東証およびＰＴＳ",,"確報",300,0,7100,200,500,43500,-36400,774300,0,18325100,516200,1290500,112273500,-93948400,,,0,0,27200,0,0,175200,34.9,19.7,8.4,11.8,43.3,64.3,51.8
"2026/02/10","2026/02/13","8163","ＳＲＳＨＤ","東証およびＰＴＳ",,"確報",0,1300,28500,400,600,71000,-42500,0,1653600,36252000,508800,763200,90312000,-54060000,,,0,0,29800,0,0,71200,28.6,33.5,12,17.7,72.8,27.8,40.2
"2026/02/10","2026/02/13","8165","千趣会","東証およびＰＴＳ",,"確報",0,100,135400,0,2400,738300,-602900,0,20800,28163200,0,499200,153566400,-125403200,,,0,0,271000,0,0,1481400,257.2,97.6,201.1,131.4,1436.2,173.7,309.9
"2026/02/10","2026/02/13","8166","タカキュー","東証およびＰＴＳ",,"確報",1300,0,58900,0,0,0,58900,114400,0,5183200,0,0,0,5183200,,,0,0,0,0,0,0,71,89.3,58.9,71,0,0,0
"2026/02/10","2026/02/13","8167","リテールパートナーズ","東証およびＰＴＳ",,"確報",0,1300,56400,700,0,10900,45500,0,1844700,80031600,993300,0,15467100,64564500,,,0,0,1154000,0,0,204000,101,573.2,124.6,204.7,28.8,24.7,26.6
"2026/02/10","2026/02/13","8173","上新電機","東証およびＰＴＳ",,"確報",0,800,2200,200,1700,33600,-31400,0,2205600,6065400,551400,4686900,92635200,-86569800,,,0,0,33000,0,0,386100,20.9,12.2,5.6,7.7,19.1,34.3,24.6
"2026/02/10","2026/02/13","8174","日本瓦斯","東証およびＰＴＳ",,"確報",2000,0,4800,2000,0,4800,0,5873000,0,14095200,5873000,0,14095200,0,,,0,0,46200,0,0,46200,3.7,4.2,4.3,4.3,3.3,3.2,3.2
"2026/02/10","2026/02/13","8179","ロイヤルＨＤ","東証およびＰＴＳ",,"確報",0,2600,14700,700,6200,122800,-108100,0,3686800,20844600,992600,8791600,174130400,-153285800,,,0,0,588200,0,0,4362200,24.2,19.1,5,8,46.8,29.2,36
"2026/02/10","2026/02/13","8181","東天紅","東証およびＰＴＳ",,"確報",100,0,500,0,0,0,500,109800,0,549000,0,0,0,549000,,,0,0,800,0,0,0,42,21,0,42,0,0,0
"2026/02/10","2026/02/13","8185","チヨダ","東証およびＰＴＳ",,"確報",49000,2200,94600,3500,0,97300,-2700,55223000,2479400,106614200,3944500,0,109657100,-3042900,,,0,0,47800,0,0,93800,5.6,2.6,2.8,2.7,34.3,247.4,60.2
"2026/02/10","2026/02/13","8194","ライフコーポ","東証およびＰＴＳ",,"確報",0,1500,10700,0,100,300,10400,0,4081500,29114700,0,272100,816300,28298400,,,0,0,195200,0,0,6400,23.2,33.8,17.9,23.4,17,17,17
"2026/02/10","2026/02/13","8198","マックスバリュ東海","東証およびＰＴＳ",,"確報",0,0,2600,0,0,0,2600,0,0,10153000,0,0,0,10153000,,,0,0,65000,0,0,0,88.7,133,66.5,88.7,0,0,0
"2026/02/10","2026/02/13","8200","リンガーハット","東証およびＰＴＳ",,"確報",0,11900,15300,1000,1700,59400,-44100,0,27370000,35190000,2300000,3910000,136620000,-101430000,,,0,0,544000,0,0,1202000,19.2,201.9,5.4,10.5,34.2,30.5,32.2
"2026/02/10","2026/02/13","8202","ラオックスＨＤ","東証およびＰＴＳ",,"確報",4300,0,79600,4300,0,79600,0,636400,0,11780800,636400,0,11780800,0,,,0,0,301200,0,0,301200,89.7,77.1,91.8,83.8,87.7,107.1,96.4
"2026/02/10","2026/02/13","8203","ＭｒＭａｘＨＤ","東証およびＰＴＳ",,"確報",0,1000,7100,0,0,1000,6100,0,813000,5772300,0,0,813000,4959300,,,0,0,48600,0,0,6000,15.5,22.4,10.4,14.2,52,52,52
"2026/02/10","2026/02/13","8207","テンアライド","東証およびＰＴＳ",,"確報",100,0,2100,0,0,0,2100,29100,0,611100,0,0,0,611100,,,0,0,0,0,0,0,23.8,119,13.2,23.8,0,0,0
"2026/02/10","2026/02/13","8214","ＡＯＫＩＨＤ","東証およびＰＴＳ",,"確報",0,1700,2300,0,300,1000,1300,0,3060000,4140000,0,540000,1800000,2340000,,,0,0,40000,0,0,13000,4.8,8.6,3.2,4.6,43.7,2.6,4.9
"2026/02/10","2026/02/13","8217","オークワ","東証およびＰＴＳ",,"確報",16800,1800,29900,4400,100,39300,-9400,14968800,1603800,26640900,3920400,89100,35016300,-8375400,,,0,0,89400,0,0,210000,8.6,3.5,5.7,4.4,16,14.5,15.2
"2026/02/10","2026/02/13","8218","コメリ","東証およびＰＴＳ",,"確報",800,1000,18600,0,200,18600,0,2760000,3450000,64170000,0,690000,64170000,0,,,0,0,376000,0,0,376000,25.9,42.2,14.5,21.6,121.3,18.7,32.3
"2026/02/10","2026/02/13","8219","青山商事","東証およびＰＴＳ",,"確報",0,0,5800,100,2900,68000,-62200,0,0,15834000,273000,7917000,185640000,-169806000,,,0,0,127600,0,0,1557600,7.4,34.4,3.8,6.8,4.3,32.8,7.6
"2026/02/10","2026/02/13","8225","タカチホ","東証およびＰＴＳ",,"確報",0,0,800,0,0,0,800,0,0,3060000,0,0,0,3060000,,,0,0,12000,0,0,0,0,0,0,0,0,0,0
"2026/02/10","2026/02/13","8226","理経","東証およびＰＴＳ",,"確報",2100,7700,121500,0,0,0,121500,1178100,4319700,68161500,0,0,0,68161500,,,0,0,0,2160700,0,0,15,21.4,11.5,15,0,0,0
"2026/02/10","2026/02/13","8227","しまむら","東証およびＰＴＳ",,"確報",1200,1700,6700,1100,400,6700,0,13170000,18657500,73532500,12072500,4390000,73532500,0,,,0,0,1116000,0,0,930000,11.8,14.1,9.6,11.4,9.8,16.3,12.3
"2026/02/10","2026/02/13","8230","はせがわ","東証およびＰＴＳ",,"確報",300,200,2400,100,0,2400,0,100800,67200,806400,33600,0,806400,0,,,0,0,11500,0,0,11500,9.1,5.9,9.7,7.4,5.9,0,11.9
"2026/02/10","2026/02/13","8233","高島屋","東証およびＰＴＳ",,"確報",600,0,766300,15700,327600,282600,483700,1433100,0,1830307550,37499450,782472600,674990100,1155317450,,,0,0,33690800,0,0,26158000,14,982.6,982.6,982.6,4.8,4.2,4.5
"2026/02/10","2026/02/13","8237","松屋","東証およびＰＴＳ",,"確報",0,100,300,3200,8500,353700,-353400,0,226900,680700,7260800,19286500,802545300,-801864600,,,0,0,13600,0,0,12206000,47.2,4.3,4.3,4.3,52.7,44.8,48.5
"2026/02/10","2026/02/13","8242","Ｈ２Ｏリテイリング","東証およびＰＴＳ",,"確報",7900,200,16700,20900,0,29900,-13200,19390550,490900,40990150,51299050,0,73389550,-32399400,,,0,0,481500,0,0,481500,2.3,1.8,3.4,2.3,1.4,6.9,2.4
"2026/02/10","2026/02/13","8244","近鉄百貨店","東証およびＰＴＳ",,"確報",7300,11500,17900,500,0,22600,-4700,13439300,21171500,32953900,920500,0,41606600,-8652700,,,0,0,132600,0,0,132600,4.9,2.7,2.2,2.4,113.3,20.2,34.3
"2026/02/10","2026/02/13","8247","大和","東証およびＰＴＳ",,"確報",0,200,100,0,0,0,100,0,80000,40000,0,0,0,40000,,,0,0,0,0,0,0,4.8,9.5,3.2,4.8,0,0,0
"2026/02/10","2026/02/13","8252","丸井グループ","東証およびＰＴＳ",,"確報",700,2100,28600,0,0,8200,20400,2216900,6650700,90576200,0,0,25969400,64606800,,,0,0,0,360000,98400,0,43.7,71.5,42.9,53.6,31.3,20.9,25.1
"2026/02/10","2026/02/13","8253","クレディセゾン","東証およびＰＴＳ",,"確報",700,1400,2900,0,700,2900,0,3158400,6316800,13084800,0,3158400,13084800,0,,,0,0,0,57600,57600,0,4.5,3.4,3.4,3.4,5.7,7.4,6.4
"2026/02/10","2026/02/13","8254","さいか屋","東証およびＰＴＳ",,"確報",0,1400,18600,0,0,0,18600,0,546000,7254000,0,0,0,7254000,,,0,0,220000,0,0,0,8.9,8,10,8.9,0,0,0
"2026/02/10","2026/02/13","8255","アクシアル　リテ","東証およびＰＴＳ",,"確報",300,0,2800,700,0,2100,700,387900,0,3620400,905100,0,2715300,905100,,,0,0,55000,0,0,30800,9.2,18.1,11.2,13.8,6.3,6.3,6.3
"2026/02/10","2026/02/13","8260","井筒屋","東証およびＰＴＳ",,"確報",1200,0,560200,700,600,19900,540300,608400,0,284021400,354900,304200,10089300,273932100,,,0,0,1118000,0,0,39600,136.8,151.7,266.9,193.4,90.6,9.6,17.3
"2026/02/10","2026/02/13","8267","イオン","東証およびＰＴＳ",,"確報",19600,200,84400,23900,1800,214000,-129600,43512000,444000,187368000,53058000,3996000,475080000,-287712000,,,0,0,0,877500,2590650,0,6,10.6,2.6,4.1,5.4,43.2,9.7
"2026/02/10","2026/02/13","8273","イズミ","東証およびＰＴＳ",,"確報",0,2600,6700,0,2600,6700,0,0,8242000,21239000,0,8242000,21239000,0,,,0,0,372000,0,0,372000,5.8,5.4,10.4,7.1,3.5,8,4.8
"2026/02/10","2026/02/13","8275","フォーバル","東証およびＰＴＳ",,"確報",500,400,2600,100,0,2600,0,566500,453200,2945800,113300,0,2945800,0,,,0,0,10000,0,0,10000,15.8,9,25.2,13.3,11.5,63,19.4
"2026/02/10","2026/02/13","8276","平和堂","東証およびＰＴＳ",,"確報",0,1000,0,3100,100,35100,-35100,0,3060000,0,9486000,306000,107406000,-107406000,,,0,0,30000,0,0,963000,15.2,0,4,8,14.1,17.3,15.6
"2026/02/10","2026/02/13","8278","フジ","東証およびＰＴＳ",,"確報",200,500,31900,700,100,99900,-68000,430200,1075500,68616900,1505700,215100,214884900,-146268000,,,0,0,0,32200,99300,0,75.4,29.4,27.3,28.3,184.9,131.4,153.6
"2026/02/10","2026/02/13","8281","ゼビオＨＤ","東証およびＰＴＳ",,"確報",200,400,24700,300,0,35600,-10900,222000,444000,27417000,333000,0,39516000,-12099000,,,0,0,348600,0,0,494200,35.5,32.3,25.9,28.7,30.3,77.8,43.6
"2026/02/10","2026/02/13","8282","ケーズホールディング","東証およびＰＴＳ",,"確報",500,0,12900,200,6800,32700,-19800,828750,0,21381750,331500,11271000,54200250,-32818500,,,0,0,155000,0,0,491250,9,16.8,23.3,19.5,10.2,6.1,7.7
"2026/02/10","2026/02/13","8283","ＰＡＬＴＡＣ","東証およびＰＴＳ",,"確報",0,700,3800,1300,0,7700,-3900,0,3474800,18863200,6453200,0,38222800,-19359600,,,0,0,508500,0,0,723200,12,20.8,11.5,14.8,27.5,6.9,11
"2026/02/10","2026/02/13","8285","三谷産業","東証およびＰＴＳ",,"確報",26600,0,716600,10200,0,117800,598800,19338200,0,520968200,7415400,0,85640600,435327600,,,0,0,19320000,0,0,3012800,13.3,122.9,6.4,12.3,17.9,219,33.1
"2026/02/10","2026/02/13","8289","Ｏｌｙｍｐｉｃグルー","東証およびＰＴＳ",,"確報",0,500,3900,800,0,2000,1900,0,231000,1801800,369600,0,924000,877800,,,0,0,0,0,0,0,16.2,105,42,60,10.1,3.9,5.6
"2026/02/10","2026/02/13","8291","日産東京販売ＨＤ","東証およびＰＴＳ",,"確報",100,0,51900,300,600,19900,32000,53100,0,27558900,159300,318600,10566900,16992000,,,0,0,207200,0,0,80800,54.4,520.2,325.1,400.2,10.9,32,16.3
"2026/02/10","2026/02/13","8303","ＳＢＩ新生銀行","東証およびＰＴＳ",,"確報",414600,234300,2664400,0,0,0,2664400,842052600,475863300,5411396400,0,0,0,5411396400,,,0,0,0,149046000,0,0,10.3,16.1,7.5,10.3,0,0,0
"2026/02/10","2026/02/13","8304","あおぞら銀行","東証およびＰＴＳ",,"確報",0,1800,20100,1000,600,18300,1800,0,5205600,58129200,2892000,1735200,52923600,5205600,,,0,0,580350,0,0,474350,5.2,9.7,5.6,7.1,2.4,5.7,3.3
"2026/02/10","2026/02/13","8306","三菱ＵＦＪＦＧ","東証およびＰＴＳ",,"確報",26800,423000,2650300,46700,4900,687500,1962800,81311200,1283382000,8041010200,141687800,14866600,2085875000,5955135200,,,0,0,233057250,0,0,49396050,12.8,13.5,10.2,11.6,17.5,52.4,26.3
"2026/02/10","2026/02/13","8308","りそなＨＤ","東証およびＰＴＳ",,"確報",299100,14900,335200,19400,102000,270200,65000,645906450,32176550,723864400,41894300,220269000,583496900,140367500,,,0,0,2346000,0,0,16228800,3.1,1.4,2.5,1.8,5.7,5.8,5.8
"2026/02/10","2026/02/13","8309","三井住友トラストＧ","東証およびＰＴＳ",,"確報",3600,2200,69900,1400,0,69900,0,20390400,12460800,395913600,7929600,0,395913600,0,,,0,0,9453000,0,0,9453000,23.5,12.5,16.1,14.1,43.1,186.6,70
"2026/02/10","2026/02/13","8316","三井住友ＦＧ","東証およびＰＴＳ",,"確報",18200,20500,1378800,19500,9100,413200,965600,111638800,125747000,8457559200,119613000,55819400,2534568800,5922990400,,,0,0,207165000,0,0,60420000,28,80.7,21.4,33.8,12.4,25.9,16.7
"2026/02/10","2026/02/13","8331","千葉銀行","東証およびＰＴＳ",,"確報",5000,5700,55900,700,3300,43300,12600,11922500,13591650,133293550,1669150,7868850,103248850,30044700,,,0,0,0,1669700,1354050,0,8.5,6.5,7.2,6.8,15.1,9.8,11.8
"2026/02/10","2026/02/13","8334","群馬銀行","東証およびＰＴＳ",,"確報",4300,1900,23900,4400,0,23900,0,9745950,4306350,54169350,9972600,0,54169350,0,,,0,0,935250,0,0,848250,8.4,8.3,10.2,9.2,5.9,11.1,7.7
"2026/02/10","2026/02/13","8336","武蔵野銀行","東証およびＰＴＳ",,"確報",100,23000,7800,100,0,100,7700,625000,143750000,48750000,625000,0,625000,48125000,,,0,0,921000,0,0,0,1.7,2.4,1.3,1.7,9,3,4.5
"2026/02/10","2026/02/13","8337","千葉興業銀行","東証およびＰＴＳ",,"確報",0,200,5900,0,200,5900,0,0,467200,13782400,0,467200,13782400,0,,,0,0,652700,0,0,652700,20.8,17,14,15.4,40.4,26.9,32.3
"2026/02/10","2026/02/13","8338","筑波銀行","東証およびＰＴＳ",,"確報",19400,45500,263700,5000,31100,263700,0,13308400,31213000,180898200,3430000,21334600,180898200,0,,,0,0,0,0,0,0,12.4,10.8,8.8,9.7,38.6,11,17.1
"2026/02/10","2026/02/13","8341","七十七銀行","東証およびＰＴＳ",,"確報",100,500,7100,0,400,7100,0,955500,4777500,67840500,0,3822000,67840500,0,,,0,0,982500,0,0,982500,10.5,16.2,11.8,13.6,7.5,9,8.2
"2026/02/10","2026/02/13","8343","秋田銀行","東証およびＰＴＳ",,"確報",20200,13600,55600,0,10400,55600,0,110696000,74528000,304688000,0,56992000,304688000,0,,,0,0,0,490000,660000,0,5.7,3.3,4.9,4,7,13.8,9.2
"2026/02/10","2026/02/13","8344","山形銀行","東証およびＰＴＳ",,"確報",19600,1400,56600,47900,5600,123600,-67000,52371200,3740800,151235200,127988800,14963200,330259200,-179024000,,,0,0,7680000,0,0,16260000,6.2,3.9,24.4,6.8,3.6,17.2,5.9
"2026/02/10","2026/02/13","8345","岩手銀行","東証およびＰＴＳ",,"確報",0,300,3800,0,100,700,3100,0,2037000,25802000,0,679000,4753000,21049000,,,0,0,246000,0,0,48000,22.6,72.7,16.8,27.3,21,8.4,12
"2026/02/10","2026/02/13","8346","東邦銀行","東証およびＰＴＳ",,"確報",22900,129900,147600,800,300,269700,-122100,16648300,94437300,107305200,581600,218100,196071900,-88766700,,,0,0,6365000,0,0,6730000,7.9,3.3,3.2,3.2,501,32.3,60.6
"2026/02/10","2026/02/13","8349","東北銀行","東証およびＰＴＳ",,"確報",1400,0,5100,1700,0,4400,700,2333800,0,8501700,2833900,0,7334800,1166900,,,0,0,99900,0,0,72900,6,7.3,8.6,7.9,3.9,5.5,4.6
"2026/02/10","2026/02/13","8354","ふくおかＦＧ","東証およびＰＴＳ",,"確報",3700,3200,13000,800,300,13000,0,26173800,22636800,91962000,5659200,2122200,91962000,0,,,0,0,0,187500,187500,0,6.3,6,6.5,6.3,4,13.6,6.2
"2026/02/10","2026/02/13","8358","スルガ銀行","東証およびＰＴＳ",,"確報",30900,118000,32200,1700,1000,32200,0,66342300,253346000,69133400,3649900,2147000,69133400,0,,,0,0,3221100,0,0,850500,2.3,2,1.2,1.5,24.5,18,20.8
"2026/02/10","2026/02/13","8359","八十二長野銀行","東証およびＰＴＳ",,"確報",0,1500,29700,100,800,11600,18100,0,3210000,63558000,214000,1712000,24824000,38734000,,,0,0,218400,0,0,86100,8.2,9.2,7.6,8.4,9.6,6.8,7.9
"2026/02/10","2026/02/13","8360","山梨中央銀行","東証およびＰＴＳ",,"確報",0,4800,14600,0,1100,18300,-3700,0,26928000,81906000,0,6171000,102663000,-20757000,,,0,0,2522000,0,0,2522000,14,11.2,7.8,9.2,171.3,12.9,23.9
"2026/02/10","2026/02/13","8361","大垣共立銀行","東証およびＰＴＳ",,"確報",3400,0,17300,0,3900,8300,9000,21828000,0,111066000,0,25038000,53286000,57780000,,,0,0,1390000,0,0,1220000,12.7,13.8,14.9,14.3,51,6.2,11.1
"2026/02/10","2026/02/13","8362","福井銀行","東証およびＰＴＳ",,"確報",1900,5400,15300,200,900,19000,-3700,6374500,18117000,51331500,671000,3019500,63745000,-12413500,,,0,0,376000,0,0,394000,9.5,6.6,11.2,8.3,12.2,9.3,10.6
"2026/02/10","2026/02/13","8364","清水銀行","東証およびＰＴＳ",,"確報",1500,0,280400,0,500,31000,249400,4368000,0,816524800,0,1456000,90272000,726252800,,,0,0,23427600,0,0,2646000,390.8,665.8,776.7,717,0,40.3,80.5
"2026/02/10","2026/02/13","8365","富山銀行","東証およびＰＴＳ",,"確報",0,1900,28900,400,2300,28900,0,0,4710100,71643100,991600,5701700,71643100,0,,,0,0,924000,0,0,924000,29.7,26.3,16.8,20.5,131.3,34.3,54.3
"2026/02/10","2026/02/13","8366","滋賀銀行","東証およびＰＴＳ",,"確報",2600,18700,11300,700,600,27500,-16200,23790000,171105000,103395000,6405000,5490000,251625000,-148230000,,,0,0,5206000,0,0,5206000,5.5,2.9,1.7,2.2,42.7,21,28.2
"2026/02/10","2026/02/13","8367","南都銀行","東証およびＰＴＳ",,"確報",700,700,9700,200,200,9700,0,5194000,5194000,71974000,1484000,1484000,71974000,0,,,0,0,97000,0,0,97000,5.4,5.3,2.6,3.5,12.3,11.1,11.7
"2026/02/10","2026/02/13","8368","百五銀行","東証およびＰＴＳ",,"確報",82800,89000,199200,3300,9500,199200,0,131569200,141421000,316528800,5243700,15095500,316528800,0,,,0,0,2464800,0,0,2464800,6,3.4,3.1,3.3,62.6,23.5,34.2
"2026/02/10","2026/02/13","8370","紀陽銀行","東証およびＰＴＳ",,"確報",900,300,13800,600,0,13800,0,3807000,1269000,58374000,2538000,0,58374000,0,,,0,0,528000,0,0,528000,18.3,16.5,12,13.9,41.1,20.6,27.4
"2026/02/10","2026/02/13","8377","ほくほくＦＧ","東証およびＰＴＳ",,"確報",1000,3700,27300,300,3000,27300,0,6264000,23176800,171007200,1879200,18792000,171007200,0,,,0,0,2880000,0,0,2880000,14.6,17.9,11.1,13.7,21,12.3,15.5
"2026/02/10","2026/02/13","8381","山陰合同銀行","東証およびＰＴＳ",,"確報",800,700,11600,600,0,9000,2600,1412000,1235500,20474000,1059000,0,15885000,4589000,,,0,0,299000,0,0,218400,16.6,13.7,26.2,18,9.7,32.2,14.8
"2026/02/10","2026/02/13","8383","鳥取銀行","東証およびＰＴＳ",,"確報",0,200,3400,1100,0,3400,0,0,393400,6687800,2163700,0,6687800,0,,,0,0,198000,0,0,126500,16.6,26.4,18.5,21.8,14.9,11.7,13.1
"2026/02/10","2026/02/13","8386","百十四銀行","東証およびＰＴＳ",,"確報",1400,0,9700,100,600,4100,5600,13608000,0,94284000,972000,5832000,39852000,54432000,,,0,0,166000,0,0,92000,10.4,9.3,26.6,13.7,11.7,5.7,7.7
"2026/02/10","2026/02/13","8387","四国銀行","東証およびＰＴＳ",,"確報",800,200,17800,100,0,4100,13700,1895200,473800,42168200,236900,0,9712900,32455300,,,0,0,0,240800,56000,0,22,10.6,110.7,19.4,51.3,41,45.6
"2026/02/10","2026/02/13","8388","阿波銀行","東証およびＰＴＳ",,"確報",100,300,12600,300,500,12600,0,589000,1767000,74214000,1767000,2945000,74214000,0,,,0,0,0,0,0,0,20.2,26.9,16.1,20.2,26.9,16.1,20.2
"2026/02/10","2026/02/13","8392","大分銀行","東証およびＰＴＳ",,"確報",0,3500,10200,100,3600,10200,0,0,33460000,97512000,956000,34416000,97512000,0,,,0,0,0,411000,411000,0,7.9,15,5.8,8.4,12.1,5.3,7.4
"2026/02/10","2026/02/13","8393","宮崎銀行","東証およびＰＴＳ",,"確報",800,0,26000,0,1800,4500,21500,7160000,0,232700000,0,16110000,40275000,192425000,,,0,0,0,2772000,693000,0,36.1,66.1,418.3,114.1,17.5,7.1,10.1
"2026/02/10","2026/02/13","8395","佐賀銀行","東証およびＰＴＳ",,"確報",6600,0,133500,900,0,900,132600,33396000,0,675510000,4554000,0,4554000,670956000,,,0,0,0,10152000,0,0,45.3,68.8,35.4,46.7,1,0,2
"2026/02/10","2026/02/13","8399","琉球銀行","東証およびＰＴＳ",,"確報",1800,2600,9400,100,1900,8400,1000,4431600,6401200,23142800,246200,4677800,20680800,2462000,,,0,0,122400,0,0,122400,9.2,8.7,6.4,7.3,19.9,9,12.3
"2026/02/10","2026/02/13","8410","セブン銀行","東証およびＰＴＳ",,"確報",25800,20200,210800,12300,1400,48100,162700,7763220,6078180,63429720,3701070,421260,14473290,48956430,,,0,0,1005480,0,0,182280,11.4,12.2,22.2,15.7,21.5,4.5,7.5
"2026/02/10","2026/02/13","8411","みずほＦＧ","東証およびＰＴＳ",,"確報",6300,6600,247100,5000,39000,29400,217700,49253400,51598800,1931827800,39090000,304902000,229849200,1701978600,,,0,0,64076600,0,0,16420600,13.3,31.2,19.9,24.3,4.4,3.1,3.6
"2026/02/10","2026/02/13","8416","高知銀行","東証およびＰＴＳ",,"確報",200,6300,23700,0,6100,23700,0,253400,7982100,30027900,0,7728700,30027900,0,,,0,0,0,1221800,1221800,0,5.4,4.9,4.4,4.6,4.4,13.1,6.6
"2026/02/10","2026/02/13","8418","山口ＦＧ","東証およびＰＴＳ",,"確報",0,2700,16200,200,2900,16200,0,0,7400700,44404200,548200,7948900,44404200,0,,,0,0,0,75600,75600,0,8.4,5.9,6.4,6.1,12.4,14.6,13.4
"2026/02/10","2026/02/13","8421","信金中央金庫","東証およびＰＴＳ",,"確報",6,0,21,0,1,431,-410,1170000,0,4095000,0,195000,84045000,-79950000,,,0,0,22500,0,0,648000,78.2,3.7,3.9,3.8,0,2159,4318
"2026/02/10","2026/02/13","8424","芙蓉総合リース","東証およびＰＴＳ",,"確報",2100,1400,8300,1200,500,8300,0,9632700,6421800,38072100,5504400,2293500,38072100,0,,,0,0,342000,0,0,342000,2.2,4.1,2.8,3.3,2.2,1.4,1.7
"2026/02/10","2026/02/13","8425","みずほリース","東証およびＰＴＳ",,"確報",1000,0,21100,0,1700,5500,15600,1514000,0,31945400,0,2573800,8327000,23618400,,,0,0,562800,0,0,201600,14.2,8.6,44,14.4,38.6,8.5,13.9
"2026/02/10","2026/02/13","8439","東京センチュリー","東証およびＰＴＳ",,"確報",3800,800,37900,23800,500,33500,4400,8413200,1771200,83910600,52693200,1107000,74169000,9741600,,,0,0,977200,0,0,285600,9.4,28.5,96.6,44,3.8,4.8,4.3
"2026/02/10","2026/02/13","8473","ＳＢＩＨＤ","東証およびＰＴＳ",,"確報",600,370700,2742500,0,0,200,2742300,2163000,1336373500,9886712500,0,0,721000,9885991500,,,0,0,289471800,0,0,18600,31.3,31.4,31.3,31.3,4,0,8
"2026/02/10","2026/02/13","8508","Ｊトラスト","東証およびＰＴＳ",,"確報",0,1300,78400,0,400,3900,74500,0,626600,37788800,0,192800,1879800,35909000,,,0,0,557900,0,0,30100,2.3,18.7,1.2,2.2,20.1,7.4,10.9
"2026/02/10","2026/02/13","8511","日本証券金融","東証およびＰＴＳ",,"確報",600,4700,37200,0,6800,58200,-21000,1327200,10396400,82286400,0,15041600,128738400,-46452000,,,0,0,0,0,0,0,35,19.8,29.6,23.8,77.3,36,49.1
"2026/02/10","2026/02/13","8515","アイフル","東証およびＰＴＳ",,"確報",27800,333500,372500,1800,20600,13300,359200,15456800,185426000,207110000,1000800,11453600,7394800,199715200,,,0,0,678200,0,0,32100,4.4,6,3.4,4.3,21.8,5.5,8.8
"2026/02/10","2026/02/13","8518","日本アジア投資","東証およびＰＴＳ",,"確報",0,900,82800,0,0,0,82800,0,180900,16642800,0,0,0,16642800,,,0,0,334800,0,0,0,141.9,266.1,96.8,141.9,0,0,0
"2026/02/10","2026/02/13","8522","名古屋銀行","東証およびＰＴＳ",,"確報",0,3300,12500,0,0,8000,4500,0,19602000,74250000,0,0,47520000,26730000,,,0,0,948000,0,0,480000,25.4,23.1,13,16.6,402,402,402
"2026/02/10","2026/02/13","8524","北洋銀行","東証およびＰＴＳ",,"確報",39100,201200,372900,300,1000,534300,-161400,39686500,204218000,378493500,304500,1015000,542314500,-163821000,,,0,0,8025000,0,0,8025000,8.3,4.7,3.7,4.1,86.7,384.9,141.5
"2026/02/10","2026/02/13","8537","大光銀行","東証およびＰＴＳ",,"確報",1000,700,23400,0,200,1300,22100,2577000,1803900,60301800,0,515400,3350100,56951700,,,0,0,438900,0,0,28500,32.1,27.4,52.3,35.9,10,14,11.7
"2026/02/10","2026/02/13","8541","愛媛銀行","東証およびＰＴＳ",,"確報",32300,6300,42000,1700,0,40600,1400,61789900,12051900,80346000,3252100,0,77667800,2678200,,,0,0,320000,0,0,778000,4.4,2.2,2.1,2.1,125.6,16.1,28.5
"2026/02/10","2026/02/13","8542","トマト銀行","東証およびＰＴＳ",,"確報",100,300,2400,200,400,2400,0,184800,554400,4435200,369600,739200,4435200,0,,,0,0,36400,0,0,36400,4.7,6.2,4.7,5.4,4.6,3.7,4.1
"2026/02/10","2026/02/13","8544","京葉銀行","東証およびＰＴＳ",,"確報",25100,5000,69000,14100,0,69000,0,56575400,11270000,155526000,31781400,0,155526000,0,,,0,0,5770200,0,0,6478200,4.5,3.4,1.7,2.3,18.9,26.3,22
"2026/02/10","2026/02/13","8550","栃木銀行","東証およびＰＴＳ",,"確報",6300,400,81500,500,4500,55600,25900,6520500,414000,84352500,517500,4657500,57546000,26806500,,,0,0,2268000,0,0,1788000,16.2,29.1,10.4,15.3,28.7,12.7,17.6
"2026/02/10","2026/02/13","8551","北日本銀行","東証およびＰＴＳ",,"確報",1800,42600,2600,300,200,2600,0,9342000,221094000,13494000,1557000,1038000,13494000,0,,,0,0,2604000,0,0,150000,1.6,2,1.1,1.4,27.2,12.4,17
"2026/02/10","2026/02/13","8558","東和銀行","東証およびＰＴＳ",,"確報",0,2900,35300,0,1800,22700,12600,0,3488700,42465900,0,2165400,27308100,15157800,,,0,0,0,191000,122500,0,26.9,82.3,34.4,48.5,15.5,16.9,16.2
"2026/02/10","2026/02/13","8562","福島銀行","東証およびＰＴＳ",,"確報",133200,19400,297800,3900,3700,408800,-111000,53546400,7798800,119715600,1567800,1487400,164337600,-44622000,,,0,0,0,1104000,2451600,0,15.7,3.9,31.2,6.9,23.1,88.9,36.7
"2026/02/10","2026/02/13","8563","大東銀行","東証およびＰＴＳ",,"確報",10500,1400,111500,2200,0,34500,77000,11896500,1586200,126329500,2492600,0,39088500,87241000,,,0,0,921600,0,0,290700,20.9,25.3,92,39.6,4,73.9,7.7
"2026/02/10","2026/02/13","8566","リコーリース","東証およびＰＴＳ",,"確報",0,700,2200,0,1000,15900,-13700,0,4354000,13684000,0,6220000,98898000,-85214000,,,0,0,348000,0,0,2028000,14.9,3.2,3.5,3.3,440.5,18.7,36
"2026/02/10","2026/02/13","8570","イオンＦＳ","東証およびＰＴＳ",,"確報",3500,600,35000,3100,200,35000,0,6284250,1077300,62842500,5566050,359100,62842500,0,,,0,0,593850,0,0,593850,18.2,18.8,15,16.7,23.3,17.7,20.1
"2026/02/10","2026/02/13","8572","アコム","東証およびＰＴＳ",,"確報",1400,12400,98000,0,9100,39100,58900,722120,6395920,50548400,0,4693780,20167780,30380620,,,0,0,0,381500,168700,0,22.1,225.3,12.4,23.5,22.3,16.8,19.1
"2026/02/10","2026/02/13","8584","ジャックス","東証およびＰＴＳ",,"確報",300,2800,12100,0,2500,12100,0,1293000,12068000,52151000,0,10775000,52151000,0,,,0,0,0,0,0,0,4.2,3.3,2.6,2.9,17,12.6,14.5
"2026/02/10","2026/02/13","8585","オリエントコーポ","東証およびＰＴＳ",,"確報",1900,2100,26300,0,2100,21800,4500,2196400,2427600,30402800,0,2427600,25200800,5202000,,,0,0,0,26500,23900,0,31,23.2,31.5,26.7,73.2,25.5,37.8
"2026/02/10","2026/02/13","8591","オリックス","東証およびＰＴＳ",,"確報",0,15800,60400,7000,800,9300,51100,0,85778200,327911600,38003000,4343200,50489700,277421900,,,0,0,30251400,0,0,1230700,10.3,16.6,9.8,12.3,1.4,7.3,2.3
"2026/02/10","2026/02/13","8593","三菱ＨＣキャピタル","東証およびＰＴＳ",,"確報",109200,500,198900,0,1500,61600,137300,161070000,737500,293377500,0,2212500,90860000,202517500,,,0,0,3021700,0,0,2113850,9.6,4.7,12.5,6.8,85.2,35,49.6
"2026/02/10","2026/02/13","8595","ジャフコ　グループ","東証およびＰＴＳ",,"確報",0,2500,23300,0,2500,23300,0,0,6262500,58366500,0,6262500,58366500,0,,,0,0,0,51600,51600,0,15.9,10.2,17.8,13,14.4,36.2,20.6
"2026/02/10","2026/02/13","8596","九州リースサービス","東証およびＰＴＳ",,"確報",0,800,3700,300,0,3000,700,0,1219200,5638800,457200,0,4572000,1066800,,,0,0,216000,0,0,129600,14.2,19.9,8.9,12.3,28.8,13.3,18.2
"2026/02/10","2026/02/13","8600","トモニＨＤ","東証およびＰＴＳ",,"確報",6900,8300,35900,700,25600,12400,23500,6444600,7752200,33530600,653800,23910400,11581600,21949000,,,0,0,0,1156300,1156300,0,5.4,13.8,5.4,7.7,3.3,3.8,3.5
"2026/02/10","2026/02/13","8601","大和証券グループ本社","東証およびＰＴＳ",,"確報",10400,5500,75800,27700,500,111700,-35900,17357600,9179500,126510200,46231300,834500,186427300,-59917100,,,0,0,2694200,0,0,3211000,5.3,4.5,3.8,4.1,6.1,8.6,7.1
"2026/02/10","2026/02/13","8604","野村ホールディングス","東証およびＰＴＳ",,"確報",5600,118100,482200,1800,1000,281600,200600,8078000,170359250,695573500,2596500,1442500,406208000,289365500,,,0,0,18138350,0,0,8564400,10.2,8.1,7.7,7.9,51.2,33.9,40.8
"2026/02/10","2026/02/13","8609","岡三証券グループ","東証およびＰＴＳ",,"確報",21900,1200,92600,2000,100,108300,-15700,21330600,1168800,90192400,1948000,97400,105484200,-15291800,,,0,0,1653700,0,0,2447200,11.4,5.3,33.6,9.1,28.1,9.4,14.1
"2026/02/10","2026/02/13","8613","丸三証券","東証およびＰＴＳ",,"確報",12800,0,45700,5300,0,45700,0,14105600,0,50361400,5840600,0,50361400,0,,,0,0,658000,0,0,808000,9.7,8.6,7.6,8.1,18,9,12
"2026/02/10","2026/02/13","8614","東洋証券","東証およびＰＴＳ",,"確報",0,15500,439900,12700,0,186400,253500,0,11842000,336083600,9702800,0,142409600,193674000,,,0,0,5009400,0,0,1910700,12.6,7.4,28.2,11.8,10.4,28.5,15.2
"2026/02/10","2026/02/13","8616","東海東京ＦＨＤ","東証およびＰＴＳ",,"確報",0,8800,42400,4200,0,63100,-20700,0,6802400,32775200,3246600,0,48776300,-16001100,,,0,0,460800,0,0,530100,7.8,5.8,17.3,8.7,7.1,7.4,7.2
"2026/02/10","2026/02/13","8617","光世証券","東証およびＰＴＳ",,"確報",200,900,44700,0,2800,51100,-6400,112600,506700,25166100,0,1576400,28769300,-3603200,,,0,0,181600,0,0,215600,8.4,3.5,4.7,4,70.8,54.5,61.6
"2026/02/10","2026/02/13","8622","水戸証券","東証およびＰＴＳ",,"確報",60500,22000,156200,0,27600,126900,29300,38538500,14014000,99499400,0,17581200,80835300,18664100,,,0,0,1059300,0,0,1390500,8.1,4.2,6,4.9,19.4,22.1,20.7
"2026/02/10","2026/02/13","8624","いちよし証券","東証およびＰＴＳ",,"確報",0,1700,17200,2300,4100,117100,-99900,0,2335800,23632800,3160200,5633400,160895400,-137262600,,,0,0,359100,0,0,2259100,18.1,46.1,6.7,11.7,24.3,17.5,20.3
"2026/02/10","2026/02/13","8628","松井証券","東証およびＰＴＳ",,"確報",107800,53600,180500,0,23700,180500,0,101978800,50705600,170753000,0,22420200,170753000,0,,,0,0,1515600,0,0,2450400,5.7,2.8,2.9,2.8,34.9,28.9,31.6
"2026/02/10","2026/02/13","8630","ＳＯＭＰＯＨＤ","東証およびＰＴＳ",,"確報",500,4500,6700,2400,100,6700,0,2979000,26811000,39918600,14299200,595800,39918600,0,,,0,0,588500,0,0,242000,4.9,8.6,3.3,4.8,3.5,8.9,5.1
"2026/02/10","2026/02/13","8697","日本取引所グループ","東証およびＰＴＳ",,"確報",5300,33700,41000,36000,2600,198000,-157000,9643350,61317150,74599500,65502000,4730700,360261000,-285661500,,,0,0,6384800,0,0,15143200,4.9,2.7,2.1,2.3,9.2,11.4,10.2
"2026/02/10","2026/02/13","8698","マネックスグループ","東証およびＰＴＳ",,"確報",9100,48200,980600,0,0,0,980600,6606600,34993200,711915600,0,0,0,711915600,,,0,0,11216700,0,0,0,36.2,148.6,20.6,36.2,0,0,0
"2026/02/10","2026/02/13","8699","ＨＳホールディングス","東証およびＰＴＳ",,"確報",600,587400,8600,200,0,400,8200,772200,755983800,11068200,257400,0,514800,10553400,,,0,0,0,11908000,4000,0,8.1,2989.1,4.1,8.1,7,4.7,5.6
"2026/02/10","2026/02/13","8700","丸八証券","東証およびＰＴＳ",,"確報",0,0,3100,0,0,0,3100,0,0,5524200,0,0,0,5524200,,,0,0,0,31000,0,0,73,48.7,146,73,0,0,0
"2026/02/10","2026/02/13","8704","トレイダーズＨＤ","東証およびＰＴＳ",,"確報",0,800,58800,0,0,400,58400,0,842400,61916400,0,0,421200,61495200,,,0,0,1251600,0,0,8400,54.2,0,42.5,85.1,2.4,2.8,2.6
"2026/02/10","2026/02/13","8705","日産証券グループ","東証およびＰＴＳ",,"確報",1700,6900,136400,0,14200,136400,0,375700,1524900,30144400,0,3138200,30144400,0,,,0,0,141600,0,0,150600,22.7,18,12.8,14.9,857,20.2,39.5
"2026/02/10","2026/02/13","8706","極東証券","東証およびＰＴＳ",,"確報",500,3900,9900,0,4600,8700,1200,892500,6961500,17671500,0,8211000,15529500,2142000,,,0,0,266000,0,0,266000,7,8.4,8.1,8.3,5.2,7.2,6
"2026/02/10","2026/02/13","8707","岩井コスモＨＤ","東証およびＰＴＳ",,"確報",200,0,5200,500,300,5200,0,767000,0,19942000,1917500,1150500,19942000,0,,,0,0,250000,0,0,250000,6.8,5.6,5,5.2,8.4,26.3,12.7
"2026/02/10","2026/02/13","8708","アイザワ証券グループ","東証およびＰＴＳ",,"確報",400,7200,27200,4500,500,102200,-75000,589600,10612800,40092800,6633000,737000,150642800,-110550000,,,0,0,952000,0,0,2749600,56.6,42.3,14.5,21.6,89.7,224.1,128.1
"2026/02/10","2026/02/13","8713","フィデアＨＤ","東証およびＰＴＳ",,"確報",100,700,24200,100,700,24200,0,223800,1566600,54159600,223800,1566600,54159600,0,,,0,0,372000,0,0,372000,20.1,12.1,31.3,17.5,14.8,59.4,23.7
"2026/02/10","2026/02/13","8714","池田泉州ＨＤ","東証およびＰＴＳ",,"確報",5000,3900,137000,1800,700,137000,0,4650000,3627000,127410000,1674000,651000,127410000,0,,,0,0,679500,0,0,679500,19.1,10.3,12.8,11.4,38.2,136.8,59.7
"2026/02/10","2026/02/13","8715","アニコムＨＤ","東証およびＰＴＳ",,"確報",7100,400,64200,2300,108800,124600,-60400,7597000,428000,68694000,2461000,116416000,133322000,-64628000,,,0,0,2530000,0,0,10168400,7.7,13.7,24.6,17.6,7.1,5.8,6.4
"2026/02/10","2026/02/13","8725","ＭＳ＆ＡＤ","東証およびＰＴＳ",,"確報",3600,10100,95200,100,300,11900,83300,15044400,42207900,397840800,417900,1253700,49730100,348110700,,,0,0,2440800,0,0,290400,18.8,59.4,18.5,28.3,3.1,2.9,3
"2026/02/10","2026/02/13","8729","ソニーＦＧ","東証およびＰＴＳ",,"確報",55400,404500,5931400,0,0,0,5931400,8664560,63263800,927670960,0,0,0,927670960,,,0,0,18841500,0,0,0,27.5,39.2,21.2,27.5,0,0,0
"2026/02/10","2026/02/13","8737","あかつき本社","東証およびＰＴＳ",,"確報",100,200,18100,0,0,0,18100,66000,132000,11946000,0,0,0,11946000,,,0,0,364000,0,0,0,27.9,15.5,139.3,27.9,0,0,0
"2026/02/10","2026/02/13","8739","スパークス・グループ","東証およびＰＴＳ",,"確報",0,3200,15000,2100,3600,61800,-46800,0,6592000,30900000,4326000,7416000,127308000,-96408000,,,0,0,273000,0,0,949500,26,107.8,8.3,15.4,26.7,47.7,34.2
"2026/02/10","2026/02/13","8742","小林洋行","東証およびＰＴＳ",,"確報",3100,0,64300,5000,400,64300,0,1509700,0,31314100,2435000,194800,31314100,0,,,0,0,734400,0,0,716400,52.4,79.2,617.4,140.3,17,190.4,31.2
"2026/02/10","2026/02/13","8746","ｕｎｂａｎｋｅｄ","東証およびＰＴＳ",,"確報",5400,945100,61700,0,0,0,61700,2732400,478220600,31220200,0,0,0,31220200,,,0,0,0,7009800,0,0,4.1,9.5,2.6,4.1,0,0,0
"2026/02/10","2026/02/13","8747","豊トラスティ証券","東証およびＰＴＳ",,"確報",0,0,14900,0,0,0,14900,0,0,45445000,0,0,0,45445000,,,0,0,745000,0,0,0,29,31.4,27,29,0,0,0
"2026/02/10","2026/02/13","8750","第一生命ＨＤ","東証およびＰＴＳ",,"確報",113200,10100,138500,171900,3100,448100,-309600,167988800,14988400,205534000,255099600,4600400,664980400,-459446400,,,0,0,1008900,0,0,7960050,4.3,1.7,2.9,2.1,3.4,27,6.1
"2026/02/10","2026/02/13","8766","東京海上ＨＤ","東証およびＰＴＳ",,"確報",3200,4200,120600,1600,16100,87800,32800,20038400,26300400,755197200,10019200,100818200,549803600,205393600,,,0,0,16294400,0,0,13708200,13,30.1,9.7,14.6,7.6,17.2,10.6
"2026/02/10","2026/02/13","8769","アドバンテッジリスク","東証およびＰＴＳ",,"確報",200,2700,28700,100,2600,28700,0,125400,1692900,17994900,62700,1630200,17994900,0,,,0,0,312000,0,0,312000,21.8,40.7,14.3,21.2,45.4,14.9,22.4
"2026/02/10","2026/02/13","8771","イー・ギャランティ","東証およびＰＴＳ",,"確報",200,0,33700,0,600,24000,9700,362400,0,61064400,0,1087200,43488000,17576400,,,0,0,737000,0,0,541200,12.7,4.8,14.5,7.2,410,72.4,123
"2026/02/10","2026/02/13","8772","アサックス","東証およびＰＴＳ",,"確報",0,0,7800,0,0,0,7800,0,0,7277400,0,0,0,7277400,,,0,0,23400,0,0,0,94.5,47.3,0,94.5,0,0,0
"2026/02/10","2026/02/13","8783","ａｂｃ","東証およびＰＴＳ",,"確報",0,0,34400,0,0,0,34400,0,0,8256000,0,0,0,8256000,,,0,0,275200,0,0,0,434,0,217,434,0,0,0
"2026/02/10","2026/02/13","8789","フィンテック","東証およびＰＴＳ",,"確報",10000,56100,484900,0,1400,77900,407000,1620000,9088200,78553800,0,226800,12619800,65934000,,,0,0,2655000,0,0,396500,30.7,26,34,29.5,23.2,254.1,42.6
"2026/02/10","2026/02/13","8793","ＮＥＣキャピタル","東証およびＰＴＳ",,"確報",300,200,3400,100,0,3400,0,1284000,856000,14552000,428000,0,14552000,0,,,0,0,297000,0,0,297000,11.4,7.1,7.7,7.4,22.1,29.5,25.3
"2026/02/10","2026/02/13","8795","Ｔ＆ＤＨＤ","東証およびＰＴＳ",,"確報",21200,0,22000,5400,4100,59500,-37500,88658400,0,92004000,22582800,17146200,248829000,-156825000,,,0,0,32800,0,0,2386200,4,1,1.5,1.2,10.6,8.4,9.4
"2026/02/10","2026/02/13","8798","アドバンスクリエイト","東証およびＰＴＳ",,"確報",28000,13400,80000,0,0,0,80000,6860000,3283000,19600000,0,0,0,19600000,,,0,0,2943000,0,0,0,12.2,9.2,18.2,12.2,0,0,0
"2026/02/10","2026/02/13","8801","三井不動産","東証およびＰＴＳ",,"確報",53000,21800,189800,18200,71300,360700,-170900,110876000,45605600,397061600,38074400,149159600,754584400,-357522800,,,0,0,11815700,0,0,30828100,5.4,3.6,4.3,3.9,4.9,13.6,7.2
"2026/02/10","2026/02/13","8802","三菱地所","東証およびＰＴＳ",,"確報",42200,23600,78100,6300,20000,45800,32300,208003800,116324400,384954900,31052700,98580000,225748200,159206700,,,0,0,27548500,0,0,27548500,4.9,3.3,7.2,4.6,4.8,5.9,5.2
"2026/02/10","2026/02/13","8803","平和不動産","東証およびＰＴＳ",,"確報",300,4100,34100,2300,800,57400,-23300,744900,10180300,84670300,5710900,1986400,142524200,-57853900,,,0,0,1402300,0,0,2068300,25.9,33.6,15.9,21.6,20.4,57.3,30
"2026/02/10","2026/02/13","8804","東京建物","東証およびＰＴＳ",,"確報",6100,100,20100,1100,2300,38500,-18400,25290600,414600,83334600,4560600,9535800,159621000,-76286400,,,0,0,2679000,0,0,7543000,14.2,6,11.8,8,16.9,29.6,21.5
"2026/02/10","2026/02/13","8818","京阪神ビルディング","東証およびＰＴＳ",,"確報",0,800,14700,100,600,65200,-50500,0,1641600,30164400,205200,1231200,133790400,-103626000,,,0,0,511500,0,0,2168100,69.6,16.3,30,21.1,221,100.5,138.1
"2026/02/10","2026/02/13","8830","住友不動産","東証およびＰＴＳ",,"確報",16800,10600,62600,300,15000,41700,20900,85999200,54261400,320449400,1535700,76785000,213462300,106987100,,,0,0,12295200,0,0,12295200,5.3,3.1,8.6,4.5,12.4,4.3,6.4
"2026/02/10","2026/02/13","8835","太平洋興発","東証およびＰＴＳ",,"確報",0,0,14300,0,0,14300,0,0,0,13184600,0,0,13184600,0,,,0,0,85800,0,0,85800,119.8,89.9,89.9,89.9,179.8,179.8,179.8
"2026/02/10","2026/02/13","8836","ＲＩＳＥ","東証およびＰＴＳ",,"確報",0,0,0,0,0,0,0,0,0,0,0,0,0,0,,,0,0,0,0,0,0,0,0,0,0,0,0,0
"2026/02/10","2026/02/13","8841","テーオーシー","東証およびＰＴＳ",,"確報",11400,0,49800,800,0,116300,-66500,9940800,0,43425600,697600,0,101413600,-57988000,,,0,0,844800,0,0,2541000,49.7,8.2,129.4,15.4,491,93.5,157.1
"2026/02/10","2026/02/13","8844","コスモスイニシア","東証およびＰＴＳ",,"確報",800,4300,53800,300,0,2300,51500,972800,5228800,65420800,364800,0,2796800,62624000,,,0,0,0,3151500,110000,0,12.8,7.3,46.6,12.6,19.5,19.5,19.5
"2026/02/10","2026/02/13","8848","レオパレス２１","東証およびＰＴＳ",,"確報",4600,422700,241400,0,200,135600,105800,3298200,303075900,173083800,0,143400,97225200,75858600,,,0,0,5935500,0,0,1222200,3.7,4.2,2.1,2.8,72.6,370.8,121.4
"2026/02/10","2026/02/13","8850","スターツコーポ","東証およびＰＴＳ",,"確報",1100,400,3400,1800,0,18900,-15500,5577000,2028000,17238000,9126000,0,95823000,-78585000,,,0,0,54000,0,0,342000,14.1,6.5,6.2,6.3,16.8,20.1,18.3
"2026/02/10","2026/02/13","8860","フジ住宅","東証およびＰＴＳ",,"確報",100,200,3500,100,0,3300,200,82100,164200,2873500,82100,0,2709300,164200,,,0,0,14400,0,0,12800,10.3,14.9,5,7.5,41,14.9,21.9
"2026/02/10","2026/02/13","8864","空港施設","東証およびＰＴＳ",,"確報",100,700,12100,0,0,0,12100,104300,730100,12620300,0,0,0,12620300,,,0,0,203200,0,0,0,19.1,283,9.9,19.1,0,0,0
"2026/02/10","2026/02/13","8869","明和地所","東証およびＰＴＳ",,"確報",3400,10500,10600,2100,0,2100,8500,4148000,12810000,12932000,2562000,0,2562000,10370000,,,0,0,389400,0,0,0,6.6,12.8,4.9,7,1,0,2
"2026/02/10","2026/02/13","8871","ゴールドクレスト","東証およびＰＴＳ",,"確報",100,0,1300,0,500,20600,-19300,337500,0,4387500,0,1687500,69525000,-65137500,,,0,0,54000,0,0,949500,30.4,16.8,3.9,6.4,0,19.6,39.3
"2026/02/10","2026/02/13","8876","リログループ","東証およびＰＴＳ",,"確報",0,600,71600,4000,0,21100,50500,0,1103400,131672400,7356000,0,38802900,92869500,,,0,0,1588400,0,0,376200,47.3,451.9,55.6,99,16.5,16.8,16.7
"2026/02/10","2026/02/13","8877","エスリード","東証およびＰＴＳ",,"確報",200,0,1400,100,300,800,600,1430000,0,10010000,715000,2145000,5720000,4290000,,,0,0,168000,0,0,140000,5.9,7.7,6.8,7.2,3.1,7,4.3
"2026/02/10","2026/02/13","8881","日神グループＨＤ","東証およびＰＴＳ",,"確報",1400,11700,25800,1100,0,25800,0,1138200,9512100,20975400,894300,0,20975400,0,,,0,0,288800,0,0,197600,6.2,3.8,4.9,4.3,6.6,303,12.9
"2026/02/10","2026/02/13","8887","シーラＨＤ","東証およびＰＴＳ",,"確報",0,10800,111600,0,2000,167300,-55700,0,4438800,45867600,0,822000,68760300,-22892700,,,0,0,122400,0,0,169300,58.2,412.9,23.6,44.7,0,36.8,73.6
"2026/02/10","2026/02/13","8891","ＡＭＧＨＤ","東証およびＰＴＳ",,"確報",2100,100,12400,0,0,0,12400,5739300,273300,33889200,0,0,0,33889200,,,0,0,2943200,0,0,0,31.5,20.6,66.9,31.5,0,0,0
"2026/02/10","2026/02/13","8892","エスコン","東証およびＰＴＳ",,"確報",1300,1000,47800,300,0,47800,0,1540500,1185000,56643000,355500,0,56643000,0,,,0,0,950000,0,0,950000,62.2,39.4,50.5,44.2,80.2,141.6,102.4
"2026/02/10","2026/02/13","8894","ＲＥＶＯＬＵＴＩＯＮ","東証およびＰＴＳ",,"確報",300,3700,713700,0,0,0,713700,16500,203500,39253500,0,0,0,39253500,,,0,0,2151300,0,0,0,557.3,414.8,849.3,557.3,0,0,0
"2026/02/10","2026/02/13","8897","ミラースＨＤ","東証およびＰＴＳ",,"確報",2500,21500,44000,0,900,27800,16200,1040000,8944000,18304000,0,374400,11564800,6739200,,,0,0,1197000,0,0,545300,26.3,77.5,11.6,20.1,121.6,54,74.8
"2026/02/10","2026/02/13","8898","センチュリー２１","東証およびＰＴＳ",,"確報",0,0,100,0,0,0,100,0,0,113400,0,0,0,113400,,,0,0,400,0,0,0,0,0,0,0,0,0,0
"2026/02/10","2026/02/13","8904","ＡＶＡＮＴＩＡ","東証およびＰＴＳ",,"確報",0,100,5900,0,0,0,5900,0,87300,5150700,0,0,0,5150700,,,0,0,6000,0,0,0,77,154,51.3,77,0,0,0
"2026/02/10","2026/02/13","8908","毎日コムネット","東証およびＰＴＳ",,"確報",200,800,9100,0,0,900,8200,184600,738400,8399300,0,0,830700,7568600,,,0,0,77600,0,0,7200,33.5,39.8,34.1,36.8,13.7,20.5,16.4
"2026/02/10","2026/02/13","8912","エリアクエスト","東証およびＰＴＳ",,"確報",18400,0,65700,400,0,5500,60200,2925600,0,10446300,63600,0,874500,9571800,,,0,0,0,94600,10200,0,20.5,12.2,62.4,20.5,65,12.5,21
"2026/02/10","2026/02/13","8914","エリアリンク","東証およびＰＴＳ",,"確報",800,1900,60800,200,1300,60800,0,907200,2154600,68947200,226800,1474200,68947200,0,,,0,0,0,0,0,0,24,19.2,13.9,16.1,86.5,31.8,46.5
"2026/02/10","2026/02/13","8917","ファースト住建","東証およびＰＴＳ",,"確報",0,100,13100,0,700,4200,8900,0,122300,16021300,0,856100,5136600,10884700,,,0,0,211200,0,0,78400,55.1,218.3,655,327.5,0,9.4,18.7
"2026/02/10","2026/02/13","8918","ランド","東証およびＰＴＳ",,"確報",211900,0,2575700,0,0,0,2575700,2119000,0,25757000,0,0,0,25757000,,,0,0,2363800,0,0,0,89.5,49,514.1,89.5,0,0,0
"2026/02/10","2026/02/13","8919","カチタス","東証およびＰＴＳ",,"確報",900,18200,48100,0,34400,31000,17100,2889000,58422000,154401000,0,110424000,99510000,54891000,,,0,0,8175000,0,0,8175000,4.3,3,5.6,3.9,4.7,4.9,4.8
"2026/02/10","2026/02/13","8920","東祥","東証およびＰＴＳ",,"確報",1200,2300,14300,0,2100,14300,0,1118400,2143600,13327600,0,1957200,13327600,0,,,0,0,77000,0,0,82000,4,2.6,2.8,2.7,6.2,14.5,8.7
"2026/02/10","2026/02/13","8923","トーセイ","東証およびＰＴＳ",,"確報",0,900,6500,0,600,3500,3000,0,1488600,10751000,0,992400,5789000,4962000,,,0,0,214600,0,0,118900,20.2,47.6,11,17.8,31.5,27,29.1
"2026/02/10","2026/02/13","8927","明豊エンタープライズ","東証およびＰＴＳ",,"確報",100,0,29100,0,0,1000,28100,44600,0,12978600,0,0,446000,12532600,,,0,0,232000,0,0,8000,3.6,91.7,1.8,3.6,0,0,0
"2026/02/10","2026/02/13","8928","穴吹興産","東証およびＰＴＳ",,"確報",1300,300,2900,2600,0,2900,0,3049800,703800,6803400,6099600,0,6803400,0,,,0,0,28500,0,0,4500,5.6,8.1,14.3,10.4,1.2,18,2.3
"2026/02/10","2026/02/13","8929","青山財産ＮＷ","東証およびＰＴＳ",,"確報",300,300,11700,0,0,0,11700,445800,445800,17386200,0,0,0,17386200,,,0,0,304200,0,0,0,27.3,22,35.8,27.3,0,0,0
"2026/02/10","2026/02/13","8931","和田興産","東証およびＰＴＳ",,"確報",100,0,5100,0,0,300,4800,178100,0,9083100,0,0,534300,8548800,,,0,0,30000,0,0,1800,45.2,83.7,35.9,50.2,0,10,20
"2026/02/10","2026/02/13","8934","サンフロンティア","東証およびＰＴＳ",,"確報",37200,2300,73700,200,0,3500,70200,92628000,5727000,183513000,498000,0,8715000,174798000,,,0,0,3724800,0,0,316800,9.7,5.6,36.3,9.7,6.7,12.3,8.6
"2026/02/10","2026/02/13","8935","ＦＪネクストＨＤ","東証およびＰＴＳ",,"確報",100,400,5200,0,300,5200,0,180500,722000,9386000,0,541500,9386000,0,,,0,0,66000,0,0,66000,5.3,4.6,4.7,4.6,6.1,6.2,6.2
"2026/02/10","2026/02/13","8938","グロームＨＤ","東証およびＰＴＳ",,"確報",0,300,6500,0,0,0,6500,0,108000,2340000,0,0,0,2340000,,,0,0,108800,0,0,0,35.3,353,18.6,35.3,0,0,0
"2026/02/10","2026/02/13","8944","ランドビジネス","東証およびＰＴＳ",,"確報",0,0,4800,0,0,0,4800,0,0,1147200,0,0,0,1147200,,,0,0,0,9600,0,0,480,240,0,480,0,0,0
"2026/02/10","2026/02/13","8945","サンネクスタグループ","東証およびＰＴＳ",,"確報",0,400,300,0,0,0,300,0,454800,341100,0,0,0,341100,,,0,0,4200,0,0,0,2.7,2.3,3.2,2.7,0,0,0
"2026/02/10","2026/02/13","8946","ＡＳＩＡＮ　ＳＴＡＲ","東証およびＰＴＳ",,"確報",0,0,36000,0,0,0,36000,0,0,3024000,0,0,0,3024000,,,0,0,72000,0,0,0,71.5,0,35.7,71.5,0,0,0
"2026/02/10","2026/02/13","8951","Ｒ－ビルＦ","東証およびＰＴＳ",,"確報",0,0,21,56,18,278,-257,0,0,3080700,8215200,2640600,40782600,-37701900,,,0,0,16800,0,0,192000,4.5,104,104,104,4.2,4.3,4.2
"2026/02/10","2026/02/13","8952","Ｒ－ジャパン","東証およびＰＴＳ",,"確報",0,19,371,0,10,56,315,0,2420600,47265400,0,1274000,7134400,40131000,,,0,0,195000,0,0,33000,24.8,1940,69.3,133.8,8.2,3.1,4.5
"2026/02/10","2026/02/13","8953","Ｒ－都市ファンド","東証およびＰＴＳ",,"確報",56,90,357,0,0,53,304,6916000,11115000,44089500,0,0,6545500,37544000,,,0,0,0,195500,26500,0,13.4,16.2,9.7,12.1,91,54.6,68.3
"2026/02/10","2026/02/13","8954","Ｒ－オリックスＦ","東証およびＰＴＳ",,"確報",77,53,105,24,0,105,0,8123500,5591500,11077500,2532000,0,11077500,0,,,0,0,48600,0,0,48600,3.5,1.9,2.1,2,12.3,29.5,17.3
"2026/02/10","2026/02/13","8955","Ｒ－Ｊプライム","東証およびＰＴＳ",,"確報",0,10,171,0,16,372,-201,0,1068000,18262800,0,1708800,39729600,-21466800,,,0,0,253400,0,0,543200,47.1,36.6,14.4,20.7,135.6,99.9,115.1
"2026/02/10","2026/02/13","8956","Ｒ－ＮＴＴ都市開発Ｒ","東証およびＰＴＳ",,"確報",8,40,71,0,0,10,61,1138400,5692000,10103300,0,0,1423000,8680300,,,0,0,51500,0,0,5000,11.1,17.6,7.5,10.5,24,24,24
"2026/02/10","2026/02/13","8957","Ｒ－東急ＲＥ","東証およびＰＴＳ",,"確報",0,4,29,0,34,392,-363,0,844800,6124800,0,7180800,82790400,-76665600,,,0,0,36300,0,0,468600,36.3,4.9,10.2,6.6,126.3,30.2,48.8
"2026/02/10","2026/02/13","8958","Ｒ－グロバル","東証およびＰＴＳ",,"確報",0,0,176,0,0,3,173,0,0,24604800,0,0,419400,24185400,,,0,0,140800,0,0,2400,128.4,126.3,176.8,147.3,15,15,15
"2026/02/10","2026/02/13","8960","Ｒ－ユナイテド","東証およびＰＴＳ",,"確報",0,67,161,2,0,35,126,0,12214100,29350300,364600,0,6380500,22969800,,,0,0,273600,0,0,39600,17.3,21.9,12.5,15.9,34.2,34.2,34.2
"2026/02/10","2026/02/13","8961","Ｒ－森トラスト","東証およびＰＴＳ",,"確報",5,32,127,0,0,346,-219,390500,2499200,9918700,0,0,27022600,-17103900,,,0,0,0,15400,34600,0,11.1,3.6,3.8,3.7,49.2,43.2,46
"2026/02/10","2026/02/13","8963","Ｒ－ＩＮＶ","東証およびＰＴＳ",,"確報",0,149,581,26,0,118,463,0,10117100,39449900,1765400,0,8012200,31437700,,,0,0,949000,0,0,119600,17.8,237.3,9.4,18.2,11.1,24.9,15.3
"2026/02/10","2026/02/13","8964","Ｒ－フロンティア","東証およびＰＴＳ",,"確報",0,0,53,0,0,53,0,0,0,4907800,0,0,4907800,0,,,0,0,15900,0,0,15900,108,0,54,108,0,54,108
"2026/02/10","2026/02/13","8966","平和不動産リート投資","東証およびＰＴＳ",,"確報",0,93,120,0,93,120,0,0,14396400,18576000,0,14396400,18576000,0,,,0,0,298200,0,0,298200,16.9,48.7,8.8,14.9,243.5,10.3,19.7
"2026/02/10","2026/02/13","8967","日本ロジＦ投資","東証およびＰＴＳ",,"確報",0,0,213,1,0,68,145,0,0,21555600,101200,0,6881600,14674000,,,0,0,0,63900,20100,0,85.2,76,96.7,85.1,342,48.9,85.5
"2026/02/10","2026/02/13","8968","Ｒ－福岡","東証およびＰＴＳ",,"確報",3,22,58,6,0,58,0,560700,4111800,10840200,1121400,0,10840200,0,,,0,0,53900,0,0,36400,5.4,3,3.1,3.1,27.8,46.3,34.8
"2026/02/10","2026/02/13","8972","Ｒ－ＫＤＸ不動産","東証およびＰＴＳ",,"確報",7,29,446,2,0,67,379,1180900,4892300,75240200,337400,0,11302900,63937300,,,0,0,327600,0,0,45500,17.6,19.9,43.4,27.3,3.5,6.4,4.5
"2026/02/10","2026/02/13","8975","いちごオフィスリート","東証およびＰＴＳ",,"確報",12,2,23,0,0,13,10,1186800,197800,2274700,0,0,1285700,989000,,,0,0,1300,0,0,1300,13.1,5.5,19.3,8.6,33.5,33.5,33.5
"2026/02/10","2026/02/13","8976","大和証券オフィス投資","東証およびＰＴＳ",,"確報",0,0,16,0,0,16,0,0,0,5936000,0,0,5936000,0,,,0,0,0,16000,16000,0,6.2,6.8,5.4,6,6.3,6.3,6.3
"2026/02/10","2026/02/13","8977","Ｒ－阪急阪神","東証およびＰＴＳ",,"確報",1,16,72,0,0,3,69,165400,2646400,11908800,0,0,496200,11412600,,,0,0,60900,0,0,2100,20.8,47.1,13.3,20.7,13,0,26
"2026/02/10","2026/02/13","8979","Ｒ－スターツＰＲ","東証およびＰＴＳ",,"確報",0,0,18,0,0,0,18,0,0,3843000,0,0,0,3843000,,,0,0,19800,0,0,0,180,90,0,180,0,0,0
"2026/02/10","2026/02/13","8984","大和ハウスリート","東証およびＰＴＳ",,"確報",20,3,685,0,0,36,649,2708000,406200,92749000,0,0,4874400,87874600,,,0,0,267200,0,0,14400,41.6,117,24.1,39.9,0,91,182
"2026/02/10","2026/02/13","8985","ジャパンホテルリート","東証およびＰＴＳ",,"確報",10,0,701,16,1,91,610,862000,0,60426200,1379200,86200,7844200,52582000,,,0,0,621900,0,0,68400,7,127.7,3.4,6.7,11.6,64,19.7
"2026/02/10","2026/02/13","8986","Ｒ－大和証券リビング","東証およびＰＴＳ",,"確報",0,0,104,0,0,10,94,0,0,12022400,0,0,1156000,10866400,,,0,0,62400,0,0,6000,1138,0,0,0,49,0,98
"2026/02/10","2026/02/13","8987","Ｒ－エクセレント","東証およびＰＴＳ",,"確報",12,30,32,21,11,181,-149,1815600,4539000,4841600,3177300,1664300,27385300,-22543700,,,0,0,65000,0,0,222300,11.1,4,4.8,4.4,26,10.8,15.2
"2026/02/10","2026/02/13","8995","誠建設工業","東証およびＰＴＳ",,"確報",1000,0,6100,0,0,0,6100,1300000,0,7930000,0,0,0,7930000,,,0,0,102000,0,0,0,6.6,5.5,8.4,6.6,0,0,0
"2026/02/10","2026/02/13","8996","ハウスフリーダム","東証およびＰＴＳ",,"確報",200,700,1600,100,200,100,1500,216400,757400,1731200,108200,216400,108200,1623000,,,0,0,109200,0,0,10400,11.4,50,14.3,22.2,1,0.5,0.7
"2026/02/10","2026/02/13","8999","グランディハウス","東証およびＰＴＳ",,"確報",200,0,6500,900,0,6300,200,130000,0,4225000,585000,0,4095000,130000,,,0,0,31500,0,0,27000,14,108.3,6.3,11.8,11.5,39.4,17.8
"2026/02/10","2026/02/13","9001","東武鉄道","東証およびＰＴＳ",,"確報",400,300,6100,400,300,6100,0,1198000,898500,18269500,1198000,898500,18269500,0,,,0,0,126000,0,0,126000,2.9,3.1,3.2,3.2,2.6,2.7,2.6
"2026/02/10","2026/02/13","9003","相鉄ホールディングス","東証およびＰＴＳ",,"確報",100,7600,8400,100,1700,28700,-20300,291150,22127400,24456600,291150,4949550,83560050,-59103450,,,0,0,0,71550,136350,0,10.2,7,7.7,7.3,10.6,17.8,13.3
"2026/02/10","2026/02/13","9005","東急","東証およびＰＴＳ",,"確報",1700,8900,39200,6200,0,52600,-13400,3155200,16518400,72755200,11507200,0,97625600,-24870400,,,0,0,1044000,0,0,1044000,7.5,4.9,7,5.7,5.6,75.3,10.4
"2026/02/10","2026/02/13","9006","京浜急行電鉄","東証およびＰＴＳ",,"確報",57900,0,60800,9900,0,29500,31300,93132150,0,97796800,15924150,0,47450750,50346050,,,0,0,44950,0,0,303800,1.7,1.1,1.1,1.1,4.6,85.6,8.8
"2026/02/10","2026/02/13","9007","小田急電鉄","東証およびＰＴＳ",,"確報",2000,300,20000,1700,0,20000,0,3448000,517200,34480000,2930800,0,34480000,0,,,0,0,402600,0,0,402600,22.6,16.2,18.8,17.4,28.4,37.5,32.3
"2026/02/10","2026/02/13","9008","京王電鉄","東証およびＰＴＳ",,"確報",0,1300,7500,0,500,0,7500,0,5198700,29992500,0,1999500,0,29992500,,,0,0,0,281600,16000,0,7.4,8.7,9.7,9.2,1,0.7,0.8
"2026/02/10","2026/02/13","9009","京成電鉄","東証およびＰＴＳ",,"確報",3400,3000,63900,0,1000,54400,9500,4399600,3882000,82686600,0,1294000,70393600,12293000,,,0,0,571500,0,0,498600,19.3,62.3,11.1,18.8,10.6,217.4,20.2
"2026/02/10","2026/02/13","9010","富士急行","東証およびＰＴＳ",,"確報",18600,900,62900,18600,0,63800,-900,40510800,1960200,136996200,40510800,0,138956400,-1960200,,,0,0,2305200,0,0,2305200,11,6.1,37.3,10.5,6.4,59.9,11.5
"2026/02/10","2026/02/13","9012","秩父鉄道","東証およびＰＴＳ",,"確報",0,0,0,0,0,0,0,0,0,0,0,0,0,0,,,0,0,0,0,0,0,0,0,0,0,0,0,0
"2026/02/10","2026/02/13","9017","新潟交通","東証およびＰＴＳ",,"確報",0,0,200,0,0,0,200,0,0,425400,0,0,0,425400,,,0,0,1400,0,0,0,0,0,0,0,0,0,0
"2026/02/10","2026/02/13","9020","東日本旅客鉄道","東証およびＰＴＳ",,"確報",7200,2000,52800,0,400,2700,50100,27986400,7774000,205233600,0,1554800,10494900,194738700,,,0,0,0,1904000,124000,0,5.7,9.7,8.1,8.8,2.7,0.3,0.5
"2026/02/10","2026/02/13","9021","西日本旅客鉄道","東証およびＰＴＳ",,"確報",2500,2400,18300,6600,6500,18300,0,8605000,8260800,62988600,22717200,22373000,62988600,0,,,0,0,0,1219400,1219400,0,3.1,4,2.9,3.4,2.4,3.7,2.9
"2026/02/10","2026/02/13","9022","東海旅客鉄道","東証およびＰＴＳ",,"確報",3400,500,17600,8100,3400,19400,-1800,16037800,2358500,83019200,38207700,16037800,91509800,-8490600,,,0,0,14700,0,0,14700,2.9,4.6,2.1,2.9,5,2,2.8
"2026/02/10","2026/02/13","9023","東京地下鉄","東証およびＰＴＳ",,"確報",100,9700,338400,1800,3900,1344500,-1006100,169800,16470600,574603200,3056400,6622200,2282961000,-1708357800,,,0,0,5568000,0,0,21545600,70.5,154.5,10.3,19.3,246.1,390.6,301.9
"2026/02/10","2026/02/13","9024","西武ホールディングス","東証およびＰＴＳ",,"確報",200,100,10000,1900,12500,185500,-175500,870800,435400,43540000,8272600,54425000,807667000,-764127000,,,0,0,0,346500,6863500,0,36.5,104.8,18.1,30.8,45,31.3,36.9
"2026/02/10","2026/02/13","9025","鴻池運輸","東証およびＰＴＳ",,"確報",700,0,2900,0,0,200,2700,2439500,0,10106500,0,0,697000,9409500,,,0,0,143000,0,0,13000,16,16.8,13.4,14.9,0,0,0
"2026/02/10","2026/02/13","9028","ゼロ","東証およびＰＴＳ",,"確報",100,100,4700,100,0,100,4600,388500,388500,18259500,388500,0,388500,17871000,,,0,0,0,493500,0,0,48.8,121.5,40.5,60.8,1,1,1
"2026/02/10","2026/02/13","9029","ヒガシＨＤ","東証およびＰＴＳ",,"確報",400,0,2900,0,0,0,2900,806400,0,5846400,0,0,0,5846400,,,0,0,132500,0,0,0,20,14.4,32.5,20,0,0,0
"2026/02/10","2026/02/13","9031","西日本鉄道","東証およびＰＴＳ",,"確報",400,0,1200,200,700,17900,-16700,1192600,0,3577800,596300,2087050,53368850,-49791050,,,0,0,0,6400,147200,0,18.4,9.6,12,10.7,18.8,19.6,19.2
"2026/02/10","2026/02/13","9033","広島電鉄","東証およびＰＴＳ",,"確報",0,0,500,0,0,0,500,0,0,329000,0,0,0,329000,,,0,0,1000,0,0,0,0,0,0,0,0,0,0
"2026/02/10","2026/02/13","9034","南総通運","東証およびＰＴＳ",,"確報",0,0,300,0,0,0,300,0,0,498600,0,0,0,498600,,,0,0,6300,0,0,0,17,17,17,17,0,0,0
"2026/02/10","2026/02/13","9036","東部ネットワーク","東証およびＰＴＳ",,"確報",0,0,2200,0,0,0,2200,0,0,2655400,0,0,0,2655400,,,0,0,2200,0,0,0,0,0,0,0,0,0,0
"2026/02/10","2026/02/13","9037","ハマキョウレックス","東証およびＰＴＳ",,"確報",6000,0,29500,9300,100,34700,-5200,11328000,0,55696000,17558400,188800,65513600,-9817600,,,0,0,1010500,0,0,1096500,11.6,11.3,13.7,12.4,13.5,9.1,10.9
"2026/02/10","2026/02/13","9039","サカイ引越センター","東証およびＰＴＳ",,"確報",500,300,2300,200,500,13800,-11500,1455000,873000,6693000,582000,1455000,40158000,-33465000,,,0,0,0,102900,690900,0,12.7,10.5,9.6,10,163,6.8,13.1
"2026/02/10","2026/02/13","9041","近鉄グループＨＤ","東証およびＰＴＳ",,"確報",100,600,376900,100,200,6000,370900,337400,2024400,1271660600,337400,674800,20244000,1251416600,,,0,0,3774000,0,0,61000,193.4,3171.3,198.2,373.1,2.9,9.8,4.5
"2026/02/10","2026/02/13","9042","阪急阪神ＨＤ","東証およびＰＴＳ",,"確報",800,1000,8600,200,0,8600,0,3604000,4505000,38743000,901000,0,38743000,0,,,0,0,0,88000,84000,0,11.4,14.1,8.1,10.3,7.2,158,13.7
"2026/02/10","2026/02/13","9044","南海電気鉄道","東証およびＰＴＳ",,"確報",200,3100,6500,3400,0,33800,-27300,605800,9389900,19688500,10298600,0,102380200,-82691700,,,0,0,122200,0,0,395200,9.3,13.6,3.3,5.3,14.3,14.8,14.5
"2026/02/10","2026/02/13","9045","京阪ホールディングス","東証およびＰＴＳ",,"確報",100,1100,2800,0,600,1400,1400,354000,3894000,9912000,0,2124000,4956000,4956000,,,0,0,0,45600,24000,0,4.8,4.6,4.7,4.7,9,3.7,5.2
"2026/02/10","2026/02/13","9046","神戸電鉄","東証およびＰＴＳ",,"確報",300,300,6600,0,800,20900,-14300,750000,750000,16500000,0,2000000,52250000,-35750000,,,0,0,0,46200,151900,0,46.2,54,81,64.8,61.6,32.6,42.7
"2026/02/10","2026/02/13","9048","名古屋鉄道","東証およびＰＴＳ",,"確報",300,1700,17600,100,1000,13900,3700,540300,3061700,31697600,180100,1801000,25033900,6663700,,,0,0,437000,0,0,340400,8.9,10.1,7,8.3,23.2,6.4,10.1
"2026/02/10","2026/02/13","9049","京福電気鉄道","東証およびＰＴＳ",,"確報",0,0,0,0,0,0,0,0,0,0,0,0,0,0,,,0,0,0,0,0,0,0,0,0,0,0,0,0
"2026/02/10","2026/02/13","9051","センコン物流","東証およびＰＴＳ",,"確報",0,0,200,0,0,0,200,0,0,292600,0,0,0,292600,,,0,0,0,400,0,0,0,0,0,0,0,0,0
"2026/02/10","2026/02/13","9052","山陽電気鉄道","東証およびＰＴＳ",,"確報",5200,100,9100,0,1000,15100,-6000,10764000,207000,18837000,0,2070000,31257000,-12420000,,,0,0,44000,0,0,177100,12.6,2.7,8.6,4.2,44.8,26.2,33.1
"2026/02/10","2026/02/13","9057","遠州トラック","東証およびＰＴＳ",,"確報",0,1000,1500,0,0,0,1500,0,3645000,5467500,0,0,0,5467500,,,0,0,25000,0,0,0,15.9,59.5,9.2,15.9,0,0,0
"2026/02/10","2026/02/13","9059","カンダＨＤ","東証およびＰＴＳ",,"確報",0,0,6000,0,0,200,5800,0,0,5586000,0,0,186200,5399800,,,0,0,0,36000,1200,0,124.8,303,303,303,4.5,9,6
"2026/02/10","2026/02/13","9060","日本ロジテム","東証およびＰＴＳ",,"確報",0,200,400,0,0,0,400,0,1040000,2080000,0,0,0,2080000,,,0,0,150000,0,0,0,28,0,14,28,0,0,0
"2026/02/10","2026/02/13","9063","岡山県貨物運送","東証およびＰＴＳ",,"確報",0,0,600,0,0,0,600,0,0,2640000,0,0,0,2640000,,,0,0,0,0,0,0,18.7,14,28,18.7,0,0,0
"2026/02/10","2026/02/13","9064","ヤマトＨＤ","東証およびＰＴＳ",,"確報",10500,8600,47100,1900,0,47100,0,20307000,16632400,91091400,3674600,0,91091400,0,,,0,0,1017000,0,0,1017000,11.3,7.4,7.8,7.6,20.6,26.4,23.1
"2026/02/10","2026/02/13","9065","山九","東証およびＰＴＳ",,"確報",100,1000,2700,400,600,7400,-4700,971700,9717000,26235900,3886800,5830200,71905800,-45669900,,,0,0,694800,0,0,1466800,12.9,18.5,7.8,11,22.4,10.6,14.4
"2026/02/10","2026/02/13","9067","丸運","東証およびＰＴＳ",,"確報",0,0,300,0,0,0,300,0,0,284100,0,0,0,284100,,,0,0,0,0,0,0,0,0,0,0,0,0,0
"2026/02/10","2026/02/13","9068","丸全昭和運輸","東証およびＰＴＳ",,"確報",0,2900,2800,0,200,12300,-9500,0,26245000,25340000,0,1810000,111315000,-85975000,,,0,0,1482000,0,0,3250000,20.8,17.5,6.4,9.4,640,20,38.8
"2026/02/10","2026/02/13","9069","センコーグループＨＤ","東証およびＰＴＳ",,"確報",0,400,19000,800,0,14400,4600,0,799200,37962000,1598400,0,28771200,9190800,,,0,0,455900,0,0,319600,24.8,17.2,24.7,20.3,40.4,34.4,37.1
"2026/02/10","2026/02/13","9072","ニッコンＨＤ","東証およびＰＴＳ",,"確報",300,700,13800,24300,100,80000,-66200,1128900,2634100,51929400,91440900,376300,301040000,-249110600,,,0,0,667400,0,0,2622600,13.9,8,6.3,7,10.9,79.9,19.2
"2026/02/10","2026/02/13","9073","京極運輸商事","東証およびＰＴＳ",,"確報",0,0,0,0,0,0,0,0,0,0,0,0,0,0,,,0,0,0,0,0,0,0,0,0,0,0,0,0
"2026/02/10","2026/02/13","9074","日本石油輸送","東証およびＰＴＳ",,"確報",0,300,2100,0,100,800,1300,0,1662000,11634000,0,554000,4432000,7202000,,,0,0,96000,0,0,36000,14.9,30.8,11.2,16.4,10.3,13.7,11.7
"2026/02/10","2026/02/13","9075","福山通運","東証およびＰＴＳ",,"確報",7500,19000,16400,1500,0,27600,-11200,35662500,90345000,77982000,7132500,0,131238000,-53256000,,,0,0,0,976500,913500,0,3.4,1.7,1.4,1.6,88.9,102.5,95.2
"2026/02/10","2026/02/13","9076","セイノーＨＤ","東証およびＰＴＳ",,"確報",4000,0,23800,0,0,0,23800,9846000,0,58583700,0,0,0,58583700,,,0,0,0,29700,0,0,18.9,11.4,60,19.2,2,2,2
"2026/02/10","2026/02/13","9081","神奈川中央交通","東証およびＰＴＳ",,"確報",0,600,3200,0,200,3100,100,0,2202000,11744000,0,734000,11377000,367000,,,0,0,171000,0,0,148500,8.9,5.7,5.2,5.4,41.3,20.6,27.5
"2026/02/10","2026/02/13","9082","大和自動車交通","東証およびＰＴＳ",,"確報",200,0,900,0,0,0,900,268200,0,1206900,0,0,0,1206900,,,0,0,3500,0,0,0,10,5,0,10,0,0,0
"2026/02/10","2026/02/13","9083","神姫バス","東証およびＰＴＳ",,"確報",0,0,0,0,0,0,0,0,0,0,0,0,0,0,,,0,0,0,0,0,0,2.5,5,1.7,2.5,0,0,0
"2026/02/10","2026/02/13","9087","タカセ","東証およびＰＴＳ",,"確報",0,0,0,0,0,0,0,0,0,0,0,0,0,0,,,0,0,0,0,0,0,0,0,0,0,0,0,0
"2026/02/10","2026/02/13","9090","ＡＺ－ＣＯＭ丸和ＨＤ","東証およびＰＴＳ",,"確報",700,1200,53100,100,3400,12600,40500,675500,1158000,51241500,96500,3281000,12159000,39082500,,,0,0,1715200,0,0,508800,23.8,20,156.1,35.4,16.2,8.3,11
"2026/02/10","2026/02/13","9101","日本郵船","東証およびＰＴＳ",,"確報",2900,700,488800,600,200,23400,465400,14676900,3542700,2473816800,3036600,1012200,118427400,2355389400,,,0,0,9245400,0,0,437000,42.9,41.6,78,54.2,99.4,5.2,9.9
"2026/02/10","2026/02/13","9104","商船三井","東証およびＰＴＳ",,"確報",1300,17400,84700,46700,4000,54600,30100,6571500,87957000,428158500,236068500,20220000,276003000,152155500,,,0,0,2923200,0,0,345100,5.2,10.4,8.5,9.3,1.2,2.7,1.7
"2026/02/10","2026/02/13","9107","川崎汽船","東証およびＰＴＳ",,"確報",6800,900,182300,28400,0,179900,2400,15837200,2096100,424576700,66143600,0,418987100,5589600,,,0,0,3175200,0,0,2727000,14.2,37.8,25.7,30.6,6.1,15.5,8.8
"2026/02/10","2026/02/13","9110","ＮＳユナイテッド海運","東証およびＰＴＳ",,"確報",100,1500,8100,1000,1300,15400,-7300,758000,11370000,61398000,7580000,9854000,116732000,-55334000,,,0,0,2090000,0,0,3454000,11.6,8.6,8.6,8.6,11.1,21.2,14.5
"2026/02/10","2026/02/13","9115","明海グループ","東証およびＰＴＳ",,"確報",0,0,886500,0,0,0,886500,0,0,647145000,0,0,0,647145000,,,0,0,3546000,0,0,0,30.5,0,15.3,30.5,0,0,0
"2026/02/10","2026/02/13","9119","飯野海運","東証およびＰＴＳ",,"確報",600,2700,17400,0,4000,77700,-60300,978600,4403700,28379400,0,6524000,126728700,-98349300,,,0,0,0,39000,163400,0,11.1,3.7,3.6,3.7,42.8,32.6,37
"2026/02/10","2026/02/13","9127","玉井商船","東証およびＰＴＳ",,"確報",100,0,2200,0,0,0,2200,383000,0,8426000,0,0,0,8426000,,,0,0,273000,0,0,0,8.2,9.1,7.5,8.2,0,0,0
"2026/02/10","2026/02/13","9130","共栄タンカー","東証およびＰＴＳ",,"確報",0,2100,22700,0,2100,22700,0,0,2431800,26286600,0,2431800,26286600,0,,,0,0,471200,0,0,471200,17.9,21.3,14.7,17.4,24.5,14.8,18.4
"2026/02/10","2026/02/13","9142","九州旅客鉄道","東証およびＰＴＳ",,"確報",2700,0,7900,0,0,0,7900,11183400,0,32721800,0,0,0,32721800,,,0,0,83200,0,0,0,7.6,5.9,10.5,7.6,0,0,0
"2026/02/10","2026/02/13","9143","ＳＧホールディングス","東証およびＰＴＳ",,"確報",500,1200,60200,0,22600,8500,51700,744750,1787400,89667900,0,33662700,12660750,77007150,,,0,0,791700,0,0,404300,11.3,50.7,50.7,50.7,2.3,2.5,2.4
"2026/02/10","2026/02/13","9145","ビーイングＨＤ","東証およびＰＴＳ",,"確報",2200,0,31200,0,600,12700,18500,1977800,0,28048800,0,539400,11417300,16631500,,,0,0,638000,0,0,292600,69.4,58.6,0,117.2,32.5,38.6,35.3
"2026/02/10","2026/02/13","9147","ＮＸＨＤ","東証およびＰＴＳ",,"確報",900,0,5600,600,6600,18300,-12700,3370500,0,20972000,2247000,24717000,68533500,-47561500,,,0,0,84600,0,0,437400,9.2,7.7,4.9,6,11,10.8,10.9
"2026/02/10","2026/02/13","9158","シーユーシー","東証およびＰＴＳ",,"確報",100,1200,25100,0,1300,7500,17600,94400,1132800,23694400,0,1227200,7080000,16614400,,,0,0,786000,0,0,264000,17.4,36.8,46,40.9,0,3.8,7.7
"2026/02/10","2026/02/13","9159","Ｗ　ＴＯＫＹＯ","東証およびＰＴＳ",,"確報",0,0,3600,0,0,0,3600,0,0,6336000,0,0,0,6336000,,,0,0,72000,0,0,0,181,181,181,181,0,0,0
"2026/02/10","2026/02/13","9160","ノバレーゼ","東証およびＰＴＳ",,"確報",2200,3500,28700,200,1500,28700,0,682000,1085000,8897000,62000,465000,8897000,0,,,0,0,30000,0,0,30000,17.2,10.4,13.4,11.7,114.6,16.5,28.9
"2026/02/10","2026/02/13","9162","ブリーチ","東証およびＰＴＳ",,"確報",0,0,6000,0,0,0,6000,0,0,1800000,0,0,0,1800000,,,0,0,18000,0,0,0,303,0,151.5,303,0,0,0
"2026/02/10","2026/02/13","9163","ナレルグループ","東証およびＰＴＳ",,"確報",200,0,15400,0,0,0,15400,471400,0,36297800,0,0,0,36297800,,,0,0,15200,0,0,0,169.6,190.8,152.6,169.6,0,0,0
"2026/02/10","2026/02/13","9165","クオルテック","東証およびＰＴＳ",,"確報",0,0,1800,0,0,0,1800,0,0,2698200,0,0,0,2698200,,,0,0,68400,0,0,0,178,89,0,178,0,0,0
"2026/02/10","2026/02/13","9166","ＧＥＮＤＡ","東証およびＰＴＳ",,"確報",2800,1700,485700,0,0,0,485700,1943200,1179800,337075800,0,0,0,337075800,,,0,0,13084200,0,0,0,37,45.1,31.3,37,0,0,0
"2026/02/10","2026/02/13","9168","ライズ","東証およびＰＴＳ",,"確報",900,2100,145500,0,0,0,145500,482400,1125600,77988000,0,0,0,77988000,,,0,0,3227400,0,0,0,10.7,13.2,9,10.7,0,0,0
"2026/02/10","2026/02/13","9171","栗林商船","東証およびＰＴＳ",,"確報",0,400,330700,0,0,0,330700,0,728400,602204700,0,0,0,602204700,,,0,0,3973200,0,0,0,302.3,519.6,213.2,302.3,0,0,0
"2026/02/10","2026/02/13","9173","東海汽船","東証およびＰＴＳ",,"確報",100,0,600,0,0,0,600,311500,0,1869000,0,0,0,1869000,,,0,0,0,12500,0,0,24,12,0,24,0,0,0
"2026/02/10","2026/02/13","9193","東京汽船","東証およびＰＴＳ",,"確報",0,600,2000,0,0,0,2000,0,784200,2614000,0,0,0,2614000,,,0,0,57200,0,0,0,19,66.5,11.1,19,0,0,0
"2026/02/10","2026/02/13","9201","ＪＡＬ","東証およびＰＴＳ",,"確報",300,4200,22000,7000,12200,10600,11400,928200,12994800,68068000,21658000,37746800,32796400,35271600,,,0,0,0,1269100,774200,0,5.2,59.7,5.3,9.7,1.2,2.1,1.5
"2026/02/10","2026/02/13","9202","ＡＮＡＨＤ","東証およびＰＴＳ",,"確報",100,46600,26000,2800,38800,80200,-54200,333500,155411000,86710000,9338000,129398000,267467000,-180757000,,,0,0,0,797500,1278200,0,5,4.1,2.8,3.3,5.9,8.8,7.1
"2026/02/10","2026/02/13","92025","ＡＮＡ－優","東証およびＰＴＳ",,"確報",0,0,0,0,0,0,0,0,0,0,0,0,0,0,,,0,0,0,0,0,0,0,0,0,0,0,0,0
"2026/02/10","2026/02/13","9204","スカイマーク","東証およびＰＴＳ",,"確報",800,0,62400,0,0,0,62400,304000,0,23712000,0,0,0,23712000,,,0,0,985600,0,0,0,48.5,53.1,44.7,48.5,0,0,0
"2026/02/10","2026/02/13","9206","スターフライヤー","東証およびＰＴＳ",,"確報",0,0,700,0,0,0,700,0,0,1466500,0,0,0,1466500,,,0,0,3500,0,0,0,0,0,0,0,0,0,0
"2026/02/10","2026/02/13","9211","エフ・コード","東証およびＰＴＳ",,"確報",500,1600,78800,0,0,0,78800,842000,2694400,132699200,0,0,0,132699200,,,0,0,4314600,0,0,0,67.7,54.3,90,67.7,0,0,0
"2026/02/10","2026/02/13","9212","ＧＥＩ","東証およびＰＴＳ",,"確報",0,0,3200,0,0,0,3200,0,0,1260800,0,0,0,1260800,,,0,0,44800,0,0,0,60.8,30.4,0,60.8,0,0,0
"2026/02/10","2026/02/13","9213","セイファート","東証およびＰＴＳ",,"確報",0,0,3900,0,0,0,3900,0,0,3065400,0,0,0,3065400,,,0,0,27300,0,0,0,390,0,195,390,0,0,0
"2026/02/10","2026/02/13","9214","リカバリー","東証およびＰＴＳ",,"確報",0,0,300,0,0,0,300,0,0,408000,0,0,0,408000,,,0,0,4500,0,0,0,12,18,9,12,0,0,0
"2026/02/10","2026/02/13","9215","ＣａＳｙ","東証およびＰＴＳ",,"確報",100,0,600,0,0,0,600,93400,0,560400,0,0,0,560400,,,0,0,15500,0,0,0,25,12.5,0,25,0,0,0
"2026/02/10","2026/02/13","9216","ビーウィズ","東証およびＰＴＳ",,"確報",2000,17200,73200,500,400,88500,-15300,3520000,30272000,128832000,880000,704000,155760000,-26928000,,,0,0,2475200,0,0,2475200,45.1,55.3,17.6,26.7,171.7,111.6,135.3
"2026/02/10","2026/02/13","9218","メンタルヘルスＴ","東証およびＰＴＳ",,"確報",200,300,2400,300,1100,47900,-45500,159600,239400,1915200,239400,877800,38224200,-36309000,,,0,0,32500,0,0,633100,20.9,11,5.7,7.5,234.1,12.2,23.2
"2026/02/10","2026/02/13","9219","ギックス","東証およびＰＴＳ",,"確報",200,200,3300,0,0,3300,0,190600,190600,3144900,0,0,3144900,0,,,0,0,23100,0,0,23100,54.3,32.6,40.8,36.2,81.5,163,108.7
"2026/02/10","2026/02/13","9220","エフビー介護サービス","東証およびＰＴＳ",,"確報",0,100,1300,0,0,0,1300,0,118300,1537900,0,0,0,1537900,,,0,0,0,7000,0,0,66,66,66,66,0,0,0
"2026/02/10","2026/02/13","9221","フルハシＥＰＯ","東証およびＰＴＳ",,"確報",0,0,8400,0,0,0,8400,0,0,12516000,0,0,0,12516000,,,0,0,33600,0,0,0,50.3,25.1,0,50.3,0,0,0
"2026/02/10","2026/02/13","9223","ＡＳＮＯＶＡ","東証およびＰＴＳ",,"確報",200,0,2200,0,0,0,2200,109600,0,1205600,0,0,0,1205600,,,0,0,0,2000,0,0,41.6,34.7,52,41.6,0,0,0
"2026/02/10","2026/02/13","9225","ブリッジコンサル","東証およびＰＴＳ",,"確報",0,0,0,0,0,0,0,0,0,0,0,0,0,0,,,0,0,0,0,0,0,0,0,0,0,0,0,0
"2026/02/10","2026/02/13","9227","マイクロ波化学","東証およびＰＴＳ",,"確報",100,9900,157600,19300,0,195700,-38100,123800,12256200,195108800,23893400,0,242276600,-47167800,,,0,0,9709200,0,0,10231200,13,7.9,9.5,8.6,28.8,20.4,23.9
"2026/02/10","2026/02/13","9229","サンウェルズ","東証およびＰＴＳ",,"確報",0,1200,30700,0,0,0,30700,0,406800,10407300,0,0,0,10407300,,,0,0,223300,0,0,0,54.3,41.8,77.4,54.3,0,0,0
"2026/02/10","2026/02/13","9233","アジア航測","東証およびＰＴＳ",,"確報",100,1000,17500,0,200,1100,16400,126100,1261000,22067500,0,252200,1387100,20680400,,,0,0,73600,0,0,5200,37.8,76,30.4,43.4,24,10.3,14.4
"2026/02/10","2026/02/13","9235","売れるネットＧ","東証およびＰＴＳ",,"確報",0,500,26800,0,0,0,26800,0,318500,17071600,0,0,0,17071600,,,0,0,436800,0,0,0,123.5,339.8,75.5,123.5,0,0,0
"2026/02/10","2026/02/13","9236","ジャパンＭ＆Ａ","東証およびＰＴＳ",,"確報",0,0,200,0,0,0,200,0,0,199000,0,0,0,199000,,,0,0,0,3600,0,0,20,0,10,20,0,0,0
"2026/02/10","2026/02/13","9237","笑美面","東証およびＰＴＳ",,"確報",2600,200,13700,0,0,0,13700,2467400,189800,13001300,0,0,0,13001300,,,0,0,0,11300,0,0,28,18.3,58.7,28,0,0,0
"2026/02/10","2026/02/13","9238","バリューＣ","東証およびＰＴＳ",,"確報",0,200,700,0,0,0,700,0,251600,880600,0,0,0,880600,,,0,0,0,0,0,0,22.5,45,15,22.5,0,0,0
"2026/02/10","2026/02/13","9240","デリバリコンサル","東証およびＰＴＳ",,"確報",300,0,2700,0,0,0,2700,150000,0,1350000,0,0,0,1350000,,,0,0,52800,0,0,0,20.8,27,16.9,20.8,0,0,0
"2026/02/10","2026/02/13","9241","ＦＬＮ","東証およびＰＴＳ",,"確報",0,100,1100,0,0,0,1100,0,165100,1816100,0,0,0,1816100,,,0,0,28800,0,0,0,13.2,39.5,7.9,13.2,0,0,0
"2026/02/10","2026/02/13","9242","メディア総研","東証およびＰＴＳ",,"確報",0,0,300,0,0,0,300,0,0,580500,0,0,0,580500,,,0,0,0,6000,0,0,4.5,4.5,4.5,4.5,0,0,0
"2026/02/10","2026/02/13","9244","デジタリフト","東証およびＰＴＳ",,"確報",100,0,400,0,0,0,400,98000,0,392000,0,0,0,392000,,,0,0,0,5400,0,0,9.5,9.5,9.5,9.5,0,0,0
"2026/02/10","2026/02/13","9245","リベロ","東証およびＰＴＳ",,"確報",0,100,300,0,0,0,300,0,224800,674400,0,0,0,674400,,,0,0,0,6400,0,0,16,16,16,16,0,0,0
"2026/02/10","2026/02/13","9246","プロジェクトＨＤ","東証およびＰＴＳ",,"確報",0,0,2800,0,0,0,2800,0,0,3270400,0,0,0,3270400,,,0,0,0,0,0,0,274,137,0,274,0,0,0
"2026/02/10","2026/02/13","9247","ＴＲＥＨＤ","東証およびＰＴＳ",,"確報",2000,3100,25200,0,700,4000,21200,3526000,5465300,44427600,0,1234100,7052000,37375600,,,0,0,315600,0,0,56400,13.3,29.6,12.2,17.2,4.2,10.8,6
"2026/02/10","2026/02/13","9248","人・夢・技術グループ","東証およびＰＴＳ",,"確報",0,200,3000,0,0,0,3000,0,322000,4830000,0,0,0,4830000,,,0,0,99200,0,0,0,19,190,10,19,0,0,0
"2026/02/10","2026/02/13","9249","日本エコシステム","東証およびＰＴＳ",,"確報",0,0,300,0,0,0,300,0,0,479700,0,0,0,479700,,,0,0,2400,0,0,0,0,0,0,0,0,0,0
"2026/02/10","2026/02/13","9250","ＧＲＣＳ","東証およびＰＴＳ",,"確報",100,0,3500,0,0,0,3500,118200,0,4137000,0,0,0,4137000,,,0,0,224400,0,0,0,14.1,22.9,10.2,14.1,0,0,0
"2026/02/10","2026/02/13","9251","ＡＢ＆Ｃｏｍｐａｎｙ","東証およびＰＴＳ",,"確報",0,0,1900,0,0,0,1900,0,0,2321800,0,0,0,2321800,,,0,0,19000,0,0,0,23.5,23.5,23.5,23.5,0,0,0
"2026/02/10","2026/02/13","9252","ラストワンマイル","東証およびＰＴＳ",,"確報",100,0,5900,0,0,0,5900,440000,0,25960000,0,0,0,25960000,,,0,0,783000,0,0,0,82,41,0,82,0,0,0
"2026/02/10","2026/02/13","9253","スローガン","東証およびＰＴＳ",,"確報",100,0,400,0,0,0,400,78000,0,312000,0,0,0,312000,,,0,0,3000,0,0,0,32,16,0,32,0,0,0
"2026/02/10","2026/02/13","9254","ラバブルマーケ","東証およびＰＴＳ",,"確報",100,300,800,0,0,0,800,116100,348300,928800,0,0,0,928800,,,0,0,4000,0,0,0,16,56,9.3,16,0,0,0
"2026/02/10","2026/02/13","9256","サクシード","東証およびＰＴＳ",,"確報",0,100,400,0,0,0,400,0,81800,327200,0,0,0,327200,,,0,0,1000,0,0,0,25,0,12.5,25,0,0,0
"2026/02/10","2026/02/13","9257","ＹＣＰ","東証およびＰＴＳ",,"確報",0,0,4240000,0,0,0,4240000,0,0,3370800000,0,0,0,3370800000,,,0,0,0,0,0,0,0,0,0,0,0,0,0
"2026/02/10","2026/02/13","9258","ＣＳ－Ｃ","東証およびＰＴＳ",,"確報",100,0,200,0,0,0,200,35000,0,70000,0,0,0,70000,,,0,0,0,500,0,0,12,6,0,12,0,0,0
"2026/02/10","2026/02/13","9259","タカヨシＨＤ","東証およびＰＴＳ",,"確報",500,800,2600,0,0,0,2600,460000,736000,2392000,0,0,0,2392000,,,0,0,197200,0,0,0,15.2,18,13.1,15.2,0,0,0
"2026/02/10","2026/02/13","9262","シルバーライフ","東証およびＰＴＳ",,"確報",0,200,4600,0,0,3100,1500,0,162600,3739800,0,0,2520300,1219500,,,0,0,38400,0,0,24800,16,25.2,14.2,18.2,14.9,12.4,13.5
"2026/02/10","2026/02/13","9264","ポエック","東証およびＰＴＳ",,"確報",0,0,6300,200,0,4800,1500,0,0,11201400,355600,0,8534400,2667000,,,0,0,207900,0,0,151800,274,315,0,630,116.5,233,155.3
"2026/02/10","2026/02/13","9265","ヤマシタヘルスケア","東証およびＰＴＳ",,"確報",0,0,200,0,0,0,200,0,0,706000,0,0,0,706000,,,0,0,0,38000,0,0,16,8,0,16,0,0,0
"2026/02/10","2026/02/13","9267","ゲンキードラッグ","東証およびＰＴＳ",,"確報",100,1000,15300,0,200,50200,-34900,463000,4630000,70839000,0,926000,232426000,-161587000,,,0,0,1944000,0,0,6048000,30.4,74.2,8.2,14.8,28.9,226.1,51.3
"2026/02/10","2026/02/13","9268","オプティマス","東証およびＰＴＳ",,"確報",4900,4900,80100,0,0,80100,0,1744400,1744400,28515600,0,0,28515600,0,,,0,0,881100,0,0,881100,48.4,24.2,25.3,24.7,570.9,0,1141.7
"2026/02/10","2026/02/13","9270","バリュエンスＨＤ","東証およびＰＴＳ",,"確報",900,400,53400,700,200,53400,0,1639800,728800,97294800,1275400,364400,97294800,0,,,0,0,2539200,0,0,2539200,66.6,96.3,50.9,66.6,96.3,50.9,66.6
"2026/02/10","2026/02/13","9271","和心","東証およびＰＴＳ",,"確報",0,0,8800,0,0,0,8800,0,0,8448000,0,0,0,8448000,,,0,0,352000,0,0,0,54.4,462,28.9,54.4,0,0,0
"2026/02/10","2026/02/13","9272","ブティックス","東証およびＰＴＳ",,"確報",0,0,7100,0,0,0,7100,0,0,9954200,0,0,0,9954200,,,0,0,92300,0,0,0,239.3,359,179.5,239.3,0,0,0
"2026/02/10","2026/02/13","9273","コーア商事ＨＤ","東証およびＰＴＳ",,"確報",1200,1000,5700,400,200,5700,0,1029600,858000,4890600,343200,171600,4890600,0,,,0,0,0,27500,27500,0,18.9,11.9,14.4,13,27.4,45.7,34.3
"2026/02/10","2026/02/13","9274","ＫＰＰグループＨＤ","東証およびＰＴＳ",,"確報",1800,100,32200,9800,6700,84200,-52000,1672200,92900,29913800,9104200,6224300,78221800,-48308000,,,0,0,335500,0,0,892100,14.9,7.7,10.4,8.8,17.3,28.8,21.6
"2026/02/10","2026/02/13","9278","ブックオフＧＨＤ","東証およびＰＴＳ",,"確報",0,300,9600,400,3300,18400,-8800,0,493800,15801600,658400,5431800,30286400,-14484800,,,0,0,198000,0,0,426000,22.8,21.1,31.6,25.3,26.2,18.8,21.8
"2026/02/10","2026/02/13","9279","ギフトＨＤ","東証およびＰＴＳ",,"確報",0,100,1000,2700,600,46600,-45600,0,385500,3855000,10408500,2313000,179643000,-175788000,,,0,0,55000,0,0,2225000,24.9,11.6,3.4,5.3,33.2,23.5,27.5
"2026/02/10","2026/02/13","9282","いちごグリーン","東証およびＰＴＳ",,"確報",0,6,263,0,0,0,263,0,336000,14728000,0,0,0,14728000,,,0,0,107600,0,0,0,69.8,47.4,132.7,69.8,0,0,0
"2026/02/10","2026/02/13","9284","カナディアンソラ","東証およびＰＴＳ",,"確報",1,10,189,0,0,0,189,91000,910000,17199000,0,0,0,17199000,,,0,0,19800,0,0,0,93.6,245.8,57.8,93.6,0,0,0
"2026/02/10","2026/02/13","9285","東京インフラＦ","東証およびＰＴＳ",,"確報",0,0,101,0,0,0,101,0,0,5060100,0,0,0,5060100,,,0,0,20200,0,0,0,11.1,299.5,5.7,11.1,0,0,0
"2026/02/10","2026/02/13","9286","エネクスインフラ","東証およびＰＴＳ",,"確報",0,0,3526,0,0,0,3526,0,0,200629400,0,0,0,200629400,,,0,0,0,0,0,0,180.6,121.3,353.9,180.6,0,0,0
"2026/02/10","2026/02/13","9287","ＪＩＦ","東証およびＰＴＳ",,"確報",0,7,7,0,0,0,7,0,465500,465500,0,0,0,465500,,,0,0,0,0,0,0,3.8,24.4,2.1,3.8,0,0,0
"2026/02/10","2026/02/13","9301","三菱倉庫","東証およびＰＴＳ",,"確報",7700,2500,32500,8200,1300,32500,0,10364200,3365000,43745000,11037200,1749800,43745000,0,,,0,0,586950,0,0,550400,10.6,15.9,7.8,10.4,16.5,7.9,10.7
"2026/02/10","2026/02/13","9302","三井倉庫ＨＤ","東証およびＰＴＳ",,"確報",0,17300,0,1100,2900,17700,-17700,0,67885200,0,4316400,11379600,69454800,-69454800,,,0,0,726600,0,0,819000,2.9,1,0.7,0.8,12.5,9.8,11
"2026/02/10","2026/02/13","9303","住友倉庫","東証およびＰＴＳ",,"確報",5300,0,7900,600,0,9000,-1100,20193000,0,30099000,2286000,0,34290000,-4191000,,,0,0,78000,0,0,252000,4.6,1.9,2.5,2.2,75.3,18.1,29.2
"2026/02/10","2026/02/13","9304","澁澤倉庫","東証およびＰＴＳ",,"確報",1600,5000,29000,0,4500,38500,-9500,2188800,6840000,39672000,0,6156000,52668000,-12996000,,,0,0,356400,0,0,473000,21.2,22.9,19.7,21.2,14.6,38.6,21.2
"2026/02/10","2026/02/13","9305","ヤマタネ","東証およびＰＴＳ",,"確報",100,0,6100,0,600,2800,3300,231600,0,14127600,0,1389600,6484800,7642800,,,0,0,6000,0,0,3400,8.9,17.1,6.5,9.4,7.5,8.5,8
"2026/02/10","2026/02/13","9306","東陽倉庫","東証およびＰＴＳ",,"確報",300,100,120600,0,0,1200,119400,606900,202300,243973800,0,0,2427600,241546200,,,0,0,0,3250800,32400,0,419.4,251,1506,430.3,57,0,114
"2026/02/10","2026/02/13","9307","杉村倉庫","東証およびＰＴＳ",,"確報",2900,1800,9800,1400,0,9800,0,2963800,1839600,10015600,1430800,0,10015600,0,,,0,0,0,26100,25200,0,9.6,10.6,8.7,9.5,6.1,22.1,9.6
"2026/02/10","2026/02/13","9308","乾汽船","東証およびＰＴＳ",,"確報",0,1400,13400,100,0,65500,-52100,0,1897000,18157000,135500,0,88752500,-70595500,,,0,0,310800,0,0,1373400,45,26.7,17.8,21.4,40.3,125.7,61
"2026/02/10","2026/02/13","9310","日本トランスシティ","東証およびＰＴＳ",,"確報",400,0,3800,100,0,400,3400,538800,0,5118600,134700,0,538800,4579800,,,0,0,81600,0,0,7200,12.9,47.5,21.1,29.2,4.9,3.5,4.1
"2026/02/10","2026/02/13","9311","アサガミ","東証およびＰＴＳ",,"確報",0,0,0,0,0,0,0,0,0,0,0,0,0,0,,,0,0,0,0,0,0,0,0,0,0,0,0,0
"2026/02/10","2026/02/13","9312","ケイヒン","東証およびＰＴＳ",,"確報",100,100,3400,0,0,100,3300,319500,319500,10863000,0,0,319500,10543500,,,0,0,119000,0,0,3500,16.1,9.8,73.5,17.3,6,6,6
"2026/02/10","2026/02/13","9313","丸八倉庫","東証およびＰＴＳ",,"確報",0,0,1500,0,0,0,1500,0,0,1557000,0,0,0,1557000,,,0,0,16500,0,0,0,76,76,76,76,0,0,0
"2026/02/10","2026/02/13","9319","中央倉庫","東証およびＰＴＳ",,"確報",10000,100,121800,200,2200,6800,115000,17670000,176700,215220600,353400,3887400,12015600,203205000,,,0,0,1790400,0,0,140800,29.8,16.5,2682,32.8,12.4,12.8,12.6
"2026/02/10","2026/02/13","9322","川西倉庫","東証およびＰＴＳ",,"確報",0,1200,7600,0,0,0,7600,0,3448800,21842400,0,0,0,21842400,,,0,0,0,114400,0,0,57.3,430,30.7,57.3,0,0,0
"2026/02/10","2026/02/13","9324","安田倉庫","東証およびＰＴＳ",,"確報",200,600,5500,1100,100,7100,-1600,511600,1534800,14069000,2813800,255800,18161800,-4092800,,,0,0,761100,0,0,786900,6.8,7.4,2.6,3.8,16.8,43.3,24.2
"2026/02/10","2026/02/13","9325","ファイズＨＤ","東証およびＰＴＳ",,"確報",0,100,4600,0,0,0,4600,0,111900,5147400,0,0,0,5147400,,,0,0,0,42300,0,0,92.4,231,57.8,92.4,0,0,0
"2026/02/10","2026/02/13","9326","関通","東証およびＰＴＳ",,"確報",0,0,3200,0,0,0,3200,0,0,1536000,0,0,0,1536000,,,0,0,9600,0,0,0,106.7,80,160,106.7,0,0,0
"2026/02/10","2026/02/13","9327","イー・ロジット","東証およびＰＴＳ",,"確報",0,0,12900,0,0,0,12900,0,0,2915400,0,0,0,2915400,,,0,0,25800,0,0,0,426,213,0,426,0,0,0
"2026/02/10","2026/02/13","9330","揚羽","東証およびＰＴＳ",,"確報",0,0,4800,0,0,0,4800,0,0,3892800,0,0,0,3892800,,,0,0,14400,0,0,0,0,0,0,0,0,0,0
"2026/02/10","2026/02/13","9331","キャスター","東証およびＰＴＳ",,"確報",100,0,400,0,0,0,400,78200,0,312800,0,0,0,312800,,,0,0,3600,0,0,0,17,17,17,17,0,0,0
"2026/02/10","2026/02/13","9332","ＮＩＳＳＯＨＤ","東証およびＰＴＳ",,"確報",3100,9700,8600,300,8000,7500,1100,2148300,6722100,5959800,207900,5544000,5197500,762300,,,0,0,0,60800,60800,0,5.9,4.9,5.4,5.1,7,7,7
"2026/02/10","2026/02/13","9336","大栄環境","東証およびＰＴＳ",,"確報",600,2100,20800,200,1700,20800,0,2400000,8400000,83200000,800000,6800000,83200000,0,,,0,0,0,3902500,3902500,0,37.9,72.3,23.1,35,105.1,25.7,41.3
"2026/02/10","2026/02/13","9337","トリドリ","東証およびＰＴＳ",,"確報",100,300,4300,0,0,0,4300,323000,969000,13889000,0,0,0,13889000,,,0,0,292500,0,0,0,16.8,10.6,40.2,16.8,0,0,0
"2026/02/10","2026/02/13","9338","ＩＮＦＯＲＩＣＨ","東証およびＰＴＳ",,"確報",143700,4000,207800,0,0,0,207800,290705100,8092000,420379400,0,0,0,420379400,,,0,0,7763400,0,0,0,6.4,3.4,49.3,6.4,0,0,0
"2026/02/10","2026/02/13","9339","コーチ・エィ","東証およびＰＴＳ",,"確報",0,0,0,0,0,0,0,0,0,0,0,0,0,0,,,0,0,0,0,0,0,0,0,0,0,0,0,0
"2026/02/10","2026/02/13","9340","アソインター","東証およびＰＴＳ",,"確報",0,200,4600,0,0,0,4600,0,148600,3417800,0,0,0,3417800,,,0,0,38400,0,0,0,119.5,239,79.7,119.5,0,0,0
"2026/02/10","2026/02/13","9341","ＧＥＮＯＶＡ","東証およびＰＴＳ",,"確報",100,300,5300,0,0,0,5300,61500,184500,3259500,0,0,0,3259500,,,0,0,49500,0,0,0,16.5,69.4,9.4,16.5,0,0,0
"2026/02/10","2026/02/13","9342","スマサポ","東証およびＰＴＳ",,"確報",0,100,800,0,0,0,800,0,113300,906400,0,0,0,906400,,,0,0,0,7200,0,0,41,41,41,41,0,0,0
"2026/02/10","2026/02/13","9343","アイビス","東証およびＰＴＳ",,"確報",49800,0,53200,0,0,0,53200,34909800,0,37293200,0,0,0,37293200,,,0,0,0,0,0,0,2.6,1.3,134.6,2.6,0,0,0
"2026/02/10","2026/02/13","9344","アクシスＣ","東証およびＰＴＳ",,"確報",0,0,700,0,0,0,700,0,0,639800,0,0,0,639800,,,0,0,0,0,0,0,0,0,0,0,0,0,0
"2026/02/10","2026/02/13","9345","ビズメイツ","東証およびＰＴＳ",,"確報",100,0,1700,0,0,0,1700,69200,0,1176400,0,0,0,1176400,,,0,0,0,22400,0,0,83,83,83,83,0,0,0
"2026/02/10","2026/02/13","9346","ココルポート","東証およびＰＴＳ",,"確報",0,200,5100,0,0,0,5100,0,332400,8476200,0,0,0,8476200,,,0,0,63600,0,0,0,66.5,133,44.3,66.5,0,0,0
"2026/02/10","2026/02/13","9347","日本管財ＨＤ","東証およびＰＴＳ",,"確報",700,300,6800,300,600,32000,-25200,1978900,848100,19223600,848100,1696200,90464000,-71240400,,,0,0,160000,0,0,807500,22.2,22.1,3.8,6.4,37.3,89,52.5
"2026/02/10","2026/02/13","9348","ｉｓｐａｃｅ","東証およびＰＴＳ",,"確報",5500,14200,183300,0,0,0,183300,3569500,9215800,118961700,0,0,0,118961700,,,0,0,3072000,0,0,0,15.2,18.1,13.1,15.2,0,0,0
"2026/02/10","2026/02/13","9351","東洋埠頭","東証およびＰＴＳ",,"確報",0,0,4500,0,0,200,4300,0,0,8671500,0,0,385400,8286100,,,0,0,0,18000,800,0,25.5,21.1,29,24.4,0,0,0
"2026/02/10","2026/02/13","9353","櫻島埠頭","東証およびＰＴＳ",,"確報",0,300,7800,0,0,0,7800,0,792300,20599800,0,0,0,20599800,,,0,0,137700,0,0,0,25.5,30.9,21.7,25.5,0,0,0
"2026/02/10","2026/02/13","9355","リンコーコーポ","東証およびＰＴＳ",,"確報",0,100,0,0,0,0,0,0,215800,0,0,0,0,0,,,0,0,100,0,0,0,1,1,1,1,0,0,0
"2026/02/10","2026/02/13","9360","鈴与シンワート","東証およびＰＴＳ",,"確報",0,200,0,0,0,0,0,0,601000,0,0,0,0,0,,,0,0,0,35000,0,0,3.3,5,2.5,3.3,0,0,0
"2026/02/10","2026/02/13","9361","伏木海陸運送","東証およびＰＴＳ",,"確報",0,100,0,0,0,0,0,0,222200,0,0,0,0,0,,,0,0,3200,0,0,0,1,1,1,1,0,0,0
"2026/02/10","2026/02/13","9362","兵機海運","東証およびＰＴＳ",,"確報",0,0,100,0,0,0,100,0,0,373000,0,0,0,373000,,,0,0,0,0,0,0,0,0,0,0,0,0,0
"2026/02/10","2026/02/13","9363","大運","東証およびＰＴＳ",,"確報",0,600,10400,0,0,0,10400,0,294000,5096000,0,0,0,5096000,,,0,0,88000,0,0,0,43.2,43.2,43.2,43.2,0,0,0
"2026/02/10","2026/02/13","9364","上組","東証およびＰＴＳ",,"確報",100,0,2300,0,300,1900,400,567100,0,13043300,0,1701300,10774900,2268400,,,0,0,4400,0,0,4400,29.2,114,38,57,26.3,15,19.1
"2026/02/10","2026/02/13","9365","トレーディア","東証およびＰＴＳ",,"確報",0,0,1100,0,0,0,1100,0,0,1787500,0,0,0,1787500,,,0,0,0,16500,0,0,0,0,0,0,0,0,0
"2026/02/10","2026/02/13","9366","サンリツ","東証およびＰＴＳ",,"確報",0,0,200,0,0,0,200,0,0,182000,0,0,0,182000,,,0,0,0,600,0,0,11,11,11,11,0,0,0
"2026/02/10","2026/02/13","9367","大東港運","東証およびＰＴＳ",,"確報",200,0,600,0,0,0,600,486000,0,1458000,0,0,0,1458000,,,0,0,0,72000,0,0,11.5,7.7,23,11.5,0,0,0
"2026/02/10","2026/02/13","9368","キムラユニティー","東証およびＰＴＳ",,"確報",0,0,1900,0,0,0,1900,0,0,1736600,0,0,0,1736600,,,0,0,1900,0,0,0,26.6,46.5,23.3,31,0,0,0
"2026/02/10","2026/02/13","9369","キユーソー流通Ｓ","東証およびＰＴＳ",,"確報",0,100,60400,0,800,42200,18200,0,318000,192072000,0,2544000,134196000,57876000,,,0,0,1210000,0,0,860000,221.4,0,433.3,866.6,2170,55.6,108.5
"2026/02/10","2026/02/13","9376","ユーラシア旅行社","東証およびＰＴＳ",,"確報",200,0,1600,0,0,0,1600,185600,0,1484800,0,0,0,1484800,,,0,0,0,26600,0,0,15.3,11.5,23,15.3,0,0,0
"2026/02/10","2026/02/13","9380","東海運","東証およびＰＴＳ",,"確報",4200,5900,7000,0,1700,7000,0,1755600,2466200,2926000,0,710600,2926000,0,,,0,0,0,78300,78300,0,3.8,1.9,1.9,1.9,14.3,19.4,16.5
"2026/02/10","2026/02/13","9381","エーアイテイー","東証およびＰＴＳ",,"確報",300,0,2200,0,0,0,2200,690000,0,5060000,0,0,0,5060000,,,0,0,22800,0,0,0,16.8,14.4,20.2,16.8,0,0,0
"2026/02/10","2026/02/13","9385","ショーエイコーポ","東証およびＰＴＳ",,"確報",200,0,2200,0,0,0,2200,137600,0,1513600,0,0,0,1513600,,,0,0,14000,0,0,0,5.2,44.3,4,7.4,0,1.7,3.5
"2026/02/10","2026/02/13","9399","ビート","東証およびＰＴＳ",,"確報",0,0,0,0,0,0,0,0,0,0,0,0,0,0,,,0,0,0,0,0,0,0,0,0,0,0,0,0
"2026/02/10","2026/02/13","9401","ＴＢＳＨＤ","東証およびＰＴＳ",,"確報",11300,400,19500,800,0,22100,-2600,67732200,2397600,116883000,4795200,0,132467400,-15584400,,,0,0,1341600,0,0,3322800,6.4,2.2,4.7,3,20.4,14.7,17.1
"2026/02/10","2026/02/13","9404","日本テレビＨＤ","東証およびＰＴＳ",,"確報",200,600,11800,0,400,11800,0,716600,2149800,42279400,0,1433200,42279400,0,,,0,0,756400,0,0,756400,4.1,3.1,3.8,3.4,17.7,2.8,4.8
"2026/02/10","2026/02/13","9405","朝日放送グループＨＤ","東証およびＰＴＳ",,"確報",900,200,15600,1000,1400,12200,3400,763200,169600,13228800,848000,1187200,10345600,2883200,,,0,0,0,193700,163800,0,24.2,42.8,364,76.6,9.2,20.5,12.7
"2026/02/10","2026/02/13","9408","ＢＳＮメディアＨＤ","東証およびＰＴＳ",,"確報",0,0,0,0,0,0,0,0,0,0,0,0,0,0,,,0,0,0,0,0,0,0,0,0,0,0,0,0
"2026/02/10","2026/02/13","9409","テレビ朝日ＨＤ","東証およびＰＴＳ",,"確報",1100,0,11700,500,600,19400,-7700,3927000,0,41769000,1785000,2142000,69258000,-27489000,,,0,0,0,0,0,0,7.1,3.8,12,5.7,10.3,6.9,8.3
"2026/02/10","2026/02/13","9412","スカパーＪＳＡＴ","東証およびＰＴＳ",,"確報",7700,119800,59700,1100,0,23000,36700,21821800,339513200,169189800,3117400,0,65182000,104007800,,,0,0,14087600,0,0,1795800,2.6,3.1,2,2.4,3.8,3.4,3.6
"2026/02/10","2026/02/13","9413","テレ東ＨＤ","東証およびＰＴＳ",,"確報",500,0,800,0,100,100,700,2307500,0,3692000,0,461500,461500,3230500,,,0,0,25500,0,0,17000,2.4,2.4,1.8,2.1,6,6,6
"2026/02/10","2026/02/13","9414","日本ＢＳ放送","東証およびＰＴＳ",,"確報",200,1100,16600,0,900,16600,0,192000,1056000,15936000,0,864000,15936000,0,,,0,0,70000,0,0,70000,19.3,13,30.4,18.2,14.2,37.3,20.5
"2026/02/10","2026/02/13","9416","ビジョン","東証およびＰＴＳ",,"確報",3000,100,5500,900,0,1500,4000,4014000,133800,7359000,1204200,0,2007000,5352000,,,0,0,72800,0,0,16800,4.1,4.1,7.6,5.3,1.5,1.6,1.5
"2026/02/10","2026/02/13","9417","スマートバリュー","東証およびＰＴＳ",,"確報",400,0,8900,0,300,11900,-3000,157600,0,3506600,0,118200,4688600,-1182000,,,0,0,8500,0,0,12200,105.1,73.5,73.5,73.5,0,76.3,152.5
"2026/02/10","2026/02/13","9418","Ｕ－ＮＥＸＴ","東証およびＰＴＳ",,"確報",1600,118900,64600,200,0,13300,51300,3017600,224245400,121835600,377200,0,25083800,96751800,,,0,0,8367400,0,0,602600,3.2,4.4,2.1,2.9,63.4,41,49.8
"2026/02/10","2026/02/13","9419","ワイヤレスゲート","東証およびＰＴＳ",,"確報",3500,0,21400,0,0,0,21400,990500,0,6056200,0,0,0,6056200,,,0,0,17900,0,0,0,24,20.3,29.3,24,0,0,0
"2026/02/10","2026/02/13","9421","エヌジェイＨＤ","東証およびＰＴＳ",,"確報",0,0,2300,0,0,0,2300,0,0,1449000,0,0,0,1449000,,,0,0,0,16100,0,0,234,0,117,234,0,0,0
"2026/02/10","2026/02/13","9423","フォーバルＲＳ","東証およびＰＴＳ",,"確報",10000,0,49600,4900,0,15100,34500,1120000,0,5555200,548800,0,1691200,3864000,,,0,0,0,0,0,0,31.7,20.3,140.4,35.4,11.4,0,22.8
"2026/02/10","2026/02/13","9424","日本通信","東証およびＰＴＳ",,"確報",2800,116200,382600,2100,12900,371100,11500,420000,17430000,57390000,315000,1935000,55665000,1725000,,,0,0,3472000,0,0,2673300,21.9,26.8,9.9,14.4,113.1,50.4,69.7
"2026/02/10","2026/02/13","9425","ＲｅＹｕｕＪａｐａｎ","東証およびＰＴＳ",,"確報",400,0,48100,0,0,0,48100,158400,0,19047600,0,0,0,19047600,,,0,0,381600,0,0,0,44.3,44.3,44.3,44.3,0,0,0
"2026/02/10","2026/02/13","9428","クロップス","東証およびＰＴＳ",,"確報",0,0,400,0,12400,4100,-3700,0,0,633200,0,19629200,6490300,-5857100,,,0,0,0,11200,462000,0,1.7,23,11.5,15.3,1.4,1.8,1.6
"2026/02/10","2026/02/13","9432","ＮＴＴ","東証およびＰＴＳ",,"確報",132200,84100,14233400,41400,0,54500,14178900,20332360,12934580,2189096920,6367320,0,8382100,2180714820,,,0,0,18440890,0,0,17030,15.3,11.2,28,16,1.7,2.2,1.9
"2026/02/10","2026/02/13","9433","ＫＤＤＩ","東証およびＰＴＳ",,"確報",12600,19400,172200,7300,2700,11900,160300,32508000,50052000,444276000,18834000,6966000,30702000,413574000,,,0,0,6981000,0,0,284700,3.8,3.6,10.2,5.3,2.3,1.7,2
"2026/02/10","2026/02/13","9434","ソフトバンク","東証およびＰＴＳ",,"確報",192200,72600,2709900,30600,0,34800,2675100,40784840,15405720,575040780,6493320,0,7384560,567656220,,,0,0,0,2849330,4620,0,37.4,31.9,57.4,41,2,4.6,2.8
"2026/02/10","2026/02/13","94345","ソフトバンク－優","東証およびＰＴＳ",,"確報",0,0,0,0,0,0,0,0,0,0,0,0,0,0,,,0,0,0,0,0,0,0,0,0,0,0,0,0
"2026/02/10","2026/02/13","94346","ソフトバンク－２優","東証およびＰＴＳ",,"確報",0,0,0,0,0,0,0,0,0,0,0,0,0,0,,,0,0,0,0,0,0,0,0,0,0,0,0,0
"2026/02/10","2026/02/13","9435","光通信","東証およびＰＴＳ",,"確報",100,200,700,0,100,700,0,4475000,8950000,31325000,0,4475000,31325000,0,,,0,0,0,0,0,0,7.7,10.6,4.1,5.9,10.7,32,16
"2026/02/10","2026/02/13","9436","沖縄セルラー電話","東証およびＰＴＳ",,"確報",1000,100,12800,0,15900,19800,-7000,3245000,324500,41536000,0,51595500,64251000,-22715000,,,0,0,0,119000,357000,0,13,16.5,6.1,9,94.1,9.2,16.8
"2026/02/10","2026/02/13","9438","エムティーアイ","東証およびＰＴＳ",,"確報",10000,1800,36900,12800,0,41500,-4600,7230000,1301400,26678700,9254400,0,30004500,-3325800,,,0,0,1090600,0,0,1090600,14.2,10.7,21.9,14.3,9.2,30.4,14.1
"2026/02/10","2026/02/13","9439","ＭＨグループ","東証およびＰＴＳ",,"確報",0,0,1600,0,0,0,1600,0,0,361600,0,0,0,361600,,,0,0,0,1600,0,0,0,0,0,0,0,0,0
"2026/02/10","2026/02/13","9441","ベルパーク","東証およびＰＴＳ",,"確報",0,0,100,0,0,0,100,0,0,261900,0,0,0,261900,,,0,0,1200,0,0,0,12,0,0,0,0,1,2
"2026/02/10","2026/02/13","9444","トーシンＨＤ","東証およびＰＴＳ",,"確報",0,0,3000,0,0,0,3000,0,0,1308000,0,0,0,1308000,,,0,0,0,6000,0,0,76,76,76,76,0,0,0
"2026/02/10","2026/02/13","9445","フォーバルテレコム","東証およびＰＴＳ",,"確報",0,0,100,0,0,100,0,0,0,57100,0,0,57100,0,,,0,0,200,0,0,200,0,0,0,0,0,0,0
"2026/02/10","2026/02/13","9446","サカイＨＤ","東証およびＰＴＳ",,"確報",0,0,7700,0,0,0,7700,0,0,5336100,0,0,0,5336100,,,0,0,0,7700,0,0,86.4,55.6,194.5,86.4,0,0,0
"2026/02/10","2026/02/13","9449","ＧＭＯ","東証およびＰＴＳ",,"確報",2200,6700,23900,0,500,200,23700,8111400,24702900,88119300,0,1843500,737400,87381900,,,0,0,2811600,0,0,69300,8.2,7,14,9.4,2,1.2,1.5
"2026/02/10","2026/02/13","9450","ファイバーゲート","東証およびＰＴＳ",,"確報",200,0,262300,0,0,600,261700,141600,0,185708400,0,0,424800,185283600,,,0,0,2883100,0,0,6600,585.2,818.1,2181.5,1189.9,11.1,4.9,6.8
"2026/02/10","2026/02/13","9466","アイドマＭＣ","東証およびＰＴＳ",,"確報",0,0,9300,0,0,0,9300,0,0,2259900,0,0,0,2259900,,,0,0,0,18600,0,0,233.5,233.5,233.5,233.5,0,0,0
"2026/02/10","2026/02/13","9467","アルファポリス","東証およびＰＴＳ",,"確報",100,0,23100,700,600,23100,0,148800,0,34372800,1041600,892800,34372800,0,,,0,0,943000,0,0,943000,30,31.2,30.4,30.8,29.6,28.9,29.2
"2026/02/10","2026/02/13","9468","ＫＡＤＯＫＡＷＡ","東証およびＰＴＳ",,"確報",4000,6000,38000,5400,0,45400,-7400,12756000,19134000,121182000,17220600,0,144780600,-23598600,,,0,0,2840000,0,0,2840000,11.6,7.3,10.9,8.7,15.4,19.2,17.1
"2026/02/10","2026/02/13","9470","学研ホールディングス","東証およびＰＴＳ",,"確報",4000,8800,7800,0,1200,7800,0,4316000,9495200,8416200,0,1294800,8416200,0,,,0,0,126000,0,0,90000,3.1,6,3.1,4.1,3,2,2.4
"2026/02/10","2026/02/13","9474","ゼンリン","東証およびＰＴＳ",,"確報",100,1200,10100,0,1100,10100,0,102400,1228800,10342400,0,1126400,10342400,0,,,0,0,134400,0,0,134400,3.2,2.5,2.4,2.5,4.8,4.6,4.7
"2026/02/10","2026/02/13","9475","昭文社ＨＤ","東証およびＰＴＳ",,"確報",0,0,4500,0,0,1500,3000,0,0,2304000,0,0,768000,1536000,,,0,0,36000,0,0,12000,200,0,0,0,0,25,50
"2026/02/10","2026/02/13","9476","中央経済社ＨＤ","東証およびＰＴＳ",,"確報",0,0,100,0,0,0,100,0,0,89700,0,0,0,89700,,,0,0,0,0,0,0,0,0,0,0,0,0,0
"2026/02/10","2026/02/13","9478","ＳＥＨＤ＆Ｉ","東証およびＰＴＳ",,"確報",0,0,3100,0,0,0,3100,0,0,1426000,0,0,0,1426000,,,0,0,0,3100,0,0,8.2,11.6,6.3,8.2,0,0,0
"2026/02/10","2026/02/13","9501","東京電力ＨＤ","東証およびＰＴＳ",,"確報",27300,36200,5124000,3800,0,262700,4861300,17346420,23001480,3255789600,2414520,0,166919580,3088870020,,,0,0,0,6159480,310680,0,31,30.3,31.2,30.7,31.7,44.9,37.2
"2026/02/10","2026/02/13","9502","中部電力","東証およびＰＴＳ",,"確報",6000,4000,31400,1100,700,11200,20200,15339000,10226000,80274100,2812150,1789550,28632800,51641300,,,0,0,2440200,0,0,896400,5.7,38.2,2.8,5.3,6.7,57.8,12
"2026/02/10","2026/02/13","9503","関西電力","東証およびＰＴＳ",,"確報",0,4900,64500,10100,0,39300,25200,0,12926200,170151000,26643800,0,103673400,66477600,,,0,0,1006300,0,0,423400,12.6,1673,7,14,4.5,0,9
"2026/02/10","2026/02/13","9504","中国電力","東証およびＰＴＳ",,"確報",1900,100,25400,5300,0,20000,5400,1926600,101400,25755600,5374200,0,20280000,5475600,,,0,0,566400,0,0,352800,15.7,49.8,12.7,20.2,11.2,12.2,11.7
"2026/02/10","2026/02/13","9505","北陸電力","東証およびＰＴＳ",,"確報",10000,3300,133100,6700,0,133100,0,10260000,3385800,136560600,6874200,0,136560600,0,,,0,0,2780800,0,0,2780800,27.3,20.1,19.4,19.7,45.7,42.5,44
"2026/02/10","2026/02/13","9506","東北電力","東証およびＰＴＳ",,"確報",500,2200,280900,400,300,11100,269800,597750,2630100,335815950,478200,358650,13270050,322545900,,,0,0,5228100,0,0,203500,17.5,180,10.4,19.6,3,6,4
"2026/02/10","2026/02/13","9507","四国電力","東証およびＰＴＳ",,"確報",3200,9000,58200,4900,0,238000,-179800,5304000,14917500,96466500,8121750,0,394485000,-298018500,,,0,0,1376000,0,0,5011650,38.8,28.8,7.8,12.3,93.2,160.9,118.1
"2026/02/10","2026/02/13","9508","九州電力","東証およびＰＴＳ",,"確報",100,2900,53600,2900,0,9400,44200,180800,5243200,96908800,5243200,0,16995200,79913600,,,0,0,535800,0,0,61750,22.5,52.7,37.7,44,4.2,6.9,5.2
"2026/02/10","2026/02/13","9509","北海道電力","東証およびＰＴＳ",,"確報",5600,500,532700,0,0,1000,531700,6101200,544750,580376650,0,0,1089500,579287150,,,0,0,3957000,0,0,7500,57.3,87.7,43.1,57.8,2,0,4
"2026/02/10","2026/02/13","9511","沖縄電力","東証およびＰＴＳ",,"確報",4000,10000,38300,900,5200,40000,-1700,4692000,11730000,44925900,1055700,6099600,46920000,-1994100,,,0,0,265800,0,0,265800,15.2,16,10.7,12.8,23.9,15.4,18.7
"2026/02/10","2026/02/13","9513","電源開発","東証およびＰＴＳ",,"確報",100,600,92300,0,0,400,91900,347700,2086200,320927100,0,0,1390800,319536300,,,0,0,3712000,0,0,16000,68.3,39.4,318.1,70.1,10,10,10
"2026/02/10","2026/02/13","9514","エフオン","東証およびＰＴＳ",,"確報",0,800,43500,0,0,0,43500,0,284000,15442500,0,0,0,15442500,,,0,0,0,974600,0,0,135.3,319,85.9,135.3,0,0,0
"2026/02/10","2026/02/13","9517","イーレックス","東証およびＰＴＳ",,"確報",7900,0,79100,0,19000,40300,38800,5158700,0,51652300,0,12407000,26315900,25336400,,,0,0,1352800,0,0,1126700,16.1,28,30,29,28.6,6.4,10.5
"2026/02/10","2026/02/13","9519","レノバ","東証およびＰＴＳ",,"確報",1600,20700,157200,0,7100,52000,105200,1184000,15318000,116328000,0,5254000,38480000,77848000,,,0,0,2820800,0,0,945600,11.1,35.7,23.5,28.3,9.5,2.4,3.8
"2026/02/10","2026/02/13","9531","東京瓦斯","東証およびＰＴＳ",,"確報",14900,800,23200,300,0,22500,700,115042900,6176800,179127200,2316300,0,173722500,5404700,,,0,0,1392300,0,0,3396600,3.7,1.8,2,1.9,20.9,33.9,25.9
"2026/02/10","2026/02/13","9532","大阪瓦斯","東証およびＰＴＳ",,"確報",16000,1100,27400,1400,4300,37100,-9700,102336000,7035600,175250400,8954400,27502800,237291600,-62041200,,,0,0,0,1737500,5560000,0,10.5,3.5,8,4.8,35,12.2,18.1
"2026/02/10","2026/02/13","9533","東邦瓦斯","東証およびＰＴＳ",,"確報",4600,0,12800,0,1400,36300,-23500,25116000,0,69888000,0,7644000,198198000,-128310000,,,0,0,164000,0,0,754000,24,5,10.3,6.8,92.6,80.5,86.1
"2026/02/10","2026/02/13","9534","北海道瓦斯","東証およびＰＴＳ",,"確報",0,4200,6600,0,0,100,6500,0,3666600,5761800,0,0,87300,5674500,,,0,0,10800,0,0,100,11.5,13.4,9.9,11.4,0,8,16
"2026/02/10","2026/02/13","9535","広島ガス","東証およびＰＴＳ",,"確報",205000,2900,208500,100,6500,48100,160400,77490000,1096200,78813000,37800,2457000,18181800,60631200,,,0,0,25600,0,0,218000,1.7,1.1,1.1,1.1,49.8,9.6,16.1
"2026/02/10","2026/02/13","9536","西部ガスＨＤ","東証およびＰＴＳ",,"確報",400,1500,5200,100,100,4300,900,960000,3600000,12480000,240000,240000,10320000,2160000,,,0,0,88200,0,0,60200,2.4,13.9,12.1,12.9,2,1.9,2
"2026/02/10","2026/02/13","9537","北陸瓦斯","東証およびＰＴＳ",,"確報",0,0,100,0,0,0,100,0,0,388500,0,0,0,388500,,,0,0,1500,0,0,0,3.8,3.8,3.8,3.8,0,0,0
"2026/02/10","2026/02/13","9539","京葉瓦斯","東証およびＰＴＳ",,"確報",100,100,20100,800,0,21700,-1600,120600,120600,24240600,964800,0,26170200,-1929600,,,0,0,381900,0,0,397100,158.2,508,145.1,225.8,74.3,346.7,122.4
"2026/02/10","2026/02/13","9543","静岡ガス","東証およびＰＴＳ",,"確報",0,400,9300,0,2800,1400,7900,0,513200,11931900,0,3592400,1796200,10135700,,,0,0,0,67900,29400,0,10.1,15.4,57.6,24.3,9.8,3,4.6
"2026/02/10","2026/02/13","9551","メタウォーター","東証およびＰＴＳ",,"確報",100,1000,56400,2000,0,9500,46900,367500,3675000,207270000,7350000,0,34912500,172357500,,,0,0,3438000,0,0,450000,51.6,157.8,83.5,109.2,15.9,9.8,12.1
"2026/02/10","2026/02/13","9552","クオンツ総研ＨＤ","東証およびＰＴＳ",,"確報",5800,7800,75900,600,2600,75900,0,6327800,8509800,82806900,654600,2836600,82806900,0,,,0,0,1324300,0,0,1324300,23.7,16.9,13,14.7,133.3,39.2,60.6
"2026/02/10","2026/02/13","9553","マイクロアド","東証およびＰＴＳ",,"確報",10800,8600,322100,8300,6100,322100,0,8283600,6596200,247050700,6366100,4678700,247050700,0,,,0,0,8957200,0,0,8957200,37.4,29.3,24.1,26.5,82.9,51.6,63.6
"2026/02/10","2026/02/13","9554","ＡＶｉＣ","東証およびＰＴＳ",,"確報",200,300,3000,0,0,0,3000,343600,515400,5154000,0,0,0,5154000,,,0,0,99200,0,0,0,8.7,7.9,9.8,8.7,0,0,0
"2026/02/10","2026/02/13","9556","ＩＮＴＬＯＯＰ","東証およびＰＴＳ",,"確報",700,0,11300,0,0,0,11300,2422000,0,39098000,0,0,0,39098000,,,0,0,901000,0,0,0,5,12.3,3.2,5,0,0,0
"2026/02/10","2026/02/13","9557","エアークローゼット","東証およびＰＴＳ",,"確報",0,800,31500,0,0,0,31500,0,204800,8064000,0,0,0,8064000,,,0,0,193800,0,0,0,68.5,76.7,61.9,68.5,0,0,0
"2026/02/10","2026/02/13","9558","ジャパニアス","東証およびＰＴＳ",,"確報",0,0,3200,0,0,0,3200,0,0,6915200,0,0,0,6915200,,,0,0,70400,0,0,0,166,0,83,166,0,0,0
"2026/02/10","2026/02/13","9560","プログリット","東証およびＰＴＳ",,"確報",2500,0,41400,0,100,70000,-28600,2085000,0,34527600,0,83400,58380000,-23852400,,,0,0,389000,0,0,701000,32.8,11.4,18.3,14.1,137.1,82.9,103.3
"2026/02/10","2026/02/13","9561","グラッドキューブ","東証およびＰＴＳ",,"確報",200,800,8900,0,0,0,8900,93200,372800,4147400,0,0,0,4147400,,,0,0,0,0,0,0,45.9,45.9,45.9,45.9,0,0,0
"2026/02/10","2026/02/13","9562","ビジネスコーチ","東証およびＰＴＳ",,"確報",0,0,6000,0,0,0,6000,0,0,14742000,0,0,0,14742000,,,0,0,276000,0,0,0,17,165.5,8.9,17,0,0,0
"2026/02/10","2026/02/13","9563","Ａｔｌａｓ","東証およびＰＴＳ",,"確報",0,0,1100,0,0,0,1100,0,0,321200,0,0,0,321200,,,0,0,4400,0,0,0,0,0,0,0,0,0,0
"2026/02/10","2026/02/13","9564","ＦＣＥ","東証およびＰＴＳ",,"確報",100,900,4900,0,0,0,4900,64600,581400,3165400,0,0,0,3165400,,,0,0,148200,0,0,0,22.9,23.9,21.9,22.9,0,0,0
"2026/02/10","2026/02/13","9565","ＧＬＯＥ","東証およびＰＴＳ",,"確報",600,0,4500,0,0,0,4500,466800,0,3501000,0,0,0,3501000,,,0,0,0,93600,0,0,24.7,33.6,19.6,24.7,0,0,0
"2026/02/10","2026/02/13","9600","アイネット","東証およびＰＴＳ",,"確報",0,0,300,0,0,0,300,0,0,753900,0,0,0,753900,,,0,0,0,0,0,0,19,0,9.5,19,0,0,0
"2026/02/10","2026/02/13","9601","松竹","東証およびＰＴＳ",,"確報",0,3000,6200,1700,0,11600,-5400,0,35700000,73780000,20230000,0,138040000,-64260000,,,0,0,2668000,0,0,2871000,14,18.8,11.2,14,8.9,32.1,14
"2026/02/10","2026/02/13","9602","東宝","東証およびＰＴＳ",,"確報",3100,3400,43900,100,600,1700,42200,24905400,27315600,352692600,803400,4820400,13657800,339034800,,,0,0,3270800,0,0,162800,27.1,48.2,22.5,30.7,121,4.3,8.3
"2026/02/10","2026/02/13","9603","エイチ・アイ・エス","東証およびＰＴＳ",,"確報",0,2300,70400,100,300,16400,54000,0,3052100,93420800,132700,398100,21762800,71658000,,,0,0,2035600,0,0,464800,24.9,61.5,27.6,38.1,3.9,33.9,7.1
"2026/02/10","2026/02/13","9605","東映","東証およびＰＴＳ",,"確報",200,200,1900,1700,0,11900,-10000,1170000,1170000,11115000,9945000,0,69615000,-58500000,,,0,0,228000,0,0,1224000,14.6,12.1,5.7,7.8,14,25.8,18.2
"2026/02/10","2026/02/13","9610","ウィルソン・ラーニン","東証およびＰＴＳ",,"確報",0,300,58700,0,0,0,58700,0,80400,15731600,0,0,0,15731600,,,0,0,590000,0,0,0,101.7,381.4,58.7,101.7,0,0,0
"2026/02/10","2026/02/13","9612","ラックランド","東証およびＰＴＳ",,"確報",700,0,16300,0,0,0,16300,1321600,0,30774400,0,0,0,30774400,,,0,0,405600,0,0,0,98.1,71.4,157,98.1,0,0,0
"2026/02/10","2026/02/13","9616","共立メンテナンス","東証およびＰＴＳ",,"確報",23900,1000,88000,800,1700,21000,67000,64900450,2715500,238964000,2172400,4616350,57025500,181938500,,,0,0,0,8072400,2715600,0,10.1,8.7,8.3,8.5,35.2,25.3,29.5
"2026/02/10","2026/02/13","9619","イチネンＨＤ","東証およびＰＴＳ",,"確報",200,200,3500,0,0,3500,0,442400,442400,7742000,0,0,7742000,0,,,0,0,182000,0,0,182000,35.8,25.6,29.8,27.5,44.8,59.7,51.1
"2026/02/10","2026/02/13","9621","建設技術研究所","東証およびＰＴＳ",,"確報",100,600,7300,6000,0,17600,-10300,331000,1986000,24163000,19860000,0,58256000,-34093000,,,0,0,624000,0,0,928000,7,7.2,10.5,8.6,4.8,9,6.2
"2026/02/10","2026/02/13","9622","スペース","東証およびＰＴＳ",,"確報",200,100,4300,200,100,4300,0,330000,165000,7095000,330000,165000,7095000,0,,,0,0,105000,0,0,105000,25.6,18.2,16.8,17.4,54.5,43.6,48.4
"2026/02/10","2026/02/13","9625","セレスポ","東証およびＰＴＳ",,"確報",0,200,1100,0,0,0,1100,0,222000,1221000,0,0,0,1221000,,,0,0,0,3900,0,0,29,29,29,29,0,0,0
"2026/02/10","2026/02/13","9627","アインＨＤ","東証およびＰＴＳ",,"確報",0,900,5300,100,100,8200,-2900,0,5844600,34418200,649400,649400,53250800,-18832600,,,0,0,607600,0,0,803600,20.8,17.6,8.2,11.2,44.8,201.5,73.3
"2026/02/10","2026/02/13","9628","燦ホールディングス","東証およびＰＴＳ",,"確報",0,0,127100,0,3700,17000,110100,0,0,192048100,0,5590700,25687000,166361100,,,0,0,1398100,0,0,227700,38.9,28,0,56,8.5,22.8,12.4
"2026/02/10","2026/02/13","9629","ピー・シー・エー","東証およびＰＴＳ",,"確報",500,100,2700,0,0,0,2700,977000,195400,5275800,0,0,0,5275800,,,0,0,39100,0,0,0,12.6,7.2,50.5,12.6,0,0,0
"2026/02/10","2026/02/13","9632","スバル興業","東証およびＰＴＳ",,"確報",0,0,400,0,0,0,400,0,0,1376000,0,0,0,1376000,,,0,0,20000,0,0,0,3.7,26,2,3.7,0,0,0
"2026/02/10","2026/02/13","9633","東京テアトル","東証およびＰＴＳ",,"確報",0,600,364700,0,300,8700,356000,0,901200,547779400,0,450600,13067400,534712000,,,0,0,0,0,0,0,1248.3,9999.9,1825.9,3319.8,232.5,27.4,48.9
"2026/02/10","2026/02/13","9635","武蔵野興業","東証およびＰＴＳ",,"確報",0,0,0,0,0,0,0,0,0,0,0,0,0,0,,,0,0,0,0,0,0,0,0,0,0,0,0,0
"2026/02/10","2026/02/13","9636","きんえい","東証およびＰＴＳ",,"確報",0,0,0,0,0,0,0,0,0,0,0,0,0,0,,,0,0,0,0,0,0,0,0,0,0,0,0,0
"2026/02/10","2026/02/13","9639","三協フロンテア","東証およびＰＴＳ",,"確報",0,0,1100,0,0,0,1100,0,0,2390300,0,0,0,2390300,,,0,0,6600,0,0,0,0,0,0,0,0,0,0
"2026/02/10","2026/02/13","9640","セゾンテクノロジー","東証およびＰＴＳ",,"確報",0,0,5200,0,0,0,5200,0,0,11892400,0,0,0,11892400,,,0,0,83200,0,0,0,132,132,132,132,0,0,0
"2026/02/10","2026/02/13","9644","タナベコンサルＧ","東証およびＰＴＳ",,"確報",1200,0,2100,0,0,0,2100,886800,0,1551900,0,0,0,1551900,,,0,0,0,13500,0,0,7.3,3.6,0,7.3,0,0,0
"2026/02/10","2026/02/13","9647","協和コンサルタンツ","東証およびＰＴＳ",,"確報",0,200,3200,0,0,0,3200,0,1782000,28512000,0,0,0,28512000,,,0,0,0,170000,0,0,56,42,84,56,0,0,0
"2026/02/10","2026/02/13","9651","日本プロセス","東証およびＰＴＳ",,"確報",100,0,1200,0,0,0,1200,178600,0,2143200,0,0,0,2143200,,,0,0,0,9900,0,0,53,26.5,0,53,0,0,0
"2026/02/10","2026/02/13","9656","グリーンランドリゾー","東証およびＰＴＳ",,"確報",0,0,0,0,0,0,0,0,0,0,0,0,0,0,,,0,0,0,0,0,0,0,0,0,0,0,0,0
"2026/02/10","2026/02/13","9658","ビジネス太田昭和","東証およびＰＴＳ",,"確報",0,0,1800,0,0,0,1800,0,0,5850000,0,0,0,5850000,,,0,0,45000,0,0,0,0,0,0,0,0,0,0
"2026/02/10","2026/02/13","9661","歌舞伎座","東証およびＰＴＳ",,"確報",0,100,600,0,0,0,600,0,468500,2811000,0,0,0,2811000,,,0,0,3500,0,0,0,18.5,37,12.3,18.5,0,0,0
"2026/02/10","2026/02/13","9663","ナガワ","東証およびＰＴＳ",,"確報",3100,0,11800,0,1500,23300,-11500,18166000,0,69148000,0,8790000,136538000,-67390000,,,0,0,0,348000,992000,0,29.2,5.9,419,11.6,180.3,35.1,58.7
"2026/02/10","2026/02/13","9672","東京都競馬","東証およびＰＴＳ",,"確報",500,4300,6100,400,4200,6100,0,2770000,23822000,33794000,2216000,23268000,33794000,0,,,0,0,990000,0,0,990000,8.6,7.4,6.4,6.9,13.1,10,11.4
"2026/02/10","2026/02/13","9678","カナモト","東証およびＰＴＳ",,"確報",0,0,1500,0,0,1100,400,0,0,6015000,0,0,4411000,1604000,,,0,0,112500,0,0,82500,11.7,77,38.5,51.3,4.3,4.3,4.3
"2026/02/10","2026/02/13","9679","ホウライ","東証およびＰＴＳ",,"確報",0,0,3600,0,0,0,3600,0,0,7264800,0,0,0,7264800,,,0,0,0,7200,0,0,0,0,0,0,0,0,0
"2026/02/10","2026/02/13","9682","ＤＴＳ","東証およびＰＴＳ",,"確報",200,200,7100,1600,5100,14400,-7300,234600,234600,8328300,1876800,5982300,16891200,-8562900,,,0,0,170400,0,0,429600,3,3,4,3.4,2.4,3.3,2.8
"2026/02/10","2026/02/13","9684","スクエニＨＤ","東証およびＰＴＳ",,"確報",2000,100,40600,6900,1900,35400,5200,5714000,285700,115994200,19713300,5428300,101137800,14856400,,,0,0,2205900,0,0,1732800,9.4,11,12.2,11.6,8.5,7.2,7.8
"2026/02/10","2026/02/13","9685","ＫＹＣＯＭＨＤ","東証およびＰＴＳ",,"確報",0,0,500,0,0,0,500,0,0,334500,0,0,0,334500,,,0,0,1500,0,0,0,0,0,0,0,0,0,0
"2026/02/10","2026/02/13","9686","東洋テック","東証およびＰＴＳ",,"確報",0,0,2700,0,0,0,2700,0,0,4779000,0,0,0,4779000,,,0,0,35100,0,0,0,70,70,70,70,0,0,0
"2026/02/10","2026/02/13","9687","ＫＳＫ","東証およびＰＴＳ",,"確報",0,800,12600,0,100,1100,11500,0,3492000,54999000,0,436500,4801500,50197500,,,0,0,0,0,0,0,28,343,17.2,32.7,13.8,7.9,10
"2026/02/10","2026/02/13","9691","両毛システムズ","東証およびＰＴＳ",,"確報",100,0,1000,0,0,0,1000,457500,0,4575000,0,0,0,4575000,,,0,0,27000,0,0,0,5.7,10,4,5.7,0,0,0
"2026/02/10","2026/02/13","9692","シーイーシー","東証およびＰＴＳ",,"確報",100,500,4700,0,0,0,4700,207700,1038500,9761900,0,0,0,9761900,,,0,0,387600,0,0,0,10.4,8.1,14.4,10.4,0,0,0
"2026/02/10","2026/02/13","9697","カプコン","東証およびＰＴＳ",,"確報",0,17900,163800,5200,100,27300,136500,0,58783600,537919200,17076800,328400,89653200,448266000,,,0,0,32524300,0,0,3973800,23.1,19.8,39,26.3,12.4,10.9,11.6
"2026/02/10","2026/02/13","9698","クレオ","東証およびＰＴＳ",,"確報",0,0,1800,0,0,0,1800,0,0,2224800,0,0,0,2224800,,,0,0,0,1800,0,0,0,0,0,0,0,0,0
"2026/02/10","2026/02/13","9699","ニシオＨＤ","東証およびＰＴＳ",,"確報",0,0,3400,0,400,400,3000,0,0,15606000,0,1836000,1836000,13770000,,,0,0,0,136000,32000,0,2.9,5,5.7,5.3,1.4,1.4,1.4
"2026/02/10","2026/02/13","9701","東京會舘","東証およびＰＴＳ",,"確報",0,0,0,0,0,0,0,0,0,0,0,0,0,0,,,0,0,0,0,0,0,4,0,2,4,0,0,0
"2026/02/10","2026/02/13","9702","アイ・エス・ビー","東証およびＰＴＳ",,"確報",0,100,70500,200,0,2300,68200,0,182200,128451000,364400,0,4190600,124260400,,,0,0,3318200,0,0,98700,37.4,21.2,3215,42,7.6,7.6,7.6
"2026/02/10","2026/02/13","9704","アゴーラＨＧ","東証およびＰＴＳ",,"確報",70000,13700,575000,0,0,0,575000,3780000,739800,31050000,0,0,0,31050000,,,0,0,1037400,0,0,0,44.6,32.2,72.7,44.6,0,0,0
"2026/02/10","2026/02/13","9706","日本空港ビルデング","東証およびＰＴＳ",,"確報",0,2000,2200,5500,1000,28800,-26600,0,11474000,12621400,31553500,5737000,165225600,-152604200,,,0,0,533400,0,0,3086100,5.8,3.8,2.5,3,3.9,84,7.5
"2026/02/10","2026/02/13","9708","帝国ホテル","東証およびＰＴＳ",,"確報",0,0,20600,3000,2600,19000,1600,0,0,28489800,4149000,3595800,26277000,2212800,,,0,0,247200,0,0,223200,26.8,0,0,0,10.9,15.1,12.7
"2026/02/10","2026/02/13","9709","ＮＣＳ＆Ａ","東証およびＰＴＳ",,"確報",0,0,18700,0,0,0,18700,0,0,29807800,0,0,0,29807800,,,0,0,542300,0,0,0,4.3,0,2.1,4.3,0,0,0
"2026/02/10","2026/02/13","9713","ロイヤルホテル","東証およびＰＴＳ",,"確報",0,0,15600,0,0,0,15600,0,0,14601600,0,0,0,14601600,,,0,0,78000,0,0,0,50.1,801,25.8,50.1,0,0,0
"2026/02/10","2026/02/13","9715","トランス・コスモス","東証およびＰＴＳ",,"確報",400,1000,2600,0,600,2600,0,1608000,4020000,10452000,0,2412000,10452000,0,,,0,0,48000,0,0,48000,4,5.5,3.2,4,5.5,3.2,4
"2026/02/10","2026/02/13","9716","乃村工藝社","東証およびＰＴＳ",,"確報",3900,1900,58400,2000,0,58400,0,5565300,2711300,83336800,2854000,0,83336800,0,,,0,0,338400,0,0,338400,29.8,14.8,66.1,24.2,19.3,0,38.5
"2026/02/10","2026/02/13","9719","ＳＣＳＫ","東証およびＰＴＳ",,"確報",0,0,4400,0,0,0,4400,0,0,24926000,0,0,0,24926000,,,0,0,0,96800,0,0,56,56,56,56,0,0,0
"2026/02/10","2026/02/13","9720","ホテルニューグランド","東証およびＰＴＳ",,"確報",0,0,0,0,0,0,0,0,0,0,0,0,0,0,,,0,0,0,0,0,0,0,0,0,0,0,0,0
"2026/02/10","2026/02/13","9722","藤田観光","東証およびＰＴＳ",,"確報",5000,4100,34500,16600,4400,106700,-72200,13900000,11398000,95910000,46148000,12232000,296626000,-200716000,,,0,0,6283200,0,0,17671500,18.9,19.3,14.1,16.3,14,35.7,20.1
"2026/02/10","2026/02/13","9723","京都ホテル","東証およびＰＴＳ",,"確報",0,200,200,0,0,0,200,0,126000,126000,0,0,0,126000,,,0,0,0,800,0,0,6.4,32,3.6,6.4,0,0,0
"2026/02/10","2026/02/13","9726","ＫＮＴ－ＣＴＨＤ","東証およびＰＴＳ",,"確報",1500,0,9000,0,0,0,9000,2598000,0,15588000,0,0,0,15588000,,,0,0,0,630000,0,0,15.3,9.3,42,15.3,0,0,0
"2026/02/10","2026/02/13","9729","トーカイ","東証およびＰＴＳ",,"確報",100,0,4800,1500,0,4800,0,262300,0,12590400,3934500,0,12590400,0,,,0,0,343100,0,0,240900,17.8,59.5,119,79.3,7,12.6,9
"2026/02/10","2026/02/13","9731","白洋舎","東証およびＰＴＳ",,"確報",0,0,1200,0,0,0,1200,0,0,3738000,0,0,0,3738000,,,0,0,0,6000,0,0,0,0,0,0,0,0,0
"2026/02/10","2026/02/13","9733","ナガセ","東証およびＰＴＳ",,"確報",0,0,5400,0,0,0,5400,0,0,14828400,0,0,0,14828400,,,0,0,70200,0,0,0,40,32.5,52,40,0,0,0
"2026/02/10","2026/02/13","9735","セコム","東証およびＰＴＳ",,"確報",1600,100,2400,6200,0,28000,-25600,9920000,620000,14880000,38440000,0,173600000,-158720000,,,0,0,77400,0,0,1874800,5.1,1.4,1.7,1.5,5.6,31.2,9.4
"2026/02/10","2026/02/13","9739","ＮＳＷ","東証およびＰＴＳ",,"確報",0,0,1100,0,0,0,1100,0,0,2717000,0,0,0,2717000,,,0,0,0,15400,0,0,29,58,19.3,29,0,0,0
"2026/02/10","2026/02/13","9740","セントラル警備保障","東証およびＰＴＳ",,"確報",0,400,2700,0,800,2300,400,0,1170400,7900200,0,2340800,6729800,1170400,,,0,0,0,12400,12400,0,10.5,23.7,11.9,15.8,10.7,6.5,8.1
"2026/02/10","2026/02/13","9742","アイネス","東証およびＰＴＳ",,"確報",100,0,12600,0,1000,23300,-10700,200300,0,25237800,0,2003000,46669900,-21432100,,,0,0,537500,0,0,1044900,57.9,329,26.3,48.7,62.9,66.4,64.6
"2026/02/10","2026/02/13","9743","丹青社","東証およびＰＴＳ",,"確報",0,1200,15900,0,0,0,15900,0,1887600,25010700,0,0,0,25010700,,,0,0,581400,0,0,0,12.4,66.2,7.9,14.1,0,1,2
"2026/02/10","2026/02/13","9744","メイテックＧＨＤ","東証およびＰＴＳ",,"確報",400,400,7700,0,0,7700,0,1425600,1425600,27442800,0,0,27442800,0,,,0,0,207900,0,0,207900,8.8,5.1,7,5.9,8.9,328,17.3
"2026/02/10","2026/02/13","9746","ＴＫＣ","東証およびＰＴＳ",,"確報",2000,1200,2700,1400,100,39800,-37100,8410000,5046000,11353500,5887000,420500,167359000,-156005500,,,0,0,114000,0,0,2310000,11.7,3.1,3,3,9.3,70.6,16.4
"2026/02/10","2026/02/13","9753","アイエックスナレッジ","東証およびＰＴＳ",,"確報",0,500,18900,0,0,0,18900,0,644000,24343200,0,0,0,24343200,,,0,0,58200,0,0,0,17.9,126.1,9.6,17.9,0,0,0
"2026/02/10","2026/02/13","9755","応用地質","東証およびＰＴＳ",,"確報",9300,4900,29700,1000,0,29700,0,27667500,14577500,88357500,2975000,0,88357500,0,,,0,0,885500,0,0,1004500,10.5,5.7,6.1,5.9,93.6,24.1,38.3
"2026/02/10","2026/02/13","9757","船井総研ＨＤ","東証およびＰＴＳ",,"確報",1500,13500,93200,0,12000,93200,0,1681500,15133500,104477200,0,13452000,104477200,0,,,0,0,0,841600,841600,0,9.8,7.4,11.8,9.1,8.4,14.7,10.7
"2026/02/10","2026/02/13","9759","ＮＳＤ","東証およびＰＴＳ",,"確報",3100,0,10200,3300,200,10200,0,9808400,0,32272800,10441200,632800,32272800,0,,,0,0,411800,0,0,411800,1.5,2.5,3.3,2.8,1.3,1.3,1.3
"2026/02/10","2026/02/13","9760","進学会ＨＤ","東証およびＰＴＳ",,"確報",300,0,10100,100,0,11000,-900,48600,0,1636200,16200,0,1782000,-145800,,,0,0,0,0,0,0,24.5,7.2,53.6,12.6,66,264,105.6
"2026/02/10","2026/02/13","9761","東海リース","東証およびＰＴＳ",,"確報",0,0,3600,0,0,0,3600,0,0,9565200,0,0,0,9565200,,,0,0,39600,0,0,0,364,0,182,364,0,0,0
"2026/02/10","2026/02/13","9763","丸建リース","東証およびＰＴＳ",,"確報",0,0,3000,100,100,3000,0,0,0,13710000,457000,457000,13710000,0,,,0,0,30000,0,0,30000,10,7.6,9.1,8.3,8.4,31.5,13.3
"2026/02/10","2026/02/13","9765","オオバ","東証およびＰＴＳ",,"確報",100,200,3000,0,0,2100,900,120000,240000,3600000,0,0,2520000,1080000,,,0,0,34100,0,0,23100,24.5,30.2,21.6,25.2,39.7,17,23.8
"2026/02/10","2026/02/13","9766","コナミグループ","東証およびＰＴＳ",,"確報",200,500,12500,1000,0,2700,9800,3900000,9750000,243750000,19500000,0,52650000,191100000,,,0,0,13440000,0,0,1785000,11.1,13.8,17.5,15.4,4.1,2.9,3.4
"2026/02/10","2026/02/13","9767","日建工学","東証およびＰＴＳ",,"確報",0,100,600,0,0,0,600,0,164400,986400,0,0,0,986400,,,0,0,7000,0,0,0,16,16,16,16,0,0,0
"2026/02/10","2026/02/13","9768","いであ","東証およびＰＴＳ",,"確報",0,1600,4700,0,0,0,4700,0,7176000,21079500,0,0,0,21079500,,,0,0,0,724500,0,0,2.1,48.4,1.1,2.1,0,0,0
"2026/02/10","2026/02/13","9769","学究社","東証およびＰＴＳ",,"確報",0,100,0,0,0,0,0,0,246400,0,0,0,0,0,,,0,0,700,0,0,0,4.4,11,2.8,4.4,0,0,0
"2026/02/10","2026/02/13","9776","札幌臨床検査センター","東証およびＰＴＳ",,"確報",0,0,0,0,0,0,0,0,0,0,0,0,0,0,,,0,0,0,0,0,0,0,0,0,0,0,0,0
"2026/02/10","2026/02/13","9778","昴","東証およびＰＴＳ",,"確報",0,0,0,0,0,0,0,0,0,0,0,0,0,0,,,0,0,0,0,0,0,0,0,0,0,0,0,0
"2026/02/10","2026/02/13","9780","ハリマビステム","東証およびＰＴＳ",,"確報",0,300,13700,0,0,0,13700,0,293400,13398600,0,0,0,13398600,,,0,0,532000,0,0,0,229.7,229.7,229.7,229.7,0,0,0
"2026/02/10","2026/02/13","9782","ディーエムエス","東証およびＰＴＳ",,"確報",100,300,6500,0,0,0,6500,389500,1168500,25317500,0,0,0,25317500,,,0,0,703500,0,0,0,65.2,65.2,65.2,65.2,0,0,0
"2026/02/10","2026/02/13","9788","ナック","東証およびＰＴＳ",,"確報",200,100,4700,100,0,4700,0,110600,55300,2599100,55300,0,2599100,0,,,0,0,0,13800,13800,0,57.5,32.9,46,38.3,76.7,230,115
"2026/02/10","2026/02/13","9790","福井コンピュータＨＤ","東証およびＰＴＳ",,"確報",200,0,8200,0,0,0,8200,644000,0,26404000,0,0,0,26404000,,,0,0,600000,0,0,0,5.2,52.3,10,16.7,0,0.1,0.2
"2026/02/10","2026/02/13","9791","ビケンテクノ","東証およびＰＴＳ",,"確報",0,0,29300,0,0,0,29300,0,0,41078600,0,0,0,41078600,,,0,0,87900,0,0,0,196.7,491.7,122.9,196.7,0,0,0
"2026/02/10","2026/02/13","9793","ダイセキ","東証およびＰＴＳ",,"確報",200,0,2700,0,0,2500,200,752000,0,10152000,0,0,9400000,752000,,,0,0,100000,0,0,100000,7.3,10.5,6.7,8.2,8.7,5.3,6.6
"2026/02/10","2026/02/13","9795","ステップ","東証およびＰＴＳ",,"確報",600,0,2900,1000,0,3300,-400,1498800,0,7244200,2498000,0,8243400,-999200,,,0,0,0,0,0,0,11.3,6.9,22.2,10.6,6.8,57.5,12.1
"2026/02/10","2026/02/13","9799","旭情報サービス","東証およびＰＴＳ",,"確報",0,0,1500,0,0,0,1500,0,0,1804500,0,0,0,1804500,,,0,0,0,19500,0,0,0,0,0,0,0,0,0
"2026/02/10","2026/02/13","9812","テーオーＨＤ","東証およびＰＴＳ",,"確報",0,400,2900,0,0,0,2900,0,114400,829400,0,0,0,829400,,,0,0,0,3300,0,0,15.6,12.7,20,15.6,0,0,0
"2026/02/10","2026/02/13","9816","ストライダーズ","東証およびＰＴＳ",,"確報",0,1000,400,0,0,0,400,0,319000,127600,0,0,0,127600,,,0,0,8400,0,0,0,2.7,2.7,2.7,2.7,0,0,0
"2026/02/10","2026/02/13","9818","大丸エナウィン","東証およびＰＴＳ",,"確報",0,300,300,0,0,0,300,0,564300,564300,0,0,0,564300,,,0,0,20400,0,0,0,6.4,7.3,5.8,6.4,0,0,0
"2026/02/10","2026/02/13","9820","エムティジェネックス","東証およびＰＴＳ",,"確報",0,0,100,0,0,0,100,0,0,349500,0,0,0,349500,,,0,0,2000,0,0,0,16,0,8,16,0,0,0
"2026/02/10","2026/02/13","9823","マミーマートＨＤ","東証およびＰＴＳ",,"確報",0,0,43600,0,0,0,43600,0,0,61694000,0,0,0,61694000,,,0,0,697600,0,0,0,546.8,2187,312.4,546.8,0,0,0
"2026/02/10","2026/02/13","9824","泉州電業","東証およびＰＴＳ",,"確報",200,200,6300,1100,100,14600,-8300,1276000,1276000,40194000,7018000,638000,93148000,-52954000,,,0,0,630000,0,0,1360000,21.8,10.1,19,13.2,18.7,109.3,32
"2026/02/10","2026/02/13","9827","リリカラ","東証およびＰＴＳ",,"確報",0,0,3300,0,0,0,3300,0,0,2191200,0,0,0,2191200,,,0,0,19800,0,0,0,44.6,52,39,44.6,0,0,0
"2026/02/10","2026/02/13","9828","ゲンキＧＤＣ","東証およびＰＴＳ",,"確報",400,0,5000,0,600,1700,3300,1176800,0,14710000,0,1765200,5001400,9708600,,,0,0,0,9200,4600,0,24.6,33.4,33.4,33.4,0,8.1,16.3
"2026/02/10","2026/02/13","9830","トラスコ中山","東証およびＰＴＳ",,"確報",0,0,2900,1600,0,2400,500,0,0,7783600,4294400,0,6441600,1342000,,,0,0,179800,0,0,49600,9.1,8.6,0,17.2,2,43,3.7
"2026/02/10","2026/02/13","9831","ヤマダＨＤ","東証およびＰＴＳ",,"確報",14600,3000,186600,10600,2300,194800,-8200,8126360,1669800,103861560,5899960,1280180,108425680,-4564120,,,0,0,1295000,0,0,1380100,11.1,13.3,20.9,16.3,9.3,8.1,8.7
"2026/02/10","2026/02/13","9832","オートバックスセブン","東証およびＰＴＳ",,"確報",0,900,2200,0,900,2200,0,0,1513800,3700400,0,1513800,3700400,0,,,0,0,34100,0,0,34100,0.9,2.5,1.6,2,10,0.3,0.5
"2026/02/10","2026/02/13","9835","ジュンテンドー","東証およびＰＴＳ",,"確報",0,300,300,0,0,1100,-800,0,156000,156000,0,0,572000,-416000,,,0,0,1800,0,0,3300,6.2,3.4,4.3,3.8,4.6,25.5,7.8
"2026/02/10","2026/02/13","9837","モリト","東証およびＰＴＳ",,"確報",1300,4600,14100,0,3300,14100,0,2524600,8933200,27382200,0,6408600,27382200,0,,,0,0,330600,0,0,330600,7.2,4.6,11.5,6.6,5.1,18,7.9
"2026/02/10","2026/02/13","9842","アークランズ","東証およびＰＴＳ",,"確報",0,1700,12500,5900,5200,67000,-54500,0,3406800,25050000,11823600,10420800,134268000,-109218000,,,0,0,255600,0,0,1193400,14,15,9.7,11.8,15.6,13.6,14.5
"2026/02/10","2026/02/13","9843","ニトリＨＤ","東証およびＰＴＳ",,"確報",0,13100,75800,50900,0,238200,-162400,0,38487800,222700400,149544200,0,699831600,-477131200,,,0,0,3733800,0,0,7866600,4.3,3.6,2,2.6,2.9,188.4,5.7
"2026/02/10","2026/02/13","9845","パーカーコーポ","東証およびＰＴＳ",,"確報",0,2200,4200,0,0,0,4200,0,3447400,6581400,0,0,0,6581400,,,0,0,300800,0,0,0,8.3,8.9,7.7,8.3,0,0,0
"2026/02/10","2026/02/13","9846","天満屋ストア","東証およびＰＴＳ",,"確報",0,0,100,0,0,0,100,0,0,97700,0,0,0,97700,,,0,0,600,0,0,0,6,6,6,6,0,0,0
"2026/02/10","2026/02/13","9849","共同紙販ＨＤ","東証およびＰＴＳ",,"確報",0,0,100,0,0,0,100,0,0,460000,0,0,0,460000,,,0,0,0,0,0,0,0,0,0,0,0,0,0
"2026/02/10","2026/02/13","9850","グルメ杵屋","東証およびＰＴＳ",,"確報",500,0,15900,900,1100,101000,-85100,507000,0,16122600,912600,1115400,102414000,-86291400,,,0,0,138600,0,0,910800,112,66.8,20,30.8,282.3,145.2,191.7
"2026/02/10","2026/02/13","9853","銀座ルノアール","東証およびＰＴＳ",,"確報",0,0,800,0,0,0,800,0,0,764000,0,0,0,764000,,,0,0,5600,0,0,0,0,0,0,0,0,0,0
"2026/02/10","2026/02/13","9854","愛眼","東証およびＰＴＳ",,"確報",0,0,13300,0,0,0,13300,0,0,3245200,0,0,0,3245200,,,0,0,172900,0,0,0,49.2,37.6,71,49.2,0,0,0
"2026/02/10","2026/02/13","9856","ケーユーＨＤ","東証およびＰＴＳ",,"確報",100,400,6300,100,0,6700,-400,129100,516400,8133300,129100,0,8649700,-516400,,,0,0,39600,0,0,39600,15.1,7.9,63.5,14.1,8.1,0,16.1
"2026/02/10","2026/02/13","9857","英和","東証およびＰＴＳ",,"確報",0,0,900,0,0,0,900,0,0,2434500,0,0,0,2434500,,,0,0,0,20700,0,0,42,42,42,42,0,0,0
"2026/02/10","2026/02/13","9861","吉野家ＨＤ","東証およびＰＴＳ",,"確報",4600,2200,48800,2400,0,48800,0,14503800,6936600,153866400,7567200,0,153866400,0,,,0,0,2505600,0,0,2505600,23.1,15.5,18.4,16.8,31,45,36.7
"2026/02/10","2026/02/13","9867","ソレキア","東証およびＰＴＳ",,"確報",0,0,1300,0,0,0,1300,0,0,14963000,0,0,0,14963000,,,0,0,182000,0,0,0,10.2,7.6,15.3,10.2,0,0,0
"2026/02/10","2026/02/13","9869","加藤産業","東証およびＰＴＳ",,"確報",0,400,1600,200,0,15700,-14100,0,2744000,10976000,1372000,0,107702000,-96726000,,,0,0,200000,0,0,1550000,15.3,16.6,5,7.6,19.3,18.4,18.9
"2026/02/10","2026/02/13","9872","北恵","東証およびＰＴＳ",,"確報",0,500,9600,100,600,9600,0,0,448500,8611200,89700,538200,8611200,0,,,0,0,0,0,0,0,51.6,507,50.7,92.2,550,19,36.7
"2026/02/10","2026/02/13","9876","コックス","東証およびＰＴＳ",,"確報",0,0,3400,0,0,0,3400,0,0,839800,0,0,0,839800,,,0,0,0,3400,0,0,114,85.5,171,114,0,0,0
"2026/02/10","2026/02/13","9878","セキド","東証およびＰＴＳ",,"確報",0,200,4800,0,0,0,4800,0,109800,2635200,0,0,0,2635200,,,0,0,65000,0,0,0,42,0,21,42,0,0,0
"2026/02/10","2026/02/13","9880","イノテック","東証およびＰＴＳ",,"確報",3200,1400,13600,0,0,0,13600,8892800,3890600,37794400,0,0,0,37794400,,,0,0,5628600,0,0,0,8.9,8.9,9,8.9,0,0,0
"2026/02/10","2026/02/13","9882","イエローハット","東証およびＰＴＳ",,"確報",300,0,4300,100,0,1700,2600,497700,0,7133700,165900,0,2820300,4313400,,,0,0,0,4000,1600,0,11.3,9.6,16,12,14.6,7.3,9.7
"2026/02/10","2026/02/13","9885","シャルレ","東証およびＰＴＳ",,"確報",0,0,2500,0,0,0,2500,0,0,952500,0,0,0,952500,,,0,0,27500,0,0,0,41,61.5,30.8,41,0,0,0
"2026/02/10","2026/02/13","9887","松屋フーズＨＤ","東証およびＰＴＳ",,"確報",400,2200,8500,0,1600,9100,-600,2700000,14850000,57375000,0,10800000,61425000,-4050000,,,0,0,0,309000,321000,0,7.3,5,4.1,4.5,18.7,12.6,15
"2026/02/10","2026/02/13","9888","ＵＥＸ","東証およびＰＴＳ",,"確報",0,0,5000,0,0,0,5000,0,0,4225000,0,0,0,4225000,,,0,0,40000,0,0,0,12,10.8,13.5,12,0,0,0
"2026/02/10","2026/02/13","9889","ＪＢＣＣＨＤ","東証およびＰＴＳ",,"確報",1200,500,10900,9200,400,10600,300,1728000,720000,15696000,13248000,576000,15264000,432000,,,0,0,673200,0,0,118800,2.2,4.5,1.7,2.5,3.2,1.4,1.9
"2026/02/10","2026/02/13","9890","マキヤ","東証およびＰＴＳ",,"確報",0,0,0,0,0,0,0,0,0,0,0,0,0,0,,,0,0,0,0,0,0,0,0,0,0,0,0,0
"2026/02/10","2026/02/13","9895","コンセック","東証およびＰＴＳ",,"確報",0,0,1600,0,0,0,1600,0,0,2001600,0,0,0,2001600,,,0,0,14400,0,0,0,19.7,9.9,0,19.7,0,0,0
"2026/02/10","2026/02/13","9896","ＪＫホールディングス","東証およびＰＴＳ",,"確報",0,300,2500,0,300,2500,0,0,444000,3700000,0,444000,3700000,0,,,0,0,0,78400,78400,0,7.8,9.2,7.2,8.1,8.4,6.7,7.5
"2026/02/10","2026/02/13","9900","サガミＨＤ","東証およびＰＴＳ",,"確報",0,1100,3300,0,3400,38400,-35100,0,2226400,6679200,0,6881600,77721600,-71042400,,,0,0,140800,0,0,1337600,18,20.2,4.8,7.7,20.4,24.3,22.2
"2026/02/10","2026/02/13","9902","日伝","東証およびＰＴＳ",,"確報",900,300,1900,1300,0,7900,-6000,2304000,768000,4864000,3328000,0,20224000,-15360000,,,0,0,59800,0,0,303600,15.2,5.1,5.1,5.1,21.2,40,27.7
"2026/02/10","2026/02/13","9903","カンセキ","東証およびＰＴＳ",,"確報",0,0,1200,0,0,800,400,0,0,1057200,0,0,704800,352400,,,0,0,4800,0,0,3200,40.8,0,0,0,21,14,16.8
"2026/02/10","2026/02/13","9904","ベリテ","東証およびＰＴＳ",,"確報",0,200,2800,0,0,0,2800,0,80400,1125600,0,0,0,1125600,,,0,0,0,0,0,0,16.8,16,17.8,16.8,0,0,0
"2026/02/10","2026/02/13","9906","藤井産業","東証およびＰＴＳ",,"確報",0,0,2400,0,0,0,2400,0,0,10332000,0,0,0,10332000,,,0,0,12000,0,0,0,0,0,0,0,0,0,0
"2026/02/10","2026/02/13","9908","日本電計","東証およびＰＴＳ",,"確報",200,0,2000,0,0,0,2000,529800,0,5298000,0,0,0,5298000,,,0,0,72000,0,0,0,13.3,8,40,13.3,0,0,0
"2026/02/10","2026/02/13","9913","日邦産業","東証およびＰＴＳ",,"確報",0,0,2500,0,0,2500,0,0,0,7305000,0,0,7305000,0,,,0,0,7500,0,0,7500,20.2,15.4,10.3,12.3,0,26,52
"2026/02/10","2026/02/13","9914","植松商会","東証およびＰＴＳ",,"確報",0,0,0,0,0,0,0,0,0,0,0,0,0,0,,,0,0,0,0,0,0,0,0,0,0,0,0,0
"2026/02/10","2026/02/13","9927","ワットマン","東証およびＰＴＳ",,"確報",0,0,0,0,0,0,0,0,0,0,0,0,0,0,,,0,0,0,0,0,0,0,0,0,0,0,0,0
"2026/02/10","2026/02/13","9928","ミロク情報サービス","東証およびＰＴＳ",,"確報",0,500,3400,500,0,2900,500,0,912000,6201600,912000,0,5289600,912000,,,0,0,128700,0,0,79200,3.2,2.4,2.5,2.5,4.5,4.5,4.5
"2026/02/10","2026/02/13","9929","平和紙業","東証およびＰＴＳ",,"確報",0,0,0,0,0,0,0,0,0,0,0,0,0,0,,,0,0,0,0,0,0,0,0,0,0,0,0,0
"2026/02/10","2026/02/13","9930","北沢産業","東証およびＰＴＳ",,"確報",0,0,255100,0,0,0,255100,0,0,90815600,0,0,0,90815600,,,0,0,765300,0,0,0,705.9,438,9999.9,846.7,0,0.8,1.7
"2026/02/10","2026/02/13","9932","杉本商事","東証およびＰＴＳ",,"確報",700,600,3900,100,0,3900,0,1028300,881400,5729100,146900,0,5729100,0,,,0,0,140600,0,0,140600,5.6,4.1,3.4,3.7,71,12.5,21.3
"2026/02/10","2026/02/13","9934","因幡電機産業","東証およびＰＴＳ",,"確報",1700,400,14200,800,100,15300,-1100,4731100,1113200,39518600,2226400,278300,42579900,-3061300,,,0,0,283800,0,0,321200,10.5,6.6,10.5,8.1,9.6,30.7,14.6
"2026/02/10","2026/02/13","9936","王将フードサービス","東証およびＰＴＳ",,"確報",2900,2700,6000,300,0,6000,0,9367000,8721000,19380000,969000,0,19380000,0,,,0,0,203000,0,0,199500,11.3,8.6,6.1,7.1,103.3,18.2,31
"2026/02/10","2026/02/13","9941","太洋物産","東証およびＰＴＳ",,"確報",0,500,3800,0,0,0,3800,0,361000,2743600,0,0,0,2743600,,,0,0,0,120400,0,0,38.5,0,19.3,38.5,0,0,0
"2026/02/10","2026/02/13","9946","ミニストップ","東証およびＰＴＳ",,"確報",1100,100,6000,1600,200,111700,-105700,2233000,203000,12180000,3248000,406000,226751000,-214571000,,,0,0,0,5000,110300,0,69.5,7.5,7.3,7.4,98.8,190.8,130.2
"2026/02/10","2026/02/13","9948","アークス","東証およびＰＴＳ",,"確報",0,2400,400,1300,400,6400,-6000,0,8904000,1484000,4823000,1484000,23744000,-22260000,,,0,0,154000,0,0,302500,5.2,11.9,2.3,3.8,8.2,4.4,5.8
"2026/02/10","2026/02/13","9950","ハチバン","東証およびＰＴＳ",,"確報",0,0,0,0,0,0,0,0,0,0,0,0,0,0,,,0,0,0,0,0,0,0,0,0,0,0,0,0
"2026/02/10","2026/02/13","9955","ヨンキュウ","東証およびＰＴＳ",,"確報",0,0,0,0,0,0,0,0,0,0,0,0,0,0,,,0,0,0,0,0,0,0,0,0,0,0,0,0
"2026/02/10","2026/02/13","9956","バローＨＤ","東証およびＰＴＳ",,"確報",800,100,14000,0,0,500,13500,2928000,366000,51240000,0,0,1830000,49410000,,,0,0,199500,0,0,7500,39.1,28.9,332.5,53.2,3.2,4.8,3.8
"2026/02/10","2026/02/13","9959","アシードＨＤ","東証およびＰＴＳ",,"確報",200,200,3200,0,0,200,3000,171200,171200,2739200,0,0,171200,2568000,,,0,0,0,48000,3000,0,24.6,80,80,80,12,1.3,2.4
"2026/02/10","2026/02/13","9960","東テク","東証およびＰＴＳ",,"確報",3600,1400,11700,0,0,18200,-6500,15660000,6090000,50895000,0,0,79170000,-28275000,,,0,0,807500,0,0,1547000,16.7,6.8,19.4,10,35.6,19.4,25.1
"2026/02/10","2026/02/13","9962","ミスミグループ本社","東証およびＰＴＳ",,"確報",5500,1100,10100,400,1900,32700,-22600,17440500,3488100,32027100,1268400,6024900,103691700,-71664600,,,0,0,0,5700,34200,0,6.1,3,4.3,3.5,17.8,4.4,7
"2026/02/10","2026/02/13","9969","ショクブン","東証およびＰＴＳ",,"確報",0,1200,4300,0,1200,4300,0,0,310800,1113700,0,310800,1113700,0,,,0,0,0,0,0,0,29.2,87.7,15.5,26.3,263,17.5,32.9
"2026/02/10","2026/02/13","9972","アルテック","東証およびＰＴＳ",,"確報",700,0,778200,0,0,200,778000,193900,0,215561400,0,0,55400,215506000,,,0,0,777500,0,0,200,75.2,2046.7,38.5,75.6,13,3.3,5.2
"2026/02/10","2026/02/13","9973","ＫＯＺＯＨＤ","東証およびＰＴＳ",,"確報",12100,10800,2070100,0,0,0,2070100,350900,313200,60032900,0,0,0,60032900,,,0,0,0,0,0,0,107.1,85.1,144.6,107.1,0,0,0
"2026/02/10","2026/02/13","9974","ベルク","東証およびＰＴＳ",,"確報",100,0,1400,0,300,300,1100,772000,0,10808000,0,2316000,2316000,8492000,,,0,0,143000,0,0,66000,3.8,5.6,4.4,4.9,5.8,1.9,2.8
"2026/02/10","2026/02/13","9976","セキチュー","東証およびＰＴＳ",,"確報",0,0,0,0,0,0,0,0,0,0,0,0,0,0,,,0,0,0,0,0,0,0,0,0,0,0,0,0
"2026/02/10","2026/02/13","9978","文教堂グループＨＤ","東証およびＰＴＳ",,"確報",100,300,40500,0,0,0,40500,5100,15300,2065500,0,0,0,2065500,,,0,0,40700,0,0,0,132,99,198,132,0,0,0
"2026/02/10","2026/02/13","9979","大庄","東証およびＰＴＳ",,"確報",0,1000,1400,1500,0,49900,-48500,0,1175000,1645000,1762500,0,58632500,-56987500,,,0,0,0,0,0,0,47.2,21.8,3.1,5.5,52.7,182.5,81.8
"2026/02/10","2026/02/13","9980","ＭＲＫ　ＨＬＤ","東証およびＰＴＳ",,"確報",100,3800,258000,0,0,0,258000,9500,361000,24510000,0,0,0,24510000,,,0,0,261700,0,0,0,84.9,191.3,54.6,84.9,0,0,0
"2026/02/10","2026/02/13","9982","タキヒヨー","東証およびＰＴＳ",,"確報",3000,0,279600,0,0,0,279600,6672000,0,621830400,0,0,0,621830400,,,0,0,14659800,0,0,0,445.4,246.6,2301.2,445.4,0,0,0
"2026/02/10","2026/02/13","9983","ファーストリテイリン","東証およびＰＴＳ",,"確報",0,800,1400,48600,1400,266300,-264900,0,54808000,95914000,3329586000,95914000,18244213000,-18148299000,,,0,0,1452000,0,0,144606000,5.2,2.9,1.9,2.3,3.1,24.9,5.6
"2026/02/10","2026/02/13","9984","ソフトバンクグループ","東証およびＰＴＳ",,"確報",13900,787600,3910500,73700,4100,182900,3727600,65399500,3705658000,18398902500,346758500,19290500,860544500,17538358000,,,0,0,2126626800,0,0,51438200,16.5,24,14,17.7,2.5,5.6,3.5
"2026/02/10","2026/02/13","9986","蔵王産業","東証およびＰＴＳ",,"確報",0,0,1900,0,0,0,1900,0,0,4894400,0,0,0,4894400,,,0,0,20900,0,0,0,0,0,0,0,0,0,0
"2026/02/10","2026/02/13","9987","スズケン","東証およびＰＴＳ",,"確報",0,0,0,300,0,14200,-14200,0,0,0,1970700,0,93279800,-93279800,,,0,0,0,0,0,264100,26.9,0,0.8,1.5,42.5,21.9,28.9
"2026/02/10","2026/02/13","9989","サンドラッグ","東証およびＰＴＳ",,"確報",100,200,500,0,0,500,0,423600,847200,2118000,0,0,2118000,0,,,0,0,2400,0,0,2000,4.4,12.3,3.2,5.1,2.7,3.4,3
"2026/02/10","2026/02/13","9990","サックスバー　ＨＤ","東証およびＰＴＳ",,"確報",0,1800,11400,100,1900,11400,0,0,1474200,9336600,81900,1556100,9336600,0,,,0,0,52800,0,0,52800,17.7,23.8,9.9,13.9,230,12.8,24.2
"2026/02/10","2026/02/13","9991","ジェコス","東証およびＰＴＳ",,"確報",1400,500,17500,0,0,2800,14700,2318400,828000,28980000,0,0,4636800,24343200,,,0,0,0,232400,39200,0,33.8,19,102.3,32.1,72.5,36.3,48.3
"2026/02/10","2026/02/13","9993","ヤマザワ","東証およびＰＴＳ",,"確報",0,200,200,0,0,0,200,0,242000,242000,0,0,0,242000,,,0,0,1200,0,0,0,14,0,7,14,0,0,0
"2026/02/10","2026/02/13","9994","やまや","東証およびＰＴＳ",,"確報",2000,100,18200,0,0,700,17500,4604000,230200,41896400,0,0,1611400,40285000,,,0,0,652000,0,0,28000,48.6,36,276,63.7,3.8,7.7,5.1
"2026/02/10","2026/02/13","9996","サトー商会","東証およびＰＴＳ",,"確報",0,0,200,100,0,100,100,0,0,452000,226000,0,226000,226000,,,0,0,4400,0,0,0,13,0,0,0,3,3,3
"2026/02/10","2026/02/13","9997","ベルーナ","東証およびＰＴＳ",,"確報",100,600,24300,0,0,400,23900,97100,582600,23595300,0,0,388400,23206900,,,0,0,372000,0,0,6000,72.6,113.6,52.1,71.4,0,0,0
"2026/02/10","2026/02/13","1319","ＮＦ日経３００","名証",,"確報",0,0,0,0,0,0,0,0,0,0,0,0,0,0,,,0,0,0,0,0,0,0,0,0,0,0,0,0
"2026/02/10","2026/02/13","138A","光フードサービス","名証",,"確報",0,0,0,0,0,0,0,0,0,0,0,0,0,0,,,0,0,0,0,0,0,0,0,0,0,0,0,0
"2026/02/10","2026/02/13","1438","岐阜造園","名証",,"確報",0,0,0,0,0,0,0,0,0,0,0,0,0,0,,,0,0,0,0,0,0,0,0,0,0,0,0,0
"2026/02/10","2026/02/13","1444","ニッソウ","名証",,"確報",0,0,0,0,0,0,0,0,0,0,0,0,0,0,,,0,0,0,0,0,0,0,0,0,0,0,0,0
"2026/02/10","2026/02/13","1553","ＭＸＳＳ＆Ｐ東海投信","名証",,"確報",0,0,0,0,0,0,0,0,0,0,0,0,0,0,,,0,0,0,0,0,0,0,0,0,0,0,0,0
"2026/02/10","2026/02/13","1738","ニットー","名証",,"確報",2000,0,2100,0,0,0,2100,1244000,0,1306200,0,0,0,1306200,,,0,0,0,500,0,0,2.5,1.3,0,2.5,0,0,0
"2026/02/10","2026/02/13","1766","東建コーポレーション","名証",,"確報",0,0,0,0,0,0,0,0,0,0,0,0,0,0,,,0,0,0,0,0,0,0,0,0,0,0,0,0
"2026/02/10","2026/02/13","1777","川崎設備工業","名証",,"確報",200,200,20700,0,0,0,20700,533800,533800,55248300,0,0,0,55248300,,,0,0,310500,0,0,0,43.6,36.3,54.5,43.6,0,0,0
"2026/02/10","2026/02/13","1780","ヤマウラ","名証",,"確報",0,0,0,0,0,0,0,0,0,0,0,0,0,0,,,0,0,0,0,0,0,0,0,0,0,0,0,0
"2026/02/10","2026/02/13","1801","大成建設","名証",,"確報",0,0,0,0,0,0,0,0,0,0,0,0,0,0,,,0,0,0,0,0,0,0,0,0,0,0,0,0
"2026/02/10","2026/02/13","1803","清水建設","名証",,"確報",0,0,0,0,0,0,0,0,0,0,0,0,0,0,,,0,0,0,0,0,0,0,0,0,0,0,0,0
"2026/02/10","2026/02/13","1811","銭高組","名証",,"確報",0,0,0,0,0,0,0,0,0,0,0,0,0,0,,,0,0,0,0,0,0,0,0,0,0,0,0,0
"2026/02/10","2026/02/13","1812","鹿島建設","名証",,"確報",0,0,0,0,0,0,0,0,0,0,0,0,0,0,,,0,0,0,0,0,0,0,0,0,0,0,0,0
"2026/02/10","2026/02/13","1869","名工建設","名証",,"確報",0,0,3800,0,0,0,3800,0,0,7083200,0,0,0,7083200,,,0,0,57000,0,0,0,36.2,20,0,40,0,1,2
"2026/02/10","2026/02/13","1870","矢作建設工業","名証",,"確報",0,0,0,0,0,0,0,0,0,0,0,0,0,0,,,0,0,0,0,0,0,0,0,0,0,0,0,0
"2026/02/10","2026/02/13","1878","大東建託","名証",,"確報",0,0,0,0,0,0,0,0,0,0,0,0,0,0,,,0,0,0,0,0,0,0,0,0,0,0,0,0
"2026/02/10","2026/02/13","1892","徳倉建設","名証",,"確報",0,0,1800,0,0,0,1800,0,0,12726000,0,0,0,12726000,,,0,0,36000,0,0,0,24.6,12.3,0,24.6,0,0,0
"2026/02/10","2026/02/13","1893","五洋建設","名証",,"確報",0,0,0,0,0,0,0,0,0,0,0,0,0,0,,,0,0,0,0,0,0,0,0,0,0,0,0,0
"2026/02/10","2026/02/13","1928","積水ハウス","名証",,"確報",0,0,0,0,0,0,0,0,0,0,0,0,0,0,,,0,0,0,0,0,0,0,0,0,0,0,0,0
"2026/02/10","2026/02/13","1946","トーエネック","名証",,"確報",0,0,0,0,0,0,0,0,0,0,0,0,0,0,,,0,0,0,0,0,0,0,0,0,0,0,0,0
"2026/02/10","2026/02/13","2053","中部飼料","名証",,"確報",0,0,0,0,0,0,0,0,0,0,0,0,0,0,,,0,0,0,0,0,0,0,0,0,0,0,0,0
"2026/02/10","2026/02/13","212A","フィットイージー","名証",,"確報",0,0,0,0,0,0,0,0,0,0,0,0,0,0,,,0,0,0,0,0,0,0,0,0,0,0,0,0
"2026/02/10","2026/02/13","2139","中広","名証",,"確報",0,0,0,0,0,0,0,0,0,0,0,0,0,0,,,0,0,0,0,0,0,0,0,0,0,0,0,0
"2026/02/10","2026/02/13","2169","ＣＤＳ","名証",,"確報",0,0,0,0,0,0,0,0,0,0,0,0,0,0,,,0,0,0,0,0,0,0,0,0,0,0,0,0
"2026/02/10","2026/02/13","2185","シイエム・シイ","名証",,"確報",0,0,0,0,0,0,0,0,0,0,0,0,0,0,,,0,0,0,0,0,0,0,0,0,0,0,0,0
"2026/02/10","2026/02/13","2207","ｍｅｉｔｏ","名証",,"確報",0,0,0,0,0,0,0,0,0,0,0,0,0,0,,,0,0,0,0,0,0,0,0,0,0,0,0,0
"2026/02/10","2026/02/13","2209","井村屋グループ","名証",,"確報",0,0,0,0,0,0,0,0,0,0,0,0,0,0,,,0,0,0,0,0,0,0,0,0,0,0,0,0
"2026/02/10","2026/02/13","2224","コモ","名証",,"確報",0,0,0,0,0,0,0,0,0,0,0,0,0,0,,,0,0,0,0,0,0,0,0,0,0,0,0,0
"2026/02/10","2026/02/13","2327","日鉄ソリューションズ","名証",,"確報",0,0,0,0,0,0,0,0,0,0,0,0,0,0,,,0,0,0,0,0,0,0,0,0,0,0,0,0
"2026/02/10","2026/02/13","2329","東北新社","名証",,"確報",0,0,0,0,0,0,0,0,0,0,0,0,0,0,,,0,0,0,0,0,0,0,0,0,0,0,0,0
"2026/02/10","2026/02/13","2351","ＡＳＪ","名証",,"確報",0,0,0,0,0,0,0,0,0,0,0,0,0,0,,,0,0,0,0,0,0,9999.9,9999.9,9999.9,9999.9,9999.9,9999.9,9999.9
"2026/02/10","2026/02/13","2376","サイネックス","名証",,"確報",0,0,0,0,0,0,0,0,0,0,0,0,0,0,,,0,0,0,0,0,0,0,0,0,0,0,0,0
"2026/02/10","2026/02/13","2424","ブラス","名証",,"確報",0,0,0,0,0,0,0,0,0,0,0,0,0,0,,,0,0,0,0,0,0,0,0,0,0,0,0,0
"2026/02/10","2026/02/13","2435","シダー","名証",,"確報",0,0,0,0,0,0,0,0,0,0,0,0,0,0,,,0,0,0,0,0,0,0,0,0,0,0,0,0
"2026/02/10","2026/02/13","246A","アスア","名証",,"確報",0,0,0,0,0,0,0,0,0,0,0,0,0,0,,,0,0,0,0,0,0,0,0,0,0,0,0,0
"2026/02/10","2026/02/13","2479","ジェイテック","名証",,"確報",0,0,0,0,0,0,0,0,0,0,0,0,0,0,,,0,0,0,0,0,0,0,0,0,0,0,0,0
"2026/02/10","2026/02/13","2485","ティア","名証",,"確報",0,0,0,0,0,0,0,0,0,0,0,0,0,0,,,0,0,0,0,0,0,0,0,0,0,0,0,0
"2026/02/10","2026/02/13","2551","マルサンアイ","名証",,"確報",0,0,600,0,0,0,600,0,0,2163000,0,0,0,2163000,,,0,0,6000,0,0,0,0,0,0,0,0,0,0
"2026/02/10","2026/02/13","259A","ケイ・ウノ","名証",,"確報",0,0,100,0,0,0,100,0,0,138800,0,0,0,138800,,,0,0,0,1200,0,0,0,0,0,0,0,0,0
"2026/02/10","2026/02/13","2686","ジーフット","名証",,"確報",0,0,0,0,0,0,0,0,0,0,0,0,0,0,,,0,0,0,0,0,0,0,0,0,0,0,0,0
"2026/02/10","2026/02/13","2722","ＩＫホールディングス","名証",,"確報",0,0,0,0,0,0,0,0,0,0,0,0,0,0,,,0,0,0,0,0,0,0,0,0,0,0,0,0
"2026/02/10","2026/02/13","2734","サーラコーポ","名証",,"確報",0,0,0,0,0,0,0,0,0,0,0,0,0,0,,,0,0,0,0,0,0,0,0,0,0,0,0,0
"2026/02/10","2026/02/13","2753","あみやき亭","名証",,"確報",0,0,0,0,0,0,0,0,0,0,0,0,0,0,,,0,0,0,0,0,0,0,0,0,0,0,0,0
"2026/02/10","2026/02/13","275A","ハンワホームズ","名証",,"確報",0,0,1500,0,0,0,1500,0,0,604500,0,0,0,604500,,,0,0,0,4500,0,0,0,0,0,0,0,0,0
"2026/02/10","2026/02/13","2778","パレモ・ＨＤ","名証",,"確報",0,0,0,0,0,0,0,0,0,0,0,0,0,0,,,0,0,0,0,0,0,0,0,0,0,0,0,0
"2026/02/10","2026/02/13","2780","コメ兵ＨＤ","名証",,"確報",0,0,0,0,0,0,0,0,0,0,0,0,0,0,,,0,0,0,0,0,0,0,0,0,0,0,0,0
"2026/02/10","2026/02/13","2806","ユタカフーズ","名証",,"確報",0,0,0,0,0,0,0,0,0,0,0,0,0,0,,,0,0,0,0,0,0,0,0,0,0,0,0,0
"2026/02/10","2026/02/13","2811","カゴメ","名証",,"確報",0,0,0,0,0,0,0,0,0,0,0,0,0,0,,,0,0,0,0,0,0,0,0,0,0,0,0,0
"2026/02/10","2026/02/13","2902","太陽化学","名証",,"確報",200,100,4700,0,0,0,4700,560800,280400,13178800,0,0,0,13178800,,,0,0,46000,0,0,0,22.9,79.7,39.8,53.1,0,1,2
"2026/02/10","2026/02/13","2983","アールプランナー","名証",,"確報",0,0,0,0,0,0,0,0,0,0,0,0,0,0,,,0,0,0,0,0,0,0,0,0,0,0,0,0
"2026/02/10","2026/02/13","2986","ＬＡホールディングス","名証",,"確報",0,0,0,0,0,0,0,0,0,0,0,0,0,0,,,0,0,0,0,0,0,0,0,0,0,0,0,0
"2026/02/10","2026/02/13","3028","アルペン","名証",,"確報",0,0,0,0,0,0,0,0,0,0,0,0,0,0,,,0,0,0,0,0,0,0,0,0,0,0,0,0
"2026/02/10","2026/02/13","3032","ゴルフ・ドゥ","名証",,"確報",0,0,7700,0,0,0,7700,0,0,1632400,0,0,0,1632400,,,0,0,0,23100,0,0,0,0,0,0,0,0,0
"2026/02/10","2026/02/13","3035","ケイティケイ","名証",,"確報",0,0,0,0,0,0,0,0,0,0,0,0,0,0,,,0,0,0,0,0,0,0,0,0,0,0,0,0
"2026/02/10","2026/02/13","3066","ＪＢイレブン","名証",,"確報",0,0,6800,0,0,0,6800,0,0,4345200,0,0,0,4345200,,,0,0,0,27200,0,0,130,65,0,130,0,0,0
"2026/02/10","2026/02/13","3086","Ｊ．フロントリテイリ","名証",,"確報",0,0,0,0,0,0,0,0,0,0,0,0,0,0,,,0,0,0,0,0,0,0,0,0,0,0,0,0
"2026/02/10","2026/02/13","3091","ブロンコビリー","名証",,"確報",0,0,0,0,0,0,0,0,0,0,0,0,0,0,,,0,0,0,0,0,0,0,0,0,0,0,0,0
"2026/02/10","2026/02/13","3116","トヨタ紡織","名証",,"確報",0,0,0,0,0,0,0,0,0,0,0,0,0,0,,,0,0,0,0,0,0,0,0,0,0,0,0,0
"2026/02/10","2026/02/13","3138","富士山マガジン","名証",,"確報",0,0,0,0,0,0,0,0,0,0,0,0,0,0,,,0,0,0,0,0,0,0,0,0,0,0,0,0
"2026/02/10","2026/02/13","3184","ＩＣＤＡ　ＨＤ","名証",,"確報",0,0,0,0,0,0,0,0,0,0,0,0,0,0,,,0,0,0,0,0,0,0,0,0,0,0,0,0
"2026/02/10","2026/02/13","3186","ネクステージ","名証",,"確報",0,0,0,0,0,0,0,0,0,0,0,0,0,0,,,0,0,0,0,0,0,0,0,0,0,0,0,0
"2026/02/10","2026/02/13","3202","ダイトウボウ","名証",,"確報",0,0,0,0,0,0,0,0,0,0,0,0,0,0,,,0,0,0,0,0,0,0,0,0,0,0,0,0
"2026/02/10","2026/02/13","3205","ダイドーリミテッド","名証",,"確報",0,0,0,0,0,0,0,0,0,0,0,0,0,0,,,0,0,0,0,0,0,0,0,0,0,0,0,0
"2026/02/10","2026/02/13","3221","ヨシックスＨＤ","名証",,"確報",0,0,0,0,0,0,0,0,0,0,0,0,0,0,,,0,0,0,0,0,0,0,0,0,0,0,0,0
"2026/02/10","2026/02/13","3232","三重交通グループＨＤ","名証",,"確報",0,0,0,0,0,0,0,0,0,0,0,0,0,0,,,0,0,0,0,0,0,0,0,0,0,0,0,0
"2026/02/10","2026/02/13","3320","クロスプラス","名証",,"確報",0,0,0,0,0,0,0,0,0,0,0,0,0,0,,,0,0,0,0,0,0,0,0,0,0,0,0,0
"2026/02/10","2026/02/13","3321","ミタチ産業","名証",,"確報",0,0,0,0,0,0,0,0,0,0,0,0,0,0,,,0,0,0,0,0,0,0,0,0,0,0,0,0
"2026/02/10","2026/02/13","3384","アークコア","名証",,"確報",400,0,2000,0,0,0,2000,291200,0,1456000,0,0,0,1456000,,,0,0,0,6400,0,0,7.6,10.1,6.1,7.6,0,0,0
"2026/02/10","2026/02/13","3422","Ｊ－ＭＡＸ","名証",,"確報",0,0,0,0,0,0,0,0,0,0,0,0,0,0,,,0,0,0,0,0,0,0,0,0,0,0,0,0
"2026/02/10","2026/02/13","3439","三ツ知","名証",,"確報",0,0,0,0,0,0,0,0,0,0,0,0,0,0,,,0,0,0,0,0,0,0,0,0,0,0,0,0
"2026/02/10","2026/02/13","3442","ＭＩＥコーポ","名証",,"確報",0,0,100,0,0,0,100,0,0,158800,0,0,0,158800,,,0,0,0,4100,0,0,0,0,0,0,0,0,0
"2026/02/10","2026/02/13","3447","信和","名証",,"確報",0,0,0,0,0,0,0,0,0,0,0,0,0,0,,,0,0,0,0,0,0,0,0,0,0,0,0,0
"2026/02/10","2026/02/13","3461","パルマ","名証",,"確報",0,0,0,0,0,0,0,0,0,0,0,0,0,0,,,0,0,0,0,0,0,0,0,0,0,0,0,0
"2026/02/10","2026/02/13","3469","デュアルタップ","名証",,"確報",0,0,0,0,0,0,0,0,0,0,0,0,0,0,,,0,0,0,0,0,0,0,0,0,0,0,0,0
"2026/02/10","2026/02/13","3494","マリオン","名証",,"確報",0,0,0,0,0,0,0,0,0,0,0,0,0,0,,,0,0,0,0,0,0,0,0,0,0,0,0,0
"2026/02/10","2026/02/13","3504","丸八ホールディングス","名証",,"確報",0,3500,51100,0,0,0,51100,0,3962000,57845200,0,0,0,57845200,,,0,0,109200,0,0,0,67,2816,33.9,67,0,0,0
"2026/02/10","2026/02/13","3524","日東製網","名証",,"確報",0,0,0,0,0,0,0,0,0,0,0,0,0,0,,,0,0,0,0,0,0,0,0,0,0,0,0,0
"2026/02/10","2026/02/13","3543","コメダＨＤ","名証",,"確報",0,0,0,0,0,0,0,0,0,0,0,0,0,0,,,0,0,0,0,0,0,0,0,0,0,0,0,0
"2026/02/10","2026/02/13","3556","リネットジャパングル","名証",,"確報",0,0,0,0,0,0,0,0,0,0,0,0,0,0,,,0,0,0,0,0,0,0,0,0,0,0,0,0
"2026/02/10","2026/02/13","3559","ピーバンドットコム","名証",,"確報",0,0,0,0,0,0,0,0,0,0,0,0,0,0,,,0,0,0,0,0,0,0,0,0,0,0,0,0
"2026/02/10","2026/02/13","3571","ソトー","名証",,"確報",0,0,0,0,0,0,0,0,0,0,0,0,0,0,,,0,0,0,0,0,0,0,0,0,0,0,0,0
"2026/02/10","2026/02/13","3577","東海染工","名証",,"確報",0,0,0,0,0,0,0,0,0,0,0,0,0,0,,,0,0,0,0,0,0,0,0,0,0,0,0,0
"2026/02/10","2026/02/13","3670","協立情報通信","名証",,"確報",0,0,0,0,0,0,0,0,0,0,0,0,0,0,,,0,0,0,0,0,0,0,0,0,0,0,0,0
"2026/02/10","2026/02/13","3739","コムシード","名証",,"確報",300,0,45500,0,0,0,45500,47400,0,7189000,0,0,0,7189000,,,0,0,0,45200,0,0,44.3,29.9,85.2,44.3,0,0,0
"2026/02/10","2026/02/13","3771","システムリサーチ","名証",,"確報",0,0,0,0,0,0,0,0,0,0,0,0,0,0,,,0,0,0,0,0,0,0,0,0,0,0,0,0
"2026/02/10","2026/02/13","3775","ガイアックス","名証",,"確報",700,2900,31200,0,0,0,31200,284200,1177400,12667200,0,0,0,12667200,,,0,0,33400,0,0,0,76.8,165.1,50,76.8,0,0,0
"2026/02/10","2026/02/13","377A","エージェントＩＧＨＤ","名証",,"確報",0,0,200,0,0,0,200,0,0,255600,0,0,0,255600,,,0,0,0,0,0,0,0,0,0,0,0,0,0
"2026/02/10","2026/02/13","3842","ネクストジェン","名証",,"確報",0,0,0,0,0,0,0,0,0,0,0,0,0,0,,,0,0,0,0,0,0,0,0,0,0,0,0,0
"2026/02/10","2026/02/13","391A","山忠","名証",,"確報",0,0,9000,0,0,0,9000,0,0,22815000,0,0,0,22815000,,,0,0,0,0,0,0,0,0,0,0,0,0,0
"2026/02/10","2026/02/13","3922","ＰＲ　ＴＩＭＥＳ","名証",,"確報",0,0,0,0,0,0,0,0,0,0,0,0,0,0,,,0,0,0,0,0,0,0,0,0,0,0,0,0
"2026/02/10","2026/02/13","3947","ダイナパック","名証",,"確報",0,0,0,0,0,0,0,0,0,0,0,0,0,0,,,0,0,0,0,0,0,0,0,0,0,0,0,0
"2026/02/10","2026/02/13","3958","笹徳印刷","名証",,"確報",0,0,0,0,0,0,0,0,0,0,0,0,0,0,,,0,0,0,0,0,0,0,0,0,0,0,0,0
"2026/02/10","2026/02/13","3974","ＳＣＡＴ","名証",,"確報",0,0,0,0,0,0,0,0,0,0,0,0,0,0,,,0,0,0,0,0,0,0,0,0,0,0,0,0
"2026/02/10","2026/02/13","4062","イビデン","名証",,"確報",0,0,0,0,0,0,0,0,0,0,0,0,0,0,,,0,0,0,0,0,0,0,0,0,0,0,0,0
"2026/02/10","2026/02/13","4063","信越化学工業","名証",,"確報",0,0,0,0,0,0,0,0,0,0,0,0,0,0,,,0,0,0,0,0,0,0,0,0,0,0,0,0
"2026/02/10","2026/02/13","4072","電算システムＨＤ","名証",,"確報",0,0,0,0,0,0,0,0,0,0,0,0,0,0,,,0,0,0,0,0,0,0,0,0,0,0,0,0
"2026/02/10","2026/02/13","4125","三和油化工業","名証",,"確報",0,0,0,0,0,0,0,0,0,0,0,0,0,0,,,0,0,0,0,0,0,0,0,0,0,0,0,0
"2026/02/10","2026/02/13","418A","ウリドキ","名証",,"確報",0,4700,42200,0,0,0,42200,0,3713000,33338000,0,0,0,33338000,,,0,0,0,3517500,0,0,93.6,1146,48.8,93.6,0,0,0
"2026/02/10","2026/02/13","4196","ネオマーケティング","名証",,"確報",0,0,0,0,0,0,0,0,0,0,0,0,0,0,,,0,0,0,0,0,0,0,0,0,0,0,0,0
"2026/02/10","2026/02/13","4206","アイカ工業","名証",,"確報",0,0,0,0,0,0,0,0,0,0,0,0,0,0,,,0,0,0,0,0,0,0,0,0,0,0,0,0
"2026/02/10","2026/02/13","4240","クラスターＴ","名証",,"確報",0,0,0,0,0,0,0,0,0,0,0,0,0,0,,,0,0,0,0,0,0,0,0,0,0,0,0,0
"2026/02/10","2026/02/13","4247","ポバール興業","名証",,"確報",0,0,0,0,0,0,0,0,0,0,0,0,0,0,,,0,0,0,0,0,0,0,0,0,0,0,0,0
"2026/02/10","2026/02/13","4361","川口化学工業","名証",,"確報",0,0,0,0,0,0,0,0,0,0,0,0,0,0,,,0,0,0,0,0,0,0,0,0,0,0,0,0
"2026/02/10","2026/02/13","4430","東海ソフト","名証",,"確報",0,0,0,0,0,0,0,0,0,0,0,0,0,0,,,0,0,0,0,0,0,0,0,0,0,0,0,0
"2026/02/10","2026/02/13","4439","東名","名証",,"確報",0,0,0,0,0,0,0,0,0,0,0,0,0,0,,,0,0,0,0,0,0,0,0,0,0,0,0,0
"2026/02/10","2026/02/13","4445","リビンＴ","名証",,"確報",0,0,0,0,0,0,0,0,0,0,0,0,0,0,,,0,0,0,0,0,0,0,0,0,0,0,0,0
"2026/02/10","2026/02/13","4463","日華化学","名証",,"確報",0,0,0,0,0,0,0,0,0,0,0,0,0,0,,,0,0,0,0,0,0,0,0,0,0,0,0,0
"2026/02/10","2026/02/13","4502","武田薬品工業","名証",,"確報",0,0,0,0,0,0,0,0,0,0,0,0,0,0,,,0,0,0,0,0,0,0,0,0,0,0,0,0
"2026/02/10","2026/02/13","4530","久光製薬","名証",,"確報",0,0,0,0,0,0,0,0,0,0,0,0,0,0,,,0,0,0,0,0,0,0,0,0,0,0,0,0
"2026/02/10","2026/02/13","4616","川上塗料","名証",,"確報",0,0,0,0,0,0,0,0,0,0,0,0,0,0,,,0,0,0,0,0,0,0,0,0,0,0,0,0
"2026/02/10","2026/02/13","4658","日本空調サービス","名証",,"確報",0,0,0,0,0,0,0,0,0,0,0,0,0,0,,,0,0,0,0,0,0,0,0,0,0,0,0,0
"2026/02/10","2026/02/13","4667","アイサンテクノロジー","名証",,"確報",0,0,0,0,0,0,0,0,0,0,0,0,0,0,,,0,0,0,0,0,0,0,0,0,0,0,0,0
"2026/02/10","2026/02/13","4681","リゾートトラスト","名証",,"確報",0,0,0,0,0,0,0,0,0,0,0,0,0,0,,,0,0,0,0,0,0,0,0,0,0,0,0,0
"2026/02/10","2026/02/13","4691","ワシントンホテル","名証",,"確報",0,0,0,0,0,0,0,0,0,0,0,0,0,0,,,0,0,0,0,0,0,0,0,0,0,0,0,0
"2026/02/10","2026/02/13","4732","ユー・エス・エス","名証",,"確報",0,0,0,0,0,0,0,0,0,0,0,0,0,0,,,0,0,0,0,0,0,0,0,0,0,0,0,0
"2026/02/10","2026/02/13","4760","アルファ","名証",,"確報",0,0,0,0,0,0,0,0,0,0,0,0,0,0,,,0,0,0,0,0,0,0,0,0,0,0,0,0
"2026/02/10","2026/02/13","5020","ＥＮＥＯＳ","名証",,"確報",0,0,0,0,0,0,0,0,0,0,0,0,0,0,,,0,0,0,0,0,0,0,0,0,0,0,0,0
"2026/02/10","2026/02/13","5075","アップコン","名証",,"確報",1200,0,11800,0,0,0,11800,1402800,0,13794200,0,0,0,13794200,,,0,0,0,116600,0,0,44,22,0,44,0,0,0
"2026/02/10","2026/02/13","5204","石塚硝子","名証",,"確報",0,0,0,0,0,0,0,0,0,0,0,0,0,0,,,0,0,0,0,0,0,0,0,0,0,0,0,0
"2026/02/10","2026/02/13","5241","日本オーエー研究所","名証",,"確報",0,0,2500,0,0,0,2500,0,0,2307500,0,0,0,2307500,,,0,0,32500,0,0,0,24.8,0,12.4,24.8,0,0,0
"2026/02/10","2026/02/13","5271","トーヨーアサノ","名証",,"確報",0,0,0,0,0,0,0,0,0,0,0,0,0,0,,,0,0,0,0,0,0,0,0,0,0,0,0,0
"2026/02/10","2026/02/13","5287","イトーヨーギョー","名証",,"確報",0,0,0,0,0,0,0,0,0,0,0,0,0,0,,,0,0,0,0,0,0,0,0,0,0,0,0,0
"2026/02/10","2026/02/13","5331","ノリタケ","名証",,"確報",0,0,0,0,0,0,0,0,0,0,0,0,0,0,,,0,0,0,0,0,0,0,0,0,0,0,0,0
"2026/02/10","2026/02/13","5332","ＴＯＴＯ","名証",,"確報",0,0,0,0,0,0,0,0,0,0,0,0,0,0,,,0,0,0,0,0,0,0,0,0,0,0,0,0
"2026/02/10","2026/02/13","5333","日本碍子","名証",,"確報",0,0,0,0,0,0,0,0,0,0,0,0,0,0,,,0,0,0,0,0,0,0,0,0,0,0,0,0
"2026/02/10","2026/02/13","5334","日本特殊陶業","名証",,"確報",0,0,0,0,0,0,0,0,0,0,0,0,0,0,,,0,0,0,0,0,0,0,0,0,0,0,0,0
"2026/02/10","2026/02/13","5342","ジャニス工業","名証",,"確報",0,0,0,0,0,0,0,0,0,0,0,0,0,0,,,0,0,0,0,0,0,0,0,0,0,0,0,0
"2026/02/10","2026/02/13","5343","ニッコー","名証",,"確報",0,0,10100,0,0,0,10100,0,0,1444300,0,0,0,1444300,,,0,0,0,10100,0,0,0,0,0,0,0,0,0
"2026/02/10","2026/02/13","5344","ＭＡＲＵＷＡ","名証",,"確報",0,0,0,0,0,0,0,0,0,0,0,0,0,0,,,0,0,0,0,0,0,0,0,0,0,0,0,0
"2026/02/10","2026/02/13","5356","美濃窯業","名証",,"確報",0,0,0,0,0,0,0,0,0,0,0,0,0,0,,,0,0,0,0,0,0,0,0,0,0,0,0,0
"2026/02/10","2026/02/13","5384","フジミイン","名証",,"確報",0,0,0,0,0,0,0,0,0,0,0,0,0,0,,,0,0,0,0,0,0,0,0,0,0,0,0,0
"2026/02/10","2026/02/13","5386","鶴弥","名証",,"確報",0,0,0,0,0,0,0,0,0,0,0,0,0,0,,,0,0,0,0,0,0,0,0,0,0,0,0,0
"2026/02/10","2026/02/13","5401","日本製鉄","名証",,"確報",0,0,0,0,0,0,0,0,0,0,0,0,0,0,,,0,0,0,0,0,0,0,0,0,0,0,0,0
"2026/02/10","2026/02/13","5406","神戸製鋼所","名証",,"確報",0,0,0,0,0,0,0,0,0,0,0,0,0,0,,,0,0,0,0,0,0,0,0,0,0,0,0,0
"2026/02/10","2026/02/13","5461","中部鋼鈑","名証",,"確報",0,0,0,0,0,0,0,0,0,0,0,0,0,0,,,0,0,0,0,0,0,0,0,0,0,0,0,0
"2026/02/10","2026/02/13","5471","大同特殊鋼","名証",,"確報",0,0,0,0,0,0,0,0,0,0,0,0,0,0,,,0,0,0,0,0,0,0,0,0,0,0,0,0
"2026/02/10","2026/02/13","5482","愛知製鋼","名証",,"確報",0,0,0,0,0,0,0,0,0,0,0,0,0,0,,,0,0,0,0,0,0,0,0,0,0,0,0,0
"2026/02/10","2026/02/13","5530","日本システムバンク","名証",,"確報",0,300,900,0,0,0,900,0,294900,884700,0,0,0,884700,,,0,0,3600,0,0,0,18,18,18,18,0,0,0
"2026/02/10","2026/02/13","5589","オートサーバー","名証",,"確報",0,0,0,0,0,0,0,0,0,0,0,0,0,0,,,0,0,0,0,0,0,0,0,0,0,0,0,0
"2026/02/10","2026/02/13","5607","中央可鍛工業","名証",,"確報",1900,0,105500,0,0,0,105500,1377500,0,76487500,0,0,0,76487500,,,0,0,103600,0,0,0,39.2,20.4,482.5,39.2,0,0,0
"2026/02/10","2026/02/13","5802","住友電気工業","名証",,"確報",0,0,0,0,0,0,0,0,0,0,0,0,0,0,,,0,0,0,0,0,0,0,0,0,0,0,0,0
"2026/02/10","2026/02/13","5918","瀧上工業","名証",,"確報",0,0,0,0,0,0,0,0,0,0,0,0,0,0,,,0,0,0,0,0,0,0,0,0,0,0,0,0
"2026/02/10","2026/02/13","5938","ＬＩＸＩＬ","名証",,"確報",0,0,0,0,0,0,0,0,0,0,0,0,0,0,,,0,0,0,0,0,0,0,0,0,0,0,0,0
"2026/02/10","2026/02/13","5947","リンナイ","名証",,"確報",0,0,0,0,0,0,0,0,0,0,0,0,0,0,,,0,0,0,0,0,0,0,0,0,0,0,0,0
"2026/02/10","2026/02/13","5952","アマテイ","名証",,"確報",0,0,0,0,0,0,0,0,0,0,0,0,0,0,,,0,0,0,0,0,0,0,0,0,0,0,0,0
"2026/02/10","2026/02/13","5979","カネソウ","名証",,"確報",0,0,1000,0,0,0,1000,0,0,5300000,0,0,0,5300000,,,0,0,0,0,0,0,0,0,0,0,0,0,0
"2026/02/10","2026/02/13","5984","兼房","名証",,"確報",0,0,0,0,0,0,0,0,0,0,0,0,0,0,,,0,0,0,0,0,0,0,0,0,0,0,0,0
"2026/02/10","2026/02/13","5992","中央発條","名証",,"確報",0,0,0,0,0,0,0,0,0,0,0,0,0,0,,,0,0,0,0,0,0,0,0,0,0,0,0,0
"2026/02/10","2026/02/13","5994","ファインシンター","名証",,"確報",0,0,0,0,0,0,0,0,0,0,0,0,0,0,,,0,0,0,0,0,0,0,0,0,0,0,0,0
"2026/02/10","2026/02/13","6025","日本ＰＣサービス","名証",,"確報",0,0,1400,0,0,0,1400,0,0,974400,0,0,0,974400,,,0,0,0,5600,0,0,0,0,0,0,0,0,0
"2026/02/10","2026/02/13","6036","ＫｅｅＰｅｒ技研","名証",,"確報",0,0,0,0,0,0,0,0,0,0,0,0,0,0,,,0,0,0,0,0,0,0,0,0,0,0,0,0
"2026/02/10","2026/02/13","6055","ジャパンマテリアル","名証",,"確報",0,0,0,0,0,0,0,0,0,0,0,0,0,0,,,0,0,0,0,0,0,0,0,0,0,0,0,0
"2026/02/10","2026/02/13","6074","ジェイエスエス","名証",,"確報",0,0,0,0,0,0,0,0,0,0,0,0,0,0,,,0,0,0,0,0,0,0,0,0,0,0,0,0
"2026/02/10","2026/02/13","6103","オークマ","名証",,"確報",0,0,0,0,0,0,0,0,0,0,0,0,0,0,,,0,0,0,0,0,0,0,0,0,0,0,0,0
"2026/02/10","2026/02/13","6111","旭精機工業","名証",,"確報",0,100,1400,0,0,0,1400,0,244500,3423000,0,0,0,3423000,,,0,0,0,0,0,0,38,76,25.3,38,0,0,0
"2026/02/10","2026/02/13","6134","ＦＵＪＩ","名証",,"確報",0,0,0,0,0,0,0,0,0,0,0,0,0,0,,,0,0,0,0,0,0,0,0,0,0,0,0,0
"2026/02/10","2026/02/13","6136","オーエスジー","名証",,"確報",0,0,0,0,0,0,0,0,0,0,0,0,0,0,,,0,0,0,0,0,0,0,0,0,0,0,0,0
"2026/02/10","2026/02/13","6142","富士精工","名証",,"確報",0,0,3500,0,0,0,3500,0,0,5481000,0,0,0,5481000,,,0,0,31500,0,0,0,0,0,0,0,0,0,0
"2026/02/10","2026/02/13","6201","豊田自動織機","名証",,"確報",0,0,0,0,0,0,0,0,0,0,0,0,0,0,,,0,0,0,0,0,0,0,0,0,0,0,0,0
"2026/02/10","2026/02/13","6203","豊和工業","名証",,"確報",0,0,0,0,0,0,0,0,0,0,0,0,0,0,,,0,0,0,0,0,0,0,0,0,0,0,0,0
"2026/02/10","2026/02/13","6225","エコム","名証",,"確報",0,0,6500,0,0,0,6500,0,0,12168000,0,0,0,12168000,,,0,0,6500,0,0,0,0,0,0,0,0,0,0
"2026/02/10","2026/02/13","6267","ゼネラルパッカー","名証",,"確報",0,0,0,0,0,0,0,0,0,0,0,0,0,0,,,0,0,0,0,0,0,0,0,0,0,0,0,0
"2026/02/10","2026/02/13","6293","日精樹脂工業","名証",,"確報",0,0,0,0,0,0,0,0,0,0,0,0,0,0,,,0,0,0,0,0,0,0,0,0,0,0,0,0
"2026/02/10","2026/02/13","6325","タカキタ","名証",,"確報",0,0,0,0,0,0,0,0,0,0,0,0,0,0,,,0,0,0,0,0,0,0,0,0,0,0,0,0
"2026/02/10","2026/02/13","6339","新東工業","名証",,"確報",0,0,0,0,0,0,0,0,0,0,0,0,0,0,,,0,0,0,0,0,0,0,0,0,0,0,0,0
"2026/02/10","2026/02/13","6340","澁谷工業","名証",,"確報",0,0,0,0,0,0,0,0,0,0,0,0,0,0,,,0,0,0,0,0,0,0,0,0,0,0,0,0
"2026/02/10","2026/02/13","6342","太平製作所","名証",,"確報",0,0,0,0,0,0,0,0,0,0,0,0,0,0,,,0,0,0,0,0,0,0,0,0,0,0,0,0
"2026/02/10","2026/02/13","6345","アイチコーポ","名証",,"確報",0,0,0,0,0,0,0,0,0,0,0,0,0,0,,,0,0,0,0,0,0,0,0,0,0,0,0,0
"2026/02/10","2026/02/13","6346","キクカワエンタ","名証",,"確報",0,0,0,0,0,0,0,0,0,0,0,0,0,0,,,0,0,0,0,0,0,0,0,0,0,0,0,0
"2026/02/10","2026/02/13","6396","宇野澤組鐵工所","名証",,"確報",0,0,0,0,0,0,0,0,0,0,0,0,0,0,,,0,0,0,0,0,0,0,0,0,0,0,0,0
"2026/02/10","2026/02/13","6407","ＣＫＤ","名証",,"確報",0,0,0,0,0,0,0,0,0,0,0,0,0,0,,,0,0,0,0,0,0,0,0,0,0,0,0,0
"2026/02/10","2026/02/13","6430","ダイコク電機","名証",,"確報",0,0,0,0,0,0,0,0,0,0,0,0,0,0,,,0,0,0,0,0,0,0,0,0,0,0,0,0
"2026/02/10","2026/02/13","6439","中日本鋳工","名証",,"確報",0,0,5000,0,0,0,5000,0,0,2005000,0,0,0,2005000,,,0,0,0,0,0,0,0,0,0,0,0,0,0
"2026/02/10","2026/02/13","6448","ブラザー工業","名証",,"確報",0,0,0,0,0,0,0,0,0,0,0,0,0,0,,,0,0,0,0,0,0,0,0,0,0,0,0,0
"2026/02/10","2026/02/13","6465","ホシザキ","名証",,"確報",0,0,0,0,0,0,0,0,0,0,0,0,0,0,,,0,0,0,0,0,0,0,0,0,0,0,0,0
"2026/02/10","2026/02/13","6470","大豊工業","名証",,"確報",0,0,0,0,0,0,0,0,0,0,0,0,0,0,,,0,0,0,0,0,0,0,0,0,0,0,0,0
"2026/02/10","2026/02/13","6473","ジェイテクト","名証",,"確報",0,0,0,0,0,0,0,0,0,0,0,0,0,0,,,0,0,0,0,0,0,0,0,0,0,0,0,0
"2026/02/10","2026/02/13","6501","日立製作所","名証",,"確報",5000,0,5000,0,0,0,5000,28250000,0,28250000,0,0,0,28250000,,,0,0,0,0,0,0,2,1,0,2,0,0,0
"2026/02/10","2026/02/13","6504","富士電機","名証",,"確報",0,0,0,0,0,0,0,0,0,0,0,0,0,0,,,0,0,0,0,0,0,0,0,0,0,0,0,0
"2026/02/10","2026/02/13","6508","明電舎","名証",,"確報",0,0,0,0,0,0,0,0,0,0,0,0,0,0,,,0,0,0,0,0,0,0,0,0,0,0,0,0
"2026/02/10","2026/02/13","6547","グリーンズ","名証",,"確報",0,0,0,0,0,0,0,0,0,0,0,0,0,0,,,0,0,0,0,0,0,0,0,0,0,0,0,0
"2026/02/10","2026/02/13","6564","ミダックＨＤ","名証",,"確報",0,0,0,0,0,0,0,0,0,0,0,0,0,0,,,0,0,0,0,0,0,0,0,0,0,0,0,0
"2026/02/10","2026/02/13","6565","ＡＢホテル","名証",,"確報",0,0,0,0,0,0,0,0,0,0,0,0,0,0,,,0,0,0,0,0,0,0,0,0,0,0,0,0
"2026/02/10","2026/02/13","6586","マキタ","名証",,"確報",0,0,0,0,0,0,0,0,0,0,0,0,0,0,,,0,0,0,0,0,0,0,0,0,0,0,0,0
"2026/02/10","2026/02/13","6615","ＵＭＣエレ","名証",,"確報",0,0,0,0,0,0,0,0,0,0,0,0,0,0,,,0,0,0,0,0,0,0,0,0,0,0,0,0
"2026/02/10","2026/02/13","6623","愛知電機","名証",,"確報",0,600,20600,0,0,0,20600,0,5040000,173040000,0,0,0,173040000,,,0,0,0,0,0,0,61.4,208.8,36,61.4,0,0,0
"2026/02/10","2026/02/13","6651","日東工業","名証",,"確報",0,0,0,0,0,0,0,0,0,0,0,0,0,0,,,0,0,0,0,0,0,0,0,0,0,0,0,0
"2026/02/10","2026/02/13","6655","東洋電機","名証",,"確報",0,0,3200,0,0,0,3200,0,0,2544000,0,0,0,2544000,,,0,0,0,0,0,0,0,0,0,0,0,0,0
"2026/02/10","2026/02/13","6676","バッファロー","名証",,"確報",0,0,0,0,0,0,0,0,0,0,0,0,0,0,,,0,0,0,0,0,0,0,0,0,0,0,0,0
"2026/02/10","2026/02/13","6702","富士通","名証",,"確報",0,0,0,0,0,0,0,0,0,0,0,0,0,0,,,0,0,0,0,0,0,1,1,1,1,0,0,0
"2026/02/10","2026/02/13","6718","アイホン","名証",,"確報",0,0,0,0,0,0,0,0,0,0,0,0,0,0,,,0,0,0,0,0,0,0,0,0,0,0,0,0
"2026/02/10","2026/02/13","6797","名古屋電機工業","名証",,"確報",0,0,0,0,0,0,0,0,0,0,0,0,0,0,,,0,0,0,0,0,0,0,0,0,0,0,0,0
"2026/02/10","2026/02/13","6846","中央製作所","名証",,"確報",0,0,1800,0,0,0,1800,0,0,2502000,0,0,0,2502000,,,0,0,0,0,0,0,0,0,0,0,0,0,0
"2026/02/10","2026/02/13","6902","デンソー","名証",,"確報",0,0,0,0,0,0,0,0,0,0,0,0,0,0,,,0,0,0,0,0,0,0,0,0,0,0,0,0
"2026/02/10","2026/02/13","6995","東海理化電機製作所","名証",,"確報",0,0,0,0,0,0,0,0,0,0,0,0,0,0,,,0,0,0,0,0,0,0,0,0,0,0,0,0
"2026/02/10","2026/02/13","6999","コーア","名証",,"確報",0,0,0,0,0,0,0,0,0,0,0,0,0,0,,,0,0,0,0,0,0,0,0,0,0,0,0,0
"2026/02/10","2026/02/13","7011","三菱重工業","名証",,"確報",400,0,400,0,0,0,400,2042800,0,2042800,0,0,0,2042800,,,0,0,0,0,0,0,1.7,1,0,2,1,1,1
"2026/02/10","2026/02/13","7012","川崎重工業","名証",,"確報",0,0,100,0,0,0,100,0,0,1825000,0,0,0,1825000,,,0,0,129500,0,0,0,0,0,0,0,0,0,0
"2026/02/10","2026/02/13","7059","コプロＨＤ","名証",,"確報",0,0,0,0,0,0,0,0,0,0,0,0,0,0,,,0,0,0,0,0,0,0,0,0,0,0,0,0
"2026/02/10","2026/02/13","7073","ジェイック","名証",,"確報",0,0,0,0,0,0,0,0,0,0,0,0,0,0,,,0,0,0,0,0,0,0,0,0,0,0,0,0
"2026/02/10","2026/02/13","7075","ＱＬＳ","名証",,"確報",0,0,0,0,0,0,0,0,0,0,0,0,0,0,,,0,0,0,0,0,0,0,0,0,0,0,0,0
"2026/02/10","2026/02/13","7076","名南Ｍ＆Ａ","名証",,"確報",0,0,4500,0,300,2700,1800,0,0,3901500,0,260100,2340900,1560600,,,0,0,9000,0,0,6000,46.4,0,30.4,60.8,0,16.8,33.6
"2026/02/10","2026/02/13","7102","日本車輌製造","名証",,"確報",0,0,0,0,0,0,0,0,0,0,0,0,0,0,,,0,0,0,0,0,0,0,0,0,0,0,0,0
"2026/02/10","2026/02/13","7129","ミアヘルサＨＤ","名証",,"確報",0,0,0,0,0,0,0,0,0,0,0,0,0,0,,,0,0,0,0,0,0,0,0,0,0,0,0,0
"2026/02/10","2026/02/13","7135","ジャパンクラフトＨＤ","名証",,"確報",0,0,0,0,0,0,0,0,0,0,0,0,0,0,,,0,0,0,0,0,0,0,0,0,0,0,0,0
"2026/02/10","2026/02/13","7203","トヨタ自動車","名証",,"確報",0,0,0,0,0,0,0,0,0,0,0,0,0,0,,,0,0,0,0,0,0,0,0,0,0,0,0,0
"2026/02/10","2026/02/13","7205","日野自動車","名証",,"確報",0,0,0,0,0,0,0,0,0,0,0,0,0,0,,,0,0,0,0,0,0,0,0,0,0,0,0,0
"2026/02/10","2026/02/13","7213","レシップＨＤ","名証",,"確報",0,0,0,0,0,0,0,0,0,0,0,0,0,0,,,0,0,0,0,0,0,0,0,0,0,0,0,0
"2026/02/10","2026/02/13","7220","武蔵精密工業","名証",,"確報",0,0,0,0,0,0,0,0,0,0,0,0,0,0,,,0,0,0,0,0,0,0,0,0,0,0,0,0
"2026/02/10","2026/02/13","7227","アスカ","名証",,"確報",200,0,1100,0,0,0,1100,387000,0,2128500,0,0,0,2128500,,,0,0,4500,0,0,0,47,23.5,0,47,0,0,0
"2026/02/10","2026/02/13","7231","トピー工業","名証",,"確報",0,0,0,0,0,0,0,0,0,0,0,0,0,0,,,0,0,0,0,0,0,0,0,0,0,0,0,0
"2026/02/10","2026/02/13","7241","フタバ産業","名証",,"確報",0,0,0,0,0,0,0,0,0,0,0,0,0,0,,,0,0,0,0,0,0,0,0,0,0,0,0,0
"2026/02/10","2026/02/13","7245","大同メタル工業","名証",,"確報",0,0,0,0,0,0,0,0,0,0,0,0,0,0,,,0,0,0,0,0,0,0,0,0,0,0,0,0
"2026/02/10","2026/02/13","7250","太平洋工業","名証",,"確報",0,0,0,0,0,0,0,0,0,0,0,0,0,0,,,0,0,0,0,0,0,0,0,0,0,0,0,0
"2026/02/10","2026/02/13","7259","アイシン","名証",,"確報",0,0,0,0,0,0,0,0,0,0,0,0,0,0,,,0,0,0,0,0,0,0,0,0,0,0,0,0
"2026/02/10","2026/02/13","7266","今仙電機製作所","名証",,"確報",0,0,0,0,0,0,0,0,0,0,0,0,0,0,,,0,0,0,0,0,0,0,0,0,0,0,0,0
"2026/02/10","2026/02/13","7282","豊田合成","名証",,"確報",0,0,0,0,0,0,0,0,0,0,0,0,0,0,,,0,0,0,0,0,0,0,0,0,0,0,0,0
"2026/02/10","2026/02/13","7283","愛三工業","名証",,"確報",0,0,0,0,0,0,0,0,0,0,0,0,0,0,,,0,0,0,0,0,0,0,0,0,0,0,0,0
"2026/02/10","2026/02/13","7322","３３ＦＧ","名証",,"確報",0,0,0,0,0,0,0,0,0,0,0,0,0,0,,,0,0,0,0,0,0,0,0,0,0,0,0,0
"2026/02/10","2026/02/13","7362","Ｔ．Ｓ．Ｉ","名証",,"確報",0,0,0,0,0,0,0,0,0,0,0,0,0,0,,,0,0,0,0,0,0,0,0,0,0,0,0,0
"2026/02/10","2026/02/13","7369","メイホーＨＤ","名証",,"確報",0,0,0,0,0,0,0,0,0,0,0,0,0,0,,,0,0,0,0,0,0,0,0,0,0,0,0,0
"2026/02/10","2026/02/13","7380","十六ＦＧ","名証",,"確報",0,0,0,0,0,0,0,0,0,0,0,0,0,0,,,0,0,0,0,0,0,0,0,0,0,0,0,0
"2026/02/10","2026/02/13","7389","あいちＦＧ","名証",,"確報",0,0,0,0,0,0,0,0,0,0,0,0,0,0,,,0,0,0,0,0,0,0,0,0,0,0,0,0
"2026/02/10","2026/02/13","7412","アトム","名証",,"確報",0,0,0,0,0,0,0,0,0,0,0,0,0,0,,,0,0,0,0,0,0,0,0,0,0,0,0,0
"2026/02/10","2026/02/13","7467","萩原電気ＨＤ","名証",,"確報",0,0,0,0,0,0,0,0,0,0,0,0,0,0,,,0,0,0,0,0,0,0,0,0,0,0,0,0
"2026/02/10","2026/02/13","7485","岡谷鋼機","名証",,"確報",0,200,13900,0,0,0,13900,0,1994000,138583000,0,0,0,138583000,,,0,0,3102000,0,0,0,703,0,351.5,703,0,0,0
"2026/02/10","2026/02/13","7488","ヤガミ","名証",,"確報",100,0,2500,0,0,0,2500,563000,0,14075000,0,0,0,14075000,,,0,0,24000,0,0,0,17.6,14.7,22,17.6,0,0,0
"2026/02/10","2026/02/13","7514","ヒマラヤ","名証",,"確報",0,0,0,0,0,0,0,0,0,0,0,0,0,0,,,0,0,0,0,0,0,0,0,0,0,0,0,0
"2026/02/10","2026/02/13","7593","ＶＴホールディングス","名証",,"確報",0,0,0,0,0,0,0,0,0,0,0,0,0,0,,,0,0,0,0,0,0,0,0,0,0,0,0,0
"2026/02/10","2026/02/13","7607","進和","名証",,"確報",0,0,0,0,0,0,0,0,0,0,0,0,0,0,,,0,0,0,0,0,0,0,0,0,0,0,0,0
"2026/02/10","2026/02/13","7630","壱番屋","名証",,"確報",0,0,0,0,0,0,0,0,0,0,0,0,0,0,,,0,0,0,0,0,0,0,0,0,0,0,0,0
"2026/02/10","2026/02/13","7649","スギホールディングス","名証",,"確報",0,0,0,0,0,0,0,0,0,0,0,0,0,0,,,0,0,0,0,0,0,0,0,0,0,0,0,0
"2026/02/10","2026/02/13","7675","セントラルフォレスト","名証",,"確報",0,0,0,0,0,0,0,0,0,0,0,0,0,0,,,0,0,0,0,0,0,0,0,0,0,0,0,0
"2026/02/10","2026/02/13","7682","浜木綿","名証",,"確報",0,0,0,0,0,0,0,0,0,0,0,0,0,0,,,0,0,0,0,0,0,0,0,0,0,0,0,0
"2026/02/10","2026/02/13","7723","愛知時計電機","名証",,"確報",0,0,0,0,0,0,0,0,0,0,0,0,0,0,,,0,0,0,0,0,0,0,0,0,0,0,0,0
"2026/02/10","2026/02/13","7747","朝日インテック","名証",,"確報",0,0,0,0,0,0,0,0,0,0,0,0,0,0,,,0,0,0,0,0,0,0,0,0,0,0,0,0
"2026/02/10","2026/02/13","7751","キヤノン","名証",,"確報",0,0,0,0,0,0,0,0,0,0,0,0,0,0,,,0,0,0,0,0,0,0,0,0,0,0,0,0
"2026/02/10","2026/02/13","7780","メニコン","名証",,"確報",0,0,0,0,0,0,0,0,0,0,0,0,0,0,,,0,0,0,0,0,0,0,0,0,0,0,0,0
"2026/02/10","2026/02/13","7790","バルコス","名証",,"確報",0,0,1700,0,0,0,1700,0,0,1837700,0,0,0,1837700,,,0,0,0,0,0,0,0,0,0,0,0,0,0
"2026/02/10","2026/02/13","7805","プリントネット","名証",,"確報",0,0,0,0,0,0,0,0,0,0,0,0,0,0,,,0,0,0,0,0,0,0,0,0,0,0,0,0
"2026/02/10","2026/02/13","7870","福島印刷","名証",,"確報",0,0,7500,0,0,0,7500,0,0,2880000,0,0,0,2880000,,,0,0,15000,0,0,0,0,0,0,0,0,0,0
"2026/02/10","2026/02/13","7871","フクビ化学工業","名証",,"確報",0,0,0,0,0,0,0,0,0,0,0,0,0,0,,,0,0,0,0,0,0,0,0,0,0,0,0,0
"2026/02/10","2026/02/13","7875","竹田ｉＰ","名証",,"確報",0,0,0,0,0,0,0,0,0,0,0,0,0,0,,,0,0,0,0,0,0,0,0,0,0,0,0,0
"2026/02/10","2026/02/13","7878","光・彩","名証",,"確報",0,0,0,0,0,0,0,0,0,0,0,0,0,0,,,0,0,0,0,0,0,0,0,0,0,0,0,0
"2026/02/10","2026/02/13","7896","セブン工業","名証",,"確報",0,0,0,0,0,0,0,0,0,0,0,0,0,0,,,0,0,0,0,0,0,0,0,0,0,0,0,0
"2026/02/10","2026/02/13","7928","旭化学工業","名証",,"確報",0,0,0,0,0,0,0,0,0,0,0,0,0,0,,,0,0,0,0,0,0,0,0,0,0,0,0,0
"2026/02/10","2026/02/13","7931","未来工業","名証",,"確報",0,0,0,0,0,0,0,0,0,0,0,0,0,0,,,0,0,0,0,0,0,0,0,0,0,0,0,0
"2026/02/10","2026/02/13","7943","ニチハ","名証",,"確報",0,0,0,0,0,0,0,0,0,0,0,0,0,0,,,0,0,0,0,0,0,0,0,0,0,0,0,0
"2026/02/10","2026/02/13","7946","光陽社","名証",,"確報",0,0,0,0,0,0,0,0,0,0,0,0,0,0,,,0,0,0,0,0,0,0,0,0,0,0,0,0
"2026/02/10","2026/02/13","7950","日本デコラックス","名証",,"確報",0,0,0,0,0,0,0,0,0,0,0,0,0,0,,,0,0,0,0,0,0,0,0,0,0,0,0,0
"2026/02/10","2026/02/13","7953","菊水化学工業","名証",,"確報",0,0,0,0,0,0,0,0,0,0,0,0,0,0,,,0,0,0,0,0,0,0,0,0,0,0,0,0
"2026/02/10","2026/02/13","7975","リヒトラブ","名証",,"確報",0,0,0,0,0,0,0,0,0,0,0,0,0,0,,,0,0,0,0,0,0,0,0,0,0,0,0,0
"2026/02/10","2026/02/13","8015","豊田通商","名証",,"確報",0,0,0,0,0,0,0,0,0,0,0,0,0,0,,,0,0,0,0,0,0,0,0,0,0,0,0,0
"2026/02/10","2026/02/13","8031","三井物産","名証",,"確報",0,0,0,0,0,0,0,0,0,0,0,0,0,0,,,0,0,0,0,0,0,0,0,0,0,0,0,0
"2026/02/10","2026/02/13","8071","東海エレクトロニクス","名証",,"確報",0,0,500,0,0,0,500,0,0,1530000,0,0,0,1530000,,,0,0,0,7500,0,0,0,0,0,0,0,0,0
"2026/02/10","2026/02/13","8076","カノークス","名証",,"確報",0,0,0,0,0,0,0,0,0,0,0,0,0,0,,,0,0,0,0,0,0,0,0,0,0,0,0,0
"2026/02/10","2026/02/13","8130","サンゲツ","名証",,"確報",0,0,0,0,0,0,0,0,0,0,0,0,0,0,,,0,0,0,0,0,0,0,0,0,0,0,0,0
"2026/02/10","2026/02/13","8145","中部水産","名証",,"確報",0,0,300,0,0,0,300,0,0,904500,0,0,0,904500,,,0,0,0,0,0,0,34,0,17,34,0,0,0
"2026/02/10","2026/02/13","8160","木曽路","名証",,"確報",0,0,0,0,0,0,0,0,0,0,0,0,0,0,,,0,0,0,0,0,0,0,0,0,0,0,0,0
"2026/02/10","2026/02/13","8190","ヤマナカ","名証",,"確報",0,0,3500,0,0,0,3500,0,0,1855000,0,0,0,1855000,,,0,0,0,14000,0,0,61.3,184,36.8,61.3,0,0,0
"2026/02/10","2026/02/13","8225","タカチホ","名証",,"確報",0,0,0,0,0,0,0,0,0,0,0,0,0,0,,,0,0,0,0,0,0,0,0,0,0,0,0,0
"2026/02/10","2026/02/13","8228","マルイチ産商","名証",,"確報",0,0,200,0,0,0,200,0,0,243600,0,0,0,243600,,,0,0,2200,0,0,0,16,8,0,16,0,0,0
"2026/02/10","2026/02/13","8285","三谷産業","名証",,"確報",0,0,0,0,0,0,0,0,0,0,0,0,0,0,,,0,0,0,0,0,0,0,0,0,0,0,0,0
"2026/02/10","2026/02/13","8306","三菱ＵＦＪＦＧ","名証",,"確報",0,0,0,0,0,0,0,0,0,0,0,0,0,0,,,0,0,0,0,0,0,0,0,0,0,0,0,0
"2026/02/10","2026/02/13","8309","三井住友トラストＧ","名証",,"確報",0,0,0,0,0,0,0,0,0,0,0,0,0,0,,,0,0,0,0,0,0,0,0,0,0,0,0,0
"2026/02/10","2026/02/13","8316","三井住友ＦＧ","名証",,"確報",0,0,0,0,0,0,0,0,0,0,0,0,0,0,,,0,0,0,0,0,0,0,0,0,0,0,0,0
"2026/02/10","2026/02/13","8361","大垣共立銀行","名証",,"確報",0,0,0,0,0,0,0,0,0,0,0,0,0,0,,,0,0,0,0,0,0,0,0,0,0,0,0,0
"2026/02/10","2026/02/13","8368","百五銀行","名証",,"確報",0,0,0,0,0,0,0,0,0,0,0,0,0,0,,,0,0,0,0,0,0,0,0,0,0,0,0,0
"2026/02/10","2026/02/13","8522","名古屋銀行","名証",,"確報",0,0,0,0,0,0,0,0,0,0,0,0,0,0,,,0,0,0,0,0,0,0,0,0,0,0,0,0
"2026/02/10","2026/02/13","8601","大和証券グループ本社","名証",,"確報",0,0,0,0,0,0,0,0,0,0,0,0,0,0,,,0,0,0,0,0,0,0,0,0,0,0,0,0
"2026/02/10","2026/02/13","8604","野村ホールディングス","名証",,"確報",0,0,100,0,0,0,100,0,0,144250,0,0,0,144250,,,0,0,3050,0,0,0,0,0,0,0,0,0,0
"2026/02/10","2026/02/13","8609","岡三証券グループ","名証",,"確報",0,0,0,0,0,0,0,0,0,0,0,0,0,0,,,0,0,0,0,0,0,0,0,0,0,0,0,0
"2026/02/10","2026/02/13","8616","東海東京ＦＨＤ","名証",,"確報",0,0,0,0,0,0,0,0,0,0,0,0,0,0,,,0,0,0,0,0,0,0,0,0,0,0,0,0
"2026/02/10","2026/02/13","8725","ＭＳ＆ＡＤ","名証",,"確報",0,0,0,0,0,0,0,0,0,0,0,0,0,0,,,0,0,0,0,0,0,0,0,0,0,0,0,0
"2026/02/10","2026/02/13","8803","平和不動産","名証",,"確報",0,0,0,0,0,0,0,0,0,0,0,0,0,0,,,0,0,0,0,0,0,0,0,0,0,0,0,0
"2026/02/10","2026/02/13","8891","ＡＭＧＨＤ","名証",,"確報",0,0,0,0,0,0,0,0,0,0,0,0,0,0,,,0,0,0,0,0,0,0,0,0,0,0,0,0
"2026/02/10","2026/02/13","8904","ＡＶＡＮＴＩＡ","名証",,"確報",0,0,0,0,0,0,0,0,0,0,0,0,0,0,,,0,0,0,0,0,0,0,0,0,0,0,0,0
"2026/02/10","2026/02/13","8920","東祥","名証",,"確報",0,0,0,0,0,0,0,0,0,0,0,0,0,0,,,0,0,0,0,0,0,0,0,0,0,0,0,0
"2026/02/10","2026/02/13","8995","誠建設工業","名証",,"確報",0,0,0,0,0,0,0,0,0,0,0,0,0,0,,,0,0,0,0,0,0,0,0,0,0,0,0,0
"2026/02/10","2026/02/13","9022","東海旅客鉄道","名証",,"確報",0,0,0,0,0,0,0,0,0,0,0,0,0,0,,,0,0,0,0,0,0,0,0,0,0,0,0,0
"2026/02/10","2026/02/13","9040","大宝運輸","名証",,"確報",0,0,800,0,0,0,800,0,0,3280000,0,0,0,3280000,,,0,0,12000,0,0,0,0,0,0,0,0,0,0
"2026/02/10","2026/02/13","9048","名古屋鉄道","名証",,"確報",0,0,0,0,0,0,0,0,0,0,0,0,0,0,,,0,0,0,0,0,0,0,0,0,0,0,0,0
"2026/02/10","2026/02/13","9073","京極運輸商事","名証",,"確報",0,0,0,0,0,0,0,0,0,0,0,0,0,0,,,0,0,0,0,0,0,0,0,0,0,0,0,0
"2026/02/10","2026/02/13","9076","セイノーＨＤ","名証",,"確報",0,0,0,0,0,0,0,0,0,0,0,0,0,0,,,0,0,0,0,0,0,0,0,0,0,0,0,0
"2026/02/10","2026/02/13","9170","成友興業","名証",,"確報",0,0,0,0,0,0,0,0,0,0,0,0,0,0,,,0,0,0,0,0,0,0,0,0,0,0,0,0
"2026/02/10","2026/02/13","9221","フルハシＥＰＯ","名証",,"確報",0,0,0,0,0,0,0,0,0,0,0,0,0,0,,,0,0,0,0,0,0,0,0,0,0,0,0,0
"2026/02/10","2026/02/13","9223","ＡＳＮＯＶＡ","名証",,"確報",0,0,0,0,0,0,0,0,0,0,0,0,0,0,,,0,0,0,0,0,0,0,0,0,0,0,0,0
"2026/02/10","2026/02/13","9249","日本エコシステム","名証",,"確報",0,0,0,0,0,0,0,0,0,0,0,0,0,0,,,0,0,0,0,0,0,0,0,0,0,0,0,0
"2026/02/10","2026/02/13","9306","東陽倉庫","名証",,"確報",0,0,0,0,0,0,0,0,0,0,0,0,0,0,,,0,0,0,0,0,0,0,0,0,0,0,0,0
"2026/02/10","2026/02/13","9310","日本トランスシティ","名証",,"確報",0,0,0,0,0,0,0,0,0,0,0,0,0,0,,,0,0,0,0,0,0,0,0,0,0,0,0,0
"2026/02/10","2026/02/13","9330","揚羽","名証",,"確報",0,0,0,0,0,0,0,0,0,0,0,0,0,0,,,0,0,0,0,0,0,0,0,0,0,0,0,0
"2026/02/10","2026/02/13","9357","名港海運","名証",,"確報",0,0,900,0,0,0,900,0,0,1908900,0,0,0,1908900,,,0,0,0,16200,0,0,84,42,0,84,0,0,0
"2026/02/10","2026/02/13","9359","伊勢湾海運","名証",,"確報",0,0,3400,0,0,0,3400,0,0,3352400,0,0,0,3352400,,,0,0,122400,0,0,0,0,0,0,0,0,0,0
"2026/02/10","2026/02/13","9368","キムラユニティー","名証",,"確報",0,0,0,0,0,0,0,0,0,0,0,0,0,0,,,0,0,0,0,0,0,0,0,0,0,0,0,0
"2026/02/10","2026/02/13","9402","中部日本放送","名証",,"確報",0,0,40700,0,0,0,40700,0,0,45299100,0,0,0,45299100,,,0,0,1058200,0,0,0,14,14,14,14,0,0,0
"2026/02/10","2026/02/13","9428","クロップス","名証",,"確報",0,0,0,0,0,0,0,0,0,0,0,0,0,0,,,0,0,0,0,0,0,0,0,0,0,0,0,0
"2026/02/10","2026/02/13","9471","文溪堂","名証",,"確報",0,0,0,0,0,0,0,0,0,0,0,0,0,0,,,0,0,0,0,0,0,4,0,2,4,0,0,0
"2026/02/10","2026/02/13","9502","中部電力","名証",,"確報",0,0,0,0,0,0,0,0,0,0,0,0,0,0,,,0,0,0,0,0,0,0,0,0,0,0,0,0
"2026/02/10","2026/02/13","9531","東京瓦斯","名証",,"確報",0,0,0,0,0,0,0,0,0,0,0,0,0,0,,,0,0,0,0,0,0,0,0,0,0,0,0,0
"2026/02/10","2026/02/13","9533","東邦瓦斯","名証",,"確報",0,0,0,0,0,0,0,0,0,0,0,0,0,0,,,0,0,0,0,0,0,0,0,0,0,0,0,0
"2026/02/10","2026/02/13","9643","中日本興業","名証",,"確報",0,0,100,0,0,0,100,0,0,1117000,0,0,0,1117000,,,0,0,0,1000,0,0,0,0,0,0,0,0,0
"2026/02/10","2026/02/13","9664","御園座","名証",,"確報",0,100,700,0,0,0,700,0,172600,1208200,0,0,0,1208200,,,0,0,0,0,0,0,14,21,10.5,14,0,0,0
"2026/02/10","2026/02/13","9793","ダイセキ","名証",,"確報",0,0,0,0,0,0,0,0,0,0,0,0,0,0,,,0,0,0,0,0,0,0,0,0,0,0,0,0
"2026/02/10","2026/02/13","9900","サガミＨＤ","名証",,"確報",0,0,0,0,0,0,0,0,0,0,0,0,0,0,,,0,0,0,0,0,0,0,0,0,0,0,0,0
"2026/02/10","2026/02/13","9913","日邦産業","名証",,"確報",0,0,0,0,0,0,0,0,0,0,0,0,0,0,,,0,0,0,0,0,0,0,0,0,0,0,0,0
"2026/02/10","2026/02/13","9914","植松商会","名証",,"確報",0,0,0,0,0,0,0,0,0,0,0,0,0,0,,,0,0,0,0,0,0,0,0,0,0,0,0,0
"2026/02/10","2026/02/13","9956","バローＨＤ","名証",,"確報",0,0,0,0,0,0,0,0,0,0,0,0,0,0,,,0,0,0,0,0,0,0,0,0,0,0,0,0
"2026/02/10","2026/02/13","9969","ショクブン","名証",,"確報",0,0,0,0,0,0,0,0,0,0,0,0,0,0,,,0,0,0,0,0,0,0,0,0,0,0,0,0
"2026/02/10","2026/02/13","9982","タキヒヨー","名証",,"確報",0,0,0,0,0,0,0,0,0,0,0,0,0,0,,,0,0,0,0,0,0,0,0,0,0,0,0,0
"2026/02/10","2026/02/13","9987","スズケン","名証",,"確報",0,0,0,0,0,0,0,0,0,0,0,0,0,0,,,0,0,0,0,0,0,0,0,0,0,0,0,0
"2026/02/10","2026/02/13","1319","ＮＦ日経３００","福証",,"確報",0,0,0,0,0,0,0,0,0,0,0,0,0,0,,,0,0,0,0,0,0,0,0,0,0,0,0,0
"2026/02/10","2026/02/13","1401","エムビーエス","福証",,"確報",0,0,0,0,0,0,0,0,0,0,0,0,0,0,,,0,0,0,0,0,0,0,0,0,0,0,0,0
"2026/02/10","2026/02/13","1419","タマホーム","福証",,"確報",0,0,0,0,0,0,0,0,0,0,0,0,0,0,,,0,0,0,0,0,0,0,0,0,0,0,0,0
"2026/02/10","2026/02/13","1431","Ｌｉｂ　Ｗｏｒｋ","福証",,"確報",0,0,0,0,0,0,0,0,0,0,0,0,0,0,,,0,0,0,0,0,0,0,0,0,0,0,0,0
"2026/02/10","2026/02/13","1518","三井松島ＨＤ","福証",,"確報",0,0,0,0,0,0,0,0,0,0,0,0,0,0,,,0,0,0,0,0,0,0,0,0,0,0,0,0
"2026/02/10","2026/02/13","1771","日本乾溜工業","福証",,"確報",0,0,500,0,0,0,500,0,0,471000,0,0,0,471000,,,0,0,1000,0,0,0,0,0,0,0,0,0,0
"2026/02/10","2026/02/13","1848","富士ピー・エス","福証",,"確報",0,0,0,0,0,0,0,0,0,0,0,0,0,0,,,0,0,0,0,0,0,0,0,0,0,0,0,0
"2026/02/10","2026/02/13","1959","クラフティア","福証",,"確報",0,0,0,0,0,0,0,0,0,0,0,0,0,0,,,0,0,0,0,0,0,0,0,0,0,0,0,0
"2026/02/10","2026/02/13","1966","高田工業所","福証",,"確報",0,0,0,0,0,0,0,0,0,0,0,0,0,0,,,0,0,0,0,0,0,0,0,0,0,0,0,0
"2026/02/10","2026/02/13","1999","サイタＨＤ","福証",,"確報",0,0,100,0,0,0,100,0,0,418500,0,0,0,418500,,,0,0,5000,0,0,0,0,0,0,0,0,0,0
"2026/02/10","2026/02/13","2009","鳥越製粉","福証",,"確報",0,0,0,0,0,0,0,0,0,0,0,0,0,0,,,0,0,0,0,0,0,0,0,0,0,0,0,0
"2026/02/10","2026/02/13","2058","ヒガシマル","福証",,"確報",0,0,0,0,0,0,0,0,0,0,0,0,0,0,,,0,0,0,0,0,0,0,0,0,0,0,0,0
"2026/02/10","2026/02/13","231A","Ｃｒｏｓｓ　Ｅ","福証",,"確報",0,0,4100,0,0,0,4100,0,0,4797000,0,0,0,4797000,,,0,0,41000,0,0,0,410,205,0,410,0,0,0
"2026/02/10","2026/02/13","2327","日鉄ソリューションズ","福証",,"確報",0,0,0,0,0,0,0,0,0,0,0,0,0,0,,,0,0,0,0,0,0,0,0,0,0,0,0,0
"2026/02/10","2026/02/13","242A","リプライオリティ","福証",,"確報",0,0,2600,0,0,0,2600,0,0,3699800,0,0,0,3699800,,,0,0,7800,0,0,0,87.3,0,43.7,87.3,0,0,0
"2026/02/10","2026/02/13","272A","グリーンクロスＨＤ","福証",,"確報",0,0,0,0,0,0,0,0,0,0,0,0,0,0,,,0,0,0,0,0,0,0,0,0,0,0,0,0
"2026/02/10","2026/02/13","280A","ＴＭＨ","福証",,"確報",0,0,0,0,0,0,0,0,0,0,0,0,0,0,,,0,0,0,0,0,0,0,0,0,0,0,0,0
"2026/02/10","2026/02/13","2919","マルタイ","福証",,"確報",0,0,0,0,0,0,0,0,0,0,0,0,0,0,,,0,0,0,0,0,0,0,0,0,0,0,0,0
"2026/02/10","2026/02/13","2924","イフジ産業","福証",,"確報",0,0,0,0,0,0,0,0,0,0,0,0,0,0,,,0,0,0,0,0,0,0,0,0,0,0,0,0
"2026/02/10","2026/02/13","2974","大英産業","福証",,"確報",0,0,900,0,0,0,900,0,0,840600,0,0,0,840600,,,0,0,3600,0,0,0,0,0,0,0,0,0,0
"2026/02/10","2026/02/13","2986","ＬＡホールディングス","福証",,"確報",0,0,0,0,0,0,0,0,0,0,0,0,0,0,,,0,0,0,0,0,0,0,0,0,0,0,0,0
"2026/02/10","2026/02/13","3047","ＴＲＵＣＫ－ＯＮＥ","福証",,"確報",0,100,1800,0,0,0,1800,0,62000,1116000,0,0,0,1116000,,,0,0,0,9500,0,0,22.9,13.3,80,22.9,0,0,0
"2026/02/10","2026/02/13","3166","ＯＣＨＩＨＤ","福証",,"確報",0,0,0,0,0,0,0,0,0,0,0,0,0,0,,,0,0,0,0,0,0,0,0,0,0,0,0,0
"2026/02/10","2026/02/13","3246","コーセーアールイー","福証",,"確報",0,0,0,0,0,0,0,0,0,0,0,0,0,0,,,0,0,0,0,0,0,0,0,0,0,0,0,0
"2026/02/10","2026/02/13","3261","グランディーズ","福証",,"確報",0,0,0,0,0,0,0,0,0,0,0,0,0,0,,,0,0,0,0,0,0,0,0,0,0,0,0,0
"2026/02/10","2026/02/13","3280","エストラスト","福証",,"確報",0,0,0,0,0,0,0,0,0,0,0,0,0,0,,,0,0,0,0,0,0,0,0,0,0,0,0,0
"2026/02/10","2026/02/13","3286","トラストホールディン","福証",,"確報",0,0,0,0,0,0,0,0,0,0,0,0,0,0,,,0,0,0,0,0,0,0,0,0,0,0,0,0
"2026/02/10","2026/02/13","3297","東武住販","福証",,"確報",0,0,0,0,0,0,0,0,0,0,0,0,0,0,,,0,0,0,0,0,0,0,0,0,0,0,0,0
"2026/02/10","2026/02/13","3359","ｃｏｔｔａ","福証",,"確報",0,0,0,0,0,0,0,0,0,0,0,0,0,0,,,0,0,0,0,0,0,0,0,0,0,0,0,0
"2026/02/10","2026/02/13","3440","日創グループ","福証",,"確報",0,0,0,0,0,0,0,0,0,0,0,0,0,0,,,0,0,0,0,0,0,0,0,0,0,0,0,0
"2026/02/10","2026/02/13","3475","グッドコムアセット","福証",,"確報",0,0,0,0,0,0,0,0,0,0,0,0,0,0,,,0,0,0,0,0,0,0,0,0,0,0,0,0
"2026/02/10","2026/02/13","3494","マリオン","福証",,"確報",0,0,0,0,0,0,0,0,0,0,0,0,0,0,,,0,0,0,0,0,0,0,0,0,0,0,0,0
"2026/02/10","2026/02/13","3824","メディアファイブ","福証",,"確報",0,0,200,0,0,0,200,0,0,129200,0,0,0,129200,,,0,0,2200,0,0,0,0,0,0,0,0,0,0
"2026/02/10","2026/02/13","3943","大石産業","福証",,"確報",0,0,0,0,0,0,0,0,0,0,0,0,0,0,,,0,0,0,0,0,0,0,0,0,0,0,0,0
"2026/02/10","2026/02/13","4018","ジオロケ","福証",,"確報",0,0,200,0,0,0,200,0,0,219000,0,0,0,219000,,,0,0,400,0,0,0,8,4,0,8,0,0,0
"2026/02/10","2026/02/13","4250","フロンティア","福証",,"確報",0,0,0,0,0,0,0,0,0,0,0,0,0,0,,,0,0,0,0,0,0,0,0,0,0,0,0,0
"2026/02/10","2026/02/13","4392","ＦＩＧ","福証",,"確報",0,0,0,0,0,0,0,0,0,0,0,0,0,0,,,0,0,0,0,0,0,0,0,0,0,0,0,0
"2026/02/10","2026/02/13","4447","ピー・ビーシステムズ","福証",,"確報",0,0,0,0,0,0,0,0,0,0,0,0,0,0,,,0,0,0,0,0,0,0,0,0,0,0,0,0
"2026/02/10","2026/02/13","4502","武田薬品工業","福証",,"確報",0,0,0,0,0,0,0,0,0,0,0,0,0,0,,,0,0,0,0,0,0,0,0,0,0,0,0,0
"2026/02/10","2026/02/13","4530","久光製薬","福証",,"確報",0,0,0,0,0,0,0,0,0,0,0,0,0,0,,,0,0,0,0,0,0,0,0,0,0,0,0,0
"2026/02/10","2026/02/13","4651","サニックスＨＤ","福証",,"確報",0,0,0,0,0,0,0,0,0,0,0,0,0,0,,,0,0,0,0,0,0,0,0,0,0,0,0,0
"2026/02/10","2026/02/13","4827","ビジネス・ワンＨＤ","福証",,"確報",0,0,1700,0,0,0,1700,0,0,1586100,0,0,0,1586100,,,0,0,30600,0,0,0,0,0,0,0,0,0,0
"2026/02/10","2026/02/13","4892","サイフューズ","福証",,"確報",0,0,0,0,0,0,0,0,0,0,0,0,0,0,,,0,0,0,0,0,0,0,0,0,0,0,0,0
"2026/02/10","2026/02/13","4995","サンケイ化学","福証",,"確報",0,0,4300,0,0,0,4300,0,0,7396000,0,0,0,7396000,,,0,0,86000,0,0,0,147.3,0,73.7,147.3,0,0,0
"2026/02/10","2026/02/13","5108","ブリヂストン","福証",,"確報",0,0,0,0,0,0,0,0,0,0,0,0,0,0,,,0,0,0,0,0,0,0,0,0,0,0,0,0
"2026/02/10","2026/02/13","5233","太平洋セメント","福証",,"確報",0,0,0,0,0,0,0,0,0,0,0,0,0,0,,,0,0,0,0,0,0,0,0,0,0,0,0,0
"2026/02/10","2026/02/13","5256","Ｆｕｓｉｃ","福証",,"確報",0,0,0,0,0,0,0,0,0,0,0,0,0,0,,,0,0,0,0,0,0,0,0,0,0,0,0,0
"2026/02/10","2026/02/13","5332","ＴＯＴＯ","福証",,"確報",0,0,0,0,0,0,0,0,0,0,0,0,0,0,,,0,0,0,0,0,0,0,0,0,0,0,0,0
"2026/02/10","2026/02/13","5352","黒崎播磨","福証",,"確報",0,0,0,0,0,0,0,0,0,0,0,0,0,0,,,0,0,0,0,0,0,0,0,0,0,0,0,0
"2026/02/10","2026/02/13","5401","日本製鉄","福証",,"確報",0,0,0,0,0,0,0,0,0,0,0,0,0,0,,,0,0,0,0,0,0,0,0,0,0,0,0,0
"2026/02/10","2026/02/13","5449","大阪製鐵","福証",,"確報",0,0,0,0,0,0,0,0,0,0,0,0,0,0,,,0,0,0,0,0,0,0,0,0,0,0,0,0
"2026/02/10","2026/02/13","5802","住友電気工業","福証",,"確報",0,0,0,0,0,0,0,0,0,0,0,0,0,0,,,0,0,0,0,0,0,0,0,0,0,0,0,0
"2026/02/10","2026/02/13","5953","昭和鉄工","福証",,"確報",0,0,3600,0,0,0,3600,0,0,20880000,0,0,0,20880000,,,0,0,360000,0,0,0,362,0,181,362,0,0,0
"2026/02/10","2026/02/13","6076","アメイズ","福証",,"確報",0,0,16600,0,0,0,16600,0,0,20866200,0,0,0,20866200,,,0,0,49800,0,0,0,1666,0,833,1666,0,0,0
"2026/02/10","2026/02/13","6144","西部電機","福証",,"確報",0,0,0,0,0,0,0,0,0,0,0,0,0,0,,,0,0,0,0,0,0,0,0,0,0,0,0,0
"2026/02/10","2026/02/13","6147","ヤマザキ","福証",,"確報",0,0,0,0,0,0,0,0,0,0,0,0,0,0,,,0,0,0,0,0,0,0,0,0,0,0,0,0
"2026/02/10","2026/02/13","6195","ホープ","福証",,"確報",0,0,0,0,0,0,0,0,0,0,0,0,0,0,,,0,0,0,0,0,0,0,0,0,0,0,0,0
"2026/02/10","2026/02/13","6504","富士電機","福証",,"確報",0,0,0,0,0,0,0,0,0,0,0,0,0,0,,,0,0,0,0,0,0,0,0,0,0,0,0,0
"2026/02/10","2026/02/13","6506","安川電機","福証",,"確報",0,0,0,0,0,0,0,0,0,0,0,0,0,0,,,0,0,0,0,0,0,0,0,0,0,0,0,0
"2026/02/10","2026/02/13","6537","ＷＡＳＨハウス","福証",,"確報",0,0,0,0,0,0,0,0,0,0,0,0,0,0,,,0,0,0,0,0,0,0,0,0,0,0,0,0
"2026/02/10","2026/02/13","6622","ダイヘン","福証",,"確報",0,0,0,0,0,0,0,0,0,0,0,0,0,0,,,0,0,0,0,0,0,0,0,0,0,0,0,0
"2026/02/10","2026/02/13","6653","正興電機製作所","福証",,"確報",0,0,0,0,0,0,0,0,0,0,0,0,0,0,,,0,0,0,0,0,0,0,0,0,0,0,0,0
"2026/02/10","2026/02/13","6966","三井ハイテック","福証",,"確報",0,0,0,0,0,0,0,0,0,0,0,0,0,0,,,0,0,0,0,0,0,0,0,0,0,0,0,0
"2026/02/10","2026/02/13","6982","リード","福証",,"確報",0,0,0,0,0,0,0,0,0,0,0,0,0,0,,,0,0,0,0,0,0,0,0,0,0,0,0,0
"2026/02/10","2026/02/13","6998","日本タングステン","福証",,"確報",0,0,0,0,0,0,0,0,0,0,0,0,0,0,,,0,0,0,0,0,0,0,0,0,0,0,0,0
"2026/02/10","2026/02/13","7011","三菱重工業","福証",,"確報",0,0,0,0,0,0,0,0,0,0,0,0,0,0,,,0,0,0,0,0,0,0,0,0,0,0,0,0
"2026/02/10","2026/02/13","7037","テノ．","福証",,"確報",0,0,0,0,0,0,0,0,0,0,0,0,0,0,,,0,0,0,0,0,0,0,0,0,0,0,0,0
"2026/02/10","2026/02/13","7042","アクセスグループ","福証",,"確報",0,0,0,0,0,0,0,0,0,0,0,0,0,0,,,0,0,0,0,0,0,0,0,0,0,0,0,0
"2026/02/10","2026/02/13","7047","ポート","福証",,"確報",0,0,0,0,0,0,0,0,0,0,0,0,0,0,,,0,0,0,0,0,0,0,0,0,0,0,0,0
"2026/02/10","2026/02/13","7130","ヤマエグループＨＤ","福証",,"確報",0,0,0,0,0,0,0,0,0,0,0,0,0,0,,,0,0,0,0,0,0,0,0,0,0,0,0,0
"2026/02/10","2026/02/13","7180","九州ＦＧ","福証",,"確報",0,0,0,0,0,0,0,0,0,0,0,0,0,0,,,0,0,0,0,0,0,0,0,0,0,0,0,0
"2026/02/10","2026/02/13","7189","西日本ＦＨＤ","福証",,"確報",0,0,0,0,0,0,0,0,0,0,0,0,0,0,,,0,0,0,0,0,0,0,0,0,0,0,0,0
"2026/02/10","2026/02/13","7350","おきなわＦＧ","福証",,"確報",0,0,0,0,0,0,0,0,0,0,0,0,0,0,,,0,0,0,0,0,0,0,0,0,0,0,0,0
"2026/02/10","2026/02/13","7414","小野建","福証",,"確報",0,0,0,0,0,0,0,0,0,0,0,0,0,0,,,0,0,0,0,0,0,0,0,0,0,0,0,0
"2026/02/10","2026/02/13","7417","南陽","福証",,"確報",0,0,0,0,0,0,0,0,0,0,0,0,0,0,,,0,0,0,0,0,0,0,0,0,0,0,0,0
"2026/02/10","2026/02/13","7441","Ｍｉｓｕｍｉ","福証",,"確報",0,0,0,0,0,0,0,0,0,0,0,0,0,0,,,0,0,0,0,0,0,0,0,0,0,0,0,0
"2026/02/10","2026/02/13","7525","リックス","福証",,"確報",0,0,0,0,0,0,0,0,0,0,0,0,0,0,,,0,0,0,0,0,0,0,0,0,0,0,0,0
"2026/02/10","2026/02/13","7751","キヤノン","福証",,"確報",0,0,0,0,0,0,0,0,0,0,0,0,0,0,,,0,0,0,0,0,0,0,0,0,0,0,0,0
"2026/02/10","2026/02/13","7813","プラッツ","福証",,"確報",0,0,0,0,0,0,0,0,0,0,0,0,0,0,,,0,0,0,0,0,0,0,0,0,0,0,0,0
"2026/02/10","2026/02/13","7851","カワセコンピュ","福証",,"確報",0,0,0,0,0,0,0,0,0,0,0,0,0,0,,,0,0,0,0,0,0,0,0,0,0,0,0,0
"2026/02/10","2026/02/13","7894","丸東産業","福証",,"確報",0,0,0,0,0,0,0,0,0,0,0,0,0,0,,,0,0,0,0,0,0,0,0,0,0,0,0,0
"2026/02/10","2026/02/13","7957","フジコピアン","福証",,"確報",0,0,0,0,0,0,0,0,0,0,0,0,0,0,,,0,0,0,0,0,0,0,0,0,0,0,0,0
"2026/02/10","2026/02/13","7985","ネポン","福証",,"確報",0,0,0,0,0,0,0,0,0,0,0,0,0,0,,,0,0,0,0,0,0,0,0,0,0,0,0,0
"2026/02/10","2026/02/13","8031","三井物産","福証",,"確報",0,0,0,0,0,0,0,0,0,0,0,0,0,0,,,0,0,0,0,0,0,0,0,0,0,0,0,0
"2026/02/10","2026/02/13","8179","ロイヤルＨＤ","福証",,"確報",0,0,0,0,0,0,0,0,0,0,0,0,0,0,,,0,0,0,0,0,0,0,0,0,0,0,0,0
"2026/02/10","2026/02/13","8200","リンガーハット","福証",,"確報",0,0,0,0,0,0,0,0,0,0,0,0,0,0,,,0,0,0,0,0,0,0,0,0,0,0,0,0
"2026/02/10","2026/02/13","8203","ＭｒＭａｘＨＤ","福証",,"確報",0,0,0,0,0,0,0,0,0,0,0,0,0,0,,,0,0,0,0,0,0,0,0,0,0,0,0,0
"2026/02/10","2026/02/13","8230","はせがわ","福証",,"確報",0,0,0,0,0,0,0,0,0,0,0,0,0,0,,,0,0,0,0,0,0,0,0,0,0,0,0,0
"2026/02/10","2026/02/13","8260","井筒屋","福証",,"確報",0,0,0,0,0,0,0,0,0,0,0,0,0,0,,,0,0,0,0,0,0,0,0,0,0,0,0,0
"2026/02/10","2026/02/13","8354","ふくおかＦＧ","福証",,"確報",0,0,0,0,0,0,0,0,0,0,0,0,0,0,,,0,0,0,0,0,0,0,0,0,0,0,0,0
"2026/02/10","2026/02/13","8392","大分銀行","福証",,"確報",0,0,0,0,0,0,0,0,0,0,0,0,0,0,,,0,0,0,0,0,0,0,0,0,0,0,0,0
"2026/02/10","2026/02/13","8393","宮崎銀行","福証",,"確報",0,0,0,0,0,0,0,0,0,0,0,0,0,0,,,0,0,0,0,0,0,0,0,0,0,0,0,0
"2026/02/10","2026/02/13","8395","佐賀銀行","福証",,"確報",0,0,0,0,0,0,0,0,0,0,0,0,0,0,,,0,0,0,0,0,0,0,0,0,0,0,0,0
"2026/02/10","2026/02/13","8398","筑邦銀行","福証",,"確報",0,0,600,0,0,0,600,0,0,1173600,0,0,0,1173600,,,0,0,16800,0,0,0,31,31,31,31,0,0,0
"2026/02/10","2026/02/13","8399","琉球銀行","福証",,"確報",0,0,0,0,0,0,0,0,0,0,0,0,0,0,,,0,0,0,0,0,0,0,0,0,0,0,0,0
"2026/02/10","2026/02/13","8554","南日本銀行","福証",,"確報",300,0,11300,0,0,0,11300,395100,0,14882100,0,0,0,14882100,,,0,0,132000,0,0,0,20.9,30.8,15.9,20.9,0,0,0
"2026/02/10","2026/02/13","8559","豊和銀行","福証",,"確報",0,400,0,0,0,0,0,0,208000,0,0,0,0,0,,,0,0,0,8000,0,0,1,1,1,1,0,0,0
"2026/02/10","2026/02/13","8560","宮崎太陽銀行","福証",,"確報",0,0,0,0,0,0,0,0,0,0,0,0,0,0,,,0,0,0,0,0,0,0,0,0,0,0,0,0
"2026/02/10","2026/02/13","8596","九州リースサービス","福証",,"確報",0,0,0,0,0,0,0,0,0,0,0,0,0,0,,,0,0,0,0,0,0,0,0,0,0,0,0,0
"2026/02/10","2026/02/13","8798","アドバンスクリエイト","福証",,"確報",0,0,0,0,0,0,0,0,0,0,0,0,0,0,,,0,0,0,0,0,0,0,0,0,0,0,0,0
"2026/02/10","2026/02/13","8803","平和不動産","福証",,"確報",0,0,0,0,0,0,0,0,0,0,0,0,0,0,,,0,0,0,0,0,0,0,0,0,0,0,0,0
"2026/02/10","2026/02/13","8968","Ｒ－福岡","福証",,"確報",0,0,0,0,0,0,0,0,0,0,0,0,0,0,,,0,0,0,0,0,0,0,0,0,0,0,0,0
"2026/02/10","2026/02/13","8996","ハウスフリーダム","福証",,"確報",0,0,0,0,0,0,0,0,0,0,0,0,0,0,,,0,0,0,0,0,0,0,0,0,0,0,0,0
"2026/02/10","2026/02/13","9031","西日本鉄道","福証",,"確報",0,0,0,0,0,0,0,0,0,0,0,0,0,0,,,0,0,0,0,0,0,0,0,0,0,0,0,0
"2026/02/10","2026/02/13","9035","第一交通産業","福証",,"確報",0,0,2700,0,0,0,2700,0,0,2022300,0,0,0,2022300,,,0,0,0,0,0,0,0,0,0,0,0,0,0
"2026/02/10","2026/02/13","9065","山九","福証",,"確報",0,0,0,0,0,0,0,0,0,0,0,0,0,0,,,0,0,0,0,0,0,0,0,0,0,0,0,0
"2026/02/10","2026/02/13","9142","九州旅客鉄道","福証",,"確報",0,0,0,0,0,0,0,0,0,0,0,0,0,0,,,0,0,0,0,0,0,0,0,0,0,0,0,0
"2026/02/10","2026/02/13","9242","メディア総研","福証",,"確報",0,0,0,0,0,0,0,0,0,0,0,0,0,0,,,0,0,0,0,0,0,0,0,0,0,0,0,0
"2026/02/10","2026/02/13","9407","ＲＫＢ毎日ＨＤ","福証",,"確報",0,0,400,0,0,0,400,0,0,2216000,0,0,0,2216000,,,0,0,0,0,0,0,0,0,0,0,0,0,0
"2026/02/10","2026/02/13","9474","ゼンリン","福証",,"確報",0,0,0,0,0,0,0,0,0,0,0,0,0,0,,,0,0,0,0,0,0,0,0,0,0,0,0,0
"2026/02/10","2026/02/13","9508","九州電力","福証",,"確報",0,0,0,0,0,0,0,0,0,0,0,0,0,0,,,0,0,0,0,0,0,0,0,0,0,0,0,0
"2026/02/10","2026/02/13","9511","沖縄電力","福証",,"確報",0,0,0,0,0,0,0,0,0,0,0,0,0,0,,,0,0,0,0,0,0,0,0,0,0,0,0,0
"2026/02/10","2026/02/13","9536","西部ガスＨＤ","福証",,"確報",0,0,0,0,0,0,0,0,0,0,0,0,0,0,,,0,0,0,0,0,0,0,0,0,0,0,0,0
"2026/02/10","2026/02/13","9601","松竹","福証",,"確報",0,0,0,0,0,0,0,0,0,0,0,0,0,0,,,0,0,0,0,0,0,0,0,0,0,0,0,0
"2026/02/10","2026/02/13","9602","東宝","福証",,"確報",0,0,0,0,0,0,0,0,0,0,0,0,0,0,,,0,0,0,0,0,0,0,0,0,0,0,0,0
"2026/02/10","2026/02/13","9635","武蔵野興業","福証",,"確報",0,0,0,0,0,0,0,0,0,0,0,0,0,0,,,0,0,0,0,0,0,0,0,0,0,0,0,0
"2026/02/10","2026/02/13","9656","グリーンランドリゾー","福証",,"確報",0,0,0,0,0,0,0,0,0,0,0,0,0,0,,,0,0,0,0,0,0,0,0,0,0,0,0,0
"2026/02/10","2026/02/13","9942","ジョイフル","福証",,"確報",100,0,2200,0,0,0,2200,122200,0,2688400,0,0,0,2688400,,,0,0,0,2100,0,0,39.2,24.5,98,39.2,0,0,0
"2026/02/10","2026/02/13","1319","ＮＦ日経３００","札証",,"確報",0,0,0,0,0,0,0,0,0,0,0,0,0,0,,,0,0,0,0,0,0,0,0,0,0,0,0,0
"2026/02/10","2026/02/13","1449","ＦＵＪＩジャパン","札証",,"確報",0,0,100,0,0,0,100,0,0,25500,0,0,0,25500,,,0,0,0,200,0,0,5,0,2.5,5,0,0,0
"2026/02/10","2026/02/13","1832","北海電工","札証",,"確報",0,0,3300,0,0,0,3300,0,0,3989700,0,0,0,3989700,,,0,0,29700,0,0,0,3.2,84,1.6,3.2,0,0,0
"2026/02/10","2026/02/13","1840","土屋ホールディングス","札証",,"確報",0,0,0,0,0,0,0,0,0,0,0,0,0,0,,,0,0,0,0,0,0,0,0,0,0,0,0,0
"2026/02/10","2026/02/13","1885","東亜建設工業","札証",,"確報",0,0,0,0,0,0,0,0,0,0,0,0,0,0,,,0,0,0,0,0,0,0,0,0,0,0,0,0
"2026/02/10","2026/02/13","1921","巴コーポレーション","札証",,"確報",0,0,0,0,0,0,0,0,0,0,0,0,0,0,,,0,0,0,0,0,0,0,0,0,0,0,0,0
"2026/02/10","2026/02/13","2137","光ハイツ・ヴェラス","札証",,"確報",0,0,200,0,0,0,200,0,0,138600,0,0,0,138600,,,0,0,0,0,0,0,0,0,0,0,0,0,0
"2026/02/10","2026/02/13","2172","インサイト","札証",,"確報",0,0,300,0,0,0,300,0,0,127800,0,0,0,127800,,,0,0,0,1200,0,0,0,0,0,0,0,0,0
"2026/02/10","2026/02/13","2218","日糧製パン","札証",,"確報",0,0,0,0,0,0,0,0,0,0,0,0,0,0,,,0,0,0,0,0,0,0,0,0,0,0,0,0
"2026/02/10","2026/02/13","2270","雪印メグミルク","札証",,"確報",0,0,0,0,0,0,0,0,0,0,0,0,0,0,,,0,0,0,0,0,0,0,0,0,0,0,0,0
"2026/02/10","2026/02/13","2428","ウェルネット","札証",,"確報",0,0,0,0,0,0,0,0,0,0,0,0,0,0,,,0,0,0,0,0,0,0,0,0,0,0,0,0
"2026/02/10","2026/02/13","2501","サッポロＨＤ","札証",,"確報",0,0,0,0,0,0,0,0,0,0,0,0,0,0,,,0,0,0,0,0,0,0,0,0,0,0,0,0
"2026/02/10","2026/02/13","2573","北海道コカ・コーラ","札証",,"確報",0,0,0,0,0,0,0,0,0,0,0,0,0,0,,,0,0,0,0,0,0,0,0,0,0,0,0,0
"2026/02/10","2026/02/13","2747","北雄ラッキー","札証",,"確報",0,0,0,0,0,0,0,0,0,0,0,0,0,0,,,0,0,0,0,0,0,0,0,0,0,0,0,0
"2026/02/10","2026/02/13","2813","和弘食品","札証",,"確報",0,0,0,0,0,0,0,0,0,0,0,0,0,0,,,0,0,0,0,0,0,0,0,0,0,0,0,0
"2026/02/10","2026/02/13","2928","ＲＩＺＡＰグループ","札証",,"確報",0,400,209500,0,0,0,209500,0,82800,43366500,0,0,0,43366500,,,0,0,419800,0,0,0,235.8,185.2,324.2,235.8,0,0,0
"2026/02/10","2026/02/13","2930","北の達人コーポ","札証",,"確報",0,0,0,0,0,0,0,0,0,0,0,0,0,0,,,0,0,0,0,0,0,0,0,0,0,0,0,0
"2026/02/10","2026/02/13","2976","日本グランデ","札証",,"確報",0,0,0,0,0,0,0,0,0,0,0,0,0,0,,,0,0,0,0,0,0,3,0,1.5,3,0,0,0
"2026/02/10","2026/02/13","2986","ＬＡホールディングス","札証",,"確報",0,0,0,0,0,0,0,0,0,0,0,0,0,0,,,0,0,0,0,0,0,0,0,0,0,0,0,0
"2026/02/10","2026/02/13","3055","ほくやく・竹山ＨＤ","札証",,"確報",0,0,1900,0,0,0,1900,0,0,1748000,0,0,0,1748000,,,0,0,38000,0,0,0,23.4,11.7,0,23.4,0,0,0
"2026/02/10","2026/02/13","3544","サツドラＨＤ","札証",,"確報",0,0,0,0,0,0,0,0,0,0,0,0,0,0,,,0,0,0,0,0,0,0,0,0,0,0,0,0
"2026/02/10","2026/02/13","3802","エコミック","札証",,"確報",0,0,0,0,0,0,0,0,0,0,0,0,0,0,,,0,0,0,0,0,0,0,0,0,0,0,0,0
"2026/02/10","2026/02/13","3849","日本テクノ・ラボ","札証",,"確報",0,0,600,0,0,0,600,0,0,333600,0,0,0,333600,,,0,0,2400,0,0,0,30,15,0,30,0,0,0
"2026/02/10","2026/02/13","3946","トーモク","札証",,"確報",0,0,0,0,0,0,0,0,0,0,0,0,0,0,,,0,0,0,0,0,0,0,0,0,0,0,0,0
"2026/02/10","2026/02/13","3977","フュージョン","札証",,"確報",0,0,200,0,0,0,200,0,0,114200,0,0,0,114200,,,0,0,0,1800,0,0,0,0,0,0,0,0,0
"2026/02/10","2026/02/13","3987","エコモット","札証",,"確報",0,0,0,0,0,0,0,0,0,0,0,0,0,0,,,0,0,0,0,0,0,0,0,0,0,0,0,0
"2026/02/10","2026/02/13","4088","エア・ウォーター","札証",,"確報",0,0,0,0,0,0,0,0,0,0,0,0,0,0,,,0,0,0,0,0,0,0,0,0,0,0,0,0
"2026/02/10","2026/02/13","4320","ＣＥホールディングス","札証",,"確報",0,0,0,0,0,0,0,0,0,0,0,0,0,0,,,0,0,0,0,0,0,0,0,0,0,0,0,0
"2026/02/10","2026/02/13","4502","武田薬品工業","札証",,"確報",0,0,0,0,0,0,0,0,0,0,0,0,0,0,,,0,0,0,0,0,0,0,0,0,0,0,0,0
"2026/02/10","2026/02/13","4766","ピーエイ","札証",,"確報",0,0,0,0,0,0,0,0,0,0,0,0,0,0,,,0,0,0,0,0,0,0,0,0,0,0,0,0
"2026/02/10","2026/02/13","4834","キャリアバンク","札証",,"確報",0,0,1000,0,0,0,1000,0,0,1195000,0,0,0,1195000,,,0,0,0,3000,0,0,0,0,0,0,0,0,0
"2026/02/10","2026/02/13","5039","キットアライブ","札証",,"確報",0,0,400,0,0,0,400,0,0,588000,0,0,0,588000,,,0,0,0,0,0,0,0,0,0,0,0,0,0
"2026/02/10","2026/02/13","5351","品川リフラ","札証",,"確報",0,0,0,0,0,0,0,0,0,0,0,0,0,0,,,0,0,0,0,0,0,0,0,0,0,0,0,0
"2026/02/10","2026/02/13","5380","新東","札証",,"確報",0,0,0,0,0,0,0,0,0,0,0,0,0,0,,,0,0,0,0,0,0,0,0,0,0,0,0,0
"2026/02/10","2026/02/13","5401","日本製鉄","札証",,"確報",0,0,0,0,0,0,0,0,0,0,0,0,0,0,,,0,0,0,0,0,0,0,0,0,0,0,0,0
"2026/02/10","2026/02/13","5902","ホッカンＨＤ","札証",,"確報",0,0,0,0,0,0,0,0,0,0,0,0,0,0,,,0,0,0,0,0,0,0,0,0,0,0,0,0
"2026/02/10","2026/02/13","6147","ヤマザキ","札証",,"確報",0,0,0,0,0,0,0,0,0,0,0,0,0,0,,,0,0,0,0,0,0,0,0,0,0,0,0,0
"2026/02/10","2026/02/13","6546","フルテック","札証",,"確報",0,0,0,0,0,0,0,0,0,0,0,0,0,0,,,0,0,0,0,0,0,0,0,0,0,0,0,0
"2026/02/10","2026/02/13","7011","三菱重工業","札証",,"確報",0,0,0,0,0,0,0,0,0,0,0,0,0,0,,,0,0,0,0,0,0,0,0,0,0,0,0,0
"2026/02/10","2026/02/13","7512","イオン北海道","札証",,"確報",0,0,0,0,0,0,0,0,0,0,0,0,0,0,,,0,0,0,0,0,0,0,0,0,0,0,0,0
"2026/02/10","2026/02/13","7531","清和中央ＨＤ","札証",,"確報",0,0,0,0,0,0,0,0,0,0,0,0,0,0,,,0,0,0,0,0,0,0,0,0,0,0,0,0
"2026/02/10","2026/02/13","7643","ダイイチ","札証",,"確報",0,0,0,0,0,0,0,0,0,0,0,0,0,0,,,0,0,0,0,0,0,0,0,0,0,0,0,0
"2026/02/10","2026/02/13","7751","キヤノン","札証",,"確報",0,0,0,0,0,0,0,0,0,0,0,0,0,0,,,0,0,0,0,0,0,0,0,0,0,0,0,0
"2026/02/10","2026/02/13","8031","三井物産","札証",,"確報",0,0,0,0,0,0,0,0,0,0,0,0,0,0,,,0,0,0,0,0,0,0,0,0,0,0,0,0
"2026/02/10","2026/02/13","8085","ナラサキ産業","札証",,"確報",0,0,0,0,0,0,0,0,0,0,0,0,0,0,,,0,0,0,0,0,0,0,0,0,0,0,0,0
"2026/02/10","2026/02/13","8104","クワザワＨＤ","札証",,"確報",0,0,0,0,0,0,0,0,0,0,0,0,0,0,,,0,0,0,0,0,0,0,0,0,0,0,0,0
"2026/02/10","2026/02/13","8341","七十七銀行","札証",,"確報",0,0,0,0,0,0,0,0,0,0,0,0,0,0,,,0,0,0,0,0,0,0,0,0,0,0,0,0
"2026/02/10","2026/02/13","8377","ほくほくＦＧ","札証",,"確報",0,0,0,0,0,0,0,0,0,0,0,0,0,0,,,0,0,0,0,0,0,0,0,0,0,0,0,0
"2026/02/10","2026/02/13","8524","北洋銀行","札証",,"確報",0,0,0,0,0,0,0,0,0,0,0,0,0,0,,,0,0,0,0,0,0,0,0,0,0,0,0,0
"2026/02/10","2026/02/13","8594","中道リース","札証",,"確報",0,0,0,0,0,0,0,0,0,0,0,0,0,0,,,0,0,0,0,0,0,0,0,0,0,0,0,0
"2026/02/10","2026/02/13","8798","アドバンスクリエイト","札証",,"確報",0,0,0,0,0,0,0,0,0,0,0,0,0,0,,,0,0,0,0,0,0,0,0,0,0,0,0,0
"2026/02/10","2026/02/13","8803","平和不動産","札証",,"確報",0,0,0,0,0,0,0,0,0,0,0,0,0,0,,,0,0,0,0,0,0,0,0,0,0,0,0,0
"2026/02/10","2026/02/13","9027","ロジネット　ジャパン","札証",,"確報",0,0,200,0,0,0,200,0,0,811000,0,0,0,811000,,,0,0,8000,0,0,0,0,0,0,0,0,0,0
"2026/02/10","2026/02/13","9085","北海道中央バス","札証",,"確報",0,0,400,0,0,0,400,0,0,2560000,0,0,0,2560000,,,0,0,40000,0,0,0,0,0,0,0,0,0,0
"2026/02/10","2026/02/13","9450","ファイバーゲート","札証",,"確報",0,0,0,0,0,0,0,0,0,0,0,0,0,0,,,0,0,0,0,0,0,0,0,0,0,0,0,0
"2026/02/10","2026/02/13","9509","北海道電力","札証",,"確報",0,0,0,0,0,0,0,0,0,0,0,0,0,0,,,0,0,0,0,0,0,0,0,0,0,0,0,0
"2026/02/10","2026/02/13","9534","北海道瓦斯","札証",,"確報",0,0,0,0,0,0,0,0,0,0,0,0,0,0,,,0,0,0,0,0,0,0,0,0,0,0,0,0
"2026/02/10","2026/02/13","9601","松竹","札証",,"確報",0,0,0,0,0,0,0,0,0,0,0,0,0,0,,,0,0,0,0,0,0,0,0,0,0,0,0,0
"2026/02/10","2026/02/13","9627","アインＨＤ","札証",,"確報",0,0,0,0,0,0,0,0,0,0,0,0,0,0,,,0,0,0,0,0,0,0,0,0,0,0,0,0
"2026/02/10","2026/02/13","9678","カナモト","札証",,"確報",0,0,0,0,0,0,0,0,0,0,0,0,0,0,,,0,0,0,0,0,0,0,0,0,0,0,0,0
"2026/02/10","2026/02/13","9776","札幌臨床検査センター","札証",,"確報",0,0,0,0,0,0,0,0,0,0,0,0,0,0,,,0,0,0,0,0,0,0,0,0,0,0,0,0
"2026/02/10","2026/02/13","9812","テーオーＨＤ","札証",,"確報",0,0,0,0,0,0,0,0,0,0,0,0,0,0,,,0,0,0,0,0,0,0,0,0,0,0,0,0
"2026/02/10","2026/02/13","9843","ニトリＨＤ","札証",,"確報",0,0,0,0,0,0,0,0,0,0,0,0,0,0,,,0,0,0,0,0,0,0,0,0,0,0,0,0
"2026/02/10","2026/02/13","9948","アークス","札証",,"確報",0,0,0,0,0,0,0,0,0,0,0,0,0,0,,,0,0,0,0,0,0,0,0,0,0,0,0,0
"2026/02/10","2026/02/13","9987","スズケン","札証",,"確報",0,0,0,0,0,0,0,0,0,0,0,0,0,0,,,0,0,0,0,0,0,0,0,0,0,0,0,0
